ACSL1|Artibeus_jamaicensis|XP_036984674	XP_036156688.1	89.779	1379	0.0	XP_036156688.1 long-chain-fatty-acid--CoA ligase 1 isoform X4 [Myotis myotis]
ACSL1|Artibeus_jamaicensis|XP_036984674	XP_036156687.1	89.779	1379	0.0	XP_036156687.1 long-chain-fatty-acid--CoA ligase 1 isoform X4 [Myotis myotis]
ACSL1|Artibeus_jamaicensis|XP_036984674	XP_036156686.1	89.779	1379	0.0	XP_036156686.1 long-chain-fatty-acid--CoA ligase 1 isoform X4 [Myotis myotis]
ACSL1|Artibeus_jamaicensis|XP_036984674	XP_036156685.1	89.779	1379	0.0	XP_036156685.1 long-chain-fatty-acid--CoA ligase 1 isoform X4 [Myotis myotis]
ACSL1|Artibeus_jamaicensis|XP_036984674	XP_036156684.1	89.779	1379	0.0	XP_036156684.1 long-chain-fatty-acid--CoA ligase 1 isoform X4 [Myotis myotis]
ACSL1|Cnephaeus_nilssonii|XP_079634584	XP_036156683.1	97.418	1415	0.0	XP_036156683.1 long-chain-fatty-acid--CoA ligase 1 isoform X3 [Myotis myotis]
ACSL1|Cnephaeus_nilssonii|XP_079634584	XP_036156688.1	93.914	1401	0.0	XP_036156688.1 long-chain-fatty-acid--CoA ligase 1 isoform X4 [Myotis myotis]
ACSL1|Cnephaeus_nilssonii|XP_079634584	XP_036156687.1	93.914	1401	0.0	XP_036156687.1 long-chain-fatty-acid--CoA ligase 1 isoform X4 [Myotis myotis]
ACSL1|Cnephaeus_nilssonii|XP_079634584	XP_036156686.1	93.914	1401	0.0	XP_036156686.1 long-chain-fatty-acid--CoA ligase 1 isoform X4 [Myotis myotis]
ACSL1|Cnephaeus_nilssonii|XP_079634584	XP_036156685.1	93.914	1401	0.0	XP_036156685.1 long-chain-fatty-acid--CoA ligase 1 isoform X4 [Myotis myotis]
ACSL1|Desmodus_rotundus|XP_045053046	XP_036156682.1	92.550	1367	0.0	XP_036156682.1 long-chain-fatty-acid--CoA ligase 1 isoform X2 [Myotis myotis]
ACSL1|Desmodus_rotundus|XP_045053046	XP_036156681.1	92.154	1360	0.0	XP_036156681.1 long-chain-fatty-acid--CoA ligase 1 isoform X1 [Myotis myotis]
ACSL1|Desmodus_rotundus|XP_045053046	XP_036156688.1	89.227	1353	0.0	XP_036156688.1 long-chain-fatty-acid--CoA ligase 1 isoform X4 [Myotis myotis]
ACSL1|Desmodus_rotundus|XP_045053046	XP_036156687.1	89.227	1353	0.0	XP_036156687.1 long-chain-fatty-acid--CoA ligase 1 isoform X4 [Myotis myotis]
ACSL1|Desmodus_rotundus|XP_045053046	XP_036156686.1	89.227	1353	0.0	XP_036156686.1 long-chain-fatty-acid--CoA ligase 1 isoform X4 [Myotis myotis]
ACSL1|Eptesicus_fuscus|XP_054576115	XP_036156688.1	97.234	1466	0.0	XP_036156688.1 long-chain-fatty-acid--CoA ligase 1 isoform X4 [Myotis myotis]
ACSL1|Eptesicus_fuscus|XP_054576115	XP_036156687.1	97.234	1466	0.0	XP_036156687.1 long-chain-fatty-acid--CoA ligase 1 isoform X4 [Myotis myotis]
ACSL1|Eptesicus_fuscus|XP_054576115	XP_036156686.1	97.234	1466	0.0	XP_036156686.1 long-chain-fatty-acid--CoA ligase 1 isoform X4 [Myotis myotis]
ACSL1|Eptesicus_fuscus|XP_054576115	XP_036156685.1	97.234	1466	0.0	XP_036156685.1 long-chain-fatty-acid--CoA ligase 1 isoform X4 [Myotis myotis]
ACSL1|Eptesicus_fuscus|XP_054576115	XP_036156684.1	97.234	1466	0.0	XP_036156684.1 long-chain-fatty-acid--CoA ligase 1 isoform X4 [Myotis myotis]
ACSL1|Miniopterus_natalensis|XP_016066774	XP_036156688.1	93.785	1429	0.0	XP_036156688.1 long-chain-fatty-acid--CoA ligase 1 isoform X4 [Myotis myotis]
ACSL1|Miniopterus_natalensis|XP_016066774	XP_036156687.1	93.785	1429	0.0	XP_036156687.1 long-chain-fatty-acid--CoA ligase 1 isoform X4 [Myotis myotis]
ACSL1|Miniopterus_natalensis|XP_016066774	XP_036156686.1	93.785	1429	0.0	XP_036156686.1 long-chain-fatty-acid--CoA ligase 1 isoform X4 [Myotis myotis]
ACSL1|Miniopterus_natalensis|XP_016066774	XP_036156685.1	93.785	1429	0.0	XP_036156685.1 long-chain-fatty-acid--CoA ligase 1 isoform X4 [Myotis myotis]
ACSL1|Miniopterus_natalensis|XP_016066774	XP_036156684.1	93.785	1429	0.0	XP_036156684.1 long-chain-fatty-acid--CoA ligase 1 isoform X4 [Myotis myotis]
ACSL1|Miniopterus_schreibersii|XP_080980788	XP_036156682.1	94.269	1387	0.0	XP_036156682.1 long-chain-fatty-acid--CoA ligase 1 isoform X2 [Myotis myotis]
ACSL1|Miniopterus_schreibersii|XP_080980788	XP_036156681.1	93.866	1382	0.0	XP_036156681.1 long-chain-fatty-acid--CoA ligase 1 isoform X1 [Myotis myotis]
ACSL1|Miniopterus_schreibersii|XP_080980788	XP_036156688.1	90.884	1373	0.0	XP_036156688.1 long-chain-fatty-acid--CoA ligase 1 isoform X4 [Myotis myotis]
ACSL1|Miniopterus_schreibersii|XP_080980788	XP_036156687.1	90.884	1373	0.0	XP_036156687.1 long-chain-fatty-acid--CoA ligase 1 isoform X4 [Myotis myotis]
ACSL1|Miniopterus_schreibersii|XP_080980788	XP_036156686.1	90.884	1373	0.0	XP_036156686.1 long-chain-fatty-acid--CoA ligase 1 isoform X4 [Myotis myotis]
ACSL1|Molossus_molossus|XP_036105432	XP_036156688.1	92.127	1407	0.0	XP_036156688.1 long-chain-fatty-acid--CoA ligase 1 isoform X4 [Myotis myotis]
ACSL1|Molossus_molossus|XP_036105432	XP_036156687.1	92.127	1407	0.0	XP_036156687.1 long-chain-fatty-acid--CoA ligase 1 isoform X4 [Myotis myotis]
ACSL1|Molossus_molossus|XP_036105432	XP_036156686.1	92.127	1407	0.0	XP_036156686.1 long-chain-fatty-acid--CoA ligase 1 isoform X4 [Myotis myotis]
ACSL1|Molossus_molossus|XP_036105432	XP_036156685.1	92.127	1407	0.0	XP_036156685.1 long-chain-fatty-acid--CoA ligase 1 isoform X4 [Myotis myotis]
ACSL1|Molossus_molossus|XP_036105432	XP_036156684.1	92.127	1407	0.0	XP_036156684.1 long-chain-fatty-acid--CoA ligase 1 isoform X4 [Myotis myotis]
ACSL1|Myotis_brandtii|XP_014386894	XP_036156688.1	99.033	1492	0.0	XP_036156688.1 long-chain-fatty-acid--CoA ligase 1 isoform X4 [Myotis myotis]
ACSL1|Myotis_brandtii|XP_014386894	XP_036156687.1	99.033	1492	0.0	XP_036156687.1 long-chain-fatty-acid--CoA ligase 1 isoform X4 [Myotis myotis]
ACSL1|Myotis_brandtii|XP_014386894	XP_036156686.1	99.033	1492	0.0	XP_036156686.1 long-chain-fatty-acid--CoA ligase 1 isoform X4 [Myotis myotis]
ACSL1|Myotis_brandtii|XP_014386894	XP_036156685.1	99.033	1492	0.0	XP_036156685.1 long-chain-fatty-acid--CoA ligase 1 isoform X4 [Myotis myotis]
ACSL1|Myotis_brandtii|XP_014386894	XP_036156684.1	99.033	1492	0.0	XP_036156684.1 long-chain-fatty-acid--CoA ligase 1 isoform X4 [Myotis myotis]
ACSL1|Myotis_daubentonii|XP_059541670	XP_036156688.1	99.724	1498	0.0	XP_036156688.1 long-chain-fatty-acid--CoA ligase 1 isoform X4 [Myotis myotis]
ACSL1|Myotis_daubentonii|XP_059541670	XP_036156687.1	99.724	1498	0.0	XP_036156687.1 long-chain-fatty-acid--CoA ligase 1 isoform X4 [Myotis myotis]
ACSL1|Myotis_daubentonii|XP_059541670	XP_036156686.1	99.724	1498	0.0	XP_036156686.1 long-chain-fatty-acid--CoA ligase 1 isoform X4 [Myotis myotis]
ACSL1|Myotis_daubentonii|XP_059541670	XP_036156685.1	99.724	1498	0.0	XP_036156685.1 long-chain-fatty-acid--CoA ligase 1 isoform X4 [Myotis myotis]
ACSL1|Myotis_daubentonii|XP_059541670	XP_036156684.1	99.724	1498	0.0	XP_036156684.1 long-chain-fatty-acid--CoA ligase 1 isoform X4 [Myotis myotis]
ACSL1|Myotis_davidii|XP_015425254	XP_036156682.1	95.898	1394	0.0	XP_036156682.1 long-chain-fatty-acid--CoA ligase 1 isoform X2 [Myotis myotis]
ACSL1|Myotis_davidii|XP_015425254	XP_036156681.1	95.493	1390	0.0	XP_036156681.1 long-chain-fatty-acid--CoA ligase 1 isoform X1 [Myotis myotis]
ACSL1|Myotis_davidii|XP_015425254	XP_036156688.1	92.497	1382	0.0	XP_036156688.1 long-chain-fatty-acid--CoA ligase 1 isoform X4 [Myotis myotis]
ACSL1|Myotis_davidii|XP_015425254	XP_036156687.1	92.497	1382	0.0	XP_036156687.1 long-chain-fatty-acid--CoA ligase 1 isoform X4 [Myotis myotis]
ACSL1|Myotis_davidii|XP_015425254	XP_036156686.1	92.497	1382	0.0	XP_036156686.1 long-chain-fatty-acid--CoA ligase 1 isoform X4 [Myotis myotis]
ACSL1|Myotis_lucifugus|XP_023612955	XP_036156688.1	99.586	1497	0.0	XP_036156688.1 long-chain-fatty-acid--CoA ligase 1 isoform X4 [Myotis myotis]
ACSL1|Myotis_lucifugus|XP_023612955	XP_036156687.1	99.586	1497	0.0	XP_036156687.1 long-chain-fatty-acid--CoA ligase 1 isoform X4 [Myotis myotis]
ACSL1|Myotis_lucifugus|XP_023612955	XP_036156686.1	99.586	1497	0.0	XP_036156686.1 long-chain-fatty-acid--CoA ligase 1 isoform X4 [Myotis myotis]
ACSL1|Myotis_lucifugus|XP_023612955	XP_036156685.1	99.586	1497	0.0	XP_036156685.1 long-chain-fatty-acid--CoA ligase 1 isoform X4 [Myotis myotis]
ACSL1|Myotis_lucifugus|XP_023612955	XP_036156684.1	99.586	1497	0.0	XP_036156684.1 long-chain-fatty-acid--CoA ligase 1 isoform X4 [Myotis myotis]
ACSL1|Myotis_myotis|XP_036156688	XP_036156688.1	100.000	1500	0.0	XP_036156688.1 long-chain-fatty-acid--CoA ligase 1 isoform X4 [Myotis myotis]
ACSL1|Myotis_myotis|XP_036156688	XP_036156687.1	100.000	1500	0.0	XP_036156687.1 long-chain-fatty-acid--CoA ligase 1 isoform X4 [Myotis myotis]
ACSL1|Myotis_myotis|XP_036156688	XP_036156686.1	100.000	1500	0.0	XP_036156686.1 long-chain-fatty-acid--CoA ligase 1 isoform X4 [Myotis myotis]
ACSL1|Myotis_myotis|XP_036156688	XP_036156685.1	100.000	1500	0.0	XP_036156685.1 long-chain-fatty-acid--CoA ligase 1 isoform X4 [Myotis myotis]
ACSL1|Myotis_myotis|XP_036156688	XP_036156684.1	100.000	1500	0.0	XP_036156684.1 long-chain-fatty-acid--CoA ligase 1 isoform X4 [Myotis myotis]
ACSL1|Myotis_nattereri|XP_080940211	XP_036156688.1	99.862	1497	0.0	XP_036156688.1 long-chain-fatty-acid--CoA ligase 1 isoform X4 [Myotis myotis]
ACSL1|Myotis_nattereri|XP_080940211	XP_036156687.1	99.862	1497	0.0	XP_036156687.1 long-chain-fatty-acid--CoA ligase 1 isoform X4 [Myotis myotis]
ACSL1|Myotis_nattereri|XP_080940211	XP_036156686.1	99.862	1497	0.0	XP_036156686.1 long-chain-fatty-acid--CoA ligase 1 isoform X4 [Myotis myotis]
ACSL1|Myotis_nattereri|XP_080940211	XP_036156685.1	99.862	1497	0.0	XP_036156685.1 long-chain-fatty-acid--CoA ligase 1 isoform X4 [Myotis myotis]
ACSL1|Myotis_nattereri|XP_080940211	XP_036156684.1	99.862	1497	0.0	XP_036156684.1 long-chain-fatty-acid--CoA ligase 1 isoform X4 [Myotis myotis]
ACSL1|Myotis_yumanensis|XP_070264276	XP_036156688.1	99.309	1494	0.0	XP_036156688.1 long-chain-fatty-acid--CoA ligase 1 isoform X4 [Myotis myotis]
ACSL1|Myotis_yumanensis|XP_070264276	XP_036156687.1	99.309	1494	0.0	XP_036156687.1 long-chain-fatty-acid--CoA ligase 1 isoform X4 [Myotis myotis]
ACSL1|Myotis_yumanensis|XP_070264276	XP_036156686.1	99.309	1494	0.0	XP_036156686.1 long-chain-fatty-acid--CoA ligase 1 isoform X4 [Myotis myotis]
ACSL1|Myotis_yumanensis|XP_070264276	XP_036156685.1	99.309	1494	0.0	XP_036156685.1 long-chain-fatty-acid--CoA ligase 1 isoform X4 [Myotis myotis]
ACSL1|Myotis_yumanensis|XP_070264276	XP_036156684.1	99.309	1494	0.0	XP_036156684.1 long-chain-fatty-acid--CoA ligase 1 isoform X4 [Myotis myotis]
ACSL1|Phyllostomus_discolor|XP_035867655	XP_036156688.1	90.884	1397	0.0	XP_036156688.1 long-chain-fatty-acid--CoA ligase 1 isoform X4 [Myotis myotis]
ACSL1|Phyllostomus_discolor|XP_035867655	XP_036156687.1	90.884	1397	0.0	XP_036156687.1 long-chain-fatty-acid--CoA ligase 1 isoform X4 [Myotis myotis]
ACSL1|Phyllostomus_discolor|XP_035867655	XP_036156686.1	90.884	1397	0.0	XP_036156686.1 long-chain-fatty-acid--CoA ligase 1 isoform X4 [Myotis myotis]
ACSL1|Phyllostomus_discolor|XP_035867655	XP_036156685.1	90.884	1397	0.0	XP_036156685.1 long-chain-fatty-acid--CoA ligase 1 isoform X4 [Myotis myotis]
ACSL1|Phyllostomus_discolor|XP_035867655	XP_036156684.1	90.884	1397	0.0	XP_036156684.1 long-chain-fatty-acid--CoA ligase 1 isoform X4 [Myotis myotis]
ACSL1|Phyllostomus_hastatus|XP_045677842	XP_036156688.1	91.713	1404	0.0	XP_036156688.1 long-chain-fatty-acid--CoA ligase 1 isoform X4 [Myotis myotis]
ACSL1|Phyllostomus_hastatus|XP_045677842	XP_036156687.1	91.713	1404	0.0	XP_036156687.1 long-chain-fatty-acid--CoA ligase 1 isoform X4 [Myotis myotis]
ACSL1|Phyllostomus_hastatus|XP_045677842	XP_036156686.1	91.713	1404	0.0	XP_036156686.1 long-chain-fatty-acid--CoA ligase 1 isoform X4 [Myotis myotis]
ACSL1|Phyllostomus_hastatus|XP_045677842	XP_036156685.1	91.713	1404	0.0	XP_036156685.1 long-chain-fatty-acid--CoA ligase 1 isoform X4 [Myotis myotis]
ACSL1|Phyllostomus_hastatus|XP_045677842	XP_036156684.1	91.713	1404	0.0	XP_036156684.1 long-chain-fatty-acid--CoA ligase 1 isoform X4 [Myotis myotis]
ACSL1|Pipistrellus_kuhlii|XP_045444919	XP_036156688.1	96.266	1451	0.0	XP_036156688.1 long-chain-fatty-acid--CoA ligase 1 isoform X4 [Myotis myotis]
ACSL1|Pipistrellus_kuhlii|XP_045444919	XP_036156687.1	96.266	1451	0.0	XP_036156687.1 long-chain-fatty-acid--CoA ligase 1 isoform X4 [Myotis myotis]
ACSL1|Pipistrellus_kuhlii|XP_045444919	XP_036156686.1	96.266	1451	0.0	XP_036156686.1 long-chain-fatty-acid--CoA ligase 1 isoform X4 [Myotis myotis]
ACSL1|Pipistrellus_kuhlii|XP_045444919	XP_036156685.1	96.266	1451	0.0	XP_036156685.1 long-chain-fatty-acid--CoA ligase 1 isoform X4 [Myotis myotis]
ACSL1|Pipistrellus_kuhlii|XP_045444919	XP_036156684.1	96.266	1451	0.0	XP_036156684.1 long-chain-fatty-acid--CoA ligase 1 isoform X4 [Myotis myotis]
ACSL1|Plecotus_auritus|XP_080516974	XP_036156683.1	96.991	1410	0.0	XP_036156683.1 long-chain-fatty-acid--CoA ligase 1 isoform X3 [Myotis myotis]
ACSL1|Plecotus_auritus|XP_080516974	XP_036156688.1	93.508	1394	0.0	XP_036156688.1 long-chain-fatty-acid--CoA ligase 1 isoform X4 [Myotis myotis]
ACSL1|Plecotus_auritus|XP_080516974	XP_036156687.1	93.508	1394	0.0	XP_036156687.1 long-chain-fatty-acid--CoA ligase 1 isoform X4 [Myotis myotis]
ACSL1|Plecotus_auritus|XP_080516974	XP_036156686.1	93.508	1394	0.0	XP_036156686.1 long-chain-fatty-acid--CoA ligase 1 isoform X4 [Myotis myotis]
ACSL1|Plecotus_auritus|XP_080516974	XP_036156685.1	93.508	1394	0.0	XP_036156685.1 long-chain-fatty-acid--CoA ligase 1 isoform X4 [Myotis myotis]
ACSL1|Pteronotus_mesoamericanus|XP_054422148	XP_036156688.1	90.884	1396	0.0	XP_036156688.1 long-chain-fatty-acid--CoA ligase 1 isoform X4 [Myotis myotis]
ACSL1|Pteronotus_mesoamericanus|XP_054422148	XP_036156687.1	90.884	1396	0.0	XP_036156687.1 long-chain-fatty-acid--CoA ligase 1 isoform X4 [Myotis myotis]
ACSL1|Pteronotus_mesoamericanus|XP_054422148	XP_036156686.1	90.884	1396	0.0	XP_036156686.1 long-chain-fatty-acid--CoA ligase 1 isoform X4 [Myotis myotis]
ACSL1|Pteronotus_mesoamericanus|XP_054422148	XP_036156685.1	90.884	1396	0.0	XP_036156685.1 long-chain-fatty-acid--CoA ligase 1 isoform X4 [Myotis myotis]
ACSL1|Pteronotus_mesoamericanus|XP_054422148	XP_036156684.1	90.884	1396	0.0	XP_036156684.1 long-chain-fatty-acid--CoA ligase 1 isoform X4 [Myotis myotis]
ACSL1|Pteropus_alecto|XP_006916439	XP_036156682.1	89.031	1316	0.0	XP_036156682.1 long-chain-fatty-acid--CoA ligase 1 isoform X2 [Myotis myotis]
ACSL1|Pteropus_alecto|XP_006916439	XP_036156681.1	88.652	1311	0.0	XP_036156681.1 long-chain-fatty-acid--CoA ligase 1 isoform X1 [Myotis myotis]
ACSL1|Pteropus_alecto|XP_006916439	XP_036156688.1	85.852	1303	0.0	XP_036156688.1 long-chain-fatty-acid--CoA ligase 1 isoform X4 [Myotis myotis]
ACSL1|Pteropus_alecto|XP_006916439	XP_036156687.1	85.852	1303	0.0	XP_036156687.1 long-chain-fatty-acid--CoA ligase 1 isoform X4 [Myotis myotis]
ACSL1|Pteropus_alecto|XP_006916439	XP_036156686.1	85.852	1303	0.0	XP_036156686.1 long-chain-fatty-acid--CoA ligase 1 isoform X4 [Myotis myotis]
ACSL1|Pteropus_medius|XP_039738595	XP_036156688.1	91.148	1397	0.0	XP_036156688.1 long-chain-fatty-acid--CoA ligase 1 isoform X4 [Myotis myotis]
ACSL1|Pteropus_medius|XP_039738595	XP_036156687.1	91.148	1397	0.0	XP_036156687.1 long-chain-fatty-acid--CoA ligase 1 isoform X4 [Myotis myotis]
ACSL1|Pteropus_medius|XP_039738595	XP_036156686.1	91.148	1397	0.0	XP_036156686.1 long-chain-fatty-acid--CoA ligase 1 isoform X4 [Myotis myotis]
ACSL1|Pteropus_medius|XP_039738595	XP_036156685.1	91.148	1397	0.0	XP_036156685.1 long-chain-fatty-acid--CoA ligase 1 isoform X4 [Myotis myotis]
ACSL1|Pteropus_medius|XP_039738595	XP_036156684.1	91.148	1397	0.0	XP_036156684.1 long-chain-fatty-acid--CoA ligase 1 isoform X4 [Myotis myotis]
ACSL1|Pteropus_vampyrus|XP_011362319	XP_036156682.1	91.822	1354	0.0	XP_036156682.1 long-chain-fatty-acid--CoA ligase 1 isoform X2 [Myotis myotis]
ACSL1|Pteropus_vampyrus|XP_011362319	XP_036156681.1	91.429	1348	0.0	XP_036156681.1 long-chain-fatty-acid--CoA ligase 1 isoform X1 [Myotis myotis]
ACSL1|Pteropus_vampyrus|XP_011362319	XP_036156688.1	88.520	1341	0.0	XP_036156688.1 long-chain-fatty-acid--CoA ligase 1 isoform X4 [Myotis myotis]
ACSL1|Pteropus_vampyrus|XP_011362319	XP_036156687.1	88.520	1341	0.0	XP_036156687.1 long-chain-fatty-acid--CoA ligase 1 isoform X4 [Myotis myotis]
ACSL1|Pteropus_vampyrus|XP_011362319	XP_036156686.1	88.520	1341	0.0	XP_036156686.1 long-chain-fatty-acid--CoA ligase 1 isoform X4 [Myotis myotis]
ACSL1|Rhinolophus_ferrumequinum|XP_032960931	XP_036156688.1	91.575	1403	0.0	XP_036156688.1 long-chain-fatty-acid--CoA ligase 1 isoform X4 [Myotis myotis]
ACSL1|Rhinolophus_ferrumequinum|XP_032960931	XP_036156687.1	91.575	1403	0.0	XP_036156687.1 long-chain-fatty-acid--CoA ligase 1 isoform X4 [Myotis myotis]
ACSL1|Rhinolophus_ferrumequinum|XP_032960931	XP_036156686.1	91.575	1403	0.0	XP_036156686.1 long-chain-fatty-acid--CoA ligase 1 isoform X4 [Myotis myotis]
ACSL1|Rhinolophus_ferrumequinum|XP_032960931	XP_036156685.1	91.575	1403	0.0	XP_036156685.1 long-chain-fatty-acid--CoA ligase 1 isoform X4 [Myotis myotis]
ACSL1|Rhinolophus_ferrumequinum|XP_032960931	XP_036156684.1	91.575	1403	0.0	XP_036156684.1 long-chain-fatty-acid--CoA ligase 1 isoform X4 [Myotis myotis]
ACSL1|Rhinolophus_hipposideros|XP_080903082	XP_036156688.1	92.403	1410	0.0	XP_036156688.1 long-chain-fatty-acid--CoA ligase 1 isoform X4 [Myotis myotis]
ACSL1|Rhinolophus_hipposideros|XP_080903082	XP_036156687.1	92.403	1410	0.0	XP_036156687.1 long-chain-fatty-acid--CoA ligase 1 isoform X4 [Myotis myotis]
ACSL1|Rhinolophus_hipposideros|XP_080903082	XP_036156686.1	92.403	1410	0.0	XP_036156686.1 long-chain-fatty-acid--CoA ligase 1 isoform X4 [Myotis myotis]
ACSL1|Rhinolophus_hipposideros|XP_080903082	XP_036156685.1	92.403	1410	0.0	XP_036156685.1 long-chain-fatty-acid--CoA ligase 1 isoform X4 [Myotis myotis]
ACSL1|Rhinolophus_hipposideros|XP_080903082	XP_036156684.1	92.403	1410	0.0	XP_036156684.1 long-chain-fatty-acid--CoA ligase 1 isoform X4 [Myotis myotis]
ACSL1|Rhinolophus_sinicus|XP_019591692	XP_036156688.1	91.713	1402	0.0	XP_036156688.1 long-chain-fatty-acid--CoA ligase 1 isoform X4 [Myotis myotis]
ACSL1|Rhinolophus_sinicus|XP_019591692	XP_036156687.1	91.713	1402	0.0	XP_036156687.1 long-chain-fatty-acid--CoA ligase 1 isoform X4 [Myotis myotis]
ACSL1|Rhinolophus_sinicus|XP_019591692	XP_036156686.1	91.713	1402	0.0	XP_036156686.1 long-chain-fatty-acid--CoA ligase 1 isoform X4 [Myotis myotis]
ACSL1|Rhinolophus_sinicus|XP_019591692	XP_036156685.1	91.713	1402	0.0	XP_036156685.1 long-chain-fatty-acid--CoA ligase 1 isoform X4 [Myotis myotis]
ACSL1|Rhinolophus_sinicus|XP_019591692	XP_036156684.1	91.713	1402	0.0	XP_036156684.1 long-chain-fatty-acid--CoA ligase 1 isoform X4 [Myotis myotis]
ACSL1|Rousettus_aegyptiacus|XP_015999465	XP_036156682.1	89.398	1320	0.0	XP_036156682.1 long-chain-fatty-acid--CoA ligase 1 isoform X2 [Myotis myotis]
ACSL1|Rousettus_aegyptiacus|XP_015999465	XP_036156681.1	89.016	1316	0.0	XP_036156681.1 long-chain-fatty-acid--CoA ligase 1 isoform X1 [Myotis myotis]
ACSL1|Rousettus_aegyptiacus|XP_015999465	XP_036156688.1	86.188	1305	0.0	XP_036156688.1 long-chain-fatty-acid--CoA ligase 1 isoform X4 [Myotis myotis]
ACSL1|Rousettus_aegyptiacus|XP_015999465	XP_036156687.1	86.188	1305	0.0	XP_036156687.1 long-chain-fatty-acid--CoA ligase 1 isoform X4 [Myotis myotis]
ACSL1|Rousettus_aegyptiacus|XP_015999465	XP_036156686.1	86.188	1305	0.0	XP_036156686.1 long-chain-fatty-acid--CoA ligase 1 isoform X4 [Myotis myotis]
ACSL1|Saccopteryx_bilineata|XP_066093925	XP_036156688.1	88.658	1363	0.0	XP_036156688.1 long-chain-fatty-acid--CoA ligase 1 isoform X4 [Myotis myotis]
ACSL1|Saccopteryx_bilineata|XP_066093925	XP_036156687.1	88.658	1363	0.0	XP_036156687.1 long-chain-fatty-acid--CoA ligase 1 isoform X4 [Myotis myotis]
ACSL1|Saccopteryx_bilineata|XP_066093925	XP_036156686.1	88.658	1363	0.0	XP_036156686.1 long-chain-fatty-acid--CoA ligase 1 isoform X4 [Myotis myotis]
ACSL1|Saccopteryx_bilineata|XP_066093925	XP_036156685.1	88.658	1363	0.0	XP_036156685.1 long-chain-fatty-acid--CoA ligase 1 isoform X4 [Myotis myotis]
ACSL1|Saccopteryx_bilineata|XP_066093925	XP_036156684.1	88.658	1363	0.0	XP_036156684.1 long-chain-fatty-acid--CoA ligase 1 isoform X4 [Myotis myotis]
ACSL1|Saccopteryx_leptura|XP_066236263	XP_036156688.1	88.658	1363	0.0	XP_036156688.1 long-chain-fatty-acid--CoA ligase 1 isoform X4 [Myotis myotis]
ACSL1|Saccopteryx_leptura|XP_066236263	XP_036156687.1	88.658	1363	0.0	XP_036156687.1 long-chain-fatty-acid--CoA ligase 1 isoform X4 [Myotis myotis]
ACSL1|Saccopteryx_leptura|XP_066236263	XP_036156686.1	88.658	1363	0.0	XP_036156686.1 long-chain-fatty-acid--CoA ligase 1 isoform X4 [Myotis myotis]
ACSL1|Saccopteryx_leptura|XP_066236263	XP_036156685.1	88.658	1363	0.0	XP_036156685.1 long-chain-fatty-acid--CoA ligase 1 isoform X4 [Myotis myotis]
ACSL1|Saccopteryx_leptura|XP_066236263	XP_036156684.1	88.658	1363	0.0	XP_036156684.1 long-chain-fatty-acid--CoA ligase 1 isoform X4 [Myotis myotis]
ACSL1|Sturnira_hondurensis|XP_036911064	XP_036156688.1	89.365	1372	0.0	XP_036156688.1 long-chain-fatty-acid--CoA ligase 1 isoform X4 [Myotis myotis]
ACSL1|Sturnira_hondurensis|XP_036911064	XP_036156687.1	89.365	1372	0.0	XP_036156687.1 long-chain-fatty-acid--CoA ligase 1 isoform X4 [Myotis myotis]
ACSL1|Sturnira_hondurensis|XP_036911064	XP_036156686.1	89.365	1372	0.0	XP_036156686.1 long-chain-fatty-acid--CoA ligase 1 isoform X4 [Myotis myotis]
ACSL1|Sturnira_hondurensis|XP_036911064	XP_036156685.1	89.365	1372	0.0	XP_036156685.1 long-chain-fatty-acid--CoA ligase 1 isoform X4 [Myotis myotis]
ACSL1|Sturnira_hondurensis|XP_036911064	XP_036156684.1	89.365	1372	0.0	XP_036156684.1 long-chain-fatty-acid--CoA ligase 1 isoform X4 [Myotis myotis]
ADCY3|Artibeus_jamaicensis|XP_053522904	XP_036191077.1	92.920	2184	0.0	XP_036191077.1 adenylate cyclase type 3 isoform X2 [Myotis myotis]
ADCY3|Artibeus_jamaicensis|XP_053522904	XP_036191076.1	92.838	2180	0.0	XP_036191076.1 adenylate cyclase type 3 isoform X1 [Myotis myotis]
ADCY3|Artibeus_jamaicensis|XP_053522904	XP_036191075.1	92.838	2180	0.0	XP_036191075.1 adenylate cyclase type 3 isoform X1 [Myotis myotis]
ADCY3|Artibeus_jamaicensis|XP_053522904	XP_036193927.1	37.500	678	0.0	XP_036193927.1 adenylate cyclase type 8 isoform X1 [Myotis myotis]
ADCY3|Artibeus_jamaicensis|XP_053522904	XP_036193928.1	36.866	665	0.0	XP_036193928.1 adenylate cyclase type 8 isoform X2 [Myotis myotis]
ADCY3|Artibeus_jamaicensis|XP_053522904	XP_036193928.1	25.000	85.9	3.55e-16	XP_036193928.1 adenylate cyclase type 8 isoform X2 [Myotis myotis]
ADCY3|Cnephaeus_nilssonii|XP_079648034	XP_036191077.1	96.164	2290	0.0	XP_036191077.1 adenylate cyclase type 3 isoform X2 [Myotis myotis]
ADCY3|Cnephaeus_nilssonii|XP_079648034	XP_036191076.1	96.080	2285	0.0	XP_036191076.1 adenylate cyclase type 3 isoform X1 [Myotis myotis]
ADCY3|Cnephaeus_nilssonii|XP_079648034	XP_036191075.1	96.080	2285	0.0	XP_036191075.1 adenylate cyclase type 3 isoform X1 [Myotis myotis]
ADCY3|Cnephaeus_nilssonii|XP_079648034	XP_036193927.1	37.912	676	0.0	XP_036193927.1 adenylate cyclase type 8 isoform X1 [Myotis myotis]
ADCY3|Cnephaeus_nilssonii|XP_079648034	XP_036193928.1	37.374	665	0.0	XP_036193928.1 adenylate cyclase type 8 isoform X2 [Myotis myotis]
ADCY3|Desmodus_rotundus|XP_024408286	XP_036191077.1	93.630	2193	0.0	XP_036191077.1 adenylate cyclase type 3 isoform X2 [Myotis myotis]
ADCY3|Desmodus_rotundus|XP_024408286	XP_036191076.1	93.548	2188	0.0	XP_036191076.1 adenylate cyclase type 3 isoform X1 [Myotis myotis]
ADCY3|Desmodus_rotundus|XP_024408286	XP_036191075.1	93.548	2188	0.0	XP_036191075.1 adenylate cyclase type 3 isoform X1 [Myotis myotis]
ADCY3|Desmodus_rotundus|XP_024408286	XP_036193927.1	37.660	677	0.0	XP_036193927.1 adenylate cyclase type 8 isoform X1 [Myotis myotis]
ADCY3|Desmodus_rotundus|XP_024408286	XP_036193928.1	37.030	665	0.0	XP_036193928.1 adenylate cyclase type 8 isoform X2 [Myotis myotis]
ADCY3|Eptesicus_fuscus|XP_054583895	XP_036191077.1	96.332	2299	0.0	XP_036191077.1 adenylate cyclase type 3 isoform X2 [Myotis myotis]
ADCY3|Eptesicus_fuscus|XP_054583895	XP_036191076.1	96.248	2294	0.0	XP_036191076.1 adenylate cyclase type 3 isoform X1 [Myotis myotis]
ADCY3|Eptesicus_fuscus|XP_054583895	XP_036191075.1	96.248	2294	0.0	XP_036191075.1 adenylate cyclase type 3 isoform X1 [Myotis myotis]
ADCY3|Eptesicus_fuscus|XP_054583895	XP_036193927.1	38.004	679	0.0	XP_036193927.1 adenylate cyclase type 8 isoform X1 [Myotis myotis]
ADCY3|Eptesicus_fuscus|XP_054583895	XP_036193928.1	37.374	666	0.0	XP_036193928.1 adenylate cyclase type 8 isoform X2 [Myotis myotis]
ADCY3|Hipposideros_armiger|XP_019502817	XP_036191076.1	93.106	2197	0.0	XP_036191076.1 adenylate cyclase type 3 isoform X1 [Myotis myotis]
ADCY3|Hipposideros_armiger|XP_019502817	XP_036191075.1	93.106	2197	0.0	XP_036191075.1 adenylate cyclase type 3 isoform X1 [Myotis myotis]
ADCY3|Hipposideros_armiger|XP_019502817	XP_036191077.1	93.019	2192	0.0	XP_036191077.1 adenylate cyclase type 3 isoform X2 [Myotis myotis]
ADCY3|Hipposideros_armiger|XP_019502817	XP_036193927.1	37.443	675	0.0	XP_036193927.1 adenylate cyclase type 8 isoform X1 [Myotis myotis]
ADCY3|Hipposideros_armiger|XP_019502817	XP_036193928.1	37.030	666	0.0	XP_036193928.1 adenylate cyclase type 8 isoform X2 [Myotis myotis]
ADCY3|Miniopterus_natalensis|XP_016064486	XP_036191077.1	93.450	2196	0.0	XP_036191077.1 adenylate cyclase type 3 isoform X2 [Myotis myotis]
ADCY3|Miniopterus_natalensis|XP_016064486	XP_036191076.1	93.368	2192	0.0	XP_036191076.1 adenylate cyclase type 3 isoform X1 [Myotis myotis]
ADCY3|Miniopterus_natalensis|XP_016064486	XP_036191075.1	93.368	2192	0.0	XP_036191075.1 adenylate cyclase type 3 isoform X1 [Myotis myotis]
ADCY3|Miniopterus_natalensis|XP_016064486	XP_036193927.1	37.637	676	0.0	XP_036193927.1 adenylate cyclase type 8 isoform X1 [Myotis myotis]
ADCY3|Miniopterus_natalensis|XP_016064486	XP_036193928.1	37.224	666	0.0	XP_036193928.1 adenylate cyclase type 8 isoform X2 [Myotis myotis]
ADCY3|Miniopterus_schreibersii|XP_081013163	XP_036191077.1	93.537	2196	0.0	XP_036191077.1 adenylate cyclase type 3 isoform X2 [Myotis myotis]
ADCY3|Miniopterus_schreibersii|XP_081013163	XP_036191076.1	93.455	2192	0.0	XP_036191076.1 adenylate cyclase type 3 isoform X1 [Myotis myotis]
ADCY3|Miniopterus_schreibersii|XP_081013163	XP_036191075.1	93.455	2192	0.0	XP_036191075.1 adenylate cyclase type 3 isoform X1 [Myotis myotis]
ADCY3|Miniopterus_schreibersii|XP_081013163	XP_036193927.1	37.729	677	0.0	XP_036193927.1 adenylate cyclase type 8 isoform X1 [Myotis myotis]
ADCY3|Miniopterus_schreibersii|XP_081013163	XP_036193928.1	37.316	667	0.0	XP_036193928.1 adenylate cyclase type 8 isoform X2 [Myotis myotis]
ADCY3|Molossus_molossus|XP_036118438	XP_036191077.1	93.188	2181	0.0	XP_036191077.1 adenylate cyclase type 3 isoform X2 [Myotis myotis]
ADCY3|Molossus_molossus|XP_036118438	XP_036191076.1	93.106	2177	0.0	XP_036191076.1 adenylate cyclase type 3 isoform X1 [Myotis myotis]
ADCY3|Molossus_molossus|XP_036118438	XP_036191075.1	93.106	2177	0.0	XP_036191075.1 adenylate cyclase type 3 isoform X1 [Myotis myotis]
ADCY3|Molossus_molossus|XP_036118438	XP_036193927.1	37.454	681	0.0	XP_036193927.1 adenylate cyclase type 8 isoform X1 [Myotis myotis]
ADCY3|Molossus_molossus|XP_036118438	XP_036193928.1	37.006	670	0.0	XP_036193928.1 adenylate cyclase type 8 isoform X2 [Myotis myotis]
ADCY3|Myotis_brandtii|XP_014402102	XP_036191077.1	92.677	2180	0.0	XP_036191077.1 adenylate cyclase type 3 isoform X2 [Myotis myotis]
ADCY3|Myotis_brandtii|XP_014402102	XP_036191076.1	92.596	2175	0.0	XP_036191076.1 adenylate cyclase type 3 isoform X1 [Myotis myotis]
ADCY3|Myotis_brandtii|XP_014402102	XP_036191075.1	92.596	2175	0.0	XP_036191075.1 adenylate cyclase type 3 isoform X1 [Myotis myotis]
ADCY3|Myotis_brandtii|XP_014402102	XP_036193927.1	38.219	677	0.0	XP_036193927.1 adenylate cyclase type 8 isoform X1 [Myotis myotis]
ADCY3|Myotis_brandtii|XP_014402102	XP_036193928.1	37.581	666	0.0	XP_036193928.1 adenylate cyclase type 8 isoform X2 [Myotis myotis]
ADCY3|Myotis_daubentonii|XP_059516385	XP_036191076.1	99.127	2366	0.0	XP_036191076.1 adenylate cyclase type 3 isoform X1 [Myotis myotis]
ADCY3|Myotis_daubentonii|XP_059516385	XP_036191075.1	99.127	2366	0.0	XP_036191075.1 adenylate cyclase type 3 isoform X1 [Myotis myotis]
ADCY3|Myotis_daubentonii|XP_059516385	XP_036191077.1	99.040	2360	0.0	XP_036191077.1 adenylate cyclase type 3 isoform X2 [Myotis myotis]
ADCY3|Myotis_daubentonii|XP_059516385	XP_036193927.1	37.877	683	0.0	XP_036193927.1 adenylate cyclase type 8 isoform X1 [Myotis myotis]
ADCY3|Myotis_daubentonii|XP_059516385	XP_036193928.1	37.248	673	0.0	XP_036193928.1 adenylate cyclase type 8 isoform X2 [Myotis myotis]
ADCY3|Myotis_lucifugus|XP_023612199	XP_036191077.1	98.865	2361	0.0	XP_036191077.1 adenylate cyclase type 3 isoform X2 [Myotis myotis]
ADCY3|Myotis_lucifugus|XP_023612199	XP_036191076.1	98.778	2357	0.0	XP_036191076.1 adenylate cyclase type 3 isoform X1 [Myotis myotis]
ADCY3|Myotis_lucifugus|XP_023612199	XP_036191075.1	98.778	2357	0.0	XP_036191075.1 adenylate cyclase type 3 isoform X1 [Myotis myotis]
ADCY3|Myotis_lucifugus|XP_023612199	XP_036193927.1	37.991	679	0.0	XP_036193927.1 adenylate cyclase type 8 isoform X1 [Myotis myotis]
ADCY3|Myotis_lucifugus|XP_023612199	XP_036193928.1	37.363	668	0.0	XP_036193928.1 adenylate cyclase type 8 isoform X2 [Myotis myotis]
ADCY3|Myotis_myotis|XP_036191076	XP_036191076.1	100.000	2387	0.0	XP_036191076.1 adenylate cyclase type 3 isoform X1 [Myotis myotis]
ADCY3|Myotis_myotis|XP_036191076	XP_036191075.1	100.000	2387	0.0	XP_036191075.1 adenylate cyclase type 3 isoform X1 [Myotis myotis]
ADCY3|Myotis_myotis|XP_036191076	XP_036191077.1	99.913	2381	0.0	XP_036191077.1 adenylate cyclase type 3 isoform X2 [Myotis myotis]
ADCY3|Myotis_myotis|XP_036191076	XP_036193927.1	37.956	682	0.0	XP_036193927.1 adenylate cyclase type 8 isoform X1 [Myotis myotis]
ADCY3|Myotis_myotis|XP_036191076	XP_036193928.1	37.328	670	0.0	XP_036193928.1 adenylate cyclase type 8 isoform X2 [Myotis myotis]
ADCY3|Myotis_nattereri|XP_080957409	XP_036191077.1	99.476	2374	0.0	XP_036191077.1 adenylate cyclase type 3 isoform X2 [Myotis myotis]
ADCY3|Myotis_nattereri|XP_080957409	XP_036191076.1	99.389	2371	0.0	XP_036191076.1 adenylate cyclase type 3 isoform X1 [Myotis myotis]
ADCY3|Myotis_nattereri|XP_080957409	XP_036191075.1	99.389	2371	0.0	XP_036191075.1 adenylate cyclase type 3 isoform X1 [Myotis myotis]
ADCY3|Myotis_nattereri|XP_080957409	XP_036193927.1	38.174	683	0.0	XP_036193927.1 adenylate cyclase type 8 isoform X1 [Myotis myotis]
ADCY3|Myotis_nattereri|XP_080957409	XP_036193928.1	37.546	672	0.0	XP_036193928.1 adenylate cyclase type 8 isoform X2 [Myotis myotis]
ADCY3|Myotis_yumanensis|XP_070284893	XP_036191077.1	98.865	2360	0.0	XP_036191077.1 adenylate cyclase type 3 isoform X2 [Myotis myotis]
ADCY3|Myotis_yumanensis|XP_070284893	XP_036191076.1	98.778	2356	0.0	XP_036191076.1 adenylate cyclase type 3 isoform X1 [Myotis myotis]
ADCY3|Myotis_yumanensis|XP_070284893	XP_036191075.1	98.778	2356	0.0	XP_036191075.1 adenylate cyclase type 3 isoform X1 [Myotis myotis]
ADCY3|Myotis_yumanensis|XP_070284893	XP_036193927.1	37.991	679	0.0	XP_036193927.1 adenylate cyclase type 8 isoform X1 [Myotis myotis]
ADCY3|Myotis_yumanensis|XP_070284893	XP_036193928.1	37.363	668	0.0	XP_036193928.1 adenylate cyclase type 8 isoform X2 [Myotis myotis]
ADCY3|Phyllostomus_discolor|XP_035883621	XP_036191077.1	92.496	2168	0.0	XP_036191077.1 adenylate cyclase type 3 isoform X2 [Myotis myotis]
ADCY3|Phyllostomus_discolor|XP_035883621	XP_036191076.1	92.415	2164	0.0	XP_036191076.1 adenylate cyclase type 3 isoform X1 [Myotis myotis]
ADCY3|Phyllostomus_discolor|XP_035883621	XP_036191075.1	92.415	2164	0.0	XP_036191075.1 adenylate cyclase type 3 isoform X1 [Myotis myotis]
ADCY3|Phyllostomus_discolor|XP_035883621	XP_036193927.1	37.282	677	0.0	XP_036193927.1 adenylate cyclase type 8 isoform X1 [Myotis myotis]
ADCY3|Phyllostomus_discolor|XP_035883621	XP_036193928.1	36.866	666	0.0	XP_036193928.1 adenylate cyclase type 8 isoform X2 [Myotis myotis]
ADCY3|Phyllostomus_discolor|XP_035883621	XP_036193928.1	24.762	85.9	3.00e-16	XP_036193928.1 adenylate cyclase type 8 isoform X2 [Myotis myotis]
ADCY3|Phyllostomus_hastatus|XP_045700348	XP_036191077.1	92.670	2176	0.0	XP_036191077.1 adenylate cyclase type 3 isoform X2 [Myotis myotis]
ADCY3|Phyllostomus_hastatus|XP_045700348	XP_036191076.1	92.589	2172	0.0	XP_036191076.1 adenylate cyclase type 3 isoform X1 [Myotis myotis]
ADCY3|Phyllostomus_hastatus|XP_045700348	XP_036191075.1	92.589	2172	0.0	XP_036191075.1 adenylate cyclase type 3 isoform X1 [Myotis myotis]
ADCY3|Phyllostomus_hastatus|XP_045700348	XP_036193927.1	37.592	683	0.0	XP_036193927.1 adenylate cyclase type 8 isoform X1 [Myotis myotis]
ADCY3|Phyllostomus_hastatus|XP_045700348	XP_036193928.1	37.051	670	0.0	XP_036193928.1 adenylate cyclase type 8 isoform X2 [Myotis myotis]
ADCY3|Phyllostomus_hastatus|XP_045700348	XP_036193928.1	24.762	85.9	3.29e-16	XP_036193928.1 adenylate cyclase type 8 isoform X2 [Myotis myotis]
ADCY3|Pipistrellus_kuhlii|XP_036290940	XP_036191077.1	93.745	2177	0.0	XP_036191077.1 adenylate cyclase type 3 isoform X2 [Myotis myotis]
ADCY3|Pipistrellus_kuhlii|XP_036290940	XP_036191076.1	93.663	2173	0.0	XP_036191076.1 adenylate cyclase type 3 isoform X1 [Myotis myotis]
ADCY3|Pipistrellus_kuhlii|XP_036290940	XP_036191075.1	93.663	2173	0.0	XP_036191075.1 adenylate cyclase type 3 isoform X1 [Myotis myotis]
ADCY3|Pipistrellus_kuhlii|XP_036290940	XP_036193927.1	38.160	681	0.0	XP_036193927.1 adenylate cyclase type 8 isoform X1 [Myotis myotis]
ADCY3|Pipistrellus_kuhlii|XP_036290940	XP_036193928.1	37.626	670	0.0	XP_036193928.1 adenylate cyclase type 8 isoform X2 [Myotis myotis]
ADCY3|Plecotus_auritus|XP_080539751	XP_036191076.1	97.208	2319	0.0	XP_036191076.1 adenylate cyclase type 3 isoform X1 [Myotis myotis]
ADCY3|Plecotus_auritus|XP_080539751	XP_036191075.1	97.208	2319	0.0	XP_036191075.1 adenylate cyclase type 3 isoform X1 [Myotis myotis]
ADCY3|Plecotus_auritus|XP_080539751	XP_036191077.1	97.120	2312	0.0	XP_036191077.1 adenylate cyclase type 3 isoform X2 [Myotis myotis]
ADCY3|Plecotus_auritus|XP_080539751	XP_036193927.1	38.095	679	0.0	XP_036193927.1 adenylate cyclase type 8 isoform X1 [Myotis myotis]
ADCY3|Plecotus_auritus|XP_080539751	XP_036193928.1	37.466	667	0.0	XP_036193928.1 adenylate cyclase type 8 isoform X2 [Myotis myotis]
ADCY3|Pteronotus_mesoamericanus|XP_054424979	XP_036191077.1	93.630	2185	0.0	XP_036191077.1 adenylate cyclase type 3 isoform X2 [Myotis myotis]
ADCY3|Pteronotus_mesoamericanus|XP_054424979	XP_036191076.1	93.548	2182	0.0	XP_036191076.1 adenylate cyclase type 3 isoform X1 [Myotis myotis]
ADCY3|Pteronotus_mesoamericanus|XP_054424979	XP_036191075.1	93.548	2182	0.0	XP_036191075.1 adenylate cyclase type 3 isoform X1 [Myotis myotis]
ADCY3|Pteronotus_mesoamericanus|XP_054424979	XP_036193927.1	37.190	676	0.0	XP_036193927.1 adenylate cyclase type 8 isoform X1 [Myotis myotis]
ADCY3|Pteronotus_mesoamericanus|XP_054424979	XP_036193928.1	36.648	665	0.0	XP_036193928.1 adenylate cyclase type 8 isoform X2 [Myotis myotis]
ADCY3|Pteropus_alecto|XP_024901537	XP_036191077.1	93.013	2178	0.0	XP_036191077.1 adenylate cyclase type 3 isoform X2 [Myotis myotis]
ADCY3|Pteropus_alecto|XP_024901537	XP_036191076.1	92.932	2174	0.0	XP_036191076.1 adenylate cyclase type 3 isoform X1 [Myotis myotis]
ADCY3|Pteropus_alecto|XP_024901537	XP_036191075.1	92.932	2174	0.0	XP_036191075.1 adenylate cyclase type 3 isoform X1 [Myotis myotis]
ADCY3|Pteropus_alecto|XP_024901537	XP_036193927.1	36.976	676	0.0	XP_036193927.1 adenylate cyclase type 8 isoform X1 [Myotis myotis]
ADCY3|Pteropus_alecto|XP_024901537	XP_036193928.1	36.530	665	0.0	XP_036193928.1 adenylate cyclase type 8 isoform X2 [Myotis myotis]
ADCY3|Pteropus_vampyrus|XP_023384268	XP_036191077.1	94.550	1542	0.0	XP_036191077.1 adenylate cyclase type 3 isoform X2 [Myotis myotis]
ADCY3|Pteropus_vampyrus|XP_023384268	XP_036191077.1	85.971	471	4.18e-147	XP_036191077.1 adenylate cyclase type 3 isoform X2 [Myotis myotis]
ADCY3|Pteropus_vampyrus|XP_023384268	XP_036191077.1	25.969	88.6	4.64e-17	XP_036191077.1 adenylate cyclase type 3 isoform X2 [Myotis myotis]
ADCY3|Pteropus_vampyrus|XP_023384268	XP_036191076.1	94.430	1539	0.0	XP_036191076.1 adenylate cyclase type 3 isoform X1 [Myotis myotis]
ADCY3|Pteropus_vampyrus|XP_023384268	XP_036191076.1	85.971	472	3.09e-147	XP_036191076.1 adenylate cyclase type 3 isoform X1 [Myotis myotis]
ADCY3|Pteropus_vampyrus|XP_023384268	XP_036191076.1	25.969	88.6	4.41e-17	XP_036191076.1 adenylate cyclase type 3 isoform X1 [Myotis myotis]
ADCY3|Pteropus_vampyrus|XP_023384268	XP_036191075.1	94.430	1539	0.0	XP_036191075.1 adenylate cyclase type 3 isoform X1 [Myotis myotis]
ADCY3|Pteropus_vampyrus|XP_023384268	XP_036191075.1	85.971	472	3.09e-147	XP_036191075.1 adenylate cyclase type 3 isoform X1 [Myotis myotis]
ADCY3|Pteropus_vampyrus|XP_023384268	XP_036191075.1	25.969	88.6	4.41e-17	XP_036191075.1 adenylate cyclase type 3 isoform X1 [Myotis myotis]
ADCY3|Pteropus_vampyrus|XP_023384268	XP_036193927.1	33.607	553	5.15e-177	XP_036193927.1 adenylate cyclase type 8 isoform X1 [Myotis myotis]
ADCY3|Pteropus_vampyrus|XP_023384268	XP_036193928.1	33.059	541	8.82e-173	XP_036193928.1 adenylate cyclase type 8 isoform X2 [Myotis myotis]
ADCY3|Rhinolophus_ferrumequinum|XP_032980392	XP_036191076.1	92.496	2167	0.0	XP_036191076.1 adenylate cyclase type 3 isoform X1 [Myotis myotis]
ADCY3|Rhinolophus_ferrumequinum|XP_032980392	XP_036191075.1	92.496	2167	0.0	XP_036191075.1 adenylate cyclase type 3 isoform X1 [Myotis myotis]
ADCY3|Rhinolophus_ferrumequinum|XP_032980392	XP_036191077.1	92.408	2160	0.0	XP_036191077.1 adenylate cyclase type 3 isoform X2 [Myotis myotis]
ADCY3|Rhinolophus_ferrumequinum|XP_032980392	XP_036193927.1	37.397	676	0.0	XP_036193927.1 adenylate cyclase type 8 isoform X1 [Myotis myotis]
ADCY3|Rhinolophus_ferrumequinum|XP_032980392	XP_036193928.1	36.707	665	0.0	XP_036193928.1 adenylate cyclase type 8 isoform X2 [Myotis myotis]
ADCY3|Rhinolophus_hipposideros|XP_080925117	XP_036191076.1	92.059	2161	0.0	XP_036191076.1 adenylate cyclase type 3 isoform X1 [Myotis myotis]
ADCY3|Rhinolophus_hipposideros|XP_080925117	XP_036191075.1	92.059	2161	0.0	XP_036191075.1 adenylate cyclase type 3 isoform X1 [Myotis myotis]
ADCY3|Rhinolophus_hipposideros|XP_080925117	XP_036191077.1	91.972	2155	0.0	XP_036191077.1 adenylate cyclase type 3 isoform X2 [Myotis myotis]
ADCY3|Rhinolophus_hipposideros|XP_080925117	XP_036193927.1	37.305	677	0.0	XP_036193927.1 adenylate cyclase type 8 isoform X1 [Myotis myotis]
ADCY3|Rhinolophus_hipposideros|XP_080925117	XP_036193928.1	36.891	666	0.0	XP_036193928.1 adenylate cyclase type 8 isoform X2 [Myotis myotis]
ADCY3|Rhinolophus_sinicus|XP_074187863	XP_036191076.1	92.234	2166	0.0	XP_036191076.1 adenylate cyclase type 3 isoform X1 [Myotis myotis]
ADCY3|Rhinolophus_sinicus|XP_074187863	XP_036191075.1	92.234	2166	0.0	XP_036191075.1 adenylate cyclase type 3 isoform X1 [Myotis myotis]
ADCY3|Rhinolophus_sinicus|XP_074187863	XP_036191077.1	92.147	2160	0.0	XP_036191077.1 adenylate cyclase type 3 isoform X2 [Myotis myotis]
ADCY3|Rhinolophus_sinicus|XP_074187863	XP_036193927.1	37.397	680	0.0	XP_036193927.1 adenylate cyclase type 8 isoform X1 [Myotis myotis]
ADCY3|Rhinolophus_sinicus|XP_074187863	XP_036193928.1	36.983	669	0.0	XP_036193928.1 adenylate cyclase type 8 isoform X2 [Myotis myotis]
ADCY3|Rousettus_aegyptiacus|XP_015977196	XP_036191077.1	92.052	2161	0.0	XP_036191077.1 adenylate cyclase type 3 isoform X2 [Myotis myotis]
ADCY3|Rousettus_aegyptiacus|XP_015977196	XP_036191076.1	91.972	2158	0.0	XP_036191076.1 adenylate cyclase type 3 isoform X1 [Myotis myotis]
ADCY3|Rousettus_aegyptiacus|XP_015977196	XP_036191075.1	91.972	2158	0.0	XP_036191075.1 adenylate cyclase type 3 isoform X1 [Myotis myotis]
ADCY3|Rousettus_aegyptiacus|XP_015977196	XP_036193927.1	37.956	673	0.0	XP_036193927.1 adenylate cyclase type 8 isoform X1 [Myotis myotis]
ADCY3|Rousettus_aegyptiacus|XP_015977196	XP_036193928.1	37.237	659	0.0	XP_036193928.1 adenylate cyclase type 8 isoform X2 [Myotis myotis]
ADCY3|Saccopteryx_bilineata|XP_066093571	XP_036191076.1	91.710	2144	0.0	XP_036191076.1 adenylate cyclase type 3 isoform X1 [Myotis myotis]
ADCY3|Saccopteryx_bilineata|XP_066093571	XP_036191075.1	91.710	2144	0.0	XP_036191075.1 adenylate cyclase type 3 isoform X1 [Myotis myotis]
ADCY3|Saccopteryx_bilineata|XP_066093571	XP_036191077.1	91.710	2139	0.0	XP_036191077.1 adenylate cyclase type 3 isoform X2 [Myotis myotis]
ADCY3|Saccopteryx_bilineata|XP_066093571	XP_036193927.1	37.203	684	0.0	XP_036193927.1 adenylate cyclase type 8 isoform X1 [Myotis myotis]
ADCY3|Saccopteryx_bilineata|XP_066093571	XP_036193928.1	36.664	675	0.0	XP_036193928.1 adenylate cyclase type 8 isoform X2 [Myotis myotis]
ADCY3|Saccopteryx_leptura|XP_066242428	XP_036191077.1	91.878	2144	0.0	XP_036191077.1 adenylate cyclase type 3 isoform X2 [Myotis myotis]
ADCY3|Saccopteryx_leptura|XP_066242428	XP_036191076.1	91.798	2139	0.0	XP_036191076.1 adenylate cyclase type 3 isoform X1 [Myotis myotis]
ADCY3|Saccopteryx_leptura|XP_066242428	XP_036191075.1	91.798	2139	0.0	XP_036191075.1 adenylate cyclase type 3 isoform X1 [Myotis myotis]
ADCY3|Saccopteryx_leptura|XP_066242428	XP_036193927.1	37.167	681	0.0	XP_036193927.1 adenylate cyclase type 8 isoform X1 [Myotis myotis]
ADCY3|Saccopteryx_leptura|XP_066242428	XP_036193928.1	36.624	672	0.0	XP_036193928.1 adenylate cyclase type 8 isoform X2 [Myotis myotis]
ADCY3|Sturnira_hondurensis|XP_036922709	XP_036191077.1	93.269	2187	0.0	XP_036191077.1 adenylate cyclase type 3 isoform X2 [Myotis myotis]
ADCY3|Sturnira_hondurensis|XP_036922709	XP_036191076.1	93.188	2183	0.0	XP_036191076.1 adenylate cyclase type 3 isoform X1 [Myotis myotis]
ADCY3|Sturnira_hondurensis|XP_036922709	XP_036191075.1	93.188	2183	0.0	XP_036191075.1 adenylate cyclase type 3 isoform X1 [Myotis myotis]
ADCY3|Sturnira_hondurensis|XP_036922709	XP_036193927.1	37.030	680	0.0	XP_036193927.1 adenylate cyclase type 8 isoform X1 [Myotis myotis]
ADCY3|Sturnira_hondurensis|XP_036922709	XP_036193928.1	36.765	669	0.0	XP_036193928.1 adenylate cyclase type 8 isoform X2 [Myotis myotis]
ADCY3|Sturnira_hondurensis|XP_036922709	XP_036193928.1	25.000	86.3	2.68e-16	XP_036193928.1 adenylate cyclase type 8 isoform X2 [Myotis myotis]
ADCY7|Artibeus_jamaicensis|XP_053519172	XP_036201024.1	88.653	1818	0.0	XP_036201024.1 adenylate cyclase type 7 isoform X1 [Myotis myotis]
ADCY7|Artibeus_jamaicensis|XP_053519172	XP_036201023.1	88.653	1818	0.0	XP_036201023.1 adenylate cyclase type 7 isoform X1 [Myotis myotis]
ADCY7|Artibeus_jamaicensis|XP_053519172	XP_036201022.1	88.653	1818	0.0	XP_036201022.1 adenylate cyclase type 7 isoform X1 [Myotis myotis]
ADCY7|Artibeus_jamaicensis|XP_053519172	XP_036201021.1	88.653	1818	0.0	XP_036201021.1 adenylate cyclase type 7 isoform X1 [Myotis myotis]
ADCY7|Artibeus_jamaicensis|XP_053519172	XP_036201020.1	88.653	1818	0.0	XP_036201020.1 adenylate cyclase type 7 isoform X1 [Myotis myotis]
ADCY7|Cnephaeus_nilssonii|XP_079656367	XP_036201024.1	95.091	2157	0.0	XP_036201024.1 adenylate cyclase type 7 isoform X1 [Myotis myotis]
ADCY7|Cnephaeus_nilssonii|XP_079656367	XP_036201023.1	95.091	2157	0.0	XP_036201023.1 adenylate cyclase type 7 isoform X1 [Myotis myotis]
ADCY7|Cnephaeus_nilssonii|XP_079656367	XP_036201022.1	95.091	2157	0.0	XP_036201022.1 adenylate cyclase type 7 isoform X1 [Myotis myotis]
ADCY7|Cnephaeus_nilssonii|XP_079656367	XP_036201021.1	95.091	2157	0.0	XP_036201021.1 adenylate cyclase type 7 isoform X1 [Myotis myotis]
ADCY7|Cnephaeus_nilssonii|XP_079656367	XP_036201020.1	95.091	2157	0.0	XP_036201020.1 adenylate cyclase type 7 isoform X1 [Myotis myotis]
ADCY7|Desmodus_rotundus|XP_045044348	XP_036201024.1	88.909	1817	0.0	XP_036201024.1 adenylate cyclase type 7 isoform X1 [Myotis myotis]
ADCY7|Desmodus_rotundus|XP_045044348	XP_036201023.1	88.909	1817	0.0	XP_036201023.1 adenylate cyclase type 7 isoform X1 [Myotis myotis]
ADCY7|Desmodus_rotundus|XP_045044348	XP_036201022.1	88.909	1817	0.0	XP_036201022.1 adenylate cyclase type 7 isoform X1 [Myotis myotis]
ADCY7|Desmodus_rotundus|XP_045044348	XP_036201021.1	88.909	1817	0.0	XP_036201021.1 adenylate cyclase type 7 isoform X1 [Myotis myotis]
ADCY7|Desmodus_rotundus|XP_045044348	XP_036201020.1	88.909	1817	0.0	XP_036201020.1 adenylate cyclase type 7 isoform X1 [Myotis myotis]
ADCY7|Eptesicus_fuscus|XP_054566799	XP_036201024.1	95.182	2158	0.0	XP_036201024.1 adenylate cyclase type 7 isoform X1 [Myotis myotis]
ADCY7|Eptesicus_fuscus|XP_054566799	XP_036201023.1	95.182	2158	0.0	XP_036201023.1 adenylate cyclase type 7 isoform X1 [Myotis myotis]
ADCY7|Eptesicus_fuscus|XP_054566799	XP_036201022.1	95.182	2158	0.0	XP_036201022.1 adenylate cyclase type 7 isoform X1 [Myotis myotis]
ADCY7|Eptesicus_fuscus|XP_054566799	XP_036201021.1	95.182	2158	0.0	XP_036201021.1 adenylate cyclase type 7 isoform X1 [Myotis myotis]
ADCY7|Eptesicus_fuscus|XP_054566799	XP_036201020.1	95.182	2158	0.0	XP_036201020.1 adenylate cyclase type 7 isoform X1 [Myotis myotis]
ADCY7|Hipposideros_armiger|XP_019499113	XP_036201024.1	80.439	1699	0.0	XP_036201024.1 adenylate cyclase type 7 isoform X1 [Myotis myotis]
ADCY7|Hipposideros_armiger|XP_019499113	XP_036201023.1	80.439	1699	0.0	XP_036201023.1 adenylate cyclase type 7 isoform X1 [Myotis myotis]
ADCY7|Hipposideros_armiger|XP_019499113	XP_036201022.1	80.439	1699	0.0	XP_036201022.1 adenylate cyclase type 7 isoform X1 [Myotis myotis]
ADCY7|Hipposideros_armiger|XP_019499113	XP_036201021.1	80.439	1699	0.0	XP_036201021.1 adenylate cyclase type 7 isoform X1 [Myotis myotis]
ADCY7|Hipposideros_armiger|XP_019499113	XP_036201020.1	80.439	1699	0.0	XP_036201020.1 adenylate cyclase type 7 isoform X1 [Myotis myotis]
ADCY7|Miniopterus_natalensis|XP_016060493	XP_036201024.1	90.463	1878	0.0	XP_036201024.1 adenylate cyclase type 7 isoform X1 [Myotis myotis]
ADCY7|Miniopterus_natalensis|XP_016060493	XP_036201023.1	90.463	1878	0.0	XP_036201023.1 adenylate cyclase type 7 isoform X1 [Myotis myotis]
ADCY7|Miniopterus_natalensis|XP_016060493	XP_036201022.1	90.463	1878	0.0	XP_036201022.1 adenylate cyclase type 7 isoform X1 [Myotis myotis]
ADCY7|Miniopterus_natalensis|XP_016060493	XP_036201021.1	90.463	1878	0.0	XP_036201021.1 adenylate cyclase type 7 isoform X1 [Myotis myotis]
ADCY7|Miniopterus_natalensis|XP_016060493	XP_036201020.1	90.463	1878	0.0	XP_036201020.1 adenylate cyclase type 7 isoform X1 [Myotis myotis]
ADCY7|Miniopterus_schreibersii|XP_080974599	XP_036201024.1	90.463	1878	0.0	XP_036201024.1 adenylate cyclase type 7 isoform X1 [Myotis myotis]
ADCY7|Miniopterus_schreibersii|XP_080974599	XP_036201023.1	90.463	1878	0.0	XP_036201023.1 adenylate cyclase type 7 isoform X1 [Myotis myotis]
ADCY7|Miniopterus_schreibersii|XP_080974599	XP_036201022.1	90.463	1878	0.0	XP_036201022.1 adenylate cyclase type 7 isoform X1 [Myotis myotis]
ADCY7|Miniopterus_schreibersii|XP_080974599	XP_036201021.1	90.463	1878	0.0	XP_036201021.1 adenylate cyclase type 7 isoform X1 [Myotis myotis]
ADCY7|Miniopterus_schreibersii|XP_080974599	XP_036201020.1	90.463	1878	0.0	XP_036201020.1 adenylate cyclase type 7 isoform X1 [Myotis myotis]
ADCY7|Molossus_molossus|XP_036131871	XP_036201024.1	89.556	1839	0.0	XP_036201024.1 adenylate cyclase type 7 isoform X1 [Myotis myotis]
ADCY7|Molossus_molossus|XP_036131871	XP_036201023.1	89.556	1839	0.0	XP_036201023.1 adenylate cyclase type 7 isoform X1 [Myotis myotis]
ADCY7|Molossus_molossus|XP_036131871	XP_036201022.1	89.556	1839	0.0	XP_036201022.1 adenylate cyclase type 7 isoform X1 [Myotis myotis]
ADCY7|Molossus_molossus|XP_036131871	XP_036201021.1	89.556	1839	0.0	XP_036201021.1 adenylate cyclase type 7 isoform X1 [Myotis myotis]
ADCY7|Molossus_molossus|XP_036131871	XP_036201020.1	89.556	1839	0.0	XP_036201020.1 adenylate cyclase type 7 isoform X1 [Myotis myotis]
ADCY7|Myotis_daubentonii|XP_059524057	XP_036201024.1	98.636	2240	0.0	XP_036201024.1 adenylate cyclase type 7 isoform X1 [Myotis myotis]
ADCY7|Myotis_daubentonii|XP_059524057	XP_036201023.1	98.636	2240	0.0	XP_036201023.1 adenylate cyclase type 7 isoform X1 [Myotis myotis]
ADCY7|Myotis_daubentonii|XP_059524057	XP_036201022.1	98.636	2240	0.0	XP_036201022.1 adenylate cyclase type 7 isoform X1 [Myotis myotis]
ADCY7|Myotis_daubentonii|XP_059524057	XP_036201021.1	98.636	2240	0.0	XP_036201021.1 adenylate cyclase type 7 isoform X1 [Myotis myotis]
ADCY7|Myotis_daubentonii|XP_059524057	XP_036201020.1	98.636	2240	0.0	XP_036201020.1 adenylate cyclase type 7 isoform X1 [Myotis myotis]
ADCY7|Myotis_davidii|XP_015428125	XP_036201024.1	86.911	1258	0.0	XP_036201024.1 adenylate cyclase type 7 isoform X1 [Myotis myotis]
ADCY7|Myotis_davidii|XP_015428125	XP_036201024.1	95.522	322	3.07e-94	XP_036201024.1 adenylate cyclase type 7 isoform X1 [Myotis myotis]
ADCY7|Myotis_davidii|XP_015428125	XP_036201023.1	86.911	1258	0.0	XP_036201023.1 adenylate cyclase type 7 isoform X1 [Myotis myotis]
ADCY7|Myotis_davidii|XP_015428125	XP_036201023.1	95.522	322	3.07e-94	XP_036201023.1 adenylate cyclase type 7 isoform X1 [Myotis myotis]
ADCY7|Myotis_davidii|XP_015428125	XP_036201022.1	86.911	1258	0.0	XP_036201022.1 adenylate cyclase type 7 isoform X1 [Myotis myotis]
ADCY7|Myotis_davidii|XP_015428125	XP_036201022.1	95.522	322	3.07e-94	XP_036201022.1 adenylate cyclase type 7 isoform X1 [Myotis myotis]
ADCY7|Myotis_davidii|XP_015428125	XP_036201021.1	86.911	1258	0.0	XP_036201021.1 adenylate cyclase type 7 isoform X1 [Myotis myotis]
ADCY7|Myotis_davidii|XP_015428125	XP_036201021.1	95.522	322	3.07e-94	XP_036201021.1 adenylate cyclase type 7 isoform X1 [Myotis myotis]
ADCY7|Myotis_davidii|XP_015428125	XP_036201020.1	86.911	1258	0.0	XP_036201020.1 adenylate cyclase type 7 isoform X1 [Myotis myotis]
ADCY7|Myotis_davidii|XP_015428125	XP_036201020.1	95.522	322	3.07e-94	XP_036201020.1 adenylate cyclase type 7 isoform X1 [Myotis myotis]
ADCY7|Myotis_myotis|XP_036201024	XP_036201024.1	100.000	2264	0.0	XP_036201024.1 adenylate cyclase type 7 isoform X1 [Myotis myotis]
ADCY7|Myotis_myotis|XP_036201024	XP_036201023.1	100.000	2264	0.0	XP_036201023.1 adenylate cyclase type 7 isoform X1 [Myotis myotis]
ADCY7|Myotis_myotis|XP_036201024	XP_036201022.1	100.000	2264	0.0	XP_036201022.1 adenylate cyclase type 7 isoform X1 [Myotis myotis]
ADCY7|Myotis_myotis|XP_036201024	XP_036201021.1	100.000	2264	0.0	XP_036201021.1 adenylate cyclase type 7 isoform X1 [Myotis myotis]
ADCY7|Myotis_myotis|XP_036201024	XP_036201020.1	100.000	2264	0.0	XP_036201020.1 adenylate cyclase type 7 isoform X1 [Myotis myotis]
ADCY7|Myotis_nattereri|XP_080963565	XP_036201024.1	98.517	2190	0.0	XP_036201024.1 adenylate cyclase type 7 isoform X1 [Myotis myotis]
ADCY7|Myotis_nattereri|XP_080963565	XP_036201023.1	98.517	2190	0.0	XP_036201023.1 adenylate cyclase type 7 isoform X1 [Myotis myotis]
ADCY7|Myotis_nattereri|XP_080963565	XP_036201022.1	98.517	2190	0.0	XP_036201022.1 adenylate cyclase type 7 isoform X1 [Myotis myotis]
ADCY7|Myotis_nattereri|XP_080963565	XP_036201021.1	98.517	2190	0.0	XP_036201021.1 adenylate cyclase type 7 isoform X1 [Myotis myotis]
ADCY7|Myotis_nattereri|XP_080963565	XP_036201020.1	98.517	2190	0.0	XP_036201020.1 adenylate cyclase type 7 isoform X1 [Myotis myotis]
ADCY7|Myotis_yumanensis|XP_070254456	XP_036201024.1	97.182	2207	0.0	XP_036201024.1 adenylate cyclase type 7 isoform X1 [Myotis myotis]
ADCY7|Myotis_yumanensis|XP_070254456	XP_036201023.1	97.182	2207	0.0	XP_036201023.1 adenylate cyclase type 7 isoform X1 [Myotis myotis]
ADCY7|Myotis_yumanensis|XP_070254456	XP_036201022.1	97.182	2207	0.0	XP_036201022.1 adenylate cyclase type 7 isoform X1 [Myotis myotis]
ADCY7|Myotis_yumanensis|XP_070254456	XP_036201021.1	97.182	2207	0.0	XP_036201021.1 adenylate cyclase type 7 isoform X1 [Myotis myotis]
ADCY7|Myotis_yumanensis|XP_070254456	XP_036201020.1	97.182	2207	0.0	XP_036201020.1 adenylate cyclase type 7 isoform X1 [Myotis myotis]
ADCY7|Phyllostomus_discolor|XP_035869409	XP_036201024.1	88.590	1807	0.0	XP_036201024.1 adenylate cyclase type 7 isoform X1 [Myotis myotis]
ADCY7|Phyllostomus_discolor|XP_035869409	XP_036201023.1	88.590	1807	0.0	XP_036201023.1 adenylate cyclase type 7 isoform X1 [Myotis myotis]
ADCY7|Phyllostomus_discolor|XP_035869409	XP_036201022.1	88.590	1807	0.0	XP_036201022.1 adenylate cyclase type 7 isoform X1 [Myotis myotis]
ADCY7|Phyllostomus_discolor|XP_035869409	XP_036201021.1	88.590	1807	0.0	XP_036201021.1 adenylate cyclase type 7 isoform X1 [Myotis myotis]
ADCY7|Phyllostomus_discolor|XP_035869409	XP_036201020.1	88.590	1807	0.0	XP_036201020.1 adenylate cyclase type 7 isoform X1 [Myotis myotis]
ADCY7|Phyllostomus_hastatus|XP_045674325	XP_036201024.1	88.590	1805	0.0	XP_036201024.1 adenylate cyclase type 7 isoform X1 [Myotis myotis]
ADCY7|Phyllostomus_hastatus|XP_045674325	XP_036201023.1	88.590	1805	0.0	XP_036201023.1 adenylate cyclase type 7 isoform X1 [Myotis myotis]
ADCY7|Phyllostomus_hastatus|XP_045674325	XP_036201022.1	88.590	1805	0.0	XP_036201022.1 adenylate cyclase type 7 isoform X1 [Myotis myotis]
ADCY7|Phyllostomus_hastatus|XP_045674325	XP_036201021.1	88.590	1805	0.0	XP_036201021.1 adenylate cyclase type 7 isoform X1 [Myotis myotis]
ADCY7|Phyllostomus_hastatus|XP_045674325	XP_036201020.1	88.590	1805	0.0	XP_036201020.1 adenylate cyclase type 7 isoform X1 [Myotis myotis]
ADCY7|Pipistrellus_kuhlii|XP_045438839	XP_036201024.1	90.727	1909	0.0	XP_036201024.1 adenylate cyclase type 7 isoform X1 [Myotis myotis]
ADCY7|Pipistrellus_kuhlii|XP_045438839	XP_036201023.1	90.727	1909	0.0	XP_036201023.1 adenylate cyclase type 7 isoform X1 [Myotis myotis]
ADCY7|Pipistrellus_kuhlii|XP_045438839	XP_036201022.1	90.727	1909	0.0	XP_036201022.1 adenylate cyclase type 7 isoform X1 [Myotis myotis]
ADCY7|Pipistrellus_kuhlii|XP_045438839	XP_036201021.1	90.727	1909	0.0	XP_036201021.1 adenylate cyclase type 7 isoform X1 [Myotis myotis]
ADCY7|Pipistrellus_kuhlii|XP_045438839	XP_036201020.1	90.727	1909	0.0	XP_036201020.1 adenylate cyclase type 7 isoform X1 [Myotis myotis]
ADCY7|Plecotus_auritus|XP_080501298	XP_036201024.1	95.455	2165	0.0	XP_036201024.1 adenylate cyclase type 7 isoform X1 [Myotis myotis]
ADCY7|Plecotus_auritus|XP_080501298	XP_036201023.1	95.455	2165	0.0	XP_036201023.1 adenylate cyclase type 7 isoform X1 [Myotis myotis]
ADCY7|Plecotus_auritus|XP_080501298	XP_036201022.1	95.455	2165	0.0	XP_036201022.1 adenylate cyclase type 7 isoform X1 [Myotis myotis]
ADCY7|Plecotus_auritus|XP_080501298	XP_036201021.1	95.455	2165	0.0	XP_036201021.1 adenylate cyclase type 7 isoform X1 [Myotis myotis]
ADCY7|Plecotus_auritus|XP_080501298	XP_036201020.1	95.455	2165	0.0	XP_036201020.1 adenylate cyclase type 7 isoform X1 [Myotis myotis]
ADCY7|Pteronotus_mesoamericanus|XP_054426249	XP_036201024.1	88.437	1823	0.0	XP_036201024.1 adenylate cyclase type 7 isoform X1 [Myotis myotis]
ADCY7|Pteronotus_mesoamericanus|XP_054426249	XP_036201023.1	88.437	1823	0.0	XP_036201023.1 adenylate cyclase type 7 isoform X1 [Myotis myotis]
ADCY7|Pteronotus_mesoamericanus|XP_054426249	XP_036201022.1	88.437	1823	0.0	XP_036201022.1 adenylate cyclase type 7 isoform X1 [Myotis myotis]
ADCY7|Pteronotus_mesoamericanus|XP_054426249	XP_036201021.1	88.437	1823	0.0	XP_036201021.1 adenylate cyclase type 7 isoform X1 [Myotis myotis]
ADCY7|Pteronotus_mesoamericanus|XP_054426249	XP_036201020.1	88.437	1823	0.0	XP_036201020.1 adenylate cyclase type 7 isoform X1 [Myotis myotis]
ADCY7|Pteropus_alecto|XP_024900361	XP_036201024.1	79.610	1642	0.0	XP_036201024.1 adenylate cyclase type 7 isoform X1 [Myotis myotis]
ADCY7|Pteropus_alecto|XP_024900361	XP_036201023.1	79.610	1642	0.0	XP_036201023.1 adenylate cyclase type 7 isoform X1 [Myotis myotis]
ADCY7|Pteropus_alecto|XP_024900361	XP_036201022.1	79.610	1642	0.0	XP_036201022.1 adenylate cyclase type 7 isoform X1 [Myotis myotis]
ADCY7|Pteropus_alecto|XP_024900361	XP_036201021.1	79.610	1642	0.0	XP_036201021.1 adenylate cyclase type 7 isoform X1 [Myotis myotis]
ADCY7|Pteropus_alecto|XP_024900361	XP_036201020.1	79.610	1642	0.0	XP_036201020.1 adenylate cyclase type 7 isoform X1 [Myotis myotis]
ADCY7|Pteropus_medius|XP_039736763	XP_036201024.1	88.230	1811	0.0	XP_036201024.1 adenylate cyclase type 7 isoform X1 [Myotis myotis]
ADCY7|Pteropus_medius|XP_039736763	XP_036201023.1	88.230	1811	0.0	XP_036201023.1 adenylate cyclase type 7 isoform X1 [Myotis myotis]
ADCY7|Pteropus_medius|XP_039736763	XP_036201022.1	88.230	1811	0.0	XP_036201022.1 adenylate cyclase type 7 isoform X1 [Myotis myotis]
ADCY7|Pteropus_medius|XP_039736763	XP_036201021.1	88.230	1811	0.0	XP_036201021.1 adenylate cyclase type 7 isoform X1 [Myotis myotis]
ADCY7|Pteropus_medius|XP_039736763	XP_036201020.1	88.230	1811	0.0	XP_036201020.1 adenylate cyclase type 7 isoform X1 [Myotis myotis]
ADCY7|Pteropus_vampyrus|XP_023386422	XP_036201024.1	89.457	1662	0.0	XP_036201024.1 adenylate cyclase type 7 isoform X1 [Myotis myotis]
ADCY7|Pteropus_vampyrus|XP_023386422	XP_036201023.1	89.457	1662	0.0	XP_036201023.1 adenylate cyclase type 7 isoform X1 [Myotis myotis]
ADCY7|Pteropus_vampyrus|XP_023386422	XP_036201022.1	89.457	1662	0.0	XP_036201022.1 adenylate cyclase type 7 isoform X1 [Myotis myotis]
ADCY7|Pteropus_vampyrus|XP_023386422	XP_036201021.1	89.457	1662	0.0	XP_036201021.1 adenylate cyclase type 7 isoform X1 [Myotis myotis]
ADCY7|Pteropus_vampyrus|XP_023386422	XP_036201020.1	89.457	1662	0.0	XP_036201020.1 adenylate cyclase type 7 isoform X1 [Myotis myotis]
ADCY7|Rhinolophus_ferrumequinum|XP_032983098	XP_036201024.1	88.426	1835	0.0	XP_036201024.1 adenylate cyclase type 7 isoform X1 [Myotis myotis]
ADCY7|Rhinolophus_ferrumequinum|XP_032983098	XP_036201023.1	88.426	1835	0.0	XP_036201023.1 adenylate cyclase type 7 isoform X1 [Myotis myotis]
ADCY7|Rhinolophus_ferrumequinum|XP_032983098	XP_036201022.1	88.426	1835	0.0	XP_036201022.1 adenylate cyclase type 7 isoform X1 [Myotis myotis]
ADCY7|Rhinolophus_ferrumequinum|XP_032983098	XP_036201021.1	88.426	1835	0.0	XP_036201021.1 adenylate cyclase type 7 isoform X1 [Myotis myotis]
ADCY7|Rhinolophus_ferrumequinum|XP_032983098	XP_036201020.1	88.426	1835	0.0	XP_036201020.1 adenylate cyclase type 7 isoform X1 [Myotis myotis]
ADCY7|Rhinolophus_hipposideros|XP_080888642	XP_036201024.1	88.796	1835	0.0	XP_036201024.1 adenylate cyclase type 7 isoform X1 [Myotis myotis]
ADCY7|Rhinolophus_hipposideros|XP_080888642	XP_036201023.1	88.796	1835	0.0	XP_036201023.1 adenylate cyclase type 7 isoform X1 [Myotis myotis]
ADCY7|Rhinolophus_hipposideros|XP_080888642	XP_036201022.1	88.796	1835	0.0	XP_036201022.1 adenylate cyclase type 7 isoform X1 [Myotis myotis]
ADCY7|Rhinolophus_hipposideros|XP_080888642	XP_036201021.1	88.796	1835	0.0	XP_036201021.1 adenylate cyclase type 7 isoform X1 [Myotis myotis]
ADCY7|Rhinolophus_hipposideros|XP_080888642	XP_036201020.1	88.796	1835	0.0	XP_036201020.1 adenylate cyclase type 7 isoform X1 [Myotis myotis]
ADCY7|Rhinolophus_sinicus|XP_074171020	XP_036201024.1	88.981	1842	0.0	XP_036201024.1 adenylate cyclase type 7 isoform X1 [Myotis myotis]
ADCY7|Rhinolophus_sinicus|XP_074171020	XP_036201023.1	88.981	1842	0.0	XP_036201023.1 adenylate cyclase type 7 isoform X1 [Myotis myotis]
ADCY7|Rhinolophus_sinicus|XP_074171020	XP_036201022.1	88.981	1842	0.0	XP_036201022.1 adenylate cyclase type 7 isoform X1 [Myotis myotis]
ADCY7|Rhinolophus_sinicus|XP_074171020	XP_036201021.1	88.981	1842	0.0	XP_036201021.1 adenylate cyclase type 7 isoform X1 [Myotis myotis]
ADCY7|Rhinolophus_sinicus|XP_074171020	XP_036201020.1	88.981	1842	0.0	XP_036201020.1 adenylate cyclase type 7 isoform X1 [Myotis myotis]
ADCY7|Rousettus_aegyptiacus|XP_016003077	XP_036201024.1	86.944	1793	0.0	XP_036201024.1 adenylate cyclase type 7 isoform X1 [Myotis myotis]
ADCY7|Rousettus_aegyptiacus|XP_016003077	XP_036201023.1	86.944	1793	0.0	XP_036201023.1 adenylate cyclase type 7 isoform X1 [Myotis myotis]
ADCY7|Rousettus_aegyptiacus|XP_016003077	XP_036201022.1	86.944	1793	0.0	XP_036201022.1 adenylate cyclase type 7 isoform X1 [Myotis myotis]
ADCY7|Rousettus_aegyptiacus|XP_016003077	XP_036201021.1	86.944	1793	0.0	XP_036201021.1 adenylate cyclase type 7 isoform X1 [Myotis myotis]
ADCY7|Rousettus_aegyptiacus|XP_016003077	XP_036201020.1	86.944	1793	0.0	XP_036201020.1 adenylate cyclase type 7 isoform X1 [Myotis myotis]
ADCY7|Saccopteryx_bilineata|XP_066100041	XP_036201024.1	88.159	1813	0.0	XP_036201024.1 adenylate cyclase type 7 isoform X1 [Myotis myotis]
ADCY7|Saccopteryx_bilineata|XP_066100041	XP_036201023.1	88.159	1813	0.0	XP_036201023.1 adenylate cyclase type 7 isoform X1 [Myotis myotis]
ADCY7|Saccopteryx_bilineata|XP_066100041	XP_036201022.1	88.159	1813	0.0	XP_036201022.1 adenylate cyclase type 7 isoform X1 [Myotis myotis]
ADCY7|Saccopteryx_bilineata|XP_066100041	XP_036201021.1	88.159	1813	0.0	XP_036201021.1 adenylate cyclase type 7 isoform X1 [Myotis myotis]
ADCY7|Saccopteryx_bilineata|XP_066100041	XP_036201020.1	88.159	1813	0.0	XP_036201020.1 adenylate cyclase type 7 isoform X1 [Myotis myotis]
ADCY7|Saccopteryx_leptura|XP_066206037	XP_036201024.1	88.344	1815	0.0	XP_036201024.1 adenylate cyclase type 7 isoform X1 [Myotis myotis]
ADCY7|Saccopteryx_leptura|XP_066206037	XP_036201023.1	88.344	1815	0.0	XP_036201023.1 adenylate cyclase type 7 isoform X1 [Myotis myotis]
ADCY7|Saccopteryx_leptura|XP_066206037	XP_036201022.1	88.344	1815	0.0	XP_036201022.1 adenylate cyclase type 7 isoform X1 [Myotis myotis]
ADCY7|Saccopteryx_leptura|XP_066206037	XP_036201021.1	88.344	1815	0.0	XP_036201021.1 adenylate cyclase type 7 isoform X1 [Myotis myotis]
ADCY7|Saccopteryx_leptura|XP_066206037	XP_036201020.1	88.344	1815	0.0	XP_036201020.1 adenylate cyclase type 7 isoform X1 [Myotis myotis]
ADCY7|Sturnira_hondurensis|XP_036922250	XP_036201024.1	88.134	1835	0.0	XP_036201024.1 adenylate cyclase type 7 isoform X1 [Myotis myotis]
ADCY7|Sturnira_hondurensis|XP_036922250	XP_036201023.1	88.134	1835	0.0	XP_036201023.1 adenylate cyclase type 7 isoform X1 [Myotis myotis]
ADCY7|Sturnira_hondurensis|XP_036922250	XP_036201022.1	88.134	1835	0.0	XP_036201022.1 adenylate cyclase type 7 isoform X1 [Myotis myotis]
ADCY7|Sturnira_hondurensis|XP_036922250	XP_036201021.1	88.134	1835	0.0	XP_036201021.1 adenylate cyclase type 7 isoform X1 [Myotis myotis]
ADCY7|Sturnira_hondurensis|XP_036922250	XP_036201020.1	88.134	1835	0.0	XP_036201020.1 adenylate cyclase type 7 isoform X1 [Myotis myotis]
ADCY8|Artibeus_jamaicensis|XP_037022590	XP_036193927.1	96.728	2506	0.0	XP_036193927.1 adenylate cyclase type 8 isoform X1 [Myotis myotis]
ADCY8|Artibeus_jamaicensis|XP_037022590	XP_036193928.1	94.334	2424	0.0	XP_036193928.1 adenylate cyclase type 8 isoform X2 [Myotis myotis]
ADCY8|Artibeus_jamaicensis|XP_037022590	XP_036193929.1	96.244	1281	0.0	XP_036193929.1 adenylate cyclase type 8 isoform X3 [Myotis myotis]
ADCY8|Artibeus_jamaicensis|XP_037022590	XP_036193929.1	91.837	1098	0.0	XP_036193929.1 adenylate cyclase type 8 isoform X3 [Myotis myotis]
ADCY8|Artibeus_jamaicensis|XP_037022590	XP_036193929.1	30.631	100	1.04e-20	XP_036193929.1 adenylate cyclase type 8 isoform X3 [Myotis myotis]
ADCY8|Artibeus_jamaicensis|XP_037022590	XP_036193929.1	31.915	100	1.20e-20	XP_036193929.1 adenylate cyclase type 8 isoform X3 [Myotis myotis]
ADCY8|Artibeus_jamaicensis|XP_037022590	XP_036206998.1	41.863	762	0.0	XP_036206998.1 adenylate cyclase type 5 isoform X3 [Myotis myotis]
ADCY8|Artibeus_jamaicensis|XP_037022590	XP_036154396.1	41.908	758	0.0	XP_036154396.1 adenylate cyclase type 6 isoform X2 [Myotis myotis]
ADCY8|Cnephaeus_nilssonii|XP_079652455	XP_036193927.1	99.600	2568	0.0	XP_036193927.1 adenylate cyclase type 8 isoform X1 [Myotis myotis]
ADCY8|Cnephaeus_nilssonii|XP_079652455	XP_036193928.1	97.198	2485	0.0	XP_036193928.1 adenylate cyclase type 8 isoform X2 [Myotis myotis]
ADCY8|Cnephaeus_nilssonii|XP_079652455	XP_036193929.1	99.371	1312	0.0	XP_036193929.1 adenylate cyclase type 8 isoform X3 [Myotis myotis]
ADCY8|Cnephaeus_nilssonii|XP_079652455	XP_036193929.1	94.549	1129	0.0	XP_036193929.1 adenylate cyclase type 8 isoform X3 [Myotis myotis]
ADCY8|Cnephaeus_nilssonii|XP_079652455	XP_036193929.1	27.815	101	6.24e-21	XP_036193929.1 adenylate cyclase type 8 isoform X3 [Myotis myotis]
ADCY8|Cnephaeus_nilssonii|XP_079652455	XP_036193929.1	31.746	100	1.34e-20	XP_036193929.1 adenylate cyclase type 8 isoform X3 [Myotis myotis]
ADCY8|Cnephaeus_nilssonii|XP_079652455	XP_036206998.1	41.926	764	0.0	XP_036206998.1 adenylate cyclase type 5 isoform X3 [Myotis myotis]
ADCY8|Cnephaeus_nilssonii|XP_079652455	XP_036154396.1	41.573	757	0.0	XP_036154396.1 adenylate cyclase type 6 isoform X2 [Myotis myotis]
ADCY8|Desmodus_rotundus|XP_024427981	XP_036193927.1	96.730	2508	0.0	XP_036193927.1 adenylate cyclase type 8 isoform X1 [Myotis myotis]
ADCY8|Desmodus_rotundus|XP_024427981	XP_036193928.1	94.338	2427	0.0	XP_036193928.1 adenylate cyclase type 8 isoform X2 [Myotis myotis]
ADCY8|Desmodus_rotundus|XP_024427981	XP_036193929.1	96.250	1283	0.0	XP_036193929.1 adenylate cyclase type 8 isoform X3 [Myotis myotis]
ADCY8|Desmodus_rotundus|XP_024427981	XP_036193929.1	91.837	1098	0.0	XP_036193929.1 adenylate cyclase type 8 isoform X3 [Myotis myotis]
ADCY8|Desmodus_rotundus|XP_024427981	XP_036193929.1	29.577	102	2.97e-21	XP_036193929.1 adenylate cyclase type 8 isoform X3 [Myotis myotis]
ADCY8|Desmodus_rotundus|XP_024427981	XP_036193929.1	30.631	100	1.15e-20	XP_036193929.1 adenylate cyclase type 8 isoform X3 [Myotis myotis]
ADCY8|Desmodus_rotundus|XP_024427981	XP_036206998.1	41.823	766	0.0	XP_036206998.1 adenylate cyclase type 5 isoform X3 [Myotis myotis]
ADCY8|Desmodus_rotundus|XP_024427981	XP_036154396.1	41.815	757	0.0	XP_036154396.1 adenylate cyclase type 6 isoform X2 [Myotis myotis]
ADCY8|Eptesicus_fuscus|XP_008157689	XP_036193927.1	99.600	2568	0.0	XP_036193927.1 adenylate cyclase type 8 isoform X1 [Myotis myotis]
ADCY8|Eptesicus_fuscus|XP_008157689	XP_036193928.1	97.198	2485	0.0	XP_036193928.1 adenylate cyclase type 8 isoform X2 [Myotis myotis]
ADCY8|Eptesicus_fuscus|XP_008157689	XP_036193929.1	99.371	1312	0.0	XP_036193929.1 adenylate cyclase type 8 isoform X3 [Myotis myotis]
ADCY8|Eptesicus_fuscus|XP_008157689	XP_036193929.1	94.549	1129	0.0	XP_036193929.1 adenylate cyclase type 8 isoform X3 [Myotis myotis]
ADCY8|Eptesicus_fuscus|XP_008157689	XP_036193929.1	27.815	101	6.24e-21	XP_036193929.1 adenylate cyclase type 8 isoform X3 [Myotis myotis]
ADCY8|Eptesicus_fuscus|XP_008157689	XP_036193929.1	31.746	100	1.34e-20	XP_036193929.1 adenylate cyclase type 8 isoform X3 [Myotis myotis]
ADCY8|Eptesicus_fuscus|XP_008157689	XP_036206998.1	41.926	764	0.0	XP_036206998.1 adenylate cyclase type 5 isoform X3 [Myotis myotis]
ADCY8|Eptesicus_fuscus|XP_008157689	XP_036154396.1	41.573	757	0.0	XP_036154396.1 adenylate cyclase type 6 isoform X2 [Myotis myotis]
ADCY8|Hipposideros_armiger|XP_019481019	XP_036193927.1	90.837	2156	0.0	XP_036193927.1 adenylate cyclase type 8 isoform X1 [Myotis myotis]
ADCY8|Hipposideros_armiger|XP_019481019	XP_036193928.1	88.446	2075	0.0	XP_036193928.1 adenylate cyclase type 8 isoform X2 [Myotis myotis]
ADCY8|Hipposideros_armiger|XP_019481019	XP_036193929.1	90.252	1047	0.0	XP_036193929.1 adenylate cyclase type 8 isoform X3 [Myotis myotis]
ADCY8|Hipposideros_armiger|XP_019481019	XP_036193929.1	85.714	983	0.0	XP_036193929.1 adenylate cyclase type 8 isoform X3 [Myotis myotis]
ADCY8|Hipposideros_armiger|XP_019481019	XP_036193929.1	28.671	84.7	9.21e-16	XP_036193929.1 adenylate cyclase type 8 isoform X3 [Myotis myotis]
ADCY8|Hipposideros_armiger|XP_019481019	XP_036193929.1	26.577	74.7	8.62e-13	XP_036193929.1 adenylate cyclase type 8 isoform X3 [Myotis myotis]
ADCY8|Hipposideros_armiger|XP_019481019	XP_036206998.1	38.028	626	0.0	XP_036206998.1 adenylate cyclase type 5 isoform X3 [Myotis myotis]
ADCY8|Hipposideros_armiger|XP_019481019	XP_036154396.1	38.296	621	0.0	XP_036154396.1 adenylate cyclase type 6 isoform X2 [Myotis myotis]
ADCY8|Miniopterus_natalensis|XP_016071485	XP_036193927.1	97.470	2153	0.0	XP_036193927.1 adenylate cyclase type 8 isoform X1 [Myotis myotis]
ADCY8|Miniopterus_natalensis|XP_016071485	XP_036193928.1	94.658	2070	0.0	XP_036193928.1 adenylate cyclase type 8 isoform X2 [Myotis myotis]
ADCY8|Miniopterus_natalensis|XP_016071485	XP_036193929.1	91.667	1078	0.0	XP_036193929.1 adenylate cyclase type 8 isoform X3 [Myotis myotis]
ADCY8|Miniopterus_natalensis|XP_016071485	XP_036193929.1	98.013	858	0.0	XP_036193929.1 adenylate cyclase type 8 isoform X3 [Myotis myotis]
ADCY8|Miniopterus_natalensis|XP_016071485	XP_036193929.1	30.631	101	5.64e-21	XP_036193929.1 adenylate cyclase type 8 isoform X3 [Myotis myotis]
ADCY8|Miniopterus_natalensis|XP_016071485	XP_036193929.1	29.371	100	6.36e-21	XP_036193929.1 adenylate cyclase type 8 isoform X3 [Myotis myotis]
ADCY8|Miniopterus_natalensis|XP_016071485	XP_036206998.1	43.501	750	0.0	XP_036206998.1 adenylate cyclase type 5 isoform X3 [Myotis myotis]
ADCY8|Miniopterus_natalensis|XP_016071485	XP_036154396.1	41.028	739	0.0	XP_036154396.1 adenylate cyclase type 6 isoform X2 [Myotis myotis]
ADCY8|Miniopterus_schreibersii|XP_080972611	XP_036193927.1	95.516	2456	0.0	XP_036193927.1 adenylate cyclase type 8 isoform X1 [Myotis myotis]
ADCY8|Miniopterus_schreibersii|XP_080972611	XP_036193928.1	93.034	2248	0.0	XP_036193928.1 adenylate cyclase type 8 isoform X2 [Myotis myotis]
ADCY8|Miniopterus_schreibersii|XP_080972611	XP_036193929.1	93.858	1130	0.0	XP_036193929.1 adenylate cyclase type 8 isoform X3 [Myotis myotis]
ADCY8|Miniopterus_schreibersii|XP_080972611	XP_036193929.1	91.356	1071	0.0	XP_036193929.1 adenylate cyclase type 8 isoform X3 [Myotis myotis]
ADCY8|Miniopterus_schreibersii|XP_080972611	XP_036193929.1	29.577	102	3.31e-21	XP_036193929.1 adenylate cyclase type 8 isoform X3 [Myotis myotis]
ADCY8|Miniopterus_schreibersii|XP_080972611	XP_036193929.1	30.631	100	9.02e-21	XP_036193929.1 adenylate cyclase type 8 isoform X3 [Myotis myotis]
ADCY8|Miniopterus_schreibersii|XP_080972611	XP_036206998.1	41.690	761	0.0	XP_036206998.1 adenylate cyclase type 5 isoform X3 [Myotis myotis]
ADCY8|Miniopterus_schreibersii|XP_080972611	XP_036154396.1	41.706	755	0.0	XP_036154396.1 adenylate cyclase type 6 isoform X2 [Myotis myotis]
ADCY8|Molossus_molossus|XP_036119843	XP_036193927.1	97.122	2509	0.0	XP_036193927.1 adenylate cyclase type 8 isoform X1 [Myotis myotis]
ADCY8|Molossus_molossus|XP_036119843	XP_036193928.1	94.724	2429	0.0	XP_036193928.1 adenylate cyclase type 8 isoform X2 [Myotis myotis]
ADCY8|Molossus_molossus|XP_036119843	XP_036193929.1	96.860	1284	0.0	XP_036193929.1 adenylate cyclase type 8 isoform X3 [Myotis myotis]
ADCY8|Molossus_molossus|XP_036119843	XP_036193929.1	92.007	1096	0.0	XP_036193929.1 adenylate cyclase type 8 isoform X3 [Myotis myotis]
ADCY8|Molossus_molossus|XP_036119843	XP_036193929.1	29.930	102	2.09e-21	XP_036193929.1 adenylate cyclase type 8 isoform X3 [Myotis myotis]
ADCY8|Molossus_molossus|XP_036119843	XP_036193929.1	30.631	100	1.05e-20	XP_036193929.1 adenylate cyclase type 8 isoform X3 [Myotis myotis]
ADCY8|Molossus_molossus|XP_036119843	XP_036206998.1	41.878	764	0.0	XP_036206998.1 adenylate cyclase type 5 isoform X3 [Myotis myotis]
ADCY8|Molossus_molossus|XP_036119843	XP_036154396.1	41.425	756	0.0	XP_036154396.1 adenylate cyclase type 6 isoform X2 [Myotis myotis]
ADCY8|Myotis_brandtii|XP_005872848	XP_036193928.1	99.807	2131	0.0	XP_036193928.1 adenylate cyclase type 8 isoform X2 [Myotis myotis]
ADCY8|Myotis_brandtii|XP_005872848	XP_036193927.1	96.998	2115	0.0	XP_036193927.1 adenylate cyclase type 8 isoform X1 [Myotis myotis]
ADCY8|Myotis_brandtii|XP_005872848	XP_036193929.1	89.438	1030	0.0	XP_036193929.1 adenylate cyclase type 8 isoform X3 [Myotis myotis]
ADCY8|Myotis_brandtii|XP_005872848	XP_036193929.1	99.779	872	0.0	XP_036193929.1 adenylate cyclase type 8 isoform X3 [Myotis myotis]
ADCY8|Myotis_brandtii|XP_005872848	XP_036193929.1	31.746	101	5.84e-21	XP_036193929.1 adenylate cyclase type 8 isoform X3 [Myotis myotis]
ADCY8|Myotis_brandtii|XP_005872848	XP_036193929.1	30.631	100	6.15e-21	XP_036193929.1 adenylate cyclase type 8 isoform X3 [Myotis myotis]
ADCY8|Myotis_brandtii|XP_005872848	XP_036206998.1	42.932	727	0.0	XP_036206998.1 adenylate cyclase type 5 isoform X3 [Myotis myotis]
ADCY8|Myotis_brandtii|XP_005872848	XP_036154396.1	40.291	721	0.0	XP_036154396.1 adenylate cyclase type 6 isoform X2 [Myotis myotis]
ADCY8|Myotis_brandtii|XP_005872848	XP_036154396.1	31.646	104	4.73e-22	XP_036154396.1 adenylate cyclase type 6 isoform X2 [Myotis myotis]
ADCY8|Myotis_daubentonii|XP_059528290	XP_036193927.1	99.760	2573	0.0	XP_036193927.1 adenylate cyclase type 8 isoform X1 [Myotis myotis]
ADCY8|Myotis_daubentonii|XP_059528290	XP_036193928.1	97.356	2491	0.0	XP_036193928.1 adenylate cyclase type 8 isoform X2 [Myotis myotis]
ADCY8|Myotis_daubentonii|XP_059528290	XP_036193929.1	99.843	1320	0.0	XP_036193929.1 adenylate cyclase type 8 isoform X3 [Myotis myotis]
ADCY8|Myotis_daubentonii|XP_059528290	XP_036193929.1	94.378	1127	0.0	XP_036193929.1 adenylate cyclase type 8 isoform X3 [Myotis myotis]
ADCY8|Myotis_daubentonii|XP_059528290	XP_036193929.1	27.815	101	6.73e-21	XP_036193929.1 adenylate cyclase type 8 isoform X3 [Myotis myotis]
ADCY8|Myotis_daubentonii|XP_059528290	XP_036193929.1	31.746	100	1.18e-20	XP_036193929.1 adenylate cyclase type 8 isoform X3 [Myotis myotis]
ADCY8|Myotis_daubentonii|XP_059528290	XP_036206998.1	42.021	766	0.0	XP_036206998.1 adenylate cyclase type 5 isoform X3 [Myotis myotis]
ADCY8|Myotis_daubentonii|XP_059528290	XP_036154396.1	41.573	758	0.0	XP_036154396.1 adenylate cyclase type 6 isoform X2 [Myotis myotis]
ADCY8|Myotis_davidii|XP_015416939	XP_036193929.1	99.689	1983	0.0	XP_036193929.1 adenylate cyclase type 8 isoform X3 [Myotis myotis]
ADCY8|Myotis_davidii|XP_015416939	XP_036193927.1	93.671	1030	0.0	XP_036193927.1 adenylate cyclase type 8 isoform X1 [Myotis myotis]
ADCY8|Myotis_davidii|XP_015416939	XP_036193927.1	100.000	875	0.0	XP_036193927.1 adenylate cyclase type 8 isoform X1 [Myotis myotis]
ADCY8|Myotis_davidii|XP_015416939	XP_036193927.1	30.198	101	3.57e-21	XP_036193927.1 adenylate cyclase type 8 isoform X1 [Myotis myotis]
ADCY8|Myotis_davidii|XP_015416939	XP_036193927.1	30.631	100	6.60e-21	XP_036193927.1 adenylate cyclase type 8 isoform X1 [Myotis myotis]
ADCY8|Myotis_davidii|XP_015416939	XP_036193928.1	88.246	948	0.0	XP_036193928.1 adenylate cyclase type 8 isoform X2 [Myotis myotis]
ADCY8|Myotis_davidii|XP_015416939	XP_036193928.1	100.000	876	0.0	XP_036193928.1 adenylate cyclase type 8 isoform X2 [Myotis myotis]
ADCY8|Myotis_davidii|XP_015416939	XP_036193928.1	30.198	101	3.32e-21	XP_036193928.1 adenylate cyclase type 8 isoform X2 [Myotis myotis]
ADCY8|Myotis_davidii|XP_015416939	XP_036193928.1	30.631	100	7.15e-21	XP_036193928.1 adenylate cyclase type 8 isoform X2 [Myotis myotis]
ADCY8|Myotis_davidii|XP_015416939	XP_036154396.1	40.020	703	0.0	XP_036154396.1 adenylate cyclase type 6 isoform X2 [Myotis myotis]
ADCY8|Myotis_davidii|XP_015416939	XP_036154396.1	31.646	104	5.12e-22	XP_036154396.1 adenylate cyclase type 6 isoform X2 [Myotis myotis]
ADCY8|Myotis_davidii|XP_015416939	XP_036154395.1	39.139	676	0.0	XP_036154395.1 adenylate cyclase type 6 isoform X1 [Myotis myotis]
ADCY8|Myotis_davidii|XP_015416939	XP_036154395.1	29.958	87.0	1.04e-16	XP_036154395.1 adenylate cyclase type 6 isoform X1 [Myotis myotis]
ADCY8|Myotis_lucifugus|XP_006093353	XP_036193927.1	99.279	2563	0.0	XP_036193927.1 adenylate cyclase type 8 isoform X1 [Myotis myotis]
ADCY8|Myotis_lucifugus|XP_006093353	XP_036193928.1	96.875	2479	0.0	XP_036193928.1 adenylate cyclase type 8 isoform X2 [Myotis myotis]
ADCY8|Myotis_lucifugus|XP_006093353	XP_036193929.1	98.740	1305	0.0	XP_036193929.1 adenylate cyclase type 8 isoform X3 [Myotis myotis]
ADCY8|Myotis_lucifugus|XP_006093353	XP_036193929.1	94.549	1131	0.0	XP_036193929.1 adenylate cyclase type 8 isoform X3 [Myotis myotis]
ADCY8|Myotis_lucifugus|XP_006093353	XP_036193929.1	27.815	101	6.51e-21	XP_036193929.1 adenylate cyclase type 8 isoform X3 [Myotis myotis]
ADCY8|Myotis_lucifugus|XP_006093353	XP_036193929.1	31.746	100	1.24e-20	XP_036193929.1 adenylate cyclase type 8 isoform X3 [Myotis myotis]
ADCY8|Myotis_lucifugus|XP_006093353	XP_036206998.1	41.926	764	0.0	XP_036206998.1 adenylate cyclase type 5 isoform X3 [Myotis myotis]
ADCY8|Myotis_lucifugus|XP_006093353	XP_036154396.1	40.875	758	0.0	XP_036154396.1 adenylate cyclase type 6 isoform X2 [Myotis myotis]
ADCY8|Myotis_myotis|XP_036193927	XP_036193927.1	100.000	2577	0.0	XP_036193927.1 adenylate cyclase type 8 isoform X1 [Myotis myotis]
ADCY8|Myotis_myotis|XP_036193927	XP_036193928.1	97.596	2496	0.0	XP_036193928.1 adenylate cyclase type 8 isoform X2 [Myotis myotis]
ADCY8|Myotis_myotis|XP_036193927	XP_036193929.1	100.000	1322	0.0	XP_036193929.1 adenylate cyclase type 8 isoform X3 [Myotis myotis]
ADCY8|Myotis_myotis|XP_036193927	XP_036193929.1	94.719	1129	0.0	XP_036193929.1 adenylate cyclase type 8 isoform X3 [Myotis myotis]
ADCY8|Myotis_myotis|XP_036193927	XP_036193929.1	27.815	101	5.49e-21	XP_036193929.1 adenylate cyclase type 8 isoform X3 [Myotis myotis]
ADCY8|Myotis_myotis|XP_036193927	XP_036193929.1	31.746	100	1.22e-20	XP_036193929.1 adenylate cyclase type 8 isoform X3 [Myotis myotis]
ADCY8|Myotis_myotis|XP_036193927	XP_036206998.1	41.926	764	0.0	XP_036206998.1 adenylate cyclase type 5 isoform X3 [Myotis myotis]
ADCY8|Myotis_myotis|XP_036193927	XP_036154396.1	41.573	757	0.0	XP_036154396.1 adenylate cyclase type 6 isoform X2 [Myotis myotis]
ADCY8|Myotis_nattereri|XP_080967428	XP_036193927.1	99.679	2573	0.0	XP_036193927.1 adenylate cyclase type 8 isoform X1 [Myotis myotis]
ADCY8|Myotis_nattereri|XP_080967428	XP_036193928.1	97.276	2491	0.0	XP_036193928.1 adenylate cyclase type 8 isoform X2 [Myotis myotis]
ADCY8|Myotis_nattereri|XP_080967428	XP_036193929.1	99.843	1320	0.0	XP_036193929.1 adenylate cyclase type 8 isoform X3 [Myotis myotis]
ADCY8|Myotis_nattereri|XP_080967428	XP_036193929.1	94.208	1125	0.0	XP_036193929.1 adenylate cyclase type 8 isoform X3 [Myotis myotis]
ADCY8|Myotis_nattereri|XP_080967428	XP_036193929.1	27.815	101	7.20e-21	XP_036193929.1 adenylate cyclase type 8 isoform X3 [Myotis myotis]
ADCY8|Myotis_nattereri|XP_080967428	XP_036193929.1	31.746	100	1.24e-20	XP_036193929.1 adenylate cyclase type 8 isoform X3 [Myotis myotis]
ADCY8|Myotis_nattereri|XP_080967428	XP_036206998.1	42.021	765	0.0	XP_036206998.1 adenylate cyclase type 5 isoform X3 [Myotis myotis]
ADCY8|Myotis_nattereri|XP_080967428	XP_036154396.1	41.573	756	0.0	XP_036154396.1 adenylate cyclase type 6 isoform X2 [Myotis myotis]
ADCY8|Myotis_yumanensis|XP_070248448	XP_036193927.1	99.760	2575	0.0	XP_036193927.1 adenylate cyclase type 8 isoform X1 [Myotis myotis]
ADCY8|Myotis_yumanensis|XP_070248448	XP_036193928.1	97.356	2493	0.0	XP_036193928.1 adenylate cyclase type 8 isoform X2 [Myotis myotis]
ADCY8|Myotis_yumanensis|XP_070248448	XP_036193929.1	99.843	1319	0.0	XP_036193929.1 adenylate cyclase type 8 isoform X3 [Myotis myotis]
ADCY8|Myotis_yumanensis|XP_070248448	XP_036193929.1	94.378	1129	0.0	XP_036193929.1 adenylate cyclase type 8 isoform X3 [Myotis myotis]
ADCY8|Myotis_yumanensis|XP_070248448	XP_036193929.1	27.815	101	5.31e-21	XP_036193929.1 adenylate cyclase type 8 isoform X3 [Myotis myotis]
ADCY8|Myotis_yumanensis|XP_070248448	XP_036193929.1	31.746	100	1.18e-20	XP_036193929.1 adenylate cyclase type 8 isoform X3 [Myotis myotis]
ADCY8|Myotis_yumanensis|XP_070248448	XP_036206998.1	41.926	764	0.0	XP_036206998.1 adenylate cyclase type 5 isoform X3 [Myotis myotis]
ADCY8|Myotis_yumanensis|XP_070248448	XP_036154396.1	41.573	758	0.0	XP_036154396.1 adenylate cyclase type 6 isoform X2 [Myotis myotis]
ADCY8|Phyllostomus_discolor|XP_028389676	XP_036193927.1	97.049	2514	0.0	XP_036193927.1 adenylate cyclase type 8 isoform X1 [Myotis myotis]
ADCY8|Phyllostomus_discolor|XP_028389676	XP_036193928.1	94.657	2433	0.0	XP_036193928.1 adenylate cyclase type 8 isoform X2 [Myotis myotis]
ADCY8|Phyllostomus_discolor|XP_028389676	XP_036193929.1	96.406	1282	0.0	XP_036193929.1 adenylate cyclase type 8 isoform X3 [Myotis myotis]
ADCY8|Phyllostomus_discolor|XP_028389676	XP_036193929.1	92.347	1104	0.0	XP_036193929.1 adenylate cyclase type 8 isoform X3 [Myotis myotis]
ADCY8|Phyllostomus_discolor|XP_028389676	XP_036193929.1	28.239	102	3.59e-21	XP_036193929.1 adenylate cyclase type 8 isoform X3 [Myotis myotis]
ADCY8|Phyllostomus_discolor|XP_028389676	XP_036193929.1	30.631	100	1.07e-20	XP_036193929.1 adenylate cyclase type 8 isoform X3 [Myotis myotis]
ADCY8|Phyllostomus_discolor|XP_028389676	XP_036206998.1	41.863	763	0.0	XP_036206998.1 adenylate cyclase type 5 isoform X3 [Myotis myotis]
ADCY8|Phyllostomus_discolor|XP_028389676	XP_036154396.1	41.908	758	0.0	XP_036154396.1 adenylate cyclase type 6 isoform X2 [Myotis myotis]
ADCY8|Phyllostomus_hastatus|XP_045717105	XP_036193927.1	96.808	2508	0.0	XP_036193927.1 adenylate cyclase type 8 isoform X1 [Myotis myotis]
ADCY8|Phyllostomus_hastatus|XP_045717105	XP_036193928.1	94.413	2425	0.0	XP_036193928.1 adenylate cyclase type 8 isoform X2 [Myotis myotis]
ADCY8|Phyllostomus_hastatus|XP_045717105	XP_036193929.1	96.088	1279	0.0	XP_036193929.1 adenylate cyclase type 8 isoform X3 [Myotis myotis]
ADCY8|Phyllostomus_hastatus|XP_045717105	XP_036193929.1	92.177	1102	0.0	XP_036193929.1 adenylate cyclase type 8 isoform X3 [Myotis myotis]
ADCY8|Phyllostomus_hastatus|XP_045717105	XP_036193929.1	28.239	102	3.15e-21	XP_036193929.1 adenylate cyclase type 8 isoform X3 [Myotis myotis]
ADCY8|Phyllostomus_hastatus|XP_045717105	XP_036193929.1	30.631	100	1.04e-20	XP_036193929.1 adenylate cyclase type 8 isoform X3 [Myotis myotis]
ADCY8|Phyllostomus_hastatus|XP_045717105	XP_036206998.1	41.863	762	0.0	XP_036206998.1 adenylate cyclase type 5 isoform X3 [Myotis myotis]
ADCY8|Phyllostomus_hastatus|XP_045717105	XP_036154396.1	41.908	757	0.0	XP_036154396.1 adenylate cyclase type 6 isoform X2 [Myotis myotis]
ADCY8|Pipistrellus_kuhlii|XP_036293438	XP_036193927.1	97.684	2506	0.0	XP_036193927.1 adenylate cyclase type 8 isoform X1 [Myotis myotis]
ADCY8|Pipistrellus_kuhlii|XP_036293438	XP_036193928.1	95.288	2425	0.0	XP_036193928.1 adenylate cyclase type 8 isoform X2 [Myotis myotis]
ADCY8|Pipistrellus_kuhlii|XP_036293438	XP_036193929.1	96.401	1259	0.0	XP_036193929.1 adenylate cyclase type 8 isoform X3 [Myotis myotis]
ADCY8|Pipistrellus_kuhlii|XP_036293438	XP_036193929.1	93.697	1121	0.0	XP_036193929.1 adenylate cyclase type 8 isoform X3 [Myotis myotis]
ADCY8|Pipistrellus_kuhlii|XP_036293438	XP_036193929.1	31.746	101	7.65e-21	XP_036193929.1 adenylate cyclase type 8 isoform X3 [Myotis myotis]
ADCY8|Pipistrellus_kuhlii|XP_036293438	XP_036193929.1	31.746	100	1.25e-20	XP_036193929.1 adenylate cyclase type 8 isoform X3 [Myotis myotis]
ADCY8|Pipistrellus_kuhlii|XP_036293438	XP_036206998.1	42.021	768	0.0	XP_036206998.1 adenylate cyclase type 5 isoform X3 [Myotis myotis]
ADCY8|Pipistrellus_kuhlii|XP_036293438	XP_036154396.1	41.557	756	0.0	XP_036154396.1 adenylate cyclase type 6 isoform X2 [Myotis myotis]
ADCY8|Plecotus_auritus|XP_080503123	XP_036193927.1	99.439	2565	0.0	XP_036193927.1 adenylate cyclase type 8 isoform X1 [Myotis myotis]
ADCY8|Plecotus_auritus|XP_080503123	XP_036193928.1	97.035	2480	0.0	XP_036193928.1 adenylate cyclase type 8 isoform X2 [Myotis myotis]
ADCY8|Plecotus_auritus|XP_080503123	XP_036193929.1	99.213	1310	0.0	XP_036193929.1 adenylate cyclase type 8 isoform X3 [Myotis myotis]
ADCY8|Plecotus_auritus|XP_080503123	XP_036193929.1	94.378	1128	0.0	XP_036193929.1 adenylate cyclase type 8 isoform X3 [Myotis myotis]
ADCY8|Plecotus_auritus|XP_080503123	XP_036193929.1	27.815	100	8.11e-21	XP_036193929.1 adenylate cyclase type 8 isoform X3 [Myotis myotis]
ADCY8|Plecotus_auritus|XP_080503123	XP_036193929.1	31.746	100	1.16e-20	XP_036193929.1 adenylate cyclase type 8 isoform X3 [Myotis myotis]
ADCY8|Plecotus_auritus|XP_080503123	XP_036206998.1	42.021	767	0.0	XP_036206998.1 adenylate cyclase type 5 isoform X3 [Myotis myotis]
ADCY8|Plecotus_auritus|XP_080503123	XP_036154396.1	41.573	758	0.0	XP_036154396.1 adenylate cyclase type 6 isoform X2 [Myotis myotis]
ADCY8|Pteronotus_mesoamericanus|XP_054446071	XP_036193927.1	97.045	2510	0.0	XP_036193927.1 adenylate cyclase type 8 isoform X1 [Myotis myotis]
ADCY8|Pteronotus_mesoamericanus|XP_054446071	XP_036193928.1	94.649	2429	0.0	XP_036193928.1 adenylate cyclase type 8 isoform X2 [Myotis myotis]
ADCY8|Pteronotus_mesoamericanus|XP_054446071	XP_036193929.1	96.865	1286	0.0	XP_036193929.1 adenylate cyclase type 8 isoform X3 [Myotis myotis]
ADCY8|Pteronotus_mesoamericanus|XP_054446071	XP_036193929.1	91.837	1097	0.0	XP_036193929.1 adenylate cyclase type 8 isoform X3 [Myotis myotis]
ADCY8|Pteronotus_mesoamericanus|XP_054446071	XP_036193929.1	28.239	103	1.52e-21	XP_036193929.1 adenylate cyclase type 8 isoform X3 [Myotis myotis]
ADCY8|Pteronotus_mesoamericanus|XP_054446071	XP_036193929.1	30.631	100	1.07e-20	XP_036193929.1 adenylate cyclase type 8 isoform X3 [Myotis myotis]
ADCY8|Pteronotus_mesoamericanus|XP_054446071	XP_036206998.1	41.823	766	0.0	XP_036206998.1 adenylate cyclase type 5 isoform X3 [Myotis myotis]
ADCY8|Pteronotus_mesoamericanus|XP_054446071	XP_036154396.1	41.023	759	0.0	XP_036154396.1 adenylate cyclase type 6 isoform X2 [Myotis myotis]
ADCY8|Pteropus_alecto|XP_006912984	XP_036193927.1	96.169	2486	0.0	XP_036193927.1 adenylate cyclase type 8 isoform X1 [Myotis myotis]
ADCY8|Pteropus_alecto|XP_006912984	XP_036193928.1	93.775	2407	0.0	XP_036193928.1 adenylate cyclase type 8 isoform X2 [Myotis myotis]
ADCY8|Pteropus_alecto|XP_006912984	XP_036193929.1	95.462	1262	0.0	XP_036193929.1 adenylate cyclase type 8 isoform X3 [Myotis myotis]
ADCY8|Pteropus_alecto|XP_006912984	XP_036193929.1	91.497	1098	0.0	XP_036193929.1 adenylate cyclase type 8 isoform X3 [Myotis myotis]
ADCY8|Pteropus_alecto|XP_006912984	XP_036193929.1	28.873	100	8.81e-21	XP_036193929.1 adenylate cyclase type 8 isoform X3 [Myotis myotis]
ADCY8|Pteropus_alecto|XP_006912984	XP_036193929.1	29.362	100	1.04e-20	XP_036193929.1 adenylate cyclase type 8 isoform X3 [Myotis myotis]
ADCY8|Pteropus_alecto|XP_006912984	XP_036206998.1	41.502	757	0.0	XP_036206998.1 adenylate cyclase type 5 isoform X3 [Myotis myotis]
ADCY8|Pteropus_alecto|XP_006912984	XP_036154396.1	41.706	754	0.0	XP_036154396.1 adenylate cyclase type 6 isoform X2 [Myotis myotis]
ADCY8|Pteropus_medius|XP_039701812	XP_036193927.1	96.010	2482	0.0	XP_036193927.1 adenylate cyclase type 8 isoform X1 [Myotis myotis]
ADCY8|Pteropus_medius|XP_039701812	XP_036193928.1	93.615	2403	0.0	XP_036193928.1 adenylate cyclase type 8 isoform X2 [Myotis myotis]
ADCY8|Pteropus_medius|XP_039701812	XP_036193929.1	94.836	1135	0.0	XP_036193929.1 adenylate cyclase type 8 isoform X3 [Myotis myotis]
ADCY8|Pteropus_medius|XP_039701812	XP_036193929.1	91.356	1077	0.0	XP_036193929.1 adenylate cyclase type 8 isoform X3 [Myotis myotis]
ADCY8|Pteropus_medius|XP_039701812	XP_036193929.1	28.873	100	8.30e-21	XP_036193929.1 adenylate cyclase type 8 isoform X3 [Myotis myotis]
ADCY8|Pteropus_medius|XP_039701812	XP_036193929.1	29.362	100	1.03e-20	XP_036193929.1 adenylate cyclase type 8 isoform X3 [Myotis myotis]
ADCY8|Pteropus_medius|XP_039701812	XP_036206998.1	41.502	758	0.0	XP_036206998.1 adenylate cyclase type 5 isoform X3 [Myotis myotis]
ADCY8|Pteropus_medius|XP_039701812	XP_036154396.1	41.706	754	0.0	XP_036154396.1 adenylate cyclase type 6 isoform X2 [Myotis myotis]
ADCY8|Pteropus_vampyrus|XP_011372134	XP_036193927.1	91.516	2227	0.0	XP_036193927.1 adenylate cyclase type 8 isoform X1 [Myotis myotis]
ADCY8|Pteropus_vampyrus|XP_011372134	XP_036193928.1	89.159	2146	0.0	XP_036193928.1 adenylate cyclase type 8 isoform X2 [Myotis myotis]
ADCY8|Pteropus_vampyrus|XP_011372134	XP_036193929.1	95.305	1261	0.0	XP_036193929.1 adenylate cyclase type 8 isoform X3 [Myotis myotis]
ADCY8|Pteropus_vampyrus|XP_011372134	XP_036193929.1	82.295	964	0.0	XP_036193929.1 adenylate cyclase type 8 isoform X3 [Myotis myotis]
ADCY8|Pteropus_vampyrus|XP_011372134	XP_036193929.1	28.516	101	6.90e-21	XP_036193929.1 adenylate cyclase type 8 isoform X3 [Myotis myotis]
ADCY8|Pteropus_vampyrus|XP_011372134	XP_036193929.1	32.738	98.6	5.30e-20	XP_036193929.1 adenylate cyclase type 8 isoform X3 [Myotis myotis]
ADCY8|Pteropus_vampyrus|XP_011372134	XP_036206998.1	39.022	699	0.0	XP_036206998.1 adenylate cyclase type 5 isoform X3 [Myotis myotis]
ADCY8|Pteropus_vampyrus|XP_011372134	XP_036154396.1	39.338	687	0.0	XP_036154396.1 adenylate cyclase type 6 isoform X2 [Myotis myotis]
ADCY8|Rhinolophus_ferrumequinum|XP_032982362	XP_036193927.1	97.360	2516	0.0	XP_036193927.1 adenylate cyclase type 8 isoform X1 [Myotis myotis]
ADCY8|Rhinolophus_ferrumequinum|XP_032982362	XP_036193928.1	94.960	2436	0.0	XP_036193928.1 adenylate cyclase type 8 isoform X2 [Myotis myotis]
ADCY8|Rhinolophus_ferrumequinum|XP_032982362	XP_036193929.1	97.013	1285	0.0	XP_036193929.1 adenylate cyclase type 8 isoform X3 [Myotis myotis]
ADCY8|Rhinolophus_ferrumequinum|XP_032982362	XP_036193929.1	92.347	1106	0.0	XP_036193929.1 adenylate cyclase type 8 isoform X3 [Myotis myotis]
ADCY8|Rhinolophus_ferrumequinum|XP_032982362	XP_036193929.1	28.571	104	7.73e-22	XP_036193929.1 adenylate cyclase type 8 isoform X3 [Myotis myotis]
ADCY8|Rhinolophus_ferrumequinum|XP_032982362	XP_036193929.1	30.631	100	1.09e-20	XP_036193929.1 adenylate cyclase type 8 isoform X3 [Myotis myotis]
ADCY8|Rhinolophus_ferrumequinum|XP_032982362	XP_036206998.1	42.066	766	0.0	XP_036206998.1 adenylate cyclase type 5 isoform X3 [Myotis myotis]
ADCY8|Rhinolophus_ferrumequinum|XP_032982362	XP_036154396.1	41.908	757	0.0	XP_036154396.1 adenylate cyclase type 6 isoform X2 [Myotis myotis]
ADCY8|Rhinolophus_hipposideros|XP_080926443	XP_036193927.1	96.720	2496	0.0	XP_036193927.1 adenylate cyclase type 8 isoform X1 [Myotis myotis]
ADCY8|Rhinolophus_hipposideros|XP_080926443	XP_036193928.1	94.320	2417	0.0	XP_036193928.1 adenylate cyclase type 8 isoform X2 [Myotis myotis]
ADCY8|Rhinolophus_hipposideros|XP_080926443	XP_036193929.1	96.069	1272	0.0	XP_036193929.1 adenylate cyclase type 8 isoform X3 [Myotis myotis]
ADCY8|Rhinolophus_hipposideros|XP_080926443	XP_036193929.1	92.007	1100	0.0	XP_036193929.1 adenylate cyclase type 8 isoform X3 [Myotis myotis]
ADCY8|Rhinolophus_hipposideros|XP_080926443	XP_036193929.1	29.225	102	2.13e-21	XP_036193929.1 adenylate cyclase type 8 isoform X3 [Myotis myotis]
ADCY8|Rhinolophus_hipposideros|XP_080926443	XP_036193929.1	30.631	100	1.09e-20	XP_036193929.1 adenylate cyclase type 8 isoform X3 [Myotis myotis]
ADCY8|Rhinolophus_hipposideros|XP_080926443	XP_036206998.1	41.972	768	0.0	XP_036206998.1 adenylate cyclase type 5 isoform X3 [Myotis myotis]
ADCY8|Rhinolophus_hipposideros|XP_080926443	XP_036154396.1	41.815	755	0.0	XP_036154396.1 adenylate cyclase type 6 isoform X2 [Myotis myotis]
ADCY8|Rhinolophus_sinicus|XP_019579456	XP_036193927.1	97.280	2513	0.0	XP_036193927.1 adenylate cyclase type 8 isoform X1 [Myotis myotis]
ADCY8|Rhinolophus_sinicus|XP_019579456	XP_036193928.1	94.880	2427	0.0	XP_036193928.1 adenylate cyclase type 8 isoform X2 [Myotis myotis]
ADCY8|Rhinolophus_sinicus|XP_019579456	XP_036193929.1	97.013	1283	0.0	XP_036193929.1 adenylate cyclase type 8 isoform X3 [Myotis myotis]
ADCY8|Rhinolophus_sinicus|XP_019579456	XP_036193929.1	92.177	1102	0.0	XP_036193929.1 adenylate cyclase type 8 isoform X3 [Myotis myotis]
ADCY8|Rhinolophus_sinicus|XP_019579456	XP_036193929.1	29.930	103	1.08e-21	XP_036193929.1 adenylate cyclase type 8 isoform X3 [Myotis myotis]
ADCY8|Rhinolophus_sinicus|XP_019579456	XP_036193929.1	30.631	100	1.10e-20	XP_036193929.1 adenylate cyclase type 8 isoform X3 [Myotis myotis]
ADCY8|Rhinolophus_sinicus|XP_019579456	XP_036206998.1	41.972	764	0.0	XP_036206998.1 adenylate cyclase type 5 isoform X3 [Myotis myotis]
ADCY8|Rhinolophus_sinicus|XP_019579456	XP_036154396.1	41.721	756	0.0	XP_036154396.1 adenylate cyclase type 6 isoform X2 [Myotis myotis]
ADCY8|Rousettus_aegyptiacus|XP_015975308	XP_036193927.1	96.246	2488	0.0	XP_036193927.1 adenylate cyclase type 8 isoform X1 [Myotis myotis]
ADCY8|Rousettus_aegyptiacus|XP_015975308	XP_036193928.1	93.850	2408	0.0	XP_036193928.1 adenylate cyclase type 8 isoform X2 [Myotis myotis]
ADCY8|Rousettus_aegyptiacus|XP_015975308	XP_036193929.1	94.984	1258	0.0	XP_036193929.1 adenylate cyclase type 8 isoform X3 [Myotis myotis]
ADCY8|Rousettus_aegyptiacus|XP_015975308	XP_036193929.1	92.177	1102	0.0	XP_036193929.1 adenylate cyclase type 8 isoform X3 [Myotis myotis]
ADCY8|Rousettus_aegyptiacus|XP_015975308	XP_036193929.1	28.931	102	4.13e-21	XP_036193929.1 adenylate cyclase type 8 isoform X3 [Myotis myotis]
ADCY8|Rousettus_aegyptiacus|XP_015975308	XP_036193929.1	30.631	100	8.57e-21	XP_036193929.1 adenylate cyclase type 8 isoform X3 [Myotis myotis]
ADCY8|Rousettus_aegyptiacus|XP_015975308	XP_036206998.1	41.502	759	0.0	XP_036206998.1 adenylate cyclase type 5 isoform X3 [Myotis myotis]
ADCY8|Rousettus_aegyptiacus|XP_015975308	XP_036154396.1	41.706	756	0.0	XP_036154396.1 adenylate cyclase type 6 isoform X2 [Myotis myotis]
ADCY8|Saccopteryx_bilineata|XP_066121743	XP_036193927.1	96.565	2496	0.0	XP_036193927.1 adenylate cyclase type 8 isoform X1 [Myotis myotis]
ADCY8|Saccopteryx_bilineata|XP_066121743	XP_036193928.1	94.249	2417	0.0	XP_036193928.1 adenylate cyclase type 8 isoform X2 [Myotis myotis]
ADCY8|Saccopteryx_bilineata|XP_066121743	XP_036193929.1	95.611	1273	0.0	XP_036193929.1 adenylate cyclase type 8 isoform X3 [Myotis myotis]
ADCY8|Saccopteryx_bilineata|XP_066121743	XP_036193929.1	92.177	1097	0.0	XP_036193929.1 adenylate cyclase type 8 isoform X3 [Myotis myotis]
ADCY8|Saccopteryx_bilineata|XP_066121743	XP_036193929.1	28.571	103	1.49e-21	XP_036193929.1 adenylate cyclase type 8 isoform X3 [Myotis myotis]
ADCY8|Saccopteryx_bilineata|XP_066121743	XP_036193929.1	30.631	100	9.34e-21	XP_036193929.1 adenylate cyclase type 8 isoform X3 [Myotis myotis]
ADCY8|Saccopteryx_bilineata|XP_066121743	XP_036206998.1	42.279	765	0.0	XP_036206998.1 adenylate cyclase type 5 isoform X3 [Myotis myotis]
ADCY8|Saccopteryx_bilineata|XP_066121743	XP_036154396.1	41.799	756	0.0	XP_036154396.1 adenylate cyclase type 6 isoform X2 [Myotis myotis]
ADCY8|Saccopteryx_leptura|XP_066235634	XP_036193927.1	96.326	2489	0.0	XP_036193927.1 adenylate cyclase type 8 isoform X1 [Myotis myotis]
ADCY8|Saccopteryx_leptura|XP_066235634	XP_036193928.1	94.010	2414	0.0	XP_036193928.1 adenylate cyclase type 8 isoform X2 [Myotis myotis]
ADCY8|Saccopteryx_leptura|XP_066235634	XP_036193929.1	95.141	1149	0.0	XP_036193929.1 adenylate cyclase type 8 isoform X3 [Myotis myotis]
ADCY8|Saccopteryx_leptura|XP_066235634	XP_036193929.1	91.864	1074	0.0	XP_036193929.1 adenylate cyclase type 8 isoform X3 [Myotis myotis]
ADCY8|Saccopteryx_leptura|XP_066235634	XP_036193929.1	28.571	103	1.43e-21	XP_036193929.1 adenylate cyclase type 8 isoform X3 [Myotis myotis]
ADCY8|Saccopteryx_leptura|XP_066235634	XP_036193929.1	31.081	102	2.44e-21	XP_036193929.1 adenylate cyclase type 8 isoform X3 [Myotis myotis]
ADCY8|Saccopteryx_leptura|XP_066235634	XP_036206998.1	42.467	767	0.0	XP_036206998.1 adenylate cyclase type 5 isoform X3 [Myotis myotis]
ADCY8|Saccopteryx_leptura|XP_066235634	XP_036154396.1	41.651	757	0.0	XP_036154396.1 adenylate cyclase type 6 isoform X2 [Myotis myotis]
ADCY8|Sturnira_hondurensis|XP_036904455	XP_036193927.1	96.728	2505	0.0	XP_036193927.1 adenylate cyclase type 8 isoform X1 [Myotis myotis]
ADCY8|Sturnira_hondurensis|XP_036904455	XP_036193928.1	94.334	2424	0.0	XP_036193928.1 adenylate cyclase type 8 isoform X2 [Myotis myotis]
ADCY8|Sturnira_hondurensis|XP_036904455	XP_036193929.1	95.775	1273	0.0	XP_036193929.1 adenylate cyclase type 8 isoform X3 [Myotis myotis]
ADCY8|Sturnira_hondurensis|XP_036904455	XP_036193929.1	92.347	1105	0.0	XP_036193929.1 adenylate cyclase type 8 isoform X3 [Myotis myotis]
ADCY8|Sturnira_hondurensis|XP_036904455	XP_036193929.1	28.239	102	4.28e-21	XP_036193929.1 adenylate cyclase type 8 isoform X3 [Myotis myotis]
ADCY8|Sturnira_hondurensis|XP_036904455	XP_036193929.1	30.631	100	9.92e-21	XP_036193929.1 adenylate cyclase type 8 isoform X3 [Myotis myotis]
ADCY8|Sturnira_hondurensis|XP_036904455	XP_036206998.1	41.957	762	0.0	XP_036206998.1 adenylate cyclase type 5 isoform X3 [Myotis myotis]
ADCY8|Sturnira_hondurensis|XP_036904455	XP_036154396.1	41.667	754	0.0	XP_036154396.1 adenylate cyclase type 6 isoform X2 [Myotis myotis]
ATP5F1A|Artibeus_jamaicensis|XP_037020991	XP_036178116.1	98.553	1101	0.0	XP_036178116.1 ATP synthase subunit alpha, mitochondrial [Myotis myotis]
ATP5F1A|Artibeus_jamaicensis|XP_037020991	XP_036168710.1	29.392	103	9.11e-23	XP_036168710.1 V-type proton ATPase subunit B, brain isoform [Myotis myotis]
ATP5F1A|Artibeus_jamaicensis|XP_037020991	XP_036190084.1	26.796	99.0	2.39e-21	XP_036190084.1 V-type proton ATPase subunit B, kidney isoform [Myotis myotis]
ATP5F1A|Artibeus_jamaicensis|XP_037020991	XP_036155331.1	25.902	94.4	6.85e-20	XP_036155331.1 ATP synthase subunit beta, mitochondrial [Myotis myotis]
ATP5F1A|Artibeus_jamaicensis|XP_037020991	XP_036205461.1	24.901	62.0	1.56e-09	XP_036205461.1 V-type proton ATPase catalytic subunit A [Myotis myotis]
ATP5F1A|Cnephaeus_nilssonii|XP_079640605	XP_036178116.1	98.734	1105	0.0	XP_036178116.1 ATP synthase subunit alpha, mitochondrial [Myotis myotis]
ATP5F1A|Cnephaeus_nilssonii|XP_079640605	XP_036168710.1	29.392	103	1.03e-22	XP_036168710.1 V-type proton ATPase subunit B, brain isoform [Myotis myotis]
ATP5F1A|Cnephaeus_nilssonii|XP_079640605	XP_036190084.1	26.796	98.6	2.71e-21	XP_036190084.1 V-type proton ATPase subunit B, kidney isoform [Myotis myotis]
ATP5F1A|Cnephaeus_nilssonii|XP_079640605	XP_036155331.1	25.902	94.0	1.11e-19	XP_036155331.1 ATP synthase subunit beta, mitochondrial [Myotis myotis]
ATP5F1A|Cnephaeus_nilssonii|XP_079640605	XP_036205461.1	24.609	62.0	1.56e-09	XP_036205461.1 V-type proton ATPase catalytic subunit A [Myotis myotis]
ATP5F1A|Desmodus_rotundus|XP_024436162	XP_036178116.1	98.553	1101	0.0	XP_036178116.1 ATP synthase subunit alpha, mitochondrial [Myotis myotis]
ATP5F1A|Desmodus_rotundus|XP_024436162	XP_036168710.1	29.392	103	9.11e-23	XP_036168710.1 V-type proton ATPase subunit B, brain isoform [Myotis myotis]
ATP5F1A|Desmodus_rotundus|XP_024436162	XP_036190084.1	26.796	99.0	2.39e-21	XP_036190084.1 V-type proton ATPase subunit B, kidney isoform [Myotis myotis]
ATP5F1A|Desmodus_rotundus|XP_024436162	XP_036155331.1	25.902	94.4	6.85e-20	XP_036155331.1 ATP synthase subunit beta, mitochondrial [Myotis myotis]
ATP5F1A|Desmodus_rotundus|XP_024436162	XP_036205461.1	24.901	62.0	1.56e-09	XP_036205461.1 V-type proton ATPase catalytic subunit A [Myotis myotis]
ATP5F1A|Eptesicus_fuscus|XP_008156231	XP_036178116.1	98.915	1103	0.0	XP_036178116.1 ATP synthase subunit alpha, mitochondrial [Myotis myotis]
ATP5F1A|Eptesicus_fuscus|XP_008156231	XP_036168710.1	29.392	102	1.40e-22	XP_036168710.1 V-type proton ATPase subunit B, brain isoform [Myotis myotis]
ATP5F1A|Eptesicus_fuscus|XP_008156231	XP_036190084.1	26.796	98.2	4.18e-21	XP_036190084.1 V-type proton ATPase subunit B, kidney isoform [Myotis myotis]
ATP5F1A|Eptesicus_fuscus|XP_008156231	XP_036155331.1	25.902	93.6	1.24e-19	XP_036155331.1 ATP synthase subunit beta, mitochondrial [Myotis myotis]
ATP5F1A|Eptesicus_fuscus|XP_008156231	XP_036205461.1	24.901	62.4	1.43e-09	XP_036205461.1 V-type proton ATPase catalytic subunit A [Myotis myotis]
ATP5F1A|Miniopterus_natalensis|XP_016080530	XP_036178116.1	98.553	1102	0.0	XP_036178116.1 ATP synthase subunit alpha, mitochondrial [Myotis myotis]
ATP5F1A|Miniopterus_natalensis|XP_016080530	XP_036168710.1	29.392	103	8.63e-23	XP_036168710.1 V-type proton ATPase subunit B, brain isoform [Myotis myotis]
ATP5F1A|Miniopterus_natalensis|XP_016080530	XP_036190084.1	26.796	99.0	2.31e-21	XP_036190084.1 V-type proton ATPase subunit B, kidney isoform [Myotis myotis]
ATP5F1A|Miniopterus_natalensis|XP_016080530	XP_036155331.1	25.902	94.7	6.26e-20	XP_036155331.1 ATP synthase subunit beta, mitochondrial [Myotis myotis]
ATP5F1A|Miniopterus_natalensis|XP_016080530	XP_036205461.1	24.603	62.0	1.56e-09	XP_036205461.1 V-type proton ATPase catalytic subunit A [Myotis myotis]
ATP5F1A|Miniopterus_schreibersii|XP_081004294	XP_036178116.1	98.553	1102	0.0	XP_036178116.1 ATP synthase subunit alpha, mitochondrial [Myotis myotis]
ATP5F1A|Miniopterus_schreibersii|XP_081004294	XP_036168710.1	29.392	103	8.63e-23	XP_036168710.1 V-type proton ATPase subunit B, brain isoform [Myotis myotis]
ATP5F1A|Miniopterus_schreibersii|XP_081004294	XP_036190084.1	26.796	99.0	2.31e-21	XP_036190084.1 V-type proton ATPase subunit B, kidney isoform [Myotis myotis]
ATP5F1A|Miniopterus_schreibersii|XP_081004294	XP_036155331.1	25.902	94.7	6.26e-20	XP_036155331.1 ATP synthase subunit beta, mitochondrial [Myotis myotis]
ATP5F1A|Miniopterus_schreibersii|XP_081004294	XP_036205461.1	24.603	62.0	1.56e-09	XP_036205461.1 V-type proton ATPase catalytic subunit A [Myotis myotis]
ATP5F1A|Molossus_molossus|XP_036101158	XP_036178116.1	98.915	1105	0.0	XP_036178116.1 ATP synthase subunit alpha, mitochondrial [Myotis myotis]
ATP5F1A|Molossus_molossus|XP_036101158	XP_036168710.1	29.392	102	1.38e-22	XP_036168710.1 V-type proton ATPase subunit B, brain isoform [Myotis myotis]
ATP5F1A|Molossus_molossus|XP_036101158	XP_036190084.1	26.796	98.6	3.37e-21	XP_036190084.1 V-type proton ATPase subunit B, kidney isoform [Myotis myotis]
ATP5F1A|Molossus_molossus|XP_036101158	XP_036155331.1	25.902	94.0	1.12e-19	XP_036155331.1 ATP synthase subunit beta, mitochondrial [Myotis myotis]
ATP5F1A|Molossus_molossus|XP_036101158	XP_036205461.1	24.901	62.0	1.56e-09	XP_036205461.1 V-type proton ATPase catalytic subunit A [Myotis myotis]
ATP5F1A|Myotis_daubentonii|XP_059563198	XP_036178116.1	99.819	1116	0.0	XP_036178116.1 ATP synthase subunit alpha, mitochondrial [Myotis myotis]
ATP5F1A|Myotis_daubentonii|XP_059563198	XP_036168710.1	29.054	101	3.89e-22	XP_036168710.1 V-type proton ATPase subunit B, brain isoform [Myotis myotis]
ATP5F1A|Myotis_daubentonii|XP_059563198	XP_036190084.1	27.424	97.8	5.33e-21	XP_036190084.1 V-type proton ATPase subunit B, kidney isoform [Myotis myotis]
ATP5F1A|Myotis_daubentonii|XP_059563198	XP_036155331.1	25.902	94.4	7.23e-20	XP_036155331.1 ATP synthase subunit beta, mitochondrial [Myotis myotis]
ATP5F1A|Myotis_daubentonii|XP_059563198	XP_036205461.1	24.901	62.4	1.20e-09	XP_036205461.1 V-type proton ATPase catalytic subunit A [Myotis myotis]
ATP5F1A|Myotis_davidii|XP_015416963	XP_036178116.1	99.602	1015	0.0	XP_036178116.1 ATP synthase subunit alpha, mitochondrial [Myotis myotis]
ATP5F1A|Myotis_davidii|XP_015416963	XP_036168710.1	29.054	101	3.25e-22	XP_036168710.1 V-type proton ATPase subunit B, brain isoform [Myotis myotis]
ATP5F1A|Myotis_davidii|XP_015416963	XP_036190084.1	27.424	98.2	2.79e-21	XP_036190084.1 V-type proton ATPase subunit B, kidney isoform [Myotis myotis]
ATP5F1A|Myotis_davidii|XP_015416963	XP_036155331.1	25.902	94.4	6.08e-20	XP_036155331.1 ATP synthase subunit beta, mitochondrial [Myotis myotis]
ATP5F1A|Myotis_davidii|XP_015416963	XP_036205461.1	24.609	63.2	5.52e-10	XP_036205461.1 V-type proton ATPase catalytic subunit A [Myotis myotis]
ATP5F1A|Myotis_lucifugus|XP_006085199	XP_036178116.1	99.819	1114	0.0	XP_036178116.1 ATP synthase subunit alpha, mitochondrial [Myotis myotis]
ATP5F1A|Myotis_lucifugus|XP_006085199	XP_036168710.1	29.054	101	3.07e-22	XP_036168710.1 V-type proton ATPase subunit B, brain isoform [Myotis myotis]
ATP5F1A|Myotis_lucifugus|XP_006085199	XP_036190084.1	29.392	97.8	5.53e-21	XP_036190084.1 V-type proton ATPase subunit B, kidney isoform [Myotis myotis]
ATP5F1A|Myotis_lucifugus|XP_006085199	XP_036155331.1	25.902	94.0	9.12e-20	XP_036155331.1 ATP synthase subunit beta, mitochondrial [Myotis myotis]
ATP5F1A|Myotis_lucifugus|XP_006085199	XP_036205461.1	24.901	62.8	1.10e-09	XP_036205461.1 V-type proton ATPase catalytic subunit A [Myotis myotis]
ATP5F1A|Myotis_myotis|XP_036178116	XP_036178116.1	100.000	1117	0.0	XP_036178116.1 ATP synthase subunit alpha, mitochondrial [Myotis myotis]
ATP5F1A|Myotis_myotis|XP_036178116	XP_036168710.1	29.054	101	3.61e-22	XP_036168710.1 V-type proton ATPase subunit B, brain isoform [Myotis myotis]
ATP5F1A|Myotis_myotis|XP_036178116	XP_036190084.1	27.424	97.8	5.58e-21	XP_036190084.1 V-type proton ATPase subunit B, kidney isoform [Myotis myotis]
ATP5F1A|Myotis_myotis|XP_036178116	XP_036155331.1	25.902	94.4	7.49e-20	XP_036155331.1 ATP synthase subunit beta, mitochondrial [Myotis myotis]
ATP5F1A|Myotis_myotis|XP_036178116	XP_036205461.1	24.901	62.4	1.21e-09	XP_036205461.1 V-type proton ATPase catalytic subunit A [Myotis myotis]
ATP5F1A|Myotis_nattereri|XP_080952642	XP_036178116.1	100.000	1117	0.0	XP_036178116.1 ATP synthase subunit alpha, mitochondrial [Myotis myotis]
ATP5F1A|Myotis_nattereri|XP_080952642	XP_036168710.1	29.054	101	3.61e-22	XP_036168710.1 V-type proton ATPase subunit B, brain isoform [Myotis myotis]
ATP5F1A|Myotis_nattereri|XP_080952642	XP_036190084.1	27.424	97.8	5.58e-21	XP_036190084.1 V-type proton ATPase subunit B, kidney isoform [Myotis myotis]
ATP5F1A|Myotis_nattereri|XP_080952642	XP_036155331.1	25.902	94.4	7.49e-20	XP_036155331.1 ATP synthase subunit beta, mitochondrial [Myotis myotis]
ATP5F1A|Myotis_nattereri|XP_080952642	XP_036205461.1	24.901	62.4	1.21e-09	XP_036205461.1 V-type proton ATPase catalytic subunit A [Myotis myotis]
ATP5F1A|Myotis_yumanensis|XP_070277191	XP_036178116.1	99.638	1114	0.0	XP_036178116.1 ATP synthase subunit alpha, mitochondrial [Myotis myotis]
ATP5F1A|Myotis_yumanensis|XP_070277191	XP_036168710.1	29.054	101	3.92e-22	XP_036168710.1 V-type proton ATPase subunit B, brain isoform [Myotis myotis]
ATP5F1A|Myotis_yumanensis|XP_070277191	XP_036190084.1	27.424	97.4	6.44e-21	XP_036190084.1 V-type proton ATPase subunit B, kidney isoform [Myotis myotis]
ATP5F1A|Myotis_yumanensis|XP_070277191	XP_036155331.1	25.902	94.4	7.49e-20	XP_036155331.1 ATP synthase subunit beta, mitochondrial [Myotis myotis]
ATP5F1A|Myotis_yumanensis|XP_070277191	XP_036205461.1	24.901	62.4	1.18e-09	XP_036205461.1 V-type proton ATPase catalytic subunit A [Myotis myotis]
ATP5F1A|Phyllostomus_discolor|XP_028379714	XP_036178116.1	98.373	1100	0.0	XP_036178116.1 ATP synthase subunit alpha, mitochondrial [Myotis myotis]
ATP5F1A|Phyllostomus_discolor|XP_028379714	XP_036168710.1	29.392	103	8.79e-23	XP_036168710.1 V-type proton ATPase subunit B, brain isoform [Myotis myotis]
ATP5F1A|Phyllostomus_discolor|XP_028379714	XP_036190084.1	28.620	98.6	2.92e-21	XP_036190084.1 V-type proton ATPase subunit B, kidney isoform [Myotis myotis]
ATP5F1A|Phyllostomus_discolor|XP_028379714	XP_036155331.1	25.902	94.7	6.55e-20	XP_036155331.1 ATP synthase subunit beta, mitochondrial [Myotis myotis]
ATP5F1A|Phyllostomus_discolor|XP_028379714	XP_036205461.1	24.901	62.0	1.58e-09	XP_036205461.1 V-type proton ATPase catalytic subunit A [Myotis myotis]
ATP5F1A|Phyllostomus_hastatus|XP_045706104	XP_036178116.1	98.373	1100	0.0	XP_036178116.1 ATP synthase subunit alpha, mitochondrial [Myotis myotis]
ATP5F1A|Phyllostomus_hastatus|XP_045706104	XP_036168710.1	29.392	103	8.79e-23	XP_036168710.1 V-type proton ATPase subunit B, brain isoform [Myotis myotis]
ATP5F1A|Phyllostomus_hastatus|XP_045706104	XP_036190084.1	28.620	98.6	2.92e-21	XP_036190084.1 V-type proton ATPase subunit B, kidney isoform [Myotis myotis]
ATP5F1A|Phyllostomus_hastatus|XP_045706104	XP_036155331.1	25.902	94.7	6.55e-20	XP_036155331.1 ATP synthase subunit beta, mitochondrial [Myotis myotis]
ATP5F1A|Phyllostomus_hastatus|XP_045706104	XP_036205461.1	24.901	62.0	1.58e-09	XP_036205461.1 V-type proton ATPase catalytic subunit A [Myotis myotis]
ATP5F1A|Pipistrellus_kuhlii|XP_036273984	XP_036178116.1	98.734	1103	0.0	XP_036178116.1 ATP synthase subunit alpha, mitochondrial [Myotis myotis]
ATP5F1A|Pipistrellus_kuhlii|XP_036273984	XP_036168710.1	29.392	102	1.40e-22	XP_036168710.1 V-type proton ATPase subunit B, brain isoform [Myotis myotis]
ATP5F1A|Pipistrellus_kuhlii|XP_036273984	XP_036190084.1	26.796	98.2	4.18e-21	XP_036190084.1 V-type proton ATPase subunit B, kidney isoform [Myotis myotis]
ATP5F1A|Pipistrellus_kuhlii|XP_036273984	XP_036155331.1	25.902	93.6	1.24e-19	XP_036155331.1 ATP synthase subunit beta, mitochondrial [Myotis myotis]
ATP5F1A|Pipistrellus_kuhlii|XP_036273984	XP_036205461.1	24.901	62.4	1.43e-09	XP_036205461.1 V-type proton ATPase catalytic subunit A [Myotis myotis]
ATP5F1A|Plecotus_auritus|XP_080541388	XP_036178116.1	98.734	1103	0.0	XP_036178116.1 ATP synthase subunit alpha, mitochondrial [Myotis myotis]
ATP5F1A|Plecotus_auritus|XP_080541388	XP_036168710.1	29.392	102	1.13e-22	XP_036168710.1 V-type proton ATPase subunit B, brain isoform [Myotis myotis]
ATP5F1A|Plecotus_auritus|XP_080541388	XP_036190084.1	26.796	98.6	2.89e-21	XP_036190084.1 V-type proton ATPase subunit B, kidney isoform [Myotis myotis]
ATP5F1A|Plecotus_auritus|XP_080541388	XP_036155331.1	25.902	94.0	1.07e-19	XP_036155331.1 ATP synthase subunit beta, mitochondrial [Myotis myotis]
ATP5F1A|Plecotus_auritus|XP_080541388	XP_036205461.1	24.901	62.4	1.42e-09	XP_036205461.1 V-type proton ATPase catalytic subunit A [Myotis myotis]
ATP5F1A|Pteronotus_mesoamericanus|XP_054439565	XP_036178116.1	98.192	1100	0.0	XP_036178116.1 ATP synthase subunit alpha, mitochondrial [Myotis myotis]
ATP5F1A|Pteronotus_mesoamericanus|XP_054439565	XP_036168710.1	29.730	103	6.00e-23	XP_036168710.1 V-type proton ATPase subunit B, brain isoform [Myotis myotis]
ATP5F1A|Pteronotus_mesoamericanus|XP_054439565	XP_036190084.1	28.620	98.6	3.05e-21	XP_036190084.1 V-type proton ATPase subunit B, kidney isoform [Myotis myotis]
ATP5F1A|Pteronotus_mesoamericanus|XP_054439565	XP_036155331.1	25.574	94.0	1.02e-19	XP_036155331.1 ATP synthase subunit beta, mitochondrial [Myotis myotis]
ATP5F1A|Pteronotus_mesoamericanus|XP_054439565	XP_036205461.1	24.901	62.0	1.67e-09	XP_036205461.1 V-type proton ATPase catalytic subunit A [Myotis myotis]
ATP5F1A|Pteropus_alecto|XP_006920000	XP_036178116.1	98.734	1105	0.0	XP_036178116.1 ATP synthase subunit alpha, mitochondrial [Myotis myotis]
ATP5F1A|Pteropus_alecto|XP_006920000	XP_036168710.1	29.392	103	8.32e-23	XP_036168710.1 V-type proton ATPase subunit B, brain isoform [Myotis myotis]
ATP5F1A|Pteropus_alecto|XP_006920000	XP_036190084.1	26.796	99.0	2.35e-21	XP_036190084.1 V-type proton ATPase subunit B, kidney isoform [Myotis myotis]
ATP5F1A|Pteropus_alecto|XP_006920000	XP_036155331.1	25.902	94.7	6.26e-20	XP_036155331.1 ATP synthase subunit beta, mitochondrial [Myotis myotis]
ATP5F1A|Pteropus_alecto|XP_006920000	XP_036205461.1	24.901	62.0	1.52e-09	XP_036205461.1 V-type proton ATPase catalytic subunit A [Myotis myotis]
ATP5F1A|Pteropus_medius|XP_039698428	XP_036178116.1	98.734	1105	0.0	XP_036178116.1 ATP synthase subunit alpha, mitochondrial [Myotis myotis]
ATP5F1A|Pteropus_medius|XP_039698428	XP_036168710.1	29.392	103	8.32e-23	XP_036168710.1 V-type proton ATPase subunit B, brain isoform [Myotis myotis]
ATP5F1A|Pteropus_medius|XP_039698428	XP_036190084.1	26.796	99.0	2.35e-21	XP_036190084.1 V-type proton ATPase subunit B, kidney isoform [Myotis myotis]
ATP5F1A|Pteropus_medius|XP_039698428	XP_036155331.1	25.902	94.7	6.26e-20	XP_036155331.1 ATP synthase subunit beta, mitochondrial [Myotis myotis]
ATP5F1A|Pteropus_medius|XP_039698428	XP_036205461.1	24.901	62.0	1.52e-09	XP_036205461.1 V-type proton ATPase catalytic subunit A [Myotis myotis]
ATP5F1A|Pteropus_vampyrus|XP_011359493	XP_036178116.1	98.734	1105	0.0	XP_036178116.1 ATP synthase subunit alpha, mitochondrial [Myotis myotis]
ATP5F1A|Pteropus_vampyrus|XP_011359493	XP_036168710.1	29.392	103	8.32e-23	XP_036168710.1 V-type proton ATPase subunit B, brain isoform [Myotis myotis]
ATP5F1A|Pteropus_vampyrus|XP_011359493	XP_036190084.1	26.796	99.0	2.35e-21	XP_036190084.1 V-type proton ATPase subunit B, kidney isoform [Myotis myotis]
ATP5F1A|Pteropus_vampyrus|XP_011359493	XP_036155331.1	25.902	94.7	6.26e-20	XP_036155331.1 ATP synthase subunit beta, mitochondrial [Myotis myotis]
ATP5F1A|Pteropus_vampyrus|XP_011359493	XP_036205461.1	24.901	62.0	1.52e-09	XP_036205461.1 V-type proton ATPase catalytic subunit A [Myotis myotis]
ATP5F1A|Rhinolophus_ferrumequinum|XP_032943501	XP_036178116.1	98.373	1100	0.0	XP_036178116.1 ATP synthase subunit alpha, mitochondrial [Myotis myotis]
ATP5F1A|Rhinolophus_ferrumequinum|XP_032943501	XP_036168710.1	29.054	101	3.30e-22	XP_036168710.1 V-type proton ATPase subunit B, brain isoform [Myotis myotis]
ATP5F1A|Rhinolophus_ferrumequinum|XP_032943501	XP_036190084.1	27.424	97.8	5.48e-21	XP_036190084.1 V-type proton ATPase subunit B, kidney isoform [Myotis myotis]
ATP5F1A|Rhinolophus_ferrumequinum|XP_032943501	XP_036155331.1	25.902	94.0	9.54e-20	XP_036155331.1 ATP synthase subunit beta, mitochondrial [Myotis myotis]
ATP5F1A|Rhinolophus_ferrumequinum|XP_032943501	XP_036205461.1	24.901	62.8	1.02e-09	XP_036205461.1 V-type proton ATPase catalytic subunit A [Myotis myotis]
ATP5F1A|Rhinolophus_hipposideros|XP_080934999	XP_036178116.1	98.192	1098	0.0	XP_036178116.1 ATP synthase subunit alpha, mitochondrial [Myotis myotis]
ATP5F1A|Rhinolophus_hipposideros|XP_080934999	XP_036168710.1	29.054	101	3.04e-22	XP_036168710.1 V-type proton ATPase subunit B, brain isoform [Myotis myotis]
ATP5F1A|Rhinolophus_hipposideros|XP_080934999	XP_036190084.1	29.392	97.8	5.48e-21	XP_036190084.1 V-type proton ATPase subunit B, kidney isoform [Myotis myotis]
ATP5F1A|Rhinolophus_hipposideros|XP_080934999	XP_036155331.1	25.902	94.0	9.54e-20	XP_036155331.1 ATP synthase subunit beta, mitochondrial [Myotis myotis]
ATP5F1A|Rhinolophus_hipposideros|XP_080934999	XP_036205461.1	24.901	62.4	1.14e-09	XP_036205461.1 V-type proton ATPase catalytic subunit A [Myotis myotis]
ATP5F1A|Rhinolophus_sinicus|XP_019595246	XP_036178116.1	98.373	1100	0.0	XP_036178116.1 ATP synthase subunit alpha, mitochondrial [Myotis myotis]
ATP5F1A|Rhinolophus_sinicus|XP_019595246	XP_036168710.1	29.054	101	3.39e-22	XP_036168710.1 V-type proton ATPase subunit B, brain isoform [Myotis myotis]
ATP5F1A|Rhinolophus_sinicus|XP_019595246	XP_036190084.1	27.424	97.8	5.19e-21	XP_036190084.1 V-type proton ATPase subunit B, kidney isoform [Myotis myotis]
ATP5F1A|Rhinolophus_sinicus|XP_019595246	XP_036155331.1	25.902	94.4	8.41e-20	XP_036155331.1 ATP synthase subunit beta, mitochondrial [Myotis myotis]
ATP5F1A|Rhinolophus_sinicus|XP_019595246	XP_036205461.1	24.901	62.8	9.49e-10	XP_036205461.1 V-type proton ATPase catalytic subunit A [Myotis myotis]
ATP5F1A|Rousettus_aegyptiacus|XP_016003275	XP_036178116.1	98.553	1103	0.0	XP_036178116.1 ATP synthase subunit alpha, mitochondrial [Myotis myotis]
ATP5F1A|Rousettus_aegyptiacus|XP_016003275	XP_036168710.1	29.392	103	7.74e-23	XP_036168710.1 V-type proton ATPase subunit B, brain isoform [Myotis myotis]
ATP5F1A|Rousettus_aegyptiacus|XP_016003275	XP_036190084.1	26.796	99.0	2.21e-21	XP_036190084.1 V-type proton ATPase subunit B, kidney isoform [Myotis myotis]
ATP5F1A|Rousettus_aegyptiacus|XP_016003275	XP_036155331.1	25.902	94.7	5.14e-20	XP_036155331.1 ATP synthase subunit beta, mitochondrial [Myotis myotis]
ATP5F1A|Rousettus_aegyptiacus|XP_016003275	XP_036205461.1	24.901	62.4	1.39e-09	XP_036205461.1 V-type proton ATPase catalytic subunit A [Myotis myotis]
ATP5F1A|Saccopteryx_bilineata|XP_066102392	XP_036178116.1	98.192	1098	0.0	XP_036178116.1 ATP synthase subunit alpha, mitochondrial [Myotis myotis]
ATP5F1A|Saccopteryx_bilineata|XP_066102392	XP_036168710.1	28.231	100	4.74e-22	XP_036168710.1 V-type proton ATPase subunit B, brain isoform [Myotis myotis]
ATP5F1A|Saccopteryx_bilineata|XP_066102392	XP_036190084.1	27.119	97.4	7.05e-21	XP_036190084.1 V-type proton ATPase subunit B, kidney isoform [Myotis myotis]
ATP5F1A|Saccopteryx_bilineata|XP_066102392	XP_036155331.1	25.574	91.3	7.57e-19	XP_036155331.1 ATP synthase subunit beta, mitochondrial [Myotis myotis]
ATP5F1A|Saccopteryx_bilineata|XP_066102392	XP_036205461.1	24.901	62.0	1.61e-09	XP_036205461.1 V-type proton ATPase catalytic subunit A [Myotis myotis]
ATP5F1A|Saccopteryx_leptura|XP_066208285	XP_036178116.1	98.192	1098	0.0	XP_036178116.1 ATP synthase subunit alpha, mitochondrial [Myotis myotis]
ATP5F1A|Saccopteryx_leptura|XP_066208285	XP_036168710.1	28.231	100	4.74e-22	XP_036168710.1 V-type proton ATPase subunit B, brain isoform [Myotis myotis]
ATP5F1A|Saccopteryx_leptura|XP_066208285	XP_036190084.1	27.119	97.4	7.05e-21	XP_036190084.1 V-type proton ATPase subunit B, kidney isoform [Myotis myotis]
ATP5F1A|Saccopteryx_leptura|XP_066208285	XP_036155331.1	25.574	91.3	7.57e-19	XP_036155331.1 ATP synthase subunit beta, mitochondrial [Myotis myotis]
ATP5F1A|Saccopteryx_leptura|XP_066208285	XP_036205461.1	24.901	62.0	1.61e-09	XP_036205461.1 V-type proton ATPase catalytic subunit A [Myotis myotis]
ATP5F1A|Sturnira_hondurensis|XP_036889604	XP_036178116.1	98.373	1101	0.0	XP_036178116.1 ATP synthase subunit alpha, mitochondrial [Myotis myotis]
ATP5F1A|Sturnira_hondurensis|XP_036889604	XP_036168710.1	29.392	103	8.25e-23	XP_036168710.1 V-type proton ATPase subunit B, brain isoform [Myotis myotis]
ATP5F1A|Sturnira_hondurensis|XP_036889604	XP_036190084.1	26.796	98.6	2.92e-21	XP_036190084.1 V-type proton ATPase subunit B, kidney isoform [Myotis myotis]
ATP5F1A|Sturnira_hondurensis|XP_036889604	XP_036155331.1	25.902	94.7	6.55e-20	XP_036155331.1 ATP synthase subunit beta, mitochondrial [Myotis myotis]
ATP5F1A|Sturnira_hondurensis|XP_036889604	XP_036205461.1	24.901	62.0	1.60e-09	XP_036205461.1 V-type proton ATPase catalytic subunit A [Myotis myotis]
ATP5F1B|Artibeus_jamaicensis|XP_036989161	XP_036155331.1	98.106	1038	0.0	XP_036155331.1 ATP synthase subunit beta, mitochondrial [Myotis myotis]
ATP5F1B|Artibeus_jamaicensis|XP_036989161	XP_036168710.1	25.391	120	1.34e-28	XP_036168710.1 V-type proton ATPase subunit B, brain isoform [Myotis myotis]
ATP5F1B|Artibeus_jamaicensis|XP_036989161	XP_036190084.1	25.349	118	6.18e-28	XP_036190084.1 V-type proton ATPase subunit B, kidney isoform [Myotis myotis]
ATP5F1B|Artibeus_jamaicensis|XP_036989161	XP_036205461.1	28.713	114	3.24e-26	XP_036205461.1 V-type proton ATPase catalytic subunit A [Myotis myotis]
ATP5F1B|Artibeus_jamaicensis|XP_036989161	XP_036205460.1	28.713	114	3.24e-26	XP_036205460.1 V-type proton ATPase catalytic subunit A [Myotis myotis]
ATP5F1B|Cnephaeus_nilssonii|XP_079631759	XP_036155331.1	98.864	1046	0.0	XP_036155331.1 ATP synthase subunit beta, mitochondrial [Myotis myotis]
ATP5F1B|Cnephaeus_nilssonii|XP_079631759	XP_036190084.1	25.971	119	4.80e-28	XP_036190084.1 V-type proton ATPase subunit B, kidney isoform [Myotis myotis]
ATP5F1B|Cnephaeus_nilssonii|XP_079631759	XP_036168710.1	25.681	117	1.89e-27	XP_036168710.1 V-type proton ATPase subunit B, brain isoform [Myotis myotis]
ATP5F1B|Cnephaeus_nilssonii|XP_079631759	XP_036205461.1	28.713	115	1.35e-26	XP_036205461.1 V-type proton ATPase catalytic subunit A [Myotis myotis]
ATP5F1B|Cnephaeus_nilssonii|XP_079631759	XP_036205460.1	28.713	115	1.35e-26	XP_036205460.1 V-type proton ATPase catalytic subunit A [Myotis myotis]
ATP5F1B|Desmodus_rotundus|XP_024432142	XP_036155331.1	97.917	1036	0.0	XP_036155331.1 ATP synthase subunit beta, mitochondrial [Myotis myotis]
ATP5F1B|Desmodus_rotundus|XP_024432142	XP_036168710.1	24.663	119	4.22e-28	XP_036168710.1 V-type proton ATPase subunit B, brain isoform [Myotis myotis]
ATP5F1B|Desmodus_rotundus|XP_024432142	XP_036190084.1	25.971	118	7.52e-28	XP_036190084.1 V-type proton ATPase subunit B, kidney isoform [Myotis myotis]
ATP5F1B|Desmodus_rotundus|XP_024432142	XP_036205461.1	28.713	114	2.75e-26	XP_036205461.1 V-type proton ATPase catalytic subunit A [Myotis myotis]
ATP5F1B|Desmodus_rotundus|XP_024432142	XP_036205460.1	28.713	114	2.75e-26	XP_036205460.1 V-type proton ATPase catalytic subunit A [Myotis myotis]
ATP5F1B|Eptesicus_fuscus|XP_008146880	XP_036155331.1	98.674	1046	0.0	XP_036155331.1 ATP synthase subunit beta, mitochondrial [Myotis myotis]
ATP5F1B|Eptesicus_fuscus|XP_008146880	XP_036190084.1	25.971	119	4.37e-28	XP_036190084.1 V-type proton ATPase subunit B, kidney isoform [Myotis myotis]
ATP5F1B|Eptesicus_fuscus|XP_008146880	XP_036168710.1	25.681	117	2.09e-27	XP_036168710.1 V-type proton ATPase subunit B, brain isoform [Myotis myotis]
ATP5F1B|Eptesicus_fuscus|XP_008146880	XP_036205461.1	28.713	115	1.59e-26	XP_036205461.1 V-type proton ATPase catalytic subunit A [Myotis myotis]
ATP5F1B|Eptesicus_fuscus|XP_008146880	XP_036205460.1	28.713	115	1.59e-26	XP_036205460.1 V-type proton ATPase catalytic subunit A [Myotis myotis]
ATP5F1B|Hipposideros_armiger|XP_019524568	XP_036155331.1	98.106	1039	0.0	XP_036155331.1 ATP synthase subunit beta, mitochondrial [Myotis myotis]
ATP5F1B|Hipposideros_armiger|XP_019524568	XP_036168710.1	25.875	117	9.89e-28	XP_036168710.1 V-type proton ATPase subunit B, brain isoform [Myotis myotis]
ATP5F1B|Hipposideros_armiger|XP_019524568	XP_036190084.1	25.728	117	1.60e-27	XP_036190084.1 V-type proton ATPase subunit B, kidney isoform [Myotis myotis]
ATP5F1B|Hipposideros_armiger|XP_019524568	XP_036205461.1	28.713	114	1.84e-26	XP_036205461.1 V-type proton ATPase catalytic subunit A [Myotis myotis]
ATP5F1B|Hipposideros_armiger|XP_019524568	XP_036205460.1	28.713	114	1.84e-26	XP_036205460.1 V-type proton ATPase catalytic subunit A [Myotis myotis]
ATP5F1B|Miniopterus_natalensis|XP_016080054	XP_036155331.1	98.106	1040	0.0	XP_036155331.1 ATP synthase subunit beta, mitochondrial [Myotis myotis]
ATP5F1B|Miniopterus_natalensis|XP_016080054	XP_036190084.1	25.728	117	1.50e-27	XP_036190084.1 V-type proton ATPase subunit B, kidney isoform [Myotis myotis]
ATP5F1B|Miniopterus_natalensis|XP_016080054	XP_036168710.1	26.392	115	7.85e-27	XP_036168710.1 V-type proton ATPase subunit B, brain isoform [Myotis myotis]
ATP5F1B|Miniopterus_natalensis|XP_016080054	XP_036205461.1	28.713	115	1.43e-26	XP_036205461.1 V-type proton ATPase catalytic subunit A [Myotis myotis]
ATP5F1B|Miniopterus_natalensis|XP_016080054	XP_036205460.1	28.713	115	1.43e-26	XP_036205460.1 V-type proton ATPase catalytic subunit A [Myotis myotis]
ATP5F1B|Miniopterus_schreibersii|XP_080984261	XP_036155331.1	98.106	1040	0.0	XP_036155331.1 ATP synthase subunit beta, mitochondrial [Myotis myotis]
ATP5F1B|Miniopterus_schreibersii|XP_080984261	XP_036190084.1	25.728	117	1.50e-27	XP_036190084.1 V-type proton ATPase subunit B, kidney isoform [Myotis myotis]
ATP5F1B|Miniopterus_schreibersii|XP_080984261	XP_036168710.1	26.392	115	7.85e-27	XP_036168710.1 V-type proton ATPase subunit B, brain isoform [Myotis myotis]
ATP5F1B|Miniopterus_schreibersii|XP_080984261	XP_036205461.1	28.713	115	1.43e-26	XP_036205461.1 V-type proton ATPase catalytic subunit A [Myotis myotis]
ATP5F1B|Miniopterus_schreibersii|XP_080984261	XP_036205460.1	28.713	115	1.43e-26	XP_036205460.1 V-type proton ATPase catalytic subunit A [Myotis myotis]
ATP5F1B|Molossus_molossus|XP_036108150	XP_036155331.1	97.917	1038	0.0	XP_036155331.1 ATP synthase subunit beta, mitochondrial [Myotis myotis]
ATP5F1B|Molossus_molossus|XP_036108150	XP_036190084.1	25.728	117	1.79e-27	XP_036190084.1 V-type proton ATPase subunit B, kidney isoform [Myotis myotis]
ATP5F1B|Molossus_molossus|XP_036108150	XP_036168710.1	25.681	116	3.27e-27	XP_036168710.1 V-type proton ATPase subunit B, brain isoform [Myotis myotis]
ATP5F1B|Molossus_molossus|XP_036108150	XP_036205461.1	28.713	114	2.96e-26	XP_036205461.1 V-type proton ATPase catalytic subunit A [Myotis myotis]
ATP5F1B|Molossus_molossus|XP_036108150	XP_036205460.1	28.713	114	2.96e-26	XP_036205460.1 V-type proton ATPase catalytic subunit A [Myotis myotis]
ATP5F1B|Myotis_brandtii|XP_005872132	XP_036155331.1	99.621	1055	0.0	XP_036155331.1 ATP synthase subunit beta, mitochondrial [Myotis myotis]
ATP5F1B|Myotis_brandtii|XP_005872132	XP_036190084.1	25.971	118	7.25e-28	XP_036190084.1 V-type proton ATPase subunit B, kidney isoform [Myotis myotis]
ATP5F1B|Myotis_brandtii|XP_005872132	XP_036168710.1	25.681	117	1.76e-27	XP_036168710.1 V-type proton ATPase subunit B, brain isoform [Myotis myotis]
ATP5F1B|Myotis_brandtii|XP_005872132	XP_036205461.1	28.713	115	1.95e-26	XP_036205461.1 V-type proton ATPase catalytic subunit A [Myotis myotis]
ATP5F1B|Myotis_brandtii|XP_005872132	XP_036205460.1	28.713	115	1.95e-26	XP_036205460.1 V-type proton ATPase catalytic subunit A [Myotis myotis]
ATP5F1B|Myotis_daubentonii|XP_059539271	XP_036155331.1	100.000	1056	0.0	XP_036155331.1 ATP synthase subunit beta, mitochondrial [Myotis myotis]
ATP5F1B|Myotis_daubentonii|XP_059539271	XP_036190084.1	25.971	118	5.27e-28	XP_036190084.1 V-type proton ATPase subunit B, kidney isoform [Myotis myotis]
ATP5F1B|Myotis_daubentonii|XP_059539271	XP_036168710.1	25.486	117	1.27e-27	XP_036168710.1 V-type proton ATPase subunit B, brain isoform [Myotis myotis]
ATP5F1B|Myotis_daubentonii|XP_059539271	XP_036205461.1	28.713	115	1.65e-26	XP_036205461.1 V-type proton ATPase catalytic subunit A [Myotis myotis]
ATP5F1B|Myotis_daubentonii|XP_059539271	XP_036205460.1	28.713	115	1.65e-26	XP_036205460.1 V-type proton ATPase catalytic subunit A [Myotis myotis]
ATP5F1B|Myotis_davidii|XP_015412899	XP_036155331.1	100.000	858	0.0	XP_036155331.1 ATP synthase subunit beta, mitochondrial [Myotis myotis]
ATP5F1B|Myotis_davidii|XP_015412899	XP_036190084.1	26.606	102	1.20e-22	XP_036190084.1 V-type proton ATPase subunit B, kidney isoform [Myotis myotis]
ATP5F1B|Myotis_davidii|XP_015412899	XP_036168710.1	26.107	102	1.45e-22	XP_036168710.1 V-type proton ATPase subunit B, brain isoform [Myotis myotis]
ATP5F1B|Myotis_davidii|XP_015412899	XP_036205461.1	28.745	98.2	3.75e-21	XP_036205461.1 V-type proton ATPase catalytic subunit A [Myotis myotis]
ATP5F1B|Myotis_davidii|XP_015412899	XP_036205460.1	28.745	98.2	3.75e-21	XP_036205460.1 V-type proton ATPase catalytic subunit A [Myotis myotis]
ATP5F1B|Myotis_lucifugus|XP_006093683	XP_036155331.1	99.621	1055	0.0	XP_036155331.1 ATP synthase subunit beta, mitochondrial [Myotis myotis]
ATP5F1B|Myotis_lucifugus|XP_006093683	XP_036190084.1	25.971	118	7.25e-28	XP_036190084.1 V-type proton ATPase subunit B, kidney isoform [Myotis myotis]
ATP5F1B|Myotis_lucifugus|XP_006093683	XP_036168710.1	25.681	117	1.76e-27	XP_036168710.1 V-type proton ATPase subunit B, brain isoform [Myotis myotis]
ATP5F1B|Myotis_lucifugus|XP_006093683	XP_036205461.1	28.713	115	1.95e-26	XP_036205461.1 V-type proton ATPase catalytic subunit A [Myotis myotis]
ATP5F1B|Myotis_lucifugus|XP_006093683	XP_036205460.1	28.713	115	1.95e-26	XP_036205460.1 V-type proton ATPase catalytic subunit A [Myotis myotis]
ATP5F1B|Myotis_myotis|XP_036155331	XP_036155331.1	100.000	1056	0.0	XP_036155331.1 ATP synthase subunit beta, mitochondrial [Myotis myotis]
ATP5F1B|Myotis_myotis|XP_036155331	XP_036190084.1	25.971	118	5.27e-28	XP_036190084.1 V-type proton ATPase subunit B, kidney isoform [Myotis myotis]
ATP5F1B|Myotis_myotis|XP_036155331	XP_036168710.1	25.486	117	1.27e-27	XP_036168710.1 V-type proton ATPase subunit B, brain isoform [Myotis myotis]
ATP5F1B|Myotis_myotis|XP_036155331	XP_036205461.1	28.713	115	1.65e-26	XP_036205461.1 V-type proton ATPase catalytic subunit A [Myotis myotis]
ATP5F1B|Myotis_myotis|XP_036155331	XP_036205460.1	28.713	115	1.65e-26	XP_036205460.1 V-type proton ATPase catalytic subunit A [Myotis myotis]
ATP5F1B|Myotis_nattereri|XP_080940514	XP_036155331.1	99.621	1052	0.0	XP_036155331.1 ATP synthase subunit beta, mitochondrial [Myotis myotis]
ATP5F1B|Myotis_nattereri|XP_080940514	XP_036190084.1	25.971	118	5.32e-28	XP_036190084.1 V-type proton ATPase subunit B, kidney isoform [Myotis myotis]
ATP5F1B|Myotis_nattereri|XP_080940514	XP_036168710.1	25.486	117	1.42e-27	XP_036168710.1 V-type proton ATPase subunit B, brain isoform [Myotis myotis]
ATP5F1B|Myotis_nattereri|XP_080940514	XP_036205461.1	28.713	114	3.02e-26	XP_036205461.1 V-type proton ATPase catalytic subunit A [Myotis myotis]
ATP5F1B|Myotis_nattereri|XP_080940514	XP_036205460.1	28.713	114	3.02e-26	XP_036205460.1 V-type proton ATPase catalytic subunit A [Myotis myotis]
ATP5F1B|Myotis_yumanensis|XP_070266060	XP_036155331.1	99.811	1055	0.0	XP_036155331.1 ATP synthase subunit beta, mitochondrial [Myotis myotis]
ATP5F1B|Myotis_yumanensis|XP_070266060	XP_036190084.1	25.971	118	5.68e-28	XP_036190084.1 V-type proton ATPase subunit B, kidney isoform [Myotis myotis]
ATP5F1B|Myotis_yumanensis|XP_070266060	XP_036168710.1	25.486	117	1.24e-27	XP_036168710.1 V-type proton ATPase subunit B, brain isoform [Myotis myotis]
ATP5F1B|Myotis_yumanensis|XP_070266060	XP_036205461.1	28.713	115	1.67e-26	XP_036205461.1 V-type proton ATPase catalytic subunit A [Myotis myotis]
ATP5F1B|Myotis_yumanensis|XP_070266060	XP_036205460.1	28.713	115	1.67e-26	XP_036205460.1 V-type proton ATPase catalytic subunit A [Myotis myotis]
ATP5F1B|Phyllostomus_discolor|XP_028387599	XP_036155331.1	98.106	1039	0.0	XP_036155331.1 ATP synthase subunit beta, mitochondrial [Myotis myotis]
ATP5F1B|Phyllostomus_discolor|XP_028387599	XP_036168710.1	25.681	118	7.47e-28	XP_036168710.1 V-type proton ATPase subunit B, brain isoform [Myotis myotis]
ATP5F1B|Phyllostomus_discolor|XP_028387599	XP_036190084.1	25.728	117	1.60e-27	XP_036190084.1 V-type proton ATPase subunit B, kidney isoform [Myotis myotis]
ATP5F1B|Phyllostomus_discolor|XP_028387599	XP_036205461.1	28.713	114	3.49e-26	XP_036205461.1 V-type proton ATPase catalytic subunit A [Myotis myotis]
ATP5F1B|Phyllostomus_discolor|XP_028387599	XP_036205460.1	28.713	114	3.49e-26	XP_036205460.1 V-type proton ATPase catalytic subunit A [Myotis myotis]
ATP5F1B|Phyllostomus_hastatus|XP_045685767	XP_036155331.1	98.106	1039	0.0	XP_036155331.1 ATP synthase subunit beta, mitochondrial [Myotis myotis]
ATP5F1B|Phyllostomus_hastatus|XP_045685767	XP_036168710.1	25.681	118	7.47e-28	XP_036168710.1 V-type proton ATPase subunit B, brain isoform [Myotis myotis]
ATP5F1B|Phyllostomus_hastatus|XP_045685767	XP_036190084.1	25.728	117	1.60e-27	XP_036190084.1 V-type proton ATPase subunit B, kidney isoform [Myotis myotis]
ATP5F1B|Phyllostomus_hastatus|XP_045685767	XP_036205461.1	28.713	114	3.49e-26	XP_036205461.1 V-type proton ATPase catalytic subunit A [Myotis myotis]
ATP5F1B|Phyllostomus_hastatus|XP_045685767	XP_036205460.1	28.713	114	3.49e-26	XP_036205460.1 V-type proton ATPase catalytic subunit A [Myotis myotis]
ATP5F1B|Pipistrellus_kuhlii|XP_036313244	XP_036155331.1	98.864	1048	0.0	XP_036155331.1 ATP synthase subunit beta, mitochondrial [Myotis myotis]
ATP5F1B|Pipistrellus_kuhlii|XP_036313244	XP_036190084.1	25.971	119	5.48e-28	XP_036190084.1 V-type proton ATPase subunit B, kidney isoform [Myotis myotis]
ATP5F1B|Pipistrellus_kuhlii|XP_036313244	XP_036168710.1	26.877	116	3.22e-27	XP_036168710.1 V-type proton ATPase subunit B, brain isoform [Myotis myotis]
ATP5F1B|Pipistrellus_kuhlii|XP_036313244	XP_036205461.1	28.713	114	4.63e-26	XP_036205461.1 V-type proton ATPase catalytic subunit A [Myotis myotis]
ATP5F1B|Pipistrellus_kuhlii|XP_036313244	XP_036205460.1	28.713	114	4.63e-26	XP_036205460.1 V-type proton ATPase catalytic subunit A [Myotis myotis]
ATP5F1B|Plecotus_auritus|XP_080518451	XP_036155331.1	98.674	1046	0.0	XP_036155331.1 ATP synthase subunit beta, mitochondrial [Myotis myotis]
ATP5F1B|Plecotus_auritus|XP_080518451	XP_036190084.1	25.971	119	5.38e-28	XP_036190084.1 V-type proton ATPase subunit B, kidney isoform [Myotis myotis]
ATP5F1B|Plecotus_auritus|XP_080518451	XP_036168710.1	25.875	117	2.16e-27	XP_036168710.1 V-type proton ATPase subunit B, brain isoform [Myotis myotis]
ATP5F1B|Plecotus_auritus|XP_080518451	XP_036205461.1	28.713	115	1.95e-26	XP_036205461.1 V-type proton ATPase catalytic subunit A [Myotis myotis]
ATP5F1B|Plecotus_auritus|XP_080518451	XP_036205460.1	28.713	115	1.95e-26	XP_036205460.1 V-type proton ATPase catalytic subunit A [Myotis myotis]
ATP5F1B|Pteronotus_mesoamericanus|XP_054435903	XP_036155331.1	97.917	1035	0.0	XP_036155331.1 ATP synthase subunit beta, mitochondrial [Myotis myotis]
ATP5F1B|Pteronotus_mesoamericanus|XP_054435903	XP_036190084.1	25.971	118	7.38e-28	XP_036190084.1 V-type proton ATPase subunit B, kidney isoform [Myotis myotis]
ATP5F1B|Pteronotus_mesoamericanus|XP_054435903	XP_036168710.1	26.634	117	2.07e-27	XP_036168710.1 V-type proton ATPase subunit B, brain isoform [Myotis myotis]
ATP5F1B|Pteronotus_mesoamericanus|XP_054435903	XP_036205461.1	28.713	114	2.94e-26	XP_036205461.1 V-type proton ATPase catalytic subunit A [Myotis myotis]
ATP5F1B|Pteronotus_mesoamericanus|XP_054435903	XP_036205460.1	28.713	114	2.94e-26	XP_036205460.1 V-type proton ATPase catalytic subunit A [Myotis myotis]
ATP5F1B|Pteropus_alecto|XP_006908981	XP_036155331.1	97.348	1031	0.0	XP_036155331.1 ATP synthase subunit beta, mitochondrial [Myotis myotis]
ATP5F1B|Pteropus_alecto|XP_006908981	XP_036190084.1	25.728	117	1.19e-27	XP_036190084.1 V-type proton ATPase subunit B, kidney isoform [Myotis myotis]
ATP5F1B|Pteropus_alecto|XP_006908981	XP_036168710.1	24.470	116	2.59e-27	XP_036168710.1 V-type proton ATPase subunit B, brain isoform [Myotis myotis]
ATP5F1B|Pteropus_alecto|XP_006908981	XP_036205461.1	28.713	114	2.25e-26	XP_036205461.1 V-type proton ATPase catalytic subunit A [Myotis myotis]
ATP5F1B|Pteropus_alecto|XP_006908981	XP_036205460.1	28.713	114	2.25e-26	XP_036205460.1 V-type proton ATPase catalytic subunit A [Myotis myotis]
ATP5F1B|Pteropus_medius|XP_039721660	XP_036155331.1	97.348	1031	0.0	XP_036155331.1 ATP synthase subunit beta, mitochondrial [Myotis myotis]
ATP5F1B|Pteropus_medius|XP_039721660	XP_036190084.1	25.728	117	1.19e-27	XP_036190084.1 V-type proton ATPase subunit B, kidney isoform [Myotis myotis]
ATP5F1B|Pteropus_medius|XP_039721660	XP_036168710.1	24.470	116	2.59e-27	XP_036168710.1 V-type proton ATPase subunit B, brain isoform [Myotis myotis]
ATP5F1B|Pteropus_medius|XP_039721660	XP_036205461.1	28.713	114	2.25e-26	XP_036205461.1 V-type proton ATPase catalytic subunit A [Myotis myotis]
ATP5F1B|Pteropus_medius|XP_039721660	XP_036205460.1	28.713	114	2.25e-26	XP_036205460.1 V-type proton ATPase catalytic subunit A [Myotis myotis]
ATP5F1B|Pteropus_vampyrus|XP_011373944	XP_036155331.1	97.348	1031	0.0	XP_036155331.1 ATP synthase subunit beta, mitochondrial [Myotis myotis]
ATP5F1B|Pteropus_vampyrus|XP_011373944	XP_036190084.1	25.728	117	1.19e-27	XP_036190084.1 V-type proton ATPase subunit B, kidney isoform [Myotis myotis]
ATP5F1B|Pteropus_vampyrus|XP_011373944	XP_036168710.1	24.470	116	2.59e-27	XP_036168710.1 V-type proton ATPase subunit B, brain isoform [Myotis myotis]
ATP5F1B|Pteropus_vampyrus|XP_011373944	XP_036205461.1	28.713	114	2.25e-26	XP_036205461.1 V-type proton ATPase catalytic subunit A [Myotis myotis]
ATP5F1B|Pteropus_vampyrus|XP_011373944	XP_036205460.1	28.713	114	2.25e-26	XP_036205460.1 V-type proton ATPase catalytic subunit A [Myotis myotis]
ATP5F1B|Rhinolophus_ferrumequinum|XP_032973962	XP_036155331.1	97.538	1035	0.0	XP_036155331.1 ATP synthase subunit beta, mitochondrial [Myotis myotis]
ATP5F1B|Rhinolophus_ferrumequinum|XP_032973962	XP_036190084.1	25.728	117	1.71e-27	XP_036190084.1 V-type proton ATPase subunit B, kidney isoform [Myotis myotis]
ATP5F1B|Rhinolophus_ferrumequinum|XP_032973962	XP_036168710.1	26.392	115	9.91e-27	XP_036168710.1 V-type proton ATPase subunit B, brain isoform [Myotis myotis]
ATP5F1B|Rhinolophus_ferrumequinum|XP_032973962	XP_036205461.1	28.713	113	4.67e-26	XP_036205461.1 V-type proton ATPase catalytic subunit A [Myotis myotis]
ATP5F1B|Rhinolophus_ferrumequinum|XP_032973962	XP_036205460.1	28.713	113	4.67e-26	XP_036205460.1 V-type proton ATPase catalytic subunit A [Myotis myotis]
ATP5F1B|Rhinolophus_hipposideros|XP_080915968	XP_036155331.1	97.348	1032	0.0	XP_036155331.1 ATP synthase subunit beta, mitochondrial [Myotis myotis]
ATP5F1B|Rhinolophus_hipposideros|XP_080915968	XP_036190084.1	25.728	117	1.66e-27	XP_036190084.1 V-type proton ATPase subunit B, kidney isoform [Myotis myotis]
ATP5F1B|Rhinolophus_hipposideros|XP_080915968	XP_036168710.1	26.392	115	7.93e-27	XP_036168710.1 V-type proton ATPase subunit B, brain isoform [Myotis myotis]
ATP5F1B|Rhinolophus_hipposideros|XP_080915968	XP_036205461.1	28.713	114	4.30e-26	XP_036205461.1 V-type proton ATPase catalytic subunit A [Myotis myotis]
ATP5F1B|Rhinolophus_hipposideros|XP_080915968	XP_036205460.1	28.713	114	4.30e-26	XP_036205460.1 V-type proton ATPase catalytic subunit A [Myotis myotis]
ATP5F1B|Rhinolophus_sinicus|XP_019597981	XP_036155331.1	97.538	1033	0.0	XP_036155331.1 ATP synthase subunit beta, mitochondrial [Myotis myotis]
ATP5F1B|Rhinolophus_sinicus|XP_019597981	XP_036190084.1	25.728	117	1.57e-27	XP_036190084.1 V-type proton ATPase subunit B, kidney isoform [Myotis myotis]
ATP5F1B|Rhinolophus_sinicus|XP_019597981	XP_036168710.1	26.392	115	4.49e-27	XP_036168710.1 V-type proton ATPase subunit B, brain isoform [Myotis myotis]
ATP5F1B|Rhinolophus_sinicus|XP_019597981	XP_036205461.1	28.713	113	4.67e-26	XP_036205461.1 V-type proton ATPase catalytic subunit A [Myotis myotis]
ATP5F1B|Rhinolophus_sinicus|XP_019597981	XP_036205460.1	28.713	113	4.67e-26	XP_036205460.1 V-type proton ATPase catalytic subunit A [Myotis myotis]
ATP5F1B|Rousettus_aegyptiacus|XP_016021188	XP_036155331.1	97.917	1037	0.0	XP_036155331.1 ATP synthase subunit beta, mitochondrial [Myotis myotis]
ATP5F1B|Rousettus_aegyptiacus|XP_016021188	XP_036168710.1	24.470	117	1.09e-27	XP_036168710.1 V-type proton ATPase subunit B, brain isoform [Myotis myotis]
ATP5F1B|Rousettus_aegyptiacus|XP_016021188	XP_036190084.1	25.728	117	1.34e-27	XP_036190084.1 V-type proton ATPase subunit B, kidney isoform [Myotis myotis]
ATP5F1B|Rousettus_aegyptiacus|XP_016021188	XP_036205461.1	28.713	115	1.34e-26	XP_036205461.1 V-type proton ATPase catalytic subunit A [Myotis myotis]
ATP5F1B|Rousettus_aegyptiacus|XP_016021188	XP_036205460.1	28.713	115	1.34e-26	XP_036205460.1 V-type proton ATPase catalytic subunit A [Myotis myotis]
ATP5F1B|Saccopteryx_bilineata|XP_066114477	XP_036155331.1	97.917	1037	0.0	XP_036155331.1 ATP synthase subunit beta, mitochondrial [Myotis myotis]
ATP5F1B|Saccopteryx_bilineata|XP_066114477	XP_036168710.1	25.681	118	6.61e-28	XP_036168710.1 V-type proton ATPase subunit B, brain isoform [Myotis myotis]
ATP5F1B|Saccopteryx_bilineata|XP_066114477	XP_036190084.1	25.728	117	1.47e-27	XP_036190084.1 V-type proton ATPase subunit B, kidney isoform [Myotis myotis]
ATP5F1B|Saccopteryx_bilineata|XP_066114477	XP_036205461.1	28.713	114	2.88e-26	XP_036205461.1 V-type proton ATPase catalytic subunit A [Myotis myotis]
ATP5F1B|Saccopteryx_bilineata|XP_066114477	XP_036205460.1	28.713	114	2.88e-26	XP_036205460.1 V-type proton ATPase catalytic subunit A [Myotis myotis]
ATP5F1B|Saccopteryx_leptura|XP_066225913	XP_036155331.1	97.917	1037	0.0	XP_036155331.1 ATP synthase subunit beta, mitochondrial [Myotis myotis]
ATP5F1B|Saccopteryx_leptura|XP_066225913	XP_036168710.1	25.681	118	6.61e-28	XP_036168710.1 V-type proton ATPase subunit B, brain isoform [Myotis myotis]
ATP5F1B|Saccopteryx_leptura|XP_066225913	XP_036190084.1	25.728	117	1.47e-27	XP_036190084.1 V-type proton ATPase subunit B, kidney isoform [Myotis myotis]
ATP5F1B|Saccopteryx_leptura|XP_066225913	XP_036205461.1	28.713	114	2.88e-26	XP_036205461.1 V-type proton ATPase catalytic subunit A [Myotis myotis]
ATP5F1B|Saccopteryx_leptura|XP_066225913	XP_036205460.1	28.713	114	2.88e-26	XP_036205460.1 V-type proton ATPase catalytic subunit A [Myotis myotis]
ATP5F1B|Sturnira_hondurensis|XP_036886030	XP_036155331.1	98.106	1038	0.0	XP_036155331.1 ATP synthase subunit beta, mitochondrial [Myotis myotis]
ATP5F1B|Sturnira_hondurensis|XP_036886030	XP_036168710.1	25.391	120	1.34e-28	XP_036168710.1 V-type proton ATPase subunit B, brain isoform [Myotis myotis]
ATP5F1B|Sturnira_hondurensis|XP_036886030	XP_036190084.1	25.349	118	6.18e-28	XP_036190084.1 V-type proton ATPase subunit B, kidney isoform [Myotis myotis]
ATP5F1B|Sturnira_hondurensis|XP_036886030	XP_036205461.1	28.713	114	3.24e-26	XP_036205461.1 V-type proton ATPase catalytic subunit A [Myotis myotis]
ATP5F1B|Sturnira_hondurensis|XP_036886030	XP_036205460.1	28.713	114	3.24e-26	XP_036205460.1 V-type proton ATPase catalytic subunit A [Myotis myotis]
ATP5MC1|Artibeus_jamaicensis|XP_037005909	XP_036196966.1	94.326	261	9.86e-91	XP_036196966.1 ATP synthase F(0) complex subunit C1, mitochondrial isoform X1 [Myotis myotis]
ATP5MC1|Artibeus_jamaicensis|XP_037005909	XP_036196968.1	97.059	259	4.24e-90	XP_036196968.1 ATP synthase F(0) complex subunit C1, mitochondrial isoform X2 [Myotis myotis]
ATP5MC1|Artibeus_jamaicensis|XP_037005909	XP_036196967.1	97.059	259	4.24e-90	XP_036196967.1 ATP synthase F(0) complex subunit C1, mitochondrial isoform X2 [Myotis myotis]
ATP5MC1|Artibeus_jamaicensis|XP_037005909	XP_036179008.1	95.588	255	1.58e-88	XP_036179008.1 ATP synthase F(0) complex subunit C1, mitochondrial-like [Myotis myotis]
ATP5MC1|Artibeus_jamaicensis|XP_037005909	XP_036176306.1	76.471	187	1.12e-61	XP_036176306.1 ATP synthase F(0) complex subunit C3, mitochondrial [Myotis myotis]
ATP5MC1|Cnephaeus_nilssonii|XP_079655260	XP_036196966.1	99.265	268	5.89e-94	XP_036196966.1 ATP synthase F(0) complex subunit C1, mitochondrial isoform X1 [Myotis myotis]
ATP5MC1|Cnephaeus_nilssonii|XP_079655260	XP_036196968.1	99.265	267	1.37e-93	XP_036196968.1 ATP synthase F(0) complex subunit C1, mitochondrial isoform X2 [Myotis myotis]
ATP5MC1|Cnephaeus_nilssonii|XP_079655260	XP_036196967.1	99.265	267	1.37e-93	XP_036196967.1 ATP synthase F(0) complex subunit C1, mitochondrial isoform X2 [Myotis myotis]
ATP5MC1|Cnephaeus_nilssonii|XP_079655260	XP_036179008.1	97.794	263	5.18e-92	XP_036179008.1 ATP synthase F(0) complex subunit C1, mitochondrial-like [Myotis myotis]
ATP5MC1|Cnephaeus_nilssonii|XP_079655260	XP_036176306.1	75.556	187	9.53e-62	XP_036176306.1 ATP synthase F(0) complex subunit C3, mitochondrial [Myotis myotis]
ATP5MC1|Desmodus_rotundus|XP_045038510	XP_036196966.1	96.324	261	7.29e-91	XP_036196966.1 ATP synthase F(0) complex subunit C1, mitochondrial isoform X1 [Myotis myotis]
ATP5MC1|Desmodus_rotundus|XP_045038510	XP_036196968.1	96.324	259	1.41e-90	XP_036196968.1 ATP synthase F(0) complex subunit C1, mitochondrial isoform X2 [Myotis myotis]
ATP5MC1|Desmodus_rotundus|XP_045038510	XP_036196967.1	96.324	259	1.41e-90	XP_036196967.1 ATP synthase F(0) complex subunit C1, mitochondrial isoform X2 [Myotis myotis]
ATP5MC1|Desmodus_rotundus|XP_045038510	XP_036179008.1	94.853	256	5.04e-89	XP_036179008.1 ATP synthase F(0) complex subunit C1, mitochondrial-like [Myotis myotis]
ATP5MC1|Desmodus_rotundus|XP_045038510	XP_036176306.1	76.471	188	2.12e-62	XP_036176306.1 ATP synthase F(0) complex subunit C3, mitochondrial [Myotis myotis]
ATP5MC1|Eptesicus_fuscus|XP_054564937	XP_036196966.1	97.163	273	2.24e-95	XP_036196966.1 ATP synthase F(0) complex subunit C1, mitochondrial isoform X1 [Myotis myotis]
ATP5MC1|Eptesicus_fuscus|XP_054564937	XP_036196968.1	99.265	266	3.83e-93	XP_036196968.1 ATP synthase F(0) complex subunit C1, mitochondrial isoform X2 [Myotis myotis]
ATP5MC1|Eptesicus_fuscus|XP_054564937	XP_036196967.1	99.265	266	3.83e-93	XP_036196967.1 ATP synthase F(0) complex subunit C1, mitochondrial isoform X2 [Myotis myotis]
ATP5MC1|Eptesicus_fuscus|XP_054564937	XP_036179008.1	97.794	263	1.07e-91	XP_036179008.1 ATP synthase F(0) complex subunit C1, mitochondrial-like [Myotis myotis]
ATP5MC1|Eptesicus_fuscus|XP_054564937	XP_036176306.1	75.556	186	2.13e-61	XP_036176306.1 ATP synthase F(0) complex subunit C3, mitochondrial [Myotis myotis]
ATP5MC1|Hipposideros_armiger|XP_019494029	XP_036196966.1	98.529	266	6.66e-93	XP_036196966.1 ATP synthase F(0) complex subunit C1, mitochondrial isoform X1 [Myotis myotis]
ATP5MC1|Hipposideros_armiger|XP_019494029	XP_036196968.1	98.529	265	1.42e-92	XP_036196968.1 ATP synthase F(0) complex subunit C1, mitochondrial isoform X2 [Myotis myotis]
ATP5MC1|Hipposideros_armiger|XP_019494029	XP_036196967.1	98.529	265	1.42e-92	XP_036196967.1 ATP synthase F(0) complex subunit C1, mitochondrial isoform X2 [Myotis myotis]
ATP5MC1|Hipposideros_armiger|XP_019494029	XP_036179008.1	97.059	260	6.61e-91	XP_036179008.1 ATP synthase F(0) complex subunit C1, mitochondrial-like [Myotis myotis]
ATP5MC1|Hipposideros_armiger|XP_019494029	XP_036176306.1	76.296	189	1.72e-62	XP_036176306.1 ATP synthase F(0) complex subunit C3, mitochondrial [Myotis myotis]
ATP5MC1|Miniopterus_natalensis|XP_016077543	XP_036196966.1	98.529	266	5.23e-93	XP_036196966.1 ATP synthase F(0) complex subunit C1, mitochondrial isoform X1 [Myotis myotis]
ATP5MC1|Miniopterus_natalensis|XP_016077543	XP_036196968.1	98.529	265	1.37e-92	XP_036196968.1 ATP synthase F(0) complex subunit C1, mitochondrial isoform X2 [Myotis myotis]
ATP5MC1|Miniopterus_natalensis|XP_016077543	XP_036196967.1	98.529	265	1.37e-92	XP_036196967.1 ATP synthase F(0) complex subunit C1, mitochondrial isoform X2 [Myotis myotis]
ATP5MC1|Miniopterus_natalensis|XP_016077543	XP_036179008.1	97.059	260	6.05e-91	XP_036179008.1 ATP synthase F(0) complex subunit C1, mitochondrial-like [Myotis myotis]
ATP5MC1|Miniopterus_natalensis|XP_016077543	XP_036176306.1	75.556	188	3.40e-62	XP_036176306.1 ATP synthase F(0) complex subunit C3, mitochondrial [Myotis myotis]
ATP5MC1|Miniopterus_schreibersii|XP_081018278	XP_036196966.1	98.529	266	5.23e-93	XP_036196966.1 ATP synthase F(0) complex subunit C1, mitochondrial isoform X1 [Myotis myotis]
ATP5MC1|Miniopterus_schreibersii|XP_081018278	XP_036196968.1	98.529	265	1.37e-92	XP_036196968.1 ATP synthase F(0) complex subunit C1, mitochondrial isoform X2 [Myotis myotis]
ATP5MC1|Miniopterus_schreibersii|XP_081018278	XP_036196967.1	98.529	265	1.37e-92	XP_036196967.1 ATP synthase F(0) complex subunit C1, mitochondrial isoform X2 [Myotis myotis]
ATP5MC1|Miniopterus_schreibersii|XP_081018278	XP_036179008.1	97.059	260	6.05e-91	XP_036179008.1 ATP synthase F(0) complex subunit C1, mitochondrial-like [Myotis myotis]
ATP5MC1|Miniopterus_schreibersii|XP_081018278	XP_036176306.1	75.556	188	3.40e-62	XP_036176306.1 ATP synthase F(0) complex subunit C3, mitochondrial [Myotis myotis]
ATP5MC1|Molossus_molossus|XP_036124514	XP_036196966.1	99.265	268	7.50e-94	XP_036196966.1 ATP synthase F(0) complex subunit C1, mitochondrial isoform X1 [Myotis myotis]
ATP5MC1|Molossus_molossus|XP_036124514	XP_036196968.1	99.265	267	1.69e-93	XP_036196968.1 ATP synthase F(0) complex subunit C1, mitochondrial isoform X2 [Myotis myotis]
ATP5MC1|Molossus_molossus|XP_036124514	XP_036196967.1	99.265	267	1.69e-93	XP_036196967.1 ATP synthase F(0) complex subunit C1, mitochondrial isoform X2 [Myotis myotis]
ATP5MC1|Molossus_molossus|XP_036124514	XP_036179008.1	97.794	263	6.17e-92	XP_036179008.1 ATP synthase F(0) complex subunit C1, mitochondrial-like [Myotis myotis]
ATP5MC1|Molossus_molossus|XP_036124514	XP_036176306.1	75.556	187	8.82e-62	XP_036176306.1 ATP synthase F(0) complex subunit C3, mitochondrial [Myotis myotis]
ATP5MC1|Myotis_brandtii|XP_005868199	XP_036196966.1	99.265	268	5.89e-94	XP_036196966.1 ATP synthase F(0) complex subunit C1, mitochondrial isoform X1 [Myotis myotis]
ATP5MC1|Myotis_brandtii|XP_005868199	XP_036196968.1	99.265	267	1.37e-93	XP_036196968.1 ATP synthase F(0) complex subunit C1, mitochondrial isoform X2 [Myotis myotis]
ATP5MC1|Myotis_brandtii|XP_005868199	XP_036196967.1	99.265	267	1.37e-93	XP_036196967.1 ATP synthase F(0) complex subunit C1, mitochondrial isoform X2 [Myotis myotis]
ATP5MC1|Myotis_brandtii|XP_005868199	XP_036179008.1	97.794	263	5.18e-92	XP_036179008.1 ATP synthase F(0) complex subunit C1, mitochondrial-like [Myotis myotis]
ATP5MC1|Myotis_brandtii|XP_005868199	XP_036176306.1	75.556	187	9.53e-62	XP_036176306.1 ATP synthase F(0) complex subunit C3, mitochondrial [Myotis myotis]
ATP5MC1|Myotis_daubentonii|XP_059526684	XP_036196966.1	99.265	268	5.89e-94	XP_036196966.1 ATP synthase F(0) complex subunit C1, mitochondrial isoform X1 [Myotis myotis]
ATP5MC1|Myotis_daubentonii|XP_059526684	XP_036196968.1	99.265	267	1.37e-93	XP_036196968.1 ATP synthase F(0) complex subunit C1, mitochondrial isoform X2 [Myotis myotis]
ATP5MC1|Myotis_daubentonii|XP_059526684	XP_036196967.1	99.265	267	1.37e-93	XP_036196967.1 ATP synthase F(0) complex subunit C1, mitochondrial isoform X2 [Myotis myotis]
ATP5MC1|Myotis_daubentonii|XP_059526684	XP_036179008.1	97.794	263	5.18e-92	XP_036179008.1 ATP synthase F(0) complex subunit C1, mitochondrial-like [Myotis myotis]
ATP5MC1|Myotis_daubentonii|XP_059526684	XP_036176306.1	75.556	187	9.53e-62	XP_036176306.1 ATP synthase F(0) complex subunit C3, mitochondrial [Myotis myotis]
ATP5MC1|Myotis_davidii|XP_006765979	XP_036196966.1	75.524	196	5.84e-65	XP_036196966.1 ATP synthase F(0) complex subunit C1, mitochondrial isoform X1 [Myotis myotis]
ATP5MC1|Myotis_davidii|XP_006765979	XP_036196968.1	76.596	194	1.16e-64	XP_036196968.1 ATP synthase F(0) complex subunit C1, mitochondrial isoform X2 [Myotis myotis]
ATP5MC1|Myotis_davidii|XP_006765979	XP_036196967.1	76.596	194	1.16e-64	XP_036196967.1 ATP synthase F(0) complex subunit C1, mitochondrial isoform X2 [Myotis myotis]
ATP5MC1|Myotis_davidii|XP_006765979	XP_036179008.1	75.177	188	2.90e-62	XP_036179008.1 ATP synthase F(0) complex subunit C1, mitochondrial-like [Myotis myotis]
ATP5MC1|Myotis_davidii|XP_006765979	XP_036176306.1	56.391	123	2.09e-36	XP_036176306.1 ATP synthase F(0) complex subunit C3, mitochondrial [Myotis myotis]
ATP5MC1|Myotis_lucifugus|XP_006098993	XP_036196966.1	98.529	267	1.88e-93	XP_036196966.1 ATP synthase F(0) complex subunit C1, mitochondrial isoform X1 [Myotis myotis]
ATP5MC1|Myotis_lucifugus|XP_006098993	XP_036196968.1	98.529	266	5.22e-93	XP_036196968.1 ATP synthase F(0) complex subunit C1, mitochondrial isoform X2 [Myotis myotis]
ATP5MC1|Myotis_lucifugus|XP_006098993	XP_036196967.1	98.529	266	5.22e-93	XP_036196967.1 ATP synthase F(0) complex subunit C1, mitochondrial isoform X2 [Myotis myotis]
ATP5MC1|Myotis_lucifugus|XP_006098993	XP_036179008.1	97.059	261	1.98e-91	XP_036179008.1 ATP synthase F(0) complex subunit C1, mitochondrial-like [Myotis myotis]
ATP5MC1|Myotis_lucifugus|XP_006098993	XP_036176306.1	75.556	187	6.28e-62	XP_036176306.1 ATP synthase F(0) complex subunit C3, mitochondrial [Myotis myotis]
ATP5MC1|Myotis_myotis|XP_036196966	XP_036196966.1	100.000	297	5.09e-105	XP_036196966.1 ATP synthase F(0) complex subunit C1, mitochondrial isoform X1 [Myotis myotis]
ATP5MC1|Myotis_myotis|XP_036196966	XP_036196968.1	100.000	269	2.99e-94	XP_036196968.1 ATP synthase F(0) complex subunit C1, mitochondrial isoform X2 [Myotis myotis]
ATP5MC1|Myotis_myotis|XP_036196966	XP_036196967.1	100.000	269	2.99e-94	XP_036196967.1 ATP synthase F(0) complex subunit C1, mitochondrial isoform X2 [Myotis myotis]
ATP5MC1|Myotis_myotis|XP_036196966	XP_036179008.1	98.529	265	1.11e-92	XP_036179008.1 ATP synthase F(0) complex subunit C1, mitochondrial-like [Myotis myotis]
ATP5MC1|Myotis_myotis|XP_036196966	XP_036176306.1	75.556	187	8.98e-62	XP_036176306.1 ATP synthase F(0) complex subunit C3, mitochondrial [Myotis myotis]
ATP5MC1|Myotis_nattereri|XP_080965422	XP_036196966.1	100.000	269	2.73e-94	XP_036196966.1 ATP synthase F(0) complex subunit C1, mitochondrial isoform X1 [Myotis myotis]
ATP5MC1|Myotis_nattereri|XP_080965422	XP_036196968.1	100.000	268	5.50e-94	XP_036196968.1 ATP synthase F(0) complex subunit C1, mitochondrial isoform X2 [Myotis myotis]
ATP5MC1|Myotis_nattereri|XP_080965422	XP_036196967.1	100.000	268	5.50e-94	XP_036196967.1 ATP synthase F(0) complex subunit C1, mitochondrial isoform X2 [Myotis myotis]
ATP5MC1|Myotis_nattereri|XP_080965422	XP_036179008.1	98.529	264	2.15e-92	XP_036179008.1 ATP synthase F(0) complex subunit C1, mitochondrial-like [Myotis myotis]
ATP5MC1|Myotis_nattereri|XP_080965422	XP_036176306.1	75.556	187	7.24e-62	XP_036176306.1 ATP synthase F(0) complex subunit C3, mitochondrial [Myotis myotis]
ATP5MC1|Myotis_yumanensis|XP_070250287	XP_036196966.1	99.265	268	5.89e-94	XP_036196966.1 ATP synthase F(0) complex subunit C1, mitochondrial isoform X1 [Myotis myotis]
ATP5MC1|Myotis_yumanensis|XP_070250287	XP_036196968.1	99.265	267	1.37e-93	XP_036196968.1 ATP synthase F(0) complex subunit C1, mitochondrial isoform X2 [Myotis myotis]
ATP5MC1|Myotis_yumanensis|XP_070250287	XP_036196967.1	99.265	267	1.37e-93	XP_036196967.1 ATP synthase F(0) complex subunit C1, mitochondrial isoform X2 [Myotis myotis]
ATP5MC1|Myotis_yumanensis|XP_070250287	XP_036179008.1	97.794	263	5.18e-92	XP_036179008.1 ATP synthase F(0) complex subunit C1, mitochondrial-like [Myotis myotis]
ATP5MC1|Myotis_yumanensis|XP_070250287	XP_036176306.1	75.556	187	9.53e-62	XP_036176306.1 ATP synthase F(0) complex subunit C3, mitochondrial [Myotis myotis]
ATP5MC1|Phyllostomus_discolor|XP_035889700	XP_036196966.1	96.324	259	2.21e-90	XP_036196966.1 ATP synthase F(0) complex subunit C1, mitochondrial isoform X1 [Myotis myotis]
ATP5MC1|Phyllostomus_discolor|XP_035889700	XP_036196968.1	96.324	258	4.46e-90	XP_036196968.1 ATP synthase F(0) complex subunit C1, mitochondrial isoform X2 [Myotis myotis]
ATP5MC1|Phyllostomus_discolor|XP_035889700	XP_036196967.1	96.324	258	4.46e-90	XP_036196967.1 ATP synthase F(0) complex subunit C1, mitochondrial isoform X2 [Myotis myotis]
ATP5MC1|Phyllostomus_discolor|XP_035889700	XP_036179008.1	94.853	254	1.78e-88	XP_036179008.1 ATP synthase F(0) complex subunit C1, mitochondrial-like [Myotis myotis]
ATP5MC1|Phyllostomus_discolor|XP_035889700	XP_036176306.1	76.471	187	4.88e-62	XP_036176306.1 ATP synthase F(0) complex subunit C3, mitochondrial [Myotis myotis]
ATP5MC1|Phyllostomus_hastatus|XP_045692744	XP_036196966.1	97.059	261	3.38e-91	XP_036196966.1 ATP synthase F(0) complex subunit C1, mitochondrial isoform X1 [Myotis myotis]
ATP5MC1|Phyllostomus_hastatus|XP_045692744	XP_036196968.1	97.059	260	6.46e-91	XP_036196968.1 ATP synthase F(0) complex subunit C1, mitochondrial isoform X2 [Myotis myotis]
ATP5MC1|Phyllostomus_hastatus|XP_045692744	XP_036196967.1	97.059	260	6.46e-91	XP_036196967.1 ATP synthase F(0) complex subunit C1, mitochondrial isoform X2 [Myotis myotis]
ATP5MC1|Phyllostomus_hastatus|XP_045692744	XP_036179008.1	95.588	256	2.76e-89	XP_036179008.1 ATP synthase F(0) complex subunit C1, mitochondrial-like [Myotis myotis]
ATP5MC1|Phyllostomus_hastatus|XP_045692744	XP_036176306.1	76.471	188	3.29e-62	XP_036176306.1 ATP synthase F(0) complex subunit C3, mitochondrial [Myotis myotis]
ATP5MC1|Pipistrellus_kuhlii|XP_036307336	XP_036196966.1	97.059	265	1.65e-92	XP_036196966.1 ATP synthase F(0) complex subunit C1, mitochondrial isoform X1 [Myotis myotis]
ATP5MC1|Pipistrellus_kuhlii|XP_036307336	XP_036196968.1	97.059	264	3.23e-92	XP_036196968.1 ATP synthase F(0) complex subunit C1, mitochondrial isoform X2 [Myotis myotis]
ATP5MC1|Pipistrellus_kuhlii|XP_036307336	XP_036196967.1	97.059	264	3.23e-92	XP_036196967.1 ATP synthase F(0) complex subunit C1, mitochondrial isoform X2 [Myotis myotis]
ATP5MC1|Pipistrellus_kuhlii|XP_036307336	XP_036179008.1	95.588	259	1.21e-90	XP_036179008.1 ATP synthase F(0) complex subunit C1, mitochondrial-like [Myotis myotis]
ATP5MC1|Pipistrellus_kuhlii|XP_036307336	XP_036176306.1	74.815	185	5.74e-61	XP_036176306.1 ATP synthase F(0) complex subunit C3, mitochondrial [Myotis myotis]
ATP5MC1|Plecotus_auritus|XP_080536660	XP_036196966.1	99.265	268	5.89e-94	XP_036196966.1 ATP synthase F(0) complex subunit C1, mitochondrial isoform X1 [Myotis myotis]
ATP5MC1|Plecotus_auritus|XP_080536660	XP_036196968.1	99.265	267	1.37e-93	XP_036196968.1 ATP synthase F(0) complex subunit C1, mitochondrial isoform X2 [Myotis myotis]
ATP5MC1|Plecotus_auritus|XP_080536660	XP_036196967.1	99.265	267	1.37e-93	XP_036196967.1 ATP synthase F(0) complex subunit C1, mitochondrial isoform X2 [Myotis myotis]
ATP5MC1|Plecotus_auritus|XP_080536660	XP_036179008.1	97.794	263	5.18e-92	XP_036179008.1 ATP synthase F(0) complex subunit C1, mitochondrial-like [Myotis myotis]
ATP5MC1|Plecotus_auritus|XP_080536660	XP_036176306.1	75.556	187	9.53e-62	XP_036176306.1 ATP synthase F(0) complex subunit C3, mitochondrial [Myotis myotis]
ATP5MC1|Pteronotus_mesoamericanus|XP_054441338	XP_036196966.1	95.588	259	2.66e-90	XP_036196966.1 ATP synthase F(0) complex subunit C1, mitochondrial isoform X1 [Myotis myotis]
ATP5MC1|Pteronotus_mesoamericanus|XP_054441338	XP_036196968.1	95.588	258	4.56e-90	XP_036196968.1 ATP synthase F(0) complex subunit C1, mitochondrial isoform X2 [Myotis myotis]
ATP5MC1|Pteronotus_mesoamericanus|XP_054441338	XP_036196967.1	95.588	258	4.56e-90	XP_036196967.1 ATP synthase F(0) complex subunit C1, mitochondrial isoform X2 [Myotis myotis]
ATP5MC1|Pteronotus_mesoamericanus|XP_054441338	XP_036179008.1	94.118	254	1.49e-88	XP_036179008.1 ATP synthase F(0) complex subunit C1, mitochondrial-like [Myotis myotis]
ATP5MC1|Pteronotus_mesoamericanus|XP_054441338	XP_036176306.1	75.735	187	7.49e-62	XP_036176306.1 ATP synthase F(0) complex subunit C3, mitochondrial [Myotis myotis]
ATP5MC1|Pteropus_alecto|XP_015454624	XP_036196966.1	96.324	254	3.52e-88	XP_036196966.1 ATP synthase F(0) complex subunit C1, mitochondrial isoform X1 [Myotis myotis]
ATP5MC1|Pteropus_alecto|XP_015454624	XP_036196968.1	96.324	253	6.24e-88	XP_036196968.1 ATP synthase F(0) complex subunit C1, mitochondrial isoform X2 [Myotis myotis]
ATP5MC1|Pteropus_alecto|XP_015454624	XP_036196967.1	96.324	253	6.24e-88	XP_036196967.1 ATP synthase F(0) complex subunit C1, mitochondrial isoform X2 [Myotis myotis]
ATP5MC1|Pteropus_alecto|XP_015454624	XP_036179008.1	94.853	248	3.14e-86	XP_036179008.1 ATP synthase F(0) complex subunit C1, mitochondrial-like [Myotis myotis]
ATP5MC1|Pteropus_alecto|XP_015454624	XP_036176306.1	76.296	191	2.49e-63	XP_036176306.1 ATP synthase F(0) complex subunit C3, mitochondrial [Myotis myotis]
ATP5MC1|Pteropus_medius|XP_039729687	XP_036196966.1	96.324	254	3.52e-88	XP_036196966.1 ATP synthase F(0) complex subunit C1, mitochondrial isoform X1 [Myotis myotis]
ATP5MC1|Pteropus_medius|XP_039729687	XP_036196968.1	96.324	253	6.24e-88	XP_036196968.1 ATP synthase F(0) complex subunit C1, mitochondrial isoform X2 [Myotis myotis]
ATP5MC1|Pteropus_medius|XP_039729687	XP_036196967.1	96.324	253	6.24e-88	XP_036196967.1 ATP synthase F(0) complex subunit C1, mitochondrial isoform X2 [Myotis myotis]
ATP5MC1|Pteropus_medius|XP_039729687	XP_036179008.1	94.853	248	3.14e-86	XP_036179008.1 ATP synthase F(0) complex subunit C1, mitochondrial-like [Myotis myotis]
ATP5MC1|Pteropus_medius|XP_039729687	XP_036176306.1	76.296	191	2.49e-63	XP_036176306.1 ATP synthase F(0) complex subunit C3, mitochondrial [Myotis myotis]
ATP5MC1|Pteropus_vampyrus|XP_011380952	XP_036196966.1	96.324	254	3.52e-88	XP_036196966.1 ATP synthase F(0) complex subunit C1, mitochondrial isoform X1 [Myotis myotis]
ATP5MC1|Pteropus_vampyrus|XP_011380952	XP_036196968.1	96.324	253	6.24e-88	XP_036196968.1 ATP synthase F(0) complex subunit C1, mitochondrial isoform X2 [Myotis myotis]
ATP5MC1|Pteropus_vampyrus|XP_011380952	XP_036196967.1	96.324	253	6.24e-88	XP_036196967.1 ATP synthase F(0) complex subunit C1, mitochondrial isoform X2 [Myotis myotis]
ATP5MC1|Pteropus_vampyrus|XP_011380952	XP_036179008.1	94.853	248	3.14e-86	XP_036179008.1 ATP synthase F(0) complex subunit C1, mitochondrial-like [Myotis myotis]
ATP5MC1|Pteropus_vampyrus|XP_011380952	XP_036176306.1	76.296	191	2.49e-63	XP_036176306.1 ATP synthase F(0) complex subunit C3, mitochondrial [Myotis myotis]
ATP5MC1|Rhinolophus_ferrumequinum|XP_032944956	XP_036196966.1	98.529	267	2.13e-93	XP_036196966.1 ATP synthase F(0) complex subunit C1, mitochondrial isoform X1 [Myotis myotis]
ATP5MC1|Rhinolophus_ferrumequinum|XP_032944956	XP_036196968.1	98.529	266	5.00e-93	XP_036196968.1 ATP synthase F(0) complex subunit C1, mitochondrial isoform X2 [Myotis myotis]
ATP5MC1|Rhinolophus_ferrumequinum|XP_032944956	XP_036196967.1	98.529	266	5.00e-93	XP_036196967.1 ATP synthase F(0) complex subunit C1, mitochondrial isoform X2 [Myotis myotis]
ATP5MC1|Rhinolophus_ferrumequinum|XP_032944956	XP_036179008.1	97.059	261	1.95e-91	XP_036179008.1 ATP synthase F(0) complex subunit C1, mitochondrial-like [Myotis myotis]
ATP5MC1|Rhinolophus_ferrumequinum|XP_032944956	XP_036176306.1	75.556	186	1.49e-61	XP_036176306.1 ATP synthase F(0) complex subunit C3, mitochondrial [Myotis myotis]
ATP5MC1|Rhinolophus_hipposideros|XP_080884328	XP_036196966.1	97.794	264	3.09e-92	XP_036196966.1 ATP synthase F(0) complex subunit C1, mitochondrial isoform X1 [Myotis myotis]
ATP5MC1|Rhinolophus_hipposideros|XP_080884328	XP_036196968.1	97.794	263	6.96e-92	XP_036196968.1 ATP synthase F(0) complex subunit C1, mitochondrial isoform X2 [Myotis myotis]
ATP5MC1|Rhinolophus_hipposideros|XP_080884328	XP_036196967.1	97.794	263	6.96e-92	XP_036196967.1 ATP synthase F(0) complex subunit C1, mitochondrial isoform X2 [Myotis myotis]
ATP5MC1|Rhinolophus_hipposideros|XP_080884328	XP_036179008.1	96.324	259	2.72e-90	XP_036179008.1 ATP synthase F(0) complex subunit C1, mitochondrial-like [Myotis myotis]
ATP5MC1|Rhinolophus_hipposideros|XP_080884328	XP_036176306.1	76.471	189	1.50e-62	XP_036176306.1 ATP synthase F(0) complex subunit C3, mitochondrial [Myotis myotis]
ATP5MC1|Rhinolophus_sinicus|XP_019596253	XP_036196966.1	98.529	266	6.37e-93	XP_036196966.1 ATP synthase F(0) complex subunit C1, mitochondrial isoform X1 [Myotis myotis]
ATP5MC1|Rhinolophus_sinicus|XP_019596253	XP_036196968.1	98.529	265	1.58e-92	XP_036196968.1 ATP synthase F(0) complex subunit C1, mitochondrial isoform X2 [Myotis myotis]
ATP5MC1|Rhinolophus_sinicus|XP_019596253	XP_036196967.1	98.529	265	1.58e-92	XP_036196967.1 ATP synthase F(0) complex subunit C1, mitochondrial isoform X2 [Myotis myotis]
ATP5MC1|Rhinolophus_sinicus|XP_019596253	XP_036179008.1	97.059	260	5.60e-91	XP_036179008.1 ATP synthase F(0) complex subunit C1, mitochondrial-like [Myotis myotis]
ATP5MC1|Rhinolophus_sinicus|XP_019596253	XP_036176306.1	75.556	186	2.37e-61	XP_036176306.1 ATP synthase F(0) complex subunit C3, mitochondrial [Myotis myotis]
ATP5MC1|Rousettus_aegyptiacus|XP_036078287	XP_036196966.1	98.529	266	6.66e-93	XP_036196966.1 ATP synthase F(0) complex subunit C1, mitochondrial isoform X1 [Myotis myotis]
ATP5MC1|Rousettus_aegyptiacus|XP_036078287	XP_036196968.1	98.529	265	1.42e-92	XP_036196968.1 ATP synthase F(0) complex subunit C1, mitochondrial isoform X2 [Myotis myotis]
ATP5MC1|Rousettus_aegyptiacus|XP_036078287	XP_036196967.1	98.529	265	1.42e-92	XP_036196967.1 ATP synthase F(0) complex subunit C1, mitochondrial isoform X2 [Myotis myotis]
ATP5MC1|Rousettus_aegyptiacus|XP_036078287	XP_036179008.1	97.059	260	6.61e-91	XP_036179008.1 ATP synthase F(0) complex subunit C1, mitochondrial-like [Myotis myotis]
ATP5MC1|Rousettus_aegyptiacus|XP_036078287	XP_036176306.1	76.296	189	1.72e-62	XP_036176306.1 ATP synthase F(0) complex subunit C3, mitochondrial [Myotis myotis]
ATP5MC1|Saccopteryx_bilineata|XP_066119966	XP_036196966.1	93.617	264	7.27e-92	XP_036196966.1 ATP synthase F(0) complex subunit C1, mitochondrial isoform X1 [Myotis myotis]
ATP5MC1|Saccopteryx_bilineata|XP_066119966	XP_036196968.1	96.324	260	2.06e-90	XP_036196968.1 ATP synthase F(0) complex subunit C1, mitochondrial isoform X2 [Myotis myotis]
ATP5MC1|Saccopteryx_bilineata|XP_066119966	XP_036196967.1	96.324	260	2.06e-90	XP_036196967.1 ATP synthase F(0) complex subunit C1, mitochondrial isoform X2 [Myotis myotis]
ATP5MC1|Saccopteryx_bilineata|XP_066119966	XP_036179008.1	94.853	256	7.62e-89	XP_036179008.1 ATP synthase F(0) complex subunit C1, mitochondrial-like [Myotis myotis]
ATP5MC1|Saccopteryx_bilineata|XP_066119966	XP_036176306.1	77.206	187	1.29e-61	XP_036176306.1 ATP synthase F(0) complex subunit C3, mitochondrial [Myotis myotis]
ATP5MC1|Saccopteryx_leptura|XP_066220563	XP_036196966.1	93.617	265	3.06e-92	XP_036196966.1 ATP synthase F(0) complex subunit C1, mitochondrial isoform X1 [Myotis myotis]
ATP5MC1|Saccopteryx_leptura|XP_066220563	XP_036196968.1	96.324	261	8.96e-91	XP_036196968.1 ATP synthase F(0) complex subunit C1, mitochondrial isoform X2 [Myotis myotis]
ATP5MC1|Saccopteryx_leptura|XP_066220563	XP_036196967.1	96.324	261	8.96e-91	XP_036196967.1 ATP synthase F(0) complex subunit C1, mitochondrial isoform X2 [Myotis myotis]
ATP5MC1|Saccopteryx_leptura|XP_066220563	XP_036179008.1	94.853	257	3.20e-89	XP_036179008.1 ATP synthase F(0) complex subunit C1, mitochondrial-like [Myotis myotis]
ATP5MC1|Saccopteryx_leptura|XP_066220563	XP_036176306.1	77.037	188	6.52e-62	XP_036176306.1 ATP synthase F(0) complex subunit C3, mitochondrial [Myotis myotis]
ATP5MC1|Sturnira_hondurensis|XP_036889366	XP_036196966.1	97.059	261	3.38e-91	XP_036196966.1 ATP synthase F(0) complex subunit C1, mitochondrial isoform X1 [Myotis myotis]
ATP5MC1|Sturnira_hondurensis|XP_036889366	XP_036196968.1	97.059	260	6.46e-91	XP_036196968.1 ATP synthase F(0) complex subunit C1, mitochondrial isoform X2 [Myotis myotis]
ATP5MC1|Sturnira_hondurensis|XP_036889366	XP_036196967.1	97.059	260	6.46e-91	XP_036196967.1 ATP synthase F(0) complex subunit C1, mitochondrial isoform X2 [Myotis myotis]
ATP5MC1|Sturnira_hondurensis|XP_036889366	XP_036179008.1	95.588	256	2.76e-89	XP_036179008.1 ATP synthase F(0) complex subunit C1, mitochondrial-like [Myotis myotis]
ATP5MC1|Sturnira_hondurensis|XP_036889366	XP_036176306.1	76.471	188	3.29e-62	XP_036176306.1 ATP synthase F(0) complex subunit C3, mitochondrial [Myotis myotis]
ATP6|Anoura_caudifer|YP_008578380	YP_009231396.1	90.667	405	2.63e-145	YP_009231396.1 ATP synthase F0 subunit 6 (mitochondrion) [Myotis myotis]
ATP6|Anoura_cultrata|YP_010455431	YP_009231396.1	90.667	405	3.06e-145	YP_009231396.1 ATP synthase F0 subunit 6 (mitochondrion) [Myotis myotis]
ATP6|Anoura_geoffroyi|YP_010455444	YP_009231396.1	88.889	401	8.22e-144	YP_009231396.1 ATP synthase F0 subunit 6 (mitochondrion) [Myotis myotis]
ATP6|Artibeus_hartii|YP_010455509	YP_009231396.1	89.333	405	2.81e-145	YP_009231396.1 ATP synthase F0 subunit 6 (mitochondrion) [Myotis myotis]
ATP6|Artibeus_jamaicensis|NP_008489	YP_009231396.1	88.889	402	7.29e-144	YP_009231396.1 ATP synthase F0 subunit 6 (mitochondrion) [Myotis myotis]
ATP6|Artibeus_lituratus|YP_005255207	YP_009231396.1	88.889	402	7.29e-144	YP_009231396.1 ATP synthase F0 subunit 6 (mitochondrion) [Myotis myotis]
ATP6|Baeodon_alleni|YP_010960237	YP_009231396.1	95.111	424	6.78e-153	YP_009231396.1 ATP synthase F0 subunit 6 (mitochondrion) [Myotis myotis]
ATP6|Balionycteris_maculata|YP_010303506	YP_009231396.1	88.496	394	4.36e-141	YP_009231396.1 ATP synthase F0 subunit 6 (mitochondrion) [Myotis myotis]
ATP6|Brachyphylla_cavernarum|YP_008578393	YP_009231396.1	89.333	401	8.98e-144	YP_009231396.1 ATP synthase F0 subunit 6 (mitochondrion) [Myotis myotis]
ATP6|Carollia_brevicauda|YP_010471881	YP_009231396.1	89.333	402	3.13e-144	YP_009231396.1 ATP synthase F0 subunit 6 (mitochondrion) [Myotis myotis]
ATP6|Carollia_castanea|YP_010455457	YP_009231396.1	90.222	402	3.77e-144	YP_009231396.1 ATP synthase F0 subunit 6 (mitochondrion) [Myotis myotis]
ATP6|Carollia_perspicillata|YP_008578406	YP_009231396.1	88.889	401	9.80e-144	YP_009231396.1 ATP synthase F0 subunit 6 (mitochondrion) [Myotis myotis]
ATP6|Casinycteris_argynnis|YP_009754547	YP_009231396.1	87.168	391	1.08e-139	YP_009231396.1 ATP synthase F0 subunit 6 (mitochondrion) [Myotis myotis]
ATP6|Casinycteris_campomaanensis|YP_009754560	YP_009231396.1	86.726	389	1.13e-138	YP_009231396.1 ATP synthase F0 subunit 6 (mitochondrion) [Myotis myotis]
ATP6|Casinycteris_ophiodon|YP_009754573	YP_009231396.1	86.726	389	8.99e-139	YP_009231396.1 ATP synthase F0 subunit 6 (mitochondrion) [Myotis myotis]
ATP6|Chalinolobus_tuberculatus|NP_071689	YP_009231396.1	88.000	397	3.90e-142	YP_009231396.1 ATP synthase F0 subunit 6 (mitochondrion) [Myotis myotis]
ATP6|Chiroderma_salvini|YP_010455483	YP_009231396.1	88.889	402	7.21e-144	YP_009231396.1 ATP synthase F0 subunit 6 (mitochondrion) [Myotis myotis]
ATP6|Choeroniscus_minor|YP_010455535	YP_009231396.1	89.381	405	3.53e-145	YP_009231396.1 ATP synthase F0 subunit 6 (mitochondrion) [Myotis myotis]
ATP6|Chrotopterus_auritus|YP_009466879	YP_009231396.1	85.841	386	1.16e-137	YP_009231396.1 ATP synthase F0 subunit 6 (mitochondrion) [Myotis myotis]
ATP6|Cnephaeus_bottae|YP_010611011	YP_009231396.1	91.111	409	6.38e-147	YP_009231396.1 ATP synthase F0 subunit 6 (mitochondrion) [Myotis myotis]
ATP6|Cnephaeus_nilssonii|YP_010976674	YP_009231396.1	91.111	409	6.38e-147	YP_009231396.1 ATP synthase F0 subunit 6 (mitochondrion) [Myotis myotis]
ATP6|Corynorhinus_mexicanus|YP_011102443	YP_009231396.1	88.053	399	1.23e-142	YP_009231396.1 ATP synthase F0 subunit 6 (mitochondrion) [Myotis myotis]
ATP6|Corynorhinus_rafinesquii|YP_005255220	YP_009231396.1	91.593	407	3.34e-146	YP_009231396.1 ATP synthase F0 subunit 6 (mitochondrion) [Myotis myotis]
ATP6|Cynopterus_brachyotis|YP_009121638	YP_009231396.1	87.168	394	1.22e-140	YP_009231396.1 ATP synthase F0 subunit 6 (mitochondrion) [Myotis myotis]
ATP6|Cynopterus_sphinx|YP_009754586	YP_009231396.1	86.726	393	1.72e-140	YP_009231396.1 ATP synthase F0 subunit 6 (mitochondrion) [Myotis myotis]
ATP6|Dermanura_rava|YP_010455496	YP_009231396.1	89.778	404	9.07e-145	YP_009231396.1 ATP synthase F0 subunit 6 (mitochondrion) [Myotis myotis]
ATP6|Desmodus_rotundus|YP_008578419	YP_009231396.1	85.398	387	4.81e-138	YP_009231396.1 ATP synthase F0 subunit 6 (mitochondrion) [Myotis myotis]
ATP6|Diaemus_youngi|YP_009466892	YP_009231396.1	84.071	379	3.82e-135	YP_009231396.1 ATP synthase F0 subunit 6 (mitochondrion) [Myotis myotis]
ATP6|Diphylla_ecaudata|YP_009466957	YP_009231396.1	79.646	363	1.08e-128	YP_009231396.1 ATP synthase F0 subunit 6 (mitochondrion) [Myotis myotis]
ATP6|Ectophylla_alba|YP_009589353	YP_009231396.1	88.000	396	1.06e-141	YP_009231396.1 ATP synthase F0 subunit 6 (mitochondrion) [Myotis myotis]
ATP6|Eidolon_helvum|YP_009754599	YP_009231396.1	88.053	392	3.74e-140	YP_009231396.1 ATP synthase F0 subunit 6 (mitochondrion) [Myotis myotis]
ATP6|Eonycteris_spelaea|YP_009754612	YP_009231396.1	88.053	397	5.61e-142	YP_009231396.1 ATP synthase F0 subunit 6 (mitochondrion) [Myotis myotis]
ATP6|Epomophorus_crypturus|YP_009754625	YP_009231396.1	88.053	396	1.41e-141	YP_009231396.1 ATP synthase F0 subunit 6 (mitochondrion) [Myotis myotis]
ATP6|Epomophorus_dobsonii|YP_009754703	YP_009231396.1	87.168	395	2.57e-141	YP_009231396.1 ATP synthase F0 subunit 6 (mitochondrion) [Myotis myotis]
ATP6|Epomophorus_gambianus|YP_009232301	YP_009231396.1	88.053	396	1.41e-141	YP_009231396.1 ATP synthase F0 subunit 6 (mitochondrion) [Myotis myotis]
ATP6|Epomophorus_labiatus|YP_009754638	YP_009231396.1	88.053	396	1.41e-141	YP_009231396.1 ATP synthase F0 subunit 6 (mitochondrion) [Myotis myotis]
ATP6|Epomophorus_minor|YP_009754677	YP_009231396.1	88.053	396	1.41e-141	YP_009231396.1 ATP synthase F0 subunit 6 (mitochondrion) [Myotis myotis]
ATP6|Epomophorus_pusillus|YP_009754794	YP_009231396.1	88.053	396	1.41e-141	YP_009231396.1 ATP synthase F0 subunit 6 (mitochondrion) [Myotis myotis]
ATP6|Epomophorus_wahlbergi|YP_009754651	YP_009231396.1	88.053	396	1.19e-141	YP_009231396.1 ATP synthase F0 subunit 6 (mitochondrion) [Myotis myotis]
ATP6|Epomops_buettikoferi|YP_009754690	YP_009231396.1	88.053	396	1.18e-141	YP_009231396.1 ATP synthase F0 subunit 6 (mitochondrion) [Myotis myotis]
ATP6|Epomops_franqueti|YP_009754716	YP_009231396.1	88.496	397	4.76e-142	YP_009231396.1 ATP synthase F0 subunit 6 (mitochondrion) [Myotis myotis]
ATP6|Eudiscopus_denticulus|YP_010148067	YP_009231396.1	95.111	423	3.12e-152	YP_009231396.1 ATP synthase F0 subunit 6 (mitochondrion) [Myotis myotis]
ATP6|Furipterus_horrens|YP_009826331	YP_009231396.1	87.556	395	2.60e-141	YP_009231396.1 ATP synthase F0 subunit 6 (mitochondrion) [Myotis myotis]
ATP6|Glossophaga_soricina|YP_010455522	YP_009231396.1	90.222	407	5.07e-146	YP_009231396.1 ATP synthase F0 subunit 6 (mitochondrion) [Myotis myotis]
ATP6|Glyphonycteris_daviesi|YP_009466970	YP_009231396.1	87.168	393	1.61e-140	YP_009231396.1 ATP synthase F0 subunit 6 (mitochondrion) [Myotis myotis]
ATP6|Hipposideros_armiger|YP_006665751	YP_009231396.1	89.823	405	4.50e-145	YP_009231396.1 ATP synthase F0 subunit 6 (mitochondrion) [Myotis myotis]
ATP6|Hipposideros_caffer|YP_011102878	YP_009231396.1	91.593	410	1.89e-147	YP_009231396.1 ATP synthase F0 subunit 6 (mitochondrion) [Myotis myotis]
ATP6|Hipposideros_cervinus|YP_010305173	YP_009231396.1	91.593	410	4.30e-147	YP_009231396.1 ATP synthase F0 subunit 6 (mitochondrion) [Myotis myotis]
ATP6|Hipposideros_larvatus|YP_010305199	YP_009231396.1	91.150	408	2.06e-146	YP_009231396.1 ATP synthase F0 subunit 6 (mitochondrion) [Myotis myotis]
ATP6|Hipposideros_lylei|YP_010938281	YP_009231396.1	92.035	410	1.73e-147	YP_009231396.1 ATP synthase F0 subunit 6 (mitochondrion) [Myotis myotis]
ATP6|Hipposideros_pomona|YP_010321529	YP_009231396.1	89.823	406	8.49e-146	YP_009231396.1 ATP synthase F0 subunit 6 (mitochondrion) [Myotis myotis]
ATP6|Histiotus_macrotus|YP_010611024	YP_009231396.1	88.000	398	2.09e-142	YP_009231396.1 ATP synthase F0 subunit 6 (mitochondrion) [Myotis myotis]
ATP6|Histiotus_magellanicus|YP_010611050	YP_009231396.1	88.444	401	1.16e-143	YP_009231396.1 ATP synthase F0 subunit 6 (mitochondrion) [Myotis myotis]
ATP6|Histiotus_montanus|YP_010611037	YP_009231396.1	88.000	400	1.96e-143	YP_009231396.1 ATP synthase F0 subunit 6 (mitochondrion) [Myotis myotis]
ATP6|Hsunycteris_thomasi|YP_009466905	YP_009231396.1	87.556	395	1.87e-141	YP_009231396.1 ATP synthase F0 subunit 6 (mitochondrion) [Myotis myotis]
ATP6|Hypsignathus_monstrosus|YP_009754729	YP_009231396.1	87.611	397	6.68e-142	YP_009231396.1 ATP synthase F0 subunit 6 (mitochondrion) [Myotis myotis]
ATP6|Hypsugo_alaschanicus|YP_009246595	YP_009231396.1	88.496	400	2.36e-143	YP_009231396.1 ATP synthase F0 subunit 6 (mitochondrion) [Myotis myotis]
ATP6|Kerivoula_minuta|YP_010305186	YP_009231396.1	92.889	416	2.06e-149	YP_009231396.1 ATP synthase F0 subunit 6 (mitochondrion) [Myotis myotis]
ATP6|Kerivoula_papillosa|YP_010305160	YP_009231396.1	94.222	422	5.51e-152	YP_009231396.1 ATP synthase F0 subunit 6 (mitochondrion) [Myotis myotis]
ATP6|Lasionycteris_noctivagans|YP_009943234	YP_009231396.1	90.708	410	1.87e-147	YP_009231396.1 ATP synthase F0 subunit 6 (mitochondrion) [Myotis myotis]
ATP6|Lasiurus_borealis|YP_005255233	YP_009231396.1	90.265	410	2.80e-147	YP_009231396.1 ATP synthase F0 subunit 6 (mitochondrion) [Myotis myotis]
ATP6|Leptonycteris_curasoae|YP_010500246	YP_009231396.1	90.667	410	3.90e-147	YP_009231396.1 ATP synthase F0 subunit 6 (mitochondrion) [Myotis myotis]
ATP6|Leptonycteris_nivalis|YP_010500220	YP_009231396.1	90.222	407	6.67e-146	YP_009231396.1 ATP synthase F0 subunit 6 (mitochondrion) [Myotis myotis]
ATP6|Leptonycteris_yerbabuenae|YP_010500233	YP_009231396.1	90.667	408	1.75e-146	YP_009231396.1 ATP synthase F0 subunit 6 (mitochondrion) [Myotis myotis]
ATP6|Lonchophylla_concava|YP_010455600	YP_009231396.1	88.444	397	6.61e-142	YP_009231396.1 ATP synthase F0 subunit 6 (mitochondrion) [Myotis myotis]
ATP6|Lonchophylla_robusta|YP_010455548	YP_009231396.1	87.611	397	6.54e-142	YP_009231396.1 ATP synthase F0 subunit 6 (mitochondrion) [Myotis myotis]
ATP6|Lonchorhina_aurita|YP_009466918	YP_009231396.1	88.053	399	7.45e-143	YP_009231396.1 ATP synthase F0 subunit 6 (mitochondrion) [Myotis myotis]
ATP6|Lophostoma_brasiliense|YP_010455470	YP_009231396.1	88.889	403	1.66e-144	YP_009231396.1 ATP synthase F0 subunit 6 (mitochondrion) [Myotis myotis]
ATP6|Lophostoma_silvicola|YP_008578432	YP_009231396.1	89.778	402	3.90e-144	YP_009231396.1 ATP synthase F0 subunit 6 (mitochondrion) [Myotis myotis]
ATP6|Macroderma_gigas|YP_010172281	YP_009231396.1	80.531	369	3.77e-131	YP_009231396.1 ATP synthase F0 subunit 6 (mitochondrion) [Myotis myotis]
ATP6|Macroglossus_sobrinus|YP_009754742	YP_009231396.1	88.938	397	3.58e-142	YP_009231396.1 ATP synthase F0 subunit 6 (mitochondrion) [Myotis myotis]
ATP6|Macrotus_californicus|YP_009466931	YP_009231396.1	88.444	400	4.31e-143	YP_009231396.1 ATP synthase F0 subunit 6 (mitochondrion) [Myotis myotis]
ATP6|Macrotus_waterhousii|YP_010710549	YP_009231396.1	88.889	401	1.42e-143	YP_009231396.1 ATP synthase F0 subunit 6 (mitochondrion) [Myotis myotis]
ATP6|Megaerops_niphanae|YP_009754755	YP_009231396.1	86.726	391	1.23e-139	YP_009231396.1 ATP synthase F0 subunit 6 (mitochondrion) [Myotis myotis]
ATP6|Megaloglossus_azagnyi|YP_009754768	YP_009231396.1	88.053	397	3.74e-142	YP_009231396.1 ATP synthase F0 subunit 6 (mitochondrion) [Myotis myotis]
ATP6|Megaloglossus_woermanni|YP_009754781	YP_009231396.1	87.168	395	2.60e-141	YP_009231396.1 ATP synthase F0 subunit 6 (mitochondrion) [Myotis myotis]
ATP6|Micronycteris_hirsuta|YP_010455561	YP_009231396.1	88.000	400	2.49e-143	YP_009231396.1 ATP synthase F0 subunit 6 (mitochondrion) [Myotis myotis]
ATP6|Micronycteris_megalotis|YP_008578367	YP_009231396.1	88.000	399	7.87e-143	YP_009231396.1 ATP synthase F0 subunit 6 (mitochondrion) [Myotis myotis]
ATP6|Miniopterus_fuliginosus|YP_009687832	YP_009231396.1	90.222	406	1.47e-145	YP_009231396.1 ATP synthase F0 subunit 6 (mitochondrion) [Myotis myotis]
ATP6|Molossus_molossus|YP_010455613	YP_009231396.1	92.444	413	2.30e-148	YP_009231396.1 ATP synthase F0 subunit 6 (mitochondrion) [Myotis myotis]
ATP6|Murina_leucogaster|YP_009112374	YP_009231396.1	90.708	408	1.53e-146	YP_009231396.1 ATP synthase F0 subunit 6 (mitochondrion) [Myotis myotis]
ATP6|Murina_ussuriensis|YP_007890332	YP_009231396.1	90.265	407	5.98e-146	YP_009231396.1 ATP synthase F0 subunit 6 (mitochondrion) [Myotis myotis]
ATP6|Myonycteris_angolensis|YP_009754807	YP_009231396.1	87.611	395	1.52e-141	YP_009231396.1 ATP synthase F0 subunit 6 (mitochondrion) [Myotis myotis]
ATP6|Myonycteris_leptodon|YP_009754820	YP_009231396.1	87.168	394	5.49e-141	YP_009231396.1 ATP synthase F0 subunit 6 (mitochondrion) [Myotis myotis]
ATP6|Myonycteris_relicta|YP_009754833	YP_009231396.1	87.611	395	1.55e-141	YP_009231396.1 ATP synthase F0 subunit 6 (mitochondrion) [Myotis myotis]
ATP6|Myonycteris_torquata|YP_009754846	YP_009231396.1	87.168	395	4.22e-141	YP_009231396.1 ATP synthase F0 subunit 6 (mitochondrion) [Myotis myotis]
ATP6|Myotis_albescens|YP_009442773	YP_009231396.1	95.111	422	5.16e-152	YP_009231396.1 ATP synthase F0 subunit 6 (mitochondrion) [Myotis myotis]
ATP6|Myotis_atacamensis|YP_009442734	YP_009231396.1	96.889	427	9.42e-154	YP_009231396.1 ATP synthase F0 subunit 6 (mitochondrion) [Myotis myotis]
ATP6|Myotis_auriculus|YP_009442682	YP_009231396.1	93.805	422	3.92e-152	YP_009231396.1 ATP synthase F0 subunit 6 (mitochondrion) [Myotis myotis]
ATP6|Myotis_bechsteinii|YP_009351942	YP_009231396.1	97.345	430	4.37e-155	YP_009231396.1 ATP synthase F0 subunit 6 (mitochondrion) [Myotis myotis]
ATP6|Myotis_bombinus|YP_009231344	YP_009231396.1	95.556	421	1.19e-151	YP_009231396.1 ATP synthase F0 subunit 6 (mitochondrion) [Myotis myotis]
ATP6|Myotis_brandtii|YP_009092848	YP_009231396.1	95.556	424	9.02e-153	YP_009231396.1 ATP synthase F0 subunit 6 (mitochondrion) [Myotis myotis]
ATP6|Myotis_davidii|YP_009107217	YP_009231396.1	96.444	428	3.11e-154	YP_009231396.1 ATP synthase F0 subunit 6 (mitochondrion) [Myotis myotis]
ATP6|Myotis_dominicensis|YP_009442578	YP_009231396.1	96.889	429	1.46e-154	YP_009231396.1 ATP synthase F0 subunit 6 (mitochondrion) [Myotis myotis]
ATP6|Myotis_evotis|YP_009442591	YP_009231396.1	96.000	425	2.88e-153	YP_009231396.1 ATP synthase F0 subunit 6 (mitochondrion) [Myotis myotis]
ATP6|Myotis_formosus|YP_004734060	YP_009231396.1	94.667	422	4.28e-152	YP_009231396.1 ATP synthase F0 subunit 6 (mitochondrion) [Myotis myotis]
ATP6|Myotis_frater|YP_009589340	YP_009231396.1	97.788	430	3.35e-155	YP_009231396.1 ATP synthase F0 subunit 6 (mitochondrion) [Myotis myotis]
ATP6|Myotis_horsfieldii|YP_009442747	YP_009231396.1	96.889	427	4.88e-154	YP_009231396.1 ATP synthase F0 subunit 6 (mitochondrion) [Myotis myotis]
ATP6|Myotis_ikonnikovi|YP_008757929	YP_009231396.1	96.889	427	5.62e-154	YP_009231396.1 ATP synthase F0 subunit 6 (mitochondrion) [Myotis myotis]
ATP6|Myotis_keaysi|YP_009442604	YP_009231396.1	95.556	425	4.01e-153	YP_009231396.1 ATP synthase F0 subunit 6 (mitochondrion) [Myotis myotis]
ATP6|Myotis_leibii|YP_009442695	YP_009231396.1	95.556	425	3.55e-153	YP_009231396.1 ATP synthase F0 subunit 6 (mitochondrion) [Myotis myotis]
ATP6|Myotis_lucifugus|YP_009243538	YP_009231396.1	96.444	427	5.81e-154	YP_009231396.1 ATP synthase F0 subunit 6 (mitochondrion) [Myotis myotis]
ATP6|Myotis_macrodactylus|YP_008757877	YP_009231396.1	96.444	426	1.03e-153	YP_009231396.1 ATP synthase F0 subunit 6 (mitochondrion) [Myotis myotis]
ATP6|Myotis_martiniquensis|YP_009442786	YP_009231396.1	90.708	409	5.07e-147	YP_009231396.1 ATP synthase F0 subunit 6 (mitochondrion) [Myotis myotis]
ATP6|Myotis_muricola|YP_009234305	YP_009231396.1	96.889	427	9.42e-154	YP_009231396.1 ATP synthase F0 subunit 6 (mitochondrion) [Myotis myotis]
ATP6|Myotis_myotis|YP_009231396	YP_009231396.1	100.000	438	2.60e-158	YP_009231396.1 ATP synthase F0 subunit 6 (mitochondrion) [Myotis myotis]
ATP6|Myotis_nigricans|YP_009442656	YP_009231396.1	96.000	426	1.38e-153	YP_009231396.1 ATP synthase F0 subunit 6 (mitochondrion) [Myotis myotis]
ATP6|Myotis_oxyotus|YP_009442630	YP_009231396.1	96.000	427	8.82e-154	YP_009231396.1 ATP synthase F0 subunit 6 (mitochondrion) [Myotis myotis]
ATP6|Myotis_petax|YP_010133425	YP_009231396.1	96.444	427	5.94e-154	YP_009231396.1 ATP synthase F0 subunit 6 (mitochondrion) [Myotis myotis]
ATP6|Myotis_pilosus|YP_010117575	YP_009231396.1	95.556	423	2.98e-152	YP_009231396.1 ATP synthase F0 subunit 6 (mitochondrion) [Myotis myotis]
ATP6|Myotis_riparius|YP_009442643	YP_009231396.1	96.444	426	2.14e-153	YP_009231396.1 ATP synthase F0 subunit 6 (mitochondrion) [Myotis myotis]
ATP6|Myotis_ruber|YP_009442617	YP_009231396.1	96.444	427	5.81e-154	YP_009231396.1 ATP synthase F0 subunit 6 (mitochondrion) [Myotis myotis]
ATP6|Myotis_septentrionalis|YP_009906150	YP_009231396.1	94.248	424	1.40e-152	YP_009231396.1 ATP synthase F0 subunit 6 (mitochondrion) [Myotis myotis]
ATP6|Myotis_thysanodes|YP_009442721	YP_009231396.1	96.444	427	5.81e-154	YP_009231396.1 ATP synthase F0 subunit 6 (mitochondrion) [Myotis myotis]
ATP6|Myotis_volans|YP_009442760	YP_009231396.1	95.556	424	5.95e-153	YP_009231396.1 ATP synthase F0 subunit 6 (mitochondrion) [Myotis myotis]
ATP6|Myotis_yumanensis|YP_009442669	YP_009231396.1	96.000	426	1.63e-153	YP_009231396.1 ATP synthase F0 subunit 6 (mitochondrion) [Myotis myotis]
ATP6|Mystacina_tuberculata|YP_220698	YP_009231396.1	88.053	402	4.65e-144	YP_009231396.1 ATP synthase F0 subunit 6 (mitochondrion) [Myotis myotis]
ATP6|Nanonycteris_veldkampii|YP_009754859	YP_009231396.1	88.053	396	1.18e-141	YP_009231396.1 ATP synthase F0 subunit 6 (mitochondrion) [Myotis myotis]
ATP6|Noctilio_leporinus|YP_009466944	YP_009231396.1	87.611	397	4.12e-142	YP_009231396.1 ATP synthase F0 subunit 6 (mitochondrion) [Myotis myotis]
ATP6|Nyctalus_aviator|YP_010248097	YP_009231396.1	91.556	413	2.74e-148	YP_009231396.1 ATP synthase F0 subunit 6 (mitochondrion) [Myotis myotis]
ATP6|Nyctalus_noctula|YP_009144144	YP_009231396.1	89.333	404	9.17e-145	YP_009231396.1 ATP synthase F0 subunit 6 (mitochondrion) [Myotis myotis]
ATP6|Nyctalus_plancyi|YP_009564178	YP_009231396.1	89.333	404	9.17e-145	YP_009231396.1 ATP synthase F0 subunit 6 (mitochondrion) [Myotis myotis]
ATP6|Nyctimene_cephalotes|YP_009754872	YP_009231396.1	87.611	394	9.49e-141	YP_009231396.1 ATP synthase F0 subunit 6 (mitochondrion) [Myotis myotis]
ATP6|Phyllostomus_discolor|YP_010455626	YP_009231396.1	90.667	408	2.11e-146	YP_009231396.1 ATP synthase F0 subunit 6 (mitochondrion) [Myotis myotis]
ATP6|Pipistrellus_abramus|NP_976131	YP_009231396.1	89.778	404	7.37e-145	YP_009231396.1 ATP synthase F0 subunit 6 (mitochondrion) [Myotis myotis]
ATP6|Pipistrellus_coromandra|YP_009228274	YP_009231396.1	88.889	406	1.60e-145	YP_009231396.1 ATP synthase F0 subunit 6 (mitochondrion) [Myotis myotis]
ATP6|Pipistrellus_pipistrellus|YP_011103419	YP_009231396.1	88.938	404	1.30e-144	YP_009231396.1 ATP synthase F0 subunit 6 (mitochondrion) [Myotis myotis]
ATP6|Platyrrhinus_matapalensis|YP_010455574	YP_009231396.1	88.444	402	4.21e-144	YP_009231396.1 ATP synthase F0 subunit 6 (mitochondrion) [Myotis myotis]
ATP6|Plecotus_auritus|YP_004425103	YP_009231396.1	91.593	404	5.60e-145	YP_009231396.1 ATP synthase F0 subunit 6 (mitochondrion) [Myotis myotis]
ATP6|Plecotus_macrobullaris|YP_009167286	YP_009231396.1	88.938	400	4.31e-143	YP_009231396.1 ATP synthase F0 subunit 6 (mitochondrion) [Myotis myotis]
ATP6|Plerotes_anchietae|YP_009754885	YP_009231396.1	84.513	380	1.96e-135	YP_009231396.1 ATP synthase F0 subunit 6 (mitochondrion) [Myotis myotis]
ATP6|Pteronotus_parnellii|YP_009000404	YP_009231396.1	90.222	407	3.38e-146	YP_009231396.1 ATP synthase F0 subunit 6 (mitochondrion) [Myotis myotis]
ATP6|Pteronotus_personatus|YP_009338723	YP_009231396.1	90.222	408	2.23e-146	YP_009231396.1 ATP synthase F0 subunit 6 (mitochondrion) [Myotis myotis]
ATP6|Pteronotus_rubiginosus|YP_008578445	YP_009231396.1	90.667	408	2.06e-146	YP_009231396.1 ATP synthase F0 subunit 6 (mitochondrion) [Myotis myotis]
ATP6|Pteropus_alecto|YP_008965259	YP_009231396.1	88.938	399	1.04e-142	YP_009231396.1 ATP synthase F0 subunit 6 (mitochondrion) [Myotis myotis]
ATP6|Pteropus_dasymallus|NP_068787	YP_009231396.1	88.938	398	1.45e-142	YP_009231396.1 ATP synthase F0 subunit 6 (mitochondrion) [Myotis myotis]
ATP6|Pteropus_ornatus|YP_009754898	YP_009231396.1	89.381	399	6.53e-143	YP_009231396.1 ATP synthase F0 subunit 6 (mitochondrion) [Myotis myotis]
ATP6|Pteropus_scapulatus|NP_071647	YP_009231396.1	89.381	400	2.72e-143	YP_009231396.1 ATP synthase F0 subunit 6 (mitochondrion) [Myotis myotis]
ATP6|Pteropus_vampyrus|YP_009122657	YP_009231396.1	89.381	400	2.13e-143	YP_009231396.1 ATP synthase F0 subunit 6 (mitochondrion) [Myotis myotis]
ATP6|Rhinolophus_affinis|YP_010004059	YP_009231396.1	91.150	408	2.43e-146	YP_009231396.1 ATP synthase F0 subunit 6 (mitochondrion) [Myotis myotis]
ATP6|Rhinolophus_ferrumequinum_korai|YP_004935084	YP_009231396.1	90.708	406	1.42e-145	YP_009231396.1 ATP synthase F0 subunit 6 (mitochondrion) [Myotis myotis]
ATP6|Rhinolophus_ferrumequinum_quelpartis|YP_007474926	YP_009231396.1	90.708	406	1.42e-145	YP_009231396.1 ATP synthase F0 subunit 6 (mitochondrion) [Myotis myotis]
ATP6|Rhinolophus_formosae|YP_002261370	YP_009231396.1	83.186	373	1.91e-132	YP_009231396.1 ATP synthase F0 subunit 6 (mitochondrion) [Myotis myotis]
ATP6|Rhinolophus_francisi|YP_010926055	YP_009231396.1	91.593	410	3.27e-147	YP_009231396.1 ATP synthase F0 subunit 6 (mitochondrion) [Myotis myotis]
ATP6|Rhinolophus_luctus|YP_006665738	YP_009231396.1	92.035	413	1.81e-148	YP_009231396.1 ATP synthase F0 subunit 6 (mitochondrion) [Myotis myotis]
ATP6|Rhinolophus_macrotis|YP_009121503	YP_009231396.1	91.150	408	2.43e-146	YP_009231396.1 ATP synthase F0 subunit 6 (mitochondrion) [Myotis myotis]
ATP6|Rhinolophus_marshalli|YP_010322035	YP_009231396.1	91.593	410	3.69e-147	YP_009231396.1 ATP synthase F0 subunit 6 (mitochondrion) [Myotis myotis]
ATP6|Rhinolophus_monoceros|NP_976092	YP_009231396.1	88.496	395	1.81e-141	YP_009231396.1 ATP synthase F0 subunit 6 (mitochondrion) [Myotis myotis]
ATP6|Rhinolophus_philippinensis|YP_010288432	YP_009231396.1	89.823	405	2.57e-145	YP_009231396.1 ATP synthase F0 subunit 6 (mitochondrion) [Myotis myotis]
ATP6|Rhinolophus_pumilus|NP_976105	YP_009231396.1	90.708	407	6.89e-146	YP_009231396.1 ATP synthase F0 subunit 6 (mitochondrion) [Myotis myotis]
ATP6|Rhinolophus_pusillus|YP_009731385	YP_009231396.1	91.150	408	2.43e-146	YP_009231396.1 ATP synthase F0 subunit 6 (mitochondrion) [Myotis myotis]
ATP6|Rhinolophus_rex|YP_009183689	YP_009231396.1	90.708	406	1.05e-145	YP_009231396.1 ATP synthase F0 subunit 6 (mitochondrion) [Myotis myotis]
ATP6|Rhinolophus_rex_paradoxolophus|YP_010322048	YP_009231396.1	90.708	406	1.05e-145	YP_009231396.1 ATP synthase F0 subunit 6 (mitochondrion) [Myotis myotis]
ATP6|Rhinolophus_siamensis|YP_010322022	YP_009231396.1	90.708	408	2.06e-146	YP_009231396.1 ATP synthase F0 subunit 6 (mitochondrion) [Myotis myotis]
ATP6|Rhinolophus_thomasi|YP_009353900	YP_009231396.1	91.150	408	2.43e-146	YP_009231396.1 ATP synthase F0 subunit 6 (mitochondrion) [Myotis myotis]
ATP6|Rhinolophus_yunanensis|YP_009445582	YP_009231396.1	88.053	395	3.03e-141	YP_009231396.1 ATP synthase F0 subunit 6 (mitochondrion) [Myotis myotis]
ATP6|Rhinophylla_pumilio|YP_008578458	YP_009231396.1	89.333	405	1.89e-145	YP_009231396.1 ATP synthase F0 subunit 6 (mitochondrion) [Myotis myotis]
ATP6|Rhogeessa_aenea|YP_010944643	YP_009231396.1	90.708	412	7.77e-148	YP_009231396.1 ATP synthase F0 subunit 6 (mitochondrion) [Myotis myotis]
ATP6|Rhogeessa_genowaysi|YP_010965073	YP_009231396.1	91.150	412	4.25e-148	YP_009231396.1 ATP synthase F0 subunit 6 (mitochondrion) [Myotis myotis]
ATP6|Rhogeessa_mira|YP_010965060	YP_009231396.1	91.150	413	1.79e-148	YP_009231396.1 ATP synthase F0 subunit 6 (mitochondrion) [Myotis myotis]
ATP6|Rhogeessa_parvula|YP_010944630	YP_009231396.1	91.593	414	7.51e-149	YP_009231396.1 ATP synthase F0 subunit 6 (mitochondrion) [Myotis myotis]
ATP6|Rousettus_aegyptiacus|YP_313610	YP_009231396.1	86.283	394	1.05e-140	YP_009231396.1 ATP synthase F0 subunit 6 (mitochondrion) [Myotis myotis]
ATP6|Rousettus_amplexicaudatus|YP_009704950	YP_009231396.1	88.496	398	2.52e-142	YP_009231396.1 ATP synthase F0 subunit 6 (mitochondrion) [Myotis myotis]
ATP6|Rousettus_leschenaultii|YP_009754911	YP_009231396.1	87.611	400	2.02e-143	YP_009231396.1 ATP synthase F0 subunit 6 (mitochondrion) [Myotis myotis]
ATP6|Rousettus_madagascariensis|YP_009754924	YP_009231396.1	87.611	394	7.06e-141	YP_009231396.1 ATP synthase F0 subunit 6 (mitochondrion) [Myotis myotis]
ATP6|Rousettus_obliviosus|YP_009754937	YP_009231396.1	87.168	395	2.69e-141	YP_009231396.1 ATP synthase F0 subunit 6 (mitochondrion) [Myotis myotis]
ATP6|Saccopteryx_leptura|YP_009445608	YP_009231396.1	89.333	400	2.36e-143	YP_009231396.1 ATP synthase F0 subunit 6 (mitochondrion) [Myotis myotis]
ATP6|Scotonycteris_bergmansi|YP_009754950	YP_009231396.1	86.726	390	2.55e-139	YP_009231396.1 ATP synthase F0 subunit 6 (mitochondrion) [Myotis myotis]
ATP6|Scotonycteris_occidentalis|YP_009754963	YP_009231396.1	87.611	394	4.97e-141	YP_009231396.1 ATP synthase F0 subunit 6 (mitochondrion) [Myotis myotis]
ATP6|Scotonycteris_zenkeri|YP_009754976	YP_009231396.1	87.168	391	1.29e-139	YP_009231396.1 ATP synthase F0 subunit 6 (mitochondrion) [Myotis myotis]
ATP6|Sphaerias_blanfordi|YP_009754989	YP_009231396.1	87.168	392	3.74e-140	YP_009231396.1 ATP synthase F0 subunit 6 (mitochondrion) [Myotis myotis]
ATP6|Stenonycteris_lanosa|YP_009755002	YP_009231396.1	88.053	400	3.61e-143	YP_009231396.1 ATP synthase F0 subunit 6 (mitochondrion) [Myotis myotis]
ATP6|Sturnira_bakeri|YP_010455587	YP_009231396.1	90.222	405	3.90e-145	YP_009231396.1 ATP synthase F0 subunit 6 (mitochondrion) [Myotis myotis]
ATP6|Sturnira_ludovici|YP_010455639	YP_009231396.1	89.333	403	2.60e-144	YP_009231396.1 ATP synthase F0 subunit 6 (mitochondrion) [Myotis myotis]
ATP6|Sturnira_tildae|YP_008578471	YP_009231396.1	89.333	402	7.29e-144	YP_009231396.1 ATP synthase F0 subunit 6 (mitochondrion) [Myotis myotis]
ATP6|Submyotodon_moupinensis|YP_010449633	YP_009231396.1	96.889	429	1.52e-154	YP_009231396.1 ATP synthase F0 subunit 6 (mitochondrion) [Myotis myotis]
ATP6|Tadarida_latouchei|YP_009442825	YP_009231396.1	90.667	405	4.21e-145	YP_009231396.1 ATP synthase F0 subunit 6 (mitochondrion) [Myotis myotis]
ATP6|Tadarida_teniotis|YP_009442812	YP_009231396.1	89.333	401	8.04e-144	YP_009231396.1 ATP synthase F0 subunit 6 (mitochondrion) [Myotis myotis]
ATP6|Tonatia_saurophila|YP_008578484	YP_009231396.1	89.381	402	4.03e-144	YP_009231396.1 ATP synthase F0 subunit 6 (mitochondrion) [Myotis myotis]
ATP6|Trachops_cirrhosus|YP_011058888	YP_009231396.1	89.823	405	2.00e-145	YP_009231396.1 ATP synthase F0 subunit 6 (mitochondrion) [Myotis myotis]
ATP6|Vampyrum_spectrum|YP_008578497	YP_009231396.1	86.283	396	1.33e-141	YP_009231396.1 ATP synthase F0 subunit 6 (mitochondrion) [Myotis myotis]
ATP6|Vespertilio_murinus|YP_009338575	YP_009231396.1	92.000	412	4.74e-148	YP_009231396.1 ATP synthase F0 subunit 6 (mitochondrion) [Myotis myotis]
ATP6|Vespertilio_sinensis|YP_009048533	YP_009231396.1	90.222	406	8.13e-146	YP_009231396.1 ATP synthase F0 subunit 6 (mitochondrion) [Myotis myotis]
COX4I1|Artibeus_jamaicensis|XP_036998282	XP_036201267.1	93.491	336	1.07e-119	XP_036201267.1 cytochrome c oxidase subunit 4 isoform 1, mitochondrial [Myotis myotis]
COX4I1|Artibeus_jamaicensis|XP_036998282	XP_036179382.1	53.383	159	8.01e-50	XP_036179382.1 cytochrome c oxidase subunit 4 isoform 2, mitochondrial [Myotis myotis]
COX4I1|Cnephaeus_nilssonii|XP_079655871	XP_036201267.1	96.450	343	1.26e-122	XP_036201267.1 cytochrome c oxidase subunit 4 isoform 1, mitochondrial [Myotis myotis]
COX4I1|Cnephaeus_nilssonii|XP_079655871	XP_036179382.1	51.020	160	3.10e-50	XP_036179382.1 cytochrome c oxidase subunit 4 isoform 2, mitochondrial [Myotis myotis]
COX4I1|Desmodus_rotundus|XP_024411933	XP_036201267.1	92.308	333	9.86e-119	XP_036201267.1 cytochrome c oxidase subunit 4 isoform 1, mitochondrial [Myotis myotis]
COX4I1|Desmodus_rotundus|XP_024411933	XP_036179382.1	54.135	161	1.14e-50	XP_036179382.1 cytochrome c oxidase subunit 4 isoform 2, mitochondrial [Myotis myotis]
COX4I1|Eptesicus_fuscus|XP_054566360	XP_036201267.1	96.450	343	1.26e-122	XP_036201267.1 cytochrome c oxidase subunit 4 isoform 1, mitochondrial [Myotis myotis]
COX4I1|Eptesicus_fuscus|XP_054566360	XP_036179382.1	51.020	160	3.10e-50	XP_036179382.1 cytochrome c oxidase subunit 4 isoform 2, mitochondrial [Myotis myotis]
COX4I1|Hipposideros_armiger|XP_019490740	XP_036201267.1	94.083	335	1.76e-119	XP_036201267.1 cytochrome c oxidase subunit 4 isoform 1, mitochondrial [Myotis myotis]
COX4I1|Hipposideros_armiger|XP_019490740	XP_036179382.1	49.660	157	5.00e-49	XP_036179382.1 cytochrome c oxidase subunit 4 isoform 2, mitochondrial [Myotis myotis]
COX4I1|Miniopterus_natalensis|XP_016052713	XP_036201267.1	95.858	342	4.40e-122	XP_036201267.1 cytochrome c oxidase subunit 4 isoform 1, mitochondrial [Myotis myotis]
COX4I1|Miniopterus_natalensis|XP_016052713	XP_036179382.1	50.340	159	5.59e-50	XP_036179382.1 cytochrome c oxidase subunit 4 isoform 2, mitochondrial [Myotis myotis]
COX4I1|Miniopterus_schreibersii|XP_080974538	XP_036201267.1	95.266	340	1.83e-121	XP_036201267.1 cytochrome c oxidase subunit 4 isoform 1, mitochondrial [Myotis myotis]
COX4I1|Miniopterus_schreibersii|XP_080974538	XP_036179382.1	50.340	160	3.61e-50	XP_036179382.1 cytochrome c oxidase subunit 4 isoform 2, mitochondrial [Myotis myotis]
COX4I1|Molossus_molossus|XP_036131804	XP_036201267.1	94.675	337	5.44e-120	XP_036201267.1 cytochrome c oxidase subunit 4 isoform 1, mitochondrial [Myotis myotis]
COX4I1|Molossus_molossus|XP_036131804	XP_036179382.1	50.340	159	8.36e-50	XP_036179382.1 cytochrome c oxidase subunit 4 isoform 2, mitochondrial [Myotis myotis]
COX4I1|Myotis_brandtii|XP_005862594	XP_036201267.1	98.817	347	4.94e-124	XP_036201267.1 cytochrome c oxidase subunit 4 isoform 1, mitochondrial [Myotis myotis]
COX4I1|Myotis_brandtii|XP_005862594	XP_036179382.1	50.340	158	1.70e-49	XP_036179382.1 cytochrome c oxidase subunit 4 isoform 2, mitochondrial [Myotis myotis]
COX4I1|Myotis_daubentonii|XP_059523135	XP_036201267.1	100.000	350	1.80e-125	XP_036201267.1 cytochrome c oxidase subunit 4 isoform 1, mitochondrial [Myotis myotis]
COX4I1|Myotis_daubentonii|XP_059523135	XP_036179382.1	50.340	159	1.16e-49	XP_036179382.1 cytochrome c oxidase subunit 4 isoform 2, mitochondrial [Myotis myotis]
COX4I1|Myotis_davidii|XP_006762280	XP_036201267.1	99.408	348	8.44e-125	XP_036201267.1 cytochrome c oxidase subunit 4 isoform 1, mitochondrial [Myotis myotis]
COX4I1|Myotis_davidii|XP_006762280	XP_036179382.1	50.340	159	1.09e-49	XP_036179382.1 cytochrome c oxidase subunit 4 isoform 2, mitochondrial [Myotis myotis]
COX4I1|Myotis_lucifugus|XP_023608323	XP_036201267.1	98.817	347	4.94e-124	XP_036201267.1 cytochrome c oxidase subunit 4 isoform 1, mitochondrial [Myotis myotis]
COX4I1|Myotis_lucifugus|XP_023608323	XP_036179382.1	50.340	158	1.70e-49	XP_036179382.1 cytochrome c oxidase subunit 4 isoform 2, mitochondrial [Myotis myotis]
COX4I1|Myotis_myotis|XP_036201267	XP_036201267.1	100.000	350	1.80e-125	XP_036201267.1 cytochrome c oxidase subunit 4 isoform 1, mitochondrial [Myotis myotis]
COX4I1|Myotis_myotis|XP_036201267	XP_036179382.1	50.340	159	1.16e-49	XP_036179382.1 cytochrome c oxidase subunit 4 isoform 2, mitochondrial [Myotis myotis]
COX4I1|Myotis_nattereri|XP_080963769	XP_036201267.1	100.000	350	1.80e-125	XP_036201267.1 cytochrome c oxidase subunit 4 isoform 1, mitochondrial [Myotis myotis]
COX4I1|Myotis_nattereri|XP_080963769	XP_036179382.1	50.340	159	1.16e-49	XP_036179382.1 cytochrome c oxidase subunit 4 isoform 2, mitochondrial [Myotis myotis]
COX4I1|Myotis_yumanensis|XP_070254751	XP_036201267.1	98.225	346	7.18e-124	XP_036201267.1 cytochrome c oxidase subunit 4 isoform 1, mitochondrial [Myotis myotis]
COX4I1|Myotis_yumanensis|XP_070254751	XP_036179382.1	50.340	159	1.20e-49	XP_036179382.1 cytochrome c oxidase subunit 4 isoform 2, mitochondrial [Myotis myotis]
COX4I1|Phyllostomus_discolor|XP_035868203	XP_036201267.1	93.491	335	2.24e-119	XP_036201267.1 cytochrome c oxidase subunit 4 isoform 1, mitochondrial [Myotis myotis]
COX4I1|Phyllostomus_discolor|XP_035868203	XP_036179382.1	54.887	163	2.66e-51	XP_036179382.1 cytochrome c oxidase subunit 4 isoform 2, mitochondrial [Myotis myotis]
COX4I1|Phyllostomus_hastatus|XP_045674920	XP_036201267.1	93.491	335	2.24e-119	XP_036201267.1 cytochrome c oxidase subunit 4 isoform 1, mitochondrial [Myotis myotis]
COX4I1|Phyllostomus_hastatus|XP_045674920	XP_036179382.1	54.887	163	2.66e-51	XP_036179382.1 cytochrome c oxidase subunit 4 isoform 2, mitochondrial [Myotis myotis]
COX4I1|Pipistrellus_kuhlii|XP_045438585	XP_036201267.1	97.041	344	5.53e-123	XP_036201267.1 cytochrome c oxidase subunit 4 isoform 1, mitochondrial [Myotis myotis]
COX4I1|Pipistrellus_kuhlii|XP_045438585	XP_036179382.1	50.340	158	2.63e-49	XP_036179382.1 cytochrome c oxidase subunit 4 isoform 2, mitochondrial [Myotis myotis]
COX4I1|Plecotus_auritus|XP_080501909	XP_036201267.1	97.633	345	2.22e-123	XP_036201267.1 cytochrome c oxidase subunit 4 isoform 1, mitochondrial [Myotis myotis]
COX4I1|Plecotus_auritus|XP_080501909	XP_036179382.1	51.020	159	5.01e-50	XP_036179382.1 cytochrome c oxidase subunit 4 isoform 2, mitochondrial [Myotis myotis]
COX4I1|Pteronotus_mesoamericanus|XP_054444903	XP_036201267.1	94.675	337	2.39e-120	XP_036201267.1 cytochrome c oxidase subunit 4 isoform 1, mitochondrial [Myotis myotis]
COX4I1|Pteronotus_mesoamericanus|XP_054444903	XP_036179382.1	51.020	161	1.51e-50	XP_036179382.1 cytochrome c oxidase subunit 4 isoform 2, mitochondrial [Myotis myotis]
COX4I1|Pteropus_alecto|XP_006926797	XP_036201267.1	92.308	330	1.55e-117	XP_036201267.1 cytochrome c oxidase subunit 4 isoform 1, mitochondrial [Myotis myotis]
COX4I1|Pteropus_alecto|XP_006926797	XP_036179382.1	51.020	160	2.75e-50	XP_036179382.1 cytochrome c oxidase subunit 4 isoform 2, mitochondrial [Myotis myotis]
COX4I1|Pteropus_medius|XP_039744675	XP_036201267.1	91.716	330	2.93e-117	XP_036201267.1 cytochrome c oxidase subunit 4 isoform 1, mitochondrial [Myotis myotis]
COX4I1|Pteropus_medius|XP_039744675	XP_036179382.1	50.340	160	4.30e-50	XP_036179382.1 cytochrome c oxidase subunit 4 isoform 2, mitochondrial [Myotis myotis]
COX4I1|Pteropus_vampyrus|XP_011368565	XP_036201267.1	91.716	330	2.93e-117	XP_036201267.1 cytochrome c oxidase subunit 4 isoform 1, mitochondrial [Myotis myotis]
COX4I1|Pteropus_vampyrus|XP_011368565	XP_036179382.1	50.340	160	4.30e-50	XP_036179382.1 cytochrome c oxidase subunit 4 isoform 2, mitochondrial [Myotis myotis]
COX4I1|Rhinolophus_ferrumequinum|XP_032983720	XP_036201267.1	90.533	328	1.89e-116	XP_036201267.1 cytochrome c oxidase subunit 4 isoform 1, mitochondrial [Myotis myotis]
COX4I1|Rhinolophus_ferrumequinum|XP_032983720	XP_036179382.1	48.299	156	1.18e-48	XP_036179382.1 cytochrome c oxidase subunit 4 isoform 2, mitochondrial [Myotis myotis]
COX4I1|Rhinolophus_hipposideros|XP_080887495	XP_036201267.1	91.124	329	4.11e-117	XP_036201267.1 cytochrome c oxidase subunit 4 isoform 1, mitochondrial [Myotis myotis]
COX4I1|Rhinolophus_hipposideros|XP_080887495	XP_036179382.1	48.980	156	7.91e-49	XP_036179382.1 cytochrome c oxidase subunit 4 isoform 2, mitochondrial [Myotis myotis]
COX4I1|Rhinolophus_sinicus|XP_019602675	XP_036201267.1	91.716	329	3.34e-117	XP_036201267.1 cytochrome c oxidase subunit 4 isoform 1, mitochondrial [Myotis myotis]
COX4I1|Rhinolophus_sinicus|XP_019602675	XP_036179382.1	48.299	155	2.20e-48	XP_036179382.1 cytochrome c oxidase subunit 4 isoform 2, mitochondrial [Myotis myotis]
COX4I1|Rousettus_aegyptiacus|XP_015984959	XP_036201267.1	91.716	330	2.13e-117	XP_036201267.1 cytochrome c oxidase subunit 4 isoform 1, mitochondrial [Myotis myotis]
COX4I1|Rousettus_aegyptiacus|XP_015984959	XP_036179382.1	50.340	160	2.60e-50	XP_036179382.1 cytochrome c oxidase subunit 4 isoform 2, mitochondrial [Myotis myotis]
COX4I1|Saccopteryx_bilineata|XP_066098610	XP_036201267.1	92.308	333	9.23e-119	XP_036201267.1 cytochrome c oxidase subunit 4 isoform 1, mitochondrial [Myotis myotis]
COX4I1|Saccopteryx_bilineata|XP_066098610	XP_036179382.1	51.020	161	1.10e-50	XP_036179382.1 cytochrome c oxidase subunit 4 isoform 2, mitochondrial [Myotis myotis]
COX4I1|Saccopteryx_leptura|XP_066204505	XP_036201267.1	91.124	331	7.11e-118	XP_036201267.1 cytochrome c oxidase subunit 4 isoform 1, mitochondrial [Myotis myotis]
COX4I1|Saccopteryx_leptura|XP_066204505	XP_036179382.1	51.020	161	1.24e-50	XP_036179382.1 cytochrome c oxidase subunit 4 isoform 2, mitochondrial [Myotis myotis]
COX4I1|Sturnira_hondurensis|XP_036896142	XP_036201267.1	94.675	339	5.80e-121	XP_036201267.1 cytochrome c oxidase subunit 4 isoform 1, mitochondrial [Myotis myotis]
COX4I1|Sturnira_hondurensis|XP_036896142	XP_036179382.1	51.880	157	2.90e-49	XP_036179382.1 cytochrome c oxidase subunit 4 isoform 2, mitochondrial [Myotis myotis]
COX7A1|Artibeus_jamaicensis|XP_037001865	XP_036201523.1	91.892	147	2.32e-47	XP_036201523.1 cytochrome c oxidase subunit 7A1, mitochondrial [Myotis myotis]
COX7A1|Artibeus_jamaicensis|XP_037001865	XP_036173134.1	55.000	91.7	1.15e-25	XP_036173134.1 cytochrome c oxidase subunit 7A2, mitochondrial isoform X2 [Myotis myotis]
COX7A1|Artibeus_jamaicensis|XP_037001865	XP_036173133.1	53.247	90.5	3.04e-25	XP_036173133.1 cytochrome c oxidase subunit 7A2, mitochondrial isoform X1 [Myotis myotis]
COX7A1|Artibeus_jamaicensis|XP_037001865	XP_036190637.1	55.172	64.3	1.31e-14	XP_036190637.1 cytochrome c oxidase subunit 7A-related protein, mitochondrial isoform X2 [Myotis myotis]
COX7A1|Artibeus_jamaicensis|XP_037001865	XP_036190636.1	55.172	63.2	1.61e-13	XP_036190636.1 uncharacterized protein LOC118669062 isoform X1 [Myotis myotis]
COX7A1|Eptesicus_fuscus|XP_008138068	XP_036201523.1	98.750	167	1.33e-55	XP_036201523.1 cytochrome c oxidase subunit 7A1, mitochondrial [Myotis myotis]
COX7A1|Eptesicus_fuscus|XP_008138068	XP_036173134.1	53.165	89.4	7.81e-25	XP_036173134.1 cytochrome c oxidase subunit 7A2, mitochondrial isoform X2 [Myotis myotis]
COX7A1|Eptesicus_fuscus|XP_008138068	XP_036173133.1	55.072	88.6	1.90e-24	XP_036173133.1 cytochrome c oxidase subunit 7A2, mitochondrial isoform X1 [Myotis myotis]
COX7A1|Eptesicus_fuscus|XP_008138068	XP_036190637.1	51.724	62.4	6.95e-14	XP_036190637.1 cytochrome c oxidase subunit 7A-related protein, mitochondrial isoform X2 [Myotis myotis]
COX7A1|Eptesicus_fuscus|XP_008138068	XP_036190636.1	51.724	61.6	8.10e-13	XP_036190636.1 uncharacterized protein LOC118669062 isoform X1 [Myotis myotis]
COX7A1|Hipposideros_armiger|XP_019480490	XP_036201523.1	89.189	147	2.68e-47	XP_036201523.1 cytochrome c oxidase subunit 7A1, mitochondrial [Myotis myotis]
COX7A1|Hipposideros_armiger|XP_019480490	XP_036173134.1	56.250	93.2	2.64e-26	XP_036173134.1 cytochrome c oxidase subunit 7A2, mitochondrial isoform X2 [Myotis myotis]
COX7A1|Hipposideros_armiger|XP_019480490	XP_036173133.1	56.522	90.5	2.64e-25	XP_036173133.1 cytochrome c oxidase subunit 7A2, mitochondrial isoform X1 [Myotis myotis]
COX7A1|Hipposideros_armiger|XP_019480490	XP_036190637.1	51.724	62.4	9.72e-14	XP_036190637.1 cytochrome c oxidase subunit 7A-related protein, mitochondrial isoform X2 [Myotis myotis]
COX7A1|Hipposideros_armiger|XP_019480490	XP_036190636.1	51.724	61.2	1.20e-12	XP_036190636.1 uncharacterized protein LOC118669062 isoform X1 [Myotis myotis]
COX7A1|Miniopterus_natalensis|XP_016076474	XP_036201523.1	89.189	144	1.95e-46	XP_036201523.1 cytochrome c oxidase subunit 7A1, mitochondrial [Myotis myotis]
COX7A1|Miniopterus_natalensis|XP_016076474	XP_036173134.1	57.500	97.1	6.94e-28	XP_036173134.1 cytochrome c oxidase subunit 7A2, mitochondrial isoform X2 [Myotis myotis]
COX7A1|Miniopterus_natalensis|XP_016076474	XP_036173133.1	57.971	94.7	5.63e-27	XP_036173133.1 cytochrome c oxidase subunit 7A2, mitochondrial isoform X1 [Myotis myotis]
COX7A1|Miniopterus_natalensis|XP_016076474	XP_036190637.1	51.724	63.9	2.18e-14	XP_036190637.1 cytochrome c oxidase subunit 7A-related protein, mitochondrial isoform X2 [Myotis myotis]
COX7A1|Miniopterus_natalensis|XP_016076474	XP_036190636.1	51.724	62.8	3.04e-13	XP_036190636.1 uncharacterized protein LOC118669062 isoform X1 [Myotis myotis]
COX7A1|Miniopterus_schreibersii|XP_080974574	XP_036201523.1	87.838	143	5.24e-46	XP_036201523.1 cytochrome c oxidase subunit 7A1, mitochondrial [Myotis myotis]
COX7A1|Miniopterus_schreibersii|XP_080974574	XP_036173134.1	57.500	96.7	1.28e-27	XP_036173134.1 cytochrome c oxidase subunit 7A2, mitochondrial isoform X2 [Myotis myotis]
COX7A1|Miniopterus_schreibersii|XP_080974574	XP_036173133.1	57.971	94.0	1.11e-26	XP_036173133.1 cytochrome c oxidase subunit 7A2, mitochondrial isoform X1 [Myotis myotis]
COX7A1|Miniopterus_schreibersii|XP_080974574	XP_036190637.1	51.724	63.9	2.15e-14	XP_036190637.1 cytochrome c oxidase subunit 7A-related protein, mitochondrial isoform X2 [Myotis myotis]
COX7A1|Miniopterus_schreibersii|XP_080974574	XP_036190636.1	51.724	62.8	2.82e-13	XP_036190636.1 uncharacterized protein LOC118669062 isoform X1 [Myotis myotis]
COX7A1|Molossus_molossus|XP_036130640	XP_036201523.1	90.541	144	1.73e-46	XP_036201523.1 cytochrome c oxidase subunit 7A1, mitochondrial [Myotis myotis]
COX7A1|Molossus_molossus|XP_036130640	XP_036173134.1	55.000	91.7	1.21e-25	XP_036173134.1 cytochrome c oxidase subunit 7A2, mitochondrial isoform X2 [Myotis myotis]
COX7A1|Molossus_molossus|XP_036130640	XP_036173133.1	56.522	90.5	3.67e-25	XP_036173133.1 cytochrome c oxidase subunit 7A2, mitochondrial isoform X1 [Myotis myotis]
COX7A1|Molossus_molossus|XP_036130640	XP_036190637.1	51.724	63.5	3.25e-14	XP_036190637.1 cytochrome c oxidase subunit 7A-related protein, mitochondrial isoform X2 [Myotis myotis]
COX7A1|Molossus_molossus|XP_036130640	XP_036190636.1	51.724	62.0	5.97e-13	XP_036190636.1 uncharacterized protein LOC118669062 isoform X1 [Myotis myotis]
COX7A1|Myotis_brandtii|XP_005862459	XP_036201523.1	100.000	218	4.17e-75	XP_036201523.1 cytochrome c oxidase subunit 7A1, mitochondrial [Myotis myotis]
COX7A1|Myotis_brandtii|XP_005862459	XP_036173134.1	53.165	89.7	1.42e-24	XP_036173134.1 cytochrome c oxidase subunit 7A2, mitochondrial isoform X2 [Myotis myotis]
COX7A1|Myotis_brandtii|XP_005862459	XP_036173133.1	55.072	89.0	3.19e-24	XP_036173133.1 cytochrome c oxidase subunit 7A2, mitochondrial isoform X1 [Myotis myotis]
COX7A1|Myotis_brandtii|XP_005862459	XP_036190637.1	51.724	62.4	2.33e-13	XP_036190637.1 cytochrome c oxidase subunit 7A-related protein, mitochondrial isoform X2 [Myotis myotis]
COX7A1|Myotis_brandtii|XP_005862459	XP_036190636.1	51.724	62.0	1.22e-12	XP_036190636.1 uncharacterized protein LOC118669062 isoform X1 [Myotis myotis]
COX7A1|Myotis_daubentonii|XP_059522717	XP_036201523.1	99.048	215	4.23e-74	XP_036201523.1 cytochrome c oxidase subunit 7A1, mitochondrial [Myotis myotis]
COX7A1|Myotis_daubentonii|XP_059522717	XP_036173134.1	53.165	89.7	1.48e-24	XP_036173134.1 cytochrome c oxidase subunit 7A2, mitochondrial isoform X2 [Myotis myotis]
COX7A1|Myotis_daubentonii|XP_059522717	XP_036173133.1	55.072	89.0	3.44e-24	XP_036173133.1 cytochrome c oxidase subunit 7A2, mitochondrial isoform X1 [Myotis myotis]
COX7A1|Myotis_daubentonii|XP_059522717	XP_036190637.1	51.724	62.4	2.16e-13	XP_036190637.1 cytochrome c oxidase subunit 7A-related protein, mitochondrial isoform X2 [Myotis myotis]
COX7A1|Myotis_daubentonii|XP_059522717	XP_036190636.1	51.724	62.0	1.30e-12	XP_036190636.1 uncharacterized protein LOC118669062 isoform X1 [Myotis myotis]
COX7A1|Myotis_davidii|XP_006765108	XP_036201523.1	100.000	169	5.19e-56	XP_036201523.1 cytochrome c oxidase subunit 7A1, mitochondrial [Myotis myotis]
COX7A1|Myotis_davidii|XP_006765108	XP_036173134.1	53.165	90.1	4.82e-25	XP_036173134.1 cytochrome c oxidase subunit 7A2, mitochondrial isoform X2 [Myotis myotis]
COX7A1|Myotis_davidii|XP_006765108	XP_036173133.1	55.072	89.0	1.22e-24	XP_036173133.1 cytochrome c oxidase subunit 7A2, mitochondrial isoform X1 [Myotis myotis]
COX7A1|Myotis_davidii|XP_006765108	XP_036190637.1	51.724	62.4	7.49e-14	XP_036190637.1 cytochrome c oxidase subunit 7A-related protein, mitochondrial isoform X2 [Myotis myotis]
COX7A1|Myotis_davidii|XP_006765108	XP_036190636.1	51.724	61.2	9.39e-13	XP_036190636.1 uncharacterized protein LOC118669062 isoform X1 [Myotis myotis]
COX7A1|Myotis_lucifugus|XP_006098686	XP_036201523.1	98.095	212	7.68e-73	XP_036201523.1 cytochrome c oxidase subunit 7A1, mitochondrial [Myotis myotis]
COX7A1|Myotis_lucifugus|XP_006098686	XP_036173134.1	53.165	89.7	1.55e-24	XP_036173134.1 cytochrome c oxidase subunit 7A2, mitochondrial isoform X2 [Myotis myotis]
COX7A1|Myotis_lucifugus|XP_006098686	XP_036173133.1	55.072	89.0	3.72e-24	XP_036173133.1 cytochrome c oxidase subunit 7A2, mitochondrial isoform X1 [Myotis myotis]
COX7A1|Myotis_lucifugus|XP_006098686	XP_036190637.1	51.724	62.0	2.62e-13	XP_036190637.1 cytochrome c oxidase subunit 7A-related protein, mitochondrial isoform X2 [Myotis myotis]
COX7A1|Myotis_lucifugus|XP_006098686	XP_036190636.1	51.724	62.0	1.33e-12	XP_036190636.1 uncharacterized protein LOC118669062 isoform X1 [Myotis myotis]
COX7A1|Myotis_myotis|XP_036201523	XP_036201523.1	100.000	218	4.17e-75	XP_036201523.1 cytochrome c oxidase subunit 7A1, mitochondrial [Myotis myotis]
COX7A1|Myotis_myotis|XP_036201523	XP_036173134.1	53.165	89.7	1.42e-24	XP_036173134.1 cytochrome c oxidase subunit 7A2, mitochondrial isoform X2 [Myotis myotis]
COX7A1|Myotis_myotis|XP_036201523	XP_036173133.1	55.072	89.0	3.19e-24	XP_036173133.1 cytochrome c oxidase subunit 7A2, mitochondrial isoform X1 [Myotis myotis]
COX7A1|Myotis_myotis|XP_036201523	XP_036190637.1	51.724	62.4	2.33e-13	XP_036190637.1 cytochrome c oxidase subunit 7A-related protein, mitochondrial isoform X2 [Myotis myotis]
COX7A1|Myotis_myotis|XP_036201523	XP_036190636.1	51.724	62.0	1.22e-12	XP_036190636.1 uncharacterized protein LOC118669062 isoform X1 [Myotis myotis]
COX7A1|Myotis_yumanensis|XP_070254574	XP_036201523.1	99.048	215	5.44e-74	XP_036201523.1 cytochrome c oxidase subunit 7A1, mitochondrial [Myotis myotis]
COX7A1|Myotis_yumanensis|XP_070254574	XP_036173134.1	53.165	89.7	1.45e-24	XP_036173134.1 cytochrome c oxidase subunit 7A2, mitochondrial isoform X2 [Myotis myotis]
COX7A1|Myotis_yumanensis|XP_070254574	XP_036173133.1	55.072	89.0	3.37e-24	XP_036173133.1 cytochrome c oxidase subunit 7A2, mitochondrial isoform X1 [Myotis myotis]
COX7A1|Myotis_yumanensis|XP_070254574	XP_036190637.1	51.724	62.0	2.65e-13	XP_036190637.1 cytochrome c oxidase subunit 7A-related protein, mitochondrial isoform X2 [Myotis myotis]
COX7A1|Myotis_yumanensis|XP_070254574	XP_036190636.1	51.724	62.0	1.37e-12	XP_036190636.1 uncharacterized protein LOC118669062 isoform X1 [Myotis myotis]
COX7A1|Phyllostomus_discolor|XP_028385998	XP_036201523.1	95.946	153	6.34e-50	XP_036201523.1 cytochrome c oxidase subunit 7A1, mitochondrial [Myotis myotis]
COX7A1|Phyllostomus_discolor|XP_028385998	XP_036173134.1	56.250	93.2	2.85e-26	XP_036173134.1 cytochrome c oxidase subunit 7A2, mitochondrial isoform X2 [Myotis myotis]
COX7A1|Phyllostomus_discolor|XP_028385998	XP_036173133.1	54.545	92.0	8.35e-26	XP_036173133.1 cytochrome c oxidase subunit 7A2, mitochondrial isoform X1 [Myotis myotis]
COX7A1|Phyllostomus_discolor|XP_028385998	XP_036190637.1	55.172	64.3	1.31e-14	XP_036190637.1 cytochrome c oxidase subunit 7A-related protein, mitochondrial isoform X2 [Myotis myotis]
COX7A1|Phyllostomus_discolor|XP_028385998	XP_036190636.1	55.172	63.5	1.54e-13	XP_036190636.1 uncharacterized protein LOC118669062 isoform X1 [Myotis myotis]
COX7A1|Phyllostomus_hastatus|XP_045702666	XP_036201523.1	95.946	153	6.34e-50	XP_036201523.1 cytochrome c oxidase subunit 7A1, mitochondrial [Myotis myotis]
COX7A1|Phyllostomus_hastatus|XP_045702666	XP_036173134.1	56.250	93.2	2.85e-26	XP_036173134.1 cytochrome c oxidase subunit 7A2, mitochondrial isoform X2 [Myotis myotis]
COX7A1|Phyllostomus_hastatus|XP_045702666	XP_036173133.1	54.545	92.0	8.35e-26	XP_036173133.1 cytochrome c oxidase subunit 7A2, mitochondrial isoform X1 [Myotis myotis]
COX7A1|Phyllostomus_hastatus|XP_045702666	XP_036190637.1	55.172	64.3	1.31e-14	XP_036190637.1 cytochrome c oxidase subunit 7A-related protein, mitochondrial isoform X2 [Myotis myotis]
COX7A1|Phyllostomus_hastatus|XP_045702666	XP_036190636.1	55.172	63.5	1.54e-13	XP_036190636.1 uncharacterized protein LOC118669062 isoform X1 [Myotis myotis]
COX7A1|Pipistrellus_kuhlii|XP_036296257	XP_036201523.1	98.750	167	2.19e-55	XP_036201523.1 cytochrome c oxidase subunit 7A1, mitochondrial [Myotis myotis]
COX7A1|Pipistrellus_kuhlii|XP_036296257	XP_036173134.1	53.165	91.7	1.04e-25	XP_036173134.1 cytochrome c oxidase subunit 7A2, mitochondrial isoform X2 [Myotis myotis]
COX7A1|Pipistrellus_kuhlii|XP_036296257	XP_036173133.1	53.425	89.7	6.00e-25	XP_036173133.1 cytochrome c oxidase subunit 7A2, mitochondrial isoform X1 [Myotis myotis]
COX7A1|Pipistrellus_kuhlii|XP_036296257	XP_036190637.1	51.724	62.4	8.54e-14	XP_036190637.1 cytochrome c oxidase subunit 7A-related protein, mitochondrial isoform X2 [Myotis myotis]
COX7A1|Pipistrellus_kuhlii|XP_036296257	XP_036190636.1	51.724	61.2	9.80e-13	XP_036190636.1 uncharacterized protein LOC118669062 isoform X1 [Myotis myotis]
COX7A1|Plecotus_auritus|XP_080499829	XP_036201523.1	100.000	169	5.19e-56	XP_036201523.1 cytochrome c oxidase subunit 7A1, mitochondrial [Myotis myotis]
COX7A1|Plecotus_auritus|XP_080499829	XP_036173134.1	53.165	90.1	4.82e-25	XP_036173134.1 cytochrome c oxidase subunit 7A2, mitochondrial isoform X2 [Myotis myotis]
COX7A1|Plecotus_auritus|XP_080499829	XP_036173133.1	55.072	89.0	1.22e-24	XP_036173133.1 cytochrome c oxidase subunit 7A2, mitochondrial isoform X1 [Myotis myotis]
COX7A1|Plecotus_auritus|XP_080499829	XP_036190637.1	51.724	62.4	7.49e-14	XP_036190637.1 cytochrome c oxidase subunit 7A-related protein, mitochondrial isoform X2 [Myotis myotis]
COX7A1|Plecotus_auritus|XP_080499829	XP_036190636.1	51.724	61.2	9.39e-13	XP_036190636.1 uncharacterized protein LOC118669062 isoform X1 [Myotis myotis]
COX7A1|Pteronotus_mesoamericanus|XP_054450882	XP_036201523.1	93.243	149	1.88e-48	XP_036201523.1 cytochrome c oxidase subunit 7A1, mitochondrial [Myotis myotis]
COX7A1|Pteronotus_mesoamericanus|XP_054450882	XP_036173134.1	55.000	91.3	1.46e-25	XP_036173134.1 cytochrome c oxidase subunit 7A2, mitochondrial isoform X2 [Myotis myotis]
COX7A1|Pteronotus_mesoamericanus|XP_054450882	XP_036173133.1	53.247	90.5	3.55e-25	XP_036173133.1 cytochrome c oxidase subunit 7A2, mitochondrial isoform X1 [Myotis myotis]
COX7A1|Pteronotus_mesoamericanus|XP_054450882	XP_036190637.1	51.724	62.0	1.35e-13	XP_036190637.1 cytochrome c oxidase subunit 7A-related protein, mitochondrial isoform X2 [Myotis myotis]
COX7A1|Pteronotus_mesoamericanus|XP_054450882	XP_036190636.1	51.724	60.8	1.43e-12	XP_036190636.1 uncharacterized protein LOC118669062 isoform X1 [Myotis myotis]
COX7A1|Pteropus_medius|XP_039706154	XP_036201523.1	91.892	147	1.40e-47	XP_036201523.1 cytochrome c oxidase subunit 7A1, mitochondrial [Myotis myotis]
COX7A1|Pteropus_medius|XP_039706154	XP_036173134.1	56.962	97.4	6.43e-28	XP_036173134.1 cytochrome c oxidase subunit 7A2, mitochondrial isoform X2 [Myotis myotis]
COX7A1|Pteropus_medius|XP_039706154	XP_036173133.1	54.545	95.1	3.97e-27	XP_036173133.1 cytochrome c oxidase subunit 7A2, mitochondrial isoform X1 [Myotis myotis]
COX7A1|Pteropus_medius|XP_039706154	XP_036190637.1	53.448	64.3	1.26e-14	XP_036190637.1 cytochrome c oxidase subunit 7A-related protein, mitochondrial isoform X2 [Myotis myotis]
COX7A1|Pteropus_medius|XP_039706154	XP_036190636.1	53.448	63.2	1.77e-13	XP_036190636.1 uncharacterized protein LOC118669062 isoform X1 [Myotis myotis]
COX7A1|Pteropus_vampyrus|XP_011381845	XP_036201523.1	91.892	147	1.40e-47	XP_036201523.1 cytochrome c oxidase subunit 7A1, mitochondrial [Myotis myotis]
COX7A1|Pteropus_vampyrus|XP_011381845	XP_036173134.1	56.962	97.4	6.43e-28	XP_036173134.1 cytochrome c oxidase subunit 7A2, mitochondrial isoform X2 [Myotis myotis]
COX7A1|Pteropus_vampyrus|XP_011381845	XP_036173133.1	54.545	95.1	3.97e-27	XP_036173133.1 cytochrome c oxidase subunit 7A2, mitochondrial isoform X1 [Myotis myotis]
COX7A1|Pteropus_vampyrus|XP_011381845	XP_036190637.1	53.448	64.3	1.26e-14	XP_036190637.1 cytochrome c oxidase subunit 7A-related protein, mitochondrial isoform X2 [Myotis myotis]
COX7A1|Pteropus_vampyrus|XP_011381845	XP_036190636.1	53.448	63.2	1.77e-13	XP_036190636.1 uncharacterized protein LOC118669062 isoform X1 [Myotis myotis]
COX7A1|Rhinolophus_ferrumequinum|XP_032984457	XP_036201523.1	90.541	147	1.22e-47	XP_036201523.1 cytochrome c oxidase subunit 7A1, mitochondrial [Myotis myotis]
COX7A1|Rhinolophus_ferrumequinum|XP_032984457	XP_036173134.1	58.750	97.1	9.13e-28	XP_036173134.1 cytochrome c oxidase subunit 7A2, mitochondrial isoform X2 [Myotis myotis]
COX7A1|Rhinolophus_ferrumequinum|XP_032984457	XP_036173133.1	59.420	94.4	9.12e-27	XP_036173133.1 cytochrome c oxidase subunit 7A2, mitochondrial isoform X1 [Myotis myotis]
COX7A1|Rhinolophus_ferrumequinum|XP_032984457	XP_036190637.1	51.724	62.8	5.24e-14	XP_036190637.1 cytochrome c oxidase subunit 7A-related protein, mitochondrial isoform X2 [Myotis myotis]
COX7A1|Rhinolophus_ferrumequinum|XP_032984457	XP_036190636.1	51.724	61.6	6.43e-13	XP_036190636.1 uncharacterized protein LOC118669062 isoform X1 [Myotis myotis]
COX7A1|Rhinolophus_hipposideros|XP_080889244	XP_036201523.1	90.541	147	1.18e-47	XP_036201523.1 cytochrome c oxidase subunit 7A1, mitochondrial [Myotis myotis]
COX7A1|Rhinolophus_hipposideros|XP_080889244	XP_036173134.1	60.000	97.4	6.50e-28	XP_036173134.1 cytochrome c oxidase subunit 7A2, mitochondrial isoform X2 [Myotis myotis]
COX7A1|Rhinolophus_hipposideros|XP_080889244	XP_036173133.1	60.870	94.7	5.82e-27	XP_036173133.1 cytochrome c oxidase subunit 7A2, mitochondrial isoform X1 [Myotis myotis]
COX7A1|Rhinolophus_hipposideros|XP_080889244	XP_036190637.1	53.448	63.5	3.32e-14	XP_036190637.1 cytochrome c oxidase subunit 7A-related protein, mitochondrial isoform X2 [Myotis myotis]
COX7A1|Rhinolophus_hipposideros|XP_080889244	XP_036190636.1	53.448	62.4	4.21e-13	XP_036190636.1 uncharacterized protein LOC118669062 isoform X1 [Myotis myotis]
COX7A1|Rhinolophus_sinicus|XP_019605542	XP_036201523.1	91.892	148	8.10e-48	XP_036201523.1 cytochrome c oxidase subunit 7A1, mitochondrial [Myotis myotis]
COX7A1|Rhinolophus_sinicus|XP_019605542	XP_036173134.1	58.750	96.7	1.05e-27	XP_036173134.1 cytochrome c oxidase subunit 7A2, mitochondrial isoform X2 [Myotis myotis]
COX7A1|Rhinolophus_sinicus|XP_019605542	XP_036173133.1	59.420	94.4	9.85e-27	XP_036173133.1 cytochrome c oxidase subunit 7A2, mitochondrial isoform X1 [Myotis myotis]
COX7A1|Rhinolophus_sinicus|XP_019605542	XP_036190637.1	51.724	62.8	5.78e-14	XP_036190637.1 cytochrome c oxidase subunit 7A-related protein, mitochondrial isoform X2 [Myotis myotis]
COX7A1|Rhinolophus_sinicus|XP_019605542	XP_036190636.1	51.724	61.6	7.14e-13	XP_036190636.1 uncharacterized protein LOC118669062 isoform X1 [Myotis myotis]
COX7A1|Rousettus_aegyptiacus|XP_036088137	XP_036201523.1	91.892	147	2.25e-47	XP_036201523.1 cytochrome c oxidase subunit 7A1, mitochondrial [Myotis myotis]
COX7A1|Rousettus_aegyptiacus|XP_036088137	XP_036173134.1	56.579	94.7	1.20e-26	XP_036173134.1 cytochrome c oxidase subunit 7A2, mitochondrial isoform X2 [Myotis myotis]
COX7A1|Rousettus_aegyptiacus|XP_036088137	XP_036173133.1	56.579	94.4	1.75e-26	XP_036173133.1 cytochrome c oxidase subunit 7A2, mitochondrial isoform X1 [Myotis myotis]
COX7A1|Rousettus_aegyptiacus|XP_036088137	XP_036190637.1	53.448	63.9	4.24e-14	XP_036190637.1 cytochrome c oxidase subunit 7A-related protein, mitochondrial isoform X2 [Myotis myotis]
COX7A1|Rousettus_aegyptiacus|XP_036088137	XP_036190636.1	53.448	62.8	4.59e-13	XP_036190636.1 uncharacterized protein LOC118669062 isoform X1 [Myotis myotis]
COX7A1|Saccopteryx_bilineata|XP_066098697	XP_036201523.1	90.541	146	3.99e-47	XP_036201523.1 cytochrome c oxidase subunit 7A1, mitochondrial [Myotis myotis]
COX7A1|Saccopteryx_bilineata|XP_066098697	XP_036173134.1	55.072	88.6	2.30e-24	XP_036173134.1 cytochrome c oxidase subunit 7A2, mitochondrial isoform X2 [Myotis myotis]
COX7A1|Saccopteryx_bilineata|XP_066098697	XP_036173133.1	55.072	88.2	2.62e-24	XP_036173133.1 cytochrome c oxidase subunit 7A2, mitochondrial isoform X1 [Myotis myotis]
COX7A1|Saccopteryx_bilineata|XP_066098697	XP_036190637.1	53.448	62.8	6.63e-14	XP_036190637.1 cytochrome c oxidase subunit 7A-related protein, mitochondrial isoform X2 [Myotis myotis]
COX7A1|Saccopteryx_bilineata|XP_066098697	XP_036190636.1	53.448	62.0	6.37e-13	XP_036190636.1 uncharacterized protein LOC118669062 isoform X1 [Myotis myotis]
COX7A1|Saccopteryx_leptura|XP_066204722	XP_036201523.1	89.189	145	8.98e-47	XP_036201523.1 cytochrome c oxidase subunit 7A1, mitochondrial [Myotis myotis]
COX7A1|Saccopteryx_leptura|XP_066204722	XP_036173134.1	55.072	89.0	1.39e-24	XP_036173134.1 cytochrome c oxidase subunit 7A2, mitochondrial isoform X2 [Myotis myotis]
COX7A1|Saccopteryx_leptura|XP_066204722	XP_036173133.1	55.072	89.0	1.63e-24	XP_036173133.1 cytochrome c oxidase subunit 7A2, mitochondrial isoform X1 [Myotis myotis]
COX7A1|Saccopteryx_leptura|XP_066204722	XP_036190637.1	53.448	63.5	3.69e-14	XP_036190637.1 cytochrome c oxidase subunit 7A-related protein, mitochondrial isoform X2 [Myotis myotis]
COX7A1|Saccopteryx_leptura|XP_066204722	XP_036190636.1	53.448	62.4	3.72e-13	XP_036190636.1 uncharacterized protein LOC118669062 isoform X1 [Myotis myotis]
COX7A1|Sturnira_hondurensis|XP_036895982	XP_036201523.1	95.946	152	2.34e-49	XP_036201523.1 cytochrome c oxidase subunit 7A1, mitochondrial [Myotis myotis]
COX7A1|Sturnira_hondurensis|XP_036895982	XP_036173134.1	55.000	93.6	2.19e-26	XP_036173134.1 cytochrome c oxidase subunit 7A2, mitochondrial isoform X2 [Myotis myotis]
COX7A1|Sturnira_hondurensis|XP_036895982	XP_036173133.1	53.247	92.4	5.16e-26	XP_036173133.1 cytochrome c oxidase subunit 7A2, mitochondrial isoform X1 [Myotis myotis]
COX7A1|Sturnira_hondurensis|XP_036895982	XP_036190637.1	53.448	63.9	2.30e-14	XP_036190637.1 cytochrome c oxidase subunit 7A-related protein, mitochondrial isoform X2 [Myotis myotis]
COX7A1|Sturnira_hondurensis|XP_036895982	XP_036190636.1	53.448	62.8	3.01e-13	XP_036190636.1 uncharacterized protein LOC118669062 isoform X1 [Myotis myotis]
CPT1A|Artibeus_jamaicensis|XP_036991099	XP_036182262.1	90.815	1479	0.0	XP_036182262.1 carnitine O-palmitoyltransferase 1, liver isoform isoform X1 [Myotis myotis]
CPT1A|Artibeus_jamaicensis|XP_036991099	XP_036182261.1	90.815	1479	0.0	XP_036182261.1 carnitine O-palmitoyltransferase 1, liver isoform isoform X1 [Myotis myotis]
CPT1A|Artibeus_jamaicensis|XP_036991099	XP_036182263.1	87.451	1407	0.0	XP_036182263.1 carnitine O-palmitoyltransferase 1, liver isoform isoform X2 [Myotis myotis]
CPT1A|Artibeus_jamaicensis|XP_036991099	XP_036182264.1	86.546	1394	0.0	XP_036182264.1 carnitine O-palmitoyltransferase 1, liver isoform isoform X3 [Myotis myotis]
CPT1A|Artibeus_jamaicensis|XP_036991099	XP_036167238.1	62.190	1026	0.0	XP_036167238.1 carnitine O-palmitoyltransferase 1, muscle isoform isoform X1 [Myotis myotis]
CPT1A|Cnephaeus_nilssonii|XP_079643043	XP_036182262.1	96.248	1566	0.0	XP_036182262.1 carnitine O-palmitoyltransferase 1, liver isoform isoform X1 [Myotis myotis]
CPT1A|Cnephaeus_nilssonii|XP_079643043	XP_036182261.1	96.248	1566	0.0	XP_036182261.1 carnitine O-palmitoyltransferase 1, liver isoform isoform X1 [Myotis myotis]
CPT1A|Cnephaeus_nilssonii|XP_079643043	XP_036182263.1	92.885	1495	0.0	XP_036182263.1 carnitine O-palmitoyltransferase 1, liver isoform isoform X2 [Myotis myotis]
CPT1A|Cnephaeus_nilssonii|XP_079643043	XP_036182264.1	91.850	1478	0.0	XP_036182264.1 carnitine O-palmitoyltransferase 1, liver isoform isoform X3 [Myotis myotis]
CPT1A|Cnephaeus_nilssonii|XP_079643043	XP_036167238.1	63.494	1039	0.0	XP_036167238.1 carnitine O-palmitoyltransferase 1, muscle isoform isoform X1 [Myotis myotis]
CPT1A|Desmodus_rotundus|XP_053779888	XP_036182262.1	91.591	1489	0.0	XP_036182262.1 carnitine O-palmitoyltransferase 1, liver isoform isoform X1 [Myotis myotis]
CPT1A|Desmodus_rotundus|XP_053779888	XP_036182261.1	91.591	1489	0.0	XP_036182261.1 carnitine O-palmitoyltransferase 1, liver isoform isoform X1 [Myotis myotis]
CPT1A|Desmodus_rotundus|XP_053779888	XP_036182263.1	88.228	1419	0.0	XP_036182263.1 carnitine O-palmitoyltransferase 1, liver isoform isoform X2 [Myotis myotis]
CPT1A|Desmodus_rotundus|XP_053779888	XP_036182264.1	87.193	1400	0.0	XP_036182264.1 carnitine O-palmitoyltransferase 1, liver isoform isoform X3 [Myotis myotis]
CPT1A|Desmodus_rotundus|XP_053779888	XP_036167238.1	62.060	1029	0.0	XP_036167238.1 carnitine O-palmitoyltransferase 1, muscle isoform isoform X1 [Myotis myotis]
CPT1A|Eptesicus_fuscus|XP_054580699	XP_036182262.1	96.507	1569	0.0	XP_036182262.1 carnitine O-palmitoyltransferase 1, liver isoform isoform X1 [Myotis myotis]
CPT1A|Eptesicus_fuscus|XP_054580699	XP_036182261.1	96.507	1569	0.0	XP_036182261.1 carnitine O-palmitoyltransferase 1, liver isoform isoform X1 [Myotis myotis]
CPT1A|Eptesicus_fuscus|XP_054580699	XP_036182263.1	93.144	1497	0.0	XP_036182263.1 carnitine O-palmitoyltransferase 1, liver isoform isoform X2 [Myotis myotis]
CPT1A|Eptesicus_fuscus|XP_054580699	XP_036182264.1	92.109	1481	0.0	XP_036182264.1 carnitine O-palmitoyltransferase 1, liver isoform isoform X3 [Myotis myotis]
CPT1A|Eptesicus_fuscus|XP_054580699	XP_036167238.1	63.494	1040	0.0	XP_036167238.1 carnitine O-palmitoyltransferase 1, muscle isoform isoform X1 [Myotis myotis]
CPT1A|Hipposideros_armiger|XP_019510245	XP_036182262.1	90.168	1477	0.0	XP_036182262.1 carnitine O-palmitoyltransferase 1, liver isoform isoform X1 [Myotis myotis]
CPT1A|Hipposideros_armiger|XP_019510245	XP_036182261.1	90.168	1477	0.0	XP_036182261.1 carnitine O-palmitoyltransferase 1, liver isoform isoform X1 [Myotis myotis]
CPT1A|Hipposideros_armiger|XP_019510245	XP_036182263.1	86.934	1409	0.0	XP_036182263.1 carnitine O-palmitoyltransferase 1, liver isoform isoform X2 [Myotis myotis]
CPT1A|Hipposideros_armiger|XP_019510245	XP_036182264.1	85.899	1391	0.0	XP_036182264.1 carnitine O-palmitoyltransferase 1, liver isoform isoform X3 [Myotis myotis]
CPT1A|Hipposideros_armiger|XP_019510245	XP_036167238.1	63.212	1042	0.0	XP_036167238.1 carnitine O-palmitoyltransferase 1, muscle isoform isoform X1 [Myotis myotis]
CPT1A|Miniopterus_natalensis|XP_016068952	XP_036182262.1	93.532	1518	0.0	XP_036182262.1 carnitine O-palmitoyltransferase 1, liver isoform isoform X1 [Myotis myotis]
CPT1A|Miniopterus_natalensis|XP_016068952	XP_036182261.1	93.532	1518	0.0	XP_036182261.1 carnitine O-palmitoyltransferase 1, liver isoform isoform X1 [Myotis myotis]
CPT1A|Miniopterus_natalensis|XP_016068952	XP_036182263.1	90.168	1445	0.0	XP_036182263.1 carnitine O-palmitoyltransferase 1, liver isoform isoform X2 [Myotis myotis]
CPT1A|Miniopterus_natalensis|XP_016068952	XP_036182264.1	89.263	1431	0.0	XP_036182264.1 carnitine O-palmitoyltransferase 1, liver isoform isoform X3 [Myotis myotis]
CPT1A|Miniopterus_natalensis|XP_016068952	XP_036167238.1	63.083	1040	0.0	XP_036167238.1 carnitine O-palmitoyltransferase 1, muscle isoform isoform X1 [Myotis myotis]
CPT1A|Miniopterus_schreibersii|XP_081011117	XP_036182262.1	93.532	1514	0.0	XP_036182262.1 carnitine O-palmitoyltransferase 1, liver isoform isoform X1 [Myotis myotis]
CPT1A|Miniopterus_schreibersii|XP_081011117	XP_036182261.1	93.532	1514	0.0	XP_036182261.1 carnitine O-palmitoyltransferase 1, liver isoform isoform X1 [Myotis myotis]
CPT1A|Miniopterus_schreibersii|XP_081011117	XP_036182263.1	90.168	1442	0.0	XP_036182263.1 carnitine O-palmitoyltransferase 1, liver isoform isoform X2 [Myotis myotis]
CPT1A|Miniopterus_schreibersii|XP_081011117	XP_036182264.1	89.263	1427	0.0	XP_036182264.1 carnitine O-palmitoyltransferase 1, liver isoform isoform X3 [Myotis myotis]
CPT1A|Miniopterus_schreibersii|XP_081011117	XP_036167238.1	63.083	1038	0.0	XP_036167238.1 carnitine O-palmitoyltransferase 1, muscle isoform isoform X1 [Myotis myotis]
CPT1A|Molossus_molossus|XP_036114085	XP_036182262.1	92.497	1499	0.0	XP_036182262.1 carnitine O-palmitoyltransferase 1, liver isoform isoform X1 [Myotis myotis]
CPT1A|Molossus_molossus|XP_036114085	XP_036182261.1	92.497	1499	0.0	XP_036182261.1 carnitine O-palmitoyltransferase 1, liver isoform isoform X1 [Myotis myotis]
CPT1A|Molossus_molossus|XP_036114085	XP_036182263.1	89.133	1427	0.0	XP_036182263.1 carnitine O-palmitoyltransferase 1, liver isoform isoform X2 [Myotis myotis]
CPT1A|Molossus_molossus|XP_036114085	XP_036182264.1	88.098	1410	0.0	XP_036182264.1 carnitine O-palmitoyltransferase 1, liver isoform isoform X3 [Myotis myotis]
CPT1A|Molossus_molossus|XP_036114085	XP_036167238.1	63.377	1037	0.0	XP_036167238.1 carnitine O-palmitoyltransferase 1, muscle isoform isoform X1 [Myotis myotis]
CPT1A|Myotis_brandtii|XP_014393619	XP_036182262.1	98.577	1595	0.0	XP_036182262.1 carnitine O-palmitoyltransferase 1, liver isoform isoform X1 [Myotis myotis]
CPT1A|Myotis_brandtii|XP_014393619	XP_036182261.1	98.577	1595	0.0	XP_036182261.1 carnitine O-palmitoyltransferase 1, liver isoform isoform X1 [Myotis myotis]
CPT1A|Myotis_brandtii|XP_014393619	XP_036182263.1	95.213	1524	0.0	XP_036182263.1 carnitine O-palmitoyltransferase 1, liver isoform isoform X2 [Myotis myotis]
CPT1A|Myotis_brandtii|XP_014393619	XP_036182264.1	93.790	1501	0.0	XP_036182264.1 carnitine O-palmitoyltransferase 1, liver isoform isoform X3 [Myotis myotis]
CPT1A|Myotis_brandtii|XP_014393619	XP_036167238.1	63.212	1036	0.0	XP_036167238.1 carnitine O-palmitoyltransferase 1, muscle isoform isoform X1 [Myotis myotis]
CPT1A|Myotis_daubentonii|XP_059565826	XP_036182262.1	99.483	1610	0.0	XP_036182262.1 carnitine O-palmitoyltransferase 1, liver isoform isoform X1 [Myotis myotis]
CPT1A|Myotis_daubentonii|XP_059565826	XP_036182261.1	99.483	1610	0.0	XP_036182261.1 carnitine O-palmitoyltransferase 1, liver isoform isoform X1 [Myotis myotis]
CPT1A|Myotis_daubentonii|XP_059565826	XP_036182263.1	96.119	1537	0.0	XP_036182263.1 carnitine O-palmitoyltransferase 1, liver isoform isoform X2 [Myotis myotis]
CPT1A|Myotis_daubentonii|XP_059565826	XP_036182264.1	94.696	1514	0.0	XP_036182264.1 carnitine O-palmitoyltransferase 1, liver isoform isoform X3 [Myotis myotis]
CPT1A|Myotis_daubentonii|XP_059565826	XP_036167238.1	63.342	1039	0.0	XP_036167238.1 carnitine O-palmitoyltransferase 1, muscle isoform isoform X1 [Myotis myotis]
CPT1A|Myotis_davidii|XP_015424435	XP_036182262.1	93.231	1493	0.0	XP_036182262.1 carnitine O-palmitoyltransferase 1, liver isoform isoform X1 [Myotis myotis]
CPT1A|Myotis_davidii|XP_015424435	XP_036182261.1	93.231	1493	0.0	XP_036182261.1 carnitine O-palmitoyltransferase 1, liver isoform isoform X1 [Myotis myotis]
CPT1A|Myotis_davidii|XP_015424435	XP_036182263.1	89.911	1405	0.0	XP_036182263.1 carnitine O-palmitoyltransferase 1, liver isoform isoform X2 [Myotis myotis]
CPT1A|Myotis_davidii|XP_015424435	XP_036182264.1	88.378	1377	0.0	XP_036182264.1 carnitine O-palmitoyltransferase 1, liver isoform isoform X3 [Myotis myotis]
CPT1A|Myotis_davidii|XP_015424435	XP_036167238.1	58.951	952	0.0	XP_036167238.1 carnitine O-palmitoyltransferase 1, muscle isoform isoform X1 [Myotis myotis]
CPT1A|Myotis_lucifugus|XP_023603602	XP_036182262.1	98.706	1595	0.0	XP_036182262.1 carnitine O-palmitoyltransferase 1, liver isoform isoform X1 [Myotis myotis]
CPT1A|Myotis_lucifugus|XP_023603602	XP_036182261.1	98.706	1595	0.0	XP_036182261.1 carnitine O-palmitoyltransferase 1, liver isoform isoform X1 [Myotis myotis]
CPT1A|Myotis_lucifugus|XP_023603602	XP_036182263.1	95.343	1523	0.0	XP_036182263.1 carnitine O-palmitoyltransferase 1, liver isoform isoform X2 [Myotis myotis]
CPT1A|Myotis_lucifugus|XP_023603602	XP_036182264.1	93.920	1501	0.0	XP_036182264.1 carnitine O-palmitoyltransferase 1, liver isoform isoform X3 [Myotis myotis]
CPT1A|Myotis_lucifugus|XP_023603602	XP_036167238.1	63.342	1040	0.0	XP_036167238.1 carnitine O-palmitoyltransferase 1, muscle isoform isoform X1 [Myotis myotis]
CPT1A|Myotis_myotis|XP_036182262	XP_036182262.1	100.000	1616	0.0	XP_036182262.1 carnitine O-palmitoyltransferase 1, liver isoform isoform X1 [Myotis myotis]
CPT1A|Myotis_myotis|XP_036182262	XP_036182261.1	100.000	1616	0.0	XP_036182261.1 carnitine O-palmitoyltransferase 1, liver isoform isoform X1 [Myotis myotis]
CPT1A|Myotis_myotis|XP_036182262	XP_036182263.1	96.636	1543	0.0	XP_036182263.1 carnitine O-palmitoyltransferase 1, liver isoform isoform X2 [Myotis myotis]
CPT1A|Myotis_myotis|XP_036182262	XP_036182264.1	95.084	1518	0.0	XP_036182264.1 carnitine O-palmitoyltransferase 1, liver isoform isoform X3 [Myotis myotis]
CPT1A|Myotis_myotis|XP_036182262	XP_036167238.1	63.212	1036	0.0	XP_036167238.1 carnitine O-palmitoyltransferase 1, muscle isoform isoform X1 [Myotis myotis]
CPT1A|Myotis_nattereri|XP_080955554	XP_036182262.1	99.483	1608	0.0	XP_036182262.1 carnitine O-palmitoyltransferase 1, liver isoform isoform X1 [Myotis myotis]
CPT1A|Myotis_nattereri|XP_080955554	XP_036182261.1	99.483	1608	0.0	XP_036182261.1 carnitine O-palmitoyltransferase 1, liver isoform isoform X1 [Myotis myotis]
CPT1A|Myotis_nattereri|XP_080955554	XP_036182263.1	96.119	1536	0.0	XP_036182263.1 carnitine O-palmitoyltransferase 1, liver isoform isoform X2 [Myotis myotis]
CPT1A|Myotis_nattereri|XP_080955554	XP_036182264.1	94.567	1510	0.0	XP_036182264.1 carnitine O-palmitoyltransferase 1, liver isoform isoform X3 [Myotis myotis]
CPT1A|Myotis_nattereri|XP_080955554	XP_036167238.1	63.212	1036	0.0	XP_036167238.1 carnitine O-palmitoyltransferase 1, muscle isoform isoform X1 [Myotis myotis]
CPT1A|Phyllostomus_discolor|XP_028371191	XP_036182262.1	91.591	1491	0.0	XP_036182262.1 carnitine O-palmitoyltransferase 1, liver isoform isoform X1 [Myotis myotis]
CPT1A|Phyllostomus_discolor|XP_028371191	XP_036182261.1	91.591	1491	0.0	XP_036182261.1 carnitine O-palmitoyltransferase 1, liver isoform isoform X1 [Myotis myotis]
CPT1A|Phyllostomus_discolor|XP_028371191	XP_036182263.1	88.228	1420	0.0	XP_036182263.1 carnitine O-palmitoyltransferase 1, liver isoform isoform X2 [Myotis myotis]
CPT1A|Phyllostomus_discolor|XP_028371191	XP_036182264.1	87.193	1402	0.0	XP_036182264.1 carnitine O-palmitoyltransferase 1, liver isoform isoform X3 [Myotis myotis]
CPT1A|Phyllostomus_discolor|XP_028371191	XP_036167238.1	62.973	1041	0.0	XP_036167238.1 carnitine O-palmitoyltransferase 1, muscle isoform isoform X1 [Myotis myotis]
CPT1A|Phyllostomus_hastatus|XP_045710814	XP_036182262.1	91.850	1491	0.0	XP_036182262.1 carnitine O-palmitoyltransferase 1, liver isoform isoform X1 [Myotis myotis]
CPT1A|Phyllostomus_hastatus|XP_045710814	XP_036182261.1	91.850	1491	0.0	XP_036182261.1 carnitine O-palmitoyltransferase 1, liver isoform isoform X1 [Myotis myotis]
CPT1A|Phyllostomus_hastatus|XP_045710814	XP_036182263.1	88.486	1419	0.0	XP_036182263.1 carnitine O-palmitoyltransferase 1, liver isoform isoform X2 [Myotis myotis]
CPT1A|Phyllostomus_hastatus|XP_045710814	XP_036182264.1	87.451	1401	0.0	XP_036182264.1 carnitine O-palmitoyltransferase 1, liver isoform isoform X3 [Myotis myotis]
CPT1A|Phyllostomus_hastatus|XP_045710814	XP_036167238.1	63.625	1042	0.0	XP_036167238.1 carnitine O-palmitoyltransferase 1, muscle isoform isoform X1 [Myotis myotis]
CPT1A|Pipistrellus_kuhlii|XP_036282966	XP_036182262.1	95.731	1556	0.0	XP_036182262.1 carnitine O-palmitoyltransferase 1, liver isoform isoform X1 [Myotis myotis]
CPT1A|Pipistrellus_kuhlii|XP_036282966	XP_036182261.1	95.731	1556	0.0	XP_036182261.1 carnitine O-palmitoyltransferase 1, liver isoform isoform X1 [Myotis myotis]
CPT1A|Pipistrellus_kuhlii|XP_036282966	XP_036182263.1	92.367	1486	0.0	XP_036182263.1 carnitine O-palmitoyltransferase 1, liver isoform isoform X2 [Myotis myotis]
CPT1A|Pipistrellus_kuhlii|XP_036282966	XP_036182264.1	91.332	1469	0.0	XP_036182264.1 carnitine O-palmitoyltransferase 1, liver isoform isoform X3 [Myotis myotis]
CPT1A|Pipistrellus_kuhlii|XP_036282966	XP_036167238.1	63.506	1045	0.0	XP_036167238.1 carnitine O-palmitoyltransferase 1, muscle isoform isoform X1 [Myotis myotis]
CPT1A|Plecotus_auritus|XP_080497801	XP_036182262.1	96.378	1570	0.0	XP_036182262.1 carnitine O-palmitoyltransferase 1, liver isoform isoform X1 [Myotis myotis]
CPT1A|Plecotus_auritus|XP_080497801	XP_036182261.1	96.378	1570	0.0	XP_036182261.1 carnitine O-palmitoyltransferase 1, liver isoform isoform X1 [Myotis myotis]
CPT1A|Plecotus_auritus|XP_080497801	XP_036182263.1	93.014	1497	0.0	XP_036182263.1 carnitine O-palmitoyltransferase 1, liver isoform isoform X2 [Myotis myotis]
CPT1A|Plecotus_auritus|XP_080497801	XP_036182264.1	92.109	1483	0.0	XP_036182264.1 carnitine O-palmitoyltransferase 1, liver isoform isoform X3 [Myotis myotis]
CPT1A|Plecotus_auritus|XP_080497801	XP_036167238.1	63.601	1043	0.0	XP_036167238.1 carnitine O-palmitoyltransferase 1, muscle isoform isoform X1 [Myotis myotis]
CPT1A|Pteronotus_mesoamericanus|XP_054426746	XP_036182262.1	91.203	1489	0.0	XP_036182262.1 carnitine O-palmitoyltransferase 1, liver isoform isoform X1 [Myotis myotis]
CPT1A|Pteronotus_mesoamericanus|XP_054426746	XP_036182261.1	91.203	1489	0.0	XP_036182261.1 carnitine O-palmitoyltransferase 1, liver isoform isoform X1 [Myotis myotis]
CPT1A|Pteronotus_mesoamericanus|XP_054426746	XP_036182263.1	87.840	1418	0.0	XP_036182263.1 carnitine O-palmitoyltransferase 1, liver isoform isoform X2 [Myotis myotis]
CPT1A|Pteronotus_mesoamericanus|XP_054426746	XP_036182264.1	86.805	1401	0.0	XP_036182264.1 carnitine O-palmitoyltransferase 1, liver isoform isoform X3 [Myotis myotis]
CPT1A|Pteronotus_mesoamericanus|XP_054426746	XP_036167238.1	62.190	1032	0.0	XP_036167238.1 carnitine O-palmitoyltransferase 1, muscle isoform isoform X1 [Myotis myotis]
CPT1A|Pteropus_alecto|XP_006911062	XP_036182262.1	90.427	1481	0.0	XP_036182262.1 carnitine O-palmitoyltransferase 1, liver isoform isoform X1 [Myotis myotis]
CPT1A|Pteropus_alecto|XP_006911062	XP_036182261.1	90.427	1481	0.0	XP_036182261.1 carnitine O-palmitoyltransferase 1, liver isoform isoform X1 [Myotis myotis]
CPT1A|Pteropus_alecto|XP_006911062	XP_036182263.1	87.063	1410	0.0	XP_036182263.1 carnitine O-palmitoyltransferase 1, liver isoform isoform X2 [Myotis myotis]
CPT1A|Pteropus_alecto|XP_006911062	XP_036182264.1	86.158	1394	0.0	XP_036182264.1 carnitine O-palmitoyltransferase 1, liver isoform isoform X3 [Myotis myotis]
CPT1A|Pteropus_alecto|XP_006911062	XP_036167238.1	62.451	1030	0.0	XP_036167238.1 carnitine O-palmitoyltransferase 1, muscle isoform isoform X1 [Myotis myotis]
CPT1A|Pteropus_vampyrus|XP_023381548	XP_036182262.1	70.229	1078	0.0	XP_036182262.1 carnitine O-palmitoyltransferase 1, liver isoform isoform X1 [Myotis myotis]
CPT1A|Pteropus_vampyrus|XP_023381548	XP_036182261.1	70.229	1078	0.0	XP_036182261.1 carnitine O-palmitoyltransferase 1, liver isoform isoform X1 [Myotis myotis]
CPT1A|Pteropus_vampyrus|XP_023381548	XP_036182263.1	66.921	1007	0.0	XP_036182263.1 carnitine O-palmitoyltransferase 1, liver isoform isoform X2 [Myotis myotis]
CPT1A|Pteropus_vampyrus|XP_023381548	XP_036182264.1	66.031	993	0.0	XP_036182264.1 carnitine O-palmitoyltransferase 1, liver isoform isoform X3 [Myotis myotis]
CPT1A|Pteropus_vampyrus|XP_023381548	XP_036163142.1	44.344	673	0.0	XP_036163142.1 carnitine O-palmitoyltransferase 1, brain isoform isoform X6 [Myotis myotis]
CPT1A|Rhinolophus_ferrumequinum|XP_032975839	XP_036182262.1	90.427	1483	0.0	XP_036182262.1 carnitine O-palmitoyltransferase 1, liver isoform isoform X1 [Myotis myotis]
CPT1A|Rhinolophus_ferrumequinum|XP_032975839	XP_036182261.1	90.427	1483	0.0	XP_036182261.1 carnitine O-palmitoyltransferase 1, liver isoform isoform X1 [Myotis myotis]
CPT1A|Rhinolophus_ferrumequinum|XP_032975839	XP_036182263.1	87.063	1412	0.0	XP_036182263.1 carnitine O-palmitoyltransferase 1, liver isoform isoform X2 [Myotis myotis]
CPT1A|Rhinolophus_ferrumequinum|XP_032975839	XP_036182264.1	86.158	1396	0.0	XP_036182264.1 carnitine O-palmitoyltransferase 1, liver isoform isoform X3 [Myotis myotis]
CPT1A|Rhinolophus_ferrumequinum|XP_032975839	XP_036167238.1	63.342	1047	0.0	XP_036167238.1 carnitine O-palmitoyltransferase 1, muscle isoform isoform X1 [Myotis myotis]
CPT1A|Rhinolophus_hipposideros|XP_080919941	XP_036182262.1	90.168	1480	0.0	XP_036182262.1 carnitine O-palmitoyltransferase 1, liver isoform isoform X1 [Myotis myotis]
CPT1A|Rhinolophus_hipposideros|XP_080919941	XP_036182261.1	90.168	1480	0.0	XP_036182261.1 carnitine O-palmitoyltransferase 1, liver isoform isoform X1 [Myotis myotis]
CPT1A|Rhinolophus_hipposideros|XP_080919941	XP_036182263.1	86.805	1409	0.0	XP_036182263.1 carnitine O-palmitoyltransferase 1, liver isoform isoform X2 [Myotis myotis]
CPT1A|Rhinolophus_hipposideros|XP_080919941	XP_036182264.1	85.899	1392	0.0	XP_036182264.1 carnitine O-palmitoyltransferase 1, liver isoform isoform X3 [Myotis myotis]
CPT1A|Rhinolophus_hipposideros|XP_080919941	XP_036167238.1	63.472	1048	0.0	XP_036167238.1 carnitine O-palmitoyltransferase 1, muscle isoform isoform X1 [Myotis myotis]
CPT1A|Rhinolophus_sinicus|XP_074192948	XP_036182262.1	90.556	1483	0.0	XP_036182262.1 carnitine O-palmitoyltransferase 1, liver isoform isoform X1 [Myotis myotis]
CPT1A|Rhinolophus_sinicus|XP_074192948	XP_036182261.1	90.556	1483	0.0	XP_036182261.1 carnitine O-palmitoyltransferase 1, liver isoform isoform X1 [Myotis myotis]
CPT1A|Rhinolophus_sinicus|XP_074192948	XP_036182263.1	87.193	1412	0.0	XP_036182263.1 carnitine O-palmitoyltransferase 1, liver isoform isoform X2 [Myotis myotis]
CPT1A|Rhinolophus_sinicus|XP_074192948	XP_036182264.1	86.287	1396	0.0	XP_036182264.1 carnitine O-palmitoyltransferase 1, liver isoform isoform X3 [Myotis myotis]
CPT1A|Rhinolophus_sinicus|XP_074192948	XP_036167238.1	62.953	1041	0.0	XP_036167238.1 carnitine O-palmitoyltransferase 1, muscle isoform isoform X1 [Myotis myotis]
CPT1A|Rousettus_aegyptiacus|XP_015987244	XP_036182262.1	90.168	1482	0.0	XP_036182262.1 carnitine O-palmitoyltransferase 1, liver isoform isoform X1 [Myotis myotis]
CPT1A|Rousettus_aegyptiacus|XP_015987244	XP_036182261.1	90.168	1482	0.0	XP_036182261.1 carnitine O-palmitoyltransferase 1, liver isoform isoform X1 [Myotis myotis]
CPT1A|Rousettus_aegyptiacus|XP_015987244	XP_036182263.1	86.934	1414	0.0	XP_036182263.1 carnitine O-palmitoyltransferase 1, liver isoform isoform X2 [Myotis myotis]
CPT1A|Rousettus_aegyptiacus|XP_015987244	XP_036182264.1	85.899	1398	0.0	XP_036182264.1 carnitine O-palmitoyltransferase 1, liver isoform isoform X3 [Myotis myotis]
CPT1A|Rousettus_aegyptiacus|XP_015987244	XP_036167238.1	61.669	1017	0.0	XP_036167238.1 carnitine O-palmitoyltransferase 1, muscle isoform isoform X1 [Myotis myotis]
CPT1A|Saccopteryx_bilineata|XP_066108361	XP_036182262.1	90.593	1468	0.0	XP_036182262.1 carnitine O-palmitoyltransferase 1, liver isoform isoform X1 [Myotis myotis]
CPT1A|Saccopteryx_bilineata|XP_066108361	XP_036182261.1	90.593	1468	0.0	XP_036182261.1 carnitine O-palmitoyltransferase 1, liver isoform isoform X1 [Myotis myotis]
CPT1A|Saccopteryx_bilineata|XP_066108361	XP_036182263.1	87.242	1397	0.0	XP_036182263.1 carnitine O-palmitoyltransferase 1, liver isoform isoform X2 [Myotis myotis]
CPT1A|Saccopteryx_bilineata|XP_066108361	XP_036182264.1	86.469	1384	0.0	XP_036182264.1 carnitine O-palmitoyltransferase 1, liver isoform isoform X3 [Myotis myotis]
CPT1A|Saccopteryx_bilineata|XP_066108361	XP_036167238.1	62.549	1037	0.0	XP_036167238.1 carnitine O-palmitoyltransferase 1, muscle isoform isoform X1 [Myotis myotis]
CPT1A|Saccopteryx_leptura|XP_066239900	XP_036182262.1	90.464	1467	0.0	XP_036182262.1 carnitine O-palmitoyltransferase 1, liver isoform isoform X1 [Myotis myotis]
CPT1A|Saccopteryx_leptura|XP_066239900	XP_036182261.1	90.464	1467	0.0	XP_036182261.1 carnitine O-palmitoyltransferase 1, liver isoform isoform X1 [Myotis myotis]
CPT1A|Saccopteryx_leptura|XP_066239900	XP_036182263.1	87.113	1395	0.0	XP_036182263.1 carnitine O-palmitoyltransferase 1, liver isoform isoform X2 [Myotis myotis]
CPT1A|Saccopteryx_leptura|XP_066239900	XP_036182264.1	86.340	1382	0.0	XP_036182264.1 carnitine O-palmitoyltransferase 1, liver isoform isoform X3 [Myotis myotis]
CPT1A|Saccopteryx_leptura|XP_066239900	XP_036167238.1	62.419	1035	0.0	XP_036167238.1 carnitine O-palmitoyltransferase 1, muscle isoform isoform X1 [Myotis myotis]
CPT1A|Sturnira_hondurensis|XP_036918461	XP_036182262.1	91.721	1483	0.0	XP_036182262.1 carnitine O-palmitoyltransferase 1, liver isoform isoform X1 [Myotis myotis]
CPT1A|Sturnira_hondurensis|XP_036918461	XP_036182261.1	91.721	1483	0.0	XP_036182261.1 carnitine O-palmitoyltransferase 1, liver isoform isoform X1 [Myotis myotis]
CPT1A|Sturnira_hondurensis|XP_036918461	XP_036182263.1	88.357	1412	0.0	XP_036182263.1 carnitine O-palmitoyltransferase 1, liver isoform isoform X2 [Myotis myotis]
CPT1A|Sturnira_hondurensis|XP_036918461	XP_036182264.1	87.451	1400	0.0	XP_036182264.1 carnitine O-palmitoyltransferase 1, liver isoform isoform X3 [Myotis myotis]
CPT1A|Sturnira_hondurensis|XP_036918461	XP_036167238.1	62.208	1025	0.0	XP_036167238.1 carnitine O-palmitoyltransferase 1, muscle isoform isoform X1 [Myotis myotis]
CPT1B|Artibeus_jamaicensis|XP_037016644	XP_036167238.1	89.637	1477	0.0	XP_036167238.1 carnitine O-palmitoyltransferase 1, muscle isoform isoform X1 [Myotis myotis]
CPT1B|Artibeus_jamaicensis|XP_037016644	XP_036167237.1	89.637	1477	0.0	XP_036167237.1 carnitine O-palmitoyltransferase 1, muscle isoform isoform X1 [Myotis myotis]
CPT1B|Artibeus_jamaicensis|XP_037016644	XP_036167239.1	89.053	1290	0.0	XP_036167239.1 carnitine O-palmitoyltransferase 1, muscle isoform isoform X2 [Myotis myotis]
CPT1B|Artibeus_jamaicensis|XP_037016644	XP_036182262.1	64.928	1041	0.0	XP_036182262.1 carnitine O-palmitoyltransferase 1, liver isoform isoform X1 [Myotis myotis]
CPT1B|Artibeus_jamaicensis|XP_037016644	XP_036182261.1	64.928	1041	0.0	XP_036182261.1 carnitine O-palmitoyltransferase 1, liver isoform isoform X1 [Myotis myotis]
CPT1B|Cnephaeus_nilssonii|XP_079631937	XP_036167238.1	96.015	1570	0.0	XP_036167238.1 carnitine O-palmitoyltransferase 1, muscle isoform isoform X1 [Myotis myotis]
CPT1B|Cnephaeus_nilssonii|XP_079631937	XP_036167237.1	96.015	1570	0.0	XP_036167237.1 carnitine O-palmitoyltransferase 1, muscle isoform isoform X1 [Myotis myotis]
CPT1B|Cnephaeus_nilssonii|XP_079631937	XP_036167239.1	95.748	1376	0.0	XP_036167239.1 carnitine O-palmitoyltransferase 1, muscle isoform isoform X2 [Myotis myotis]
CPT1B|Cnephaeus_nilssonii|XP_079631937	XP_036182262.1	62.743	1020	0.0	XP_036182262.1 carnitine O-palmitoyltransferase 1, liver isoform isoform X1 [Myotis myotis]
CPT1B|Cnephaeus_nilssonii|XP_079631937	XP_036182261.1	62.743	1020	0.0	XP_036182261.1 carnitine O-palmitoyltransferase 1, liver isoform isoform X1 [Myotis myotis]
CPT1B|Desmodus_rotundus|XP_045043197	XP_036167238.1	90.026	1478	0.0	XP_036167238.1 carnitine O-palmitoyltransferase 1, muscle isoform isoform X1 [Myotis myotis]
CPT1B|Desmodus_rotundus|XP_045043197	XP_036167237.1	90.026	1478	0.0	XP_036167237.1 carnitine O-palmitoyltransferase 1, muscle isoform isoform X1 [Myotis myotis]
CPT1B|Desmodus_rotundus|XP_045043197	XP_036167239.1	89.645	1293	0.0	XP_036167239.1 carnitine O-palmitoyltransferase 1, muscle isoform isoform X2 [Myotis myotis]
CPT1B|Desmodus_rotundus|XP_045043197	XP_036182262.1	63.885	1035	0.0	XP_036182262.1 carnitine O-palmitoyltransferase 1, liver isoform isoform X1 [Myotis myotis]
CPT1B|Desmodus_rotundus|XP_045043197	XP_036182261.1	63.885	1035	0.0	XP_036182261.1 carnitine O-palmitoyltransferase 1, liver isoform isoform X1 [Myotis myotis]
CPT1B|Eptesicus_fuscus|XP_054575660	XP_036167238.1	95.887	1568	0.0	XP_036167238.1 carnitine O-palmitoyltransferase 1, muscle isoform isoform X1 [Myotis myotis]
CPT1B|Eptesicus_fuscus|XP_054575660	XP_036167237.1	95.887	1568	0.0	XP_036167237.1 carnitine O-palmitoyltransferase 1, muscle isoform isoform X1 [Myotis myotis]
CPT1B|Eptesicus_fuscus|XP_054575660	XP_036167239.1	95.601	1374	0.0	XP_036167239.1 carnitine O-palmitoyltransferase 1, muscle isoform isoform X2 [Myotis myotis]
CPT1B|Eptesicus_fuscus|XP_054575660	XP_036182262.1	62.743	1019	0.0	XP_036182262.1 carnitine O-palmitoyltransferase 1, liver isoform isoform X1 [Myotis myotis]
CPT1B|Eptesicus_fuscus|XP_054575660	XP_036182261.1	62.743	1019	0.0	XP_036182261.1 carnitine O-palmitoyltransferase 1, liver isoform isoform X1 [Myotis myotis]
CPT1B|Hipposideros_armiger|XP_019524163	XP_036167238.1	90.026	1477	0.0	XP_036167238.1 carnitine O-palmitoyltransferase 1, muscle isoform isoform X1 [Myotis myotis]
CPT1B|Hipposideros_armiger|XP_019524163	XP_036167237.1	90.026	1477	0.0	XP_036167237.1 carnitine O-palmitoyltransferase 1, muscle isoform isoform X1 [Myotis myotis]
CPT1B|Hipposideros_armiger|XP_019524163	XP_036167239.1	89.497	1288	0.0	XP_036167239.1 carnitine O-palmitoyltransferase 1, muscle isoform isoform X2 [Myotis myotis]
CPT1B|Hipposideros_armiger|XP_019524163	XP_036182262.1	63.494	1029	0.0	XP_036182262.1 carnitine O-palmitoyltransferase 1, liver isoform isoform X1 [Myotis myotis]
CPT1B|Hipposideros_armiger|XP_019524163	XP_036182261.1	63.494	1029	0.0	XP_036182261.1 carnitine O-palmitoyltransferase 1, liver isoform isoform X1 [Myotis myotis]
CPT1B|Miniopterus_natalensis|XP_016067165	XP_036167238.1	92.598	1412	0.0	XP_036167238.1 carnitine O-palmitoyltransferase 1, muscle isoform isoform X1 [Myotis myotis]
CPT1B|Miniopterus_natalensis|XP_016067165	XP_036167237.1	92.598	1412	0.0	XP_036167237.1 carnitine O-palmitoyltransferase 1, muscle isoform isoform X1 [Myotis myotis]
CPT1B|Miniopterus_natalensis|XP_016067165	XP_036167239.1	92.751	1332	0.0	XP_036167239.1 carnitine O-palmitoyltransferase 1, muscle isoform isoform X2 [Myotis myotis]
CPT1B|Miniopterus_natalensis|XP_016067165	XP_036182262.1	63.928	962	0.0	XP_036182262.1 carnitine O-palmitoyltransferase 1, liver isoform isoform X1 [Myotis myotis]
CPT1B|Miniopterus_natalensis|XP_016067165	XP_036182261.1	63.928	962	0.0	XP_036182261.1 carnitine O-palmitoyltransferase 1, liver isoform isoform X1 [Myotis myotis]
CPT1B|Miniopterus_schreibersii|XP_080983173	XP_036167238.1	92.746	1522	0.0	XP_036167238.1 carnitine O-palmitoyltransferase 1, muscle isoform isoform X1 [Myotis myotis]
CPT1B|Miniopterus_schreibersii|XP_080983173	XP_036167237.1	92.746	1522	0.0	XP_036167237.1 carnitine O-palmitoyltransferase 1, muscle isoform isoform X1 [Myotis myotis]
CPT1B|Miniopterus_schreibersii|XP_080983173	XP_036167239.1	92.751	1335	0.0	XP_036167239.1 carnitine O-palmitoyltransferase 1, muscle isoform isoform X2 [Myotis myotis]
CPT1B|Miniopterus_schreibersii|XP_080983173	XP_036182262.1	63.896	1033	0.0	XP_036182262.1 carnitine O-palmitoyltransferase 1, liver isoform isoform X1 [Myotis myotis]
CPT1B|Miniopterus_schreibersii|XP_080983173	XP_036182261.1	63.896	1033	0.0	XP_036182261.1 carnitine O-palmitoyltransferase 1, liver isoform isoform X1 [Myotis myotis]
CPT1B|Molossus_molossus|XP_036134134	XP_036167238.1	92.876	1519	0.0	XP_036167238.1 carnitine O-palmitoyltransferase 1, muscle isoform isoform X1 [Myotis myotis]
CPT1B|Molossus_molossus|XP_036134134	XP_036167237.1	92.876	1519	0.0	XP_036167237.1 carnitine O-palmitoyltransferase 1, muscle isoform isoform X1 [Myotis myotis]
CPT1B|Molossus_molossus|XP_036134134	XP_036167239.1	92.604	1329	0.0	XP_036167239.1 carnitine O-palmitoyltransferase 1, muscle isoform isoform X2 [Myotis myotis]
CPT1B|Molossus_molossus|XP_036134134	XP_036182262.1	64.156	1041	0.0	XP_036182262.1 carnitine O-palmitoyltransferase 1, liver isoform isoform X1 [Myotis myotis]
CPT1B|Molossus_molossus|XP_036134134	XP_036182261.1	64.156	1041	0.0	XP_036182261.1 carnitine O-palmitoyltransferase 1, liver isoform isoform X1 [Myotis myotis]
CPT1B|Myotis_brandtii|XP_005868291	XP_036167238.1	98.715	1607	0.0	XP_036167238.1 carnitine O-palmitoyltransferase 1, muscle isoform isoform X1 [Myotis myotis]
CPT1B|Myotis_brandtii|XP_005868291	XP_036167237.1	98.715	1607	0.0	XP_036167237.1 carnitine O-palmitoyltransferase 1, muscle isoform isoform X1 [Myotis myotis]
CPT1B|Myotis_brandtii|XP_005868291	XP_036167239.1	98.534	1408	0.0	XP_036167239.1 carnitine O-palmitoyltransferase 1, muscle isoform isoform X2 [Myotis myotis]
CPT1B|Myotis_brandtii|XP_005868291	XP_036182262.1	62.725	1022	0.0	XP_036182262.1 carnitine O-palmitoyltransferase 1, liver isoform isoform X1 [Myotis myotis]
CPT1B|Myotis_brandtii|XP_005868291	XP_036182261.1	62.725	1022	0.0	XP_036182261.1 carnitine O-palmitoyltransferase 1, liver isoform isoform X1 [Myotis myotis]
CPT1B|Myotis_daubentonii|XP_059537248	XP_036167238.1	98.586	1609	0.0	XP_036167238.1 carnitine O-palmitoyltransferase 1, muscle isoform isoform X1 [Myotis myotis]
CPT1B|Myotis_daubentonii|XP_059537248	XP_036167237.1	98.586	1609	0.0	XP_036167237.1 carnitine O-palmitoyltransferase 1, muscle isoform isoform X1 [Myotis myotis]
CPT1B|Myotis_daubentonii|XP_059537248	XP_036167239.1	98.387	1409	0.0	XP_036167239.1 carnitine O-palmitoyltransferase 1, muscle isoform isoform X2 [Myotis myotis]
CPT1B|Myotis_daubentonii|XP_059537248	XP_036182262.1	62.853	1024	0.0	XP_036182262.1 carnitine O-palmitoyltransferase 1, liver isoform isoform X1 [Myotis myotis]
CPT1B|Myotis_daubentonii|XP_059537248	XP_036182261.1	62.853	1024	0.0	XP_036182261.1 carnitine O-palmitoyltransferase 1, liver isoform isoform X1 [Myotis myotis]
CPT1B|Myotis_davidii|XP_006771154	XP_036167238.1	98.715	1609	0.0	XP_036167238.1 carnitine O-palmitoyltransferase 1, muscle isoform isoform X1 [Myotis myotis]
CPT1B|Myotis_davidii|XP_006771154	XP_036167237.1	98.715	1609	0.0	XP_036167237.1 carnitine O-palmitoyltransferase 1, muscle isoform isoform X1 [Myotis myotis]
CPT1B|Myotis_davidii|XP_006771154	XP_036167239.1	98.534	1409	0.0	XP_036167239.1 carnitine O-palmitoyltransferase 1, muscle isoform isoform X2 [Myotis myotis]
CPT1B|Myotis_davidii|XP_006771154	XP_036182262.1	62.596	1019	0.0	XP_036182262.1 carnitine O-palmitoyltransferase 1, liver isoform isoform X1 [Myotis myotis]
CPT1B|Myotis_davidii|XP_006771154	XP_036182261.1	62.596	1019	0.0	XP_036182261.1 carnitine O-palmitoyltransferase 1, liver isoform isoform X1 [Myotis myotis]
CPT1B|Myotis_lucifugus|XP_006106431	XP_036167238.1	98.586	1606	0.0	XP_036167238.1 carnitine O-palmitoyltransferase 1, muscle isoform isoform X1 [Myotis myotis]
CPT1B|Myotis_lucifugus|XP_006106431	XP_036167237.1	98.586	1606	0.0	XP_036167237.1 carnitine O-palmitoyltransferase 1, muscle isoform isoform X1 [Myotis myotis]
CPT1B|Myotis_lucifugus|XP_006106431	XP_036167239.1	98.387	1407	0.0	XP_036167239.1 carnitine O-palmitoyltransferase 1, muscle isoform isoform X2 [Myotis myotis]
CPT1B|Myotis_lucifugus|XP_006106431	XP_036182262.1	62.725	1022	0.0	XP_036182262.1 carnitine O-palmitoyltransferase 1, liver isoform isoform X1 [Myotis myotis]
CPT1B|Myotis_lucifugus|XP_006106431	XP_036182261.1	62.725	1022	0.0	XP_036182261.1 carnitine O-palmitoyltransferase 1, liver isoform isoform X1 [Myotis myotis]
CPT1B|Myotis_myotis|XP_036167238	XP_036167238.1	100.000	1620	0.0	XP_036167238.1 carnitine O-palmitoyltransferase 1, muscle isoform isoform X1 [Myotis myotis]
CPT1B|Myotis_myotis|XP_036167238	XP_036167237.1	100.000	1620	0.0	XP_036167237.1 carnitine O-palmitoyltransferase 1, muscle isoform isoform X1 [Myotis myotis]
CPT1B|Myotis_myotis|XP_036167238	XP_036167239.1	100.000	1421	0.0	XP_036167239.1 carnitine O-palmitoyltransferase 1, muscle isoform isoform X2 [Myotis myotis]
CPT1B|Myotis_myotis|XP_036167238	XP_036182262.1	63.212	1028	0.0	XP_036182262.1 carnitine O-palmitoyltransferase 1, liver isoform isoform X1 [Myotis myotis]
CPT1B|Myotis_myotis|XP_036167238	XP_036182261.1	63.212	1028	0.0	XP_036182261.1 carnitine O-palmitoyltransferase 1, liver isoform isoform X1 [Myotis myotis]
CPT1B|Myotis_nattereri|XP_080937137	XP_036167238.1	98.715	1608	0.0	XP_036167238.1 carnitine O-palmitoyltransferase 1, muscle isoform isoform X1 [Myotis myotis]
CPT1B|Myotis_nattereri|XP_080937137	XP_036167237.1	98.715	1608	0.0	XP_036167237.1 carnitine O-palmitoyltransferase 1, muscle isoform isoform X1 [Myotis myotis]
CPT1B|Myotis_nattereri|XP_080937137	XP_036167239.1	98.534	1408	0.0	XP_036167239.1 carnitine O-palmitoyltransferase 1, muscle isoform isoform X2 [Myotis myotis]
CPT1B|Myotis_nattereri|XP_080937137	XP_036182262.1	62.725	1023	0.0	XP_036182262.1 carnitine O-palmitoyltransferase 1, liver isoform isoform X1 [Myotis myotis]
CPT1B|Myotis_nattereri|XP_080937137	XP_036182261.1	62.725	1023	0.0	XP_036182261.1 carnitine O-palmitoyltransferase 1, liver isoform isoform X1 [Myotis myotis]
CPT1B|Myotis_yumanensis|XP_070267472	XP_036167238.1	98.715	1607	0.0	XP_036167238.1 carnitine O-palmitoyltransferase 1, muscle isoform isoform X1 [Myotis myotis]
CPT1B|Myotis_yumanensis|XP_070267472	XP_036167237.1	98.715	1607	0.0	XP_036167237.1 carnitine O-palmitoyltransferase 1, muscle isoform isoform X1 [Myotis myotis]
CPT1B|Myotis_yumanensis|XP_070267472	XP_036167239.1	98.534	1408	0.0	XP_036167239.1 carnitine O-palmitoyltransferase 1, muscle isoform isoform X2 [Myotis myotis]
CPT1B|Myotis_yumanensis|XP_070267472	XP_036182262.1	62.725	1022	0.0	XP_036182262.1 carnitine O-palmitoyltransferase 1, liver isoform isoform X1 [Myotis myotis]
CPT1B|Myotis_yumanensis|XP_070267472	XP_036182261.1	62.725	1022	0.0	XP_036182261.1 carnitine O-palmitoyltransferase 1, liver isoform isoform X1 [Myotis myotis]
CPT1B|Phyllostomus_discolor|XP_035875705	XP_036167238.1	89.896	1483	0.0	XP_036167238.1 carnitine O-palmitoyltransferase 1, muscle isoform isoform X1 [Myotis myotis]
CPT1B|Phyllostomus_discolor|XP_035875705	XP_036167237.1	89.896	1483	0.0	XP_036167237.1 carnitine O-palmitoyltransferase 1, muscle isoform isoform X1 [Myotis myotis]
CPT1B|Phyllostomus_discolor|XP_035875705	XP_036167239.1	89.201	1296	0.0	XP_036167239.1 carnitine O-palmitoyltransferase 1, muscle isoform isoform X2 [Myotis myotis]
CPT1B|Phyllostomus_discolor|XP_035875705	XP_036182262.1	64.499	1037	0.0	XP_036182262.1 carnitine O-palmitoyltransferase 1, liver isoform isoform X1 [Myotis myotis]
CPT1B|Phyllostomus_discolor|XP_035875705	XP_036182261.1	64.499	1037	0.0	XP_036182261.1 carnitine O-palmitoyltransferase 1, liver isoform isoform X1 [Myotis myotis]
CPT1B|Phyllostomus_hastatus|XP_045690807	XP_036167238.1	90.026	1485	0.0	XP_036167238.1 carnitine O-palmitoyltransferase 1, muscle isoform isoform X1 [Myotis myotis]
CPT1B|Phyllostomus_hastatus|XP_045690807	XP_036167237.1	90.026	1485	0.0	XP_036167237.1 carnitine O-palmitoyltransferase 1, muscle isoform isoform X1 [Myotis myotis]
CPT1B|Phyllostomus_hastatus|XP_045690807	XP_036167239.1	89.497	1299	0.0	XP_036167239.1 carnitine O-palmitoyltransferase 1, muscle isoform isoform X2 [Myotis myotis]
CPT1B|Phyllostomus_hastatus|XP_045690807	XP_036182262.1	64.537	1037	0.0	XP_036182262.1 carnitine O-palmitoyltransferase 1, liver isoform isoform X1 [Myotis myotis]
CPT1B|Phyllostomus_hastatus|XP_045690807	XP_036182261.1	64.537	1037	0.0	XP_036182261.1 carnitine O-palmitoyltransferase 1, liver isoform isoform X1 [Myotis myotis]
CPT1B|Pipistrellus_kuhlii|XP_036286038	XP_036167238.1	95.244	1559	0.0	XP_036167238.1 carnitine O-palmitoyltransferase 1, muscle isoform isoform X1 [Myotis myotis]
CPT1B|Pipistrellus_kuhlii|XP_036286038	XP_036167237.1	95.244	1559	0.0	XP_036167237.1 carnitine O-palmitoyltransferase 1, muscle isoform isoform X1 [Myotis myotis]
CPT1B|Pipistrellus_kuhlii|XP_036286038	XP_036167239.1	95.161	1368	0.0	XP_036167239.1 carnitine O-palmitoyltransferase 1, muscle isoform isoform X2 [Myotis myotis]
CPT1B|Pipistrellus_kuhlii|XP_036286038	XP_036182262.1	62.872	1022	0.0	XP_036182262.1 carnitine O-palmitoyltransferase 1, liver isoform isoform X1 [Myotis myotis]
CPT1B|Pipistrellus_kuhlii|XP_036286038	XP_036182261.1	62.872	1022	0.0	XP_036182261.1 carnitine O-palmitoyltransferase 1, liver isoform isoform X1 [Myotis myotis]
CPT1B|Plecotus_auritus|XP_080515566	XP_036167238.1	96.530	1576	0.0	XP_036167238.1 carnitine O-palmitoyltransferase 1, muscle isoform isoform X1 [Myotis myotis]
CPT1B|Plecotus_auritus|XP_080515566	XP_036167237.1	96.530	1576	0.0	XP_036167237.1 carnitine O-palmitoyltransferase 1, muscle isoform isoform X1 [Myotis myotis]
CPT1B|Plecotus_auritus|XP_080515566	XP_036167239.1	96.188	1380	0.0	XP_036167239.1 carnitine O-palmitoyltransferase 1, muscle isoform isoform X2 [Myotis myotis]
CPT1B|Plecotus_auritus|XP_080515566	XP_036182262.1	62.758	1023	0.0	XP_036182262.1 carnitine O-palmitoyltransferase 1, liver isoform isoform X1 [Myotis myotis]
CPT1B|Plecotus_auritus|XP_080515566	XP_036182261.1	62.758	1023	0.0	XP_036182261.1 carnitine O-palmitoyltransferase 1, liver isoform isoform X1 [Myotis myotis]
CPT1B|Pteronotus_mesoamericanus|XP_054426437	XP_036167238.1	90.544	1486	0.0	XP_036167238.1 carnitine O-palmitoyltransferase 1, muscle isoform isoform X1 [Myotis myotis]
CPT1B|Pteronotus_mesoamericanus|XP_054426437	XP_036167237.1	90.544	1486	0.0	XP_036167237.1 carnitine O-palmitoyltransferase 1, muscle isoform isoform X1 [Myotis myotis]
CPT1B|Pteronotus_mesoamericanus|XP_054426437	XP_036167239.1	90.237	1303	0.0	XP_036167239.1 carnitine O-palmitoyltransferase 1, muscle isoform isoform X2 [Myotis myotis]
CPT1B|Pteronotus_mesoamericanus|XP_054426437	XP_036182262.1	63.648	1038	0.0	XP_036182262.1 carnitine O-palmitoyltransferase 1, liver isoform isoform X1 [Myotis myotis]
CPT1B|Pteronotus_mesoamericanus|XP_054426437	XP_036182261.1	63.648	1038	0.0	XP_036182261.1 carnitine O-palmitoyltransferase 1, liver isoform isoform X1 [Myotis myotis]
CPT1B|Pteropus_alecto|XP_006917900	XP_036167238.1	87.306	1431	0.0	XP_036167238.1 carnitine O-palmitoyltransferase 1, muscle isoform isoform X1 [Myotis myotis]
CPT1B|Pteropus_alecto|XP_006917900	XP_036167237.1	87.306	1431	0.0	XP_036167237.1 carnitine O-palmitoyltransferase 1, muscle isoform isoform X1 [Myotis myotis]
CPT1B|Pteropus_alecto|XP_006917900	XP_036167239.1	86.538	1246	0.0	XP_036167239.1 carnitine O-palmitoyltransferase 1, muscle isoform isoform X2 [Myotis myotis]
CPT1B|Pteropus_alecto|XP_006917900	XP_036182262.1	63.494	1024	0.0	XP_036182262.1 carnitine O-palmitoyltransferase 1, liver isoform isoform X1 [Myotis myotis]
CPT1B|Pteropus_alecto|XP_006917900	XP_036182261.1	63.494	1024	0.0	XP_036182261.1 carnitine O-palmitoyltransferase 1, liver isoform isoform X1 [Myotis myotis]
CPT1B|Pteropus_medius|XP_039718980	XP_036167238.1	87.694	1436	0.0	XP_036167238.1 carnitine O-palmitoyltransferase 1, muscle isoform isoform X1 [Myotis myotis]
CPT1B|Pteropus_medius|XP_039718980	XP_036167237.1	87.694	1436	0.0	XP_036167237.1 carnitine O-palmitoyltransferase 1, muscle isoform isoform X1 [Myotis myotis]
CPT1B|Pteropus_medius|XP_039718980	XP_036167239.1	86.982	1251	0.0	XP_036167239.1 carnitine O-palmitoyltransferase 1, muscle isoform isoform X2 [Myotis myotis]
CPT1B|Pteropus_medius|XP_039718980	XP_036182262.1	63.233	1023	0.0	XP_036182262.1 carnitine O-palmitoyltransferase 1, liver isoform isoform X1 [Myotis myotis]
CPT1B|Pteropus_medius|XP_039718980	XP_036182261.1	63.233	1023	0.0	XP_036182261.1 carnitine O-palmitoyltransferase 1, liver isoform isoform X1 [Myotis myotis]
CPT1B|Pteropus_vampyrus|XP_011382436	XP_036167238.1	87.694	1436	0.0	XP_036167238.1 carnitine O-palmitoyltransferase 1, muscle isoform isoform X1 [Myotis myotis]
CPT1B|Pteropus_vampyrus|XP_011382436	XP_036167237.1	87.694	1436	0.0	XP_036167237.1 carnitine O-palmitoyltransferase 1, muscle isoform isoform X1 [Myotis myotis]
CPT1B|Pteropus_vampyrus|XP_011382436	XP_036167239.1	86.982	1250	0.0	XP_036167239.1 carnitine O-palmitoyltransferase 1, muscle isoform isoform X2 [Myotis myotis]
CPT1B|Pteropus_vampyrus|XP_011382436	XP_036182262.1	63.233	1023	0.0	XP_036182262.1 carnitine O-palmitoyltransferase 1, liver isoform isoform X1 [Myotis myotis]
CPT1B|Pteropus_vampyrus|XP_011382436	XP_036182261.1	63.233	1023	0.0	XP_036182261.1 carnitine O-palmitoyltransferase 1, liver isoform isoform X1 [Myotis myotis]
CPT1B|Rhinolophus_ferrumequinum|XP_032973441	XP_036167238.1	89.119	1468	0.0	XP_036167238.1 carnitine O-palmitoyltransferase 1, muscle isoform isoform X1 [Myotis myotis]
CPT1B|Rhinolophus_ferrumequinum|XP_032973441	XP_036167237.1	89.119	1468	0.0	XP_036167237.1 carnitine O-palmitoyltransferase 1, muscle isoform isoform X1 [Myotis myotis]
CPT1B|Rhinolophus_ferrumequinum|XP_032973441	XP_036167239.1	88.462	1278	0.0	XP_036167239.1 carnitine O-palmitoyltransferase 1, muscle isoform isoform X2 [Myotis myotis]
CPT1B|Rhinolophus_ferrumequinum|XP_032973441	XP_036182262.1	62.842	1016	0.0	XP_036182262.1 carnitine O-palmitoyltransferase 1, liver isoform isoform X1 [Myotis myotis]
CPT1B|Rhinolophus_ferrumequinum|XP_032973441	XP_036182261.1	62.842	1016	0.0	XP_036182261.1 carnitine O-palmitoyltransferase 1, liver isoform isoform X1 [Myotis myotis]
CPT1B|Rhinolophus_hipposideros|XP_080917486	XP_036167238.1	89.249	1474	0.0	XP_036167238.1 carnitine O-palmitoyltransferase 1, muscle isoform isoform X1 [Myotis myotis]
CPT1B|Rhinolophus_hipposideros|XP_080917486	XP_036167237.1	89.249	1474	0.0	XP_036167237.1 carnitine O-palmitoyltransferase 1, muscle isoform isoform X1 [Myotis myotis]
CPT1B|Rhinolophus_hipposideros|XP_080917486	XP_036167239.1	88.462	1283	0.0	XP_036167239.1 carnitine O-palmitoyltransferase 1, muscle isoform isoform X2 [Myotis myotis]
CPT1B|Rhinolophus_hipposideros|XP_080917486	XP_036182262.1	63.103	1021	0.0	XP_036182262.1 carnitine O-palmitoyltransferase 1, liver isoform isoform X1 [Myotis myotis]
CPT1B|Rhinolophus_hipposideros|XP_080917486	XP_036182261.1	63.103	1021	0.0	XP_036182261.1 carnitine O-palmitoyltransferase 1, liver isoform isoform X1 [Myotis myotis]
CPT1B|Rhinolophus_sinicus|XP_019573368	XP_036167238.1	89.249	1474	0.0	XP_036167238.1 carnitine O-palmitoyltransferase 1, muscle isoform isoform X1 [Myotis myotis]
CPT1B|Rhinolophus_sinicus|XP_019573368	XP_036167237.1	89.249	1474	0.0	XP_036167237.1 carnitine O-palmitoyltransferase 1, muscle isoform isoform X1 [Myotis myotis]
CPT1B|Rhinolophus_sinicus|XP_019573368	XP_036167239.1	88.609	1284	0.0	XP_036167239.1 carnitine O-palmitoyltransferase 1, muscle isoform isoform X2 [Myotis myotis]
CPT1B|Rhinolophus_sinicus|XP_019573368	XP_036182262.1	62.973	1021	0.0	XP_036182262.1 carnitine O-palmitoyltransferase 1, liver isoform isoform X1 [Myotis myotis]
CPT1B|Rhinolophus_sinicus|XP_019573368	XP_036182261.1	62.973	1021	0.0	XP_036182261.1 carnitine O-palmitoyltransferase 1, liver isoform isoform X1 [Myotis myotis]
CPT1B|Rousettus_aegyptiacus|XP_036093694	XP_036167238.1	87.226	1437	0.0	XP_036167238.1 carnitine O-palmitoyltransferase 1, muscle isoform isoform X1 [Myotis myotis]
CPT1B|Rousettus_aegyptiacus|XP_036093694	XP_036167237.1	87.226	1437	0.0	XP_036167237.1 carnitine O-palmitoyltransferase 1, muscle isoform isoform X1 [Myotis myotis]
CPT1B|Rousettus_aegyptiacus|XP_036093694	XP_036167239.1	86.451	1252	0.0	XP_036167239.1 carnitine O-palmitoyltransferase 1, muscle isoform isoform X2 [Myotis myotis]
CPT1B|Rousettus_aegyptiacus|XP_036093694	XP_036182262.1	63.260	1025	0.0	XP_036182262.1 carnitine O-palmitoyltransferase 1, liver isoform isoform X1 [Myotis myotis]
CPT1B|Rousettus_aegyptiacus|XP_036093694	XP_036182261.1	63.260	1025	0.0	XP_036182261.1 carnitine O-palmitoyltransferase 1, liver isoform isoform X1 [Myotis myotis]
CPT1B|Saccopteryx_bilineata|XP_066110663	XP_036167238.1	89.378	1474	0.0	XP_036167238.1 carnitine O-palmitoyltransferase 1, muscle isoform isoform X1 [Myotis myotis]
CPT1B|Saccopteryx_bilineata|XP_066110663	XP_036167237.1	89.378	1474	0.0	XP_036167237.1 carnitine O-palmitoyltransferase 1, muscle isoform isoform X1 [Myotis myotis]
CPT1B|Saccopteryx_bilineata|XP_066110663	XP_036167239.1	88.609	1284	0.0	XP_036167239.1 carnitine O-palmitoyltransferase 1, muscle isoform isoform X2 [Myotis myotis]
CPT1B|Saccopteryx_bilineata|XP_066110663	XP_036182262.1	63.636	1031	0.0	XP_036182262.1 carnitine O-palmitoyltransferase 1, liver isoform isoform X1 [Myotis myotis]
CPT1B|Saccopteryx_bilineata|XP_066110663	XP_036182261.1	63.636	1031	0.0	XP_036182261.1 carnitine O-palmitoyltransferase 1, liver isoform isoform X1 [Myotis myotis]
CPT1B|Saccopteryx_leptura|XP_066214893	XP_036167238.1	89.508	1476	0.0	XP_036167238.1 carnitine O-palmitoyltransferase 1, muscle isoform isoform X1 [Myotis myotis]
CPT1B|Saccopteryx_leptura|XP_066214893	XP_036167237.1	89.508	1476	0.0	XP_036167237.1 carnitine O-palmitoyltransferase 1, muscle isoform isoform X1 [Myotis myotis]
CPT1B|Saccopteryx_leptura|XP_066214893	XP_036167239.1	88.757	1286	0.0	XP_036167239.1 carnitine O-palmitoyltransferase 1, muscle isoform isoform X2 [Myotis myotis]
CPT1B|Saccopteryx_leptura|XP_066214893	XP_036182262.1	63.766	1034	0.0	XP_036182262.1 carnitine O-palmitoyltransferase 1, liver isoform isoform X1 [Myotis myotis]
CPT1B|Saccopteryx_leptura|XP_066214893	XP_036182261.1	63.766	1034	0.0	XP_036182261.1 carnitine O-palmitoyltransferase 1, liver isoform isoform X1 [Myotis myotis]
CPT1B|Sturnira_hondurensis|XP_036904549	XP_036167238.1	90.026	1479	0.0	XP_036167238.1 carnitine O-palmitoyltransferase 1, muscle isoform isoform X1 [Myotis myotis]
CPT1B|Sturnira_hondurensis|XP_036904549	XP_036167237.1	90.026	1479	0.0	XP_036167237.1 carnitine O-palmitoyltransferase 1, muscle isoform isoform X1 [Myotis myotis]
CPT1B|Sturnira_hondurensis|XP_036904549	XP_036167239.1	89.497	1292	0.0	XP_036167239.1 carnitine O-palmitoyltransferase 1, muscle isoform isoform X2 [Myotis myotis]
CPT1B|Sturnira_hondurensis|XP_036904549	XP_036182262.1	64.668	1037	0.0	XP_036182262.1 carnitine O-palmitoyltransferase 1, liver isoform isoform X1 [Myotis myotis]
CPT1B|Sturnira_hondurensis|XP_036904549	XP_036182261.1	64.668	1037	0.0	XP_036182261.1 carnitine O-palmitoyltransferase 1, liver isoform isoform X1 [Myotis myotis]
CPT2|Artibeus_jamaicensis|XP_037017800	XP_036205189.1	91.641	1274	0.0	XP_036205189.1 carnitine O-palmitoyltransferase 2, mitochondrial isoform X1 [Myotis myotis]
CPT2|Artibeus_jamaicensis|XP_037017800	XP_036205190.1	92.844	1071	0.0	XP_036205190.1 carnitine O-palmitoyltransferase 2, mitochondrial isoform X2 [Myotis myotis]
CPT2|Artibeus_jamaicensis|XP_037017800	XP_036185294.1	28.707	270	2.62e-81	XP_036185294.1 carnitine O-acetyltransferase isoform X1 [Myotis myotis]
CPT2|Artibeus_jamaicensis|XP_037017800	XP_036185296.1	28.707	270	4.46e-81	XP_036185296.1 carnitine O-acetyltransferase isoform X2 [Myotis myotis]
CPT2|Artibeus_jamaicensis|XP_037017800	XP_036185295.1	28.707	270	4.46e-81	XP_036185295.1 carnitine O-acetyltransferase isoform X2 [Myotis myotis]
CPT2|Cnephaeus_nilssonii|XP_079633747	XP_036205189.1	97.264	1346	0.0	XP_036205189.1 carnitine O-palmitoyltransferase 2, mitochondrial isoform X1 [Myotis myotis]
CPT2|Cnephaeus_nilssonii|XP_079633747	XP_036205190.1	97.615	1120	0.0	XP_036205190.1 carnitine O-palmitoyltransferase 2, mitochondrial isoform X2 [Myotis myotis]
CPT2|Cnephaeus_nilssonii|XP_079633747	XP_036185294.1	28.661	268	1.59e-80	XP_036185294.1 carnitine O-acetyltransferase isoform X1 [Myotis myotis]
CPT2|Cnephaeus_nilssonii|XP_079633747	XP_036185296.1	28.661	268	1.82e-80	XP_036185296.1 carnitine O-acetyltransferase isoform X2 [Myotis myotis]
CPT2|Cnephaeus_nilssonii|XP_079633747	XP_036185295.1	28.661	268	1.82e-80	XP_036185295.1 carnitine O-acetyltransferase isoform X2 [Myotis myotis]
CPT2|Desmodus_rotundus|XP_024427006	XP_036205189.1	90.881	1267	0.0	XP_036205189.1 carnitine O-palmitoyltransferase 2, mitochondrial isoform X1 [Myotis myotis]
CPT2|Desmodus_rotundus|XP_024427006	XP_036205190.1	91.927	1065	0.0	XP_036205190.1 carnitine O-palmitoyltransferase 2, mitochondrial isoform X2 [Myotis myotis]
CPT2|Desmodus_rotundus|XP_024427006	XP_036185294.1	28.549	266	1.54e-79	XP_036185294.1 carnitine O-acetyltransferase isoform X1 [Myotis myotis]
CPT2|Desmodus_rotundus|XP_024427006	XP_036185296.1	28.549	266	1.75e-79	XP_036185296.1 carnitine O-acetyltransferase isoform X2 [Myotis myotis]
CPT2|Desmodus_rotundus|XP_024427006	XP_036185295.1	28.549	266	1.75e-79	XP_036185295.1 carnitine O-acetyltransferase isoform X2 [Myotis myotis]
CPT2|Eptesicus_fuscus|XP_008137514	XP_036205189.1	97.264	1347	0.0	XP_036205189.1 carnitine O-palmitoyltransferase 2, mitochondrial isoform X1 [Myotis myotis]
CPT2|Eptesicus_fuscus|XP_008137514	XP_036205190.1	97.615	1122	0.0	XP_036205190.1 carnitine O-palmitoyltransferase 2, mitochondrial isoform X2 [Myotis myotis]
CPT2|Eptesicus_fuscus|XP_008137514	XP_036185294.1	28.436	265	4.19e-79	XP_036185294.1 carnitine O-acetyltransferase isoform X1 [Myotis myotis]
CPT2|Eptesicus_fuscus|XP_008137514	XP_036185296.1	28.436	265	5.10e-79	XP_036185296.1 carnitine O-acetyltransferase isoform X2 [Myotis myotis]
CPT2|Eptesicus_fuscus|XP_008137514	XP_036185295.1	28.436	265	5.10e-79	XP_036185295.1 carnitine O-acetyltransferase isoform X2 [Myotis myotis]
CPT2|Hipposideros_armiger|XP_019521932	XP_036205189.1	88.298	1211	0.0	XP_036205189.1 carnitine O-palmitoyltransferase 2, mitochondrial isoform X1 [Myotis myotis]
CPT2|Hipposideros_armiger|XP_019521932	XP_036205190.1	93.945	1086	0.0	XP_036205190.1 carnitine O-palmitoyltransferase 2, mitochondrial isoform X2 [Myotis myotis]
CPT2|Hipposideros_armiger|XP_019521932	XP_036185296.1	28.051	248	4.35e-73	XP_036185296.1 carnitine O-acetyltransferase isoform X2 [Myotis myotis]
CPT2|Hipposideros_armiger|XP_019521932	XP_036185295.1	28.051	248	4.35e-73	XP_036185295.1 carnitine O-acetyltransferase isoform X2 [Myotis myotis]
CPT2|Hipposideros_armiger|XP_019521932	XP_036185294.1	28.006	248	4.35e-73	XP_036185294.1 carnitine O-acetyltransferase isoform X1 [Myotis myotis]
CPT2|Miniopterus_schreibersii|XP_081002074	XP_036205189.1	94.377	1305	0.0	XP_036205189.1 carnitine O-palmitoyltransferase 2, mitochondrial isoform X1 [Myotis myotis]
CPT2|Miniopterus_schreibersii|XP_081002074	XP_036205190.1	95.413	1097	0.0	XP_036205190.1 carnitine O-palmitoyltransferase 2, mitochondrial isoform X2 [Myotis myotis]
CPT2|Miniopterus_schreibersii|XP_081002074	XP_036184206.1	30.503	264	6.86e-79	XP_036184206.1 peroxisomal carnitine O-octanoyltransferase isoform X1 [Myotis myotis]
CPT2|Miniopterus_schreibersii|XP_081002074	XP_036184205.1	30.503	264	6.86e-79	XP_036184205.1 peroxisomal carnitine O-octanoyltransferase isoform X1 [Myotis myotis]
CPT2|Miniopterus_schreibersii|XP_081002074	XP_036185296.1	28.233	262	2.87e-78	XP_036185296.1 carnitine O-acetyltransferase isoform X2 [Myotis myotis]
CPT2|Molossus_molossus|XP_036111276	XP_036205189.1	94.225	1302	0.0	XP_036205189.1 carnitine O-palmitoyltransferase 2, mitochondrial isoform X1 [Myotis myotis]
CPT2|Molossus_molossus|XP_036111276	XP_036205190.1	95.413	1097	0.0	XP_036205190.1 carnitine O-palmitoyltransferase 2, mitochondrial isoform X2 [Myotis myotis]
CPT2|Molossus_molossus|XP_036111276	XP_036185294.1	28.864	271	1.73e-81	XP_036185294.1 carnitine O-acetyltransferase isoform X1 [Myotis myotis]
CPT2|Molossus_molossus|XP_036111276	XP_036185296.1	28.864	270	2.82e-81	XP_036185296.1 carnitine O-acetyltransferase isoform X2 [Myotis myotis]
CPT2|Molossus_molossus|XP_036111276	XP_036185295.1	28.864	270	2.82e-81	XP_036185295.1 carnitine O-acetyltransferase isoform X2 [Myotis myotis]
CPT2|Myotis_brandtii|XP_005878740	XP_036205189.1	98.520	1256	0.0	XP_036205189.1 carnitine O-palmitoyltransferase 2, mitochondrial isoform X1 [Myotis myotis]
CPT2|Myotis_brandtii|XP_005878740	XP_036205190.1	98.716	1130	0.0	XP_036205190.1 carnitine O-palmitoyltransferase 2, mitochondrial isoform X2 [Myotis myotis]
CPT2|Myotis_brandtii|XP_005878740	XP_036185296.1	28.185	256	2.92e-76	XP_036185296.1 carnitine O-acetyltransferase isoform X2 [Myotis myotis]
CPT2|Myotis_brandtii|XP_005878740	XP_036185295.1	28.185	256	2.92e-76	XP_036185295.1 carnitine O-acetyltransferase isoform X2 [Myotis myotis]
CPT2|Myotis_brandtii|XP_005878740	XP_036185294.1	28.185	256	3.11e-76	XP_036185294.1 carnitine O-acetyltransferase isoform X1 [Myotis myotis]
CPT2|Myotis_daubentonii|XP_059545519	XP_036205189.1	98.784	1359	0.0	XP_036205189.1 carnitine O-palmitoyltransferase 2, mitochondrial isoform X1 [Myotis myotis]
CPT2|Myotis_daubentonii|XP_059545519	XP_036205190.1	99.083	1132	0.0	XP_036205190.1 carnitine O-palmitoyltransferase 2, mitochondrial isoform X2 [Myotis myotis]
CPT2|Myotis_daubentonii|XP_059545519	XP_036185296.1	28.436	263	2.08e-78	XP_036185296.1 carnitine O-acetyltransferase isoform X2 [Myotis myotis]
CPT2|Myotis_daubentonii|XP_059545519	XP_036185295.1	28.436	263	2.08e-78	XP_036185295.1 carnitine O-acetyltransferase isoform X2 [Myotis myotis]
CPT2|Myotis_daubentonii|XP_059545519	XP_036185294.1	28.436	263	2.14e-78	XP_036185294.1 carnitine O-acetyltransferase isoform X1 [Myotis myotis]
CPT2|Myotis_davidii|XP_015422435	XP_036205190.1	98.495	1233	0.0	XP_036205190.1 carnitine O-palmitoyltransferase 2, mitochondrial isoform X2 [Myotis myotis]
CPT2|Myotis_davidii|XP_015422435	XP_036205189.1	99.083	1129	0.0	XP_036205189.1 carnitine O-palmitoyltransferase 2, mitochondrial isoform X1 [Myotis myotis]
CPT2|Myotis_davidii|XP_015422435	XP_036185294.1	30.538	226	1.84e-65	XP_036185294.1 carnitine O-acetyltransferase isoform X1 [Myotis myotis]
CPT2|Myotis_davidii|XP_015422435	XP_036185296.1	30.603	226	2.03e-65	XP_036185296.1 carnitine O-acetyltransferase isoform X2 [Myotis myotis]
CPT2|Myotis_davidii|XP_015422435	XP_036185295.1	30.603	226	2.03e-65	XP_036185295.1 carnitine O-acetyltransferase isoform X2 [Myotis myotis]
CPT2|Myotis_lucifugus|XP_006087392	XP_036205189.1	98.936	1364	0.0	XP_036205189.1 carnitine O-palmitoyltransferase 2, mitochondrial isoform X1 [Myotis myotis]
CPT2|Myotis_lucifugus|XP_006087392	XP_036205190.1	99.083	1133	0.0	XP_036205190.1 carnitine O-palmitoyltransferase 2, mitochondrial isoform X2 [Myotis myotis]
CPT2|Myotis_lucifugus|XP_006087392	XP_036185294.1	28.436	264	7.65e-79	XP_036185294.1 carnitine O-acetyltransferase isoform X1 [Myotis myotis]
CPT2|Myotis_lucifugus|XP_006087392	XP_036185296.1	28.436	264	8.06e-79	XP_036185296.1 carnitine O-acetyltransferase isoform X2 [Myotis myotis]
CPT2|Myotis_lucifugus|XP_006087392	XP_036185295.1	28.436	264	8.06e-79	XP_036185295.1 carnitine O-acetyltransferase isoform X2 [Myotis myotis]
CPT2|Myotis_myotis|XP_036205189	XP_036205189.1	100.000	1376	0.0	XP_036205189.1 carnitine O-palmitoyltransferase 2, mitochondrial isoform X1 [Myotis myotis]
CPT2|Myotis_myotis|XP_036205189	XP_036205190.1	100.000	1140	0.0	XP_036205190.1 carnitine O-palmitoyltransferase 2, mitochondrial isoform X2 [Myotis myotis]
CPT2|Myotis_myotis|XP_036205189	XP_036185294.1	28.594	266	1.64e-79	XP_036185294.1 carnitine O-acetyltransferase isoform X1 [Myotis myotis]
CPT2|Myotis_myotis|XP_036205189	XP_036185296.1	28.594	266	1.90e-79	XP_036185296.1 carnitine O-acetyltransferase isoform X2 [Myotis myotis]
CPT2|Myotis_myotis|XP_036205189	XP_036185295.1	28.594	266	1.90e-79	XP_036185295.1 carnitine O-acetyltransferase isoform X2 [Myotis myotis]
CPT2|Myotis_nattereri|XP_080943232	XP_036205189.1	99.392	1369	0.0	XP_036205189.1 carnitine O-palmitoyltransferase 2, mitochondrial isoform X1 [Myotis myotis]
CPT2|Myotis_nattereri|XP_080943232	XP_036205190.1	99.633	1138	0.0	XP_036205190.1 carnitine O-palmitoyltransferase 2, mitochondrial isoform X2 [Myotis myotis]
CPT2|Myotis_nattereri|XP_080943232	XP_036185296.1	28.436	265	2.97e-79	XP_036185296.1 carnitine O-acetyltransferase isoform X2 [Myotis myotis]
CPT2|Myotis_nattereri|XP_080943232	XP_036185295.1	28.436	265	2.97e-79	XP_036185295.1 carnitine O-acetyltransferase isoform X2 [Myotis myotis]
CPT2|Myotis_nattereri|XP_080943232	XP_036185294.1	28.436	265	3.10e-79	XP_036185294.1 carnitine O-acetyltransferase isoform X1 [Myotis myotis]
CPT2|Myotis_yumanensis|XP_070261255	XP_036205189.1	98.936	1365	0.0	XP_036205189.1 carnitine O-palmitoyltransferase 2, mitochondrial isoform X1 [Myotis myotis]
CPT2|Myotis_yumanensis|XP_070261255	XP_036205190.1	99.083	1134	0.0	XP_036205190.1 carnitine O-palmitoyltransferase 2, mitochondrial isoform X2 [Myotis myotis]
CPT2|Myotis_yumanensis|XP_070261255	XP_036185296.1	28.436	264	7.04e-79	XP_036185296.1 carnitine O-acetyltransferase isoform X2 [Myotis myotis]
CPT2|Myotis_yumanensis|XP_070261255	XP_036185295.1	28.436	264	7.04e-79	XP_036185295.1 carnitine O-acetyltransferase isoform X2 [Myotis myotis]
CPT2|Myotis_yumanensis|XP_070261255	XP_036185294.1	28.436	264	7.57e-79	XP_036185294.1 carnitine O-acetyltransferase isoform X1 [Myotis myotis]
CPT2|Phyllostomus_discolor|XP_028368982	XP_036205189.1	91.185	1269	0.0	XP_036205189.1 carnitine O-palmitoyltransferase 2, mitochondrial isoform X1 [Myotis myotis]
CPT2|Phyllostomus_discolor|XP_028368982	XP_036205190.1	92.110	1067	0.0	XP_036205190.1 carnitine O-palmitoyltransferase 2, mitochondrial isoform X2 [Myotis myotis]
CPT2|Phyllostomus_discolor|XP_028368982	XP_036185296.1	29.430	275	5.63e-83	XP_036185296.1 carnitine O-acetyltransferase isoform X2 [Myotis myotis]
CPT2|Phyllostomus_discolor|XP_028368982	XP_036185295.1	29.430	275	5.63e-83	XP_036185295.1 carnitine O-acetyltransferase isoform X2 [Myotis myotis]
CPT2|Phyllostomus_discolor|XP_028368982	XP_036185294.1	29.430	275	6.94e-83	XP_036185294.1 carnitine O-acetyltransferase isoform X1 [Myotis myotis]
CPT2|Phyllostomus_hastatus|XP_045713509	XP_036205189.1	90.274	1258	0.0	XP_036205189.1 carnitine O-palmitoyltransferase 2, mitochondrial isoform X1 [Myotis myotis]
CPT2|Phyllostomus_hastatus|XP_045713509	XP_036205190.1	91.009	1054	0.0	XP_036205190.1 carnitine O-palmitoyltransferase 2, mitochondrial isoform X2 [Myotis myotis]
CPT2|Phyllostomus_hastatus|XP_045713509	XP_036185294.1	29.560	281	2.47e-85	XP_036185294.1 carnitine O-acetyltransferase isoform X1 [Myotis myotis]
CPT2|Phyllostomus_hastatus|XP_045713509	XP_036185296.1	29.560	281	3.96e-85	XP_036185296.1 carnitine O-acetyltransferase isoform X2 [Myotis myotis]
CPT2|Phyllostomus_hastatus|XP_045713509	XP_036185295.1	29.560	281	3.96e-85	XP_036185295.1 carnitine O-acetyltransferase isoform X2 [Myotis myotis]
CPT2|Pipistrellus_kuhlii|XP_036300949	XP_036205189.1	95.745	1331	0.0	XP_036205189.1 carnitine O-palmitoyltransferase 2, mitochondrial isoform X1 [Myotis myotis]
CPT2|Pipistrellus_kuhlii|XP_036300949	XP_036205190.1	96.514	1113	0.0	XP_036205190.1 carnitine O-palmitoyltransferase 2, mitochondrial isoform X2 [Myotis myotis]
CPT2|Pipistrellus_kuhlii|XP_036300949	XP_036185294.1	28.549	271	1.80e-81	XP_036185294.1 carnitine O-acetyltransferase isoform X1 [Myotis myotis]
CPT2|Pipistrellus_kuhlii|XP_036300949	XP_036185296.1	28.549	271	2.34e-81	XP_036185296.1 carnitine O-acetyltransferase isoform X2 [Myotis myotis]
CPT2|Pipistrellus_kuhlii|XP_036300949	XP_036185295.1	28.549	271	2.34e-81	XP_036185295.1 carnitine O-acetyltransferase isoform X2 [Myotis myotis]
CPT2|Plecotus_auritus|XP_080513452	XP_036205189.1	97.264	1346	0.0	XP_036205189.1 carnitine O-palmitoyltransferase 2, mitochondrial isoform X1 [Myotis myotis]
CPT2|Plecotus_auritus|XP_080513452	XP_036205190.1	97.798	1123	0.0	XP_036205190.1 carnitine O-palmitoyltransferase 2, mitochondrial isoform X2 [Myotis myotis]
CPT2|Plecotus_auritus|XP_080513452	XP_036185294.1	28.549	266	1.53e-79	XP_036185294.1 carnitine O-acetyltransferase isoform X1 [Myotis myotis]
CPT2|Plecotus_auritus|XP_080513452	XP_036185296.1	28.549	266	1.61e-79	XP_036185296.1 carnitine O-acetyltransferase isoform X2 [Myotis myotis]
CPT2|Plecotus_auritus|XP_080513452	XP_036185295.1	28.549	266	1.61e-79	XP_036185295.1 carnitine O-acetyltransferase isoform X2 [Myotis myotis]
CPT2|Pteronotus_mesoamericanus|XP_054429207	XP_036205189.1	91.793	1279	0.0	XP_036205189.1 carnitine O-palmitoyltransferase 2, mitochondrial isoform X1 [Myotis myotis]
CPT2|Pteronotus_mesoamericanus|XP_054429207	XP_036205190.1	92.661	1069	0.0	XP_036205190.1 carnitine O-palmitoyltransferase 2, mitochondrial isoform X2 [Myotis myotis]
CPT2|Pteronotus_mesoamericanus|XP_054429207	XP_036185296.1	28.391	271	2.46e-81	XP_036185296.1 carnitine O-acetyltransferase isoform X2 [Myotis myotis]
CPT2|Pteronotus_mesoamericanus|XP_054429207	XP_036185295.1	28.391	271	2.46e-81	XP_036185295.1 carnitine O-acetyltransferase isoform X2 [Myotis myotis]
CPT2|Pteronotus_mesoamericanus|XP_054429207	XP_036185294.1	28.391	270	2.65e-81	XP_036185294.1 carnitine O-acetyltransferase isoform X1 [Myotis myotis]
CPT2|Pteropus_alecto|XP_006919275	XP_036205189.1	92.390	1278	0.0	XP_036205189.1 carnitine O-palmitoyltransferase 2, mitochondrial isoform X1 [Myotis myotis]
CPT2|Pteropus_alecto|XP_006919275	XP_036205190.1	93.199	1071	0.0	XP_036205190.1 carnitine O-palmitoyltransferase 2, mitochondrial isoform X2 [Myotis myotis]
CPT2|Pteropus_alecto|XP_006919275	XP_036185294.1	28.346	268	2.20e-80	XP_036185294.1 carnitine O-acetyltransferase isoform X1 [Myotis myotis]
CPT2|Pteropus_alecto|XP_006919275	XP_036185296.1	28.346	268	3.66e-80	XP_036185296.1 carnitine O-acetyltransferase isoform X2 [Myotis myotis]
CPT2|Pteropus_alecto|XP_006919275	XP_036185295.1	28.346	268	3.66e-80	XP_036185295.1 carnitine O-acetyltransferase isoform X2 [Myotis myotis]
CPT2|Pteropus_medius|XP_039742491	XP_036205189.1	92.542	1278	0.0	XP_036205189.1 carnitine O-palmitoyltransferase 2, mitochondrial isoform X1 [Myotis myotis]
CPT2|Pteropus_medius|XP_039742491	XP_036205190.1	93.382	1071	0.0	XP_036205190.1 carnitine O-palmitoyltransferase 2, mitochondrial isoform X2 [Myotis myotis]
CPT2|Pteropus_medius|XP_039742491	XP_036185294.1	28.346	268	2.91e-80	XP_036185294.1 carnitine O-acetyltransferase isoform X1 [Myotis myotis]
CPT2|Pteropus_medius|XP_039742491	XP_036185296.1	28.346	267	4.90e-80	XP_036185296.1 carnitine O-acetyltransferase isoform X2 [Myotis myotis]
CPT2|Pteropus_medius|XP_039742491	XP_036185295.1	28.346	267	4.90e-80	XP_036185295.1 carnitine O-acetyltransferase isoform X2 [Myotis myotis]
CPT2|Pteropus_vampyrus|XP_011368764	XP_036205189.1	92.390	1278	0.0	XP_036205189.1 carnitine O-palmitoyltransferase 2, mitochondrial isoform X1 [Myotis myotis]
CPT2|Pteropus_vampyrus|XP_011368764	XP_036205190.1	93.199	1070	0.0	XP_036205190.1 carnitine O-palmitoyltransferase 2, mitochondrial isoform X2 [Myotis myotis]
CPT2|Pteropus_vampyrus|XP_011368764	XP_036185294.1	28.504	268	2.34e-80	XP_036185294.1 carnitine O-acetyltransferase isoform X1 [Myotis myotis]
CPT2|Pteropus_vampyrus|XP_011368764	XP_036185296.1	28.504	268	3.17e-80	XP_036185296.1 carnitine O-acetyltransferase isoform X2 [Myotis myotis]
CPT2|Pteropus_vampyrus|XP_011368764	XP_036185295.1	28.504	268	3.17e-80	XP_036185295.1 carnitine O-acetyltransferase isoform X2 [Myotis myotis]
CPT2|Rhinolophus_ferrumequinum|XP_032969885	XP_036205189.1	92.705	1291	0.0	XP_036205189.1 carnitine O-palmitoyltransferase 2, mitochondrial isoform X1 [Myotis myotis]
CPT2|Rhinolophus_ferrumequinum|XP_032969885	XP_036205190.1	93.394	1078	0.0	XP_036205190.1 carnitine O-palmitoyltransferase 2, mitochondrial isoform X2 [Myotis myotis]
CPT2|Rhinolophus_ferrumequinum|XP_032969885	XP_036185294.1	29.022	271	9.84e-82	XP_036185294.1 carnitine O-acetyltransferase isoform X1 [Myotis myotis]
CPT2|Rhinolophus_ferrumequinum|XP_032969885	XP_036185296.1	29.022	271	1.15e-81	XP_036185296.1 carnitine O-acetyltransferase isoform X2 [Myotis myotis]
CPT2|Rhinolophus_ferrumequinum|XP_032969885	XP_036185295.1	29.022	271	1.15e-81	XP_036185295.1 carnitine O-acetyltransferase isoform X2 [Myotis myotis]
CPT2|Rhinolophus_hipposideros|XP_080912914	XP_036205189.1	93.009	1295	0.0	XP_036205189.1 carnitine O-palmitoyltransferase 2, mitochondrial isoform X1 [Myotis myotis]
CPT2|Rhinolophus_hipposideros|XP_080912914	XP_036205190.1	93.394	1079	0.0	XP_036205190.1 carnitine O-palmitoyltransferase 2, mitochondrial isoform X2 [Myotis myotis]
CPT2|Rhinolophus_hipposideros|XP_080912914	XP_036185294.1	29.068	271	1.84e-81	XP_036185294.1 carnitine O-acetyltransferase isoform X1 [Myotis myotis]
CPT2|Rhinolophus_hipposideros|XP_080912914	XP_036185296.1	29.068	271	2.02e-81	XP_036185296.1 carnitine O-acetyltransferase isoform X2 [Myotis myotis]
CPT2|Rhinolophus_hipposideros|XP_080912914	XP_036185295.1	29.068	271	2.02e-81	XP_036185295.1 carnitine O-acetyltransferase isoform X2 [Myotis myotis]
CPT2|Rhinolophus_sinicus|XP_019598393	XP_036205189.1	92.401	1287	0.0	XP_036205189.1 carnitine O-palmitoyltransferase 2, mitochondrial isoform X1 [Myotis myotis]
CPT2|Rhinolophus_sinicus|XP_019598393	XP_036205190.1	92.844	1074	0.0	XP_036205190.1 carnitine O-palmitoyltransferase 2, mitochondrial isoform X2 [Myotis myotis]
CPT2|Rhinolophus_sinicus|XP_019598393	XP_036185296.1	28.797	269	8.70e-81	XP_036185296.1 carnitine O-acetyltransferase isoform X2 [Myotis myotis]
CPT2|Rhinolophus_sinicus|XP_019598393	XP_036185295.1	28.797	269	8.70e-81	XP_036185295.1 carnitine O-acetyltransferase isoform X2 [Myotis myotis]
CPT2|Rhinolophus_sinicus|XP_019598393	XP_036185294.1	28.797	269	8.88e-81	XP_036185294.1 carnitine O-acetyltransferase isoform X1 [Myotis myotis]
CPT2|Rousettus_aegyptiacus|XP_015975920	XP_036205189.1	91.933	1275	0.0	XP_036205189.1 carnitine O-palmitoyltransferase 2, mitochondrial isoform X1 [Myotis myotis]
CPT2|Rousettus_aegyptiacus|XP_015975920	XP_036205190.1	93.015	1073	0.0	XP_036205190.1 carnitine O-palmitoyltransferase 2, mitochondrial isoform X2 [Myotis myotis]
CPT2|Rousettus_aegyptiacus|XP_015975920	XP_036185294.1	28.189	269	8.34e-81	XP_036185294.1 carnitine O-acetyltransferase isoform X1 [Myotis myotis]
CPT2|Rousettus_aegyptiacus|XP_015975920	XP_036185296.1	28.189	269	9.65e-81	XP_036185296.1 carnitine O-acetyltransferase isoform X2 [Myotis myotis]
CPT2|Rousettus_aegyptiacus|XP_015975920	XP_036185295.1	28.189	269	9.65e-81	XP_036185295.1 carnitine O-acetyltransferase isoform X2 [Myotis myotis]
CPT2|Saccopteryx_bilineata|XP_066125254	XP_036205189.1	90.881	1268	0.0	XP_036205189.1 carnitine O-palmitoyltransferase 2, mitochondrial isoform X1 [Myotis myotis]
CPT2|Saccopteryx_bilineata|XP_066125254	XP_036205190.1	91.193	1055	0.0	XP_036205190.1 carnitine O-palmitoyltransferase 2, mitochondrial isoform X2 [Myotis myotis]
CPT2|Saccopteryx_bilineata|XP_066125254	XP_036185296.1	29.319	275	6.31e-83	XP_036185296.1 carnitine O-acetyltransferase isoform X2 [Myotis myotis]
CPT2|Saccopteryx_bilineata|XP_066125254	XP_036185295.1	29.319	275	6.31e-83	XP_036185295.1 carnitine O-acetyltransferase isoform X2 [Myotis myotis]
CPT2|Saccopteryx_bilineata|XP_066125254	XP_036185294.1	29.272	275	6.31e-83	XP_036185294.1 carnitine O-acetyltransferase isoform X1 [Myotis myotis]
CPT2|Saccopteryx_leptura|XP_066232433	XP_036205189.1	90.881	1271	0.0	XP_036205189.1 carnitine O-palmitoyltransferase 2, mitochondrial isoform X1 [Myotis myotis]
CPT2|Saccopteryx_leptura|XP_066232433	XP_036205190.1	91.009	1056	0.0	XP_036205190.1 carnitine O-palmitoyltransferase 2, mitochondrial isoform X2 [Myotis myotis]
CPT2|Saccopteryx_leptura|XP_066232433	XP_036185296.1	29.272	273	2.14e-82	XP_036185296.1 carnitine O-acetyltransferase isoform X2 [Myotis myotis]
CPT2|Saccopteryx_leptura|XP_066232433	XP_036185295.1	29.272	273	2.14e-82	XP_036185295.1 carnitine O-acetyltransferase isoform X2 [Myotis myotis]
CPT2|Saccopteryx_leptura|XP_066232433	XP_036185294.1	29.272	273	2.26e-82	XP_036185294.1 carnitine O-acetyltransferase isoform X1 [Myotis myotis]
CPT2|Sturnira_hondurensis|XP_036899138	XP_036205189.1	91.033	1270	0.0	XP_036205189.1 carnitine O-palmitoyltransferase 2, mitochondrial isoform X1 [Myotis myotis]
CPT2|Sturnira_hondurensis|XP_036899138	XP_036205190.1	92.110	1065	0.0	XP_036205190.1 carnitine O-palmitoyltransferase 2, mitochondrial isoform X2 [Myotis myotis]
CPT2|Sturnira_hondurensis|XP_036899138	XP_036185294.1	28.864	273	1.97e-82	XP_036185294.1 carnitine O-acetyltransferase isoform X1 [Myotis myotis]
CPT2|Sturnira_hondurensis|XP_036899138	XP_036185296.1	28.864	273	3.50e-82	XP_036185296.1 carnitine O-acetyltransferase isoform X2 [Myotis myotis]
CPT2|Sturnira_hondurensis|XP_036899138	XP_036185295.1	28.864	273	3.50e-82	XP_036185295.1 carnitine O-acetyltransferase isoform X2 [Myotis myotis]
CREB3L1|Artibeus_jamaicensis|XP_037022156	XP_036181966.1	95.962	1021	0.0	XP_036181966.1 cyclic AMP-responsive element-binding protein 3-like protein 1 [Myotis myotis]
CREB3L1|Artibeus_jamaicensis|XP_037022156	XP_036184460.1	49.535	263	3.58e-81	XP_036184460.1 cyclic AMP-responsive element-binding protein 3-like protein 2 [Myotis myotis]
CREB3L1|Artibeus_jamaicensis|XP_037022156	XP_036170474.1	38.559	138	2.95e-35	XP_036170474.1 cyclic AMP-responsive element-binding protein 3-like protein 3 isoform X2 [Myotis myotis]
CREB3L1|Artibeus_jamaicensis|XP_037022156	XP_036170472.1	38.559	138	3.14e-35	XP_036170472.1 cyclic AMP-responsive element-binding protein 3-like protein 3 isoform X1 [Myotis myotis]
CREB3L1|Artibeus_jamaicensis|XP_037022156	XP_036170475.1	38.559	138	3.90e-35	XP_036170475.1 cyclic AMP-responsive element-binding protein 3-like protein 3 isoform X3 [Myotis myotis]
CREB3L1|Cnephaeus_nilssonii|XP_079645639	XP_036181966.1	97.500	1031	0.0	XP_036181966.1 cyclic AMP-responsive element-binding protein 3-like protein 1 [Myotis myotis]
CREB3L1|Cnephaeus_nilssonii|XP_079645639	XP_036184460.1	50.990	261	2.36e-80	XP_036184460.1 cyclic AMP-responsive element-binding protein 3-like protein 2 [Myotis myotis]
CREB3L1|Cnephaeus_nilssonii|XP_079645639	XP_036170472.1	49.306	137	1.24e-34	XP_036170472.1 cyclic AMP-responsive element-binding protein 3-like protein 3 isoform X1 [Myotis myotis]
CREB3L1|Cnephaeus_nilssonii|XP_079645639	XP_036170474.1	49.306	137	1.34e-34	XP_036170474.1 cyclic AMP-responsive element-binding protein 3-like protein 3 isoform X2 [Myotis myotis]
CREB3L1|Cnephaeus_nilssonii|XP_079645639	XP_036170475.1	49.306	136	1.40e-34	XP_036170475.1 cyclic AMP-responsive element-binding protein 3-like protein 3 isoform X3 [Myotis myotis]
CREB3L1|Desmodus_rotundus|XP_024414827	XP_036181966.1	96.346	1025	0.0	XP_036181966.1 cyclic AMP-responsive element-binding protein 3-like protein 1 [Myotis myotis]
CREB3L1|Desmodus_rotundus|XP_024414827	XP_036184460.1	49.070	261	2.83e-80	XP_036184460.1 cyclic AMP-responsive element-binding protein 3-like protein 2 [Myotis myotis]
CREB3L1|Desmodus_rotundus|XP_024414827	XP_036170474.1	49.306	137	1.13e-34	XP_036170474.1 cyclic AMP-responsive element-binding protein 3-like protein 3 isoform X2 [Myotis myotis]
CREB3L1|Desmodus_rotundus|XP_024414827	XP_036170475.1	49.306	137	1.18e-34	XP_036170475.1 cyclic AMP-responsive element-binding protein 3-like protein 3 isoform X3 [Myotis myotis]
CREB3L1|Desmodus_rotundus|XP_024414827	XP_036170472.1	49.306	137	1.21e-34	XP_036170472.1 cyclic AMP-responsive element-binding protein 3-like protein 3 isoform X1 [Myotis myotis]
CREB3L1|Eptesicus_fuscus|XP_008144991	XP_036181966.1	98.077	1038	0.0	XP_036181966.1 cyclic AMP-responsive element-binding protein 3-like protein 1 [Myotis myotis]
CREB3L1|Eptesicus_fuscus|XP_008144991	XP_036184460.1	49.535	262	1.06e-80	XP_036184460.1 cyclic AMP-responsive element-binding protein 3-like protein 2 [Myotis myotis]
CREB3L1|Eptesicus_fuscus|XP_008144991	XP_036170472.1	49.306	137	1.16e-34	XP_036170472.1 cyclic AMP-responsive element-binding protein 3-like protein 3 isoform X1 [Myotis myotis]
CREB3L1|Eptesicus_fuscus|XP_008144991	XP_036170474.1	49.306	137	1.17e-34	XP_036170474.1 cyclic AMP-responsive element-binding protein 3-like protein 3 isoform X2 [Myotis myotis]
CREB3L1|Eptesicus_fuscus|XP_008144991	XP_036170475.1	49.306	136	1.31e-34	XP_036170475.1 cyclic AMP-responsive element-binding protein 3-like protein 3 isoform X3 [Myotis myotis]
CREB3L1|Hipposideros_armiger|XP_019512023	XP_036181966.1	96.923	1023	0.0	XP_036181966.1 cyclic AMP-responsive element-binding protein 3-like protein 1 [Myotis myotis]
CREB3L1|Hipposideros_armiger|XP_019512023	XP_036184460.1	48.630	262	7.63e-81	XP_036184460.1 cyclic AMP-responsive element-binding protein 3-like protein 2 [Myotis myotis]
CREB3L1|Hipposideros_armiger|XP_019512023	XP_036170474.1	50.000	138	4.75e-35	XP_036170474.1 cyclic AMP-responsive element-binding protein 3-like protein 3 isoform X2 [Myotis myotis]
CREB3L1|Hipposideros_armiger|XP_019512023	XP_036170472.1	50.000	138	4.82e-35	XP_036170472.1 cyclic AMP-responsive element-binding protein 3-like protein 3 isoform X1 [Myotis myotis]
CREB3L1|Hipposideros_armiger|XP_019512023	XP_036170475.1	50.000	138	4.87e-35	XP_036170475.1 cyclic AMP-responsive element-binding protein 3-like protein 3 isoform X3 [Myotis myotis]
CREB3L1|Miniopterus_natalensis|XP_016059538	XP_036181966.1	97.885	1038	0.0	XP_036181966.1 cyclic AMP-responsive element-binding protein 3-like protein 1 [Myotis myotis]
CREB3L1|Miniopterus_natalensis|XP_016059538	XP_036184460.1	48.843	262	1.30e-80	XP_036184460.1 cyclic AMP-responsive element-binding protein 3-like protein 2 [Myotis myotis]
CREB3L1|Miniopterus_natalensis|XP_016059538	XP_036170472.1	49.306	137	1.04e-34	XP_036170472.1 cyclic AMP-responsive element-binding protein 3-like protein 3 isoform X1 [Myotis myotis]
CREB3L1|Miniopterus_natalensis|XP_016059538	XP_036170475.1	49.306	137	1.10e-34	XP_036170475.1 cyclic AMP-responsive element-binding protein 3-like protein 3 isoform X3 [Myotis myotis]
CREB3L1|Miniopterus_natalensis|XP_016059538	XP_036170474.1	49.306	137	1.26e-34	XP_036170474.1 cyclic AMP-responsive element-binding protein 3-like protein 3 isoform X2 [Myotis myotis]
CREB3L1|Miniopterus_schreibersii|XP_081008717	XP_036181966.1	97.692	1035	0.0	XP_036181966.1 cyclic AMP-responsive element-binding protein 3-like protein 1 [Myotis myotis]
CREB3L1|Miniopterus_schreibersii|XP_081008717	XP_036184460.1	48.843	262	1.11e-80	XP_036184460.1 cyclic AMP-responsive element-binding protein 3-like protein 2 [Myotis myotis]
CREB3L1|Miniopterus_schreibersii|XP_081008717	XP_036170472.1	49.306	137	1.09e-34	XP_036170472.1 cyclic AMP-responsive element-binding protein 3-like protein 3 isoform X1 [Myotis myotis]
CREB3L1|Miniopterus_schreibersii|XP_081008717	XP_036170475.1	49.306	137	1.12e-34	XP_036170475.1 cyclic AMP-responsive element-binding protein 3-like protein 3 isoform X3 [Myotis myotis]
CREB3L1|Miniopterus_schreibersii|XP_081008717	XP_036170474.1	49.306	137	1.25e-34	XP_036170474.1 cyclic AMP-responsive element-binding protein 3-like protein 3 isoform X2 [Myotis myotis]
CREB3L1|Molossus_molossus|XP_036114844	XP_036181966.1	97.308	1033	0.0	XP_036181966.1 cyclic AMP-responsive element-binding protein 3-like protein 1 [Myotis myotis]
CREB3L1|Molossus_molossus|XP_036114844	XP_036184460.1	49.192	265	1.09e-81	XP_036184460.1 cyclic AMP-responsive element-binding protein 3-like protein 2 [Myotis myotis]
CREB3L1|Molossus_molossus|XP_036114844	XP_036170474.1	48.611	135	2.73e-34	XP_036170474.1 cyclic AMP-responsive element-binding protein 3-like protein 3 isoform X2 [Myotis myotis]
CREB3L1|Molossus_molossus|XP_036114844	XP_036170475.1	48.611	135	2.95e-34	XP_036170475.1 cyclic AMP-responsive element-binding protein 3-like protein 3 isoform X3 [Myotis myotis]
CREB3L1|Molossus_molossus|XP_036114844	XP_036170472.1	48.611	135	3.21e-34	XP_036170472.1 cyclic AMP-responsive element-binding protein 3-like protein 3 isoform X1 [Myotis myotis]
CREB3L1|Myotis_brandtii|XP_014398829	XP_036181966.1	98.312	949	0.0	XP_036181966.1 cyclic AMP-responsive element-binding protein 3-like protein 1 [Myotis myotis]
CREB3L1|Myotis_brandtii|XP_014398829	XP_036184460.1	49.180	257	2.65e-79	XP_036184460.1 cyclic AMP-responsive element-binding protein 3-like protein 2 [Myotis myotis]
CREB3L1|Myotis_brandtii|XP_014398829	XP_036170474.1	49.306	136	7.96e-35	XP_036170474.1 cyclic AMP-responsive element-binding protein 3-like protein 3 isoform X2 [Myotis myotis]
CREB3L1|Myotis_brandtii|XP_014398829	XP_036170475.1	49.306	136	8.01e-35	XP_036170475.1 cyclic AMP-responsive element-binding protein 3-like protein 3 isoform X3 [Myotis myotis]
CREB3L1|Myotis_brandtii|XP_014398829	XP_036170472.1	49.306	136	8.23e-35	XP_036170472.1 cyclic AMP-responsive element-binding protein 3-like protein 3 isoform X1 [Myotis myotis]
CREB3L1|Myotis_daubentonii|XP_059565511	XP_036181966.1	99.808	1058	0.0	XP_036181966.1 cyclic AMP-responsive element-binding protein 3-like protein 1 [Myotis myotis]
CREB3L1|Myotis_daubentonii|XP_059565511	XP_036184460.1	49.070	263	3.93e-81	XP_036184460.1 cyclic AMP-responsive element-binding protein 3-like protein 2 [Myotis myotis]
CREB3L1|Myotis_daubentonii|XP_059565511	XP_036170474.1	49.306	137	1.19e-34	XP_036170474.1 cyclic AMP-responsive element-binding protein 3-like protein 3 isoform X2 [Myotis myotis]
CREB3L1|Myotis_daubentonii|XP_059565511	XP_036170472.1	49.306	137	1.28e-34	XP_036170472.1 cyclic AMP-responsive element-binding protein 3-like protein 3 isoform X1 [Myotis myotis]
CREB3L1|Myotis_daubentonii|XP_059565511	XP_036170475.1	49.306	136	1.56e-34	XP_036170475.1 cyclic AMP-responsive element-binding protein 3-like protein 3 isoform X3 [Myotis myotis]
CREB3L1|Myotis_davidii|XP_015425013	XP_036181966.1	98.312	947	0.0	XP_036181966.1 cyclic AMP-responsive element-binding protein 3-like protein 1 [Myotis myotis]
CREB3L1|Myotis_davidii|XP_015425013	XP_036184460.1	48.946	256	4.91e-79	XP_036184460.1 cyclic AMP-responsive element-binding protein 3-like protein 2 [Myotis myotis]
CREB3L1|Myotis_davidii|XP_015425013	XP_036170474.1	38.136	136	7.14e-35	XP_036170474.1 cyclic AMP-responsive element-binding protein 3-like protein 3 isoform X2 [Myotis myotis]
CREB3L1|Myotis_davidii|XP_015425013	XP_036170475.1	49.306	136	7.33e-35	XP_036170475.1 cyclic AMP-responsive element-binding protein 3-like protein 3 isoform X3 [Myotis myotis]
CREB3L1|Myotis_davidii|XP_015425013	XP_036170472.1	49.306	136	7.53e-35	XP_036170472.1 cyclic AMP-responsive element-binding protein 3-like protein 3 isoform X1 [Myotis myotis]
CREB3L1|Myotis_lucifugus|XP_023612425	XP_036181966.1	96.502	943	0.0	XP_036181966.1 cyclic AMP-responsive element-binding protein 3-like protein 1 [Myotis myotis]
CREB3L1|Myotis_lucifugus|XP_023612425	XP_036184460.1	46.652	248	1.39e-75	XP_036184460.1 cyclic AMP-responsive element-binding protein 3-like protein 2 [Myotis myotis]
CREB3L1|Myotis_lucifugus|XP_023612425	XP_036199350.1	38.532	134	1.74e-34	XP_036199350.1 cyclic AMP-responsive element-binding protein 3-like protein 4 [Myotis myotis]
CREB3L1|Myotis_lucifugus|XP_023612425	XP_036170474.1	50.781	132	3.00e-33	XP_036170474.1 cyclic AMP-responsive element-binding protein 3-like protein 3 isoform X2 [Myotis myotis]
CREB3L1|Myotis_lucifugus|XP_023612425	XP_036170472.1	50.781	132	3.13e-33	XP_036170472.1 cyclic AMP-responsive element-binding protein 3-like protein 3 isoform X1 [Myotis myotis]
CREB3L1|Myotis_myotis|XP_036181966	XP_036181966.1	100.000	1060	0.0	XP_036181966.1 cyclic AMP-responsive element-binding protein 3-like protein 1 [Myotis myotis]
CREB3L1|Myotis_myotis|XP_036181966	XP_036184460.1	49.070	263	4.92e-81	XP_036184460.1 cyclic AMP-responsive element-binding protein 3-like protein 2 [Myotis myotis]
CREB3L1|Myotis_myotis|XP_036181966	XP_036170472.1	49.306	137	1.30e-34	XP_036170472.1 cyclic AMP-responsive element-binding protein 3-like protein 3 isoform X1 [Myotis myotis]
CREB3L1|Myotis_myotis|XP_036181966	XP_036170474.1	49.306	137	1.34e-34	XP_036170474.1 cyclic AMP-responsive element-binding protein 3-like protein 3 isoform X2 [Myotis myotis]
CREB3L1|Myotis_myotis|XP_036181966	XP_036170475.1	49.306	136	1.59e-34	XP_036170475.1 cyclic AMP-responsive element-binding protein 3-like protein 3 isoform X3 [Myotis myotis]
CREB3L1|Myotis_nattereri|XP_080955474	XP_036181966.1	99.615	1056	0.0	XP_036181966.1 cyclic AMP-responsive element-binding protein 3-like protein 1 [Myotis myotis]
CREB3L1|Myotis_nattereri|XP_080955474	XP_036184460.1	49.070	263	5.76e-81	XP_036184460.1 cyclic AMP-responsive element-binding protein 3-like protein 2 [Myotis myotis]
CREB3L1|Myotis_nattereri|XP_080955474	XP_036170472.1	49.306	137	1.29e-34	XP_036170472.1 cyclic AMP-responsive element-binding protein 3-like protein 3 isoform X1 [Myotis myotis]
CREB3L1|Myotis_nattereri|XP_080955474	XP_036170474.1	49.306	137	1.31e-34	XP_036170474.1 cyclic AMP-responsive element-binding protein 3-like protein 3 isoform X2 [Myotis myotis]
CREB3L1|Myotis_nattereri|XP_080955474	XP_036170475.1	49.306	136	1.44e-34	XP_036170475.1 cyclic AMP-responsive element-binding protein 3-like protein 3 isoform X3 [Myotis myotis]
CREB3L1|Myotis_yumanensis|XP_070283989	XP_036181966.1	98.846	1048	0.0	XP_036181966.1 cyclic AMP-responsive element-binding protein 3-like protein 1 [Myotis myotis]
CREB3L1|Myotis_yumanensis|XP_070283989	XP_036184460.1	49.070	263	5.76e-81	XP_036184460.1 cyclic AMP-responsive element-binding protein 3-like protein 2 [Myotis myotis]
CREB3L1|Myotis_yumanensis|XP_070283989	XP_036170474.1	49.306	137	1.04e-34	XP_036170474.1 cyclic AMP-responsive element-binding protein 3-like protein 3 isoform X2 [Myotis myotis]
CREB3L1|Myotis_yumanensis|XP_070283989	XP_036170472.1	49.306	137	1.08e-34	XP_036170472.1 cyclic AMP-responsive element-binding protein 3-like protein 3 isoform X1 [Myotis myotis]
CREB3L1|Myotis_yumanensis|XP_070283989	XP_036170475.1	49.306	137	1.24e-34	XP_036170475.1 cyclic AMP-responsive element-binding protein 3-like protein 3 isoform X3 [Myotis myotis]
CREB3L1|Phyllostomus_discolor|XP_028371918	XP_036181966.1	95.385	919	0.0	XP_036181966.1 cyclic AMP-responsive element-binding protein 3-like protein 1 [Myotis myotis]
CREB3L1|Phyllostomus_discolor|XP_028371918	XP_036184460.1	49.074	261	1.42e-80	XP_036184460.1 cyclic AMP-responsive element-binding protein 3-like protein 2 [Myotis myotis]
CREB3L1|Phyllostomus_discolor|XP_028371918	XP_036170472.1	38.559	137	7.24e-35	XP_036170472.1 cyclic AMP-responsive element-binding protein 3-like protein 3 isoform X1 [Myotis myotis]
CREB3L1|Phyllostomus_discolor|XP_028371918	XP_036170474.1	38.559	137	7.42e-35	XP_036170474.1 cyclic AMP-responsive element-binding protein 3-like protein 3 isoform X2 [Myotis myotis]
CREB3L1|Phyllostomus_discolor|XP_028371918	XP_036170475.1	38.559	137	9.35e-35	XP_036170475.1 cyclic AMP-responsive element-binding protein 3-like protein 3 isoform X3 [Myotis myotis]
CREB3L1|Phyllostomus_hastatus|XP_045681351	XP_036181966.1	95.385	919	0.0	XP_036181966.1 cyclic AMP-responsive element-binding protein 3-like protein 1 [Myotis myotis]
CREB3L1|Phyllostomus_hastatus|XP_045681351	XP_036184460.1	49.074	262	1.22e-80	XP_036184460.1 cyclic AMP-responsive element-binding protein 3-like protein 2 [Myotis myotis]
CREB3L1|Phyllostomus_hastatus|XP_045681351	XP_036170474.1	38.559	137	6.93e-35	XP_036170474.1 cyclic AMP-responsive element-binding protein 3-like protein 3 isoform X2 [Myotis myotis]
CREB3L1|Phyllostomus_hastatus|XP_045681351	XP_036170472.1	38.559	137	7.31e-35	XP_036170472.1 cyclic AMP-responsive element-binding protein 3-like protein 3 isoform X1 [Myotis myotis]
CREB3L1|Phyllostomus_hastatus|XP_045681351	XP_036170475.1	38.559	137	8.64e-35	XP_036170475.1 cyclic AMP-responsive element-binding protein 3-like protein 3 isoform X3 [Myotis myotis]
CREB3L1|Pipistrellus_kuhlii|XP_036283071	XP_036181966.1	98.077	1040	0.0	XP_036181966.1 cyclic AMP-responsive element-binding protein 3-like protein 1 [Myotis myotis]
CREB3L1|Pipistrellus_kuhlii|XP_036283071	XP_036184460.1	48.837	261	2.54e-80	XP_036184460.1 cyclic AMP-responsive element-binding protein 3-like protein 2 [Myotis myotis]
CREB3L1|Pipistrellus_kuhlii|XP_036283071	XP_036170474.1	49.306	137	1.08e-34	XP_036170474.1 cyclic AMP-responsive element-binding protein 3-like protein 3 isoform X2 [Myotis myotis]
CREB3L1|Pipistrellus_kuhlii|XP_036283071	XP_036170472.1	49.306	137	1.16e-34	XP_036170472.1 cyclic AMP-responsive element-binding protein 3-like protein 3 isoform X1 [Myotis myotis]
CREB3L1|Pipistrellus_kuhlii|XP_036283071	XP_036170475.1	49.306	137	1.24e-34	XP_036170475.1 cyclic AMP-responsive element-binding protein 3-like protein 3 isoform X3 [Myotis myotis]
CREB3L1|Plecotus_auritus|XP_080496938	XP_036181966.1	98.462	1043	0.0	XP_036181966.1 cyclic AMP-responsive element-binding protein 3-like protein 1 [Myotis myotis]
CREB3L1|Plecotus_auritus|XP_080496938	XP_036184460.1	48.292	262	9.90e-81	XP_036184460.1 cyclic AMP-responsive element-binding protein 3-like protein 2 [Myotis myotis]
CREB3L1|Plecotus_auritus|XP_080496938	XP_036170474.1	49.306	137	1.12e-34	XP_036170474.1 cyclic AMP-responsive element-binding protein 3-like protein 3 isoform X2 [Myotis myotis]
CREB3L1|Plecotus_auritus|XP_080496938	XP_036170472.1	49.306	137	1.18e-34	XP_036170472.1 cyclic AMP-responsive element-binding protein 3-like protein 3 isoform X1 [Myotis myotis]
CREB3L1|Plecotus_auritus|XP_080496938	XP_036170475.1	49.306	137	1.24e-34	XP_036170475.1 cyclic AMP-responsive element-binding protein 3-like protein 3 isoform X3 [Myotis myotis]
CREB3L1|Pteronotus_mesoamericanus|XP_054443161	XP_036181966.1	96.923	1027	0.0	XP_036181966.1 cyclic AMP-responsive element-binding protein 3-like protein 1 [Myotis myotis]
CREB3L1|Pteronotus_mesoamericanus|XP_054443161	XP_036184460.1	47.836	260	5.29e-80	XP_036184460.1 cyclic AMP-responsive element-binding protein 3-like protein 2 [Myotis myotis]
CREB3L1|Pteronotus_mesoamericanus|XP_054443161	XP_036170475.1	49.306	137	1.10e-34	XP_036170475.1 cyclic AMP-responsive element-binding protein 3-like protein 3 isoform X3 [Myotis myotis]
CREB3L1|Pteronotus_mesoamericanus|XP_054443161	XP_036170472.1	49.306	137	1.21e-34	XP_036170472.1 cyclic AMP-responsive element-binding protein 3-like protein 3 isoform X1 [Myotis myotis]
CREB3L1|Pteronotus_mesoamericanus|XP_054443161	XP_036170474.1	49.306	137	1.26e-34	XP_036170474.1 cyclic AMP-responsive element-binding protein 3-like protein 3 isoform X2 [Myotis myotis]
CREB3L1|Pteropus_alecto|XP_006908134	XP_036181966.1	96.923	1025	0.0	XP_036181966.1 cyclic AMP-responsive element-binding protein 3-like protein 1 [Myotis myotis]
CREB3L1|Pteropus_alecto|XP_006908134	XP_036184460.1	47.836	260	6.92e-80	XP_036184460.1 cyclic AMP-responsive element-binding protein 3-like protein 2 [Myotis myotis]
CREB3L1|Pteropus_alecto|XP_006908134	XP_036170475.1	49.306	137	9.50e-35	XP_036170475.1 cyclic AMP-responsive element-binding protein 3-like protein 3 isoform X3 [Myotis myotis]
CREB3L1|Pteropus_alecto|XP_006908134	XP_036170474.1	49.306	137	1.05e-34	XP_036170474.1 cyclic AMP-responsive element-binding protein 3-like protein 3 isoform X2 [Myotis myotis]
CREB3L1|Pteropus_alecto|XP_006908134	XP_036170472.1	49.306	137	1.10e-34	XP_036170472.1 cyclic AMP-responsive element-binding protein 3-like protein 3 isoform X1 [Myotis myotis]
CREB3L1|Pteropus_medius|XP_039724057	XP_036181966.1	96.731	1025	0.0	XP_036181966.1 cyclic AMP-responsive element-binding protein 3-like protein 1 [Myotis myotis]
CREB3L1|Pteropus_medius|XP_039724057	XP_036184460.1	47.836	259	1.06e-79	XP_036184460.1 cyclic AMP-responsive element-binding protein 3-like protein 2 [Myotis myotis]
CREB3L1|Pteropus_medius|XP_039724057	XP_036170475.1	49.306	137	1.02e-34	XP_036170475.1 cyclic AMP-responsive element-binding protein 3-like protein 3 isoform X3 [Myotis myotis]
CREB3L1|Pteropus_medius|XP_039724057	XP_036170474.1	49.306	137	1.08e-34	XP_036170474.1 cyclic AMP-responsive element-binding protein 3-like protein 3 isoform X2 [Myotis myotis]
CREB3L1|Pteropus_medius|XP_039724057	XP_036170472.1	49.306	137	1.12e-34	XP_036170472.1 cyclic AMP-responsive element-binding protein 3-like protein 3 isoform X1 [Myotis myotis]
CREB3L1|Pteropus_vampyrus|XP_011355334	XP_036181966.1	98.123	732	0.0	XP_036181966.1 cyclic AMP-responsive element-binding protein 3-like protein 1 [Myotis myotis]
CREB3L1|Pteropus_vampyrus|XP_011355334	XP_036184460.1	49.497	241	1.63e-73	XP_036184460.1 cyclic AMP-responsive element-binding protein 3-like protein 2 [Myotis myotis]
CREB3L1|Pteropus_vampyrus|XP_011355334	XP_036170474.1	40.777	138	1.05e-35	XP_036170474.1 cyclic AMP-responsive element-binding protein 3-like protein 3 isoform X2 [Myotis myotis]
CREB3L1|Pteropus_vampyrus|XP_011355334	XP_036170472.1	40.777	138	1.09e-35	XP_036170472.1 cyclic AMP-responsive element-binding protein 3-like protein 3 isoform X1 [Myotis myotis]
CREB3L1|Pteropus_vampyrus|XP_011355334	XP_036170475.1	40.777	138	1.13e-35	XP_036170475.1 cyclic AMP-responsive element-binding protein 3-like protein 3 isoform X3 [Myotis myotis]
CREB3L1|Rhinolophus_ferrumequinum|XP_032977782	XP_036181966.1	96.154	1020	0.0	XP_036181966.1 cyclic AMP-responsive element-binding protein 3-like protein 1 [Myotis myotis]
CREB3L1|Rhinolophus_ferrumequinum|XP_032977782	XP_036184460.1	47.836	259	1.02e-79	XP_036184460.1 cyclic AMP-responsive element-binding protein 3-like protein 2 [Myotis myotis]
CREB3L1|Rhinolophus_ferrumequinum|XP_032977782	XP_036170474.1	50.694	139	1.35e-35	XP_036170474.1 cyclic AMP-responsive element-binding protein 3-like protein 3 isoform X2 [Myotis myotis]
CREB3L1|Rhinolophus_ferrumequinum|XP_032977782	XP_036170472.1	50.694	139	1.37e-35	XP_036170472.1 cyclic AMP-responsive element-binding protein 3-like protein 3 isoform X1 [Myotis myotis]
CREB3L1|Rhinolophus_ferrumequinum|XP_032977782	XP_036170475.1	50.694	139	1.39e-35	XP_036170475.1 cyclic AMP-responsive element-binding protein 3-like protein 3 isoform X3 [Myotis myotis]
CREB3L1|Rhinolophus_hipposideros|XP_080919234	XP_036181966.1	95.962	1013	0.0	XP_036181966.1 cyclic AMP-responsive element-binding protein 3-like protein 1 [Myotis myotis]
CREB3L1|Rhinolophus_hipposideros|XP_080919234	XP_036184460.1	48.402	262	1.13e-80	XP_036184460.1 cyclic AMP-responsive element-binding protein 3-like protein 2 [Myotis myotis]
CREB3L1|Rhinolophus_hipposideros|XP_080919234	XP_036170474.1	50.694	139	1.18e-35	XP_036170474.1 cyclic AMP-responsive element-binding protein 3-like protein 3 isoform X2 [Myotis myotis]
CREB3L1|Rhinolophus_hipposideros|XP_080919234	XP_036170472.1	50.694	139	1.28e-35	XP_036170472.1 cyclic AMP-responsive element-binding protein 3-like protein 3 isoform X1 [Myotis myotis]
CREB3L1|Rhinolophus_hipposideros|XP_080919234	XP_036170475.1	50.694	139	1.45e-35	XP_036170475.1 cyclic AMP-responsive element-binding protein 3-like protein 3 isoform X3 [Myotis myotis]
CREB3L1|Rhinolophus_sinicus|XP_019599098	XP_036181966.1	96.154	1021	0.0	XP_036181966.1 cyclic AMP-responsive element-binding protein 3-like protein 1 [Myotis myotis]
CREB3L1|Rhinolophus_sinicus|XP_019599098	XP_036184460.1	47.836	259	1.23e-79	XP_036184460.1 cyclic AMP-responsive element-binding protein 3-like protein 2 [Myotis myotis]
CREB3L1|Rhinolophus_sinicus|XP_019599098	XP_036170475.1	50.694	139	1.22e-35	XP_036170475.1 cyclic AMP-responsive element-binding protein 3-like protein 3 isoform X3 [Myotis myotis]
CREB3L1|Rhinolophus_sinicus|XP_019599098	XP_036170474.1	50.694	139	1.33e-35	XP_036170474.1 cyclic AMP-responsive element-binding protein 3-like protein 3 isoform X2 [Myotis myotis]
CREB3L1|Rhinolophus_sinicus|XP_019599098	XP_036170472.1	50.694	139	1.35e-35	XP_036170472.1 cyclic AMP-responsive element-binding protein 3-like protein 3 isoform X1 [Myotis myotis]
CREB3L1|Rousettus_aegyptiacus|XP_016002239	XP_036181966.1	96.161	1017	0.0	XP_036181966.1 cyclic AMP-responsive element-binding protein 3-like protein 1 [Myotis myotis]
CREB3L1|Rousettus_aegyptiacus|XP_016002239	XP_036184460.1	48.724	260	5.82e-80	XP_036184460.1 cyclic AMP-responsive element-binding protein 3-like protein 2 [Myotis myotis]
CREB3L1|Rousettus_aegyptiacus|XP_016002239	XP_036170475.1	49.306	137	9.91e-35	XP_036170475.1 cyclic AMP-responsive element-binding protein 3-like protein 3 isoform X3 [Myotis myotis]
CREB3L1|Rousettus_aegyptiacus|XP_016002239	XP_036170474.1	49.306	137	1.05e-34	XP_036170474.1 cyclic AMP-responsive element-binding protein 3-like protein 3 isoform X2 [Myotis myotis]
CREB3L1|Rousettus_aegyptiacus|XP_016002239	XP_036170472.1	49.306	137	1.05e-34	XP_036170472.1 cyclic AMP-responsive element-binding protein 3-like protein 3 isoform X1 [Myotis myotis]
CREB3L1|Saccopteryx_bilineata|XP_066107487	XP_036181966.1	96.737	1023	0.0	XP_036181966.1 cyclic AMP-responsive element-binding protein 3-like protein 1 [Myotis myotis]
CREB3L1|Saccopteryx_bilineata|XP_066107487	XP_036184460.1	48.260	257	1.07e-78	XP_036184460.1 cyclic AMP-responsive element-binding protein 3-like protein 2 [Myotis myotis]
CREB3L1|Saccopteryx_bilineata|XP_066107487	XP_036170475.1	49.306	137	1.23e-34	XP_036170475.1 cyclic AMP-responsive element-binding protein 3-like protein 3 isoform X3 [Myotis myotis]
CREB3L1|Saccopteryx_bilineata|XP_066107487	XP_036170474.1	49.306	137	1.32e-34	XP_036170474.1 cyclic AMP-responsive element-binding protein 3-like protein 3 isoform X2 [Myotis myotis]
CREB3L1|Saccopteryx_bilineata|XP_066107487	XP_036170472.1	49.306	137	1.32e-34	XP_036170472.1 cyclic AMP-responsive element-binding protein 3-like protein 3 isoform X1 [Myotis myotis]
CREB3L1|Saccopteryx_leptura|XP_066218612	XP_036181966.1	96.929	1027	0.0	XP_036181966.1 cyclic AMP-responsive element-binding protein 3-like protein 1 [Myotis myotis]
CREB3L1|Saccopteryx_leptura|XP_066218612	XP_036184460.1	50.370	256	1.35e-78	XP_036184460.1 cyclic AMP-responsive element-binding protein 3-like protein 2 [Myotis myotis]
CREB3L1|Saccopteryx_leptura|XP_066218612	XP_036170472.1	49.306	137	1.31e-34	XP_036170472.1 cyclic AMP-responsive element-binding protein 3-like protein 3 isoform X1 [Myotis myotis]
CREB3L1|Saccopteryx_leptura|XP_066218612	XP_036170475.1	49.306	136	1.31e-34	XP_036170475.1 cyclic AMP-responsive element-binding protein 3-like protein 3 isoform X3 [Myotis myotis]
CREB3L1|Saccopteryx_leptura|XP_066218612	XP_036170474.1	49.306	136	1.48e-34	XP_036170474.1 cyclic AMP-responsive element-binding protein 3-like protein 3 isoform X2 [Myotis myotis]
CREB3L1|Sturnira_hondurensis|XP_036883828	XP_036181966.1	95.962	1020	0.0	XP_036181966.1 cyclic AMP-responsive element-binding protein 3-like protein 1 [Myotis myotis]
CREB3L1|Sturnira_hondurensis|XP_036883828	XP_036184460.1	49.306	261	2.92e-80	XP_036184460.1 cyclic AMP-responsive element-binding protein 3-like protein 2 [Myotis myotis]
CREB3L1|Sturnira_hondurensis|XP_036883828	XP_036170475.1	49.306	136	1.37e-34	XP_036170475.1 cyclic AMP-responsive element-binding protein 3-like protein 3 isoform X3 [Myotis myotis]
CREB3L1|Sturnira_hondurensis|XP_036883828	XP_036170472.1	49.306	136	1.47e-34	XP_036170472.1 cyclic AMP-responsive element-binding protein 3-like protein 3 isoform X1 [Myotis myotis]
CREB3L1|Sturnira_hondurensis|XP_036883828	XP_036170474.1	49.306	136	1.47e-34	XP_036170474.1 cyclic AMP-responsive element-binding protein 3-like protein 3 isoform X2 [Myotis myotis]
CREB3L4|Artibeus_jamaicensis|XP_037018337	XP_036199350.1	85.025	675	0.0	XP_036199350.1 cyclic AMP-responsive element-binding protein 3-like protein 4 [Myotis myotis]
CREB3L4|Artibeus_jamaicensis|XP_037018337	XP_036170475.1	48.879	200	2.81e-59	XP_036170475.1 cyclic AMP-responsive element-binding protein 3-like protein 3 isoform X3 [Myotis myotis]
CREB3L4|Artibeus_jamaicensis|XP_037018337	XP_036170474.1	48.879	200	3.36e-59	XP_036170474.1 cyclic AMP-responsive element-binding protein 3-like protein 3 isoform X2 [Myotis myotis]
CREB3L4|Artibeus_jamaicensis|XP_037018337	XP_036170472.1	48.879	200	3.94e-59	XP_036170472.1 cyclic AMP-responsive element-binding protein 3-like protein 3 isoform X1 [Myotis myotis]
CREB3L4|Artibeus_jamaicensis|XP_037018337	XP_036170476.1	43.145	168	2.44e-47	XP_036170476.1 cyclic AMP-responsive element-binding protein 3-like protein 3 isoform X4 [Myotis myotis]
CREB3L4|Cnephaeus_nilssonii|XP_079618035	XP_036199350.1	94.162	763	0.0	XP_036199350.1 cyclic AMP-responsive element-binding protein 3-like protein 4 [Myotis myotis]
CREB3L4|Cnephaeus_nilssonii|XP_079618035	XP_036170472.1	43.478	195	2.05e-57	XP_036170472.1 cyclic AMP-responsive element-binding protein 3-like protein 3 isoform X1 [Myotis myotis]
CREB3L4|Cnephaeus_nilssonii|XP_079618035	XP_036170475.1	43.478	195	2.36e-57	XP_036170475.1 cyclic AMP-responsive element-binding protein 3-like protein 3 isoform X3 [Myotis myotis]
CREB3L4|Cnephaeus_nilssonii|XP_079618035	XP_036170474.1	43.478	195	2.61e-57	XP_036170474.1 cyclic AMP-responsive element-binding protein 3-like protein 3 isoform X2 [Myotis myotis]
CREB3L4|Cnephaeus_nilssonii|XP_079618035	XP_036170476.1	43.750	162	5.39e-45	XP_036170476.1 cyclic AMP-responsive element-binding protein 3-like protein 3 isoform X4 [Myotis myotis]
CREB3L4|Desmodus_rotundus|XP_024429027	XP_036199350.1	87.817	699	0.0	XP_036199350.1 cyclic AMP-responsive element-binding protein 3-like protein 4 [Myotis myotis]
CREB3L4|Desmodus_rotundus|XP_024429027	XP_036170472.1	43.648	200	2.69e-59	XP_036170472.1 cyclic AMP-responsive element-binding protein 3-like protein 3 isoform X1 [Myotis myotis]
CREB3L4|Desmodus_rotundus|XP_024429027	XP_036170474.1	43.648	200	2.84e-59	XP_036170474.1 cyclic AMP-responsive element-binding protein 3-like protein 3 isoform X2 [Myotis myotis]
CREB3L4|Desmodus_rotundus|XP_024429027	XP_036170475.1	43.648	200	3.29e-59	XP_036170475.1 cyclic AMP-responsive element-binding protein 3-like protein 3 isoform X3 [Myotis myotis]
CREB3L4|Desmodus_rotundus|XP_024429027	XP_036170476.1	46.414	169	1.24e-47	XP_036170476.1 cyclic AMP-responsive element-binding protein 3-like protein 3 isoform X4 [Myotis myotis]
CREB3L4|Eptesicus_fuscus|XP_054567799	XP_036199350.1	92.640	753	0.0	XP_036199350.1 cyclic AMP-responsive element-binding protein 3-like protein 4 [Myotis myotis]
CREB3L4|Eptesicus_fuscus|XP_054567799	XP_036170475.1	43.083	194	7.13e-57	XP_036170475.1 cyclic AMP-responsive element-binding protein 3-like protein 3 isoform X3 [Myotis myotis]
CREB3L4|Eptesicus_fuscus|XP_054567799	XP_036170472.1	43.083	194	7.99e-57	XP_036170472.1 cyclic AMP-responsive element-binding protein 3-like protein 3 isoform X1 [Myotis myotis]
CREB3L4|Eptesicus_fuscus|XP_054567799	XP_036170474.1	43.083	194	8.50e-57	XP_036170474.1 cyclic AMP-responsive element-binding protein 3-like protein 3 isoform X2 [Myotis myotis]
CREB3L4|Eptesicus_fuscus|XP_054567799	XP_036170476.1	43.269	160	1.37e-44	XP_036170476.1 cyclic AMP-responsive element-binding protein 3-like protein 3 isoform X4 [Myotis myotis]
CREB3L4|Hipposideros_armiger|XP_019482825	XP_036199350.1	82.025	649	0.0	XP_036199350.1 cyclic AMP-responsive element-binding protein 3-like protein 4 [Myotis myotis]
CREB3L4|Hipposideros_armiger|XP_019482825	XP_036170475.1	43.396	197	2.06e-58	XP_036170475.1 cyclic AMP-responsive element-binding protein 3-like protein 3 isoform X3 [Myotis myotis]
CREB3L4|Hipposideros_armiger|XP_019482825	XP_036170474.1	43.396	197	2.71e-58	XP_036170474.1 cyclic AMP-responsive element-binding protein 3-like protein 3 isoform X2 [Myotis myotis]
CREB3L4|Hipposideros_armiger|XP_019482825	XP_036170472.1	43.396	197	2.74e-58	XP_036170472.1 cyclic AMP-responsive element-binding protein 3-like protein 3 isoform X1 [Myotis myotis]
CREB3L4|Hipposideros_armiger|XP_019482825	XP_036170476.1	43.983	162	2.50e-45	XP_036170476.1 cyclic AMP-responsive element-binding protein 3-like protein 3 isoform X4 [Myotis myotis]
CREB3L4|Miniopterus_natalensis|XP_016077070	XP_036199350.1	89.340	711	0.0	XP_036199350.1 cyclic AMP-responsive element-binding protein 3-like protein 4 [Myotis myotis]
CREB3L4|Miniopterus_natalensis|XP_016077070	XP_036170474.1	40.063	194	5.97e-57	XP_036170474.1 cyclic AMP-responsive element-binding protein 3-like protein 3 isoform X2 [Myotis myotis]
CREB3L4|Miniopterus_natalensis|XP_016077070	XP_036170475.1	40.063	194	7.01e-57	XP_036170475.1 cyclic AMP-responsive element-binding protein 3-like protein 3 isoform X3 [Myotis myotis]
CREB3L4|Miniopterus_natalensis|XP_016077070	XP_036170472.1	40.063	194	7.61e-57	XP_036170472.1 cyclic AMP-responsive element-binding protein 3-like protein 3 isoform X1 [Myotis myotis]
CREB3L4|Miniopterus_natalensis|XP_016077070	XP_036170476.1	41.532	160	2.39e-44	XP_036170476.1 cyclic AMP-responsive element-binding protein 3-like protein 3 isoform X4 [Myotis myotis]
CREB3L4|Miniopterus_schreibersii|XP_080976511	XP_036199350.1	89.086	710	0.0	XP_036199350.1 cyclic AMP-responsive element-binding protein 3-like protein 4 [Myotis myotis]
CREB3L4|Miniopterus_schreibersii|XP_080976511	XP_036170474.1	39.748	191	1.11e-55	XP_036170474.1 cyclic AMP-responsive element-binding protein 3-like protein 3 isoform X2 [Myotis myotis]
CREB3L4|Miniopterus_schreibersii|XP_080976511	XP_036170475.1	39.748	190	1.29e-55	XP_036170475.1 cyclic AMP-responsive element-binding protein 3-like protein 3 isoform X3 [Myotis myotis]
CREB3L4|Miniopterus_schreibersii|XP_080976511	XP_036170472.1	39.748	190	1.36e-55	XP_036170472.1 cyclic AMP-responsive element-binding protein 3-like protein 3 isoform X1 [Myotis myotis]
CREB3L4|Miniopterus_schreibersii|XP_080976511	XP_036170476.1	41.532	160	2.34e-44	XP_036170476.1 cyclic AMP-responsive element-binding protein 3-like protein 3 isoform X4 [Myotis myotis]
CREB3L4|Molossus_molossus|XP_036128900	XP_036199350.1	87.817	695	0.0	XP_036199350.1 cyclic AMP-responsive element-binding protein 3-like protein 4 [Myotis myotis]
CREB3L4|Molossus_molossus|XP_036128900	XP_036170475.1	50.251	183	7.83e-53	XP_036170475.1 cyclic AMP-responsive element-binding protein 3-like protein 3 isoform X3 [Myotis myotis]
CREB3L4|Molossus_molossus|XP_036128900	XP_036170474.1	50.251	183	8.18e-53	XP_036170474.1 cyclic AMP-responsive element-binding protein 3-like protein 3 isoform X2 [Myotis myotis]
CREB3L4|Molossus_molossus|XP_036128900	XP_036170472.1	50.251	183	9.37e-53	XP_036170472.1 cyclic AMP-responsive element-binding protein 3-like protein 3 isoform X1 [Myotis myotis]
CREB3L4|Molossus_molossus|XP_036128900	XP_036170476.1	56.204	152	2.59e-41	XP_036170476.1 cyclic AMP-responsive element-binding protein 3-like protein 3 isoform X4 [Myotis myotis]
CREB3L4|Myotis_brandtii|XP_014396245	XP_036199350.1	99.239	798	0.0	XP_036199350.1 cyclic AMP-responsive element-binding protein 3-like protein 4 [Myotis myotis]
CREB3L4|Myotis_brandtii|XP_014396245	XP_036170475.1	52.174	193	1.06e-56	XP_036170475.1 cyclic AMP-responsive element-binding protein 3-like protein 3 isoform X3 [Myotis myotis]
CREB3L4|Myotis_brandtii|XP_014396245	XP_036170474.1	52.174	193	1.22e-56	XP_036170474.1 cyclic AMP-responsive element-binding protein 3-like protein 3 isoform X2 [Myotis myotis]
CREB3L4|Myotis_brandtii|XP_014396245	XP_036170472.1	52.174	193	1.34e-56	XP_036170472.1 cyclic AMP-responsive element-binding protein 3-like protein 3 isoform X1 [Myotis myotis]
CREB3L4|Myotis_brandtii|XP_014396245	XP_036170476.1	47.126	159	3.08e-44	XP_036170476.1 cyclic AMP-responsive element-binding protein 3-like protein 3 isoform X4 [Myotis myotis]
CREB3L4|Myotis_daubentonii|XP_059530752	XP_036199350.1	98.731	795	0.0	XP_036199350.1 cyclic AMP-responsive element-binding protein 3-like protein 4 [Myotis myotis]
CREB3L4|Myotis_daubentonii|XP_059530752	XP_036170475.1	39.542	192	1.69e-56	XP_036170475.1 cyclic AMP-responsive element-binding protein 3-like protein 3 isoform X3 [Myotis myotis]
CREB3L4|Myotis_daubentonii|XP_059530752	XP_036170474.1	39.542	193	1.74e-56	XP_036170474.1 cyclic AMP-responsive element-binding protein 3-like protein 3 isoform X2 [Myotis myotis]
CREB3L4|Myotis_daubentonii|XP_059530752	XP_036170472.1	39.542	192	1.85e-56	XP_036170472.1 cyclic AMP-responsive element-binding protein 3-like protein 3 isoform X1 [Myotis myotis]
CREB3L4|Myotis_daubentonii|XP_059530752	XP_036170476.1	40.928	160	2.63e-44	XP_036170476.1 cyclic AMP-responsive element-binding protein 3-like protein 3 isoform X4 [Myotis myotis]
CREB3L4|Myotis_davidii|XP_015427263	XP_036199350.1	98.477	791	0.0	XP_036199350.1 cyclic AMP-responsive element-binding protein 3-like protein 4 [Myotis myotis]
CREB3L4|Myotis_davidii|XP_015427263	XP_036170474.1	43.621	192	2.15e-56	XP_036170474.1 cyclic AMP-responsive element-binding protein 3-like protein 3 isoform X2 [Myotis myotis]
CREB3L4|Myotis_davidii|XP_015427263	XP_036170475.1	43.621	192	2.48e-56	XP_036170475.1 cyclic AMP-responsive element-binding protein 3-like protein 3 isoform X3 [Myotis myotis]
CREB3L4|Myotis_davidii|XP_015427263	XP_036170472.1	43.621	192	2.50e-56	XP_036170472.1 cyclic AMP-responsive element-binding protein 3-like protein 3 isoform X1 [Myotis myotis]
CREB3L4|Myotis_davidii|XP_015427263	XP_036170476.1	47.126	159	3.20e-44	XP_036170476.1 cyclic AMP-responsive element-binding protein 3-like protein 3 isoform X4 [Myotis myotis]
CREB3L4|Myotis_lucifugus|XP_014316670	XP_036199350.1	98.477	790	0.0	XP_036199350.1 cyclic AMP-responsive element-binding protein 3-like protein 4 [Myotis myotis]
CREB3L4|Myotis_lucifugus|XP_014316670	XP_036170474.1	43.083	192	2.21e-56	XP_036170474.1 cyclic AMP-responsive element-binding protein 3-like protein 3 isoform X2 [Myotis myotis]
CREB3L4|Myotis_lucifugus|XP_014316670	XP_036170475.1	52.174	192	2.27e-56	XP_036170475.1 cyclic AMP-responsive element-binding protein 3-like protein 3 isoform X3 [Myotis myotis]
CREB3L4|Myotis_lucifugus|XP_014316670	XP_036170472.1	43.083	192	2.41e-56	XP_036170472.1 cyclic AMP-responsive element-binding protein 3-like protein 3 isoform X1 [Myotis myotis]
CREB3L4|Myotis_lucifugus|XP_014316670	XP_036170476.1	47.126	159	5.33e-44	XP_036170476.1 cyclic AMP-responsive element-binding protein 3-like protein 3 isoform X4 [Myotis myotis]
CREB3L4|Myotis_myotis|XP_036199350	XP_036199350.1	100.000	805	0.0	XP_036199350.1 cyclic AMP-responsive element-binding protein 3-like protein 4 [Myotis myotis]
CREB3L4|Myotis_myotis|XP_036199350	XP_036170474.1	43.621	194	8.06e-57	XP_036170474.1 cyclic AMP-responsive element-binding protein 3-like protein 3 isoform X2 [Myotis myotis]
CREB3L4|Myotis_myotis|XP_036199350	XP_036170475.1	43.083	193	8.90e-57	XP_036170475.1 cyclic AMP-responsive element-binding protein 3-like protein 3 isoform X3 [Myotis myotis]
CREB3L4|Myotis_myotis|XP_036199350	XP_036170472.1	43.621	193	9.76e-57	XP_036170472.1 cyclic AMP-responsive element-binding protein 3-like protein 3 isoform X1 [Myotis myotis]
CREB3L4|Myotis_myotis|XP_036199350	XP_036170476.1	47.126	160	1.44e-44	XP_036170476.1 cyclic AMP-responsive element-binding protein 3-like protein 3 isoform X4 [Myotis myotis]
CREB3L4|Myotis_nattereri|XP_080968607	XP_036199350.1	98.477	788	0.0	XP_036199350.1 cyclic AMP-responsive element-binding protein 3-like protein 4 [Myotis myotis]
CREB3L4|Myotis_nattereri|XP_080968607	XP_036170474.1	43.621	194	6.52e-57	XP_036170474.1 cyclic AMP-responsive element-binding protein 3-like protein 3 isoform X2 [Myotis myotis]
CREB3L4|Myotis_nattereri|XP_080968607	XP_036170472.1	43.621	194	6.81e-57	XP_036170472.1 cyclic AMP-responsive element-binding protein 3-like protein 3 isoform X1 [Myotis myotis]
CREB3L4|Myotis_nattereri|XP_080968607	XP_036170475.1	43.621	194	7.04e-57	XP_036170475.1 cyclic AMP-responsive element-binding protein 3-like protein 3 isoform X3 [Myotis myotis]
CREB3L4|Myotis_nattereri|XP_080968607	XP_036170476.1	47.126	160	1.24e-44	XP_036170476.1 cyclic AMP-responsive element-binding protein 3-like protein 3 isoform X4 [Myotis myotis]
CREB3L4|Myotis_yumanensis|XP_070252439	XP_036199350.1	98.477	792	0.0	XP_036199350.1 cyclic AMP-responsive element-binding protein 3-like protein 4 [Myotis myotis]
CREB3L4|Myotis_yumanensis|XP_070252439	XP_036170472.1	39.869	196	9.52e-58	XP_036170472.1 cyclic AMP-responsive element-binding protein 3-like protein 3 isoform X1 [Myotis myotis]
CREB3L4|Myotis_yumanensis|XP_070252439	XP_036170474.1	39.869	196	9.71e-58	XP_036170474.1 cyclic AMP-responsive element-binding protein 3-like protein 3 isoform X2 [Myotis myotis]
CREB3L4|Myotis_yumanensis|XP_070252439	XP_036170475.1	39.869	196	1.24e-57	XP_036170475.1 cyclic AMP-responsive element-binding protein 3-like protein 3 isoform X3 [Myotis myotis]
CREB3L4|Myotis_yumanensis|XP_070252439	XP_036170476.1	41.350	162	2.55e-45	XP_036170476.1 cyclic AMP-responsive element-binding protein 3-like protein 3 isoform X4 [Myotis myotis]
CREB3L4|Phyllostomus_discolor|XP_028358317	XP_036199350.1	87.310	696	0.0	XP_036199350.1 cyclic AMP-responsive element-binding protein 3-like protein 4 [Myotis myotis]
CREB3L4|Phyllostomus_discolor|XP_028358317	XP_036170475.1	41.456	204	7.97e-61	XP_036170475.1 cyclic AMP-responsive element-binding protein 3-like protein 3 isoform X3 [Myotis myotis]
CREB3L4|Phyllostomus_discolor|XP_028358317	XP_036170474.1	41.456	204	9.96e-61	XP_036170474.1 cyclic AMP-responsive element-binding protein 3-like protein 3 isoform X2 [Myotis myotis]
CREB3L4|Phyllostomus_discolor|XP_028358317	XP_036170472.1	41.456	204	1.05e-60	XP_036170472.1 cyclic AMP-responsive element-binding protein 3-like protein 3 isoform X1 [Myotis myotis]
CREB3L4|Phyllostomus_discolor|XP_028358317	XP_036170476.1	43.320	172	5.28e-49	XP_036170476.1 cyclic AMP-responsive element-binding protein 3-like protein 3 isoform X4 [Myotis myotis]
CREB3L4|Phyllostomus_hastatus|XP_045673292	XP_036199350.1	86.802	691	0.0	XP_036199350.1 cyclic AMP-responsive element-binding protein 3-like protein 4 [Myotis myotis]
CREB3L4|Phyllostomus_hastatus|XP_045673292	XP_036170475.1	41.139	202	2.69e-60	XP_036170475.1 cyclic AMP-responsive element-binding protein 3-like protein 3 isoform X3 [Myotis myotis]
CREB3L4|Phyllostomus_hastatus|XP_045673292	XP_036170472.1	41.139	202	2.90e-60	XP_036170472.1 cyclic AMP-responsive element-binding protein 3-like protein 3 isoform X1 [Myotis myotis]
CREB3L4|Phyllostomus_hastatus|XP_045673292	XP_036170474.1	41.139	202	3.02e-60	XP_036170474.1 cyclic AMP-responsive element-binding protein 3-like protein 3 isoform X2 [Myotis myotis]
CREB3L4|Phyllostomus_hastatus|XP_045673292	XP_036170476.1	43.320	173	2.91e-49	XP_036170476.1 cyclic AMP-responsive element-binding protein 3-like protein 3 isoform X4 [Myotis myotis]
CREB3L4|Pipistrellus_kuhlii|XP_036297628	XP_036199350.1	92.132	744	0.0	XP_036199350.1 cyclic AMP-responsive element-binding protein 3-like protein 4 [Myotis myotis]
CREB3L4|Pipistrellus_kuhlii|XP_036297628	XP_036170472.1	43.083	196	1.45e-57	XP_036170472.1 cyclic AMP-responsive element-binding protein 3-like protein 3 isoform X1 [Myotis myotis]
CREB3L4|Pipistrellus_kuhlii|XP_036297628	XP_036170475.1	43.083	195	1.61e-57	XP_036170475.1 cyclic AMP-responsive element-binding protein 3-like protein 3 isoform X3 [Myotis myotis]
CREB3L4|Pipistrellus_kuhlii|XP_036297628	XP_036170474.1	43.621	195	1.75e-57	XP_036170474.1 cyclic AMP-responsive element-binding protein 3-like protein 3 isoform X2 [Myotis myotis]
CREB3L4|Pipistrellus_kuhlii|XP_036297628	XP_036170476.1	43.269	162	2.14e-45	XP_036170476.1 cyclic AMP-responsive element-binding protein 3-like protein 3 isoform X4 [Myotis myotis]
CREB3L4|Plecotus_auritus|XP_080503525	XP_036199350.1	92.386	744	0.0	XP_036199350.1 cyclic AMP-responsive element-binding protein 3-like protein 4 [Myotis myotis]
CREB3L4|Plecotus_auritus|XP_080503525	XP_036170475.1	39.498	193	8.71e-57	XP_036170475.1 cyclic AMP-responsive element-binding protein 3-like protein 3 isoform X3 [Myotis myotis]
CREB3L4|Plecotus_auritus|XP_080503525	XP_036170474.1	39.498	194	8.77e-57	XP_036170474.1 cyclic AMP-responsive element-binding protein 3-like protein 3 isoform X2 [Myotis myotis]
CREB3L4|Plecotus_auritus|XP_080503525	XP_036170472.1	39.498	194	8.97e-57	XP_036170472.1 cyclic AMP-responsive element-binding protein 3-like protein 3 isoform X1 [Myotis myotis]
CREB3L4|Plecotus_auritus|XP_080503525	XP_036170476.1	40.800	160	2.30e-44	XP_036170476.1 cyclic AMP-responsive element-binding protein 3-like protein 3 isoform X4 [Myotis myotis]
CREB3L4|Pteropus_alecto|XP_024896670	XP_036199350.1	81.772	651	0.0	XP_036199350.1 cyclic AMP-responsive element-binding protein 3-like protein 4 [Myotis myotis]
CREB3L4|Pteropus_alecto|XP_024896670	XP_036170474.1	53.261	197	2.76e-58	XP_036170474.1 cyclic AMP-responsive element-binding protein 3-like protein 3 isoform X2 [Myotis myotis]
CREB3L4|Pteropus_alecto|XP_024896670	XP_036170472.1	53.261	197	2.97e-58	XP_036170472.1 cyclic AMP-responsive element-binding protein 3-like protein 3 isoform X1 [Myotis myotis]
CREB3L4|Pteropus_alecto|XP_024896670	XP_036170475.1	53.261	197	3.41e-58	XP_036170475.1 cyclic AMP-responsive element-binding protein 3-like protein 3 isoform X3 [Myotis myotis]
CREB3L4|Pteropus_alecto|XP_024896670	XP_036170476.1	43.038	162	2.56e-45	XP_036170476.1 cyclic AMP-responsive element-binding protein 3-like protein 3 isoform X4 [Myotis myotis]
CREB3L4|Pteropus_medius|XP_039705652	XP_036199350.1	82.025	654	0.0	XP_036199350.1 cyclic AMP-responsive element-binding protein 3-like protein 4 [Myotis myotis]
CREB3L4|Pteropus_medius|XP_039705652	XP_036170474.1	53.261	197	3.86e-58	XP_036170474.1 cyclic AMP-responsive element-binding protein 3-like protein 3 isoform X2 [Myotis myotis]
CREB3L4|Pteropus_medius|XP_039705652	XP_036170475.1	53.261	197	4.08e-58	XP_036170475.1 cyclic AMP-responsive element-binding protein 3-like protein 3 isoform X3 [Myotis myotis]
CREB3L4|Pteropus_medius|XP_039705652	XP_036170472.1	53.261	197	4.17e-58	XP_036170472.1 cyclic AMP-responsive element-binding protein 3-like protein 3 isoform X1 [Myotis myotis]
CREB3L4|Pteropus_medius|XP_039705652	XP_036170476.1	43.038	162	2.87e-45	XP_036170476.1 cyclic AMP-responsive element-binding protein 3-like protein 3 isoform X4 [Myotis myotis]
CREB3L4|Rhinolophus_ferrumequinum|XP_032949687	XP_036199350.1	82.785	660	0.0	XP_036199350.1 cyclic AMP-responsive element-binding protein 3-like protein 4 [Myotis myotis]
CREB3L4|Rhinolophus_ferrumequinum|XP_032949687	XP_036170474.1	49.550	200	3.27e-59	XP_036170474.1 cyclic AMP-responsive element-binding protein 3-like protein 3 isoform X2 [Myotis myotis]
CREB3L4|Rhinolophus_ferrumequinum|XP_032949687	XP_036170472.1	48.707	200	3.42e-59	XP_036170472.1 cyclic AMP-responsive element-binding protein 3-like protein 3 isoform X1 [Myotis myotis]
CREB3L4|Rhinolophus_ferrumequinum|XP_032949687	XP_036170475.1	48.707	199	3.92e-59	XP_036170475.1 cyclic AMP-responsive element-binding protein 3-like protein 3 isoform X3 [Myotis myotis]
CREB3L4|Rhinolophus_ferrumequinum|XP_032949687	XP_036170476.1	50.562	166	1.50e-46	XP_036170476.1 cyclic AMP-responsive element-binding protein 3-like protein 3 isoform X4 [Myotis myotis]
CREB3L4|Rhinolophus_hipposideros|XP_080882967	XP_036199350.1	81.772	648	0.0	XP_036199350.1 cyclic AMP-responsive element-binding protein 3-like protein 4 [Myotis myotis]
CREB3L4|Rhinolophus_hipposideros|XP_080882967	XP_036170474.1	50.228	204	7.08e-61	XP_036170474.1 cyclic AMP-responsive element-binding protein 3-like protein 3 isoform X2 [Myotis myotis]
CREB3L4|Rhinolophus_hipposideros|XP_080882967	XP_036170475.1	50.228	204	7.45e-61	XP_036170475.1 cyclic AMP-responsive element-binding protein 3-like protein 3 isoform X3 [Myotis myotis]
CREB3L4|Rhinolophus_hipposideros|XP_080882967	XP_036170472.1	50.228	204	7.72e-61	XP_036170472.1 cyclic AMP-responsive element-binding protein 3-like protein 3 isoform X1 [Myotis myotis]
CREB3L4|Rhinolophus_hipposideros|XP_080882967	XP_036170476.1	50.857	167	5.51e-47	XP_036170476.1 cyclic AMP-responsive element-binding protein 3-like protein 3 isoform X4 [Myotis myotis]
CREB3L4|Rhinolophus_sinicus|XP_074174773	XP_036199350.1	82.576	649	0.0	XP_036199350.1 cyclic AMP-responsive element-binding protein 3-like protein 4 [Myotis myotis]
CREB3L4|Rhinolophus_sinicus|XP_074174773	XP_036170472.1	49.327	200	3.05e-59	XP_036170472.1 cyclic AMP-responsive element-binding protein 3-like protein 3 isoform X1 [Myotis myotis]
CREB3L4|Rhinolophus_sinicus|XP_074174773	XP_036170475.1	49.327	200	3.35e-59	XP_036170475.1 cyclic AMP-responsive element-binding protein 3-like protein 3 isoform X3 [Myotis myotis]
CREB3L4|Rhinolophus_sinicus|XP_074174773	XP_036170474.1	49.327	200	3.76e-59	XP_036170474.1 cyclic AMP-responsive element-binding protein 3-like protein 3 isoform X2 [Myotis myotis]
CREB3L4|Rhinolophus_sinicus|XP_074174773	XP_036170476.1	50.279	165	2.20e-46	XP_036170476.1 cyclic AMP-responsive element-binding protein 3-like protein 3 isoform X4 [Myotis myotis]
CREB3L4|Sturnira_hondurensis|XP_036906600	XP_036199350.1	84.772	660	0.0	XP_036199350.1 cyclic AMP-responsive element-binding protein 3-like protein 4 [Myotis myotis]
CREB3L4|Sturnira_hondurensis|XP_036906600	XP_036170474.1	42.857	203	1.70e-59	XP_036170474.1 cyclic AMP-responsive element-binding protein 3-like protein 3 isoform X2 [Myotis myotis]
CREB3L4|Sturnira_hondurensis|XP_036906600	XP_036170472.1	43.137	203	2.00e-59	XP_036170472.1 cyclic AMP-responsive element-binding protein 3-like protein 3 isoform X1 [Myotis myotis]
CREB3L4|Sturnira_hondurensis|XP_036906600	XP_036170475.1	42.857	202	2.36e-59	XP_036170475.1 cyclic AMP-responsive element-binding protein 3-like protein 3 isoform X3 [Myotis myotis]
CREB3L4|Sturnira_hondurensis|XP_036906600	XP_036170476.1	44.726	169	3.54e-47	XP_036170476.1 cyclic AMP-responsive element-binding protein 3-like protein 3 isoform X4 [Myotis myotis]
CREB5|Artibeus_jamaicensis|XP_053519623	XP_036183642.1	97.809	998	0.0	XP_036183642.1 cyclic AMP-responsive element-binding protein 5 isoform X1 [Myotis myotis]
CREB5|Artibeus_jamaicensis|XP_053519623	XP_036183643.1	97.610	991	0.0	XP_036183643.1 cyclic AMP-responsive element-binding protein 5 isoform X2 [Myotis myotis]
CREB5|Artibeus_jamaicensis|XP_053519623	XP_036183644.1	97.327	895	0.0	XP_036183644.1 cyclic AMP-responsive element-binding protein 5 isoform X3 [Myotis myotis]
CREB5|Artibeus_jamaicensis|XP_053519623	XP_036174904.1	40.619	349	7.08e-115	XP_036174904.1 cyclic AMP-dependent transcription factor ATF-2 isoform X1 [Myotis myotis]
CREB5|Artibeus_jamaicensis|XP_053519623	XP_036174905.1	42.073	332	9.32e-109	XP_036174905.1 cyclic AMP-dependent transcription factor ATF-2 isoform X2 [Myotis myotis]
CREB5|Cnephaeus_nilssonii|XP_079642014	XP_036183642.1	100.000	1017	0.0	XP_036183642.1 cyclic AMP-responsive element-binding protein 5 isoform X1 [Myotis myotis]
CREB5|Cnephaeus_nilssonii|XP_079642014	XP_036183643.1	99.801	1011	0.0	XP_036183643.1 cyclic AMP-responsive element-binding protein 5 isoform X2 [Myotis myotis]
CREB5|Cnephaeus_nilssonii|XP_079642014	XP_036183644.1	99.777	912	0.0	XP_036183644.1 cyclic AMP-responsive element-binding protein 5 isoform X3 [Myotis myotis]
CREB5|Cnephaeus_nilssonii|XP_079642014	XP_036174904.1	40.255	350	3.91e-115	XP_036174904.1 cyclic AMP-dependent transcription factor ATF-2 isoform X1 [Myotis myotis]
CREB5|Cnephaeus_nilssonii|XP_079642014	XP_036174905.1	41.667	332	9.73e-109	XP_036174905.1 cyclic AMP-dependent transcription factor ATF-2 isoform X2 [Myotis myotis]
CREB5|Desmodus_rotundus|XP_024418758	XP_036183643.1	98.802	1006	0.0	XP_036183643.1 cyclic AMP-responsive element-binding protein 5 isoform X2 [Myotis myotis]
CREB5|Desmodus_rotundus|XP_024418758	XP_036183642.1	98.606	1001	0.0	XP_036183642.1 cyclic AMP-responsive element-binding protein 5 isoform X1 [Myotis myotis]
CREB5|Desmodus_rotundus|XP_024418758	XP_036183644.1	98.218	897	0.0	XP_036183644.1 cyclic AMP-responsive element-binding protein 5 isoform X3 [Myotis myotis]
CREB5|Desmodus_rotundus|XP_024418758	XP_036174904.1	39.964	347	7.52e-114	XP_036174904.1 cyclic AMP-dependent transcription factor ATF-2 isoform X1 [Myotis myotis]
CREB5|Desmodus_rotundus|XP_024418758	XP_036174905.1	41.344	329	1.21e-107	XP_036174905.1 cyclic AMP-dependent transcription factor ATF-2 isoform X2 [Myotis myotis]
CREB5|Eptesicus_fuscus|XP_028010919	XP_036183642.1	100.000	1017	0.0	XP_036183642.1 cyclic AMP-responsive element-binding protein 5 isoform X1 [Myotis myotis]
CREB5|Eptesicus_fuscus|XP_028010919	XP_036183643.1	99.801	1011	0.0	XP_036183643.1 cyclic AMP-responsive element-binding protein 5 isoform X2 [Myotis myotis]
CREB5|Eptesicus_fuscus|XP_028010919	XP_036183644.1	99.777	912	0.0	XP_036183644.1 cyclic AMP-responsive element-binding protein 5 isoform X3 [Myotis myotis]
CREB5|Eptesicus_fuscus|XP_028010919	XP_036174904.1	40.255	350	3.91e-115	XP_036174904.1 cyclic AMP-dependent transcription factor ATF-2 isoform X1 [Myotis myotis]
CREB5|Eptesicus_fuscus|XP_028010919	XP_036174905.1	41.667	332	9.73e-109	XP_036174905.1 cyclic AMP-dependent transcription factor ATF-2 isoform X2 [Myotis myotis]
CREB5|Hipposideros_armiger|XP_019495495	XP_036183642.1	99.203	1011	0.0	XP_036183642.1 cyclic AMP-responsive element-binding protein 5 isoform X1 [Myotis myotis]
CREB5|Hipposideros_armiger|XP_019495495	XP_036183643.1	99.004	1004	0.0	XP_036183643.1 cyclic AMP-responsive element-binding protein 5 isoform X2 [Myotis myotis]
CREB5|Hipposideros_armiger|XP_019495495	XP_036183644.1	99.109	909	0.0	XP_036183644.1 cyclic AMP-responsive element-binding protein 5 isoform X3 [Myotis myotis]
CREB5|Hipposideros_armiger|XP_019495495	XP_036174904.1	40.255	349	8.78e-115	XP_036174904.1 cyclic AMP-dependent transcription factor ATF-2 isoform X1 [Myotis myotis]
CREB5|Hipposideros_armiger|XP_019495495	XP_036174905.1	41.870	333	5.61e-109	XP_036174905.1 cyclic AMP-dependent transcription factor ATF-2 isoform X2 [Myotis myotis]
CREB5|Miniopterus_natalensis|XP_016077753	XP_036183643.1	99.002	1010	0.0	XP_036183643.1 cyclic AMP-responsive element-binding protein 5 isoform X2 [Myotis myotis]
CREB5|Miniopterus_natalensis|XP_016077753	XP_036183642.1	98.805	1006	0.0	XP_036183642.1 cyclic AMP-responsive element-binding protein 5 isoform X1 [Myotis myotis]
CREB5|Miniopterus_natalensis|XP_016077753	XP_036183644.1	98.441	902	0.0	XP_036183644.1 cyclic AMP-responsive element-binding protein 5 isoform X3 [Myotis myotis]
CREB5|Miniopterus_natalensis|XP_016077753	XP_036174904.1	40.146	346	1.88e-113	XP_036174904.1 cyclic AMP-dependent transcription factor ATF-2 isoform X1 [Myotis myotis]
CREB5|Miniopterus_natalensis|XP_016077753	XP_036153546.1	40.809	331	4.46e-108	XP_036153546.1 cyclic AMP-dependent transcription factor ATF-7 isoform X1 [Myotis myotis]
CREB5|Miniopterus_schreibersii|XP_081002917	XP_036183642.1	99.004	1011	0.0	XP_036183642.1 cyclic AMP-responsive element-binding protein 5 isoform X1 [Myotis myotis]
CREB5|Miniopterus_schreibersii|XP_081002917	XP_036183643.1	98.805	1005	0.0	XP_036183643.1 cyclic AMP-responsive element-binding protein 5 isoform X2 [Myotis myotis]
CREB5|Miniopterus_schreibersii|XP_081002917	XP_036183644.1	98.664	906	0.0	XP_036183644.1 cyclic AMP-responsive element-binding protein 5 isoform X3 [Myotis myotis]
CREB5|Miniopterus_schreibersii|XP_081002917	XP_036174904.1	40.073	346	1.67e-113	XP_036174904.1 cyclic AMP-dependent transcription factor ATF-2 isoform X1 [Myotis myotis]
CREB5|Miniopterus_schreibersii|XP_081002917	XP_036153546.1	40.917	330	1.14e-107	XP_036153546.1 cyclic AMP-dependent transcription factor ATF-7 isoform X1 [Myotis myotis]
CREB5|Molossus_molossus|XP_036102954	XP_036183643.1	99.202	1010	0.0	XP_036183643.1 cyclic AMP-responsive element-binding protein 5 isoform X2 [Myotis myotis]
CREB5|Molossus_molossus|XP_036102954	XP_036183642.1	99.004	1005	0.0	XP_036183642.1 cyclic AMP-responsive element-binding protein 5 isoform X1 [Myotis myotis]
CREB5|Molossus_molossus|XP_036102954	XP_036183644.1	98.886	903	0.0	XP_036183644.1 cyclic AMP-responsive element-binding protein 5 isoform X3 [Myotis myotis]
CREB5|Molossus_molossus|XP_036102954	XP_036174904.1	40.619	350	4.60e-115	XP_036174904.1 cyclic AMP-dependent transcription factor ATF-2 isoform X1 [Myotis myotis]
CREB5|Molossus_molossus|XP_036102954	XP_036174905.1	41.752	332	6.06e-109	XP_036174905.1 cyclic AMP-dependent transcription factor ATF-2 isoform X2 [Myotis myotis]
CREB5|Myotis_brandtii|XP_014392488	XP_036183642.1	100.000	1015	0.0	XP_036183642.1 cyclic AMP-responsive element-binding protein 5 isoform X1 [Myotis myotis]
CREB5|Myotis_brandtii|XP_014392488	XP_036183643.1	99.801	1009	0.0	XP_036183643.1 cyclic AMP-responsive element-binding protein 5 isoform X2 [Myotis myotis]
CREB5|Myotis_brandtii|XP_014392488	XP_036183644.1	99.777	912	0.0	XP_036183644.1 cyclic AMP-responsive element-binding protein 5 isoform X3 [Myotis myotis]
CREB5|Myotis_brandtii|XP_014392488	XP_036174904.1	40.328	349	1.83e-114	XP_036174904.1 cyclic AMP-dependent transcription factor ATF-2 isoform X1 [Myotis myotis]
CREB5|Myotis_brandtii|XP_014392488	XP_036153546.1	40.917	332	5.72e-108	XP_036153546.1 cyclic AMP-dependent transcription factor ATF-7 isoform X1 [Myotis myotis]
CREB5|Myotis_daubentonii|XP_059568634	XP_036183642.1	99.801	1014	0.0	XP_036183642.1 cyclic AMP-responsive element-binding protein 5 isoform X1 [Myotis myotis]
CREB5|Myotis_daubentonii|XP_059568634	XP_036183643.1	99.602	1008	0.0	XP_036183643.1 cyclic AMP-responsive element-binding protein 5 isoform X2 [Myotis myotis]
CREB5|Myotis_daubentonii|XP_059568634	XP_036183644.1	99.555	910	0.0	XP_036183644.1 cyclic AMP-responsive element-binding protein 5 isoform X3 [Myotis myotis]
CREB5|Myotis_daubentonii|XP_059568634	XP_036174904.1	40.255	349	5.96e-115	XP_036174904.1 cyclic AMP-dependent transcription factor ATF-2 isoform X1 [Myotis myotis]
CREB5|Myotis_daubentonii|XP_059568634	XP_036174905.1	41.667	332	1.32e-108	XP_036174905.1 cyclic AMP-dependent transcription factor ATF-2 isoform X2 [Myotis myotis]
CREB5|Myotis_davidii|XP_015413613	XP_036183643.1	93.812	936	0.0	XP_036183643.1 cyclic AMP-responsive element-binding protein 5 isoform X2 [Myotis myotis]
CREB5|Myotis_davidii|XP_015413613	XP_036183642.1	93.625	931	0.0	XP_036183642.1 cyclic AMP-responsive element-binding protein 5 isoform X1 [Myotis myotis]
CREB5|Myotis_davidii|XP_015413613	XP_036183644.1	92.650	828	0.0	XP_036183644.1 cyclic AMP-responsive element-binding protein 5 isoform X3 [Myotis myotis]
CREB5|Myotis_davidii|XP_015413613	XP_036174904.1	37.044	297	5.12e-95	XP_036174904.1 cyclic AMP-dependent transcription factor ATF-2 isoform X1 [Myotis myotis]
CREB5|Myotis_davidii|XP_015413613	XP_036174905.1	38.086	280	1.08e-88	XP_036174905.1 cyclic AMP-dependent transcription factor ATF-2 isoform X2 [Myotis myotis]
CREB5|Myotis_lucifugus|XP_023609597	XP_036183643.1	99.800	1014	0.0	XP_036183643.1 cyclic AMP-responsive element-binding protein 5 isoform X2 [Myotis myotis]
CREB5|Myotis_lucifugus|XP_023609597	XP_036183642.1	99.602	1010	0.0	XP_036183642.1 cyclic AMP-responsive element-binding protein 5 isoform X1 [Myotis myotis]
CREB5|Myotis_lucifugus|XP_023609597	XP_036183644.1	99.332	905	0.0	XP_036183644.1 cyclic AMP-responsive element-binding protein 5 isoform X3 [Myotis myotis]
CREB5|Myotis_lucifugus|XP_023609597	XP_036174904.1	40.328	350	2.65e-115	XP_036174904.1 cyclic AMP-dependent transcription factor ATF-2 isoform X1 [Myotis myotis]
CREB5|Myotis_lucifugus|XP_023609597	XP_036153546.1	40.809	334	3.16e-109	XP_036153546.1 cyclic AMP-dependent transcription factor ATF-7 isoform X1 [Myotis myotis]
CREB5|Myotis_myotis|XP_036183642	XP_036183642.1	100.000	1017	0.0	XP_036183642.1 cyclic AMP-responsive element-binding protein 5 isoform X1 [Myotis myotis]
CREB5|Myotis_myotis|XP_036183642	XP_036183643.1	99.801	1011	0.0	XP_036183643.1 cyclic AMP-responsive element-binding protein 5 isoform X2 [Myotis myotis]
CREB5|Myotis_myotis|XP_036183642	XP_036183644.1	99.777	912	0.0	XP_036183644.1 cyclic AMP-responsive element-binding protein 5 isoform X3 [Myotis myotis]
CREB5|Myotis_myotis|XP_036183642	XP_036174904.1	40.255	350	3.91e-115	XP_036174904.1 cyclic AMP-dependent transcription factor ATF-2 isoform X1 [Myotis myotis]
CREB5|Myotis_myotis|XP_036183642	XP_036174905.1	41.667	332	9.73e-109	XP_036174905.1 cyclic AMP-dependent transcription factor ATF-2 isoform X2 [Myotis myotis]
CREB5|Myotis_nattereri|XP_080958880	XP_036183643.1	100.000	1015	0.0	XP_036183643.1 cyclic AMP-responsive element-binding protein 5 isoform X2 [Myotis myotis]
CREB5|Myotis_nattereri|XP_080958880	XP_036183642.1	99.801	1011	0.0	XP_036183642.1 cyclic AMP-responsive element-binding protein 5 isoform X1 [Myotis myotis]
CREB5|Myotis_nattereri|XP_080958880	XP_036183644.1	99.555	905	0.0	XP_036183644.1 cyclic AMP-responsive element-binding protein 5 isoform X3 [Myotis myotis]
CREB5|Myotis_nattereri|XP_080958880	XP_036174904.1	40.328	350	3.33e-115	XP_036174904.1 cyclic AMP-dependent transcription factor ATF-2 isoform X1 [Myotis myotis]
CREB5|Myotis_nattereri|XP_080958880	XP_036153546.1	40.809	334	2.72e-109	XP_036153546.1 cyclic AMP-dependent transcription factor ATF-7 isoform X1 [Myotis myotis]
CREB5|Myotis_yumanensis|XP_070280592	XP_036183643.1	99.717	704	0.0	XP_036183643.1 cyclic AMP-responsive element-binding protein 5 isoform X2 [Myotis myotis]
CREB5|Myotis_yumanensis|XP_070280592	XP_036183642.1	99.435	700	0.0	XP_036183642.1 cyclic AMP-responsive element-binding protein 5 isoform X1 [Myotis myotis]
CREB5|Myotis_yumanensis|XP_070280592	XP_036183644.1	99.003	597	0.0	XP_036183644.1 cyclic AMP-responsive element-binding protein 5 isoform X3 [Myotis myotis]
CREB5|Myotis_yumanensis|XP_070280592	XP_036153551.1	41.076	205	1.75e-61	XP_036153551.1 cyclic AMP-dependent transcription factor ATF-7 isoform X4 [Myotis myotis]
CREB5|Myotis_yumanensis|XP_070280592	XP_036153550.1	41.076	205	1.75e-61	XP_036153550.1 cyclic AMP-dependent transcription factor ATF-7 isoform X4 [Myotis myotis]
CREB5|Phyllostomus_discolor|XP_028382030	XP_036183643.1	98.004	999	0.0	XP_036183643.1 cyclic AMP-responsive element-binding protein 5 isoform X2 [Myotis myotis]
CREB5|Phyllostomus_discolor|XP_028382030	XP_036183642.1	97.809	994	0.0	XP_036183642.1 cyclic AMP-responsive element-binding protein 5 isoform X1 [Myotis myotis]
CREB5|Phyllostomus_discolor|XP_028382030	XP_036183644.1	97.550	891	0.0	XP_036183644.1 cyclic AMP-responsive element-binding protein 5 isoform X3 [Myotis myotis]
CREB5|Phyllostomus_discolor|XP_028382030	XP_036174904.1	39.964	345	1.90e-113	XP_036174904.1 cyclic AMP-dependent transcription factor ATF-2 isoform X1 [Myotis myotis]
CREB5|Phyllostomus_discolor|XP_028382030	XP_036174905.1	41.548	330	6.23e-108	XP_036174905.1 cyclic AMP-dependent transcription factor ATF-2 isoform X2 [Myotis myotis]
CREB5|Phyllostomus_hastatus|XP_045684259	XP_036183643.1	98.004	998	0.0	XP_036183643.1 cyclic AMP-responsive element-binding protein 5 isoform X2 [Myotis myotis]
CREB5|Phyllostomus_hastatus|XP_045684259	XP_036183642.1	97.809	993	0.0	XP_036183642.1 cyclic AMP-responsive element-binding protein 5 isoform X1 [Myotis myotis]
CREB5|Phyllostomus_hastatus|XP_045684259	XP_036183644.1	97.550	891	0.0	XP_036183644.1 cyclic AMP-responsive element-binding protein 5 isoform X3 [Myotis myotis]
CREB5|Phyllostomus_hastatus|XP_045684259	XP_036174904.1	39.964	345	3.83e-113	XP_036174904.1 cyclic AMP-dependent transcription factor ATF-2 isoform X1 [Myotis myotis]
CREB5|Phyllostomus_hastatus|XP_045684259	XP_036174905.1	41.548	329	1.13e-107	XP_036174905.1 cyclic AMP-dependent transcription factor ATF-2 isoform X2 [Myotis myotis]
CREB5|Pipistrellus_kuhlii|XP_036309612	XP_036183642.1	100.000	1017	0.0	XP_036183642.1 cyclic AMP-responsive element-binding protein 5 isoform X1 [Myotis myotis]
CREB5|Pipistrellus_kuhlii|XP_036309612	XP_036183643.1	99.801	1011	0.0	XP_036183643.1 cyclic AMP-responsive element-binding protein 5 isoform X2 [Myotis myotis]
CREB5|Pipistrellus_kuhlii|XP_036309612	XP_036183644.1	99.777	912	0.0	XP_036183644.1 cyclic AMP-responsive element-binding protein 5 isoform X3 [Myotis myotis]
CREB5|Pipistrellus_kuhlii|XP_036309612	XP_036174904.1	40.255	350	3.91e-115	XP_036174904.1 cyclic AMP-dependent transcription factor ATF-2 isoform X1 [Myotis myotis]
CREB5|Pipistrellus_kuhlii|XP_036309612	XP_036174905.1	41.667	332	9.73e-109	XP_036174905.1 cyclic AMP-dependent transcription factor ATF-2 isoform X2 [Myotis myotis]
CREB5|Plecotus_auritus|XP_080520499	XP_036183642.1	100.000	1017	0.0	XP_036183642.1 cyclic AMP-responsive element-binding protein 5 isoform X1 [Myotis myotis]
CREB5|Plecotus_auritus|XP_080520499	XP_036183643.1	99.801	1011	0.0	XP_036183643.1 cyclic AMP-responsive element-binding protein 5 isoform X2 [Myotis myotis]
CREB5|Plecotus_auritus|XP_080520499	XP_036183644.1	99.777	912	0.0	XP_036183644.1 cyclic AMP-responsive element-binding protein 5 isoform X3 [Myotis myotis]
CREB5|Plecotus_auritus|XP_080520499	XP_036174904.1	40.255	350	3.91e-115	XP_036174904.1 cyclic AMP-dependent transcription factor ATF-2 isoform X1 [Myotis myotis]
CREB5|Plecotus_auritus|XP_080520499	XP_036174905.1	41.667	332	9.73e-109	XP_036174905.1 cyclic AMP-dependent transcription factor ATF-2 isoform X2 [Myotis myotis]
CREB5|Pteronotus_mesoamericanus|XP_054420131	XP_036183642.1	98.805	1003	0.0	XP_036183642.1 cyclic AMP-responsive element-binding protein 5 isoform X1 [Myotis myotis]
CREB5|Pteronotus_mesoamericanus|XP_054420131	XP_036183643.1	98.606	995	0.0	XP_036183643.1 cyclic AMP-responsive element-binding protein 5 isoform X2 [Myotis myotis]
CREB5|Pteronotus_mesoamericanus|XP_054420131	XP_036183644.1	98.441	898	0.0	XP_036183644.1 cyclic AMP-responsive element-binding protein 5 isoform X3 [Myotis myotis]
CREB5|Pteronotus_mesoamericanus|XP_054420131	XP_036174904.1	40.037	345	2.52e-113	XP_036174904.1 cyclic AMP-dependent transcription factor ATF-2 isoform X1 [Myotis myotis]
CREB5|Pteronotus_mesoamericanus|XP_054420131	XP_036174905.1	41.429	327	5.62e-107	XP_036174905.1 cyclic AMP-dependent transcription factor ATF-2 isoform X2 [Myotis myotis]
CREB5|Pteropus_alecto|XP_024902639	XP_036183642.1	98.805	1009	0.0	XP_036183642.1 cyclic AMP-responsive element-binding protein 5 isoform X1 [Myotis myotis]
CREB5|Pteropus_alecto|XP_024902639	XP_036183643.1	98.606	1002	0.0	XP_036183643.1 cyclic AMP-responsive element-binding protein 5 isoform X2 [Myotis myotis]
CREB5|Pteropus_alecto|XP_024902639	XP_036183644.1	98.664	907	0.0	XP_036183644.1 cyclic AMP-responsive element-binding protein 5 isoform X3 [Myotis myotis]
CREB5|Pteropus_alecto|XP_024902639	XP_036174904.1	40.255	348	1.52e-114	XP_036174904.1 cyclic AMP-dependent transcription factor ATF-2 isoform X1 [Myotis myotis]
CREB5|Pteropus_alecto|XP_024902639	XP_036153546.1	41.241	332	1.85e-108	XP_036153546.1 cyclic AMP-dependent transcription factor ATF-7 isoform X1 [Myotis myotis]
CREB5|Pteropus_medius|XP_039718556	XP_036183642.1	98.606	1008	0.0	XP_036183642.1 cyclic AMP-responsive element-binding protein 5 isoform X1 [Myotis myotis]
CREB5|Pteropus_medius|XP_039718556	XP_036183643.1	98.406	1001	0.0	XP_036183643.1 cyclic AMP-responsive element-binding protein 5 isoform X2 [Myotis myotis]
CREB5|Pteropus_medius|XP_039718556	XP_036183644.1	98.664	907	0.0	XP_036183644.1 cyclic AMP-responsive element-binding protein 5 isoform X3 [Myotis myotis]
CREB5|Pteropus_medius|XP_039718556	XP_036174904.1	40.437	350	3.59e-115	XP_036174904.1 cyclic AMP-dependent transcription factor ATF-2 isoform X1 [Myotis myotis]
CREB5|Pteropus_medius|XP_039718556	XP_036174905.1	41.600	332	1.58e-108	XP_036174905.1 cyclic AMP-dependent transcription factor ATF-2 isoform X2 [Myotis myotis]
CREB5|Rhinolophus_ferrumequinum|XP_032944608	XP_036183642.1	99.004	1009	0.0	XP_036183642.1 cyclic AMP-responsive element-binding protein 5 isoform X1 [Myotis myotis]
CREB5|Rhinolophus_ferrumequinum|XP_032944608	XP_036183643.1	98.805	1003	0.0	XP_036183643.1 cyclic AMP-responsive element-binding protein 5 isoform X2 [Myotis myotis]
CREB5|Rhinolophus_ferrumequinum|XP_032944608	XP_036183644.1	98.886	907	0.0	XP_036183644.1 cyclic AMP-responsive element-binding protein 5 isoform X3 [Myotis myotis]
CREB5|Rhinolophus_ferrumequinum|XP_032944608	XP_036174904.1	40.255	350	2.16e-115	XP_036174904.1 cyclic AMP-dependent transcription factor ATF-2 isoform X1 [Myotis myotis]
CREB5|Rhinolophus_ferrumequinum|XP_032944608	XP_036174905.1	41.870	334	1.29e-109	XP_036174905.1 cyclic AMP-dependent transcription factor ATF-2 isoform X2 [Myotis myotis]
CREB5|Rhinolophus_hipposideros|XP_080935602	XP_036183643.1	99.002	1007	0.0	XP_036183643.1 cyclic AMP-responsive element-binding protein 5 isoform X2 [Myotis myotis]
CREB5|Rhinolophus_hipposideros|XP_080935602	XP_036183642.1	98.805	1003	0.0	XP_036183642.1 cyclic AMP-responsive element-binding protein 5 isoform X1 [Myotis myotis]
CREB5|Rhinolophus_hipposideros|XP_080935602	XP_036183644.1	98.664	901	0.0	XP_036183644.1 cyclic AMP-responsive element-binding protein 5 isoform X3 [Myotis myotis]
CREB5|Rhinolophus_hipposideros|XP_080935602	XP_036174904.1	40.328	351	1.61e-115	XP_036174904.1 cyclic AMP-dependent transcription factor ATF-2 isoform X1 [Myotis myotis]
CREB5|Rhinolophus_hipposideros|XP_080935602	XP_036174905.1	41.955	335	9.16e-110	XP_036174905.1 cyclic AMP-dependent transcription factor ATF-2 isoform X2 [Myotis myotis]
CREB5|Rhinolophus_sinicus|XP_074197024	XP_036183642.1	98.805	1007	0.0	XP_036183642.1 cyclic AMP-responsive element-binding protein 5 isoform X1 [Myotis myotis]
CREB5|Rhinolophus_sinicus|XP_074197024	XP_036183643.1	98.606	1001	0.0	XP_036183643.1 cyclic AMP-responsive element-binding protein 5 isoform X2 [Myotis myotis]
CREB5|Rhinolophus_sinicus|XP_074197024	XP_036183644.1	98.664	906	0.0	XP_036183644.1 cyclic AMP-responsive element-binding protein 5 isoform X3 [Myotis myotis]
CREB5|Rhinolophus_sinicus|XP_074197024	XP_036174904.1	40.437	353	2.66e-116	XP_036174904.1 cyclic AMP-dependent transcription factor ATF-2 isoform X1 [Myotis myotis]
CREB5|Rhinolophus_sinicus|XP_074197024	XP_036174905.1	42.073	336	2.25e-110	XP_036174905.1 cyclic AMP-dependent transcription factor ATF-2 isoform X2 [Myotis myotis]
CREB5|Rousettus_aegyptiacus|XP_036086322	XP_036183642.1	98.805	1009	0.0	XP_036183642.1 cyclic AMP-responsive element-binding protein 5 isoform X1 [Myotis myotis]
CREB5|Rousettus_aegyptiacus|XP_036086322	XP_036183643.1	98.606	1002	0.0	XP_036183643.1 cyclic AMP-responsive element-binding protein 5 isoform X2 [Myotis myotis]
CREB5|Rousettus_aegyptiacus|XP_036086322	XP_036183644.1	98.664	907	0.0	XP_036183644.1 cyclic AMP-responsive element-binding protein 5 isoform X3 [Myotis myotis]
CREB5|Rousettus_aegyptiacus|XP_036086322	XP_036174904.1	40.255	348	1.52e-114	XP_036174904.1 cyclic AMP-dependent transcription factor ATF-2 isoform X1 [Myotis myotis]
CREB5|Rousettus_aegyptiacus|XP_036086322	XP_036153546.1	41.241	332	1.85e-108	XP_036153546.1 cyclic AMP-dependent transcription factor ATF-7 isoform X1 [Myotis myotis]
CREB5|Saccopteryx_bilineata|XP_066095534	XP_036183643.1	99.202	1008	0.0	XP_036183643.1 cyclic AMP-responsive element-binding protein 5 isoform X2 [Myotis myotis]
CREB5|Saccopteryx_bilineata|XP_066095534	XP_036183642.1	99.004	1003	0.0	XP_036183642.1 cyclic AMP-responsive element-binding protein 5 isoform X1 [Myotis myotis]
CREB5|Saccopteryx_bilineata|XP_066095534	XP_036183644.1	98.664	900	0.0	XP_036183644.1 cyclic AMP-responsive element-binding protein 5 isoform X3 [Myotis myotis]
CREB5|Saccopteryx_bilineata|XP_066095534	XP_036174904.1	39.964	345	1.90e-113	XP_036174904.1 cyclic AMP-dependent transcription factor ATF-2 isoform X1 [Myotis myotis]
CREB5|Saccopteryx_bilineata|XP_066095534	XP_036153546.1	40.625	330	8.84e-108	XP_036153546.1 cyclic AMP-dependent transcription factor ATF-7 isoform X1 [Myotis myotis]
CREB5|Saccopteryx_leptura|XP_066210249	XP_036183643.1	99.202	1008	0.0	XP_036183643.1 cyclic AMP-responsive element-binding protein 5 isoform X2 [Myotis myotis]
CREB5|Saccopteryx_leptura|XP_066210249	XP_036183642.1	99.004	1003	0.0	XP_036183642.1 cyclic AMP-responsive element-binding protein 5 isoform X1 [Myotis myotis]
CREB5|Saccopteryx_leptura|XP_066210249	XP_036183644.1	98.664	900	0.0	XP_036183644.1 cyclic AMP-responsive element-binding protein 5 isoform X3 [Myotis myotis]
CREB5|Saccopteryx_leptura|XP_066210249	XP_036174904.1	39.964	345	1.90e-113	XP_036174904.1 cyclic AMP-dependent transcription factor ATF-2 isoform X1 [Myotis myotis]
CREB5|Saccopteryx_leptura|XP_066210249	XP_036153546.1	40.625	330	8.84e-108	XP_036153546.1 cyclic AMP-dependent transcription factor ATF-7 isoform X1 [Myotis myotis]
CREB5|Sturnira_hondurensis|XP_036897130	XP_036183643.1	98.867	700	0.0	XP_036183643.1 cyclic AMP-responsive element-binding protein 5 isoform X2 [Myotis myotis]
CREB5|Sturnira_hondurensis|XP_036897130	XP_036183642.1	98.588	695	0.0	XP_036183642.1 cyclic AMP-responsive element-binding protein 5 isoform X1 [Myotis myotis]
CREB5|Sturnira_hondurensis|XP_036897130	XP_036183644.1	98.339	594	0.0	XP_036183644.1 cyclic AMP-responsive element-binding protein 5 isoform X3 [Myotis myotis]
CREB5|Sturnira_hondurensis|XP_036897130	XP_036153551.1	41.854	207	2.73e-62	XP_036153551.1 cyclic AMP-dependent transcription factor ATF-7 isoform X4 [Myotis myotis]
CREB5|Sturnira_hondurensis|XP_036897130	XP_036153550.1	41.854	207	2.73e-62	XP_036153550.1 cyclic AMP-dependent transcription factor ATF-7 isoform X4 [Myotis myotis]
FGFR1|Artibeus_jamaicensis|XP_037022860	XP_036152655.1	99.757	1704	0.0	XP_036152655.1 fibroblast growth factor receptor 1 isoform X6 [Myotis myotis]
FGFR1|Artibeus_jamaicensis|XP_037022860	XP_036152657.1	99.514	1695	0.0	XP_036152657.1 fibroblast growth factor receptor 1 isoform X8 [Myotis myotis]
FGFR1|Artibeus_jamaicensis|XP_037022860	XP_036152659.1	99.514	1694	0.0	XP_036152659.1 fibroblast growth factor receptor 1 isoform X10 [Myotis myotis]
FGFR1|Artibeus_jamaicensis|XP_037022860	XP_036152658.1	99.271	1684	0.0	XP_036152658.1 fibroblast growth factor receptor 1 isoform X9 [Myotis myotis]
FGFR1|Artibeus_jamaicensis|XP_037022860	XP_036152654.1	96.131	1605	0.0	XP_036152654.1 fibroblast growth factor receptor 1 isoform X5 [Myotis myotis]
FGFR1|Cnephaeus_nilssonii|XP_079634940	XP_036152657.1	100.000	1705	0.0	XP_036152657.1 fibroblast growth factor receptor 1 isoform X8 [Myotis myotis]
FGFR1|Cnephaeus_nilssonii|XP_079634940	XP_036152655.1	99.757	1700	0.0	XP_036152655.1 fibroblast growth factor receptor 1 isoform X6 [Myotis myotis]
FGFR1|Cnephaeus_nilssonii|XP_079634940	XP_036152658.1	99.756	1695	0.0	XP_036152658.1 fibroblast growth factor receptor 1 isoform X9 [Myotis myotis]
FGFR1|Cnephaeus_nilssonii|XP_079634940	XP_036152659.1	99.513	1690	0.0	XP_036152659.1 fibroblast growth factor receptor 1 isoform X10 [Myotis myotis]
FGFR1|Cnephaeus_nilssonii|XP_079634940	XP_036152654.1	96.126	1602	0.0	XP_036152654.1 fibroblast growth factor receptor 1 isoform X5 [Myotis myotis]
FGFR1|Desmodus_rotundus|XP_071076307	XP_036152655.1	99.878	1707	0.0	XP_036152655.1 fibroblast growth factor receptor 1 isoform X6 [Myotis myotis]
FGFR1|Desmodus_rotundus|XP_071076307	XP_036152657.1	99.635	1699	0.0	XP_036152657.1 fibroblast growth factor receptor 1 isoform X8 [Myotis myotis]
FGFR1|Desmodus_rotundus|XP_071076307	XP_036152659.1	99.635	1696	0.0	XP_036152659.1 fibroblast growth factor receptor 1 isoform X10 [Myotis myotis]
FGFR1|Desmodus_rotundus|XP_071076307	XP_036152658.1	99.392	1688	0.0	XP_036152658.1 fibroblast growth factor receptor 1 isoform X9 [Myotis myotis]
FGFR1|Desmodus_rotundus|XP_071076307	XP_036152654.1	96.247	1609	0.0	XP_036152654.1 fibroblast growth factor receptor 1 isoform X5 [Myotis myotis]
FGFR1|Eptesicus_fuscus|XP_054576012	XP_036152655.1	100.000	1709	0.0	XP_036152655.1 fibroblast growth factor receptor 1 isoform X6 [Myotis myotis]
FGFR1|Eptesicus_fuscus|XP_054576012	XP_036152659.1	99.757	1700	0.0	XP_036152659.1 fibroblast growth factor receptor 1 isoform X10 [Myotis myotis]
FGFR1|Eptesicus_fuscus|XP_054576012	XP_036152657.1	99.757	1700	0.0	XP_036152657.1 fibroblast growth factor receptor 1 isoform X8 [Myotis myotis]
FGFR1|Eptesicus_fuscus|XP_054576012	XP_036152658.1	99.513	1690	0.0	XP_036152658.1 fibroblast growth factor receptor 1 isoform X9 [Myotis myotis]
FGFR1|Eptesicus_fuscus|XP_054576012	XP_036152654.1	96.368	1610	0.0	XP_036152654.1 fibroblast growth factor receptor 1 isoform X5 [Myotis myotis]
FGFR1|Hipposideros_armiger|XP_019482354	XP_036152655.1	100.000	1709	0.0	XP_036152655.1 fibroblast growth factor receptor 1 isoform X6 [Myotis myotis]
FGFR1|Hipposideros_armiger|XP_019482354	XP_036152659.1	99.757	1700	0.0	XP_036152659.1 fibroblast growth factor receptor 1 isoform X10 [Myotis myotis]
FGFR1|Hipposideros_armiger|XP_019482354	XP_036152657.1	99.757	1700	0.0	XP_036152657.1 fibroblast growth factor receptor 1 isoform X8 [Myotis myotis]
FGFR1|Hipposideros_armiger|XP_019482354	XP_036152658.1	99.513	1690	0.0	XP_036152658.1 fibroblast growth factor receptor 1 isoform X9 [Myotis myotis]
FGFR1|Hipposideros_armiger|XP_019482354	XP_036152654.1	96.368	1610	0.0	XP_036152654.1 fibroblast growth factor receptor 1 isoform X5 [Myotis myotis]
FGFR1|Miniopterus_natalensis|XP_016065875	XP_036152655.1	100.000	1709	0.0	XP_036152655.1 fibroblast growth factor receptor 1 isoform X6 [Myotis myotis]
FGFR1|Miniopterus_natalensis|XP_016065875	XP_036152659.1	99.757	1700	0.0	XP_036152659.1 fibroblast growth factor receptor 1 isoform X10 [Myotis myotis]
FGFR1|Miniopterus_natalensis|XP_016065875	XP_036152657.1	99.757	1700	0.0	XP_036152657.1 fibroblast growth factor receptor 1 isoform X8 [Myotis myotis]
FGFR1|Miniopterus_natalensis|XP_016065875	XP_036152658.1	99.513	1690	0.0	XP_036152658.1 fibroblast growth factor receptor 1 isoform X9 [Myotis myotis]
FGFR1|Miniopterus_natalensis|XP_016065875	XP_036152654.1	96.368	1610	0.0	XP_036152654.1 fibroblast growth factor receptor 1 isoform X5 [Myotis myotis]
FGFR1|Miniopterus_schreibersii|XP_080983695	XP_036152655.1	100.000	1709	0.0	XP_036152655.1 fibroblast growth factor receptor 1 isoform X6 [Myotis myotis]
FGFR1|Miniopterus_schreibersii|XP_080983695	XP_036152659.1	99.757	1700	0.0	XP_036152659.1 fibroblast growth factor receptor 1 isoform X10 [Myotis myotis]
FGFR1|Miniopterus_schreibersii|XP_080983695	XP_036152657.1	99.757	1700	0.0	XP_036152657.1 fibroblast growth factor receptor 1 isoform X8 [Myotis myotis]
FGFR1|Miniopterus_schreibersii|XP_080983695	XP_036152658.1	99.513	1690	0.0	XP_036152658.1 fibroblast growth factor receptor 1 isoform X9 [Myotis myotis]
FGFR1|Miniopterus_schreibersii|XP_080983695	XP_036152654.1	96.368	1610	0.0	XP_036152654.1 fibroblast growth factor receptor 1 isoform X5 [Myotis myotis]
FGFR1|Molossus_molossus|XP_036106031	XP_036152655.1	100.000	1709	0.0	XP_036152655.1 fibroblast growth factor receptor 1 isoform X6 [Myotis myotis]
FGFR1|Molossus_molossus|XP_036106031	XP_036152659.1	99.757	1700	0.0	XP_036152659.1 fibroblast growth factor receptor 1 isoform X10 [Myotis myotis]
FGFR1|Molossus_molossus|XP_036106031	XP_036152657.1	99.757	1700	0.0	XP_036152657.1 fibroblast growth factor receptor 1 isoform X8 [Myotis myotis]
FGFR1|Molossus_molossus|XP_036106031	XP_036152658.1	99.513	1690	0.0	XP_036152658.1 fibroblast growth factor receptor 1 isoform X9 [Myotis myotis]
FGFR1|Molossus_molossus|XP_036106031	XP_036152654.1	96.368	1610	0.0	XP_036152654.1 fibroblast growth factor receptor 1 isoform X5 [Myotis myotis]
FGFR1|Myotis_brandtii|XP_014391823	XP_036152655.1	100.000	1709	0.0	XP_036152655.1 fibroblast growth factor receptor 1 isoform X6 [Myotis myotis]
FGFR1|Myotis_brandtii|XP_014391823	XP_036152659.1	99.757	1700	0.0	XP_036152659.1 fibroblast growth factor receptor 1 isoform X10 [Myotis myotis]
FGFR1|Myotis_brandtii|XP_014391823	XP_036152657.1	99.757	1700	0.0	XP_036152657.1 fibroblast growth factor receptor 1 isoform X8 [Myotis myotis]
FGFR1|Myotis_brandtii|XP_014391823	XP_036152658.1	99.513	1690	0.0	XP_036152658.1 fibroblast growth factor receptor 1 isoform X9 [Myotis myotis]
FGFR1|Myotis_brandtii|XP_014391823	XP_036152654.1	96.368	1610	0.0	XP_036152654.1 fibroblast growth factor receptor 1 isoform X5 [Myotis myotis]
FGFR1|Myotis_daubentonii|XP_059541341	XP_036152655.1	99.878	1707	0.0	XP_036152655.1 fibroblast growth factor receptor 1 isoform X6 [Myotis myotis]
FGFR1|Myotis_daubentonii|XP_059541341	XP_036152659.1	99.635	1698	0.0	XP_036152659.1 fibroblast growth factor receptor 1 isoform X10 [Myotis myotis]
FGFR1|Myotis_daubentonii|XP_059541341	XP_036152657.1	99.635	1697	0.0	XP_036152657.1 fibroblast growth factor receptor 1 isoform X8 [Myotis myotis]
FGFR1|Myotis_daubentonii|XP_059541341	XP_036152658.1	99.392	1688	0.0	XP_036152658.1 fibroblast growth factor receptor 1 isoform X9 [Myotis myotis]
FGFR1|Myotis_daubentonii|XP_059541341	XP_036152654.1	96.247	1608	0.0	XP_036152654.1 fibroblast growth factor receptor 1 isoform X5 [Myotis myotis]
FGFR1|Myotis_davidii|XP_015420703	XP_036152655.1	100.000	1709	0.0	XP_036152655.1 fibroblast growth factor receptor 1 isoform X6 [Myotis myotis]
FGFR1|Myotis_davidii|XP_015420703	XP_036152659.1	99.757	1700	0.0	XP_036152659.1 fibroblast growth factor receptor 1 isoform X10 [Myotis myotis]
FGFR1|Myotis_davidii|XP_015420703	XP_036152657.1	99.757	1700	0.0	XP_036152657.1 fibroblast growth factor receptor 1 isoform X8 [Myotis myotis]
FGFR1|Myotis_davidii|XP_015420703	XP_036152658.1	99.513	1690	0.0	XP_036152658.1 fibroblast growth factor receptor 1 isoform X9 [Myotis myotis]
FGFR1|Myotis_davidii|XP_015420703	XP_036152654.1	96.368	1610	0.0	XP_036152654.1 fibroblast growth factor receptor 1 isoform X5 [Myotis myotis]
FGFR1|Myotis_lucifugus|XP_006086308	XP_036152655.1	100.000	1709	0.0	XP_036152655.1 fibroblast growth factor receptor 1 isoform X6 [Myotis myotis]
FGFR1|Myotis_lucifugus|XP_006086308	XP_036152659.1	99.757	1700	0.0	XP_036152659.1 fibroblast growth factor receptor 1 isoform X10 [Myotis myotis]
FGFR1|Myotis_lucifugus|XP_006086308	XP_036152657.1	99.757	1700	0.0	XP_036152657.1 fibroblast growth factor receptor 1 isoform X8 [Myotis myotis]
FGFR1|Myotis_lucifugus|XP_006086308	XP_036152658.1	99.513	1690	0.0	XP_036152658.1 fibroblast growth factor receptor 1 isoform X9 [Myotis myotis]
FGFR1|Myotis_lucifugus|XP_006086308	XP_036152654.1	96.368	1610	0.0	XP_036152654.1 fibroblast growth factor receptor 1 isoform X5 [Myotis myotis]
FGFR1|Myotis_myotis|XP_036152655	XP_036152655.1	100.000	1709	0.0	XP_036152655.1 fibroblast growth factor receptor 1 isoform X6 [Myotis myotis]
FGFR1|Myotis_myotis|XP_036152655	XP_036152659.1	99.757	1700	0.0	XP_036152659.1 fibroblast growth factor receptor 1 isoform X10 [Myotis myotis]
FGFR1|Myotis_myotis|XP_036152655	XP_036152657.1	99.757	1700	0.0	XP_036152657.1 fibroblast growth factor receptor 1 isoform X8 [Myotis myotis]
FGFR1|Myotis_myotis|XP_036152655	XP_036152658.1	99.513	1690	0.0	XP_036152658.1 fibroblast growth factor receptor 1 isoform X9 [Myotis myotis]
FGFR1|Myotis_myotis|XP_036152655	XP_036152654.1	96.368	1610	0.0	XP_036152654.1 fibroblast growth factor receptor 1 isoform X5 [Myotis myotis]
FGFR1|Myotis_nattereri|XP_080939083	XP_036152657.1	100.000	1705	0.0	XP_036152657.1 fibroblast growth factor receptor 1 isoform X8 [Myotis myotis]
FGFR1|Myotis_nattereri|XP_080939083	XP_036152655.1	99.757	1700	0.0	XP_036152655.1 fibroblast growth factor receptor 1 isoform X6 [Myotis myotis]
FGFR1|Myotis_nattereri|XP_080939083	XP_036152658.1	99.756	1695	0.0	XP_036152658.1 fibroblast growth factor receptor 1 isoform X9 [Myotis myotis]
FGFR1|Myotis_nattereri|XP_080939083	XP_036152659.1	99.513	1690	0.0	XP_036152659.1 fibroblast growth factor receptor 1 isoform X10 [Myotis myotis]
FGFR1|Myotis_nattereri|XP_080939083	XP_036152654.1	96.126	1602	0.0	XP_036152654.1 fibroblast growth factor receptor 1 isoform X5 [Myotis myotis]
FGFR1|Myotis_yumanensis|XP_070264521	XP_036152655.1	100.000	1709	0.0	XP_036152655.1 fibroblast growth factor receptor 1 isoform X6 [Myotis myotis]
FGFR1|Myotis_yumanensis|XP_070264521	XP_036152659.1	99.757	1700	0.0	XP_036152659.1 fibroblast growth factor receptor 1 isoform X10 [Myotis myotis]
FGFR1|Myotis_yumanensis|XP_070264521	XP_036152657.1	99.757	1700	0.0	XP_036152657.1 fibroblast growth factor receptor 1 isoform X8 [Myotis myotis]
FGFR1|Myotis_yumanensis|XP_070264521	XP_036152658.1	99.513	1690	0.0	XP_036152658.1 fibroblast growth factor receptor 1 isoform X9 [Myotis myotis]
FGFR1|Myotis_yumanensis|XP_070264521	XP_036152654.1	96.368	1610	0.0	XP_036152654.1 fibroblast growth factor receptor 1 isoform X5 [Myotis myotis]
FGFR1|Phyllostomus_discolor|XP_035867493	XP_036152655.1	99.757	1704	0.0	XP_036152655.1 fibroblast growth factor receptor 1 isoform X6 [Myotis myotis]
FGFR1|Phyllostomus_discolor|XP_035867493	XP_036152657.1	99.514	1695	0.0	XP_036152657.1 fibroblast growth factor receptor 1 isoform X8 [Myotis myotis]
FGFR1|Phyllostomus_discolor|XP_035867493	XP_036152659.1	99.514	1694	0.0	XP_036152659.1 fibroblast growth factor receptor 1 isoform X10 [Myotis myotis]
FGFR1|Phyllostomus_discolor|XP_035867493	XP_036152658.1	99.271	1684	0.0	XP_036152658.1 fibroblast growth factor receptor 1 isoform X9 [Myotis myotis]
FGFR1|Phyllostomus_discolor|XP_035867493	XP_036152654.1	96.131	1605	0.0	XP_036152654.1 fibroblast growth factor receptor 1 isoform X5 [Myotis myotis]
FGFR1|Phyllostomus_hastatus|XP_045677281	XP_036152658.1	99.878	1697	0.0	XP_036152658.1 fibroblast growth factor receptor 1 isoform X9 [Myotis myotis]
FGFR1|Phyllostomus_hastatus|XP_045677281	XP_036152659.1	99.634	1693	0.0	XP_036152659.1 fibroblast growth factor receptor 1 isoform X10 [Myotis myotis]
FGFR1|Phyllostomus_hastatus|XP_045677281	XP_036152657.1	99.634	1692	0.0	XP_036152657.1 fibroblast growth factor receptor 1 isoform X8 [Myotis myotis]
FGFR1|Phyllostomus_hastatus|XP_045677281	XP_036152655.1	99.392	1689	0.0	XP_036152655.1 fibroblast growth factor receptor 1 isoform X6 [Myotis myotis]
FGFR1|Phyllostomus_hastatus|XP_045677281	XP_036152656.1	95.995	1595	0.0	XP_036152656.1 fibroblast growth factor receptor 1 isoform X7 [Myotis myotis]
FGFR1|Pipistrellus_kuhlii|XP_036311108	XP_036152655.1	100.000	1709	0.0	XP_036152655.1 fibroblast growth factor receptor 1 isoform X6 [Myotis myotis]
FGFR1|Pipistrellus_kuhlii|XP_036311108	XP_036152659.1	99.757	1700	0.0	XP_036152659.1 fibroblast growth factor receptor 1 isoform X10 [Myotis myotis]
FGFR1|Pipistrellus_kuhlii|XP_036311108	XP_036152657.1	99.757	1700	0.0	XP_036152657.1 fibroblast growth factor receptor 1 isoform X8 [Myotis myotis]
FGFR1|Pipistrellus_kuhlii|XP_036311108	XP_036152658.1	99.513	1690	0.0	XP_036152658.1 fibroblast growth factor receptor 1 isoform X9 [Myotis myotis]
FGFR1|Pipistrellus_kuhlii|XP_036311108	XP_036152654.1	96.368	1610	0.0	XP_036152654.1 fibroblast growth factor receptor 1 isoform X5 [Myotis myotis]
FGFR1|Plecotus_auritus|XP_080518363	XP_036152655.1	100.000	1709	0.0	XP_036152655.1 fibroblast growth factor receptor 1 isoform X6 [Myotis myotis]
FGFR1|Plecotus_auritus|XP_080518363	XP_036152659.1	99.757	1700	0.0	XP_036152659.1 fibroblast growth factor receptor 1 isoform X10 [Myotis myotis]
FGFR1|Plecotus_auritus|XP_080518363	XP_036152657.1	99.757	1700	0.0	XP_036152657.1 fibroblast growth factor receptor 1 isoform X8 [Myotis myotis]
FGFR1|Plecotus_auritus|XP_080518363	XP_036152658.1	99.513	1690	0.0	XP_036152658.1 fibroblast growth factor receptor 1 isoform X9 [Myotis myotis]
FGFR1|Plecotus_auritus|XP_080518363	XP_036152654.1	96.368	1610	0.0	XP_036152654.1 fibroblast growth factor receptor 1 isoform X5 [Myotis myotis]
FGFR1|Pteronotus_mesoamericanus|XP_054421978	XP_036152655.1	99.878	1707	0.0	XP_036152655.1 fibroblast growth factor receptor 1 isoform X6 [Myotis myotis]
FGFR1|Pteronotus_mesoamericanus|XP_054421978	XP_036152657.1	99.635	1699	0.0	XP_036152657.1 fibroblast growth factor receptor 1 isoform X8 [Myotis myotis]
FGFR1|Pteronotus_mesoamericanus|XP_054421978	XP_036152659.1	99.635	1696	0.0	XP_036152659.1 fibroblast growth factor receptor 1 isoform X10 [Myotis myotis]
FGFR1|Pteronotus_mesoamericanus|XP_054421978	XP_036152658.1	99.392	1688	0.0	XP_036152658.1 fibroblast growth factor receptor 1 isoform X9 [Myotis myotis]
FGFR1|Pteronotus_mesoamericanus|XP_054421978	XP_036152654.1	96.247	1609	0.0	XP_036152654.1 fibroblast growth factor receptor 1 isoform X5 [Myotis myotis]
FGFR1|Pteropus_alecto|XP_015448375	XP_036152655.1	99.878	1707	0.0	XP_036152655.1 fibroblast growth factor receptor 1 isoform X6 [Myotis myotis]
FGFR1|Pteropus_alecto|XP_015448375	XP_036152657.1	99.635	1699	0.0	XP_036152657.1 fibroblast growth factor receptor 1 isoform X8 [Myotis myotis]
FGFR1|Pteropus_alecto|XP_015448375	XP_036152659.1	99.635	1698	0.0	XP_036152659.1 fibroblast growth factor receptor 1 isoform X10 [Myotis myotis]
FGFR1|Pteropus_alecto|XP_015448375	XP_036152658.1	99.392	1689	0.0	XP_036152658.1 fibroblast growth factor receptor 1 isoform X9 [Myotis myotis]
FGFR1|Pteropus_alecto|XP_015448375	XP_036152654.1	96.247	1608	0.0	XP_036152654.1 fibroblast growth factor receptor 1 isoform X5 [Myotis myotis]
FGFR1|Pteropus_medius|XP_039709835	XP_036152655.1	99.878	1707	0.0	XP_036152655.1 fibroblast growth factor receptor 1 isoform X6 [Myotis myotis]
FGFR1|Pteropus_medius|XP_039709835	XP_036152657.1	99.635	1699	0.0	XP_036152657.1 fibroblast growth factor receptor 1 isoform X8 [Myotis myotis]
FGFR1|Pteropus_medius|XP_039709835	XP_036152659.1	99.635	1698	0.0	XP_036152659.1 fibroblast growth factor receptor 1 isoform X10 [Myotis myotis]
FGFR1|Pteropus_medius|XP_039709835	XP_036152658.1	99.392	1689	0.0	XP_036152658.1 fibroblast growth factor receptor 1 isoform X9 [Myotis myotis]
FGFR1|Pteropus_medius|XP_039709835	XP_036152654.1	96.247	1608	0.0	XP_036152654.1 fibroblast growth factor receptor 1 isoform X5 [Myotis myotis]
FGFR1|Pteropus_vampyrus|XP_023394347	XP_036152655.1	99.878	1707	0.0	XP_036152655.1 fibroblast growth factor receptor 1 isoform X6 [Myotis myotis]
FGFR1|Pteropus_vampyrus|XP_023394347	XP_036152657.1	99.635	1699	0.0	XP_036152657.1 fibroblast growth factor receptor 1 isoform X8 [Myotis myotis]
FGFR1|Pteropus_vampyrus|XP_023394347	XP_036152659.1	99.635	1698	0.0	XP_036152659.1 fibroblast growth factor receptor 1 isoform X10 [Myotis myotis]
FGFR1|Pteropus_vampyrus|XP_023394347	XP_036152658.1	99.392	1689	0.0	XP_036152658.1 fibroblast growth factor receptor 1 isoform X9 [Myotis myotis]
FGFR1|Pteropus_vampyrus|XP_023394347	XP_036152654.1	96.247	1608	0.0	XP_036152654.1 fibroblast growth factor receptor 1 isoform X5 [Myotis myotis]
FGFR1|Rhinolophus_ferrumequinum|XP_032960078	XP_036152655.1	99.274	1701	0.0	XP_036152655.1 fibroblast growth factor receptor 1 isoform X6 [Myotis myotis]
FGFR1|Rhinolophus_ferrumequinum|XP_032960078	XP_036152657.1	99.031	1693	0.0	XP_036152657.1 fibroblast growth factor receptor 1 isoform X8 [Myotis myotis]
FGFR1|Rhinolophus_ferrumequinum|XP_032960078	XP_036152659.1	99.031	1692	0.0	XP_036152659.1 fibroblast growth factor receptor 1 isoform X10 [Myotis myotis]
FGFR1|Rhinolophus_ferrumequinum|XP_032960078	XP_036152658.1	98.789	1683	0.0	XP_036152658.1 fibroblast growth factor receptor 1 isoform X9 [Myotis myotis]
FGFR1|Rhinolophus_ferrumequinum|XP_032960078	XP_036152654.1	95.663	1605	0.0	XP_036152654.1 fibroblast growth factor receptor 1 isoform X5 [Myotis myotis]
FGFR1|Rhinolophus_hipposideros|XP_080901583	XP_036152657.1	99.272	1695	0.0	XP_036152657.1 fibroblast growth factor receptor 1 isoform X8 [Myotis myotis]
FGFR1|Rhinolophus_hipposideros|XP_080901583	XP_036152655.1	99.031	1691	0.0	XP_036152655.1 fibroblast growth factor receptor 1 isoform X6 [Myotis myotis]
FGFR1|Rhinolophus_hipposideros|XP_080901583	XP_036152658.1	99.029	1684	0.0	XP_036152658.1 fibroblast growth factor receptor 1 isoform X9 [Myotis myotis]
FGFR1|Rhinolophus_hipposideros|XP_080901583	XP_036152659.1	98.789	1680	0.0	XP_036152659.1 fibroblast growth factor receptor 1 isoform X10 [Myotis myotis]
FGFR1|Rhinolophus_hipposideros|XP_080901583	XP_036152654.1	95.422	1593	0.0	XP_036152654.1 fibroblast growth factor receptor 1 isoform X5 [Myotis myotis]
FGFR1|Rhinolophus_sinicus|XP_074185739	XP_036152655.1	99.878	1707	0.0	XP_036152655.1 fibroblast growth factor receptor 1 isoform X6 [Myotis myotis]
FGFR1|Rhinolophus_sinicus|XP_074185739	XP_036152657.1	99.635	1699	0.0	XP_036152657.1 fibroblast growth factor receptor 1 isoform X8 [Myotis myotis]
FGFR1|Rhinolophus_sinicus|XP_074185739	XP_036152659.1	99.635	1698	0.0	XP_036152659.1 fibroblast growth factor receptor 1 isoform X10 [Myotis myotis]
FGFR1|Rhinolophus_sinicus|XP_074185739	XP_036152658.1	99.392	1689	0.0	XP_036152658.1 fibroblast growth factor receptor 1 isoform X9 [Myotis myotis]
FGFR1|Rhinolophus_sinicus|XP_074185739	XP_036152654.1	96.247	1608	0.0	XP_036152654.1 fibroblast growth factor receptor 1 isoform X5 [Myotis myotis]
FGFR1|Rousettus_aegyptiacus|XP_016010753	XP_036152655.1	99.878	1707	0.0	XP_036152655.1 fibroblast growth factor receptor 1 isoform X6 [Myotis myotis]
FGFR1|Rousettus_aegyptiacus|XP_016010753	XP_036152657.1	99.635	1699	0.0	XP_036152657.1 fibroblast growth factor receptor 1 isoform X8 [Myotis myotis]
FGFR1|Rousettus_aegyptiacus|XP_016010753	XP_036152659.1	99.635	1698	0.0	XP_036152659.1 fibroblast growth factor receptor 1 isoform X10 [Myotis myotis]
FGFR1|Rousettus_aegyptiacus|XP_016010753	XP_036152658.1	99.392	1689	0.0	XP_036152658.1 fibroblast growth factor receptor 1 isoform X9 [Myotis myotis]
FGFR1|Rousettus_aegyptiacus|XP_016010753	XP_036152654.1	96.247	1608	0.0	XP_036152654.1 fibroblast growth factor receptor 1 isoform X5 [Myotis myotis]
FGFR1|Saccopteryx_bilineata|XP_066093307	XP_036152655.1	99.635	1705	0.0	XP_036152655.1 fibroblast growth factor receptor 1 isoform X6 [Myotis myotis]
FGFR1|Saccopteryx_bilineata|XP_066093307	XP_036152657.1	99.392	1697	0.0	XP_036152657.1 fibroblast growth factor receptor 1 isoform X8 [Myotis myotis]
FGFR1|Saccopteryx_bilineata|XP_066093307	XP_036152659.1	99.392	1696	0.0	XP_036152659.1 fibroblast growth factor receptor 1 isoform X10 [Myotis myotis]
FGFR1|Saccopteryx_bilineata|XP_066093307	XP_036152658.1	99.148	1687	0.0	XP_036152658.1 fibroblast growth factor receptor 1 isoform X9 [Myotis myotis]
FGFR1|Saccopteryx_bilineata|XP_066093307	XP_036152654.1	96.005	1607	0.0	XP_036152654.1 fibroblast growth factor receptor 1 isoform X5 [Myotis myotis]
FGFR1|Saccopteryx_leptura|XP_066236462	XP_036152655.1	99.513	1704	0.0	XP_036152655.1 fibroblast growth factor receptor 1 isoform X6 [Myotis myotis]
FGFR1|Saccopteryx_leptura|XP_066236462	XP_036152657.1	99.270	1696	0.0	XP_036152657.1 fibroblast growth factor receptor 1 isoform X8 [Myotis myotis]
FGFR1|Saccopteryx_leptura|XP_066236462	XP_036152659.1	99.270	1695	0.0	XP_036152659.1 fibroblast growth factor receptor 1 isoform X10 [Myotis myotis]
FGFR1|Saccopteryx_leptura|XP_066236462	XP_036152658.1	99.027	1686	0.0	XP_036152658.1 fibroblast growth factor receptor 1 isoform X9 [Myotis myotis]
FGFR1|Saccopteryx_leptura|XP_066236462	XP_036152654.1	95.884	1605	0.0	XP_036152654.1 fibroblast growth factor receptor 1 isoform X5 [Myotis myotis]
FGFR1|Sturnira_hondurensis|XP_036911287	XP_036152655.1	98.785	1692	0.0	XP_036152655.1 fibroblast growth factor receptor 1 isoform X6 [Myotis myotis]
FGFR1|Sturnira_hondurensis|XP_036911287	XP_036152659.1	98.542	1683	0.0	XP_036152659.1 fibroblast growth factor receptor 1 isoform X10 [Myotis myotis]
FGFR1|Sturnira_hondurensis|XP_036911287	XP_036152657.1	98.542	1683	0.0	XP_036152657.1 fibroblast growth factor receptor 1 isoform X8 [Myotis myotis]
FGFR1|Sturnira_hondurensis|XP_036911287	XP_036152658.1	98.299	1673	0.0	XP_036152658.1 fibroblast growth factor receptor 1 isoform X9 [Myotis myotis]
FGFR1|Sturnira_hondurensis|XP_036911287	XP_036152654.1	95.163	1594	0.0	XP_036152654.1 fibroblast growth factor receptor 1 isoform X5 [Myotis myotis]
ND3|Anoura_caudifer|YP_008578382	YP_009231398.1	82.609	190	1.03e-63	YP_009231398.1 NADH dehydrogenase subunit 3 (mitochondrion) [Myotis myotis]
ND3|Anoura_cultrata|YP_010455433	YP_009231398.1	83.478	192	1.96e-64	YP_009231398.1 NADH dehydrogenase subunit 3 (mitochondrion) [Myotis myotis]
ND3|Anoura_geoffroyi|YP_010455446	YP_009231398.1	82.609	187	1.38e-62	YP_009231398.1 NADH dehydrogenase subunit 3 (mitochondrion) [Myotis myotis]
ND3|Artibeus_hartii|YP_010455511	YP_009231398.1	80.000	184	2.20e-61	YP_009231398.1 NADH dehydrogenase subunit 3 (mitochondrion) [Myotis myotis]
ND3|Artibeus_jamaicensis|NP_008491	YP_009231398.1	80.870	184	1.43e-61	YP_009231398.1 NADH dehydrogenase subunit 3 (mitochondrion) [Myotis myotis]
ND3|Artibeus_lituratus|YP_005255209	YP_009231398.1	80.870	184	2.32e-61	YP_009231398.1 NADH dehydrogenase subunit 3 (mitochondrion) [Myotis myotis]
ND3|Baeodon_alleni|YP_010960239	YP_009231398.1	97.391	220	1.36e-75	YP_009231398.1 NADH dehydrogenase subunit 3 (mitochondrion) [Myotis myotis]
ND3|Balionycteris_maculata|YP_010303508	YP_009231398.1	83.478	192	1.04e-64	YP_009231398.1 NADH dehydrogenase subunit 3 (mitochondrion) [Myotis myotis]
ND3|Brachyphylla_cavernarum|YP_008578395	YP_009231398.1	82.609	187	1.16e-62	YP_009231398.1 NADH dehydrogenase subunit 3 (mitochondrion) [Myotis myotis]
ND3|Carollia_brevicauda|YP_010471883	YP_009231398.1	86.087	197	1.35e-66	YP_009231398.1 NADH dehydrogenase subunit 3 (mitochondrion) [Myotis myotis]
ND3|Carollia_castanea|YP_010455459	YP_009231398.1	82.609	189	1.76e-63	YP_009231398.1 NADH dehydrogenase subunit 3 (mitochondrion) [Myotis myotis]
ND3|Carollia_perspicillata|YP_008578408	YP_009231398.1	86.087	197	1.35e-66	YP_009231398.1 NADH dehydrogenase subunit 3 (mitochondrion) [Myotis myotis]
ND3|Casinycteris_argynnis|YP_009754549	YP_009231398.1	80.870	184	2.37e-61	YP_009231398.1 NADH dehydrogenase subunit 3 (mitochondrion) [Myotis myotis]
ND3|Casinycteris_campomaanensis|YP_009754562	YP_009231398.1	80.000	180	1.19e-59	YP_009231398.1 NADH dehydrogenase subunit 3 (mitochondrion) [Myotis myotis]
ND3|Casinycteris_ophiodon|YP_009754575	YP_009231398.1	80.870	183	6.09e-61	YP_009231398.1 NADH dehydrogenase subunit 3 (mitochondrion) [Myotis myotis]
ND3|Chalinolobus_tuberculatus|NP_071691	YP_009231398.1	89.565	204	3.33e-69	YP_009231398.1 NADH dehydrogenase subunit 3 (mitochondrion) [Myotis myotis]
ND3|Chiroderma_salvini|YP_010455485	YP_009231398.1	82.609	187	1.03e-62	YP_009231398.1 NADH dehydrogenase subunit 3 (mitochondrion) [Myotis myotis]
ND3|Choeroniscus_minor|YP_010455537	YP_009231398.1	74.783	173	5.35e-57	YP_009231398.1 NADH dehydrogenase subunit 3 (mitochondrion) [Myotis myotis]
ND3|Chrotopterus_auritus|YP_009466881	YP_009231398.1	75.652	173	4.44e-57	YP_009231398.1 NADH dehydrogenase subunit 3 (mitochondrion) [Myotis myotis]
ND3|Cnephaeus_bottae|YP_010611013	YP_009231398.1	89.565	205	8.53e-70	YP_009231398.1 NADH dehydrogenase subunit 3 (mitochondrion) [Myotis myotis]
ND3|Cnephaeus_nilssonii|YP_010976676	YP_009231398.1	89.565	205	1.07e-69	YP_009231398.1 NADH dehydrogenase subunit 3 (mitochondrion) [Myotis myotis]
ND3|Corynorhinus_mexicanus|YP_011102445	YP_009231398.1	92.174	213	1.03e-72	YP_009231398.1 NADH dehydrogenase subunit 3 (mitochondrion) [Myotis myotis]
ND3|Corynorhinus_rafinesquii|YP_005255222	YP_009231398.1	89.565	209	3.74e-71	YP_009231398.1 NADH dehydrogenase subunit 3 (mitochondrion) [Myotis myotis]
ND3|Cynopterus_brachyotis|YP_009121640	YP_009231398.1	82.609	192	1.98e-64	YP_009231398.1 NADH dehydrogenase subunit 3 (mitochondrion) [Myotis myotis]
ND3|Cynopterus_sphinx|YP_009754588	YP_009231398.1	81.739	190	7.23e-64	YP_009231398.1 NADH dehydrogenase subunit 3 (mitochondrion) [Myotis myotis]
ND3|Dermanura_rava|YP_010455498	YP_009231398.1	81.739	186	2.59e-62	YP_009231398.1 NADH dehydrogenase subunit 3 (mitochondrion) [Myotis myotis]
ND3|Desmodus_rotundus|YP_008578421	YP_009231398.1	70.435	165	9.58e-54	YP_009231398.1 NADH dehydrogenase subunit 3 (mitochondrion) [Myotis myotis]
ND3|Diaemus_youngi|YP_009466894	YP_009231398.1	76.522	172	7.20e-57	YP_009231398.1 NADH dehydrogenase subunit 3 (mitochondrion) [Myotis myotis]
ND3|Diphylla_ecaudata|YP_009466959	YP_009231398.1	80.870	186	6.08e-62	YP_009231398.1 NADH dehydrogenase subunit 3 (mitochondrion) [Myotis myotis]
ND3|Ectophylla_alba|YP_009589355	YP_009231398.1	82.609	187	2.05e-62	YP_009231398.1 NADH dehydrogenase subunit 3 (mitochondrion) [Myotis myotis]
ND3|Eidolon_helvum|YP_009754601	YP_009231398.1	81.739	188	4.09e-63	YP_009231398.1 NADH dehydrogenase subunit 3 (mitochondrion) [Myotis myotis]
ND3|Eonycteris_spelaea|YP_009754614	YP_009231398.1	85.217	195	9.80e-66	YP_009231398.1 NADH dehydrogenase subunit 3 (mitochondrion) [Myotis myotis]
ND3|Epomophorus_crypturus|YP_009754627	YP_009231398.1	84.348	193	7.71e-65	YP_009231398.1 NADH dehydrogenase subunit 3 (mitochondrion) [Myotis myotis]
ND3|Epomophorus_dobsonii|YP_009754705	YP_009231398.1	85.217	194	1.79e-65	YP_009231398.1 NADH dehydrogenase subunit 3 (mitochondrion) [Myotis myotis]
ND3|Epomophorus_gambianus|YP_009232303	YP_009231398.1	84.348	193	7.71e-65	YP_009231398.1 NADH dehydrogenase subunit 3 (mitochondrion) [Myotis myotis]
ND3|Epomophorus_labiatus|YP_009754640	YP_009231398.1	84.348	193	7.71e-65	YP_009231398.1 NADH dehydrogenase subunit 3 (mitochondrion) [Myotis myotis]
ND3|Epomophorus_minor|YP_009754679	YP_009231398.1	84.348	193	7.71e-65	YP_009231398.1 NADH dehydrogenase subunit 3 (mitochondrion) [Myotis myotis]
ND3|Epomophorus_pusillus|YP_009754796	YP_009231398.1	84.348	193	7.71e-65	YP_009231398.1 NADH dehydrogenase subunit 3 (mitochondrion) [Myotis myotis]
ND3|Epomophorus_wahlbergi|YP_009754653	YP_009231398.1	85.217	194	1.79e-65	YP_009231398.1 NADH dehydrogenase subunit 3 (mitochondrion) [Myotis myotis]
ND3|Epomops_buettikoferi|YP_009754692	YP_009231398.1	84.348	192	1.90e-64	YP_009231398.1 NADH dehydrogenase subunit 3 (mitochondrion) [Myotis myotis]
ND3|Epomops_franqueti|YP_009754718	YP_009231398.1	83.478	191	6.07e-64	YP_009231398.1 NADH dehydrogenase subunit 3 (mitochondrion) [Myotis myotis]
ND3|Eudiscopus_denticulus|YP_010148069	YP_009231398.1	90.435	206	2.72e-70	YP_009231398.1 NADH dehydrogenase subunit 3 (mitochondrion) [Myotis myotis]
ND3|Furipterus_horrens|YP_009826333	YP_009231398.1	74.783	167	9.90e-55	YP_009231398.1 NADH dehydrogenase subunit 3 (mitochondrion) [Myotis myotis]
ND3|Glossophaga_soricina|YP_010455524	YP_009231398.1	80.870	185	9.03e-62	YP_009231398.1 NADH dehydrogenase subunit 3 (mitochondrion) [Myotis myotis]
ND3|Glyphonycteris_daviesi|YP_009466972	YP_009231398.1	83.478	191	2.36e-64	YP_009231398.1 NADH dehydrogenase subunit 3 (mitochondrion) [Myotis myotis]
ND3|Hipposideros_armiger|YP_006665753	YP_009231398.1	84.348	194	2.14e-65	YP_009231398.1 NADH dehydrogenase subunit 3 (mitochondrion) [Myotis myotis]
ND3|Hipposideros_caffer|YP_011102880	YP_009231398.1	80.870	192	1.54e-64	YP_009231398.1 NADH dehydrogenase subunit 3 (mitochondrion) [Myotis myotis]
ND3|Hipposideros_cervinus|YP_010305175	YP_009231398.1	82.609	192	2.30e-64	YP_009231398.1 NADH dehydrogenase subunit 3 (mitochondrion) [Myotis myotis]
ND3|Hipposideros_larvatus|YP_010305201	YP_009231398.1	85.217	197	8.58e-67	YP_009231398.1 NADH dehydrogenase subunit 3 (mitochondrion) [Myotis myotis]
ND3|Hipposideros_lylei|YP_010938283	YP_009231398.1	86.957	198	6.89e-67	YP_009231398.1 NADH dehydrogenase subunit 3 (mitochondrion) [Myotis myotis]
ND3|Hipposideros_pomona|YP_010321531	YP_009231398.1	80.870	189	3.51e-63	YP_009231398.1 NADH dehydrogenase subunit 3 (mitochondrion) [Myotis myotis]
ND3|Histiotus_macrotus|YP_010611026	YP_009231398.1	88.696	204	1.68e-69	YP_009231398.1 NADH dehydrogenase subunit 3 (mitochondrion) [Myotis myotis]
ND3|Histiotus_magellanicus|YP_010611052	YP_009231398.1	88.696	204	2.67e-69	YP_009231398.1 NADH dehydrogenase subunit 3 (mitochondrion) [Myotis myotis]
ND3|Histiotus_montanus|YP_010611039	YP_009231398.1	88.696	204	2.67e-69	YP_009231398.1 NADH dehydrogenase subunit 3 (mitochondrion) [Myotis myotis]
ND3|Hsunycteris_thomasi|YP_009466907	YP_009231398.1	80.000	185	9.54e-62	YP_009231398.1 NADH dehydrogenase subunit 3 (mitochondrion) [Myotis myotis]
ND3|Hypsignathus_monstrosus|YP_009754731	YP_009231398.1	85.217	194	2.38e-65	YP_009231398.1 NADH dehydrogenase subunit 3 (mitochondrion) [Myotis myotis]
ND3|Hypsugo_alaschanicus|YP_009246597	YP_009231398.1	87.826	202	1.62e-68	YP_009231398.1 NADH dehydrogenase subunit 3 (mitochondrion) [Myotis myotis]
ND3|Kerivoula_minuta|YP_010305188	YP_009231398.1	93.043	211	2.83e-72	YP_009231398.1 NADH dehydrogenase subunit 3 (mitochondrion) [Myotis myotis]
ND3|Kerivoula_papillosa|YP_010305162	YP_009231398.1	92.174	211	2.83e-72	YP_009231398.1 NADH dehydrogenase subunit 3 (mitochondrion) [Myotis myotis]
ND3|Lasionycteris_noctivagans|YP_009943236	YP_009231398.1	88.696	206	5.44e-70	YP_009231398.1 NADH dehydrogenase subunit 3 (mitochondrion) [Myotis myotis]
ND3|Lasiurus_borealis|YP_005255235	YP_009231398.1	88.696	203	4.99e-69	YP_009231398.1 NADH dehydrogenase subunit 3 (mitochondrion) [Myotis myotis]
ND3|Leptonycteris_curasoae|YP_010500248	YP_009231398.1	81.739	185	1.04e-61	YP_009231398.1 NADH dehydrogenase subunit 3 (mitochondrion) [Myotis myotis]
ND3|Leptonycteris_nivalis|YP_010500222	YP_009231398.1	83.478	192	9.82e-65	YP_009231398.1 NADH dehydrogenase subunit 3 (mitochondrion) [Myotis myotis]
ND3|Leptonycteris_yerbabuenae|YP_010500235	YP_009231398.1	82.609	187	1.60e-62	YP_009231398.1 NADH dehydrogenase subunit 3 (mitochondrion) [Myotis myotis]
ND3|Lonchophylla_concava|YP_010455602	YP_009231398.1	80.000	185	7.41e-62	YP_009231398.1 NADH dehydrogenase subunit 3 (mitochondrion) [Myotis myotis]
ND3|Lonchophylla_robusta|YP_010455550	YP_009231398.1	79.130	182	1.08e-60	YP_009231398.1 NADH dehydrogenase subunit 3 (mitochondrion) [Myotis myotis]
ND3|Lonchorhina_aurita|YP_009466920	YP_009231398.1	84.348	193	5.20e-65	YP_009231398.1 NADH dehydrogenase subunit 3 (mitochondrion) [Myotis myotis]
ND3|Lophostoma_brasiliense|YP_010455472	YP_009231398.1	80.870	188	5.15e-63	YP_009231398.1 NADH dehydrogenase subunit 3 (mitochondrion) [Myotis myotis]
ND3|Lophostoma_silvicola|YP_008578434	YP_009231398.1	80.870	187	1.16e-62	YP_009231398.1 NADH dehydrogenase subunit 3 (mitochondrion) [Myotis myotis]
ND3|Macroderma_gigas|YP_010172283	YP_009231398.1	82.609	188	7.32e-63	YP_009231398.1 NADH dehydrogenase subunit 3 (mitochondrion) [Myotis myotis]
ND3|Macroglossus_sobrinus|YP_009754744	YP_009231398.1	80.870	186	3.92e-62	YP_009231398.1 NADH dehydrogenase subunit 3 (mitochondrion) [Myotis myotis]
ND3|Macrotus_californicus|YP_009466933	YP_009231398.1	79.130	179	1.58e-59	YP_009231398.1 NADH dehydrogenase subunit 3 (mitochondrion) [Myotis myotis]
ND3|Macrotus_waterhousii|YP_010710551	YP_009231398.1	82.609	190	8.62e-64	YP_009231398.1 NADH dehydrogenase subunit 3 (mitochondrion) [Myotis myotis]
ND3|Megaerops_niphanae|YP_009754757	YP_009231398.1	82.609	193	5.03e-65	YP_009231398.1 NADH dehydrogenase subunit 3 (mitochondrion) [Myotis myotis]
ND3|Megaloglossus_azagnyi|YP_009754770	YP_009231398.1	83.478	191	2.34e-64	YP_009231398.1 NADH dehydrogenase subunit 3 (mitochondrion) [Myotis myotis]
ND3|Megaloglossus_woermanni|YP_009754783	YP_009231398.1	84.348	194	2.44e-65	YP_009231398.1 NADH dehydrogenase subunit 3 (mitochondrion) [Myotis myotis]
ND3|Micronycteris_hirsuta|YP_010455563	YP_009231398.1	81.739	185	1.17e-61	YP_009231398.1 NADH dehydrogenase subunit 3 (mitochondrion) [Myotis myotis]
ND3|Micronycteris_megalotis|YP_008578369	YP_009231398.1	83.478	193	7.14e-65	YP_009231398.1 NADH dehydrogenase subunit 3 (mitochondrion) [Myotis myotis]
ND3|Miniopterus_fuliginosus|YP_009687834	YP_009231398.1	86.957	198	5.35e-67	YP_009231398.1 NADH dehydrogenase subunit 3 (mitochondrion) [Myotis myotis]
ND3|Molossus_molossus|YP_010455615	YP_009231398.1	85.217	192	1.29e-64	YP_009231398.1 NADH dehydrogenase subunit 3 (mitochondrion) [Myotis myotis]
ND3|Murina_leucogaster|YP_009112376	YP_009231398.1	88.696	201	3.37e-68	YP_009231398.1 NADH dehydrogenase subunit 3 (mitochondrion) [Myotis myotis]
ND3|Murina_ussuriensis|YP_007890334	YP_009231398.1	86.087	199	2.68e-67	YP_009231398.1 NADH dehydrogenase subunit 3 (mitochondrion) [Myotis myotis]
ND3|Myonycteris_angolensis|YP_009754809	YP_009231398.1	83.478	191	6.55e-64	YP_009231398.1 NADH dehydrogenase subunit 3 (mitochondrion) [Myotis myotis]
ND3|Myonycteris_leptodon|YP_009754822	YP_009231398.1	83.478	190	7.07e-64	YP_009231398.1 NADH dehydrogenase subunit 3 (mitochondrion) [Myotis myotis]
ND3|Myonycteris_relicta|YP_009754835	YP_009231398.1	83.478	191	2.49e-64	YP_009231398.1 NADH dehydrogenase subunit 3 (mitochondrion) [Myotis myotis]
ND3|Myonycteris_torquata|YP_009754848	YP_009231398.1	83.478	191	2.49e-64	YP_009231398.1 NADH dehydrogenase subunit 3 (mitochondrion) [Myotis myotis]
ND3|Myotis_albescens|YP_009442775	YP_009231398.1	97.391	221	7.96e-76	YP_009231398.1 NADH dehydrogenase subunit 3 (mitochondrion) [Myotis myotis]
ND3|Myotis_atacamensis|YP_009442736	YP_009231398.1	96.522	218	4.98e-75	YP_009231398.1 NADH dehydrogenase subunit 3 (mitochondrion) [Myotis myotis]
ND3|Myotis_auriculus|YP_009442684	YP_009231398.1	97.391	220	1.08e-75	YP_009231398.1 NADH dehydrogenase subunit 3 (mitochondrion) [Myotis myotis]
ND3|Myotis_bechsteinii|YP_009351944	YP_009231398.1	94.783	215	1.58e-73	YP_009231398.1 NADH dehydrogenase subunit 3 (mitochondrion) [Myotis myotis]
ND3|Myotis_bombinus|YP_009231346	YP_009231398.1	98.261	223	1.35e-76	YP_009231398.1 NADH dehydrogenase subunit 3 (mitochondrion) [Myotis myotis]
ND3|Myotis_brandtii|YP_009092850	YP_009231398.1	98.261	222	1.53e-76	YP_009231398.1 NADH dehydrogenase subunit 3 (mitochondrion) [Myotis myotis]
ND3|Myotis_davidii|YP_010268949	YP_009231398.1	100.000	226	5.64e-78	YP_009231398.1 NADH dehydrogenase subunit 3 (mitochondrion) [Myotis myotis]
ND3|Myotis_dominicensis|YP_009442580	YP_009231398.1	98.261	222	1.53e-76	YP_009231398.1 NADH dehydrogenase subunit 3 (mitochondrion) [Myotis myotis]
ND3|Myotis_evotis|YP_009442593	YP_009231398.1	98.261	222	1.53e-76	YP_009231398.1 NADH dehydrogenase subunit 3 (mitochondrion) [Myotis myotis]
ND3|Myotis_formosus|YP_004734062	YP_009231398.1	95.652	217	2.67e-74	YP_009231398.1 NADH dehydrogenase subunit 3 (mitochondrion) [Myotis myotis]
ND3|Myotis_frater|YP_009589342	YP_009231398.1	96.522	218	7.31e-75	YP_009231398.1 NADH dehydrogenase subunit 3 (mitochondrion) [Myotis myotis]
ND3|Myotis_horsfieldii|YP_009442749	YP_009231398.1	93.913	217	2.53e-74	YP_009231398.1 NADH dehydrogenase subunit 3 (mitochondrion) [Myotis myotis]
ND3|Myotis_ikonnikovi|YP_008757931	YP_009231398.1	99.130	224	2.37e-77	YP_009231398.1 NADH dehydrogenase subunit 3 (mitochondrion) [Myotis myotis]
ND3|Myotis_keaysi|YP_009442606	YP_009231398.1	98.261	222	1.53e-76	YP_009231398.1 NADH dehydrogenase subunit 3 (mitochondrion) [Myotis myotis]
ND3|Myotis_leibii|YP_009442697	YP_009231398.1	97.391	222	1.85e-76	YP_009231398.1 NADH dehydrogenase subunit 3 (mitochondrion) [Myotis myotis]
ND3|Myotis_lucifugus|YP_009243540	YP_009231398.1	97.391	221	6.19e-76	YP_009231398.1 NADH dehydrogenase subunit 3 (mitochondrion) [Myotis myotis]
ND3|Myotis_macrodactylus|YP_008757879	YP_009231398.1	97.391	221	4.31e-76	YP_009231398.1 NADH dehydrogenase subunit 3 (mitochondrion) [Myotis myotis]
ND3|Myotis_martiniquensis|YP_009442788	YP_009231398.1	94.783	214	3.16e-73	YP_009231398.1 NADH dehydrogenase subunit 3 (mitochondrion) [Myotis myotis]
ND3|Myotis_muricola|YP_009234307	YP_009231398.1	96.522	218	4.98e-75	YP_009231398.1 NADH dehydrogenase subunit 3 (mitochondrion) [Myotis myotis]
ND3|Myotis_myotis|YP_009231398	YP_009231398.1	100.000	226	5.64e-78	YP_009231398.1 NADH dehydrogenase subunit 3 (mitochondrion) [Myotis myotis]
ND3|Myotis_nigricans|YP_009442658	YP_009231398.1	96.522	219	2.52e-75	YP_009231398.1 NADH dehydrogenase subunit 3 (mitochondrion) [Myotis myotis]
ND3|Myotis_oxyotus|YP_009442632	YP_009231398.1	96.522	219	3.66e-75	YP_009231398.1 NADH dehydrogenase subunit 3 (mitochondrion) [Myotis myotis]
ND3|Myotis_petax|YP_010133427	YP_009231398.1	99.130	224	4.34e-77	YP_009231398.1 NADH dehydrogenase subunit 3 (mitochondrion) [Myotis myotis]
ND3|Myotis_pilosus|YP_010117577	YP_009231398.1	99.130	224	3.09e-77	YP_009231398.1 NADH dehydrogenase subunit 3 (mitochondrion) [Myotis myotis]
ND3|Myotis_riparius|YP_009442645	YP_009231398.1	96.522	219	3.87e-75	YP_009231398.1 NADH dehydrogenase subunit 3 (mitochondrion) [Myotis myotis]
ND3|Myotis_ruber|YP_009442619	YP_009231398.1	96.522	218	1.03e-74	YP_009231398.1 NADH dehydrogenase subunit 3 (mitochondrion) [Myotis myotis]
ND3|Myotis_septentrionalis|YP_009906152	YP_009231398.1	98.261	222	1.53e-76	YP_009231398.1 NADH dehydrogenase subunit 3 (mitochondrion) [Myotis myotis]
ND3|Myotis_thysanodes|YP_009442723	YP_009231398.1	98.261	222	1.53e-76	YP_009231398.1 NADH dehydrogenase subunit 3 (mitochondrion) [Myotis myotis]
ND3|Myotis_volans|YP_009442762	YP_009231398.1	96.522	219	3.87e-75	YP_009231398.1 NADH dehydrogenase subunit 3 (mitochondrion) [Myotis myotis]
ND3|Myotis_yumanensis|YP_009442671	YP_009231398.1	97.391	221	3.50e-76	YP_009231398.1 NADH dehydrogenase subunit 3 (mitochondrion) [Myotis myotis]
ND3|Mystacina_tuberculata|YP_220700	YP_009231398.1	86.957	197	1.27e-66	YP_009231398.1 NADH dehydrogenase subunit 3 (mitochondrion) [Myotis myotis]
ND3|Nanonycteris_veldkampii|YP_009754861	YP_009231398.1	83.478	191	2.34e-64	YP_009231398.1 NADH dehydrogenase subunit 3 (mitochondrion) [Myotis myotis]
ND3|Noctilio_leporinus|YP_009466946	YP_009231398.1	80.000	182	7.42e-61	YP_009231398.1 NADH dehydrogenase subunit 3 (mitochondrion) [Myotis myotis]
ND3|Nyctalus_aviator|YP_010248099	YP_009231398.1	86.087	195	1.13e-65	YP_009231398.1 NADH dehydrogenase subunit 3 (mitochondrion) [Myotis myotis]
ND3|Nyctalus_noctula|YP_009144146	YP_009231398.1	88.696	205	1.27e-69	YP_009231398.1 NADH dehydrogenase subunit 3 (mitochondrion) [Myotis myotis]
ND3|Nyctalus_plancyi|YP_009564180	YP_009231398.1	87.826	203	5.10e-69	YP_009231398.1 NADH dehydrogenase subunit 3 (mitochondrion) [Myotis myotis]
ND3|Nyctimene_cephalotes|YP_009754874	YP_009231398.1	81.739	188	4.18e-63	YP_009231398.1 NADH dehydrogenase subunit 3 (mitochondrion) [Myotis myotis]
ND3|Phyllostomus_discolor|YP_010455628	YP_009231398.1	80.870	188	7.48e-63	YP_009231398.1 NADH dehydrogenase subunit 3 (mitochondrion) [Myotis myotis]
ND3|Pipistrellus_abramus|NP_976133	YP_009231398.1	90.435	203	5.63e-69	YP_009231398.1 NADH dehydrogenase subunit 3 (mitochondrion) [Myotis myotis]
ND3|Pipistrellus_coromandra|YP_009228276	YP_009231398.1	90.435	204	4.14e-69	YP_009231398.1 NADH dehydrogenase subunit 3 (mitochondrion) [Myotis myotis]
ND3|Pipistrellus_pipistrellus|YP_011103421	YP_009231398.1	89.565	205	1.34e-69	YP_009231398.1 NADH dehydrogenase subunit 3 (mitochondrion) [Myotis myotis]
ND3|Platyrrhinus_matapalensis|YP_010455576	YP_009231398.1	82.609	187	1.27e-62	YP_009231398.1 NADH dehydrogenase subunit 3 (mitochondrion) [Myotis myotis]
ND3|Plecotus_auritus|YP_004425105	YP_009231398.1	93.043	214	2.40e-73	YP_009231398.1 NADH dehydrogenase subunit 3 (mitochondrion) [Myotis myotis]
ND3|Plecotus_macrobullaris|YP_009167288	YP_009231398.1	91.304	208	4.71e-71	YP_009231398.1 NADH dehydrogenase subunit 3 (mitochondrion) [Myotis myotis]
ND3|Plerotes_anchietae|YP_009754887	YP_009231398.1	83.478	189	2.12e-63	YP_009231398.1 NADH dehydrogenase subunit 3 (mitochondrion) [Myotis myotis]
ND3|Pteronotus_parnellii|YP_009000406	YP_009231398.1	85.217	193	4.55e-65	YP_009231398.1 NADH dehydrogenase subunit 3 (mitochondrion) [Myotis myotis]
ND3|Pteronotus_personatus|YP_009338725	YP_009231398.1	86.957	196	2.87e-66	YP_009231398.1 NADH dehydrogenase subunit 3 (mitochondrion) [Myotis myotis]
ND3|Pteronotus_rubiginosus|YP_008578447	YP_009231398.1	86.087	194	1.39e-65	YP_009231398.1 NADH dehydrogenase subunit 3 (mitochondrion) [Myotis myotis]
ND3|Pteropus_alecto|YP_008965261	YP_009231398.1	82.609	189	3.40e-63	YP_009231398.1 NADH dehydrogenase subunit 3 (mitochondrion) [Myotis myotis]
ND3|Pteropus_dasymallus|NP_068789	YP_009231398.1	81.739	189	2.05e-63	YP_009231398.1 NADH dehydrogenase subunit 3 (mitochondrion) [Myotis myotis]
ND3|Pteropus_ornatus|YP_009754900	YP_009231398.1	82.609	189	1.78e-63	YP_009231398.1 NADH dehydrogenase subunit 3 (mitochondrion) [Myotis myotis]
ND3|Pteropus_scapulatus|NP_071649	YP_009231398.1	84.348	194	1.73e-65	YP_009231398.1 NADH dehydrogenase subunit 3 (mitochondrion) [Myotis myotis]
ND3|Pteropus_vampyrus|YP_009122659	YP_009231398.1	83.478	190	1.09e-63	YP_009231398.1 NADH dehydrogenase subunit 3 (mitochondrion) [Myotis myotis]
ND3|Rhinolophus_affinis|YP_010004061	YP_009231398.1	86.087	196	3.86e-66	YP_009231398.1 NADH dehydrogenase subunit 3 (mitochondrion) [Myotis myotis]
ND3|Rhinolophus_ferrumequinum_korai|YP_004935086	YP_009231398.1	86.087	195	1.13e-65	YP_009231398.1 NADH dehydrogenase subunit 3 (mitochondrion) [Myotis myotis]
ND3|Rhinolophus_ferrumequinum_quelpartis|YP_007474928	YP_009231398.1	86.087	195	1.13e-65	YP_009231398.1 NADH dehydrogenase subunit 3 (mitochondrion) [Myotis myotis]
ND3|Rhinolophus_formosae|YP_002261372	YP_009231398.1	84.348	193	6.47e-65	YP_009231398.1 NADH dehydrogenase subunit 3 (mitochondrion) [Myotis myotis]
ND3|Rhinolophus_francisi|YP_010926057	YP_009231398.1	85.217	195	7.96e-66	YP_009231398.1 NADH dehydrogenase subunit 3 (mitochondrion) [Myotis myotis]
ND3|Rhinolophus_luctus|YP_006665740	YP_009231398.1	84.348	193	5.86e-65	YP_009231398.1 NADH dehydrogenase subunit 3 (mitochondrion) [Myotis myotis]
ND3|Rhinolophus_macrotis|YP_009121505	YP_009231398.1	83.478	190	6.62e-64	YP_009231398.1 NADH dehydrogenase subunit 3 (mitochondrion) [Myotis myotis]
ND3|Rhinolophus_marshalli|YP_010322037	YP_009231398.1	83.478	190	6.62e-64	YP_009231398.1 NADH dehydrogenase subunit 3 (mitochondrion) [Myotis myotis]
ND3|Rhinolophus_monoceros|NP_976094	YP_009231398.1	84.348	192	1.44e-64	YP_009231398.1 NADH dehydrogenase subunit 3 (mitochondrion) [Myotis myotis]
ND3|Rhinolophus_philippinensis|YP_010288434	YP_009231398.1	83.478	187	7.99e-63	YP_009231398.1 NADH dehydrogenase subunit 3 (mitochondrion) [Myotis myotis]
ND3|Rhinolophus_pumilus|NP_976107	YP_009231398.1	84.348	192	1.44e-64	YP_009231398.1 NADH dehydrogenase subunit 3 (mitochondrion) [Myotis myotis]
ND3|Rhinolophus_pusillus|YP_009731387	YP_009231398.1	84.348	192	1.44e-64	YP_009231398.1 NADH dehydrogenase subunit 3 (mitochondrion) [Myotis myotis]
ND3|Rhinolophus_rex|YP_009183691	YP_009231398.1	83.478	190	6.62e-64	YP_009231398.1 NADH dehydrogenase subunit 3 (mitochondrion) [Myotis myotis]
ND3|Rhinolophus_rex_paradoxolophus|YP_010322050	YP_009231398.1	83.478	190	6.62e-64	YP_009231398.1 NADH dehydrogenase subunit 3 (mitochondrion) [Myotis myotis]
ND3|Rhinolophus_siamensis|YP_010322024	YP_009231398.1	83.478	190	6.62e-64	YP_009231398.1 NADH dehydrogenase subunit 3 (mitochondrion) [Myotis myotis]
ND3|Rhinolophus_thomasi|YP_009353902	YP_009231398.1	85.217	194	2.21e-65	YP_009231398.1 NADH dehydrogenase subunit 3 (mitochondrion) [Myotis myotis]
ND3|Rhinolophus_yunanensis|YP_009445584	YP_009231398.1	85.217	194	2.87e-65	YP_009231398.1 NADH dehydrogenase subunit 3 (mitochondrion) [Myotis myotis]
ND3|Rhinophylla_pumilio|YP_008578460	YP_009231398.1	80.870	186	4.67e-62	YP_009231398.1 NADH dehydrogenase subunit 3 (mitochondrion) [Myotis myotis]
ND3|Rhogeessa_aenea|YP_010944645	YP_009231398.1	91.304	209	1.57e-71	YP_009231398.1 NADH dehydrogenase subunit 3 (mitochondrion) [Myotis myotis]
ND3|Rhogeessa_genowaysi|YP_010965075	YP_009231398.1	92.174	209	1.77e-71	YP_009231398.1 NADH dehydrogenase subunit 3 (mitochondrion) [Myotis myotis]
ND3|Rhogeessa_mira|YP_010965062	YP_009231398.1	93.913	212	1.60e-72	YP_009231398.1 NADH dehydrogenase subunit 3 (mitochondrion) [Myotis myotis]
ND3|Rhogeessa_parvula|YP_010944632	YP_009231398.1	92.174	209	4.22e-71	YP_009231398.1 NADH dehydrogenase subunit 3 (mitochondrion) [Myotis myotis]
ND3|Rousettus_aegyptiacus|YP_313612	YP_009231398.1	86.957	196	2.90e-66	YP_009231398.1 NADH dehydrogenase subunit 3 (mitochondrion) [Myotis myotis]
ND3|Rousettus_amplexicaudatus|YP_009704952	YP_009231398.1	86.957	197	1.91e-66	YP_009231398.1 NADH dehydrogenase subunit 3 (mitochondrion) [Myotis myotis]
ND3|Rousettus_leschenaultii|YP_009754913	YP_009231398.1	86.957	196	4.12e-66	YP_009231398.1 NADH dehydrogenase subunit 3 (mitochondrion) [Myotis myotis]
ND3|Rousettus_madagascariensis|YP_009754926	YP_009231398.1	86.087	196	3.24e-66	YP_009231398.1 NADH dehydrogenase subunit 3 (mitochondrion) [Myotis myotis]
ND3|Rousettus_obliviosus|YP_009754939	YP_009231398.1	86.087	197	1.98e-66	YP_009231398.1 NADH dehydrogenase subunit 3 (mitochondrion) [Myotis myotis]
ND3|Saccopteryx_leptura|YP_009445610	YP_009231398.1	83.478	193	5.43e-65	YP_009231398.1 NADH dehydrogenase subunit 3 (mitochondrion) [Myotis myotis]
ND3|Scotonycteris_bergmansi|YP_009754952	YP_009231398.1	80.870	184	1.92e-61	YP_009231398.1 NADH dehydrogenase subunit 3 (mitochondrion) [Myotis myotis]
ND3|Scotonycteris_occidentalis|YP_009754965	YP_009231398.1	80.000	180	8.11e-60	YP_009231398.1 NADH dehydrogenase subunit 3 (mitochondrion) [Myotis myotis]
ND3|Scotonycteris_zenkeri|YP_009754978	YP_009231398.1	80.870	184	1.92e-61	YP_009231398.1 NADH dehydrogenase subunit 3 (mitochondrion) [Myotis myotis]
ND3|Sphaerias_blanfordi|YP_009754991	YP_009231398.1	83.478	189	2.67e-63	YP_009231398.1 NADH dehydrogenase subunit 3 (mitochondrion) [Myotis myotis]
ND3|Stenonycteris_lanosa|YP_009755004	YP_009231398.1	84.348	193	6.47e-65	YP_009231398.1 NADH dehydrogenase subunit 3 (mitochondrion) [Myotis myotis]
ND3|Sturnira_bakeri|YP_010455589	YP_009231398.1	83.478	192	1.18e-64	YP_009231398.1 NADH dehydrogenase subunit 3 (mitochondrion) [Myotis myotis]
ND3|Sturnira_ludovici|YP_010455641	YP_009231398.1	82.609	189	1.80e-63	YP_009231398.1 NADH dehydrogenase subunit 3 (mitochondrion) [Myotis myotis]
ND3|Sturnira_tildae|YP_008578473	YP_009231398.1	81.739	188	4.57e-63	YP_009231398.1 NADH dehydrogenase subunit 3 (mitochondrion) [Myotis myotis]
ND3|Submyotodon_moupinensis|YP_010449635	YP_009231398.1	97.391	221	6.12e-76	YP_009231398.1 NADH dehydrogenase subunit 3 (mitochondrion) [Myotis myotis]
ND3|Tadarida_latouchei|YP_009442827	YP_009231398.1	83.478	192	8.42e-65	YP_009231398.1 NADH dehydrogenase subunit 3 (mitochondrion) [Myotis myotis]
ND3|Tadarida_teniotis|YP_009442814	YP_009231398.1	85.217	192	8.06e-65	YP_009231398.1 NADH dehydrogenase subunit 3 (mitochondrion) [Myotis myotis]
ND3|Tonatia_saurophila|YP_008578486	YP_009231398.1	82.609	191	3.62e-64	YP_009231398.1 NADH dehydrogenase subunit 3 (mitochondrion) [Myotis myotis]
ND3|Trachops_cirrhosus|YP_011058890	YP_009231398.1	79.130	177	1.53e-58	YP_009231398.1 NADH dehydrogenase subunit 3 (mitochondrion) [Myotis myotis]
ND3|Vampyrum_spectrum|YP_008578499	YP_009231398.1	78.261	179	1.60e-59	YP_009231398.1 NADH dehydrogenase subunit 3 (mitochondrion) [Myotis myotis]
ND3|Vespertilio_murinus|YP_009338577	YP_009231398.1	91.304	208	5.43e-71	YP_009231398.1 NADH dehydrogenase subunit 3 (mitochondrion) [Myotis myotis]
ND3|Vespertilio_sinensis|YP_009048535	YP_009231398.1	90.435	206	7.00e-70	YP_009231398.1 NADH dehydrogenase subunit 3 (mitochondrion) [Myotis myotis]
ND4|Anoura_caudifer|YP_008578384	YP_009231400.1	79.956	704	0.0	YP_009231400.1 NADH dehydrogenase subunit 4 (mitochondrion) [Myotis myotis]
ND4|Anoura_caudifer|YP_008578384	YP_009231401.1	22.764	58.2	1.96e-08	YP_009231401.1 NADH dehydrogenase subunit 5 (mitochondrion) [Myotis myotis]
ND4|Anoura_cultrata|YP_010455435	YP_009231400.1	81.264	717	0.0	YP_009231400.1 NADH dehydrogenase subunit 4 (mitochondrion) [Myotis myotis]
ND4|Anoura_cultrata|YP_010455435	YP_009231401.1	23.630	53.5	5.82e-07	YP_009231401.1 NADH dehydrogenase subunit 5 (mitochondrion) [Myotis myotis]
ND4|Anoura_geoffroyi|YP_010455448	YP_009231400.1	80.392	710	0.0	YP_009231400.1 NADH dehydrogenase subunit 4 (mitochondrion) [Myotis myotis]
ND4|Anoura_geoffroyi|YP_010455448	YP_009231401.1	23.098	58.2	1.93e-08	YP_009231401.1 NADH dehydrogenase subunit 5 (mitochondrion) [Myotis myotis]
ND4|Artibeus_hartii|YP_010455513	YP_009231400.1	79.085	707	0.0	YP_009231400.1 NADH dehydrogenase subunit 4 (mitochondrion) [Myotis myotis]
ND4|Artibeus_hartii|YP_010455513	YP_009231401.1	24.024	54.3	3.03e-07	YP_009231401.1 NADH dehydrogenase subunit 5 (mitochondrion) [Myotis myotis]
ND4|Artibeus_jamaicensis|NP_008493	YP_009231400.1	79.956	707	0.0	YP_009231400.1 NADH dehydrogenase subunit 4 (mitochondrion) [Myotis myotis]
ND4|Artibeus_jamaicensis|NP_008493	YP_009231401.1	23.301	60.8	2.54e-09	YP_009231401.1 NADH dehydrogenase subunit 5 (mitochondrion) [Myotis myotis]
ND4|Artibeus_lituratus|YP_005255211	YP_009231400.1	79.956	706	0.0	YP_009231400.1 NADH dehydrogenase subunit 4 (mitochondrion) [Myotis myotis]
ND4|Artibeus_lituratus|YP_005255211	YP_009231401.1	24.939	64.3	2.07e-10	YP_009231401.1 NADH dehydrogenase subunit 5 (mitochondrion) [Myotis myotis]
ND4|Baeodon_alleni|YP_010960241	YP_009231400.1	93.464	821	0.0	YP_009231400.1 NADH dehydrogenase subunit 4 (mitochondrion) [Myotis myotis]
ND4|Baeodon_alleni|YP_010960241	YP_009231401.1	22.754	52.8	9.16e-07	YP_009231401.1 NADH dehydrogenase subunit 5 (mitochondrion) [Myotis myotis]
ND4|Balionycteris_maculata|YP_010303510	YP_009231400.1	80.174	712	0.0	YP_009231400.1 NADH dehydrogenase subunit 4 (mitochondrion) [Myotis myotis]
ND4|Balionycteris_maculata|YP_010303510	YP_009231401.1	25.323	67.0	3.31e-11	YP_009231401.1 NADH dehydrogenase subunit 5 (mitochondrion) [Myotis myotis]
ND4|Brachyphylla_cavernarum|YP_008578397	YP_009231400.1	80.392	715	0.0	YP_009231400.1 NADH dehydrogenase subunit 4 (mitochondrion) [Myotis myotis]
ND4|Brachyphylla_cavernarum|YP_008578397	YP_009231401.1	21.972	57.0	4.19e-08	YP_009231401.1 NADH dehydrogenase subunit 5 (mitochondrion) [Myotis myotis]
ND4|Carollia_brevicauda|YP_010471885	YP_009231400.1	79.521	702	0.0	YP_009231400.1 NADH dehydrogenase subunit 4 (mitochondrion) [Myotis myotis]
ND4|Carollia_brevicauda|YP_010471885	YP_009231401.1	22.983	58.9	1.08e-08	YP_009231401.1 NADH dehydrogenase subunit 5 (mitochondrion) [Myotis myotis]
ND4|Carollia_castanea|YP_010455461	YP_009231400.1	79.303	699	0.0	YP_009231400.1 NADH dehydrogenase subunit 4 (mitochondrion) [Myotis myotis]
ND4|Carollia_castanea|YP_010455461	YP_009231401.1	22.167	59.7	6.52e-09	YP_009231401.1 NADH dehydrogenase subunit 5 (mitochondrion) [Myotis myotis]
ND4|Carollia_perspicillata|YP_008578410	YP_009231400.1	79.085	698	0.0	YP_009231400.1 NADH dehydrogenase subunit 4 (mitochondrion) [Myotis myotis]
ND4|Carollia_perspicillata|YP_008578410	YP_009231401.1	23.227	59.7	5.57e-09	YP_009231401.1 NADH dehydrogenase subunit 5 (mitochondrion) [Myotis myotis]
ND4|Casinycteris_argynnis|YP_009754551	YP_009231400.1	77.560	699	0.0	YP_009231400.1 NADH dehydrogenase subunit 4 (mitochondrion) [Myotis myotis]
ND4|Casinycteris_argynnis|YP_009754551	YP_009231401.1	23.684	57.4	3.14e-08	YP_009231401.1 NADH dehydrogenase subunit 5 (mitochondrion) [Myotis myotis]
ND4|Casinycteris_campomaanensis|YP_009754564	YP_009231400.1	77.778	695	0.0	YP_009231400.1 NADH dehydrogenase subunit 4 (mitochondrion) [Myotis myotis]
ND4|Casinycteris_campomaanensis|YP_009754564	YP_009231401.1	25.146	57.8	2.66e-08	YP_009231401.1 NADH dehydrogenase subunit 5 (mitochondrion) [Myotis myotis]
ND4|Casinycteris_ophiodon|YP_009754577	YP_009231400.1	78.214	696	0.0	YP_009231400.1 NADH dehydrogenase subunit 4 (mitochondrion) [Myotis myotis]
ND4|Casinycteris_ophiodon|YP_009754577	YP_009231401.1	24.913	58.5	1.56e-08	YP_009231401.1 NADH dehydrogenase subunit 5 (mitochondrion) [Myotis myotis]
ND4|Chalinolobus_tuberculatus|NP_071693	YP_009231400.1	86.928	775	0.0	YP_009231400.1 NADH dehydrogenase subunit 4 (mitochondrion) [Myotis myotis]
ND4|Chalinolobus_tuberculatus|NP_071693	YP_009231401.1	22.965	52.8	1.07e-06	YP_009231401.1 NADH dehydrogenase subunit 5 (mitochondrion) [Myotis myotis]
ND4|Chiroderma_salvini|YP_010455487	YP_009231400.1	80.828	714	0.0	YP_009231400.1 NADH dehydrogenase subunit 4 (mitochondrion) [Myotis myotis]
ND4|Chiroderma_salvini|YP_010455487	YP_009231401.1	24.163	61.2	1.98e-09	YP_009231401.1 NADH dehydrogenase subunit 5 (mitochondrion) [Myotis myotis]
ND4|Choeroniscus_minor|YP_010455539	YP_009231400.1	78.867	704	0.0	YP_009231400.1 NADH dehydrogenase subunit 4 (mitochondrion) [Myotis myotis]
ND4|Choeroniscus_minor|YP_010455539	YP_009231401.1	22.626	55.5	1.48e-07	YP_009231401.1 NADH dehydrogenase subunit 5 (mitochondrion) [Myotis myotis]
ND4|Chrotopterus_auritus|YP_009466883	YP_009231400.1	78.431	687	0.0	YP_009231400.1 NADH dehydrogenase subunit 4 (mitochondrion) [Myotis myotis]
ND4|Chrotopterus_auritus|YP_009466883	YP_009231401.1	22.306	55.5	1.51e-07	YP_009231401.1 NADH dehydrogenase subunit 5 (mitochondrion) [Myotis myotis]
ND4|Cnephaeus_bottae|YP_010611015	YP_009231400.1	86.057	772	0.0	YP_009231400.1 NADH dehydrogenase subunit 4 (mitochondrion) [Myotis myotis]
ND4|Cnephaeus_bottae|YP_010611015	YP_009231401.1	23.881	54.3	3.34e-07	YP_009231401.1 NADH dehydrogenase subunit 5 (mitochondrion) [Myotis myotis]
ND4|Cnephaeus_nilssonii|YP_010976678	YP_009231400.1	85.621	768	0.0	YP_009231400.1 NADH dehydrogenase subunit 4 (mitochondrion) [Myotis myotis]
ND4|Cnephaeus_nilssonii|YP_010976678	YP_009231401.1	23.636	56.2	8.87e-08	YP_009231401.1 NADH dehydrogenase subunit 5 (mitochondrion) [Myotis myotis]
ND4|Corynorhinus_mexicanus|YP_011102447	YP_009231400.1	83.442	746	0.0	YP_009231400.1 NADH dehydrogenase subunit 4 (mitochondrion) [Myotis myotis]
ND4|Corynorhinus_mexicanus|YP_011102447	YP_009231401.1	22.636	53.9	3.94e-07	YP_009231401.1 NADH dehydrogenase subunit 5 (mitochondrion) [Myotis myotis]
ND4|Corynorhinus_rafinesquii|YP_005255224	YP_009231400.1	83.878	752	0.0	YP_009231400.1 NADH dehydrogenase subunit 4 (mitochondrion) [Myotis myotis]
ND4|Corynorhinus_rafinesquii|YP_005255224	YP_009231401.1	23.101	59.3	8.04e-09	YP_009231401.1 NADH dehydrogenase subunit 5 (mitochondrion) [Myotis myotis]
ND4|Cynopterus_brachyotis|YP_009121642	YP_009231400.1	81.699	730	0.0	YP_009231400.1 NADH dehydrogenase subunit 4 (mitochondrion) [Myotis myotis]
ND4|Cynopterus_brachyotis|YP_009121642	YP_009231401.1	24.036	58.2	1.93e-08	YP_009231401.1 NADH dehydrogenase subunit 5 (mitochondrion) [Myotis myotis]
ND4|Cynopterus_sphinx|YP_009754590	YP_009231400.1	81.264	728	0.0	YP_009231400.1 NADH dehydrogenase subunit 4 (mitochondrion) [Myotis myotis]
ND4|Cynopterus_sphinx|YP_009754590	YP_009231401.1	23.739	57.8	2.59e-08	YP_009231401.1 NADH dehydrogenase subunit 5 (mitochondrion) [Myotis myotis]
ND4|Dermanura_rava|YP_010455500	YP_009231400.1	80.828	712	0.0	YP_009231400.1 NADH dehydrogenase subunit 4 (mitochondrion) [Myotis myotis]
ND4|Dermanura_rava|YP_010455500	YP_009231401.1	24.205	64.3	2.47e-10	YP_009231401.1 NADH dehydrogenase subunit 5 (mitochondrion) [Myotis myotis]
ND4|Desmodus_rotundus|YP_008578423	YP_009231400.1	77.778	699	0.0	YP_009231400.1 NADH dehydrogenase subunit 4 (mitochondrion) [Myotis myotis]
ND4|Desmodus_rotundus|YP_008578423	YP_009231401.1	23.353	51.6	1.99e-06	YP_009231401.1 NADH dehydrogenase subunit 5 (mitochondrion) [Myotis myotis]
ND4|Diaemus_youngi|YP_009466896	YP_009231400.1	78.214	696	0.0	YP_009231400.1 NADH dehydrogenase subunit 4 (mitochondrion) [Myotis myotis]
ND4|Diaemus_youngi|YP_009466896	YP_009231401.1	25.672	58.5	1.46e-08	YP_009231401.1 NADH dehydrogenase subunit 5 (mitochondrion) [Myotis myotis]
ND4|Diphylla_ecaudata|YP_009466961	YP_009231400.1	75.599	674	0.0	YP_009231400.1 NADH dehydrogenase subunit 4 (mitochondrion) [Myotis myotis]
ND4|Diphylla_ecaudata|YP_009466961	YP_009231401.1	23.200	52.4	1.33e-06	YP_009231401.1 NADH dehydrogenase subunit 5 (mitochondrion) [Myotis myotis]
ND4|Ectophylla_alba|YP_009589357	YP_009231400.1	79.303	699	0.0	YP_009231400.1 NADH dehydrogenase subunit 4 (mitochondrion) [Myotis myotis]
ND4|Ectophylla_alba|YP_009589357	YP_009231401.1	25.979	55.8	1.10e-07	YP_009231401.1 NADH dehydrogenase subunit 5 (mitochondrion) [Myotis myotis]
ND4|Eidolon_helvum|YP_009754603	YP_009231400.1	82.135	730	0.0	YP_009231400.1 NADH dehydrogenase subunit 4 (mitochondrion) [Myotis myotis]
ND4|Eidolon_helvum|YP_009754603	YP_009231401.1	22.609	58.9	1.26e-08	YP_009231401.1 NADH dehydrogenase subunit 5 (mitochondrion) [Myotis myotis]
ND4|Eonycteris_spelaea|YP_009754616	YP_009231400.1	81.264	726	0.0	YP_009231400.1 NADH dehydrogenase subunit 4 (mitochondrion) [Myotis myotis]
ND4|Eonycteris_spelaea|YP_009754616	YP_009231401.1	25.225	53.9	4.64e-07	YP_009231401.1 NADH dehydrogenase subunit 5 (mitochondrion) [Myotis myotis]
ND4|Epomophorus_crypturus|YP_009754629	YP_009231400.1	81.264	726	0.0	YP_009231400.1 NADH dehydrogenase subunit 4 (mitochondrion) [Myotis myotis]
ND4|Epomophorus_crypturus|YP_009754629	YP_009231401.1	25.291	54.7	2.71e-07	YP_009231401.1 NADH dehydrogenase subunit 5 (mitochondrion) [Myotis myotis]
ND4|Epomophorus_dobsonii|YP_009754707	YP_009231400.1	80.610	721	0.0	YP_009231400.1 NADH dehydrogenase subunit 4 (mitochondrion) [Myotis myotis]
ND4|Epomophorus_dobsonii|YP_009754707	YP_009231401.1	25.731	55.1	1.72e-07	YP_009231401.1 NADH dehydrogenase subunit 5 (mitochondrion) [Myotis myotis]
ND4|Epomophorus_gambianus|YP_009232305	YP_009231400.1	81.481	728	0.0	YP_009231400.1 NADH dehydrogenase subunit 4 (mitochondrion) [Myotis myotis]
ND4|Epomophorus_gambianus|YP_009232305	YP_009231401.1	25.434	52.8	9.82e-07	YP_009231401.1 NADH dehydrogenase subunit 5 (mitochondrion) [Myotis myotis]
ND4|Epomophorus_labiatus|YP_009754642	YP_009231400.1	81.264	726	0.0	YP_009231400.1 NADH dehydrogenase subunit 4 (mitochondrion) [Myotis myotis]
ND4|Epomophorus_labiatus|YP_009754642	YP_009231401.1	25.220	52.8	9.65e-07	YP_009231401.1 NADH dehydrogenase subunit 5 (mitochondrion) [Myotis myotis]
ND4|Epomophorus_minor|YP_009754681	YP_009231400.1	81.481	728	0.0	YP_009231400.1 NADH dehydrogenase subunit 4 (mitochondrion) [Myotis myotis]
ND4|Epomophorus_minor|YP_009754681	YP_009231401.1	25.220	52.8	9.24e-07	YP_009231401.1 NADH dehydrogenase subunit 5 (mitochondrion) [Myotis myotis]
ND4|Epomophorus_pusillus|YP_009754798	YP_009231400.1	81.481	730	0.0	YP_009231400.1 NADH dehydrogenase subunit 4 (mitochondrion) [Myotis myotis]
ND4|Epomophorus_pusillus|YP_009754798	YP_009231401.1	25.434	52.8	9.82e-07	YP_009231401.1 NADH dehydrogenase subunit 5 (mitochondrion) [Myotis myotis]
ND4|Epomophorus_wahlbergi|YP_009754655	YP_009231400.1	80.828	723	0.0	YP_009231400.1 NADH dehydrogenase subunit 4 (mitochondrion) [Myotis myotis]
ND4|Epomophorus_wahlbergi|YP_009754655	YP_009231401.1	25.806	54.7	2.16e-07	YP_009231401.1 NADH dehydrogenase subunit 5 (mitochondrion) [Myotis myotis]
ND4|Epomops_buettikoferi|YP_009754694	YP_009231400.1	81.046	728	0.0	YP_009231400.1 NADH dehydrogenase subunit 4 (mitochondrion) [Myotis myotis]
ND4|Epomops_buettikoferi|YP_009754694	YP_009231401.1	24.211	57.4	3.61e-08	YP_009231401.1 NADH dehydrogenase subunit 5 (mitochondrion) [Myotis myotis]
ND4|Epomops_franqueti|YP_009754720	YP_009231400.1	81.264	728	0.0	YP_009231400.1 NADH dehydrogenase subunit 4 (mitochondrion) [Myotis myotis]
ND4|Epomops_franqueti|YP_009754720	YP_009231401.1	24.551	57.8	2.80e-08	YP_009231401.1 NADH dehydrogenase subunit 5 (mitochondrion) [Myotis myotis]
ND4|Eudiscopus_denticulus|YP_010148071	YP_009231400.1	89.325	791	0.0	YP_009231400.1 NADH dehydrogenase subunit 4 (mitochondrion) [Myotis myotis]
ND4|Eudiscopus_denticulus|YP_010148071	YP_009231401.1	22.656	52.8	9.16e-07	YP_009231401.1 NADH dehydrogenase subunit 5 (mitochondrion) [Myotis myotis]
ND4|Furipterus_horrens|YP_009826335	YP_009231400.1	75.381	677	0.0	YP_009231400.1 NADH dehydrogenase subunit 4 (mitochondrion) [Myotis myotis]
ND4|Furipterus_horrens|YP_009826335	YP_009231401.1	22.222	55.5	1.47e-07	YP_009231401.1 NADH dehydrogenase subunit 5 (mitochondrion) [Myotis myotis]
ND4|Glossophaga_soricina|YP_010455526	YP_009231400.1	79.739	715	0.0	YP_009231400.1 NADH dehydrogenase subunit 4 (mitochondrion) [Myotis myotis]
ND4|Glossophaga_soricina|YP_010455526	YP_009231401.1	22.867	50.8	3.53e-06	YP_009231401.1 NADH dehydrogenase subunit 5 (mitochondrion) [Myotis myotis]
ND4|Glyphonycteris_daviesi|YP_009466974	YP_009231400.1	79.739	699	0.0	YP_009231400.1 NADH dehydrogenase subunit 4 (mitochondrion) [Myotis myotis]
ND4|Glyphonycteris_daviesi|YP_009466974	YP_009231401.1	25.368	52.4	1.40e-06	YP_009231401.1 NADH dehydrogenase subunit 5 (mitochondrion) [Myotis myotis]
ND4|Hipposideros_armiger|YP_006665755	YP_009231400.1	78.649	701	0.0	YP_009231400.1 NADH dehydrogenase subunit 4 (mitochondrion) [Myotis myotis]
ND4|Hipposideros_armiger|YP_006665755	YP_009231401.1	24.549	51.2	3.23e-06	YP_009231401.1 NADH dehydrogenase subunit 5 (mitochondrion) [Myotis myotis]
ND4|Hipposideros_caffer|YP_011102882	YP_009231400.1	78.649	702	0.0	YP_009231400.1 NADH dehydrogenase subunit 4 (mitochondrion) [Myotis myotis]
ND4|Hipposideros_caffer|YP_011102882	YP_009231401.1	23.647	55.1	1.75e-07	YP_009231401.1 NADH dehydrogenase subunit 5 (mitochondrion) [Myotis myotis]
ND4|Hipposideros_cervinus|YP_010305177	YP_009231400.1	78.431	697	0.0	YP_009231400.1 NADH dehydrogenase subunit 4 (mitochondrion) [Myotis myotis]
ND4|Hipposideros_cervinus|YP_010305177	YP_009231401.1	22.993	52.8	1.06e-06	YP_009231401.1 NADH dehydrogenase subunit 5 (mitochondrion) [Myotis myotis]
ND4|Hipposideros_larvatus|YP_010305203	YP_009231400.1	78.649	701	0.0	YP_009231400.1 NADH dehydrogenase subunit 4 (mitochondrion) [Myotis myotis]
ND4|Hipposideros_larvatus|YP_010305203	YP_009231401.1	24.549	51.2	2.86e-06	YP_009231401.1 NADH dehydrogenase subunit 5 (mitochondrion) [Myotis myotis]
ND4|Hipposideros_lylei|YP_010938285	YP_009231400.1	79.085	704	0.0	YP_009231400.1 NADH dehydrogenase subunit 4 (mitochondrion) [Myotis myotis]
ND4|Hipposideros_lylei|YP_010938285	YP_009231401.1	23.358	52.4	1.35e-06	YP_009231401.1 NADH dehydrogenase subunit 5 (mitochondrion) [Myotis myotis]
ND4|Hipposideros_pomona|YP_010321533	YP_009231400.1	78.214	691	0.0	YP_009231400.1 NADH dehydrogenase subunit 4 (mitochondrion) [Myotis myotis]
ND4|Hipposideros_pomona|YP_010321533	YP_009231401.1	25.714	53.1	6.52e-07	YP_009231401.1 NADH dehydrogenase subunit 5 (mitochondrion) [Myotis myotis]
ND4|Histiotus_macrotus|YP_010611028	YP_009231400.1	86.057	769	0.0	YP_009231400.1 NADH dehydrogenase subunit 4 (mitochondrion) [Myotis myotis]
ND4|Histiotus_macrotus|YP_010611028	YP_009231401.1	22.980	62.0	1.25e-09	YP_009231401.1 NADH dehydrogenase subunit 5 (mitochondrion) [Myotis myotis]
ND4|Histiotus_magellanicus|YP_010611054	YP_009231400.1	85.403	764	0.0	YP_009231400.1 NADH dehydrogenase subunit 4 (mitochondrion) [Myotis myotis]
ND4|Histiotus_magellanicus|YP_010611054	YP_009231401.1	22.857	63.5	4.00e-10	YP_009231401.1 NADH dehydrogenase subunit 5 (mitochondrion) [Myotis myotis]
ND4|Histiotus_montanus|YP_010611041	YP_009231400.1	85.403	764	0.0	YP_009231400.1 NADH dehydrogenase subunit 4 (mitochondrion) [Myotis myotis]
ND4|Histiotus_montanus|YP_010611041	YP_009231401.1	22.857	63.2	5.20e-10	YP_009231401.1 NADH dehydrogenase subunit 5 (mitochondrion) [Myotis myotis]
ND4|Hsunycteris_thomasi|YP_009466909	YP_009231400.1	78.649	696	0.0	YP_009231400.1 NADH dehydrogenase subunit 4 (mitochondrion) [Myotis myotis]
ND4|Hsunycteris_thomasi|YP_009466909	YP_009231401.1	24.653	55.8	9.59e-08	YP_009231401.1 NADH dehydrogenase subunit 5 (mitochondrion) [Myotis myotis]
ND4|Hypsignathus_monstrosus|YP_009754733	YP_009231400.1	81.917	736	0.0	YP_009231400.1 NADH dehydrogenase subunit 4 (mitochondrion) [Myotis myotis]
ND4|Hypsignathus_monstrosus|YP_009754733	YP_009231401.1	26.190	59.3	7.63e-09	YP_009231401.1 NADH dehydrogenase subunit 5 (mitochondrion) [Myotis myotis]
ND4|Hypsugo_alaschanicus|YP_009246599	YP_009231400.1	86.710	773	0.0	YP_009231400.1 NADH dehydrogenase subunit 4 (mitochondrion) [Myotis myotis]
ND4|Hypsugo_alaschanicus|YP_009246599	YP_009231401.1	23.980	60.1	5.06e-09	YP_009231401.1 NADH dehydrogenase subunit 5 (mitochondrion) [Myotis myotis]
ND4|Kerivoula_minuta|YP_010305190	YP_009231400.1	86.492	769	0.0	YP_009231400.1 NADH dehydrogenase subunit 4 (mitochondrion) [Myotis myotis]
ND4|Kerivoula_minuta|YP_010305190	YP_009231401.1	21.097	50.1	6.59e-06	YP_009231401.1 NADH dehydrogenase subunit 5 (mitochondrion) [Myotis myotis]
ND4|Kerivoula_papillosa|YP_010305164	YP_009231400.1	86.275	764	0.0	YP_009231400.1 NADH dehydrogenase subunit 4 (mitochondrion) [Myotis myotis]
ND4|Kerivoula_papillosa|YP_010305164	YP_009231401.1	25.000	56.2	7.65e-08	YP_009231401.1 NADH dehydrogenase subunit 5 (mitochondrion) [Myotis myotis]
ND4|Lasionycteris_noctivagans|YP_009943238	YP_009231400.1	84.902	751	0.0	YP_009231400.1 NADH dehydrogenase subunit 4 (mitochondrion) [Myotis myotis]
ND4|Lasionycteris_noctivagans|YP_009943238	YP_009231401.1	23.256	65.9	6.74e-11	YP_009231401.1 NADH dehydrogenase subunit 5 (mitochondrion) [Myotis myotis]
ND4|Lasiurus_borealis|YP_005255237	YP_009231400.1	88.017	786	0.0	YP_009231400.1 NADH dehydrogenase subunit 4 (mitochondrion) [Myotis myotis]
ND4|Lasiurus_borealis|YP_005255237	YP_009231401.1	22.704	52.8	1.05e-06	YP_009231401.1 NADH dehydrogenase subunit 5 (mitochondrion) [Myotis myotis]
ND4|Leptonycteris_curasoae|YP_010500250	YP_009231400.1	79.956	707	0.0	YP_009231400.1 NADH dehydrogenase subunit 4 (mitochondrion) [Myotis myotis]
ND4|Leptonycteris_curasoae|YP_010500250	YP_009231401.1	22.848	58.2	1.70e-08	YP_009231401.1 NADH dehydrogenase subunit 5 (mitochondrion) [Myotis myotis]
ND4|Leptonycteris_nivalis|YP_010500224	YP_009231400.1	80.174	708	0.0	YP_009231400.1 NADH dehydrogenase subunit 4 (mitochondrion) [Myotis myotis]
ND4|Leptonycteris_nivalis|YP_010500224	YP_009231401.1	22.977	50.4	5.22e-06	YP_009231401.1 NADH dehydrogenase subunit 5 (mitochondrion) [Myotis myotis]
ND4|Leptonycteris_yerbabuenae|YP_010500237	YP_009231400.1	80.828	716	0.0	YP_009231400.1 NADH dehydrogenase subunit 4 (mitochondrion) [Myotis myotis]
ND4|Leptonycteris_yerbabuenae|YP_010500237	YP_009231401.1	22.654	57.8	2.38e-08	YP_009231401.1 NADH dehydrogenase subunit 5 (mitochondrion) [Myotis myotis]
ND4|Lonchophylla_concava|YP_010455604	YP_009231400.1	78.867	699	0.0	YP_009231400.1 NADH dehydrogenase subunit 4 (mitochondrion) [Myotis myotis]
ND4|Lonchophylla_concava|YP_010455604	YP_009231401.1	22.832	55.5	1.32e-07	YP_009231401.1 NADH dehydrogenase subunit 5 (mitochondrion) [Myotis myotis]
ND4|Lonchophylla_robusta|YP_010455552	YP_009231400.1	78.214	689	0.0	YP_009231400.1 NADH dehydrogenase subunit 4 (mitochondrion) [Myotis myotis]
ND4|Lonchophylla_robusta|YP_010455552	YP_009231401.1	22.683	59.3	8.70e-09	YP_009231401.1 NADH dehydrogenase subunit 5 (mitochondrion) [Myotis myotis]
ND4|Lonchorhina_aurita|YP_009466922	YP_009231400.1	79.521	701	0.0	YP_009231400.1 NADH dehydrogenase subunit 4 (mitochondrion) [Myotis myotis]
ND4|Lonchorhina_aurita|YP_009466922	YP_009231401.1	23.404	56.6	5.59e-08	YP_009231401.1 NADH dehydrogenase subunit 5 (mitochondrion) [Myotis myotis]
ND4|Lophostoma_brasiliense|YP_010455474	YP_009231400.1	79.956	701	0.0	YP_009231400.1 NADH dehydrogenase subunit 4 (mitochondrion) [Myotis myotis]
ND4|Lophostoma_brasiliense|YP_010455474	YP_009231401.1	24.185	58.2	1.89e-08	YP_009231401.1 NADH dehydrogenase subunit 5 (mitochondrion) [Myotis myotis]
ND4|Lophostoma_silvicola|YP_008578436	YP_009231400.1	77.996	681	0.0	YP_009231400.1 NADH dehydrogenase subunit 4 (mitochondrion) [Myotis myotis]
ND4|Lophostoma_silvicola|YP_008578436	YP_009231401.1	24.719	60.1	4.60e-09	YP_009231401.1 NADH dehydrogenase subunit 5 (mitochondrion) [Myotis myotis]
ND4|Macroderma_gigas|YP_010172285	YP_009231400.1	77.778	692	0.0	YP_009231400.1 NADH dehydrogenase subunit 4 (mitochondrion) [Myotis myotis]
ND4|Macroderma_gigas|YP_010172285	YP_009231401.1	23.358	54.3	2.98e-07	YP_009231401.1 NADH dehydrogenase subunit 5 (mitochondrion) [Myotis myotis]
ND4|Macroglossus_sobrinus|YP_009754746	YP_009231400.1	80.828	723	0.0	YP_009231400.1 NADH dehydrogenase subunit 4 (mitochondrion) [Myotis myotis]
ND4|Macroglossus_sobrinus|YP_009754746	YP_009231401.1	26.224	64.7	1.54e-10	YP_009231401.1 NADH dehydrogenase subunit 5 (mitochondrion) [Myotis myotis]
ND4|Macrotus_californicus|YP_009466935	YP_009231400.1	81.046	721	0.0	YP_009231400.1 NADH dehydrogenase subunit 4 (mitochondrion) [Myotis myotis]
ND4|Macrotus_californicus|YP_009466935	YP_009231401.1	26.132	63.2	4.56e-10	YP_009231401.1 NADH dehydrogenase subunit 5 (mitochondrion) [Myotis myotis]
ND4|Macrotus_waterhousii|YP_010710553	YP_009231400.1	80.392	728	0.0	YP_009231400.1 NADH dehydrogenase subunit 4 (mitochondrion) [Myotis myotis]
ND4|Macrotus_waterhousii|YP_010710553	YP_009231401.1	25.705	60.5	4.07e-09	YP_009231401.1 NADH dehydrogenase subunit 5 (mitochondrion) [Myotis myotis]
ND4|Megaerops_niphanae|YP_009754759	YP_009231400.1	82.571	735	0.0	YP_009231400.1 NADH dehydrogenase subunit 4 (mitochondrion) [Myotis myotis]
ND4|Megaerops_niphanae|YP_009754759	YP_009231401.1	24.781	52.4	1.19e-06	YP_009231401.1 NADH dehydrogenase subunit 5 (mitochondrion) [Myotis myotis]
ND4|Megaloglossus_azagnyi|YP_009754772	YP_009231400.1	80.174	719	0.0	YP_009231400.1 NADH dehydrogenase subunit 4 (mitochondrion) [Myotis myotis]
ND4|Megaloglossus_azagnyi|YP_009754772	YP_009231401.1	26.023	59.3	8.70e-09	YP_009231401.1 NADH dehydrogenase subunit 5 (mitochondrion) [Myotis myotis]
ND4|Megaloglossus_woermanni|YP_009754785	YP_009231400.1	80.174	716	0.0	YP_009231400.1 NADH dehydrogenase subunit 4 (mitochondrion) [Myotis myotis]
ND4|Megaloglossus_woermanni|YP_009754785	YP_009231401.1	25.882	61.6	1.80e-09	YP_009231401.1 NADH dehydrogenase subunit 5 (mitochondrion) [Myotis myotis]
ND4|Micronycteris_hirsuta|YP_010455565	YP_009231400.1	82.353	740	0.0	YP_009231400.1 NADH dehydrogenase subunit 4 (mitochondrion) [Myotis myotis]
ND4|Micronycteris_hirsuta|YP_010455565	YP_009231401.1	25.197	67.4	2.27e-11	YP_009231401.1 NADH dehydrogenase subunit 5 (mitochondrion) [Myotis myotis]
ND4|Micronycteris_megalotis|YP_008578371	YP_009231400.1	81.917	734	0.0	YP_009231400.1 NADH dehydrogenase subunit 4 (mitochondrion) [Myotis myotis]
ND4|Micronycteris_megalotis|YP_008578371	YP_009231401.1	25.225	65.9	6.85e-11	YP_009231401.1 NADH dehydrogenase subunit 5 (mitochondrion) [Myotis myotis]
ND4|Miniopterus_fuliginosus|YP_009687836	YP_009231400.1	83.442	750	0.0	YP_009231400.1 NADH dehydrogenase subunit 4 (mitochondrion) [Myotis myotis]
ND4|Miniopterus_fuliginosus|YP_009687836	YP_009231401.1	23.256	60.1	4.64e-09	YP_009231401.1 NADH dehydrogenase subunit 5 (mitochondrion) [Myotis myotis]
ND4|Molossus_molossus|YP_010455617	YP_009231400.1	83.442	739	0.0	YP_009231400.1 NADH dehydrogenase subunit 4 (mitochondrion) [Myotis myotis]
ND4|Molossus_molossus|YP_010455617	YP_009231401.1	23.824	58.9	1.20e-08	YP_009231401.1 NADH dehydrogenase subunit 5 (mitochondrion) [Myotis myotis]
ND4|Murina_leucogaster|YP_009112378	YP_009231400.1	84.816	744	0.0	YP_009231400.1 NADH dehydrogenase subunit 4 (mitochondrion) [Myotis myotis]
ND4|Murina_leucogaster|YP_009112378	YP_009231401.1	23.464	54.7	2.54e-07	YP_009231401.1 NADH dehydrogenase subunit 5 (mitochondrion) [Myotis myotis]
ND4|Murina_ussuriensis|YP_007890336	YP_009231400.1	85.403	756	0.0	YP_009231400.1 NADH dehydrogenase subunit 4 (mitochondrion) [Myotis myotis]
ND4|Murina_ussuriensis|YP_007890336	YP_009231401.1	25.541	53.1	7.76e-07	YP_009231401.1 NADH dehydrogenase subunit 5 (mitochondrion) [Myotis myotis]
ND4|Myonycteris_angolensis|YP_009754811	YP_009231400.1	80.392	719	0.0	YP_009231400.1 NADH dehydrogenase subunit 4 (mitochondrion) [Myotis myotis]
ND4|Myonycteris_angolensis|YP_009754811	YP_009231401.1	25.826	54.3	3.39e-07	YP_009231401.1 NADH dehydrogenase subunit 5 (mitochondrion) [Myotis myotis]
ND4|Myonycteris_leptodon|YP_009754824	YP_009231400.1	80.610	720	0.0	YP_009231400.1 NADH dehydrogenase subunit 4 (mitochondrion) [Myotis myotis]
ND4|Myonycteris_leptodon|YP_009754824	YP_009231401.1	26.126	57.4	3.43e-08	YP_009231401.1 NADH dehydrogenase subunit 5 (mitochondrion) [Myotis myotis]
ND4|Myonycteris_relicta|YP_009754837	YP_009231400.1	80.828	721	0.0	YP_009231400.1 NADH dehydrogenase subunit 4 (mitochondrion) [Myotis myotis]
ND4|Myonycteris_relicta|YP_009754837	YP_009231401.1	26.426	57.0	4.77e-08	YP_009231401.1 NADH dehydrogenase subunit 5 (mitochondrion) [Myotis myotis]
ND4|Myonycteris_torquata|YP_009754850	YP_009231400.1	80.392	719	0.0	YP_009231400.1 NADH dehydrogenase subunit 4 (mitochondrion) [Myotis myotis]
ND4|Myonycteris_torquata|YP_009754850	YP_009231401.1	26.126	56.2	8.57e-08	YP_009231401.1 NADH dehydrogenase subunit 5 (mitochondrion) [Myotis myotis]
ND4|Myotis_albescens|YP_009442777	YP_009231400.1	92.810	822	0.0	YP_009231400.1 NADH dehydrogenase subunit 4 (mitochondrion) [Myotis myotis]
ND4|Myotis_albescens|YP_009442777	YP_009231401.1	22.025	52.0	1.84e-06	YP_009231401.1 NADH dehydrogenase subunit 5 (mitochondrion) [Myotis myotis]
ND4|Myotis_atacamensis|YP_009442738	YP_009231400.1	94.336	834	0.0	YP_009231400.1 NADH dehydrogenase subunit 4 (mitochondrion) [Myotis myotis]
ND4|Myotis_atacamensis|YP_009442738	YP_009231401.1	22.365	57.0	4.49e-08	YP_009231401.1 NADH dehydrogenase subunit 5 (mitochondrion) [Myotis myotis]
ND4|Myotis_auriculus|YP_009442686	YP_009231400.1	91.939	818	0.0	YP_009231400.1 NADH dehydrogenase subunit 4 (mitochondrion) [Myotis myotis]
ND4|Myotis_auriculus|YP_009442686	YP_009231401.1	23.881	49.7	8.05e-06	YP_009231401.1 NADH dehydrogenase subunit 5 (mitochondrion) [Myotis myotis]
ND4|Myotis_bechsteinii|YP_009351946	YP_009231400.1	93.682	825	0.0	YP_009231400.1 NADH dehydrogenase subunit 4 (mitochondrion) [Myotis myotis]
ND4|Myotis_bechsteinii|YP_009351946	YP_009231401.1	21.574	54.7	2.31e-07	YP_009231401.1 NADH dehydrogenase subunit 5 (mitochondrion) [Myotis myotis]
ND4|Myotis_bombinus|YP_009231348	YP_009231400.1	93.682	824	0.0	YP_009231400.1 NADH dehydrogenase subunit 4 (mitochondrion) [Myotis myotis]
ND4|Myotis_bombinus|YP_009231348	YP_009231401.1	22.997	58.2	1.84e-08	YP_009231401.1 NADH dehydrogenase subunit 5 (mitochondrion) [Myotis myotis]
ND4|Myotis_brandtii|YP_009092852	YP_009231400.1	93.246	821	0.0	YP_009231400.1 NADH dehydrogenase subunit 4 (mitochondrion) [Myotis myotis]
ND4|Myotis_brandtii|YP_009092852	YP_009231401.1	22.917	55.8	1.11e-07	YP_009231401.1 NADH dehydrogenase subunit 5 (mitochondrion) [Myotis myotis]
ND4|Myotis_davidii|YP_010268951	YP_009231400.1	95.425	839	0.0	YP_009231400.1 NADH dehydrogenase subunit 4 (mitochondrion) [Myotis myotis]
ND4|Myotis_davidii|YP_010268951	YP_009231401.1	22.365	53.9	4.77e-07	YP_009231401.1 NADH dehydrogenase subunit 5 (mitochondrion) [Myotis myotis]
ND4|Myotis_dominicensis|YP_009442582	YP_009231400.1	93.900	830	0.0	YP_009231400.1 NADH dehydrogenase subunit 4 (mitochondrion) [Myotis myotis]
ND4|Myotis_dominicensis|YP_009442582	YP_009231401.1	23.054	54.7	2.25e-07	YP_009231401.1 NADH dehydrogenase subunit 5 (mitochondrion) [Myotis myotis]
ND4|Myotis_evotis|YP_009442595	YP_009231400.1	92.375	819	0.0	YP_009231400.1 NADH dehydrogenase subunit 4 (mitochondrion) [Myotis myotis]
ND4|Myotis_evotis|YP_009442595	YP_009231401.1	22.590	53.9	4.01e-07	YP_009231401.1 NADH dehydrogenase subunit 5 (mitochondrion) [Myotis myotis]
ND4|Myotis_formosus|YP_004734064	YP_009231400.1	93.900	819	0.0	YP_009231400.1 NADH dehydrogenase subunit 4 (mitochondrion) [Myotis myotis]
ND4|Myotis_frater|YP_009589344	YP_009231400.1	94.336	827	0.0	YP_009231400.1 NADH dehydrogenase subunit 4 (mitochondrion) [Myotis myotis]
ND4|Myotis_frater|YP_009589344	YP_009231401.1	22.222	52.4	1.38e-06	YP_009231401.1 NADH dehydrogenase subunit 5 (mitochondrion) [Myotis myotis]
ND4|Myotis_horsfieldii|YP_009442751	YP_009231400.1	91.721	817	0.0	YP_009231400.1 NADH dehydrogenase subunit 4 (mitochondrion) [Myotis myotis]
ND4|Myotis_horsfieldii|YP_009442751	YP_009231401.1	23.117	56.6	5.64e-08	YP_009231401.1 NADH dehydrogenase subunit 5 (mitochondrion) [Myotis myotis]
ND4|Myotis_ikonnikovi|YP_008757933	YP_009231400.1	94.771	830	0.0	YP_009231400.1 NADH dehydrogenase subunit 4 (mitochondrion) [Myotis myotis]
ND4|Myotis_ikonnikovi|YP_008757933	YP_009231401.1	22.108	52.4	1.23e-06	YP_009231401.1 NADH dehydrogenase subunit 5 (mitochondrion) [Myotis myotis]
ND4|Myotis_keaysi|YP_009442608	YP_009231400.1	92.375	819	0.0	YP_009231400.1 NADH dehydrogenase subunit 4 (mitochondrion) [Myotis myotis]
ND4|Myotis_keaysi|YP_009442608	YP_009231401.1	23.653	56.6	6.65e-08	YP_009231401.1 NADH dehydrogenase subunit 5 (mitochondrion) [Myotis myotis]
ND4|Myotis_leibii|YP_009442699	YP_009231400.1	93.028	823	0.0	YP_009231400.1 NADH dehydrogenase subunit 4 (mitochondrion) [Myotis myotis]
ND4|Myotis_leibii|YP_009442699	YP_009231401.1	22.280	49.7	8.12e-06	YP_009231401.1 NADH dehydrogenase subunit 5 (mitochondrion) [Myotis myotis]
ND4|Myotis_lucifugus|YP_009243542	YP_009231400.1	93.246	823	0.0	YP_009231400.1 NADH dehydrogenase subunit 4 (mitochondrion) [Myotis myotis]
ND4|Myotis_lucifugus|YP_009243542	YP_009231401.1	23.881	51.6	2.00e-06	YP_009231401.1 NADH dehydrogenase subunit 5 (mitochondrion) [Myotis myotis]
ND4|Myotis_macrodactylus|YP_008757881	YP_009231400.1	94.336	828	0.0	YP_009231400.1 NADH dehydrogenase subunit 4 (mitochondrion) [Myotis myotis]
ND4|Myotis_macrodactylus|YP_008757881	YP_009231401.1	23.881	50.1	7.58e-06	YP_009231401.1 NADH dehydrogenase subunit 5 (mitochondrion) [Myotis myotis]
ND4|Myotis_martiniquensis|YP_009442790	YP_009231400.1	91.285	808	0.0	YP_009231400.1 NADH dehydrogenase subunit 4 (mitochondrion) [Myotis myotis]
ND4|Myotis_martiniquensis|YP_009442790	YP_009231401.1	24.627	54.7	2.33e-07	YP_009231401.1 NADH dehydrogenase subunit 5 (mitochondrion) [Myotis myotis]
ND4|Myotis_muricola|YP_009234309	YP_009231400.1	94.336	834	0.0	YP_009231400.1 NADH dehydrogenase subunit 4 (mitochondrion) [Myotis myotis]
ND4|Myotis_muricola|YP_009234309	YP_009231401.1	22.365	57.0	4.49e-08	YP_009231401.1 NADH dehydrogenase subunit 5 (mitochondrion) [Myotis myotis]
ND4|Myotis_myotis|YP_009231400	YP_009231400.1	100.000	905	0.0	YP_009231400.1 NADH dehydrogenase subunit 4 (mitochondrion) [Myotis myotis]
ND4|Myotis_myotis|YP_009231400	YP_009231401.1	21.244	55.1	1.98e-07	YP_009231401.1 NADH dehydrogenase subunit 5 (mitochondrion) [Myotis myotis]
ND4|Myotis_nigricans|YP_009442660	YP_009231400.1	93.028	822	0.0	YP_009231400.1 NADH dehydrogenase subunit 4 (mitochondrion) [Myotis myotis]
ND4|Myotis_nigricans|YP_009442660	YP_009231401.1	22.396	49.7	9.67e-06	YP_009231401.1 NADH dehydrogenase subunit 5 (mitochondrion) [Myotis myotis]
ND4|Myotis_oxyotus|YP_009442634	YP_009231400.1	93.028	825	0.0	YP_009231400.1 NADH dehydrogenase subunit 4 (mitochondrion) [Myotis myotis]
ND4|Myotis_oxyotus|YP_009442634	YP_009231401.1	22.656	51.6	2.41e-06	YP_009231401.1 NADH dehydrogenase subunit 5 (mitochondrion) [Myotis myotis]
ND4|Myotis_petax|YP_010133429	YP_009231400.1	94.118	834	0.0	YP_009231400.1 NADH dehydrogenase subunit 4 (mitochondrion) [Myotis myotis]
ND4|Myotis_petax|YP_010133429	YP_009231401.1	20.997	52.0	1.64e-06	YP_009231401.1 NADH dehydrogenase subunit 5 (mitochondrion) [Myotis myotis]
ND4|Myotis_pilosus|YP_010117579	YP_009231400.1	94.989	833	0.0	YP_009231400.1 NADH dehydrogenase subunit 4 (mitochondrion) [Myotis myotis]
ND4|Myotis_pilosus|YP_010117579	YP_009231401.1	23.304	56.6	6.65e-08	YP_009231401.1 NADH dehydrogenase subunit 5 (mitochondrion) [Myotis myotis]
ND4|Myotis_riparius|YP_009442647	YP_009231400.1	93.028	823	0.0	YP_009231400.1 NADH dehydrogenase subunit 4 (mitochondrion) [Myotis myotis]
ND4|Myotis_riparius|YP_009442647	YP_009231401.1	23.177	50.8	3.88e-06	YP_009231401.1 NADH dehydrogenase subunit 5 (mitochondrion) [Myotis myotis]
ND4|Myotis_ruber|YP_009442621	YP_009231400.1	93.028	820	0.0	YP_009231400.1 NADH dehydrogenase subunit 4 (mitochondrion) [Myotis myotis]
ND4|Myotis_ruber|YP_009442621	YP_009231401.1	22.251	50.8	4.02e-06	YP_009231401.1 NADH dehydrogenase subunit 5 (mitochondrion) [Myotis myotis]
ND4|Myotis_septentrionalis|YP_009906154	YP_009231400.1	92.157	819	0.0	YP_009231400.1 NADH dehydrogenase subunit 4 (mitochondrion) [Myotis myotis]
ND4|Myotis_septentrionalis|YP_009906154	YP_009231401.1	24.014	51.2	2.89e-06	YP_009231401.1 NADH dehydrogenase subunit 5 (mitochondrion) [Myotis myotis]
ND4|Myotis_thysanodes|YP_009442725	YP_009231400.1	92.157	818	0.0	YP_009231400.1 NADH dehydrogenase subunit 4 (mitochondrion) [Myotis myotis]
ND4|Myotis_thysanodes|YP_009442725	YP_009231401.1	22.932	52.0	1.84e-06	YP_009231401.1 NADH dehydrogenase subunit 5 (mitochondrion) [Myotis myotis]
ND4|Myotis_volans|YP_009442764	YP_009231400.1	91.503	811	0.0	YP_009231400.1 NADH dehydrogenase subunit 4 (mitochondrion) [Myotis myotis]
ND4|Myotis_yumanensis|YP_009442673	YP_009231400.1	93.682	833	0.0	YP_009231400.1 NADH dehydrogenase subunit 4 (mitochondrion) [Myotis myotis]
ND4|Myotis_yumanensis|YP_009442673	YP_009231401.1	23.054	54.7	2.22e-07	YP_009231401.1 NADH dehydrogenase subunit 5 (mitochondrion) [Myotis myotis]
ND4|Mystacina_tuberculata|YP_220702	YP_009231400.1	83.660	749	0.0	YP_009231400.1 NADH dehydrogenase subunit 4 (mitochondrion) [Myotis myotis]
ND4|Mystacina_tuberculata|YP_220702	YP_009231401.1	24.289	55.8	9.68e-08	YP_009231401.1 NADH dehydrogenase subunit 5 (mitochondrion) [Myotis myotis]
ND4|Nanonycteris_veldkampii|YP_009754863	YP_009231400.1	81.699	733	0.0	YP_009231400.1 NADH dehydrogenase subunit 4 (mitochondrion) [Myotis myotis]
ND4|Nanonycteris_veldkampii|YP_009754863	YP_009231401.1	26.426	57.0	4.41e-08	YP_009231401.1 NADH dehydrogenase subunit 5 (mitochondrion) [Myotis myotis]
ND4|Noctilio_leporinus|YP_009466948	YP_009231400.1	79.303	707	0.0	YP_009231400.1 NADH dehydrogenase subunit 4 (mitochondrion) [Myotis myotis]
ND4|Noctilio_leporinus|YP_009466948	YP_009231401.1	22.552	52.4	1.18e-06	YP_009231401.1 NADH dehydrogenase subunit 5 (mitochondrion) [Myotis myotis]
ND4|Nyctalus_aviator|YP_010248101	YP_009231400.1	86.057	764	0.0	YP_009231400.1 NADH dehydrogenase subunit 4 (mitochondrion) [Myotis myotis]
ND4|Nyctalus_aviator|YP_010248101	YP_009231401.1	23.795	53.1	6.75e-07	YP_009231401.1 NADH dehydrogenase subunit 5 (mitochondrion) [Myotis myotis]
ND4|Nyctalus_noctula|YP_009144148	YP_009231400.1	85.185	761	0.0	YP_009231400.1 NADH dehydrogenase subunit 4 (mitochondrion) [Myotis myotis]
ND4|Nyctalus_noctula|YP_009144148	YP_009231401.1	24.179	55.1	1.66e-07	YP_009231401.1 NADH dehydrogenase subunit 5 (mitochondrion) [Myotis myotis]
ND4|Nyctalus_plancyi|YP_009564182	YP_009231400.1	85.403	764	0.0	YP_009231400.1 NADH dehydrogenase subunit 4 (mitochondrion) [Myotis myotis]
ND4|Nyctalus_plancyi|YP_009564182	YP_009231401.1	24.179	55.8	9.35e-08	YP_009231401.1 NADH dehydrogenase subunit 5 (mitochondrion) [Myotis myotis]
ND4|Nyctimene_cephalotes|YP_009754876	YP_009231400.1	81.481	725	0.0	YP_009231400.1 NADH dehydrogenase subunit 4 (mitochondrion) [Myotis myotis]
ND4|Nyctimene_cephalotes|YP_009754876	YP_009231401.1	23.123	52.8	1.10e-06	YP_009231401.1 NADH dehydrogenase subunit 5 (mitochondrion) [Myotis myotis]
ND4|Phyllostomus_discolor|YP_010455630	YP_009231400.1	80.392	705	0.0	YP_009231400.1 NADH dehydrogenase subunit 4 (mitochondrion) [Myotis myotis]
ND4|Phyllostomus_discolor|YP_010455630	YP_009231401.1	26.132	63.9	2.79e-10	YP_009231401.1 NADH dehydrogenase subunit 5 (mitochondrion) [Myotis myotis]
ND4|Pipistrellus_abramus|NP_976135	YP_009231400.1	85.652	763	0.0	YP_009231400.1 NADH dehydrogenase subunit 4 (mitochondrion) [Myotis myotis]
ND4|Pipistrellus_abramus|NP_976135	YP_009231401.1	22.597	52.8	1.04e-06	YP_009231401.1 NADH dehydrogenase subunit 5 (mitochondrion) [Myotis myotis]
ND4|Pipistrellus_coromandra|YP_009228278	YP_009231400.1	86.275	771	0.0	YP_009231400.1 NADH dehydrogenase subunit 4 (mitochondrion) [Myotis myotis]
ND4|Pipistrellus_coromandra|YP_009228278	YP_009231401.1	23.969	55.8	1.07e-07	YP_009231401.1 NADH dehydrogenase subunit 5 (mitochondrion) [Myotis myotis]
ND4|Pipistrellus_pipistrellus|YP_011103423	YP_009231400.1	86.492	770	0.0	YP_009231400.1 NADH dehydrogenase subunit 4 (mitochondrion) [Myotis myotis]
ND4|Pipistrellus_pipistrellus|YP_011103423	YP_009231401.1	23.544	60.5	3.27e-09	YP_009231401.1 NADH dehydrogenase subunit 5 (mitochondrion) [Myotis myotis]
ND4|Platyrrhinus_matapalensis|YP_010455578	YP_009231400.1	79.739	706	0.0	YP_009231400.1 NADH dehydrogenase subunit 4 (mitochondrion) [Myotis myotis]
ND4|Platyrrhinus_matapalensis|YP_010455578	YP_009231401.1	24.324	60.1	4.76e-09	YP_009231401.1 NADH dehydrogenase subunit 5 (mitochondrion) [Myotis myotis]
ND4|Plecotus_auritus|YP_004425107	YP_009231400.1	84.967	754	0.0	YP_009231400.1 NADH dehydrogenase subunit 4 (mitochondrion) [Myotis myotis]
ND4|Plecotus_auritus|YP_004425107	YP_009231401.1	25.436	51.6	2.02e-06	YP_009231401.1 NADH dehydrogenase subunit 5 (mitochondrion) [Myotis myotis]
ND4|Plecotus_macrobullaris|YP_009167290	YP_009231400.1	84.314	749	0.0	YP_009231400.1 NADH dehydrogenase subunit 4 (mitochondrion) [Myotis myotis]
ND4|Plecotus_macrobullaris|YP_009167290	YP_009231401.1	24.484	53.5	5.93e-07	YP_009231401.1 NADH dehydrogenase subunit 5 (mitochondrion) [Myotis myotis]
ND4|Plerotes_anchietae|YP_009754889	YP_009231400.1	79.303	714	0.0	YP_009231400.1 NADH dehydrogenase subunit 4 (mitochondrion) [Myotis myotis]
ND4|Plerotes_anchietae|YP_009754889	YP_009231401.1	24.629	63.2	5.43e-10	YP_009231401.1 NADH dehydrogenase subunit 5 (mitochondrion) [Myotis myotis]
ND4|Pteronotus_parnellii|YP_009000408	YP_009231400.1	80.174	718	0.0	YP_009231400.1 NADH dehydrogenase subunit 4 (mitochondrion) [Myotis myotis]
ND4|Pteronotus_parnellii|YP_009000408	YP_009231401.1	25.445	63.2	5.17e-10	YP_009231401.1 NADH dehydrogenase subunit 5 (mitochondrion) [Myotis myotis]
ND4|Pteronotus_personatus|YP_009338727	YP_009231400.1	81.046	725	0.0	YP_009231400.1 NADH dehydrogenase subunit 4 (mitochondrion) [Myotis myotis]
ND4|Pteronotus_personatus|YP_009338727	YP_009231401.1	24.543	62.0	1.11e-09	YP_009231401.1 NADH dehydrogenase subunit 5 (mitochondrion) [Myotis myotis]
ND4|Pteronotus_rubiginosus|YP_008578449	YP_009231400.1	80.828	724	0.0	YP_009231400.1 NADH dehydrogenase subunit 4 (mitochondrion) [Myotis myotis]
ND4|Pteronotus_rubiginosus|YP_008578449	YP_009231401.1	25.888	65.9	7.29e-11	YP_009231401.1 NADH dehydrogenase subunit 5 (mitochondrion) [Myotis myotis]
ND4|Pteropus_alecto|YP_008965263	YP_009231400.1	82.789	741	0.0	YP_009231400.1 NADH dehydrogenase subunit 4 (mitochondrion) [Myotis myotis]
ND4|Pteropus_alecto|YP_008965263	YP_009231401.1	24.465	54.3	3.61e-07	YP_009231401.1 NADH dehydrogenase subunit 5 (mitochondrion) [Myotis myotis]
ND4|Pteropus_dasymallus|NP_068791	YP_009231400.1	83.224	743	0.0	YP_009231400.1 NADH dehydrogenase subunit 4 (mitochondrion) [Myotis myotis]
ND4|Pteropus_dasymallus|NP_068791	YP_009231401.1	24.771	54.3	3.00e-07	YP_009231401.1 NADH dehydrogenase subunit 5 (mitochondrion) [Myotis myotis]
ND4|Pteropus_ornatus|YP_009754902	YP_009231400.1	82.571	737	0.0	YP_009231400.1 NADH dehydrogenase subunit 4 (mitochondrion) [Myotis myotis]
ND4|Pteropus_ornatus|YP_009754902	YP_009231401.1	25.076	55.5	1.30e-07	YP_009231401.1 NADH dehydrogenase subunit 5 (mitochondrion) [Myotis myotis]
ND4|Pteropus_scapulatus|NP_071651	YP_009231400.1	82.789	738	0.0	YP_009231400.1 NADH dehydrogenase subunit 4 (mitochondrion) [Myotis myotis]
ND4|Pteropus_scapulatus|NP_071651	YP_009231401.1	23.547	52.8	1.02e-06	YP_009231401.1 NADH dehydrogenase subunit 5 (mitochondrion) [Myotis myotis]
ND4|Pteropus_vampyrus|YP_009122661	YP_009231400.1	83.007	740	0.0	YP_009231400.1 NADH dehydrogenase subunit 4 (mitochondrion) [Myotis myotis]
ND4|Pteropus_vampyrus|YP_009122661	YP_009231401.1	23.853	53.5	5.53e-07	YP_009231401.1 NADH dehydrogenase subunit 5 (mitochondrion) [Myotis myotis]
ND4|Rhinolophus_affinis|YP_010004063	YP_009231400.1	79.739	713	0.0	YP_009231400.1 NADH dehydrogenase subunit 4 (mitochondrion) [Myotis myotis]
ND4|Rhinolophus_affinis|YP_010004063	YP_009231401.1	23.333	53.5	5.63e-07	YP_009231401.1 NADH dehydrogenase subunit 5 (mitochondrion) [Myotis myotis]
ND4|Rhinolophus_ferrumequinum_korai|YP_004935088	YP_009231400.1	80.610	719	0.0	YP_009231400.1 NADH dehydrogenase subunit 4 (mitochondrion) [Myotis myotis]
ND4|Rhinolophus_ferrumequinum_korai|YP_004935088	YP_009231401.1	24.047	57.0	4.77e-08	YP_009231401.1 NADH dehydrogenase subunit 5 (mitochondrion) [Myotis myotis]
ND4|Rhinolophus_ferrumequinum_quelpartis|YP_007474930	YP_009231400.1	80.610	719	0.0	YP_009231400.1 NADH dehydrogenase subunit 4 (mitochondrion) [Myotis myotis]
ND4|Rhinolophus_ferrumequinum_quelpartis|YP_007474930	YP_009231401.1	24.047	57.0	4.77e-08	YP_009231401.1 NADH dehydrogenase subunit 5 (mitochondrion) [Myotis myotis]
ND4|Rhinolophus_formosae|YP_002261374	YP_009231400.1	79.521	714	0.0	YP_009231400.1 NADH dehydrogenase subunit 4 (mitochondrion) [Myotis myotis]
ND4|Rhinolophus_formosae|YP_002261374	YP_009231401.1	24.112	55.8	1.09e-07	YP_009231401.1 NADH dehydrogenase subunit 5 (mitochondrion) [Myotis myotis]
ND4|Rhinolophus_francisi|YP_010926059	YP_009231400.1	78.649	705	0.0	YP_009231400.1 NADH dehydrogenase subunit 4 (mitochondrion) [Myotis myotis]
ND4|Rhinolophus_francisi|YP_010926059	YP_009231401.1	23.796	53.9	4.60e-07	YP_009231401.1 NADH dehydrogenase subunit 5 (mitochondrion) [Myotis myotis]
ND4|Rhinolophus_luctus|YP_006665742	YP_009231400.1	80.174	717	0.0	YP_009231400.1 NADH dehydrogenase subunit 4 (mitochondrion) [Myotis myotis]
ND4|Rhinolophus_luctus|YP_006665742	YP_009231401.1	23.667	53.1	6.41e-07	YP_009231401.1 NADH dehydrogenase subunit 5 (mitochondrion) [Myotis myotis]
ND4|Rhinolophus_macrotis|YP_009121507	YP_009231400.1	79.739	712	0.0	YP_009231400.1 NADH dehydrogenase subunit 4 (mitochondrion) [Myotis myotis]
ND4|Rhinolophus_macrotis|YP_009121507	YP_009231401.1	23.667	53.9	4.73e-07	YP_009231401.1 NADH dehydrogenase subunit 5 (mitochondrion) [Myotis myotis]
ND4|Rhinolophus_marshalli|YP_010322039	YP_009231400.1	80.174	714	0.0	YP_009231400.1 NADH dehydrogenase subunit 4 (mitochondrion) [Myotis myotis]
ND4|Rhinolophus_marshalli|YP_010322039	YP_009231401.1	23.000	55.1	1.98e-07	YP_009231401.1 NADH dehydrogenase subunit 5 (mitochondrion) [Myotis myotis]
ND4|Rhinolophus_monoceros|NP_976096	YP_009231400.1	79.521	711	0.0	YP_009231400.1 NADH dehydrogenase subunit 4 (mitochondrion) [Myotis myotis]
ND4|Rhinolophus_monoceros|NP_976096	YP_009231401.1	23.667	56.6	6.15e-08	YP_009231401.1 NADH dehydrogenase subunit 5 (mitochondrion) [Myotis myotis]
ND4|Rhinolophus_philippinensis|YP_010288436	YP_009231400.1	79.739	711	0.0	YP_009231400.1 NADH dehydrogenase subunit 4 (mitochondrion) [Myotis myotis]
ND4|Rhinolophus_philippinensis|YP_010288436	YP_009231401.1	24.000	53.5	4.94e-07	YP_009231401.1 NADH dehydrogenase subunit 5 (mitochondrion) [Myotis myotis]
ND4|Rhinolophus_pumilus|NP_976109	YP_009231400.1	80.174	717	0.0	YP_009231400.1 NADH dehydrogenase subunit 4 (mitochondrion) [Myotis myotis]
ND4|Rhinolophus_pumilus|NP_976109	YP_009231401.1	24.000	54.7	2.52e-07	YP_009231401.1 NADH dehydrogenase subunit 5 (mitochondrion) [Myotis myotis]
ND4|Rhinolophus_pusillus|YP_009731389	YP_009231400.1	79.956	714	0.0	YP_009231400.1 NADH dehydrogenase subunit 4 (mitochondrion) [Myotis myotis]
ND4|Rhinolophus_pusillus|YP_009731389	YP_009231401.1	23.333	53.9	3.74e-07	YP_009231401.1 NADH dehydrogenase subunit 5 (mitochondrion) [Myotis myotis]
ND4|Rhinolophus_rex|YP_009183693	YP_009231400.1	79.739	713	0.0	YP_009231400.1 NADH dehydrogenase subunit 4 (mitochondrion) [Myotis myotis]
ND4|Rhinolophus_rex|YP_009183693	YP_009231401.1	23.667	53.5	6.08e-07	YP_009231401.1 NADH dehydrogenase subunit 5 (mitochondrion) [Myotis myotis]
ND4|Rhinolophus_rex_paradoxolophus|YP_010322052	YP_009231400.1	79.739	713	0.0	YP_009231400.1 NADH dehydrogenase subunit 4 (mitochondrion) [Myotis myotis]
ND4|Rhinolophus_rex_paradoxolophus|YP_010322052	YP_009231401.1	23.667	53.5	4.89e-07	YP_009231401.1 NADH dehydrogenase subunit 5 (mitochondrion) [Myotis myotis]
ND4|Rhinolophus_siamensis|YP_010322026	YP_009231400.1	79.956	715	0.0	YP_009231400.1 NADH dehydrogenase subunit 4 (mitochondrion) [Myotis myotis]
ND4|Rhinolophus_siamensis|YP_010322026	YP_009231401.1	23.000	53.1	7.43e-07	YP_009231401.1 NADH dehydrogenase subunit 5 (mitochondrion) [Myotis myotis]
ND4|Rhinolophus_thomasi|YP_009353904	YP_009231400.1	80.392	712	0.0	YP_009231400.1 NADH dehydrogenase subunit 4 (mitochondrion) [Myotis myotis]
ND4|Rhinolophus_thomasi|YP_009353904	YP_009231401.1	24.079	56.6	6.04e-08	YP_009231401.1 NADH dehydrogenase subunit 5 (mitochondrion) [Myotis myotis]
ND4|Rhinolophus_yunanensis|YP_009445586	YP_009231400.1	80.174	709	0.0	YP_009231400.1 NADH dehydrogenase subunit 4 (mitochondrion) [Myotis myotis]
ND4|Rhinolophus_yunanensis|YP_009445586	YP_009231401.1	24.112	56.6	5.59e-08	YP_009231401.1 NADH dehydrogenase subunit 5 (mitochondrion) [Myotis myotis]
ND4|Rhinophylla_pumilio|YP_008578462	YP_009231400.1	80.828	716	0.0	YP_009231400.1 NADH dehydrogenase subunit 4 (mitochondrion) [Myotis myotis]
ND4|Rhinophylla_pumilio|YP_008578462	YP_009231401.1	23.301	61.6	1.74e-09	YP_009231401.1 NADH dehydrogenase subunit 5 (mitochondrion) [Myotis myotis]
ND4|Rhogeessa_aenea|YP_010944647	YP_009231400.1	90.196	803	0.0	YP_009231400.1 NADH dehydrogenase subunit 4 (mitochondrion) [Myotis myotis]
ND4|Rhogeessa_aenea|YP_010944647	YP_009231401.1	23.529	52.8	1.05e-06	YP_009231401.1 NADH dehydrogenase subunit 5 (mitochondrion) [Myotis myotis]
ND4|Rhogeessa_genowaysi|YP_010965077	YP_009231400.1	90.850	808	0.0	YP_009231400.1 NADH dehydrogenase subunit 4 (mitochondrion) [Myotis myotis]
ND4|Rhogeessa_genowaysi|YP_010965077	YP_009231401.1	23.274	51.6	1.99e-06	YP_009231401.1 NADH dehydrogenase subunit 5 (mitochondrion) [Myotis myotis]
ND4|Rhogeessa_mira|YP_010965064	YP_009231400.1	89.107	790	0.0	YP_009231400.1 NADH dehydrogenase subunit 4 (mitochondrion) [Myotis myotis]
ND4|Rhogeessa_mira|YP_010965064	YP_009231401.1	25.672	51.6	2.11e-06	YP_009231401.1 NADH dehydrogenase subunit 5 (mitochondrion) [Myotis myotis]
ND4|Rhogeessa_parvula|YP_010944634	YP_009231400.1	90.196	803	0.0	YP_009231400.1 NADH dehydrogenase subunit 4 (mitochondrion) [Myotis myotis]
ND4|Rhogeessa_parvula|YP_010944634	YP_009231401.1	23.136	50.8	3.56e-06	YP_009231401.1 NADH dehydrogenase subunit 5 (mitochondrion) [Myotis myotis]
ND4|Rousettus_aegyptiacus|YP_313614	YP_009231400.1	81.917	729	0.0	YP_009231400.1 NADH dehydrogenase subunit 4 (mitochondrion) [Myotis myotis]
ND4|Rousettus_aegyptiacus|YP_313614	YP_009231401.1	25.826	55.5	1.42e-07	YP_009231401.1 NADH dehydrogenase subunit 5 (mitochondrion) [Myotis myotis]
ND4|Rousettus_amplexicaudatus|YP_009704954	YP_009231400.1	81.917	725	0.0	YP_009231400.1 NADH dehydrogenase subunit 4 (mitochondrion) [Myotis myotis]
ND4|Rousettus_amplexicaudatus|YP_009704954	YP_009231401.1	25.526	54.3	2.93e-07	YP_009231401.1 NADH dehydrogenase subunit 5 (mitochondrion) [Myotis myotis]
ND4|Rousettus_leschenaultii|YP_009754915	YP_009231400.1	81.481	723	0.0	YP_009231400.1 NADH dehydrogenase subunit 4 (mitochondrion) [Myotis myotis]
ND4|Rousettus_leschenaultii|YP_009754915	YP_009231401.1	25.826	55.1	1.62e-07	YP_009231401.1 NADH dehydrogenase subunit 5 (mitochondrion) [Myotis myotis]
ND4|Rousettus_madagascariensis|YP_009754928	YP_009231400.1	82.135	728	0.0	YP_009231400.1 NADH dehydrogenase subunit 4 (mitochondrion) [Myotis myotis]
ND4|Rousettus_madagascariensis|YP_009754928	YP_009231401.1	25.714	52.0	1.61e-06	YP_009231401.1 NADH dehydrogenase subunit 5 (mitochondrion) [Myotis myotis]
ND4|Rousettus_obliviosus|YP_009754941	YP_009231400.1	81.481	724	0.0	YP_009231400.1 NADH dehydrogenase subunit 4 (mitochondrion) [Myotis myotis]
ND4|Rousettus_obliviosus|YP_009754941	YP_009231401.1	25.449	53.5	5.34e-07	YP_009231401.1 NADH dehydrogenase subunit 5 (mitochondrion) [Myotis myotis]
ND4|Saccopteryx_leptura|YP_009445612	YP_009231400.1	82.571	738	0.0	YP_009231400.1 NADH dehydrogenase subunit 4 (mitochondrion) [Myotis myotis]
ND4|Saccopteryx_leptura|YP_009445612	YP_009231401.1	26.031	68.2	1.27e-11	YP_009231401.1 NADH dehydrogenase subunit 5 (mitochondrion) [Myotis myotis]
ND4|Scotonycteris_bergmansi|YP_009754954	YP_009231400.1	77.560	696	0.0	YP_009231400.1 NADH dehydrogenase subunit 4 (mitochondrion) [Myotis myotis]
ND4|Scotonycteris_bergmansi|YP_009754954	YP_009231401.1	23.418	57.4	3.06e-08	YP_009231401.1 NADH dehydrogenase subunit 5 (mitochondrion) [Myotis myotis]
ND4|Scotonycteris_occidentalis|YP_009754967	YP_009231400.1	77.778	699	0.0	YP_009231400.1 NADH dehydrogenase subunit 4 (mitochondrion) [Myotis myotis]
ND4|Scotonycteris_occidentalis|YP_009754967	YP_009231401.1	23.488	57.4	3.87e-08	YP_009231401.1 NADH dehydrogenase subunit 5 (mitochondrion) [Myotis myotis]
ND4|Scotonycteris_zenkeri|YP_009754980	YP_009231400.1	77.560	695	0.0	YP_009231400.1 NADH dehydrogenase subunit 4 (mitochondrion) [Myotis myotis]
ND4|Scotonycteris_zenkeri|YP_009754980	YP_009231401.1	23.003	59.3	8.62e-09	YP_009231401.1 NADH dehydrogenase subunit 5 (mitochondrion) [Myotis myotis]
ND4|Sphaerias_blanfordi|YP_009754993	YP_009231400.1	80.392	721	0.0	YP_009231400.1 NADH dehydrogenase subunit 4 (mitochondrion) [Myotis myotis]
ND4|Sphaerias_blanfordi|YP_009754993	YP_009231401.1	24.047	55.1	1.94e-07	YP_009231401.1 NADH dehydrogenase subunit 5 (mitochondrion) [Myotis myotis]
ND4|Stenonycteris_lanosa|YP_009755006	YP_009231400.1	81.046	726	0.0	YP_009231400.1 NADH dehydrogenase subunit 4 (mitochondrion) [Myotis myotis]
ND4|Stenonycteris_lanosa|YP_009755006	YP_009231401.1	26.126	57.0	4.77e-08	YP_009231401.1 NADH dehydrogenase subunit 5 (mitochondrion) [Myotis myotis]
ND4|Sturnira_bakeri|YP_010455591	YP_009231400.1	79.521	708	0.0	YP_009231400.1 NADH dehydrogenase subunit 4 (mitochondrion) [Myotis myotis]
ND4|Sturnira_bakeri|YP_010455591	YP_009231401.1	24.138	63.5	3.38e-10	YP_009231401.1 NADH dehydrogenase subunit 5 (mitochondrion) [Myotis myotis]
ND4|Sturnira_ludovici|YP_010455643	YP_009231400.1	78.867	698	0.0	YP_009231400.1 NADH dehydrogenase subunit 4 (mitochondrion) [Myotis myotis]
ND4|Sturnira_ludovici|YP_010455643	YP_009231401.1	24.762	60.5	3.30e-09	YP_009231401.1 NADH dehydrogenase subunit 5 (mitochondrion) [Myotis myotis]
ND4|Sturnira_tildae|YP_008578475	YP_009231400.1	78.867	700	0.0	YP_009231400.1 NADH dehydrogenase subunit 4 (mitochondrion) [Myotis myotis]
ND4|Sturnira_tildae|YP_008578475	YP_009231401.1	24.510	66.6	3.61e-11	YP_009231401.1 NADH dehydrogenase subunit 5 (mitochondrion) [Myotis myotis]
ND4|Submyotodon_moupinensis|YP_010449637	YP_009231400.1	93.464	825	0.0	YP_009231400.1 NADH dehydrogenase subunit 4 (mitochondrion) [Myotis myotis]
ND4|Submyotodon_moupinensis|YP_010449637	YP_009231401.1	21.795	52.8	1.03e-06	YP_009231401.1 NADH dehydrogenase subunit 5 (mitochondrion) [Myotis myotis]
ND4|Tadarida_latouchei|YP_009442829	YP_009231400.1	84.749	747	0.0	YP_009231400.1 NADH dehydrogenase subunit 4 (mitochondrion) [Myotis myotis]
ND4|Tadarida_latouchei|YP_009442829	YP_009231401.1	22.260	59.7	5.67e-09	YP_009231401.1 NADH dehydrogenase subunit 5 (mitochondrion) [Myotis myotis]
ND4|Tadarida_teniotis|YP_009442816	YP_009231400.1	83.878	738	0.0	YP_009231400.1 NADH dehydrogenase subunit 4 (mitochondrion) [Myotis myotis]
ND4|Tadarida_teniotis|YP_009442816	YP_009231401.1	21.449	58.2	2.16e-08	YP_009231401.1 NADH dehydrogenase subunit 5 (mitochondrion) [Myotis myotis]
ND4|Tonatia_saurophila|YP_008578488	YP_009231400.1	80.610	709	0.0	YP_009231400.1 NADH dehydrogenase subunit 4 (mitochondrion) [Myotis myotis]
ND4|Tonatia_saurophila|YP_008578488	YP_009231401.1	23.810	60.1	5.38e-09	YP_009231401.1 NADH dehydrogenase subunit 5 (mitochondrion) [Myotis myotis]
ND4|Trachops_cirrhosus|YP_011058892	YP_009231400.1	78.867	697	0.0	YP_009231400.1 NADH dehydrogenase subunit 4 (mitochondrion) [Myotis myotis]
ND4|Trachops_cirrhosus|YP_011058892	YP_009231401.1	24.671	62.0	1.25e-09	YP_009231401.1 NADH dehydrogenase subunit 5 (mitochondrion) [Myotis myotis]
ND4|Vampyrum_spectrum|YP_008578501	YP_009231400.1	78.214	689	0.0	YP_009231400.1 NADH dehydrogenase subunit 4 (mitochondrion) [Myotis myotis]
ND4|Vampyrum_spectrum|YP_008578501	YP_009231401.1	24.510	65.1	1.35e-10	YP_009231401.1 NADH dehydrogenase subunit 5 (mitochondrion) [Myotis myotis]
ND4|Vespertilio_murinus|YP_009338579	YP_009231400.1	88.017	788	0.0	YP_009231400.1 NADH dehydrogenase subunit 4 (mitochondrion) [Myotis myotis]
ND4|Vespertilio_murinus|YP_009338579	YP_009231401.1	23.858	59.7	6.93e-09	YP_009231401.1 NADH dehydrogenase subunit 5 (mitochondrion) [Myotis myotis]
ND4|Vespertilio_sinensis|YP_009048537	YP_009231400.1	87.800	781	0.0	YP_009231400.1 NADH dehydrogenase subunit 4 (mitochondrion) [Myotis myotis]
ND4|Vespertilio_sinensis|YP_009048537	YP_009231401.1	24.398	59.3	8.62e-09	YP_009231401.1 NADH dehydrogenase subunit 5 (mitochondrion) [Myotis myotis]
NDUFA1|Artibeus_jamaicensis|XP_037015867	XP_036160566.1	90.000	135	1.22e-43	XP_036160566.1 NADH dehydrogenase [ubiquinone] 1 alpha subcomplex subunit 1 [Myotis myotis]
NDUFA1|Artibeus_jamaicensis|XP_037015867	XP_036170160.1	85.714	130	2.21e-41	XP_036170160.1 NADH dehydrogenase [ubiquinone] 1 alpha subcomplex subunit 1-like [Myotis myotis]
NDUFA1|Artibeus_jamaicensis|XP_037015867	XP_036160339.1	82.857	124	1.10e-38	XP_036160339.1 NADH dehydrogenase [ubiquinone] 1 alpha subcomplex subunit 1-like [Myotis myotis]
NDUFA1|Cnephaeus_nilssonii|XP_079620843	XP_036160566.1	92.857	139	4.11e-45	XP_036160566.1 NADH dehydrogenase [ubiquinone] 1 alpha subcomplex subunit 1 [Myotis myotis]
NDUFA1|Cnephaeus_nilssonii|XP_079620843	XP_036170160.1	88.571	134	6.65e-43	XP_036170160.1 NADH dehydrogenase [ubiquinone] 1 alpha subcomplex subunit 1-like [Myotis myotis]
NDUFA1|Cnephaeus_nilssonii|XP_079620843	XP_036160339.1	88.571	130	3.49e-41	XP_036160339.1 NADH dehydrogenase [ubiquinone] 1 alpha subcomplex subunit 1-like [Myotis myotis]
NDUFA1|Desmodus_rotundus|XP_024422489	XP_036160566.1	85.714	132	5.24e-42	XP_036160566.1 NADH dehydrogenase [ubiquinone] 1 alpha subcomplex subunit 1 [Myotis myotis]
NDUFA1|Desmodus_rotundus|XP_024422489	XP_036170160.1	81.429	125	1.45e-39	XP_036170160.1 NADH dehydrogenase [ubiquinone] 1 alpha subcomplex subunit 1-like [Myotis myotis]
NDUFA1|Desmodus_rotundus|XP_024422489	XP_036160339.1	81.429	123	3.55e-38	XP_036160339.1 NADH dehydrogenase [ubiquinone] 1 alpha subcomplex subunit 1-like [Myotis myotis]
NDUFA1|Eptesicus_fuscus|XP_054580108	XP_036160566.1	95.714	142	5.69e-46	XP_036160566.1 NADH dehydrogenase [ubiquinone] 1 alpha subcomplex subunit 1 [Myotis myotis]
NDUFA1|Eptesicus_fuscus|XP_054580108	XP_036170160.1	94.286	141	1.20e-45	XP_036170160.1 NADH dehydrogenase [ubiquinone] 1 alpha subcomplex subunit 1-like [Myotis myotis]
NDUFA1|Eptesicus_fuscus|XP_054580108	XP_036160339.1	90.000	133	3.68e-42	XP_036160339.1 NADH dehydrogenase [ubiquinone] 1 alpha subcomplex subunit 1-like [Myotis myotis]
NDUFA1|Hipposideros_armiger|XP_019523408	XP_036160566.1	85.714	135	1.38e-43	XP_036160566.1 NADH dehydrogenase [ubiquinone] 1 alpha subcomplex subunit 1 [Myotis myotis]
NDUFA1|Hipposideros_armiger|XP_019523408	XP_036170160.1	81.429	130	2.11e-41	XP_036170160.1 NADH dehydrogenase [ubiquinone] 1 alpha subcomplex subunit 1-like [Myotis myotis]
NDUFA1|Hipposideros_armiger|XP_019523408	XP_036160339.1	81.429	126	1.61e-39	XP_036160339.1 NADH dehydrogenase [ubiquinone] 1 alpha subcomplex subunit 1-like [Myotis myotis]
NDUFA1|Miniopterus_natalensis|XP_016077845	XP_036160566.1	85.714	135	2.45e-43	XP_036160566.1 NADH dehydrogenase [ubiquinone] 1 alpha subcomplex subunit 1 [Myotis myotis]
NDUFA1|Miniopterus_natalensis|XP_016077845	XP_036170160.1	81.429	130	2.69e-41	XP_036170160.1 NADH dehydrogenase [ubiquinone] 1 alpha subcomplex subunit 1-like [Myotis myotis]
NDUFA1|Miniopterus_natalensis|XP_016077845	XP_036160339.1	81.429	125	6.55e-39	XP_036160339.1 NADH dehydrogenase [ubiquinone] 1 alpha subcomplex subunit 1-like [Myotis myotis]
NDUFA1|Miniopterus_schreibersii|XP_080982550	XP_036160566.1	85.714	135	2.45e-43	XP_036160566.1 NADH dehydrogenase [ubiquinone] 1 alpha subcomplex subunit 1 [Myotis myotis]
NDUFA1|Miniopterus_schreibersii|XP_080982550	XP_036170160.1	81.429	130	2.69e-41	XP_036170160.1 NADH dehydrogenase [ubiquinone] 1 alpha subcomplex subunit 1-like [Myotis myotis]
NDUFA1|Miniopterus_schreibersii|XP_080982550	XP_036160339.1	81.429	125	6.55e-39	XP_036160339.1 NADH dehydrogenase [ubiquinone] 1 alpha subcomplex subunit 1-like [Myotis myotis]
NDUFA1|Molossus_molossus|XP_036127201	XP_036160566.1	92.857	141	7.09e-46	XP_036160566.1 NADH dehydrogenase [ubiquinone] 1 alpha subcomplex subunit 1 [Myotis myotis]
NDUFA1|Molossus_molossus|XP_036127201	XP_036170160.1	88.571	135	1.40e-43	XP_036170160.1 NADH dehydrogenase [ubiquinone] 1 alpha subcomplex subunit 1-like [Myotis myotis]
NDUFA1|Molossus_molossus|XP_036127201	XP_036160339.1	87.143	132	1.03e-41	XP_036160339.1 NADH dehydrogenase [ubiquinone] 1 alpha subcomplex subunit 1-like [Myotis myotis]
NDUFA1|Myotis_brandtii|XP_005859486	XP_036160566.1	98.571	146	7.76e-48	XP_036160566.1 NADH dehydrogenase [ubiquinone] 1 alpha subcomplex subunit 1 [Myotis myotis]
NDUFA1|Myotis_brandtii|XP_005859486	XP_036170160.1	94.286	140	2.01e-45	XP_036170160.1 NADH dehydrogenase [ubiquinone] 1 alpha subcomplex subunit 1-like [Myotis myotis]
NDUFA1|Myotis_brandtii|XP_005859486	XP_036160339.1	87.143	131	2.43e-41	XP_036160339.1 NADH dehydrogenase [ubiquinone] 1 alpha subcomplex subunit 1-like [Myotis myotis]
NDUFA1|Myotis_daubentonii|XP_059535697	XP_036160566.1	98.571	145	1.81e-47	XP_036160566.1 NADH dehydrogenase [ubiquinone] 1 alpha subcomplex subunit 1 [Myotis myotis]
NDUFA1|Myotis_daubentonii|XP_059535697	XP_036170160.1	94.286	139	5.59e-45	XP_036170160.1 NADH dehydrogenase [ubiquinone] 1 alpha subcomplex subunit 1-like [Myotis myotis]
NDUFA1|Myotis_daubentonii|XP_059535697	XP_036160339.1	87.143	130	3.69e-41	XP_036160339.1 NADH dehydrogenase [ubiquinone] 1 alpha subcomplex subunit 1-like [Myotis myotis]
NDUFA1|Myotis_davidii|XP_006758001	XP_036160566.1	98.571	145	1.81e-47	XP_036160566.1 NADH dehydrogenase [ubiquinone] 1 alpha subcomplex subunit 1 [Myotis myotis]
NDUFA1|Myotis_davidii|XP_006758001	XP_036170160.1	94.286	139	4.39e-45	XP_036170160.1 NADH dehydrogenase [ubiquinone] 1 alpha subcomplex subunit 1-like [Myotis myotis]
NDUFA1|Myotis_davidii|XP_006758001	XP_036160339.1	87.143	130	2.99e-41	XP_036160339.1 NADH dehydrogenase [ubiquinone] 1 alpha subcomplex subunit 1-like [Myotis myotis]
NDUFA1|Myotis_lucifugus|XP_006082225	XP_036160566.1	100.000	147	3.48e-48	XP_036160566.1 NADH dehydrogenase [ubiquinone] 1 alpha subcomplex subunit 1 [Myotis myotis]
NDUFA1|Myotis_lucifugus|XP_006082225	XP_036170160.1	95.714	141	9.33e-46	XP_036170160.1 NADH dehydrogenase [ubiquinone] 1 alpha subcomplex subunit 1-like [Myotis myotis]
NDUFA1|Myotis_lucifugus|XP_006082225	XP_036160339.1	88.571	132	8.11e-42	XP_036160339.1 NADH dehydrogenase [ubiquinone] 1 alpha subcomplex subunit 1-like [Myotis myotis]
NDUFA1|Myotis_myotis|XP_036160566	XP_036160566.1	100.000	147	3.48e-48	XP_036160566.1 NADH dehydrogenase [ubiquinone] 1 alpha subcomplex subunit 1 [Myotis myotis]
NDUFA1|Myotis_myotis|XP_036160566	XP_036170160.1	95.714	141	9.33e-46	XP_036170160.1 NADH dehydrogenase [ubiquinone] 1 alpha subcomplex subunit 1-like [Myotis myotis]
NDUFA1|Myotis_myotis|XP_036160566	XP_036160339.1	88.571	132	8.11e-42	XP_036160339.1 NADH dehydrogenase [ubiquinone] 1 alpha subcomplex subunit 1-like [Myotis myotis]
NDUFA1|Myotis_nattereri|XP_080937421	XP_036160566.1	98.571	146	8.95e-48	XP_036160566.1 NADH dehydrogenase [ubiquinone] 1 alpha subcomplex subunit 1 [Myotis myotis]
NDUFA1|Myotis_nattereri|XP_080937421	XP_036170160.1	94.286	140	2.17e-45	XP_036170160.1 NADH dehydrogenase [ubiquinone] 1 alpha subcomplex subunit 1-like [Myotis myotis]
NDUFA1|Myotis_nattereri|XP_080937421	XP_036160339.1	88.571	131	1.81e-41	XP_036160339.1 NADH dehydrogenase [ubiquinone] 1 alpha subcomplex subunit 1-like [Myotis myotis]
NDUFA1|Myotis_yumanensis|XP_070265559	XP_036160566.1	90.000	135	2.64e-43	XP_036160566.1 NADH dehydrogenase [ubiquinone] 1 alpha subcomplex subunit 1 [Myotis myotis]
NDUFA1|Myotis_yumanensis|XP_070265559	XP_036170160.1	88.571	134	4.68e-43	XP_036170160.1 NADH dehydrogenase [ubiquinone] 1 alpha subcomplex subunit 1-like [Myotis myotis]
NDUFA1|Myotis_yumanensis|XP_070265559	XP_036160339.1	90.000	134	9.54e-43	XP_036160339.1 NADH dehydrogenase [ubiquinone] 1 alpha subcomplex subunit 1-like [Myotis myotis]
NDUFA1|Phyllostomus_discolor|XP_028378809	XP_036160566.1	87.143	134	4.68e-43	XP_036160566.1 NADH dehydrogenase [ubiquinone] 1 alpha subcomplex subunit 1 [Myotis myotis]
NDUFA1|Phyllostomus_discolor|XP_028378809	XP_036170160.1	82.857	129	8.25e-41	XP_036170160.1 NADH dehydrogenase [ubiquinone] 1 alpha subcomplex subunit 1-like [Myotis myotis]
NDUFA1|Phyllostomus_discolor|XP_028378809	XP_036160339.1	80.000	123	2.44e-38	XP_036160339.1 NADH dehydrogenase [ubiquinone] 1 alpha subcomplex subunit 1-like [Myotis myotis]
NDUFA1|Phyllostomus_hastatus|XP_045673673	XP_036160566.1	87.143	134	4.68e-43	XP_036160566.1 NADH dehydrogenase [ubiquinone] 1 alpha subcomplex subunit 1 [Myotis myotis]
NDUFA1|Phyllostomus_hastatus|XP_045673673	XP_036170160.1	82.857	129	8.25e-41	XP_036170160.1 NADH dehydrogenase [ubiquinone] 1 alpha subcomplex subunit 1-like [Myotis myotis]
NDUFA1|Phyllostomus_hastatus|XP_045673673	XP_036160339.1	80.000	123	2.44e-38	XP_036160339.1 NADH dehydrogenase [ubiquinone] 1 alpha subcomplex subunit 1-like [Myotis myotis]
NDUFA1|Pipistrellus_kuhlii|XP_036299456	XP_036160566.1	97.143	144	7.88e-47	XP_036160566.1 NADH dehydrogenase [ubiquinone] 1 alpha subcomplex subunit 1 [Myotis myotis]
NDUFA1|Pipistrellus_kuhlii|XP_036299456	XP_036170160.1	92.857	138	1.50e-44	XP_036170160.1 NADH dehydrogenase [ubiquinone] 1 alpha subcomplex subunit 1-like [Myotis myotis]
NDUFA1|Pipistrellus_kuhlii|XP_036299456	XP_036160339.1	88.571	130	3.73e-41	XP_036160339.1 NADH dehydrogenase [ubiquinone] 1 alpha subcomplex subunit 1-like [Myotis myotis]
NDUFA1|Plecotus_auritus|XP_080540355	XP_036160566.1	92.857	139	7.28e-45	XP_036160566.1 NADH dehydrogenase [ubiquinone] 1 alpha subcomplex subunit 1 [Myotis myotis]
NDUFA1|Plecotus_auritus|XP_080540355	XP_036170160.1	88.571	133	1.27e-42	XP_036170160.1 NADH dehydrogenase [ubiquinone] 1 alpha subcomplex subunit 1-like [Myotis myotis]
NDUFA1|Plecotus_auritus|XP_080540355	XP_036160339.1	87.143	129	1.44e-40	XP_036160339.1 NADH dehydrogenase [ubiquinone] 1 alpha subcomplex subunit 1-like [Myotis myotis]
NDUFA1|Pteronotus_mesoamericanus|XP_054436282	XP_036160566.1	85.714	134	5.89e-43	XP_036160566.1 NADH dehydrogenase [ubiquinone] 1 alpha subcomplex subunit 1 [Myotis myotis]
NDUFA1|Pteronotus_mesoamericanus|XP_054436282	XP_036170160.1	81.429	128	1.43e-40	XP_036170160.1 NADH dehydrogenase [ubiquinone] 1 alpha subcomplex subunit 1-like [Myotis myotis]
NDUFA1|Pteronotus_mesoamericanus|XP_054436282	XP_036160339.1	81.429	125	3.74e-39	XP_036160339.1 NADH dehydrogenase [ubiquinone] 1 alpha subcomplex subunit 1-like [Myotis myotis]
NDUFA1|Pteropus_alecto|XP_006904747	XP_036160566.1	88.571	138	1.17e-44	XP_036160566.1 NADH dehydrogenase [ubiquinone] 1 alpha subcomplex subunit 1 [Myotis myotis]
NDUFA1|Pteropus_alecto|XP_006904747	XP_036170160.1	84.286	132	2.40e-42	XP_036170160.1 NADH dehydrogenase [ubiquinone] 1 alpha subcomplex subunit 1-like [Myotis myotis]
NDUFA1|Pteropus_alecto|XP_006904747	XP_036160339.1	84.286	130	6.60e-41	XP_036160339.1 NADH dehydrogenase [ubiquinone] 1 alpha subcomplex subunit 1-like [Myotis myotis]
NDUFA1|Pteropus_vampyrus|XP_011378517	XP_036160566.1	88.571	138	1.17e-44	XP_036160566.1 NADH dehydrogenase [ubiquinone] 1 alpha subcomplex subunit 1 [Myotis myotis]
NDUFA1|Pteropus_vampyrus|XP_011378517	XP_036170160.1	84.286	132	2.40e-42	XP_036170160.1 NADH dehydrogenase [ubiquinone] 1 alpha subcomplex subunit 1-like [Myotis myotis]
NDUFA1|Pteropus_vampyrus|XP_011378517	XP_036160339.1	84.286	130	6.60e-41	XP_036160339.1 NADH dehydrogenase [ubiquinone] 1 alpha subcomplex subunit 1-like [Myotis myotis]
NDUFA1|Rhinolophus_ferrumequinum|XP_032958778	XP_036160566.1	88.571	139	6.38e-45	XP_036160566.1 NADH dehydrogenase [ubiquinone] 1 alpha subcomplex subunit 1 [Myotis myotis]
NDUFA1|Rhinolophus_ferrumequinum|XP_032958778	XP_036170160.1	84.286	133	1.13e-42	XP_036170160.1 NADH dehydrogenase [ubiquinone] 1 alpha subcomplex subunit 1-like [Myotis myotis]
NDUFA1|Rhinolophus_ferrumequinum|XP_032958778	XP_036160339.1	84.286	130	6.18e-41	XP_036160339.1 NADH dehydrogenase [ubiquinone] 1 alpha subcomplex subunit 1-like [Myotis myotis]
NDUFA1|Rhinolophus_hipposideros|XP_080899986	XP_036160566.1	90.000	139	4.20e-45	XP_036160566.1 NADH dehydrogenase [ubiquinone] 1 alpha subcomplex subunit 1 [Myotis myotis]
NDUFA1|Rhinolophus_hipposideros|XP_080899986	XP_036170160.1	85.714	134	6.22e-43	XP_036170160.1 NADH dehydrogenase [ubiquinone] 1 alpha subcomplex subunit 1-like [Myotis myotis]
NDUFA1|Rhinolophus_hipposideros|XP_080899986	XP_036160339.1	85.714	130	3.89e-41	XP_036160339.1 NADH dehydrogenase [ubiquinone] 1 alpha subcomplex subunit 1-like [Myotis myotis]
NDUFA1|Rhinolophus_sinicus|XP_019572591	XP_036160566.1	88.571	139	6.38e-45	XP_036160566.1 NADH dehydrogenase [ubiquinone] 1 alpha subcomplex subunit 1 [Myotis myotis]
NDUFA1|Rhinolophus_sinicus|XP_019572591	XP_036170160.1	84.286	133	1.13e-42	XP_036170160.1 NADH dehydrogenase [ubiquinone] 1 alpha subcomplex subunit 1-like [Myotis myotis]
NDUFA1|Rhinolophus_sinicus|XP_019572591	XP_036160339.1	84.286	130	6.18e-41	XP_036160339.1 NADH dehydrogenase [ubiquinone] 1 alpha subcomplex subunit 1-like [Myotis myotis]
NDUFA1|Rousettus_aegyptiacus|XP_036082346	XP_036160566.1	87.143	136	1.03e-43	XP_036160566.1 NADH dehydrogenase [ubiquinone] 1 alpha subcomplex subunit 1 [Myotis myotis]
NDUFA1|Rousettus_aegyptiacus|XP_036082346	XP_036170160.1	82.857	130	1.19e-41	XP_036170160.1 NADH dehydrogenase [ubiquinone] 1 alpha subcomplex subunit 1-like [Myotis myotis]
NDUFA1|Rousettus_aegyptiacus|XP_036082346	XP_036160339.1	82.857	127	1.12e-39	XP_036160339.1 NADH dehydrogenase [ubiquinone] 1 alpha subcomplex subunit 1-like [Myotis myotis]
NDUFA1|Saccopteryx_bilineata|XP_066104741	XP_036160566.1	91.429	139	9.07e-45	XP_036160566.1 NADH dehydrogenase [ubiquinone] 1 alpha subcomplex subunit 1 [Myotis myotis]
NDUFA1|Saccopteryx_bilineata|XP_066104741	XP_036170160.1	87.143	133	1.07e-42	XP_036170160.1 NADH dehydrogenase [ubiquinone] 1 alpha subcomplex subunit 1-like [Myotis myotis]
NDUFA1|Saccopteryx_bilineata|XP_066104741	XP_036160339.1	85.714	129	1.60e-40	XP_036160339.1 NADH dehydrogenase [ubiquinone] 1 alpha subcomplex subunit 1-like [Myotis myotis]
NDUFA1|Saccopteryx_leptura|XP_066212232	XP_036160566.1	92.857	140	1.84e-45	XP_036160566.1 NADH dehydrogenase [ubiquinone] 1 alpha subcomplex subunit 1 [Myotis myotis]
NDUFA1|Saccopteryx_leptura|XP_066212232	XP_036170160.1	88.571	135	1.86e-43	XP_036170160.1 NADH dehydrogenase [ubiquinone] 1 alpha subcomplex subunit 1-like [Myotis myotis]
NDUFA1|Saccopteryx_leptura|XP_066212232	XP_036160339.1	87.143	130	3.94e-41	XP_036160339.1 NADH dehydrogenase [ubiquinone] 1 alpha subcomplex subunit 1-like [Myotis myotis]
NDUFA1|Sturnira_hondurensis|XP_036925025	XP_036160566.1	88.571	135	1.68e-43	XP_036160566.1 NADH dehydrogenase [ubiquinone] 1 alpha subcomplex subunit 1 [Myotis myotis]
NDUFA1|Sturnira_hondurensis|XP_036925025	XP_036170160.1	84.286	130	2.66e-41	XP_036170160.1 NADH dehydrogenase [ubiquinone] 1 alpha subcomplex subunit 1-like [Myotis myotis]
NDUFA1|Sturnira_hondurensis|XP_036925025	XP_036160339.1	84.286	126	2.28e-39	XP_036160339.1 NADH dehydrogenase [ubiquinone] 1 alpha subcomplex subunit 1-like [Myotis myotis]
NDUFB8|Artibeus_jamaicensis|XP_037015303	XP_036192201.1	91.935	360	6.37e-129	XP_036192201.1 NADH dehydrogenase [ubiquinone] 1 beta subcomplex subunit 8, mitochondrial [Myotis myotis]
NDUFB8|Cnephaeus_nilssonii|XP_079650275	XP_036192201.1	96.774	374	1.89e-134	XP_036192201.1 NADH dehydrogenase [ubiquinone] 1 beta subcomplex subunit 8, mitochondrial [Myotis myotis]
NDUFB8|Desmodus_rotundus|XP_024411505	XP_036192201.1	95.161	372	2.84e-133	XP_036192201.1 NADH dehydrogenase [ubiquinone] 1 beta subcomplex subunit 8, mitochondrial [Myotis myotis]
NDUFB8|Eptesicus_fuscus|XP_008142408	XP_036192201.1	96.237	374	2.33e-134	XP_036192201.1 NADH dehydrogenase [ubiquinone] 1 beta subcomplex subunit 8, mitochondrial [Myotis myotis]
NDUFB8|Hipposideros_armiger|XP_019491780	XP_036192201.1	96.237	375	1.03e-134	XP_036192201.1 NADH dehydrogenase [ubiquinone] 1 beta subcomplex subunit 8, mitochondrial [Myotis myotis]
NDUFB8|Miniopterus_natalensis|XP_016075455	XP_036192201.1	96.237	373	5.79e-134	XP_036192201.1 NADH dehydrogenase [ubiquinone] 1 beta subcomplex subunit 8, mitochondrial [Myotis myotis]
NDUFB8|Miniopterus_schreibersii|XP_081013503	XP_036192201.1	95.699	372	1.18e-133	XP_036192201.1 NADH dehydrogenase [ubiquinone] 1 beta subcomplex subunit 8, mitochondrial [Myotis myotis]
NDUFB8|Molossus_molossus|XP_036121804	XP_036192201.1	91.935	360	1.33e-128	XP_036192201.1 NADH dehydrogenase [ubiquinone] 1 beta subcomplex subunit 8, mitochondrial [Myotis myotis]
NDUFB8|Myotis_brandtii|XP_005885411	XP_036192201.1	100.000	384	2.94e-138	XP_036192201.1 NADH dehydrogenase [ubiquinone] 1 beta subcomplex subunit 8, mitochondrial [Myotis myotis]
NDUFB8|Myotis_daubentonii|XP_059517096	XP_036192201.1	100.000	384	2.94e-138	XP_036192201.1 NADH dehydrogenase [ubiquinone] 1 beta subcomplex subunit 8, mitochondrial [Myotis myotis]
NDUFB8|Myotis_davidii|XP_006756613	XP_036192201.1	100.000	384	2.94e-138	XP_036192201.1 NADH dehydrogenase [ubiquinone] 1 beta subcomplex subunit 8, mitochondrial [Myotis myotis]
NDUFB8|Myotis_lucifugus|XP_006101787	XP_036192201.1	93.548	353	3.62e-126	XP_036192201.1 NADH dehydrogenase [ubiquinone] 1 beta subcomplex subunit 8, mitochondrial [Myotis myotis]
NDUFB8|Myotis_myotis|XP_036192201	XP_036192201.1	100.000	384	2.94e-138	XP_036192201.1 NADH dehydrogenase [ubiquinone] 1 beta subcomplex subunit 8, mitochondrial [Myotis myotis]
NDUFB8|Myotis_nattereri|XP_080961550	XP_036192201.1	98.925	380	6.49e-137	XP_036192201.1 NADH dehydrogenase [ubiquinone] 1 beta subcomplex subunit 8, mitochondrial [Myotis myotis]
NDUFB8|Myotis_yumanensis|XP_070288605	XP_036192201.1	100.000	384	2.94e-138	XP_036192201.1 NADH dehydrogenase [ubiquinone] 1 beta subcomplex subunit 8, mitochondrial [Myotis myotis]
NDUFB8|Phyllostomus_discolor|XP_028367039	XP_036192201.1	93.548	366	2.85e-131	XP_036192201.1 NADH dehydrogenase [ubiquinone] 1 beta subcomplex subunit 8, mitochondrial [Myotis myotis]
NDUFB8|Phyllostomus_hastatus|XP_045710637	XP_036192201.1	94.086	369	2.97e-132	XP_036192201.1 NADH dehydrogenase [ubiquinone] 1 beta subcomplex subunit 8, mitochondrial [Myotis myotis]
NDUFB8|Pipistrellus_kuhlii|XP_036294761	XP_036192201.1	96.237	374	2.81e-134	XP_036192201.1 NADH dehydrogenase [ubiquinone] 1 beta subcomplex subunit 8, mitochondrial [Myotis myotis]
NDUFB8|Plecotus_auritus|XP_080497609	XP_036192201.1	97.312	377	1.09e-135	XP_036192201.1 NADH dehydrogenase [ubiquinone] 1 beta subcomplex subunit 8, mitochondrial [Myotis myotis]
NDUFB8|Pteronotus_mesoamericanus|XP_054437345	XP_036192201.1	93.011	363	5.70e-130	XP_036192201.1 NADH dehydrogenase [ubiquinone] 1 beta subcomplex subunit 8, mitochondrial [Myotis myotis]
NDUFB8|Pteropus_alecto|XP_006925941	XP_036192201.1	93.548	363	7.10e-130	XP_036192201.1 NADH dehydrogenase [ubiquinone] 1 beta subcomplex subunit 8, mitochondrial [Myotis myotis]
NDUFB8|Pteropus_medius|XP_039727438	XP_036192201.1	93.548	363	7.10e-130	XP_036192201.1 NADH dehydrogenase [ubiquinone] 1 beta subcomplex subunit 8, mitochondrial [Myotis myotis]
NDUFB8|Pteropus_vampyrus|XP_011377147	XP_036192201.1	93.011	362	2.20e-129	XP_036192201.1 NADH dehydrogenase [ubiquinone] 1 beta subcomplex subunit 8, mitochondrial [Myotis myotis]
NDUFB8|Rhinolophus_ferrumequinum|XP_032985995	XP_036192201.1	92.473	365	1.51e-130	XP_036192201.1 NADH dehydrogenase [ubiquinone] 1 beta subcomplex subunit 8, mitochondrial [Myotis myotis]
NDUFB8|Rhinolophus_hipposideros|XP_080930625	XP_036192201.1	93.011	364	1.97e-130	XP_036192201.1 NADH dehydrogenase [ubiquinone] 1 beta subcomplex subunit 8, mitochondrial [Myotis myotis]
NDUFB8|Rhinolophus_sinicus|XP_019580468	XP_036192201.1	92.473	361	3.26e-129	XP_036192201.1 NADH dehydrogenase [ubiquinone] 1 beta subcomplex subunit 8, mitochondrial [Myotis myotis]
NDUFB8|Rousettus_aegyptiacus|XP_015979743	XP_036192201.1	93.548	364	2.79e-130	XP_036192201.1 NADH dehydrogenase [ubiquinone] 1 beta subcomplex subunit 8, mitochondrial [Myotis myotis]
NDUFB8|Saccopteryx_bilineata|XP_066096174	XP_036192201.1	91.935	358	4.16e-128	XP_036192201.1 NADH dehydrogenase [ubiquinone] 1 beta subcomplex subunit 8, mitochondrial [Myotis myotis]
NDUFB8|Saccopteryx_leptura|XP_066211661	XP_036192201.1	91.398	357	1.83e-127	XP_036192201.1 NADH dehydrogenase [ubiquinone] 1 beta subcomplex subunit 8, mitochondrial [Myotis myotis]
NDUFB8|Sturnira_hondurensis|XP_036920049	XP_036192201.1	93.548	367	2.73e-131	XP_036192201.1 NADH dehydrogenase [ubiquinone] 1 beta subcomplex subunit 8, mitochondrial [Myotis myotis]
NDUFS2|Artibeus_jamaicensis|XP_037005747	XP_036198775.1	97.192	946	0.0	XP_036198775.1 NADH dehydrogenase [ubiquinone] iron-sulfur protein 2, mitochondrial [Myotis myotis]
NDUFS2|Cnephaeus_nilssonii|XP_079618340	XP_036198775.1	98.488	954	0.0	XP_036198775.1 NADH dehydrogenase [ubiquinone] iron-sulfur protein 2, mitochondrial [Myotis myotis]
NDUFS2|Desmodus_rotundus|XP_053771619	XP_036198775.1	96.760	938	0.0	XP_036198775.1 NADH dehydrogenase [ubiquinone] iron-sulfur protein 2, mitochondrial [Myotis myotis]
NDUFS2|Eptesicus_fuscus|XP_008151296	XP_036198775.1	98.704	954	0.0	XP_036198775.1 NADH dehydrogenase [ubiquinone] iron-sulfur protein 2, mitochondrial [Myotis myotis]
NDUFS2|Hipposideros_armiger|XP_019488635	XP_036198775.1	95.896	934	0.0	XP_036198775.1 NADH dehydrogenase [ubiquinone] iron-sulfur protein 2, mitochondrial [Myotis myotis]
NDUFS2|Miniopterus_natalensis|XP_016065910	XP_036198775.1	97.408	947	0.0	XP_036198775.1 NADH dehydrogenase [ubiquinone] iron-sulfur protein 2, mitochondrial [Myotis myotis]
NDUFS2|Miniopterus_schreibersii|XP_080976833	XP_036198775.1	97.408	947	0.0	XP_036198775.1 NADH dehydrogenase [ubiquinone] iron-sulfur protein 2, mitochondrial [Myotis myotis]
NDUFS2|Molossus_molossus|XP_036128640	XP_036198775.1	98.488	956	0.0	XP_036198775.1 NADH dehydrogenase [ubiquinone] iron-sulfur protein 2, mitochondrial [Myotis myotis]
NDUFS2|Myotis_brandtii|XP_014384001	XP_036198775.1	100.000	906	0.0	XP_036198775.1 NADH dehydrogenase [ubiquinone] iron-sulfur protein 2, mitochondrial [Myotis myotis]
NDUFS2|Myotis_daubentonii|XP_059530574	XP_036198775.1	99.202	1033	0.0	XP_036198775.1 NADH dehydrogenase [ubiquinone] iron-sulfur protein 2, mitochondrial [Myotis myotis]
NDUFS2|Myotis_davidii|XP_015420075	XP_036198775.1	99.515	860	0.0	XP_036198775.1 NADH dehydrogenase [ubiquinone] iron-sulfur protein 2, mitochondrial [Myotis myotis]
NDUFS2|Myotis_lucifugus|XP_023600362	XP_036198775.1	100.000	906	0.0	XP_036198775.1 NADH dehydrogenase [ubiquinone] iron-sulfur protein 2, mitochondrial [Myotis myotis]
NDUFS2|Myotis_myotis|XP_036198775	XP_036198775.1	100.000	1043	0.0	XP_036198775.1 NADH dehydrogenase [ubiquinone] iron-sulfur protein 2, mitochondrial [Myotis myotis]
NDUFS2|Myotis_nattereri|XP_080968732	XP_036198775.1	99.202	1033	0.0	XP_036198775.1 NADH dehydrogenase [ubiquinone] iron-sulfur protein 2, mitochondrial [Myotis myotis]
NDUFS2|Myotis_yumanensis|XP_070253460	XP_036198775.1	99.784	964	0.0	XP_036198775.1 NADH dehydrogenase [ubiquinone] iron-sulfur protein 2, mitochondrial [Myotis myotis]
NDUFS2|Phyllostomus_discolor|XP_028359219	XP_036198775.1	97.192	946	0.0	XP_036198775.1 NADH dehydrogenase [ubiquinone] iron-sulfur protein 2, mitochondrial [Myotis myotis]
NDUFS2|Phyllostomus_hastatus|XP_045694375	XP_036198775.1	97.192	947	0.0	XP_036198775.1 NADH dehydrogenase [ubiquinone] iron-sulfur protein 2, mitochondrial [Myotis myotis]
NDUFS2|Pipistrellus_kuhlii|XP_036290267	XP_036198775.1	98.704	953	0.0	XP_036198775.1 NADH dehydrogenase [ubiquinone] iron-sulfur protein 2, mitochondrial [Myotis myotis]
NDUFS2|Plecotus_auritus|XP_080505549	XP_036198775.1	98.920	954	0.0	XP_036198775.1 NADH dehydrogenase [ubiquinone] iron-sulfur protein 2, mitochondrial [Myotis myotis]
NDUFS2|Pteronotus_mesoamericanus|XP_054443835	XP_036198775.1	97.192	942	0.0	XP_036198775.1 NADH dehydrogenase [ubiquinone] iron-sulfur protein 2, mitochondrial [Myotis myotis]
NDUFS2|Pteropus_alecto|XP_006907923	XP_036198775.1	96.544	934	0.0	XP_036198775.1 NADH dehydrogenase [ubiquinone] iron-sulfur protein 2, mitochondrial [Myotis myotis]
NDUFS2|Pteropus_medius|XP_039695808	XP_036198775.1	96.544	935	0.0	XP_036198775.1 NADH dehydrogenase [ubiquinone] iron-sulfur protein 2, mitochondrial [Myotis myotis]
NDUFS2|Pteropus_vampyrus|XP_011375311	XP_036198775.1	96.544	935	0.0	XP_036198775.1 NADH dehydrogenase [ubiquinone] iron-sulfur protein 2, mitochondrial [Myotis myotis]
NDUFS2|Rhinolophus_ferrumequinum|XP_032948106	XP_036198775.1	89.722	869	0.0	XP_036198775.1 NADH dehydrogenase [ubiquinone] iron-sulfur protein 2, mitochondrial [Myotis myotis]
NDUFS2|Rhinolophus_hipposideros|XP_080882844	XP_036198775.1	91.633	948	0.0	XP_036198775.1 NADH dehydrogenase [ubiquinone] iron-sulfur protein 2, mitochondrial [Myotis myotis]
NDUFS2|Rhinolophus_sinicus|XP_019568479	XP_036198775.1	91.833	949	0.0	XP_036198775.1 NADH dehydrogenase [ubiquinone] iron-sulfur protein 2, mitochondrial [Myotis myotis]
NDUFS2|Rousettus_aegyptiacus|XP_015989553	XP_036198775.1	96.544	933	0.0	XP_036198775.1 NADH dehydrogenase [ubiquinone] iron-sulfur protein 2, mitochondrial [Myotis myotis]
NDUFS2|Saccopteryx_bilineata|XP_066117061	XP_036198775.1	96.544	938	0.0	XP_036198775.1 NADH dehydrogenase [ubiquinone] iron-sulfur protein 2, mitochondrial [Myotis myotis]
NDUFS2|Saccopteryx_leptura|XP_066227411	XP_036198775.1	96.760	941	0.0	XP_036198775.1 NADH dehydrogenase [ubiquinone] iron-sulfur protein 2, mitochondrial [Myotis myotis]
NDUFS2|Sturnira_hondurensis|XP_036890906	XP_036198775.1	97.192	947	0.0	XP_036198775.1 NADH dehydrogenase [ubiquinone] iron-sulfur protein 2, mitochondrial [Myotis myotis]
NDUFV2|Artibeus_jamaicensis|XP_036999227	XP_036179135.1	96.787	506	0.0	XP_036179135.1 NADH dehydrogenase [ubiquinone] flavoprotein 2, mitochondrial [Myotis myotis]
NDUFV2|Cnephaeus_nilssonii|XP_079641369	XP_036179135.1	98.394	511	0.0	XP_036179135.1 NADH dehydrogenase [ubiquinone] flavoprotein 2, mitochondrial [Myotis myotis]
NDUFV2|Desmodus_rotundus|XP_024436017	XP_036179135.1	97.189	510	0.0	XP_036179135.1 NADH dehydrogenase [ubiquinone] flavoprotein 2, mitochondrial [Myotis myotis]
NDUFV2|Eptesicus_fuscus|XP_008158074	XP_036179135.1	98.795	513	0.0	XP_036179135.1 NADH dehydrogenase [ubiquinone] flavoprotein 2, mitochondrial [Myotis myotis]
NDUFV2|Hipposideros_armiger|XP_019505539	XP_036179135.1	97.581	507	0.0	XP_036179135.1 NADH dehydrogenase [ubiquinone] flavoprotein 2, mitochondrial [Myotis myotis]
NDUFV2|Miniopterus_schreibersii|XP_081005076	XP_036179135.1	97.992	511	0.0	XP_036179135.1 NADH dehydrogenase [ubiquinone] flavoprotein 2, mitochondrial [Myotis myotis]
NDUFV2|Molossus_molossus|XP_036101394	XP_036179135.1	97.189	508	0.0	XP_036179135.1 NADH dehydrogenase [ubiquinone] flavoprotein 2, mitochondrial [Myotis myotis]
NDUFV2|Myotis_brandtii|XP_005866953	XP_036179135.1	98.795	515	0.0	XP_036179135.1 NADH dehydrogenase [ubiquinone] flavoprotein 2, mitochondrial [Myotis myotis]
NDUFV2|Myotis_daubentonii|XP_059562592	XP_036179135.1	100.000	519	0.0	XP_036179135.1 NADH dehydrogenase [ubiquinone] flavoprotein 2, mitochondrial [Myotis myotis]
NDUFV2|Myotis_davidii|XP_006763342	XP_036179135.1	99.598	518	0.0	XP_036179135.1 NADH dehydrogenase [ubiquinone] flavoprotein 2, mitochondrial [Myotis myotis]
NDUFV2|Myotis_lucifugus|XP_006089342	XP_036179135.1	99.197	517	0.0	XP_036179135.1 NADH dehydrogenase [ubiquinone] flavoprotein 2, mitochondrial [Myotis myotis]
NDUFV2|Myotis_myotis|XP_036179135	XP_036179135.1	100.000	519	0.0	XP_036179135.1 NADH dehydrogenase [ubiquinone] flavoprotein 2, mitochondrial [Myotis myotis]
NDUFV2|Myotis_nattereri|XP_080952625	XP_036179135.1	100.000	519	0.0	XP_036179135.1 NADH dehydrogenase [ubiquinone] flavoprotein 2, mitochondrial [Myotis myotis]
NDUFV2|Myotis_yumanensis|XP_070276764	XP_036179135.1	99.598	518	0.0	XP_036179135.1 NADH dehydrogenase [ubiquinone] flavoprotein 2, mitochondrial [Myotis myotis]
NDUFV2|Phyllostomus_discolor|XP_028380500	XP_036179135.1	96.787	508	0.0	XP_036179135.1 NADH dehydrogenase [ubiquinone] flavoprotein 2, mitochondrial [Myotis myotis]
NDUFV2|Phyllostomus_hastatus|XP_045706097	XP_036179135.1	96.787	508	0.0	XP_036179135.1 NADH dehydrogenase [ubiquinone] flavoprotein 2, mitochondrial [Myotis myotis]
NDUFV2|Pipistrellus_kuhlii|XP_036274486	XP_036179135.1	97.590	507	0.0	XP_036179135.1 NADH dehydrogenase [ubiquinone] flavoprotein 2, mitochondrial [Myotis myotis]
NDUFV2|Plecotus_auritus|XP_080542077	XP_036179135.1	98.394	513	0.0	XP_036179135.1 NADH dehydrogenase [ubiquinone] flavoprotein 2, mitochondrial [Myotis myotis]
NDUFV2|Pteronotus_mesoamericanus|XP_054443344	XP_036179135.1	97.992	513	0.0	XP_036179135.1 NADH dehydrogenase [ubiquinone] flavoprotein 2, mitochondrial [Myotis myotis]
NDUFV2|Pteropus_alecto|XP_006920136	XP_036179135.1	97.590	510	0.0	XP_036179135.1 NADH dehydrogenase [ubiquinone] flavoprotein 2, mitochondrial [Myotis myotis]
NDUFV2|Pteropus_medius|XP_039701792	XP_036179135.1	97.590	510	0.0	XP_036179135.1 NADH dehydrogenase [ubiquinone] flavoprotein 2, mitochondrial [Myotis myotis]
NDUFV2|Pteropus_vampyrus|XP_011364466	XP_036179135.1	97.590	510	0.0	XP_036179135.1 NADH dehydrogenase [ubiquinone] flavoprotein 2, mitochondrial [Myotis myotis]
NDUFV2|Rhinolophus_ferrumequinum|XP_032943411	XP_036179135.1	96.787	506	0.0	XP_036179135.1 NADH dehydrogenase [ubiquinone] flavoprotein 2, mitochondrial [Myotis myotis]
NDUFV2|Rhinolophus_hipposideros|XP_080935150	XP_036179135.1	96.787	505	0.0	XP_036179135.1 NADH dehydrogenase [ubiquinone] flavoprotein 2, mitochondrial [Myotis myotis]
NDUFV2|Rhinolophus_sinicus|XP_019568154	XP_036179135.1	97.034	481	1.08e-174	XP_036179135.1 NADH dehydrogenase [ubiquinone] flavoprotein 2, mitochondrial [Myotis myotis]
NDUFV2|Rousettus_aegyptiacus|XP_015976393	XP_036179135.1	97.590	511	0.0	XP_036179135.1 NADH dehydrogenase [ubiquinone] flavoprotein 2, mitochondrial [Myotis myotis]
NDUFV2|Saccopteryx_bilineata|XP_066102787	XP_036179135.1	96.787	506	0.0	XP_036179135.1 NADH dehydrogenase [ubiquinone] flavoprotein 2, mitochondrial [Myotis myotis]
NDUFV2|Saccopteryx_leptura|XP_066209039	XP_036179135.1	96.787	506	0.0	XP_036179135.1 NADH dehydrogenase [ubiquinone] flavoprotein 2, mitochondrial [Myotis myotis]
NDUFV2|Sturnira_hondurensis|XP_036906251	XP_036179135.1	96.787	507	0.0	XP_036179135.1 NADH dehydrogenase [ubiquinone] flavoprotein 2, mitochondrial [Myotis myotis]
PLIN1|Artibeus_jamaicensis|XP_037000913	XP_036211705.1	76.641	739	0.0	XP_036211705.1 perilipin-1 [Myotis myotis]
PLIN1|Artibeus_jamaicensis|XP_037000913	XP_036211704.1	76.641	739	0.0	XP_036211704.1 perilipin-1 [Myotis myotis]
PLIN1|Artibeus_jamaicensis|XP_037000913	XP_036187139.1	31.858	114	1.13e-26	XP_036187139.1 perilipin-2 isoform X1 [Myotis myotis]
PLIN1|Artibeus_jamaicensis|XP_037000913	XP_036187140.1	32.273	113	1.42e-26	XP_036187140.1 perilipin-2 isoform X2 [Myotis myotis]
PLIN1|Artibeus_jamaicensis|XP_037000913	XP_036170150.1	32.292	107	2.28e-24	XP_036170150.1 perilipin-3 isoform X2 [Myotis myotis]
PLIN1|Cnephaeus_nilssonii|XP_079620123	XP_036211705.1	95.146	989	0.0	XP_036211705.1 perilipin-1 [Myotis myotis]
PLIN1|Cnephaeus_nilssonii|XP_079620123	XP_036211704.1	95.146	989	0.0	XP_036211704.1 perilipin-1 [Myotis myotis]
PLIN1|Cnephaeus_nilssonii|XP_079620123	XP_036187139.1	25.113	118	4.27e-28	XP_036187139.1 perilipin-2 isoform X1 [Myotis myotis]
PLIN1|Cnephaeus_nilssonii|XP_079620123	XP_036187140.1	27.915	117	9.49e-28	XP_036187140.1 perilipin-2 isoform X2 [Myotis myotis]
PLIN1|Cnephaeus_nilssonii|XP_079620123	XP_036170150.1	30.380	107	1.11e-24	XP_036170150.1 perilipin-3 isoform X2 [Myotis myotis]
PLIN1|Desmodus_rotundus|XP_045052498	XP_036211705.1	76.255	734	0.0	XP_036211705.1 perilipin-1 [Myotis myotis]
PLIN1|Desmodus_rotundus|XP_045052498	XP_036211704.1	76.255	734	0.0	XP_036211704.1 perilipin-1 [Myotis myotis]
PLIN1|Desmodus_rotundus|XP_045052498	XP_036187139.1	32.273	114	1.08e-26	XP_036187139.1 perilipin-2 isoform X1 [Myotis myotis]
PLIN1|Desmodus_rotundus|XP_045052498	XP_036187140.1	32.273	113	1.15e-26	XP_036187140.1 perilipin-2 isoform X2 [Myotis myotis]
PLIN1|Desmodus_rotundus|XP_045052498	XP_036170150.1	30.043	107	1.32e-24	XP_036170150.1 perilipin-3 isoform X2 [Myotis myotis]
PLIN1|Eptesicus_fuscus|XP_008159516	XP_036211705.1	95.340	991	0.0	XP_036211705.1 perilipin-1 [Myotis myotis]
PLIN1|Eptesicus_fuscus|XP_008159516	XP_036211704.1	95.340	991	0.0	XP_036211704.1 perilipin-1 [Myotis myotis]
PLIN1|Eptesicus_fuscus|XP_008159516	XP_036187139.1	25.339	120	4.64e-29	XP_036187139.1 perilipin-2 isoform X1 [Myotis myotis]
PLIN1|Eptesicus_fuscus|XP_008159516	XP_036187140.1	25.532	119	1.51e-28	XP_036187140.1 perilipin-2 isoform X2 [Myotis myotis]
PLIN1|Eptesicus_fuscus|XP_008159516	XP_036170149.1	30.380	107	1.20e-24	XP_036170149.1 perilipin-3 isoform X1 [Myotis myotis]
PLIN1|Hipposideros_armiger|XP_019495573	XP_036211705.1	78.764	764	0.0	XP_036211705.1 perilipin-1 [Myotis myotis]
PLIN1|Hipposideros_armiger|XP_019495573	XP_036211704.1	78.764	764	0.0	XP_036211704.1 perilipin-1 [Myotis myotis]
PLIN1|Hipposideros_armiger|XP_019495573	XP_036187139.1	28.082	117	5.68e-28	XP_036187139.1 perilipin-2 isoform X1 [Myotis myotis]
PLIN1|Hipposideros_armiger|XP_019495573	XP_036187140.1	28.082	116	1.07e-27	XP_036187140.1 perilipin-2 isoform X2 [Myotis myotis]
PLIN1|Hipposideros_armiger|XP_019495573	XP_036170149.1	28.185	105	5.62e-24	XP_036170149.1 perilipin-3 isoform X1 [Myotis myotis]
PLIN1|Miniopterus_natalensis|XP_016072656	XP_036211705.1	81.712	794	0.0	XP_036211705.1 perilipin-1 [Myotis myotis]
PLIN1|Miniopterus_natalensis|XP_016072656	XP_036211704.1	81.712	794	0.0	XP_036211704.1 perilipin-1 [Myotis myotis]
PLIN1|Miniopterus_natalensis|XP_016072656	XP_036187140.1	26.429	118	3.22e-28	XP_036187140.1 perilipin-2 isoform X2 [Myotis myotis]
PLIN1|Miniopterus_natalensis|XP_016072656	XP_036187139.1	26.478	118	3.35e-28	XP_036187139.1 perilipin-2 isoform X1 [Myotis myotis]
PLIN1|Miniopterus_natalensis|XP_016072656	XP_036170150.1	33.047	109	3.47e-25	XP_036170150.1 perilipin-3 isoform X2 [Myotis myotis]
PLIN1|Miniopterus_schreibersii|XP_080980445	XP_036211705.1	81.323	786	0.0	XP_036211705.1 perilipin-1 [Myotis myotis]
PLIN1|Miniopterus_schreibersii|XP_080980445	XP_036211704.1	81.323	786	0.0	XP_036211704.1 perilipin-1 [Myotis myotis]
PLIN1|Miniopterus_schreibersii|XP_080980445	XP_036187139.1	32.743	118	3.02e-28	XP_036187139.1 perilipin-2 isoform X1 [Myotis myotis]
PLIN1|Miniopterus_schreibersii|XP_080980445	XP_036187140.1	32.743	117	3.86e-28	XP_036187140.1 perilipin-2 isoform X2 [Myotis myotis]
PLIN1|Miniopterus_schreibersii|XP_080980445	XP_036170149.1	33.047	109	2.99e-25	XP_036170149.1 perilipin-3 isoform X1 [Myotis myotis]
PLIN1|Molossus_molossus|XP_036133957	XP_036211705.1	80.603	793	0.0	XP_036211705.1 perilipin-1 [Myotis myotis]
PLIN1|Molossus_molossus|XP_036133957	XP_036211704.1	80.603	793	0.0	XP_036211704.1 perilipin-1 [Myotis myotis]
PLIN1|Molossus_molossus|XP_036133957	XP_036187139.1	33.482	119	1.68e-28	XP_036187139.1 perilipin-2 isoform X1 [Myotis myotis]
PLIN1|Molossus_molossus|XP_036133957	XP_036187140.1	33.482	119	1.75e-28	XP_036187140.1 perilipin-2 isoform X2 [Myotis myotis]
PLIN1|Molossus_molossus|XP_036133957	XP_036170149.1	32.468	110	1.99e-25	XP_036170149.1 perilipin-3 isoform X1 [Myotis myotis]
PLIN1|Myotis_daubentonii|XP_059534260	XP_036211705.1	99.609	1040	0.0	XP_036211705.1 perilipin-1 [Myotis myotis]
PLIN1|Myotis_daubentonii|XP_059534260	XP_036211704.1	99.609	1040	0.0	XP_036211704.1 perilipin-1 [Myotis myotis]
PLIN1|Myotis_daubentonii|XP_059534260	XP_036187139.1	25.566	118	3.56e-28	XP_036187139.1 perilipin-2 isoform X1 [Myotis myotis]
PLIN1|Myotis_daubentonii|XP_059534260	XP_036187140.1	25.537	116	1.57e-27	XP_036187140.1 perilipin-2 isoform X2 [Myotis myotis]
PLIN1|Myotis_daubentonii|XP_059534260	XP_036170149.1	29.237	103	3.83e-23	XP_036170149.1 perilipin-3 isoform X1 [Myotis myotis]
PLIN1|Myotis_davidii|XP_015418718	XP_036211705.1	87.943	714	0.0	XP_036211705.1 perilipin-1 [Myotis myotis]
PLIN1|Myotis_davidii|XP_015418718	XP_036211705.1	78.947	68.2	7.89e-12	XP_036211705.1 perilipin-1 [Myotis myotis]
PLIN1|Myotis_davidii|XP_015418718	XP_036211704.1	87.943	714	0.0	XP_036211704.1 perilipin-1 [Myotis myotis]
PLIN1|Myotis_davidii|XP_015418718	XP_036211704.1	78.947	68.2	7.89e-12	XP_036211704.1 perilipin-1 [Myotis myotis]
PLIN1|Myotis_davidii|XP_015418718	XP_036187139.1	31.739	117	1.19e-28	XP_036187139.1 perilipin-2 isoform X1 [Myotis myotis]
PLIN1|Myotis_davidii|XP_015418718	XP_036187140.1	31.739	117	1.60e-28	XP_036187140.1 perilipin-2 isoform X2 [Myotis myotis]
PLIN1|Myotis_davidii|XP_015418718	XP_036170150.1	30.380	107	4.01e-25	XP_036170150.1 perilipin-3 isoform X2 [Myotis myotis]
PLIN1|Myotis_myotis|XP_036211705	XP_036211705.1	100.000	1043	0.0	XP_036211705.1 perilipin-1 [Myotis myotis]
PLIN1|Myotis_myotis|XP_036211705	XP_036211704.1	100.000	1043	0.0	XP_036211704.1 perilipin-1 [Myotis myotis]
PLIN1|Myotis_myotis|XP_036211705	XP_036187139.1	25.792	119	1.37e-28	XP_036187139.1 perilipin-2 isoform X1 [Myotis myotis]
PLIN1|Myotis_myotis|XP_036211705	XP_036187140.1	25.776	117	4.86e-28	XP_036187140.1 perilipin-2 isoform X2 [Myotis myotis]
PLIN1|Myotis_myotis|XP_036211705	XP_036170149.1	29.237	103	3.80e-23	XP_036170149.1 perilipin-3 isoform X1 [Myotis myotis]
PLIN1|Myotis_nattereri|XP_080970924	XP_036211705.1	99.023	1033	0.0	XP_036211705.1 perilipin-1 [Myotis myotis]
PLIN1|Myotis_nattereri|XP_080970924	XP_036211704.1	99.023	1033	0.0	XP_036211704.1 perilipin-1 [Myotis myotis]
PLIN1|Myotis_nattereri|XP_080970924	XP_036187139.1	25.566	120	6.67e-29	XP_036187139.1 perilipin-2 isoform X1 [Myotis myotis]
PLIN1|Myotis_nattereri|XP_080970924	XP_036187140.1	25.537	118	2.16e-28	XP_036187140.1 perilipin-2 isoform X2 [Myotis myotis]
PLIN1|Myotis_nattereri|XP_080970924	XP_036170149.1	29.536	103	4.01e-23	XP_036170149.1 perilipin-3 isoform X1 [Myotis myotis]
PLIN1|Myotis_yumanensis|XP_070256670	XP_036211705.1	97.852	1021	0.0	XP_036211705.1 perilipin-1 [Myotis myotis]
PLIN1|Myotis_yumanensis|XP_070256670	XP_036211704.1	97.852	1021	0.0	XP_036211704.1 perilipin-1 [Myotis myotis]
PLIN1|Myotis_yumanensis|XP_070256670	XP_036187139.1	25.342	119	1.24e-28	XP_036187139.1 perilipin-2 isoform X1 [Myotis myotis]
PLIN1|Myotis_yumanensis|XP_070256670	XP_036187140.1	25.537	117	3.90e-28	XP_036187140.1 perilipin-2 isoform X2 [Myotis myotis]
PLIN1|Myotis_yumanensis|XP_070256670	XP_036170149.1	32.292	103	4.62e-23	XP_036170149.1 perilipin-3 isoform X1 [Myotis myotis]
PLIN1|Phyllostomus_discolor|XP_035868238	XP_036211705.1	77.606	747	0.0	XP_036211705.1 perilipin-1 [Myotis myotis]
PLIN1|Phyllostomus_discolor|XP_035868238	XP_036211704.1	77.606	747	0.0	XP_036211704.1 perilipin-1 [Myotis myotis]
PLIN1|Phyllostomus_discolor|XP_035868238	XP_036187139.1	32.301	119	1.37e-28	XP_036187139.1 perilipin-2 isoform X1 [Myotis myotis]
PLIN1|Phyllostomus_discolor|XP_035868238	XP_036187140.1	32.301	119	1.90e-28	XP_036187140.1 perilipin-2 isoform X2 [Myotis myotis]
PLIN1|Phyllostomus_discolor|XP_035868238	XP_036170150.1	32.292	105	6.32e-24	XP_036170150.1 perilipin-3 isoform X2 [Myotis myotis]
PLIN1|Phyllostomus_hastatus|XP_045680792	XP_036211705.1	76.448	735	0.0	XP_036211705.1 perilipin-1 [Myotis myotis]
PLIN1|Phyllostomus_hastatus|XP_045680792	XP_036211704.1	76.448	735	0.0	XP_036211704.1 perilipin-1 [Myotis myotis]
PLIN1|Phyllostomus_hastatus|XP_045680792	XP_036187139.1	32.301	118	3.27e-28	XP_036187139.1 perilipin-2 isoform X1 [Myotis myotis]
PLIN1|Phyllostomus_hastatus|XP_045680792	XP_036187140.1	32.301	117	3.98e-28	XP_036187140.1 perilipin-2 isoform X2 [Myotis myotis]
PLIN1|Phyllostomus_hastatus|XP_045680792	XP_036170149.1	32.105	105	7.48e-24	XP_036170149.1 perilipin-3 isoform X1 [Myotis myotis]
PLIN1|Pipistrellus_kuhlii|XP_036271420	XP_036211705.1	92.039	910	0.0	XP_036211705.1 perilipin-1 [Myotis myotis]
PLIN1|Pipistrellus_kuhlii|XP_036271420	XP_036211704.1	92.039	910	0.0	XP_036211704.1 perilipin-1 [Myotis myotis]
PLIN1|Pipistrellus_kuhlii|XP_036271420	XP_036187139.1	25.000	116	1.16e-27	XP_036187139.1 perilipin-2 isoform X1 [Myotis myotis]
PLIN1|Pipistrellus_kuhlii|XP_036271420	XP_036187140.1	25.180	114	4.52e-27	XP_036187140.1 perilipin-2 isoform X2 [Myotis myotis]
PLIN1|Pipistrellus_kuhlii|XP_036271420	XP_036170150.1	32.812	105	6.72e-24	XP_036170150.1 perilipin-3 isoform X2 [Myotis myotis]
PLIN1|Plecotus_auritus|XP_080507853	XP_036211705.1	94.932	983	0.0	XP_036211705.1 perilipin-1 [Myotis myotis]
PLIN1|Plecotus_auritus|XP_080507853	XP_036211704.1	94.932	983	0.0	XP_036211704.1 perilipin-1 [Myotis myotis]
PLIN1|Plecotus_auritus|XP_080507853	XP_036187139.1	25.576	127	2.67e-31	XP_036187139.1 perilipin-2 isoform X1 [Myotis myotis]
PLIN1|Plecotus_auritus|XP_080507853	XP_036187140.1	25.783	125	8.99e-31	XP_036187140.1 perilipin-2 isoform X2 [Myotis myotis]
PLIN1|Plecotus_auritus|XP_080507853	XP_036170150.1	30.380	106	2.42e-24	XP_036170150.1 perilipin-3 isoform X2 [Myotis myotis]
PLIN1|Pteronotus_mesoamericanus|XP_054433540	XP_036211705.1	74.379	713	0.0	XP_036211705.1 perilipin-1 [Myotis myotis]
PLIN1|Pteronotus_mesoamericanus|XP_054433540	XP_036211704.1	74.379	713	0.0	XP_036211704.1 perilipin-1 [Myotis myotis]
PLIN1|Pteronotus_mesoamericanus|XP_054433540	XP_036187139.1	31.416	114	9.92e-27	XP_036187139.1 perilipin-2 isoform X1 [Myotis myotis]
PLIN1|Pteronotus_mesoamericanus|XP_054433540	XP_036187140.1	31.416	113	1.18e-26	XP_036187140.1 perilipin-2 isoform X2 [Myotis myotis]
PLIN1|Pteronotus_mesoamericanus|XP_054433540	XP_036170150.1	31.579	105	7.69e-24	XP_036170150.1 perilipin-3 isoform X2 [Myotis myotis]
PLIN1|Pteropus_alecto|XP_024905542	XP_036211705.1	77.395	756	0.0	XP_036211705.1 perilipin-1 [Myotis myotis]
PLIN1|Pteropus_alecto|XP_024905542	XP_036211704.1	77.395	756	0.0	XP_036211704.1 perilipin-1 [Myotis myotis]
PLIN1|Pteropus_alecto|XP_024905542	XP_036187139.1	25.285	122	1.37e-29	XP_036187139.1 perilipin-2 isoform X1 [Myotis myotis]
PLIN1|Pteropus_alecto|XP_024905542	XP_036187140.1	25.604	119	1.85e-28	XP_036187140.1 perilipin-2 isoform X2 [Myotis myotis]
PLIN1|Pteropus_alecto|XP_024905542	XP_036170149.1	32.432	108	4.87e-25	XP_036170149.1 perilipin-3 isoform X1 [Myotis myotis]
PLIN1|Pteropus_medius|XP_039714440	XP_036211705.1	77.969	762	0.0	XP_036211705.1 perilipin-1 [Myotis myotis]
PLIN1|Pteropus_medius|XP_039714440	XP_036211704.1	77.969	762	0.0	XP_036211704.1 perilipin-1 [Myotis myotis]
PLIN1|Pteropus_medius|XP_039714440	XP_036187139.1	24.769	121	2.22e-29	XP_036187139.1 perilipin-2 isoform X1 [Myotis myotis]
PLIN1|Pteropus_medius|XP_039714440	XP_036187140.1	25.061	118	2.42e-28	XP_036187140.1 perilipin-2 isoform X2 [Myotis myotis]
PLIN1|Pteropus_medius|XP_039714440	XP_036170150.1	32.432	108	4.43e-25	XP_036170150.1 perilipin-3 isoform X2 [Myotis myotis]
PLIN1|Pteropus_vampyrus|XP_023378744	XP_036211705.1	77.586	759	0.0	XP_036211705.1 perilipin-1 [Myotis myotis]
PLIN1|Pteropus_vampyrus|XP_023378744	XP_036211704.1	77.586	759	0.0	XP_036211704.1 perilipin-1 [Myotis myotis]
PLIN1|Pteropus_vampyrus|XP_023378744	XP_036187139.1	24.771	121	2.82e-29	XP_036187139.1 perilipin-2 isoform X1 [Myotis myotis]
PLIN1|Pteropus_vampyrus|XP_023378744	XP_036187140.1	25.061	118	3.01e-28	XP_036187140.1 perilipin-2 isoform X2 [Myotis myotis]
PLIN1|Pteropus_vampyrus|XP_023378744	XP_036170149.1	32.432	108	4.23e-25	XP_036170149.1 perilipin-3 isoform X1 [Myotis myotis]
PLIN1|Rhinolophus_ferrumequinum|XP_032956190	XP_036211705.1	79.151	766	0.0	XP_036211705.1 perilipin-1 [Myotis myotis]
PLIN1|Rhinolophus_ferrumequinum|XP_032956190	XP_036211704.1	79.151	766	0.0	XP_036211704.1 perilipin-1 [Myotis myotis]
PLIN1|Rhinolophus_ferrumequinum|XP_032956190	XP_036187139.1	25.951	124	2.71e-30	XP_036187139.1 perilipin-2 isoform X1 [Myotis myotis]
PLIN1|Rhinolophus_ferrumequinum|XP_032956190	XP_036187140.1	26.225	121	2.60e-29	XP_036187140.1 perilipin-2 isoform X2 [Myotis myotis]
PLIN1|Rhinolophus_ferrumequinum|XP_032956190	XP_036170150.1	30.000	106	3.90e-24	XP_036170150.1 perilipin-3 isoform X2 [Myotis myotis]
PLIN1|Rhinolophus_hipposideros|XP_080897307	XP_036211705.1	79.730	774	0.0	XP_036211705.1 perilipin-1 [Myotis myotis]
PLIN1|Rhinolophus_hipposideros|XP_080897307	XP_036211704.1	79.730	774	0.0	XP_036211704.1 perilipin-1 [Myotis myotis]
PLIN1|Rhinolophus_hipposideros|XP_080897307	XP_036187139.1	31.739	115	2.41e-27	XP_036187139.1 perilipin-2 isoform X1 [Myotis myotis]
PLIN1|Rhinolophus_hipposideros|XP_080897307	XP_036187140.1	31.739	115	2.76e-27	XP_036187140.1 perilipin-2 isoform X2 [Myotis myotis]
PLIN1|Rhinolophus_hipposideros|XP_080897307	XP_036170150.1	30.417	108	9.28e-25	XP_036170150.1 perilipin-3 isoform X2 [Myotis myotis]
PLIN1|Rhinolophus_sinicus|XP_074173928	XP_036211705.1	79.383	763	0.0	XP_036211705.1 perilipin-1 [Myotis myotis]
PLIN1|Rhinolophus_sinicus|XP_074173928	XP_036211704.1	79.383	763	0.0	XP_036211704.1 perilipin-1 [Myotis myotis]
PLIN1|Rhinolophus_sinicus|XP_074173928	XP_036187139.1	25.959	118	3.02e-28	XP_036187139.1 perilipin-2 isoform X1 [Myotis myotis]
PLIN1|Rhinolophus_sinicus|XP_074173928	XP_036187140.1	26.329	117	4.17e-28	XP_036187140.1 perilipin-2 isoform X2 [Myotis myotis]
PLIN1|Rhinolophus_sinicus|XP_074173928	XP_036170149.1	30.000	107	1.25e-24	XP_036170149.1 perilipin-3 isoform X1 [Myotis myotis]
PLIN1|Rousettus_aegyptiacus|XP_016007074	XP_036211705.1	77.586	759	0.0	XP_036211705.1 perilipin-1 [Myotis myotis]
PLIN1|Rousettus_aegyptiacus|XP_016007074	XP_036211704.1	77.586	759	0.0	XP_036211704.1 perilipin-1 [Myotis myotis]
PLIN1|Rousettus_aegyptiacus|XP_016007074	XP_036187139.1	24.942	119	1.45e-28	XP_036187139.1 perilipin-2 isoform X1 [Myotis myotis]
PLIN1|Rousettus_aegyptiacus|XP_016007074	XP_036187140.1	25.245	116	1.67e-27	XP_036187140.1 perilipin-2 isoform X2 [Myotis myotis]
PLIN1|Rousettus_aegyptiacus|XP_016007074	XP_036170149.1	31.892	108	7.64e-25	XP_036170149.1 perilipin-3 isoform X1 [Myotis myotis]
PLIN1|Saccopteryx_bilineata|XP_066096590	XP_036211705.1	79.191	759	0.0	XP_036211705.1 perilipin-1 [Myotis myotis]
PLIN1|Saccopteryx_bilineata|XP_066096590	XP_036211704.1	79.191	759	0.0	XP_036211704.1 perilipin-1 [Myotis myotis]
PLIN1|Saccopteryx_bilineata|XP_066096590	XP_036187139.1	30.435	110	1.30e-25	XP_036187139.1 perilipin-2 isoform X1 [Myotis myotis]
PLIN1|Saccopteryx_bilineata|XP_066096590	XP_036187140.1	30.435	110	1.88e-25	XP_036187140.1 perilipin-2 isoform X2 [Myotis myotis]
PLIN1|Saccopteryx_bilineata|XP_066096590	XP_036170150.1	27.572	106	3.13e-24	XP_036170150.1 perilipin-3 isoform X2 [Myotis myotis]
PLIN1|Saccopteryx_leptura|XP_066211888	XP_036211705.1	80.077	773	0.0	XP_036211705.1 perilipin-1 [Myotis myotis]
PLIN1|Saccopteryx_leptura|XP_066211888	XP_036211704.1	80.077	773	0.0	XP_036211704.1 perilipin-1 [Myotis myotis]
PLIN1|Saccopteryx_leptura|XP_066211888	XP_036187139.1	30.435	110	1.22e-25	XP_036187139.1 perilipin-2 isoform X1 [Myotis myotis]
PLIN1|Saccopteryx_leptura|XP_066211888	XP_036187140.1	30.435	110	1.89e-25	XP_036187140.1 perilipin-2 isoform X2 [Myotis myotis]
PLIN1|Saccopteryx_leptura|XP_066211888	XP_036170150.1	27.572	107	1.36e-24	XP_036170150.1 perilipin-3 isoform X2 [Myotis myotis]
PLIN1|Sturnira_hondurensis|XP_036909519	XP_036211705.1	76.628	743	0.0	XP_036211705.1 perilipin-1 [Myotis myotis]
PLIN1|Sturnira_hondurensis|XP_036909519	XP_036211704.1	76.628	743	0.0	XP_036211704.1 perilipin-1 [Myotis myotis]
PLIN1|Sturnira_hondurensis|XP_036909519	XP_036187139.1	30.973	115	2.81e-27	XP_036187139.1 perilipin-2 isoform X1 [Myotis myotis]
PLIN1|Sturnira_hondurensis|XP_036909519	XP_036187140.1	30.973	115	3.37e-27	XP_036187140.1 perilipin-2 isoform X2 [Myotis myotis]
PLIN1|Sturnira_hondurensis|XP_036909519	XP_036170149.1	32.432	105	7.28e-24	XP_036170149.1 perilipin-3 isoform X1 [Myotis myotis]
PPARGC1A|Artibeus_jamaicensis|XP_053528293	XP_036186069.1	96.985	1588	0.0	XP_036186069.1 peroxisome proliferator-activated receptor gamma coactivator 1-alpha [Myotis myotis]
PPARGC1A|Artibeus_jamaicensis|XP_053528293	XP_036192089.1	61.029	192	5.56e-50	XP_036192089.1 peroxisome proliferator-activated receptor gamma coactivator-related protein 1 isoform X1 [Myotis myotis]
PPARGC1A|Artibeus_jamaicensis|XP_053528293	XP_036192090.1	61.029	192	5.86e-50	XP_036192090.1 peroxisome proliferator-activated receptor gamma coactivator-related protein 1 isoform X2 [Myotis myotis]
PPARGC1A|Artibeus_jamaicensis|XP_053528293	XP_036169696.1	50.000	127	1.53e-29	XP_036169696.1 peroxisome proliferator-activated receptor gamma coactivator 1-beta isoform X1 [Myotis myotis]
PPARGC1A|Artibeus_jamaicensis|XP_053528293	XP_036169696.1	36.683	91.3	3.60e-18	XP_036169696.1 peroxisome proliferator-activated receptor gamma coactivator 1-beta isoform X1 [Myotis myotis]
PPARGC1A|Artibeus_jamaicensis|XP_053528293	XP_036169697.1	36.683	90.5	5.82e-18	XP_036169697.1 peroxisome proliferator-activated receptor gamma coactivator 1-beta isoform X2 [Myotis myotis]
PPARGC1A|Artibeus_jamaicensis|XP_053528293	XP_036169697.1	53.012	85.5	2.35e-16	XP_036169697.1 peroxisome proliferator-activated receptor gamma coactivator 1-beta isoform X2 [Myotis myotis]
PPARGC1A|Artibeus_jamaicensis|XP_053528293	XP_036169697.1	33.495	70.9	6.28e-12	XP_036169697.1 peroxisome proliferator-activated receptor gamma coactivator 1-beta isoform X2 [Myotis myotis]
PPARGC1A|Cnephaeus_nilssonii|XP_079625120	XP_036186069.1	98.995	1621	0.0	XP_036186069.1 peroxisome proliferator-activated receptor gamma coactivator 1-alpha [Myotis myotis]
PPARGC1A|Cnephaeus_nilssonii|XP_079625120	XP_036192089.1	61.029	192	4.77e-50	XP_036192089.1 peroxisome proliferator-activated receptor gamma coactivator-related protein 1 isoform X1 [Myotis myotis]
PPARGC1A|Cnephaeus_nilssonii|XP_079625120	XP_036192090.1	61.029	192	4.85e-50	XP_036192090.1 peroxisome proliferator-activated receptor gamma coactivator-related protein 1 isoform X2 [Myotis myotis]
PPARGC1A|Cnephaeus_nilssonii|XP_079625120	XP_036169696.1	50.000	127	1.49e-29	XP_036169696.1 peroxisome proliferator-activated receptor gamma coactivator 1-beta isoform X1 [Myotis myotis]
PPARGC1A|Cnephaeus_nilssonii|XP_079625120	XP_036169696.1	36.683	91.3	3.42e-18	XP_036169696.1 peroxisome proliferator-activated receptor gamma coactivator 1-beta isoform X1 [Myotis myotis]
PPARGC1A|Cnephaeus_nilssonii|XP_079625120	XP_036169697.1	36.683	90.5	5.30e-18	XP_036169697.1 peroxisome proliferator-activated receptor gamma coactivator 1-beta isoform X2 [Myotis myotis]
PPARGC1A|Cnephaeus_nilssonii|XP_079625120	XP_036169697.1	53.012	85.5	2.16e-16	XP_036169697.1 peroxisome proliferator-activated receptor gamma coactivator 1-beta isoform X2 [Myotis myotis]
PPARGC1A|Cnephaeus_nilssonii|XP_079625120	XP_036169697.1	33.654	67.8	6.92e-11	XP_036169697.1 peroxisome proliferator-activated receptor gamma coactivator 1-beta isoform X2 [Myotis myotis]
PPARGC1A|Desmodus_rotundus|XP_024429715	XP_036186069.1	97.111	1586	0.0	XP_036186069.1 peroxisome proliferator-activated receptor gamma coactivator 1-alpha [Myotis myotis]
PPARGC1A|Desmodus_rotundus|XP_024429715	XP_036192090.1	60.294	189	3.88e-49	XP_036192090.1 peroxisome proliferator-activated receptor gamma coactivator-related protein 1 isoform X2 [Myotis myotis]
PPARGC1A|Desmodus_rotundus|XP_024429715	XP_036192089.1	60.294	189	3.88e-49	XP_036192089.1 peroxisome proliferator-activated receptor gamma coactivator-related protein 1 isoform X1 [Myotis myotis]
PPARGC1A|Desmodus_rotundus|XP_024429715	XP_036169696.1	49.265	125	9.01e-29	XP_036169696.1 peroxisome proliferator-activated receptor gamma coactivator 1-beta isoform X1 [Myotis myotis]
PPARGC1A|Desmodus_rotundus|XP_024429715	XP_036169696.1	36.683	91.3	3.33e-18	XP_036169696.1 peroxisome proliferator-activated receptor gamma coactivator 1-beta isoform X1 [Myotis myotis]
PPARGC1A|Desmodus_rotundus|XP_024429715	XP_036169697.1	36.683	90.9	4.95e-18	XP_036169697.1 peroxisome proliferator-activated receptor gamma coactivator 1-beta isoform X2 [Myotis myotis]
PPARGC1A|Desmodus_rotundus|XP_024429715	XP_036169697.1	51.807	82.8	1.27e-15	XP_036169697.1 peroxisome proliferator-activated receptor gamma coactivator 1-beta isoform X2 [Myotis myotis]
PPARGC1A|Desmodus_rotundus|XP_024429715	XP_036169697.1	33.495	69.3	2.19e-11	XP_036169697.1 peroxisome proliferator-activated receptor gamma coactivator 1-beta isoform X2 [Myotis myotis]
PPARGC1A|Eptesicus_fuscus|XP_008138413	XP_036186069.1	99.121	1623	0.0	XP_036186069.1 peroxisome proliferator-activated receptor gamma coactivator 1-alpha [Myotis myotis]
PPARGC1A|Eptesicus_fuscus|XP_008138413	XP_036192089.1	61.029	192	5.41e-50	XP_036192089.1 peroxisome proliferator-activated receptor gamma coactivator-related protein 1 isoform X1 [Myotis myotis]
PPARGC1A|Eptesicus_fuscus|XP_008138413	XP_036192090.1	61.029	192	5.51e-50	XP_036192090.1 peroxisome proliferator-activated receptor gamma coactivator-related protein 1 isoform X2 [Myotis myotis]
PPARGC1A|Eptesicus_fuscus|XP_008138413	XP_036169696.1	50.000	127	1.47e-29	XP_036169696.1 peroxisome proliferator-activated receptor gamma coactivator 1-beta isoform X1 [Myotis myotis]
PPARGC1A|Eptesicus_fuscus|XP_008138413	XP_036169696.1	36.683	91.7	2.69e-18	XP_036169696.1 peroxisome proliferator-activated receptor gamma coactivator 1-beta isoform X1 [Myotis myotis]
PPARGC1A|Eptesicus_fuscus|XP_008138413	XP_036169697.1	36.683	90.9	4.46e-18	XP_036169697.1 peroxisome proliferator-activated receptor gamma coactivator 1-beta isoform X2 [Myotis myotis]
PPARGC1A|Eptesicus_fuscus|XP_008138413	XP_036169697.1	53.012	85.5	2.14e-16	XP_036169697.1 peroxisome proliferator-activated receptor gamma coactivator 1-beta isoform X2 [Myotis myotis]
PPARGC1A|Eptesicus_fuscus|XP_008138413	XP_036169697.1	33.654	68.9	3.08e-11	XP_036169697.1 peroxisome proliferator-activated receptor gamma coactivator 1-beta isoform X2 [Myotis myotis]
PPARGC1A|Hipposideros_armiger|XP_019497959	XP_036186069.1	96.734	1585	0.0	XP_036186069.1 peroxisome proliferator-activated receptor gamma coactivator 1-alpha [Myotis myotis]
PPARGC1A|Hipposideros_armiger|XP_019497959	XP_036192090.1	59.559	190	3.04e-49	XP_036192090.1 peroxisome proliferator-activated receptor gamma coactivator-related protein 1 isoform X2 [Myotis myotis]
PPARGC1A|Hipposideros_armiger|XP_019497959	XP_036192089.1	59.559	190	3.19e-49	XP_036192089.1 peroxisome proliferator-activated receptor gamma coactivator-related protein 1 isoform X1 [Myotis myotis]
PPARGC1A|Hipposideros_armiger|XP_019497959	XP_036169696.1	48.529	125	7.98e-29	XP_036169696.1 peroxisome proliferator-activated receptor gamma coactivator 1-beta isoform X1 [Myotis myotis]
PPARGC1A|Hipposideros_armiger|XP_019497959	XP_036169696.1	36.683	91.3	3.36e-18	XP_036169696.1 peroxisome proliferator-activated receptor gamma coactivator 1-beta isoform X1 [Myotis myotis]
PPARGC1A|Hipposideros_armiger|XP_019497959	XP_036169697.1	36.683	90.9	5.21e-18	XP_036169697.1 peroxisome proliferator-activated receptor gamma coactivator 1-beta isoform X2 [Myotis myotis]
PPARGC1A|Hipposideros_armiger|XP_019497959	XP_036169697.1	50.602	83.2	1.10e-15	XP_036169697.1 peroxisome proliferator-activated receptor gamma coactivator 1-beta isoform X2 [Myotis myotis]
PPARGC1A|Hipposideros_armiger|XP_019497959	XP_036169697.1	33.173	71.2	5.34e-12	XP_036169697.1 peroxisome proliferator-activated receptor gamma coactivator 1-beta isoform X2 [Myotis myotis]
PPARGC1A|Miniopterus_natalensis|XP_016073738	XP_036186069.1	96.734	1578	0.0	XP_036186069.1 peroxisome proliferator-activated receptor gamma coactivator 1-alpha [Myotis myotis]
PPARGC1A|Miniopterus_natalensis|XP_016073738	XP_036192090.1	61.029	192	6.48e-50	XP_036192090.1 peroxisome proliferator-activated receptor gamma coactivator-related protein 1 isoform X2 [Myotis myotis]
PPARGC1A|Miniopterus_natalensis|XP_016073738	XP_036169696.1	50.000	127	1.44e-29	XP_036169696.1 peroxisome proliferator-activated receptor gamma coactivator 1-beta isoform X1 [Myotis myotis]
PPARGC1A|Miniopterus_natalensis|XP_016073738	XP_036169696.1	36.683	91.3	3.53e-18	XP_036169696.1 peroxisome proliferator-activated receptor gamma coactivator 1-beta isoform X1 [Myotis myotis]
PPARGC1A|Miniopterus_natalensis|XP_016073738	XP_036192089.1	40.183	127	2.16e-29	XP_036192089.1 peroxisome proliferator-activated receptor gamma coactivator-related protein 1 isoform X1 [Myotis myotis]
PPARGC1A|Miniopterus_natalensis|XP_016073738	XP_036169697.1	36.683	90.5	6.08e-18	XP_036169697.1 peroxisome proliferator-activated receptor gamma coactivator 1-beta isoform X2 [Myotis myotis]
PPARGC1A|Miniopterus_natalensis|XP_016073738	XP_036169697.1	53.012	85.5	2.35e-16	XP_036169697.1 peroxisome proliferator-activated receptor gamma coactivator 1-beta isoform X2 [Myotis myotis]
PPARGC1A|Miniopterus_natalensis|XP_016073738	XP_036169697.1	33.816	71.2	5.86e-12	XP_036169697.1 peroxisome proliferator-activated receptor gamma coactivator 1-beta isoform X2 [Myotis myotis]
PPARGC1A|Miniopterus_schreibersii|XP_080985206	XP_036186069.1	96.734	1578	0.0	XP_036186069.1 peroxisome proliferator-activated receptor gamma coactivator 1-alpha [Myotis myotis]
PPARGC1A|Miniopterus_schreibersii|XP_080985206	XP_036192090.1	61.029	192	6.48e-50	XP_036192090.1 peroxisome proliferator-activated receptor gamma coactivator-related protein 1 isoform X2 [Myotis myotis]
PPARGC1A|Miniopterus_schreibersii|XP_080985206	XP_036169696.1	50.000	127	1.44e-29	XP_036169696.1 peroxisome proliferator-activated receptor gamma coactivator 1-beta isoform X1 [Myotis myotis]
PPARGC1A|Miniopterus_schreibersii|XP_080985206	XP_036169696.1	36.683	91.3	3.53e-18	XP_036169696.1 peroxisome proliferator-activated receptor gamma coactivator 1-beta isoform X1 [Myotis myotis]
PPARGC1A|Miniopterus_schreibersii|XP_080985206	XP_036192089.1	40.183	127	2.16e-29	XP_036192089.1 peroxisome proliferator-activated receptor gamma coactivator-related protein 1 isoform X1 [Myotis myotis]
PPARGC1A|Miniopterus_schreibersii|XP_080985206	XP_036169697.1	36.683	90.5	6.08e-18	XP_036169697.1 peroxisome proliferator-activated receptor gamma coactivator 1-beta isoform X2 [Myotis myotis]
PPARGC1A|Miniopterus_schreibersii|XP_080985206	XP_036169697.1	53.012	85.5	2.35e-16	XP_036169697.1 peroxisome proliferator-activated receptor gamma coactivator 1-beta isoform X2 [Myotis myotis]
PPARGC1A|Miniopterus_schreibersii|XP_080985206	XP_036169697.1	33.816	71.2	5.86e-12	XP_036169697.1 peroxisome proliferator-activated receptor gamma coactivator 1-beta isoform X2 [Myotis myotis]
PPARGC1A|Molossus_molossus|XP_036137128	XP_036186069.1	95.101	1442	0.0	XP_036186069.1 peroxisome proliferator-activated receptor gamma coactivator 1-alpha [Myotis myotis]
PPARGC1A|Molossus_molossus|XP_036137128	XP_036192089.1	61.765	194	1.74e-50	XP_036192089.1 peroxisome proliferator-activated receptor gamma coactivator-related protein 1 isoform X1 [Myotis myotis]
PPARGC1A|Molossus_molossus|XP_036137128	XP_036192090.1	61.765	194	1.77e-50	XP_036192090.1 peroxisome proliferator-activated receptor gamma coactivator-related protein 1 isoform X2 [Myotis myotis]
PPARGC1A|Molossus_molossus|XP_036137128	XP_036169696.1	50.735	129	5.74e-30	XP_036169696.1 peroxisome proliferator-activated receptor gamma coactivator 1-beta isoform X1 [Myotis myotis]
PPARGC1A|Molossus_molossus|XP_036137128	XP_036169696.1	37.186	93.2	9.27e-19	XP_036169696.1 peroxisome proliferator-activated receptor gamma coactivator 1-beta isoform X1 [Myotis myotis]
PPARGC1A|Molossus_molossus|XP_036137128	XP_036169697.1	37.186	92.4	1.46e-18	XP_036169697.1 peroxisome proliferator-activated receptor gamma coactivator 1-beta isoform X2 [Myotis myotis]
PPARGC1A|Molossus_molossus|XP_036137128	XP_036169697.1	53.012	85.5	2.35e-16	XP_036169697.1 peroxisome proliferator-activated receptor gamma coactivator 1-beta isoform X2 [Myotis myotis]
PPARGC1A|Molossus_molossus|XP_036137128	XP_036169697.1	35.814	79.7	1.45e-14	XP_036169697.1 peroxisome proliferator-activated receptor gamma coactivator 1-beta isoform X2 [Myotis myotis]
PPARGC1A|Myotis_brandtii|XP_005877725	XP_036186069.1	99.623	1634	0.0	XP_036186069.1 peroxisome proliferator-activated receptor gamma coactivator 1-alpha [Myotis myotis]
PPARGC1A|Myotis_brandtii|XP_005877725	XP_036192089.1	61.029	192	4.44e-50	XP_036192089.1 peroxisome proliferator-activated receptor gamma coactivator-related protein 1 isoform X1 [Myotis myotis]
PPARGC1A|Myotis_brandtii|XP_005877725	XP_036192090.1	61.029	192	4.64e-50	XP_036192090.1 peroxisome proliferator-activated receptor gamma coactivator-related protein 1 isoform X2 [Myotis myotis]
PPARGC1A|Myotis_brandtii|XP_005877725	XP_036169696.1	50.000	127	1.36e-29	XP_036169696.1 peroxisome proliferator-activated receptor gamma coactivator 1-beta isoform X1 [Myotis myotis]
PPARGC1A|Myotis_brandtii|XP_005877725	XP_036169696.1	36.683	91.3	3.27e-18	XP_036169696.1 peroxisome proliferator-activated receptor gamma coactivator 1-beta isoform X1 [Myotis myotis]
PPARGC1A|Myotis_brandtii|XP_005877725	XP_036169697.1	36.683	90.9	5.16e-18	XP_036169697.1 peroxisome proliferator-activated receptor gamma coactivator 1-beta isoform X2 [Myotis myotis]
PPARGC1A|Myotis_brandtii|XP_005877725	XP_036169697.1	53.012	85.5	2.33e-16	XP_036169697.1 peroxisome proliferator-activated receptor gamma coactivator 1-beta isoform X2 [Myotis myotis]
PPARGC1A|Myotis_brandtii|XP_005877725	XP_036169697.1	33.333	69.3	2.32e-11	XP_036169697.1 peroxisome proliferator-activated receptor gamma coactivator 1-beta isoform X2 [Myotis myotis]
PPARGC1A|Myotis_daubentonii|XP_059530320	XP_036186069.1	99.749	1635	0.0	XP_036186069.1 peroxisome proliferator-activated receptor gamma coactivator 1-alpha [Myotis myotis]
PPARGC1A|Myotis_daubentonii|XP_059530320	XP_036192089.1	61.029	192	4.40e-50	XP_036192089.1 peroxisome proliferator-activated receptor gamma coactivator-related protein 1 isoform X1 [Myotis myotis]
PPARGC1A|Myotis_daubentonii|XP_059530320	XP_036192090.1	61.029	192	4.60e-50	XP_036192090.1 peroxisome proliferator-activated receptor gamma coactivator-related protein 1 isoform X2 [Myotis myotis]
PPARGC1A|Myotis_daubentonii|XP_059530320	XP_036169696.1	50.000	127	1.43e-29	XP_036169696.1 peroxisome proliferator-activated receptor gamma coactivator 1-beta isoform X1 [Myotis myotis]
PPARGC1A|Myotis_daubentonii|XP_059530320	XP_036169696.1	36.683	91.3	3.22e-18	XP_036169696.1 peroxisome proliferator-activated receptor gamma coactivator 1-beta isoform X1 [Myotis myotis]
PPARGC1A|Myotis_daubentonii|XP_059530320	XP_036169697.1	36.683	90.9	5.08e-18	XP_036169697.1 peroxisome proliferator-activated receptor gamma coactivator 1-beta isoform X2 [Myotis myotis]
PPARGC1A|Myotis_daubentonii|XP_059530320	XP_036169697.1	53.012	85.5	2.33e-16	XP_036169697.1 peroxisome proliferator-activated receptor gamma coactivator 1-beta isoform X2 [Myotis myotis]
PPARGC1A|Myotis_daubentonii|XP_059530320	XP_036169697.1	33.333	69.7	1.72e-11	XP_036169697.1 peroxisome proliferator-activated receptor gamma coactivator 1-beta isoform X2 [Myotis myotis]
PPARGC1A|Myotis_davidii|XP_006771104	XP_036186069.1	99.623	1633	0.0	XP_036186069.1 peroxisome proliferator-activated receptor gamma coactivator 1-alpha [Myotis myotis]
PPARGC1A|Myotis_davidii|XP_006771104	XP_036192089.1	61.029	192	4.52e-50	XP_036192089.1 peroxisome proliferator-activated receptor gamma coactivator-related protein 1 isoform X1 [Myotis myotis]
PPARGC1A|Myotis_davidii|XP_006771104	XP_036192090.1	61.029	192	4.64e-50	XP_036192090.1 peroxisome proliferator-activated receptor gamma coactivator-related protein 1 isoform X2 [Myotis myotis]
PPARGC1A|Myotis_davidii|XP_006771104	XP_036169696.1	50.000	127	1.39e-29	XP_036169696.1 peroxisome proliferator-activated receptor gamma coactivator 1-beta isoform X1 [Myotis myotis]
PPARGC1A|Myotis_davidii|XP_006771104	XP_036169696.1	36.683	91.3	3.19e-18	XP_036169696.1 peroxisome proliferator-activated receptor gamma coactivator 1-beta isoform X1 [Myotis myotis]
PPARGC1A|Myotis_davidii|XP_006771104	XP_036169697.1	36.683	90.9	4.86e-18	XP_036169697.1 peroxisome proliferator-activated receptor gamma coactivator 1-beta isoform X2 [Myotis myotis]
PPARGC1A|Myotis_davidii|XP_006771104	XP_036169697.1	53.012	85.5	2.19e-16	XP_036169697.1 peroxisome proliferator-activated receptor gamma coactivator 1-beta isoform X2 [Myotis myotis]
PPARGC1A|Myotis_davidii|XP_006771104	XP_036169697.1	33.333	69.7	1.48e-11	XP_036169697.1 peroxisome proliferator-activated receptor gamma coactivator 1-beta isoform X2 [Myotis myotis]
PPARGC1A|Myotis_lucifugus|XP_006093335	XP_036186069.1	99.623	1634	0.0	XP_036186069.1 peroxisome proliferator-activated receptor gamma coactivator 1-alpha [Myotis myotis]
PPARGC1A|Myotis_lucifugus|XP_006093335	XP_036192089.1	61.029	192	4.44e-50	XP_036192089.1 peroxisome proliferator-activated receptor gamma coactivator-related protein 1 isoform X1 [Myotis myotis]
PPARGC1A|Myotis_lucifugus|XP_006093335	XP_036192090.1	61.029	192	4.64e-50	XP_036192090.1 peroxisome proliferator-activated receptor gamma coactivator-related protein 1 isoform X2 [Myotis myotis]
PPARGC1A|Myotis_lucifugus|XP_006093335	XP_036169696.1	50.000	127	1.36e-29	XP_036169696.1 peroxisome proliferator-activated receptor gamma coactivator 1-beta isoform X1 [Myotis myotis]
PPARGC1A|Myotis_lucifugus|XP_006093335	XP_036169696.1	36.683	91.3	3.27e-18	XP_036169696.1 peroxisome proliferator-activated receptor gamma coactivator 1-beta isoform X1 [Myotis myotis]
PPARGC1A|Myotis_lucifugus|XP_006093335	XP_036169697.1	36.683	90.9	5.16e-18	XP_036169697.1 peroxisome proliferator-activated receptor gamma coactivator 1-beta isoform X2 [Myotis myotis]
PPARGC1A|Myotis_lucifugus|XP_006093335	XP_036169697.1	53.012	85.5	2.33e-16	XP_036169697.1 peroxisome proliferator-activated receptor gamma coactivator 1-beta isoform X2 [Myotis myotis]
PPARGC1A|Myotis_lucifugus|XP_006093335	XP_036169697.1	33.333	69.3	2.32e-11	XP_036169697.1 peroxisome proliferator-activated receptor gamma coactivator 1-beta isoform X2 [Myotis myotis]
PPARGC1A|Myotis_myotis|XP_036186069	XP_036186069.1	100.000	1640	0.0	XP_036186069.1 peroxisome proliferator-activated receptor gamma coactivator 1-alpha [Myotis myotis]
PPARGC1A|Myotis_myotis|XP_036186069	XP_036192089.1	60.294	192	7.90e-50	XP_036192089.1 peroxisome proliferator-activated receptor gamma coactivator-related protein 1 isoform X1 [Myotis myotis]
PPARGC1A|Myotis_myotis|XP_036186069	XP_036192090.1	60.294	191	8.18e-50	XP_036192090.1 peroxisome proliferator-activated receptor gamma coactivator-related protein 1 isoform X2 [Myotis myotis]
PPARGC1A|Myotis_myotis|XP_036186069	XP_036169696.1	50.735	129	5.04e-30	XP_036169696.1 peroxisome proliferator-activated receptor gamma coactivator 1-beta isoform X1 [Myotis myotis]
PPARGC1A|Myotis_myotis|XP_036186069	XP_036169696.1	36.683	91.3	3.39e-18	XP_036169696.1 peroxisome proliferator-activated receptor gamma coactivator 1-beta isoform X1 [Myotis myotis]
PPARGC1A|Myotis_myotis|XP_036186069	XP_036169697.1	36.683	90.9	5.16e-18	XP_036169697.1 peroxisome proliferator-activated receptor gamma coactivator 1-beta isoform X2 [Myotis myotis]
PPARGC1A|Myotis_myotis|XP_036186069	XP_036169697.1	54.217	87.0	7.97e-17	XP_036169697.1 peroxisome proliferator-activated receptor gamma coactivator 1-beta isoform X2 [Myotis myotis]
PPARGC1A|Myotis_myotis|XP_036186069	XP_036169697.1	33.333	68.2	4.26e-11	XP_036169697.1 peroxisome proliferator-activated receptor gamma coactivator 1-beta isoform X2 [Myotis myotis]
PPARGC1A|Myotis_nattereri|XP_080939268	XP_036186069.1	99.122	1623	0.0	XP_036186069.1 peroxisome proliferator-activated receptor gamma coactivator 1-alpha [Myotis myotis]
PPARGC1A|Myotis_nattereri|XP_080939268	XP_036192089.1	61.029	192	5.28e-50	XP_036192089.1 peroxisome proliferator-activated receptor gamma coactivator-related protein 1 isoform X1 [Myotis myotis]
PPARGC1A|Myotis_nattereri|XP_080939268	XP_036192090.1	61.029	192	5.33e-50	XP_036192090.1 peroxisome proliferator-activated receptor gamma coactivator-related protein 1 isoform X2 [Myotis myotis]
PPARGC1A|Myotis_nattereri|XP_080939268	XP_036169696.1	50.000	127	1.53e-29	XP_036169696.1 peroxisome proliferator-activated receptor gamma coactivator 1-beta isoform X1 [Myotis myotis]
PPARGC1A|Myotis_nattereri|XP_080939268	XP_036169696.1	36.683	91.3	3.34e-18	XP_036169696.1 peroxisome proliferator-activated receptor gamma coactivator 1-beta isoform X1 [Myotis myotis]
PPARGC1A|Myotis_nattereri|XP_080939268	XP_036169697.1	36.683	90.9	4.43e-18	XP_036169697.1 peroxisome proliferator-activated receptor gamma coactivator 1-beta isoform X2 [Myotis myotis]
PPARGC1A|Myotis_nattereri|XP_080939268	XP_036169697.1	53.012	85.5	2.24e-16	XP_036169697.1 peroxisome proliferator-activated receptor gamma coactivator 1-beta isoform X2 [Myotis myotis]
PPARGC1A|Myotis_nattereri|XP_080939268	XP_036169697.1	33.645	69.3	1.91e-11	XP_036169697.1 peroxisome proliferator-activated receptor gamma coactivator 1-beta isoform X2 [Myotis myotis]
PPARGC1A|Myotis_yumanensis|XP_070254720	XP_036186069.1	99.623	1634	0.0	XP_036186069.1 peroxisome proliferator-activated receptor gamma coactivator 1-alpha [Myotis myotis]
PPARGC1A|Myotis_yumanensis|XP_070254720	XP_036192089.1	61.029	192	4.44e-50	XP_036192089.1 peroxisome proliferator-activated receptor gamma coactivator-related protein 1 isoform X1 [Myotis myotis]
PPARGC1A|Myotis_yumanensis|XP_070254720	XP_036192090.1	61.029	192	4.64e-50	XP_036192090.1 peroxisome proliferator-activated receptor gamma coactivator-related protein 1 isoform X2 [Myotis myotis]
PPARGC1A|Myotis_yumanensis|XP_070254720	XP_036169696.1	50.000	127	1.36e-29	XP_036169696.1 peroxisome proliferator-activated receptor gamma coactivator 1-beta isoform X1 [Myotis myotis]
PPARGC1A|Myotis_yumanensis|XP_070254720	XP_036169696.1	36.683	91.3	3.27e-18	XP_036169696.1 peroxisome proliferator-activated receptor gamma coactivator 1-beta isoform X1 [Myotis myotis]
PPARGC1A|Myotis_yumanensis|XP_070254720	XP_036169697.1	36.683	90.9	5.16e-18	XP_036169697.1 peroxisome proliferator-activated receptor gamma coactivator 1-beta isoform X2 [Myotis myotis]
PPARGC1A|Myotis_yumanensis|XP_070254720	XP_036169697.1	53.012	85.5	2.33e-16	XP_036169697.1 peroxisome proliferator-activated receptor gamma coactivator 1-beta isoform X2 [Myotis myotis]
PPARGC1A|Myotis_yumanensis|XP_070254720	XP_036169697.1	33.333	69.3	2.32e-11	XP_036169697.1 peroxisome proliferator-activated receptor gamma coactivator 1-beta isoform X2 [Myotis myotis]
PPARGC1A|Phyllostomus_discolor|XP_028361428	XP_036186069.1	96.985	1586	0.0	XP_036186069.1 peroxisome proliferator-activated receptor gamma coactivator 1-alpha [Myotis myotis]
PPARGC1A|Phyllostomus_discolor|XP_028361428	XP_036192089.1	61.029	194	1.36e-50	XP_036192089.1 peroxisome proliferator-activated receptor gamma coactivator-related protein 1 isoform X1 [Myotis myotis]
PPARGC1A|Phyllostomus_discolor|XP_028361428	XP_036192090.1	61.029	194	1.39e-50	XP_036192090.1 peroxisome proliferator-activated receptor gamma coactivator-related protein 1 isoform X2 [Myotis myotis]
PPARGC1A|Phyllostomus_discolor|XP_028361428	XP_036169696.1	50.000	129	7.01e-30	XP_036169696.1 peroxisome proliferator-activated receptor gamma coactivator 1-beta isoform X1 [Myotis myotis]
PPARGC1A|Phyllostomus_discolor|XP_028361428	XP_036169696.1	36.683	91.3	3.66e-18	XP_036169696.1 peroxisome proliferator-activated receptor gamma coactivator 1-beta isoform X1 [Myotis myotis]
PPARGC1A|Phyllostomus_discolor|XP_028361428	XP_036169697.1	36.683	90.5	5.63e-18	XP_036169697.1 peroxisome proliferator-activated receptor gamma coactivator 1-beta isoform X2 [Myotis myotis]
PPARGC1A|Phyllostomus_discolor|XP_028361428	XP_036169697.1	53.012	85.5	2.27e-16	XP_036169697.1 peroxisome proliferator-activated receptor gamma coactivator 1-beta isoform X2 [Myotis myotis]
PPARGC1A|Phyllostomus_discolor|XP_028361428	XP_036169697.1	33.495	69.7	1.75e-11	XP_036169697.1 peroxisome proliferator-activated receptor gamma coactivator 1-beta isoform X2 [Myotis myotis]
PPARGC1A|Phyllostomus_hastatus|XP_045689997	XP_036186069.1	96.734	1584	0.0	XP_036186069.1 peroxisome proliferator-activated receptor gamma coactivator 1-alpha [Myotis myotis]
PPARGC1A|Phyllostomus_hastatus|XP_045689997	XP_036192089.1	61.029	192	5.41e-50	XP_036192089.1 peroxisome proliferator-activated receptor gamma coactivator-related protein 1 isoform X1 [Myotis myotis]
PPARGC1A|Phyllostomus_hastatus|XP_045689997	XP_036192090.1	61.029	192	5.71e-50	XP_036192090.1 peroxisome proliferator-activated receptor gamma coactivator-related protein 1 isoform X2 [Myotis myotis]
PPARGC1A|Phyllostomus_hastatus|XP_045689997	XP_036169696.1	50.000	127	1.72e-29	XP_036169696.1 peroxisome proliferator-activated receptor gamma coactivator 1-beta isoform X1 [Myotis myotis]
PPARGC1A|Phyllostomus_hastatus|XP_045689997	XP_036169696.1	36.683	91.3	3.47e-18	XP_036169696.1 peroxisome proliferator-activated receptor gamma coactivator 1-beta isoform X1 [Myotis myotis]
PPARGC1A|Phyllostomus_hastatus|XP_045689997	XP_036169697.1	36.683	90.9	4.95e-18	XP_036169697.1 peroxisome proliferator-activated receptor gamma coactivator 1-beta isoform X2 [Myotis myotis]
PPARGC1A|Phyllostomus_hastatus|XP_045689997	XP_036169697.1	53.012	85.5	2.27e-16	XP_036169697.1 peroxisome proliferator-activated receptor gamma coactivator 1-beta isoform X2 [Myotis myotis]
PPARGC1A|Phyllostomus_hastatus|XP_045689997	XP_036169697.1	33.495	70.1	1.25e-11	XP_036169697.1 peroxisome proliferator-activated receptor gamma coactivator 1-beta isoform X2 [Myotis myotis]
PPARGC1A|Pipistrellus_kuhlii|XP_036275327	XP_036186069.1	98.123	1604	0.0	XP_036186069.1 peroxisome proliferator-activated receptor gamma coactivator 1-alpha [Myotis myotis]
PPARGC1A|Pipistrellus_kuhlii|XP_036275327	XP_036192089.1	61.029	192	5.17e-50	XP_036192089.1 peroxisome proliferator-activated receptor gamma coactivator-related protein 1 isoform X1 [Myotis myotis]
PPARGC1A|Pipistrellus_kuhlii|XP_036275327	XP_036192090.1	61.029	192	5.26e-50	XP_036192090.1 peroxisome proliferator-activated receptor gamma coactivator-related protein 1 isoform X2 [Myotis myotis]
PPARGC1A|Pipistrellus_kuhlii|XP_036275327	XP_036169696.1	50.000	127	1.54e-29	XP_036169696.1 peroxisome proliferator-activated receptor gamma coactivator 1-beta isoform X1 [Myotis myotis]
PPARGC1A|Pipistrellus_kuhlii|XP_036275327	XP_036169696.1	36.683	91.7	3.08e-18	XP_036169696.1 peroxisome proliferator-activated receptor gamma coactivator 1-beta isoform X1 [Myotis myotis]
PPARGC1A|Pipistrellus_kuhlii|XP_036275327	XP_036169697.1	36.683	90.9	4.86e-18	XP_036169697.1 peroxisome proliferator-activated receptor gamma coactivator 1-beta isoform X2 [Myotis myotis]
PPARGC1A|Pipistrellus_kuhlii|XP_036275327	XP_036169697.1	53.012	85.5	2.23e-16	XP_036169697.1 peroxisome proliferator-activated receptor gamma coactivator 1-beta isoform X2 [Myotis myotis]
PPARGC1A|Pipistrellus_kuhlii|XP_036275327	XP_036169697.1	33.032	71.2	4.85e-12	XP_036169697.1 peroxisome proliferator-activated receptor gamma coactivator 1-beta isoform X2 [Myotis myotis]
PPARGC1A|Plecotus_auritus|XP_080496428	XP_036186069.1	98.869	1618	0.0	XP_036186069.1 peroxisome proliferator-activated receptor gamma coactivator 1-alpha [Myotis myotis]
PPARGC1A|Plecotus_auritus|XP_080496428	XP_036192089.1	60.294	190	3.30e-49	XP_036192089.1 peroxisome proliferator-activated receptor gamma coactivator-related protein 1 isoform X1 [Myotis myotis]
PPARGC1A|Plecotus_auritus|XP_080496428	XP_036192090.1	60.294	190	3.36e-49	XP_036192090.1 peroxisome proliferator-activated receptor gamma coactivator-related protein 1 isoform X2 [Myotis myotis]
PPARGC1A|Plecotus_auritus|XP_080496428	XP_036169696.1	49.265	125	9.17e-29	XP_036169696.1 peroxisome proliferator-activated receptor gamma coactivator 1-beta isoform X1 [Myotis myotis]
PPARGC1A|Plecotus_auritus|XP_080496428	XP_036169696.1	36.683	91.7	2.40e-18	XP_036169696.1 peroxisome proliferator-activated receptor gamma coactivator 1-beta isoform X1 [Myotis myotis]
PPARGC1A|Plecotus_auritus|XP_080496428	XP_036169697.1	36.683	91.3	3.28e-18	XP_036169697.1 peroxisome proliferator-activated receptor gamma coactivator 1-beta isoform X2 [Myotis myotis]
PPARGC1A|Plecotus_auritus|XP_080496428	XP_036169697.1	51.807	83.2	1.26e-15	XP_036169697.1 peroxisome proliferator-activated receptor gamma coactivator 1-beta isoform X2 [Myotis myotis]
PPARGC1A|Plecotus_auritus|XP_080496428	XP_036169697.1	32.394	68.2	4.84e-11	XP_036169697.1 peroxisome proliferator-activated receptor gamma coactivator 1-beta isoform X2 [Myotis myotis]
PPARGC1A|Pteronotus_mesoamericanus|XP_054437968	XP_036186069.1	97.111	1587	0.0	XP_036186069.1 peroxisome proliferator-activated receptor gamma coactivator 1-alpha [Myotis myotis]
PPARGC1A|Pteronotus_mesoamericanus|XP_054437968	XP_036192090.1	61.029	192	5.61e-50	XP_036192090.1 peroxisome proliferator-activated receptor gamma coactivator-related protein 1 isoform X2 [Myotis myotis]
PPARGC1A|Pteronotus_mesoamericanus|XP_054437968	XP_036192089.1	61.029	192	5.66e-50	XP_036192089.1 peroxisome proliferator-activated receptor gamma coactivator-related protein 1 isoform X1 [Myotis myotis]
PPARGC1A|Pteronotus_mesoamericanus|XP_054437968	XP_036169696.1	50.000	127	1.48e-29	XP_036169696.1 peroxisome proliferator-activated receptor gamma coactivator 1-beta isoform X1 [Myotis myotis]
PPARGC1A|Pteronotus_mesoamericanus|XP_054437968	XP_036169696.1	36.683	91.7	2.93e-18	XP_036169696.1 peroxisome proliferator-activated receptor gamma coactivator 1-beta isoform X1 [Myotis myotis]
PPARGC1A|Pteronotus_mesoamericanus|XP_054437968	XP_036169697.1	37.129	90.9	4.31e-18	XP_036169697.1 peroxisome proliferator-activated receptor gamma coactivator 1-beta isoform X2 [Myotis myotis]
PPARGC1A|Pteronotus_mesoamericanus|XP_054437968	XP_036169697.1	53.012	85.5	2.19e-16	XP_036169697.1 peroxisome proliferator-activated receptor gamma coactivator 1-beta isoform X2 [Myotis myotis]
PPARGC1A|Pteronotus_mesoamericanus|XP_054437968	XP_036169697.1	33.010	69.7	1.59e-11	XP_036169697.1 peroxisome proliferator-activated receptor gamma coactivator 1-beta isoform X2 [Myotis myotis]
PPARGC1A|Pteropus_alecto|XP_006919020	XP_036186069.1	97.111	1595	0.0	XP_036186069.1 peroxisome proliferator-activated receptor gamma coactivator 1-alpha [Myotis myotis]
PPARGC1A|Pteropus_alecto|XP_006919020	XP_036192090.1	61.029	192	4.17e-50	XP_036192090.1 peroxisome proliferator-activated receptor gamma coactivator-related protein 1 isoform X2 [Myotis myotis]
PPARGC1A|Pteropus_alecto|XP_006919020	XP_036192089.1	44.749	151	9.72e-37	XP_036192089.1 peroxisome proliferator-activated receptor gamma coactivator-related protein 1 isoform X1 [Myotis myotis]
PPARGC1A|Pteropus_alecto|XP_006919020	XP_036169696.1	50.000	127	1.59e-29	XP_036169696.1 peroxisome proliferator-activated receptor gamma coactivator 1-beta isoform X1 [Myotis myotis]
PPARGC1A|Pteropus_alecto|XP_006919020	XP_036169696.1	36.683	91.3	3.39e-18	XP_036169696.1 peroxisome proliferator-activated receptor gamma coactivator 1-beta isoform X1 [Myotis myotis]
PPARGC1A|Pteropus_alecto|XP_006919020	XP_036169697.1	37.129	90.5	5.92e-18	XP_036169697.1 peroxisome proliferator-activated receptor gamma coactivator 1-beta isoform X2 [Myotis myotis]
PPARGC1A|Pteropus_alecto|XP_006919020	XP_036169697.1	53.012	85.1	2.45e-16	XP_036169697.1 peroxisome proliferator-activated receptor gamma coactivator 1-beta isoform X2 [Myotis myotis]
PPARGC1A|Pteropus_alecto|XP_006919020	XP_036169697.1	34.123	68.9	3.13e-11	XP_036169697.1 peroxisome proliferator-activated receptor gamma coactivator 1-beta isoform X2 [Myotis myotis]
PPARGC1A|Pteropus_medius|XP_039694009	XP_036186069.1	97.111	1594	0.0	XP_036186069.1 peroxisome proliferator-activated receptor gamma coactivator 1-alpha [Myotis myotis]
PPARGC1A|Pteropus_medius|XP_039694009	XP_036192090.1	61.029	192	4.24e-50	XP_036192090.1 peroxisome proliferator-activated receptor gamma coactivator-related protein 1 isoform X2 [Myotis myotis]
PPARGC1A|Pteropus_medius|XP_039694009	XP_036192089.1	44.749	150	1.05e-36	XP_036192089.1 peroxisome proliferator-activated receptor gamma coactivator-related protein 1 isoform X1 [Myotis myotis]
PPARGC1A|Pteropus_medius|XP_039694009	XP_036169696.1	49.265	126	3.78e-29	XP_036169696.1 peroxisome proliferator-activated receptor gamma coactivator 1-beta isoform X1 [Myotis myotis]
PPARGC1A|Pteropus_medius|XP_039694009	XP_036169696.1	36.683	91.3	3.24e-18	XP_036169696.1 peroxisome proliferator-activated receptor gamma coactivator 1-beta isoform X1 [Myotis myotis]
PPARGC1A|Pteropus_medius|XP_039694009	XP_036169697.1	37.129	90.5	5.30e-18	XP_036169697.1 peroxisome proliferator-activated receptor gamma coactivator 1-beta isoform X2 [Myotis myotis]
PPARGC1A|Pteropus_medius|XP_039694009	XP_036169697.1	51.807	84.3	5.21e-16	XP_036169697.1 peroxisome proliferator-activated receptor gamma coactivator 1-beta isoform X2 [Myotis myotis]
PPARGC1A|Pteropus_medius|XP_039694009	XP_036169697.1	34.123	68.9	3.00e-11	XP_036169697.1 peroxisome proliferator-activated receptor gamma coactivator 1-beta isoform X2 [Myotis myotis]
PPARGC1A|Pteropus_vampyrus|XP_011363527	XP_036186069.1	97.236	1594	0.0	XP_036186069.1 peroxisome proliferator-activated receptor gamma coactivator 1-alpha [Myotis myotis]
PPARGC1A|Pteropus_vampyrus|XP_011363527	XP_036192090.1	61.029	192	4.60e-50	XP_036192090.1 peroxisome proliferator-activated receptor gamma coactivator-related protein 1 isoform X2 [Myotis myotis]
PPARGC1A|Pteropus_vampyrus|XP_011363527	XP_036192089.1	44.749	150	1.03e-36	XP_036192089.1 peroxisome proliferator-activated receptor gamma coactivator-related protein 1 isoform X1 [Myotis myotis]
PPARGC1A|Pteropus_vampyrus|XP_011363527	XP_036169696.1	49.265	126	3.47e-29	XP_036169696.1 peroxisome proliferator-activated receptor gamma coactivator 1-beta isoform X1 [Myotis myotis]
PPARGC1A|Pteropus_vampyrus|XP_011363527	XP_036169696.1	36.683	91.3	3.19e-18	XP_036169696.1 peroxisome proliferator-activated receptor gamma coactivator 1-beta isoform X1 [Myotis myotis]
PPARGC1A|Pteropus_vampyrus|XP_011363527	XP_036169697.1	36.683	90.5	5.63e-18	XP_036169697.1 peroxisome proliferator-activated receptor gamma coactivator 1-beta isoform X2 [Myotis myotis]
PPARGC1A|Pteropus_vampyrus|XP_011363527	XP_036169697.1	51.807	84.3	5.12e-16	XP_036169697.1 peroxisome proliferator-activated receptor gamma coactivator 1-beta isoform X2 [Myotis myotis]
PPARGC1A|Pteropus_vampyrus|XP_011363527	XP_036169697.1	34.123	68.2	4.96e-11	XP_036169697.1 peroxisome proliferator-activated receptor gamma coactivator 1-beta isoform X2 [Myotis myotis]
PPARGC1A|Rhinolophus_ferrumequinum|XP_032962153	XP_036186069.1	97.111	1591	0.0	XP_036186069.1 peroxisome proliferator-activated receptor gamma coactivator 1-alpha [Myotis myotis]
PPARGC1A|Rhinolophus_ferrumequinum|XP_032962153	XP_036192089.1	59.559	190	2.89e-49	XP_036192089.1 peroxisome proliferator-activated receptor gamma coactivator-related protein 1 isoform X1 [Myotis myotis]
PPARGC1A|Rhinolophus_ferrumequinum|XP_032962153	XP_036192090.1	59.559	190	3.07e-49	XP_036192090.1 peroxisome proliferator-activated receptor gamma coactivator-related protein 1 isoform X2 [Myotis myotis]
PPARGC1A|Rhinolophus_ferrumequinum|XP_032962153	XP_036169696.1	48.529	125	8.41e-29	XP_036169696.1 peroxisome proliferator-activated receptor gamma coactivator 1-beta isoform X1 [Myotis myotis]
PPARGC1A|Rhinolophus_ferrumequinum|XP_032962153	XP_036169696.1	36.683	91.7	3.11e-18	XP_036169696.1 peroxisome proliferator-activated receptor gamma coactivator 1-beta isoform X1 [Myotis myotis]
PPARGC1A|Rhinolophus_ferrumequinum|XP_032962153	XP_036169697.1	36.683	90.9	4.78e-18	XP_036169697.1 peroxisome proliferator-activated receptor gamma coactivator 1-beta isoform X2 [Myotis myotis]
PPARGC1A|Rhinolophus_ferrumequinum|XP_032962153	XP_036169697.1	50.602	83.2	1.10e-15	XP_036169697.1 peroxisome proliferator-activated receptor gamma coactivator 1-beta isoform X2 [Myotis myotis]
PPARGC1A|Rhinolophus_ferrumequinum|XP_032962153	XP_036169697.1	33.962	69.7	1.77e-11	XP_036169697.1 peroxisome proliferator-activated receptor gamma coactivator 1-beta isoform X2 [Myotis myotis]
PPARGC1A|Rhinolophus_hipposideros|XP_080904316	XP_036186069.1	96.859	1586	0.0	XP_036186069.1 peroxisome proliferator-activated receptor gamma coactivator 1-alpha [Myotis myotis]
PPARGC1A|Rhinolophus_hipposideros|XP_080904316	XP_036192090.1	59.559	189	3.45e-49	XP_036192090.1 peroxisome proliferator-activated receptor gamma coactivator-related protein 1 isoform X2 [Myotis myotis]
PPARGC1A|Rhinolophus_hipposideros|XP_080904316	XP_036192089.1	59.559	189	3.58e-49	XP_036192089.1 peroxisome proliferator-activated receptor gamma coactivator-related protein 1 isoform X1 [Myotis myotis]
PPARGC1A|Rhinolophus_hipposideros|XP_080904316	XP_036169696.1	48.529	125	9.01e-29	XP_036169696.1 peroxisome proliferator-activated receptor gamma coactivator 1-beta isoform X1 [Myotis myotis]
PPARGC1A|Rhinolophus_hipposideros|XP_080904316	XP_036169696.1	36.683	91.7	2.71e-18	XP_036169696.1 peroxisome proliferator-activated receptor gamma coactivator 1-beta isoform X1 [Myotis myotis]
PPARGC1A|Rhinolophus_hipposideros|XP_080904316	XP_036169697.1	36.683	90.9	4.86e-18	XP_036169697.1 peroxisome proliferator-activated receptor gamma coactivator 1-beta isoform X2 [Myotis myotis]
PPARGC1A|Rhinolophus_hipposideros|XP_080904316	XP_036169697.1	50.602	83.2	1.23e-15	XP_036169697.1 peroxisome proliferator-activated receptor gamma coactivator 1-beta isoform X2 [Myotis myotis]
PPARGC1A|Rhinolophus_hipposideros|XP_080904316	XP_036169697.1	33.962	69.3	1.99e-11	XP_036169697.1 peroxisome proliferator-activated receptor gamma coactivator 1-beta isoform X2 [Myotis myotis]
PPARGC1A|Rhinolophus_sinicus|XP_019599437	XP_036186069.1	96.985	1589	0.0	XP_036186069.1 peroxisome proliferator-activated receptor gamma coactivator 1-alpha [Myotis myotis]
PPARGC1A|Rhinolophus_sinicus|XP_019599437	XP_036192090.1	59.559	190	2.64e-49	XP_036192090.1 peroxisome proliferator-activated receptor gamma coactivator-related protein 1 isoform X2 [Myotis myotis]
PPARGC1A|Rhinolophus_sinicus|XP_019599437	XP_036192089.1	59.559	190	2.71e-49	XP_036192089.1 peroxisome proliferator-activated receptor gamma coactivator-related protein 1 isoform X1 [Myotis myotis]
PPARGC1A|Rhinolophus_sinicus|XP_019599437	XP_036169696.1	48.529	125	8.56e-29	XP_036169696.1 peroxisome proliferator-activated receptor gamma coactivator 1-beta isoform X1 [Myotis myotis]
PPARGC1A|Rhinolophus_sinicus|XP_019599437	XP_036169696.1	36.683	91.3	3.60e-18	XP_036169696.1 peroxisome proliferator-activated receptor gamma coactivator 1-beta isoform X1 [Myotis myotis]
PPARGC1A|Rhinolophus_sinicus|XP_019599437	XP_036169697.1	37.129	90.5	5.87e-18	XP_036169697.1 peroxisome proliferator-activated receptor gamma coactivator 1-beta isoform X2 [Myotis myotis]
PPARGC1A|Rhinolophus_sinicus|XP_019599437	XP_036169697.1	50.602	83.2	1.16e-15	XP_036169697.1 peroxisome proliferator-activated receptor gamma coactivator 1-beta isoform X2 [Myotis myotis]
PPARGC1A|Rhinolophus_sinicus|XP_019599437	XP_036169697.1	33.962	69.7	1.83e-11	XP_036169697.1 peroxisome proliferator-activated receptor gamma coactivator 1-beta isoform X2 [Myotis myotis]
PPARGC1A|Rousettus_aegyptiacus|XP_016010316	XP_036186069.1	97.111	1588	0.0	XP_036186069.1 peroxisome proliferator-activated receptor gamma coactivator 1-alpha [Myotis myotis]
PPARGC1A|Rousettus_aegyptiacus|XP_016010316	XP_036192090.1	61.029	192	4.32e-50	XP_036192090.1 peroxisome proliferator-activated receptor gamma coactivator-related protein 1 isoform X2 [Myotis myotis]
PPARGC1A|Rousettus_aegyptiacus|XP_016010316	XP_036192089.1	61.029	192	4.82e-50	XP_036192089.1 peroxisome proliferator-activated receptor gamma coactivator-related protein 1 isoform X1 [Myotis myotis]
PPARGC1A|Rousettus_aegyptiacus|XP_016010316	XP_036169696.1	49.265	126	3.62e-29	XP_036169696.1 peroxisome proliferator-activated receptor gamma coactivator 1-beta isoform X1 [Myotis myotis]
PPARGC1A|Rousettus_aegyptiacus|XP_016010316	XP_036169696.1	36.683	91.3	3.56e-18	XP_036169696.1 peroxisome proliferator-activated receptor gamma coactivator 1-beta isoform X1 [Myotis myotis]
PPARGC1A|Rousettus_aegyptiacus|XP_016010316	XP_036169697.1	37.129	90.5	5.48e-18	XP_036169697.1 peroxisome proliferator-activated receptor gamma coactivator 1-beta isoform X2 [Myotis myotis]
PPARGC1A|Rousettus_aegyptiacus|XP_016010316	XP_036169697.1	51.807	84.3	5.21e-16	XP_036169697.1 peroxisome proliferator-activated receptor gamma coactivator 1-beta isoform X2 [Myotis myotis]
PPARGC1A|Rousettus_aegyptiacus|XP_016010316	XP_036169697.1	33.333	72.4	2.47e-12	XP_036169697.1 peroxisome proliferator-activated receptor gamma coactivator 1-beta isoform X2 [Myotis myotis]
PPARGC1A|Saccopteryx_bilineata|XP_066134951	XP_036186069.1	95.729	1562	0.0	XP_036186069.1 peroxisome proliferator-activated receptor gamma coactivator 1-alpha [Myotis myotis]
PPARGC1A|Saccopteryx_bilineata|XP_066134951	XP_036192090.1	61.029	192	6.19e-50	XP_036192090.1 peroxisome proliferator-activated receptor gamma coactivator-related protein 1 isoform X2 [Myotis myotis]
PPARGC1A|Saccopteryx_bilineata|XP_066134951	XP_036192089.1	61.029	192	6.25e-50	XP_036192089.1 peroxisome proliferator-activated receptor gamma coactivator-related protein 1 isoform X1 [Myotis myotis]
PPARGC1A|Saccopteryx_bilineata|XP_066134951	XP_036169696.1	38.462	107	3.90e-23	XP_036169696.1 peroxisome proliferator-activated receptor gamma coactivator 1-beta isoform X1 [Myotis myotis]
PPARGC1A|Saccopteryx_bilineata|XP_066134951	XP_036169696.1	36.683	91.7	2.80e-18	XP_036169696.1 peroxisome proliferator-activated receptor gamma coactivator 1-beta isoform X1 [Myotis myotis]
PPARGC1A|Saccopteryx_bilineata|XP_066134951	XP_036169697.1	36.683	90.9	4.46e-18	XP_036169697.1 peroxisome proliferator-activated receptor gamma coactivator 1-beta isoform X2 [Myotis myotis]
PPARGC1A|Saccopteryx_bilineata|XP_066134951	XP_036169697.1	53.012	85.5	2.43e-16	XP_036169697.1 peroxisome proliferator-activated receptor gamma coactivator 1-beta isoform X2 [Myotis myotis]
PPARGC1A|Saccopteryx_bilineata|XP_066134951	XP_036169697.1	33.816	73.6	1.04e-12	XP_036169697.1 peroxisome proliferator-activated receptor gamma coactivator 1-beta isoform X2 [Myotis myotis]
PPARGC1A|Saccopteryx_leptura|XP_066240213	XP_036186069.1	95.980	1566	0.0	XP_036186069.1 peroxisome proliferator-activated receptor gamma coactivator 1-alpha [Myotis myotis]
PPARGC1A|Saccopteryx_leptura|XP_066240213	XP_036192090.1	61.029	192	6.59e-50	XP_036192090.1 peroxisome proliferator-activated receptor gamma coactivator-related protein 1 isoform X2 [Myotis myotis]
PPARGC1A|Saccopteryx_leptura|XP_066240213	XP_036192089.1	61.029	192	6.72e-50	XP_036192089.1 peroxisome proliferator-activated receptor gamma coactivator-related protein 1 isoform X1 [Myotis myotis]
PPARGC1A|Saccopteryx_leptura|XP_066240213	XP_036169696.1	38.462	107	3.90e-23	XP_036169696.1 peroxisome proliferator-activated receptor gamma coactivator 1-beta isoform X1 [Myotis myotis]
PPARGC1A|Saccopteryx_leptura|XP_066240213	XP_036169696.1	36.683	91.7	2.85e-18	XP_036169696.1 peroxisome proliferator-activated receptor gamma coactivator 1-beta isoform X1 [Myotis myotis]
PPARGC1A|Saccopteryx_leptura|XP_066240213	XP_036169697.1	36.683	90.9	4.27e-18	XP_036169697.1 peroxisome proliferator-activated receptor gamma coactivator 1-beta isoform X2 [Myotis myotis]
PPARGC1A|Saccopteryx_leptura|XP_066240213	XP_036169697.1	53.012	85.5	2.41e-16	XP_036169697.1 peroxisome proliferator-activated receptor gamma coactivator 1-beta isoform X2 [Myotis myotis]
PPARGC1A|Saccopteryx_leptura|XP_066240213	XP_036169697.1	33.816	72.8	2.01e-12	XP_036169697.1 peroxisome proliferator-activated receptor gamma coactivator 1-beta isoform X2 [Myotis myotis]
PPARGC1A|Sturnira_hondurensis|XP_036900832	XP_036186069.1	96.734	1584	0.0	XP_036186069.1 peroxisome proliferator-activated receptor gamma coactivator 1-alpha [Myotis myotis]
PPARGC1A|Sturnira_hondurensis|XP_036900832	XP_036192089.1	61.765	195	7.53e-51	XP_036192089.1 peroxisome proliferator-activated receptor gamma coactivator-related protein 1 isoform X1 [Myotis myotis]
PPARGC1A|Sturnira_hondurensis|XP_036900832	XP_036192090.1	61.765	195	7.65e-51	XP_036192090.1 peroxisome proliferator-activated receptor gamma coactivator-related protein 1 isoform X2 [Myotis myotis]
PPARGC1A|Sturnira_hondurensis|XP_036900832	XP_036169696.1	38.942	108	1.92e-23	XP_036169696.1 peroxisome proliferator-activated receptor gamma coactivator 1-beta isoform X1 [Myotis myotis]
PPARGC1A|Sturnira_hondurensis|XP_036900832	XP_036169696.1	36.683	91.7	3.00e-18	XP_036169696.1 peroxisome proliferator-activated receptor gamma coactivator 1-beta isoform X1 [Myotis myotis]
PPARGC1A|Sturnira_hondurensis|XP_036900832	XP_036169697.1	36.683	90.9	5.03e-18	XP_036169697.1 peroxisome proliferator-activated receptor gamma coactivator 1-beta isoform X2 [Myotis myotis]
PPARGC1A|Sturnira_hondurensis|XP_036900832	XP_036169697.1	53.012	85.5	2.31e-16	XP_036169697.1 peroxisome proliferator-activated receptor gamma coactivator 1-beta isoform X2 [Myotis myotis]
PPARGC1A|Sturnira_hondurensis|XP_036900832	XP_036169697.1	33.495	69.3	1.89e-11	XP_036169697.1 peroxisome proliferator-activated receptor gamma coactivator 1-beta isoform X2 [Myotis myotis]
PPARG|Artibeus_jamaicensis|XP_036995216	XP_036188104.1	98.218	1035	0.0	XP_036188104.1 peroxisome proliferator-activated receptor gamma isoform X1 [Myotis myotis]
PPARG|Artibeus_jamaicensis|XP_036995216	XP_036188106.1	98.105	974	0.0	XP_036188106.1 peroxisome proliferator-activated receptor gamma isoform X2 [Myotis myotis]
PPARG|Artibeus_jamaicensis|XP_036995216	XP_036188105.1	98.105	974	0.0	XP_036188105.1 peroxisome proliferator-activated receptor gamma isoform X2 [Myotis myotis]
PPARG|Artibeus_jamaicensis|XP_036995216	XP_036172560.1	64.394	536	0.0	XP_036172560.1 peroxisome proliferator-activated receptor delta isoform X2 [Myotis myotis]
PPARG|Artibeus_jamaicensis|XP_036995216	XP_036172559.1	64.394	536	0.0	XP_036172559.1 peroxisome proliferator-activated receptor delta isoform X2 [Myotis myotis]
PPARG|Cnephaeus_nilssonii|XP_079651119	XP_036188104.1	99.579	988	0.0	XP_036188104.1 peroxisome proliferator-activated receptor gamma isoform X1 [Myotis myotis]
PPARG|Cnephaeus_nilssonii|XP_079651119	XP_036188106.1	99.579	985	0.0	XP_036188106.1 peroxisome proliferator-activated receptor gamma isoform X2 [Myotis myotis]
PPARG|Cnephaeus_nilssonii|XP_079651119	XP_036188105.1	99.579	985	0.0	XP_036188105.1 peroxisome proliferator-activated receptor gamma isoform X2 [Myotis myotis]
PPARG|Cnephaeus_nilssonii|XP_079651119	XP_036172560.1	64.141	535	0.0	XP_036172560.1 peroxisome proliferator-activated receptor delta isoform X2 [Myotis myotis]
PPARG|Cnephaeus_nilssonii|XP_079651119	XP_036172559.1	64.141	535	0.0	XP_036172559.1 peroxisome proliferator-activated receptor delta isoform X2 [Myotis myotis]
PPARG|Desmodus_rotundus|XP_024412179	XP_036188104.1	98.218	1035	0.0	XP_036188104.1 peroxisome proliferator-activated receptor gamma isoform X1 [Myotis myotis]
PPARG|Desmodus_rotundus|XP_024412179	XP_036188106.1	98.316	976	0.0	XP_036188106.1 peroxisome proliferator-activated receptor gamma isoform X2 [Myotis myotis]
PPARG|Desmodus_rotundus|XP_024412179	XP_036188105.1	98.316	976	0.0	XP_036188105.1 peroxisome proliferator-activated receptor gamma isoform X2 [Myotis myotis]
PPARG|Desmodus_rotundus|XP_024412179	XP_036172560.1	64.394	536	0.0	XP_036172560.1 peroxisome proliferator-activated receptor delta isoform X2 [Myotis myotis]
PPARG|Desmodus_rotundus|XP_024412179	XP_036172559.1	64.394	536	0.0	XP_036172559.1 peroxisome proliferator-activated receptor delta isoform X2 [Myotis myotis]
PPARG|Eptesicus_fuscus|XP_054585700	XP_036188104.1	99.579	988	0.0	XP_036188104.1 peroxisome proliferator-activated receptor gamma isoform X1 [Myotis myotis]
PPARG|Eptesicus_fuscus|XP_054585700	XP_036188106.1	99.579	985	0.0	XP_036188106.1 peroxisome proliferator-activated receptor gamma isoform X2 [Myotis myotis]
PPARG|Eptesicus_fuscus|XP_054585700	XP_036188105.1	99.579	985	0.0	XP_036188105.1 peroxisome proliferator-activated receptor gamma isoform X2 [Myotis myotis]
PPARG|Eptesicus_fuscus|XP_054585700	XP_036172560.1	64.141	535	0.0	XP_036172560.1 peroxisome proliferator-activated receptor delta isoform X2 [Myotis myotis]
PPARG|Eptesicus_fuscus|XP_054585700	XP_036172559.1	64.141	535	0.0	XP_036172559.1 peroxisome proliferator-activated receptor delta isoform X2 [Myotis myotis]
PPARG|Hipposideros_armiger|XP_019501605	XP_036188104.1	98.812	1039	0.0	XP_036188104.1 peroxisome proliferator-activated receptor gamma isoform X1 [Myotis myotis]
PPARG|Hipposideros_armiger|XP_019501605	XP_036188106.1	98.737	980	0.0	XP_036188106.1 peroxisome proliferator-activated receptor gamma isoform X2 [Myotis myotis]
PPARG|Hipposideros_armiger|XP_019501605	XP_036188105.1	98.737	980	0.0	XP_036188105.1 peroxisome proliferator-activated receptor gamma isoform X2 [Myotis myotis]
PPARG|Hipposideros_armiger|XP_019501605	XP_036172560.1	64.394	536	0.0	XP_036172560.1 peroxisome proliferator-activated receptor delta isoform X2 [Myotis myotis]
PPARG|Hipposideros_armiger|XP_019501605	XP_036172559.1	64.394	536	0.0	XP_036172559.1 peroxisome proliferator-activated receptor delta isoform X2 [Myotis myotis]
PPARG|Miniopterus_natalensis|XP_016065453	XP_036188104.1	98.947	982	0.0	XP_036188104.1 peroxisome proliferator-activated receptor gamma isoform X1 [Myotis myotis]
PPARG|Miniopterus_natalensis|XP_016065453	XP_036188106.1	98.947	979	0.0	XP_036188106.1 peroxisome proliferator-activated receptor gamma isoform X2 [Myotis myotis]
PPARG|Miniopterus_natalensis|XP_016065453	XP_036188105.1	98.947	979	0.0	XP_036188105.1 peroxisome proliferator-activated receptor gamma isoform X2 [Myotis myotis]
PPARG|Miniopterus_natalensis|XP_016065453	XP_036172560.1	64.141	534	0.0	XP_036172560.1 peroxisome proliferator-activated receptor delta isoform X2 [Myotis myotis]
PPARG|Miniopterus_natalensis|XP_016065453	XP_036172559.1	64.141	534	0.0	XP_036172559.1 peroxisome proliferator-activated receptor delta isoform X2 [Myotis myotis]
PPARG|Miniopterus_schreibersii|XP_081015193	XP_036188104.1	98.812	1040	0.0	XP_036188104.1 peroxisome proliferator-activated receptor gamma isoform X1 [Myotis myotis]
PPARG|Miniopterus_schreibersii|XP_081015193	XP_036188106.1	98.947	982	0.0	XP_036188106.1 peroxisome proliferator-activated receptor gamma isoform X2 [Myotis myotis]
PPARG|Miniopterus_schreibersii|XP_081015193	XP_036188105.1	98.947	982	0.0	XP_036188105.1 peroxisome proliferator-activated receptor gamma isoform X2 [Myotis myotis]
PPARG|Miniopterus_schreibersii|XP_081015193	XP_036172560.1	64.394	536	0.0	XP_036172560.1 peroxisome proliferator-activated receptor delta isoform X2 [Myotis myotis]
PPARG|Miniopterus_schreibersii|XP_081015193	XP_036172559.1	64.394	536	0.0	XP_036172559.1 peroxisome proliferator-activated receptor delta isoform X2 [Myotis myotis]
PPARG|Molossus_molossus|XP_036122468	XP_036188104.1	98.218	1034	0.0	XP_036188104.1 peroxisome proliferator-activated receptor gamma isoform X1 [Myotis myotis]
PPARG|Molossus_molossus|XP_036122468	XP_036188106.1	98.105	975	0.0	XP_036188106.1 peroxisome proliferator-activated receptor gamma isoform X2 [Myotis myotis]
PPARG|Molossus_molossus|XP_036122468	XP_036188105.1	98.105	975	0.0	XP_036188105.1 peroxisome proliferator-activated receptor gamma isoform X2 [Myotis myotis]
PPARG|Molossus_molossus|XP_036122468	XP_036172560.1	64.141	534	0.0	XP_036172560.1 peroxisome proliferator-activated receptor delta isoform X2 [Myotis myotis]
PPARG|Molossus_molossus|XP_036122468	XP_036172559.1	64.141	534	0.0	XP_036172559.1 peroxisome proliferator-activated receptor delta isoform X2 [Myotis myotis]
PPARG|Myotis_brandtii|XP_005870103	XP_036188104.1	99.406	1043	0.0	XP_036188104.1 peroxisome proliferator-activated receptor gamma isoform X1 [Myotis myotis]
PPARG|Myotis_brandtii|XP_005870103	XP_036188106.1	99.579	988	0.0	XP_036188106.1 peroxisome proliferator-activated receptor gamma isoform X2 [Myotis myotis]
PPARG|Myotis_brandtii|XP_005870103	XP_036188105.1	99.579	988	0.0	XP_036188105.1 peroxisome proliferator-activated receptor gamma isoform X2 [Myotis myotis]
PPARG|Myotis_brandtii|XP_005870103	XP_036172560.1	64.394	536	0.0	XP_036172560.1 peroxisome proliferator-activated receptor delta isoform X2 [Myotis myotis]
PPARG|Myotis_brandtii|XP_005870103	XP_036172559.1	64.394	536	0.0	XP_036172559.1 peroxisome proliferator-activated receptor delta isoform X2 [Myotis myotis]
PPARG|Myotis_daubentonii|XP_059519595	XP_036188104.1	100.000	1049	0.0	XP_036188104.1 peroxisome proliferator-activated receptor gamma isoform X1 [Myotis myotis]
PPARG|Myotis_daubentonii|XP_059519595	XP_036188106.1	100.000	990	0.0	XP_036188106.1 peroxisome proliferator-activated receptor gamma isoform X2 [Myotis myotis]
PPARG|Myotis_daubentonii|XP_059519595	XP_036188105.1	100.000	990	0.0	XP_036188105.1 peroxisome proliferator-activated receptor gamma isoform X2 [Myotis myotis]
PPARG|Myotis_daubentonii|XP_059519595	XP_036172560.1	64.394	535	0.0	XP_036172560.1 peroxisome proliferator-activated receptor delta isoform X2 [Myotis myotis]
PPARG|Myotis_daubentonii|XP_059519595	XP_036172559.1	64.394	535	0.0	XP_036172559.1 peroxisome proliferator-activated receptor delta isoform X2 [Myotis myotis]
PPARG|Myotis_davidii|XP_006758346	XP_036188104.1	99.294	884	0.0	XP_036188104.1 peroxisome proliferator-activated receptor gamma isoform X1 [Myotis myotis]
PPARG|Myotis_davidii|XP_006758346	XP_036188106.1	99.241	826	0.0	XP_036188106.1 peroxisome proliferator-activated receptor gamma isoform X2 [Myotis myotis]
PPARG|Myotis_davidii|XP_006758346	XP_036188105.1	99.241	826	0.0	XP_036188105.1 peroxisome proliferator-activated receptor gamma isoform X2 [Myotis myotis]
PPARG|Myotis_davidii|XP_006758346	XP_036172560.1	62.658	416	7.31e-143	XP_036172560.1 peroxisome proliferator-activated receptor delta isoform X2 [Myotis myotis]
PPARG|Myotis_davidii|XP_006758346	XP_036172559.1	62.658	416	7.31e-143	XP_036172559.1 peroxisome proliferator-activated receptor delta isoform X2 [Myotis myotis]
PPARG|Myotis_lucifugus|XP_006083889	XP_036188104.1	99.406	1043	0.0	XP_036188104.1 peroxisome proliferator-activated receptor gamma isoform X1 [Myotis myotis]
PPARG|Myotis_lucifugus|XP_006083889	XP_036188106.1	99.579	988	0.0	XP_036188106.1 peroxisome proliferator-activated receptor gamma isoform X2 [Myotis myotis]
PPARG|Myotis_lucifugus|XP_006083889	XP_036188105.1	99.579	988	0.0	XP_036188105.1 peroxisome proliferator-activated receptor gamma isoform X2 [Myotis myotis]
PPARG|Myotis_lucifugus|XP_006083889	XP_036172560.1	64.394	536	0.0	XP_036172560.1 peroxisome proliferator-activated receptor delta isoform X2 [Myotis myotis]
PPARG|Myotis_lucifugus|XP_006083889	XP_036172559.1	64.394	536	0.0	XP_036172559.1 peroxisome proliferator-activated receptor delta isoform X2 [Myotis myotis]
PPARG|Myotis_myotis|XP_036188104	XP_036188104.1	100.000	1049	0.0	XP_036188104.1 peroxisome proliferator-activated receptor gamma isoform X1 [Myotis myotis]
PPARG|Myotis_myotis|XP_036188104	XP_036188106.1	100.000	990	0.0	XP_036188106.1 peroxisome proliferator-activated receptor gamma isoform X2 [Myotis myotis]
PPARG|Myotis_myotis|XP_036188104	XP_036188105.1	100.000	990	0.0	XP_036188105.1 peroxisome proliferator-activated receptor gamma isoform X2 [Myotis myotis]
PPARG|Myotis_myotis|XP_036188104	XP_036172560.1	64.394	535	0.0	XP_036172560.1 peroxisome proliferator-activated receptor delta isoform X2 [Myotis myotis]
PPARG|Myotis_myotis|XP_036188104	XP_036172559.1	64.394	535	0.0	XP_036172559.1 peroxisome proliferator-activated receptor delta isoform X2 [Myotis myotis]
PPARG|Myotis_nattereri|XP_080961772	XP_036188104.1	100.000	1049	0.0	XP_036188104.1 peroxisome proliferator-activated receptor gamma isoform X1 [Myotis myotis]
PPARG|Myotis_nattereri|XP_080961772	XP_036188106.1	100.000	990	0.0	XP_036188106.1 peroxisome proliferator-activated receptor gamma isoform X2 [Myotis myotis]
PPARG|Myotis_nattereri|XP_080961772	XP_036188105.1	100.000	990	0.0	XP_036188105.1 peroxisome proliferator-activated receptor gamma isoform X2 [Myotis myotis]
PPARG|Myotis_nattereri|XP_080961772	XP_036172560.1	64.394	535	0.0	XP_036172560.1 peroxisome proliferator-activated receptor delta isoform X2 [Myotis myotis]
PPARG|Myotis_nattereri|XP_080961772	XP_036172559.1	64.394	535	0.0	XP_036172559.1 peroxisome proliferator-activated receptor delta isoform X2 [Myotis myotis]
PPARG|Myotis_yumanensis|XP_070289713	XP_036188104.1	99.406	1043	0.0	XP_036188104.1 peroxisome proliferator-activated receptor gamma isoform X1 [Myotis myotis]
PPARG|Myotis_yumanensis|XP_070289713	XP_036188106.1	99.579	988	0.0	XP_036188106.1 peroxisome proliferator-activated receptor gamma isoform X2 [Myotis myotis]
PPARG|Myotis_yumanensis|XP_070289713	XP_036188105.1	99.579	988	0.0	XP_036188105.1 peroxisome proliferator-activated receptor gamma isoform X2 [Myotis myotis]
PPARG|Myotis_yumanensis|XP_070289713	XP_036172560.1	64.394	536	0.0	XP_036172560.1 peroxisome proliferator-activated receptor delta isoform X2 [Myotis myotis]
PPARG|Myotis_yumanensis|XP_070289713	XP_036172559.1	64.394	536	0.0	XP_036172559.1 peroxisome proliferator-activated receptor delta isoform X2 [Myotis myotis]
PPARG|Phyllostomus_discolor|XP_028374565	XP_036188104.1	98.020	1033	0.0	XP_036188104.1 peroxisome proliferator-activated receptor gamma isoform X1 [Myotis myotis]
PPARG|Phyllostomus_discolor|XP_028374565	XP_036188106.1	97.895	973	0.0	XP_036188106.1 peroxisome proliferator-activated receptor gamma isoform X2 [Myotis myotis]
PPARG|Phyllostomus_discolor|XP_028374565	XP_036188105.1	97.895	973	0.0	XP_036188105.1 peroxisome proliferator-activated receptor gamma isoform X2 [Myotis myotis]
PPARG|Phyllostomus_discolor|XP_028374565	XP_036172560.1	64.394	536	0.0	XP_036172560.1 peroxisome proliferator-activated receptor delta isoform X2 [Myotis myotis]
PPARG|Phyllostomus_discolor|XP_028374565	XP_036172559.1	64.394	536	0.0	XP_036172559.1 peroxisome proliferator-activated receptor delta isoform X2 [Myotis myotis]
PPARG|Phyllostomus_hastatus|XP_045688235	XP_036188104.1	97.895	973	0.0	XP_036188104.1 peroxisome proliferator-activated receptor gamma isoform X1 [Myotis myotis]
PPARG|Phyllostomus_hastatus|XP_045688235	XP_036188106.1	97.895	972	0.0	XP_036188106.1 peroxisome proliferator-activated receptor gamma isoform X2 [Myotis myotis]
PPARG|Phyllostomus_hastatus|XP_045688235	XP_036188105.1	97.895	972	0.0	XP_036188105.1 peroxisome proliferator-activated receptor gamma isoform X2 [Myotis myotis]
PPARG|Phyllostomus_hastatus|XP_045688235	XP_036172560.1	64.394	535	0.0	XP_036172560.1 peroxisome proliferator-activated receptor delta isoform X2 [Myotis myotis]
PPARG|Phyllostomus_hastatus|XP_045688235	XP_036172559.1	64.394	535	0.0	XP_036172559.1 peroxisome proliferator-activated receptor delta isoform X2 [Myotis myotis]
PPARG|Pipistrellus_kuhlii|XP_036287043	XP_036188104.1	99.406	1044	0.0	XP_036188104.1 peroxisome proliferator-activated receptor gamma isoform X1 [Myotis myotis]
PPARG|Pipistrellus_kuhlii|XP_036287043	XP_036188106.1	99.368	984	0.0	XP_036188106.1 peroxisome proliferator-activated receptor gamma isoform X2 [Myotis myotis]
PPARG|Pipistrellus_kuhlii|XP_036287043	XP_036188105.1	99.368	984	0.0	XP_036188105.1 peroxisome proliferator-activated receptor gamma isoform X2 [Myotis myotis]
PPARG|Pipistrellus_kuhlii|XP_036287043	XP_036172560.1	64.141	533	0.0	XP_036172560.1 peroxisome proliferator-activated receptor delta isoform X2 [Myotis myotis]
PPARG|Pipistrellus_kuhlii|XP_036287043	XP_036172559.1	64.141	533	0.0	XP_036172559.1 peroxisome proliferator-activated receptor delta isoform X2 [Myotis myotis]
PPARG|Plecotus_auritus|XP_080531232	XP_036188104.1	99.406	1043	0.0	XP_036188104.1 peroxisome proliferator-activated receptor gamma isoform X1 [Myotis myotis]
PPARG|Plecotus_auritus|XP_080531232	XP_036188106.1	99.579	987	0.0	XP_036188106.1 peroxisome proliferator-activated receptor gamma isoform X2 [Myotis myotis]
PPARG|Plecotus_auritus|XP_080531232	XP_036188105.1	99.579	987	0.0	XP_036188105.1 peroxisome proliferator-activated receptor gamma isoform X2 [Myotis myotis]
PPARG|Plecotus_auritus|XP_080531232	XP_036172560.1	64.141	536	0.0	XP_036172560.1 peroxisome proliferator-activated receptor delta isoform X2 [Myotis myotis]
PPARG|Plecotus_auritus|XP_080531232	XP_036172559.1	64.141	536	0.0	XP_036172559.1 peroxisome proliferator-activated receptor delta isoform X2 [Myotis myotis]
PPARG|Pteronotus_mesoamericanus|XP_054451353	XP_036188104.1	98.020	1032	0.0	XP_036188104.1 peroxisome proliferator-activated receptor gamma isoform X1 [Myotis myotis]
PPARG|Pteronotus_mesoamericanus|XP_054451353	XP_036188106.1	97.895	972	0.0	XP_036188106.1 peroxisome proliferator-activated receptor gamma isoform X2 [Myotis myotis]
PPARG|Pteronotus_mesoamericanus|XP_054451353	XP_036188105.1	97.895	972	0.0	XP_036188105.1 peroxisome proliferator-activated receptor gamma isoform X2 [Myotis myotis]
PPARG|Pteronotus_mesoamericanus|XP_054451353	XP_036172560.1	63.889	534	0.0	XP_036172560.1 peroxisome proliferator-activated receptor delta isoform X2 [Myotis myotis]
PPARG|Pteronotus_mesoamericanus|XP_054451353	XP_036172559.1	63.889	534	0.0	XP_036172559.1 peroxisome proliferator-activated receptor delta isoform X2 [Myotis myotis]
PPARG|Pteropus_alecto|XP_006917693	XP_036188104.1	98.737	980	0.0	XP_036188104.1 peroxisome proliferator-activated receptor gamma isoform X1 [Myotis myotis]
PPARG|Pteropus_alecto|XP_006917693	XP_036188106.1	98.737	978	0.0	XP_036188106.1 peroxisome proliferator-activated receptor gamma isoform X2 [Myotis myotis]
PPARG|Pteropus_alecto|XP_006917693	XP_036188105.1	98.737	978	0.0	XP_036188105.1 peroxisome proliferator-activated receptor gamma isoform X2 [Myotis myotis]
PPARG|Pteropus_alecto|XP_006917693	XP_036172560.1	64.141	532	0.0	XP_036172560.1 peroxisome proliferator-activated receptor delta isoform X2 [Myotis myotis]
PPARG|Pteropus_alecto|XP_006917693	XP_036172559.1	64.141	532	0.0	XP_036172559.1 peroxisome proliferator-activated receptor delta isoform X2 [Myotis myotis]
PPARG|Pteropus_medius|XP_039742700	XP_036188104.1	98.737	980	0.0	XP_036188104.1 peroxisome proliferator-activated receptor gamma isoform X1 [Myotis myotis]
PPARG|Pteropus_medius|XP_039742700	XP_036188106.1	98.737	978	0.0	XP_036188106.1 peroxisome proliferator-activated receptor gamma isoform X2 [Myotis myotis]
PPARG|Pteropus_medius|XP_039742700	XP_036188105.1	98.737	978	0.0	XP_036188105.1 peroxisome proliferator-activated receptor gamma isoform X2 [Myotis myotis]
PPARG|Pteropus_medius|XP_039742700	XP_036172560.1	64.141	532	0.0	XP_036172560.1 peroxisome proliferator-activated receptor delta isoform X2 [Myotis myotis]
PPARG|Pteropus_medius|XP_039742700	XP_036172559.1	64.141	532	0.0	XP_036172559.1 peroxisome proliferator-activated receptor delta isoform X2 [Myotis myotis]
PPARG|Pteropus_vampyrus|XP_011368855	XP_036188104.1	98.737	980	0.0	XP_036188104.1 peroxisome proliferator-activated receptor gamma isoform X1 [Myotis myotis]
PPARG|Pteropus_vampyrus|XP_011368855	XP_036188106.1	98.737	978	0.0	XP_036188106.1 peroxisome proliferator-activated receptor gamma isoform X2 [Myotis myotis]
PPARG|Pteropus_vampyrus|XP_011368855	XP_036188105.1	98.737	978	0.0	XP_036188105.1 peroxisome proliferator-activated receptor gamma isoform X2 [Myotis myotis]
PPARG|Pteropus_vampyrus|XP_011368855	XP_036172560.1	64.141	532	0.0	XP_036172560.1 peroxisome proliferator-activated receptor delta isoform X2 [Myotis myotis]
PPARG|Pteropus_vampyrus|XP_011368855	XP_036172559.1	64.141	532	0.0	XP_036172559.1 peroxisome proliferator-activated receptor delta isoform X2 [Myotis myotis]
PPARG|Rhinolophus_ferrumequinum|XP_032988588	XP_036188104.1	98.614	1038	0.0	XP_036188104.1 peroxisome proliferator-activated receptor gamma isoform X1 [Myotis myotis]
PPARG|Rhinolophus_ferrumequinum|XP_032988588	XP_036188106.1	98.526	978	0.0	XP_036188106.1 peroxisome proliferator-activated receptor gamma isoform X2 [Myotis myotis]
PPARG|Rhinolophus_ferrumequinum|XP_032988588	XP_036188105.1	98.526	978	0.0	XP_036188105.1 peroxisome proliferator-activated receptor gamma isoform X2 [Myotis myotis]
PPARG|Rhinolophus_ferrumequinum|XP_032988588	XP_036172560.1	64.394	536	0.0	XP_036172560.1 peroxisome proliferator-activated receptor delta isoform X2 [Myotis myotis]
PPARG|Rhinolophus_ferrumequinum|XP_032988588	XP_036172559.1	64.394	536	0.0	XP_036172559.1 peroxisome proliferator-activated receptor delta isoform X2 [Myotis myotis]
PPARG|Rhinolophus_hipposideros|XP_080928099	XP_036188104.1	98.614	1038	0.0	XP_036188104.1 peroxisome proliferator-activated receptor gamma isoform X1 [Myotis myotis]
PPARG|Rhinolophus_hipposideros|XP_080928099	XP_036188106.1	98.526	979	0.0	XP_036188106.1 peroxisome proliferator-activated receptor gamma isoform X2 [Myotis myotis]
PPARG|Rhinolophus_hipposideros|XP_080928099	XP_036188105.1	98.526	979	0.0	XP_036188105.1 peroxisome proliferator-activated receptor gamma isoform X2 [Myotis myotis]
PPARG|Rhinolophus_hipposideros|XP_080928099	XP_036172560.1	64.394	536	0.0	XP_036172560.1 peroxisome proliferator-activated receptor delta isoform X2 [Myotis myotis]
PPARG|Rhinolophus_hipposideros|XP_080928099	XP_036172559.1	64.394	536	0.0	XP_036172559.1 peroxisome proliferator-activated receptor delta isoform X2 [Myotis myotis]
PPARG|Rhinolophus_sinicus|XP_074169074	XP_036188104.1	98.614	1038	0.0	XP_036188104.1 peroxisome proliferator-activated receptor gamma isoform X1 [Myotis myotis]
PPARG|Rhinolophus_sinicus|XP_074169074	XP_036188106.1	98.526	978	0.0	XP_036188106.1 peroxisome proliferator-activated receptor gamma isoform X2 [Myotis myotis]
PPARG|Rhinolophus_sinicus|XP_074169074	XP_036188105.1	98.526	978	0.0	XP_036188105.1 peroxisome proliferator-activated receptor gamma isoform X2 [Myotis myotis]
PPARG|Rhinolophus_sinicus|XP_074169074	XP_036172560.1	64.394	536	0.0	XP_036172560.1 peroxisome proliferator-activated receptor delta isoform X2 [Myotis myotis]
PPARG|Rhinolophus_sinicus|XP_074169074	XP_036172559.1	64.394	536	0.0	XP_036172559.1 peroxisome proliferator-activated receptor delta isoform X2 [Myotis myotis]
PPARG|Rousettus_aegyptiacus|XP_016018186	XP_036188104.1	98.614	1038	0.0	XP_036188104.1 peroxisome proliferator-activated receptor gamma isoform X1 [Myotis myotis]
PPARG|Rousettus_aegyptiacus|XP_016018186	XP_036188106.1	98.737	982	0.0	XP_036188106.1 peroxisome proliferator-activated receptor gamma isoform X2 [Myotis myotis]
PPARG|Rousettus_aegyptiacus|XP_016018186	XP_036188105.1	98.737	982	0.0	XP_036188105.1 peroxisome proliferator-activated receptor gamma isoform X2 [Myotis myotis]
PPARG|Rousettus_aegyptiacus|XP_016018186	XP_036172560.1	64.141	535	0.0	XP_036172560.1 peroxisome proliferator-activated receptor delta isoform X2 [Myotis myotis]
PPARG|Rousettus_aegyptiacus|XP_016018186	XP_036172559.1	64.141	535	0.0	XP_036172559.1 peroxisome proliferator-activated receptor delta isoform X2 [Myotis myotis]
PPARG|Saccopteryx_bilineata|XP_066101223	XP_036188104.1	97.624	1027	0.0	XP_036188104.1 peroxisome proliferator-activated receptor gamma isoform X1 [Myotis myotis]
PPARG|Saccopteryx_bilineata|XP_066101223	XP_036188106.1	97.684	971	0.0	XP_036188106.1 peroxisome proliferator-activated receptor gamma isoform X2 [Myotis myotis]
PPARG|Saccopteryx_bilineata|XP_066101223	XP_036188105.1	97.684	971	0.0	XP_036188105.1 peroxisome proliferator-activated receptor gamma isoform X2 [Myotis myotis]
PPARG|Saccopteryx_bilineata|XP_066101223	XP_036172560.1	65.600	533	0.0	XP_036172560.1 peroxisome proliferator-activated receptor delta isoform X2 [Myotis myotis]
PPARG|Saccopteryx_bilineata|XP_066101223	XP_036172559.1	65.600	533	0.0	XP_036172559.1 peroxisome proliferator-activated receptor delta isoform X2 [Myotis myotis]
PPARG|Saccopteryx_leptura|XP_066207247	XP_036188104.1	97.624	1027	0.0	XP_036188104.1 peroxisome proliferator-activated receptor gamma isoform X1 [Myotis myotis]
PPARG|Saccopteryx_leptura|XP_066207247	XP_036188106.1	97.684	971	0.0	XP_036188106.1 peroxisome proliferator-activated receptor gamma isoform X2 [Myotis myotis]
PPARG|Saccopteryx_leptura|XP_066207247	XP_036188105.1	97.684	971	0.0	XP_036188105.1 peroxisome proliferator-activated receptor gamma isoform X2 [Myotis myotis]
PPARG|Saccopteryx_leptura|XP_066207247	XP_036172560.1	65.600	533	0.0	XP_036172560.1 peroxisome proliferator-activated receptor delta isoform X2 [Myotis myotis]
PPARG|Saccopteryx_leptura|XP_066207247	XP_036172559.1	65.600	533	0.0	XP_036172559.1 peroxisome proliferator-activated receptor delta isoform X2 [Myotis myotis]
PPARG|Sturnira_hondurensis|XP_036906701	XP_036188104.1	98.218	1035	0.0	XP_036188104.1 peroxisome proliferator-activated receptor gamma isoform X1 [Myotis myotis]
PPARG|Sturnira_hondurensis|XP_036906701	XP_036188106.1	98.105	974	0.0	XP_036188106.1 peroxisome proliferator-activated receptor gamma isoform X2 [Myotis myotis]
PPARG|Sturnira_hondurensis|XP_036906701	XP_036188105.1	98.105	974	0.0	XP_036188105.1 peroxisome proliferator-activated receptor gamma isoform X2 [Myotis myotis]
PPARG|Sturnira_hondurensis|XP_036906701	XP_036172560.1	64.394	536	0.0	XP_036172560.1 peroxisome proliferator-activated receptor delta isoform X2 [Myotis myotis]
PPARG|Sturnira_hondurensis|XP_036906701	XP_036172559.1	64.394	536	0.0	XP_036172559.1 peroxisome proliferator-activated receptor delta isoform X2 [Myotis myotis]
PRDM16|Artibeus_jamaicensis|XP_053516251	XP_036207702.1	90.654	1950	0.0	XP_036207702.1 histone-lysine N-methyltransferase PRDM16 isoform X3 [Myotis myotis]
PRDM16|Artibeus_jamaicensis|XP_053516251	XP_036207700.1	90.630	1944	0.0	XP_036207700.1 histone-lysine N-methyltransferase PRDM16 isoform X1 [Myotis myotis]
PRDM16|Artibeus_jamaicensis|XP_053516251	XP_036207701.1	90.545	1938	0.0	XP_036207701.1 histone-lysine N-methyltransferase PRDM16 isoform X2 [Myotis myotis]
PRDM16|Artibeus_jamaicensis|XP_053516251	XP_036206833.1	54.227	1150	0.0	XP_036206833.1 histone-lysine N-methyltransferase MECOM isoform X4 [Myotis myotis]
PRDM16|Artibeus_jamaicensis|XP_053516251	XP_036206832.1	54.181	1145	0.0	XP_036206832.1 histone-lysine N-methyltransferase MECOM isoform X3 [Myotis myotis]
PRDM16|Cnephaeus_nilssonii|XP_079633446	XP_036207702.1	95.574	2295	0.0	XP_036207702.1 histone-lysine N-methyltransferase PRDM16 isoform X3 [Myotis myotis]
PRDM16|Cnephaeus_nilssonii|XP_079633446	XP_036207700.1	95.563	2291	0.0	XP_036207700.1 histone-lysine N-methyltransferase PRDM16 isoform X1 [Myotis myotis]
PRDM16|Cnephaeus_nilssonii|XP_079633446	XP_036207701.1	95.478	2285	0.0	XP_036207701.1 histone-lysine N-methyltransferase PRDM16 isoform X2 [Myotis myotis]
PRDM16|Cnephaeus_nilssonii|XP_079633446	XP_036206833.1	53.944	1135	0.0	XP_036206833.1 histone-lysine N-methyltransferase MECOM isoform X4 [Myotis myotis]
PRDM16|Cnephaeus_nilssonii|XP_079633446	XP_036206832.1	53.898	1131	0.0	XP_036206832.1 histone-lysine N-methyltransferase MECOM isoform X3 [Myotis myotis]
PRDM16|Desmodus_rotundus|XP_053776459	XP_036207700.1	90.676	1808	0.0	XP_036207700.1 histone-lysine N-methyltransferase PRDM16 isoform X1 [Myotis myotis]
PRDM16|Desmodus_rotundus|XP_053776459	XP_036207701.1	90.585	1802	0.0	XP_036207701.1 histone-lysine N-methyltransferase PRDM16 isoform X2 [Myotis myotis]
PRDM16|Desmodus_rotundus|XP_053776459	XP_036207702.1	91.120	1633	0.0	XP_036207702.1 histone-lysine N-methyltransferase PRDM16 isoform X3 [Myotis myotis]
PRDM16|Desmodus_rotundus|XP_053776459	XP_036206833.1	53.153	1044	0.0	XP_036206833.1 histone-lysine N-methyltransferase MECOM isoform X4 [Myotis myotis]
PRDM16|Desmodus_rotundus|XP_053776459	XP_036206831.1	52.773	1040	0.0	XP_036206831.1 histone-lysine N-methyltransferase MECOM isoform X2 [Myotis myotis]
PRDM16|Eptesicus_fuscus|XP_054576642	XP_036207702.1	94.687	2259	0.0	XP_036207702.1 histone-lysine N-methyltransferase PRDM16 isoform X3 [Myotis myotis]
PRDM16|Eptesicus_fuscus|XP_054576642	XP_036207700.1	94.331	2201	0.0	XP_036207700.1 histone-lysine N-methyltransferase PRDM16 isoform X1 [Myotis myotis]
PRDM16|Eptesicus_fuscus|XP_054576642	XP_036207701.1	94.252	2196	0.0	XP_036207701.1 histone-lysine N-methyltransferase PRDM16 isoform X2 [Myotis myotis]
PRDM16|Eptesicus_fuscus|XP_054576642	XP_036206833.1	52.282	1186	0.0	XP_036206833.1 histone-lysine N-methyltransferase MECOM isoform X4 [Myotis myotis]
PRDM16|Eptesicus_fuscus|XP_054576642	XP_036206832.1	52.240	1181	0.0	XP_036206832.1 histone-lysine N-methyltransferase MECOM isoform X3 [Myotis myotis]
PRDM16|Hipposideros_armiger|XP_019514108	XP_036207702.1	90.854	1924	0.0	XP_036207702.1 histone-lysine N-methyltransferase PRDM16 isoform X3 [Myotis myotis]
PRDM16|Hipposideros_armiger|XP_019514108	XP_036207700.1	90.830	1922	0.0	XP_036207700.1 histone-lysine N-methyltransferase PRDM16 isoform X1 [Myotis myotis]
PRDM16|Hipposideros_armiger|XP_019514108	XP_036207701.1	90.744	1915	0.0	XP_036207701.1 histone-lysine N-methyltransferase PRDM16 isoform X2 [Myotis myotis]
PRDM16|Hipposideros_armiger|XP_019514108	XP_036206833.1	55.437	1149	0.0	XP_036206833.1 histone-lysine N-methyltransferase MECOM isoform X4 [Myotis myotis]
PRDM16|Hipposideros_armiger|XP_019514108	XP_036206832.1	55.387	1144	0.0	XP_036206832.1 histone-lysine N-methyltransferase MECOM isoform X3 [Myotis myotis]
PRDM16|Miniopterus_natalensis|XP_016069012	XP_036207701.1	87.633	1804	0.0	XP_036207701.1 histone-lysine N-methyltransferase PRDM16 isoform X2 [Myotis myotis]
PRDM16|Miniopterus_natalensis|XP_016069012	XP_036207700.1	87.555	1801	0.0	XP_036207700.1 histone-lysine N-methyltransferase PRDM16 isoform X1 [Myotis myotis]
PRDM16|Miniopterus_natalensis|XP_016069012	XP_036207702.1	87.379	1620	0.0	XP_036207702.1 histone-lysine N-methyltransferase PRDM16 isoform X3 [Myotis myotis]
PRDM16|Miniopterus_natalensis|XP_016069012	XP_036206833.1	50.264	1023	0.0	XP_036206833.1 histone-lysine N-methyltransferase MECOM isoform X4 [Myotis myotis]
PRDM16|Miniopterus_natalensis|XP_016069012	XP_036206832.1	50.219	1018	0.0	XP_036206832.1 histone-lysine N-methyltransferase MECOM isoform X3 [Myotis myotis]
PRDM16|Miniopterus_schreibersii|XP_081001736	XP_036207702.1	91.674	1972	0.0	XP_036207702.1 histone-lysine N-methyltransferase PRDM16 isoform X3 [Myotis myotis]
PRDM16|Miniopterus_schreibersii|XP_081001736	XP_036207700.1	91.738	1971	0.0	XP_036207700.1 histone-lysine N-methyltransferase PRDM16 isoform X1 [Myotis myotis]
PRDM16|Miniopterus_schreibersii|XP_081001736	XP_036207701.1	91.652	1964	0.0	XP_036207701.1 histone-lysine N-methyltransferase PRDM16 isoform X2 [Myotis myotis]
PRDM16|Miniopterus_schreibersii|XP_081001736	XP_036206833.1	53.373	1132	0.0	XP_036206833.1 histone-lysine N-methyltransferase MECOM isoform X4 [Myotis myotis]
PRDM16|Miniopterus_schreibersii|XP_081001736	XP_036206832.1	53.328	1128	0.0	XP_036206832.1 histone-lysine N-methyltransferase MECOM isoform X3 [Myotis myotis]
PRDM16|Molossus_molossus|XP_036112120	XP_036207700.1	90.681	2131	0.0	XP_036207700.1 histone-lysine N-methyltransferase PRDM16 isoform X1 [Myotis myotis]
PRDM16|Molossus_molossus|XP_036112120	XP_036207701.1	90.603	2125	0.0	XP_036207701.1 histone-lysine N-methyltransferase PRDM16 isoform X2 [Myotis myotis]
PRDM16|Molossus_molossus|XP_036112120	XP_036207702.1	91.567	1979	0.0	XP_036207702.1 histone-lysine N-methyltransferase PRDM16 isoform X3 [Myotis myotis]
PRDM16|Molossus_molossus|XP_036112120	XP_036206833.1	52.285	1193	0.0	XP_036206833.1 histone-lysine N-methyltransferase MECOM isoform X4 [Myotis myotis]
PRDM16|Molossus_molossus|XP_036112120	XP_036206832.1	52.245	1188	0.0	XP_036206832.1 histone-lysine N-methyltransferase MECOM isoform X3 [Myotis myotis]
PRDM16|Myotis_daubentonii|XP_059547496	XP_036207701.1	99.059	2375	0.0	XP_036207701.1 histone-lysine N-methyltransferase PRDM16 isoform X2 [Myotis myotis]
PRDM16|Myotis_daubentonii|XP_059547496	XP_036207702.1	98.977	2373	0.0	XP_036207702.1 histone-lysine N-methyltransferase PRDM16 isoform X3 [Myotis myotis]
PRDM16|Myotis_daubentonii|XP_059547496	XP_036207700.1	98.974	2372	0.0	XP_036207700.1 histone-lysine N-methyltransferase PRDM16 isoform X1 [Myotis myotis]
PRDM16|Myotis_daubentonii|XP_059547496	XP_036206833.1	54.199	1139	0.0	XP_036206833.1 histone-lysine N-methyltransferase MECOM isoform X4 [Myotis myotis]
PRDM16|Myotis_daubentonii|XP_059547496	XP_036206832.1	54.152	1134	0.0	XP_036206832.1 histone-lysine N-methyltransferase MECOM isoform X3 [Myotis myotis]
PRDM16|Myotis_myotis|XP_036207702	XP_036207702.1	100.000	2403	0.0	XP_036207702.1 histone-lysine N-methyltransferase PRDM16 isoform X3 [Myotis myotis]
PRDM16|Myotis_myotis|XP_036207702	XP_036207700.1	100.000	2399	0.0	XP_036207700.1 histone-lysine N-methyltransferase PRDM16 isoform X1 [Myotis myotis]
PRDM16|Myotis_myotis|XP_036207702	XP_036207701.1	99.914	2393	0.0	XP_036207701.1 histone-lysine N-methyltransferase PRDM16 isoform X2 [Myotis myotis]
PRDM16|Myotis_myotis|XP_036207702	XP_036206833.1	54.357	1139	0.0	XP_036206833.1 histone-lysine N-methyltransferase MECOM isoform X4 [Myotis myotis]
PRDM16|Myotis_myotis|XP_036207702	XP_036206832.1	54.310	1134	0.0	XP_036206832.1 histone-lysine N-methyltransferase MECOM isoform X3 [Myotis myotis]
PRDM16|Myotis_nattereri|XP_080943494	XP_036207700.1	97.956	2538	0.0	XP_036207700.1 histone-lysine N-methyltransferase PRDM16 isoform X1 [Myotis myotis]
PRDM16|Myotis_nattereri|XP_080943494	XP_036207701.1	97.877	2532	0.0	XP_036207701.1 histone-lysine N-methyltransferase PRDM16 isoform X2 [Myotis myotis]
PRDM16|Myotis_nattereri|XP_080943494	XP_036207702.1	99.402	2380	0.0	XP_036207702.1 histone-lysine N-methyltransferase PRDM16 isoform X3 [Myotis myotis]
PRDM16|Myotis_nattereri|XP_080943494	XP_036206833.1	50.543	1150	0.0	XP_036206833.1 histone-lysine N-methyltransferase MECOM isoform X4 [Myotis myotis]
PRDM16|Myotis_nattereri|XP_080943494	XP_036206832.1	50.503	1145	0.0	XP_036206832.1 histone-lysine N-methyltransferase MECOM isoform X3 [Myotis myotis]
PRDM16|Myotis_yumanensis|XP_070260033	XP_036207702.1	98.892	2376	0.0	XP_036207702.1 histone-lysine N-methyltransferase PRDM16 isoform X3 [Myotis myotis]
PRDM16|Myotis_yumanensis|XP_070260033	XP_036207700.1	98.889	2373	0.0	XP_036207700.1 histone-lysine N-methyltransferase PRDM16 isoform X1 [Myotis myotis]
PRDM16|Myotis_yumanensis|XP_070260033	XP_036207701.1	98.803	2367	0.0	XP_036207701.1 histone-lysine N-methyltransferase PRDM16 isoform X2 [Myotis myotis]
PRDM16|Myotis_yumanensis|XP_070260033	XP_036206833.1	54.412	1142	0.0	XP_036206833.1 histone-lysine N-methyltransferase MECOM isoform X4 [Myotis myotis]
PRDM16|Myotis_yumanensis|XP_070260033	XP_036206832.1	54.365	1137	0.0	XP_036206832.1 histone-lysine N-methyltransferase MECOM isoform X3 [Myotis myotis]
PRDM16|Phyllostomus_discolor|XP_035881101	XP_036207700.1	89.224	1771	0.0	XP_036207700.1 histone-lysine N-methyltransferase PRDM16 isoform X1 [Myotis myotis]
PRDM16|Phyllostomus_discolor|XP_035881101	XP_036207701.1	89.132	1764	0.0	XP_036207701.1 histone-lysine N-methyltransferase PRDM16 isoform X2 [Myotis myotis]
PRDM16|Phyllostomus_discolor|XP_035881101	XP_036207702.1	90.121	1613	0.0	XP_036207702.1 histone-lysine N-methyltransferase PRDM16 isoform X3 [Myotis myotis]
PRDM16|Phyllostomus_discolor|XP_035881101	XP_036206833.1	52.835	1046	0.0	XP_036206833.1 histone-lysine N-methyltransferase MECOM isoform X4 [Myotis myotis]
PRDM16|Phyllostomus_discolor|XP_035881101	XP_036206832.1	52.788	1042	0.0	XP_036206832.1 histone-lysine N-methyltransferase MECOM isoform X3 [Myotis myotis]
PRDM16|Phyllostomus_hastatus|XP_045715362	XP_036207702.1	90.085	1930	0.0	XP_036207702.1 histone-lysine N-methyltransferase PRDM16 isoform X3 [Myotis myotis]
PRDM16|Phyllostomus_hastatus|XP_045715362	XP_036207700.1	90.059	1929	0.0	XP_036207700.1 histone-lysine N-methyltransferase PRDM16 isoform X1 [Myotis myotis]
PRDM16|Phyllostomus_hastatus|XP_045715362	XP_036207701.1	89.975	1923	0.0	XP_036207701.1 histone-lysine N-methyltransferase PRDM16 isoform X2 [Myotis myotis]
PRDM16|Phyllostomus_hastatus|XP_045715362	XP_036206833.1	54.003	1152	0.0	XP_036206833.1 histone-lysine N-methyltransferase MECOM isoform X4 [Myotis myotis]
PRDM16|Phyllostomus_hastatus|XP_045715362	XP_036206832.1	53.957	1147	0.0	XP_036206832.1 histone-lysine N-methyltransferase MECOM isoform X3 [Myotis myotis]
PRDM16|Pipistrellus_kuhlii|XP_036316777	XP_036207700.1	89.984	2090	0.0	XP_036207700.1 histone-lysine N-methyltransferase PRDM16 isoform X1 [Myotis myotis]
PRDM16|Pipistrellus_kuhlii|XP_036316777	XP_036207701.1	89.906	2084	0.0	XP_036207701.1 histone-lysine N-methyltransferase PRDM16 isoform X2 [Myotis myotis]
PRDM16|Pipistrellus_kuhlii|XP_036316777	XP_036207702.1	89.872	1904	0.0	XP_036207702.1 histone-lysine N-methyltransferase PRDM16 isoform X3 [Myotis myotis]
PRDM16|Pipistrellus_kuhlii|XP_036316777	XP_036206833.1	51.044	1169	0.0	XP_036206833.1 histone-lysine N-methyltransferase MECOM isoform X4 [Myotis myotis]
PRDM16|Pipistrellus_kuhlii|XP_036316777	XP_036206832.1	51.005	1165	0.0	XP_036206832.1 histone-lysine N-methyltransferase MECOM isoform X3 [Myotis myotis]
PRDM16|Plecotus_auritus|XP_080514323	XP_036207701.1	95.070	2466	0.0	XP_036207701.1 histone-lysine N-methyltransferase PRDM16 isoform X2 [Myotis myotis]
PRDM16|Plecotus_auritus|XP_080514323	XP_036207700.1	94.996	2462	0.0	XP_036207700.1 histone-lysine N-methyltransferase PRDM16 isoform X1 [Myotis myotis]
PRDM16|Plecotus_auritus|XP_080514323	XP_036207702.1	95.493	2282	0.0	XP_036207702.1 histone-lysine N-methyltransferase PRDM16 isoform X3 [Myotis myotis]
PRDM16|Plecotus_auritus|XP_080514323	XP_036206833.1	51.695	1197	0.0	XP_036206833.1 histone-lysine N-methyltransferase MECOM isoform X4 [Myotis myotis]
PRDM16|Plecotus_auritus|XP_080514323	XP_036206832.1	51.655	1192	0.0	XP_036206832.1 histone-lysine N-methyltransferase MECOM isoform X3 [Myotis myotis]
PRDM16|Pteronotus_mesoamericanus|XP_054439966	XP_036207700.1	91.621	2141	0.0	XP_036207700.1 histone-lysine N-methyltransferase PRDM16 isoform X1 [Myotis myotis]
PRDM16|Pteronotus_mesoamericanus|XP_054439966	XP_036207701.1	91.543	2135	0.0	XP_036207701.1 histone-lysine N-methyltransferase PRDM16 isoform X2 [Myotis myotis]
PRDM16|Pteronotus_mesoamericanus|XP_054439966	XP_036207702.1	91.738	1958	0.0	XP_036207702.1 histone-lysine N-methyltransferase PRDM16 isoform X3 [Myotis myotis]
PRDM16|Pteronotus_mesoamericanus|XP_054439966	XP_036206833.1	51.663	1204	0.0	XP_036206833.1 histone-lysine N-methyltransferase MECOM isoform X4 [Myotis myotis]
PRDM16|Pteronotus_mesoamericanus|XP_054439966	XP_036206832.1	51.623	1199	0.0	XP_036206832.1 histone-lysine N-methyltransferase MECOM isoform X3 [Myotis myotis]
PRDM16|Pteropus_alecto|XP_024904309	XP_036207700.1	86.585	1545	0.0	XP_036207700.1 histone-lysine N-methyltransferase PRDM16 isoform X1 [Myotis myotis]
PRDM16|Pteropus_alecto|XP_024904309	XP_036207700.1	84.375	366	8.94e-106	XP_036207700.1 histone-lysine N-methyltransferase PRDM16 isoform X1 [Myotis myotis]
PRDM16|Pteropus_alecto|XP_024904309	XP_036207700.1	28.846	72.4	6.10e-12	XP_036207700.1 histone-lysine N-methyltransferase PRDM16 isoform X1 [Myotis myotis]
PRDM16|Pteropus_alecto|XP_024904309	XP_036207700.1	33.684	67.0	2.42e-10	XP_036207700.1 histone-lysine N-methyltransferase PRDM16 isoform X1 [Myotis myotis]
PRDM16|Pteropus_alecto|XP_024904309	XP_036207700.1	33.981	66.6	3.11e-10	XP_036207700.1 histone-lysine N-methyltransferase PRDM16 isoform X1 [Myotis myotis]
PRDM16|Pteropus_alecto|XP_024904309	XP_036207701.1	86.484	1538	0.0	XP_036207701.1 histone-lysine N-methyltransferase PRDM16 isoform X2 [Myotis myotis]
PRDM16|Pteropus_alecto|XP_024904309	XP_036207701.1	84.375	366	9.16e-106	XP_036207701.1 histone-lysine N-methyltransferase PRDM16 isoform X2 [Myotis myotis]
PRDM16|Pteropus_alecto|XP_024904309	XP_036207701.1	28.846	72.4	6.10e-12	XP_036207701.1 histone-lysine N-methyltransferase PRDM16 isoform X2 [Myotis myotis]
PRDM16|Pteropus_alecto|XP_024904309	XP_036207701.1	33.684	67.0	2.44e-10	XP_036207701.1 histone-lysine N-methyltransferase PRDM16 isoform X2 [Myotis myotis]
PRDM16|Pteropus_alecto|XP_024904309	XP_036207701.1	33.981	66.6	3.14e-10	XP_036207701.1 histone-lysine N-methyltransferase PRDM16 isoform X2 [Myotis myotis]
PRDM16|Pteropus_alecto|XP_024904309	XP_036207702.1	87.868	1394	0.0	XP_036207702.1 histone-lysine N-methyltransferase PRDM16 isoform X3 [Myotis myotis]
PRDM16|Pteropus_alecto|XP_024904309	XP_036207702.1	84.375	367	1.87e-106	XP_036207702.1 histone-lysine N-methyltransferase PRDM16 isoform X3 [Myotis myotis]
PRDM16|Pteropus_alecto|XP_024904309	XP_036207702.1	28.846	71.6	1.01e-11	XP_036207702.1 histone-lysine N-methyltransferase PRDM16 isoform X3 [Myotis myotis]
PRDM16|Pteropus_alecto|XP_024904309	XP_036207702.1	33.684	66.6	3.40e-10	XP_036207702.1 histone-lysine N-methyltransferase PRDM16 isoform X3 [Myotis myotis]
PRDM16|Pteropus_alecto|XP_024904309	XP_036207702.1	33.981	66.2	3.79e-10	XP_036207702.1 histone-lysine N-methyltransferase PRDM16 isoform X3 [Myotis myotis]
PRDM16|Pteropus_alecto|XP_024904309	XP_036206833.1	53.862	949	0.0	XP_036206833.1 histone-lysine N-methyltransferase MECOM isoform X4 [Myotis myotis]
PRDM16|Pteropus_alecto|XP_024904309	XP_036206833.1	50.286	192	8.92e-49	XP_036206833.1 histone-lysine N-methyltransferase MECOM isoform X4 [Myotis myotis]
PRDM16|Pteropus_alecto|XP_024904309	XP_036206833.1	27.972	69.7	3.95e-11	XP_036206833.1 histone-lysine N-methyltransferase MECOM isoform X4 [Myotis myotis]
PRDM16|Pteropus_alecto|XP_024904309	XP_036206833.1	32.692	66.2	4.51e-10	XP_036206833.1 histone-lysine N-methyltransferase MECOM isoform X4 [Myotis myotis]
PRDM16|Pteropus_alecto|XP_024904309	XP_036206833.1	30.597	62.4	6.93e-09	XP_036206833.1 histone-lysine N-methyltransferase MECOM isoform X4 [Myotis myotis]
PRDM16|Pteropus_alecto|XP_024904309	XP_036206832.1	53.808	944	0.0	XP_036206832.1 histone-lysine N-methyltransferase MECOM isoform X3 [Myotis myotis]
PRDM16|Pteropus_alecto|XP_024904309	XP_036206832.1	50.286	192	8.94e-49	XP_036206832.1 histone-lysine N-methyltransferase MECOM isoform X3 [Myotis myotis]
PRDM16|Pteropus_alecto|XP_024904309	XP_036206832.1	28.472	66.6	3.27e-10	XP_036206832.1 histone-lysine N-methyltransferase MECOM isoform X3 [Myotis myotis]
PRDM16|Pteropus_alecto|XP_024904309	XP_036206832.1	30.597	62.4	6.82e-09	XP_036206832.1 histone-lysine N-methyltransferase MECOM isoform X3 [Myotis myotis]
PRDM16|Pteropus_alecto|XP_024904309	XP_036206832.1	32.381	61.6	1.01e-08	XP_036206832.1 histone-lysine N-methyltransferase MECOM isoform X3 [Myotis myotis]
PRDM16|Pteropus_medius|XP_039698345	XP_036207702.1	86.184	1855	0.0	XP_036207702.1 histone-lysine N-methyltransferase PRDM16 isoform X3 [Myotis myotis]
PRDM16|Pteropus_medius|XP_039698345	XP_036207700.1	86.233	1853	0.0	XP_036207700.1 histone-lysine N-methyltransferase PRDM16 isoform X1 [Myotis myotis]
PRDM16|Pteropus_medius|XP_039698345	XP_036207701.1	86.149	1847	0.0	XP_036207701.1 histone-lysine N-methyltransferase PRDM16 isoform X2 [Myotis myotis]
PRDM16|Pteropus_medius|XP_039698345	XP_036206833.1	53.886	1131	0.0	XP_036206833.1 histone-lysine N-methyltransferase MECOM isoform X4 [Myotis myotis]
PRDM16|Pteropus_medius|XP_039698345	XP_036206832.1	53.840	1127	0.0	XP_036206832.1 histone-lysine N-methyltransferase MECOM isoform X3 [Myotis myotis]
PRDM16|Pteropus_vampyrus|XP_023392759	XP_036207700.1	76.161	1734	0.0	XP_036207700.1 histone-lysine N-methyltransferase PRDM16 isoform X1 [Myotis myotis]
PRDM16|Pteropus_vampyrus|XP_023392759	XP_036207701.1	76.143	1731	0.0	XP_036207701.1 histone-lysine N-methyltransferase PRDM16 isoform X2 [Myotis myotis]
PRDM16|Pteropus_vampyrus|XP_023392759	XP_036207702.1	76.218	1581	0.0	XP_036207702.1 histone-lysine N-methyltransferase PRDM16 isoform X3 [Myotis myotis]
PRDM16|Pteropus_vampyrus|XP_023392759	XP_036206833.1	42.560	901	0.0	XP_036206833.1 histone-lysine N-methyltransferase MECOM isoform X4 [Myotis myotis]
PRDM16|Pteropus_vampyrus|XP_023392759	XP_036206831.1	42.308	898	0.0	XP_036206831.1 histone-lysine N-methyltransferase MECOM isoform X2 [Myotis myotis]
PRDM16|Rhinolophus_ferrumequinum|XP_032970739	XP_036207700.1	89.796	1946	0.0	XP_036207700.1 histone-lysine N-methyltransferase PRDM16 isoform X1 [Myotis myotis]
PRDM16|Rhinolophus_ferrumequinum|XP_032970739	XP_036207702.1	89.737	1944	0.0	XP_036207702.1 histone-lysine N-methyltransferase PRDM16 isoform X3 [Myotis myotis]
PRDM16|Rhinolophus_ferrumequinum|XP_032970739	XP_036207701.1	89.711	1939	0.0	XP_036207701.1 histone-lysine N-methyltransferase PRDM16 isoform X2 [Myotis myotis]
PRDM16|Rhinolophus_ferrumequinum|XP_032970739	XP_036206833.1	53.708	1159	0.0	XP_036206833.1 histone-lysine N-methyltransferase MECOM isoform X4 [Myotis myotis]
PRDM16|Rhinolophus_ferrumequinum|XP_032970739	XP_036206832.1	53.663	1155	0.0	XP_036206832.1 histone-lysine N-methyltransferase MECOM isoform X3 [Myotis myotis]
PRDM16|Rhinolophus_hipposideros|XP_080913255	XP_036207701.1	89.362	1938	0.0	XP_036207701.1 histone-lysine N-methyltransferase PRDM16 isoform X2 [Myotis myotis]
PRDM16|Rhinolophus_hipposideros|XP_080913255	XP_036207702.1	89.228	1934	0.0	XP_036207702.1 histone-lysine N-methyltransferase PRDM16 isoform X3 [Myotis myotis]
PRDM16|Rhinolophus_hipposideros|XP_080913255	XP_036207700.1	89.286	1932	0.0	XP_036207700.1 histone-lysine N-methyltransferase PRDM16 isoform X1 [Myotis myotis]
PRDM16|Rhinolophus_hipposideros|XP_080913255	XP_036206833.1	53.425	1152	0.0	XP_036206833.1 histone-lysine N-methyltransferase MECOM isoform X4 [Myotis myotis]
PRDM16|Rhinolophus_hipposideros|XP_080913255	XP_036206832.1	53.379	1147	0.0	XP_036206832.1 histone-lysine N-methyltransferase MECOM isoform X3 [Myotis myotis]
PRDM16|Rhinolophus_sinicus|XP_074190331	XP_036207702.1	89.992	1954	0.0	XP_036207702.1 histone-lysine N-methyltransferase PRDM16 isoform X3 [Myotis myotis]
PRDM16|Rhinolophus_sinicus|XP_074190331	XP_036207700.1	90.051	1952	0.0	XP_036207700.1 histone-lysine N-methyltransferase PRDM16 isoform X1 [Myotis myotis]
PRDM16|Rhinolophus_sinicus|XP_074190331	XP_036207701.1	89.966	1945	0.0	XP_036207701.1 histone-lysine N-methyltransferase PRDM16 isoform X2 [Myotis myotis]
PRDM16|Rhinolophus_sinicus|XP_074190331	XP_036206833.1	53.571	1154	0.0	XP_036206833.1 histone-lysine N-methyltransferase MECOM isoform X4 [Myotis myotis]
PRDM16|Rhinolophus_sinicus|XP_074190331	XP_036206832.1	53.526	1150	0.0	XP_036206832.1 histone-lysine N-methyltransferase MECOM isoform X3 [Myotis myotis]
PRDM16|Rousettus_aegyptiacus|XP_036083783	XP_036207702.1	86.113	1840	0.0	XP_036207702.1 histone-lysine N-methyltransferase PRDM16 isoform X3 [Myotis myotis]
PRDM16|Rousettus_aegyptiacus|XP_036083783	XP_036207700.1	86.163	1838	0.0	XP_036207700.1 histone-lysine N-methyltransferase PRDM16 isoform X1 [Myotis myotis]
PRDM16|Rousettus_aegyptiacus|XP_036083783	XP_036207701.1	86.078	1832	0.0	XP_036207701.1 histone-lysine N-methyltransferase PRDM16 isoform X2 [Myotis myotis]
PRDM16|Rousettus_aegyptiacus|XP_036083783	XP_036206833.1	53.833	1132	0.0	XP_036206833.1 histone-lysine N-methyltransferase MECOM isoform X4 [Myotis myotis]
PRDM16|Rousettus_aegyptiacus|XP_036083783	XP_036206832.1	53.786	1128	0.0	XP_036206832.1 histone-lysine N-methyltransferase MECOM isoform X3 [Myotis myotis]
PRDM16|Saccopteryx_bilineata|XP_066126740	XP_036207702.1	92.608	1997	0.0	XP_036207702.1 histone-lysine N-methyltransferase PRDM16 isoform X3 [Myotis myotis]
PRDM16|Saccopteryx_bilineata|XP_066126740	XP_036207700.1	92.675	1993	0.0	XP_036207700.1 histone-lysine N-methyltransferase PRDM16 isoform X1 [Myotis myotis]
PRDM16|Saccopteryx_bilineata|XP_066126740	XP_036207701.1	92.589	1988	0.0	XP_036207701.1 histone-lysine N-methyltransferase PRDM16 isoform X2 [Myotis myotis]
PRDM16|Saccopteryx_bilineata|XP_066126740	XP_036206833.1	53.535	1148	0.0	XP_036206833.1 histone-lysine N-methyltransferase MECOM isoform X4 [Myotis myotis]
PRDM16|Saccopteryx_bilineata|XP_066126740	XP_036206831.1	53.177	1145	0.0	XP_036206831.1 histone-lysine N-methyltransferase MECOM isoform X2 [Myotis myotis]
PRDM16|Saccopteryx_leptura|XP_066230958	XP_036207702.1	92.445	1992	0.0	XP_036207702.1 histone-lysine N-methyltransferase PRDM16 isoform X3 [Myotis myotis]
PRDM16|Saccopteryx_leptura|XP_066230958	XP_036207700.1	92.511	1989	0.0	XP_036207700.1 histone-lysine N-methyltransferase PRDM16 isoform X1 [Myotis myotis]
PRDM16|Saccopteryx_leptura|XP_066230958	XP_036207701.1	92.426	1982	0.0	XP_036207701.1 histone-lysine N-methyltransferase PRDM16 isoform X2 [Myotis myotis]
PRDM16|Saccopteryx_leptura|XP_066230958	XP_036206833.1	53.535	1149	0.0	XP_036206833.1 histone-lysine N-methyltransferase MECOM isoform X4 [Myotis myotis]
PRDM16|Saccopteryx_leptura|XP_066230958	XP_036206831.1	53.177	1146	0.0	XP_036206831.1 histone-lysine N-methyltransferase MECOM isoform X2 [Myotis myotis]
PRDM16|Sturnira_hondurensis|XP_036918022	XP_036207702.1	90.323	1924	0.0	XP_036207702.1 histone-lysine N-methyltransferase PRDM16 isoform X3 [Myotis myotis]
PRDM16|Sturnira_hondurensis|XP_036918022	XP_036207700.1	90.298	1921	0.0	XP_036207700.1 histone-lysine N-methyltransferase PRDM16 isoform X1 [Myotis myotis]
PRDM16|Sturnira_hondurensis|XP_036918022	XP_036207701.1	90.213	1914	0.0	XP_036207701.1 histone-lysine N-methyltransferase PRDM16 isoform X2 [Myotis myotis]
PRDM16|Sturnira_hondurensis|XP_036918022	XP_036206833.1	54.593	1140	0.0	XP_036206833.1 histone-lysine N-methyltransferase MECOM isoform X4 [Myotis myotis]
PRDM16|Sturnira_hondurensis|XP_036918022	XP_036206832.1	54.545	1136	0.0	XP_036206832.1 histone-lysine N-methyltransferase MECOM isoform X3 [Myotis myotis]
PRKAA1|Artibeus_jamaicensis|XP_053513274	XP_036164932.1	97.853	1147	0.0	XP_036164932.1 5'-AMP-activated protein kinase catalytic subunit alpha-1 isoform X2 [Myotis myotis]
PRKAA1|Artibeus_jamaicensis|XP_053513274	XP_036164931.1	91.349	1085	0.0	XP_036164931.1 5'-AMP-activated protein kinase catalytic subunit alpha-1 isoform X1 [Myotis myotis]
PRKAA1|Artibeus_jamaicensis|XP_053513274	XP_036164933.1	88.372	1012	0.0	XP_036164933.1 5'-AMP-activated protein kinase catalytic subunit alpha-1 isoform X3 [Myotis myotis]
PRKAA1|Artibeus_jamaicensis|XP_053513274	XP_036164934.1	97.868	965	0.0	XP_036164934.1 5'-AMP-activated protein kinase catalytic subunit alpha-1 isoform X4 [Myotis myotis]
PRKAA1|Artibeus_jamaicensis|XP_053513274	XP_036164935.1	97.817	943	0.0	XP_036164935.1 5'-AMP-activated protein kinase catalytic subunit alpha-1 isoform X5 [Myotis myotis]
PRKAA1|Cnephaeus_nilssonii|XP_079643907	XP_036164932.1	99.463	1161	0.0	XP_036164932.1 5'-AMP-activated protein kinase catalytic subunit alpha-1 isoform X2 [Myotis myotis]
PRKAA1|Cnephaeus_nilssonii|XP_079643907	XP_036164931.1	92.907	1098	0.0	XP_036164931.1 5'-AMP-activated protein kinase catalytic subunit alpha-1 isoform X1 [Myotis myotis]
PRKAA1|Cnephaeus_nilssonii|XP_079643907	XP_036164933.1	89.982	1025	0.0	XP_036164933.1 5'-AMP-activated protein kinase catalytic subunit alpha-1 isoform X3 [Myotis myotis]
PRKAA1|Cnephaeus_nilssonii|XP_079643907	XP_036164934.1	99.360	975	0.0	XP_036164934.1 5'-AMP-activated protein kinase catalytic subunit alpha-1 isoform X4 [Myotis myotis]
PRKAA1|Cnephaeus_nilssonii|XP_079643907	XP_036164935.1	99.345	953	0.0	XP_036164935.1 5'-AMP-activated protein kinase catalytic subunit alpha-1 isoform X5 [Myotis myotis]
PRKAA1|Desmodus_rotundus|XP_053770466	XP_036164932.1	98.569	1155	0.0	XP_036164932.1 5'-AMP-activated protein kinase catalytic subunit alpha-1 isoform X2 [Myotis myotis]
PRKAA1|Desmodus_rotundus|XP_053770466	XP_036164931.1	92.042	1093	0.0	XP_036164931.1 5'-AMP-activated protein kinase catalytic subunit alpha-1 isoform X1 [Myotis myotis]
PRKAA1|Desmodus_rotundus|XP_053770466	XP_036164933.1	89.088	1019	0.0	XP_036164933.1 5'-AMP-activated protein kinase catalytic subunit alpha-1 isoform X3 [Myotis myotis]
PRKAA1|Desmodus_rotundus|XP_053770466	XP_036164934.1	98.294	969	0.0	XP_036164934.1 5'-AMP-activated protein kinase catalytic subunit alpha-1 isoform X4 [Myotis myotis]
PRKAA1|Desmodus_rotundus|XP_053770466	XP_036164935.1	98.253	947	0.0	XP_036164935.1 5'-AMP-activated protein kinase catalytic subunit alpha-1 isoform X5 [Myotis myotis]
PRKAA1|Eptesicus_fuscus|XP_054571271	XP_036164932.1	99.642	1164	0.0	XP_036164932.1 5'-AMP-activated protein kinase catalytic subunit alpha-1 isoform X2 [Myotis myotis]
PRKAA1|Eptesicus_fuscus|XP_054571271	XP_036164931.1	93.080	1102	0.0	XP_036164931.1 5'-AMP-activated protein kinase catalytic subunit alpha-1 isoform X1 [Myotis myotis]
PRKAA1|Eptesicus_fuscus|XP_054571271	XP_036164933.1	90.161	1028	0.0	XP_036164933.1 5'-AMP-activated protein kinase catalytic subunit alpha-1 isoform X3 [Myotis myotis]
PRKAA1|Eptesicus_fuscus|XP_054571271	XP_036164934.1	99.574	979	0.0	XP_036164934.1 5'-AMP-activated protein kinase catalytic subunit alpha-1 isoform X4 [Myotis myotis]
PRKAA1|Eptesicus_fuscus|XP_054571271	XP_036164935.1	99.563	956	0.0	XP_036164935.1 5'-AMP-activated protein kinase catalytic subunit alpha-1 isoform X5 [Myotis myotis]
PRKAA1|Hipposideros_armiger|XP_019487515	XP_036164932.1	98.748	1155	0.0	XP_036164932.1 5'-AMP-activated protein kinase catalytic subunit alpha-1 isoform X2 [Myotis myotis]
PRKAA1|Hipposideros_armiger|XP_019487515	XP_036164931.1	92.215	1093	0.0	XP_036164931.1 5'-AMP-activated protein kinase catalytic subunit alpha-1 isoform X1 [Myotis myotis]
PRKAA1|Hipposideros_armiger|XP_019487515	XP_036164933.1	89.267	1020	0.0	XP_036164933.1 5'-AMP-activated protein kinase catalytic subunit alpha-1 isoform X3 [Myotis myotis]
PRKAA1|Hipposideros_armiger|XP_019487515	XP_036164934.1	98.507	970	0.0	XP_036164934.1 5'-AMP-activated protein kinase catalytic subunit alpha-1 isoform X4 [Myotis myotis]
PRKAA1|Hipposideros_armiger|XP_019487515	XP_036164935.1	98.472	948	0.0	XP_036164935.1 5'-AMP-activated protein kinase catalytic subunit alpha-1 isoform X5 [Myotis myotis]
PRKAA1|Miniopterus_natalensis|XP_016079632	XP_036164932.1	98.844	1071	0.0	XP_036164932.1 5'-AMP-activated protein kinase catalytic subunit alpha-1 isoform X2 [Myotis myotis]
PRKAA1|Miniopterus_natalensis|XP_016079632	XP_036164931.1	91.822	1009	0.0	XP_036164931.1 5'-AMP-activated protein kinase catalytic subunit alpha-1 isoform X1 [Myotis myotis]
PRKAA1|Miniopterus_natalensis|XP_016079632	XP_036164934.1	98.934	971	0.0	XP_036164934.1 5'-AMP-activated protein kinase catalytic subunit alpha-1 isoform X4 [Myotis myotis]
PRKAA1|Miniopterus_natalensis|XP_016079632	XP_036164935.1	98.908	949	0.0	XP_036164935.1 5'-AMP-activated protein kinase catalytic subunit alpha-1 isoform X5 [Myotis myotis]
PRKAA1|Miniopterus_natalensis|XP_016079632	XP_036164933.1	88.632	935	0.0	XP_036164933.1 5'-AMP-activated protein kinase catalytic subunit alpha-1 isoform X3 [Myotis myotis]
PRKAA1|Miniopterus_schreibersii|XP_080988998	XP_036164932.1	98.909	1137	0.0	XP_036164932.1 5'-AMP-activated protein kinase catalytic subunit alpha-1 isoform X2 [Myotis myotis]
PRKAA1|Miniopterus_schreibersii|XP_080988998	XP_036164931.1	92.267	1077	0.0	XP_036164931.1 5'-AMP-activated protein kinase catalytic subunit alpha-1 isoform X1 [Myotis myotis]
PRKAA1|Miniopterus_schreibersii|XP_080988998	XP_036164933.1	89.273	1001	0.0	XP_036164933.1 5'-AMP-activated protein kinase catalytic subunit alpha-1 isoform X3 [Myotis myotis]
PRKAA1|Miniopterus_schreibersii|XP_080988998	XP_036164934.1	98.934	972	0.0	XP_036164934.1 5'-AMP-activated protein kinase catalytic subunit alpha-1 isoform X4 [Myotis myotis]
PRKAA1|Miniopterus_schreibersii|XP_080988998	XP_036164935.1	98.908	951	0.0	XP_036164935.1 5'-AMP-activated protein kinase catalytic subunit alpha-1 isoform X5 [Myotis myotis]
PRKAA1|Molossus_molossus|XP_036135275	XP_036164932.1	98.390	1153	0.0	XP_036164932.1 5'-AMP-activated protein kinase catalytic subunit alpha-1 isoform X2 [Myotis myotis]
PRKAA1|Molossus_molossus|XP_036135275	XP_036164931.1	91.869	1090	0.0	XP_036164931.1 5'-AMP-activated protein kinase catalytic subunit alpha-1 isoform X1 [Myotis myotis]
PRKAA1|Molossus_molossus|XP_036135275	XP_036164933.1	88.909	1017	0.0	XP_036164933.1 5'-AMP-activated protein kinase catalytic subunit alpha-1 isoform X3 [Myotis myotis]
PRKAA1|Molossus_molossus|XP_036135275	XP_036164934.1	98.081	968	0.0	XP_036164934.1 5'-AMP-activated protein kinase catalytic subunit alpha-1 isoform X4 [Myotis myotis]
PRKAA1|Molossus_molossus|XP_036135275	XP_036164935.1	98.035	945	0.0	XP_036164935.1 5'-AMP-activated protein kinase catalytic subunit alpha-1 isoform X5 [Myotis myotis]
PRKAA1|Myotis_brandtii|XP_005876046	XP_036164932.1	99.613	1073	0.0	XP_036164932.1 5'-AMP-activated protein kinase catalytic subunit alpha-1 isoform X2 [Myotis myotis]
PRKAA1|Myotis_brandtii|XP_005876046	XP_036164931.1	92.537	1012	0.0	XP_036164931.1 5'-AMP-activated protein kinase catalytic subunit alpha-1 isoform X1 [Myotis myotis]
PRKAA1|Myotis_brandtii|XP_005876046	XP_036164934.1	99.574	973	0.0	XP_036164934.1 5'-AMP-activated protein kinase catalytic subunit alpha-1 isoform X4 [Myotis myotis]
PRKAA1|Myotis_brandtii|XP_005876046	XP_036164935.1	99.563	951	0.0	XP_036164935.1 5'-AMP-activated protein kinase catalytic subunit alpha-1 isoform X5 [Myotis myotis]
PRKAA1|Myotis_brandtii|XP_005876046	XP_036164933.1	89.362	937	0.0	XP_036164933.1 5'-AMP-activated protein kinase catalytic subunit alpha-1 isoform X3 [Myotis myotis]
PRKAA1|Myotis_daubentonii|XP_059550853	XP_036164932.1	99.821	1166	0.0	XP_036164932.1 5'-AMP-activated protein kinase catalytic subunit alpha-1 isoform X2 [Myotis myotis]
PRKAA1|Myotis_daubentonii|XP_059550853	XP_036164931.1	93.253	1104	0.0	XP_036164931.1 5'-AMP-activated protein kinase catalytic subunit alpha-1 isoform X1 [Myotis myotis]
PRKAA1|Myotis_daubentonii|XP_059550853	XP_036164933.1	90.340	1031	0.0	XP_036164933.1 5'-AMP-activated protein kinase catalytic subunit alpha-1 isoform X3 [Myotis myotis]
PRKAA1|Myotis_daubentonii|XP_059550853	XP_036164934.1	99.787	981	0.0	XP_036164934.1 5'-AMP-activated protein kinase catalytic subunit alpha-1 isoform X4 [Myotis myotis]
PRKAA1|Myotis_daubentonii|XP_059550853	XP_036164935.1	99.782	959	0.0	XP_036164935.1 5'-AMP-activated protein kinase catalytic subunit alpha-1 isoform X5 [Myotis myotis]
PRKAA1|Myotis_davidii|XP_015426495	XP_036164932.1	100.000	960	0.0	XP_036164932.1 5'-AMP-activated protein kinase catalytic subunit alpha-1 isoform X2 [Myotis myotis]
PRKAA1|Myotis_davidii|XP_015426495	XP_036164935.1	100.000	957	0.0	XP_036164935.1 5'-AMP-activated protein kinase catalytic subunit alpha-1 isoform X5 [Myotis myotis]
PRKAA1|Myotis_davidii|XP_015426495	XP_036164931.1	100.000	957	0.0	XP_036164931.1 5'-AMP-activated protein kinase catalytic subunit alpha-1 isoform X1 [Myotis myotis]
PRKAA1|Myotis_davidii|XP_015426495	XP_036164934.1	100.000	956	0.0	XP_036164934.1 5'-AMP-activated protein kinase catalytic subunit alpha-1 isoform X4 [Myotis myotis]
PRKAA1|Myotis_davidii|XP_015426495	XP_036164933.1	100.000	915	0.0	XP_036164933.1 5'-AMP-activated protein kinase catalytic subunit alpha-1 isoform X3 [Myotis myotis]
PRKAA1|Myotis_lucifugus|XP_023610804	XP_036164932.1	99.345	953	0.0	XP_036164932.1 5'-AMP-activated protein kinase catalytic subunit alpha-1 isoform X2 [Myotis myotis]
PRKAA1|Myotis_lucifugus|XP_023610804	XP_036164931.1	99.345	951	0.0	XP_036164931.1 5'-AMP-activated protein kinase catalytic subunit alpha-1 isoform X1 [Myotis myotis]
PRKAA1|Myotis_lucifugus|XP_023610804	XP_036164935.1	99.345	950	0.0	XP_036164935.1 5'-AMP-activated protein kinase catalytic subunit alpha-1 isoform X5 [Myotis myotis]
PRKAA1|Myotis_lucifugus|XP_023610804	XP_036164934.1	99.345	949	0.0	XP_036164934.1 5'-AMP-activated protein kinase catalytic subunit alpha-1 isoform X4 [Myotis myotis]
PRKAA1|Myotis_lucifugus|XP_023610804	XP_036164933.1	99.315	908	0.0	XP_036164933.1 5'-AMP-activated protein kinase catalytic subunit alpha-1 isoform X3 [Myotis myotis]
PRKAA1|Myotis_myotis|XP_036164932	XP_036164932.1	100.000	1167	0.0	XP_036164932.1 5'-AMP-activated protein kinase catalytic subunit alpha-1 isoform X2 [Myotis myotis]
PRKAA1|Myotis_myotis|XP_036164932	XP_036164931.1	93.426	1105	0.0	XP_036164931.1 5'-AMP-activated protein kinase catalytic subunit alpha-1 isoform X1 [Myotis myotis]
PRKAA1|Myotis_myotis|XP_036164932	XP_036164933.1	90.519	1032	0.0	XP_036164933.1 5'-AMP-activated protein kinase catalytic subunit alpha-1 isoform X3 [Myotis myotis]
PRKAA1|Myotis_myotis|XP_036164932	XP_036164934.1	100.000	981	0.0	XP_036164934.1 5'-AMP-activated protein kinase catalytic subunit alpha-1 isoform X4 [Myotis myotis]
PRKAA1|Myotis_myotis|XP_036164932	XP_036164935.1	100.000	960	0.0	XP_036164935.1 5'-AMP-activated protein kinase catalytic subunit alpha-1 isoform X5 [Myotis myotis]
PRKAA1|Myotis_nattereri|XP_080945717	XP_036164932.1	100.000	1167	0.0	XP_036164932.1 5'-AMP-activated protein kinase catalytic subunit alpha-1 isoform X2 [Myotis myotis]
PRKAA1|Myotis_nattereri|XP_080945717	XP_036164931.1	93.426	1105	0.0	XP_036164931.1 5'-AMP-activated protein kinase catalytic subunit alpha-1 isoform X1 [Myotis myotis]
PRKAA1|Myotis_nattereri|XP_080945717	XP_036164933.1	90.519	1032	0.0	XP_036164933.1 5'-AMP-activated protein kinase catalytic subunit alpha-1 isoform X3 [Myotis myotis]
PRKAA1|Myotis_nattereri|XP_080945717	XP_036164934.1	100.000	981	0.0	XP_036164934.1 5'-AMP-activated protein kinase catalytic subunit alpha-1 isoform X4 [Myotis myotis]
PRKAA1|Myotis_nattereri|XP_080945717	XP_036164935.1	100.000	960	0.0	XP_036164935.1 5'-AMP-activated protein kinase catalytic subunit alpha-1 isoform X5 [Myotis myotis]
PRKAA1|Myotis_yumanensis|XP_070267888	XP_036164932.1	99.642	1162	0.0	XP_036164932.1 5'-AMP-activated protein kinase catalytic subunit alpha-1 isoform X2 [Myotis myotis]
PRKAA1|Myotis_yumanensis|XP_070267888	XP_036164931.1	93.080	1100	0.0	XP_036164931.1 5'-AMP-activated protein kinase catalytic subunit alpha-1 isoform X1 [Myotis myotis]
PRKAA1|Myotis_yumanensis|XP_070267888	XP_036164933.1	90.161	1026	0.0	XP_036164933.1 5'-AMP-activated protein kinase catalytic subunit alpha-1 isoform X3 [Myotis myotis]
PRKAA1|Myotis_yumanensis|XP_070267888	XP_036164934.1	99.574	976	0.0	XP_036164934.1 5'-AMP-activated protein kinase catalytic subunit alpha-1 isoform X4 [Myotis myotis]
PRKAA1|Myotis_yumanensis|XP_070267888	XP_036164935.1	99.563	954	0.0	XP_036164935.1 5'-AMP-activated protein kinase catalytic subunit alpha-1 isoform X5 [Myotis myotis]
PRKAA1|Phyllostomus_discolor|XP_028373174	XP_036164932.1	98.211	1152	0.0	XP_036164932.1 5'-AMP-activated protein kinase catalytic subunit alpha-1 isoform X2 [Myotis myotis]
PRKAA1|Phyllostomus_discolor|XP_028373174	XP_036164931.1	91.696	1091	0.0	XP_036164931.1 5'-AMP-activated protein kinase catalytic subunit alpha-1 isoform X1 [Myotis myotis]
PRKAA1|Phyllostomus_discolor|XP_028373174	XP_036164933.1	88.730	1017	0.0	XP_036164933.1 5'-AMP-activated protein kinase catalytic subunit alpha-1 isoform X3 [Myotis myotis]
PRKAA1|Phyllostomus_discolor|XP_028373174	XP_036164934.1	97.868	967	0.0	XP_036164934.1 5'-AMP-activated protein kinase catalytic subunit alpha-1 isoform X4 [Myotis myotis]
PRKAA1|Phyllostomus_discolor|XP_028373174	XP_036164935.1	97.817	945	0.0	XP_036164935.1 5'-AMP-activated protein kinase catalytic subunit alpha-1 isoform X5 [Myotis myotis]
PRKAA1|Phyllostomus_hastatus|XP_045703790	XP_036164932.1	98.211	1152	0.0	XP_036164932.1 5'-AMP-activated protein kinase catalytic subunit alpha-1 isoform X2 [Myotis myotis]
PRKAA1|Phyllostomus_hastatus|XP_045703790	XP_036164931.1	91.696	1091	0.0	XP_036164931.1 5'-AMP-activated protein kinase catalytic subunit alpha-1 isoform X1 [Myotis myotis]
PRKAA1|Phyllostomus_hastatus|XP_045703790	XP_036164933.1	88.730	1017	0.0	XP_036164933.1 5'-AMP-activated protein kinase catalytic subunit alpha-1 isoform X3 [Myotis myotis]
PRKAA1|Phyllostomus_hastatus|XP_045703790	XP_036164934.1	97.868	967	0.0	XP_036164934.1 5'-AMP-activated protein kinase catalytic subunit alpha-1 isoform X4 [Myotis myotis]
PRKAA1|Phyllostomus_hastatus|XP_045703790	XP_036164935.1	97.817	945	0.0	XP_036164935.1 5'-AMP-activated protein kinase catalytic subunit alpha-1 isoform X5 [Myotis myotis]
PRKAA1|Pipistrellus_kuhlii|XP_036267059	XP_036164932.1	99.463	1161	0.0	XP_036164932.1 5'-AMP-activated protein kinase catalytic subunit alpha-1 isoform X2 [Myotis myotis]
PRKAA1|Pipistrellus_kuhlii|XP_036267059	XP_036164931.1	92.907	1100	0.0	XP_036164931.1 5'-AMP-activated protein kinase catalytic subunit alpha-1 isoform X1 [Myotis myotis]
PRKAA1|Pipistrellus_kuhlii|XP_036267059	XP_036164933.1	89.982	1026	0.0	XP_036164933.1 5'-AMP-activated protein kinase catalytic subunit alpha-1 isoform X3 [Myotis myotis]
PRKAA1|Pipistrellus_kuhlii|XP_036267059	XP_036164934.1	99.360	977	0.0	XP_036164934.1 5'-AMP-activated protein kinase catalytic subunit alpha-1 isoform X4 [Myotis myotis]
PRKAA1|Pipistrellus_kuhlii|XP_036267059	XP_036164935.1	99.345	955	0.0	XP_036164935.1 5'-AMP-activated protein kinase catalytic subunit alpha-1 isoform X5 [Myotis myotis]
PRKAA1|Plecotus_auritus|XP_080536131	XP_036164932.1	99.463	1162	0.0	XP_036164932.1 5'-AMP-activated protein kinase catalytic subunit alpha-1 isoform X2 [Myotis myotis]
PRKAA1|Plecotus_auritus|XP_080536131	XP_036164931.1	92.907	1100	0.0	XP_036164931.1 5'-AMP-activated protein kinase catalytic subunit alpha-1 isoform X1 [Myotis myotis]
PRKAA1|Plecotus_auritus|XP_080536131	XP_036164933.1	89.982	1027	0.0	XP_036164933.1 5'-AMP-activated protein kinase catalytic subunit alpha-1 isoform X3 [Myotis myotis]
PRKAA1|Plecotus_auritus|XP_080536131	XP_036164934.1	99.360	977	0.0	XP_036164934.1 5'-AMP-activated protein kinase catalytic subunit alpha-1 isoform X4 [Myotis myotis]
PRKAA1|Plecotus_auritus|XP_080536131	XP_036164935.1	99.345	955	0.0	XP_036164935.1 5'-AMP-activated protein kinase catalytic subunit alpha-1 isoform X5 [Myotis myotis]
PRKAA1|Pteronotus_mesoamericanus|XP_054439945	XP_036164932.1	98.748	1156	0.0	XP_036164932.1 5'-AMP-activated protein kinase catalytic subunit alpha-1 isoform X2 [Myotis myotis]
PRKAA1|Pteronotus_mesoamericanus|XP_054439945	XP_036164931.1	92.215	1095	0.0	XP_036164931.1 5'-AMP-activated protein kinase catalytic subunit alpha-1 isoform X1 [Myotis myotis]
PRKAA1|Pteronotus_mesoamericanus|XP_054439945	XP_036164933.1	89.267	1021	0.0	XP_036164933.1 5'-AMP-activated protein kinase catalytic subunit alpha-1 isoform X3 [Myotis myotis]
PRKAA1|Pteronotus_mesoamericanus|XP_054439945	XP_036164934.1	98.507	971	0.0	XP_036164934.1 5'-AMP-activated protein kinase catalytic subunit alpha-1 isoform X4 [Myotis myotis]
PRKAA1|Pteronotus_mesoamericanus|XP_054439945	XP_036164935.1	98.472	949	0.0	XP_036164935.1 5'-AMP-activated protein kinase catalytic subunit alpha-1 isoform X5 [Myotis myotis]
PRKAA1|Pteropus_alecto|XP_006919570	XP_036164932.1	98.569	1155	0.0	XP_036164932.1 5'-AMP-activated protein kinase catalytic subunit alpha-1 isoform X2 [Myotis myotis]
PRKAA1|Pteropus_alecto|XP_006919570	XP_036164931.1	92.042	1092	0.0	XP_036164931.1 5'-AMP-activated protein kinase catalytic subunit alpha-1 isoform X1 [Myotis myotis]
PRKAA1|Pteropus_alecto|XP_006919570	XP_036164933.1	89.088	1019	0.0	XP_036164933.1 5'-AMP-activated protein kinase catalytic subunit alpha-1 isoform X3 [Myotis myotis]
PRKAA1|Pteropus_alecto|XP_006919570	XP_036164934.1	98.294	969	0.0	XP_036164934.1 5'-AMP-activated protein kinase catalytic subunit alpha-1 isoform X4 [Myotis myotis]
PRKAA1|Pteropus_alecto|XP_006919570	XP_036164935.1	98.253	947	0.0	XP_036164935.1 5'-AMP-activated protein kinase catalytic subunit alpha-1 isoform X5 [Myotis myotis]
PRKAA1|Pteropus_medius|XP_039698531	XP_036164932.1	98.569	1155	0.0	XP_036164932.1 5'-AMP-activated protein kinase catalytic subunit alpha-1 isoform X2 [Myotis myotis]
PRKAA1|Pteropus_medius|XP_039698531	XP_036164931.1	92.042	1092	0.0	XP_036164931.1 5'-AMP-activated protein kinase catalytic subunit alpha-1 isoform X1 [Myotis myotis]
PRKAA1|Pteropus_medius|XP_039698531	XP_036164933.1	89.088	1019	0.0	XP_036164933.1 5'-AMP-activated protein kinase catalytic subunit alpha-1 isoform X3 [Myotis myotis]
PRKAA1|Pteropus_medius|XP_039698531	XP_036164934.1	98.294	969	0.0	XP_036164934.1 5'-AMP-activated protein kinase catalytic subunit alpha-1 isoform X4 [Myotis myotis]
PRKAA1|Pteropus_medius|XP_039698531	XP_036164935.1	98.253	947	0.0	XP_036164935.1 5'-AMP-activated protein kinase catalytic subunit alpha-1 isoform X5 [Myotis myotis]
PRKAA1|Pteropus_vampyrus|XP_011368987	XP_036164932.1	98.253	947	0.0	XP_036164932.1 5'-AMP-activated protein kinase catalytic subunit alpha-1 isoform X2 [Myotis myotis]
PRKAA1|Pteropus_vampyrus|XP_011368987	XP_036164931.1	98.253	946	0.0	XP_036164931.1 5'-AMP-activated protein kinase catalytic subunit alpha-1 isoform X1 [Myotis myotis]
PRKAA1|Pteropus_vampyrus|XP_011368987	XP_036164935.1	98.253	944	0.0	XP_036164935.1 5'-AMP-activated protein kinase catalytic subunit alpha-1 isoform X5 [Myotis myotis]
PRKAA1|Pteropus_vampyrus|XP_011368987	XP_036164934.1	98.253	944	0.0	XP_036164934.1 5'-AMP-activated protein kinase catalytic subunit alpha-1 isoform X4 [Myotis myotis]
PRKAA1|Pteropus_vampyrus|XP_011368987	XP_036164933.1	98.174	903	0.0	XP_036164933.1 5'-AMP-activated protein kinase catalytic subunit alpha-1 isoform X3 [Myotis myotis]
PRKAA1|Rhinolophus_ferrumequinum|XP_032965703	XP_036164932.1	98.569	1154	0.0	XP_036164932.1 5'-AMP-activated protein kinase catalytic subunit alpha-1 isoform X2 [Myotis myotis]
PRKAA1|Rhinolophus_ferrumequinum|XP_032965703	XP_036164931.1	92.042	1092	0.0	XP_036164931.1 5'-AMP-activated protein kinase catalytic subunit alpha-1 isoform X1 [Myotis myotis]
PRKAA1|Rhinolophus_ferrumequinum|XP_032965703	XP_036164933.1	89.088	1018	0.0	XP_036164933.1 5'-AMP-activated protein kinase catalytic subunit alpha-1 isoform X3 [Myotis myotis]
PRKAA1|Rhinolophus_ferrumequinum|XP_032965703	XP_036164934.1	98.507	970	0.0	XP_036164934.1 5'-AMP-activated protein kinase catalytic subunit alpha-1 isoform X4 [Myotis myotis]
PRKAA1|Rhinolophus_ferrumequinum|XP_032965703	XP_036164935.1	98.472	948	0.0	XP_036164935.1 5'-AMP-activated protein kinase catalytic subunit alpha-1 isoform X5 [Myotis myotis]
PRKAA1|Rhinolophus_hipposideros|XP_080909364	XP_036164932.1	98.748	1155	0.0	XP_036164932.1 5'-AMP-activated protein kinase catalytic subunit alpha-1 isoform X2 [Myotis myotis]
PRKAA1|Rhinolophus_hipposideros|XP_080909364	XP_036164931.1	92.215	1093	0.0	XP_036164931.1 5'-AMP-activated protein kinase catalytic subunit alpha-1 isoform X1 [Myotis myotis]
PRKAA1|Rhinolophus_hipposideros|XP_080909364	XP_036164933.1	89.267	1020	0.0	XP_036164933.1 5'-AMP-activated protein kinase catalytic subunit alpha-1 isoform X3 [Myotis myotis]
PRKAA1|Rhinolophus_hipposideros|XP_080909364	XP_036164934.1	98.507	970	0.0	XP_036164934.1 5'-AMP-activated protein kinase catalytic subunit alpha-1 isoform X4 [Myotis myotis]
PRKAA1|Rhinolophus_hipposideros|XP_080909364	XP_036164935.1	98.472	948	0.0	XP_036164935.1 5'-AMP-activated protein kinase catalytic subunit alpha-1 isoform X5 [Myotis myotis]
PRKAA1|Rhinolophus_sinicus|XP_019592772	XP_036164932.1	98.748	1155	0.0	XP_036164932.1 5'-AMP-activated protein kinase catalytic subunit alpha-1 isoform X2 [Myotis myotis]
PRKAA1|Rhinolophus_sinicus|XP_019592772	XP_036164931.1	92.215	1093	0.0	XP_036164931.1 5'-AMP-activated protein kinase catalytic subunit alpha-1 isoform X1 [Myotis myotis]
PRKAA1|Rhinolophus_sinicus|XP_019592772	XP_036164933.1	89.267	1020	0.0	XP_036164933.1 5'-AMP-activated protein kinase catalytic subunit alpha-1 isoform X3 [Myotis myotis]
PRKAA1|Rhinolophus_sinicus|XP_019592772	XP_036164934.1	98.507	970	0.0	XP_036164934.1 5'-AMP-activated protein kinase catalytic subunit alpha-1 isoform X4 [Myotis myotis]
PRKAA1|Rhinolophus_sinicus|XP_019592772	XP_036164935.1	98.472	948	0.0	XP_036164935.1 5'-AMP-activated protein kinase catalytic subunit alpha-1 isoform X5 [Myotis myotis]
PRKAA1|Rousettus_aegyptiacus|XP_016003448	XP_036164932.1	98.927	1156	0.0	XP_036164932.1 5'-AMP-activated protein kinase catalytic subunit alpha-1 isoform X2 [Myotis myotis]
PRKAA1|Rousettus_aegyptiacus|XP_016003448	XP_036164931.1	92.388	1095	0.0	XP_036164931.1 5'-AMP-activated protein kinase catalytic subunit alpha-1 isoform X1 [Myotis myotis]
PRKAA1|Rousettus_aegyptiacus|XP_016003448	XP_036164933.1	89.445	1021	0.0	XP_036164933.1 5'-AMP-activated protein kinase catalytic subunit alpha-1 isoform X3 [Myotis myotis]
PRKAA1|Rousettus_aegyptiacus|XP_016003448	XP_036164934.1	98.721	971	0.0	XP_036164934.1 5'-AMP-activated protein kinase catalytic subunit alpha-1 isoform X4 [Myotis myotis]
PRKAA1|Rousettus_aegyptiacus|XP_016003448	XP_036164935.1	98.690	949	0.0	XP_036164935.1 5'-AMP-activated protein kinase catalytic subunit alpha-1 isoform X5 [Myotis myotis]
PRKAA1|Saccopteryx_bilineata|XP_066096378	XP_036164932.1	98.569	1152	0.0	XP_036164932.1 5'-AMP-activated protein kinase catalytic subunit alpha-1 isoform X2 [Myotis myotis]
PRKAA1|Saccopteryx_bilineata|XP_066096378	XP_036164931.1	92.042	1090	0.0	XP_036164931.1 5'-AMP-activated protein kinase catalytic subunit alpha-1 isoform X1 [Myotis myotis]
PRKAA1|Saccopteryx_bilineata|XP_066096378	XP_036164933.1	89.088	1016	0.0	XP_036164933.1 5'-AMP-activated protein kinase catalytic subunit alpha-1 isoform X3 [Myotis myotis]
PRKAA1|Saccopteryx_bilineata|XP_066096378	XP_036164934.1	98.294	968	0.0	XP_036164934.1 5'-AMP-activated protein kinase catalytic subunit alpha-1 isoform X4 [Myotis myotis]
PRKAA1|Saccopteryx_bilineata|XP_066096378	XP_036164935.1	98.253	945	0.0	XP_036164935.1 5'-AMP-activated protein kinase catalytic subunit alpha-1 isoform X5 [Myotis myotis]
PRKAA1|Saccopteryx_leptura|XP_066234578	XP_036164932.1	98.569	1152	0.0	XP_036164932.1 5'-AMP-activated protein kinase catalytic subunit alpha-1 isoform X2 [Myotis myotis]
PRKAA1|Saccopteryx_leptura|XP_066234578	XP_036164931.1	92.042	1090	0.0	XP_036164931.1 5'-AMP-activated protein kinase catalytic subunit alpha-1 isoform X1 [Myotis myotis]
PRKAA1|Saccopteryx_leptura|XP_066234578	XP_036164933.1	89.088	1016	0.0	XP_036164933.1 5'-AMP-activated protein kinase catalytic subunit alpha-1 isoform X3 [Myotis myotis]
PRKAA1|Saccopteryx_leptura|XP_066234578	XP_036164934.1	98.294	968	0.0	XP_036164934.1 5'-AMP-activated protein kinase catalytic subunit alpha-1 isoform X4 [Myotis myotis]
PRKAA1|Saccopteryx_leptura|XP_066234578	XP_036164935.1	98.253	945	0.0	XP_036164935.1 5'-AMP-activated protein kinase catalytic subunit alpha-1 isoform X5 [Myotis myotis]
PRKAA1|Sturnira_hondurensis|XP_036919120	XP_036164932.1	98.748	1154	0.0	XP_036164932.1 5'-AMP-activated protein kinase catalytic subunit alpha-1 isoform X2 [Myotis myotis]
PRKAA1|Sturnira_hondurensis|XP_036919120	XP_036164931.1	92.215	1093	0.0	XP_036164931.1 5'-AMP-activated protein kinase catalytic subunit alpha-1 isoform X1 [Myotis myotis]
PRKAA1|Sturnira_hondurensis|XP_036919120	XP_036164933.1	89.267	1019	0.0	XP_036164933.1 5'-AMP-activated protein kinase catalytic subunit alpha-1 isoform X3 [Myotis myotis]
PRKAA1|Sturnira_hondurensis|XP_036919120	XP_036164934.1	98.507	969	0.0	XP_036164934.1 5'-AMP-activated protein kinase catalytic subunit alpha-1 isoform X4 [Myotis myotis]
PRKAA1|Sturnira_hondurensis|XP_036919120	XP_036164935.1	98.472	947	0.0	XP_036164935.1 5'-AMP-activated protein kinase catalytic subunit alpha-1 isoform X5 [Myotis myotis]
SDHA1|Artibeus_jamaicensis|XP_036993213	XP_036164388.1	94.419	1259	0.0	XP_036164388.1 succinate dehydrogenase [ubiquinone] flavoprotein subunit, mitochondrial [Myotis myotis]
SDHA1|Cnephaeus_nilssonii|XP_079637219	XP_036164388.1	99.245	1373	0.0	XP_036164388.1 succinate dehydrogenase [ubiquinone] flavoprotein subunit, mitochondrial [Myotis myotis]
SDHA1|Desmodus_rotundus|XP_024434208	XP_036164388.1	95.331	1329	0.0	XP_036164388.1 succinate dehydrogenase [ubiquinone] flavoprotein subunit, mitochondrial [Myotis myotis]
SDHA1|Eptesicus_fuscus|XP_008160056	XP_036164388.1	99.094	1370	0.0	XP_036164388.1 succinate dehydrogenase [ubiquinone] flavoprotein subunit, mitochondrial [Myotis myotis]
SDHA1|Hipposideros_armiger|XP_019479916	XP_036164388.1	95.447	1252	0.0	XP_036164388.1 succinate dehydrogenase [ubiquinone] flavoprotein subunit, mitochondrial [Myotis myotis]
SDHA1|Miniopterus_natalensis|XP_016067811	XP_036164388.1	98.004	1141	0.0	XP_036164388.1 succinate dehydrogenase [ubiquinone] flavoprotein subunit, mitochondrial [Myotis myotis]
SDHA1|Miniopterus_schreibersii|XP_080989322	XP_036164388.1	96.386	1337	0.0	XP_036164388.1 succinate dehydrogenase [ubiquinone] flavoprotein subunit, mitochondrial [Myotis myotis]
SDHA1|Molossus_molossus|XP_036135197	XP_036164388.1	95.482	1326	0.0	XP_036164388.1 succinate dehydrogenase [ubiquinone] flavoprotein subunit, mitochondrial [Myotis myotis]
SDHA1|Myotis_brandtii|XP_014404189	XP_036164388.1	100.000	1333	0.0	XP_036164388.1 succinate dehydrogenase [ubiquinone] flavoprotein subunit, mitochondrial [Myotis myotis]
SDHA1|Myotis_daubentonii|XP_059550580	XP_036164388.1	99.849	1378	0.0	XP_036164388.1 succinate dehydrogenase [ubiquinone] flavoprotein subunit, mitochondrial [Myotis myotis]
SDHA1|Myotis_davidii|XP_006762508	XP_036164388.1	100.000	1379	0.0	XP_036164388.1 succinate dehydrogenase [ubiquinone] flavoprotein subunit, mitochondrial [Myotis myotis]
SDHA1|Myotis_lucifugus|XP_006081495	XP_036164388.1	99.547	1373	0.0	XP_036164388.1 succinate dehydrogenase [ubiquinone] flavoprotein subunit, mitochondrial [Myotis myotis]
SDHA1|Myotis_myotis|XP_036164388	XP_036164388.1	100.000	1379	0.0	XP_036164388.1 succinate dehydrogenase [ubiquinone] flavoprotein subunit, mitochondrial [Myotis myotis]
SDHA1|Myotis_nattereri|XP_080946280	XP_036164388.1	100.000	1379	0.0	XP_036164388.1 succinate dehydrogenase [ubiquinone] flavoprotein subunit, mitochondrial [Myotis myotis]
SDHA1|Myotis_yumanensis|XP_070268104	XP_036164388.1	99.547	1373	0.0	XP_036164388.1 succinate dehydrogenase [ubiquinone] flavoprotein subunit, mitochondrial [Myotis myotis]
SDHA1|Phyllostomus_discolor|XP_028366975	XP_036164388.1	95.331	1325	0.0	XP_036164388.1 succinate dehydrogenase [ubiquinone] flavoprotein subunit, mitochondrial [Myotis myotis]
SDHA1|Phyllostomus_hastatus|XP_045703819	XP_036164388.1	95.331	1325	0.0	XP_036164388.1 succinate dehydrogenase [ubiquinone] flavoprotein subunit, mitochondrial [Myotis myotis]
SDHA1|Pipistrellus_kuhlii|XP_036265508	XP_036164388.1	98.036	1357	0.0	XP_036164388.1 succinate dehydrogenase [ubiquinone] flavoprotein subunit, mitochondrial [Myotis myotis]
SDHA1|Plecotus_auritus|XP_080533721	XP_036164388.1	99.547	1373	0.0	XP_036164388.1 succinate dehydrogenase [ubiquinone] flavoprotein subunit, mitochondrial [Myotis myotis]
SDHA1|Pteronotus_mesoamericanus|XP_054434347	XP_036164388.1	95.331	1329	0.0	XP_036164388.1 succinate dehydrogenase [ubiquinone] flavoprotein subunit, mitochondrial [Myotis myotis]
SDHA1|Pteropus_alecto|XP_024906279	XP_036164388.1	95.023	1247	0.0	XP_036164388.1 succinate dehydrogenase [ubiquinone] flavoprotein subunit, mitochondrial [Myotis myotis]
SDHA1|Pteropus_medius|XP_039698811	XP_036164388.1	94.277	1257	0.0	XP_036164388.1 succinate dehydrogenase [ubiquinone] flavoprotein subunit, mitochondrial [Myotis myotis]
SDHA1|Pteropus_vampyrus|XP_023375518	XP_036164388.1	79.630	1088	0.0	XP_036164388.1 succinate dehydrogenase [ubiquinone] flavoprotein subunit, mitochondrial [Myotis myotis]
SDHA1|Rhinolophus_ferrumequinum|XP_032966375	XP_036164388.1	93.825	1253	0.0	XP_036164388.1 succinate dehydrogenase [ubiquinone] flavoprotein subunit, mitochondrial [Myotis myotis]
SDHA1|Rhinolophus_hipposideros|XP_080910354	XP_036164388.1	94.428	1259	0.0	XP_036164388.1 succinate dehydrogenase [ubiquinone] flavoprotein subunit, mitochondrial [Myotis myotis]
SDHA1|Rhinolophus_sinicus|XP_019600148	XP_036164388.1	94.127	1257	0.0	XP_036164388.1 succinate dehydrogenase [ubiquinone] flavoprotein subunit, mitochondrial [Myotis myotis]
SDHA1|Rousettus_aegyptiacus|XP_015980152	XP_036164388.1	93.675	1253	0.0	XP_036164388.1 succinate dehydrogenase [ubiquinone] flavoprotein subunit, mitochondrial [Myotis myotis]
SDHA1|Saccopteryx_bilineata|XP_066099133	XP_036164388.1	95.482	1270	0.0	XP_036164388.1 succinate dehydrogenase [ubiquinone] flavoprotein subunit, mitochondrial [Myotis myotis]
SDHA1|Saccopteryx_leptura|XP_066231366	XP_036164388.1	95.633	1326	0.0	XP_036164388.1 succinate dehydrogenase [ubiquinone] flavoprotein subunit, mitochondrial [Myotis myotis]
SDHA1|Sturnira_hondurensis|XP_036918814	XP_036164388.1	94.872	1263	0.0	XP_036164388.1 succinate dehydrogenase [ubiquinone] flavoprotein subunit, mitochondrial [Myotis myotis]
SDHB|Artibeus_jamaicensis|XP_037001962	XP_036205876.1	96.786	566	0.0	XP_036205876.1 succinate dehydrogenase [ubiquinone] iron-sulfur subunit, mitochondrial isoform X1 [Myotis myotis]
SDHB|Artibeus_jamaicensis|XP_037001962	XP_036193481.1	93.525	548	0.0	XP_036193481.1 succinate dehydrogenase [ubiquinone] iron-sulfur subunit, mitochondrial-like [Myotis myotis]
SDHB|Artibeus_jamaicensis|XP_037001962	XP_036205877.1	84.643	474	1.54e-171	XP_036205877.1 succinate dehydrogenase [ubiquinone] iron-sulfur subunit, mitochondrial isoform X2 [Myotis myotis]
SDHB|Cnephaeus_nilssonii|XP_079633417	XP_036205876.1	100.000	583	0.0	XP_036205876.1 succinate dehydrogenase [ubiquinone] iron-sulfur subunit, mitochondrial isoform X1 [Myotis myotis]
SDHB|Cnephaeus_nilssonii|XP_079633417	XP_036193481.1	96.403	564	0.0	XP_036193481.1 succinate dehydrogenase [ubiquinone] iron-sulfur subunit, mitochondrial-like [Myotis myotis]
SDHB|Cnephaeus_nilssonii|XP_079633417	XP_036205877.1	87.857	493	1.41e-178	XP_036205877.1 succinate dehydrogenase [ubiquinone] iron-sulfur subunit, mitochondrial isoform X2 [Myotis myotis]
SDHB|Desmodus_rotundus|XP_024410043	XP_036205876.1	97.500	572	0.0	XP_036205876.1 succinate dehydrogenase [ubiquinone] iron-sulfur subunit, mitochondrial isoform X1 [Myotis myotis]
SDHB|Desmodus_rotundus|XP_024410043	XP_036193481.1	93.885	553	0.0	XP_036193481.1 succinate dehydrogenase [ubiquinone] iron-sulfur subunit, mitochondrial-like [Myotis myotis]
SDHB|Desmodus_rotundus|XP_024410043	XP_036205877.1	85.357	481	3.07e-174	XP_036205877.1 succinate dehydrogenase [ubiquinone] iron-sulfur subunit, mitochondrial isoform X2 [Myotis myotis]
SDHB|Eptesicus_fuscus|XP_008146388	XP_036205876.1	100.000	583	0.0	XP_036205876.1 succinate dehydrogenase [ubiquinone] iron-sulfur subunit, mitochondrial isoform X1 [Myotis myotis]
SDHB|Eptesicus_fuscus|XP_008146388	XP_036193481.1	96.403	564	0.0	XP_036193481.1 succinate dehydrogenase [ubiquinone] iron-sulfur subunit, mitochondrial-like [Myotis myotis]
SDHB|Eptesicus_fuscus|XP_008146388	XP_036205877.1	87.857	493	1.41e-178	XP_036205877.1 succinate dehydrogenase [ubiquinone] iron-sulfur subunit, mitochondrial isoform X2 [Myotis myotis]
SDHB|Hipposideros_armiger|XP_019510454	XP_036205876.1	95.714	563	0.0	XP_036205876.1 succinate dehydrogenase [ubiquinone] iron-sulfur subunit, mitochondrial isoform X1 [Myotis myotis]
SDHB|Hipposideros_armiger|XP_019510454	XP_036193481.1	92.446	545	0.0	XP_036193481.1 succinate dehydrogenase [ubiquinone] iron-sulfur subunit, mitochondrial-like [Myotis myotis]
SDHB|Hipposideros_armiger|XP_019510454	XP_036205877.1	83.571	472	2.17e-170	XP_036205877.1 succinate dehydrogenase [ubiquinone] iron-sulfur subunit, mitochondrial isoform X2 [Myotis myotis]
SDHB|Miniopterus_natalensis|XP_016071594	XP_036205876.1	97.143	573	0.0	XP_036205876.1 succinate dehydrogenase [ubiquinone] iron-sulfur subunit, mitochondrial isoform X1 [Myotis myotis]
SDHB|Miniopterus_natalensis|XP_016071594	XP_036193481.1	93.885	555	0.0	XP_036193481.1 succinate dehydrogenase [ubiquinone] iron-sulfur subunit, mitochondrial-like [Myotis myotis]
SDHB|Miniopterus_natalensis|XP_016071594	XP_036205877.1	85.000	483	1.30e-174	XP_036205877.1 succinate dehydrogenase [ubiquinone] iron-sulfur subunit, mitochondrial isoform X2 [Myotis myotis]
SDHB|Miniopterus_schreibersii|XP_081002056	XP_036205876.1	97.500	574	0.0	XP_036205876.1 succinate dehydrogenase [ubiquinone] iron-sulfur subunit, mitochondrial isoform X1 [Myotis myotis]
SDHB|Miniopterus_schreibersii|XP_081002056	XP_036193481.1	93.885	555	0.0	XP_036193481.1 succinate dehydrogenase [ubiquinone] iron-sulfur subunit, mitochondrial-like [Myotis myotis]
SDHB|Miniopterus_schreibersii|XP_081002056	XP_036205877.1	85.357	483	5.38e-175	XP_036205877.1 succinate dehydrogenase [ubiquinone] iron-sulfur subunit, mitochondrial isoform X2 [Myotis myotis]
SDHB|Molossus_molossus|XP_036112794	XP_036205876.1	96.786	567	0.0	XP_036205876.1 succinate dehydrogenase [ubiquinone] iron-sulfur subunit, mitochondrial isoform X1 [Myotis myotis]
SDHB|Molossus_molossus|XP_036112794	XP_036193481.1	93.165	547	0.0	XP_036193481.1 succinate dehydrogenase [ubiquinone] iron-sulfur subunit, mitochondrial-like [Myotis myotis]
SDHB|Molossus_molossus|XP_036112794	XP_036205877.1	84.643	476	6.41e-172	XP_036205877.1 succinate dehydrogenase [ubiquinone] iron-sulfur subunit, mitochondrial isoform X2 [Myotis myotis]
SDHB|Myotis_brandtii|XP_005857511	XP_036205876.1	97.500	571	0.0	XP_036205876.1 succinate dehydrogenase [ubiquinone] iron-sulfur subunit, mitochondrial isoform X1 [Myotis myotis]
SDHB|Myotis_brandtii|XP_005857511	XP_036193481.1	96.403	563	0.0	XP_036193481.1 succinate dehydrogenase [ubiquinone] iron-sulfur subunit, mitochondrial-like [Myotis myotis]
SDHB|Myotis_brandtii|XP_005857511	XP_036205877.1	85.714	481	5.62e-174	XP_036205877.1 succinate dehydrogenase [ubiquinone] iron-sulfur subunit, mitochondrial isoform X2 [Myotis myotis]
SDHB|Myotis_daubentonii|XP_059547076	XP_036205876.1	100.000	583	0.0	XP_036205876.1 succinate dehydrogenase [ubiquinone] iron-sulfur subunit, mitochondrial isoform X1 [Myotis myotis]
SDHB|Myotis_daubentonii|XP_059547076	XP_036193481.1	96.403	564	0.0	XP_036193481.1 succinate dehydrogenase [ubiquinone] iron-sulfur subunit, mitochondrial-like [Myotis myotis]
SDHB|Myotis_daubentonii|XP_059547076	XP_036205877.1	87.857	493	1.41e-178	XP_036205877.1 succinate dehydrogenase [ubiquinone] iron-sulfur subunit, mitochondrial isoform X2 [Myotis myotis]
SDHB|Myotis_davidii|XP_015413151	XP_036205876.1	97.500	572	0.0	XP_036205876.1 succinate dehydrogenase [ubiquinone] iron-sulfur subunit, mitochondrial isoform X1 [Myotis myotis]
SDHB|Myotis_davidii|XP_015413151	XP_036193481.1	96.763	565	0.0	XP_036193481.1 succinate dehydrogenase [ubiquinone] iron-sulfur subunit, mitochondrial-like [Myotis myotis]
SDHB|Myotis_davidii|XP_015413151	XP_036205877.1	85.357	480	1.37e-173	XP_036205877.1 succinate dehydrogenase [ubiquinone] iron-sulfur subunit, mitochondrial isoform X2 [Myotis myotis]
SDHB|Myotis_myotis|XP_036205876	XP_036205876.1	100.000	583	0.0	XP_036205876.1 succinate dehydrogenase [ubiquinone] iron-sulfur subunit, mitochondrial isoform X1 [Myotis myotis]
SDHB|Myotis_myotis|XP_036205876	XP_036193481.1	96.403	564	0.0	XP_036193481.1 succinate dehydrogenase [ubiquinone] iron-sulfur subunit, mitochondrial-like [Myotis myotis]
SDHB|Myotis_myotis|XP_036205876	XP_036205877.1	87.857	493	1.41e-178	XP_036205877.1 succinate dehydrogenase [ubiquinone] iron-sulfur subunit, mitochondrial isoform X2 [Myotis myotis]
SDHB|Myotis_nattereri|XP_080942599	XP_036205876.1	100.000	583	0.0	XP_036205876.1 succinate dehydrogenase [ubiquinone] iron-sulfur subunit, mitochondrial isoform X1 [Myotis myotis]
SDHB|Myotis_nattereri|XP_080942599	XP_036193481.1	96.403	564	0.0	XP_036193481.1 succinate dehydrogenase [ubiquinone] iron-sulfur subunit, mitochondrial-like [Myotis myotis]
SDHB|Myotis_nattereri|XP_080942599	XP_036205877.1	87.857	493	1.41e-178	XP_036205877.1 succinate dehydrogenase [ubiquinone] iron-sulfur subunit, mitochondrial isoform X2 [Myotis myotis]
SDHB|Myotis_yumanensis|XP_070260295	XP_036205876.1	99.643	583	0.0	XP_036205876.1 succinate dehydrogenase [ubiquinone] iron-sulfur subunit, mitochondrial isoform X1 [Myotis myotis]
SDHB|Myotis_yumanensis|XP_070260295	XP_036193481.1	96.043	563	0.0	XP_036193481.1 succinate dehydrogenase [ubiquinone] iron-sulfur subunit, mitochondrial-like [Myotis myotis]
SDHB|Myotis_yumanensis|XP_070260295	XP_036205877.1	87.500	492	2.23e-178	XP_036205877.1 succinate dehydrogenase [ubiquinone] iron-sulfur subunit, mitochondrial isoform X2 [Myotis myotis]
SDHB|Phyllostomus_discolor|XP_028367875	XP_036205876.1	96.786	564	0.0	XP_036205876.1 succinate dehydrogenase [ubiquinone] iron-sulfur subunit, mitochondrial isoform X1 [Myotis myotis]
SDHB|Phyllostomus_discolor|XP_028367875	XP_036193481.1	93.525	547	0.0	XP_036193481.1 succinate dehydrogenase [ubiquinone] iron-sulfur subunit, mitochondrial-like [Myotis myotis]
SDHB|Phyllostomus_discolor|XP_028367875	XP_036205877.1	85.000	476	7.00e-172	XP_036205877.1 succinate dehydrogenase [ubiquinone] iron-sulfur subunit, mitochondrial isoform X2 [Myotis myotis]
SDHB|Phyllostomus_hastatus|XP_045715500	XP_036205876.1	96.786	565	0.0	XP_036205876.1 succinate dehydrogenase [ubiquinone] iron-sulfur subunit, mitochondrial isoform X1 [Myotis myotis]
SDHB|Phyllostomus_hastatus|XP_045715500	XP_036193481.1	93.525	547	0.0	XP_036193481.1 succinate dehydrogenase [ubiquinone] iron-sulfur subunit, mitochondrial-like [Myotis myotis]
SDHB|Phyllostomus_hastatus|XP_045715500	XP_036205877.1	85.000	476	4.18e-172	XP_036205877.1 succinate dehydrogenase [ubiquinone] iron-sulfur subunit, mitochondrial isoform X2 [Myotis myotis]
SDHB|Pipistrellus_kuhlii|XP_036301172	XP_036205876.1	98.929	580	0.0	XP_036205876.1 succinate dehydrogenase [ubiquinone] iron-sulfur subunit, mitochondrial isoform X1 [Myotis myotis]
SDHB|Pipistrellus_kuhlii|XP_036301172	XP_036193481.1	95.324	560	0.0	XP_036193481.1 succinate dehydrogenase [ubiquinone] iron-sulfur subunit, mitochondrial-like [Myotis myotis]
SDHB|Pipistrellus_kuhlii|XP_036301172	XP_036205877.1	86.786	489	2.39e-177	XP_036205877.1 succinate dehydrogenase [ubiquinone] iron-sulfur subunit, mitochondrial isoform X2 [Myotis myotis]
SDHB|Plecotus_auritus|XP_080512980	XP_036205876.1	99.643	582	0.0	XP_036205876.1 succinate dehydrogenase [ubiquinone] iron-sulfur subunit, mitochondrial isoform X1 [Myotis myotis]
SDHB|Plecotus_auritus|XP_080512980	XP_036193481.1	96.043	562	0.0	XP_036193481.1 succinate dehydrogenase [ubiquinone] iron-sulfur subunit, mitochondrial-like [Myotis myotis]
SDHB|Plecotus_auritus|XP_080512980	XP_036205877.1	87.500	491	6.91e-178	XP_036205877.1 succinate dehydrogenase [ubiquinone] iron-sulfur subunit, mitochondrial isoform X2 [Myotis myotis]
SDHB|Pteronotus_mesoamericanus|XP_054435649	XP_036205876.1	97.143	568	0.0	XP_036205876.1 succinate dehydrogenase [ubiquinone] iron-sulfur subunit, mitochondrial isoform X1 [Myotis myotis]
SDHB|Pteronotus_mesoamericanus|XP_054435649	XP_036193481.1	94.245	554	0.0	XP_036193481.1 succinate dehydrogenase [ubiquinone] iron-sulfur subunit, mitochondrial-like [Myotis myotis]
SDHB|Pteronotus_mesoamericanus|XP_054435649	XP_036205877.1	85.000	477	1.37e-172	XP_036205877.1 succinate dehydrogenase [ubiquinone] iron-sulfur subunit, mitochondrial isoform X2 [Myotis myotis]
SDHB|Pteropus_alecto|XP_006914375	XP_036205876.1	95.714	565	0.0	XP_036205876.1 succinate dehydrogenase [ubiquinone] iron-sulfur subunit, mitochondrial isoform X1 [Myotis myotis]
SDHB|Pteropus_alecto|XP_006914375	XP_036193481.1	92.806	548	0.0	XP_036193481.1 succinate dehydrogenase [ubiquinone] iron-sulfur subunit, mitochondrial-like [Myotis myotis]
SDHB|Pteropus_alecto|XP_006914375	XP_036205877.1	83.571	474	4.05e-171	XP_036205877.1 succinate dehydrogenase [ubiquinone] iron-sulfur subunit, mitochondrial isoform X2 [Myotis myotis]
SDHB|Pteropus_medius|XP_039698027	XP_036205876.1	95.714	565	0.0	XP_036205876.1 succinate dehydrogenase [ubiquinone] iron-sulfur subunit, mitochondrial isoform X1 [Myotis myotis]
SDHB|Pteropus_medius|XP_039698027	XP_036193481.1	92.806	548	0.0	XP_036193481.1 succinate dehydrogenase [ubiquinone] iron-sulfur subunit, mitochondrial-like [Myotis myotis]
SDHB|Pteropus_medius|XP_039698027	XP_036205877.1	83.571	474	4.05e-171	XP_036205877.1 succinate dehydrogenase [ubiquinone] iron-sulfur subunit, mitochondrial isoform X2 [Myotis myotis]
SDHB|Pteropus_vampyrus|XP_011361783	XP_036205876.1	95.714	565	0.0	XP_036205876.1 succinate dehydrogenase [ubiquinone] iron-sulfur subunit, mitochondrial isoform X1 [Myotis myotis]
SDHB|Pteropus_vampyrus|XP_011361783	XP_036193481.1	92.806	548	0.0	XP_036193481.1 succinate dehydrogenase [ubiquinone] iron-sulfur subunit, mitochondrial-like [Myotis myotis]
SDHB|Pteropus_vampyrus|XP_011361783	XP_036205877.1	83.571	474	4.05e-171	XP_036205877.1 succinate dehydrogenase [ubiquinone] iron-sulfur subunit, mitochondrial isoform X2 [Myotis myotis]
SDHB|Rhinolophus_ferrumequinum|XP_032970242	XP_036205876.1	97.857	573	0.0	XP_036205876.1 succinate dehydrogenase [ubiquinone] iron-sulfur subunit, mitochondrial isoform X1 [Myotis myotis]
SDHB|Rhinolophus_ferrumequinum|XP_032970242	XP_036193481.1	94.245	553	0.0	XP_036193481.1 succinate dehydrogenase [ubiquinone] iron-sulfur subunit, mitochondrial-like [Myotis myotis]
SDHB|Rhinolophus_ferrumequinum|XP_032970242	XP_036205877.1	85.714	481	3.04e-174	XP_036205877.1 succinate dehydrogenase [ubiquinone] iron-sulfur subunit, mitochondrial isoform X2 [Myotis myotis]
SDHB|Rhinolophus_hipposideros|XP_080912674	XP_036205876.1	97.500	572	0.0	XP_036205876.1 succinate dehydrogenase [ubiquinone] iron-sulfur subunit, mitochondrial isoform X1 [Myotis myotis]
SDHB|Rhinolophus_hipposideros|XP_080912674	XP_036193481.1	93.885	552	0.0	XP_036193481.1 succinate dehydrogenase [ubiquinone] iron-sulfur subunit, mitochondrial-like [Myotis myotis]
SDHB|Rhinolophus_hipposideros|XP_080912674	XP_036205877.1	85.357	480	8.71e-174	XP_036205877.1 succinate dehydrogenase [ubiquinone] iron-sulfur subunit, mitochondrial isoform X2 [Myotis myotis]
SDHB|Rousettus_aegyptiacus|XP_015983868	XP_036205876.1	96.786	569	0.0	XP_036205876.1 succinate dehydrogenase [ubiquinone] iron-sulfur subunit, mitochondrial isoform X1 [Myotis myotis]
SDHB|Rousettus_aegyptiacus|XP_015983868	XP_036193481.1	93.885	552	0.0	XP_036193481.1 succinate dehydrogenase [ubiquinone] iron-sulfur subunit, mitochondrial-like [Myotis myotis]
SDHB|Rousettus_aegyptiacus|XP_015983868	XP_036205877.1	84.643	478	9.31e-173	XP_036205877.1 succinate dehydrogenase [ubiquinone] iron-sulfur subunit, mitochondrial isoform X2 [Myotis myotis]
SDHB|Saccopteryx_bilineata|XP_066126416	XP_036205876.1	97.143	570	0.0	XP_036205876.1 succinate dehydrogenase [ubiquinone] iron-sulfur subunit, mitochondrial isoform X1 [Myotis myotis]
SDHB|Saccopteryx_bilineata|XP_066126416	XP_036193481.1	93.885	552	0.0	XP_036193481.1 succinate dehydrogenase [ubiquinone] iron-sulfur subunit, mitochondrial-like [Myotis myotis]
SDHB|Saccopteryx_bilineata|XP_066126416	XP_036205877.1	85.000	478	5.21e-173	XP_036205877.1 succinate dehydrogenase [ubiquinone] iron-sulfur subunit, mitochondrial isoform X2 [Myotis myotis]
SDHB|Saccopteryx_leptura|XP_066231297	XP_036205876.1	97.500	571	0.0	XP_036205876.1 succinate dehydrogenase [ubiquinone] iron-sulfur subunit, mitochondrial isoform X1 [Myotis myotis]
SDHB|Saccopteryx_leptura|XP_066231297	XP_036193481.1	94.245	553	0.0	XP_036193481.1 succinate dehydrogenase [ubiquinone] iron-sulfur subunit, mitochondrial-like [Myotis myotis]
SDHB|Saccopteryx_leptura|XP_066231297	XP_036205877.1	85.357	480	1.21e-173	XP_036205877.1 succinate dehydrogenase [ubiquinone] iron-sulfur subunit, mitochondrial isoform X2 [Myotis myotis]
SDHB|Sturnira_hondurensis|XP_036901000	XP_036205876.1	95.714	561	0.0	XP_036205876.1 succinate dehydrogenase [ubiquinone] iron-sulfur subunit, mitochondrial isoform X1 [Myotis myotis]
SDHB|Sturnira_hondurensis|XP_036901000	XP_036193481.1	92.446	544	0.0	XP_036193481.1 succinate dehydrogenase [ubiquinone] iron-sulfur subunit, mitochondrial-like [Myotis myotis]
SDHB|Sturnira_hondurensis|XP_036901000	XP_036205877.1	83.571	470	9.95e-170	XP_036205877.1 succinate dehydrogenase [ubiquinone] iron-sulfur subunit, mitochondrial isoform X2 [Myotis myotis]
SIRT6|Artibeus_jamaicensis|XP_037021172	XP_036170477.1	93.036	691	0.0	XP_036170477.1 NAD-dependent protein deacetylase sirtuin-6 [Myotis myotis]
SIRT6|Artibeus_jamaicensis|XP_037021172	XP_036195166.1	41.637	179	2.98e-52	XP_036195166.1 NAD-dependent protein deacetylase sirtuin-7 isoform X2 [Myotis myotis]
SIRT6|Artibeus_jamaicensis|XP_037021172	XP_036195165.1	39.527	169	2.23e-48	XP_036195165.1 NAD-dependent protein deacetylase sirtuin-7 isoform X1 [Myotis myotis]
SIRT6|Artibeus_jamaicensis|XP_037021172	XP_036210376.1	27.393	89.4	1.67e-19	XP_036210376.1 NAD-dependent protein lipoamidase sirtuin-4, mitochondrial [Myotis myotis]
SIRT6|Artibeus_jamaicensis|XP_037021172	XP_036151484.1	32.850	82.0	6.62e-17	XP_036151484.1 NAD-dependent protein deacetylase sirtuin-3, mitochondrial isoform X2 [Myotis myotis]
SIRT6|Cnephaeus_nilssonii|XP_079629457	XP_036170477.1	96.936	714	0.0	XP_036170477.1 NAD-dependent protein deacetylase sirtuin-6 [Myotis myotis]
SIRT6|Cnephaeus_nilssonii|XP_079629457	XP_036195166.1	41.637	179	4.05e-52	XP_036195166.1 NAD-dependent protein deacetylase sirtuin-7 isoform X2 [Myotis myotis]
SIRT6|Cnephaeus_nilssonii|XP_079629457	XP_036195165.1	39.527	169	3.32e-48	XP_036195165.1 NAD-dependent protein deacetylase sirtuin-7 isoform X1 [Myotis myotis]
SIRT6|Cnephaeus_nilssonii|XP_079629457	XP_036210376.1	28.378	90.9	4.86e-20	XP_036210376.1 NAD-dependent protein lipoamidase sirtuin-4, mitochondrial [Myotis myotis]
SIRT6|Cnephaeus_nilssonii|XP_079629457	XP_036151484.1	32.367	78.2	1.44e-15	XP_036151484.1 NAD-dependent protein deacetylase sirtuin-3, mitochondrial isoform X2 [Myotis myotis]
SIRT6|Desmodus_rotundus|XP_024425005	XP_036170477.1	93.315	691	0.0	XP_036170477.1 NAD-dependent protein deacetylase sirtuin-6 [Myotis myotis]
SIRT6|Desmodus_rotundus|XP_024425005	XP_036195166.1	42.125	181	6.64e-53	XP_036195166.1 NAD-dependent protein deacetylase sirtuin-7 isoform X2 [Myotis myotis]
SIRT6|Desmodus_rotundus|XP_024425005	XP_036195165.1	39.931	171	3.23e-49	XP_036195165.1 NAD-dependent protein deacetylase sirtuin-7 isoform X1 [Myotis myotis]
SIRT6|Desmodus_rotundus|XP_024425005	XP_036210376.1	28.041	90.5	6.78e-20	XP_036210376.1 NAD-dependent protein lipoamidase sirtuin-4, mitochondrial [Myotis myotis]
SIRT6|Desmodus_rotundus|XP_024425005	XP_036201865.1	27.230	78.6	1.06e-15	XP_036201865.1 NAD-dependent protein deacetylase sirtuin-2 isoform X2 [Myotis myotis]
SIRT6|Eptesicus_fuscus|XP_008148833	XP_036170477.1	96.936	715	0.0	XP_036170477.1 NAD-dependent protein deacetylase sirtuin-6 [Myotis myotis]
SIRT6|Eptesicus_fuscus|XP_008148833	XP_036195166.1	41.637	179	3.80e-52	XP_036195166.1 NAD-dependent protein deacetylase sirtuin-7 isoform X2 [Myotis myotis]
SIRT6|Eptesicus_fuscus|XP_008148833	XP_036195165.1	39.527	169	2.69e-48	XP_036195165.1 NAD-dependent protein deacetylase sirtuin-7 isoform X1 [Myotis myotis]
SIRT6|Eptesicus_fuscus|XP_008148833	XP_036210376.1	28.378	90.9	5.00e-20	XP_036210376.1 NAD-dependent protein lipoamidase sirtuin-4, mitochondrial [Myotis myotis]
SIRT6|Eptesicus_fuscus|XP_008148833	XP_036151484.1	32.367	78.2	1.44e-15	XP_036151484.1 NAD-dependent protein deacetylase sirtuin-3, mitochondrial isoform X2 [Myotis myotis]
SIRT6|Hipposideros_armiger|XP_019509075	XP_036170477.1	86.908	628	0.0	XP_036170477.1 NAD-dependent protein deacetylase sirtuin-6 [Myotis myotis]
SIRT6|Hipposideros_armiger|XP_019509075	XP_036195166.1	41.281	174	1.16e-50	XP_036195166.1 NAD-dependent protein deacetylase sirtuin-7 isoform X2 [Myotis myotis]
SIRT6|Hipposideros_armiger|XP_019509075	XP_036195165.1	39.189	164	8.61e-47	XP_036195165.1 NAD-dependent protein deacetylase sirtuin-7 isoform X1 [Myotis myotis]
SIRT6|Hipposideros_armiger|XP_019509075	XP_036210376.1	28.053	92.8	6.75e-21	XP_036210376.1 NAD-dependent protein lipoamidase sirtuin-4, mitochondrial [Myotis myotis]
SIRT6|Hipposideros_armiger|XP_019509075	XP_036151484.1	33.173	79.0	6.47e-16	XP_036151484.1 NAD-dependent protein deacetylase sirtuin-3, mitochondrial isoform X2 [Myotis myotis]
SIRT6|Miniopterus_natalensis|XP_016053328	XP_036170477.1	91.365	671	0.0	XP_036170477.1 NAD-dependent protein deacetylase sirtuin-6 [Myotis myotis]
SIRT6|Miniopterus_natalensis|XP_016053328	XP_036195166.1	40.925	176	4.22e-51	XP_036195166.1 NAD-dependent protein deacetylase sirtuin-7 isoform X2 [Myotis myotis]
SIRT6|Miniopterus_natalensis|XP_016053328	XP_036195165.1	38.851	167	2.29e-47	XP_036195165.1 NAD-dependent protein deacetylase sirtuin-7 isoform X1 [Myotis myotis]
SIRT6|Miniopterus_natalensis|XP_016053328	XP_036210376.1	28.041	91.3	3.69e-20	XP_036210376.1 NAD-dependent protein lipoamidase sirtuin-4, mitochondrial [Myotis myotis]
SIRT6|Miniopterus_natalensis|XP_016053328	XP_036151484.1	32.367	78.2	1.39e-15	XP_036151484.1 NAD-dependent protein deacetylase sirtuin-3, mitochondrial isoform X2 [Myotis myotis]
SIRT6|Miniopterus_schreibersii|XP_080992951	XP_036170477.1	94.429	696	0.0	XP_036170477.1 NAD-dependent protein deacetylase sirtuin-6 [Myotis myotis]
SIRT6|Miniopterus_schreibersii|XP_080992951	XP_036195166.1	40.925	176	3.53e-51	XP_036195166.1 NAD-dependent protein deacetylase sirtuin-7 isoform X2 [Myotis myotis]
SIRT6|Miniopterus_schreibersii|XP_080992951	XP_036195165.1	38.851	167	2.06e-47	XP_036195165.1 NAD-dependent protein deacetylase sirtuin-7 isoform X1 [Myotis myotis]
SIRT6|Miniopterus_schreibersii|XP_080992951	XP_036210376.1	28.041	91.3	3.69e-20	XP_036210376.1 NAD-dependent protein lipoamidase sirtuin-4, mitochondrial [Myotis myotis]
SIRT6|Miniopterus_schreibersii|XP_080992951	XP_036151484.1	32.367	77.8	2.04e-15	XP_036151484.1 NAD-dependent protein deacetylase sirtuin-3, mitochondrial isoform X2 [Myotis myotis]
SIRT6|Molossus_molossus|XP_036096274	XP_036170477.1	93.629	684	0.0	XP_036170477.1 NAD-dependent protein deacetylase sirtuin-6 [Myotis myotis]
SIRT6|Molossus_molossus|XP_036096274	XP_036195166.1	41.637	177	1.13e-51	XP_036195166.1 NAD-dependent protein deacetylase sirtuin-7 isoform X2 [Myotis myotis]
SIRT6|Molossus_molossus|XP_036096274	XP_036195165.1	39.655	168	6.92e-48	XP_036195165.1 NAD-dependent protein deacetylase sirtuin-7 isoform X1 [Myotis myotis]
SIRT6|Molossus_molossus|XP_036096274	XP_036210376.1	28.000	90.9	3.83e-20	XP_036210376.1 NAD-dependent protein lipoamidase sirtuin-4, mitochondrial [Myotis myotis]
SIRT6|Molossus_molossus|XP_036096274	XP_036151484.1	32.367	78.6	9.41e-16	XP_036151484.1 NAD-dependent protein deacetylase sirtuin-3, mitochondrial isoform X2 [Myotis myotis]
SIRT6|Myotis_daubentonii|XP_059553132	XP_036170477.1	99.721	729	0.0	XP_036170477.1 NAD-dependent protein deacetylase sirtuin-6 [Myotis myotis]
SIRT6|Myotis_daubentonii|XP_059553132	XP_036195166.1	42.349	181	8.39e-53	XP_036195166.1 NAD-dependent protein deacetylase sirtuin-7 isoform X2 [Myotis myotis]
SIRT6|Myotis_daubentonii|XP_059553132	XP_036195165.1	40.203	171	6.59e-49	XP_036195165.1 NAD-dependent protein deacetylase sirtuin-7 isoform X1 [Myotis myotis]
SIRT6|Myotis_daubentonii|XP_059553132	XP_036210376.1	28.716	90.5	6.78e-20	XP_036210376.1 NAD-dependent protein lipoamidase sirtuin-4, mitochondrial [Myotis myotis]
SIRT6|Myotis_daubentonii|XP_059553132	XP_036151484.1	32.850	79.3	6.08e-16	XP_036151484.1 NAD-dependent protein deacetylase sirtuin-3, mitochondrial isoform X2 [Myotis myotis]
SIRT6|Myotis_davidii|XP_006754176	XP_036170477.1	92.131	560	0.0	XP_036170477.1 NAD-dependent protein deacetylase sirtuin-6 [Myotis myotis]
SIRT6|Myotis_davidii|XP_006754176	XP_036195166.1	42.545	180	4.03e-53	XP_036195166.1 NAD-dependent protein deacetylase sirtuin-7 isoform X2 [Myotis myotis]
SIRT6|Myotis_davidii|XP_006754176	XP_036195165.1	40.345	170	2.63e-49	XP_036195165.1 NAD-dependent protein deacetylase sirtuin-7 isoform X1 [Myotis myotis]
SIRT6|Myotis_davidii|XP_006754176	XP_036210376.1	28.364	89.0	1.35e-19	XP_036210376.1 NAD-dependent protein lipoamidase sirtuin-4, mitochondrial [Myotis myotis]
SIRT6|Myotis_davidii|XP_006754176	XP_036151484.1	32.692	79.0	4.72e-16	XP_036151484.1 NAD-dependent protein deacetylase sirtuin-3, mitochondrial isoform X2 [Myotis myotis]
SIRT6|Myotis_lucifugus|XP_023602582	XP_036170477.1	97.909	566	0.0	XP_036170477.1 NAD-dependent protein deacetylase sirtuin-6 [Myotis myotis]
SIRT6|Myotis_lucifugus|XP_023602582	XP_036195166.1	39.171	120	4.24e-31	XP_036195166.1 NAD-dependent protein deacetylase sirtuin-7 isoform X2 [Myotis myotis]
SIRT6|Myotis_lucifugus|XP_023602582	XP_036195165.1	36.638	111	2.14e-27	XP_036195165.1 NAD-dependent protein deacetylase sirtuin-7 isoform X1 [Myotis myotis]
SIRT6|Myotis_lucifugus|XP_023602582	XP_036210376.1	27.692	70.9	1.70e-13	XP_036210376.1 NAD-dependent protein lipoamidase sirtuin-4, mitochondrial [Myotis myotis]
SIRT6|Myotis_lucifugus|XP_023602582	XP_036151484.1	33.793	61.2	3.25e-10	XP_036151484.1 NAD-dependent protein deacetylase sirtuin-3, mitochondrial isoform X2 [Myotis myotis]
SIRT6|Myotis_myotis|XP_036170477	XP_036170477.1	100.000	731	0.0	XP_036170477.1 NAD-dependent protein deacetylase sirtuin-6 [Myotis myotis]
SIRT6|Myotis_myotis|XP_036170477	XP_036195166.1	42.349	181	8.39e-53	XP_036195166.1 NAD-dependent protein deacetylase sirtuin-7 isoform X2 [Myotis myotis]
SIRT6|Myotis_myotis|XP_036170477	XP_036195165.1	40.203	171	5.46e-49	XP_036195165.1 NAD-dependent protein deacetylase sirtuin-7 isoform X1 [Myotis myotis]
SIRT6|Myotis_myotis|XP_036170477	XP_036210376.1	28.378	89.7	9.83e-20	XP_036210376.1 NAD-dependent protein lipoamidase sirtuin-4, mitochondrial [Myotis myotis]
SIRT6|Myotis_myotis|XP_036170477	XP_036151484.1	32.692	78.6	9.05e-16	XP_036151484.1 NAD-dependent protein deacetylase sirtuin-3, mitochondrial isoform X2 [Myotis myotis]
SIRT6|Myotis_nattereri|XP_080947033	XP_036170477.1	99.721	728	0.0	XP_036170477.1 NAD-dependent protein deacetylase sirtuin-6 [Myotis myotis]
SIRT6|Myotis_nattereri|XP_080947033	XP_036195166.1	42.349	181	8.84e-53	XP_036195166.1 NAD-dependent protein deacetylase sirtuin-7 isoform X2 [Myotis myotis]
SIRT6|Myotis_nattereri|XP_080947033	XP_036195165.1	40.206	171	5.23e-49	XP_036195165.1 NAD-dependent protein deacetylase sirtuin-7 isoform X1 [Myotis myotis]
SIRT6|Myotis_nattereri|XP_080947033	XP_036210376.1	28.378	89.7	1.02e-19	XP_036210376.1 NAD-dependent protein lipoamidase sirtuin-4, mitochondrial [Myotis myotis]
SIRT6|Myotis_nattereri|XP_080947033	XP_036151484.1	32.692	79.0	8.23e-16	XP_036151484.1 NAD-dependent protein deacetylase sirtuin-3, mitochondrial isoform X2 [Myotis myotis]
SIRT6|Myotis_yumanensis|XP_070271923	XP_036170477.1	97.772	717	0.0	XP_036170477.1 NAD-dependent protein deacetylase sirtuin-6 [Myotis myotis]
SIRT6|Myotis_yumanensis|XP_070271923	XP_036195166.1	42.705	182	1.66e-53	XP_036195166.1 NAD-dependent protein deacetylase sirtuin-7 isoform X2 [Myotis myotis]
SIRT6|Myotis_yumanensis|XP_070271923	XP_036195165.1	40.541	172	1.15e-49	XP_036195165.1 NAD-dependent protein deacetylase sirtuin-7 isoform X1 [Myotis myotis]
SIRT6|Myotis_yumanensis|XP_070271923	XP_036210376.1	28.378	90.1	9.27e-20	XP_036210376.1 NAD-dependent protein lipoamidase sirtuin-4, mitochondrial [Myotis myotis]
SIRT6|Myotis_yumanensis|XP_070271923	XP_036151484.1	33.173	79.7	3.82e-16	XP_036151484.1 NAD-dependent protein deacetylase sirtuin-3, mitochondrial isoform X2 [Myotis myotis]
SIRT6|Phyllostomus_discolor|XP_028375951	XP_036170477.1	92.758	688	0.0	XP_036170477.1 NAD-dependent protein deacetylase sirtuin-6 [Myotis myotis]
SIRT6|Phyllostomus_discolor|XP_028375951	XP_036195166.1	41.281	179	1.89e-52	XP_036195166.1 NAD-dependent protein deacetylase sirtuin-7 isoform X2 [Myotis myotis]
SIRT6|Phyllostomus_discolor|XP_028375951	XP_036195165.1	39.189	170	9.82e-49	XP_036195165.1 NAD-dependent protein deacetylase sirtuin-7 isoform X1 [Myotis myotis]
SIRT6|Phyllostomus_discolor|XP_028375951	XP_036210376.1	27.365	90.5	6.21e-20	XP_036210376.1 NAD-dependent protein lipoamidase sirtuin-4, mitochondrial [Myotis myotis]
SIRT6|Phyllostomus_discolor|XP_028375951	XP_036151484.1	33.654	82.0	7.01e-17	XP_036151484.1 NAD-dependent protein deacetylase sirtuin-3, mitochondrial isoform X2 [Myotis myotis]
SIRT6|Phyllostomus_hastatus|XP_045687792	XP_036170477.1	91.922	683	0.0	XP_036170477.1 NAD-dependent protein deacetylase sirtuin-6 [Myotis myotis]
SIRT6|Phyllostomus_hastatus|XP_045687792	XP_036195166.1	41.281	181	3.41e-53	XP_036195166.1 NAD-dependent protein deacetylase sirtuin-7 isoform X2 [Myotis myotis]
SIRT6|Phyllostomus_hastatus|XP_045687792	XP_036195165.1	39.189	172	2.08e-49	XP_036195165.1 NAD-dependent protein deacetylase sirtuin-7 isoform X1 [Myotis myotis]
SIRT6|Phyllostomus_hastatus|XP_045687792	XP_036210376.1	28.136	93.2	5.76e-21	XP_036210376.1 NAD-dependent protein lipoamidase sirtuin-4, mitochondrial [Myotis myotis]
SIRT6|Phyllostomus_hastatus|XP_045687792	XP_036151484.1	32.692	79.7	4.44e-16	XP_036151484.1 NAD-dependent protein deacetylase sirtuin-3, mitochondrial isoform X2 [Myotis myotis]
SIRT6|Pipistrellus_kuhlii|XP_036315848	XP_036170477.1	94.986	698	0.0	XP_036170477.1 NAD-dependent protein deacetylase sirtuin-6 [Myotis myotis]
SIRT6|Pipistrellus_kuhlii|XP_036315848	XP_036195166.1	41.637	177	1.18e-51	XP_036195166.1 NAD-dependent protein deacetylase sirtuin-7 isoform X2 [Myotis myotis]
SIRT6|Pipistrellus_kuhlii|XP_036315848	XP_036195165.1	39.527	167	9.88e-48	XP_036195165.1 NAD-dependent protein deacetylase sirtuin-7 isoform X1 [Myotis myotis]
SIRT6|Pipistrellus_kuhlii|XP_036315848	XP_036210376.1	28.041	88.6	2.46e-19	XP_036210376.1 NAD-dependent protein lipoamidase sirtuin-4, mitochondrial [Myotis myotis]
SIRT6|Pipistrellus_kuhlii|XP_036315848	XP_036151484.1	32.850	79.7	4.16e-16	XP_036151484.1 NAD-dependent protein deacetylase sirtuin-3, mitochondrial isoform X2 [Myotis myotis]
SIRT6|Plecotus_auritus|XP_080533163	XP_036170477.1	96.657	712	0.0	XP_036170477.1 NAD-dependent protein deacetylase sirtuin-6 [Myotis myotis]
SIRT6|Plecotus_auritus|XP_080533163	XP_036195166.1	41.993	181	3.34e-53	XP_036195166.1 NAD-dependent protein deacetylase sirtuin-7 isoform X2 [Myotis myotis]
SIRT6|Plecotus_auritus|XP_080533163	XP_036195165.1	39.865	172	1.93e-49	XP_036195165.1 NAD-dependent protein deacetylase sirtuin-7 isoform X1 [Myotis myotis]
SIRT6|Plecotus_auritus|XP_080533163	XP_036210376.1	28.378	90.1	7.33e-20	XP_036210376.1 NAD-dependent protein lipoamidase sirtuin-4, mitochondrial [Myotis myotis]
SIRT6|Plecotus_auritus|XP_080533163	XP_036201865.1	27.230	79.7	5.04e-16	XP_036201865.1 NAD-dependent protein deacetylase sirtuin-2 isoform X2 [Myotis myotis]
SIRT6|Pteronotus_mesoamericanus|XP_054438808	XP_036170477.1	91.922	682	0.0	XP_036170477.1 NAD-dependent protein deacetylase sirtuin-6 [Myotis myotis]
SIRT6|Pteronotus_mesoamericanus|XP_054438808	XP_036195166.1	41.667	178	6.87e-52	XP_036195166.1 NAD-dependent protein deacetylase sirtuin-7 isoform X2 [Myotis myotis]
SIRT6|Pteronotus_mesoamericanus|XP_054438808	XP_036195165.1	39.519	169	3.65e-48	XP_036195165.1 NAD-dependent protein deacetylase sirtuin-7 isoform X1 [Myotis myotis]
SIRT6|Pteronotus_mesoamericanus|XP_054438808	XP_036210376.1	27.393	89.0	1.78e-19	XP_036210376.1 NAD-dependent protein lipoamidase sirtuin-4, mitochondrial [Myotis myotis]
SIRT6|Pteronotus_mesoamericanus|XP_054438808	XP_036201865.1	27.700	79.7	5.08e-16	XP_036201865.1 NAD-dependent protein deacetylase sirtuin-2 isoform X2 [Myotis myotis]
SIRT6|Pteropus_alecto|XP_006904170	XP_036170477.1	88.301	650	0.0	XP_036170477.1 NAD-dependent protein deacetylase sirtuin-6 [Myotis myotis]
SIRT6|Pteropus_alecto|XP_006904170	XP_036195166.1	41.281	177	1.45e-51	XP_036195166.1 NAD-dependent protein deacetylase sirtuin-7 isoform X2 [Myotis myotis]
SIRT6|Pteropus_alecto|XP_006904170	XP_036195165.1	39.189	168	8.18e-48	XP_036195165.1 NAD-dependent protein deacetylase sirtuin-7 isoform X1 [Myotis myotis]
SIRT6|Pteropus_alecto|XP_006904170	XP_036210376.1	28.077	88.2	3.53e-19	XP_036210376.1 NAD-dependent protein lipoamidase sirtuin-4, mitochondrial [Myotis myotis]
SIRT6|Pteropus_alecto|XP_006904170	XP_036151484.1	33.654	80.5	2.10e-16	XP_036151484.1 NAD-dependent protein deacetylase sirtuin-3, mitochondrial isoform X2 [Myotis myotis]
SIRT6|Pteropus_medius|XP_039734482	XP_036170477.1	68.329	513	0.0	XP_036170477.1 NAD-dependent protein deacetylase sirtuin-6 [Myotis myotis]
SIRT6|Pteropus_medius|XP_039734482	XP_036195166.1	37.000	154	1.90e-42	XP_036195166.1 NAD-dependent protein deacetylase sirtuin-7 isoform X2 [Myotis myotis]
SIRT6|Pteropus_medius|XP_039734482	XP_036195165.1	35.238	145	4.79e-39	XP_036195165.1 NAD-dependent protein deacetylase sirtuin-7 isoform X1 [Myotis myotis]
SIRT6|Pteropus_medius|XP_039734482	XP_036210376.1	28.125	76.3	6.51e-15	XP_036210376.1 NAD-dependent protein lipoamidase sirtuin-4, mitochondrial [Myotis myotis]
SIRT6|Pteropus_medius|XP_039734482	XP_036151489.1	34.043	65.1	2.05e-11	XP_036151489.1 NAD-dependent protein deacetylase sirtuin-3, mitochondrial isoform X4 [Myotis myotis]
SIRT6|Pteropus_vampyrus|XP_011380230	XP_036170477.1	83.844	603	0.0	XP_036170477.1 NAD-dependent protein deacetylase sirtuin-6 [Myotis myotis]
SIRT6|Pteropus_vampyrus|XP_011380230	XP_036195166.1	40.659	171	1.80e-49	XP_036195166.1 NAD-dependent protein deacetylase sirtuin-7 isoform X2 [Myotis myotis]
SIRT6|Pteropus_vampyrus|XP_011380230	XP_036195165.1	38.516	162	9.82e-46	XP_036195165.1 NAD-dependent protein deacetylase sirtuin-7 isoform X1 [Myotis myotis]
SIRT6|Pteropus_vampyrus|XP_011380230	XP_036151484.1	34.328	84.0	1.10e-17	XP_036151484.1 NAD-dependent protein deacetylase sirtuin-3, mitochondrial isoform X2 [Myotis myotis]
SIRT6|Pteropus_vampyrus|XP_011380230	XP_036210376.1	26.538	83.6	1.40e-17	XP_036210376.1 NAD-dependent protein lipoamidase sirtuin-4, mitochondrial [Myotis myotis]
SIRT6|Rhinolophus_ferrumequinum|XP_032990314	XP_036170477.1	89.972	666	0.0	XP_036170477.1 NAD-dependent protein deacetylase sirtuin-6 [Myotis myotis]
SIRT6|Rhinolophus_ferrumequinum|XP_032990314	XP_036195166.1	42.754	185	1.32e-54	XP_036195166.1 NAD-dependent protein deacetylase sirtuin-7 isoform X2 [Myotis myotis]
SIRT6|Rhinolophus_ferrumequinum|XP_032990314	XP_036195165.1	40.550	176	9.03e-51	XP_036195165.1 NAD-dependent protein deacetylase sirtuin-7 isoform X1 [Myotis myotis]
SIRT6|Rhinolophus_ferrumequinum|XP_032990314	XP_036210376.1	27.723	93.2	7.52e-21	XP_036210376.1 NAD-dependent protein lipoamidase sirtuin-4, mitochondrial [Myotis myotis]
SIRT6|Rhinolophus_ferrumequinum|XP_032990314	XP_036201865.1	27.700	80.5	2.60e-16	XP_036201865.1 NAD-dependent protein deacetylase sirtuin-2 isoform X2 [Myotis myotis]
SIRT6|Rhinolophus_hipposideros|XP_080932921	XP_036170477.1	89.136	660	0.0	XP_036170477.1 NAD-dependent protein deacetylase sirtuin-6 [Myotis myotis]
SIRT6|Rhinolophus_hipposideros|XP_080932921	XP_036195166.1	42.754	185	2.20e-54	XP_036195166.1 NAD-dependent protein deacetylase sirtuin-7 isoform X2 [Myotis myotis]
SIRT6|Rhinolophus_hipposideros|XP_080932921	XP_036195165.1	40.550	175	1.14e-50	XP_036195165.1 NAD-dependent protein deacetylase sirtuin-7 isoform X1 [Myotis myotis]
SIRT6|Rhinolophus_hipposideros|XP_080932921	XP_036210376.1	28.053	94.0	3.52e-21	XP_036210376.1 NAD-dependent protein lipoamidase sirtuin-4, mitochondrial [Myotis myotis]
SIRT6|Rhinolophus_hipposideros|XP_080932921	XP_036201865.1	27.230	78.2	1.54e-15	XP_036201865.1 NAD-dependent protein deacetylase sirtuin-2 isoform X2 [Myotis myotis]
SIRT6|Rhinolophus_sinicus|XP_019599845	XP_036170477.1	88.858	658	0.0	XP_036170477.1 NAD-dependent protein deacetylase sirtuin-6 [Myotis myotis]
SIRT6|Rhinolophus_sinicus|XP_019599845	XP_036195166.1	42.391	185	1.98e-54	XP_036195166.1 NAD-dependent protein deacetylase sirtuin-7 isoform X2 [Myotis myotis]
SIRT6|Rhinolophus_sinicus|XP_019599845	XP_036195165.1	40.206	175	1.35e-50	XP_036195165.1 NAD-dependent protein deacetylase sirtuin-7 isoform X1 [Myotis myotis]
SIRT6|Rhinolophus_sinicus|XP_019599845	XP_036210376.1	27.723	93.6	4.55e-21	XP_036210376.1 NAD-dependent protein lipoamidase sirtuin-4, mitochondrial [Myotis myotis]
SIRT6|Rhinolophus_sinicus|XP_019599845	XP_036201865.1	27.434	80.5	2.70e-16	XP_036201865.1 NAD-dependent protein deacetylase sirtuin-2 isoform X2 [Myotis myotis]
SIRT6|Rousettus_aegyptiacus|XP_015999880	XP_036170477.1	87.744	640	0.0	XP_036170477.1 NAD-dependent protein deacetylase sirtuin-6 [Myotis myotis]
SIRT6|Rousettus_aegyptiacus|XP_015999880	XP_036195166.1	41.281	177	2.63e-51	XP_036195166.1 NAD-dependent protein deacetylase sirtuin-7 isoform X2 [Myotis myotis]
SIRT6|Rousettus_aegyptiacus|XP_015999880	XP_036195165.1	39.189	167	1.13e-47	XP_036195165.1 NAD-dependent protein deacetylase sirtuin-7 isoform X1 [Myotis myotis]
SIRT6|Rousettus_aegyptiacus|XP_015999880	XP_036210376.1	28.462	89.4	1.50e-19	XP_036210376.1 NAD-dependent protein lipoamidase sirtuin-4, mitochondrial [Myotis myotis]
SIRT6|Rousettus_aegyptiacus|XP_015999880	XP_036201865.1	26.761	78.6	1.21e-15	XP_036201865.1 NAD-dependent protein deacetylase sirtuin-2 isoform X2 [Myotis myotis]
SIRT6|Saccopteryx_bilineata|XP_066131970	XP_036170477.1	90.808	671	0.0	XP_036170477.1 NAD-dependent protein deacetylase sirtuin-6 [Myotis myotis]
SIRT6|Saccopteryx_bilineata|XP_066131970	XP_036195166.1	41.281	179	1.85e-52	XP_036195166.1 NAD-dependent protein deacetylase sirtuin-7 isoform X2 [Myotis myotis]
SIRT6|Saccopteryx_bilineata|XP_066131970	XP_036195165.1	39.189	170	9.52e-49	XP_036195165.1 NAD-dependent protein deacetylase sirtuin-7 isoform X1 [Myotis myotis]
SIRT6|Saccopteryx_bilineata|XP_066131970	XP_036210376.1	27.723	92.8	9.71e-21	XP_036210376.1 NAD-dependent protein lipoamidase sirtuin-4, mitochondrial [Myotis myotis]
SIRT6|Saccopteryx_bilineata|XP_066131970	XP_036151484.1	32.850	81.3	1.20e-16	XP_036151484.1 NAD-dependent protein deacetylase sirtuin-3, mitochondrial isoform X2 [Myotis myotis]
SIRT6|Saccopteryx_leptura|XP_066200567	XP_036170477.1	90.808	671	0.0	XP_036170477.1 NAD-dependent protein deacetylase sirtuin-6 [Myotis myotis]
SIRT6|Saccopteryx_leptura|XP_066200567	XP_036195166.1	41.281	179	1.85e-52	XP_036195166.1 NAD-dependent protein deacetylase sirtuin-7 isoform X2 [Myotis myotis]
SIRT6|Saccopteryx_leptura|XP_066200567	XP_036195165.1	39.189	170	9.52e-49	XP_036195165.1 NAD-dependent protein deacetylase sirtuin-7 isoform X1 [Myotis myotis]
SIRT6|Saccopteryx_leptura|XP_066200567	XP_036210376.1	27.723	92.8	9.71e-21	XP_036210376.1 NAD-dependent protein lipoamidase sirtuin-4, mitochondrial [Myotis myotis]
SIRT6|Saccopteryx_leptura|XP_066200567	XP_036151484.1	32.850	81.3	1.20e-16	XP_036151484.1 NAD-dependent protein deacetylase sirtuin-3, mitochondrial isoform X2 [Myotis myotis]
SIRT6|Sturnira_hondurensis|XP_036898464	XP_036170477.1	93.036	691	0.0	XP_036170477.1 NAD-dependent protein deacetylase sirtuin-6 [Myotis myotis]
SIRT6|Sturnira_hondurensis|XP_036898464	XP_036195166.1	41.343	179	1.87e-52	XP_036195166.1 NAD-dependent protein deacetylase sirtuin-7 isoform X2 [Myotis myotis]
SIRT6|Sturnira_hondurensis|XP_036898464	XP_036195165.1	39.262	170	1.28e-48	XP_036195165.1 NAD-dependent protein deacetylase sirtuin-7 isoform X1 [Myotis myotis]
SIRT6|Sturnira_hondurensis|XP_036898464	XP_036210376.1	27.393	89.4	1.65e-19	XP_036210376.1 NAD-dependent protein lipoamidase sirtuin-4, mitochondrial [Myotis myotis]
SIRT6|Sturnira_hondurensis|XP_036898464	XP_036151484.1	32.850	82.0	7.01e-17	XP_036151484.1 NAD-dependent protein deacetylase sirtuin-3, mitochondrial isoform X2 [Myotis myotis]
SLC25A20|Artibeus_jamaicensis|XP_036984365	XP_036189517.1	94.684	595	0.0	XP_036189517.1 mitochondrial carnitine/acylcarnitine carrier protein [Myotis myotis]
SLC25A20|Artibeus_jamaicensis|XP_036984365	XP_036173007.1	38.028	180	2.05e-54	XP_036173007.1 mitochondrial basic amino acids transporter isoform X3 [Myotis myotis]
SLC25A20|Artibeus_jamaicensis|XP_036984365	XP_036173007.1	32.161	98.6	2.14e-23	XP_036173007.1 mitochondrial basic amino acids transporter isoform X3 [Myotis myotis]
SLC25A20|Artibeus_jamaicensis|XP_036984365	XP_036172972.1	37.681	174	7.13e-52	XP_036172972.1 mitochondrial basic amino acids transporter isoform X1 [Myotis myotis]
SLC25A20|Artibeus_jamaicensis|XP_036984365	XP_036172972.1	32.161	99.0	2.52e-23	XP_036172972.1 mitochondrial basic amino acids transporter isoform X1 [Myotis myotis]
SLC25A20|Artibeus_jamaicensis|XP_036984365	XP_036172997.1	37.681	174	7.26e-52	XP_036172997.1 mitochondrial basic amino acids transporter isoform X2 [Myotis myotis]
SLC25A20|Artibeus_jamaicensis|XP_036984365	XP_036172997.1	32.161	98.6	2.48e-23	XP_036172997.1 mitochondrial basic amino acids transporter isoform X2 [Myotis myotis]
SLC25A20|Artibeus_jamaicensis|XP_036984365	XP_036172988.1	37.681	174	7.26e-52	XP_036172988.1 mitochondrial basic amino acids transporter isoform X2 [Myotis myotis]
SLC25A20|Artibeus_jamaicensis|XP_036984365	XP_036172988.1	32.161	98.6	2.48e-23	XP_036172988.1 mitochondrial basic amino acids transporter isoform X2 [Myotis myotis]
SLC25A20|Cnephaeus_nilssonii|XP_079651077	XP_036189517.1	96.678	595	0.0	XP_036189517.1 mitochondrial carnitine/acylcarnitine carrier protein [Myotis myotis]
SLC25A20|Cnephaeus_nilssonii|XP_079651077	XP_036173007.1	37.676	182	4.52e-55	XP_036173007.1 mitochondrial basic amino acids transporter isoform X3 [Myotis myotis]
SLC25A20|Cnephaeus_nilssonii|XP_079651077	XP_036173007.1	32.020	98.6	2.01e-23	XP_036173007.1 mitochondrial basic amino acids transporter isoform X3 [Myotis myotis]
SLC25A20|Cnephaeus_nilssonii|XP_079651077	XP_036172997.1	37.319	175	1.81e-52	XP_036172997.1 mitochondrial basic amino acids transporter isoform X2 [Myotis myotis]
SLC25A20|Cnephaeus_nilssonii|XP_079651077	XP_036172997.1	32.020	98.6	2.46e-23	XP_036172997.1 mitochondrial basic amino acids transporter isoform X2 [Myotis myotis]
SLC25A20|Cnephaeus_nilssonii|XP_079651077	XP_036172988.1	37.319	175	1.81e-52	XP_036172988.1 mitochondrial basic amino acids transporter isoform X2 [Myotis myotis]
SLC25A20|Cnephaeus_nilssonii|XP_079651077	XP_036172988.1	32.020	98.6	2.46e-23	XP_036172988.1 mitochondrial basic amino acids transporter isoform X2 [Myotis myotis]
SLC25A20|Cnephaeus_nilssonii|XP_079651077	XP_036172979.1	37.319	175	1.81e-52	XP_036172979.1 mitochondrial basic amino acids transporter isoform X2 [Myotis myotis]
SLC25A20|Cnephaeus_nilssonii|XP_079651077	XP_036172979.1	32.020	98.6	2.46e-23	XP_036172979.1 mitochondrial basic amino acids transporter isoform X2 [Myotis myotis]
SLC25A20|Desmodus_rotundus|XP_024421920	XP_036189517.1	94.684	593	0.0	XP_036189517.1 mitochondrial carnitine/acylcarnitine carrier protein [Myotis myotis]
SLC25A20|Desmodus_rotundus|XP_024421920	XP_036173007.1	37.676	180	1.79e-54	XP_036173007.1 mitochondrial basic amino acids transporter isoform X3 [Myotis myotis]
SLC25A20|Desmodus_rotundus|XP_024421920	XP_036173007.1	31.658	99.0	1.58e-23	XP_036173007.1 mitochondrial basic amino acids transporter isoform X3 [Myotis myotis]
SLC25A20|Desmodus_rotundus|XP_024421920	XP_036172972.1	37.319	174	6.48e-52	XP_036172972.1 mitochondrial basic amino acids transporter isoform X1 [Myotis myotis]
SLC25A20|Desmodus_rotundus|XP_024421920	XP_036172972.1	31.658	99.0	2.19e-23	XP_036172972.1 mitochondrial basic amino acids transporter isoform X1 [Myotis myotis]
SLC25A20|Desmodus_rotundus|XP_024421920	XP_036172997.1	37.319	174	6.81e-52	XP_036172997.1 mitochondrial basic amino acids transporter isoform X2 [Myotis myotis]
SLC25A20|Desmodus_rotundus|XP_024421920	XP_036172997.1	31.658	99.0	2.03e-23	XP_036172997.1 mitochondrial basic amino acids transporter isoform X2 [Myotis myotis]
SLC25A20|Desmodus_rotundus|XP_024421920	XP_036172988.1	37.319	174	6.81e-52	XP_036172988.1 mitochondrial basic amino acids transporter isoform X2 [Myotis myotis]
SLC25A20|Desmodus_rotundus|XP_024421920	XP_036172988.1	31.658	99.0	2.03e-23	XP_036172988.1 mitochondrial basic amino acids transporter isoform X2 [Myotis myotis]
SLC25A20|Eptesicus_fuscus|XP_008154062	XP_036189517.1	97.674	605	0.0	XP_036189517.1 mitochondrial carnitine/acylcarnitine carrier protein [Myotis myotis]
SLC25A20|Eptesicus_fuscus|XP_008154062	XP_036173007.1	37.676	182	3.03e-55	XP_036173007.1 mitochondrial basic amino acids transporter isoform X3 [Myotis myotis]
SLC25A20|Eptesicus_fuscus|XP_008154062	XP_036173007.1	31.658	99.8	9.58e-24	XP_036173007.1 mitochondrial basic amino acids transporter isoform X3 [Myotis myotis]
SLC25A20|Eptesicus_fuscus|XP_008154062	XP_036172997.1	37.319	176	1.14e-52	XP_036172997.1 mitochondrial basic amino acids transporter isoform X2 [Myotis myotis]
SLC25A20|Eptesicus_fuscus|XP_008154062	XP_036172997.1	31.658	99.8	1.15e-23	XP_036172997.1 mitochondrial basic amino acids transporter isoform X2 [Myotis myotis]
SLC25A20|Eptesicus_fuscus|XP_008154062	XP_036172988.1	37.319	176	1.14e-52	XP_036172988.1 mitochondrial basic amino acids transporter isoform X2 [Myotis myotis]
SLC25A20|Eptesicus_fuscus|XP_008154062	XP_036172988.1	31.658	99.8	1.15e-23	XP_036172988.1 mitochondrial basic amino acids transporter isoform X2 [Myotis myotis]
SLC25A20|Eptesicus_fuscus|XP_008154062	XP_036172979.1	37.319	176	1.14e-52	XP_036172979.1 mitochondrial basic amino acids transporter isoform X2 [Myotis myotis]
SLC25A20|Eptesicus_fuscus|XP_008154062	XP_036172979.1	31.658	99.8	1.15e-23	XP_036172979.1 mitochondrial basic amino acids transporter isoform X2 [Myotis myotis]
SLC25A20|Hipposideros_armiger|XP_019490042	XP_036189517.1	93.688	590	0.0	XP_036189517.1 mitochondrial carnitine/acylcarnitine carrier protein [Myotis myotis]
SLC25A20|Hipposideros_armiger|XP_019490042	XP_036173007.1	38.380	185	1.86e-56	XP_036173007.1 mitochondrial basic amino acids transporter isoform X3 [Myotis myotis]
SLC25A20|Hipposideros_armiger|XP_019490042	XP_036173007.1	32.161	100	5.47e-24	XP_036173007.1 mitochondrial basic amino acids transporter isoform X3 [Myotis myotis]
SLC25A20|Hipposideros_armiger|XP_019490042	XP_036172972.1	38.043	179	6.13e-54	XP_036172972.1 mitochondrial basic amino acids transporter isoform X1 [Myotis myotis]
SLC25A20|Hipposideros_armiger|XP_019490042	XP_036172972.1	32.161	100	6.82e-24	XP_036172972.1 mitochondrial basic amino acids transporter isoform X1 [Myotis myotis]
SLC25A20|Hipposideros_armiger|XP_019490042	XP_036172997.1	38.043	179	8.87e-54	XP_036172997.1 mitochondrial basic amino acids transporter isoform X2 [Myotis myotis]
SLC25A20|Hipposideros_armiger|XP_019490042	XP_036172997.1	32.161	100	7.50e-24	XP_036172997.1 mitochondrial basic amino acids transporter isoform X2 [Myotis myotis]
SLC25A20|Hipposideros_armiger|XP_019490042	XP_036172988.1	38.043	179	8.87e-54	XP_036172988.1 mitochondrial basic amino acids transporter isoform X2 [Myotis myotis]
SLC25A20|Hipposideros_armiger|XP_019490042	XP_036172988.1	32.161	100	7.50e-24	XP_036172988.1 mitochondrial basic amino acids transporter isoform X2 [Myotis myotis]
SLC25A20|Miniopterus_natalensis|XP_016058316	XP_036189517.1	94.020	589	0.0	XP_036189517.1 mitochondrial carnitine/acylcarnitine carrier protein [Myotis myotis]
SLC25A20|Miniopterus_natalensis|XP_016058316	XP_036173007.1	36.972	180	1.90e-54	XP_036173007.1 mitochondrial basic amino acids transporter isoform X3 [Myotis myotis]
SLC25A20|Miniopterus_natalensis|XP_016058316	XP_036173007.1	31.658	99.0	1.56e-23	XP_036173007.1 mitochondrial basic amino acids transporter isoform X3 [Myotis myotis]
SLC25A20|Miniopterus_natalensis|XP_016058316	XP_036172997.1	36.594	174	8.17e-52	XP_036172997.1 mitochondrial basic amino acids transporter isoform X2 [Myotis myotis]
SLC25A20|Miniopterus_natalensis|XP_016058316	XP_036172997.1	31.658	99.4	1.65e-23	XP_036172997.1 mitochondrial basic amino acids transporter isoform X2 [Myotis myotis]
SLC25A20|Miniopterus_natalensis|XP_016058316	XP_036172988.1	36.594	174	8.17e-52	XP_036172988.1 mitochondrial basic amino acids transporter isoform X2 [Myotis myotis]
SLC25A20|Miniopterus_natalensis|XP_016058316	XP_036172988.1	31.658	99.4	1.65e-23	XP_036172988.1 mitochondrial basic amino acids transporter isoform X2 [Myotis myotis]
SLC25A20|Miniopterus_natalensis|XP_016058316	XP_036172979.1	36.594	174	8.17e-52	XP_036172979.1 mitochondrial basic amino acids transporter isoform X2 [Myotis myotis]
SLC25A20|Miniopterus_natalensis|XP_016058316	XP_036172979.1	31.658	99.4	1.65e-23	XP_036172979.1 mitochondrial basic amino acids transporter isoform X2 [Myotis myotis]
SLC25A20|Miniopterus_schreibersii|XP_081016794	XP_036189517.1	94.020	589	0.0	XP_036189517.1 mitochondrial carnitine/acylcarnitine carrier protein [Myotis myotis]
SLC25A20|Miniopterus_schreibersii|XP_081016794	XP_036173007.1	36.972	180	1.90e-54	XP_036173007.1 mitochondrial basic amino acids transporter isoform X3 [Myotis myotis]
SLC25A20|Miniopterus_schreibersii|XP_081016794	XP_036173007.1	31.658	99.0	1.56e-23	XP_036173007.1 mitochondrial basic amino acids transporter isoform X3 [Myotis myotis]
SLC25A20|Miniopterus_schreibersii|XP_081016794	XP_036172997.1	36.594	174	8.17e-52	XP_036172997.1 mitochondrial basic amino acids transporter isoform X2 [Myotis myotis]
SLC25A20|Miniopterus_schreibersii|XP_081016794	XP_036172997.1	31.658	99.4	1.65e-23	XP_036172997.1 mitochondrial basic amino acids transporter isoform X2 [Myotis myotis]
SLC25A20|Miniopterus_schreibersii|XP_081016794	XP_036172988.1	36.594	174	8.17e-52	XP_036172988.1 mitochondrial basic amino acids transporter isoform X2 [Myotis myotis]
SLC25A20|Miniopterus_schreibersii|XP_081016794	XP_036172988.1	31.658	99.4	1.65e-23	XP_036172988.1 mitochondrial basic amino acids transporter isoform X2 [Myotis myotis]
SLC25A20|Miniopterus_schreibersii|XP_081016794	XP_036172979.1	36.594	174	8.17e-52	XP_036172979.1 mitochondrial basic amino acids transporter isoform X2 [Myotis myotis]
SLC25A20|Miniopterus_schreibersii|XP_081016794	XP_036172979.1	31.658	99.4	1.65e-23	XP_036172979.1 mitochondrial basic amino acids transporter isoform X2 [Myotis myotis]
SLC25A20|Molossus_molossus|XP_036123197	XP_036189517.1	95.017	596	0.0	XP_036189517.1 mitochondrial carnitine/acylcarnitine carrier protein [Myotis myotis]
SLC25A20|Molossus_molossus|XP_036123197	XP_036173007.1	36.972	179	2.80e-54	XP_036173007.1 mitochondrial basic amino acids transporter isoform X3 [Myotis myotis]
SLC25A20|Molossus_molossus|XP_036123197	XP_036173007.1	32.020	98.2	3.24e-23	XP_036173007.1 mitochondrial basic amino acids transporter isoform X3 [Myotis myotis]
SLC25A20|Molossus_molossus|XP_036123197	XP_036172997.1	36.594	173	1.13e-51	XP_036172997.1 mitochondrial basic amino acids transporter isoform X2 [Myotis myotis]
SLC25A20|Molossus_molossus|XP_036123197	XP_036172997.1	32.020	98.2	3.68e-23	XP_036172997.1 mitochondrial basic amino acids transporter isoform X2 [Myotis myotis]
SLC25A20|Molossus_molossus|XP_036123197	XP_036172988.1	36.594	173	1.13e-51	XP_036172988.1 mitochondrial basic amino acids transporter isoform X2 [Myotis myotis]
SLC25A20|Molossus_molossus|XP_036123197	XP_036172988.1	32.020	98.2	3.68e-23	XP_036172988.1 mitochondrial basic amino acids transporter isoform X2 [Myotis myotis]
SLC25A20|Molossus_molossus|XP_036123197	XP_036172979.1	36.594	173	1.13e-51	XP_036172979.1 mitochondrial basic amino acids transporter isoform X2 [Myotis myotis]
SLC25A20|Molossus_molossus|XP_036123197	XP_036172979.1	32.020	98.2	3.68e-23	XP_036172979.1 mitochondrial basic amino acids transporter isoform X2 [Myotis myotis]
SLC25A20|Myotis_brandtii|XP_014394433	XP_036189517.1	99.668	614	0.0	XP_036189517.1 mitochondrial carnitine/acylcarnitine carrier protein [Myotis myotis]
SLC25A20|Myotis_brandtii|XP_014394433	XP_036173007.1	38.732	184	3.65e-56	XP_036173007.1 mitochondrial basic amino acids transporter isoform X3 [Myotis myotis]
SLC25A20|Myotis_brandtii|XP_014394433	XP_036173007.1	32.161	101	2.71e-24	XP_036173007.1 mitochondrial basic amino acids transporter isoform X3 [Myotis myotis]
SLC25A20|Myotis_brandtii|XP_014394433	XP_036172972.1	38.406	178	1.66e-53	XP_036172972.1 mitochondrial basic amino acids transporter isoform X1 [Myotis myotis]
SLC25A20|Myotis_brandtii|XP_014394433	XP_036172972.1	32.161	100	3.99e-24	XP_036172972.1 mitochondrial basic amino acids transporter isoform X1 [Myotis myotis]
SLC25A20|Myotis_brandtii|XP_014394433	XP_036172997.1	38.406	178	1.88e-53	XP_036172997.1 mitochondrial basic amino acids transporter isoform X2 [Myotis myotis]
SLC25A20|Myotis_brandtii|XP_014394433	XP_036172997.1	32.161	100	3.95e-24	XP_036172997.1 mitochondrial basic amino acids transporter isoform X2 [Myotis myotis]
SLC25A20|Myotis_brandtii|XP_014394433	XP_036172988.1	38.406	178	1.88e-53	XP_036172988.1 mitochondrial basic amino acids transporter isoform X2 [Myotis myotis]
SLC25A20|Myotis_brandtii|XP_014394433	XP_036172988.1	32.161	100	3.95e-24	XP_036172988.1 mitochondrial basic amino acids transporter isoform X2 [Myotis myotis]
SLC25A20|Myotis_daubentonii|XP_059520793	XP_036189517.1	99.668	614	0.0	XP_036189517.1 mitochondrial carnitine/acylcarnitine carrier protein [Myotis myotis]
SLC25A20|Myotis_daubentonii|XP_059520793	XP_036173007.1	38.732	184	3.61e-56	XP_036173007.1 mitochondrial basic amino acids transporter isoform X3 [Myotis myotis]
SLC25A20|Myotis_daubentonii|XP_059520793	XP_036173007.1	32.161	101	1.59e-24	XP_036173007.1 mitochondrial basic amino acids transporter isoform X3 [Myotis myotis]
SLC25A20|Myotis_daubentonii|XP_059520793	XP_036172997.1	38.406	178	1.44e-53	XP_036172997.1 mitochondrial basic amino acids transporter isoform X2 [Myotis myotis]
SLC25A20|Myotis_daubentonii|XP_059520793	XP_036172997.1	32.161	101	2.02e-24	XP_036172997.1 mitochondrial basic amino acids transporter isoform X2 [Myotis myotis]
SLC25A20|Myotis_daubentonii|XP_059520793	XP_036172988.1	38.406	178	1.44e-53	XP_036172988.1 mitochondrial basic amino acids transporter isoform X2 [Myotis myotis]
SLC25A20|Myotis_daubentonii|XP_059520793	XP_036172988.1	32.161	101	2.02e-24	XP_036172988.1 mitochondrial basic amino acids transporter isoform X2 [Myotis myotis]
SLC25A20|Myotis_daubentonii|XP_059520793	XP_036172979.1	38.406	178	1.44e-53	XP_036172979.1 mitochondrial basic amino acids transporter isoform X2 [Myotis myotis]
SLC25A20|Myotis_daubentonii|XP_059520793	XP_036172979.1	32.161	101	2.02e-24	XP_036172979.1 mitochondrial basic amino acids transporter isoform X2 [Myotis myotis]
SLC25A20|Myotis_davidii|XP_006770643	XP_036189517.1	92.937	505	0.0	XP_036189517.1 mitochondrial carnitine/acylcarnitine carrier protein [Myotis myotis]
SLC25A20|Myotis_davidii|XP_006770643	XP_036189517.1	39.535	51.6	5.95e-07	XP_036189517.1 mitochondrial carnitine/acylcarnitine carrier protein [Myotis myotis]
SLC25A20|Myotis_davidii|XP_006770643	XP_036173007.1	35.496	148	7.12e-42	XP_036173007.1 mitochondrial basic amino acids transporter isoform X3 [Myotis myotis]
SLC25A20|Myotis_davidii|XP_006770643	XP_036172997.1	35.496	147	1.30e-41	XP_036172997.1 mitochondrial basic amino acids transporter isoform X2 [Myotis myotis]
SLC25A20|Myotis_davidii|XP_006770643	XP_036172988.1	35.496	147	1.30e-41	XP_036172988.1 mitochondrial basic amino acids transporter isoform X2 [Myotis myotis]
SLC25A20|Myotis_davidii|XP_006770643	XP_036172979.1	35.496	147	1.30e-41	XP_036172979.1 mitochondrial basic amino acids transporter isoform X2 [Myotis myotis]
SLC25A20|Myotis_lucifugus|XP_006106178	XP_036189517.1	99.336	611	0.0	XP_036189517.1 mitochondrial carnitine/acylcarnitine carrier protein [Myotis myotis]
SLC25A20|Myotis_lucifugus|XP_006106178	XP_036173007.1	38.732	184	5.04e-56	XP_036173007.1 mitochondrial basic amino acids transporter isoform X3 [Myotis myotis]
SLC25A20|Myotis_lucifugus|XP_006106178	XP_036173007.1	32.161	101	2.58e-24	XP_036173007.1 mitochondrial basic amino acids transporter isoform X3 [Myotis myotis]
SLC25A20|Myotis_lucifugus|XP_006106178	XP_036172997.1	38.406	178	1.90e-53	XP_036172997.1 mitochondrial basic amino acids transporter isoform X2 [Myotis myotis]
SLC25A20|Myotis_lucifugus|XP_006106178	XP_036172997.1	32.161	101	3.23e-24	XP_036172997.1 mitochondrial basic amino acids transporter isoform X2 [Myotis myotis]
SLC25A20|Myotis_lucifugus|XP_006106178	XP_036172988.1	38.406	178	1.90e-53	XP_036172988.1 mitochondrial basic amino acids transporter isoform X2 [Myotis myotis]
SLC25A20|Myotis_lucifugus|XP_006106178	XP_036172988.1	32.161	101	3.23e-24	XP_036172988.1 mitochondrial basic amino acids transporter isoform X2 [Myotis myotis]
SLC25A20|Myotis_lucifugus|XP_006106178	XP_036172979.1	38.406	178	1.90e-53	XP_036172979.1 mitochondrial basic amino acids transporter isoform X2 [Myotis myotis]
SLC25A20|Myotis_lucifugus|XP_006106178	XP_036172979.1	32.161	101	3.23e-24	XP_036172979.1 mitochondrial basic amino acids transporter isoform X2 [Myotis myotis]
SLC25A20|Myotis_myotis|XP_036189517	XP_036189517.1	100.000	617	0.0	XP_036189517.1 mitochondrial carnitine/acylcarnitine carrier protein [Myotis myotis]
SLC25A20|Myotis_myotis|XP_036189517	XP_036173007.1	38.732	184	3.24e-56	XP_036173007.1 mitochondrial basic amino acids transporter isoform X3 [Myotis myotis]
SLC25A20|Myotis_myotis|XP_036189517	XP_036173007.1	32.663	103	2.13e-25	XP_036173007.1 mitochondrial basic amino acids transporter isoform X3 [Myotis myotis]
SLC25A20|Myotis_myotis|XP_036189517	XP_036172972.1	38.406	178	1.18e-53	XP_036172972.1 mitochondrial basic amino acids transporter isoform X1 [Myotis myotis]
SLC25A20|Myotis_myotis|XP_036189517	XP_036172972.1	32.663	103	2.95e-25	XP_036172972.1 mitochondrial basic amino acids transporter isoform X1 [Myotis myotis]
SLC25A20|Myotis_myotis|XP_036189517	XP_036172997.1	38.406	178	1.22e-53	XP_036172997.1 mitochondrial basic amino acids transporter isoform X2 [Myotis myotis]
SLC25A20|Myotis_myotis|XP_036189517	XP_036172997.1	32.663	103	2.55e-25	XP_036172997.1 mitochondrial basic amino acids transporter isoform X2 [Myotis myotis]
SLC25A20|Myotis_myotis|XP_036189517	XP_036172988.1	38.406	178	1.22e-53	XP_036172988.1 mitochondrial basic amino acids transporter isoform X2 [Myotis myotis]
SLC25A20|Myotis_myotis|XP_036189517	XP_036172988.1	32.663	103	2.55e-25	XP_036172988.1 mitochondrial basic amino acids transporter isoform X2 [Myotis myotis]
SLC25A20|Myotis_nattereri|XP_080962716	XP_036189517.1	99.336	613	0.0	XP_036189517.1 mitochondrial carnitine/acylcarnitine carrier protein [Myotis myotis]
SLC25A20|Myotis_nattereri|XP_080962716	XP_036173007.1	38.732	184	3.24e-56	XP_036173007.1 mitochondrial basic amino acids transporter isoform X3 [Myotis myotis]
SLC25A20|Myotis_nattereri|XP_080962716	XP_036173007.1	32.161	101	1.53e-24	XP_036173007.1 mitochondrial basic amino acids transporter isoform X3 [Myotis myotis]
SLC25A20|Myotis_nattereri|XP_080962716	XP_036172972.1	38.406	178	1.41e-53	XP_036172972.1 mitochondrial basic amino acids transporter isoform X1 [Myotis myotis]
SLC25A20|Myotis_nattereri|XP_080962716	XP_036172972.1	32.161	101	2.10e-24	XP_036172972.1 mitochondrial basic amino acids transporter isoform X1 [Myotis myotis]
SLC25A20|Myotis_nattereri|XP_080962716	XP_036172997.1	38.406	178	1.62e-53	XP_036172997.1 mitochondrial basic amino acids transporter isoform X2 [Myotis myotis]
SLC25A20|Myotis_nattereri|XP_080962716	XP_036172997.1	32.161	101	2.43e-24	XP_036172997.1 mitochondrial basic amino acids transporter isoform X2 [Myotis myotis]
SLC25A20|Myotis_nattereri|XP_080962716	XP_036172988.1	38.406	178	1.62e-53	XP_036172988.1 mitochondrial basic amino acids transporter isoform X2 [Myotis myotis]
SLC25A20|Myotis_nattereri|XP_080962716	XP_036172988.1	32.161	101	2.43e-24	XP_036172988.1 mitochondrial basic amino acids transporter isoform X2 [Myotis myotis]
SLC25A20|Myotis_yumanensis|XP_070247322	XP_036189517.1	99.668	614	0.0	XP_036189517.1 mitochondrial carnitine/acylcarnitine carrier protein [Myotis myotis]
SLC25A20|Myotis_yumanensis|XP_070247322	XP_036173007.1	38.732	184	3.61e-56	XP_036173007.1 mitochondrial basic amino acids transporter isoform X3 [Myotis myotis]
SLC25A20|Myotis_yumanensis|XP_070247322	XP_036173007.1	32.161	101	1.59e-24	XP_036173007.1 mitochondrial basic amino acids transporter isoform X3 [Myotis myotis]
SLC25A20|Myotis_yumanensis|XP_070247322	XP_036172997.1	38.406	178	1.44e-53	XP_036172997.1 mitochondrial basic amino acids transporter isoform X2 [Myotis myotis]
SLC25A20|Myotis_yumanensis|XP_070247322	XP_036172997.1	32.161	101	2.02e-24	XP_036172997.1 mitochondrial basic amino acids transporter isoform X2 [Myotis myotis]
SLC25A20|Myotis_yumanensis|XP_070247322	XP_036172988.1	38.406	178	1.44e-53	XP_036172988.1 mitochondrial basic amino acids transporter isoform X2 [Myotis myotis]
SLC25A20|Myotis_yumanensis|XP_070247322	XP_036172988.1	32.161	101	2.02e-24	XP_036172988.1 mitochondrial basic amino acids transporter isoform X2 [Myotis myotis]
SLC25A20|Myotis_yumanensis|XP_070247322	XP_036172979.1	38.406	178	1.44e-53	XP_036172979.1 mitochondrial basic amino acids transporter isoform X2 [Myotis myotis]
SLC25A20|Myotis_yumanensis|XP_070247322	XP_036172979.1	32.161	101	2.02e-24	XP_036172979.1 mitochondrial basic amino acids transporter isoform X2 [Myotis myotis]
SLC25A20|Phyllostomus_discolor|XP_028374688	XP_036189517.1	94.020	589	0.0	XP_036189517.1 mitochondrial carnitine/acylcarnitine carrier protein [Myotis myotis]
SLC25A20|Phyllostomus_discolor|XP_028374688	XP_036173007.1	38.028	181	7.24e-55	XP_036173007.1 mitochondrial basic amino acids transporter isoform X3 [Myotis myotis]
SLC25A20|Phyllostomus_discolor|XP_028374688	XP_036173007.1	31.658	98.6	2.37e-23	XP_036173007.1 mitochondrial basic amino acids transporter isoform X3 [Myotis myotis]
SLC25A20|Phyllostomus_discolor|XP_028374688	XP_036172997.1	37.681	175	2.38e-52	XP_036172997.1 mitochondrial basic amino acids transporter isoform X2 [Myotis myotis]
SLC25A20|Phyllostomus_discolor|XP_028374688	XP_036172997.1	31.658	98.6	2.53e-23	XP_036172997.1 mitochondrial basic amino acids transporter isoform X2 [Myotis myotis]
SLC25A20|Phyllostomus_discolor|XP_028374688	XP_036172988.1	37.681	175	2.38e-52	XP_036172988.1 mitochondrial basic amino acids transporter isoform X2 [Myotis myotis]
SLC25A20|Phyllostomus_discolor|XP_028374688	XP_036172988.1	31.658	98.6	2.53e-23	XP_036172988.1 mitochondrial basic amino acids transporter isoform X2 [Myotis myotis]
SLC25A20|Phyllostomus_discolor|XP_028374688	XP_036172979.1	37.681	175	2.38e-52	XP_036172979.1 mitochondrial basic amino acids transporter isoform X2 [Myotis myotis]
SLC25A20|Phyllostomus_discolor|XP_028374688	XP_036172979.1	31.658	98.6	2.53e-23	XP_036172979.1 mitochondrial basic amino acids transporter isoform X2 [Myotis myotis]
SLC25A20|Phyllostomus_hastatus|XP_045712887	XP_036189517.1	94.020	589	0.0	XP_036189517.1 mitochondrial carnitine/acylcarnitine carrier protein [Myotis myotis]
SLC25A20|Phyllostomus_hastatus|XP_045712887	XP_036173007.1	36.972	180	1.97e-54	XP_036173007.1 mitochondrial basic amino acids transporter isoform X3 [Myotis myotis]
SLC25A20|Phyllostomus_hastatus|XP_045712887	XP_036173007.1	31.658	98.6	2.70e-23	XP_036173007.1 mitochondrial basic amino acids transporter isoform X3 [Myotis myotis]
SLC25A20|Phyllostomus_hastatus|XP_045712887	XP_036172972.1	36.594	174	6.62e-52	XP_036172972.1 mitochondrial basic amino acids transporter isoform X1 [Myotis myotis]
SLC25A20|Phyllostomus_hastatus|XP_045712887	XP_036172972.1	31.658	98.6	3.45e-23	XP_036172972.1 mitochondrial basic amino acids transporter isoform X1 [Myotis myotis]
SLC25A20|Phyllostomus_hastatus|XP_045712887	XP_036172997.1	36.594	173	9.39e-52	XP_036172997.1 mitochondrial basic amino acids transporter isoform X2 [Myotis myotis]
SLC25A20|Phyllostomus_hastatus|XP_045712887	XP_036172997.1	31.658	98.6	2.83e-23	XP_036172997.1 mitochondrial basic amino acids transporter isoform X2 [Myotis myotis]
SLC25A20|Phyllostomus_hastatus|XP_045712887	XP_036172988.1	36.594	173	9.39e-52	XP_036172988.1 mitochondrial basic amino acids transporter isoform X2 [Myotis myotis]
SLC25A20|Phyllostomus_hastatus|XP_045712887	XP_036172988.1	31.658	98.6	2.83e-23	XP_036172988.1 mitochondrial basic amino acids transporter isoform X2 [Myotis myotis]
SLC25A20|Pipistrellus_kuhlii|XP_036288247	XP_036189517.1	96.346	595	0.0	XP_036189517.1 mitochondrial carnitine/acylcarnitine carrier protein [Myotis myotis]
SLC25A20|Pipistrellus_kuhlii|XP_036288247	XP_036173007.1	36.620	176	5.54e-53	XP_036173007.1 mitochondrial basic amino acids transporter isoform X3 [Myotis myotis]
SLC25A20|Pipistrellus_kuhlii|XP_036288247	XP_036173007.1	32.663	103	5.24e-25	XP_036173007.1 mitochondrial basic amino acids transporter isoform X3 [Myotis myotis]
SLC25A20|Pipistrellus_kuhlii|XP_036288247	XP_036172972.1	36.232	170	2.33e-50	XP_036172972.1 mitochondrial basic amino acids transporter isoform X1 [Myotis myotis]
SLC25A20|Pipistrellus_kuhlii|XP_036288247	XP_036172972.1	32.663	103	7.15e-25	XP_036172972.1 mitochondrial basic amino acids transporter isoform X1 [Myotis myotis]
SLC25A20|Pipistrellus_kuhlii|XP_036288247	XP_036172997.1	36.232	169	2.98e-50	XP_036172997.1 mitochondrial basic amino acids transporter isoform X2 [Myotis myotis]
SLC25A20|Pipistrellus_kuhlii|XP_036288247	XP_036172997.1	32.663	103	6.53e-25	XP_036172997.1 mitochondrial basic amino acids transporter isoform X2 [Myotis myotis]
SLC25A20|Pipistrellus_kuhlii|XP_036288247	XP_036172988.1	36.232	169	2.98e-50	XP_036172988.1 mitochondrial basic amino acids transporter isoform X2 [Myotis myotis]
SLC25A20|Pipistrellus_kuhlii|XP_036288247	XP_036172988.1	32.663	103	6.53e-25	XP_036172988.1 mitochondrial basic amino acids transporter isoform X2 [Myotis myotis]
SLC25A20|Plecotus_auritus|XP_080529683	XP_036189517.1	98.007	605	0.0	XP_036189517.1 mitochondrial carnitine/acylcarnitine carrier protein [Myotis myotis]
SLC25A20|Plecotus_auritus|XP_080529683	XP_036173007.1	38.028	182	2.13e-55	XP_036173007.1 mitochondrial basic amino acids transporter isoform X3 [Myotis myotis]
SLC25A20|Plecotus_auritus|XP_080529683	XP_036173007.1	31.658	99.4	1.33e-23	XP_036173007.1 mitochondrial basic amino acids transporter isoform X3 [Myotis myotis]
SLC25A20|Plecotus_auritus|XP_080529683	XP_036172997.1	37.681	176	8.89e-53	XP_036172997.1 mitochondrial basic amino acids transporter isoform X2 [Myotis myotis]
SLC25A20|Plecotus_auritus|XP_080529683	XP_036172997.1	31.658	99.4	1.69e-23	XP_036172997.1 mitochondrial basic amino acids transporter isoform X2 [Myotis myotis]
SLC25A20|Plecotus_auritus|XP_080529683	XP_036172988.1	37.681	176	8.89e-53	XP_036172988.1 mitochondrial basic amino acids transporter isoform X2 [Myotis myotis]
SLC25A20|Plecotus_auritus|XP_080529683	XP_036172988.1	31.658	99.4	1.69e-23	XP_036172988.1 mitochondrial basic amino acids transporter isoform X2 [Myotis myotis]
SLC25A20|Plecotus_auritus|XP_080529683	XP_036172979.1	37.681	176	8.89e-53	XP_036172979.1 mitochondrial basic amino acids transporter isoform X2 [Myotis myotis]
SLC25A20|Plecotus_auritus|XP_080529683	XP_036172979.1	31.658	99.4	1.69e-23	XP_036172979.1 mitochondrial basic amino acids transporter isoform X2 [Myotis myotis]
SLC25A20|Pteronotus_mesoamericanus|XP_054450481	XP_036189517.1	95.349	596	0.0	XP_036189517.1 mitochondrial carnitine/acylcarnitine carrier protein [Myotis myotis]
SLC25A20|Pteronotus_mesoamericanus|XP_054450481	XP_036173007.1	37.324	182	4.10e-55	XP_036173007.1 mitochondrial basic amino acids transporter isoform X3 [Myotis myotis]
SLC25A20|Pteronotus_mesoamericanus|XP_054450481	XP_036173007.1	31.658	99.4	1.40e-23	XP_036173007.1 mitochondrial basic amino acids transporter isoform X3 [Myotis myotis]
SLC25A20|Pteronotus_mesoamericanus|XP_054450481	XP_036172972.1	36.957	176	1.54e-52	XP_036172972.1 mitochondrial basic amino acids transporter isoform X1 [Myotis myotis]
SLC25A20|Pteronotus_mesoamericanus|XP_054450481	XP_036172972.1	31.658	99.0	1.96e-23	XP_036172972.1 mitochondrial basic amino acids transporter isoform X1 [Myotis myotis]
SLC25A20|Pteronotus_mesoamericanus|XP_054450481	XP_036172997.1	36.957	175	1.82e-52	XP_036172997.1 mitochondrial basic amino acids transporter isoform X2 [Myotis myotis]
SLC25A20|Pteronotus_mesoamericanus|XP_054450481	XP_036172997.1	31.658	99.4	1.65e-23	XP_036172997.1 mitochondrial basic amino acids transporter isoform X2 [Myotis myotis]
SLC25A20|Pteronotus_mesoamericanus|XP_054450481	XP_036172988.1	36.957	175	1.82e-52	XP_036172988.1 mitochondrial basic amino acids transporter isoform X2 [Myotis myotis]
SLC25A20|Pteronotus_mesoamericanus|XP_054450481	XP_036172988.1	31.658	99.4	1.65e-23	XP_036172988.1 mitochondrial basic amino acids transporter isoform X2 [Myotis myotis]
SLC25A20|Pteropus_alecto|XP_006909126	XP_036189517.1	90.615	577	0.0	XP_036189517.1 mitochondrial carnitine/acylcarnitine carrier protein [Myotis myotis]
SLC25A20|Pteropus_alecto|XP_006909126	XP_036173007.1	36.986	180	2.95e-54	XP_036173007.1 mitochondrial basic amino acids transporter isoform X3 [Myotis myotis]
SLC25A20|Pteropus_alecto|XP_006909126	XP_036173007.1	32.044	97.8	5.17e-23	XP_036173007.1 mitochondrial basic amino acids transporter isoform X3 [Myotis myotis]
SLC25A20|Pteropus_alecto|XP_006909126	XP_036172997.1	36.333	174	6.92e-52	XP_036172997.1 mitochondrial basic amino acids transporter isoform X2 [Myotis myotis]
SLC25A20|Pteropus_alecto|XP_006909126	XP_036172988.1	36.333	174	6.92e-52	XP_036172988.1 mitochondrial basic amino acids transporter isoform X2 [Myotis myotis]
SLC25A20|Pteropus_alecto|XP_006909126	XP_036172979.1	36.333	174	6.92e-52	XP_036172979.1 mitochondrial basic amino acids transporter isoform X2 [Myotis myotis]
SLC25A20|Pteropus_medius|XP_039693620	XP_036189517.1	93.688	588	0.0	XP_036189517.1 mitochondrial carnitine/acylcarnitine carrier protein [Myotis myotis]
SLC25A20|Pteropus_medius|XP_039693620	XP_036173007.1	38.028	183	1.28e-55	XP_036173007.1 mitochondrial basic amino acids transporter isoform X3 [Myotis myotis]
SLC25A20|Pteropus_medius|XP_039693620	XP_036173007.1	31.658	99.4	1.31e-23	XP_036173007.1 mitochondrial basic amino acids transporter isoform X3 [Myotis myotis]
SLC25A20|Pteropus_medius|XP_039693620	XP_036172997.1	37.329	177	3.54e-53	XP_036172997.1 mitochondrial basic amino acids transporter isoform X2 [Myotis myotis]
SLC25A20|Pteropus_medius|XP_039693620	XP_036172988.1	37.329	177	3.54e-53	XP_036172988.1 mitochondrial basic amino acids transporter isoform X2 [Myotis myotis]
SLC25A20|Pteropus_medius|XP_039693620	XP_036172979.1	37.329	177	3.54e-53	XP_036172979.1 mitochondrial basic amino acids transporter isoform X2 [Myotis myotis]
SLC25A20|Pteropus_vampyrus|XP_011373687	XP_036189517.1	93.688	588	0.0	XP_036189517.1 mitochondrial carnitine/acylcarnitine carrier protein [Myotis myotis]
SLC25A20|Pteropus_vampyrus|XP_011373687	XP_036173007.1	38.028	183	1.28e-55	XP_036173007.1 mitochondrial basic amino acids transporter isoform X3 [Myotis myotis]
SLC25A20|Pteropus_vampyrus|XP_011373687	XP_036173007.1	31.658	99.4	1.31e-23	XP_036173007.1 mitochondrial basic amino acids transporter isoform X3 [Myotis myotis]
SLC25A20|Pteropus_vampyrus|XP_011373687	XP_036172997.1	37.329	177	3.54e-53	XP_036172997.1 mitochondrial basic amino acids transporter isoform X2 [Myotis myotis]
SLC25A20|Pteropus_vampyrus|XP_011373687	XP_036172988.1	37.329	177	3.54e-53	XP_036172988.1 mitochondrial basic amino acids transporter isoform X2 [Myotis myotis]
SLC25A20|Pteropus_vampyrus|XP_011373687	XP_036172979.1	37.329	177	3.54e-53	XP_036172979.1 mitochondrial basic amino acids transporter isoform X2 [Myotis myotis]
SLC25A20|Rhinolophus_ferrumequinum|XP_032987988	XP_036189517.1	94.020	585	0.0	XP_036189517.1 mitochondrial carnitine/acylcarnitine carrier protein [Myotis myotis]
SLC25A20|Rhinolophus_ferrumequinum|XP_032987988	XP_036173007.1	37.324	184	4.02e-56	XP_036173007.1 mitochondrial basic amino acids transporter isoform X3 [Myotis myotis]
SLC25A20|Rhinolophus_ferrumequinum|XP_032987988	XP_036173007.1	31.658	99.0	1.54e-23	XP_036173007.1 mitochondrial basic amino acids transporter isoform X3 [Myotis myotis]
SLC25A20|Rhinolophus_ferrumequinum|XP_032987988	XP_036172972.1	36.957	179	1.13e-53	XP_036172972.1 mitochondrial basic amino acids transporter isoform X1 [Myotis myotis]
SLC25A20|Rhinolophus_ferrumequinum|XP_032987988	XP_036172972.1	31.658	99.4	1.75e-23	XP_036172972.1 mitochondrial basic amino acids transporter isoform X1 [Myotis myotis]
SLC25A20|Rhinolophus_ferrumequinum|XP_032987988	XP_036172997.1	36.957	178	1.47e-53	XP_036172997.1 mitochondrial basic amino acids transporter isoform X2 [Myotis myotis]
SLC25A20|Rhinolophus_ferrumequinum|XP_032987988	XP_036172997.1	31.658	99.4	1.56e-23	XP_036172997.1 mitochondrial basic amino acids transporter isoform X2 [Myotis myotis]
SLC25A20|Rhinolophus_ferrumequinum|XP_032987988	XP_036172988.1	36.957	178	1.47e-53	XP_036172988.1 mitochondrial basic amino acids transporter isoform X2 [Myotis myotis]
SLC25A20|Rhinolophus_ferrumequinum|XP_032987988	XP_036172988.1	31.658	99.4	1.56e-23	XP_036172988.1 mitochondrial basic amino acids transporter isoform X2 [Myotis myotis]
SLC25A20|Rhinolophus_hipposideros|XP_080928162	XP_036189517.1	93.688	585	0.0	XP_036189517.1 mitochondrial carnitine/acylcarnitine carrier protein [Myotis myotis]
SLC25A20|Rhinolophus_hipposideros|XP_080928162	XP_036173007.1	37.456	184	3.42e-56	XP_036173007.1 mitochondrial basic amino acids transporter isoform X3 [Myotis myotis]
SLC25A20|Rhinolophus_hipposideros|XP_080928162	XP_036173007.1	32.020	98.2	3.66e-23	XP_036173007.1 mitochondrial basic amino acids transporter isoform X3 [Myotis myotis]
SLC25A20|Rhinolophus_hipposideros|XP_080928162	XP_036172972.1	37.091	178	1.22e-53	XP_036172972.1 mitochondrial basic amino acids transporter isoform X1 [Myotis myotis]
SLC25A20|Rhinolophus_hipposideros|XP_080928162	XP_036172972.1	32.020	98.2	4.67e-23	XP_036172972.1 mitochondrial basic amino acids transporter isoform X1 [Myotis myotis]
SLC25A20|Rhinolophus_hipposideros|XP_080928162	XP_036172997.1	37.091	178	1.52e-53	XP_036172997.1 mitochondrial basic amino acids transporter isoform X2 [Myotis myotis]
SLC25A20|Rhinolophus_hipposideros|XP_080928162	XP_036172997.1	32.020	98.2	3.83e-23	XP_036172997.1 mitochondrial basic amino acids transporter isoform X2 [Myotis myotis]
SLC25A20|Rhinolophus_hipposideros|XP_080928162	XP_036172988.1	37.091	178	1.52e-53	XP_036172988.1 mitochondrial basic amino acids transporter isoform X2 [Myotis myotis]
SLC25A20|Rhinolophus_hipposideros|XP_080928162	XP_036172988.1	32.020	98.2	3.83e-23	XP_036172988.1 mitochondrial basic amino acids transporter isoform X2 [Myotis myotis]
SLC25A20|Rhinolophus_sinicus|XP_019579475	XP_036189517.1	94.352	589	0.0	XP_036189517.1 mitochondrial carnitine/acylcarnitine carrier protein [Myotis myotis]
SLC25A20|Rhinolophus_sinicus|XP_019579475	XP_036173007.1	37.324	184	6.96e-56	XP_036173007.1 mitochondrial basic amino acids transporter isoform X3 [Myotis myotis]
SLC25A20|Rhinolophus_sinicus|XP_019579475	XP_036173007.1	32.161	101	1.73e-24	XP_036173007.1 mitochondrial basic amino acids transporter isoform X3 [Myotis myotis]
SLC25A20|Rhinolophus_sinicus|XP_019579475	XP_036172972.1	36.957	178	2.13e-53	XP_036172972.1 mitochondrial basic amino acids transporter isoform X1 [Myotis myotis]
SLC25A20|Rhinolophus_sinicus|XP_019579475	XP_036172972.1	32.161	101	2.04e-24	XP_036172972.1 mitochondrial basic amino acids transporter isoform X1 [Myotis myotis]
SLC25A20|Rhinolophus_sinicus|XP_019579475	XP_036172997.1	36.957	177	2.68e-53	XP_036172997.1 mitochondrial basic amino acids transporter isoform X2 [Myotis myotis]
SLC25A20|Rhinolophus_sinicus|XP_019579475	XP_036172997.1	32.161	101	1.90e-24	XP_036172997.1 mitochondrial basic amino acids transporter isoform X2 [Myotis myotis]
SLC25A20|Rhinolophus_sinicus|XP_019579475	XP_036172988.1	36.957	177	2.68e-53	XP_036172988.1 mitochondrial basic amino acids transporter isoform X2 [Myotis myotis]
SLC25A20|Rhinolophus_sinicus|XP_019579475	XP_036172988.1	32.161	101	1.90e-24	XP_036172988.1 mitochondrial basic amino acids transporter isoform X2 [Myotis myotis]
SLC25A20|Rousettus_aegyptiacus|XP_016005364	XP_036189517.1	94.684	592	0.0	XP_036189517.1 mitochondrial carnitine/acylcarnitine carrier protein [Myotis myotis]
SLC25A20|Rousettus_aegyptiacus|XP_016005364	XP_036173007.1	38.028	182	3.80e-55	XP_036173007.1 mitochondrial basic amino acids transporter isoform X3 [Myotis myotis]
SLC25A20|Rousettus_aegyptiacus|XP_016005364	XP_036173007.1	31.658	98.2	2.84e-23	XP_036173007.1 mitochondrial basic amino acids transporter isoform X3 [Myotis myotis]
SLC25A20|Rousettus_aegyptiacus|XP_016005364	XP_036172997.1	37.329	176	9.09e-53	XP_036172997.1 mitochondrial basic amino acids transporter isoform X2 [Myotis myotis]
SLC25A20|Rousettus_aegyptiacus|XP_016005364	XP_036172988.1	37.329	176	9.09e-53	XP_036172988.1 mitochondrial basic amino acids transporter isoform X2 [Myotis myotis]
SLC25A20|Rousettus_aegyptiacus|XP_016005364	XP_036172979.1	37.329	176	9.09e-53	XP_036172979.1 mitochondrial basic amino acids transporter isoform X2 [Myotis myotis]
SLC25A20|Saccopteryx_bilineata|XP_066101425	XP_036189517.1	94.020	592	0.0	XP_036189517.1 mitochondrial carnitine/acylcarnitine carrier protein [Myotis myotis]
SLC25A20|Saccopteryx_bilineata|XP_066101425	XP_036173007.1	36.972	180	1.47e-54	XP_036173007.1 mitochondrial basic amino acids transporter isoform X3 [Myotis myotis]
SLC25A20|Saccopteryx_bilineata|XP_066101425	XP_036173007.1	32.663	100	5.42e-24	XP_036173007.1 mitochondrial basic amino acids transporter isoform X3 [Myotis myotis]
SLC25A20|Saccopteryx_bilineata|XP_066101425	XP_036172972.1	36.594	174	7.06e-52	XP_036172972.1 mitochondrial basic amino acids transporter isoform X1 [Myotis myotis]
SLC25A20|Saccopteryx_bilineata|XP_066101425	XP_036172972.1	32.663	100	8.79e-24	XP_036172972.1 mitochondrial basic amino acids transporter isoform X1 [Myotis myotis]
SLC25A20|Saccopteryx_bilineata|XP_066101425	XP_036172997.1	36.594	173	1.06e-51	XP_036172997.1 mitochondrial basic amino acids transporter isoform X2 [Myotis myotis]
SLC25A20|Saccopteryx_bilineata|XP_066101425	XP_036172997.1	32.663	100	8.05e-24	XP_036172997.1 mitochondrial basic amino acids transporter isoform X2 [Myotis myotis]
SLC25A20|Saccopteryx_bilineata|XP_066101425	XP_036172988.1	36.594	173	1.06e-51	XP_036172988.1 mitochondrial basic amino acids transporter isoform X2 [Myotis myotis]
SLC25A20|Saccopteryx_bilineata|XP_066101425	XP_036172988.1	32.663	100	8.05e-24	XP_036172988.1 mitochondrial basic amino acids transporter isoform X2 [Myotis myotis]
SLC25A20|Saccopteryx_leptura|XP_066207387	XP_036189517.1	94.352	593	0.0	XP_036189517.1 mitochondrial carnitine/acylcarnitine carrier protein [Myotis myotis]
SLC25A20|Saccopteryx_leptura|XP_066207387	XP_036173007.1	36.972	181	1.23e-54	XP_036173007.1 mitochondrial basic amino acids transporter isoform X3 [Myotis myotis]
SLC25A20|Saccopteryx_leptura|XP_066207387	XP_036173007.1	32.161	99.4	1.42e-23	XP_036173007.1 mitochondrial basic amino acids transporter isoform X3 [Myotis myotis]
SLC25A20|Saccopteryx_leptura|XP_066207387	XP_036172972.1	36.594	174	5.58e-52	XP_036172972.1 mitochondrial basic amino acids transporter isoform X1 [Myotis myotis]
SLC25A20|Saccopteryx_leptura|XP_066207387	XP_036172972.1	32.161	99.0	2.08e-23	XP_036172972.1 mitochondrial basic amino acids transporter isoform X1 [Myotis myotis]
SLC25A20|Saccopteryx_leptura|XP_066207387	XP_036172997.1	36.594	174	5.80e-52	XP_036172997.1 mitochondrial basic amino acids transporter isoform X2 [Myotis myotis]
SLC25A20|Saccopteryx_leptura|XP_066207387	XP_036172997.1	32.161	99.4	1.60e-23	XP_036172997.1 mitochondrial basic amino acids transporter isoform X2 [Myotis myotis]
SLC25A20|Saccopteryx_leptura|XP_066207387	XP_036172988.1	36.594	174	5.80e-52	XP_036172988.1 mitochondrial basic amino acids transporter isoform X2 [Myotis myotis]
SLC25A20|Saccopteryx_leptura|XP_066207387	XP_036172988.1	32.161	99.4	1.60e-23	XP_036172988.1 mitochondrial basic amino acids transporter isoform X2 [Myotis myotis]
SLC25A20|Sturnira_hondurensis|XP_036905683	XP_036189517.1	93.688	588	0.0	XP_036189517.1 mitochondrial carnitine/acylcarnitine carrier protein [Myotis myotis]
SLC25A20|Sturnira_hondurensis|XP_036905683	XP_036173007.1	38.380	182	3.84e-55	XP_036173007.1 mitochondrial basic amino acids transporter isoform X3 [Myotis myotis]
SLC25A20|Sturnira_hondurensis|XP_036905683	XP_036173007.1	32.161	99.8	9.78e-24	XP_036173007.1 mitochondrial basic amino acids transporter isoform X3 [Myotis myotis]
SLC25A20|Sturnira_hondurensis|XP_036905683	XP_036172972.1	38.043	176	1.27e-52	XP_036172972.1 mitochondrial basic amino acids transporter isoform X1 [Myotis myotis]
SLC25A20|Sturnira_hondurensis|XP_036905683	XP_036172972.1	32.161	99.8	1.25e-23	XP_036172972.1 mitochondrial basic amino acids transporter isoform X1 [Myotis myotis]
SLC25A20|Sturnira_hondurensis|XP_036905683	XP_036172997.1	38.043	176	1.29e-52	XP_036172997.1 mitochondrial basic amino acids transporter isoform X2 [Myotis myotis]
SLC25A20|Sturnira_hondurensis|XP_036905683	XP_036172997.1	32.161	99.8	1.22e-23	XP_036172997.1 mitochondrial basic amino acids transporter isoform X2 [Myotis myotis]
SLC25A20|Sturnira_hondurensis|XP_036905683	XP_036172988.1	38.043	176	1.29e-52	XP_036172988.1 mitochondrial basic amino acids transporter isoform X2 [Myotis myotis]
SLC25A20|Sturnira_hondurensis|XP_036905683	XP_036172988.1	32.161	99.8	1.22e-23	XP_036172988.1 mitochondrial basic amino acids transporter isoform X2 [Myotis myotis]
SOS1|Artibeus_jamaicensis|XP_053522831	XP_036190675.1	98.200	2705	0.0	XP_036190675.1 son of sevenless homolog 1 isoform X1 [Myotis myotis]
SOS1|Artibeus_jamaicensis|XP_053522831	XP_036190676.1	97.074	2666	0.0	XP_036190676.1 son of sevenless homolog 1 isoform X2 [Myotis myotis]
SOS1|Artibeus_jamaicensis|XP_053522831	XP_036190677.1	95.274	2602	0.0	XP_036190677.1 son of sevenless homolog 1 isoform X3 [Myotis myotis]
SOS1|Artibeus_jamaicensis|XP_053522831	XP_036162111.1	73.067	1743	0.0	XP_036162111.1 son of sevenless homolog 2 isoform X10 [Myotis myotis]
SOS1|Artibeus_jamaicensis|XP_053522831	XP_036162108.1	72.438	1734	0.0	XP_036162108.1 son of sevenless homolog 2 isoform X9 [Myotis myotis]
SOS1|Cnephaeus_nilssonii|XP_079648379	XP_036190675.1	99.625	2734	0.0	XP_036190675.1 son of sevenless homolog 1 isoform X1 [Myotis myotis]
SOS1|Cnephaeus_nilssonii|XP_079648379	XP_036190676.1	98.500	2694	0.0	XP_036190676.1 son of sevenless homolog 1 isoform X2 [Myotis myotis]
SOS1|Cnephaeus_nilssonii|XP_079648379	XP_036190677.1	96.699	2633	0.0	XP_036190677.1 son of sevenless homolog 1 isoform X3 [Myotis myotis]
SOS1|Cnephaeus_nilssonii|XP_079648379	XP_036162111.1	73.154	1746	0.0	XP_036162111.1 son of sevenless homolog 2 isoform X10 [Myotis myotis]
SOS1|Cnephaeus_nilssonii|XP_079648379	XP_036162108.1	72.524	1737	0.0	XP_036162108.1 son of sevenless homolog 2 isoform X9 [Myotis myotis]
SOS1|Desmodus_rotundus|XP_024408671	XP_036190675.1	98.350	2710	0.0	XP_036190675.1 son of sevenless homolog 1 isoform X1 [Myotis myotis]
SOS1|Desmodus_rotundus|XP_024408671	XP_036190676.1	97.224	2670	0.0	XP_036190676.1 son of sevenless homolog 1 isoform X2 [Myotis myotis]
SOS1|Desmodus_rotundus|XP_024408671	XP_036190677.1	95.424	2611	0.0	XP_036190677.1 son of sevenless homolog 1 isoform X3 [Myotis myotis]
SOS1|Desmodus_rotundus|XP_024408671	XP_036162111.1	72.980	1742	0.0	XP_036162111.1 son of sevenless homolog 2 isoform X10 [Myotis myotis]
SOS1|Desmodus_rotundus|XP_024408671	XP_036162108.1	72.351	1733	0.0	XP_036162108.1 son of sevenless homolog 2 isoform X9 [Myotis myotis]
SOS1|Eptesicus_fuscus|XP_054584431	XP_036190675.1	99.400	2729	0.0	XP_036190675.1 son of sevenless homolog 1 isoform X1 [Myotis myotis]
SOS1|Eptesicus_fuscus|XP_054584431	XP_036190676.1	98.275	2691	0.0	XP_036190676.1 son of sevenless homolog 1 isoform X2 [Myotis myotis]
SOS1|Eptesicus_fuscus|XP_054584431	XP_036190677.1	96.474	2628	0.0	XP_036190677.1 son of sevenless homolog 1 isoform X3 [Myotis myotis]
SOS1|Eptesicus_fuscus|XP_054584431	XP_036162111.1	73.154	1745	0.0	XP_036162111.1 son of sevenless homolog 2 isoform X10 [Myotis myotis]
SOS1|Eptesicus_fuscus|XP_054584431	XP_036162108.1	72.524	1737	0.0	XP_036162108.1 son of sevenless homolog 2 isoform X9 [Myotis myotis]
SOS1|Hipposideros_armiger|XP_019503342	XP_036190675.1	99.100	2721	0.0	XP_036190675.1 son of sevenless homolog 1 isoform X1 [Myotis myotis]
SOS1|Hipposideros_armiger|XP_019503342	XP_036190676.1	97.974	2681	0.0	XP_036190676.1 son of sevenless homolog 1 isoform X2 [Myotis myotis]
SOS1|Hipposideros_armiger|XP_019503342	XP_036190677.1	96.174	2619	0.0	XP_036190677.1 son of sevenless homolog 1 isoform X3 [Myotis myotis]
SOS1|Hipposideros_armiger|XP_019503342	XP_036162111.1	73.154	1742	0.0	XP_036162111.1 son of sevenless homolog 2 isoform X10 [Myotis myotis]
SOS1|Hipposideros_armiger|XP_019503342	XP_036162108.1	72.524	1734	0.0	XP_036162108.1 son of sevenless homolog 2 isoform X9 [Myotis myotis]
SOS1|Miniopterus_natalensis|XP_016074427	XP_036190675.1	99.451	2619	0.0	XP_036190675.1 son of sevenless homolog 1 isoform X1 [Myotis myotis]
SOS1|Miniopterus_natalensis|XP_016074427	XP_036190676.1	98.276	2580	0.0	XP_036190676.1 son of sevenless homolog 1 isoform X2 [Myotis myotis]
SOS1|Miniopterus_natalensis|XP_016074427	XP_036190677.1	96.395	2519	0.0	XP_036190677.1 son of sevenless homolog 1 isoform X3 [Myotis myotis]
SOS1|Miniopterus_natalensis|XP_016074427	XP_036162111.1	73.559	1661	0.0	XP_036162111.1 son of sevenless homolog 2 isoform X10 [Myotis myotis]
SOS1|Miniopterus_natalensis|XP_016074427	XP_036162062.1	73.559	1658	0.0	XP_036162062.1 son of sevenless homolog 2 isoform X2 [Myotis myotis]
SOS1|Miniopterus_schreibersii|XP_081013220	XP_036190675.1	99.325	2731	0.0	XP_036190675.1 son of sevenless homolog 1 isoform X1 [Myotis myotis]
SOS1|Miniopterus_schreibersii|XP_081013220	XP_036190676.1	98.200	2691	0.0	XP_036190676.1 son of sevenless homolog 1 isoform X2 [Myotis myotis]
SOS1|Miniopterus_schreibersii|XP_081013220	XP_036190677.1	96.399	2630	0.0	XP_036190677.1 son of sevenless homolog 1 isoform X3 [Myotis myotis]
SOS1|Miniopterus_schreibersii|XP_081013220	XP_036162111.1	73.241	1741	0.0	XP_036162111.1 son of sevenless homolog 2 isoform X10 [Myotis myotis]
SOS1|Miniopterus_schreibersii|XP_081013220	XP_036162108.1	72.610	1734	0.0	XP_036162108.1 son of sevenless homolog 2 isoform X9 [Myotis myotis]
SOS1|Molossus_molossus|XP_036119131	XP_036190675.1	99.175	2726	0.0	XP_036190675.1 son of sevenless homolog 1 isoform X1 [Myotis myotis]
SOS1|Molossus_molossus|XP_036119131	XP_036190676.1	98.125	2688	0.0	XP_036190676.1 son of sevenless homolog 1 isoform X2 [Myotis myotis]
SOS1|Molossus_molossus|XP_036119131	XP_036190677.1	96.249	2624	0.0	XP_036190677.1 son of sevenless homolog 1 isoform X3 [Myotis myotis]
SOS1|Molossus_molossus|XP_036119131	XP_036162111.1	73.154	1741	0.0	XP_036162111.1 son of sevenless homolog 2 isoform X10 [Myotis myotis]
SOS1|Molossus_molossus|XP_036119131	XP_036162108.1	72.524	1734	0.0	XP_036162108.1 son of sevenless homolog 2 isoform X9 [Myotis myotis]
SOS1|Myotis_brandtii|XP_014393919	XP_036190675.1	99.466	2686	0.0	XP_036190675.1 son of sevenless homolog 1 isoform X1 [Myotis myotis]
SOS1|Myotis_brandtii|XP_014393919	XP_036190676.1	98.321	2646	0.0	XP_036190676.1 son of sevenless homolog 1 isoform X2 [Myotis myotis]
SOS1|Myotis_brandtii|XP_014393919	XP_036190677.1	96.489	2586	0.0	XP_036190677.1 son of sevenless homolog 1 isoform X3 [Myotis myotis]
SOS1|Myotis_brandtii|XP_014393919	XP_036162111.1	72.930	1695	0.0	XP_036162111.1 son of sevenless homolog 2 isoform X10 [Myotis myotis]
SOS1|Myotis_brandtii|XP_014393919	XP_036162062.1	72.995	1690	0.0	XP_036162062.1 son of sevenless homolog 2 isoform X2 [Myotis myotis]
SOS1|Myotis_daubentonii|XP_059516032	XP_036190675.1	99.850	2741	0.0	XP_036190675.1 son of sevenless homolog 1 isoform X1 [Myotis myotis]
SOS1|Myotis_daubentonii|XP_059516032	XP_036190676.1	98.725	2701	0.0	XP_036190676.1 son of sevenless homolog 1 isoform X2 [Myotis myotis]
SOS1|Myotis_daubentonii|XP_059516032	XP_036190677.1	96.924	2642	0.0	XP_036190677.1 son of sevenless homolog 1 isoform X3 [Myotis myotis]
SOS1|Myotis_daubentonii|XP_059516032	XP_036162111.1	73.154	1745	0.0	XP_036162111.1 son of sevenless homolog 2 isoform X10 [Myotis myotis]
SOS1|Myotis_daubentonii|XP_059516032	XP_036162108.1	72.524	1736	0.0	XP_036162108.1 son of sevenless homolog 2 isoform X9 [Myotis myotis]
SOS1|Myotis_davidii|XP_015414361	XP_036190675.1	99.843	2628	0.0	XP_036190675.1 son of sevenless homolog 1 isoform X1 [Myotis myotis]
SOS1|Myotis_davidii|XP_015414361	XP_036190676.1	98.668	2589	0.0	XP_036190676.1 son of sevenless homolog 1 isoform X2 [Myotis myotis]
SOS1|Myotis_davidii|XP_015414361	XP_036190677.1	96.787	2528	0.0	XP_036190677.1 son of sevenless homolog 1 isoform X3 [Myotis myotis]
SOS1|Myotis_davidii|XP_015414361	XP_036162111.1	73.468	1660	0.0	XP_036162111.1 son of sevenless homolog 2 isoform X10 [Myotis myotis]
SOS1|Myotis_davidii|XP_015414361	XP_036162062.1	73.468	1657	0.0	XP_036162062.1 son of sevenless homolog 2 isoform X2 [Myotis myotis]
SOS1|Myotis_lucifugus|XP_023601950	XP_036190675.1	99.847	2680	0.0	XP_036190675.1 son of sevenless homolog 1 isoform X1 [Myotis myotis]
SOS1|Myotis_lucifugus|XP_023601950	XP_036190676.1	98.696	2642	0.0	XP_036190676.1 son of sevenless homolog 1 isoform X2 [Myotis myotis]
SOS1|Myotis_lucifugus|XP_023601950	XP_036190677.1	96.856	2581	0.0	XP_036190677.1 son of sevenless homolog 1 isoform X3 [Myotis myotis]
SOS1|Myotis_lucifugus|XP_023601950	XP_036162111.1	72.995	1696	0.0	XP_036162111.1 son of sevenless homolog 2 isoform X10 [Myotis myotis]
SOS1|Myotis_lucifugus|XP_023601950	XP_036162062.1	72.995	1692	0.0	XP_036162062.1 son of sevenless homolog 2 isoform X2 [Myotis myotis]
SOS1|Myotis_myotis|XP_036190675	XP_036190675.1	100.000	2746	0.0	XP_036190675.1 son of sevenless homolog 1 isoform X1 [Myotis myotis]
SOS1|Myotis_myotis|XP_036190675	XP_036190676.1	98.875	2706	0.0	XP_036190676.1 son of sevenless homolog 1 isoform X2 [Myotis myotis]
SOS1|Myotis_myotis|XP_036190675	XP_036190677.1	97.074	2646	0.0	XP_036190677.1 son of sevenless homolog 1 isoform X3 [Myotis myotis]
SOS1|Myotis_myotis|XP_036190675	XP_036162111.1	73.067	1742	0.0	XP_036162111.1 son of sevenless homolog 2 isoform X10 [Myotis myotis]
SOS1|Myotis_myotis|XP_036190675	XP_036162108.1	72.438	1733	0.0	XP_036162108.1 son of sevenless homolog 2 isoform X9 [Myotis myotis]
SOS1|Myotis_nattereri|XP_080956891	XP_036190675.1	99.925	2745	0.0	XP_036190675.1 son of sevenless homolog 1 isoform X1 [Myotis myotis]
SOS1|Myotis_nattereri|XP_080956891	XP_036190676.1	98.800	2706	0.0	XP_036190676.1 son of sevenless homolog 1 isoform X2 [Myotis myotis]
SOS1|Myotis_nattereri|XP_080956891	XP_036190677.1	96.999	2646	0.0	XP_036190677.1 son of sevenless homolog 1 isoform X3 [Myotis myotis]
SOS1|Myotis_nattereri|XP_080956891	XP_036162111.1	73.067	1743	0.0	XP_036162111.1 son of sevenless homolog 2 isoform X10 [Myotis myotis]
SOS1|Myotis_nattereri|XP_080956891	XP_036162108.1	72.438	1733	0.0	XP_036162108.1 son of sevenless homolog 2 isoform X9 [Myotis myotis]
SOS1|Myotis_yumanensis|XP_070285156	XP_036190675.1	99.850	2744	0.0	XP_036190675.1 son of sevenless homolog 1 isoform X1 [Myotis myotis]
SOS1|Myotis_yumanensis|XP_070285156	XP_036190676.1	98.725	2704	0.0	XP_036190676.1 son of sevenless homolog 1 isoform X2 [Myotis myotis]
SOS1|Myotis_yumanensis|XP_070285156	XP_036190677.1	96.924	2644	0.0	XP_036190677.1 son of sevenless homolog 1 isoform X3 [Myotis myotis]
SOS1|Myotis_yumanensis|XP_070285156	XP_036162111.1	73.067	1742	0.0	XP_036162111.1 son of sevenless homolog 2 isoform X10 [Myotis myotis]
SOS1|Myotis_yumanensis|XP_070285156	XP_036162108.1	72.438	1732	0.0	XP_036162108.1 son of sevenless homolog 2 isoform X9 [Myotis myotis]
SOS1|Phyllostomus_discolor|XP_028371033	XP_036190675.1	98.125	2704	0.0	XP_036190675.1 son of sevenless homolog 1 isoform X1 [Myotis myotis]
SOS1|Phyllostomus_discolor|XP_028371033	XP_036190676.1	96.999	2664	0.0	XP_036190676.1 son of sevenless homolog 1 isoform X2 [Myotis myotis]
SOS1|Phyllostomus_discolor|XP_028371033	XP_036190677.1	95.199	2603	0.0	XP_036190677.1 son of sevenless homolog 1 isoform X3 [Myotis myotis]
SOS1|Phyllostomus_discolor|XP_028371033	XP_036162111.1	73.067	1741	0.0	XP_036162111.1 son of sevenless homolog 2 isoform X10 [Myotis myotis]
SOS1|Phyllostomus_discolor|XP_028371033	XP_036162108.1	72.438	1733	0.0	XP_036162108.1 son of sevenless homolog 2 isoform X9 [Myotis myotis]
SOS1|Phyllostomus_hastatus|XP_045683035	XP_036190675.1	98.125	2703	0.0	XP_036190675.1 son of sevenless homolog 1 isoform X1 [Myotis myotis]
SOS1|Phyllostomus_hastatus|XP_045683035	XP_036190676.1	96.999	2663	0.0	XP_036190676.1 son of sevenless homolog 1 isoform X2 [Myotis myotis]
SOS1|Phyllostomus_hastatus|XP_045683035	XP_036190677.1	95.199	2603	0.0	XP_036190677.1 son of sevenless homolog 1 isoform X3 [Myotis myotis]
SOS1|Phyllostomus_hastatus|XP_045683035	XP_036162111.1	72.980	1741	0.0	XP_036162111.1 son of sevenless homolog 2 isoform X10 [Myotis myotis]
SOS1|Phyllostomus_hastatus|XP_045683035	XP_036162108.1	72.351	1732	0.0	XP_036162108.1 son of sevenless homolog 2 isoform X9 [Myotis myotis]
SOS1|Pipistrellus_kuhlii|XP_036290966	XP_036190675.1	99.100	2724	0.0	XP_036190675.1 son of sevenless homolog 1 isoform X1 [Myotis myotis]
SOS1|Pipistrellus_kuhlii|XP_036290966	XP_036190676.1	98.050	2687	0.0	XP_036190676.1 son of sevenless homolog 1 isoform X2 [Myotis myotis]
SOS1|Pipistrellus_kuhlii|XP_036290966	XP_036190677.1	96.174	2620	0.0	XP_036190677.1 son of sevenless homolog 1 isoform X3 [Myotis myotis]
SOS1|Pipistrellus_kuhlii|XP_036290966	XP_036162111.1	73.067	1742	0.0	XP_036162111.1 son of sevenless homolog 2 isoform X10 [Myotis myotis]
SOS1|Pipistrellus_kuhlii|XP_036290966	XP_036162108.1	72.438	1733	0.0	XP_036162108.1 son of sevenless homolog 2 isoform X9 [Myotis myotis]
SOS1|Plecotus_auritus|XP_080539218	XP_036190675.1	99.550	2734	0.0	XP_036190675.1 son of sevenless homolog 1 isoform X1 [Myotis myotis]
SOS1|Plecotus_auritus|XP_080539218	XP_036190676.1	98.425	2694	0.0	XP_036190676.1 son of sevenless homolog 1 isoform X2 [Myotis myotis]
SOS1|Plecotus_auritus|XP_080539218	XP_036190677.1	96.624	2632	0.0	XP_036190677.1 son of sevenless homolog 1 isoform X3 [Myotis myotis]
SOS1|Plecotus_auritus|XP_080539218	XP_036162111.1	73.154	1743	0.0	XP_036162111.1 son of sevenless homolog 2 isoform X10 [Myotis myotis]
SOS1|Plecotus_auritus|XP_080539218	XP_036162108.1	72.524	1736	0.0	XP_036162108.1 son of sevenless homolog 2 isoform X9 [Myotis myotis]
SOS1|Pteronotus_mesoamericanus|XP_054423545	XP_036190675.1	98.500	2713	0.0	XP_036190675.1 son of sevenless homolog 1 isoform X1 [Myotis myotis]
SOS1|Pteronotus_mesoamericanus|XP_054423545	XP_036190676.1	97.374	2674	0.0	XP_036190676.1 son of sevenless homolog 1 isoform X2 [Myotis myotis]
SOS1|Pteronotus_mesoamericanus|XP_054423545	XP_036190677.1	95.574	2610	0.0	XP_036190677.1 son of sevenless homolog 1 isoform X3 [Myotis myotis]
SOS1|Pteronotus_mesoamericanus|XP_054423545	XP_036162111.1	72.893	1739	0.0	XP_036162111.1 son of sevenless homolog 2 isoform X10 [Myotis myotis]
SOS1|Pteronotus_mesoamericanus|XP_054423545	XP_036162108.1	72.265	1731	0.0	XP_036162108.1 son of sevenless homolog 2 isoform X9 [Myotis myotis]
SOS1|Pteropus_alecto|XP_006909715	XP_036190675.1	98.746	2604	0.0	XP_036190675.1 son of sevenless homolog 1 isoform X1 [Myotis myotis]
SOS1|Pteropus_alecto|XP_006909715	XP_036190676.1	97.727	2566	0.0	XP_036190676.1 son of sevenless homolog 1 isoform X2 [Myotis myotis]
SOS1|Pteropus_alecto|XP_006909715	XP_036190677.1	95.690	2428	0.0	XP_036190677.1 son of sevenless homolog 1 isoform X3 [Myotis myotis]
SOS1|Pteropus_alecto|XP_006909715	XP_036162111.1	73.376	1665	0.0	XP_036162111.1 son of sevenless homolog 2 isoform X10 [Myotis myotis]
SOS1|Pteropus_alecto|XP_006909715	XP_036162062.1	73.376	1662	0.0	XP_036162062.1 son of sevenless homolog 2 isoform X2 [Myotis myotis]
SOS1|Pteropus_medius|XP_039743294	XP_036190675.1	98.650	2713	0.0	XP_036190675.1 son of sevenless homolog 1 isoform X1 [Myotis myotis]
SOS1|Pteropus_medius|XP_039743294	XP_036190676.1	97.674	2677	0.0	XP_036190676.1 son of sevenless homolog 1 isoform X2 [Myotis myotis]
SOS1|Pteropus_medius|XP_039743294	XP_036190677.1	95.724	2541	0.0	XP_036190677.1 son of sevenless homolog 1 isoform X3 [Myotis myotis]
SOS1|Pteropus_medius|XP_039743294	XP_036162111.1	73.067	1745	0.0	XP_036162111.1 son of sevenless homolog 2 isoform X10 [Myotis myotis]
SOS1|Pteropus_medius|XP_039743294	XP_036162108.1	72.438	1736	0.0	XP_036162108.1 son of sevenless homolog 2 isoform X9 [Myotis myotis]
SOS1|Pteropus_vampyrus|XP_011359678	XP_036190675.1	98.650	2713	0.0	XP_036190675.1 son of sevenless homolog 1 isoform X1 [Myotis myotis]
SOS1|Pteropus_vampyrus|XP_011359678	XP_036190676.1	97.674	2677	0.0	XP_036190676.1 son of sevenless homolog 1 isoform X2 [Myotis myotis]
SOS1|Pteropus_vampyrus|XP_011359678	XP_036190677.1	95.724	2541	0.0	XP_036190677.1 son of sevenless homolog 1 isoform X3 [Myotis myotis]
SOS1|Pteropus_vampyrus|XP_011359678	XP_036162111.1	73.067	1745	0.0	XP_036162111.1 son of sevenless homolog 2 isoform X10 [Myotis myotis]
SOS1|Pteropus_vampyrus|XP_011359678	XP_036162108.1	72.438	1736	0.0	XP_036162108.1 son of sevenless homolog 2 isoform X9 [Myotis myotis]
SOS1|Rhinolophus_ferrumequinum|XP_032980400	XP_036190675.1	99.100	2724	0.0	XP_036190675.1 son of sevenless homolog 1 isoform X1 [Myotis myotis]
SOS1|Rhinolophus_ferrumequinum|XP_032980400	XP_036190676.1	97.974	2684	0.0	XP_036190676.1 son of sevenless homolog 1 isoform X2 [Myotis myotis]
SOS1|Rhinolophus_ferrumequinum|XP_032980400	XP_036190677.1	96.174	2622	0.0	XP_036190677.1 son of sevenless homolog 1 isoform X3 [Myotis myotis]
SOS1|Rhinolophus_ferrumequinum|XP_032980400	XP_036162111.1	73.154	1743	0.0	XP_036162111.1 son of sevenless homolog 2 isoform X10 [Myotis myotis]
SOS1|Rhinolophus_ferrumequinum|XP_032980400	XP_036162108.1	72.524	1734	0.0	XP_036162108.1 son of sevenless homolog 2 isoform X9 [Myotis myotis]
SOS1|Rhinolophus_hipposideros|XP_080924805	XP_036190675.1	99.025	2723	0.0	XP_036190675.1 son of sevenless homolog 1 isoform X1 [Myotis myotis]
SOS1|Rhinolophus_hipposideros|XP_080924805	XP_036190676.1	97.974	2684	0.0	XP_036190676.1 son of sevenless homolog 1 isoform X2 [Myotis myotis]
SOS1|Rhinolophus_hipposideros|XP_080924805	XP_036190677.1	96.099	2620	0.0	XP_036190677.1 son of sevenless homolog 1 isoform X3 [Myotis myotis]
SOS1|Rhinolophus_hipposideros|XP_080924805	XP_036162111.1	73.241	1743	0.0	XP_036162111.1 son of sevenless homolog 2 isoform X10 [Myotis myotis]
SOS1|Rhinolophus_hipposideros|XP_080924805	XP_036162108.1	72.610	1735	0.0	XP_036162108.1 son of sevenless homolog 2 isoform X9 [Myotis myotis]
SOS1|Rhinolophus_sinicus|XP_019597952	XP_036190675.1	99.175	2724	0.0	XP_036190675.1 son of sevenless homolog 1 isoform X1 [Myotis myotis]
SOS1|Rhinolophus_sinicus|XP_019597952	XP_036190676.1	98.050	2685	0.0	XP_036190676.1 son of sevenless homolog 1 isoform X2 [Myotis myotis]
SOS1|Rhinolophus_sinicus|XP_019597952	XP_036190677.1	96.249	2622	0.0	XP_036190677.1 son of sevenless homolog 1 isoform X3 [Myotis myotis]
SOS1|Rhinolophus_sinicus|XP_019597952	XP_036162111.1	73.154	1743	0.0	XP_036162111.1 son of sevenless homolog 2 isoform X10 [Myotis myotis]
SOS1|Rhinolophus_sinicus|XP_019597952	XP_036162108.1	72.524	1735	0.0	XP_036162108.1 son of sevenless homolog 2 isoform X9 [Myotis myotis]
SOS1|Rousettus_aegyptiacus|XP_016017653	XP_036190675.1	98.650	2716	0.0	XP_036190675.1 son of sevenless homolog 1 isoform X1 [Myotis myotis]
SOS1|Rousettus_aegyptiacus|XP_016017653	XP_036190676.1	97.599	2677	0.0	XP_036190676.1 son of sevenless homolog 1 isoform X2 [Myotis myotis]
SOS1|Rousettus_aegyptiacus|XP_016017653	XP_036190677.1	95.799	2617	0.0	XP_036190677.1 son of sevenless homolog 1 isoform X3 [Myotis myotis]
SOS1|Rousettus_aegyptiacus|XP_016017653	XP_036162111.1	72.719	1734	0.0	XP_036162111.1 son of sevenless homolog 2 isoform X10 [Myotis myotis]
SOS1|Rousettus_aegyptiacus|XP_016017653	XP_036162108.1	72.093	1726	0.0	XP_036162108.1 son of sevenless homolog 2 isoform X9 [Myotis myotis]
SOS1|Saccopteryx_bilineata|XP_066123060	XP_036190675.1	99.175	2727	0.0	XP_036190675.1 son of sevenless homolog 1 isoform X1 [Myotis myotis]
SOS1|Saccopteryx_bilineata|XP_066123060	XP_036190676.1	98.050	2690	0.0	XP_036190676.1 son of sevenless homolog 1 isoform X2 [Myotis myotis]
SOS1|Saccopteryx_bilineata|XP_066123060	XP_036190677.1	96.249	2628	0.0	XP_036190677.1 son of sevenless homolog 1 isoform X3 [Myotis myotis]
SOS1|Saccopteryx_bilineata|XP_066123060	XP_036162111.1	73.067	1741	0.0	XP_036162111.1 son of sevenless homolog 2 isoform X10 [Myotis myotis]
SOS1|Saccopteryx_bilineata|XP_066123060	XP_036162108.1	72.438	1732	0.0	XP_036162108.1 son of sevenless homolog 2 isoform X9 [Myotis myotis]
SOS1|Saccopteryx_leptura|XP_066234535	XP_036190675.1	99.325	2729	0.0	XP_036190675.1 son of sevenless homolog 1 isoform X1 [Myotis myotis]
SOS1|Saccopteryx_leptura|XP_066234535	XP_036190676.1	98.200	2693	0.0	XP_036190676.1 son of sevenless homolog 1 isoform X2 [Myotis myotis]
SOS1|Saccopteryx_leptura|XP_066234535	XP_036190677.1	96.399	2630	0.0	XP_036190677.1 son of sevenless homolog 1 isoform X3 [Myotis myotis]
SOS1|Saccopteryx_leptura|XP_066234535	XP_036162111.1	73.067	1741	0.0	XP_036162111.1 son of sevenless homolog 2 isoform X10 [Myotis myotis]
SOS1|Saccopteryx_leptura|XP_066234535	XP_036162108.1	72.438	1732	0.0	XP_036162108.1 son of sevenless homolog 2 isoform X9 [Myotis myotis]
SOS1|Sturnira_hondurensis|XP_036922803	XP_036190675.1	97.974	2701	0.0	XP_036190675.1 son of sevenless homolog 1 isoform X1 [Myotis myotis]
SOS1|Sturnira_hondurensis|XP_036922803	XP_036190676.1	96.849	2662	0.0	XP_036190676.1 son of sevenless homolog 1 isoform X2 [Myotis myotis]
SOS1|Sturnira_hondurensis|XP_036922803	XP_036190677.1	95.049	2600	0.0	XP_036190677.1 son of sevenless homolog 1 isoform X3 [Myotis myotis]
SOS1|Sturnira_hondurensis|XP_036922803	XP_036162111.1	72.980	1739	0.0	XP_036162111.1 son of sevenless homolog 2 isoform X10 [Myotis myotis]
SOS1|Sturnira_hondurensis|XP_036922803	XP_036162108.1	72.351	1731	0.0	XP_036162108.1 son of sevenless homolog 2 isoform X9 [Myotis myotis]
SOS2|Artibeus_jamaicensis|XP_037011493	XP_036162111.1	97.973	2694	0.0	XP_036162111.1 son of sevenless homolog 2 isoform X10 [Myotis myotis]
SOS2|Artibeus_jamaicensis|XP_037011493	XP_036162108.1	97.243	2683	0.0	XP_036162108.1 son of sevenless homolog 2 isoform X9 [Myotis myotis]
SOS2|Artibeus_jamaicensis|XP_037011493	XP_036162062.1	97.779	2633	0.0	XP_036162062.1 son of sevenless homolog 2 isoform X2 [Myotis myotis]
SOS2|Artibeus_jamaicensis|XP_037011493	XP_036162062.1	100.000	64.7	1.22e-09	XP_036162062.1 son of sevenless homolog 2 isoform X2 [Myotis myotis]
SOS2|Artibeus_jamaicensis|XP_037011493	XP_036162055.1	97.036	2625	0.0	XP_036162055.1 son of sevenless homolog 2 isoform X1 [Myotis myotis]
SOS2|Artibeus_jamaicensis|XP_037011493	XP_036162055.1	100.000	64.7	1.23e-09	XP_036162055.1 son of sevenless homolog 2 isoform X1 [Myotis myotis]
SOS2|Artibeus_jamaicensis|XP_037011493	XP_036162103.1	97.182	2623	0.0	XP_036162103.1 son of sevenless homolog 2 isoform X8 [Myotis myotis]
SOS2|Cnephaeus_nilssonii|XP_079624539	XP_036162111.1	99.474	2725	0.0	XP_036162111.1 son of sevenless homolog 2 isoform X10 [Myotis myotis]
SOS2|Cnephaeus_nilssonii|XP_079624539	XP_036162108.1	98.733	2713	0.0	XP_036162108.1 son of sevenless homolog 2 isoform X9 [Myotis myotis]
SOS2|Cnephaeus_nilssonii|XP_079624539	XP_036162062.1	99.311	2662	0.0	XP_036162062.1 son of sevenless homolog 2 isoform X2 [Myotis myotis]
SOS2|Cnephaeus_nilssonii|XP_079624539	XP_036162062.1	100.000	64.7	1.27e-09	XP_036162062.1 son of sevenless homolog 2 isoform X2 [Myotis myotis]
SOS2|Cnephaeus_nilssonii|XP_079624539	XP_036162073.1	98.556	2654	0.0	XP_036162073.1 son of sevenless homolog 2 isoform X3 [Myotis myotis]
SOS2|Cnephaeus_nilssonii|XP_079624539	XP_036162103.1	98.705	2654	0.0	XP_036162103.1 son of sevenless homolog 2 isoform X8 [Myotis myotis]
SOS2|Desmodus_rotundus|XP_053783591	XP_036162111.1	98.198	2699	0.0	XP_036162111.1 son of sevenless homolog 2 isoform X10 [Myotis myotis]
SOS2|Desmodus_rotundus|XP_053783591	XP_036162108.1	97.466	2689	0.0	XP_036162108.1 son of sevenless homolog 2 isoform X9 [Myotis myotis]
SOS2|Desmodus_rotundus|XP_053783591	XP_036162062.1	98.009	2637	0.0	XP_036162062.1 son of sevenless homolog 2 isoform X2 [Myotis myotis]
SOS2|Desmodus_rotundus|XP_053783591	XP_036162062.1	100.000	64.7	1.18e-09	XP_036162062.1 son of sevenless homolog 2 isoform X2 [Myotis myotis]
SOS2|Desmodus_rotundus|XP_053783591	XP_036162103.1	97.411	2628	0.0	XP_036162103.1 son of sevenless homolog 2 isoform X8 [Myotis myotis]
SOS2|Desmodus_rotundus|XP_053783591	XP_036162073.1	97.264	2627	0.0	XP_036162073.1 son of sevenless homolog 2 isoform X3 [Myotis myotis]
SOS2|Eptesicus_fuscus|XP_054572060	XP_036162062.1	98.203	2808	0.0	XP_036162062.1 son of sevenless homolog 2 isoform X2 [Myotis myotis]
SOS2|Eptesicus_fuscus|XP_054572060	XP_036162055.1	97.502	2795	0.0	XP_036162055.1 son of sevenless homolog 2 isoform X1 [Myotis myotis]
SOS2|Eptesicus_fuscus|XP_054572060	XP_036162081.1	96.431	2759	0.0	XP_036162081.1 son of sevenless homolog 2 isoform X4 [Myotis myotis]
SOS2|Eptesicus_fuscus|XP_054572060	XP_036162089.1	95.146	2710	0.0	XP_036162089.1 son of sevenless homolog 2 isoform X5 [Myotis myotis]
SOS2|Eptesicus_fuscus|XP_054572060	XP_036162094.1	94.861	2703	0.0	XP_036162094.1 son of sevenless homolog 2 isoform X6 [Myotis myotis]
SOS2|Hipposideros_armiger|XP_019486008	XP_036162111.1	94.670	2579	0.0	XP_036162111.1 son of sevenless homolog 2 isoform X10 [Myotis myotis]
SOS2|Hipposideros_armiger|XP_019486008	XP_036162108.1	93.964	2567	0.0	XP_036162108.1 son of sevenless homolog 2 isoform X9 [Myotis myotis]
SOS2|Hipposideros_armiger|XP_019486008	XP_036162062.1	94.410	2516	0.0	XP_036162062.1 son of sevenless homolog 2 isoform X2 [Myotis myotis]
SOS2|Hipposideros_armiger|XP_019486008	XP_036162062.1	100.000	64.7	1.16e-09	XP_036162062.1 son of sevenless homolog 2 isoform X2 [Myotis myotis]
SOS2|Hipposideros_armiger|XP_019486008	XP_036162055.1	93.693	2508	0.0	XP_036162055.1 son of sevenless homolog 2 isoform X1 [Myotis myotis]
SOS2|Hipposideros_armiger|XP_019486008	XP_036162055.1	100.000	64.7	1.25e-09	XP_036162055.1 son of sevenless homolog 2 isoform X1 [Myotis myotis]
SOS2|Hipposideros_armiger|XP_019486008	XP_036162073.1	93.693	2507	0.0	XP_036162073.1 son of sevenless homolog 2 isoform X3 [Myotis myotis]
SOS2|Miniopterus_natalensis|XP_016053574	XP_036162111.1	98.506	2578	0.0	XP_036162111.1 son of sevenless homolog 2 isoform X10 [Myotis myotis]
SOS2|Miniopterus_natalensis|XP_016053574	XP_036162062.1	98.506	2573	0.0	XP_036162062.1 son of sevenless homolog 2 isoform X2 [Myotis myotis]
SOS2|Miniopterus_natalensis|XP_016053574	XP_036162108.1	97.738	2567	0.0	XP_036162108.1 son of sevenless homolog 2 isoform X9 [Myotis myotis]
SOS2|Miniopterus_natalensis|XP_016053574	XP_036162073.1	97.738	2564	0.0	XP_036162073.1 son of sevenless homolog 2 isoform X3 [Myotis myotis]
SOS2|Miniopterus_natalensis|XP_016053574	XP_036162055.1	97.738	2563	0.0	XP_036162055.1 son of sevenless homolog 2 isoform X1 [Myotis myotis]
SOS2|Miniopterus_schreibersii|XP_080975774	XP_036162111.1	98.574	2701	0.0	XP_036162111.1 son of sevenless homolog 2 isoform X10 [Myotis myotis]
SOS2|Miniopterus_schreibersii|XP_080975774	XP_036162108.1	97.839	2690	0.0	XP_036162108.1 son of sevenless homolog 2 isoform X9 [Myotis myotis]
SOS2|Miniopterus_schreibersii|XP_080975774	XP_036162062.1	98.392	2637	0.0	XP_036162062.1 son of sevenless homolog 2 isoform X2 [Myotis myotis]
SOS2|Miniopterus_schreibersii|XP_080975774	XP_036162062.1	100.000	64.7	1.26e-09	XP_036162062.1 son of sevenless homolog 2 isoform X2 [Myotis myotis]
SOS2|Miniopterus_schreibersii|XP_080975774	XP_036162073.1	97.644	2629	0.0	XP_036162073.1 son of sevenless homolog 2 isoform X3 [Myotis myotis]
SOS2|Miniopterus_schreibersii|XP_080975774	XP_036162103.1	97.791	2627	0.0	XP_036162103.1 son of sevenless homolog 2 isoform X8 [Myotis myotis]
SOS2|Molossus_molossus|XP_036098075	XP_036162111.1	98.874	2712	0.0	XP_036162111.1 son of sevenless homolog 2 isoform X10 [Myotis myotis]
SOS2|Molossus_molossus|XP_036098075	XP_036162108.1	98.137	2702	0.0	XP_036162108.1 son of sevenless homolog 2 isoform X9 [Myotis myotis]
SOS2|Molossus_molossus|XP_036098075	XP_036162062.1	98.698	2651	0.0	XP_036162062.1 son of sevenless homolog 2 isoform X2 [Myotis myotis]
SOS2|Molossus_molossus|XP_036098075	XP_036162062.1	100.000	64.7	1.22e-09	XP_036162062.1 son of sevenless homolog 2 isoform X2 [Myotis myotis]
SOS2|Molossus_molossus|XP_036098075	XP_036162073.1	97.948	2640	0.0	XP_036162073.1 son of sevenless homolog 2 isoform X3 [Myotis myotis]
SOS2|Molossus_molossus|XP_036098075	XP_036162055.1	97.948	2640	0.0	XP_036162055.1 son of sevenless homolog 2 isoform X1 [Myotis myotis]
SOS2|Molossus_molossus|XP_036098075	XP_036162055.1	100.000	64.7	1.25e-09	XP_036162055.1 son of sevenless homolog 2 isoform X1 [Myotis myotis]
SOS2|Myotis_daubentonii|XP_059552650	XP_036162111.1	99.775	2731	0.0	XP_036162111.1 son of sevenless homolog 2 isoform X10 [Myotis myotis]
SOS2|Myotis_daubentonii|XP_059552650	XP_036162108.1	99.031	2720	0.0	XP_036162108.1 son of sevenless homolog 2 isoform X9 [Myotis myotis]
SOS2|Myotis_daubentonii|XP_059552650	XP_036162062.1	99.617	2669	0.0	XP_036162062.1 son of sevenless homolog 2 isoform X2 [Myotis myotis]
SOS2|Myotis_daubentonii|XP_059552650	XP_036162062.1	100.000	64.7	1.25e-09	XP_036162062.1 son of sevenless homolog 2 isoform X2 [Myotis myotis]
SOS2|Myotis_daubentonii|XP_059552650	XP_036162055.1	98.860	2660	0.0	XP_036162055.1 son of sevenless homolog 2 isoform X1 [Myotis myotis]
SOS2|Myotis_daubentonii|XP_059552650	XP_036162055.1	100.000	64.7	1.30e-09	XP_036162055.1 son of sevenless homolog 2 isoform X1 [Myotis myotis]
SOS2|Myotis_daubentonii|XP_059552650	XP_036162103.1	99.010	2659	0.0	XP_036162103.1 son of sevenless homolog 2 isoform X8 [Myotis myotis]
SOS2|Myotis_davidii|XP_015425975	XP_036162062.1	99.853	2785	0.0	XP_036162062.1 son of sevenless homolog 2 isoform X2 [Myotis myotis]
SOS2|Myotis_davidii|XP_015425975	XP_036162055.1	99.123	2774	0.0	XP_036162055.1 son of sevenless homolog 2 isoform X1 [Myotis myotis]
SOS2|Myotis_davidii|XP_015425975	XP_036162073.1	98.897	2744	0.0	XP_036162073.1 son of sevenless homolog 2 isoform X3 [Myotis myotis]
SOS2|Myotis_davidii|XP_015425975	XP_036162081.1	98.026	2734	0.0	XP_036162081.1 son of sevenless homolog 2 isoform X4 [Myotis myotis]
SOS2|Myotis_davidii|XP_015425975	XP_036162089.1	96.711	2685	0.0	XP_036162089.1 son of sevenless homolog 2 isoform X5 [Myotis myotis]
SOS2|Myotis_lucifugus|XP_023619632	XP_036162111.1	99.371	2598	0.0	XP_036162111.1 son of sevenless homolog 2 isoform X10 [Myotis myotis]
SOS2|Myotis_lucifugus|XP_023619632	XP_036162062.1	99.371	2592	0.0	XP_036162062.1 son of sevenless homolog 2 isoform X2 [Myotis myotis]
SOS2|Myotis_lucifugus|XP_023619632	XP_036162108.1	98.596	2587	0.0	XP_036162108.1 son of sevenless homolog 2 isoform X9 [Myotis myotis]
SOS2|Myotis_lucifugus|XP_023619632	XP_036162073.1	98.596	2585	0.0	XP_036162073.1 son of sevenless homolog 2 isoform X3 [Myotis myotis]
SOS2|Myotis_lucifugus|XP_023619632	XP_036162055.1	98.596	2584	0.0	XP_036162055.1 son of sevenless homolog 2 isoform X1 [Myotis myotis]
SOS2|Myotis_myotis|XP_036162055	XP_036162055.1	100.000	2874	0.0	XP_036162055.1 son of sevenless homolog 2 isoform X1 [Myotis myotis]
SOS2|Myotis_myotis|XP_036162055	XP_036162062.1	99.286	2844	0.0	XP_036162062.1 son of sevenless homolog 2 isoform X2 [Myotis myotis]
SOS2|Myotis_myotis|XP_036162055	XP_036162081.1	98.929	2838	0.0	XP_036162081.1 son of sevenless homolog 2 isoform X4 [Myotis myotis]
SOS2|Myotis_myotis|XP_036162055	XP_036162089.1	97.645	2787	0.0	XP_036162089.1 son of sevenless homolog 2 isoform X5 [Myotis myotis]
SOS2|Myotis_myotis|XP_036162055	XP_036162094.1	97.359	2780	0.0	XP_036162094.1 son of sevenless homolog 2 isoform X6 [Myotis myotis]
SOS2|Myotis_nattereri|XP_080951006	XP_036162111.1	99.925	2733	0.0	XP_036162111.1 son of sevenless homolog 2 isoform X10 [Myotis myotis]
SOS2|Myotis_nattereri|XP_080951006	XP_036162108.1	99.180	2723	0.0	XP_036162108.1 son of sevenless homolog 2 isoform X9 [Myotis myotis]
SOS2|Myotis_nattereri|XP_080951006	XP_036162062.1	99.770	2672	0.0	XP_036162062.1 son of sevenless homolog 2 isoform X2 [Myotis myotis]
SOS2|Myotis_nattereri|XP_080951006	XP_036162062.1	100.000	64.7	1.27e-09	XP_036162062.1 son of sevenless homolog 2 isoform X2 [Myotis myotis]
SOS2|Myotis_nattereri|XP_080951006	XP_036162055.1	99.012	2663	0.0	XP_036162055.1 son of sevenless homolog 2 isoform X1 [Myotis myotis]
SOS2|Myotis_nattereri|XP_080951006	XP_036162055.1	100.000	64.7	1.30e-09	XP_036162055.1 son of sevenless homolog 2 isoform X1 [Myotis myotis]
SOS2|Myotis_nattereri|XP_080951006	XP_036162103.1	99.162	2660	0.0	XP_036162103.1 son of sevenless homolog 2 isoform X8 [Myotis myotis]
SOS2|Myotis_yumanensis|XP_070276206	XP_036162111.1	99.324	2715	0.0	XP_036162111.1 son of sevenless homolog 2 isoform X10 [Myotis myotis]
SOS2|Myotis_yumanensis|XP_070276206	XP_036162108.1	98.584	2704	0.0	XP_036162108.1 son of sevenless homolog 2 isoform X9 [Myotis myotis]
SOS2|Myotis_yumanensis|XP_070276206	XP_036162062.1	99.158	2652	0.0	XP_036162062.1 son of sevenless homolog 2 isoform X2 [Myotis myotis]
SOS2|Myotis_yumanensis|XP_070276206	XP_036162062.1	100.000	64.7	1.24e-09	XP_036162062.1 son of sevenless homolog 2 isoform X2 [Myotis myotis]
SOS2|Myotis_yumanensis|XP_070276206	XP_036162103.1	98.553	2644	0.0	XP_036162103.1 son of sevenless homolog 2 isoform X8 [Myotis myotis]
SOS2|Myotis_yumanensis|XP_070276206	XP_036162073.1	98.404	2644	0.0	XP_036162073.1 son of sevenless homolog 2 isoform X3 [Myotis myotis]
SOS2|Phyllostomus_hastatus|XP_045678086	XP_036162111.1	97.898	2691	0.0	XP_036162111.1 son of sevenless homolog 2 isoform X10 [Myotis myotis]
SOS2|Phyllostomus_hastatus|XP_045678086	XP_036162108.1	97.168	2682	0.0	XP_036162108.1 son of sevenless homolog 2 isoform X9 [Myotis myotis]
SOS2|Phyllostomus_hastatus|XP_045678086	XP_036162062.1	97.779	2632	0.0	XP_036162062.1 son of sevenless homolog 2 isoform X2 [Myotis myotis]
SOS2|Phyllostomus_hastatus|XP_045678086	XP_036162062.1	96.552	62.8	4.74e-09	XP_036162062.1 son of sevenless homolog 2 isoform X2 [Myotis myotis]
SOS2|Phyllostomus_hastatus|XP_045678086	XP_036162103.1	97.182	2623	0.0	XP_036162103.1 son of sevenless homolog 2 isoform X8 [Myotis myotis]
SOS2|Phyllostomus_hastatus|XP_045678086	XP_036162073.1	97.036	2623	0.0	XP_036162073.1 son of sevenless homolog 2 isoform X3 [Myotis myotis]
SOS2|Pipistrellus_kuhlii|XP_036293277	XP_036162111.1	98.348	2690	0.0	XP_036162111.1 son of sevenless homolog 2 isoform X10 [Myotis myotis]
SOS2|Pipistrellus_kuhlii|XP_036293277	XP_036162108.1	97.615	2677	0.0	XP_036162108.1 son of sevenless homolog 2 isoform X9 [Myotis myotis]
SOS2|Pipistrellus_kuhlii|XP_036293277	XP_036162062.1	98.315	2632	0.0	XP_036162062.1 son of sevenless homolog 2 isoform X2 [Myotis myotis]
SOS2|Pipistrellus_kuhlii|XP_036293277	XP_036162062.1	93.103	60.1	3.04e-08	XP_036162062.1 son of sevenless homolog 2 isoform X2 [Myotis myotis]
SOS2|Pipistrellus_kuhlii|XP_036293277	XP_036162073.1	97.568	2624	0.0	XP_036162073.1 son of sevenless homolog 2 isoform X3 [Myotis myotis]
SOS2|Pipistrellus_kuhlii|XP_036293277	XP_036162055.1	97.568	2623	0.0	XP_036162055.1 son of sevenless homolog 2 isoform X1 [Myotis myotis]
SOS2|Pipistrellus_kuhlii|XP_036293277	XP_036162055.1	93.103	60.1	2.95e-08	XP_036162055.1 son of sevenless homolog 2 isoform X1 [Myotis myotis]
SOS2|Plecotus_auritus|XP_080525553	XP_036162111.1	99.550	2727	0.0	XP_036162111.1 son of sevenless homolog 2 isoform X10 [Myotis myotis]
SOS2|Plecotus_auritus|XP_080525553	XP_036162108.1	98.808	2716	0.0	XP_036162108.1 son of sevenless homolog 2 isoform X9 [Myotis myotis]
SOS2|Plecotus_auritus|XP_080525553	XP_036162062.1	99.387	2665	0.0	XP_036162062.1 son of sevenless homolog 2 isoform X2 [Myotis myotis]
SOS2|Plecotus_auritus|XP_080525553	XP_036162062.1	100.000	64.7	1.27e-09	XP_036162062.1 son of sevenless homolog 2 isoform X2 [Myotis myotis]
SOS2|Plecotus_auritus|XP_080525553	XP_036162103.1	98.781	2655	0.0	XP_036162103.1 son of sevenless homolog 2 isoform X8 [Myotis myotis]
SOS2|Plecotus_auritus|XP_080525553	XP_036162073.1	98.632	2655	0.0	XP_036162073.1 son of sevenless homolog 2 isoform X3 [Myotis myotis]
SOS2|Pteronotus_mesoamericanus|XP_054421185	XP_036162111.1	98.348	2701	0.0	XP_036162111.1 son of sevenless homolog 2 isoform X10 [Myotis myotis]
SOS2|Pteronotus_mesoamericanus|XP_054421185	XP_036162108.1	97.615	2691	0.0	XP_036162108.1 son of sevenless homolog 2 isoform X9 [Myotis myotis]
SOS2|Pteronotus_mesoamericanus|XP_054421185	XP_036162062.1	98.162	2640	0.0	XP_036162062.1 son of sevenless homolog 2 isoform X2 [Myotis myotis]
SOS2|Pteronotus_mesoamericanus|XP_054421185	XP_036162062.1	100.000	64.7	1.25e-09	XP_036162062.1 son of sevenless homolog 2 isoform X2 [Myotis myotis]
SOS2|Pteronotus_mesoamericanus|XP_054421185	XP_036162103.1	97.563	2632	0.0	XP_036162103.1 son of sevenless homolog 2 isoform X8 [Myotis myotis]
SOS2|Pteronotus_mesoamericanus|XP_054421185	XP_036162073.1	97.416	2630	0.0	XP_036162073.1 son of sevenless homolog 2 isoform X3 [Myotis myotis]
SOS2|Pteropus_alecto|XP_006920269	XP_036162111.1	98.978	2594	0.0	XP_036162111.1 son of sevenless homolog 2 isoform X10 [Myotis myotis]
SOS2|Pteropus_alecto|XP_006920269	XP_036162062.1	98.978	2590	0.0	XP_036162062.1 son of sevenless homolog 2 isoform X2 [Myotis myotis]
SOS2|Pteropus_alecto|XP_006920269	XP_036162108.1	98.206	2585	0.0	XP_036162108.1 son of sevenless homolog 2 isoform X9 [Myotis myotis]
SOS2|Pteropus_alecto|XP_006920269	XP_036162073.1	98.206	2581	0.0	XP_036162073.1 son of sevenless homolog 2 isoform X3 [Myotis myotis]
SOS2|Pteropus_alecto|XP_006920269	XP_036162055.1	98.206	2581	0.0	XP_036162055.1 son of sevenless homolog 2 isoform X1 [Myotis myotis]
SOS2|Pteropus_medius|XP_039721103	XP_036162111.1	98.799	2707	0.0	XP_036162111.1 son of sevenless homolog 2 isoform X10 [Myotis myotis]
SOS2|Pteropus_medius|XP_039721103	XP_036162108.1	98.063	2697	0.0	XP_036162108.1 son of sevenless homolog 2 isoform X9 [Myotis myotis]
SOS2|Pteropus_medius|XP_039721103	XP_036162062.1	98.622	2645	0.0	XP_036162062.1 son of sevenless homolog 2 isoform X2 [Myotis myotis]
SOS2|Pteropus_medius|XP_039721103	XP_036162062.1	100.000	64.7	1.25e-09	XP_036162062.1 son of sevenless homolog 2 isoform X2 [Myotis myotis]
SOS2|Pteropus_medius|XP_039721103	XP_036162055.1	97.872	2637	0.0	XP_036162055.1 son of sevenless homolog 2 isoform X1 [Myotis myotis]
SOS2|Pteropus_medius|XP_039721103	XP_036162055.1	100.000	64.7	1.28e-09	XP_036162055.1 son of sevenless homolog 2 isoform X1 [Myotis myotis]
SOS2|Pteropus_medius|XP_039721103	XP_036162073.1	97.872	2635	0.0	XP_036162073.1 son of sevenless homolog 2 isoform X3 [Myotis myotis]
SOS2|Pteropus_vampyrus|XP_011384025	XP_036162111.1	98.874	2711	0.0	XP_036162111.1 son of sevenless homolog 2 isoform X10 [Myotis myotis]
SOS2|Pteropus_vampyrus|XP_011384025	XP_036162108.1	98.137	2701	0.0	XP_036162108.1 son of sevenless homolog 2 isoform X9 [Myotis myotis]
SOS2|Pteropus_vampyrus|XP_011384025	XP_036162062.1	98.698	2649	0.0	XP_036162062.1 son of sevenless homolog 2 isoform X2 [Myotis myotis]
SOS2|Pteropus_vampyrus|XP_011384025	XP_036162062.1	100.000	64.7	1.26e-09	XP_036162062.1 son of sevenless homolog 2 isoform X2 [Myotis myotis]
SOS2|Pteropus_vampyrus|XP_011384025	XP_036162055.1	97.948	2639	0.0	XP_036162055.1 son of sevenless homolog 2 isoform X1 [Myotis myotis]
SOS2|Pteropus_vampyrus|XP_011384025	XP_036162055.1	100.000	64.7	1.29e-09	XP_036162055.1 son of sevenless homolog 2 isoform X1 [Myotis myotis]
SOS2|Pteropus_vampyrus|XP_011384025	XP_036162073.1	97.948	2638	0.0	XP_036162073.1 son of sevenless homolog 2 isoform X3 [Myotis myotis]
SOS2|Rhinolophus_ferrumequinum|XP_032963085	XP_036162111.1	98.198	2695	0.0	XP_036162111.1 son of sevenless homolog 2 isoform X10 [Myotis myotis]
SOS2|Rhinolophus_ferrumequinum|XP_032963085	XP_036162108.1	97.466	2687	0.0	XP_036162108.1 son of sevenless homolog 2 isoform X9 [Myotis myotis]
SOS2|Rhinolophus_ferrumequinum|XP_032963085	XP_036162062.1	98.009	2634	0.0	XP_036162062.1 son of sevenless homolog 2 isoform X2 [Myotis myotis]
SOS2|Rhinolophus_ferrumequinum|XP_032963085	XP_036162062.1	100.000	64.7	1.23e-09	XP_036162062.1 son of sevenless homolog 2 isoform X2 [Myotis myotis]
SOS2|Rhinolophus_ferrumequinum|XP_032963085	XP_036162073.1	97.264	2626	0.0	XP_036162073.1 son of sevenless homolog 2 isoform X3 [Myotis myotis]
SOS2|Rhinolophus_ferrumequinum|XP_032963085	XP_036162103.1	97.411	2625	0.0	XP_036162103.1 son of sevenless homolog 2 isoform X8 [Myotis myotis]
SOS2|Rhinolophus_hipposideros|XP_080906577	XP_036162111.1	98.273	2697	0.0	XP_036162111.1 son of sevenless homolog 2 isoform X10 [Myotis myotis]
SOS2|Rhinolophus_hipposideros|XP_080906577	XP_036162108.1	97.541	2689	0.0	XP_036162108.1 son of sevenless homolog 2 isoform X9 [Myotis myotis]
SOS2|Rhinolophus_hipposideros|XP_080906577	XP_036162062.1	98.086	2637	0.0	XP_036162062.1 son of sevenless homolog 2 isoform X2 [Myotis myotis]
SOS2|Rhinolophus_hipposideros|XP_080906577	XP_036162062.1	100.000	64.7	1.20e-09	XP_036162062.1 son of sevenless homolog 2 isoform X2 [Myotis myotis]
SOS2|Rhinolophus_hipposideros|XP_080906577	XP_036162073.1	97.340	2627	0.0	XP_036162073.1 son of sevenless homolog 2 isoform X3 [Myotis myotis]
SOS2|Rhinolophus_hipposideros|XP_080906577	XP_036162103.1	97.487	2625	0.0	XP_036162103.1 son of sevenless homolog 2 isoform X8 [Myotis myotis]
SOS2|Rhinolophus_sinicus|XP_019581209	XP_036162111.1	98.198	2695	0.0	XP_036162111.1 son of sevenless homolog 2 isoform X10 [Myotis myotis]
SOS2|Rhinolophus_sinicus|XP_019581209	XP_036162108.1	97.466	2687	0.0	XP_036162108.1 son of sevenless homolog 2 isoform X9 [Myotis myotis]
SOS2|Rhinolophus_sinicus|XP_019581209	XP_036162062.1	98.009	2635	0.0	XP_036162062.1 son of sevenless homolog 2 isoform X2 [Myotis myotis]
SOS2|Rhinolophus_sinicus|XP_019581209	XP_036162062.1	100.000	64.7	1.17e-09	XP_036162062.1 son of sevenless homolog 2 isoform X2 [Myotis myotis]
SOS2|Rhinolophus_sinicus|XP_019581209	XP_036162073.1	97.264	2625	0.0	XP_036162073.1 son of sevenless homolog 2 isoform X3 [Myotis myotis]
SOS2|Rhinolophus_sinicus|XP_019581209	XP_036162055.1	97.264	2624	0.0	XP_036162055.1 son of sevenless homolog 2 isoform X1 [Myotis myotis]
SOS2|Rhinolophus_sinicus|XP_019581209	XP_036162055.1	100.000	64.7	1.22e-09	XP_036162055.1 son of sevenless homolog 2 isoform X1 [Myotis myotis]
SOS2|Rousettus_aegyptiacus|XP_016001254	XP_036162111.1	98.649	2706	0.0	XP_036162111.1 son of sevenless homolog 2 isoform X10 [Myotis myotis]
SOS2|Rousettus_aegyptiacus|XP_016001254	XP_036162108.1	97.914	2697	0.0	XP_036162108.1 son of sevenless homolog 2 isoform X9 [Myotis myotis]
SOS2|Rousettus_aegyptiacus|XP_016001254	XP_036162062.1	98.469	2642	0.0	XP_036162062.1 son of sevenless homolog 2 isoform X2 [Myotis myotis]
SOS2|Rousettus_aegyptiacus|XP_016001254	XP_036162062.1	100.000	64.7	1.24e-09	XP_036162062.1 son of sevenless homolog 2 isoform X2 [Myotis myotis]
SOS2|Rousettus_aegyptiacus|XP_016001254	XP_036162073.1	97.720	2635	0.0	XP_036162073.1 son of sevenless homolog 2 isoform X3 [Myotis myotis]
SOS2|Rousettus_aegyptiacus|XP_016001254	XP_036162103.1	97.867	2633	0.0	XP_036162103.1 son of sevenless homolog 2 isoform X8 [Myotis myotis]
SOS2|Saccopteryx_bilineata|XP_066128304	XP_036162111.1	98.799	2706	0.0	XP_036162111.1 son of sevenless homolog 2 isoform X10 [Myotis myotis]
SOS2|Saccopteryx_bilineata|XP_066128304	XP_036162108.1	98.063	2695	0.0	XP_036162108.1 son of sevenless homolog 2 isoform X9 [Myotis myotis]
SOS2|Saccopteryx_bilineata|XP_066128304	XP_036162062.1	98.698	2647	0.0	XP_036162062.1 son of sevenless homolog 2 isoform X2 [Myotis myotis]
SOS2|Saccopteryx_bilineata|XP_066128304	XP_036162062.1	96.552	63.5	2.81e-09	XP_036162062.1 son of sevenless homolog 2 isoform X2 [Myotis myotis]
SOS2|Saccopteryx_bilineata|XP_066128304	XP_036162103.1	98.096	2637	0.0	XP_036162103.1 son of sevenless homolog 2 isoform X8 [Myotis myotis]
SOS2|Saccopteryx_bilineata|XP_066128304	XP_036162055.1	97.948	2637	0.0	XP_036162055.1 son of sevenless homolog 2 isoform X1 [Myotis myotis]
SOS2|Saccopteryx_bilineata|XP_066128304	XP_036162055.1	96.552	63.5	2.91e-09	XP_036162055.1 son of sevenless homolog 2 isoform X1 [Myotis myotis]
SOS2|Saccopteryx_leptura|XP_066200433	XP_036162111.1	98.724	2704	0.0	XP_036162111.1 son of sevenless homolog 2 isoform X10 [Myotis myotis]
SOS2|Saccopteryx_leptura|XP_066200433	XP_036162108.1	97.988	2692	0.0	XP_036162108.1 son of sevenless homolog 2 isoform X9 [Myotis myotis]
SOS2|Saccopteryx_leptura|XP_066200433	XP_036162062.1	98.622	2644	0.0	XP_036162062.1 son of sevenless homolog 2 isoform X2 [Myotis myotis]
SOS2|Saccopteryx_leptura|XP_066200433	XP_036162062.1	96.552	63.5	2.83e-09	XP_036162062.1 son of sevenless homolog 2 isoform X2 [Myotis myotis]
SOS2|Saccopteryx_leptura|XP_066200433	XP_036162103.1	98.020	2635	0.0	XP_036162103.1 son of sevenless homolog 2 isoform X8 [Myotis myotis]
SOS2|Saccopteryx_leptura|XP_066200433	XP_036162055.1	97.872	2635	0.0	XP_036162055.1 son of sevenless homolog 2 isoform X1 [Myotis myotis]
SOS2|Saccopteryx_leptura|XP_066200433	XP_036162055.1	96.552	63.5	2.93e-09	XP_036162055.1 son of sevenless homolog 2 isoform X1 [Myotis myotis]
SOS2|Sturnira_hondurensis|XP_036910146	XP_036162111.1	97.751	2686	0.0	XP_036162111.1 son of sevenless homolog 2 isoform X10 [Myotis myotis]
SOS2|Sturnira_hondurensis|XP_036910146	XP_036162108.1	97.024	2677	0.0	XP_036162108.1 son of sevenless homolog 2 isoform X9 [Myotis myotis]
SOS2|Sturnira_hondurensis|XP_036910146	XP_036162062.1	97.554	2624	0.0	XP_036162062.1 son of sevenless homolog 2 isoform X2 [Myotis myotis]
SOS2|Sturnira_hondurensis|XP_036910146	XP_036162062.1	100.000	64.7	1.17e-09	XP_036162062.1 son of sevenless homolog 2 isoform X2 [Myotis myotis]
SOS2|Sturnira_hondurensis|XP_036910146	XP_036162073.1	96.813	2614	0.0	XP_036162073.1 son of sevenless homolog 2 isoform X3 [Myotis myotis]
SOS2|Sturnira_hondurensis|XP_036910146	XP_036162103.1	96.958	2614	0.0	XP_036162103.1 son of sevenless homolog 2 isoform X8 [Myotis myotis]
UCP1|Cnephaeus_nilssonii|XP_079629434	XP_036170639.1	92.787	601	0.0	XP_036170639.1 mitochondrial brown fat uncoupling protein 1 [Myotis myotis]
UCP1|Cnephaeus_nilssonii|XP_079629434	XP_036180913.1	57.947	368	4.96e-128	XP_036180913.1 mitochondrial uncoupling protein 2 isoform X3 [Myotis myotis]
UCP1|Cnephaeus_nilssonii|XP_079629434	XP_036180911.1	58.333	366	2.39e-126	XP_036180911.1 mitochondrial uncoupling protein 2 isoform X1 [Myotis myotis]
UCP1|Cnephaeus_nilssonii|XP_079629434	XP_036180911.1	26.943	58.5	3.65e-09	XP_036180911.1 mitochondrial uncoupling protein 2 isoform X1 [Myotis myotis]
UCP1|Cnephaeus_nilssonii|XP_079629434	XP_036180896.1	53.871	337	6.25e-116	XP_036180896.1 mitochondrial uncoupling protein 3 isoform X1 [Myotis myotis]
UCP1|Cnephaeus_nilssonii|XP_079629434	XP_036180912.1	57.143	322	3.60e-109	XP_036180912.1 mitochondrial uncoupling protein 2 isoform X2 [Myotis myotis]
UCP1|Cnephaeus_nilssonii|XP_079629434	XP_036180912.1	26.943	59.3	1.91e-09	XP_036180912.1 mitochondrial uncoupling protein 2 isoform X2 [Myotis myotis]
UCP1|Eptesicus_fuscus|XP_054572950	XP_036170639.1	93.115	603	0.0	XP_036170639.1 mitochondrial brown fat uncoupling protein 1 [Myotis myotis]
UCP1|Eptesicus_fuscus|XP_054572950	XP_036180913.1	57.947	368	6.60e-128	XP_036180913.1 mitochondrial uncoupling protein 2 isoform X3 [Myotis myotis]
UCP1|Eptesicus_fuscus|XP_054572950	XP_036180913.1	26.633	59.7	1.44e-09	XP_036180913.1 mitochondrial uncoupling protein 2 isoform X3 [Myotis myotis]
UCP1|Eptesicus_fuscus|XP_054572950	XP_036180911.1	58.333	366	2.73e-126	XP_036180911.1 mitochondrial uncoupling protein 2 isoform X1 [Myotis myotis]
UCP1|Eptesicus_fuscus|XP_054572950	XP_036180911.1	26.633	58.9	3.10e-09	XP_036180911.1 mitochondrial uncoupling protein 2 isoform X1 [Myotis myotis]
UCP1|Eptesicus_fuscus|XP_054572950	XP_036180896.1	54.455	337	7.04e-116	XP_036180896.1 mitochondrial uncoupling protein 3 isoform X1 [Myotis myotis]
UCP1|Eptesicus_fuscus|XP_054572950	XP_036180896.1	20.792	49.7	2.45e-06	XP_036180896.1 mitochondrial uncoupling protein 3 isoform X1 [Myotis myotis]
UCP1|Eptesicus_fuscus|XP_054572950	XP_036180912.1	57.143	322	4.73e-109	XP_036180912.1 mitochondrial uncoupling protein 2 isoform X2 [Myotis myotis]
UCP1|Eptesicus_fuscus|XP_054572950	XP_036180912.1	26.633	59.3	1.84e-09	XP_036180912.1 mitochondrial uncoupling protein 2 isoform X2 [Myotis myotis]
UCP1|Hipposideros_armiger|XP_019516588	XP_036170639.1	77.377	493	1.47e-177	XP_036170639.1 mitochondrial brown fat uncoupling protein 1 [Myotis myotis]
UCP1|Hipposideros_armiger|XP_019516588	XP_036180913.1	62.667	395	1.28e-138	XP_036180913.1 mitochondrial uncoupling protein 2 isoform X3 [Myotis myotis]
UCP1|Hipposideros_armiger|XP_019516588	XP_036180913.1	26.596	60.5	6.02e-10	XP_036180913.1 mitochondrial uncoupling protein 2 isoform X3 [Myotis myotis]
UCP1|Hipposideros_armiger|XP_019516588	XP_036180911.1	62.667	392	9.50e-137	XP_036180911.1 mitochondrial uncoupling protein 2 isoform X1 [Myotis myotis]
UCP1|Hipposideros_armiger|XP_019516588	XP_036180911.1	26.596	59.7	1.52e-09	XP_036180911.1 mitochondrial uncoupling protein 2 isoform X1 [Myotis myotis]
UCP1|Hipposideros_armiger|XP_019516588	XP_036180896.1	59.272	362	1.05e-125	XP_036180896.1 mitochondrial uncoupling protein 3 isoform X1 [Myotis myotis]
UCP1|Hipposideros_armiger|XP_019516588	XP_036180896.1	25.234	63.5	7.50e-11	XP_036180896.1 mitochondrial uncoupling protein 3 isoform X1 [Myotis myotis]
UCP1|Hipposideros_armiger|XP_019516588	XP_036180912.1	57.616	345	2.06e-118	XP_036180912.1 mitochondrial uncoupling protein 2 isoform X2 [Myotis myotis]
UCP1|Hipposideros_armiger|XP_019516588	XP_036180912.1	26.596	60.8	6.84e-10	XP_036180912.1 mitochondrial uncoupling protein 2 isoform X2 [Myotis myotis]
UCP1|Miniopterus_natalensis|XP_016062362	XP_036170639.1	82.623	529	0.0	XP_036170639.1 mitochondrial brown fat uncoupling protein 1 [Myotis myotis]
UCP1|Miniopterus_natalensis|XP_016062362	XP_036180913.1	59.866	373	5.68e-130	XP_036180913.1 mitochondrial uncoupling protein 2 isoform X3 [Myotis myotis]
UCP1|Miniopterus_natalensis|XP_016062362	XP_036180913.1	26.263	56.6	1.39e-08	XP_036180913.1 mitochondrial uncoupling protein 2 isoform X3 [Myotis myotis]
UCP1|Miniopterus_natalensis|XP_016062362	XP_036180911.1	59.866	370	3.46e-128	XP_036180911.1 mitochondrial uncoupling protein 2 isoform X1 [Myotis myotis]
UCP1|Miniopterus_natalensis|XP_016062362	XP_036180911.1	26.263	55.8	2.81e-08	XP_036180911.1 mitochondrial uncoupling protein 2 isoform X1 [Myotis myotis]
UCP1|Miniopterus_natalensis|XP_016062362	XP_036180896.1	58.000	350	4.41e-121	XP_036180896.1 mitochondrial uncoupling protein 3 isoform X1 [Myotis myotis]
UCP1|Miniopterus_natalensis|XP_016062362	XP_036180896.1	22.772	56.6	1.37e-08	XP_036180896.1 mitochondrial uncoupling protein 3 isoform X1 [Myotis myotis]
UCP1|Miniopterus_natalensis|XP_016062362	XP_036180912.1	58.608	327	4.71e-111	XP_036180912.1 mitochondrial uncoupling protein 2 isoform X2 [Myotis myotis]
UCP1|Miniopterus_natalensis|XP_016062362	XP_036180912.1	26.263	56.6	1.45e-08	XP_036180912.1 mitochondrial uncoupling protein 2 isoform X2 [Myotis myotis]
UCP1|Miniopterus_schreibersii|XP_080991545	XP_036170639.1	83.279	533	0.0	XP_036170639.1 mitochondrial brown fat uncoupling protein 1 [Myotis myotis]
UCP1|Miniopterus_schreibersii|XP_080991545	XP_036180913.1	59.272	374	2.29e-130	XP_036180913.1 mitochondrial uncoupling protein 2 isoform X3 [Myotis myotis]
UCP1|Miniopterus_schreibersii|XP_080991545	XP_036180913.1	26.263	58.2	4.40e-09	XP_036180913.1 mitochondrial uncoupling protein 2 isoform X3 [Myotis myotis]
UCP1|Miniopterus_schreibersii|XP_080991545	XP_036180911.1	59.272	372	1.32e-128	XP_036180911.1 mitochondrial uncoupling protein 2 isoform X1 [Myotis myotis]
UCP1|Miniopterus_schreibersii|XP_080991545	XP_036180911.1	26.263	57.4	9.53e-09	XP_036180911.1 mitochondrial uncoupling protein 2 isoform X1 [Myotis myotis]
UCP1|Miniopterus_schreibersii|XP_080991545	XP_036180896.1	57.616	351	2.85e-121	XP_036180896.1 mitochondrial uncoupling protein 3 isoform X1 [Myotis myotis]
UCP1|Miniopterus_schreibersii|XP_080991545	XP_036180896.1	22.772	56.6	1.21e-08	XP_036180896.1 mitochondrial uncoupling protein 3 isoform X1 [Myotis myotis]
UCP1|Miniopterus_schreibersii|XP_080991545	XP_036180912.1	58.242	325	1.46e-110	XP_036180912.1 mitochondrial uncoupling protein 2 isoform X2 [Myotis myotis]
UCP1|Miniopterus_schreibersii|XP_080991545	XP_036180912.1	26.263	58.2	4.68e-09	XP_036180912.1 mitochondrial uncoupling protein 2 isoform X2 [Myotis myotis]
UCP1|Molossus_molossus|XP_036097118	XP_036170639.1	81.000	512	0.0	XP_036170639.1 mitochondrial brown fat uncoupling protein 1 [Myotis myotis]
UCP1|Molossus_molossus|XP_036097118	XP_036180913.1	60.000	380	7.91e-133	XP_036180913.1 mitochondrial uncoupling protein 2 isoform X3 [Myotis myotis]
UCP1|Molossus_molossus|XP_036097118	XP_036180913.1	26.108	60.5	6.36e-10	XP_036180913.1 mitochondrial uncoupling protein 2 isoform X3 [Myotis myotis]
UCP1|Molossus_molossus|XP_036097118	XP_036180911.1	60.000	377	7.28e-131	XP_036180911.1 mitochondrial uncoupling protein 2 isoform X1 [Myotis myotis]
UCP1|Molossus_molossus|XP_036097118	XP_036180911.1	26.190	59.7	1.55e-09	XP_036180911.1 mitochondrial uncoupling protein 2 isoform X1 [Myotis myotis]
UCP1|Molossus_molossus|XP_036097118	XP_036180896.1	58.644	358	3.86e-124	XP_036180896.1 mitochondrial uncoupling protein 3 isoform X1 [Myotis myotis]
UCP1|Molossus_molossus|XP_036097118	XP_036180896.1	23.188	61.6	3.06e-10	XP_036180896.1 mitochondrial uncoupling protein 3 isoform X1 [Myotis myotis]
UCP1|Molossus_molossus|XP_036097118	XP_036180912.1	59.398	333	1.82e-113	XP_036180912.1 mitochondrial uncoupling protein 2 isoform X2 [Myotis myotis]
UCP1|Molossus_molossus|XP_036097118	XP_036180912.1	26.190	60.5	8.29e-10	XP_036180912.1 mitochondrial uncoupling protein 2 isoform X2 [Myotis myotis]
UCP1|Myotis_brandtii|XP_005877832	XP_036170639.1	98.689	624	0.0	XP_036170639.1 mitochondrial brown fat uncoupling protein 1 [Myotis myotis]
UCP1|Myotis_brandtii|XP_005877832	XP_036180913.1	56.954	363	3.89e-126	XP_036180913.1 mitochondrial uncoupling protein 2 isoform X3 [Myotis myotis]
UCP1|Myotis_brandtii|XP_005877832	XP_036180913.1	27.273	60.5	7.45e-10	XP_036180913.1 mitochondrial uncoupling protein 2 isoform X3 [Myotis myotis]
UCP1|Myotis_brandtii|XP_005877832	XP_036180911.1	57.333	361	2.05e-124	XP_036180911.1 mitochondrial uncoupling protein 2 isoform X1 [Myotis myotis]
UCP1|Myotis_brandtii|XP_005877832	XP_036180911.1	27.273	59.3	2.34e-09	XP_036180911.1 mitochondrial uncoupling protein 2 isoform X1 [Myotis myotis]
UCP1|Myotis_brandtii|XP_005877832	XP_036180896.1	53.795	336	1.82e-115	XP_036180896.1 mitochondrial uncoupling protein 3 isoform X1 [Myotis myotis]
UCP1|Myotis_brandtii|XP_005877832	XP_036180896.1	21.891	54.3	7.13e-08	XP_036180896.1 mitochondrial uncoupling protein 3 isoform X1 [Myotis myotis]
UCP1|Myotis_brandtii|XP_005877832	XP_036180912.1	56.410	318	1.13e-107	XP_036180912.1 mitochondrial uncoupling protein 2 isoform X2 [Myotis myotis]
UCP1|Myotis_brandtii|XP_005877832	XP_036180912.1	27.273	60.1	1.13e-09	XP_036180912.1 mitochondrial uncoupling protein 2 isoform X2 [Myotis myotis]
UCP1|Myotis_daubentonii|XP_059553958	XP_036170639.1	99.016	626	0.0	XP_036170639.1 mitochondrial brown fat uncoupling protein 1 [Myotis myotis]
UCP1|Myotis_daubentonii|XP_059553958	XP_036180913.1	56.954	363	5.46e-126	XP_036180913.1 mitochondrial uncoupling protein 2 isoform X3 [Myotis myotis]
UCP1|Myotis_daubentonii|XP_059553958	XP_036180913.1	27.273	60.5	7.59e-10	XP_036180913.1 mitochondrial uncoupling protein 2 isoform X3 [Myotis myotis]
UCP1|Myotis_daubentonii|XP_059553958	XP_036180911.1	57.333	360	3.66e-124	XP_036180911.1 mitochondrial uncoupling protein 2 isoform X1 [Myotis myotis]
UCP1|Myotis_daubentonii|XP_059553958	XP_036180911.1	27.273	59.3	2.38e-09	XP_036180911.1 mitochondrial uncoupling protein 2 isoform X1 [Myotis myotis]
UCP1|Myotis_daubentonii|XP_059553958	XP_036180896.1	53.795	336	2.64e-115	XP_036180896.1 mitochondrial uncoupling protein 3 isoform X1 [Myotis myotis]
UCP1|Myotis_daubentonii|XP_059553958	XP_036180896.1	21.891	54.3	8.11e-08	XP_036180896.1 mitochondrial uncoupling protein 3 isoform X1 [Myotis myotis]
UCP1|Myotis_daubentonii|XP_059553958	XP_036180912.1	56.410	318	1.63e-107	XP_036180912.1 mitochondrial uncoupling protein 2 isoform X2 [Myotis myotis]
UCP1|Myotis_daubentonii|XP_059553958	XP_036180912.1	27.273	60.1	1.13e-09	XP_036180912.1 mitochondrial uncoupling protein 2 isoform X2 [Myotis myotis]
UCP1|Myotis_davidii|XP_006766147	XP_036170639.1	98.033	620	0.0	XP_036170639.1 mitochondrial brown fat uncoupling protein 1 [Myotis myotis]
UCP1|Myotis_davidii|XP_006766147	XP_036180913.1	56.623	362	1.01e-125	XP_036180913.1 mitochondrial uncoupling protein 2 isoform X3 [Myotis myotis]
UCP1|Myotis_davidii|XP_006766147	XP_036180913.1	27.273	60.1	8.73e-10	XP_036180913.1 mitochondrial uncoupling protein 2 isoform X3 [Myotis myotis]
UCP1|Myotis_davidii|XP_006766147	XP_036180911.1	57.000	360	3.83e-124	XP_036180911.1 mitochondrial uncoupling protein 2 isoform X1 [Myotis myotis]
UCP1|Myotis_davidii|XP_006766147	XP_036180911.1	27.273	59.3	2.31e-09	XP_036180911.1 mitochondrial uncoupling protein 2 isoform X1 [Myotis myotis]
UCP1|Myotis_davidii|XP_006766147	XP_036180896.1	54.125	337	6.18e-116	XP_036180896.1 mitochondrial uncoupling protein 3 isoform X1 [Myotis myotis]
UCP1|Myotis_davidii|XP_006766147	XP_036180896.1	21.393	53.1	1.70e-07	XP_036180896.1 mitochondrial uncoupling protein 3 isoform X1 [Myotis myotis]
UCP1|Myotis_davidii|XP_006766147	XP_036180912.1	56.044	317	2.12e-107	XP_036180912.1 mitochondrial uncoupling protein 2 isoform X2 [Myotis myotis]
UCP1|Myotis_davidii|XP_006766147	XP_036180912.1	27.273	60.1	1.20e-09	XP_036180912.1 mitochondrial uncoupling protein 2 isoform X2 [Myotis myotis]
UCP1|Myotis_lucifugus|XP_006082035	XP_036170639.1	98.033	622	0.0	XP_036170639.1 mitochondrial brown fat uncoupling protein 1 [Myotis myotis]
UCP1|Myotis_lucifugus|XP_006082035	XP_036180913.1	56.954	362	1.31e-125	XP_036180913.1 mitochondrial uncoupling protein 2 isoform X3 [Myotis myotis]
UCP1|Myotis_lucifugus|XP_006082035	XP_036180913.1	27.273	60.8	4.95e-10	XP_036180913.1 mitochondrial uncoupling protein 2 isoform X3 [Myotis myotis]
UCP1|Myotis_lucifugus|XP_006082035	XP_036180911.1	57.333	360	4.86e-124	XP_036180911.1 mitochondrial uncoupling protein 2 isoform X1 [Myotis myotis]
UCP1|Myotis_lucifugus|XP_006082035	XP_036180911.1	27.273	60.1	1.36e-09	XP_036180911.1 mitochondrial uncoupling protein 2 isoform X1 [Myotis myotis]
UCP1|Myotis_lucifugus|XP_006082035	XP_036180896.1	53.795	335	4.56e-115	XP_036180896.1 mitochondrial uncoupling protein 3 isoform X1 [Myotis myotis]
UCP1|Myotis_lucifugus|XP_006082035	XP_036180896.1	21.891	54.7	6.57e-08	XP_036180896.1 mitochondrial uncoupling protein 3 isoform X1 [Myotis myotis]
UCP1|Myotis_lucifugus|XP_006082035	XP_036180912.1	56.777	319	5.14e-108	XP_036180912.1 mitochondrial uncoupling protein 2 isoform X2 [Myotis myotis]
UCP1|Myotis_lucifugus|XP_006082035	XP_036180912.1	27.273	60.8	6.96e-10	XP_036180912.1 mitochondrial uncoupling protein 2 isoform X2 [Myotis myotis]
UCP1|Myotis_myotis|XP_036170639	XP_036170639.1	100.000	632	0.0	XP_036170639.1 mitochondrial brown fat uncoupling protein 1 [Myotis myotis]
UCP1|Myotis_myotis|XP_036170639	XP_036180913.1	56.954	364	2.04e-126	XP_036180913.1 mitochondrial uncoupling protein 2 isoform X3 [Myotis myotis]
UCP1|Myotis_myotis|XP_036170639	XP_036180913.1	27.273	61.2	4.23e-10	XP_036180913.1 mitochondrial uncoupling protein 2 isoform X3 [Myotis myotis]
UCP1|Myotis_myotis|XP_036170639	XP_036180911.1	56.954	362	9.16e-125	XP_036180911.1 mitochondrial uncoupling protein 2 isoform X1 [Myotis myotis]
UCP1|Myotis_myotis|XP_036170639	XP_036180911.1	27.273	60.1	1.21e-09	XP_036180911.1 mitochondrial uncoupling protein 2 isoform X1 [Myotis myotis]
UCP1|Myotis_myotis|XP_036170639	XP_036180896.1	53.465	336	2.55e-115	XP_036180896.1 mitochondrial uncoupling protein 3 isoform X1 [Myotis myotis]
UCP1|Myotis_myotis|XP_036170639	XP_036180896.1	22.388	56.6	1.46e-08	XP_036180896.1 mitochondrial uncoupling protein 3 isoform X1 [Myotis myotis]
UCP1|Myotis_myotis|XP_036170639	XP_036180912.1	56.410	318	1.08e-107	XP_036180912.1 mitochondrial uncoupling protein 2 isoform X2 [Myotis myotis]
UCP1|Myotis_myotis|XP_036170639	XP_036180912.1	27.273	60.8	5.74e-10	XP_036180912.1 mitochondrial uncoupling protein 2 isoform X2 [Myotis myotis]
UCP1|Myotis_nattereri|XP_080948808	XP_036170639.1	98.689	623	0.0	XP_036170639.1 mitochondrial brown fat uncoupling protein 1 [Myotis myotis]
UCP1|Myotis_nattereri|XP_080948808	XP_036180913.1	56.954	363	5.70e-126	XP_036180913.1 mitochondrial uncoupling protein 2 isoform X3 [Myotis myotis]
UCP1|Myotis_nattereri|XP_080948808	XP_036180913.1	27.273	60.8	5.44e-10	XP_036180913.1 mitochondrial uncoupling protein 2 isoform X3 [Myotis myotis]
UCP1|Myotis_nattereri|XP_080948808	XP_036180911.1	57.333	361	2.73e-124	XP_036180911.1 mitochondrial uncoupling protein 2 isoform X1 [Myotis myotis]
UCP1|Myotis_nattereri|XP_080948808	XP_036180911.1	27.273	59.7	1.52e-09	XP_036180911.1 mitochondrial uncoupling protein 2 isoform X1 [Myotis myotis]
UCP1|Myotis_nattereri|XP_080948808	XP_036180896.1	53.795	336	2.37e-115	XP_036180896.1 mitochondrial uncoupling protein 3 isoform X1 [Myotis myotis]
UCP1|Myotis_nattereri|XP_080948808	XP_036180896.1	21.891	53.9	9.39e-08	XP_036180896.1 mitochondrial uncoupling protein 3 isoform X1 [Myotis myotis]
UCP1|Myotis_nattereri|XP_080948808	XP_036180912.1	56.410	318	1.90e-107	XP_036180912.1 mitochondrial uncoupling protein 2 isoform X2 [Myotis myotis]
UCP1|Myotis_nattereri|XP_080948808	XP_036180912.1	27.273	60.5	8.37e-10	XP_036180912.1 mitochondrial uncoupling protein 2 isoform X2 [Myotis myotis]
UCP1|Myotis_yumanensis|XP_070273312	XP_036170639.1	97.377	619	0.0	XP_036170639.1 mitochondrial brown fat uncoupling protein 1 [Myotis myotis]
UCP1|Myotis_yumanensis|XP_070273312	XP_036180913.1	57.616	364	1.77e-126	XP_036180913.1 mitochondrial uncoupling protein 2 isoform X3 [Myotis myotis]
UCP1|Myotis_yumanensis|XP_070273312	XP_036180913.1	27.136	60.1	8.97e-10	XP_036180913.1 mitochondrial uncoupling protein 2 isoform X3 [Myotis myotis]
UCP1|Myotis_yumanensis|XP_070273312	XP_036180911.1	57.616	362	5.86e-125	XP_036180911.1 mitochondrial uncoupling protein 2 isoform X1 [Myotis myotis]
UCP1|Myotis_yumanensis|XP_070273312	XP_036180911.1	27.273	59.3	2.09e-09	XP_036180911.1 mitochondrial uncoupling protein 2 isoform X1 [Myotis myotis]
UCP1|Myotis_yumanensis|XP_070273312	XP_036180896.1	54.455	337	9.99e-116	XP_036180896.1 mitochondrial uncoupling protein 3 isoform X1 [Myotis myotis]
UCP1|Myotis_yumanensis|XP_070273312	XP_036180896.1	22.388	55.8	2.70e-08	XP_036180896.1 mitochondrial uncoupling protein 3 isoform X1 [Myotis myotis]
UCP1|Myotis_yumanensis|XP_070273312	XP_036180912.1	57.143	319	4.36e-108	XP_036180912.1 mitochondrial uncoupling protein 2 isoform X2 [Myotis myotis]
UCP1|Myotis_yumanensis|XP_070273312	XP_036180912.1	27.273	60.1	1.12e-09	XP_036180912.1 mitochondrial uncoupling protein 2 isoform X2 [Myotis myotis]
UCP1|Pipistrellus_kuhlii|XP_036279895	XP_036170639.1	90.492	590	0.0	XP_036170639.1 mitochondrial brown fat uncoupling protein 1 [Myotis myotis]
UCP1|Pipistrellus_kuhlii|XP_036279895	XP_036180913.1	57.616	367	9.88e-128	XP_036180913.1 mitochondrial uncoupling protein 2 isoform X3 [Myotis myotis]
UCP1|Pipistrellus_kuhlii|XP_036279895	XP_036180913.1	26.131	56.6	1.37e-08	XP_036180913.1 mitochondrial uncoupling protein 2 isoform X3 [Myotis myotis]
UCP1|Pipistrellus_kuhlii|XP_036279895	XP_036180911.1	57.616	365	4.41e-126	XP_036180911.1 mitochondrial uncoupling protein 2 isoform X1 [Myotis myotis]
UCP1|Pipistrellus_kuhlii|XP_036279895	XP_036180911.1	26.131	55.5	3.80e-08	XP_036180911.1 mitochondrial uncoupling protein 2 isoform X1 [Myotis myotis]
UCP1|Pipistrellus_kuhlii|XP_036279895	XP_036180896.1	55.116	341	3.35e-117	XP_036180896.1 mitochondrial uncoupling protein 3 isoform X1 [Myotis myotis]
UCP1|Pipistrellus_kuhlii|XP_036279895	XP_036180896.1	21.782	52.8	2.26e-07	XP_036180896.1 mitochondrial uncoupling protein 3 isoform X1 [Myotis myotis]
UCP1|Pipistrellus_kuhlii|XP_036279895	XP_036180912.1	56.410	321	1.12e-108	XP_036180912.1 mitochondrial uncoupling protein 2 isoform X2 [Myotis myotis]
UCP1|Pipistrellus_kuhlii|XP_036279895	XP_036180912.1	26.131	56.2	2.15e-08	XP_036180912.1 mitochondrial uncoupling protein 2 isoform X2 [Myotis myotis]
UCP1|Plecotus_auritus|XP_080530094	XP_036170639.1	92.787	603	0.0	XP_036170639.1 mitochondrial brown fat uncoupling protein 1 [Myotis myotis]
UCP1|Plecotus_auritus|XP_080530094	XP_036180913.1	58.278	369	1.41e-128	XP_036180913.1 mitochondrial uncoupling protein 2 isoform X3 [Myotis myotis]
UCP1|Plecotus_auritus|XP_080530094	XP_036180913.1	26.633	59.3	1.81e-09	XP_036180913.1 mitochondrial uncoupling protein 2 isoform X3 [Myotis myotis]
UCP1|Plecotus_auritus|XP_080530094	XP_036180911.1	58.278	367	6.97e-127	XP_036180911.1 mitochondrial uncoupling protein 2 isoform X1 [Myotis myotis]
UCP1|Plecotus_auritus|XP_080530094	XP_036180911.1	26.633	58.2	4.85e-09	XP_036180911.1 mitochondrial uncoupling protein 2 isoform X1 [Myotis myotis]
UCP1|Plecotus_auritus|XP_080530094	XP_036180896.1	54.455	338	2.75e-116	XP_036180896.1 mitochondrial uncoupling protein 3 isoform X1 [Myotis myotis]
UCP1|Plecotus_auritus|XP_080530094	XP_036180896.1	21.393	50.8	1.10e-06	XP_036180896.1 mitochondrial uncoupling protein 3 isoform X1 [Myotis myotis]
UCP1|Plecotus_auritus|XP_080530094	XP_036180912.1	57.509	323	9.12e-110	XP_036180912.1 mitochondrial uncoupling protein 2 isoform X2 [Myotis myotis]
UCP1|Plecotus_auritus|XP_080530094	XP_036180912.1	26.768	59.3	2.05e-09	XP_036180912.1 mitochondrial uncoupling protein 2 isoform X2 [Myotis myotis]
UCP1|Pteropus_alecto|XP_006906290	XP_036170639.1	75.082	487	4.65e-175	XP_036170639.1 mitochondrial brown fat uncoupling protein 1 [Myotis myotis]
UCP1|Pteropus_alecto|XP_006906290	XP_036180913.1	60.870	374	1.67e-130	XP_036180913.1 mitochondrial uncoupling protein 2 isoform X3 [Myotis myotis]
UCP1|Pteropus_alecto|XP_006906290	XP_036180913.1	26.562	57.8	5.35e-09	XP_036180913.1 mitochondrial uncoupling protein 2 isoform X3 [Myotis myotis]
UCP1|Pteropus_alecto|XP_006906290	XP_036180913.1	23.116	52.4	3.08e-07	XP_036180913.1 mitochondrial uncoupling protein 2 isoform X3 [Myotis myotis]
UCP1|Pteropus_alecto|XP_006906290	XP_036180911.1	60.870	372	6.17e-129	XP_036180911.1 mitochondrial uncoupling protein 2 isoform X1 [Myotis myotis]
UCP1|Pteropus_alecto|XP_006906290	XP_036180911.1	26.562	57.0	1.37e-08	XP_036180911.1 mitochondrial uncoupling protein 2 isoform X1 [Myotis myotis]
UCP1|Pteropus_alecto|XP_006906290	XP_036180911.1	23.116	53.9	1.37e-07	XP_036180911.1 mitochondrial uncoupling protein 2 isoform X1 [Myotis myotis]
UCP1|Pteropus_alecto|XP_006906290	XP_036180896.1	59.000	353	2.81e-122	XP_036180896.1 mitochondrial uncoupling protein 3 isoform X1 [Myotis myotis]
UCP1|Pteropus_alecto|XP_006906290	XP_036180896.1	26.066	67.8	2.48e-12	XP_036180896.1 mitochondrial uncoupling protein 3 isoform X1 [Myotis myotis]
UCP1|Pteropus_alecto|XP_006906290	XP_036180912.1	55.629	328	1.80e-111	XP_036180912.1 mitochondrial uncoupling protein 2 isoform X2 [Myotis myotis]
UCP1|Pteropus_alecto|XP_006906290	XP_036180912.1	26.562	57.8	7.19e-09	XP_036180912.1 mitochondrial uncoupling protein 2 isoform X2 [Myotis myotis]
UCP1|Pteropus_medius|XP_039731761	XP_036170639.1	75.410	489	5.25e-176	XP_036170639.1 mitochondrial brown fat uncoupling protein 1 [Myotis myotis]
UCP1|Pteropus_medius|XP_039731761	XP_036180913.1	61.204	377	9.52e-132	XP_036180913.1 mitochondrial uncoupling protein 2 isoform X3 [Myotis myotis]
UCP1|Pteropus_medius|XP_039731761	XP_036180913.1	26.562	58.2	4.57e-09	XP_036180913.1 mitochondrial uncoupling protein 2 isoform X3 [Myotis myotis]
UCP1|Pteropus_medius|XP_039731761	XP_036180913.1	23.116	51.6	5.43e-07	XP_036180913.1 mitochondrial uncoupling protein 2 isoform X3 [Myotis myotis]
UCP1|Pteropus_medius|XP_039731761	XP_036180911.1	61.204	375	3.69e-130	XP_036180911.1 mitochondrial uncoupling protein 2 isoform X1 [Myotis myotis]
UCP1|Pteropus_medius|XP_039731761	XP_036180911.1	26.562	57.4	9.53e-09	XP_036180911.1 mitochondrial uncoupling protein 2 isoform X1 [Myotis myotis]
UCP1|Pteropus_medius|XP_039731761	XP_036180911.1	23.116	53.1	2.46e-07	XP_036180911.1 mitochondrial uncoupling protein 2 isoform X1 [Myotis myotis]
UCP1|Pteropus_medius|XP_039731761	XP_036180896.1	59.667	353	3.99e-122	XP_036180896.1 mitochondrial uncoupling protein 3 isoform X1 [Myotis myotis]
UCP1|Pteropus_medius|XP_039731761	XP_036180896.1	26.066	66.6	6.30e-12	XP_036180896.1 mitochondrial uncoupling protein 3 isoform X1 [Myotis myotis]
UCP1|Pteropus_medius|XP_039731761	XP_036180912.1	55.960	331	1.02e-112	XP_036180912.1 mitochondrial uncoupling protein 2 isoform X2 [Myotis myotis]
UCP1|Pteropus_medius|XP_039731761	XP_036180912.1	26.562	58.2	5.72e-09	XP_036180912.1 mitochondrial uncoupling protein 2 isoform X2 [Myotis myotis]
UCP1|Pteropus_vampyrus|XP_011372612	XP_036170639.1	75.738	492	5.61e-177	XP_036170639.1 mitochondrial brown fat uncoupling protein 1 [Myotis myotis]
UCP1|Pteropus_vampyrus|XP_011372612	XP_036180913.1	61.204	377	1.43e-131	XP_036180913.1 mitochondrial uncoupling protein 2 isoform X3 [Myotis myotis]
UCP1|Pteropus_vampyrus|XP_011372612	XP_036180913.1	26.562	58.5	3.25e-09	XP_036180913.1 mitochondrial uncoupling protein 2 isoform X3 [Myotis myotis]
UCP1|Pteropus_vampyrus|XP_011372612	XP_036180913.1	23.116	51.6	5.53e-07	XP_036180913.1 mitochondrial uncoupling protein 2 isoform X3 [Myotis myotis]
UCP1|Pteropus_vampyrus|XP_011372612	XP_036180911.1	61.204	375	4.25e-130	XP_036180911.1 mitochondrial uncoupling protein 2 isoform X1 [Myotis myotis]
UCP1|Pteropus_vampyrus|XP_011372612	XP_036180911.1	26.562	57.8	6.49e-09	XP_036180911.1 mitochondrial uncoupling protein 2 isoform X1 [Myotis myotis]
UCP1|Pteropus_vampyrus|XP_011372612	XP_036180911.1	23.116	53.1	2.42e-07	XP_036180911.1 mitochondrial uncoupling protein 2 isoform X1 [Myotis myotis]
UCP1|Pteropus_vampyrus|XP_011372612	XP_036180896.1	59.333	352	1.37e-121	XP_036180896.1 mitochondrial uncoupling protein 3 isoform X1 [Myotis myotis]
UCP1|Pteropus_vampyrus|XP_011372612	XP_036180896.1	26.066	66.6	6.07e-12	XP_036180896.1 mitochondrial uncoupling protein 3 isoform X1 [Myotis myotis]
UCP1|Pteropus_vampyrus|XP_011372612	XP_036180912.1	55.960	331	1.07e-112	XP_036180912.1 mitochondrial uncoupling protein 2 isoform X2 [Myotis myotis]
UCP1|Pteropus_vampyrus|XP_011372612	XP_036180912.1	26.562	58.5	3.72e-09	XP_036180912.1 mitochondrial uncoupling protein 2 isoform X2 [Myotis myotis]
UCP1|Rhinolophus_ferrumequinum|XP_032990429	XP_036170639.1	80.719	513	0.0	XP_036170639.1 mitochondrial brown fat uncoupling protein 1 [Myotis myotis]
UCP1|Rhinolophus_ferrumequinum|XP_032990429	XP_036180913.1	60.066	380	8.44e-133	XP_036180913.1 mitochondrial uncoupling protein 2 isoform X3 [Myotis myotis]
UCP1|Rhinolophus_ferrumequinum|XP_032990429	XP_036180913.1	27.083	64.7	2.50e-11	XP_036180913.1 mitochondrial uncoupling protein 2 isoform X3 [Myotis myotis]
UCP1|Rhinolophus_ferrumequinum|XP_032990429	XP_036180911.1	60.066	377	1.04e-130	XP_036180911.1 mitochondrial uncoupling protein 2 isoform X1 [Myotis myotis]
UCP1|Rhinolophus_ferrumequinum|XP_032990429	XP_036180911.1	27.083	63.9	5.46e-11	XP_036180911.1 mitochondrial uncoupling protein 2 isoform X1 [Myotis myotis]
UCP1|Rhinolophus_ferrumequinum|XP_032990429	XP_036180896.1	59.868	359	1.41e-124	XP_036180896.1 mitochondrial uncoupling protein 3 isoform X1 [Myotis myotis]
UCP1|Rhinolophus_ferrumequinum|XP_032990429	XP_036180896.1	25.000	58.9	2.65e-09	XP_036180896.1 mitochondrial uncoupling protein 3 isoform X1 [Myotis myotis]
UCP1|Rhinolophus_ferrumequinum|XP_032990429	XP_036180912.1	55.446	330	1.98e-112	XP_036180912.1 mitochondrial uncoupling protein 2 isoform X2 [Myotis myotis]
UCP1|Rhinolophus_ferrumequinum|XP_032990429	XP_036180912.1	27.083	65.1	2.72e-11	XP_036180912.1 mitochondrial uncoupling protein 2 isoform X2 [Myotis myotis]
UCP1|Rhinolophus_hipposideros|XP_080933954	XP_036170639.1	80.065	509	0.0	XP_036170639.1 mitochondrial brown fat uncoupling protein 1 [Myotis myotis]
UCP1|Rhinolophus_hipposideros|XP_080933954	XP_036180913.1	60.726	387	2.74e-135	XP_036180913.1 mitochondrial uncoupling protein 2 isoform X3 [Myotis myotis]
UCP1|Rhinolophus_hipposideros|XP_080933954	XP_036180913.1	27.083	63.5	7.00e-11	XP_036180913.1 mitochondrial uncoupling protein 2 isoform X3 [Myotis myotis]
UCP1|Rhinolophus_hipposideros|XP_080933954	XP_036180911.1	60.726	384	2.57e-133	XP_036180911.1 mitochondrial uncoupling protein 2 isoform X1 [Myotis myotis]
UCP1|Rhinolophus_hipposideros|XP_080933954	XP_036180911.1	27.083	62.8	1.71e-10	XP_036180911.1 mitochondrial uncoupling protein 2 isoform X1 [Myotis myotis]
UCP1|Rhinolophus_hipposideros|XP_080933954	XP_036180896.1	59.868	360	1.11e-124	XP_036180896.1 mitochondrial uncoupling protein 3 isoform X1 [Myotis myotis]
UCP1|Rhinolophus_hipposideros|XP_080933954	XP_036180896.1	23.153	53.5	1.64e-07	XP_036180896.1 mitochondrial uncoupling protein 3 isoform X1 [Myotis myotis]
UCP1|Rhinolophus_hipposideros|XP_080933954	XP_036180912.1	56.106	337	4.05e-115	XP_036180912.1 mitochondrial uncoupling protein 2 isoform X2 [Myotis myotis]
UCP1|Rhinolophus_hipposideros|XP_080933954	XP_036180912.1	27.083	63.5	8.16e-11	XP_036180912.1 mitochondrial uncoupling protein 2 isoform X2 [Myotis myotis]
UCP1|Rhinolophus_sinicus|XP_019586280	XP_036170639.1	80.656	516	0.0	XP_036170639.1 mitochondrial brown fat uncoupling protein 1 [Myotis myotis]
UCP1|Rhinolophus_sinicus|XP_019586280	XP_036180913.1	60.596	388	7.18e-136	XP_036180913.1 mitochondrial uncoupling protein 2 isoform X3 [Myotis myotis]
UCP1|Rhinolophus_sinicus|XP_019586280	XP_036180913.1	27.083	64.3	3.25e-11	XP_036180913.1 mitochondrial uncoupling protein 2 isoform X3 [Myotis myotis]
UCP1|Rhinolophus_sinicus|XP_019586280	XP_036180911.1	60.596	385	7.61e-134	XP_036180911.1 mitochondrial uncoupling protein 2 isoform X1 [Myotis myotis]
UCP1|Rhinolophus_sinicus|XP_019586280	XP_036180911.1	27.083	63.5	8.65e-11	XP_036180911.1 mitochondrial uncoupling protein 2 isoform X1 [Myotis myotis]
UCP1|Rhinolophus_sinicus|XP_019586280	XP_036180896.1	59.736	364	1.80e-126	XP_036180896.1 mitochondrial uncoupling protein 3 isoform X1 [Myotis myotis]
UCP1|Rhinolophus_sinicus|XP_019586280	XP_036180896.1	24.631	57.0	1.03e-08	XP_036180896.1 mitochondrial uncoupling protein 3 isoform X1 [Myotis myotis]
UCP1|Rhinolophus_sinicus|XP_019586280	XP_036180912.1	55.960	338	1.65e-115	XP_036180912.1 mitochondrial uncoupling protein 2 isoform X2 [Myotis myotis]
UCP1|Rhinolophus_sinicus|XP_019586280	XP_036180912.1	27.083	64.3	4.23e-11	XP_036180912.1 mitochondrial uncoupling protein 2 isoform X2 [Myotis myotis]
UCP1|Rousettus_aegyptiacus|XP_016009570	XP_036170639.1	75.163	481	1.54e-172	XP_036170639.1 mitochondrial brown fat uncoupling protein 1 [Myotis myotis]
UCP1|Rousettus_aegyptiacus|XP_016009570	XP_036180913.1	60.667	379	2.02e-132	XP_036180913.1 mitochondrial uncoupling protein 2 isoform X3 [Myotis myotis]
UCP1|Rousettus_aegyptiacus|XP_016009570	XP_036180913.1	27.273	58.9	2.60e-09	XP_036180913.1 mitochondrial uncoupling protein 2 isoform X3 [Myotis myotis]
UCP1|Rousettus_aegyptiacus|XP_016009570	XP_036180911.1	60.667	377	9.47e-131	XP_036180911.1 mitochondrial uncoupling protein 2 isoform X1 [Myotis myotis]
UCP1|Rousettus_aegyptiacus|XP_016009570	XP_036180911.1	27.273	57.8	7.51e-09	XP_036180911.1 mitochondrial uncoupling protein 2 isoform X1 [Myotis myotis]
UCP1|Rousettus_aegyptiacus|XP_016009570	XP_036180896.1	58.804	353	4.78e-122	XP_036180896.1 mitochondrial uncoupling protein 3 isoform X1 [Myotis myotis]
UCP1|Rousettus_aegyptiacus|XP_016009570	XP_036180896.1	25.118	63.9	4.88e-11	XP_036180896.1 mitochondrial uncoupling protein 3 isoform X1 [Myotis myotis]
UCP1|Rousettus_aegyptiacus|XP_016009570	XP_036180912.1	55.629	331	1.16e-112	XP_036180912.1 mitochondrial uncoupling protein 2 isoform X2 [Myotis myotis]
UCP1|Saccopteryx_bilineata|XP_066109563	XP_036170639.1	74.172	471	5.88e-169	XP_036170639.1 mitochondrial brown fat uncoupling protein 1 [Myotis myotis]
UCP1|Saccopteryx_bilineata|XP_066109563	XP_036180913.1	59.672	381	3.12e-133	XP_036180913.1 mitochondrial uncoupling protein 2 isoform X3 [Myotis myotis]
UCP1|Saccopteryx_bilineata|XP_066109563	XP_036180911.1	59.672	379	1.74e-131	XP_036180911.1 mitochondrial uncoupling protein 2 isoform X1 [Myotis myotis]
UCP1|Saccopteryx_bilineata|XP_066109563	XP_036180896.1	55.263	348	6.18e-120	XP_036180896.1 mitochondrial uncoupling protein 3 isoform X1 [Myotis myotis]
UCP1|Saccopteryx_bilineata|XP_066109563	XP_036180896.1	22.115	57.8	5.35e-09	XP_036180896.1 mitochondrial uncoupling protein 3 isoform X1 [Myotis myotis]
UCP1|Saccopteryx_bilineata|XP_066109563	XP_036180912.1	58.608	330	1.62e-112	XP_036180912.1 mitochondrial uncoupling protein 2 isoform X2 [Myotis myotis]
UCP1|Saccopteryx_bilineata|XP_066109563	XP_036180912.1	24.631	58.2	4.64e-09	XP_036180912.1 mitochondrial uncoupling protein 2 isoform X2 [Myotis myotis]
UCP1|Saccopteryx_leptura|XP_066217010	XP_036170639.1	74.172	471	5.88e-169	XP_036170639.1 mitochondrial brown fat uncoupling protein 1 [Myotis myotis]
UCP1|Saccopteryx_leptura|XP_066217010	XP_036180913.1	59.672	381	3.12e-133	XP_036180913.1 mitochondrial uncoupling protein 2 isoform X3 [Myotis myotis]
UCP1|Saccopteryx_leptura|XP_066217010	XP_036180911.1	59.672	379	1.74e-131	XP_036180911.1 mitochondrial uncoupling protein 2 isoform X1 [Myotis myotis]
UCP1|Saccopteryx_leptura|XP_066217010	XP_036180896.1	55.263	348	6.18e-120	XP_036180896.1 mitochondrial uncoupling protein 3 isoform X1 [Myotis myotis]
UCP1|Saccopteryx_leptura|XP_066217010	XP_036180896.1	22.115	57.8	5.35e-09	XP_036180896.1 mitochondrial uncoupling protein 3 isoform X1 [Myotis myotis]
UCP1|Saccopteryx_leptura|XP_066217010	XP_036180912.1	58.608	330	1.62e-112	XP_036180912.1 mitochondrial uncoupling protein 2 isoform X2 [Myotis myotis]
UCP1|Saccopteryx_leptura|XP_066217010	XP_036180912.1	24.631	58.2	4.64e-09	XP_036180912.1 mitochondrial uncoupling protein 2 isoform X2 [Myotis myotis]
UQCRB|Artibeus_jamaicensis|XP_036987003	XP_036193678.1	90.090	207	7.08e-71	XP_036193678.1 cytochrome b-c1 complex subunit 7 isoform X1 [Myotis myotis]
UQCRB|Artibeus_jamaicensis|XP_036987003	XP_036170091.1	87.387	200	7.05e-68	XP_036170091.1 cytochrome b-c1 complex subunit 7-like [Myotis myotis]
UQCRB|Artibeus_jamaicensis|XP_036987003	XP_036193679.1	88.679	197	1.45e-66	XP_036193679.1 cytochrome b-c1 complex subunit 7 isoform X2 [Myotis myotis]
UQCRB|Cnephaeus_nilssonii|XP_079652620	XP_036193678.1	97.297	220	8.33e-76	XP_036193678.1 cytochrome b-c1 complex subunit 7 isoform X1 [Myotis myotis]
UQCRB|Cnephaeus_nilssonii|XP_079652620	XP_036170091.1	94.595	213	7.78e-73	XP_036170091.1 cytochrome b-c1 complex subunit 7-like [Myotis myotis]
UQCRB|Cnephaeus_nilssonii|XP_079652620	XP_036193679.1	96.226	209	2.42e-71	XP_036193679.1 cytochrome b-c1 complex subunit 7 isoform X2 [Myotis myotis]
UQCRB|Desmodus_rotundus|XP_024428092	XP_036193678.1	92.793	212	1.83e-72	XP_036193678.1 cytochrome b-c1 complex subunit 7 isoform X1 [Myotis myotis]
UQCRB|Desmodus_rotundus|XP_024428092	XP_036170091.1	90.090	204	1.79e-69	XP_036170091.1 cytochrome b-c1 complex subunit 7-like [Myotis myotis]
UQCRB|Desmodus_rotundus|XP_024428092	XP_036193679.1	91.509	201	3.67e-68	XP_036193679.1 cytochrome b-c1 complex subunit 7 isoform X2 [Myotis myotis]
UQCRB|Eptesicus_fuscus|XP_008146747	XP_036193678.1	97.297	220	8.33e-76	XP_036193678.1 cytochrome b-c1 complex subunit 7 isoform X1 [Myotis myotis]
UQCRB|Eptesicus_fuscus|XP_008146747	XP_036170091.1	94.595	213	7.78e-73	XP_036170091.1 cytochrome b-c1 complex subunit 7-like [Myotis myotis]
UQCRB|Eptesicus_fuscus|XP_008146747	XP_036193679.1	96.226	209	2.42e-71	XP_036193679.1 cytochrome b-c1 complex subunit 7 isoform X2 [Myotis myotis]
UQCRB|Miniopterus_natalensis|XP_016054006	XP_036193678.1	94.595	215	1.02e-73	XP_036193678.1 cytochrome b-c1 complex subunit 7 isoform X1 [Myotis myotis]
UQCRB|Miniopterus_natalensis|XP_016054006	XP_036170091.1	91.892	206	1.97e-70	XP_036170091.1 cytochrome b-c1 complex subunit 7-like [Myotis myotis]
UQCRB|Miniopterus_natalensis|XP_016054006	XP_036193679.1	94.340	205	9.48e-70	XP_036193679.1 cytochrome b-c1 complex subunit 7 isoform X2 [Myotis myotis]
UQCRB|Miniopterus_schreibersii|XP_080972573	XP_036193678.1	93.694	214	1.64e-73	XP_036193678.1 cytochrome b-c1 complex subunit 7 isoform X1 [Myotis myotis]
UQCRB|Miniopterus_schreibersii|XP_080972573	XP_036170091.1	90.991	206	2.56e-70	XP_036170091.1 cytochrome b-c1 complex subunit 7-like [Myotis myotis]
UQCRB|Miniopterus_schreibersii|XP_080972573	XP_036193679.1	93.396	204	1.18e-69	XP_036193679.1 cytochrome b-c1 complex subunit 7 isoform X2 [Myotis myotis]
UQCRB|Molossus_molossus|XP_036120004	XP_036193678.1	95.495	218	5.69e-75	XP_036193678.1 cytochrome b-c1 complex subunit 7 isoform X1 [Myotis myotis]
UQCRB|Molossus_molossus|XP_036120004	XP_036170091.1	92.793	210	9.50e-72	XP_036170091.1 cytochrome b-c1 complex subunit 7-like [Myotis myotis]
UQCRB|Molossus_molossus|XP_036120004	XP_036193679.1	95.283	208	4.68e-71	XP_036193679.1 cytochrome b-c1 complex subunit 7 isoform X2 [Myotis myotis]
UQCRB|Myotis_brandtii|XP_005879308	XP_036193678.1	99.099	224	2.65e-77	XP_036193678.1 cytochrome b-c1 complex subunit 7 isoform X1 [Myotis myotis]
UQCRB|Myotis_brandtii|XP_005879308	XP_036170091.1	96.396	216	2.73e-74	XP_036170091.1 cytochrome b-c1 complex subunit 7-like [Myotis myotis]
UQCRB|Myotis_brandtii|XP_005879308	XP_036193679.1	98.113	213	8.33e-73	XP_036193679.1 cytochrome b-c1 complex subunit 7 isoform X2 [Myotis myotis]
UQCRB|Myotis_daubentonii|XP_059528163	XP_036193678.1	99.099	224	1.65e-77	XP_036193678.1 cytochrome b-c1 complex subunit 7 isoform X1 [Myotis myotis]
UQCRB|Myotis_daubentonii|XP_059528163	XP_036170091.1	96.396	217	1.58e-74	XP_036170091.1 cytochrome b-c1 complex subunit 7-like [Myotis myotis]
UQCRB|Myotis_daubentonii|XP_059528163	XP_036193679.1	98.113	213	5.08e-73	XP_036193679.1 cytochrome b-c1 complex subunit 7 isoform X2 [Myotis myotis]
UQCRB|Myotis_davidii|XP_006753252	XP_036193678.1	99.099	224	1.75e-77	XP_036193678.1 cytochrome b-c1 complex subunit 7 isoform X1 [Myotis myotis]
UQCRB|Myotis_davidii|XP_006753252	XP_036170091.1	96.396	217	2.03e-74	XP_036170091.1 cytochrome b-c1 complex subunit 7-like [Myotis myotis]
UQCRB|Myotis_davidii|XP_006753252	XP_036193679.1	98.113	213	5.20e-73	XP_036193679.1 cytochrome b-c1 complex subunit 7 isoform X2 [Myotis myotis]
UQCRB|Myotis_lucifugus|XP_006102244	XP_036193678.1	100.000	226	6.09e-78	XP_036193678.1 cytochrome b-c1 complex subunit 7 isoform X1 [Myotis myotis]
UQCRB|Myotis_lucifugus|XP_006102244	XP_036170091.1	97.297	218	6.28e-75	XP_036170091.1 cytochrome b-c1 complex subunit 7-like [Myotis myotis]
UQCRB|Myotis_lucifugus|XP_006102244	XP_036193679.1	99.057	214	1.83e-73	XP_036193679.1 cytochrome b-c1 complex subunit 7 isoform X2 [Myotis myotis]
UQCRB|Myotis_myotis|XP_036193678	XP_036193678.1	100.000	226	6.09e-78	XP_036193678.1 cytochrome b-c1 complex subunit 7 isoform X1 [Myotis myotis]
UQCRB|Myotis_myotis|XP_036193678	XP_036170091.1	97.297	218	6.28e-75	XP_036170091.1 cytochrome b-c1 complex subunit 7-like [Myotis myotis]
UQCRB|Myotis_myotis|XP_036193678	XP_036193679.1	99.057	214	1.83e-73	XP_036193679.1 cytochrome b-c1 complex subunit 7 isoform X2 [Myotis myotis]
UQCRB|Myotis_nattereri|XP_080967363	XP_036193678.1	100.000	226	6.09e-78	XP_036193678.1 cytochrome b-c1 complex subunit 7 isoform X1 [Myotis myotis]
UQCRB|Myotis_nattereri|XP_080967363	XP_036170091.1	97.297	218	6.28e-75	XP_036170091.1 cytochrome b-c1 complex subunit 7-like [Myotis myotis]
UQCRB|Myotis_nattereri|XP_080967363	XP_036193679.1	99.057	214	1.83e-73	XP_036193679.1 cytochrome b-c1 complex subunit 7 isoform X2 [Myotis myotis]
UQCRB|Myotis_yumanensis|XP_070248280	XP_036193678.1	100.000	226	6.09e-78	XP_036193678.1 cytochrome b-c1 complex subunit 7 isoform X1 [Myotis myotis]
UQCRB|Myotis_yumanensis|XP_070248280	XP_036170091.1	97.297	218	6.28e-75	XP_036170091.1 cytochrome b-c1 complex subunit 7-like [Myotis myotis]
UQCRB|Myotis_yumanensis|XP_070248280	XP_036193679.1	99.057	214	1.83e-73	XP_036193679.1 cytochrome b-c1 complex subunit 7 isoform X2 [Myotis myotis]
UQCRB|Phyllostomus_discolor|XP_028389753	XP_036193678.1	90.991	208	5.62e-71	XP_036193678.1 cytochrome b-c1 complex subunit 7 isoform X1 [Myotis myotis]
UQCRB|Phyllostomus_discolor|XP_028389753	XP_036170091.1	88.288	200	6.12e-68	XP_036170091.1 cytochrome b-c1 complex subunit 7-like [Myotis myotis]
UQCRB|Phyllostomus_discolor|XP_028389753	XP_036193679.1	89.623	197	1.27e-66	XP_036193679.1 cytochrome b-c1 complex subunit 7 isoform X2 [Myotis myotis]
UQCRB|Phyllostomus_hastatus|XP_045717047	XP_036193678.1	91.892	211	3.03e-72	XP_036193678.1 cytochrome b-c1 complex subunit 7 isoform X1 [Myotis myotis]
UQCRB|Phyllostomus_hastatus|XP_045717047	XP_036170091.1	89.189	203	3.23e-69	XP_036170091.1 cytochrome b-c1 complex subunit 7-like [Myotis myotis]
UQCRB|Phyllostomus_hastatus|XP_045717047	XP_036193679.1	90.566	200	6.14e-68	XP_036193679.1 cytochrome b-c1 complex subunit 7 isoform X2 [Myotis myotis]
UQCRB|Pipistrellus_kuhlii|XP_036292472	XP_036193678.1	95.833	192	3.31e-65	XP_036193678.1 cytochrome b-c1 complex subunit 7 isoform X1 [Myotis myotis]
UQCRB|Pipistrellus_kuhlii|XP_036292472	XP_036170091.1	92.708	184	6.52e-62	XP_036170091.1 cytochrome b-c1 complex subunit 7-like [Myotis myotis]
UQCRB|Pipistrellus_kuhlii|XP_036292472	XP_036193679.1	95.604	183	2.55e-61	XP_036193679.1 cytochrome b-c1 complex subunit 7 isoform X2 [Myotis myotis]
UQCRB|Plecotus_auritus|XP_080503184	XP_036193678.1	99.099	224	1.89e-77	XP_036193678.1 cytochrome b-c1 complex subunit 7 isoform X1 [Myotis myotis]
UQCRB|Plecotus_auritus|XP_080503184	XP_036170091.1	96.396	216	2.12e-74	XP_036170091.1 cytochrome b-c1 complex subunit 7-like [Myotis myotis]
UQCRB|Plecotus_auritus|XP_080503184	XP_036193679.1	99.057	214	1.42e-73	XP_036193679.1 cytochrome b-c1 complex subunit 7 isoform X2 [Myotis myotis]
UQCRB|Pteronotus_mesoamericanus|XP_054446266	XP_036193678.1	91.892	210	7.14e-72	XP_036193678.1 cytochrome b-c1 complex subunit 7 isoform X1 [Myotis myotis]
UQCRB|Pteronotus_mesoamericanus|XP_054446266	XP_036170091.1	89.189	202	7.20e-69	XP_036170091.1 cytochrome b-c1 complex subunit 7-like [Myotis myotis]
UQCRB|Pteronotus_mesoamericanus|XP_054446266	XP_036193679.1	90.566	199	1.67e-67	XP_036193679.1 cytochrome b-c1 complex subunit 7 isoform X2 [Myotis myotis]
UQCRB|Pteropus_alecto|XP_006916732	XP_036193678.1	94.595	218	9.12e-75	XP_036193678.1 cytochrome b-c1 complex subunit 7 isoform X1 [Myotis myotis]
UQCRB|Pteropus_alecto|XP_006916732	XP_036170091.1	91.892	209	1.20e-71	XP_036170091.1 cytochrome b-c1 complex subunit 7-like [Myotis myotis]
UQCRB|Pteropus_alecto|XP_006916732	XP_036193679.1	93.396	206	2.96e-70	XP_036193679.1 cytochrome b-c1 complex subunit 7 isoform X2 [Myotis myotis]
UQCRB|Pteropus_medius|XP_039722284	XP_036193678.1	94.595	218	9.12e-75	XP_036193678.1 cytochrome b-c1 complex subunit 7 isoform X1 [Myotis myotis]
UQCRB|Pteropus_medius|XP_039722284	XP_036170091.1	91.892	209	1.20e-71	XP_036170091.1 cytochrome b-c1 complex subunit 7-like [Myotis myotis]
UQCRB|Pteropus_medius|XP_039722284	XP_036193679.1	93.396	206	2.96e-70	XP_036193679.1 cytochrome b-c1 complex subunit 7 isoform X2 [Myotis myotis]
UQCRB|Pteropus_vampyrus|XP_011371193	XP_036193678.1	94.595	218	9.12e-75	XP_036193678.1 cytochrome b-c1 complex subunit 7 isoform X1 [Myotis myotis]
UQCRB|Pteropus_vampyrus|XP_011371193	XP_036170091.1	91.892	209	1.20e-71	XP_036170091.1 cytochrome b-c1 complex subunit 7-like [Myotis myotis]
UQCRB|Pteropus_vampyrus|XP_011371193	XP_036193679.1	93.396	206	2.96e-70	XP_036193679.1 cytochrome b-c1 complex subunit 7 isoform X2 [Myotis myotis]
UQCRB|Rhinolophus_ferrumequinum|XP_032981564	XP_036193678.1	97.297	221	2.49e-76	XP_036193678.1 cytochrome b-c1 complex subunit 7 isoform X1 [Myotis myotis]
UQCRB|Rhinolophus_ferrumequinum|XP_032981564	XP_036170091.1	94.595	214	2.46e-73	XP_036170091.1 cytochrome b-c1 complex subunit 7-like [Myotis myotis]
UQCRB|Rhinolophus_ferrumequinum|XP_032981564	XP_036193679.1	96.226	210	6.42e-72	XP_036193679.1 cytochrome b-c1 complex subunit 7 isoform X2 [Myotis myotis]
UQCRB|Rhinolophus_hipposideros|XP_080927077	XP_036193678.1	97.297	221	2.49e-76	XP_036193678.1 cytochrome b-c1 complex subunit 7 isoform X1 [Myotis myotis]
UQCRB|Rhinolophus_hipposideros|XP_080927077	XP_036170091.1	94.595	214	2.46e-73	XP_036170091.1 cytochrome b-c1 complex subunit 7-like [Myotis myotis]
UQCRB|Rhinolophus_hipposideros|XP_080927077	XP_036193679.1	96.226	210	6.42e-72	XP_036193679.1 cytochrome b-c1 complex subunit 7 isoform X2 [Myotis myotis]
UQCRB|Rhinolophus_sinicus|XP_019573963	XP_036193678.1	97.297	221	2.49e-76	XP_036193678.1 cytochrome b-c1 complex subunit 7 isoform X1 [Myotis myotis]
UQCRB|Rhinolophus_sinicus|XP_019573963	XP_036170091.1	94.595	214	2.46e-73	XP_036170091.1 cytochrome b-c1 complex subunit 7-like [Myotis myotis]
UQCRB|Rhinolophus_sinicus|XP_019573963	XP_036193679.1	96.226	210	6.42e-72	XP_036193679.1 cytochrome b-c1 complex subunit 7 isoform X2 [Myotis myotis]
UQCRB|Rousettus_aegyptiacus|XP_015980955	XP_036193678.1	94.595	218	6.35e-75	XP_036193678.1 cytochrome b-c1 complex subunit 7 isoform X1 [Myotis myotis]
UQCRB|Rousettus_aegyptiacus|XP_015980955	XP_036170091.1	91.892	210	8.42e-72	XP_036170091.1 cytochrome b-c1 complex subunit 7-like [Myotis myotis]
UQCRB|Rousettus_aegyptiacus|XP_015980955	XP_036193679.1	93.396	206	1.75e-70	XP_036193679.1 cytochrome b-c1 complex subunit 7 isoform X2 [Myotis myotis]
UQCRB|Saccopteryx_bilineata|XP_066122108	XP_036193678.1	96.396	220	7.71e-76	XP_036193678.1 cytochrome b-c1 complex subunit 7 isoform X1 [Myotis myotis]
UQCRB|Saccopteryx_bilineata|XP_066122108	XP_036170091.1	93.694	213	8.97e-73	XP_036170091.1 cytochrome b-c1 complex subunit 7-like [Myotis myotis]
UQCRB|Saccopteryx_bilineata|XP_066122108	XP_036193679.1	95.283	209	2.10e-71	XP_036193679.1 cytochrome b-c1 complex subunit 7 isoform X2 [Myotis myotis]
UQCRB|Saccopteryx_leptura|XP_066235275	XP_036193678.1	96.396	220	7.71e-76	XP_036193678.1 cytochrome b-c1 complex subunit 7 isoform X1 [Myotis myotis]
UQCRB|Saccopteryx_leptura|XP_066235275	XP_036170091.1	93.694	213	8.97e-73	XP_036170091.1 cytochrome b-c1 complex subunit 7-like [Myotis myotis]
UQCRB|Saccopteryx_leptura|XP_066235275	XP_036193679.1	95.283	209	2.10e-71	XP_036193679.1 cytochrome b-c1 complex subunit 7 isoform X2 [Myotis myotis]
UQCRB|Sturnira_hondurensis|XP_036904130	XP_036193678.1	93.694	213	5.36e-73	XP_036193678.1 cytochrome b-c1 complex subunit 7 isoform X1 [Myotis myotis]
UQCRB|Sturnira_hondurensis|XP_036904130	XP_036170091.1	90.991	206	5.22e-70	XP_036170091.1 cytochrome b-c1 complex subunit 7-like [Myotis myotis]
UQCRB|Sturnira_hondurensis|XP_036904130	XP_036193679.1	92.453	202	1.25e-68	XP_036193679.1 cytochrome b-c1 complex subunit 7 isoform X2 [Myotis myotis]
