XP_036201018.1	XP_036201024	100.000	1097	1097	1097	100	0.0	2264	adenylate cyclase type 7 isoform X1 [Myotis myotis]	51298
XP_036201018.1	XP_036201023	100.000	1097	1097	1097	100	0.0	2264	adenylate cyclase type 7 isoform X1 [Myotis myotis]	51298
XP_036201018.1	XP_036201022	100.000	1097	1097	1097	100	0.0	2264	adenylate cyclase type 7 isoform X1 [Myotis myotis]	51298
XP_036201018.1	XP_036201021	100.000	1097	1097	1097	100	0.0	2264	adenylate cyclase type 7 isoform X1 [Myotis myotis]	51298
XP_036201018.1	XP_036201020	100.000	1097	1097	1097	100	0.0	2264	adenylate cyclase type 7 isoform X1 [Myotis myotis]	51298
XP_036201018.1	XP_036201019	100.000	1097	1097	1097	100	0.0	2264	adenylate cyclase type 7 isoform X1 [Myotis myotis]	51298
XP_036201018.1	XP_036201018	100.000	1097	1097	1097	100	0.0	2264	adenylate cyclase type 7 isoform X1 [Myotis myotis]	51298
XP_036201018.1	XP_059524057	98.636	1100	1097	1100	100	0.0	2240	adenylate cyclase type 7 isoform X2 [Myotis daubentonii]	98922
XP_036201018.1	XP_059524055	95.427	1137	1097	1137	100	0.0	2214	adenylate cyclase type 7 isoform X1 [Myotis daubentonii]	98922
XP_036201018.1	XP_059524054	95.427	1137	1097	1137	100	0.0	2214	adenylate cyclase type 7 isoform X1 [Myotis daubentonii]	98922
XP_036201018.1	XP_059524053	95.427	1137	1097	1137	100	0.0	2214	adenylate cyclase type 7 isoform X1 [Myotis daubentonii]	98922
XP_036201018.1	XP_059524052	95.427	1137	1097	1137	100	0.0	2214	adenylate cyclase type 7 isoform X1 [Myotis daubentonii]	98922
XP_036201018.1	XP_059524051	95.427	1137	1097	1137	100	0.0	2214	adenylate cyclase type 7 isoform X1 [Myotis daubentonii]	98922
XP_036201018.1	XP_059524050	95.427	1137	1097	1137	100	0.0	2214	adenylate cyclase type 7 isoform X1 [Myotis daubentonii]	98922
XP_036201018.1	XP_059524049	95.427	1137	1097	1137	100	0.0	2214	adenylate cyclase type 7 isoform X1 [Myotis daubentonii]	98922
XP_036201018.1	XP_070254456	97.182	1100	1097	1100	100	0.0	2207	adenylate cyclase type 7 [Myotis yumanensis]	159337
XP_036201018.1	XP_070254455	97.182	1100	1097	1100	100	0.0	2207	adenylate cyclase type 7 [Myotis yumanensis]	159337
XP_036201018.1	XP_080963565	98.517	1079	1097	1079	98	0.0	2190	adenylate cyclase type 7 isoform 2 [Myotis nattereri]	109481
XP_036201018.1	XP_080963564	95.251	1116	1097	1116	98	0.0	2167	adenylate cyclase type 7 isoform 1 [Myotis nattereri]	109481
XP_036201018.1	XP_080501298	95.455	1100	1097	1100	100	0.0	2165	adenylate cyclase type 7 isoform 2 [Plecotus auritus]	61862
XP_036201018.1	XP_054566799	95.182	1100	1097	1100	100	0.0	2158	adenylate cyclase type 7 [Eptesicus fuscus]	29078
XP_036201018.1	XP_079656367	95.091	1100	1097	1100	100	0.0	2157	adenylate cyclase type 7 isoform 1 [Cnephaeus nilssonii]	3371016
XP_036201018.1	XP_080501297	92.593	1134	1097	1134	100	0.0	2146	adenylate cyclase type 7 isoform 1 [Plecotus auritus]	61862
XP_036201018.1	XP_080501299	95.737	1079	1097	1079	98	0.0	2134	adenylate cyclase type 7 isoform 3 [Plecotus auritus]	61862
XP_036201018.1	XP_014383887	92.355	1138	1097	1138	100	0.0	2132	PREDICTED: LOW QUALITY PROTEIN: adenylate cyclase type 7 [Myotis brandtii]	109478
XP_036201018.1	XP_079656368	95.273	1079	1097	1079	98	0.0	2120	adenylate cyclase type 7 isoform 2 [Cnephaeus nilssonii]	3371016
XP_036201018.1	XP_045438839	90.727	1100	1097	1100	100	0.0	1964	adenylate cyclase type 7 [Pipistrellus kuhlii]	59472
XP_036201018.1	XP_045438838	90.727	1100	1097	1100	100	0.0	1964	adenylate cyclase type 7 [Pipistrellus kuhlii]	59472
XP_036201018.1	XP_036296659	90.727	1100	1097	1100	100	0.0	1964	adenylate cyclase type 7 [Pipistrellus kuhlii]	59472
XP_036201018.1	XP_080974598	90.454	1079	1097	1079	98	0.0	1958	adenylate cyclase type 7 isoform 1 [Miniopterus schreibersii]	9433
XP_036201018.1	XP_016060493	90.463	1080	1097	1080	98	0.0	1957	PREDICTED: adenylate cyclase type 7 [Miniopterus natalensis]	291302
XP_036201018.1	XP_080974599	90.463	1080	1097	1080	98	0.0	1957	adenylate cyclase type 7 isoform 2 [Miniopterus schreibersii]	9433
XP_036201018.1	XP_059524058	94.297	1017	1097	1031	96	0.0	1948	adenylate cyclase type 7 isoform X3 [Myotis daubentonii]	98922
XP_036201018.1	XP_059524058	25.877	228	1097	1031	96	1.30e-14	84.7	adenylate cyclase type 7 isoform X3 [Myotis daubentonii]	98922
XP_036201018.1	XP_036201025	99.893	935	1097	1039	96	0.0	1920	adenylate cyclase type 7 isoform X2 [Myotis myotis]	51298
XP_036201018.1	XP_036201025	25.877	228	1097	1039	96	2.09e-14	84.0	adenylate cyclase type 7 isoform X2 [Myotis myotis]	51298
XP_036201018.1	XP_032983097	88.415	1079	1097	1079	98	0.0	1917	adenylate cyclase type 7 isoform X1 [Rhinolophus ferrumequinum]	59479
XP_036201018.1	XP_032983096	88.415	1079	1097	1079	98	0.0	1917	adenylate cyclase type 7 isoform X1 [Rhinolophus ferrumequinum]	59479
XP_036201018.1	XP_032983098	88.426	1080	1097	1080	98	0.0	1914	adenylate cyclase type 7 isoform X2 [Rhinolophus ferrumequinum]	59479
XP_036201018.1	XP_019499129	87.859	1079	1097	1075	98	0.0	1906	PREDICTED: adenylate cyclase type 7 isoform X5 [Hipposideros armiger]	186990
XP_036201018.1	XP_019499121	87.870	1080	1097	1076	98	0.0	1904	PREDICTED: adenylate cyclase type 7 isoform X4 [Hipposideros armiger]	186990
XP_036201018.1	XP_036131872	89.639	1081	1097	1078	98	0.0	1900	adenylate cyclase type 7 isoform X2 [Molossus molossus]	27622
XP_036201018.1	XP_016003077	86.944	1080	1097	1078	98	0.0	1900	adenylate cyclase type 7 isoform X1 [Rousettus aegyptiacus]	9407
XP_036201018.1	XP_036087152	86.944	1080	1097	1078	98	0.0	1900	adenylate cyclase type 7 isoform X1 [Rousettus aegyptiacus]	9407
XP_036201018.1	XP_016003079	86.944	1080	1097	1078	98	0.0	1900	adenylate cyclase type 7 isoform X1 [Rousettus aegyptiacus]	9407
XP_036201018.1	XP_036087151	86.944	1080	1097	1078	98	0.0	1900	adenylate cyclase type 7 isoform X1 [Rousettus aegyptiacus]	9407
XP_036201018.1	XP_016003081	86.944	1080	1097	1078	98	0.0	1900	adenylate cyclase type 7 isoform X1 [Rousettus aegyptiacus]	9407
XP_036201018.1	XP_045044348	88.909	1082	1097	1079	98	0.0	1899	adenylate cyclase type 7 isoform X1 [Desmodus rotundus]	9430
XP_036201018.1	XP_024407324	88.909	1082	1097	1079	98	0.0	1899	adenylate cyclase type 7 isoform X1 [Desmodus rotundus]	9430
XP_036201018.1	XP_045044347	88.909	1082	1097	1079	98	0.0	1899	adenylate cyclase type 7 isoform X1 [Desmodus rotundus]	9430
XP_036201018.1	XP_045044346	88.909	1082	1097	1079	98	0.0	1899	adenylate cyclase type 7 isoform X1 [Desmodus rotundus]	9430
XP_036201018.1	XP_045044345	88.909	1082	1097	1079	98	0.0	1899	adenylate cyclase type 7 isoform X1 [Desmodus rotundus]	9430
XP_036201018.1	XP_080888644	88.786	1079	1097	1079	98	0.0	1898	adenylate cyclase type 7 isoform 2 [Rhinolophus hipposideros]	77218
XP_036201018.1	XP_080888643	88.786	1079	1097	1079	98	0.0	1898	adenylate cyclase type 7 isoform 2 [Rhinolophus hipposideros]	77218
XP_036201018.1	XP_036131871	89.556	1082	1097	1079	98	0.0	1896	adenylate cyclase type 7 isoform X1 [Molossus molossus]	27622
XP_036201018.1	XP_036131869	89.556	1082	1097	1079	98	0.0	1896	adenylate cyclase type 7 isoform X1 [Molossus molossus]	27622
XP_036201018.1	XP_036131868	89.556	1082	1097	1079	98	0.0	1896	adenylate cyclase type 7 isoform X1 [Molossus molossus]	27622
XP_036201018.1	XP_036131867	89.556	1082	1097	1079	98	0.0	1896	adenylate cyclase type 7 isoform X1 [Molossus molossus]	27622
XP_036201018.1	XP_036131866	89.556	1082	1097	1079	98	0.0	1896	adenylate cyclase type 7 isoform X1 [Molossus molossus]	27622
XP_036201018.1	XP_080888642	88.796	1080	1097	1080	98	0.0	1895	adenylate cyclase type 7 isoform 1 [Rhinolophus hipposideros]	77218
XP_036201018.1	XP_080888641	88.796	1080	1097	1080	98	0.0	1895	adenylate cyclase type 7 isoform 1 [Rhinolophus hipposideros]	77218
XP_036201018.1	XP_039736763	88.230	1079	1097	1078	98	0.0	1885	adenylate cyclase type 7 isoform X1 [Pteropus medius]	143291
XP_036201018.1	XP_039736762	88.230	1079	1097	1078	98	0.0	1885	adenylate cyclase type 7 isoform X1 [Pteropus medius]	143291
XP_036201018.1	XP_039736761	88.230	1079	1097	1078	98	0.0	1885	adenylate cyclase type 7 isoform X1 [Pteropus medius]	143291
XP_036201018.1	XP_039736760	88.230	1079	1097	1078	98	0.0	1885	adenylate cyclase type 7 isoform X1 [Pteropus medius]	143291
XP_036201018.1	XP_036922250	88.134	1104	1097	1100	100	0.0	1877	adenylate cyclase type 7 isoform X2 [Sturnira hondurensis]	192404
XP_036201018.1	XP_074171021	88.971	1079	1097	1079	98	0.0	1877	adenylate cyclase type 7 isoform X2 [Rhinolophus sinicus]	89399
XP_036201018.1	XP_019499103	83.143	1139	1097	1135	98	0.0	1875	PREDICTED: adenylate cyclase type 7 isoform X2 [Hipposideros armiger]	186990
XP_036201018.1	XP_074171020	88.981	1080	1097	1080	98	0.0	1875	adenylate cyclase type 7 isoform X1 [Rhinolophus sinicus]	89399
XP_036201018.1	XP_074171019	88.981	1080	1097	1080	98	0.0	1875	adenylate cyclase type 7 isoform X1 [Rhinolophus sinicus]	89399
XP_036201018.1	XP_074171018	88.981	1080	1097	1080	98	0.0	1875	adenylate cyclase type 7 isoform X1 [Rhinolophus sinicus]	89399
XP_036201018.1	XP_074171017	88.981	1080	1097	1080	98	0.0	1875	adenylate cyclase type 7 isoform X1 [Rhinolophus sinicus]	89399
XP_036201018.1	XP_074171016	88.981	1080	1097	1080	98	0.0	1875	adenylate cyclase type 7 isoform X1 [Rhinolophus sinicus]	89399
XP_036201018.1	XP_036922249	87.737	1109	1097	1105	100	0.0	1872	adenylate cyclase type 7 isoform X1 [Sturnira hondurensis]	192404
XP_036201018.1	XP_036922248	87.737	1109	1097	1105	100	0.0	1872	adenylate cyclase type 7 isoform X1 [Sturnira hondurensis]	192404
XP_036201018.1	XP_036922247	87.737	1109	1097	1105	100	0.0	1872	adenylate cyclase type 7 isoform X1 [Sturnira hondurensis]	192404
XP_036201018.1	XP_036922246	87.737	1109	1097	1105	100	0.0	1872	adenylate cyclase type 7 isoform X1 [Sturnira hondurensis]	192404
XP_036201018.1	XP_019499093	83.158	1140	1097	1136	98	0.0	1872	PREDICTED: adenylate cyclase type 7 isoform X1 [Hipposideros armiger]	186990
XP_036201018.1	XP_019499083	83.158	1140	1097	1136	98	0.0	1872	PREDICTED: adenylate cyclase type 7 isoform X1 [Hipposideros armiger]	186990
XP_036201018.1	XP_019499072	83.158	1140	1097	1136	98	0.0	1872	PREDICTED: adenylate cyclase type 7 isoform X1 [Hipposideros armiger]	186990
XP_036201018.1	XP_019499066	83.158	1140	1097	1136	98	0.0	1872	PREDICTED: adenylate cyclase type 7 isoform X1 [Hipposideros armiger]	186990
XP_036201018.1	XP_019499058	83.158	1140	1097	1136	98	0.0	1872	PREDICTED: adenylate cyclase type 7 isoform X1 [Hipposideros armiger]	186990
XP_036201018.1	XP_074171023	88.796	1080	1097	1076	98	0.0	1866	adenylate cyclase type 7 isoform X3 [Rhinolophus sinicus]	89399
XP_036201018.1	XP_074171022	88.796	1080	1097	1076	98	0.0	1866	adenylate cyclase type 7 isoform X3 [Rhinolophus sinicus]	89399
XP_036201018.1	XP_028357661	88.579	1077	1097	1077	98	0.0	1850	adenylate cyclase type 7 isoform X2 [Phyllostomus discolor]	89673
XP_036201018.1	XP_071076116	87.153	1082	1097	1058	98	0.0	1848	adenylate cyclase type 7 isoform X2 [Desmodus rotundus]	9430
XP_036201018.1	XP_035869409	88.590	1078	1097	1078	98	0.0	1847	adenylate cyclase type 7 isoform X1 [Phyllostomus discolor]	89673
XP_036201018.1	XP_028357660	88.590	1078	1097	1078	98	0.0	1847	adenylate cyclase type 7 isoform X1 [Phyllostomus discolor]	89673
XP_036201018.1	XP_036997481	89.064	1079	1097	1079	98	0.0	1840	adenylate cyclase type 7 isoform X2 [Artibeus jamaicensis]	9417
XP_036201018.1	XP_045674327	88.579	1077	1097	1077	98	0.0	1839	adenylate cyclase type 7 isoform X2 [Phyllostomus hastatus]	9423
XP_036201018.1	XP_045674325	88.590	1078	1097	1078	98	0.0	1836	adenylate cyclase type 7 isoform X1 [Phyllostomus hastatus]	9423
XP_036201018.1	XP_045674324	88.590	1078	1097	1078	98	0.0	1836	adenylate cyclase type 7 isoform X1 [Phyllostomus hastatus]	9423
XP_036201018.1	XP_045674323	88.590	1078	1097	1078	98	0.0	1836	adenylate cyclase type 7 isoform X1 [Phyllostomus hastatus]	9423
XP_036201018.1	XP_045674322	88.590	1078	1097	1078	98	0.0	1836	adenylate cyclase type 7 isoform X1 [Phyllostomus hastatus]	9423
XP_036201018.1	XP_045674321	88.590	1078	1097	1078	98	0.0	1836	adenylate cyclase type 7 isoform X1 [Phyllostomus hastatus]	9423
XP_036201018.1	XP_045674320	88.590	1078	1097	1078	98	0.0	1836	adenylate cyclase type 7 isoform X1 [Phyllostomus hastatus]	9423
XP_036201018.1	XP_045674319	88.590	1078	1097	1078	98	0.0	1836	adenylate cyclase type 7 isoform X1 [Phyllostomus hastatus]	9423
XP_036201018.1	XP_053519172	88.653	1084	1097	1084	98	0.0	1835	adenylate cyclase type 7 isoform X1 [Artibeus jamaicensis]	9417
XP_036201018.1	XP_053519171	88.653	1084	1097	1084	98	0.0	1835	adenylate cyclase type 7 isoform X1 [Artibeus jamaicensis]	9417
XP_036201018.1	XP_053519170	88.653	1084	1097	1084	98	0.0	1835	adenylate cyclase type 7 isoform X1 [Artibeus jamaicensis]	9417
XP_036201018.1	XP_039736764	86.667	1080	1097	1068	98	0.0	1833	adenylate cyclase type 7 isoform X2 [Pteropus medius]	143291
XP_036201018.1	XP_039736766	86.469	1079	1097	1057	98	0.0	1830	adenylate cyclase type 7 isoform X3 [Pteropus medius]	143291
XP_036201018.1	XP_066206037	88.344	1081	1097	1074	98	0.0	1806	adenylate cyclase type 7 [Saccopteryx leptura]	249018
XP_036201018.1	XP_066206036	88.344	1081	1097	1074	98	0.0	1806	adenylate cyclase type 7 [Saccopteryx leptura]	249018
XP_036201018.1	XP_066206035	88.344	1081	1097	1074	98	0.0	1806	adenylate cyclase type 7 [Saccopteryx leptura]	249018
XP_036201018.1	XP_066206034	88.344	1081	1097	1074	98	0.0	1806	adenylate cyclase type 7 [Saccopteryx leptura]	249018
XP_036201018.1	XP_066206032	88.344	1081	1097	1074	98	0.0	1806	adenylate cyclase type 7 [Saccopteryx leptura]	249018
XP_036201018.1	XP_066206031	88.344	1081	1097	1074	98	0.0	1806	adenylate cyclase type 7 [Saccopteryx leptura]	249018
XP_036201018.1	XP_066100041	88.159	1081	1097	1074	98	0.0	1805	adenylate cyclase type 7 [Saccopteryx bilineata]	59482
XP_036201018.1	XP_066100040	88.159	1081	1097	1074	98	0.0	1805	adenylate cyclase type 7 [Saccopteryx bilineata]	59482
XP_036201018.1	XP_066100039	88.159	1081	1097	1074	98	0.0	1805	adenylate cyclase type 7 [Saccopteryx bilineata]	59482
XP_036201018.1	XP_066100038	88.159	1081	1097	1074	98	0.0	1805	adenylate cyclase type 7 [Saccopteryx bilineata]	59482
XP_036201018.1	XP_066100037	88.159	1081	1097	1074	98	0.0	1805	adenylate cyclase type 7 [Saccopteryx bilineata]	59482
XP_036201018.1	XP_066100036	88.159	1081	1097	1074	98	0.0	1805	adenylate cyclase type 7 [Saccopteryx bilineata]	59482
XP_036201018.1	XP_066100035	88.159	1081	1097	1074	98	0.0	1805	adenylate cyclase type 7 [Saccopteryx bilineata]	59482
XP_036201018.1	XP_054426249	88.344	1081	1097	1081	98	0.0	1797	adenylate cyclase type 7 [Pteronotus mesoamericanus]	1884717
XP_036201018.1	XP_019499113	80.439	1140	1097	1094	98	0.0	1785	PREDICTED: adenylate cyclase type 7 isoform X3 [Hipposideros armiger]	186990
XP_036201018.1	XP_045674328	88.350	1030	1097	1034	95	0.0	1741	adenylate cyclase type 7 isoform X3 [Phyllostomus hastatus]	9423
XP_036201018.1	XP_045674328	26.609	233	1097	1034	95	3.93e-15	86.7	adenylate cyclase type 7 isoform X3 [Phyllostomus hastatus]	9423
XP_036201018.1	XP_023386422	89.457	958	1097	982	87	0.0	1716	adenylate cyclase type 7 isoform X1 [Pteropus vampyrus]	132908
XP_036201018.1	XP_024900361	79.681	1127	1097	1104	98	0.0	1713	adenylate cyclase type 7 [Pteropus alecto]	9402
XP_036201018.1	XP_023386423	87.696	959	1097	972	87	0.0	1660	adenylate cyclase type 7 isoform X2 [Pteropus vampyrus]	132908
XP_036201018.1	XP_023386424	87.474	958	1097	961	87	0.0	1660	adenylate cyclase type 7 isoform X3 [Pteropus vampyrus]	132908
XP_036201018.1	XP_036087153	85.792	922	1097	960	95	0.0	1591	adenylate cyclase type 7 isoform X2 [Rousettus aegyptiacus]	9407
XP_036201018.1	XP_036087153	26.180	233	1097	960	95	7.69e-15	85.5	adenylate cyclase type 7 isoform X2 [Rousettus aegyptiacus]	9407
XP_036201018.1	XP_015428125	86.911	764	1097	922	88	0.0	1265	PREDICTED: adenylate cyclase type 7 [Myotis davidii]	225400
XP_036201018.1	XP_015428125	95.522	201	1097	922	88	2.14e-104	354	PREDICTED: adenylate cyclase type 7 [Myotis davidii]	225400
XP_036201018.1	XP_080989283	56.075	1070	1097	1096	96	0.0	1175	adenylate cyclase type 2 [Miniopterus schreibersii]	9433
XP_036201018.1	XP_066230795	55.607	1070	1097	1094	96	0.0	1174	adenylate cyclase type 2 isoform X1 [Saccopteryx leptura]	249018
XP_036201018.1	XP_066099569	55.607	1070	1097	1094	96	0.0	1174	adenylate cyclase type 2 isoform X1 [Saccopteryx bilineata]	59482
XP_036201018.1	XP_066230804	55.701	1070	1097	1093	96	0.0	1172	adenylate cyclase type 2 isoform X2 [Saccopteryx leptura]	249018
XP_036201018.1	XP_066099579	55.701	1070	1097	1093	96	0.0	1172	adenylate cyclase type 2 isoform X2 [Saccopteryx bilineata]	59482
XP_036201018.1	XP_036918878	55.234	1070	1097	1097	96	0.0	1171	adenylate cyclase type 2 isoform X1 [Sturnira hondurensis]	192404
XP_036201018.1	XP_036918879	55.327	1070	1097	1096	96	0.0	1170	adenylate cyclase type 2 isoform X2 [Sturnira hondurensis]	192404
XP_036201018.1	XP_070268056	55.327	1070	1097	1098	96	0.0	1169	adenylate cyclase type 2 isoform X1 [Myotis yumanensis]	159337
XP_036201018.1	XP_054434312	55.940	1069	1097	1096	96	0.0	1169	adenylate cyclase type 2 isoform X1 [Pteronotus mesoamericanus]	1884717
XP_036201018.1	XP_080910349	55.794	1070	1097	1088	96	0.0	1169	adenylate cyclase type 2 isoform 1 [Rhinolophus hipposideros]	77218
XP_036201018.1	XP_080910348	55.794	1070	1097	1088	96	0.0	1169	adenylate cyclase type 2 isoform 1 [Rhinolophus hipposideros]	77218
XP_036201018.1	XP_080910347	55.794	1070	1097	1088	96	0.0	1169	adenylate cyclase type 2 isoform 1 [Rhinolophus hipposideros]	77218
XP_036201018.1	XP_080910346	55.794	1070	1097	1088	96	0.0	1169	adenylate cyclase type 2 isoform 1 [Rhinolophus hipposideros]	77218
XP_036201018.1	XP_036136613	55.514	1070	1097	1096	96	0.0	1168	adenylate cyclase type 2 [Molossus molossus]	27622
XP_036201018.1	XP_036165015	55.234	1070	1097	1098	96	0.0	1167	adenylate cyclase type 2 isoform X2 [Myotis myotis]	51298
XP_036201018.1	XP_074185199	55.421	1070	1097	1090	96	0.0	1166	adenylate cyclase type 2 [Rhinolophus sinicus]	89399
XP_036201018.1	XP_059550669	55.234	1070	1097	1098	96	0.0	1166	adenylate cyclase type 2 isoform X4 [Myotis daubentonii]	98922
XP_036201018.1	XP_080945009	55.234	1070	1097	1098	96	0.0	1165	adenylate cyclase type 2 [Myotis nattereri]	109481
XP_036201018.1	XP_032966735	55.514	1070	1097	1090	96	0.0	1165	adenylate cyclase type 2 [Rhinolophus ferrumequinum]	59479
XP_036201018.1	XP_045704332	55.514	1070	1097	1096	96	0.0	1165	adenylate cyclase type 2 [Phyllostomus hastatus]	9423
XP_036201018.1	XP_028381857	55.607	1070	1097	1096	96	0.0	1165	adenylate cyclase type 2 [Phyllostomus discolor]	89673
XP_036201018.1	XP_024434198	55.607	1070	1097	1091	96	0.0	1164	adenylate cyclase type 2 [Desmodus rotundus]	9430
XP_036201018.1	XP_005858178	55.283	1060	1097	1052	95	0.0	1160	PREDICTED: adenylate cyclase type 2 isoform X3 [Myotis brandtii]	109478
XP_036201018.1	XP_036165014	54.722	1080	1097	1108	96	0.0	1160	adenylate cyclase type 2 isoform X1 [Myotis myotis]	51298
XP_036201018.1	XP_059550667	54.454	1089	1097	1117	96	0.0	1159	adenylate cyclase type 2 isoform X2 [Myotis daubentonii]	98922
XP_036201018.1	XP_059550668	54.722	1080	1097	1108	96	0.0	1159	adenylate cyclase type 2 isoform X3 [Myotis daubentonii]	98922
XP_036201018.1	XP_008160021	55.234	1070	1097	1098	96	0.0	1156	adenylate cyclase type 2 [Eptesicus fuscus]	29078
XP_036201018.1	XP_053513143	55.327	1070	1097	1096	96	0.0	1155	adenylate cyclase type 2 isoform X1 [Artibeus jamaicensis]	9417
XP_036201018.1	XP_036265544	55.047	1070	1097	1098	96	0.0	1155	adenylate cyclase type 2 isoform X2 [Pipistrellus kuhlii]	59472
XP_036201018.1	XP_039698727	55.566	1069	1097	1091	96	0.0	1154	adenylate cyclase type 2 isoform X1 [Pteropus medius]	143291
XP_036201018.1	XP_079654444	55.140	1070	1097	1098	96	0.0	1154	adenylate cyclase type 2 isoform 1 [Cnephaeus nilssonii]	3371016
XP_036201018.1	XP_014404005	54.579	1081	1097	1071	95	0.0	1153	PREDICTED: adenylate cyclase type 2 isoform X2 [Myotis brandtii]	109478
XP_036201018.1	XP_080537606	55.275	1071	1097	1098	96	0.0	1152	adenylate cyclase type 2 [Plecotus auritus]	61862
XP_036201018.1	XP_059550666	53.958	1099	1097	1127	96	0.0	1151	adenylate cyclase type 2 isoform X1 [Myotis daubentonii]	98922
XP_036201018.1	XP_015985631	56.127	1069	1097	1091	96	0.0	1149	adenylate cyclase type 2 [Rousettus aegyptiacus]	9407
XP_036201018.1	XP_036265543	54.270	1089	1097	1117	96	0.0	1147	adenylate cyclase type 2 isoform X1 [Pipistrellus kuhlii]	59472
XP_036201018.1	XP_016072788	56.836	1024	1097	1024	92	0.0	1146	PREDICTED: adenylate cyclase type 2 [Miniopterus natalensis]	291302
XP_036201018.1	XP_014404001	53.994	1089	1097	1081	95	0.0	1145	PREDICTED: adenylate cyclase type 2 isoform X1 [Myotis brandtii]	109478
XP_036201018.1	XP_023607845	55.957	1024	1097	1041	92	0.0	1139	adenylate cyclase type 2 isoform X4 [Myotis lucifugus]	59463
XP_036201018.1	XP_014308532	55.215	1045	1097	1060	92	0.0	1132	adenylate cyclase type 2 isoform X2 [Myotis lucifugus]	59463
XP_036201018.1	XP_023607840	55.416	1034	1097	1051	92	0.0	1130	adenylate cyclase type 2 isoform X3 [Myotis lucifugus]	59463
XP_036201018.1	XP_066230813	54.112	1070	1097	1059	96	0.0	1126	adenylate cyclase type 2 isoform X3 [Saccopteryx leptura]	249018
XP_036201018.1	XP_066230813	25.333	300	1097	1059	96	2.11e-13	80.9	adenylate cyclase type 2 isoform X3 [Saccopteryx leptura]	249018
XP_036201018.1	XP_015448899	55.816	1023	1097	1023	92	0.0	1123	adenylate cyclase type 2 [Pteropus alecto]	9402
XP_036201018.1	XP_023607830	54.692	1055	1097	1070	92	0.0	1123	adenylate cyclase type 2 isoform X1 [Myotis lucifugus]	59463
XP_036201018.1	XP_006762535	56.881	981	1097	972	88	0.0	1107	PREDICTED: adenylate cyclase type 2 isoform X2 [Myotis davidii]	225400
XP_036201018.1	XP_015418580	56.881	981	1097	972	88	0.0	1107	PREDICTED: adenylate cyclase type 2 isoform X2 [Myotis davidii]	225400
XP_036201018.1	XP_054434313	58.169	961	1097	965	86	0.0	1100	adenylate cyclase type 2 isoform X2 [Pteronotus mesoamericanus]	1884717
XP_036201018.1	XP_015418586	56.307	991	1097	982	88	0.0	1100	PREDICTED: adenylate cyclase type 2 isoform X1 [Myotis davidii]	225400
XP_036201018.1	XP_015418579	56.307	991	1097	982	88	0.0	1100	PREDICTED: adenylate cyclase type 2 isoform X1 [Myotis davidii]	225400
XP_036201018.1	XP_014404014	56.137	994	1097	1001	86	0.0	1095	PREDICTED: adenylate cyclase type 2 isoform X4 [Myotis brandtii]	109478
XP_036201018.1	XP_023607905	56.137	994	1097	1001	86	0.0	1095	adenylate cyclase type 2 isoform X9 [Myotis lucifugus]	59463
XP_036201018.1	XP_023607861	56.137	994	1097	1001	86	0.0	1095	adenylate cyclase type 2 isoform X9 [Myotis lucifugus]	59463
XP_036201018.1	XP_059550672	51.930	1088	1097	1081	96	0.0	1094	adenylate cyclase type 2 isoform X7 [Myotis daubentonii]	98922
XP_036201018.1	XP_059550672	25.333	300	1097	1081	96	2.87e-13	80.5	adenylate cyclase type 2 isoform X7 [Myotis daubentonii]	98922
XP_036201018.1	XP_059550678	56.137	994	1097	1001	86	0.0	1094	adenylate cyclase type 2 isoform X12 [Myotis daubentonii]	98922
XP_036201018.1	XP_039698728	53.882	1069	1097	1037	96	0.0	1089	adenylate cyclase type 2 isoform X2 [Pteropus medius]	143291
XP_036201018.1	XP_079654445	52.572	1069	1097	1062	96	0.0	1088	adenylate cyclase type 2 isoform 2 [Cnephaeus nilssonii]	3371016
XP_036201018.1	XP_079654445	25.333	300	1097	1062	96	2.87e-13	80.5	adenylate cyclase type 2 isoform 2 [Cnephaeus nilssonii]	3371016
XP_036201018.1	XP_036265556	55.800	1000	1097	991	88	0.0	1087	adenylate cyclase type 2 isoform X14 [Pipistrellus kuhlii]	59472
XP_036201018.1	XP_036265557	55.800	1000	1097	991	88	0.0	1087	adenylate cyclase type 2 isoform X14 [Pipistrellus kuhlii]	59472
XP_036201018.1	XP_059550674	52.870	1080	1097	1058	96	0.0	1084	adenylate cyclase type 2 isoform X9 [Myotis daubentonii]	98922
XP_036201018.1	XP_036265551	53.178	1070	1097	1044	96	0.0	1084	adenylate cyclase type 2 isoform X9 [Pipistrellus kuhlii]	59472
XP_036201018.1	XP_036265546	51.746	1088	1097	1081	96	0.0	1081	adenylate cyclase type 2 isoform X4 [Pipistrellus kuhlii]	59472
XP_036201018.1	XP_036265546	25.333	300	1097	1081	96	3.70e-13	80.1	adenylate cyclase type 2 isoform X4 [Pipistrellus kuhlii]	59472
XP_036201018.1	XP_036265550	52.991	1070	1097	1048	96	0.0	1080	adenylate cyclase type 2 isoform X8 [Pipistrellus kuhlii]	59472
XP_036201018.1	XP_045427780	56.269	981	1097	975	86	0.0	1078	adenylate cyclase type 2 isoform X16 [Pipistrellus kuhlii]	59472
XP_036201018.1	XP_036265548	56.269	981	1097	1051	86	0.0	1077	adenylate cyclase type 2 isoform X7 [Pipistrellus kuhlii]	59472
XP_036201018.1	XP_054434314	57.806	948	1097	941	85	0.0	1077	adenylate cyclase type 2 isoform X3 [Pteronotus mesoamericanus]	1884717
XP_036201018.1	XP_023607853	52.586	1044	1097	1024	92	0.0	1066	adenylate cyclase type 2 isoform X7 [Myotis lucifugus]	59463
XP_036201018.1	XP_023607853	25.333	300	1097	1024	92	2.77e-13	80.5	adenylate cyclase type 2 isoform X7 [Myotis lucifugus]	59463
XP_036201018.1	XP_014308541	55.726	978	1097	971	85	0.0	1064	adenylate cyclase type 2 isoform X12 [Myotis lucifugus]	59463
XP_036201018.1	XP_019487156	52.114	1088	1097	1089	97	0.0	1064	PREDICTED: adenylate cyclase type 2 [Hipposideros armiger]	186990
XP_036201018.1	XP_019487156	25.333	300	1097	1089	97	2.14e-13	80.9	PREDICTED: adenylate cyclase type 2 [Hipposideros armiger]	186990
XP_036201018.1	XP_014308566	53.578	1034	1097	997	92	0.0	1063	adenylate cyclase type 2 isoform X11 [Myotis lucifugus]	59463
XP_036201018.1	XP_011369704	58.946	911	1097	905	81	0.0	1062	adenylate cyclase type 2 [Pteropus vampyrus]	132908
XP_036201018.1	XP_036165021	51.356	1069	1097	1049	96	0.0	1056	adenylate cyclase type 2 isoform X7 [Myotis myotis]	51298
XP_036201018.1	XP_036165021	25.333	300	1097	1049	96	1.82e-13	81.3	adenylate cyclase type 2 isoform X7 [Myotis myotis]	51298
XP_036201018.1	XP_023607867	53.482	1034	1097	1001	92	0.0	1055	adenylate cyclase type 2 isoform X10 [Myotis lucifugus]	59463
XP_036201018.1	XP_006106034	96.798	531	1097	531	65	0.0	1055	adenylate cyclase type 7 [Myotis lucifugus]	59463
XP_036201018.1	XP_006106034	26.923	208	1097	531	65	5.17e-14	82.0	adenylate cyclase type 7 [Myotis lucifugus]	59463
XP_036201018.1	XP_036165019	50.880	1079	1097	1059	96	0.0	1048	adenylate cyclase type 2 isoform X5 [Myotis myotis]	51298
XP_036201018.1	XP_036165019	25.333	300	1097	1059	96	1.94e-13	80.9	adenylate cyclase type 2 isoform X5 [Myotis myotis]	51298
XP_036201018.1	XP_015418582	54.082	980	1097	936	88	0.0	1042	PREDICTED: adenylate cyclase type 2 isoform X4 [Myotis davidii]	225400
XP_036201018.1	XP_015418582	25.333	300	1097	936	88	2.98e-13	80.5	PREDICTED: adenylate cyclase type 2 isoform X4 [Myotis davidii]	225400
XP_036201018.1	XP_036165020	50.788	1079	1097	1055	96	0.0	1038	adenylate cyclase type 2 isoform X6 [Myotis myotis]	51298
XP_036201018.1	XP_036165020	25.333	300	1097	1055	96	1.89e-13	80.9	adenylate cyclase type 2 isoform X6 [Myotis myotis]	51298
XP_036201018.1	XP_059550673	50.182	1100	1097	1074	96	0.0	1035	adenylate cyclase type 2 isoform X8 [Myotis daubentonii]	98922
XP_036201018.1	XP_059550673	25.333	300	1097	1074	96	2.09e-13	80.9	adenylate cyclase type 2 isoform X8 [Myotis daubentonii]	98922
XP_036201018.1	XP_053513144	51.121	1070	1097	1043	96	0.0	1030	adenylate cyclase type 2 isoform X2 [Artibeus jamaicensis]	9417
XP_036201018.1	XP_036265547	50.459	1090	1097	1064	96	0.0	1030	adenylate cyclase type 2 isoform X5 [Pipistrellus kuhlii]	59472
XP_036201018.1	XP_036265547	25.333	300	1097	1064	96	2.53e-13	80.5	adenylate cyclase type 2 isoform X5 [Pipistrellus kuhlii]	59472
XP_036201018.1	XP_080904751	53.413	1084	1097	1077	96	0.0	1029	adenylate cyclase type 4 isoform 2 [Rhinolophus hipposideros]	77218
XP_036201018.1	XP_032965467	53.413	1084	1097	1077	96	0.0	1028	adenylate cyclase type 4 isoform X2 [Rhinolophus ferrumequinum]	59479
XP_036201018.1	XP_045440920	53.302	1075	1097	1077	96	0.0	1025	adenylate cyclase type 4 isoform X1 [Pipistrellus kuhlii]	59472
XP_036201018.1	XP_036306154	53.302	1075	1097	1077	96	0.0	1025	adenylate cyclase type 4 isoform X1 [Pipistrellus kuhlii]	59472
XP_036201018.1	XP_036165018	53.041	1003	1097	1069	96	0.0	1025	adenylate cyclase type 2 isoform X4 [Myotis myotis]	51298
XP_036201018.1	XP_036165018	25.333	300	1097	1069	96	2.29e-13	80.9	adenylate cyclase type 2 isoform X4 [Myotis myotis]	51298
XP_036201018.1	XP_079624634	53.209	1075	1097	1077	96	0.0	1025	adenylate cyclase type 4 [Cnephaeus nilssonii]	3371016
XP_036201018.1	XP_019569968	53.229	1084	1097	1077	96	0.0	1025	adenylate cyclase type 4 [Rhinolophus sinicus]	89399
XP_036201018.1	XP_019569967	53.229	1084	1097	1077	96	0.0	1025	adenylate cyclase type 4 [Rhinolophus sinicus]	89399
XP_036201018.1	XP_016061373	53.259	1074	1097	1076	96	0.0	1025	PREDICTED: adenylate cyclase type 4 [Miniopterus natalensis]	291302
XP_036201018.1	XP_081012388	53.259	1074	1097	1076	96	0.0	1025	adenylate cyclase type 4 [Miniopterus schreibersii]	9433
XP_036201018.1	XP_008156665	53.116	1075	1097	1077	96	0.0	1023	adenylate cyclase type 4 [Eptesicus fuscus]	29078
XP_036201018.1	XP_032965466	53.119	1090	1097	1083	96	0.0	1022	adenylate cyclase type 4 isoform X1 [Rhinolophus ferrumequinum]	59479
XP_036201018.1	XP_032965465	53.119	1090	1097	1083	96	0.0	1022	adenylate cyclase type 4 isoform X1 [Rhinolophus ferrumequinum]	59479
XP_036201018.1	XP_036119731	54.681	1004	1097	1077	90	0.0	1021	adenylate cyclase type 4 [Molossus molossus]	27622
XP_036201018.1	XP_006102284	52.411	1120	1097	1180	99	0.0	1020	adenylate cyclase type 4 isoform X1 [Myotis lucifugus]	59463
XP_036201018.1	XP_023599449	53.395	1075	1097	1077	96	0.0	1020	adenylate cyclase type 4 isoform X2 [Myotis lucifugus]	59463
XP_036201018.1	XP_028363245	52.930	1075	1097	1077	96	0.0	1020	adenylate cyclase type 4 [Phyllostomus discolor]	89673
XP_036201018.1	XP_035885703	52.930	1075	1097	1077	96	0.0	1020	adenylate cyclase type 4 [Phyllostomus discolor]	89673
XP_036201018.1	XP_070283213	53.395	1075	1097	1077	96	0.0	1019	adenylate cyclase type 4 isoform X1 [Myotis yumanensis]	159337
XP_036201018.1	XP_036165017	52.517	1013	1097	1079	96	0.0	1018	adenylate cyclase type 2 isoform X3 [Myotis myotis]	51298
XP_036201018.1	XP_036165017	25.333	300	1097	1079	96	1.94e-13	80.9	adenylate cyclase type 2 isoform X3 [Myotis myotis]	51298
XP_036201018.1	XP_036210338	53.395	1075	1097	1077	96	0.0	1018	adenylate cyclase type 4 isoform X1 [Myotis myotis]	51298
XP_036201018.1	XP_036210329	53.395	1075	1097	1077	96	0.0	1018	adenylate cyclase type 4 isoform X1 [Myotis myotis]	51298
XP_036201018.1	XP_036210323	53.395	1075	1097	1077	96	0.0	1018	adenylate cyclase type 4 isoform X1 [Myotis myotis]	51298
XP_036201018.1	XP_080534224	52.773	1082	1097	1084	96	0.0	1018	adenylate cyclase type 4 [Plecotus auritus]	61862
XP_036201018.1	XP_006760893	53.302	1075	1097	1077	96	0.0	1018	PREDICTED: adenylate cyclase type 4 [Myotis davidii]	225400
XP_036201018.1	XP_006760892	53.302	1075	1097	1077	96	0.0	1018	PREDICTED: adenylate cyclase type 4 [Myotis davidii]	225400
XP_036201018.1	XP_059550671	51.042	1056	1097	1088	96	0.0	1017	adenylate cyclase type 2 isoform X6 [Myotis daubentonii]	98922
XP_036201018.1	XP_059550671	25.333	300	1097	1088	96	2.17e-13	80.9	adenylate cyclase type 2 isoform X6 [Myotis daubentonii]	98922
XP_036201018.1	XP_059565052	53.395	1075	1097	1077	96	0.0	1017	adenylate cyclase type 4 isoform X1 [Myotis daubentonii]	98922
XP_036201018.1	XP_059565043	53.395	1075	1097	1077	96	0.0	1017	adenylate cyclase type 4 isoform X1 [Myotis daubentonii]	98922
XP_036201018.1	XP_059565033	53.395	1075	1097	1077	96	0.0	1017	adenylate cyclase type 4 isoform X1 [Myotis daubentonii]	98922
XP_036201018.1	XP_036893421	52.930	1075	1097	1077	96	0.0	1015	adenylate cyclase type 4 isoform X2 [Sturnira hondurensis]	192404
XP_036201018.1	XP_023607900	57.637	897	1097	890	79	0.0	1014	adenylate cyclase type 2 isoform X16 [Myotis lucifugus]	59463
XP_036201018.1	XP_023607892	57.637	897	1097	890	79	0.0	1014	adenylate cyclase type 2 isoform X16 [Myotis lucifugus]	59463
XP_036201018.1	XP_059550681	57.637	897	1097	890	79	0.0	1014	adenylate cyclase type 2 isoform X15 [Myotis daubentonii]	98922
XP_036201018.1	XP_036893420	53.023	1075	1097	1118	96	0.0	1014	adenylate cyclase type 4 isoform X1 [Sturnira hondurensis]	192404
XP_036201018.1	XP_054433849	52.651	1075	1097	1077	96	0.0	1013	adenylate cyclase type 4 [Pteronotus mesoamericanus]	1884717
XP_036201018.1	XP_014389772	54.582	1004	1097	1102	90	0.0	1013	PREDICTED: adenylate cyclase type 4 [Myotis brandtii]	109478
XP_036201018.1	XP_053784817	52.930	1075	1097	1077	96	0.0	1012	adenylate cyclase type 4 isoform X3 [Desmodus rotundus]	9430
XP_036201018.1	XP_045697196	53.023	1075	1097	1077	96	0.0	1012	adenylate cyclase type 4 isoform X2 [Phyllostomus hastatus]	9423
XP_036201018.1	XP_039726319	52.909	1083	1097	1077	96	0.0	1011	adenylate cyclase type 4 isoform X2 [Pteropus medius]	143291
XP_036201018.1	XP_039726318	52.909	1083	1097	1077	96	0.0	1011	adenylate cyclase type 4 isoform X2 [Pteropus medius]	143291
XP_036201018.1	XP_006913595	53.110	1077	1097	1077	96	0.0	1011	adenylate cyclase type 4 [Pteropus alecto]	9402
XP_036201018.1	XP_011383834	53.110	1077	1097	1077	96	0.0	1011	adenylate cyclase type 4 [Pteropus vampyrus]	132908
XP_036201018.1	XP_036985313	52.837	1075	1097	1077	96	0.0	1011	adenylate cyclase type 4 [Artibeus jamaicensis]	9417
XP_036201018.1	XP_036985312	52.837	1075	1097	1077	96	0.0	1011	adenylate cyclase type 4 [Artibeus jamaicensis]	9417
XP_036201018.1	XP_059550670	50.469	1066	1097	1098	96	0.0	1009	adenylate cyclase type 2 isoform X5 [Myotis daubentonii]	98922
XP_036201018.1	XP_059550670	25.333	300	1097	1098	96	2.04e-13	80.9	adenylate cyclase type 2 isoform X5 [Myotis daubentonii]	98922
XP_036201018.1	XP_015976043	53.116	1075	1097	1077	96	0.0	1009	adenylate cyclase type 4 isoform X7 [Rousettus aegyptiacus]	9407
XP_036201018.1	XP_023607856	50.664	1054	1097	1017	92	0.0	1008	adenylate cyclase type 2 isoform X8 [Myotis lucifugus]	59463
XP_036201018.1	XP_023607856	25.333	300	1097	1017	92	2.16e-13	80.9	adenylate cyclase type 2 isoform X8 [Myotis lucifugus]	59463
XP_036201018.1	XP_080904750	51.375	1127	1097	1120	96	0.0	1007	adenylate cyclase type 4 isoform 1 [Rhinolophus hipposideros]	77218
XP_036201018.1	XP_045697195	52.372	1096	1097	1101	96	0.0	1007	adenylate cyclase type 4 isoform X1 [Phyllostomus hastatus]	9423
XP_036201018.1	XP_053784815	53.237	1035	1097	1109	93	0.0	1006	adenylate cyclase type 4 isoform X1 [Desmodus rotundus]	9430
XP_036201018.1	XP_036265561	57.835	887	1097	880	79	0.0	1004	adenylate cyclase type 2 isoform X18 [Pipistrellus kuhlii]	59472
XP_036201018.1	XP_019518533	52.974	1076	1097	1077	96	0.0	1004	PREDICTED: adenylate cyclase type 4 [Hipposideros armiger]	186990
XP_036201018.1	XP_032965469	52.788	1076	1097	1062	96	0.0	1004	adenylate cyclase type 4 isoform X3 [Rhinolophus ferrumequinum]	59479
XP_036201018.1	XP_036265545	52.226	1011	1097	1088	96	0.0	1003	adenylate cyclase type 2 isoform X3 [Pipistrellus kuhlii]	59472
XP_036201018.1	XP_036265545	25.333	300	1097	1088	96	2.81e-13	80.5	adenylate cyclase type 2 isoform X3 [Pipistrellus kuhlii]	59472
XP_036201018.1	XP_053784816	52.947	1035	1097	1103	93	0.0	995	adenylate cyclase type 4 isoform X2 [Desmodus rotundus]	9430
XP_036201018.1	XP_023607848	51.584	1010	1097	1031	92	0.0	990	adenylate cyclase type 2 isoform X6 [Myotis lucifugus]	59463
XP_036201018.1	XP_023607848	25.333	300	1097	1031	92	2.33e-13	80.9	adenylate cyclase type 2 isoform X6 [Myotis lucifugus]	59463
XP_036201018.1	XP_080938583	50.972	1132	1097	1133	96	0.0	985	adenylate cyclase type 4 [Myotis nattereri]	109481
XP_036201018.1	XP_066133677	52.974	1076	1097	1077	96	0.0	983	adenylate cyclase type 4 isoform X2 [Saccopteryx bilineata]	59482
XP_036201018.1	XP_023607846	50.980	1020	1097	1041	92	0.0	981	adenylate cyclase type 2 isoform X5 [Myotis lucifugus]	59463
XP_036201018.1	XP_023607846	25.333	300	1097	1041	92	2.32e-13	80.9	adenylate cyclase type 2 isoform X5 [Myotis lucifugus]	59463
XP_036201018.1	XP_066198723	52.974	1076	1097	1077	96	0.0	981	adenylate cyclase type 4 isoform X2 [Saccopteryx leptura]	249018
XP_036201018.1	XP_015418583	52.020	990	1097	929	88	0.0	980	PREDICTED: adenylate cyclase type 2 isoform X5 [Myotis davidii]	225400
XP_036201018.1	XP_015418583	25.333	300	1097	929	88	2.04e-13	80.9	PREDICTED: adenylate cyclase type 2 isoform X5 [Myotis davidii]	225400
XP_036201018.1	XP_066198722	52.974	1076	1097	1106	96	0.0	979	adenylate cyclase type 4 isoform X1 [Saccopteryx leptura]	249018
XP_036201018.1	XP_066133676	52.974	1076	1097	1106	96	0.0	979	adenylate cyclase type 4 isoform X1 [Saccopteryx bilineata]	59482
XP_036201018.1	XP_045440925	55.205	951	1097	945	85	0.0	974	adenylate cyclase type 4 isoform X2 [Pipistrellus kuhlii]	59472
XP_036201018.1	XP_014404019	57.778	855	1097	848	75	0.0	972	PREDICTED: adenylate cyclase type 2 isoform X5 [Myotis brandtii]	109478
XP_036201018.1	XP_014404016	57.778	855	1097	848	75	0.0	972	PREDICTED: adenylate cyclase type 2 isoform X5 [Myotis brandtii]	109478
XP_036201018.1	XP_014308583	57.778	855	1097	848	75	0.0	972	adenylate cyclase type 2 isoform X17 [Myotis lucifugus]	59463
XP_036201018.1	XP_014308585	57.778	855	1097	848	75	0.0	972	adenylate cyclase type 2 isoform X17 [Myotis lucifugus]	59463
XP_036201018.1	XP_015418585	57.661	855	1097	848	75	0.0	971	PREDICTED: adenylate cyclase type 2 isoform X7 [Myotis davidii]	225400
XP_036201018.1	XP_039726321	54.953	959	1097	945	85	0.0	963	adenylate cyclase type 4 isoform X4 [Pteropus medius]	143291
XP_036201018.1	XP_036094927	51.127	1109	1097	1111	96	0.0	962	adenylate cyclase type 4 isoform X3 [Rousettus aegyptiacus]	9407
XP_036201018.1	XP_015418581	52.505	958	1097	953	88	0.0	958	PREDICTED: adenylate cyclase type 2 isoform X3 [Myotis davidii]	225400
XP_036201018.1	XP_015418581	25.083	303	1097	953	88	2.25e-13	80.9	PREDICTED: adenylate cyclase type 2 isoform X3 [Myotis davidii]	225400
XP_036201018.1	XP_036265554	51.227	978	1097	997	96	0.0	953	adenylate cyclase type 2 isoform X13 [Pipistrellus kuhlii]	59472
XP_036201018.1	XP_036265554	25.333	300	1097	997	96	2.69e-13	80.5	adenylate cyclase type 2 isoform X13 [Pipistrellus kuhlii]	59472
XP_036201018.1	XP_059550675	48.436	1055	1097	1052	96	0.0	951	adenylate cyclase type 2 isoform X10 [Myotis daubentonii]	98922
XP_036201018.1	XP_059550675	25.333	300	1097	1052	96	2.54e-13	80.5	adenylate cyclase type 2 isoform X10 [Myotis daubentonii]	98922
XP_036201018.1	XP_032965470	50.737	1086	1097	1027	96	0.0	943	adenylate cyclase type 4 isoform X4 [Rhinolophus ferrumequinum]	59479
XP_036201018.1	XP_045427777	49.505	1010	1097	1052	96	0.0	938	adenylate cyclase type 2 isoform X6 [Pipistrellus kuhlii]	59472
XP_036201018.1	XP_045427777	25.333	300	1097	1052	96	2.69e-13	80.5	adenylate cyclase type 2 isoform X6 [Pipistrellus kuhlii]	59472
XP_036201018.1	XP_039726317	55.604	919	1097	1103	82	0.0	926	adenylate cyclase type 4 isoform X1 [Pteropus medius]	143291
XP_036201018.1	XP_066198724	55.482	912	1097	958	82	0.0	915	adenylate cyclase type 4 isoform X3 [Saccopteryx leptura]	249018
XP_036201018.1	XP_036094929	49.682	1099	1097	1092	96	0.0	915	adenylate cyclase type 4 isoform X5 [Rousettus aegyptiacus]	9407
XP_036201018.1	XP_039726320	50.139	1083	1097	1027	96	0.0	906	adenylate cyclase type 4 isoform X3 [Pteropus medius]	143291
XP_036201018.1	XP_070283221	49.395	1075	1097	1024	96	0.0	897	adenylate cyclase type 4 isoform X2 [Myotis yumanensis]	159337
XP_036201018.1	XP_059565061	49.395	1075	1097	1024	96	0.0	896	adenylate cyclase type 4 isoform X2 [Myotis daubentonii]	98922
XP_036201018.1	XP_036210346	49.395	1075	1097	1024	96	0.0	896	adenylate cyclase type 4 isoform X2 [Myotis myotis]	51298
XP_036201018.1	XP_036094931	48.619	1086	1097	1046	96	0.0	884	adenylate cyclase type 4 isoform X8 [Rousettus aegyptiacus]	9407
XP_036201018.1	XP_032965471	56.098	861	1097	1012	92	0.0	882	adenylate cyclase type 4 isoform X5 [Rhinolophus ferrumequinum]	59479
XP_036201018.1	XP_032965471	42.484	153	1097	1012	92	2.28e-17	93.6	adenylate cyclase type 4 isoform X5 [Rhinolophus ferrumequinum]	59479
XP_036201018.1	XP_032965471	28.448	232	1097	1012	92	9.07e-17	91.7	adenylate cyclase type 4 isoform X5 [Rhinolophus ferrumequinum]	59479
XP_036201018.1	XP_036094925	47.749	1133	1097	1126	96	0.0	867	adenylate cyclase type 4 isoform X1 [Rousettus aegyptiacus]	9407
XP_036201018.1	XP_059550677	48.822	891	1097	1032	96	0.0	827	adenylate cyclase type 2 isoform X11 [Myotis daubentonii]	98922
XP_036201018.1	XP_059550677	38.529	340	1097	1032	96	4.19e-52	205	adenylate cyclase type 2 isoform X11 [Myotis daubentonii]	98922
XP_036201018.1	XP_059550677	25.333	300	1097	1032	96	2.35e-13	80.9	adenylate cyclase type 2 isoform X11 [Myotis daubentonii]	98922
XP_036201018.1	XP_023607881	46.117	1030	1097	958	92	0.0	820	adenylate cyclase type 2 isoform X14 [Myotis lucifugus]	59463
XP_036201018.1	XP_023607881	25.333	300	1097	958	92	1.68e-13	81.3	adenylate cyclase type 2 isoform X14 [Myotis lucifugus]	59463
XP_036201018.1	XP_045427778	48.927	885	1097	1032	96	0.0	815	adenylate cyclase type 2 isoform X10 [Pipistrellus kuhlii]	59472
XP_036201018.1	XP_045427778	72.581	124	1097	1032	96	5.27e-51	201	adenylate cyclase type 2 isoform X10 [Pipistrellus kuhlii]	59472
XP_036201018.1	XP_045427778	25.333	300	1097	1032	96	2.81e-13	80.5	adenylate cyclase type 2 isoform X10 [Pipistrellus kuhlii]	59472
XP_036201018.1	XP_045427779	48.594	889	1097	1003	96	0.0	813	adenylate cyclase type 2 isoform X12 [Pipistrellus kuhlii]	59472
XP_036201018.1	XP_045427779	25.333	300	1097	1003	96	1.95e-13	80.9	adenylate cyclase type 2 isoform X12 [Pipistrellus kuhlii]	59472
XP_036201018.1	XP_014308573	45.673	1040	1097	968	92	0.0	812	adenylate cyclase type 2 isoform X13 [Myotis lucifugus]	59463
XP_036201018.1	XP_014308573	25.333	300	1097	968	92	1.58e-13	81.3	adenylate cyclase type 2 isoform X13 [Myotis lucifugus]	59463
XP_036201018.1	XP_014308587	49.462	837	1097	847	92	0.0	798	adenylate cyclase type 2 isoform X18 [Myotis lucifugus]	59463
XP_036201018.1	XP_014308587	25.333	300	1097	847	92	1.98e-13	80.9	adenylate cyclase type 2 isoform X18 [Myotis lucifugus]	59463
XP_036201018.1	XP_036094928	45.631	1133	1097	1102	96	0.0	794	adenylate cyclase type 4 isoform X4 [Rousettus aegyptiacus]	9407
XP_036201018.1	XP_036094932	49.437	977	1097	1022	82	0.0	790	adenylate cyclase type 4 isoform X9 [Rousettus aegyptiacus]	9407
XP_036201018.1	XP_015418584	46.824	976	1097	880	88	0.0	789	PREDICTED: adenylate cyclase type 2 isoform X6 [Myotis davidii]	225400
XP_036201018.1	XP_015418584	25.333	300	1097	880	88	1.47e-13	81.3	PREDICTED: adenylate cyclase type 2 isoform X6 [Myotis davidii]	225400
XP_036201018.1	XP_045697197	48.984	935	1097	936	94	0.0	775	adenylate cyclase type 4 isoform X3 [Phyllostomus hastatus]	9423
XP_036201018.1	XP_045697197	26.180	233	1097	936	94	8.98e-12	75.5	adenylate cyclase type 4 isoform X3 [Phyllostomus hastatus]	9423
XP_036201018.1	XP_036094926	44.483	1151	1097	1117	96	0.0	767	adenylate cyclase type 4 isoform X2 [Rousettus aegyptiacus]	9407
XP_036201018.1	XP_070268057	48.829	811	1097	960	96	0.0	758	adenylate cyclase type 2 isoform X2 [Myotis yumanensis]	159337
XP_036201018.1	XP_070268057	73.770	122	1097	960	96	8.41e-51	200	adenylate cyclase type 2 isoform X2 [Myotis yumanensis]	159337
XP_036201018.1	XP_070268057	25.333	300	1097	960	96	1.53e-13	81.3	adenylate cyclase type 2 isoform X2 [Myotis yumanensis]	159337
XP_036201018.1	XP_036165022	48.582	811	1097	960	96	0.0	754	adenylate cyclase type 2 isoform X8 [Myotis myotis]	51298
XP_036201018.1	XP_036165022	74.590	122	1097	960	96	5.24e-51	201	adenylate cyclase type 2 isoform X8 [Myotis myotis]	51298
XP_036201018.1	XP_036165022	25.333	300	1097	960	96	1.60e-13	81.3	adenylate cyclase type 2 isoform X8 [Myotis myotis]	51298
XP_036201018.1	XP_036165023	48.582	811	1097	931	96	0.0	753	adenylate cyclase type 2 isoform X9 [Myotis myotis]	51298
XP_036201018.1	XP_036165023	25.333	300	1097	931	96	1.23e-13	81.6	adenylate cyclase type 2 isoform X9 [Myotis myotis]	51298
XP_036201018.1	XP_059550679	47.837	832	1097	979	96	0.0	748	adenylate cyclase type 2 isoform X13 [Myotis daubentonii]	98922
XP_036201018.1	XP_059550679	74.590	122	1097	979	96	5.18e-51	201	adenylate cyclase type 2 isoform X13 [Myotis daubentonii]	98922
XP_036201018.1	XP_059550679	25.333	300	1097	979	96	1.63e-13	81.3	adenylate cyclase type 2 isoform X13 [Myotis daubentonii]	98922
XP_036201018.1	XP_059550680	47.711	830	1097	950	96	0.0	744	adenylate cyclase type 2 isoform X14 [Myotis daubentonii]	98922
XP_036201018.1	XP_059550680	25.333	300	1097	950	96	1.42e-13	81.3	adenylate cyclase type 2 isoform X14 [Myotis daubentonii]	98922
XP_036201018.1	XP_036265552	47.659	833	1097	1015	96	0.0	738	adenylate cyclase type 2 isoform X11 [Pipistrellus kuhlii]	59472
XP_036201018.1	XP_036265552	74.051	158	1097	1015	96	1.58e-65	246	adenylate cyclase type 2 isoform X11 [Pipistrellus kuhlii]	59472
XP_036201018.1	XP_036265552	25.333	300	1097	1015	96	1.87e-13	80.9	adenylate cyclase type 2 isoform X11 [Pipistrellus kuhlii]	59472
XP_036201018.1	XP_036265558	47.716	832	1097	979	96	0.0	737	adenylate cyclase type 2 isoform X15 [Pipistrellus kuhlii]	59472
XP_036201018.1	XP_036265558	73.770	122	1097	979	96	1.11e-50	200	adenylate cyclase type 2 isoform X15 [Pipistrellus kuhlii]	59472
XP_036201018.1	XP_036265558	25.333	300	1097	979	96	1.98e-13	80.9	adenylate cyclase type 2 isoform X15 [Pipistrellus kuhlii]	59472
XP_036201018.1	XP_036265559	47.590	830	1097	950	96	0.0	733	adenylate cyclase type 2 isoform X17 [Pipistrellus kuhlii]	59472
XP_036201018.1	XP_036265559	25.333	300	1097	950	96	1.61e-13	81.3	adenylate cyclase type 2 isoform X17 [Pipistrellus kuhlii]	59472
XP_036201018.1	XP_014308580	48.346	786	1097	922	92	0.0	721	adenylate cyclase type 2 isoform X15 [Myotis lucifugus]	59463
XP_036201018.1	XP_014308580	74.590	122	1097	922	92	5.01e-51	201	adenylate cyclase type 2 isoform X15 [Myotis lucifugus]	59463
XP_036201018.1	XP_014308580	25.333	300	1097	922	92	1.93e-13	80.9	adenylate cyclase type 2 isoform X15 [Myotis lucifugus]	59463
XP_036201018.1	XP_015418587	50.000	722	1097	834	88	0.0	697	PREDICTED: adenylate cyclase type 2 isoform X8 [Myotis davidii]	225400
XP_036201018.1	XP_015418587	74.590	122	1097	834	88	3.01e-51	200	PREDICTED: adenylate cyclase type 2 isoform X8 [Myotis davidii]	225400
XP_036201018.1	XP_015418587	25.333	300	1097	834	88	1.55e-13	81.3	PREDICTED: adenylate cyclase type 2 isoform X8 [Myotis davidii]	225400
XP_036201018.1	XP_023613070	40.452	974	1097	1188	86	0.0	660	LOW QUALITY PROTEIN: adenylate cyclase type 5 [Myotis lucifugus]	59463
XP_036201018.1	XP_045685848	39.282	1031	1097	1166	90	0.0	659	adenylate cyclase type 6 [Phyllostomus hastatus]	9423
XP_036201018.1	XP_045685847	39.282	1031	1097	1166	90	0.0	659	adenylate cyclase type 6 [Phyllostomus hastatus]	9423
XP_036201018.1	XP_054447146	40.271	1033	1097	1166	90	0.0	658	adenylate cyclase type 6 [Pteronotus mesoamericanus]	1884717
XP_036201018.1	XP_054447144	40.271	1033	1097	1166	90	0.0	658	adenylate cyclase type 6 [Pteronotus mesoamericanus]	1884717
XP_036201018.1	XP_054447143	40.271	1033	1097	1166	90	0.0	658	adenylate cyclase type 6 [Pteronotus mesoamericanus]	1884717
XP_036201018.1	XP_032977248	40.552	979	1097	1259	86	0.0	658	adenylate cyclase type 5 isoform X1 [Rhinolophus ferrumequinum]	59479
XP_036201018.1	XP_036107642	39.903	1030	1097	1166	90	0.0	658	adenylate cyclase type 6 isoform X1 [Molossus molossus]	27622
XP_036201018.1	XP_036107641	39.903	1030	1097	1166	90	0.0	658	adenylate cyclase type 6 isoform X1 [Molossus molossus]	27622
XP_036201018.1	XP_036107640	39.903	1030	1097	1166	90	0.0	658	adenylate cyclase type 6 isoform X1 [Molossus molossus]	27622
XP_036201018.1	XP_036107639	39.903	1030	1097	1166	90	0.0	658	adenylate cyclase type 6 isoform X1 [Molossus molossus]	27622
XP_036201018.1	XP_036107638	39.903	1030	1097	1166	90	0.0	658	adenylate cyclase type 6 isoform X1 [Molossus molossus]	27622
XP_036201018.1	XP_080940892	39.981	1033	1097	1179	90	0.0	658	adenylate cyclase type 6 [Myotis nattereri]	109481
XP_036201018.1	XP_016055425	40.612	980	1097	1018	86	0.0	656	PREDICTED: adenylate cyclase type 5 isoform X2 [Miniopterus natalensis]	291302
XP_036201018.1	XP_008138837	39.673	1041	1097	1166	90	0.0	656	adenylate cyclase type 6 isoform X1 [Eptesicus fuscus]	29078
XP_036201018.1	XP_045444954	39.769	1041	1097	1166	90	0.0	656	adenylate cyclase type 6 isoform X1 [Pipistrellus kuhlii]	59472
XP_036201018.1	XP_036313894	39.769	1041	1097	1166	90	0.0	656	adenylate cyclase type 6 isoform X1 [Pipistrellus kuhlii]	59472
XP_036201018.1	XP_045444951	39.769	1041	1097	1166	90	0.0	656	adenylate cyclase type 6 isoform X1 [Pipistrellus kuhlii]	59472
XP_036201018.1	XP_019517806	38.519	1080	1097	1180	95	0.0	656	PREDICTED: adenylate cyclase type 6 isoform X2 [Hipposideros armiger]	186990
XP_036201018.1	XP_059538687	39.808	1040	1097	1166	90	0.0	656	adenylate cyclase type 6 isoform X1 [Myotis daubentonii]	98922
XP_036201018.1	XP_019517811	38.611	1080	1097	1165	95	0.0	655	PREDICTED: adenylate cyclase type 6 isoform X4 [Hipposideros armiger]	186990
XP_036201018.1	XP_019517810	38.611	1080	1097	1165	95	0.0	655	PREDICTED: adenylate cyclase type 6 isoform X4 [Hipposideros armiger]	186990
XP_036201018.1	XP_019517809	38.611	1080	1097	1165	95	0.0	655	PREDICTED: adenylate cyclase type 6 isoform X4 [Hipposideros armiger]	186990
XP_036201018.1	XP_019517808	38.611	1080	1097	1165	95	0.0	655	PREDICTED: adenylate cyclase type 6 isoform X4 [Hipposideros armiger]	186990
XP_036201018.1	XP_019517805	38.611	1080	1097	1164	95	0.0	655	PREDICTED: adenylate cyclase type 6 isoform X1 [Hipposideros armiger]	186990
XP_036201018.1	XP_006755545	39.808	1040	1097	1166	90	0.0	655	PREDICTED: adenylate cyclase type 6 isoform X1 [Myotis davidii]	225400
XP_036201018.1	XP_014400734	40.513	975	1097	1018	86	0.0	655	PREDICTED: adenylate cyclase type 5 isoform X1 [Myotis brandtii]	109478
XP_036201018.1	XP_080941556	40.328	977	1097	1260	86	0.0	655	adenylate cyclase type 5 isoform 1 [Myotis nattereri]	109481
XP_036201018.1	XP_079630940	39.808	1040	1097	1180	90	0.0	655	adenylate cyclase type 6 isoform 2 [Cnephaeus nilssonii]	3371016
XP_036201018.1	XP_019517807	38.519	1080	1097	1177	95	0.0	655	PREDICTED: adenylate cyclase type 6 isoform X3 [Hipposideros armiger]	186990
XP_036201018.1	XP_036154396	39.673	1041	1097	1166	90	0.0	655	adenylate cyclase type 6 isoform X2 [Myotis myotis]	51298
XP_036201018.1	XP_079630942	39.808	1040	1097	1166	90	0.0	655	adenylate cyclase type 6 isoform 1 [Cnephaeus nilssonii]	3371016
XP_036201018.1	XP_079630941	39.808	1040	1097	1166	90	0.0	655	adenylate cyclase type 6 isoform 1 [Cnephaeus nilssonii]	3371016
XP_036201018.1	XP_079630939	39.808	1040	1097	1166	90	0.0	655	adenylate cyclase type 6 isoform 1 [Cnephaeus nilssonii]	3371016
XP_036201018.1	XP_079623214	40.328	977	1097	1260	86	0.0	655	adenylate cyclase type 5 isoform 1 [Cnephaeus nilssonii]	3371016
XP_036201018.1	XP_070266430	39.904	1040	1097	1166	90	0.0	655	adenylate cyclase type 6 isoform X1 [Myotis yumanensis]	159337
XP_036201018.1	XP_070266429	39.904	1040	1097	1166	90	0.0	655	adenylate cyclase type 6 isoform X1 [Myotis yumanensis]	159337
XP_036201018.1	XP_014404086	39.733	1047	1097	1166	90	0.0	655	PREDICTED: adenylate cyclase type 6 isoform X2 [Myotis brandtii]	109478
XP_036201018.1	XP_014404085	39.733	1047	1097	1166	90	0.0	655	PREDICTED: adenylate cyclase type 6 isoform X2 [Myotis brandtii]	109478
XP_036201018.1	XP_005877424	39.733	1047	1097	1166	90	0.0	655	PREDICTED: adenylate cyclase type 6 isoform X2 [Myotis brandtii]	109478
XP_036201018.1	XP_014404084	39.733	1047	1097	1166	90	0.0	655	PREDICTED: adenylate cyclase type 6 isoform X2 [Myotis brandtii]	109478
XP_036201018.1	XP_005877423	39.733	1047	1097	1166	90	0.0	655	PREDICTED: adenylate cyclase type 6 isoform X2 [Myotis brandtii]	109478
XP_036201018.1	XP_036206998	40.430	977	1097	1260	86	0.0	655	adenylate cyclase type 5 isoform X3 [Myotis myotis]	51298
XP_036201018.1	XP_019594532	40.449	979	1097	1259	86	0.0	655	adenylate cyclase type 5 isoform X1 [Rhinolophus sinicus]	89399
XP_036201018.1	XP_014404083	39.733	1047	1097	1180	90	0.0	654	PREDICTED: adenylate cyclase type 6 isoform X1 [Myotis brandtii]	109478
XP_036201018.1	XP_059543627	40.225	977	1097	1260	86	0.0	654	adenylate cyclase type 5 [Myotis daubentonii]	98922
XP_036201018.1	XP_006772960	40.225	977	1097	994	86	0.0	654	PREDICTED: adenylate cyclase type 5, partial [Myotis davidii]	225400
XP_036201018.1	XP_036988200	40.449	979	1097	1259	86	0.0	654	adenylate cyclase type 5 isoform X1 [Artibeus jamaicensis]	9417
XP_036201018.1	XP_045706989	40.449	979	1097	1259	86	0.0	654	adenylate cyclase type 5 isoform X1 [Phyllostomus hastatus]	9423
XP_036201018.1	XP_080514420	40.225	977	1097	1257	86	0.0	654	adenylate cyclase type 5 isoform 3 [Plecotus auritus]	61862
XP_036201018.1	XP_024433695	40.347	979	1097	1257	86	0.0	654	adenylate cyclase type 5 isoform X2 [Desmodus rotundus]	9430
XP_036201018.1	XP_066204107	39.341	1032	1097	1259	91	0.0	654	adenylate cyclase type 5 [Saccopteryx leptura]	249018
XP_036201018.1	XP_066096883	39.341	1032	1097	1259	91	0.0	654	adenylate cyclase type 5 [Saccopteryx bilineata]	59482
XP_036201018.1	XP_054569890	40.328	977	1097	1260	86	0.0	654	adenylate cyclase type 5 [Eptesicus fuscus]	29078
XP_036201018.1	XP_080882321	40.449	979	1097	1261	86	0.0	654	adenylate cyclase type 5 isoform 1 [Rhinolophus hipposideros]	77218
XP_036201018.1	XP_070262450	40.185	973	1097	1262	86	0.0	653	adenylate cyclase type 5 [Myotis yumanensis]	159337
XP_036201018.1	XP_080984497	39.652	1034	1097	1166	90	0.0	653	adenylate cyclase type 6 isoform 5 [Miniopterus schreibersii]	9433
XP_036201018.1	XP_054431179	40.347	979	1097	1262	86	0.0	653	adenylate cyclase type 5 [Pteronotus mesoamericanus]	1884717
XP_036201018.1	XP_028360369	40.408	980	1097	1261	86	0.0	653	adenylate cyclase type 5 [Phyllostomus discolor]	89673
XP_036201018.1	XP_036907360	40.449	979	1097	1259	86	0.0	653	adenylate cyclase type 5 isoform X1 [Sturnira hondurensis]	192404
XP_036201018.1	XP_080518191	39.712	1040	1097	1166	90	0.0	653	adenylate cyclase type 6 isoform 2 [Plecotus auritus]	61862
XP_036201018.1	XP_036300493	40.020	977	1097	1270	86	0.0	652	adenylate cyclase type 5 isoform X1 [Pipistrellus kuhlii]	59472
XP_036201018.1	XP_035875000	39.379	1031	1097	1166	90	0.0	652	adenylate cyclase type 6 [Phyllostomus discolor]	89673
XP_036201018.1	XP_035874999	39.379	1031	1097	1166	90	0.0	652	adenylate cyclase type 6 [Phyllostomus discolor]	89673
XP_036201018.1	XP_016056698	39.555	1034	1097	1166	90	0.0	651	PREDICTED: adenylate cyclase type 6 isoform X1 [Miniopterus natalensis]	291302
XP_036201018.1	XP_053517632	39.269	1039	1097	1166	91	0.0	651	adenylate cyclase type 6 [Artibeus jamaicensis]	9417
XP_036201018.1	XP_036991685	39.269	1039	1097	1166	91	0.0	651	adenylate cyclase type 6 [Artibeus jamaicensis]	9417
XP_036201018.1	XP_036991667	39.269	1039	1097	1166	91	0.0	651	adenylate cyclase type 6 [Artibeus jamaicensis]	9417
XP_036201018.1	XP_080995048	40.510	980	1097	1259	86	0.0	651	adenylate cyclase type 5 isoform 2 [Miniopterus schreibersii]	9433
XP_036201018.1	XP_016014846	40.449	979	1097	1259	86	0.0	650	adenylate cyclase type 5 isoform X1 [Rousettus aegyptiacus]	9407
XP_036201018.1	XP_011353537	40.347	979	1097	1110	86	0.0	650	adenylate cyclase type 5 [Pteropus vampyrus]	132908
XP_036201018.1	XP_036886939	39.825	1027	1097	1167	90	0.0	650	adenylate cyclase type 6 [Sturnira hondurensis]	192404
XP_036201018.1	XP_036886938	39.825	1027	1097	1167	90	0.0	650	adenylate cyclase type 6 [Sturnira hondurensis]	192404
XP_036201018.1	XP_036886937	39.825	1027	1097	1167	90	0.0	650	adenylate cyclase type 6 [Sturnira hondurensis]	192404
XP_036201018.1	XP_036886936	39.825	1027	1097	1167	90	0.0	650	adenylate cyclase type 6 [Sturnira hondurensis]	192404
XP_036201018.1	XP_024431681	39.435	1027	1097	1178	90	0.0	650	adenylate cyclase type 6 isoform X1 [Desmodus rotundus]	9430
XP_036201018.1	XP_039699146	40.347	979	1097	1259	86	0.0	650	adenylate cyclase type 5 [Pteropus medius]	143291
XP_036201018.1	XP_015448692	39.690	1033	1097	1165	90	0.0	649	adenylate cyclase type 6 isoform X2 [Pteropus alecto]	9402
XP_036201018.1	XP_014313687	39.599	1048	1097	1167	90	0.0	649	LOW QUALITY PROTEIN: adenylate cyclase type 6 [Myotis lucifugus]	59463
XP_036201018.1	XP_023391196	39.690	1033	1097	1165	90	0.0	649	adenylate cyclase type 6 isoform X2 [Pteropus vampyrus]	132908
XP_036201018.1	XP_080984496	39.664	1011	1097	1113	90	0.0	649	adenylate cyclase type 6 isoform 4 [Miniopterus schreibersii]	9433
XP_036201018.1	XP_039738104	39.690	1033	1097	1165	90	0.0	649	adenylate cyclase type 6 isoform X3 [Pteropus medius]	143291
XP_036201018.1	XP_053774414	39.780	998	1097	1276	86	0.0	649	adenylate cyclase type 5 isoform X1 [Desmodus rotundus]	9430
XP_036201018.1	XP_066114066	40.098	1025	1097	1166	90	0.0	649	adenylate cyclase type 6 isoform X2 [Saccopteryx bilineata]	59482
XP_036201018.1	XP_066114065	40.098	1025	1097	1166	90	0.0	649	adenylate cyclase type 6 isoform X2 [Saccopteryx bilineata]	59482
XP_036201018.1	XP_066114064	40.098	1025	1097	1166	90	0.0	649	adenylate cyclase type 6 isoform X2 [Saccopteryx bilineata]	59482
XP_036201018.1	XP_024906023	39.655	1044	1097	1198	90	0.0	649	adenylate cyclase type 6 isoform X1 [Pteropus alecto]	9402
XP_036201018.1	XP_024906021	39.655	1044	1097	1198	90	0.0	649	adenylate cyclase type 6 isoform X1 [Pteropus alecto]	9402
XP_036201018.1	XP_024906020	39.655	1044	1097	1198	90	0.0	649	adenylate cyclase type 6 isoform X1 [Pteropus alecto]	9402
XP_036201018.1	XP_023391195	39.655	1044	1097	1198	90	0.0	649	adenylate cyclase type 6 isoform X1 [Pteropus vampyrus]	132908
XP_036201018.1	XP_023391194	39.655	1044	1097	1198	90	0.0	649	adenylate cyclase type 6 isoform X1 [Pteropus vampyrus]	132908
XP_036201018.1	XP_023391193	39.655	1044	1097	1198	90	0.0	649	adenylate cyclase type 6 isoform X1 [Pteropus vampyrus]	132908
XP_036201018.1	XP_039738102	39.655	1044	1097	1198	90	0.0	649	adenylate cyclase type 6 isoform X1 [Pteropus medius]	143291
XP_036201018.1	XP_039738101	39.655	1044	1097	1198	90	0.0	649	adenylate cyclase type 6 isoform X1 [Pteropus medius]	143291
XP_036201018.1	XP_039738100	39.655	1044	1097	1198	90	0.0	649	adenylate cyclase type 6 isoform X1 [Pteropus medius]	143291
XP_036201018.1	XP_066224921	40.098	1025	1097	1178	90	0.0	648	adenylate cyclase type 6 [Saccopteryx leptura]	249018
XP_036201018.1	XP_066114063	40.098	1025	1097	1178	90	0.0	648	adenylate cyclase type 6 isoform X1 [Saccopteryx bilineata]	59482
XP_036201018.1	XP_016007225	39.884	1033	1097	1165	90	0.0	648	adenylate cyclase type 6 isoform X1 [Rousettus aegyptiacus]	9407
XP_036201018.1	XP_016007223	39.884	1033	1097	1165	90	0.0	648	adenylate cyclase type 6 isoform X1 [Rousettus aegyptiacus]	9407
XP_036201018.1	XP_016007222	39.884	1033	1097	1165	90	0.0	648	adenylate cyclase type 6 isoform X1 [Rousettus aegyptiacus]	9407
XP_036201018.1	XP_016007221	39.884	1033	1097	1165	90	0.0	648	adenylate cyclase type 6 isoform X1 [Rousettus aegyptiacus]	9407
XP_036201018.1	XP_016007219	39.884	1033	1097	1165	90	0.0	648	adenylate cyclase type 6 isoform X1 [Rousettus aegyptiacus]	9407
XP_036201018.1	XP_080917029	39.474	1026	1097	1165	90	0.0	647	adenylate cyclase type 6 isoform 1 [Rhinolophus hipposideros]	77218
XP_036201018.1	XP_080917028	39.474	1026	1097	1165	90	0.0	647	adenylate cyclase type 6 isoform 1 [Rhinolophus hipposideros]	77218
XP_036201018.1	XP_080917027	39.474	1026	1097	1165	90	0.0	647	adenylate cyclase type 6 isoform 1 [Rhinolophus hipposideros]	77218
XP_036201018.1	XP_036098667	39.938	974	1097	1259	86	0.0	645	adenylate cyclase type 5 isoform X1 [Molossus molossus]	27622
XP_036201018.1	XP_032972584	39.279	1026	1097	1165	90	0.0	644	adenylate cyclase type 6 [Rhinolophus ferrumequinum]	59479
XP_036201018.1	XP_032972583	39.279	1026	1097	1165	90	0.0	644	adenylate cyclase type 6 [Rhinolophus ferrumequinum]	59479
XP_036201018.1	XP_032972582	39.279	1026	1097	1165	90	0.0	644	adenylate cyclase type 6 [Rhinolophus ferrumequinum]	59479
XP_036201018.1	XP_074181865	39.084	1026	1097	1166	90	0.0	643	adenylate cyclase type 6 isoform X1 [Rhinolophus sinicus]	89399
XP_036201018.1	XP_074181864	39.084	1026	1097	1166	90	0.0	643	adenylate cyclase type 6 isoform X1 [Rhinolophus sinicus]	89399
XP_036201018.1	XP_016055424	39.660	1001	1097	1040	86	0.0	643	PREDICTED: adenylate cyclase type 5 isoform X1 [Miniopterus natalensis]	291302
XP_036201018.1	XP_045040114	39.017	1038	1097	1177	90	0.0	642	adenylate cyclase type 6 isoform X2 [Desmodus rotundus]	9430
XP_036201018.1	XP_045040113	39.017	1038	1097	1177	90	0.0	642	adenylate cyclase type 6 isoform X2 [Desmodus rotundus]	9430
XP_036201018.1	XP_053777531	39.017	1038	1097	1177	90	0.0	642	adenylate cyclase type 6 isoform X2 [Desmodus rotundus]	9430
XP_036201018.1	XP_053519011	40.644	962	1097	1241	86	0.0	640	adenylate cyclase type 5 isoform X2 [Artibeus jamaicensis]	9417
XP_036201018.1	XP_036907362	40.644	962	1097	1241	86	0.0	640	adenylate cyclase type 5 isoform X2 [Sturnira hondurensis]	192404
XP_036201018.1	XP_080882322	40.541	962	1097	1243	86	0.0	638	adenylate cyclase type 5 isoform 2 [Rhinolophus hipposideros]	77218
XP_036201018.1	XP_006905658	39.148	986	1097	1181	86	0.0	635	adenylate cyclase type 5 [Pteropus alecto]	9402
XP_036201018.1	XP_080882324	41.151	921	1097	884	81	0.0	632	adenylate cyclase type 5 isoform 4 [Rhinolophus hipposideros]	77218
XP_036201018.1	XP_045706991	41.151	921	1097	884	81	0.0	630	adenylate cyclase type 5 isoform X3 [Phyllostomus hastatus]	9423
XP_036201018.1	XP_074197183	38.744	1115	1097	1130	98	0.0	622	adenylate cyclase type 1 isoform X2 [Rhinolophus sinicus]	89399
XP_036201018.1	XP_036206996	39.854	961	1097	1294	84	0.0	621	adenylate cyclase type 5 isoform X1 [Myotis myotis]	51298
XP_036201018.1	XP_036107643	38.738	1030	1097	1148	90	0.0	621	adenylate cyclase type 6 isoform X2 [Molossus molossus]	27622
XP_036201018.1	XP_045444952	38.617	1041	1097	1148	90	0.0	620	adenylate cyclase type 6 isoform X2 [Pipistrellus kuhlii]	59472
XP_036201018.1	XP_079630943	38.521	1041	1097	1148	90	0.0	619	adenylate cyclase type 6 isoform 3 [Cnephaeus nilssonii]	3371016
XP_036201018.1	XP_059538688	38.654	1040	1097	1148	90	0.0	619	adenylate cyclase type 6 isoform X2 [Myotis daubentonii]	98922
XP_036201018.1	XP_036154395	38.654	1040	1097	1148	90	0.0	619	adenylate cyclase type 6 isoform X1 [Myotis myotis]	51298
XP_036201018.1	XP_070266431	40.841	928	1097	876	80	0.0	618	adenylate cyclase type 6 isoform X2 [Myotis yumanensis]	159337
XP_036201018.1	XP_014404088	40.689	929	1097	876	80	0.0	618	PREDICTED: adenylate cyclase type 6 isoform X4 [Myotis brandtii]	109478
XP_036201018.1	XP_080984495	39.364	1006	1097	1148	88	0.0	616	adenylate cyclase type 6 isoform 3 [Miniopterus schreibersii]	9433
XP_036201018.1	XP_080984495	32.536	209	1097	1148	88	4.02e-17	93.2	adenylate cyclase type 6 isoform 3 [Miniopterus schreibersii]	9433
XP_036201018.1	XP_015414074	39.364	1006	1097	1144	88	0.0	615	PREDICTED: adenylate cyclase type 6 isoform X2 [Myotis davidii]	225400
XP_036201018.1	XP_015414074	32.536	209	1097	1144	88	4.56e-17	92.8	PREDICTED: adenylate cyclase type 6 isoform X2 [Myotis davidii]	225400
XP_036201018.1	XP_015414074	29.630	162	1097	1144	88	1.99e-15	87.4	PREDICTED: adenylate cyclase type 6 isoform X2 [Myotis davidii]	225400
XP_036201018.1	XP_032944304	38.420	1114	1097	1130	98	0.0	615	adenylate cyclase type 1 isoform X2 [Rhinolophus ferrumequinum]	59479
XP_036201018.1	XP_014404087	39.101	1023	1097	1158	88	0.0	615	PREDICTED: adenylate cyclase type 6 isoform X3 [Myotis brandtii]	109478
XP_036201018.1	XP_080984493	39.300	1000	1097	1182	88	0.0	613	adenylate cyclase type 6 isoform 1 [Miniopterus schreibersii]	9433
XP_036201018.1	XP_080984493	32.536	209	1097	1182	88	4.72e-17	92.8	adenylate cyclase type 6 isoform 1 [Miniopterus schreibersii]	9433
XP_036201018.1	XP_080984494	38.770	1024	1097	1172	88	0.0	612	adenylate cyclase type 6 isoform 2 [Miniopterus schreibersii]	9433
XP_036201018.1	XP_080936237	40.538	967	1097	1126	86	0.0	610	adenylate cyclase type 1 isoform 1 [Rhinolophus hipposideros]	77218
XP_036201018.1	XP_079642615	40.674	949	1097	1139	85	0.0	609	LOW QUALITY PROTEIN: adenylate cyclase type 1 [Cnephaeus nilssonii]	3371016
XP_036201018.1	XP_036296038	40.179	1008	1097	1118	91	0.0	608	adenylate cyclase type 1 isoform X1 [Pipistrellus kuhlii]	59472
XP_036201018.1	XP_036296038	28.682	258	1097	1118	91	1.80e-19	100	adenylate cyclase type 1 isoform X1 [Pipistrellus kuhlii]	59472
XP_036201018.1	XP_080523009	40.231	952	1097	1131	85	0.0	608	adenylate cyclase type 1 isoform 1 [Plecotus auritus]	61862
XP_036201018.1	XP_059511968	41.047	955	1097	1131	85	0.0	607	adenylate cyclase type 1 [Myotis daubentonii]	98922
XP_036201018.1	XP_054582232	40.651	952	1097	1123	85	0.0	606	adenylate cyclase type 1 [Eptesicus fuscus]	29078
XP_036201018.1	XP_036183085	41.158	950	1097	1130	85	0.0	605	adenylate cyclase type 1 [Myotis myotis]	51298
XP_036201018.1	XP_080958024	40.847	945	1097	1132	85	0.0	605	adenylate cyclase type 1 [Myotis nattereri]	109481
XP_036201018.1	XP_074197182	37.533	1151	1097	1166	98	0.0	604	adenylate cyclase type 1 isoform X1 [Rhinolophus sinicus]	89399
XP_036201018.1	XP_028360003	40.399	953	1097	1144	85	0.0	603	adenylate cyclase type 1 [Phyllostomus discolor]	89673
XP_036201018.1	XP_039703044	40.814	958	1097	1130	85	0.0	602	adenylate cyclase type 1 isoform X1 [Pteropus medius]	143291
XP_036201018.1	XP_045683560	40.294	953	1097	1138	86	0.0	602	adenylate cyclase type 1 isoform X1 [Phyllostomus hastatus]	9423
XP_036201018.1	XP_045683560	29.070	258	1097	1138	86	2.31e-20	103	adenylate cyclase type 1 isoform X1 [Phyllostomus hastatus]	9423
XP_036201018.1	XP_053783327	40.250	959	1097	1140	85	0.0	600	adenylate cyclase type 1 isoform X1 [Desmodus rotundus]	9430
XP_036201018.1	XP_080514418	38.713	979	1097	1250	86	0.0	598	adenylate cyclase type 5 isoform 1 [Plecotus auritus]	61862
XP_036201018.1	XP_032977257	38.407	979	1097	1230	86	0.0	598	adenylate cyclase type 5 isoform X2 [Rhinolophus ferrumequinum]	59479
XP_036201018.1	XP_024906024	37.835	1044	1097	1148	90	0.0	598	adenylate cyclase type 6 isoform X3 [Pteropus alecto]	9402
XP_036201018.1	XP_023391197	37.835	1044	1097	1148	90	0.0	598	adenylate cyclase type 6 isoform X3 [Pteropus vampyrus]	132908
XP_036201018.1	XP_039738105	37.835	1044	1097	1148	90	0.0	598	adenylate cyclase type 6 isoform X4 [Pteropus medius]	143291
XP_036201018.1	XP_066209863	39.768	948	1097	1142	85	0.0	597	adenylate cyclase type 1 [Saccopteryx leptura]	249018
XP_036201018.1	XP_019579456	35.299	1102	1097	1250	97	0.0	597	adenylate cyclase type 8 isoform X1 [Rhinolophus sinicus]	89399
XP_036201018.1	XP_019579456	25.945	397	1097	1250	97	3.29e-21	106	adenylate cyclase type 8 isoform X1 [Rhinolophus sinicus]	89399
XP_036201018.1	XP_066094801	39.557	948	1097	1138	86	0.0	597	adenylate cyclase type 1 isoform X1 [Saccopteryx bilineata]	59482
XP_036201018.1	XP_066094801	29.961	257	1097	1138	86	4.84e-19	99.4	adenylate cyclase type 1 isoform X1 [Saccopteryx bilineata]	59482
XP_036201018.1	XP_032982362	35.214	1099	1097	1250	97	0.0	597	adenylate cyclase type 8 isoform X1 [Rhinolophus ferrumequinum]	59479
XP_036201018.1	XP_032982362	26.403	303	1097	1250	97	7.50e-21	105	adenylate cyclase type 8 isoform X1 [Rhinolophus ferrumequinum]	59479
XP_036201018.1	XP_014400735	38.564	975	1097	989	86	0.0	597	PREDICTED: adenylate cyclase type 5 isoform X2 [Myotis brandtii]	109478
XP_036201018.1	XP_053783328	40.417	960	1097	1132	85	0.0	596	adenylate cyclase type 1 isoform X2 [Desmodus rotundus]	9430
XP_036201018.1	XP_016003382	40.397	958	1097	1132	85	0.0	596	adenylate cyclase type 1 isoform X1 [Rousettus aegyptiacus]	9407
XP_036201018.1	XP_074186926	38.304	979	1097	1230	86	0.0	596	adenylate cyclase type 5 isoform X2 [Rhinolophus sinicus]	89399
XP_036201018.1	XP_080926443	35.123	1099	1097	1250	97	0.0	595	adenylate cyclase type 8 isoform 1 [Rhinolophus hipposideros]	77218
XP_036201018.1	XP_080926443	27.063	303	1097	1250	97	3.18e-21	106	adenylate cyclase type 8 isoform 1 [Rhinolophus hipposideros]	77218
XP_036201018.1	XP_080514419	38.178	977	1097	1228	86	0.0	595	adenylate cyclase type 5 isoform 2 [Plecotus auritus]	61862
XP_036201018.1	XP_080882323	38.304	979	1097	1232	86	0.0	595	adenylate cyclase type 5 isoform 3 [Rhinolophus hipposideros]	77218
XP_036201018.1	XP_045706990	38.304	979	1097	1230	86	0.0	594	adenylate cyclase type 5 isoform X2 [Phyllostomus hastatus]	9423
XP_036201018.1	XP_070280972	40.501	958	1097	1134	86	0.0	593	adenylate cyclase type 1 [Myotis yumanensis]	159337
XP_036201018.1	XP_070280972	28.682	258	1097	1134	86	4.67e-19	99.4	adenylate cyclase type 1 [Myotis yumanensis]	159337
XP_036201018.1	XP_036086440	40.397	958	1097	1124	94	0.0	593	adenylate cyclase type 1 isoform X2 [Rousettus aegyptiacus]	9407
XP_036201018.1	XP_036086440	24.337	415	1097	1124	94	5.08e-18	95.9	adenylate cyclase type 1 isoform X2 [Rousettus aegyptiacus]	9407
XP_036201018.1	XP_015975308	36.755	1023	1097	1251	91	0.0	593	adenylate cyclase type 8 isoform X1 [Rousettus aegyptiacus]	9407
XP_036201018.1	XP_080995047	38.469	980	1097	1230	86	0.0	593	adenylate cyclase type 5 isoform 1 [Miniopterus schreibersii]	9433
XP_036201018.1	XP_045439897	37.871	977	1097	1241	86	0.0	592	adenylate cyclase type 5 isoform X2 [Pipistrellus kuhlii]	59472
XP_036201018.1	XP_036074793	38.304	979	1097	1230	86	0.0	592	adenylate cyclase type 5 isoform X2 [Rousettus aegyptiacus]	9407
XP_036201018.1	XP_036904455	36.842	1026	1097	1253	91	0.0	591	adenylate cyclase type 8 isoform X1 [Sturnira hondurensis]	192404
XP_036201018.1	XP_036904455	26.403	303	1097	1253	91	1.00e-20	104	adenylate cyclase type 8 isoform X1 [Sturnira hondurensis]	192404
XP_036201018.1	XP_079623216	42.294	837	1097	820	73	0.0	591	adenylate cyclase type 5 isoform 2 [Cnephaeus nilssonii]	3371016
XP_036201018.1	XP_079623215	42.294	837	1097	820	73	0.0	591	adenylate cyclase type 5 isoform 2 [Cnephaeus nilssonii]	3371016
XP_036201018.1	XP_006093353	35.123	1099	1097	1248	97	0.0	590	adenylate cyclase type 8 isoform X1 [Myotis lucifugus]	59463
XP_036201018.1	XP_006093353	26.403	303	1097	1248	97	5.33e-21	105	adenylate cyclase type 8 isoform X1 [Myotis lucifugus]	59463
XP_036201018.1	XP_070248448	35.123	1099	1097	1248	97	0.0	590	adenylate cyclase type 8 isoform X1 [Myotis yumanensis]	159337
XP_036201018.1	XP_070248448	26.403	303	1097	1248	97	4.94e-21	105	adenylate cyclase type 8 isoform X1 [Myotis yumanensis]	159337
XP_036201018.1	XP_036193927	35.214	1099	1097	1248	97	0.0	590	adenylate cyclase type 8 isoform X1 [Myotis myotis]	51298
XP_036201018.1	XP_036193927	26.403	303	1097	1248	97	4.70e-21	105	adenylate cyclase type 8 isoform X1 [Myotis myotis]	51298
XP_036201018.1	XP_053774416	37.675	998	1097	1247	86	0.0	590	adenylate cyclase type 5 isoform X3 [Desmodus rotundus]	9430
XP_036201018.1	XP_080503123	35.123	1099	1097	1248	97	0.0	590	adenylate cyclase type 8 isoform 1 [Plecotus auritus]	61862
XP_036201018.1	XP_080503123	26.403	303	1097	1248	97	4.94e-21	105	adenylate cyclase type 8 isoform 1 [Plecotus auritus]	61862
XP_036201018.1	XP_054427372	40.209	955	1097	1147	85	0.0	589	adenylate cyclase type 1 [Pteronotus mesoamericanus]	1884717
XP_036201018.1	XP_006912984	36.559	1023	1097	1253	91	0.0	589	adenylate cyclase type 8 isoform X1 [Pteropus alecto]	9402
XP_036201018.1	XP_036293438	36.355	1026	1097	1249	91	0.0	589	adenylate cyclase type 8 isoform X1 [Pipistrellus kuhlii]	59472
XP_036201018.1	XP_036293438	26.403	303	1097	1249	91	4.50e-21	105	adenylate cyclase type 8 isoform X1 [Pipistrellus kuhlii]	59472
XP_036201018.1	XP_039701812	36.559	1023	1097	1253	91	0.0	589	adenylate cyclase type 8 isoform X1 [Pteropus medius]	143291
XP_036201018.1	XP_045717105	36.559	1023	1097	1253	91	0.0	588	adenylate cyclase type 8 [Phyllostomus hastatus]	9423
XP_036201018.1	XP_045717105	26.403	303	1097	1253	91	8.04e-21	105	adenylate cyclase type 8 [Phyllostomus hastatus]	9423
XP_036201018.1	XP_080967428	35.032	1099	1097	1248	97	0.0	588	adenylate cyclase type 8 isoform 1 [Myotis nattereri]	109481
XP_036201018.1	XP_080967428	26.403	303	1097	1248	97	4.62e-21	105	adenylate cyclase type 8 isoform 1 [Myotis nattereri]	109481
XP_036201018.1	XP_054446071	35.032	1099	1097	1252	97	0.0	588	adenylate cyclase type 8 [Pteronotus mesoamericanus]	1884717
XP_036201018.1	XP_054446071	26.797	306	1097	1252	97	3.77e-21	106	adenylate cyclase type 8 [Pteronotus mesoamericanus]	1884717
XP_036201018.1	XP_037011902	39.878	983	1097	1140	88	0.0	588	adenylate cyclase type 1 isoform X1 [Artibeus jamaicensis]	9417
XP_036201018.1	XP_028389676	36.461	1023	1097	1254	91	0.0	588	adenylate cyclase type 8 isoform X1 [Phyllostomus discolor]	89673
XP_036201018.1	XP_028389676	26.403	303	1097	1254	91	7.14e-21	105	adenylate cyclase type 8 isoform X1 [Phyllostomus discolor]	89673
XP_036201018.1	XP_059528290	35.032	1099	1097	1248	97	0.0	587	adenylate cyclase type 8 isoform X1 [Myotis daubentonii]	98922
XP_036201018.1	XP_059528290	26.403	303	1097	1248	97	4.58e-21	105	adenylate cyclase type 8 isoform X1 [Myotis daubentonii]	98922
XP_036201018.1	XP_032982364	34.517	1098	1097	1220	97	0.0	587	adenylate cyclase type 8 isoform X2 [Rhinolophus ferrumequinum]	59479
XP_036201018.1	XP_032982364	26.403	303	1097	1220	97	7.72e-21	105	adenylate cyclase type 8 isoform X2 [Rhinolophus ferrumequinum]	59479
XP_036201018.1	XP_036119843	36.461	1023	1097	1250	91	0.0	587	adenylate cyclase type 8 isoform X1 [Molossus molossus]	27622
XP_036201018.1	XP_036119843	26.403	303	1097	1250	91	8.24e-21	105	adenylate cyclase type 8 isoform X1 [Molossus molossus]	27622
XP_036201018.1	XP_019579465	34.605	1101	1097	1220	97	0.0	587	adenylate cyclase type 8 isoform X2 [Rhinolophus sinicus]	89399
XP_036201018.1	XP_019579465	25.945	397	1097	1220	97	3.27e-21	106	adenylate cyclase type 8 isoform X2 [Rhinolophus sinicus]	89399
XP_036201018.1	XP_024427981	36.461	1023	1097	1254	91	0.0	587	adenylate cyclase type 8 isoform X1 [Desmodus rotundus]	9430
XP_036201018.1	XP_024427981	26.403	303	1097	1254	91	8.12e-21	105	adenylate cyclase type 8 isoform X1 [Desmodus rotundus]	9430
XP_036201018.1	XP_066121743	35.332	1101	1097	1252	97	0.0	587	adenylate cyclase type 8 [Saccopteryx bilineata]	59482
XP_036201018.1	XP_066121743	26.403	303	1097	1252	97	7.26e-21	105	adenylate cyclase type 8 [Saccopteryx bilineata]	59482
XP_036201018.1	XP_037022590	36.559	1023	1097	1253	91	0.0	587	adenylate cyclase type 8 isoform X3 [Artibeus jamaicensis]	9417
XP_036201018.1	XP_037022590	26.403	303	1097	1253	91	7.71e-21	105	adenylate cyclase type 8 isoform X3 [Artibeus jamaicensis]	9417
XP_036201018.1	XP_016071485	36.657	1023	1097	1067	91	0.0	587	PREDICTED: adenylate cyclase type 8 isoform X1 [Miniopterus natalensis]	291302
XP_036201018.1	XP_066235634	35.513	1101	1097	1252	97	0.0	586	adenylate cyclase type 8 [Saccopteryx leptura]	249018
XP_036201018.1	XP_066235634	26.403	303	1097	1252	97	7.20e-21	105	adenylate cyclase type 8 [Saccopteryx leptura]	249018
XP_036201018.1	XP_036098669	37.782	974	1097	1230	86	0.0	586	adenylate cyclase type 5 isoform X2 [Molossus molossus]	27622
XP_036201018.1	XP_080926444	34.426	1098	1097	1220	97	0.0	586	adenylate cyclase type 8 isoform 2 [Rhinolophus hipposideros]	77218
XP_036201018.1	XP_080926444	27.063	303	1097	1220	97	3.38e-21	106	adenylate cyclase type 8 isoform 2 [Rhinolophus hipposideros]	77218
XP_036201018.1	XP_080972611	36.657	1023	1097	1244	91	0.0	584	adenylate cyclase type 8 isoform 1 [Miniopterus schreibersii]	9433
XP_036201018.1	XP_015975309	36.008	1022	1097	1221	91	0.0	583	adenylate cyclase type 8 isoform X2 [Rousettus aegyptiacus]	9407
XP_036201018.1	XP_008157689	35.123	1099	1097	1249	97	0.0	583	adenylate cyclase type 8 [Eptesicus fuscus]	29078
XP_036201018.1	XP_008157689	26.403	303	1097	1249	97	4.31e-21	105	adenylate cyclase type 8 [Eptesicus fuscus]	29078
XP_036201018.1	XP_079652455	35.123	1099	1097	1249	97	0.0	583	adenylate cyclase type 8 isoform 1 [Cnephaeus nilssonii]	3371016
XP_036201018.1	XP_079652455	26.403	303	1097	1249	97	4.31e-21	105	adenylate cyclase type 8 isoform 1 [Cnephaeus nilssonii]	3371016
XP_036201018.1	XP_036904456	36.098	1025	1097	1223	91	0.0	582	adenylate cyclase type 8 isoform X2 [Sturnira hondurensis]	192404
XP_036201018.1	XP_036904456	26.403	303	1097	1223	91	1.13e-20	104	adenylate cyclase type 8 isoform X2 [Sturnira hondurensis]	192404
XP_036201018.1	XP_036103110	40.148	949	1097	1128	85	0.0	581	adenylate cyclase type 1 [Molossus molossus]	27622
XP_036201018.1	XP_036896943	39.770	958	1097	1142	85	0.0	581	adenylate cyclase type 1 isoform X1 [Sturnira hondurensis]	192404
XP_036201018.1	XP_070248449	34.426	1098	1097	1218	97	0.0	581	adenylate cyclase type 8 isoform X2 [Myotis yumanensis]	159337
XP_036201018.1	XP_070248449	26.403	303	1097	1218	97	5.44e-21	105	adenylate cyclase type 8 isoform X2 [Myotis yumanensis]	159337
XP_036201018.1	XP_036193928	34.517	1098	1097	1218	97	0.0	581	adenylate cyclase type 8 isoform X2 [Myotis myotis]	51298
XP_036201018.1	XP_036193928	26.403	303	1097	1218	97	5.63e-21	105	adenylate cyclase type 8 isoform X2 [Myotis myotis]	51298
XP_036201018.1	XP_005872848	35.812	1022	1097	1036	91	0.0	580	PREDICTED: adenylate cyclase type 8 isoform X1 [Myotis brandtii]	109478
XP_036201018.1	XP_005872848	26.403	303	1097	1036	91	4.32e-21	105	PREDICTED: adenylate cyclase type 8 isoform X1 [Myotis brandtii]	109478
XP_036201018.1	XP_006093354	34.426	1098	1097	1218	97	0.0	580	adenylate cyclase type 8 isoform X2 [Myotis lucifugus]	59463
XP_036201018.1	XP_006093354	26.403	303	1097	1218	97	5.73e-21	105	adenylate cyclase type 8 isoform X2 [Myotis lucifugus]	59463
XP_036201018.1	XP_080503124	34.426	1098	1097	1218	97	0.0	580	adenylate cyclase type 8 isoform 2 [Plecotus auritus]	61862
XP_036201018.1	XP_080503124	26.403	303	1097	1218	97	5.39e-21	105	adenylate cyclase type 8 isoform 2 [Plecotus auritus]	61862
XP_036201018.1	XP_036293439	35.610	1025	1097	1219	91	0.0	579	adenylate cyclase type 8 isoform X2 [Pipistrellus kuhlii]	59472
XP_036201018.1	XP_036293439	26.403	303	1097	1219	91	5.44e-21	105	adenylate cyclase type 8 isoform X2 [Pipistrellus kuhlii]	59472
XP_036201018.1	XP_039701813	35.812	1022	1097	1223	91	0.0	579	adenylate cyclase type 8 isoform X2 [Pteropus medius]	143291
XP_036201018.1	XP_080967429	34.335	1098	1097	1218	97	0.0	579	adenylate cyclase type 8 isoform 2 [Myotis nattereri]	109481
XP_036201018.1	XP_080967429	26.403	303	1097	1218	97	5.73e-21	105	adenylate cyclase type 8 isoform 2 [Myotis nattereri]	109481
XP_036201018.1	XP_045037715	35.910	1022	1097	1224	91	0.0	578	adenylate cyclase type 8 isoform X2 [Desmodus rotundus]	9430
XP_036201018.1	XP_045037715	26.403	303	1097	1224	91	8.64e-21	105	adenylate cyclase type 8 isoform X2 [Desmodus rotundus]	9430
XP_036201018.1	XP_059528292	34.335	1098	1097	1218	97	0.0	578	adenylate cyclase type 8 isoform X2 [Myotis daubentonii]	98922
XP_036201018.1	XP_059528292	26.403	303	1097	1218	97	5.49e-21	105	adenylate cyclase type 8 isoform X2 [Myotis daubentonii]	98922
XP_036201018.1	XP_035887321	35.714	1022	1097	1224	91	0.0	578	adenylate cyclase type 8 isoform X2 [Phyllostomus discolor]	89673
XP_036201018.1	XP_035887321	26.403	303	1097	1224	91	8.86e-21	105	adenylate cyclase type 8 isoform X2 [Phyllostomus discolor]	89673
XP_036201018.1	XP_080972612	35.910	1022	1097	1214	91	0.0	575	adenylate cyclase type 8 isoform 2 [Miniopterus schreibersii]	9433
XP_036201018.1	XP_079652456	34.426	1098	1097	1219	97	0.0	573	adenylate cyclase type 8 isoform 2 [Cnephaeus nilssonii]	3371016
XP_036201018.1	XP_079652456	26.403	303	1097	1219	97	5.63e-21	105	adenylate cyclase type 8 isoform 2 [Cnephaeus nilssonii]	3371016
XP_036201018.1	XP_019568300	35.229	1090	1097	1144	95	0.0	570	adenylate cyclase type 3 isoform X2 [Rhinolophus sinicus]	89399
XP_036201018.1	XP_019502901	34.867	1087	1097	1144	95	0.0	570	PREDICTED: adenylate cyclase type 3 isoform X2 [Hipposideros armiger]	186990
XP_036201018.1	XP_019502817	34.803	1089	1097	1145	95	0.0	570	PREDICTED: adenylate cyclase type 3 isoform X1 [Hipposideros armiger]	186990
XP_036201018.1	XP_019502725	34.803	1089	1097	1145	95	0.0	570	PREDICTED: adenylate cyclase type 3 isoform X1 [Hipposideros armiger]	186990
XP_036201018.1	XP_045438406	41.312	869	1097	900	84	0.0	570	adenylate cyclase type 1 isoform X2 [Pipistrellus kuhlii]	59472
XP_036201018.1	XP_045438406	28.682	258	1097	900	84	2.52e-19	100	adenylate cyclase type 1 isoform X2 [Pipistrellus kuhlii]	59472
XP_036201018.1	XP_045438406	26.761	284	1097	900	84	7.26e-18	95.1	adenylate cyclase type 1 isoform X2 [Pipistrellus kuhlii]	59472
XP_036201018.1	XP_074187863	35.197	1091	1097	1145	95	0.0	570	adenylate cyclase type 3 isoform X1 [Rhinolophus sinicus]	89399
XP_036201018.1	XP_019568299	35.197	1091	1097	1145	95	0.0	570	adenylate cyclase type 3 isoform X1 [Rhinolophus sinicus]	89399
XP_036201018.1	XP_080539751	34.867	1087	1097	1142	95	0.0	569	adenylate cyclase type 3 isoform 3 [Plecotus auritus]	61862
XP_036201018.1	XP_035883621	34.945	1096	1097	1146	95	0.0	569	adenylate cyclase type 3 isoform X2 [Phyllostomus discolor]	89673
XP_036201018.1	XP_035883620	35.073	1092	1097	1147	95	0.0	569	adenylate cyclase type 3 isoform X1 [Phyllostomus discolor]	89673
XP_036201018.1	XP_028372431	35.073	1092	1097	1147	95	0.0	569	adenylate cyclase type 3 isoform X1 [Phyllostomus discolor]	89673
XP_036201018.1	XP_080539752	34.991	1086	1097	1141	95	0.0	568	adenylate cyclase type 3 isoform 4 [Plecotus auritus]	61862
XP_036201018.1	XP_080957409	34.867	1087	1097	1145	95	0.0	568	adenylate cyclase type 3 isoform 2 [Myotis nattereri]	109481
XP_036201018.1	XP_024408286	34.429	1095	1097	1146	95	0.0	565	adenylate cyclase type 3 isoform X2 [Desmodus rotundus]	9430
XP_036201018.1	XP_045045146	34.398	1096	1097	1147	95	0.0	565	adenylate cyclase type 3 isoform X1 [Desmodus rotundus]	9430
XP_036201018.1	XP_081002616	39.777	895	1097	906	83	0.0	565	adenylate cyclase type 1 isoform 2 [Miniopterus schreibersii]	9433
XP_036201018.1	XP_081002616	24.296	284	1097	906	83	6.65e-18	95.5	adenylate cyclase type 1 isoform 2 [Miniopterus schreibersii]	9433
XP_036201018.1	XP_066094802	39.326	890	1097	901	83	0.0	560	adenylate cyclase type 1 isoform X2 [Saccopteryx bilineata]	59482
XP_036201018.1	XP_066094802	26.224	286	1097	901	83	1.76e-19	100	adenylate cyclase type 1 isoform X2 [Saccopteryx bilineata]	59482
XP_036201018.1	XP_045700348	34.338	1095	1097	1146	95	1.31e-180	563	adenylate cyclase type 3 isoform X4 [Phyllostomus hastatus]	9423
XP_036201018.1	XP_045700347	34.489	1096	1097	1147	95	1.66e-180	563	adenylate cyclase type 3 isoform X3 [Phyllostomus hastatus]	9423
XP_036201018.1	XP_045683561	38.924	948	1097	1134	86	4.22e-180	561	adenylate cyclase type 1 isoform X2 [Phyllostomus hastatus]	9423
XP_036201018.1	XP_045683561	29.070	258	1097	1134	86	1.73e-20	103	adenylate cyclase type 1 isoform X2 [Phyllostomus hastatus]	9423
XP_036201018.1	XP_053522904	34.492	1093	1097	1145	95	1.17e-179	561	adenylate cyclase type 3 isoform X2 [Artibeus jamaicensis]	9417
XP_036201018.1	XP_036206997	38.006	963	1097	1265	84	3.07e-179	563	adenylate cyclase type 5 isoform X2 [Myotis myotis]	51298
XP_036201018.1	XP_023612199	34.867	1087	1097	1145	95	4.13e-179	559	adenylate cyclase type 3 [Myotis lucifugus]	59463
XP_036201018.1	XP_006091753	34.867	1087	1097	1145	95	4.13e-179	559	adenylate cyclase type 3 [Myotis lucifugus]	59463
XP_036201018.1	XP_037011907	40.686	875	1097	907	83	4.62e-179	552	adenylate cyclase type 1 isoform X4 [Artibeus jamaicensis]	9417
XP_036201018.1	XP_037011907	25.000	284	1097	907	83	4.44e-16	89.4	adenylate cyclase type 1 isoform X4 [Artibeus jamaicensis]	9417
XP_036201018.1	XP_053517353	40.686	875	1097	907	83	4.62e-179	552	adenylate cyclase type 1 isoform X4 [Artibeus jamaicensis]	9417
XP_036201018.1	XP_053517353	25.000	284	1097	907	83	4.44e-16	89.4	adenylate cyclase type 1 isoform X4 [Artibeus jamaicensis]	9417
XP_036201018.1	XP_037011905	40.686	875	1097	907	83	4.62e-179	552	adenylate cyclase type 1 isoform X4 [Artibeus jamaicensis]	9417
XP_036201018.1	XP_037011905	25.000	284	1097	907	83	4.44e-16	89.4	adenylate cyclase type 1 isoform X4 [Artibeus jamaicensis]	9417
XP_036201018.1	XP_037011904	40.686	875	1097	907	83	4.62e-179	552	adenylate cyclase type 1 isoform X4 [Artibeus jamaicensis]	9417
XP_036201018.1	XP_037011904	25.000	284	1097	907	83	4.44e-16	89.4	adenylate cyclase type 1 isoform X4 [Artibeus jamaicensis]	9417
XP_036201018.1	XP_066093572	34.591	1087	1097	1141	95	5.52e-179	559	adenylate cyclase type 3 isoform X2 [Saccopteryx bilineata]	59482
XP_036201018.1	XP_036922710	34.826	1094	1097	1144	95	5.71e-179	559	adenylate cyclase type 3 isoform X2 [Sturnira hondurensis]	192404
XP_036201018.1	XP_066093571	34.747	1085	1097	1142	95	6.99e-179	558	adenylate cyclase type 3 isoform X1 [Saccopteryx bilineata]	59482
XP_036201018.1	XP_066242428	34.499	1087	1097	1141	95	1.21e-178	558	adenylate cyclase type 3 isoform X1 [Saccopteryx leptura]	249018
XP_036201018.1	XP_024902251	40.492	894	1097	899	83	1.31e-178	550	adenylate cyclase type 1 [Pteropus alecto]	9402
XP_036201018.1	XP_024902251	24.561	285	1097	899	83	1.49e-18	97.4	adenylate cyclase type 1 [Pteropus alecto]	9402
XP_036201018.1	XP_070284893	34.775	1087	1097	1145	95	1.82e-178	558	adenylate cyclase type 3 isoform X1 [Myotis yumanensis]	159337
XP_036201018.1	XP_070284892	34.775	1087	1097	1145	95	1.82e-178	558	adenylate cyclase type 3 isoform X1 [Myotis yumanensis]	159337
XP_036201018.1	XP_054424979	34.612	1095	1097	1146	95	1.90e-178	558	adenylate cyclase type 3 [Pteronotus mesoamericanus]	1884717
XP_036201018.1	XP_081013163	34.775	1087	1097	1145	95	2.04e-178	557	adenylate cyclase type 3 [Miniopterus schreibersii]	9433
XP_036201018.1	XP_032980392	34.830	1091	1097	1145	95	2.13e-178	557	adenylate cyclase type 3 isoform X1 [Rhinolophus ferrumequinum]	59479
XP_036201018.1	XP_032980393	34.862	1090	1097	1144	95	2.14e-178	557	adenylate cyclase type 3 isoform X2 [Rhinolophus ferrumequinum]	59479
XP_036201018.1	XP_016064486	34.775	1087	1097	1145	95	2.89e-178	557	PREDICTED: adenylate cyclase type 3 [Miniopterus natalensis]	291302
XP_036201018.1	XP_036922709	34.552	1094	1097	1145	95	3.93e-178	556	adenylate cyclase type 3 isoform X1 [Sturnira hondurensis]	192404
XP_036201018.1	XP_036922708	34.552	1094	1097	1145	95	3.93e-178	556	adenylate cyclase type 3 isoform X1 [Sturnira hondurensis]	192404
XP_036201018.1	XP_054583895	34.679	1090	1097	1145	95	4.60e-178	556	adenylate cyclase type 3 [Eptesicus fuscus]	29078
XP_036201018.1	XP_006767657	34.995	1083	1097	1090	95	7.58e-178	554	PREDICTED: adenylate cyclase type 3, partial [Myotis davidii]	225400
XP_036201018.1	XP_080941557	36.874	979	1097	965	86	1.40e-177	550	adenylate cyclase type 5 isoform 2 [Myotis nattereri]	109481
XP_036201018.1	XP_036896946	40.319	878	1097	907	78	1.76e-177	548	adenylate cyclase type 1 isoform X3 [Sturnira hondurensis]	192404
XP_036201018.1	XP_036896945	40.319	878	1097	907	78	1.76e-177	548	adenylate cyclase type 1 isoform X3 [Sturnira hondurensis]	192404
XP_036201018.1	XP_080957408	34.237	1107	1097	1165	95	2.25e-177	555	adenylate cyclase type 3 isoform 1 [Myotis nattereri]	109481
XP_036201018.1	XP_036191077	34.775	1087	1097	1145	95	3.62e-177	554	adenylate cyclase type 3 isoform X2 [Myotis myotis]	51298
XP_036201018.1	XP_036191076	34.926	1088	1097	1146	95	3.63e-177	554	adenylate cyclase type 3 isoform X1 [Myotis myotis]	51298
XP_036201018.1	XP_036191075	34.926	1088	1097	1146	95	3.63e-177	554	adenylate cyclase type 3 isoform X1 [Myotis myotis]	51298
XP_036201018.1	XP_036118438	34.417	1107	1097	1145	95	4.91e-177	554	adenylate cyclase type 3 [Molossus molossus]	27622
XP_036201018.1	XP_059516386	34.767	1093	1097	1145	95	1.96e-176	552	adenylate cyclase type 3 isoform X2 [Myotis daubentonii]	98922
XP_036201018.1	XP_059516385	34.771	1090	1097	1146	95	1.97e-176	552	adenylate cyclase type 3 isoform X1 [Myotis daubentonii]	98922
XP_036201018.1	XP_079648034	34.679	1090	1097	1147	95	3.85e-176	551	adenylate cyclase type 3 isoform 2 [Cnephaeus nilssonii]	3371016
XP_036201018.1	XP_036107644	36.214	1030	1097	1113	90	3.87e-176	550	adenylate cyclase type 6 isoform X3 [Molossus molossus]	27622
XP_036201018.1	XP_080539749	33.689	1125	1097	1180	95	5.60e-176	552	adenylate cyclase type 3 isoform 1 [Plecotus auritus]	61862
XP_036201018.1	XP_080539750	33.808	1124	1097	1179	95	8.24e-176	551	adenylate cyclase type 3 isoform 2 [Plecotus auritus]	61862
XP_036201018.1	XP_037011901	39.454	953	1097	1063	88	1.13e-175	548	adenylate cyclase type 1 isoform X2 [Artibeus jamaicensis]	9417
XP_036201018.1	XP_037011901	30.290	241	1097	1063	88	6.69e-20	102	adenylate cyclase type 1 isoform X2 [Artibeus jamaicensis]	9417
XP_036201018.1	XP_024901537	34.499	1087	1097	1145	95	1.23e-175	550	adenylate cyclase type 3 [Pteropus alecto]	9402
XP_036201018.1	XP_006910341	34.499	1087	1097	1145	95	1.23e-175	550	adenylate cyclase type 3 [Pteropus alecto]	9402
XP_036201018.1	XP_045444953	36.119	1041	1097	1113	90	1.25e-175	549	adenylate cyclase type 6 isoform X3 [Pipistrellus kuhlii]	59472
XP_036201018.1	XP_079630944	36.154	1040	1097	1113	90	2.04e-175	549	adenylate cyclase type 6 isoform 4 [Cnephaeus nilssonii]	3371016
XP_036201018.1	XP_028000081	36.023	1041	1097	1113	90	2.10e-175	548	adenylate cyclase type 6 isoform X2 [Eptesicus fuscus]	29078
XP_036201018.1	XP_080925118	35.224	1093	1097	1144	95	3.76e-175	549	adenylate cyclase type 3 isoform 2 [Rhinolophus hipposideros]	77218
XP_036201018.1	XP_080925117	35.576	1085	1097	1145	95	4.97e-175	548	adenylate cyclase type 3 isoform 1 [Rhinolophus hipposideros]	77218
XP_036201018.1	XP_080518190	36.058	1040	1097	1113	90	2.47e-174	546	adenylate cyclase type 6 isoform 1 [Plecotus auritus]	61862
XP_036201018.1	XP_016056699	35.880	1034	1097	1113	90	1.04e-173	544	PREDICTED: adenylate cyclase type 6 isoform X2 [Miniopterus natalensis]	291302
XP_036201018.1	XP_014402102	34.410	1084	1097	1101	95	1.41e-173	543	PREDICTED: adenylate cyclase type 3 [Myotis brandtii]	109478
XP_036201018.1	XP_015977196	34.679	1090	1097	1145	95	2.20e-173	544	adenylate cyclase type 3 isoform X2 [Rousettus aegyptiacus]	9407
XP_036201018.1	XP_036290940	35.960	990	1097	1149	86	1.18e-172	542	adenylate cyclase type 3 [Pipistrellus kuhlii]	59472
XP_036201018.1	XP_039738107	37.526	970	1097	1132	88	5.43e-172	540	adenylate cyclase type 6 isoform X6 [Pteropus medius]	143291
XP_036201018.1	XP_039738107	32.536	209	1097	1132	88	3.34e-17	93.2	adenylate cyclase type 6 isoform X6 [Pteropus medius]	143291
XP_036201018.1	XP_016007226	37.762	956	1097	1101	88	6.24e-171	536	adenylate cyclase type 6 isoform X2 [Rousettus aegyptiacus]	9407
XP_036201018.1	XP_016007226	32.536	209	1097	1101	88	4.28e-17	92.8	adenylate cyclase type 6 isoform X2 [Rousettus aegyptiacus]	9407
XP_036201018.1	XP_039738103	37.526	970	1097	1198	88	6.91e-171	539	adenylate cyclase type 6 isoform X2 [Pteropus medius]	143291
XP_036201018.1	XP_039738103	32.536	209	1097	1198	88	3.88e-17	93.2	adenylate cyclase type 6 isoform X2 [Pteropus medius]	143291
XP_036201018.1	XP_024906025	37.539	967	1097	1134	88	1.81e-170	536	adenylate cyclase type 6 isoform X4 [Pteropus alecto]	9402
XP_036201018.1	XP_024906025	32.536	209	1097	1134	88	3.80e-17	93.2	adenylate cyclase type 6 isoform X4 [Pteropus alecto]	9402
XP_036201018.1	XP_023391198	37.539	967	1097	1134	88	1.81e-170	536	adenylate cyclase type 6 isoform X4 [Pteropus vampyrus]	132908
XP_036201018.1	XP_023391198	32.536	209	1097	1134	88	3.80e-17	93.2	adenylate cyclase type 6 isoform X4 [Pteropus vampyrus]	132908
XP_036201018.1	XP_039738106	37.539	967	1097	1134	88	1.81e-170	536	adenylate cyclase type 6 isoform X5 [Pteropus medius]	143291
XP_036201018.1	XP_039738106	32.536	209	1097	1134	88	3.80e-17	93.2	adenylate cyclase type 6 isoform X5 [Pteropus medius]	143291
XP_036201018.1	XP_011372134	35.221	1042	1097	1262	91	5.46e-170	538	adenylate cyclase type 8 [Pteropus vampyrus]	132908
XP_036201018.1	XP_079648033	33.451	1130	1097	1187	95	1.38e-168	533	adenylate cyclase type 3 isoform 1 [Cnephaeus nilssonii]	3371016
XP_036201018.1	XP_079648032	33.451	1130	1097	1187	95	1.38e-168	533	adenylate cyclase type 3 isoform 1 [Cnephaeus nilssonii]	3371016
XP_036201018.1	XP_053522903	33.835	1064	1097	1155	93	9.20e-168	530	adenylate cyclase type 3 isoform X1 [Artibeus jamaicensis]	9417
XP_036201018.1	XP_053522903	27.184	206	1097	1155	93	2.20e-15	87.4	adenylate cyclase type 3 isoform X1 [Artibeus jamaicensis]	9417
XP_036201018.1	XP_045700346	33.897	1065	1097	1286	93	1.64e-166	530	adenylate cyclase type 3 isoform X2 [Phyllostomus hastatus]	9423
XP_036201018.1	XP_045700346	27.184	206	1097	1286	93	1.27e-15	88.2	adenylate cyclase type 3 isoform X2 [Phyllostomus hastatus]	9423
XP_036201018.1	XP_045700345	33.865	1066	1097	1287	93	1.73e-166	530	adenylate cyclase type 3 isoform X1 [Phyllostomus hastatus]	9423
XP_036201018.1	XP_045700345	27.184	206	1097	1287	93	1.19e-15	88.2	adenylate cyclase type 3 isoform X1 [Phyllostomus hastatus]	9423
XP_036201018.1	XP_045700344	33.865	1066	1097	1287	93	1.73e-166	530	adenylate cyclase type 3 isoform X1 [Phyllostomus hastatus]	9423
XP_036201018.1	XP_045700344	27.184	206	1097	1287	93	1.19e-15	88.2	adenylate cyclase type 3 isoform X1 [Phyllostomus hastatus]	9423
XP_036201018.1	XP_045045147	36.577	894	1097	905	79	5.75e-166	518	adenylate cyclase type 3 isoform X3 [Desmodus rotundus]	9430
XP_036201018.1	XP_045045147	23.735	257	1097	905	79	5.94e-15	85.9	adenylate cyclase type 3 isoform X3 [Desmodus rotundus]	9430
XP_036201018.1	XP_036080031	34.186	1056	1097	1190	93	2.68e-161	514	adenylate cyclase type 3 isoform X1 [Rousettus aegyptiacus]	9407
XP_036201018.1	XP_036080031	25.781	256	1097	1190	93	8.38e-16	89.0	adenylate cyclase type 3 isoform X1 [Rousettus aegyptiacus]	9407
XP_036201018.1	XP_036206999	36.241	963	1097	1241	84	5.26e-161	514	adenylate cyclase type 5 isoform X4 [Myotis myotis]	51298
XP_036201018.1	XP_066242429	33.456	1085	1097	1097	95	9.38e-160	507	adenylate cyclase type 3 isoform X2 [Saccopteryx leptura]	249018
XP_036201018.1	XP_066093573	33.641	1082	1097	1098	95	3.18e-159	506	adenylate cyclase type 3 isoform X3 [Saccopteryx bilineata]	59482
XP_036201018.1	XP_045700349	35.517	870	1097	1045	77	1.55e-152	486	adenylate cyclase type 3 isoform X5 [Phyllostomus hastatus]	9423
XP_036201018.1	XP_045700349	27.184	206	1097	1045	77	2.03e-15	87.4	adenylate cyclase type 3 isoform X5 [Phyllostomus hastatus]	9423
XP_036201018.1	XP_045700349	23.200	250	1097	1045	77	5.66e-14	82.8	adenylate cyclase type 3 isoform X5 [Phyllostomus hastatus]	9423
XP_036201018.1	XP_045700350	35.697	846	1097	1008	77	1.50e-147	472	adenylate cyclase type 3 isoform X6 [Phyllostomus hastatus]	9423
XP_036201018.1	XP_045700350	27.094	203	1097	1008	77	3.47e-15	86.7	adenylate cyclase type 3 isoform X6 [Phyllostomus hastatus]	9423
XP_036201018.1	XP_045700350	23.200	250	1097	1008	77	4.77e-14	82.8	adenylate cyclase type 3 isoform X6 [Phyllostomus hastatus]	9423
XP_036201018.1	XP_019481019	33.627	1023	1097	1236	91	7.46e-147	476	PREDICTED: adenylate cyclase type 8 [Hipposideros armiger]	186990
XP_036201018.1	XP_045683564	37.981	832	1097	968	86	1.14e-146	469	adenylate cyclase type 1 isoform X4 [Phyllostomus hastatus]	9423
XP_036201018.1	XP_045683564	29.070	258	1097	968	86	1.37e-20	103	adenylate cyclase type 1 isoform X4 [Phyllostomus hastatus]	9423
XP_036201018.1	XP_023384268	32.383	1087	1097	1105	95	4.78e-141	457	adenylate cyclase type 3 [Pteropus vampyrus]	132908
XP_036201018.1	XP_070284894	32.245	1011	1097	1081	93	1.04e-139	453	adenylate cyclase type 3 isoform X2 [Myotis yumanensis]	159337
XP_036201018.1	XP_070284894	25.833	240	1097	1081	93	1.17e-15	88.2	adenylate cyclase type 3 isoform X2 [Myotis yumanensis]	159337
XP_036201018.1	XP_036094933	46.350	589	1097	1008	85	1.99e-137	445	adenylate cyclase type 4 isoform X10 [Rousettus aegyptiacus]	9407
XP_036201018.1	XP_036094933	61.081	370	1097	1008	85	3.91e-129	423	adenylate cyclase type 4 isoform X10 [Rousettus aegyptiacus]	9407
XP_036201018.1	XP_036094933	27.586	232	1097	1008	85	3.87e-15	86.7	adenylate cyclase type 4 isoform X10 [Rousettus aegyptiacus]	9407
XP_036201018.1	XP_036094930	46.231	597	1097	1080	85	2.42e-136	444	adenylate cyclase type 4 isoform X6 [Rousettus aegyptiacus]	9407
XP_036201018.1	XP_036094930	61.475	366	1097	1080	85	2.10e-128	423	adenylate cyclase type 4 isoform X6 [Rousettus aegyptiacus]	9407
XP_036201018.1	XP_036094930	27.586	232	1097	1080	85	3.92e-15	86.7	adenylate cyclase type 4 isoform X6 [Rousettus aegyptiacus]	9407
XP_036201018.1	XP_037011903	36.806	864	1097	1002	88	8.39e-136	441	adenylate cyclase type 1 isoform X3 [Artibeus jamaicensis]	9417
XP_036201018.1	XP_037011903	30.290	241	1097	1002	88	3.10e-20	103	adenylate cyclase type 1 isoform X3 [Artibeus jamaicensis]	9417
XP_036201018.1	XP_053783329	37.914	815	1097	1002	85	1.22e-133	435	adenylate cyclase type 1 isoform X3 [Desmodus rotundus]	9430
XP_036201018.1	XP_053783329	29.876	241	1097	1002	85	9.02e-20	101	adenylate cyclase type 1 isoform X3 [Desmodus rotundus]	9430
XP_036201018.1	XP_036896944	37.361	811	1097	928	85	5.26e-133	431	adenylate cyclase type 1 isoform X2 [Sturnira hondurensis]	192404
XP_036201018.1	XP_036896944	30.290	241	1097	928	85	3.28e-20	102	adenylate cyclase type 1 isoform X2 [Sturnira hondurensis]	192404
XP_036201018.1	XP_024906026	36.033	852	1097	1007	88	2.57e-128	421	adenylate cyclase type 6 isoform X5 [Pteropus alecto]	9402
XP_036201018.1	XP_024906026	32.381	210	1097	1007	88	2.96e-17	93.2	adenylate cyclase type 6 isoform X5 [Pteropus alecto]	9402
XP_036201018.1	XP_023391200	36.033	852	1097	1007	88	2.57e-128	421	adenylate cyclase type 6 isoform X6 [Pteropus vampyrus]	132908
XP_036201018.1	XP_023391200	32.381	210	1097	1007	88	2.96e-17	93.2	adenylate cyclase type 6 isoform X6 [Pteropus vampyrus]	132908
XP_036201018.1	XP_039738110	36.033	852	1097	1007	88	2.57e-128	421	adenylate cyclase type 6 isoform X7 [Pteropus medius]	143291
XP_036201018.1	XP_039738110	32.381	210	1097	1007	88	2.96e-17	93.2	adenylate cyclase type 6 isoform X7 [Pteropus medius]	143291
XP_036201018.1	XP_023391199	35.781	858	1097	1011	88	1.38e-127	419	adenylate cyclase type 6 isoform X5 [Pteropus vampyrus]	132908
XP_036201018.1	XP_023391199	32.381	210	1097	1011	88	2.87e-17	93.6	adenylate cyclase type 6 isoform X5 [Pteropus vampyrus]	132908
XP_036201018.1	XP_016053785	33.518	901	1097	947	79	8.38e-122	402	PREDICTED: adenylate cyclase type 1 [Miniopterus natalensis]	291302
XP_036201018.1	XP_019517812	34.211	836	1097	1061	92	3.59e-113	381	PREDICTED: adenylate cyclase type 6 isoform X5 [Hipposideros armiger]	186990
XP_036201018.1	XP_019517812	32.381	210	1097	1061	92	1.79e-17	94.0	PREDICTED: adenylate cyclase type 6 isoform X5 [Hipposideros armiger]	186990
XP_036201018.1	XP_039738111	35.572	804	1097	972	87	3.75e-113	379	adenylate cyclase type 6 isoform X8 [Pteropus medius]	143291
XP_036201018.1	XP_039738111	32.381	210	1097	972	87	2.34e-17	93.6	adenylate cyclase type 6 isoform X8 [Pteropus medius]	143291
XP_036201018.1	XP_039742882	35.223	741	1097	1255	95	2.39e-112	383	LOW QUALITY PROTEIN: adenylate cyclase type 3 [Pteropus medius]	143291
XP_036201018.1	XP_039742882	29.703	303	1097	1255	95	7.76e-30	134	LOW QUALITY PROTEIN: adenylate cyclase type 3 [Pteropus medius]	143291
XP_036201018.1	XP_039742882	23.735	257	1097	1255	95	3.66e-15	86.7	LOW QUALITY PROTEIN: adenylate cyclase type 3 [Pteropus medius]	143291
XP_036201018.1	XP_019580248	34.221	789	1097	941	87	5.82e-111	372	adenylate cyclase type 6 isoform X2 [Rhinolophus sinicus]	89399
XP_036201018.1	XP_019580248	32.381	210	1097	941	87	2.13e-17	94.0	adenylate cyclase type 6 isoform X2 [Rhinolophus sinicus]	89399
XP_036201018.1	XP_080995049	39.303	603	1097	1146	75	1.58e-109	373	adenylate cyclase type 5 isoform 3 [Miniopterus schreibersii]	9433
XP_036201018.1	XP_080995049	54.825	228	1097	1146	75	1.14e-70	262	adenylate cyclase type 5 isoform 3 [Miniopterus schreibersii]	9433
XP_036201018.1	XP_080995049	32.057	209	1097	1146	75	5.19e-17	92.8	adenylate cyclase type 5 isoform 3 [Miniopterus schreibersii]	9433
XP_036201018.1	XP_080995049	30.625	160	1097	1146	75	1.39e-16	91.3	adenylate cyclase type 5 isoform 3 [Miniopterus schreibersii]	9433
XP_036201018.1	XP_019506489	42.166	517	1097	1058	71	1.62e-107	366	PREDICTED: adenylate cyclase type 5 [Hipposideros armiger]	186990
XP_036201018.1	XP_019506489	51.471	272	1097	1058	71	8.14e-73	268	PREDICTED: adenylate cyclase type 5 [Hipposideros armiger]	186990
XP_036201018.1	XP_019506489	32.536	209	1097	1058	71	4.05e-17	92.8	PREDICTED: adenylate cyclase type 5 [Hipposideros armiger]	186990
XP_036201018.1	XP_019506489	30.625	160	1097	1058	71	1.36e-16	91.3	PREDICTED: adenylate cyclase type 5 [Hipposideros armiger]	186990
XP_036201018.1	XP_032944308	33.333	861	1097	855	97	8.00e-105	353	adenylate cyclase type 1 isoform X6 [Rhinolophus ferrumequinum]	59479
XP_036201018.1	XP_032944308	30.453	243	1097	855	97	1.25e-20	103	adenylate cyclase type 1 isoform X6 [Rhinolophus ferrumequinum]	59479
XP_036201018.1	XP_032944307	33.566	861	1097	923	97	4.67e-104	353	adenylate cyclase type 1 isoform X5 [Rhinolophus ferrumequinum]	59479
XP_036201018.1	XP_032944307	30.453	243	1097	923	97	1.32e-20	103	adenylate cyclase type 1 isoform X5 [Rhinolophus ferrumequinum]	59479
XP_036201018.1	XP_032944306	33.566	861	1097	1020	97	9.50e-104	355	adenylate cyclase type 1 isoform X4 [Rhinolophus ferrumequinum]	59479
XP_036201018.1	XP_032944306	30.453	243	1097	1020	97	2.48e-20	103	adenylate cyclase type 1 isoform X4 [Rhinolophus ferrumequinum]	59479
XP_036201018.1	XP_032944306	50.000	108	1097	1020	97	3.28e-20	102	adenylate cyclase type 1 isoform X4 [Rhinolophus ferrumequinum]	59479
XP_036201018.1	XP_032944305	33.566	861	1097	1035	97	1.98e-103	354	adenylate cyclase type 1 isoform X3 [Rhinolophus ferrumequinum]	59479
XP_036201018.1	XP_032944305	49.342	152	1097	1035	97	1.59e-30	136	adenylate cyclase type 1 isoform X3 [Rhinolophus ferrumequinum]	59479
XP_036201018.1	XP_032944305	30.453	243	1097	1035	97	2.61e-20	103	adenylate cyclase type 1 isoform X3 [Rhinolophus ferrumequinum]	59479
XP_036201018.1	XP_032944303	33.801	855	1097	1198	98	2.57e-102	354	adenylate cyclase type 1 isoform X1 [Rhinolophus ferrumequinum]	59479
XP_036201018.1	XP_032944303	52.206	272	1097	1198	98	1.63e-71	265	adenylate cyclase type 1 isoform X1 [Rhinolophus ferrumequinum]	59479
XP_036201018.1	XP_032944303	30.453	243	1097	1198	98	3.33e-20	103	adenylate cyclase type 1 isoform X1 [Rhinolophus ferrumequinum]	59479
XP_036201018.1	XP_032944303	26.761	213	1097	1198	98	1.57e-18	97.8	adenylate cyclase type 1 isoform X1 [Rhinolophus ferrumequinum]	59479
XP_036201018.1	XP_045683563	50.599	334	1097	1005	56	2.51e-93	325	adenylate cyclase type 1 isoform X3 [Phyllostomus hastatus]	9423
XP_036201018.1	XP_045683563	55.639	266	1097	1005	56	1.53e-81	292	adenylate cyclase type 1 isoform X3 [Phyllostomus hastatus]	9423
XP_036201018.1	XP_045683563	29.070	258	1097	1005	56	2.60e-20	103	adenylate cyclase type 1 isoform X3 [Phyllostomus hastatus]	9423
XP_036201018.1	XP_045683563	25.333	225	1097	1005	56	1.14e-17	94.7	adenylate cyclase type 1 isoform X3 [Phyllostomus hastatus]	9423
XP_036201018.1	XP_036086441	44.213	432	1097	1071	64	3.97e-93	326	adenylate cyclase type 1 isoform X3 [Rousettus aegyptiacus]	9407
XP_036201018.1	XP_036086441	54.511	266	1097	1071	64	5.06e-78	283	adenylate cyclase type 1 isoform X3 [Rousettus aegyptiacus]	9407
XP_036201018.1	XP_036086441	30.041	243	1097	1071	64	3.80e-19	99.8	adenylate cyclase type 1 isoform X3 [Rousettus aegyptiacus]	9407
XP_036201018.1	XP_036086441	26.794	209	1097	1071	64	1.37e-17	94.4	adenylate cyclase type 1 isoform X3 [Rousettus aegyptiacus]	9407
XP_036201018.1	XP_015416939	36.875	480	1097	967	86	1.43e-88	311	PREDICTED: adenylate cyclase type 8 [Myotis davidii]	225400
XP_036201018.1	XP_015416939	40.466	472	1097	967	86	1.26e-82	295	PREDICTED: adenylate cyclase type 8 [Myotis davidii]	225400
XP_036201018.1	XP_015416939	26.403	303	1097	967	86	2.44e-21	106	PREDICTED: adenylate cyclase type 8 [Myotis davidii]	225400
XP_036201018.1	XP_015416939	28.464	267	1097	967	86	1.82e-16	90.9	PREDICTED: adenylate cyclase type 8 [Myotis davidii]	225400
XP_036201018.1	XP_053517031	37.719	456	1097	971	73	2.07e-88	311	adenylate cyclase type 8 isoform X1 [Artibeus jamaicensis]	9417
XP_036201018.1	XP_053517031	46.439	351	1097	971	73	2.11e-81	291	adenylate cyclase type 8 isoform X1 [Artibeus jamaicensis]	9417
XP_036201018.1	XP_053517031	26.286	350	1097	971	73	4.09e-21	105	adenylate cyclase type 8 isoform X1 [Artibeus jamaicensis]	9417
XP_036201018.1	XP_053517031	28.464	267	1097	971	73	1.78e-16	90.9	adenylate cyclase type 8 isoform X1 [Artibeus jamaicensis]	9417
XP_036201018.1	XP_080957410	32.901	617	1097	1099	86	3.05e-88	313	adenylate cyclase type 3 isoform 3 [Myotis nattereri]	109481
XP_036201018.1	XP_080957410	50.530	283	1097	1099	86	3.01e-73	270	adenylate cyclase type 3 isoform 3 [Myotis nattereri]	109481
XP_036201018.1	XP_080957410	23.620	326	1097	1099	86	2.39e-16	90.5	adenylate cyclase type 3 isoform 3 [Myotis nattereri]	109481
XP_036201018.1	XP_080957410	23.735	257	1097	1099	86	4.68e-15	86.3	adenylate cyclase type 3 isoform 3 [Myotis nattereri]	109481
XP_036201018.1	XP_014400479	36.875	480	1097	1000	86	3.36e-88	311	PREDICTED: adenylate cyclase type 8 isoform X2 [Myotis brandtii]	109478
XP_036201018.1	XP_014400479	40.466	472	1097	1000	86	2.68e-82	294	PREDICTED: adenylate cyclase type 8 isoform X2 [Myotis brandtii]	109478
XP_036201018.1	XP_014400479	26.403	303	1097	1000	86	3.04e-21	106	PREDICTED: adenylate cyclase type 8 isoform X2 [Myotis brandtii]	109478
XP_036201018.1	XP_014400479	28.464	267	1097	1000	86	2.26e-16	90.5	PREDICTED: adenylate cyclase type 8 isoform X2 [Myotis brandtii]	109478
XP_036201018.1	XP_014315161	36.875	480	1097	1000	86	3.36e-88	311	adenylate cyclase type 8 isoform X3 [Myotis lucifugus]	59463
XP_036201018.1	XP_014315161	40.466	472	1097	1000	86	2.68e-82	294	adenylate cyclase type 8 isoform X3 [Myotis lucifugus]	59463
XP_036201018.1	XP_014315161	26.403	303	1097	1000	86	3.04e-21	106	adenylate cyclase type 8 isoform X3 [Myotis lucifugus]	59463
XP_036201018.1	XP_014315161	28.464	267	1097	1000	86	2.26e-16	90.5	adenylate cyclase type 8 isoform X3 [Myotis lucifugus]	59463
XP_036201018.1	XP_053517032	37.719	456	1097	1001	89	4.07e-88	311	adenylate cyclase type 8 isoform X2 [Artibeus jamaicensis]	9417
XP_036201018.1	XP_053517032	37.873	536	1097	1001	89	8.88e-82	293	adenylate cyclase type 8 isoform X2 [Artibeus jamaicensis]	9417
XP_036201018.1	XP_053517032	26.286	350	1097	1001	89	4.24e-21	105	adenylate cyclase type 8 isoform X2 [Artibeus jamaicensis]	9417
XP_036201018.1	XP_053517032	28.464	267	1097	1001	89	1.96e-16	90.9	adenylate cyclase type 8 isoform X2 [Artibeus jamaicensis]	9417
XP_036201018.1	XP_039701816	37.500	456	1097	971	73	4.47e-88	310	adenylate cyclase type 8 isoform X4 [Pteropus medius]	143291
XP_036201018.1	XP_039701816	46.724	351	1097	971	73	5.19e-82	293	adenylate cyclase type 8 isoform X4 [Pteropus medius]	143291
XP_036201018.1	XP_039701816	26.797	306	1097	971	73	5.48e-21	105	adenylate cyclase type 8 isoform X4 [Pteropus medius]	143291
XP_036201018.1	XP_039701816	28.464	267	1097	971	73	5.29e-16	89.4	adenylate cyclase type 8 isoform X4 [Pteropus medius]	143291
XP_036201018.1	XP_039701814	37.500	456	1097	1001	84	7.35e-88	310	adenylate cyclase type 8 isoform X3 [Pteropus medius]	143291
XP_036201018.1	XP_039701814	40.678	472	1097	1001	84	1.01e-82	296	adenylate cyclase type 8 isoform X3 [Pteropus medius]	143291
XP_036201018.1	XP_039701814	26.797	306	1097	1001	84	5.07e-21	105	adenylate cyclase type 8 isoform X3 [Pteropus medius]	143291
XP_036201018.1	XP_039701814	28.464	267	1097	1001	84	5.26e-16	89.4	adenylate cyclase type 8 isoform X3 [Pteropus medius]	143291
XP_036201018.1	XP_080503126	34.586	532	1097	1152	78	1.28e-87	312	adenylate cyclase type 8 isoform 4 [Plecotus auritus]	61862
XP_036201018.1	XP_080503126	45.869	351	1097	1152	78	1.29e-80	292	adenylate cyclase type 8 isoform 4 [Plecotus auritus]	61862
XP_036201018.1	XP_080503126	26.403	303	1097	1152	78	3.74e-21	106	adenylate cyclase type 8 isoform 4 [Plecotus auritus]	61862
XP_036201018.1	XP_080503126	28.464	267	1097	1152	78	2.19e-16	90.5	adenylate cyclase type 8 isoform 4 [Plecotus auritus]	61862
XP_036201018.1	XP_015975312	37.500	456	1097	1155	73	1.48e-87	312	adenylate cyclase type 8 isoform X4 [Rousettus aegyptiacus]	9407
XP_036201018.1	XP_015975312	46.724	351	1097	1155	73	7.60e-82	295	adenylate cyclase type 8 isoform X4 [Rousettus aegyptiacus]	9407
XP_036201018.1	XP_015975312	26.073	303	1097	1155	73	7.21e-21	105	adenylate cyclase type 8 isoform X4 [Rousettus aegyptiacus]	9407
XP_036201018.1	XP_015975312	29.213	267	1097	1155	73	4.52e-16	89.7	adenylate cyclase type 8 isoform X4 [Rousettus aegyptiacus]	9407
XP_036201018.1	XP_080503125	34.586	532	1097	1182	89	1.97e-87	312	adenylate cyclase type 8 isoform 3 [Plecotus auritus]	61862
XP_036201018.1	XP_080503125	40.042	472	1097	1182	89	2.10e-81	295	adenylate cyclase type 8 isoform 3 [Plecotus auritus]	61862
XP_036201018.1	XP_080503125	26.403	303	1097	1182	89	3.37e-21	106	adenylate cyclase type 8 isoform 3 [Plecotus auritus]	61862
XP_036201018.1	XP_080503125	28.464	267	1097	1182	89	2.14e-16	90.9	adenylate cyclase type 8 isoform 3 [Plecotus auritus]	61862
XP_036201018.1	XP_070248450	34.586	532	1097	1182	89	2.27e-87	311	adenylate cyclase type 8 isoform X3 [Myotis yumanensis]	159337
XP_036201018.1	XP_070248450	40.042	472	1097	1182	89	1.52e-81	295	adenylate cyclase type 8 isoform X3 [Myotis yumanensis]	159337
XP_036201018.1	XP_070248450	26.403	303	1097	1182	89	3.61e-21	106	adenylate cyclase type 8 isoform X3 [Myotis yumanensis]	159337
XP_036201018.1	XP_070248450	28.464	267	1097	1182	89	2.20e-16	90.5	adenylate cyclase type 8 isoform X3 [Myotis yumanensis]	159337
XP_036201018.1	XP_015975311	37.500	456	1097	1185	84	2.42e-87	311	adenylate cyclase type 8 isoform X3 [Rousettus aegyptiacus]	9407
XP_036201018.1	XP_015975311	40.678	472	1097	1185	84	1.80e-82	298	adenylate cyclase type 8 isoform X3 [Rousettus aegyptiacus]	9407
XP_036201018.1	XP_015975311	26.073	303	1097	1185	84	6.85e-21	105	adenylate cyclase type 8 isoform X3 [Rousettus aegyptiacus]	9407
XP_036201018.1	XP_015975311	28.464	267	1097	1185	84	4.89e-16	89.7	adenylate cyclase type 8 isoform X3 [Rousettus aegyptiacus]	9407
XP_036201018.1	XP_036904457	37.691	459	1097	1187	84	2.49e-87	311	adenylate cyclase type 8 isoform X3 [Sturnira hondurensis]	192404
XP_036201018.1	XP_036904457	40.678	472	1097	1187	84	1.17e-81	295	adenylate cyclase type 8 isoform X3 [Sturnira hondurensis]	192404
XP_036201018.1	XP_036904457	26.403	303	1097	1187	84	8.27e-21	105	adenylate cyclase type 8 isoform X3 [Sturnira hondurensis]	192404
XP_036201018.1	XP_036904457	28.464	267	1097	1187	84	1.80e-16	90.9	adenylate cyclase type 8 isoform X3 [Sturnira hondurensis]	192404
XP_036201018.1	XP_036193929	34.586	532	1097	1182	89	2.68e-87	311	adenylate cyclase type 8 isoform X3 [Myotis myotis]	51298
XP_036201018.1	XP_036193929	40.254	472	1097	1182	89	1.15e-81	295	adenylate cyclase type 8 isoform X3 [Myotis myotis]	51298
XP_036201018.1	XP_036193929	26.403	303	1097	1182	89	3.49e-21	106	adenylate cyclase type 8 isoform X3 [Myotis myotis]	51298
XP_036201018.1	XP_036193929	28.464	267	1097	1182	89	2.04e-16	90.9	adenylate cyclase type 8 isoform X3 [Myotis myotis]	51298
XP_036201018.1	XP_032982365	34.586	532	1097	1184	89	4.03e-87	311	adenylate cyclase type 8 isoform X3 [Rhinolophus ferrumequinum]	59479
XP_036201018.1	XP_032982365	40.254	472	1097	1184	89	6.21e-84	302	adenylate cyclase type 8 isoform X3 [Rhinolophus ferrumequinum]	59479
XP_036201018.1	XP_032982365	26.403	303	1097	1184	89	5.21e-21	105	adenylate cyclase type 8 isoform X3 [Rhinolophus ferrumequinum]	59479
XP_036201018.1	XP_032982365	28.464	267	1097	1184	89	1.44e-16	91.3	adenylate cyclase type 8 isoform X3 [Rhinolophus ferrumequinum]	59479
XP_036201018.1	XP_019579484	34.393	535	1097	1184	89	4.79e-87	311	adenylate cyclase type 8 isoform X3 [Rhinolophus sinicus]	89399
XP_036201018.1	XP_019579484	40.678	472	1097	1184	89	3.24e-84	303	adenylate cyclase type 8 isoform X3 [Rhinolophus sinicus]	89399
XP_036201018.1	XP_019579484	25.945	397	1097	1184	89	2.87e-21	106	adenylate cyclase type 8 isoform X3 [Rhinolophus sinicus]	89399
XP_036201018.1	XP_019579484	28.464	267	1097	1184	89	1.38e-16	91.3	adenylate cyclase type 8 isoform X3 [Rhinolophus sinicus]	89399
XP_036201018.1	XP_036119844	38.182	440	1097	1119	71	8.59e-87	309	adenylate cyclase type 8 isoform X2 [Molossus molossus]	27622
XP_036201018.1	XP_036119844	45.869	351	1097	1119	71	6.34e-81	292	adenylate cyclase type 8 isoform X2 [Molossus molossus]	27622
XP_036201018.1	XP_036119844	26.403	303	1097	1119	71	1.07e-20	104	adenylate cyclase type 8 isoform X2 [Molossus molossus]	27622
XP_036201018.1	XP_036119844	29.213	267	1097	1119	71	3.36e-16	90.1	adenylate cyclase type 8 isoform X2 [Molossus molossus]	27622
XP_036201018.1	XP_036293440	37.500	456	1097	1183	89	9.58e-87	310	adenylate cyclase type 8 isoform X3 [Pipistrellus kuhlii]	59472
XP_036201018.1	XP_036293440	37.477	539	1097	1183	89	9.61e-82	295	adenylate cyclase type 8 isoform X3 [Pipistrellus kuhlii]	59472
XP_036201018.1	XP_036293440	26.403	303	1097	1183	89	3.46e-21	106	adenylate cyclase type 8 isoform X3 [Pipistrellus kuhlii]	59472
XP_036201018.1	XP_036293440	28.464	267	1097	1183	89	2.16e-16	90.9	adenylate cyclase type 8 isoform X3 [Pipistrellus kuhlii]	59472
XP_036201018.1	XP_016071486	36.032	494	1097	936	75	1.02e-86	306	PREDICTED: adenylate cyclase type 8 isoform X2 [Miniopterus natalensis]	291302
XP_036201018.1	XP_016071486	46.724	351	1097	936	75	2.38e-82	293	PREDICTED: adenylate cyclase type 8 isoform X2 [Miniopterus natalensis]	291302
XP_036201018.1	XP_016071486	25.743	303	1097	936	75	4.69e-20	102	PREDICTED: adenylate cyclase type 8 isoform X2 [Miniopterus natalensis]	291302
XP_036201018.1	XP_016071486	28.462	260	1097	936	75	7.78e-16	88.6	PREDICTED: adenylate cyclase type 8 isoform X2 [Miniopterus natalensis]	291302
XP_036201018.1	XP_035887322	37.500	456	1097	1188	89	1.11e-86	310	adenylate cyclase type 8 isoform X3 [Phyllostomus discolor]	89673
XP_036201018.1	XP_035887322	37.873	536	1097	1188	89	2.37e-81	294	adenylate cyclase type 8 isoform X3 [Phyllostomus discolor]	89673
XP_036201018.1	XP_035887322	26.403	303	1097	1188	89	4.76e-21	105	adenylate cyclase type 8 isoform X3 [Phyllostomus discolor]	89673
XP_036201018.1	XP_035887322	28.464	267	1097	1188	89	1.75e-16	90.9	adenylate cyclase type 8 isoform X3 [Phyllostomus discolor]	89673
XP_036201018.1	XP_059528293	34.398	532	1097	1182	89	1.22e-86	310	adenylate cyclase type 8 isoform X3 [Myotis daubentonii]	98922
XP_036201018.1	XP_059528293	40.042	472	1097	1182	89	2.42e-81	294	adenylate cyclase type 8 isoform X3 [Myotis daubentonii]	98922
XP_036201018.1	XP_059528293	26.403	303	1097	1182	89	3.61e-21	106	adenylate cyclase type 8 isoform X3 [Myotis daubentonii]	98922
XP_036201018.1	XP_059528293	28.464	267	1097	1182	89	2.07e-16	90.9	adenylate cyclase type 8 isoform X3 [Myotis daubentonii]	98922
XP_036201018.1	XP_006912985	38.182	440	1097	1122	71	1.66e-86	308	adenylate cyclase type 8 isoform X2 [Pteropus alecto]	9402
XP_036201018.1	XP_006912985	46.154	351	1097	1122	71	2.56e-81	293	adenylate cyclase type 8 isoform X2 [Pteropus alecto]	9402
XP_036201018.1	XP_006912985	27.273	242	1097	1122	71	1.75e-20	103	adenylate cyclase type 8 isoform X2 [Pteropus alecto]	9402
XP_036201018.1	XP_006912985	29.213	267	1097	1122	71	1.24e-15	88.2	adenylate cyclase type 8 isoform X2 [Pteropus alecto]	9402
XP_036201018.1	XP_080972613	37.281	456	1097	1178	84	1.80e-85	306	adenylate cyclase type 8 isoform 3 [Miniopterus schreibersii]	9433
XP_036201018.1	XP_080972613	40.254	472	1097	1178	84	7.29e-82	296	adenylate cyclase type 8 isoform 3 [Miniopterus schreibersii]	9433
XP_036201018.1	XP_080972613	25.743	303	1097	1178	84	2.37e-20	103	adenylate cyclase type 8 isoform 3 [Miniopterus schreibersii]	9433
XP_036201018.1	XP_080972613	28.464	267	1097	1178	84	3.11e-16	90.1	adenylate cyclase type 8 isoform 3 [Miniopterus schreibersii]	9433
XP_036201018.1	XP_079652457	34.586	532	1097	1183	89	7.84e-85	304	adenylate cyclase type 8 isoform 3 [Cnephaeus nilssonii]	3371016
XP_036201018.1	XP_079652457	40.042	472	1097	1183	89	1.92e-81	295	adenylate cyclase type 8 isoform 3 [Cnephaeus nilssonii]	3371016
XP_036201018.1	XP_079652457	26.403	303	1097	1183	89	3.49e-21	106	adenylate cyclase type 8 isoform 3 [Cnephaeus nilssonii]	3371016
XP_036201018.1	XP_079652457	28.464	267	1097	1183	89	2.20e-16	90.5	adenylate cyclase type 8 isoform 3 [Cnephaeus nilssonii]	3371016
XP_036201018.1	XP_081002615	55.918	245	1097	689	44	2.81e-82	287	adenylate cyclase type 1 isoform 1 [Miniopterus schreibersii]	9433
XP_036201018.1	XP_081002615	29.876	241	1097	689	44	8.48e-19	97.8	adenylate cyclase type 1 isoform 1 [Miniopterus schreibersii]	9433
XP_036201018.1	XP_039703045	46.418	349	1097	838	67	5.33e-82	290	adenylate cyclase type 1 isoform X2 [Pteropus medius]	143291
XP_036201018.1	XP_039703045	47.988	323	1097	838	67	2.43e-80	286	adenylate cyclase type 1 isoform X2 [Pteropus medius]	143291
XP_036201018.1	XP_039703045	24.595	309	1097	838	67	2.82e-19	99.8	adenylate cyclase type 1 isoform X2 [Pteropus medius]	143291
XP_036201018.1	XP_039703045	30.041	243	1097	838	67	7.17e-19	98.6	adenylate cyclase type 1 isoform X2 [Pteropus medius]	143291
XP_036201018.1	XP_019482111	55.510	245	1097	929	45	5.40e-80	286	PREDICTED: adenylate cyclase type 1 [Hipposideros armiger]	186990
XP_036201018.1	XP_019482111	56.780	118	1097	929	45	6.07e-30	134	PREDICTED: adenylate cyclase type 1 [Hipposideros armiger]	186990
XP_036201018.1	XP_019482111	61.053	95	1097	929	45	5.30e-23	112	PREDICTED: adenylate cyclase type 1 [Hipposideros armiger]	186990
XP_036201018.1	XP_019482111	30.453	243	1097	929	45	1.05e-19	101	PREDICTED: adenylate cyclase type 1 [Hipposideros armiger]	186990
XP_036201018.1	XP_023381243	55.696	237	1097	676	39	7.36e-73	261	adenylate cyclase type 1-like [Pteropus vampyrus]	132908
XP_036201018.1	XP_023381243	27.273	209	1097	676	39	1.97e-18	96.7	adenylate cyclase type 1-like [Pteropus vampyrus]	132908
XP_036201018.1	XP_036135739	37.405	393	1097	1353	65	5.47e-56	218	adenylate cyclase type 9 [Molossus molossus]	27622
XP_036201018.1	XP_036135739	33.239	352	1097	1353	65	6.31e-49	196	adenylate cyclase type 9 [Molossus molossus]	27622
XP_036201018.1	XP_036135739	25.339	221	1097	1353	65	6.04e-14	82.8	adenylate cyclase type 9 [Molossus molossus]	27622
XP_036201018.1	XP_036135739	29.586	169	1097	1353	65	2.08e-13	80.9	adenylate cyclase type 9 [Molossus molossus]	27622
XP_036201018.1	XP_066131174	35.910	401	1097	1351	65	6.37e-54	211	adenylate cyclase type 9 [Saccopteryx bilineata]	59482
XP_036201018.1	XP_066131174	33.994	353	1097	1351	65	3.87e-49	196	adenylate cyclase type 9 [Saccopteryx bilineata]	59482
XP_036201018.1	XP_066131174	25.339	221	1097	1351	65	4.72e-14	83.2	adenylate cyclase type 9 [Saccopteryx bilineata]	59482
XP_036201018.1	XP_066131174	28.641	206	1097	1351	65	7.60e-14	82.4	adenylate cyclase type 9 [Saccopteryx bilineata]	59482
XP_036201018.1	XP_066238806	35.910	401	1097	1351	65	6.48e-54	211	adenylate cyclase type 9 [Saccopteryx leptura]	249018
XP_036201018.1	XP_066238806	33.994	353	1097	1351	65	3.77e-49	196	adenylate cyclase type 9 [Saccopteryx leptura]	249018
XP_036201018.1	XP_066238806	25.339	221	1097	1351	65	4.93e-14	83.2	adenylate cyclase type 9 [Saccopteryx leptura]	249018
XP_036201018.1	XP_066238806	28.641	206	1097	1351	65	7.53e-14	82.4	adenylate cyclase type 9 [Saccopteryx leptura]	249018
XP_036201018.1	XP_011374797	36.641	393	1097	1353	65	8.09e-54	211	adenylate cyclase type 9 [Pteropus vampyrus]	132908
XP_036201018.1	XP_011374797	33.239	352	1097	1353	65	8.33e-49	195	adenylate cyclase type 9 [Pteropus vampyrus]	132908
XP_036201018.1	XP_011374797	29.586	169	1097	1353	65	2.01e-13	81.3	adenylate cyclase type 9 [Pteropus vampyrus]	132908
XP_036201018.1	XP_011374797	24.887	221	1097	1353	65	2.85e-13	80.5	adenylate cyclase type 9 [Pteropus vampyrus]	132908
XP_036201018.1	XP_045427292	38.810	353	1097	1339	69	1.33e-53	211	adenylate cyclase type 9 isoform X2 [Pipistrellus kuhlii]	59472
XP_036201018.1	XP_045427292	33.239	352	1097	1339	69	6.09e-48	192	adenylate cyclase type 9 isoform X2 [Pipistrellus kuhlii]	59472
XP_036201018.1	XP_045427292	29.825	171	1097	1339	69	2.39e-14	84.0	adenylate cyclase type 9 isoform X2 [Pipistrellus kuhlii]	59472
XP_036201018.1	XP_045427292	23.380	355	1097	1339	69	4.55e-14	83.2	adenylate cyclase type 9 isoform X2 [Pipistrellus kuhlii]	59472
XP_036201018.1	XP_080895653	44.737	266	1097	1353	54	1.53e-53	210	adenylate cyclase type 9 isoform 1 [Rhinolophus hipposideros]	77218
XP_036201018.1	XP_080895653	33.807	352	1097	1353	54	6.87e-50	199	adenylate cyclase type 9 isoform 1 [Rhinolophus hipposideros]	77218
XP_036201018.1	XP_080895653	29.586	169	1097	1353	54	2.12e-13	80.9	adenylate cyclase type 9 isoform 1 [Rhinolophus hipposideros]	77218
XP_036201018.1	XP_080895653	24.887	221	1097	1353	54	2.51e-13	80.9	adenylate cyclase type 9 isoform 1 [Rhinolophus hipposideros]	77218
XP_036201018.1	XP_080895652	44.737	266	1097	1353	54	1.53e-53	210	adenylate cyclase type 9 isoform 1 [Rhinolophus hipposideros]	77218
XP_036201018.1	XP_080895652	33.807	352	1097	1353	54	6.87e-50	199	adenylate cyclase type 9 isoform 1 [Rhinolophus hipposideros]	77218
XP_036201018.1	XP_080895652	29.586	169	1097	1353	54	2.12e-13	80.9	adenylate cyclase type 9 isoform 1 [Rhinolophus hipposideros]	77218
XP_036201018.1	XP_080895652	24.887	221	1097	1353	54	2.51e-13	80.9	adenylate cyclase type 9 isoform 1 [Rhinolophus hipposideros]	77218
XP_036201018.1	XP_039741122	36.896	393	1097	1353	65	1.54e-53	210	adenylate cyclase type 9 [Pteropus medius]	143291
XP_036201018.1	XP_039741122	33.239	352	1097	1353	65	7.84e-49	195	adenylate cyclase type 9 [Pteropus medius]	143291
XP_036201018.1	XP_039741122	29.586	169	1097	1353	65	1.93e-13	81.3	adenylate cyclase type 9 [Pteropus medius]	143291
XP_036201018.1	XP_039741122	24.887	221	1097	1353	65	2.95e-13	80.5	adenylate cyclase type 9 [Pteropus medius]	143291
XP_036201018.1	XP_006913938	36.896	393	1097	1353	73	1.59e-53	210	adenylate cyclase type 9 [Pteropus alecto]	9402
XP_036201018.1	XP_006913938	30.667	450	1097	1353	73	7.71e-49	195	adenylate cyclase type 9 [Pteropus alecto]	9402
XP_036201018.1	XP_006913938	29.586	169	1097	1353	73	1.95e-13	81.3	adenylate cyclase type 9 [Pteropus alecto]	9402
XP_036201018.1	XP_006913938	24.887	221	1097	1353	73	2.90e-13	80.5	adenylate cyclase type 9 [Pteropus alecto]	9402
XP_036201018.1	XP_059548943	36.340	388	1097	1339	73	2.08e-53	210	adenylate cyclase type 9 isoform X2 [Myotis daubentonii]	98922
XP_036201018.1	XP_059548943	30.889	450	1097	1339	73	7.31e-50	199	adenylate cyclase type 9 isoform X2 [Myotis daubentonii]	98922
XP_036201018.1	XP_059548943	25.339	221	1097	1339	73	5.58e-14	82.8	adenylate cyclase type 9 isoform X2 [Myotis daubentonii]	98922
XP_036201018.1	XP_059548943	29.586	169	1097	1339	73	1.44e-13	81.6	adenylate cyclase type 9 isoform X2 [Myotis daubentonii]	98922
XP_036201018.1	XP_036166634	36.340	388	1097	1339	73	2.11e-53	210	adenylate cyclase type 9 isoform X2 [Myotis myotis]	51298
XP_036201018.1	XP_036166634	30.889	450	1097	1339	73	1.12e-49	198	adenylate cyclase type 9 isoform X2 [Myotis myotis]	51298
XP_036201018.1	XP_036166634	25.339	221	1097	1339	73	5.63e-14	82.8	adenylate cyclase type 9 isoform X2 [Myotis myotis]	51298
XP_036201018.1	XP_036166634	29.586	169	1097	1339	73	1.91e-13	81.3	adenylate cyclase type 9 isoform X2 [Myotis myotis]	51298
XP_036201018.1	XP_032957079	36.641	393	1097	1353	73	2.54e-53	209	adenylate cyclase type 9 [Rhinolophus ferrumequinum]	59479
XP_036201018.1	XP_032957079	31.111	450	1097	1353	73	5.93e-50	199	adenylate cyclase type 9 [Rhinolophus ferrumequinum]	59479
XP_036201018.1	XP_032957079	29.586	169	1097	1353	73	1.96e-13	81.3	adenylate cyclase type 9 [Rhinolophus ferrumequinum]	59479
XP_036201018.1	XP_032957079	24.887	221	1097	1353	73	2.60e-13	80.9	adenylate cyclase type 9 [Rhinolophus ferrumequinum]	59479
XP_036201018.1	XP_032957078	36.641	393	1097	1353	73	2.54e-53	209	adenylate cyclase type 9 [Rhinolophus ferrumequinum]	59479
XP_036201018.1	XP_032957078	31.111	450	1097	1353	73	5.93e-50	199	adenylate cyclase type 9 [Rhinolophus ferrumequinum]	59479
XP_036201018.1	XP_032957078	29.586	169	1097	1353	73	1.96e-13	81.3	adenylate cyclase type 9 [Rhinolophus ferrumequinum]	59479
XP_036201018.1	XP_032957078	24.887	221	1097	1353	73	2.60e-13	80.9	adenylate cyclase type 9 [Rhinolophus ferrumequinum]	59479
XP_036201018.1	XP_032957076	36.641	393	1097	1353	73	2.54e-53	209	adenylate cyclase type 9 [Rhinolophus ferrumequinum]	59479
XP_036201018.1	XP_032957076	31.111	450	1097	1353	73	5.93e-50	199	adenylate cyclase type 9 [Rhinolophus ferrumequinum]	59479
XP_036201018.1	XP_032957076	29.586	169	1097	1353	73	1.96e-13	81.3	adenylate cyclase type 9 [Rhinolophus ferrumequinum]	59479
XP_036201018.1	XP_032957076	24.887	221	1097	1353	73	2.60e-13	80.9	adenylate cyclase type 9 [Rhinolophus ferrumequinum]	59479
XP_036201018.1	XP_019515874	47.325	243	1097	1353	60	2.93e-53	209	PREDICTED: adenylate cyclase type 9 [Hipposideros armiger]	186990
XP_036201018.1	XP_019515874	30.667	450	1097	1353	60	2.24e-49	197	PREDICTED: adenylate cyclase type 9 [Hipposideros armiger]	186990
XP_036201018.1	XP_019515874	29.586	169	1097	1353	60	1.93e-13	81.3	PREDICTED: adenylate cyclase type 9 [Hipposideros armiger]	186990
XP_036201018.1	XP_019515874	24.887	221	1097	1353	60	2.31e-13	80.9	PREDICTED: adenylate cyclase type 9 [Hipposideros armiger]	186990
XP_036201018.1	XP_019515872	47.325	243	1097	1353	60	2.93e-53	209	PREDICTED: adenylate cyclase type 9 [Hipposideros armiger]	186990
XP_036201018.1	XP_019515872	30.667	450	1097	1353	60	2.24e-49	197	PREDICTED: adenylate cyclase type 9 [Hipposideros armiger]	186990
XP_036201018.1	XP_019515872	29.586	169	1097	1353	60	1.93e-13	81.3	PREDICTED: adenylate cyclase type 9 [Hipposideros armiger]	186990
XP_036201018.1	XP_019515872	24.887	221	1097	1353	60	2.31e-13	80.9	PREDICTED: adenylate cyclase type 9 [Hipposideros armiger]	186990
XP_036201018.1	XP_019515871	47.325	243	1097	1353	60	2.93e-53	209	PREDICTED: adenylate cyclase type 9 [Hipposideros armiger]	186990
XP_036201018.1	XP_019515871	30.667	450	1097	1353	60	2.24e-49	197	PREDICTED: adenylate cyclase type 9 [Hipposideros armiger]	186990
XP_036201018.1	XP_019515871	29.586	169	1097	1353	60	1.93e-13	81.3	PREDICTED: adenylate cyclase type 9 [Hipposideros armiger]	186990
XP_036201018.1	XP_019515871	24.887	221	1097	1353	60	2.31e-13	80.9	PREDICTED: adenylate cyclase type 9 [Hipposideros armiger]	186990
XP_036201018.1	XP_080989252	36.641	393	1097	1353	65	3.61e-53	209	adenylate cyclase type 9 isoform 1 [Miniopterus schreibersii]	9433
XP_036201018.1	XP_080989252	33.239	352	1097	1353	65	4.19e-49	196	adenylate cyclase type 9 isoform 1 [Miniopterus schreibersii]	9433
XP_036201018.1	XP_080989252	25.339	221	1097	1353	65	5.99e-14	82.8	adenylate cyclase type 9 isoform 1 [Miniopterus schreibersii]	9433
XP_036201018.1	XP_080989252	29.586	169	1097	1353	65	1.96e-13	81.3	adenylate cyclase type 9 isoform 1 [Miniopterus schreibersii]	9433
XP_036201018.1	XP_016066834	36.802	394	1097	1318	65	3.82e-53	209	PREDICTED: adenylate cyclase type 9 isoform X2 [Miniopterus natalensis]	291302
XP_036201018.1	XP_016066834	33.239	352	1097	1318	65	4.43e-49	196	PREDICTED: adenylate cyclase type 9 isoform X2 [Miniopterus natalensis]	291302
XP_036201018.1	XP_016066834	25.339	221	1097	1318	65	5.69e-14	82.8	PREDICTED: adenylate cyclase type 9 isoform X2 [Miniopterus natalensis]	291302
XP_036201018.1	XP_016066834	29.586	169	1097	1318	65	1.95e-13	81.3	PREDICTED: adenylate cyclase type 9 isoform X2 [Miniopterus natalensis]	291302
XP_036201018.1	XP_080537441	47.325	243	1097	1353	52	3.97e-53	209	adenylate cyclase type 9 isoform 1 [Plecotus auritus]	61862
XP_036201018.1	XP_080537441	33.239	352	1097	1353	52	2.38e-49	197	adenylate cyclase type 9 isoform 1 [Plecotus auritus]	61862
XP_036201018.1	XP_080537441	25.339	221	1097	1353	52	5.37e-14	82.8	adenylate cyclase type 9 isoform 1 [Plecotus auritus]	61862
XP_036201018.1	XP_080537441	29.586	169	1097	1353	52	1.87e-13	81.3	adenylate cyclase type 9 isoform 1 [Plecotus auritus]	61862
XP_036201018.1	XP_080537440	47.325	243	1097	1353	52	3.97e-53	209	adenylate cyclase type 9 isoform 1 [Plecotus auritus]	61862
XP_036201018.1	XP_080537440	33.239	352	1097	1353	52	2.38e-49	197	adenylate cyclase type 9 isoform 1 [Plecotus auritus]	61862
XP_036201018.1	XP_080537440	25.339	221	1097	1353	52	5.37e-14	82.8	adenylate cyclase type 9 isoform 1 [Plecotus auritus]	61862
XP_036201018.1	XP_080537440	29.586	169	1097	1353	52	1.87e-13	81.3	adenylate cyclase type 9 isoform 1 [Plecotus auritus]	61862
XP_036201018.1	XP_016066833	36.802	394	1097	1353	65	4.11e-53	209	PREDICTED: adenylate cyclase type 9 isoform X1 [Miniopterus natalensis]	291302
XP_036201018.1	XP_016066833	33.239	352	1097	1353	65	3.88e-49	196	PREDICTED: adenylate cyclase type 9 isoform X1 [Miniopterus natalensis]	291302
XP_036201018.1	XP_016066833	25.339	221	1097	1353	65	5.89e-14	82.8	PREDICTED: adenylate cyclase type 9 isoform X1 [Miniopterus natalensis]	291302
XP_036201018.1	XP_016066833	29.586	169	1097	1353	65	1.95e-13	81.3	PREDICTED: adenylate cyclase type 9 isoform X1 [Miniopterus natalensis]	291302
XP_036201018.1	XP_005873072	47.325	243	1097	1353	52	4.53e-53	209	PREDICTED: adenylate cyclase type 9, partial [Myotis brandtii]	109478
XP_036201018.1	XP_005873072	33.807	352	1097	1353	52	4.01e-50	199	PREDICTED: adenylate cyclase type 9, partial [Myotis brandtii]	109478
XP_036201018.1	XP_005873072	25.339	221	1097	1353	52	5.51e-14	82.8	PREDICTED: adenylate cyclase type 9, partial [Myotis brandtii]	109478
XP_036201018.1	XP_005873072	29.586	169	1097	1353	52	1.36e-13	81.6	PREDICTED: adenylate cyclase type 9, partial [Myotis brandtii]	109478
XP_036201018.1	XP_080944894	47.325	243	1097	1353	60	4.73e-53	209	adenylate cyclase type 9 [Myotis nattereri]	109481
XP_036201018.1	XP_080944894	30.667	450	1097	1353	60	3.09e-49	197	adenylate cyclase type 9 [Myotis nattereri]	109481
XP_036201018.1	XP_080944894	25.339	221	1097	1353	60	5.55e-14	82.8	adenylate cyclase type 9 [Myotis nattereri]	109481
XP_036201018.1	XP_080944894	29.586	169	1097	1353	60	1.87e-13	81.3	adenylate cyclase type 9 [Myotis nattereri]	109481
XP_036201018.1	XP_059548942	47.325	243	1097	1353	60	4.81e-53	209	adenylate cyclase type 9 isoform X1 [Myotis daubentonii]	98922
XP_036201018.1	XP_059548942	30.889	450	1097	1353	60	7.97e-50	199	adenylate cyclase type 9 isoform X1 [Myotis daubentonii]	98922
XP_036201018.1	XP_059548942	25.339	221	1097	1353	60	5.89e-14	82.8	adenylate cyclase type 9 isoform X1 [Myotis daubentonii]	98922
XP_036201018.1	XP_059548942	29.586	169	1097	1353	60	1.55e-13	81.6	adenylate cyclase type 9 isoform X1 [Myotis daubentonii]	98922
XP_036201018.1	XP_059548941	47.325	243	1097	1353	60	4.81e-53	209	adenylate cyclase type 9 isoform X1 [Myotis daubentonii]	98922
XP_036201018.1	XP_059548941	30.889	450	1097	1353	60	7.97e-50	199	adenylate cyclase type 9 isoform X1 [Myotis daubentonii]	98922
XP_036201018.1	XP_059548941	25.339	221	1097	1353	60	5.89e-14	82.8	adenylate cyclase type 9 isoform X1 [Myotis daubentonii]	98922
XP_036201018.1	XP_059548941	29.586	169	1097	1353	60	1.55e-13	81.6	adenylate cyclase type 9 isoform X1 [Myotis daubentonii]	98922
XP_036201018.1	XP_036166633	47.325	243	1097	1353	60	4.90e-53	209	adenylate cyclase type 9 isoform X1 [Myotis myotis]	51298
XP_036201018.1	XP_036166633	30.889	450	1097	1353	60	1.21e-49	198	adenylate cyclase type 9 isoform X1 [Myotis myotis]	51298
XP_036201018.1	XP_036166633	25.339	221	1097	1353	60	5.55e-14	82.8	adenylate cyclase type 9 isoform X1 [Myotis myotis]	51298
XP_036201018.1	XP_036166633	29.586	169	1097	1353	60	1.95e-13	81.3	adenylate cyclase type 9 isoform X1 [Myotis myotis]	51298
XP_036201018.1	XP_036166632	47.325	243	1097	1353	60	4.90e-53	209	adenylate cyclase type 9 isoform X1 [Myotis myotis]	51298
XP_036201018.1	XP_036166632	30.889	450	1097	1353	60	1.21e-49	198	adenylate cyclase type 9 isoform X1 [Myotis myotis]	51298
XP_036201018.1	XP_036166632	25.339	221	1097	1353	60	5.55e-14	82.8	adenylate cyclase type 9 isoform X1 [Myotis myotis]	51298
XP_036201018.1	XP_036166632	29.586	169	1097	1353	60	1.95e-13	81.3	adenylate cyclase type 9 isoform X1 [Myotis myotis]	51298
XP_036201018.1	XP_036166631	47.325	243	1097	1353	60	4.90e-53	209	adenylate cyclase type 9 isoform X1 [Myotis myotis]	51298
XP_036201018.1	XP_036166631	30.889	450	1097	1353	60	1.21e-49	198	adenylate cyclase type 9 isoform X1 [Myotis myotis]	51298
XP_036201018.1	XP_036166631	25.339	221	1097	1353	60	5.55e-14	82.8	adenylate cyclase type 9 isoform X1 [Myotis myotis]	51298
XP_036201018.1	XP_036166631	29.586	169	1097	1353	60	1.95e-13	81.3	adenylate cyclase type 9 isoform X1 [Myotis myotis]	51298
XP_036201018.1	XP_014312782	47.325	243	1097	1353	52	4.94e-53	209	adenylate cyclase type 9 isoform X1 [Myotis lucifugus]	59463
XP_036201018.1	XP_014312782	33.523	352	1097	1353	52	1.32e-49	198	adenylate cyclase type 9 isoform X1 [Myotis lucifugus]	59463
XP_036201018.1	XP_014312782	25.339	221	1097	1353	52	5.51e-14	82.8	adenylate cyclase type 9 isoform X1 [Myotis lucifugus]	59463
XP_036201018.1	XP_014312782	29.586	169	1097	1353	52	1.50e-13	81.6	adenylate cyclase type 9 isoform X1 [Myotis lucifugus]	59463
XP_036201018.1	XP_028001459	47.325	243	1097	1382	52	4.95e-53	209	adenylate cyclase type 9 isoform X1 [Eptesicus fuscus]	29078
XP_036201018.1	XP_028001459	33.239	352	1097	1382	52	3.09e-49	197	adenylate cyclase type 9 isoform X1 [Eptesicus fuscus]	29078
XP_036201018.1	XP_028001459	25.339	221	1097	1382	52	6.24e-14	82.8	adenylate cyclase type 9 isoform X1 [Eptesicus fuscus]	29078
XP_036201018.1	XP_028001459	29.586	169	1097	1382	52	1.77e-13	81.3	adenylate cyclase type 9 isoform X1 [Eptesicus fuscus]	29078
XP_036201018.1	XP_054570648	47.325	243	1097	1370	52	4.96e-53	209	adenylate cyclase type 9 isoform X2 [Eptesicus fuscus]	29078
XP_036201018.1	XP_054570648	33.239	352	1097	1370	52	2.99e-49	197	adenylate cyclase type 9 isoform X2 [Eptesicus fuscus]	29078
XP_036201018.1	XP_054570648	25.339	221	1097	1370	52	6.28e-14	82.8	adenylate cyclase type 9 isoform X2 [Eptesicus fuscus]	29078
XP_036201018.1	XP_054570648	29.586	169	1097	1370	52	1.72e-13	81.3	adenylate cyclase type 9 isoform X2 [Eptesicus fuscus]	29078
XP_036201018.1	XP_023611024	47.325	243	1097	1339	52	5.34e-53	209	adenylate cyclase type 9 isoform X2 [Myotis lucifugus]	59463
XP_036201018.1	XP_023611024	33.523	352	1097	1339	52	1.19e-49	198	adenylate cyclase type 9 isoform X2 [Myotis lucifugus]	59463
XP_036201018.1	XP_023611024	25.339	221	1097	1339	52	5.58e-14	82.8	adenylate cyclase type 9 isoform X2 [Myotis lucifugus]	59463
XP_036201018.1	XP_023611024	29.586	169	1097	1339	52	1.54e-13	81.6	adenylate cyclase type 9 isoform X2 [Myotis lucifugus]	59463
XP_036201018.1	XP_006757944	47.325	243	1097	1353	52	5.73e-53	209	PREDICTED: adenylate cyclase type 9 [Myotis davidii]	225400
XP_036201018.1	XP_006757944	33.523	352	1097	1353	52	1.41e-49	198	PREDICTED: adenylate cyclase type 9 [Myotis davidii]	225400
XP_036201018.1	XP_006757944	25.339	221	1097	1353	52	5.60e-14	82.8	PREDICTED: adenylate cyclase type 9 [Myotis davidii]	225400
XP_036201018.1	XP_006757944	29.586	169	1097	1353	52	1.47e-13	81.6	PREDICTED: adenylate cyclase type 9 [Myotis davidii]	225400
XP_036201018.1	XP_079642880	47.325	243	1097	1353	52	7.45e-53	208	adenylate cyclase type 9 isoform 2 [Cnephaeus nilssonii]	3371016
XP_036201018.1	XP_079642880	33.239	352	1097	1353	52	4.27e-49	196	adenylate cyclase type 9 isoform 2 [Cnephaeus nilssonii]	3371016
XP_036201018.1	XP_079642880	25.339	221	1097	1353	52	1.24e-13	81.6	adenylate cyclase type 9 isoform 2 [Cnephaeus nilssonii]	3371016
XP_036201018.1	XP_079642880	29.586	169	1097	1353	52	1.48e-13	81.6	adenylate cyclase type 9 isoform 2 [Cnephaeus nilssonii]	3371016
XP_036201018.1	XP_079642879	47.325	243	1097	1353	52	7.45e-53	208	adenylate cyclase type 9 isoform 2 [Cnephaeus nilssonii]	3371016
XP_036201018.1	XP_079642879	33.239	352	1097	1353	52	4.27e-49	196	adenylate cyclase type 9 isoform 2 [Cnephaeus nilssonii]	3371016
XP_036201018.1	XP_079642879	25.339	221	1097	1353	52	1.24e-13	81.6	adenylate cyclase type 9 isoform 2 [Cnephaeus nilssonii]	3371016
XP_036201018.1	XP_079642879	29.586	169	1097	1353	52	1.48e-13	81.6	adenylate cyclase type 9 isoform 2 [Cnephaeus nilssonii]	3371016
XP_036201018.1	XP_036266118	47.325	243	1097	1353	60	7.72e-53	208	adenylate cyclase type 9 isoform X1 [Pipistrellus kuhlii]	59472
XP_036201018.1	XP_036266118	33.239	352	1097	1353	60	6.47e-48	192	adenylate cyclase type 9 isoform X1 [Pipistrellus kuhlii]	59472
XP_036201018.1	XP_036266118	29.825	171	1097	1353	60	2.59e-14	84.0	adenylate cyclase type 9 isoform X1 [Pipistrellus kuhlii]	59472
XP_036201018.1	XP_036266118	23.380	355	1097	1353	60	4.61e-14	83.2	adenylate cyclase type 9 isoform X1 [Pipistrellus kuhlii]	59472
XP_036201018.1	XP_036266117	47.325	243	1097	1353	60	7.72e-53	208	adenylate cyclase type 9 isoform X1 [Pipistrellus kuhlii]	59472
XP_036201018.1	XP_036266117	33.239	352	1097	1353	60	6.47e-48	192	adenylate cyclase type 9 isoform X1 [Pipistrellus kuhlii]	59472
XP_036201018.1	XP_036266117	29.825	171	1097	1353	60	2.59e-14	84.0	adenylate cyclase type 9 isoform X1 [Pipistrellus kuhlii]	59472
XP_036201018.1	XP_036266117	23.380	355	1097	1353	60	4.61e-14	83.2	adenylate cyclase type 9 isoform X1 [Pipistrellus kuhlii]	59472
XP_036201018.1	XP_079642878	47.325	243	1097	1370	52	7.95e-53	208	adenylate cyclase type 9 isoform 1 [Cnephaeus nilssonii]	3371016
XP_036201018.1	XP_079642878	33.239	352	1097	1370	52	5.13e-49	196	adenylate cyclase type 9 isoform 1 [Cnephaeus nilssonii]	3371016
XP_036201018.1	XP_079642878	25.339	221	1097	1370	52	1.28e-13	81.6	adenylate cyclase type 9 isoform 1 [Cnephaeus nilssonii]	3371016
XP_036201018.1	XP_079642878	29.586	169	1097	1370	52	1.58e-13	81.3	adenylate cyclase type 9 isoform 1 [Cnephaeus nilssonii]	3371016
XP_036201018.1	XP_019571026	46.914	243	1097	1353	60	8.35e-53	208	adenylate cyclase type 9 [Rhinolophus sinicus]	89399
XP_036201018.1	XP_019571026	31.111	450	1097	1353	60	6.30e-50	199	adenylate cyclase type 9 [Rhinolophus sinicus]	89399
XP_036201018.1	XP_019571026	29.586	169	1097	1353	60	2.10e-13	80.9	adenylate cyclase type 9 [Rhinolophus sinicus]	89399
XP_036201018.1	XP_019571026	24.887	221	1097	1353	60	2.47e-13	80.9	adenylate cyclase type 9 [Rhinolophus sinicus]	89399
XP_036201018.1	XP_019571024	46.914	243	1097	1353	60	8.35e-53	208	adenylate cyclase type 9 [Rhinolophus sinicus]	89399
XP_036201018.1	XP_019571024	31.111	450	1097	1353	60	6.30e-50	199	adenylate cyclase type 9 [Rhinolophus sinicus]	89399
XP_036201018.1	XP_019571024	29.586	169	1097	1353	60	2.10e-13	80.9	adenylate cyclase type 9 [Rhinolophus sinicus]	89399
XP_036201018.1	XP_019571024	24.887	221	1097	1353	60	2.47e-13	80.9	adenylate cyclase type 9 [Rhinolophus sinicus]	89399
XP_036201018.1	XP_074178913	46.914	243	1097	1353	60	8.35e-53	208	adenylate cyclase type 9 [Rhinolophus sinicus]	89399
XP_036201018.1	XP_074178913	31.111	450	1097	1353	60	6.30e-50	199	adenylate cyclase type 9 [Rhinolophus sinicus]	89399
XP_036201018.1	XP_074178913	29.586	169	1097	1353	60	2.10e-13	80.9	adenylate cyclase type 9 [Rhinolophus sinicus]	89399
XP_036201018.1	XP_074178913	24.887	221	1097	1353	60	2.47e-13	80.9	adenylate cyclase type 9 [Rhinolophus sinicus]	89399
XP_036201018.1	XP_074178912	46.914	243	1097	1353	60	8.35e-53	208	adenylate cyclase type 9 [Rhinolophus sinicus]	89399
XP_036201018.1	XP_074178912	31.111	450	1097	1353	60	6.30e-50	199	adenylate cyclase type 9 [Rhinolophus sinicus]	89399
XP_036201018.1	XP_074178912	29.586	169	1097	1353	60	2.10e-13	80.9	adenylate cyclase type 9 [Rhinolophus sinicus]	89399
XP_036201018.1	XP_074178912	24.887	221	1097	1353	60	2.47e-13	80.9	adenylate cyclase type 9 [Rhinolophus sinicus]	89399
XP_036201018.1	XP_019571021	46.914	243	1097	1353	60	8.35e-53	208	adenylate cyclase type 9 [Rhinolophus sinicus]	89399
XP_036201018.1	XP_019571021	31.111	450	1097	1353	60	6.30e-50	199	adenylate cyclase type 9 [Rhinolophus sinicus]	89399
XP_036201018.1	XP_019571021	29.586	169	1097	1353	60	2.10e-13	80.9	adenylate cyclase type 9 [Rhinolophus sinicus]	89399
XP_036201018.1	XP_019571021	24.887	221	1097	1353	60	2.47e-13	80.9	adenylate cyclase type 9 [Rhinolophus sinicus]	89399
XP_036201018.1	XP_016022072	36.641	393	1097	1353	65	1.41e-52	207	adenylate cyclase type 9 [Rousettus aegyptiacus]	9407
XP_036201018.1	XP_016022072	33.239	352	1097	1353	65	1.08e-48	195	adenylate cyclase type 9 [Rousettus aegyptiacus]	9407
XP_036201018.1	XP_016022072	29.586	169	1097	1353	65	1.93e-13	81.3	adenylate cyclase type 9 [Rousettus aegyptiacus]	9407
XP_036201018.1	XP_016022072	24.887	221	1097	1353	65	2.67e-13	80.9	adenylate cyclase type 9 [Rousettus aegyptiacus]	9407
XP_036201018.1	XP_070269214	46.914	243	1097	1353	52	1.95e-52	207	adenylate cyclase type 9 [Myotis yumanensis]	159337
XP_036201018.1	XP_070269214	33.523	352	1097	1353	52	1.39e-49	198	adenylate cyclase type 9 [Myotis yumanensis]	159337
XP_036201018.1	XP_070269214	25.339	221	1097	1353	52	8.63e-14	82.4	adenylate cyclase type 9 [Myotis yumanensis]	159337
XP_036201018.1	XP_070269214	29.586	169	1097	1353	52	1.58e-13	81.3	adenylate cyclase type 9 [Myotis yumanensis]	159337
XP_036201018.1	XP_053784818	36.387	393	1097	1352	65	2.34e-52	206	adenylate cyclase type 9 isoform X2 [Desmodus rotundus]	9430
XP_036201018.1	XP_053784818	33.994	353	1097	1352	65	1.10e-49	198	adenylate cyclase type 9 isoform X2 [Desmodus rotundus]	9430
XP_036201018.1	XP_053784818	25.339	221	1097	1352	65	2.99e-14	84.0	adenylate cyclase type 9 isoform X2 [Desmodus rotundus]	9430
XP_036201018.1	XP_053784818	28.641	206	1097	1352	65	6.20e-14	82.8	adenylate cyclase type 9 isoform X2 [Desmodus rotundus]	9430
XP_036201018.1	XP_024409070	36.387	393	1097	1385	65	2.41e-52	207	adenylate cyclase type 9 isoform X1 [Desmodus rotundus]	9430
XP_036201018.1	XP_024409070	33.994	353	1097	1385	65	1.23e-49	198	adenylate cyclase type 9 isoform X1 [Desmodus rotundus]	9430
XP_036201018.1	XP_024409070	25.339	221	1097	1385	65	3.07e-14	84.0	adenylate cyclase type 9 isoform X1 [Desmodus rotundus]	9430
XP_036201018.1	XP_024409070	28.641	206	1097	1385	65	7.04e-14	82.4	adenylate cyclase type 9 isoform X1 [Desmodus rotundus]	9430
XP_036201018.1	XP_036885832	46.914	243	1097	1352	52	2.74e-52	206	adenylate cyclase type 9 [Sturnira hondurensis]	192404
XP_036201018.1	XP_036885832	33.994	353	1097	1352	52	7.17e-50	199	adenylate cyclase type 9 [Sturnira hondurensis]	192404
XP_036201018.1	XP_036885832	25.339	221	1097	1352	52	3.14e-14	83.6	adenylate cyclase type 9 [Sturnira hondurensis]	192404
XP_036201018.1	XP_036885832	28.641	206	1097	1352	52	7.34e-14	82.4	adenylate cyclase type 9 [Sturnira hondurensis]	192404
XP_036201018.1	XP_028377214	46.914	243	1097	791	41	3.31e-52	202	adenylate cyclase type 9-like, partial [Phyllostomus discolor]	89673
XP_036201018.1	XP_028377214	24.887	221	1097	791	41	8.58e-14	82.0	adenylate cyclase type 9-like, partial [Phyllostomus discolor]	89673
XP_036201018.1	XP_054445488	46.914	243	1097	1353	52	3.47e-52	206	adenylate cyclase type 9 [Pteronotus mesoamericanus]	1884717
XP_036201018.1	XP_054445488	33.239	352	1097	1353	52	5.94e-49	196	adenylate cyclase type 9 [Pteronotus mesoamericanus]	1884717
XP_036201018.1	XP_054445488	25.339	221	1097	1353	52	3.54e-14	83.6	adenylate cyclase type 9 [Pteronotus mesoamericanus]	1884717
XP_036201018.1	XP_054445488	29.586	169	1097	1353	52	2.08e-13	80.9	adenylate cyclase type 9 [Pteronotus mesoamericanus]	1884717
XP_036201018.1	XP_037010580	46.914	243	1097	1352	52	3.49e-52	206	adenylate cyclase type 9 [Artibeus jamaicensis]	9417
XP_036201018.1	XP_037010580	33.711	353	1097	1352	52	3.68e-49	196	adenylate cyclase type 9 [Artibeus jamaicensis]	9417
XP_036201018.1	XP_037010580	25.339	221	1097	1352	52	3.45e-14	83.6	adenylate cyclase type 9 [Artibeus jamaicensis]	9417
XP_036201018.1	XP_037010580	28.641	206	1097	1352	52	6.92e-14	82.4	adenylate cyclase type 9 [Artibeus jamaicensis]	9417
XP_036201018.1	XP_028379313	46.914	243	1097	1352	58	3.62e-52	206	adenylate cyclase type 9 [Phyllostomus discolor]	89673
XP_036201018.1	XP_028379313	32.558	430	1097	1352	58	2.02e-49	197	adenylate cyclase type 9 [Phyllostomus discolor]	89673
XP_036201018.1	XP_028379313	25.339	221	1097	1352	58	3.42e-14	83.6	adenylate cyclase type 9 [Phyllostomus discolor]	89673
XP_036201018.1	XP_028379313	29.586	169	1097	1352	58	1.90e-13	81.3	adenylate cyclase type 9 [Phyllostomus discolor]	89673
XP_036201018.1	XP_045676641	46.914	243	1097	1352	58	3.68e-52	206	adenylate cyclase type 9 [Phyllostomus hastatus]	9423
XP_036201018.1	XP_045676641	32.558	430	1097	1352	58	1.21e-49	198	adenylate cyclase type 9 [Phyllostomus hastatus]	9423
XP_036201018.1	XP_045676641	25.339	221	1097	1352	58	3.79e-14	83.6	adenylate cyclase type 9 [Phyllostomus hastatus]	9423
XP_036201018.1	XP_045676641	28.641	206	1097	1352	58	7.66e-14	82.4	adenylate cyclase type 9 [Phyllostomus hastatus]	9423
XP_036201018.1	XP_045676640	46.914	243	1097	1352	58	3.68e-52	206	adenylate cyclase type 9 [Phyllostomus hastatus]	9423
XP_036201018.1	XP_045676640	32.558	430	1097	1352	58	1.21e-49	198	adenylate cyclase type 9 [Phyllostomus hastatus]	9423
XP_036201018.1	XP_045676640	25.339	221	1097	1352	58	3.79e-14	83.6	adenylate cyclase type 9 [Phyllostomus hastatus]	9423
XP_036201018.1	XP_045676640	28.641	206	1097	1352	58	7.66e-14	82.4	adenylate cyclase type 9 [Phyllostomus hastatus]	9423
XP_036201018.1	XP_014386016	43.158	285	1097	735	34	4.37e-52	201	PREDICTED: adenylate cyclase type 1 [Myotis brandtii]	109478
XP_036201018.1	XP_014386016	55.385	130	1097	735	34	3.99e-34	146	PREDICTED: adenylate cyclase type 1 [Myotis brandtii]	109478
XP_036201018.1	XP_015423697	47.872	188	1097	1009	29	1.74e-41	171	PREDICTED: adenylate cyclase type 1 [Myotis davidii]	225400
XP_036201018.1	XP_015423697	66.216	74	1097	1009	29	9.02e-22	108	PREDICTED: adenylate cyclase type 1 [Myotis davidii]	225400
XP_036201018.1	XP_015423697	66.667	51	1097	1009	29	2.52e-11	73.9	PREDICTED: adenylate cyclase type 1 [Myotis davidii]	225400
XP_036201018.1	XP_006925360	77.320	97	1097	108	9	1.31e-36	139	adenylate cyclase type 7-like [Pteropus alecto]	9402
XP_036201018.1	XP_011385024	49.206	126	1097	121	11	3.72e-31	124	adenylate cyclase type 3-like [Pteropus vampyrus]	132908
XP_036201018.1	XP_066239712	30.112	269	1097	1158	47	1.03e-28	130	guanylate cyclase soluble subunit beta-2-like [Saccopteryx leptura]	249018
XP_036201018.1	XP_066239712	30.189	265	1097	1158	47	2.00e-24	116	guanylate cyclase soluble subunit beta-2-like [Saccopteryx leptura]	249018
XP_036201018.1	XP_066093624	31.628	215	1097	826	43	1.72e-27	126	guanylate cyclase soluble subunit beta-2-like [Saccopteryx bilineata]	59482
XP_036201018.1	XP_066093624	30.189	265	1097	826	43	8.70e-24	114	guanylate cyclase soluble subunit beta-2-like [Saccopteryx bilineata]	59482
XP_036201018.1	XP_039695338	31.628	215	1097	739	40	4.68e-27	124	guanylate cyclase soluble subunit beta-2-like [Pteropus medius]	143291
XP_036201018.1	XP_039695338	31.696	224	1097	739	40	1.77e-22	109	guanylate cyclase soluble subunit beta-2-like [Pteropus medius]	143291
XP_036201018.1	XP_066218540	34.091	264	1097	1065	42	5.90e-27	124	atrial natriuretic peptide receptor 1 isoform X1 [Saccopteryx leptura]	249018
XP_036201018.1	XP_066218540	30.476	210	1097	1065	42	6.70e-22	108	atrial natriuretic peptide receptor 1 isoform X1 [Saccopteryx leptura]	249018
XP_036201018.1	XP_059537185	31.163	215	1097	668	40	5.98e-27	123	guanylate cyclase soluble subunit beta-2-like [Myotis daubentonii]	98922
XP_036201018.1	XP_059537185	32.000	225	1097	668	40	5.10e-23	111	guanylate cyclase soluble subunit beta-2-like [Myotis daubentonii]	98922
XP_036201018.1	XP_066218541	34.091	264	1097	1064	42	6.21e-27	124	atrial natriuretic peptide receptor 1 isoform X2 [Saccopteryx leptura]	249018
XP_036201018.1	XP_066218541	30.476	210	1097	1064	42	6.64e-22	108	atrial natriuretic peptide receptor 1 isoform X2 [Saccopteryx leptura]	249018
XP_036201018.1	XP_015998555	31.628	215	1097	738	40	6.33e-27	124	guanylate cyclase soluble subunit beta-2 [Rousettus aegyptiacus]	9407
XP_036201018.1	XP_015998555	31.696	224	1097	738	40	2.19e-22	109	guanylate cyclase soluble subunit beta-2 [Rousettus aegyptiacus]	9407
XP_036201018.1	XP_080938938	31.628	215	1097	710	43	7.15e-27	123	guanylate cyclase soluble subunit beta-2-like [Myotis nattereri]	109481
XP_036201018.1	XP_080938938	30.075	266	1097	710	43	3.15e-23	112	guanylate cyclase soluble subunit beta-2-like [Myotis nattereri]	109481
XP_036201018.1	XP_070264830	31.628	215	1097	710	40	8.37e-27	123	guanylate cyclase soluble subunit beta-2-like [Myotis yumanensis]	159337
XP_036201018.1	XP_070264830	32.444	225	1097	710	40	3.04e-23	112	guanylate cyclase soluble subunit beta-2-like [Myotis yumanensis]	159337
XP_036201018.1	XP_037018342	33.591	259	1097	856	42	8.55e-27	124	atrial natriuretic peptide receptor 1 isoform X2 [Artibeus jamaicensis]	9417
XP_036201018.1	XP_037018342	30.660	212	1097	856	42	4.22e-22	108	atrial natriuretic peptide receptor 1 isoform X2 [Artibeus jamaicensis]	9417
XP_036201018.1	XP_035871487	33.591	259	1097	862	42	8.58e-27	124	atrial natriuretic peptide receptor 1 isoform X2 [Phyllostomus discolor]	89673
XP_036201018.1	XP_035871487	30.660	212	1097	862	42	4.01e-22	108	atrial natriuretic peptide receptor 1 isoform X2 [Phyllostomus discolor]	89673
XP_036201018.1	XP_036906619	33.591	259	1097	1058	42	8.91e-27	124	atrial natriuretic peptide receptor 1 [Sturnira hondurensis]	192404
XP_036201018.1	XP_036906619	30.660	212	1097	1058	42	4.62e-22	108	atrial natriuretic peptide receptor 1 [Sturnira hondurensis]	192404
XP_036201018.1	XP_037018341	33.591	259	1097	1058	42	9.07e-27	124	atrial natriuretic peptide receptor 1 isoform X1 [Artibeus jamaicensis]	9417
XP_036201018.1	XP_037018341	30.660	212	1097	1058	42	5.07e-22	108	atrial natriuretic peptide receptor 1 isoform X1 [Artibeus jamaicensis]	9417
XP_036201018.1	XP_028358549	33.591	259	1097	1058	42	9.55e-27	124	atrial natriuretic peptide receptor 1 isoform X1 [Phyllostomus discolor]	89673
XP_036201018.1	XP_028358549	30.660	212	1097	1058	42	4.70e-22	108	atrial natriuretic peptide receptor 1 isoform X1 [Phyllostomus discolor]	89673
XP_036201018.1	XP_014403773	31.628	215	1097	726	40	1.01e-26	123	PREDICTED: guanylate cyclase soluble subunit beta-2-like [Myotis brandtii]	109478
XP_036201018.1	XP_014403773	32.444	225	1097	726	40	3.19e-23	112	PREDICTED: guanylate cyclase soluble subunit beta-2-like [Myotis brandtii]	109478
XP_036201018.1	XP_066118164	33.588	262	1097	1064	42	1.05e-26	124	atrial natriuretic peptide receptor 1 isoform X2 [Saccopteryx bilineata]	59482
XP_036201018.1	XP_066118164	30.476	210	1097	1064	42	3.84e-22	109	atrial natriuretic peptide receptor 1 isoform X2 [Saccopteryx bilineata]	59482
XP_036201018.1	XP_023604890	31.163	215	1097	700	40	1.11e-26	122	guanylate cyclase soluble subunit beta-2-like [Myotis lucifugus]	59463
XP_036201018.1	XP_023604890	32.444	225	1097	700	40	2.46e-23	112	guanylate cyclase soluble subunit beta-2-like [Myotis lucifugus]	59463
XP_036201018.1	XP_045673017	33.591	259	1097	1058	42	1.13e-26	124	atrial natriuretic peptide receptor 1 [Phyllostomus hastatus]	9423
XP_036201018.1	XP_045673017	30.660	212	1097	1058	42	5.71e-22	108	atrial natriuretic peptide receptor 1 [Phyllostomus hastatus]	9423
XP_036201018.1	XP_066118163	33.588	262	1097	1065	42	1.15e-26	124	atrial natriuretic peptide receptor 1 isoform X1 [Saccopteryx bilineata]	59482
XP_036201018.1	XP_066118163	30.476	210	1097	1065	42	4.01e-22	109	atrial natriuretic peptide receptor 1 isoform X1 [Saccopteryx bilineata]	59482
XP_036201018.1	XP_054418827	32.819	259	1097	1059	42	1.18e-26	124	atrial natriuretic peptide receptor 1 [Pteronotus mesoamericanus]	1884717
XP_036201018.1	XP_054418827	30.660	212	1097	1059	42	4.39e-22	108	atrial natriuretic peptide receptor 1 [Pteronotus mesoamericanus]	1884717
XP_036201018.1	XP_054418826	32.819	259	1097	1059	42	1.18e-26	124	atrial natriuretic peptide receptor 1 [Pteronotus mesoamericanus]	1884717
XP_036201018.1	XP_054418826	30.660	212	1097	1059	42	4.39e-22	108	atrial natriuretic peptide receptor 1 [Pteronotus mesoamericanus]	1884717
XP_036201018.1	XP_036154813	31.628	215	1097	773	40	1.21e-26	123	guanylate cyclase soluble subunit beta-2-like [Myotis myotis]	51298
XP_036201018.1	XP_036154813	32.000	225	1097	773	40	7.64e-23	110	guanylate cyclase soluble subunit beta-2-like [Myotis myotis]	51298
XP_036201018.1	XP_024900554	31.628	215	1097	816	40	1.22e-26	123	LOW QUALITY PROTEIN: guanylate cyclase soluble subunit beta-2-like [Pteropus alecto]	9402
XP_036201018.1	XP_024900554	31.696	224	1097	816	40	4.18e-22	108	LOW QUALITY PROTEIN: guanylate cyclase soluble subunit beta-2-like [Pteropus alecto]	9402
XP_036201018.1	XP_036128581	33.977	259	1097	1056	42	1.30e-26	123	atrial natriuretic peptide receptor 1 [Molossus molossus]	27622
XP_036201018.1	XP_036128581	30.660	212	1097	1056	42	2.79e-22	109	atrial natriuretic peptide receptor 1 [Molossus molossus]	27622
XP_036201018.1	XP_016069313	29.740	269	1097	1129	47	1.61e-26	123	PREDICTED: guanylate cyclase soluble subunit beta-2-like [Miniopterus natalensis]	291302
XP_036201018.1	XP_016069313	30.651	261	1097	1129	47	1.20e-22	110	PREDICTED: guanylate cyclase soluble subunit beta-2-like [Miniopterus natalensis]	291302
XP_036201018.1	XP_015419269	31.163	215	1097	807	40	1.73e-26	122	PREDICTED: guanylate cyclase soluble subunit beta-2 [Myotis davidii]	225400
XP_036201018.1	XP_015419269	32.000	225	1097	807	40	7.23e-23	111	PREDICTED: guanylate cyclase soluble subunit beta-2 [Myotis davidii]	225400
XP_036201018.1	XP_054576253	30.698	215	1097	703	40	1.85e-26	122	guanylate cyclase soluble subunit beta-2-like [Eptesicus fuscus]	29078
XP_036201018.1	XP_054576253	31.696	224	1097	703	40	8.03e-23	110	guanylate cyclase soluble subunit beta-2-like [Eptesicus fuscus]	29078
XP_036201018.1	XP_080983865	31.163	215	1097	707	43	2.07e-26	122	guanylate cyclase soluble subunit beta-2-like [Miniopterus schreibersii]	9433
XP_036201018.1	XP_080983865	30.651	261	1097	707	43	9.09e-23	110	guanylate cyclase soluble subunit beta-2-like [Miniopterus schreibersii]	9433
XP_036201018.1	XP_008154002	33.205	259	1097	1059	42	2.56e-26	122	atrial natriuretic peptide receptor 1 [Eptesicus fuscus]	29078
XP_036201018.1	XP_008154002	30.189	212	1097	1059	42	5.73e-21	105	atrial natriuretic peptide receptor 1 [Eptesicus fuscus]	29078
XP_036201018.1	XP_080978492	33.969	262	1097	1059	42	2.56e-26	122	atrial natriuretic peptide receptor 1 [Miniopterus schreibersii]	9433
XP_036201018.1	XP_080978492	30.189	212	1097	1059	42	4.75e-21	105	atrial natriuretic peptide receptor 1 [Miniopterus schreibersii]	9433
XP_036201018.1	XP_079617202	33.205	259	1097	1059	42	2.62e-26	122	atrial natriuretic peptide receptor 1 [Cnephaeus nilssonii]	3371016
XP_036201018.1	XP_079617202	30.189	212	1097	1059	42	5.39e-21	105	atrial natriuretic peptide receptor 1 [Cnephaeus nilssonii]	3371016
XP_036201018.1	XP_019482956	33.977	259	1097	1060	42	2.65e-26	122	PREDICTED: atrial natriuretic peptide receptor 1 isoform X2 [Hipposideros armiger]	186990
XP_036201018.1	XP_019482956	30.660	212	1097	1060	42	3.46e-22	109	PREDICTED: atrial natriuretic peptide receptor 1 isoform X2 [Hipposideros armiger]	186990
XP_036201018.1	XP_019482955	33.977	259	1097	1059	42	2.69e-26	122	PREDICTED: atrial natriuretic peptide receptor 1 isoform X1 [Hipposideros armiger]	186990
XP_036201018.1	XP_019482955	30.660	212	1097	1059	42	3.31e-22	109	PREDICTED: atrial natriuretic peptide receptor 1 isoform X1 [Hipposideros armiger]	186990
XP_036201018.1	XP_015996831	33.591	259	1097	1056	42	2.78e-26	122	atrial natriuretic peptide receptor 1 [Rousettus aegyptiacus]	9407
XP_036201018.1	XP_015996831	30.189	212	1097	1056	42	3.40e-21	106	atrial natriuretic peptide receptor 1 [Rousettus aegyptiacus]	9407
XP_036201018.1	XP_023615076	34.351	262	1097	770	42	2.99e-26	122	atrial natriuretic peptide receptor 1 [Myotis lucifugus]	59463
XP_036201018.1	XP_023615076	30.189	212	1097	770	42	6.84e-21	104	atrial natriuretic peptide receptor 1 [Myotis lucifugus]	59463
XP_036201018.1	XP_080503632	33.969	262	1097	1059	42	3.11e-26	122	atrial natriuretic peptide receptor 1 [Plecotus auritus]	61862
XP_036201018.1	XP_080503632	30.189	212	1097	1059	42	6.56e-21	105	atrial natriuretic peptide receptor 1 [Plecotus auritus]	61862
XP_036201018.1	XP_070252032	33.205	259	1097	1059	42	3.39e-26	122	atrial natriuretic peptide receptor 1 [Myotis yumanensis]	159337
XP_036201018.1	XP_070252032	30.189	212	1097	1059	42	7.85e-21	105	atrial natriuretic peptide receptor 1 [Myotis yumanensis]	159337
XP_036201018.1	XP_036199798	33.205	259	1097	1059	42	3.76e-26	122	atrial natriuretic peptide receptor 1 isoform X1 [Myotis myotis]	51298
XP_036201018.1	XP_036199798	30.189	212	1097	1059	42	7.46e-21	105	atrial natriuretic peptide receptor 1 isoform X1 [Myotis myotis]	51298
XP_036201018.1	XP_059531350	33.205	259	1097	1059	42	3.82e-26	122	atrial natriuretic peptide receptor 1 isoform X1 [Myotis daubentonii]	98922
XP_036201018.1	XP_059531350	30.189	212	1097	1059	42	7.65e-21	105	atrial natriuretic peptide receptor 1 isoform X1 [Myotis daubentonii]	98922
XP_036201018.1	XP_080968469	33.205	259	1097	1059	42	3.89e-26	122	atrial natriuretic peptide receptor 1 [Myotis nattereri]	109481
XP_036201018.1	XP_080968469	30.189	212	1097	1059	42	8.77e-21	104	atrial natriuretic peptide receptor 1 [Myotis nattereri]	109481
XP_036201018.1	XP_053771782	32.819	259	1097	1059	42	3.96e-26	122	atrial natriuretic peptide receptor 1 isoform X1 [Desmodus rotundus]	9430
XP_036201018.1	XP_053771782	30.660	212	1097	1059	42	1.73e-21	107	atrial natriuretic peptide receptor 1 isoform X1 [Desmodus rotundus]	9430
XP_036201018.1	XP_005867762	33.591	259	1097	882	42	4.23e-26	121	PREDICTED: atrial natriuretic peptide receptor 1, partial [Myotis brandtii]	109478
XP_036201018.1	XP_005867762	30.189	212	1097	882	42	8.27e-21	104	PREDICTED: atrial natriuretic peptide receptor 1, partial [Myotis brandtii]	109478
XP_036201018.1	XP_053771783	32.819	259	1097	1058	42	4.23e-26	122	atrial natriuretic peptide receptor 1 isoform X2 [Desmodus rotundus]	9430
XP_036201018.1	XP_053771783	30.660	212	1097	1058	42	1.78e-21	107	atrial natriuretic peptide receptor 1 isoform X2 [Desmodus rotundus]	9430
XP_036201018.1	XP_045439333	33.588	262	1097	1067	42	5.06e-26	122	atrial natriuretic peptide receptor 1 isoform X1 [Pipistrellus kuhlii]	59472
XP_036201018.1	XP_045439333	30.189	212	1097	1067	42	6.77e-21	105	atrial natriuretic peptide receptor 1 isoform X1 [Pipistrellus kuhlii]	59472
XP_036201018.1	XP_036297591	33.588	262	1097	1067	42	5.06e-26	122	atrial natriuretic peptide receptor 1 isoform X1 [Pipistrellus kuhlii]	59472
XP_036201018.1	XP_036297591	30.189	212	1097	1067	42	6.77e-21	105	atrial natriuretic peptide receptor 1 isoform X1 [Pipistrellus kuhlii]	59472
XP_036201018.1	XP_080948366	30.882	204	1097	690	19	5.67e-26	120	guanylate cyclase soluble subunit alpha-1 isoform 1 [Myotis nattereri]	109481
XP_036201018.1	XP_080948365	30.882	204	1097	690	19	5.67e-26	120	guanylate cyclase soluble subunit alpha-1 isoform 1 [Myotis nattereri]	109481
XP_036201018.1	XP_080948364	30.882	204	1097	690	19	5.67e-26	120	guanylate cyclase soluble subunit alpha-1 isoform 1 [Myotis nattereri]	109481
XP_036201018.1	XP_014390697	30.882	204	1097	690	19	6.25e-26	120	PREDICTED: guanylate cyclase soluble subunit alpha-3 [Myotis brandtii]	109478
XP_036201018.1	XP_005860833	30.882	204	1097	690	19	6.25e-26	120	PREDICTED: guanylate cyclase soluble subunit alpha-3 [Myotis brandtii]	109478
XP_036201018.1	XP_005860831	30.882	204	1097	690	19	6.25e-26	120	PREDICTED: guanylate cyclase soluble subunit alpha-3 [Myotis brandtii]	109478
XP_036201018.1	XP_005860832	30.882	204	1097	690	19	6.25e-26	120	PREDICTED: guanylate cyclase soluble subunit alpha-3 [Myotis brandtii]	109478
XP_036201018.1	XP_005860830	30.882	204	1097	690	19	6.25e-26	120	PREDICTED: guanylate cyclase soluble subunit alpha-3 [Myotis brandtii]	109478
XP_036201018.1	XP_014312026	30.882	204	1097	690	19	6.30e-26	120	guanylate cyclase soluble subunit alpha-3 [Myotis lucifugus]	59463
XP_036201018.1	XP_006081933	30.882	204	1097	690	19	6.30e-26	120	guanylate cyclase soluble subunit alpha-3 [Myotis lucifugus]	59463
XP_036201018.1	XP_059553679	30.882	204	1097	690	19	6.41e-26	120	guanylate cyclase soluble subunit alpha-1 [Myotis daubentonii]	98922
XP_036201018.1	XP_059553678	30.882	204	1097	690	19	6.41e-26	120	guanylate cyclase soluble subunit alpha-1 [Myotis daubentonii]	98922
XP_036201018.1	XP_059553677	30.882	204	1097	690	19	6.41e-26	120	guanylate cyclase soluble subunit alpha-1 [Myotis daubentonii]	98922
XP_036201018.1	XP_054572925	30.882	204	1097	690	19	6.41e-26	120	guanylate cyclase soluble subunit alpha-1 isoform X1 [Eptesicus fuscus]	29078
XP_036201018.1	XP_006754337	30.882	204	1097	691	19	6.50e-26	120	PREDICTED: LOW QUALITY PROTEIN: guanylate cyclase soluble subunit alpha-3 [Myotis davidii]	225400
XP_036201018.1	XP_080993130	30.882	204	1097	689	19	6.73e-26	120	guanylate cyclase soluble subunit alpha-1 isoform 1 [Miniopterus schreibersii]	9433
XP_036201018.1	XP_080993129	30.882	204	1097	689	19	6.73e-26	120	guanylate cyclase soluble subunit alpha-1 isoform 1 [Miniopterus schreibersii]	9433
XP_036201018.1	XP_080993128	30.882	204	1097	689	19	6.73e-26	120	guanylate cyclase soluble subunit alpha-1 isoform 1 [Miniopterus schreibersii]	9433
XP_036201018.1	XP_080993127	30.882	204	1097	689	19	6.73e-26	120	guanylate cyclase soluble subunit alpha-1 isoform 1 [Miniopterus schreibersii]	9433
XP_036201018.1	XP_080993126	30.882	204	1097	689	19	6.73e-26	120	guanylate cyclase soluble subunit alpha-1 isoform 1 [Miniopterus schreibersii]	9433
XP_036201018.1	XP_079628172	30.882	204	1097	690	19	6.76e-26	120	guanylate cyclase soluble subunit alpha-1 isoform 1 [Cnephaeus nilssonii]	3371016
XP_036201018.1	XP_079628171	30.882	204	1097	690	19	6.76e-26	120	guanylate cyclase soluble subunit alpha-1 isoform 1 [Cnephaeus nilssonii]	3371016
XP_036201018.1	XP_079628170	30.882	204	1097	690	19	6.76e-26	120	guanylate cyclase soluble subunit alpha-1 isoform 1 [Cnephaeus nilssonii]	3371016
XP_036201018.1	XP_079628169	30.882	204	1097	690	19	6.76e-26	120	guanylate cyclase soluble subunit alpha-1 isoform 1 [Cnephaeus nilssonii]	3371016
XP_036201018.1	XP_070271525	30.882	204	1097	690	19	7.12e-26	120	guanylate cyclase soluble subunit alpha-1 [Myotis yumanensis]	159337
XP_036201018.1	XP_070271524	30.882	204	1097	690	19	7.12e-26	120	guanylate cyclase soluble subunit alpha-1 [Myotis yumanensis]	159337
XP_036201018.1	XP_070271523	30.882	204	1097	690	19	7.12e-26	120	guanylate cyclase soluble subunit alpha-1 [Myotis yumanensis]	159337
XP_036201018.1	XP_070271522	30.882	204	1097	690	19	7.12e-26	120	guanylate cyclase soluble subunit alpha-1 [Myotis yumanensis]	159337
XP_036201018.1	XP_054431917	30.882	204	1097	690	19	7.19e-26	120	guanylate cyclase soluble subunit alpha-1 [Pteronotus mesoamericanus]	1884717
XP_036201018.1	XP_016055797	30.882	204	1097	689	19	7.22e-26	120	PREDICTED: guanylate cyclase soluble subunit alpha-3 [Miniopterus natalensis]	291302
XP_036201018.1	XP_079635477	31.163	215	1097	751	43	7.81e-26	120	guanylate cyclase soluble subunit beta-2-like [Cnephaeus nilssonii]	3371016
XP_036201018.1	XP_079635477	29.811	265	1097	751	43	1.52e-22	110	guanylate cyclase soluble subunit beta-2-like [Cnephaeus nilssonii]	3371016
XP_036201018.1	XP_036280101	30.882	204	1097	694	19	8.40e-26	120	guanylate cyclase soluble subunit alpha-1 [Pipistrellus kuhlii]	59472
XP_036201018.1	XP_036280102	30.882	204	1097	694	19	8.40e-26	120	guanylate cyclase soluble subunit alpha-1 [Pipistrellus kuhlii]	59472
XP_036201018.1	XP_045432384	30.882	204	1097	694	19	8.40e-26	120	guanylate cyclase soluble subunit alpha-1 [Pipistrellus kuhlii]	59472
XP_036201018.1	XP_036280104	30.882	204	1097	694	19	8.40e-26	120	guanylate cyclase soluble subunit alpha-1 [Pipistrellus kuhlii]	59472
XP_036201018.1	XP_024896619	33.205	259	1097	950	42	8.54e-26	120	LOW QUALITY PROTEIN: atrial natriuretic peptide receptor 1 [Pteropus alecto]	9402
XP_036201018.1	XP_024896619	30.189	212	1097	950	42	1.55e-21	107	LOW QUALITY PROTEIN: atrial natriuretic peptide receptor 1 [Pteropus alecto]	9402
XP_036201018.1	XP_080530416	30.882	204	1097	690	19	8.56e-26	120	guanylate cyclase soluble subunit alpha-1 isoform 1 [Plecotus auritus]	61862
XP_036201018.1	XP_080530415	30.882	204	1097	690	19	8.56e-26	120	guanylate cyclase soluble subunit alpha-1 isoform 1 [Plecotus auritus]	61862
XP_036201018.1	XP_080530414	30.882	204	1097	690	19	8.56e-26	120	guanylate cyclase soluble subunit alpha-1 isoform 1 [Plecotus auritus]	61862
XP_036201018.1	XP_036170443	30.882	204	1097	690	19	8.87e-26	120	guanylate cyclase soluble subunit alpha-1 [Myotis myotis]	51298
XP_036201018.1	XP_036170442	30.882	204	1097	690	19	8.87e-26	120	guanylate cyclase soluble subunit alpha-1 [Myotis myotis]	51298
XP_036201018.1	XP_036170441	30.882	204	1097	690	19	8.87e-26	120	guanylate cyclase soluble subunit alpha-1 [Myotis myotis]	51298
XP_036201018.1	XP_036170440	30.882	204	1097	690	19	8.87e-26	120	guanylate cyclase soluble subunit alpha-1 [Myotis myotis]	51298
XP_036201018.1	XP_032990984	30.882	204	1097	690	19	9.76e-26	120	guanylate cyclase soluble subunit alpha-1 [Rhinolophus ferrumequinum]	59479
XP_036201018.1	XP_032990983	30.882	204	1097	690	19	9.76e-26	120	guanylate cyclase soluble subunit alpha-1 [Rhinolophus ferrumequinum]	59479
XP_036201018.1	XP_032990980	30.882	204	1097	690	19	9.76e-26	120	guanylate cyclase soluble subunit alpha-1 [Rhinolophus ferrumequinum]	59479
XP_036201018.1	XP_032990979	30.882	204	1097	690	19	9.76e-26	120	guanylate cyclase soluble subunit alpha-1 [Rhinolophus ferrumequinum]	59479
XP_036201018.1	XP_032990978	30.882	204	1097	690	19	9.76e-26	120	guanylate cyclase soluble subunit alpha-1 [Rhinolophus ferrumequinum]	59479
XP_036201018.1	XP_032990977	30.882	204	1097	690	19	9.76e-26	120	guanylate cyclase soluble subunit alpha-1 [Rhinolophus ferrumequinum]	59479
XP_036201018.1	XP_032990976	30.882	204	1097	690	19	9.76e-26	120	guanylate cyclase soluble subunit alpha-1 [Rhinolophus ferrumequinum]	59479
XP_036201018.1	XP_011379382	33.205	259	1097	838	42	1.09e-25	120	atrial natriuretic peptide receptor 1 [Pteropus vampyrus]	132908
XP_036201018.1	XP_011379382	30.189	212	1097	838	42	1.47e-21	107	atrial natriuretic peptide receptor 1 [Pteropus vampyrus]	132908
XP_036201018.1	XP_080933396	31.373	204	1097	690	19	1.14e-25	119	guanylate cyclase soluble subunit alpha-1 isoform 1 [Rhinolophus hipposideros]	77218
XP_036201018.1	XP_080933395	31.373	204	1097	690	19	1.14e-25	119	guanylate cyclase soluble subunit alpha-1 isoform 1 [Rhinolophus hipposideros]	77218
XP_036201018.1	XP_080933394	31.373	204	1097	690	19	1.14e-25	119	guanylate cyclase soluble subunit alpha-1 isoform 1 [Rhinolophus hipposideros]	77218
XP_036201018.1	XP_080933393	31.373	204	1097	690	19	1.14e-25	119	guanylate cyclase soluble subunit alpha-1 isoform 1 [Rhinolophus hipposideros]	77218
XP_036201018.1	XP_036914164	30.288	208	1097	690	19	1.25e-25	119	guanylate cyclase soluble subunit alpha-1 [Sturnira hondurensis]	192404
XP_036201018.1	XP_036914163	30.288	208	1097	690	19	1.25e-25	119	guanylate cyclase soluble subunit alpha-1 [Sturnira hondurensis]	192404
XP_036201018.1	XP_036914162	30.288	208	1097	690	19	1.25e-25	119	guanylate cyclase soluble subunit alpha-1 [Sturnira hondurensis]	192404
XP_036201018.1	XP_036914160	30.288	208	1097	690	19	1.25e-25	119	guanylate cyclase soluble subunit alpha-1 [Sturnira hondurensis]	192404
XP_036201018.1	XP_036914159	30.288	208	1097	690	19	1.25e-25	119	guanylate cyclase soluble subunit alpha-1 [Sturnira hondurensis]	192404
XP_036201018.1	XP_036914158	30.288	208	1097	690	19	1.25e-25	119	guanylate cyclase soluble subunit alpha-1 [Sturnira hondurensis]	192404
XP_036201018.1	XP_036914157	30.288	208	1097	690	19	1.25e-25	119	guanylate cyclase soluble subunit alpha-1 [Sturnira hondurensis]	192404
XP_036201018.1	XP_019588790	30.882	204	1097	690	19	1.30e-25	119	guanylate cyclase soluble subunit alpha-1 [Rhinolophus sinicus]	89399
XP_036201018.1	XP_074194512	30.882	204	1097	690	19	1.30e-25	119	guanylate cyclase soluble subunit alpha-1 [Rhinolophus sinicus]	89399
XP_036201018.1	XP_074194511	30.882	204	1097	690	19	1.30e-25	119	guanylate cyclase soluble subunit alpha-1 [Rhinolophus sinicus]	89399
XP_036201018.1	XP_074194510	30.882	204	1097	690	19	1.30e-25	119	guanylate cyclase soluble subunit alpha-1 [Rhinolophus sinicus]	89399
XP_036201018.1	XP_074194509	30.882	204	1097	690	19	1.30e-25	119	guanylate cyclase soluble subunit alpha-1 [Rhinolophus sinicus]	89399
XP_036201018.1	XP_019588788	30.882	204	1097	690	19	1.30e-25	119	guanylate cyclase soluble subunit alpha-1 [Rhinolophus sinicus]	89399
XP_036201018.1	XP_074194508	30.882	204	1097	690	19	1.30e-25	119	guanylate cyclase soluble subunit alpha-1 [Rhinolophus sinicus]	89399
XP_036201018.1	XP_074194507	30.882	204	1097	690	19	1.30e-25	119	guanylate cyclase soluble subunit alpha-1 [Rhinolophus sinicus]	89399
XP_036201018.1	XP_019588789	30.882	204	1097	690	19	1.30e-25	119	guanylate cyclase soluble subunit alpha-1 [Rhinolophus sinicus]	89399
XP_036201018.1	XP_074194506	30.882	204	1097	690	19	1.30e-25	119	guanylate cyclase soluble subunit alpha-1 [Rhinolophus sinicus]	89399
XP_036201018.1	XP_074194505	30.882	204	1097	690	19	1.30e-25	119	guanylate cyclase soluble subunit alpha-1 [Rhinolophus sinicus]	89399
XP_036201018.1	XP_019588786	30.882	204	1097	690	19	1.30e-25	119	guanylate cyclase soluble subunit alpha-1 [Rhinolophus sinicus]	89399
XP_036201018.1	XP_074194503	30.882	204	1097	690	19	1.30e-25	119	guanylate cyclase soluble subunit alpha-1 [Rhinolophus sinicus]	89399
XP_036201018.1	XP_019489412	30.882	204	1097	690	19	1.55e-25	119	PREDICTED: guanylate cyclase soluble subunit alpha-3 [Hipposideros armiger]	186990
XP_036201018.1	XP_019489410	30.882	204	1097	690	19	1.55e-25	119	PREDICTED: guanylate cyclase soluble subunit alpha-3 [Hipposideros armiger]	186990
XP_036201018.1	XP_019489409	30.882	204	1097	690	19	1.55e-25	119	PREDICTED: guanylate cyclase soluble subunit alpha-3 [Hipposideros armiger]	186990
XP_036201018.1	XP_019489408	30.882	204	1097	690	19	1.55e-25	119	PREDICTED: guanylate cyclase soluble subunit alpha-3 [Hipposideros armiger]	186990
XP_036201018.1	XP_039705821	33.205	259	1097	1061	42	1.63e-25	120	atrial natriuretic peptide receptor 1 [Pteropus medius]	143291
XP_036201018.1	XP_039705821	30.189	212	1097	1061	42	2.30e-21	106	atrial natriuretic peptide receptor 1 [Pteropus medius]	143291
XP_036201018.1	XP_036097110	30.882	204	1097	689	19	1.76e-25	119	guanylate cyclase soluble subunit alpha-1 [Molossus molossus]	27622
XP_036201018.1	XP_036097109	30.882	204	1097	689	19	1.76e-25	119	guanylate cyclase soluble subunit alpha-1 [Molossus molossus]	27622
XP_036201018.1	XP_036097108	30.882	204	1097	689	19	1.76e-25	119	guanylate cyclase soluble subunit alpha-1 [Molossus molossus]	27622
XP_036201018.1	XP_015994146	30.882	204	1097	690	19	1.82e-25	119	guanylate cyclase soluble subunit alpha-1 [Rousettus aegyptiacus]	9407
XP_036201018.1	XP_015994145	30.882	204	1097	690	19	1.82e-25	119	guanylate cyclase soluble subunit alpha-1 [Rousettus aegyptiacus]	9407
XP_036201018.1	XP_015994143	30.882	204	1097	690	19	1.82e-25	119	guanylate cyclase soluble subunit alpha-1 [Rousettus aegyptiacus]	9407
XP_036201018.1	XP_015994142	30.882	204	1097	690	19	1.82e-25	119	guanylate cyclase soluble subunit alpha-1 [Rousettus aegyptiacus]	9407
XP_036201018.1	XP_045687390	30.392	204	1097	690	19	2.16e-25	119	guanylate cyclase soluble subunit alpha-1 [Phyllostomus hastatus]	9423
XP_036201018.1	XP_045687389	30.392	204	1097	690	19	2.16e-25	119	guanylate cyclase soluble subunit alpha-1 [Phyllostomus hastatus]	9423
XP_036201018.1	XP_045687388	30.392	204	1097	690	19	2.16e-25	119	guanylate cyclase soluble subunit alpha-1 [Phyllostomus hastatus]	9423
XP_036201018.1	XP_045687386	30.392	204	1097	690	19	2.16e-25	119	guanylate cyclase soluble subunit alpha-1 [Phyllostomus hastatus]	9423
XP_036201018.1	XP_045687385	30.392	204	1097	690	19	2.16e-25	119	guanylate cyclase soluble subunit alpha-1 [Phyllostomus hastatus]	9423
XP_036201018.1	XP_045687384	30.392	204	1097	690	19	2.16e-25	119	guanylate cyclase soluble subunit alpha-1 [Phyllostomus hastatus]	9423
XP_036201018.1	XP_023379774	30.970	268	1097	1022	43	2.66e-25	119	atrial natriuretic peptide receptor 2 isoform X7 [Pteropus vampyrus]	132908
XP_036201018.1	XP_023379774	30.244	205	1097	1022	43	1.17e-21	107	atrial natriuretic peptide receptor 2 isoform X7 [Pteropus vampyrus]	132908
XP_036201018.1	XP_039731336	30.970	268	1097	1022	43	2.66e-25	119	atrial natriuretic peptide receptor 2 isoform X7 [Pteropus medius]	143291
XP_036201018.1	XP_039731336	30.244	205	1097	1022	43	1.17e-21	107	atrial natriuretic peptide receptor 2 isoform X7 [Pteropus medius]	143291
XP_036201018.1	XP_023379772	30.970	268	1097	1031	43	2.69e-25	119	atrial natriuretic peptide receptor 2 isoform X5 [Pteropus vampyrus]	132908
XP_036201018.1	XP_023379772	30.244	205	1097	1031	43	1.00e-21	107	atrial natriuretic peptide receptor 2 isoform X5 [Pteropus vampyrus]	132908
XP_036201018.1	XP_039731334	30.970	268	1097	1031	43	2.69e-25	119	atrial natriuretic peptide receptor 2 isoform X5 [Pteropus medius]	143291
XP_036201018.1	XP_039731334	30.244	205	1097	1031	43	1.00e-21	107	atrial natriuretic peptide receptor 2 isoform X5 [Pteropus medius]	143291
XP_036201018.1	XP_023379771	30.970	268	1097	1050	43	2.81e-25	119	atrial natriuretic peptide receptor 2 isoform X3 [Pteropus vampyrus]	132908
XP_036201018.1	XP_023379771	30.244	205	1097	1050	43	9.89e-22	107	atrial natriuretic peptide receptor 2 isoform X3 [Pteropus vampyrus]	132908
XP_036201018.1	XP_039731332	30.970	268	1097	1050	43	2.81e-25	119	atrial natriuretic peptide receptor 2 isoform X3 [Pteropus medius]	143291
XP_036201018.1	XP_039731332	30.244	205	1097	1050	43	9.89e-22	107	atrial natriuretic peptide receptor 2 isoform X3 [Pteropus medius]	143291
XP_036201018.1	XP_036095272	30.970	268	1097	977	43	2.81e-25	119	atrial natriuretic peptide receptor 2 isoform X5 [Rousettus aegyptiacus]	9407
XP_036201018.1	XP_036095272	30.244	205	1097	977	43	1.03e-21	107	atrial natriuretic peptide receptor 2 isoform X5 [Rousettus aegyptiacus]	9407
XP_036201018.1	XP_036981610	30.392	204	1097	690	19	2.84e-25	118	guanylate cyclase soluble subunit alpha-1 [Artibeus jamaicensis]	9417
XP_036201018.1	XP_036981609	30.392	204	1097	690	19	2.84e-25	118	guanylate cyclase soluble subunit alpha-1 [Artibeus jamaicensis]	9417
XP_036201018.1	XP_036981608	30.392	204	1097	690	19	2.84e-25	118	guanylate cyclase soluble subunit alpha-1 [Artibeus jamaicensis]	9417
XP_036201018.1	XP_053514385	30.392	204	1097	690	19	2.84e-25	118	guanylate cyclase soluble subunit alpha-1 [Artibeus jamaicensis]	9417
XP_036201018.1	XP_036981606	30.392	204	1097	690	19	2.84e-25	118	guanylate cyclase soluble subunit alpha-1 [Artibeus jamaicensis]	9417
XP_036201018.1	XP_036981604	30.392	204	1097	690	19	2.84e-25	118	guanylate cyclase soluble subunit alpha-1 [Artibeus jamaicensis]	9417
XP_036201018.1	XP_036981605	30.392	204	1097	690	19	2.84e-25	118	guanylate cyclase soluble subunit alpha-1 [Artibeus jamaicensis]	9417
XP_036201018.1	XP_036981603	30.392	204	1097	690	19	2.84e-25	118	guanylate cyclase soluble subunit alpha-1 [Artibeus jamaicensis]	9417
XP_036201018.1	XP_045058605	30.392	204	1097	690	19	2.91e-25	118	guanylate cyclase soluble subunit alpha-1 [Desmodus rotundus]	9430
XP_036201018.1	XP_045058604	30.392	204	1097	690	19	2.91e-25	118	guanylate cyclase soluble subunit alpha-1 [Desmodus rotundus]	9430
XP_036201018.1	XP_045058601	30.392	204	1097	690	19	2.91e-25	118	guanylate cyclase soluble subunit alpha-1 [Desmodus rotundus]	9430
XP_036201018.1	XP_024424739	30.392	204	1097	690	19	2.91e-25	118	guanylate cyclase soluble subunit alpha-1 [Desmodus rotundus]	9430
XP_036201018.1	XP_053767614	30.392	204	1097	690	19	2.91e-25	118	guanylate cyclase soluble subunit alpha-1 [Desmodus rotundus]	9430
XP_036201018.1	XP_045058602	30.392	204	1097	690	19	2.91e-25	118	guanylate cyclase soluble subunit alpha-1 [Desmodus rotundus]	9430
XP_036201018.1	XP_023379773	30.970	268	1097	1028	43	2.97e-25	119	atrial natriuretic peptide receptor 2 isoform X6 [Pteropus vampyrus]	132908
XP_036201018.1	XP_023379773	30.244	205	1097	1028	43	1.11e-21	107	atrial natriuretic peptide receptor 2 isoform X6 [Pteropus vampyrus]	132908
XP_036201018.1	XP_039731335	30.970	268	1097	1028	43	2.97e-25	119	atrial natriuretic peptide receptor 2 isoform X6 [Pteropus medius]	143291
XP_036201018.1	XP_039731335	30.244	205	1097	1028	43	1.11e-21	107	atrial natriuretic peptide receptor 2 isoform X6 [Pteropus medius]	143291
XP_036201018.1	XP_023379769	30.970	268	1097	1056	43	2.99e-25	119	atrial natriuretic peptide receptor 2 isoform X1 [Pteropus vampyrus]	132908
XP_036201018.1	XP_023379769	30.244	205	1097	1056	43	9.85e-22	107	atrial natriuretic peptide receptor 2 isoform X1 [Pteropus vampyrus]	132908
XP_036201018.1	XP_039731330	30.970	268	1097	1056	43	2.99e-25	119	atrial natriuretic peptide receptor 2 isoform X1 [Pteropus medius]	143291
XP_036201018.1	XP_039731330	30.244	205	1097	1056	43	9.85e-22	107	atrial natriuretic peptide receptor 2 isoform X1 [Pteropus medius]	143291
XP_036201018.1	XP_006916064	30.970	268	1097	1022	43	3.05e-25	119	LOW QUALITY PROTEIN: atrial natriuretic peptide receptor 2 [Pteropus alecto]	9402
XP_036201018.1	XP_006916064	30.244	205	1097	1022	43	9.19e-22	108	LOW QUALITY PROTEIN: atrial natriuretic peptide receptor 2 [Pteropus alecto]	9402
XP_036201018.1	XP_015985768	30.970	268	1097	1022	43	3.05e-25	119	atrial natriuretic peptide receptor 2 isoform X4 [Rousettus aegyptiacus]	9407
XP_036201018.1	XP_015985768	30.244	205	1097	1022	43	1.20e-21	107	atrial natriuretic peptide receptor 2 isoform X4 [Rousettus aegyptiacus]	9407
XP_036201018.1	XP_015985767	30.970	268	1097	1025	43	3.14e-25	119	atrial natriuretic peptide receptor 2 isoform X3 [Rousettus aegyptiacus]	9407
XP_036201018.1	XP_015985767	30.244	205	1097	1025	43	1.13e-21	107	atrial natriuretic peptide receptor 2 isoform X3 [Rousettus aegyptiacus]	9407
XP_036201018.1	XP_011379816	30.970	268	1097	1047	43	3.24e-25	119	atrial natriuretic peptide receptor 2 isoform X4 [Pteropus vampyrus]	132908
XP_036201018.1	XP_011379816	30.244	205	1097	1047	43	1.05e-21	107	atrial natriuretic peptide receptor 2 isoform X4 [Pteropus vampyrus]	132908
XP_036201018.1	XP_039731333	30.970	268	1097	1047	43	3.24e-25	119	atrial natriuretic peptide receptor 2 isoform X4 [Pteropus medius]	143291
XP_036201018.1	XP_039731333	30.244	205	1097	1047	43	1.05e-21	107	atrial natriuretic peptide receptor 2 isoform X4 [Pteropus medius]	143291
XP_036201018.1	XP_016076832	33.588	262	1097	1059	42	3.30e-25	119	PREDICTED: atrial natriuretic peptide receptor 1 [Miniopterus natalensis]	291302
XP_036201018.1	XP_016076832	30.189	212	1097	1059	42	3.74e-21	106	PREDICTED: atrial natriuretic peptide receptor 1 [Miniopterus natalensis]	291302
XP_036201018.1	XP_015985765	30.970	268	1097	1050	43	3.36e-25	119	atrial natriuretic peptide receptor 2 isoform X1 [Rousettus aegyptiacus]	9407
XP_036201018.1	XP_015985765	30.244	205	1097	1050	43	1.01e-21	107	atrial natriuretic peptide receptor 2 isoform X1 [Rousettus aegyptiacus]	9407
XP_036201018.1	XP_023379770	30.970	268	1097	1053	43	3.37e-25	119	atrial natriuretic peptide receptor 2 isoform X2 [Pteropus vampyrus]	132908
XP_036201018.1	XP_023379770	30.244	205	1097	1053	43	1.06e-21	107	atrial natriuretic peptide receptor 2 isoform X2 [Pteropus vampyrus]	132908
XP_036201018.1	XP_039731331	30.970	268	1097	1053	43	3.37e-25	119	atrial natriuretic peptide receptor 2 isoform X2 [Pteropus medius]	143291
XP_036201018.1	XP_039731331	30.244	205	1097	1053	43	1.06e-21	107	atrial natriuretic peptide receptor 2 isoform X2 [Pteropus medius]	143291
XP_036201018.1	XP_015985766	30.970	268	1097	1047	43	3.55e-25	119	atrial natriuretic peptide receptor 2 isoform X2 [Rousettus aegyptiacus]	9407
XP_036201018.1	XP_015985766	30.244	205	1097	1047	43	1.03e-21	107	atrial natriuretic peptide receptor 2 isoform X2 [Rousettus aegyptiacus]	9407
XP_036201018.1	XP_066135767	30.392	204	1097	690	19	5.01e-25	117	guanylate cyclase soluble subunit alpha-1 [Saccopteryx bilineata]	59482
XP_036201018.1	XP_066135757	30.392	204	1097	690	19	5.01e-25	117	guanylate cyclase soluble subunit alpha-1 [Saccopteryx bilineata]	59482
XP_036201018.1	XP_066135747	30.392	204	1097	690	19	5.01e-25	117	guanylate cyclase soluble subunit alpha-1 [Saccopteryx bilineata]	59482
XP_036201018.1	XP_066135738	30.392	204	1097	690	19	5.01e-25	117	guanylate cyclase soluble subunit alpha-1 [Saccopteryx bilineata]	59482
XP_036201018.1	XP_066135728	30.392	204	1097	690	19	5.01e-25	117	guanylate cyclase soluble subunit alpha-1 [Saccopteryx bilineata]	59482
XP_036201018.1	XP_080921764	30.970	268	1097	1022	43	5.01e-25	118	atrial natriuretic peptide receptor 2 isoform 4 [Rhinolophus hipposideros]	77218
XP_036201018.1	XP_080921764	30.244	205	1097	1022	43	1.06e-21	107	atrial natriuretic peptide receptor 2 isoform 4 [Rhinolophus hipposideros]	77218
XP_036201018.1	XP_080921763	30.970	268	1097	1025	43	5.07e-25	118	atrial natriuretic peptide receptor 2 isoform 3 [Rhinolophus hipposideros]	77218
XP_036201018.1	XP_080921763	30.244	205	1097	1025	43	1.09e-21	107	atrial natriuretic peptide receptor 2 isoform 3 [Rhinolophus hipposideros]	77218
XP_036201018.1	XP_080902771	30.189	212	1097	571	43	5.20e-25	116	LOW QUALITY PROTEIN: guanylate cyclase soluble subunit beta-2-like [Rhinolophus hipposideros]	77218
XP_036201018.1	XP_080902771	29.889	271	1097	571	43	3.40e-20	101	LOW QUALITY PROTEIN: guanylate cyclase soluble subunit beta-2-like [Rhinolophus hipposideros]	77218
XP_036201018.1	XP_066243764	30.392	204	1097	690	19	5.23e-25	117	guanylate cyclase soluble subunit alpha-1 [Saccopteryx leptura]	249018
XP_036201018.1	XP_066243755	30.392	204	1097	690	19	5.23e-25	117	guanylate cyclase soluble subunit alpha-1 [Saccopteryx leptura]	249018
XP_036201018.1	XP_066243746	30.392	204	1097	690	19	5.23e-25	117	guanylate cyclase soluble subunit alpha-1 [Saccopteryx leptura]	249018
XP_036201018.1	XP_066243736	30.392	204	1097	690	19	5.23e-25	117	guanylate cyclase soluble subunit alpha-1 [Saccopteryx leptura]	249018
XP_036201018.1	XP_066243728	30.392	204	1097	690	19	5.23e-25	117	guanylate cyclase soluble subunit alpha-1 [Saccopteryx leptura]	249018
XP_036201018.1	XP_028001901	30.970	268	1097	1016	43	5.25e-25	118	atrial natriuretic peptide receptor 2 isoform X3 [Eptesicus fuscus]	29078
XP_036201018.1	XP_028001901	30.244	205	1097	1016	43	1.03e-21	107	atrial natriuretic peptide receptor 2 isoform X3 [Eptesicus fuscus]	29078
XP_036201018.1	XP_028001899	30.970	268	1097	1044	43	5.67e-25	118	atrial natriuretic peptide receptor 2 isoform X1 [Eptesicus fuscus]	29078
XP_036201018.1	XP_028001899	30.244	205	1097	1044	43	9.36e-22	108	atrial natriuretic peptide receptor 2 isoform X1 [Eptesicus fuscus]	29078
XP_036201018.1	XP_080525841	30.970	268	1097	1016	43	5.71e-25	118	atrial natriuretic peptide receptor 2 isoform 2 [Plecotus auritus]	61862
XP_036201018.1	XP_080525841	30.244	205	1097	1016	43	1.09e-21	107	atrial natriuretic peptide receptor 2 isoform 2 [Plecotus auritus]	61862
XP_036201018.1	XP_080525840	30.970	268	1097	1041	43	5.85e-25	118	atrial natriuretic peptide receptor 2 isoform 1 [Plecotus auritus]	61862
XP_036201018.1	XP_080525840	30.244	205	1097	1041	43	1.03e-21	107	atrial natriuretic peptide receptor 2 isoform 1 [Plecotus auritus]	61862
XP_036201018.1	XP_059513292	30.970	268	1097	1016	43	5.86e-25	118	atrial natriuretic peptide receptor 2 isoform X4 [Myotis daubentonii]	98922
XP_036201018.1	XP_059513292	30.244	205	1097	1016	43	1.08e-21	107	atrial natriuretic peptide receptor 2 isoform X4 [Myotis daubentonii]	98922
XP_036201018.1	XP_080921762	30.970	268	1097	1047	43	5.89e-25	118	atrial natriuretic peptide receptor 2 isoform 2 [Rhinolophus hipposideros]	77218
XP_036201018.1	XP_080921762	30.244	205	1097	1047	43	1.06e-21	107	atrial natriuretic peptide receptor 2 isoform 2 [Rhinolophus hipposideros]	77218
XP_036201018.1	XP_008140140	30.970	268	1097	1041	43	5.91e-25	118	atrial natriuretic peptide receptor 2 isoform X2 [Eptesicus fuscus]	29078
XP_036201018.1	XP_008140140	30.244	205	1097	1041	43	9.66e-22	107	atrial natriuretic peptide receptor 2 isoform X2 [Eptesicus fuscus]	29078
XP_036201018.1	XP_080921761	30.970	268	1097	1050	43	5.95e-25	118	atrial natriuretic peptide receptor 2 isoform 1 [Rhinolophus hipposideros]	77218
XP_036201018.1	XP_080921761	30.244	205	1097	1050	43	1.08e-21	107	atrial natriuretic peptide receptor 2 isoform 1 [Rhinolophus hipposideros]	77218
XP_036201018.1	XP_059513291	30.970	268	1097	1019	43	6.03e-25	118	atrial natriuretic peptide receptor 2 isoform X3 [Myotis daubentonii]	98922
XP_036201018.1	XP_059513291	30.244	205	1097	1019	43	1.13e-21	107	atrial natriuretic peptide receptor 2 isoform X3 [Myotis daubentonii]	98922
XP_036201018.1	XP_014387011	30.970	268	1097	1019	43	6.09e-25	118	PREDICTED: atrial natriuretic peptide receptor 2 isoform X3 [Myotis brandtii]	109478
XP_036201018.1	XP_014387011	30.244	205	1097	1019	43	1.15e-21	107	PREDICTED: atrial natriuretic peptide receptor 2 isoform X3 [Myotis brandtii]	109478
XP_036201018.1	XP_080959688	30.970	268	1097	1016	43	6.17e-25	118	atrial natriuretic peptide receptor 2 isoform 2 [Myotis nattereri]	109481
XP_036201018.1	XP_080959688	30.244	205	1097	1016	43	1.14e-21	107	atrial natriuretic peptide receptor 2 isoform 2 [Myotis nattereri]	109481
XP_036201018.1	XP_045435973	30.970	268	1097	1021	43	6.31e-25	118	atrial natriuretic peptide receptor 2 isoform X4 [Pipistrellus kuhlii]	59472
XP_036201018.1	XP_045435973	30.732	205	1097	1021	43	4.88e-22	108	atrial natriuretic peptide receptor 2 isoform X4 [Pipistrellus kuhlii]	59472
XP_036201018.1	XP_045435972	30.970	268	1097	1041	43	6.43e-25	118	atrial natriuretic peptide receptor 2 isoform X3 [Pipistrellus kuhlii]	59472
XP_036201018.1	XP_045435972	30.732	205	1097	1041	43	4.33e-22	108	atrial natriuretic peptide receptor 2 isoform X3 [Pipistrellus kuhlii]	59472
XP_036201018.1	XP_006102767	30.970	268	1097	1016	43	6.44e-25	118	atrial natriuretic peptide receptor 2 isoform X4 [Myotis lucifugus]	59463
XP_036201018.1	XP_006102767	30.244	205	1097	1016	43	1.09e-21	107	atrial natriuretic peptide receptor 2 isoform X4 [Myotis lucifugus]	59463
XP_036201018.1	XP_032979307	30.970	268	1097	1022	43	6.48e-25	118	atrial natriuretic peptide receptor 2 isoform X4 [Rhinolophus ferrumequinum]	59479
XP_036201018.1	XP_032979307	30.244	205	1097	1022	43	1.15e-21	107	atrial natriuretic peptide receptor 2 isoform X4 [Rhinolophus ferrumequinum]	59479
XP_036201018.1	XP_019584629	30.970	268	1097	1022	43	6.48e-25	118	atrial natriuretic peptide receptor 2 isoform X4 [Rhinolophus sinicus]	89399
XP_036201018.1	XP_019584629	30.244	205	1097	1022	43	1.15e-21	107	atrial natriuretic peptide receptor 2 isoform X4 [Rhinolophus sinicus]	89399
XP_036201018.1	XP_005884028	30.970	268	1097	1016	43	6.50e-25	118	PREDICTED: atrial natriuretic peptide receptor 2 isoform X4 [Myotis brandtii]	109478
XP_036201018.1	XP_005884028	30.244	205	1097	1016	43	1.18e-21	107	PREDICTED: atrial natriuretic peptide receptor 2 isoform X4 [Myotis brandtii]	109478
XP_036201018.1	XP_014323542	30.970	268	1097	1019	43	6.52e-25	118	atrial natriuretic peptide receptor 2 isoform X3 [Myotis lucifugus]	59463
XP_036201018.1	XP_014323542	30.244	205	1097	1019	43	1.14e-21	107	atrial natriuretic peptide receptor 2 isoform X3 [Myotis lucifugus]	59463
XP_036201018.1	XP_036186315	30.970	268	1097	1016	43	6.55e-25	118	atrial natriuretic peptide receptor 2 isoform X11 [Myotis myotis]	51298
XP_036201018.1	XP_036186315	30.244	205	1097	1016	43	1.18e-21	107	atrial natriuretic peptide receptor 2 isoform X11 [Myotis myotis]	51298
XP_036201018.1	XP_036289250	30.970	268	1097	1018	43	6.57e-25	118	atrial natriuretic peptide receptor 2 isoform X5 [Pipistrellus kuhlii]	59472
XP_036201018.1	XP_036289250	30.732	205	1097	1018	43	4.67e-22	108	atrial natriuretic peptide receptor 2 isoform X5 [Pipistrellus kuhlii]	59472
XP_036201018.1	XP_019518858	30.970	268	1097	1022	43	6.59e-25	118	PREDICTED: atrial natriuretic peptide receptor 2 isoform X8 [Hipposideros armiger]	186990
XP_036201018.1	XP_019518858	30.244	205	1097	1022	43	1.17e-21	107	PREDICTED: atrial natriuretic peptide receptor 2 isoform X8 [Hipposideros armiger]	186990
XP_036201018.1	XP_080959687	30.970	268	1097	1041	43	6.66e-25	118	atrial natriuretic peptide receptor 2 isoform 1 [Myotis nattereri]	109481
XP_036201018.1	XP_080959687	30.244	205	1097	1041	43	1.05e-21	107	atrial natriuretic peptide receptor 2 isoform 1 [Myotis nattereri]	109481
XP_036201018.1	XP_079646775	30.970	268	1097	1016	43	6.67e-25	118	atrial natriuretic peptide receptor 2 isoform 3 [Cnephaeus nilssonii]	3371016
XP_036201018.1	XP_079646775	30.244	205	1097	1016	43	1.11e-21	107	atrial natriuretic peptide receptor 2 isoform 3 [Cnephaeus nilssonii]	3371016
XP_036201018.1	XP_032979306	30.970	268	1097	1025	43	6.67e-25	118	atrial natriuretic peptide receptor 2 isoform X3 [Rhinolophus ferrumequinum]	59479
XP_036201018.1	XP_032979306	30.244	205	1097	1025	43	1.22e-21	107	atrial natriuretic peptide receptor 2 isoform X3 [Rhinolophus ferrumequinum]	59479
XP_036201018.1	XP_074186792	30.970	268	1097	1025	43	6.67e-25	118	atrial natriuretic peptide receptor 2 isoform X3 [Rhinolophus sinicus]	89399
XP_036201018.1	XP_074186792	30.244	205	1097	1025	43	1.22e-21	107	atrial natriuretic peptide receptor 2 isoform X3 [Rhinolophus sinicus]	89399
XP_036201018.1	XP_036186310	30.970	268	1097	1044	43	6.73e-25	118	atrial natriuretic peptide receptor 2 isoform X6 [Myotis myotis]	51298
XP_036201018.1	XP_036186310	30.244	205	1097	1044	43	1.17e-21	107	atrial natriuretic peptide receptor 2 isoform X6 [Myotis myotis]	51298
XP_036201018.1	XP_014323540	30.970	268	1097	1044	43	6.85e-25	118	atrial natriuretic peptide receptor 2 isoform X1 [Myotis lucifugus]	59463
XP_036201018.1	XP_014323540	30.244	205	1097	1044	43	1.14e-21	107	atrial natriuretic peptide receptor 2 isoform X1 [Myotis lucifugus]	59463
XP_036201018.1	XP_059513289	30.970	268	1097	1044	43	6.97e-25	118	atrial natriuretic peptide receptor 2 isoform X1 [Myotis daubentonii]	98922
XP_036201018.1	XP_059513289	30.244	205	1097	1044	43	1.10e-21	107	atrial natriuretic peptide receptor 2 isoform X1 [Myotis daubentonii]	98922
XP_036201018.1	XP_045696649	31.660	259	1097	1026	42	6.97e-25	118	atrial natriuretic peptide receptor 2 isoform X2 [Phyllostomus hastatus]	9423
XP_036201018.1	XP_045696649	30.244	205	1097	1026	42	1.24e-21	107	atrial natriuretic peptide receptor 2 isoform X2 [Phyllostomus hastatus]	9423
XP_036201018.1	XP_070287329	30.970	268	1097	1016	43	7.02e-25	118	atrial natriuretic peptide receptor 2 isoform X3 [Myotis yumanensis]	159337
XP_036201018.1	XP_070287329	30.244	205	1097	1016	43	1.18e-21	107	atrial natriuretic peptide receptor 2 isoform X3 [Myotis yumanensis]	159337
XP_036201018.1	XP_070287327	30.970	268	1097	1044	43	7.03e-25	118	atrial natriuretic peptide receptor 2 isoform X1 [Myotis yumanensis]	159337
XP_036201018.1	XP_070287327	30.244	205	1097	1044	43	1.17e-21	107	atrial natriuretic peptide receptor 2 isoform X1 [Myotis yumanensis]	159337
XP_036201018.1	XP_036186311	30.970	268	1097	1041	43	7.19e-25	118	atrial natriuretic peptide receptor 2 isoform X7 [Myotis myotis]	51298
XP_036201018.1	XP_036186311	30.244	205	1097	1041	43	1.13e-21	107	atrial natriuretic peptide receptor 2 isoform X7 [Myotis myotis]	51298
XP_036201018.1	XP_059513290	30.970	268	1097	1041	43	7.31e-25	118	atrial natriuretic peptide receptor 2 isoform X2 [Myotis daubentonii]	98922
XP_036201018.1	XP_059513290	30.244	205	1097	1041	43	1.13e-21	107	atrial natriuretic peptide receptor 2 isoform X2 [Myotis daubentonii]	98922
XP_036201018.1	XP_081008538	30.970	268	1097	1019	43	7.41e-25	118	atrial natriuretic peptide receptor 2 isoform 3 [Miniopterus schreibersii]	9433
XP_036201018.1	XP_081008538	30.244	205	1097	1019	43	1.25e-21	107	atrial natriuretic peptide receptor 2 isoform 3 [Miniopterus schreibersii]	9433
XP_036201018.1	XP_006102766	30.970	268	1097	1041	43	7.44e-25	118	atrial natriuretic peptide receptor 2 isoform X2 [Myotis lucifugus]	59463
XP_036201018.1	XP_006102766	30.244	205	1097	1041	43	1.16e-21	107	atrial natriuretic peptide receptor 2 isoform X2 [Myotis lucifugus]	59463
XP_036201018.1	XP_081008539	30.970	268	1097	1016	43	7.45e-25	118	atrial natriuretic peptide receptor 2 isoform 4 [Miniopterus schreibersii]	9433
XP_036201018.1	XP_081008539	30.244	205	1097	1016	43	1.22e-21	107	atrial natriuretic peptide receptor 2 isoform 4 [Miniopterus schreibersii]	9433
XP_036201018.1	XP_032979304	30.970	268	1097	1050	43	7.50e-25	118	atrial natriuretic peptide receptor 2 isoform X1 [Rhinolophus ferrumequinum]	59479
XP_036201018.1	XP_032979304	30.244	205	1097	1050	43	1.19e-21	107	atrial natriuretic peptide receptor 2 isoform X1 [Rhinolophus ferrumequinum]	59479
XP_036201018.1	XP_074186791	30.970	268	1097	1050	43	7.50e-25	118	atrial natriuretic peptide receptor 2 isoform X1 [Rhinolophus sinicus]	89399
XP_036201018.1	XP_074186791	30.244	205	1097	1050	43	1.19e-21	107	atrial natriuretic peptide receptor 2 isoform X1 [Rhinolophus sinicus]	89399
XP_036201018.1	XP_036289248	30.970	268	1097	1046	43	7.67e-25	118	atrial natriuretic peptide receptor 2 isoform X1 [Pipistrellus kuhlii]	59472
XP_036201018.1	XP_036289248	30.732	205	1097	1046	43	5.16e-22	108	atrial natriuretic peptide receptor 2 isoform X1 [Pipistrellus kuhlii]	59472
XP_036201018.1	XP_019518856	30.970	268	1097	1047	43	7.67e-25	118	PREDICTED: atrial natriuretic peptide receptor 2 isoform X6 [Hipposideros armiger]	186990
XP_036201018.1	XP_019518856	30.244	205	1097	1047	43	1.14e-21	107	PREDICTED: atrial natriuretic peptide receptor 2 isoform X6 [Hipposideros armiger]	186990
XP_036201018.1	XP_019518855	30.970	268	1097	1050	43	7.76e-25	118	PREDICTED: atrial natriuretic peptide receptor 2 isoform X5 [Hipposideros armiger]	186990
XP_036201018.1	XP_019518855	30.244	205	1097	1050	43	1.21e-21	107	PREDICTED: atrial natriuretic peptide receptor 2 isoform X5 [Hipposideros armiger]	186990
XP_036201018.1	XP_070287328	30.970	268	1097	1041	43	7.83e-25	117	atrial natriuretic peptide receptor 2 isoform X2 [Myotis yumanensis]	159337
XP_036201018.1	XP_070287328	30.244	205	1097	1041	43	1.17e-21	107	atrial natriuretic peptide receptor 2 isoform X2 [Myotis yumanensis]	159337
XP_036201018.1	XP_032979305	30.970	268	1097	1047	43	7.94e-25	117	atrial natriuretic peptide receptor 2 isoform X2 [Rhinolophus ferrumequinum]	59479
XP_036201018.1	XP_032979305	30.244	205	1097	1047	43	1.21e-21	107	atrial natriuretic peptide receptor 2 isoform X2 [Rhinolophus ferrumequinum]	59479
XP_036201018.1	XP_019584628	30.970	268	1097	1047	43	7.94e-25	117	atrial natriuretic peptide receptor 2 isoform X2 [Rhinolophus sinicus]	89399
XP_036201018.1	XP_019584628	30.244	205	1097	1047	43	1.21e-21	107	atrial natriuretic peptide receptor 2 isoform X2 [Rhinolophus sinicus]	89399
XP_036201018.1	XP_079646774	30.970	268	1097	1041	43	7.97e-25	117	atrial natriuretic peptide receptor 2 isoform 2 [Cnephaeus nilssonii]	3371016
XP_036201018.1	XP_079646774	30.244	205	1097	1041	43	1.19e-21	107	atrial natriuretic peptide receptor 2 isoform 2 [Cnephaeus nilssonii]	3371016
XP_036201018.1	XP_014387010	30.970	268	1097	1044	43	7.99e-25	117	PREDICTED: atrial natriuretic peptide receptor 2 isoform X1 [Myotis brandtii]	109478
XP_036201018.1	XP_014387010	30.244	205	1097	1044	43	1.25e-21	107	PREDICTED: atrial natriuretic peptide receptor 2 isoform X1 [Myotis brandtii]	109478
XP_036201018.1	XP_006758683	30.970	268	1097	1031	43	8.10e-25	117	PREDICTED: atrial natriuretic peptide receptor 2 [Myotis davidii]	225400
XP_036201018.1	XP_006758683	30.244	205	1097	1031	43	1.17e-21	107	PREDICTED: atrial natriuretic peptide receptor 2 [Myotis davidii]	225400
XP_036201018.1	XP_014387012	30.970	268	1097	1006	43	8.17e-25	117	PREDICTED: atrial natriuretic peptide receptor 2 isoform X5 [Myotis brandtii]	109478
XP_036201018.1	XP_014387012	30.244	205	1097	1006	43	1.19e-21	107	PREDICTED: atrial natriuretic peptide receptor 2 isoform X5 [Myotis brandtii]	109478
XP_036201018.1	XP_066223785	30.970	268	1097	1022	43	8.23e-25	117	atrial natriuretic peptide receptor 2 isoform X2 [Saccopteryx leptura]	249018
XP_036201018.1	XP_066223785	30.244	205	1097	1022	43	1.37e-21	107	atrial natriuretic peptide receptor 2 isoform X2 [Saccopteryx leptura]	249018
XP_036201018.1	XP_036289249	30.970	268	1097	1043	43	8.26e-25	117	atrial natriuretic peptide receptor 2 isoform X2 [Pipistrellus kuhlii]	59472
XP_036201018.1	XP_036289249	30.732	205	1097	1043	43	5.10e-22	108	atrial natriuretic peptide receptor 2 isoform X2 [Pipistrellus kuhlii]	59472
XP_036201018.1	XP_079646773	30.970	268	1097	1044	43	8.41e-25	117	atrial natriuretic peptide receptor 2 isoform 1 [Cnephaeus nilssonii]	3371016
XP_036201018.1	XP_079646773	30.244	205	1097	1044	43	1.19e-21	107	atrial natriuretic peptide receptor 2 isoform 1 [Cnephaeus nilssonii]	3371016
XP_036201018.1	XP_054440644	30.970	268	1097	1022	43	8.52e-25	117	atrial natriuretic peptide receptor 2 isoform X3 [Pteronotus mesoamericanus]	1884717
XP_036201018.1	XP_054440644	30.244	205	1097	1022	43	1.24e-21	107	atrial natriuretic peptide receptor 2 isoform X3 [Pteronotus mesoamericanus]	1884717
XP_036201018.1	XP_045051082	30.970	268	1097	1050	43	8.60e-25	117	atrial natriuretic peptide receptor 2 isoform X1 [Desmodus rotundus]	9430
XP_036201018.1	XP_045051082	30.244	205	1097	1050	43	1.25e-21	107	atrial natriuretic peptide receptor 2 isoform X1 [Desmodus rotundus]	9430
XP_036201018.1	XP_066112884	30.970	268	1097	1022	43	8.67e-25	117	atrial natriuretic peptide receptor 2 isoform X2 [Saccopteryx bilineata]	59482
XP_036201018.1	XP_066112884	30.244	205	1097	1022	43	1.39e-21	107	atrial natriuretic peptide receptor 2 isoform X2 [Saccopteryx bilineata]	59482
XP_036201018.1	XP_045696648	31.660	259	1097	1051	42	8.76e-25	117	atrial natriuretic peptide receptor 2 isoform X1 [Phyllostomus hastatus]	9423
XP_036201018.1	XP_045696648	30.244	205	1097	1051	42	1.36e-21	107	atrial natriuretic peptide receptor 2 isoform X1 [Phyllostomus hastatus]	9423
XP_036201018.1	XP_005884027	30.970	268	1097	1041	43	8.83e-25	117	PREDICTED: atrial natriuretic peptide receptor 2 isoform X2 [Myotis brandtii]	109478
XP_036201018.1	XP_005884027	30.244	205	1097	1041	43	1.25e-21	107	PREDICTED: atrial natriuretic peptide receptor 2 isoform X2 [Myotis brandtii]	109478
XP_036201018.1	XP_016078381	30.970	268	1097	1044	43	8.93e-25	117	PREDICTED: atrial natriuretic peptide receptor 2 isoform X1 [Miniopterus natalensis]	291302
XP_036201018.1	XP_016078381	30.244	205	1097	1044	43	1.26e-21	107	PREDICTED: atrial natriuretic peptide receptor 2 isoform X1 [Miniopterus natalensis]	291302
XP_036201018.1	XP_081008536	30.970	268	1097	1044	43	8.93e-25	117	atrial natriuretic peptide receptor 2 isoform 1 [Miniopterus schreibersii]	9433
XP_036201018.1	XP_081008536	30.244	205	1097	1044	43	1.26e-21	107	atrial natriuretic peptide receptor 2 isoform 1 [Miniopterus schreibersii]	9433
XP_036201018.1	XP_024415956	30.970	268	1097	1047	43	8.95e-25	117	atrial natriuretic peptide receptor 2 isoform X2 [Desmodus rotundus]	9430
XP_036201018.1	XP_024415956	30.244	205	1097	1047	43	1.33e-21	107	atrial natriuretic peptide receptor 2 isoform X2 [Desmodus rotundus]	9430
XP_036201018.1	XP_015448776	30.392	204	1097	690	19	8.98e-25	117	guanylate cyclase soluble subunit alpha-1 isoform X1 [Pteropus alecto]	9402
XP_036201018.1	XP_024906105	30.392	204	1097	690	19	8.98e-25	117	guanylate cyclase soluble subunit alpha-1 isoform X1 [Pteropus alecto]	9402
XP_036201018.1	XP_015448775	30.392	204	1097	690	19	8.98e-25	117	guanylate cyclase soluble subunit alpha-1 isoform X1 [Pteropus alecto]	9402
XP_036201018.1	XP_006917049	30.392	204	1097	690	19	8.98e-25	117	guanylate cyclase soluble subunit alpha-1 isoform X1 [Pteropus alecto]	9402
XP_036201018.1	XP_015448774	30.392	204	1097	690	19	8.98e-25	117	guanylate cyclase soluble subunit alpha-1 isoform X1 [Pteropus alecto]	9402
XP_036201018.1	XP_015448773	30.392	204	1097	690	19	8.98e-25	117	guanylate cyclase soluble subunit alpha-1 isoform X1 [Pteropus alecto]	9402
XP_036201018.1	XP_015448772	30.392	204	1097	690	19	8.98e-25	117	guanylate cyclase soluble subunit alpha-1 isoform X1 [Pteropus alecto]	9402
XP_036201018.1	XP_015448770	30.392	204	1097	690	19	8.98e-25	117	guanylate cyclase soluble subunit alpha-1 isoform X1 [Pteropus alecto]	9402
XP_036201018.1	XP_023386530	30.392	204	1097	690	19	8.98e-25	117	guanylate cyclase soluble subunit alpha-3 isoform X1 [Pteropus vampyrus]	132908
XP_036201018.1	XP_023386529	30.392	204	1097	690	19	8.98e-25	117	guanylate cyclase soluble subunit alpha-3 isoform X1 [Pteropus vampyrus]	132908
XP_036201018.1	XP_023386528	30.392	204	1097	690	19	8.98e-25	117	guanylate cyclase soluble subunit alpha-3 isoform X1 [Pteropus vampyrus]	132908
XP_036201018.1	XP_011358627	30.392	204	1097	690	19	8.98e-25	117	guanylate cyclase soluble subunit alpha-3 isoform X1 [Pteropus vampyrus]	132908
XP_036201018.1	XP_011358628	30.392	204	1097	690	19	8.98e-25	117	guanylate cyclase soluble subunit alpha-3 isoform X1 [Pteropus vampyrus]	132908
XP_036201018.1	XP_023386527	30.392	204	1097	690	19	8.98e-25	117	guanylate cyclase soluble subunit alpha-3 isoform X1 [Pteropus vampyrus]	132908
XP_036201018.1	XP_023386526	30.392	204	1097	690	19	8.98e-25	117	guanylate cyclase soluble subunit alpha-3 isoform X1 [Pteropus vampyrus]	132908
XP_036201018.1	XP_023386525	30.392	204	1097	690	19	8.98e-25	117	guanylate cyclase soluble subunit alpha-3 isoform X1 [Pteropus vampyrus]	132908
XP_036201018.1	XP_011358626	30.392	204	1097	690	19	8.98e-25	117	guanylate cyclase soluble subunit alpha-3 isoform X1 [Pteropus vampyrus]	132908
XP_036201018.1	XP_039732147	30.392	204	1097	690	19	8.98e-25	117	guanylate cyclase soluble subunit alpha-1 isoform X1 [Pteropus medius]	143291
XP_036201018.1	XP_039732146	30.392	204	1097	690	19	8.98e-25	117	guanylate cyclase soluble subunit alpha-1 isoform X1 [Pteropus medius]	143291
XP_036201018.1	XP_039732145	30.392	204	1097	690	19	8.98e-25	117	guanylate cyclase soluble subunit alpha-1 isoform X1 [Pteropus medius]	143291
XP_036201018.1	XP_039732144	30.392	204	1097	690	19	8.98e-25	117	guanylate cyclase soluble subunit alpha-1 isoform X1 [Pteropus medius]	143291
XP_036201018.1	XP_039732143	30.392	204	1097	690	19	8.98e-25	117	guanylate cyclase soluble subunit alpha-1 isoform X1 [Pteropus medius]	143291
XP_036201018.1	XP_039732142	30.392	204	1097	690	19	8.98e-25	117	guanylate cyclase soluble subunit alpha-1 isoform X1 [Pteropus medius]	143291
XP_036201018.1	XP_039732141	30.392	204	1097	690	19	8.98e-25	117	guanylate cyclase soluble subunit alpha-1 isoform X1 [Pteropus medius]	143291
XP_036201018.1	XP_039732140	30.392	204	1097	690	19	8.98e-25	117	guanylate cyclase soluble subunit alpha-1 isoform X1 [Pteropus medius]	143291
XP_036201018.1	XP_039732139	30.392	204	1097	690	19	8.98e-25	117	guanylate cyclase soluble subunit alpha-1 isoform X1 [Pteropus medius]	143291
XP_036201018.1	XP_036116709	30.970	268	1097	1016	43	8.99e-25	117	atrial natriuretic peptide receptor 2 isoform X2 [Molossus molossus]	27622
XP_036201018.1	XP_036116709	30.244	205	1097	1016	43	1.39e-21	107	atrial natriuretic peptide receptor 2 isoform X2 [Molossus molossus]	27622
XP_036201018.1	XP_037000390	30.970	268	1097	1051	43	9.06e-25	117	atrial natriuretic peptide receptor 2 [Artibeus jamaicensis]	9417
XP_036201018.1	XP_037000390	30.244	205	1097	1051	43	1.36e-21	107	atrial natriuretic peptide receptor 2 [Artibeus jamaicensis]	9417
XP_036201018.1	XP_035877801	30.970	268	1097	1024	43	9.06e-25	117	atrial natriuretic peptide receptor 2 isoform X2 [Phyllostomus discolor]	89673
XP_036201018.1	XP_035877801	30.244	205	1097	1024	43	1.44e-21	107	atrial natriuretic peptide receptor 2 isoform X2 [Phyllostomus discolor]	89673
XP_036201018.1	XP_045696650	31.660	259	1097	1024	42	9.14e-25	117	atrial natriuretic peptide receptor 2 isoform X3 [Phyllostomus hastatus]	9423
XP_036201018.1	XP_045696650	30.244	205	1097	1024	42	1.46e-21	107	atrial natriuretic peptide receptor 2 isoform X3 [Phyllostomus hastatus]	9423
XP_036201018.1	XP_036891912	30.970	268	1097	1024	43	9.14e-25	117	atrial natriuretic peptide receptor 2 isoform X2 [Sturnira hondurensis]	192404
XP_036201018.1	XP_036891912	30.244	205	1097	1024	43	1.49e-21	107	atrial natriuretic peptide receptor 2 isoform X2 [Sturnira hondurensis]	192404
XP_036201018.1	XP_036891911	30.970	268	1097	1051	43	9.30e-25	117	atrial natriuretic peptide receptor 2 isoform X1 [Sturnira hondurensis]	192404
XP_036201018.1	XP_036891911	30.244	205	1097	1051	43	1.40e-21	107	atrial natriuretic peptide receptor 2 isoform X1 [Sturnira hondurensis]	192404
XP_036201018.1	XP_016078382	30.970	268	1097	1041	43	9.37e-25	117	PREDICTED: atrial natriuretic peptide receptor 2 isoform X2 [Miniopterus natalensis]	291302
XP_036201018.1	XP_016078382	30.244	205	1097	1041	43	1.35e-21	107	PREDICTED: atrial natriuretic peptide receptor 2 isoform X2 [Miniopterus natalensis]	291302
XP_036201018.1	XP_081008537	30.970	268	1097	1041	43	9.37e-25	117	atrial natriuretic peptide receptor 2 isoform 2 [Miniopterus schreibersii]	9433
XP_036201018.1	XP_081008537	30.244	205	1097	1041	43	1.35e-21	107	atrial natriuretic peptide receptor 2 isoform 2 [Miniopterus schreibersii]	9433
XP_036201018.1	XP_045051083	30.970	268	1097	1023	43	9.37e-25	117	atrial natriuretic peptide receptor 2 isoform X3 [Desmodus rotundus]	9430
XP_036201018.1	XP_045051083	30.244	205	1097	1023	43	1.50e-21	107	atrial natriuretic peptide receptor 2 isoform X3 [Desmodus rotundus]	9430
XP_036201018.1	XP_028377001	30.392	204	1097	690	19	9.72e-25	116	guanylate cyclase soluble subunit alpha-1 [Phyllostomus discolor]	89673
XP_036201018.1	XP_028376999	30.392	204	1097	690	19	9.72e-25	116	guanylate cyclase soluble subunit alpha-1 [Phyllostomus discolor]	89673
XP_036201018.1	XP_035887872	30.392	204	1097	690	19	9.72e-25	116	guanylate cyclase soluble subunit alpha-1 [Phyllostomus discolor]	89673
XP_036201018.1	XP_035887871	30.392	204	1097	690	19	9.72e-25	116	guanylate cyclase soluble subunit alpha-1 [Phyllostomus discolor]	89673
XP_036201018.1	XP_035887870	30.392	204	1097	690	19	9.72e-25	116	guanylate cyclase soluble subunit alpha-1 [Phyllostomus discolor]	89673
XP_036201018.1	XP_035887869	30.392	204	1097	690	19	9.72e-25	116	guanylate cyclase soluble subunit alpha-1 [Phyllostomus discolor]	89673
XP_036201018.1	XP_035887868	30.392	204	1097	690	19	9.72e-25	116	guanylate cyclase soluble subunit alpha-1 [Phyllostomus discolor]	89673
XP_036201018.1	XP_028377000	30.392	204	1097	690	19	9.72e-25	116	guanylate cyclase soluble subunit alpha-1 [Phyllostomus discolor]	89673
XP_036201018.1	XP_066223784	30.970	268	1097	1047	43	9.92e-25	117	atrial natriuretic peptide receptor 2 isoform X1 [Saccopteryx leptura]	249018
XP_036201018.1	XP_066223784	30.244	205	1097	1047	43	1.35e-21	107	atrial natriuretic peptide receptor 2 isoform X1 [Saccopteryx leptura]	249018
XP_036201018.1	XP_066112883	30.970	268	1097	1047	43	1.00e-24	117	atrial natriuretic peptide receptor 2 isoform X1 [Saccopteryx bilineata]	59482
XP_036201018.1	XP_066112883	30.244	205	1097	1047	43	1.37e-21	107	atrial natriuretic peptide receptor 2 isoform X1 [Saccopteryx bilineata]	59482
XP_036201018.1	XP_028363668	31.660	259	1097	1051	42	1.01e-24	117	atrial natriuretic peptide receptor 2 isoform X1 [Phyllostomus discolor]	89673
XP_036201018.1	XP_028363668	30.244	205	1097	1051	42	1.43e-21	107	atrial natriuretic peptide receptor 2 isoform X1 [Phyllostomus discolor]	89673
XP_036201018.1	XP_053778689	30.970	268	1097	1020	43	1.02e-24	117	atrial natriuretic peptide receptor 2 isoform X4 [Desmodus rotundus]	9430
XP_036201018.1	XP_053778689	30.244	205	1097	1020	43	1.52e-21	107	atrial natriuretic peptide receptor 2 isoform X4 [Desmodus rotundus]	9430
XP_036201018.1	XP_036186308	31.660	259	1097	1056	42	1.03e-24	117	atrial natriuretic peptide receptor 2 isoform X4 [Myotis myotis]	51298
XP_036201018.1	XP_036186308	30.244	205	1097	1056	42	1.81e-21	107	atrial natriuretic peptide receptor 2 isoform X4 [Myotis myotis]	51298
XP_036201018.1	XP_054440642	30.970	268	1097	1047	43	1.03e-24	117	atrial natriuretic peptide receptor 2 isoform X1 [Pteronotus mesoamericanus]	1884717
XP_036201018.1	XP_054440642	30.244	205	1097	1047	43	1.31e-21	107	atrial natriuretic peptide receptor 2 isoform X1 [Pteronotus mesoamericanus]	1884717
XP_036201018.1	XP_036116708	31.660	259	1097	1041	42	1.10e-24	117	atrial natriuretic peptide receptor 2 isoform X1 [Molossus molossus]	27622
XP_036201018.1	XP_036116708	30.244	205	1097	1041	42	1.36e-21	107	atrial natriuretic peptide receptor 2 isoform X1 [Molossus molossus]	27622
XP_036201018.1	XP_053778693	31.660	259	1097	852	42	1.43e-24	116	atrial natriuretic peptide receptor 2 isoform X5 [Desmodus rotundus]	9430
XP_036201018.1	XP_053778693	30.244	205	1097	852	42	1.85e-21	106	atrial natriuretic peptide receptor 2 isoform X5 [Desmodus rotundus]	9430
XP_036201018.1	XP_053778690	31.660	259	1097	852	42	1.43e-24	116	atrial natriuretic peptide receptor 2 isoform X5 [Desmodus rotundus]	9430
XP_036201018.1	XP_053778690	30.244	205	1097	852	42	1.85e-21	106	atrial natriuretic peptide receptor 2 isoform X5 [Desmodus rotundus]	9430
XP_036201018.1	XP_023392486	34.375	160	1097	706	33	2.44e-24	115	guanylate cyclase soluble subunit beta-2-like [Pteropus vampyrus]	132908
XP_036201018.1	XP_023392486	32.195	205	1097	706	33	3.17e-21	105	guanylate cyclase soluble subunit beta-2-like [Pteropus vampyrus]	132908
XP_036201018.1	XP_023391167	31.282	195	1097	573	18	2.64e-24	114	guanylate cyclase soluble subunit alpha-2 [Pteropus vampyrus]	132908
XP_036201018.1	XP_016015900	32.287	223	1097	1108	41	4.02e-24	115	retinal guanylyl cyclase 2 isoform X1 [Rousettus aegyptiacus]	9407
XP_036201018.1	XP_016015900	33.750	240	1097	1108	41	2.52e-22	110	retinal guanylyl cyclase 2 isoform X1 [Rousettus aegyptiacus]	9407
XP_036201018.1	XP_016015895	32.287	223	1097	1108	41	4.02e-24	115	retinal guanylyl cyclase 2 isoform X1 [Rousettus aegyptiacus]	9407
XP_036201018.1	XP_016015895	33.750	240	1097	1108	41	2.52e-22	110	retinal guanylyl cyclase 2 isoform X1 [Rousettus aegyptiacus]	9407
XP_036201018.1	XP_016015890	32.287	223	1097	1108	41	4.02e-24	115	retinal guanylyl cyclase 2 isoform X1 [Rousettus aegyptiacus]	9407
XP_036201018.1	XP_016015890	33.750	240	1097	1108	41	2.52e-22	110	retinal guanylyl cyclase 2 isoform X1 [Rousettus aegyptiacus]	9407
XP_036201018.1	XP_006922777	32.287	223	1097	1108	41	5.02e-24	115	retinal guanylyl cyclase 2 [Pteropus alecto]	9402
XP_036201018.1	XP_006922777	34.167	240	1097	1108	41	7.58e-23	111	retinal guanylyl cyclase 2 [Pteropus alecto]	9402
XP_036201018.1	XP_011372621	32.287	223	1097	1108	41	5.29e-24	115	retinal guanylyl cyclase 2 [Pteropus vampyrus]	132908
XP_036201018.1	XP_011372621	34.167	240	1097	1108	41	8.61e-23	111	retinal guanylyl cyclase 2 [Pteropus vampyrus]	132908
XP_036201018.1	XP_019479506	31.443	194	1097	497	37	5.67e-24	112	PREDICTED: guanylate cyclase soluble subunit alpha-2 [Hipposideros armiger]	186990
XP_036201018.1	XP_019479506	24.887	221	1097	497	37	6.81e-11	72.0	PREDICTED: guanylate cyclase soluble subunit alpha-2 [Hipposideros armiger]	186990
XP_036201018.1	XP_036077453	31.282	195	1097	659	18	6.60e-24	114	guanylate cyclase soluble subunit alpha-2 [Rousettus aegyptiacus]	9407
XP_036201018.1	XP_039714660	31.122	196	1097	736	18	1.11e-23	113	guanylate cyclase soluble subunit alpha-2 isoform X1 [Pteropus medius]	143291
XP_036201018.1	XP_066106127	31.193	218	1097	929	41	1.17e-23	114	retinal guanylyl cyclase 2 isoform X4 [Saccopteryx bilineata]	59482
XP_036201018.1	XP_066106127	34.025	241	1097	929	41	4.13e-23	112	retinal guanylyl cyclase 2 isoform X4 [Saccopteryx bilineata]	59482
XP_036201018.1	XP_066213250	29.615	260	1097	1108	45	1.34e-23	114	retinal guanylyl cyclase 2 isoform X1 [Saccopteryx leptura]	249018
XP_036201018.1	XP_066213250	34.025	241	1097	1108	45	5.77e-23	112	retinal guanylyl cyclase 2 isoform X1 [Saccopteryx leptura]	249018
XP_036201018.1	XP_066106124	29.615	260	1097	1108	45	1.35e-23	114	retinal guanylyl cyclase 2 isoform X1 [Saccopteryx bilineata]	59482
XP_036201018.1	XP_066106124	34.025	241	1097	1108	45	5.77e-23	112	retinal guanylyl cyclase 2 isoform X1 [Saccopteryx bilineata]	59482
XP_036201018.1	XP_016016884	36.646	161	1097	1179	34	1.39e-23	114	guanylate cyclase D-like [Rousettus aegyptiacus]	9407
XP_036201018.1	XP_016016884	33.482	224	1097	1179	34	1.82e-21	107	guanylate cyclase D-like [Rousettus aegyptiacus]	9407
XP_036201018.1	XP_016062940	34.416	154	1097	497	14	1.52e-23	111	PREDICTED: guanylate cyclase soluble subunit alpha-2 [Miniopterus natalensis]	291302
XP_036201018.1	XP_066213253	31.193	218	1097	929	41	1.58e-23	113	retinal guanylyl cyclase 2 isoform X4 [Saccopteryx leptura]	249018
XP_036201018.1	XP_066213253	34.025	241	1097	929	41	5.03e-23	112	retinal guanylyl cyclase 2 isoform X4 [Saccopteryx leptura]	249018
XP_036201018.1	XP_027987816	31.122	196	1097	729	18	1.68e-23	113	guanylate cyclase soluble subunit alpha-2 [Eptesicus fuscus]	29078
XP_036201018.1	XP_066106126	31.193	218	1097	1090	40	1.72e-23	113	retinal guanylyl cyclase 2 isoform X3 [Saccopteryx bilineata]	59482
XP_036201018.1	XP_066106126	33.906	233	1097	1090	40	1.23e-20	104	retinal guanylyl cyclase 2 isoform X3 [Saccopteryx bilineata]	59482
XP_036201018.1	XP_066106125	31.193	218	1097	1091	40	1.85e-23	113	retinal guanylyl cyclase 2 isoform X2 [Saccopteryx bilineata]	59482
XP_036201018.1	XP_066106125	33.906	233	1097	1091	40	1.23e-20	104	retinal guanylyl cyclase 2 isoform X2 [Saccopteryx bilineata]	59482
XP_036201018.1	XP_036282760	31.122	196	1097	718	18	1.98e-23	112	guanylate cyclase soluble subunit alpha-2 [Pipistrellus kuhlii]	59472
XP_036201018.1	XP_066213252	31.193	218	1097	1090	40	2.06e-23	113	retinal guanylyl cyclase 2 isoform X3 [Saccopteryx leptura]	249018
XP_036201018.1	XP_066213252	33.906	233	1097	1090	40	1.23e-20	104	retinal guanylyl cyclase 2 isoform X3 [Saccopteryx leptura]	249018
XP_036201018.1	XP_066213251	31.193	218	1097	1091	40	2.19e-23	113	retinal guanylyl cyclase 2 isoform X2 [Saccopteryx leptura]	249018
XP_036201018.1	XP_066213251	33.906	233	1097	1091	40	1.24e-20	104	retinal guanylyl cyclase 2 isoform X2 [Saccopteryx leptura]	249018
XP_036201018.1	XP_036903625	31.795	195	1097	726	17	2.39e-23	112	guanylate cyclase soluble subunit alpha-2 [Sturnira hondurensis]	192404
XP_036201018.1	XP_028371855	31.795	195	1097	725	17	2.41e-23	112	guanylate cyclase soluble subunit alpha-2 [Phyllostomus discolor]	89673
XP_036201018.1	XP_045693870	31.795	195	1097	726	17	2.52e-23	112	guanylate cyclase soluble subunit alpha-2 [Phyllostomus hastatus]	9423
XP_036201018.1	XP_032975683	31.282	195	1097	728	17	3.01e-23	112	guanylate cyclase soluble subunit alpha-2 isoform X1 [Rhinolophus ferrumequinum]	59479
XP_036201018.1	XP_080921133	31.282	195	1097	728	17	3.01e-23	112	guanylate cyclase soluble subunit alpha-2 [Rhinolophus hipposideros]	77218
XP_036201018.1	XP_032949963	33.205	259	1097	1057	41	3.05e-23	112	atrial natriuretic peptide receptor 1 isoform X1 [Rhinolophus ferrumequinum]	59479
XP_036201018.1	XP_032949963	31.658	199	1097	1057	41	2.88e-22	109	atrial natriuretic peptide receptor 1 isoform X1 [Rhinolophus ferrumequinum]	59479
XP_036201018.1	XP_039704260	29.858	211	1097	1102	39	3.16e-23	112	guanylate cyclase D-like [Pteropus medius]	143291
XP_036201018.1	XP_039704260	33.036	224	1097	1102	39	2.16e-21	107	guanylate cyclase D-like [Pteropus medius]	143291
XP_036201018.1	XP_032949964	33.205	259	1097	1058	41	3.16e-23	112	atrial natriuretic peptide receptor 1 isoform X2 [Rhinolophus ferrumequinum]	59479
XP_036201018.1	XP_032949964	31.658	199	1097	1058	41	3.04e-22	109	atrial natriuretic peptide receptor 1 isoform X2 [Rhinolophus ferrumequinum]	59479
XP_036201018.1	XP_074191632	31.282	195	1097	727	38	3.17e-23	112	guanylate cyclase soluble subunit alpha-2 [Rhinolophus sinicus]	89399
XP_036201018.1	XP_074191632	25.339	221	1097	727	38	3.55e-11	73.2	guanylate cyclase soluble subunit alpha-2 [Rhinolophus sinicus]	89399
XP_036201018.1	XP_014395850	30.415	217	1097	1060	43	3.48e-23	112	PREDICTED: olfactory guanylyl cyclase GC-D [Myotis brandtii]	109478
XP_036201018.1	XP_014395850	31.538	260	1097	1060	43	2.87e-20	103	PREDICTED: olfactory guanylyl cyclase GC-D [Myotis brandtii]	109478
XP_036201018.1	XP_036106450	31.628	215	1097	718	39	3.55e-23	112	guanylate cyclase soluble subunit beta-2-like isoform X1 [Molossus molossus]	27622
XP_036201018.1	XP_036106450	32.127	221	1097	718	39	5.81e-19	98.6	guanylate cyclase soluble subunit beta-2-like isoform X1 [Molossus molossus]	27622
XP_036201018.1	XP_070282091	34.194	155	1097	727	14	3.58e-23	112	guanylate cyclase soluble subunit alpha-2 [Myotis yumanensis]	159337
XP_036201018.1	XP_032975684	31.282	195	1097	669	17	3.64e-23	111	guanylate cyclase soluble subunit alpha-2 isoform X2 [Rhinolophus ferrumequinum]	59479
XP_036201018.1	XP_079643486	34.194	155	1097	730	14	3.70e-23	112	guanylate cyclase soluble subunit alpha-2 [Cnephaeus nilssonii]	3371016
XP_036201018.1	XP_006765404	34.194	155	1097	711	14	3.76e-23	111	PREDICTED: guanylate cyclase soluble subunit alpha-2 [Myotis davidii]	225400
XP_036201018.1	XP_080499324	34.194	155	1097	729	14	3.79e-23	112	guanylate cyclase soluble subunit alpha-2 [Plecotus auritus]	61862
XP_036201018.1	XP_037009548	34.194	155	1097	725	14	3.81e-23	112	guanylate cyclase soluble subunit alpha-2 [Artibeus jamaicensis]	9417
XP_036201018.1	XP_080954916	34.194	155	1097	726	14	3.89e-23	111	guanylate cyclase soluble subunit alpha-2 [Myotis nattereri]	109481
XP_036201018.1	XP_036180352	34.194	155	1097	719	14	4.12e-23	111	guanylate cyclase soluble subunit alpha-2 [Myotis myotis]	51298
XP_036201018.1	XP_036114883	31.282	195	1097	730	17	4.21e-23	111	guanylate cyclase soluble subunit alpha-2 isoform X2 [Molossus molossus]	27622
XP_036201018.1	XP_074175093	32.819	259	1097	1058	41	4.30e-23	112	atrial natriuretic peptide receptor 1 isoform X2 [Rhinolophus sinicus]	89399
XP_036201018.1	XP_074175093	31.156	199	1097	1058	41	3.99e-22	109	atrial natriuretic peptide receptor 1 isoform X2 [Rhinolophus sinicus]	89399
XP_036201018.1	XP_019568877	32.819	259	1097	1057	41	4.45e-23	112	atrial natriuretic peptide receptor 1 isoform X1 [Rhinolophus sinicus]	89399
XP_036201018.1	XP_019568877	31.156	199	1097	1057	41	4.02e-22	109	atrial natriuretic peptide receptor 1 isoform X1 [Rhinolophus sinicus]	89399
XP_036201018.1	XP_081011137	31.282	195	1097	724	17	4.48e-23	111	guanylate cyclase soluble subunit alpha-2 [Miniopterus schreibersii]	9433
XP_036201018.1	XP_080956437	28.516	256	1097	1060	46	4.61e-23	112	guanylate cyclase D-like [Myotis nattereri]	109481
XP_036201018.1	XP_080956437	31.538	260	1097	1060	46	1.66e-19	100	guanylate cyclase D-like [Myotis nattereri]	109481
XP_036201018.1	XP_014388374	34.194	155	1097	729	14	4.91e-23	111	PREDICTED: guanylate cyclase soluble subunit alpha-2 [Myotis brandtii]	109478
XP_036201018.1	XP_066227686	34.899	149	1097	727	14	5.01e-23	111	guanylate cyclase soluble subunit alpha-2 [Saccopteryx leptura]	249018
XP_036201018.1	XP_066103679	34.899	149	1097	727	14	5.01e-23	111	guanylate cyclase soluble subunit alpha-2 [Saccopteryx bilineata]	59482
XP_036201018.1	XP_036284533	29.032	217	1097	1101	40	5.05e-23	112	guanylate cyclase D [Pipistrellus kuhlii]	59472
XP_036201018.1	XP_036284533	31.646	237	1097	1101	40	6.30e-20	102	guanylate cyclase D [Pipistrellus kuhlii]	59472
XP_036201018.1	XP_006098900	34.194	155	1097	854	14	5.13e-23	111	guanylate cyclase soluble subunit alpha-2 [Myotis lucifugus]	59463
XP_036201018.1	XP_006926922	29.858	211	1097	1107	39	5.25e-23	112	LOW QUALITY PROTEIN: olfactory guanylyl cyclase GC-D-like [Pteropus alecto]	9402
XP_036201018.1	XP_006926922	33.036	224	1097	1107	39	4.03e-21	105	LOW QUALITY PROTEIN: olfactory guanylyl cyclase GC-D-like [Pteropus alecto]	9402
XP_036201018.1	XP_059563942	34.194	155	1097	726	14	5.27e-23	111	guanylate cyclase soluble subunit alpha-2 [Myotis daubentonii]	98922
XP_036201018.1	XP_053780956	34.899	149	1097	726	14	5.84e-23	111	guanylate cyclase soluble subunit alpha-2 [Desmodus rotundus]	9430
XP_036201018.1	XP_079645301	28.632	234	1097	1109	42	6.08e-23	112	guanylate cyclase D-like [Cnephaeus nilssonii]	3371016
XP_036201018.1	XP_079645301	32.489	237	1097	1109	42	5.67e-21	105	guanylate cyclase D-like [Cnephaeus nilssonii]	3371016
XP_036201018.1	XP_054448458	34.899	149	1097	727	14	6.12e-23	111	guanylate cyclase soluble subunit alpha-2 [Pteronotus mesoamericanus]	1884717
XP_036201018.1	XP_036106451	32.353	204	1097	621	35	6.17e-23	110	guanylate cyclase soluble subunit beta-2-like isoform X2 [Molossus molossus]	27622
XP_036201018.1	XP_036106451	31.667	180	1097	621	35	2.74e-11	73.6	guanylate cyclase soluble subunit beta-2-like isoform X2 [Molossus molossus]	27622
XP_036201018.1	XP_023611690	29.596	223	1097	1010	43	6.83e-23	111	LOW QUALITY PROTEIN: olfactory guanylyl cyclase GC-D-like [Myotis lucifugus]	59463
XP_036201018.1	XP_023611690	31.538	260	1097	1010	43	4.03e-20	102	LOW QUALITY PROTEIN: olfactory guanylyl cyclase GC-D-like [Myotis lucifugus]	59463
XP_036201018.1	XP_006763905	29.032	217	1097	1102	41	6.87e-23	111	PREDICTED: olfactory guanylyl cyclase GC-D [Myotis davidii]	225400
XP_036201018.1	XP_006763905	31.535	241	1097	1102	41	4.80e-20	102	PREDICTED: olfactory guanylyl cyclase GC-D [Myotis davidii]	225400
XP_036201018.1	XP_080496747	28.632	234	1097	1112	42	7.16e-23	111	guanylate cyclase D-like [Plecotus auritus]	61862
XP_036201018.1	XP_080496747	32.068	237	1097	1112	42	9.79e-20	101	guanylate cyclase D-like [Plecotus auritus]	61862
XP_036201018.1	XP_080936579	32.432	259	1097	1019	41	7.83e-23	111	atrial natriuretic peptide receptor 1 isoform 3 [Rhinolophus hipposideros]	77218
XP_036201018.1	XP_080936579	31.156	199	1097	1019	41	5.22e-22	108	atrial natriuretic peptide receptor 1 isoform 3 [Rhinolophus hipposideros]	77218
XP_036201018.1	XP_028014185	29.148	223	1097	1126	41	8.14e-23	111	guanylate cyclase D-like [Eptesicus fuscus]	29078
XP_036201018.1	XP_028014185	32.489	237	1097	1126	41	7.59e-21	105	guanylate cyclase D-like [Eptesicus fuscus]	29078
XP_036201018.1	XP_006088242	32.287	223	1097	1034	39	8.94e-23	111	guanylate cyclase 2G-like, partial [Myotis lucifugus]	59463
XP_036201018.1	XP_006088242	29.952	207	1097	1034	39	3.76e-21	105	guanylate cyclase 2G-like, partial [Myotis lucifugus]	59463
XP_036201018.1	XP_080936578	32.432	259	1097	1056	41	9.75e-23	111	atrial natriuretic peptide receptor 1 isoform 2 [Rhinolophus hipposideros]	77218
XP_036201018.1	XP_080936578	31.156	199	1097	1056	41	5.15e-22	108	atrial natriuretic peptide receptor 1 isoform 2 [Rhinolophus hipposideros]	77218
XP_036201018.1	XP_080936577	32.432	259	1097	1057	41	1.00e-22	111	atrial natriuretic peptide receptor 1 isoform 1 [Rhinolophus hipposideros]	77218
XP_036201018.1	XP_080936577	31.156	199	1097	1057	41	5.15e-22	108	atrial natriuretic peptide receptor 1 isoform 1 [Rhinolophus hipposideros]	77218
XP_036201018.1	XP_036312979	31.982	222	1097	784	40	1.06e-22	110	guanylate cyclase soluble subunit beta-2-like [Pipistrellus kuhlii]	59472
XP_036201018.1	XP_036312979	32.143	224	1097	784	40	1.87e-19	100	guanylate cyclase soluble subunit beta-2-like [Pipistrellus kuhlii]	59472
XP_036201018.1	XP_080933400	32.692	208	1097	551	39	1.13e-22	109	guanylate cyclase soluble subunit beta-1 isoform 2 [Rhinolophus hipposideros]	77218
XP_036201018.1	XP_080933400	31.602	231	1097	551	39	2.46e-20	102	guanylate cyclase soluble subunit beta-1 isoform 2 [Rhinolophus hipposideros]	77218
XP_036201018.1	XP_011366735	29.384	211	1097	1121	39	1.13e-22	110	olfactory guanylyl cyclase GC-D-like [Pteropus vampyrus]	132908
XP_036201018.1	XP_011366735	33.036	224	1097	1121	39	2.44e-21	106	olfactory guanylyl cyclase GC-D-like [Pteropus vampyrus]	132908
XP_036201018.1	XP_074194501	32.692	208	1097	551	39	1.14e-22	109	guanylate cyclase soluble subunit beta-1 isoform X2 [Rhinolophus sinicus]	89399
XP_036201018.1	XP_074194501	31.602	231	1097	551	39	2.35e-20	102	guanylate cyclase soluble subunit beta-1 isoform X2 [Rhinolophus sinicus]	89399
XP_036201018.1	XP_036179985	29.032	217	1097	1213	43	1.18e-22	111	guanylate cyclase D-like [Myotis myotis]	51298
XP_036201018.1	XP_036179985	31.034	261	1097	1213	43	1.83e-20	103	guanylate cyclase D-like [Myotis myotis]	51298
XP_036201018.1	XP_045438174	31.839	223	1097	1095	38	1.25e-22	110	guanylate cyclase 2G-like [Pipistrellus kuhlii]	59472
XP_036201018.1	XP_045438174	30.653	199	1097	1095	38	1.03e-20	104	guanylate cyclase 2G-like [Pipistrellus kuhlii]	59472
XP_036201018.1	XP_059566590	29.032	217	1097	1148	43	1.29e-22	110	guanylate cyclase D-like [Myotis daubentonii]	98922
XP_036201018.1	XP_059566590	31.154	260	1097	1148	43	2.10e-20	103	guanylate cyclase D-like [Myotis daubentonii]	98922
XP_036201018.1	XP_080933399	32.692	208	1097	619	39	1.55e-22	109	guanylate cyclase soluble subunit beta-1 isoform 1 [Rhinolophus hipposideros]	77218
XP_036201018.1	XP_080933399	31.197	234	1097	619	39	3.85e-20	101	guanylate cyclase soluble subunit beta-1 isoform 1 [Rhinolophus hipposideros]	77218
XP_036201018.1	XP_032990383	32.692	208	1097	619	39	1.62e-22	109	guanylate cyclase soluble subunit beta-1 [Rhinolophus ferrumequinum]	59479
XP_036201018.1	XP_032990383	31.197	234	1097	619	39	4.02e-20	101	guanylate cyclase soluble subunit beta-1 [Rhinolophus ferrumequinum]	59479
XP_036201018.1	XP_019588740	32.692	208	1097	619	39	1.62e-22	109	guanylate cyclase soluble subunit beta-1 isoform X1 [Rhinolophus sinicus]	89399
XP_036201018.1	XP_019588740	31.197	234	1097	619	39	4.02e-20	101	guanylate cyclase soluble subunit beta-1 isoform X1 [Rhinolophus sinicus]	89399
XP_036201018.1	XP_045432438	32.692	208	1097	551	38	1.66e-22	108	guanylate cyclase soluble subunit beta-1 isoform X2 [Pipistrellus kuhlii]	59472
XP_036201018.1	XP_045432438	33.636	220	1097	551	38	4.21e-20	101	guanylate cyclase soluble subunit beta-1 isoform X2 [Pipistrellus kuhlii]	59472
XP_036201018.1	XP_080960654	31.839	223	1097	1219	39	1.67e-22	110	guanylate cyclase 2G-like [Myotis nattereri]	109481
XP_036201018.1	XP_080960654	29.952	207	1097	1219	39	1.29e-20	104	guanylate cyclase 2G-like [Myotis nattereri]	109481
XP_036201018.1	XP_036914167	32.692	208	1097	551	38	1.79e-22	108	guanylate cyclase soluble subunit beta-1 isoform X2 [Sturnira hondurensis]	192404
XP_036201018.1	XP_036914167	32.420	219	1097	551	38	2.80e-20	101	guanylate cyclase soluble subunit beta-1 isoform X2 [Sturnira hondurensis]	192404
XP_036201018.1	XP_036914166	32.692	208	1097	551	38	1.79e-22	108	guanylate cyclase soluble subunit beta-1 isoform X2 [Sturnira hondurensis]	192404
XP_036201018.1	XP_036914166	32.420	219	1097	551	38	2.80e-20	101	guanylate cyclase soluble subunit beta-1 isoform X2 [Sturnira hondurensis]	192404
XP_036201018.1	XP_036193264	31.839	223	1097	1095	39	1.82e-22	110	guanylate cyclase 2G-like [Myotis myotis]	51298
XP_036201018.1	XP_036193264	29.952	207	1097	1095	39	9.38e-21	104	guanylate cyclase 2G-like [Myotis myotis]	51298
XP_036201018.1	XP_079649398	31.839	223	1097	1096	39	1.84e-22	110	guanylate cyclase 2G-like [Cnephaeus nilssonii]	3371016
XP_036201018.1	XP_079649398	30.435	207	1097	1096	39	5.48e-21	105	guanylate cyclase 2G-like [Cnephaeus nilssonii]	3371016
XP_036201018.1	XP_016055798	32.692	208	1097	551	38	1.88e-22	108	PREDICTED: guanylate cyclase soluble subunit beta-1 [Miniopterus natalensis]	291302
XP_036201018.1	XP_016055798	32.420	219	1097	551	38	3.50e-20	101	PREDICTED: guanylate cyclase soluble subunit beta-1 [Miniopterus natalensis]	291302
XP_036201018.1	XP_059517966	31.839	223	1097	1096	39	1.89e-22	110	guanylate cyclase 2G-like [Myotis daubentonii]	98922
XP_036201018.1	XP_059517966	29.952	207	1097	1096	39	9.55e-21	104	guanylate cyclase 2G-like [Myotis daubentonii]	98922
XP_036201018.1	XP_066211464	32.020	203	1097	966	46	1.94e-22	110	guanylyl cyclase C isoform X2 [Saccopteryx leptura]	249018
XP_036201018.1	XP_066211464	28.037	321	1097	966	46	4.22e-15	86.3	guanylyl cyclase C isoform X2 [Saccopteryx leptura]	249018
XP_036201018.1	XP_036096541	32.692	208	1097	551	38	1.94e-22	108	guanylate cyclase soluble subunit beta-1 isoform X2 [Molossus molossus]	27622
XP_036201018.1	XP_036096541	32.420	219	1097	551	38	2.33e-20	102	guanylate cyclase soluble subunit beta-1 isoform X2 [Molossus molossus]	27622
XP_036201018.1	XP_066120631	32.020	203	1097	966	46	1.99e-22	110	guanylyl cyclase C isoform X2 [Saccopteryx bilineata]	59482
XP_036201018.1	XP_066120631	28.037	321	1097	966	46	4.63e-15	86.3	guanylyl cyclase C isoform X2 [Saccopteryx bilineata]	59482
XP_036201018.1	XP_066120632	32.020	203	1097	959	46	1.99e-22	110	guanylyl cyclase C isoform X3 [Saccopteryx bilineata]	59482
XP_036201018.1	XP_066120632	28.037	321	1097	959	46	4.16e-15	86.3	guanylyl cyclase C isoform X3 [Saccopteryx bilineata]	59482
XP_036201018.1	XP_070283144	29.493	217	1097	1112	43	2.01e-22	110	guanylate cyclase D-like [Myotis yumanensis]	159337
XP_036201018.1	XP_070283144	31.154	260	1097	1112	43	1.09e-19	101	guanylate cyclase D-like [Myotis yumanensis]	159337
XP_036201018.1	XP_066211473	32.020	203	1097	959	46	2.01e-22	110	guanylyl cyclase C isoform X3 [Saccopteryx leptura]	249018
XP_036201018.1	XP_066211473	28.037	321	1097	959	46	4.09e-15	86.3	guanylyl cyclase C isoform X3 [Saccopteryx leptura]	249018
XP_036201018.1	XP_015994150	32.692	208	1097	551	38	2.05e-22	108	guanylate cyclase soluble subunit beta-1 isoform X2 [Rousettus aegyptiacus]	9407
XP_036201018.1	XP_015994150	32.420	219	1097	551	38	3.50e-20	101	guanylate cyclase soluble subunit beta-1 isoform X2 [Rousettus aegyptiacus]	9407
XP_036201018.1	XP_019489414	32.692	208	1097	551	39	2.09e-22	108	PREDICTED: guanylate cyclase soluble subunit beta-1 isoform X2 [Hipposideros armiger]	186990
XP_036201018.1	XP_019489414	31.169	231	1097	551	39	2.57e-20	102	PREDICTED: guanylate cyclase soluble subunit beta-1 isoform X2 [Hipposideros armiger]	186990
XP_036201018.1	XP_024906171	32.692	208	1097	551	38	2.09e-22	108	guanylate cyclase soluble subunit beta-1 isoform X1 [Pteropus alecto]	9402
XP_036201018.1	XP_024906171	31.963	219	1097	551	38	3.41e-20	101	guanylate cyclase soluble subunit beta-1 isoform X1 [Pteropus alecto]	9402
XP_036201018.1	XP_036121817	32.287	223	1097	1115	39	2.10e-22	110	LOW QUALITY PROTEIN: guanylate cyclase 2G-like [Molossus molossus]	27622
XP_036201018.1	XP_036121817	29.952	207	1097	1115	39	5.59e-20	102	LOW QUALITY PROTEIN: guanylate cyclase 2G-like [Molossus molossus]	27622
XP_036201018.1	XP_045687733	32.692	208	1097	551	38	2.11e-22	108	guanylate cyclase soluble subunit beta-1 isoform X2 [Phyllostomus hastatus]	9423
XP_036201018.1	XP_045687733	32.420	219	1097	551	38	3.50e-20	101	guanylate cyclase soluble subunit beta-1 isoform X2 [Phyllostomus hastatus]	9423
XP_036201018.1	XP_045687732	32.692	208	1097	551	38	2.11e-22	108	guanylate cyclase soluble subunit beta-1 isoform X2 [Phyllostomus hastatus]	9423
XP_036201018.1	XP_045687732	32.420	219	1097	551	38	3.50e-20	101	guanylate cyclase soluble subunit beta-1 isoform X2 [Phyllostomus hastatus]	9423
XP_036201018.1	XP_028376879	32.692	208	1097	551	38	2.11e-22	108	guanylate cyclase soluble subunit beta-1 isoform X2 [Phyllostomus discolor]	89673
XP_036201018.1	XP_028376879	32.420	219	1097	551	38	3.50e-20	101	guanylate cyclase soluble subunit beta-1 isoform X2 [Phyllostomus discolor]	89673
XP_036201018.1	XP_066211455	32.020	203	1097	1073	46	2.15e-22	110	guanylyl cyclase C isoform X1 [Saccopteryx leptura]	249018
XP_036201018.1	XP_066211455	28.037	321	1097	1073	46	6.18e-15	85.9	guanylyl cyclase C isoform X1 [Saccopteryx leptura]	249018
XP_036201018.1	XP_045058621	32.692	208	1097	569	38	2.25e-22	108	guanylate cyclase soluble subunit beta-1 isoform X1 [Desmodus rotundus]	9430
XP_036201018.1	XP_045058621	31.963	219	1097	569	38	3.61e-20	101	guanylate cyclase soluble subunit beta-1 isoform X1 [Desmodus rotundus]	9430
XP_036201018.1	XP_080949585	32.692	208	1097	619	39	2.34e-22	108	guanylate cyclase soluble subunit beta-1 [Myotis nattereri]	109481
XP_036201018.1	XP_080949585	31.624	234	1097	619	39	1.10e-19	100	guanylate cyclase soluble subunit beta-1 [Myotis nattereri]	109481
XP_036201018.1	XP_036280099	32.692	208	1097	619	38	2.49e-22	108	guanylate cyclase soluble subunit beta-1 isoform X1 [Pipistrellus kuhlii]	59472
XP_036201018.1	XP_036280099	32.877	219	1097	619	38	7.74e-20	100	guanylate cyclase soluble subunit beta-1 isoform X1 [Pipistrellus kuhlii]	59472
XP_036201018.1	XP_066120630	32.020	203	1097	1073	46	2.55e-22	109	guanylyl cyclase C isoform X1 [Saccopteryx bilineata]	59482
XP_036201018.1	XP_066120630	28.037	321	1097	1073	46	7.14e-15	85.5	guanylyl cyclase C isoform X1 [Saccopteryx bilineata]	59482
XP_036201018.1	XP_070271521	32.692	208	1097	619	38	2.56e-22	108	guanylate cyclase soluble subunit beta-1 [Myotis yumanensis]	159337
XP_036201018.1	XP_070271521	32.877	219	1097	619	38	8.01e-20	100	guanylate cyclase soluble subunit beta-1 [Myotis yumanensis]	159337
XP_036201018.1	XP_059553680	32.692	208	1097	619	38	2.56e-22	108	guanylate cyclase soluble subunit beta-1 [Myotis daubentonii]	98922
XP_036201018.1	XP_059553680	32.877	219	1097	619	38	8.01e-20	100	guanylate cyclase soluble subunit beta-1 [Myotis daubentonii]	98922
XP_036201018.1	XP_008142819	32.692	208	1097	619	38	2.56e-22	108	guanylate cyclase soluble subunit beta-1 [Eptesicus fuscus]	29078
XP_036201018.1	XP_008142819	32.877	219	1097	619	38	8.01e-20	100	guanylate cyclase soluble subunit beta-1 [Eptesicus fuscus]	29078
XP_036201018.1	XP_005860829	32.692	208	1097	619	38	2.56e-22	108	PREDICTED: guanylate cyclase soluble subunit beta-1 [Myotis brandtii]	109478
XP_036201018.1	XP_005860829	32.877	219	1097	619	38	8.01e-20	100	PREDICTED: guanylate cyclase soluble subunit beta-1 [Myotis brandtii]	109478
XP_036201018.1	XP_036170141	32.692	208	1097	619	38	2.56e-22	108	guanylate cyclase soluble subunit beta-1 isoform X1 [Myotis myotis]	51298
XP_036201018.1	XP_036170141	32.877	219	1097	619	38	8.01e-20	100	guanylate cyclase soluble subunit beta-1 isoform X1 [Myotis myotis]	51298
XP_036201018.1	XP_080533185	32.692	208	1097	619	38	2.56e-22	108	guanylate cyclase soluble subunit beta-1 [Plecotus auritus]	61862
XP_036201018.1	XP_080533185	32.877	219	1097	619	38	8.01e-20	100	guanylate cyclase soluble subunit beta-1 [Plecotus auritus]	61862
XP_036201018.1	XP_079628188	32.692	208	1097	619	38	2.56e-22	108	guanylate cyclase soluble subunit beta-1 [Cnephaeus nilssonii]	3371016
XP_036201018.1	XP_079628188	32.877	219	1097	619	38	8.01e-20	100	guanylate cyclase soluble subunit beta-1 [Cnephaeus nilssonii]	3371016
XP_036201018.1	XP_036914165	32.692	208	1097	619	38	2.60e-22	108	guanylate cyclase soluble subunit beta-1 isoform X1 [Sturnira hondurensis]	192404
XP_036201018.1	XP_036914165	32.420	219	1097	619	38	5.14e-20	101	guanylate cyclase soluble subunit beta-1 isoform X1 [Sturnira hondurensis]	192404
XP_036201018.1	XP_036096540	32.692	208	1097	619	38	2.67e-22	108	guanylate cyclase soluble subunit beta-1 isoform X1 [Molossus molossus]	27622
XP_036201018.1	XP_036096540	32.420	219	1097	619	38	4.28e-20	101	guanylate cyclase soluble subunit beta-1 isoform X1 [Molossus molossus]	27622
XP_036201018.1	XP_036981619	32.692	208	1097	597	38	2.68e-22	108	guanylate cyclase soluble subunit beta-1 isoform X2 [Artibeus jamaicensis]	9417
XP_036201018.1	XP_036981619	32.420	219	1097	597	38	4.76e-20	101	guanylate cyclase soluble subunit beta-1 isoform X2 [Artibeus jamaicensis]	9417
XP_036201018.1	XP_016051882	28.571	252	1097	1149	42	2.75e-22	109	PREDICTED: olfactory guanylyl cyclase GC-D-like [Miniopterus natalensis]	291302
XP_036201018.1	XP_016051882	32.143	224	1097	1149	42	4.91e-19	99.4	PREDICTED: olfactory guanylyl cyclase GC-D-like [Miniopterus natalensis]	291302
XP_036201018.1	XP_036981618	32.692	208	1097	619	38	2.77e-22	108	guanylate cyclase soluble subunit beta-1 isoform X1 [Artibeus jamaicensis]	9417
XP_036201018.1	XP_036981618	32.420	219	1097	619	38	5.65e-20	101	guanylate cyclase soluble subunit beta-1 isoform X1 [Artibeus jamaicensis]	9417
XP_036201018.1	XP_006778812	31.839	223	1097	862	39	2.82e-22	109	PREDICTED: guanylate cyclase 2G-like [Myotis davidii]	225400
XP_036201018.1	XP_006778812	30.435	207	1097	862	39	5.12e-21	105	PREDICTED: guanylate cyclase 2G-like [Myotis davidii]	225400
XP_036201018.1	XP_080992556	32.692	208	1097	619	38	2.87e-22	108	guanylate cyclase soluble subunit beta-1 [Miniopterus schreibersii]	9433
XP_036201018.1	XP_080992556	32.420	219	1097	619	38	5.96e-20	101	guanylate cyclase soluble subunit beta-1 [Miniopterus schreibersii]	9433
XP_036201018.1	XP_024424591	32.692	208	1097	619	38	2.89e-22	108	guanylate cyclase soluble subunit beta-1 isoform X2 [Desmodus rotundus]	9430
XP_036201018.1	XP_024424591	32.420	219	1097	619	38	5.70e-20	101	guanylate cyclase soluble subunit beta-1 isoform X2 [Desmodus rotundus]	9430
XP_036201018.1	XP_066243715	32.692	208	1097	619	38	2.89e-22	108	guanylate cyclase soluble subunit beta-1 [Saccopteryx leptura]	249018
XP_036201018.1	XP_066243715	32.420	219	1097	619	38	5.96e-20	101	guanylate cyclase soluble subunit beta-1 [Saccopteryx leptura]	249018
XP_036201018.1	XP_066135781	32.692	208	1097	619	38	2.94e-22	108	guanylate cyclase soluble subunit beta-1 [Saccopteryx bilineata]	59482
XP_036201018.1	XP_066135781	32.420	219	1097	619	38	5.75e-20	101	guanylate cyclase soluble subunit beta-1 [Saccopteryx bilineata]	59482
XP_036201018.1	XP_045687731	32.692	208	1097	619	38	2.97e-22	108	guanylate cyclase soluble subunit beta-1 isoform X1 [Phyllostomus hastatus]	9423
XP_036201018.1	XP_045687731	32.420	219	1097	619	38	6.22e-20	101	guanylate cyclase soluble subunit beta-1 isoform X1 [Phyllostomus hastatus]	9423
XP_036201018.1	XP_028376878	32.692	208	1097	619	38	2.97e-22	108	guanylate cyclase soluble subunit beta-1 isoform X1 [Phyllostomus discolor]	89673
XP_036201018.1	XP_028376878	32.420	219	1097	619	38	6.22e-20	101	guanylate cyclase soluble subunit beta-1 isoform X1 [Phyllostomus discolor]	89673
XP_036201018.1	XP_006917050	32.692	208	1097	619	38	3.05e-22	108	guanylate cyclase soluble subunit beta-1 isoform X2 [Pteropus alecto]	9402
XP_036201018.1	XP_006917050	32.420	219	1097	619	38	6.97e-20	100	guanylate cyclase soluble subunit beta-1 isoform X2 [Pteropus alecto]	9402
XP_036201018.1	XP_011358630	32.692	208	1097	619	38	3.05e-22	108	guanylate cyclase soluble subunit beta-1 [Pteropus vampyrus]	132908
XP_036201018.1	XP_011358630	32.420	219	1097	619	38	6.97e-20	100	guanylate cyclase soluble subunit beta-1 [Pteropus vampyrus]	132908
XP_036201018.1	XP_039732149	32.692	208	1097	619	38	3.05e-22	108	guanylate cyclase soluble subunit beta-1 [Pteropus medius]	143291
XP_036201018.1	XP_039732149	32.420	219	1097	619	38	6.97e-20	100	guanylate cyclase soluble subunit beta-1 [Pteropus medius]	143291
XP_036201018.1	XP_019489413	32.692	208	1097	619	39	3.08e-22	108	PREDICTED: guanylate cyclase soluble subunit beta-1 isoform X1 [Hipposideros armiger]	186990
XP_036201018.1	XP_019489413	31.197	234	1097	619	39	4.20e-20	101	PREDICTED: guanylate cyclase soluble subunit beta-1 isoform X1 [Hipposideros armiger]	186990
XP_036201018.1	XP_054432053	32.692	208	1097	619	39	3.13e-22	108	guanylate cyclase soluble subunit beta-1 [Pteronotus mesoamericanus]	1884717
XP_036201018.1	XP_054432053	30.769	234	1097	619	39	6.79e-20	100	guanylate cyclase soluble subunit beta-1 [Pteronotus mesoamericanus]	1884717
XP_036201018.1	XP_015994149	32.692	208	1097	619	38	3.21e-22	108	guanylate cyclase soluble subunit beta-1 isoform X1 [Rousettus aegyptiacus]	9407
XP_036201018.1	XP_015994149	32.420	219	1097	619	38	6.97e-20	100	guanylate cyclase soluble subunit beta-1 isoform X1 [Rousettus aegyptiacus]	9407
XP_036201018.1	XP_016067586	31.839	223	1097	1092	40	4.53e-22	108	PREDICTED: guanylate cyclase 2G-like [Miniopterus natalensis]	291302
XP_036201018.1	XP_016067586	30.045	223	1097	1092	40	2.67e-20	103	PREDICTED: guanylate cyclase 2G-like [Miniopterus natalensis]	291302
XP_036201018.1	XP_005874626	31.839	223	1097	1096	39	4.70e-22	108	PREDICTED: guanylate cyclase 2G-like [Myotis brandtii]	109478
XP_036201018.1	XP_005874626	29.952	207	1097	1096	39	5.30e-21	105	PREDICTED: guanylate cyclase 2G-like [Myotis brandtii]	109478
XP_036201018.1	XP_045047608	30.088	226	1097	1092	40	4.81e-22	108	guanylate cyclase 2G [Desmodus rotundus]	9430
XP_036201018.1	XP_045047608	32.889	225	1097	1092	40	1.37e-21	107	guanylate cyclase 2G [Desmodus rotundus]	9430
XP_036201018.1	XP_054584780	31.390	223	1097	1096	39	5.12e-22	108	guanylate cyclase 2G-like [Eptesicus fuscus]	29078
XP_036201018.1	XP_054584780	30.435	207	1097	1096	39	3.37e-21	106	guanylate cyclase 2G-like [Eptesicus fuscus]	29078
XP_036201018.1	XP_081014034	31.839	223	1097	1092	38	5.24e-22	108	guanylate cyclase 2G-like [Miniopterus schreibersii]	9433
XP_036201018.1	XP_081014034	31.034	203	1097	1092	38	3.25e-20	103	guanylate cyclase 2G-like [Miniopterus schreibersii]	9433
XP_036201018.1	XP_019506374	30.698	215	1097	564	40	6.62e-22	107	PREDICTED: guanylate cyclase soluble subunit beta-2-like [Hipposideros armiger]	186990
XP_036201018.1	XP_019506374	31.696	224	1097	564	40	3.06e-18	95.5	PREDICTED: guanylate cyclase soluble subunit beta-2-like [Hipposideros armiger]	186990
XP_036201018.1	XP_015427160	30.739	257	1097	818	23	6.73e-22	108	PREDICTED: atrial natriuretic peptide receptor 1, partial [Myotis davidii]	225400
XP_036201018.1	XP_036114120	29.493	217	1097	1082	41	6.90e-22	108	guanylate cyclase D-like [Molossus molossus]	27622
XP_036201018.1	XP_036114120	31.535	241	1097	1082	41	5.90e-19	99.0	guanylate cyclase D-like [Molossus molossus]	27622
XP_036201018.1	XP_070289339	31.839	223	1097	1096	39	7.52e-22	108	guanylate cyclase 2G-like [Myotis yumanensis]	159337
XP_036201018.1	XP_070289339	29.952	207	1097	1096	39	1.01e-20	104	guanylate cyclase 2G-like [Myotis yumanensis]	159337
XP_036201018.1	XP_054446894	31.527	203	1097	1073	35	7.79e-22	108	guanylyl cyclase C [Pteronotus mesoamericanus]	1884717
XP_036201018.1	XP_054446894	31.633	196	1097	1073	35	1.03e-14	85.1	guanylyl cyclase C [Pteronotus mesoamericanus]	1884717
XP_036201018.1	XP_036992543	31.034	203	1097	1074	35	7.86e-22	108	guanylyl cyclase C [Artibeus jamaicensis]	9417
XP_036201018.1	XP_036992543	32.143	196	1097	1074	35	4.96e-15	86.3	guanylyl cyclase C [Artibeus jamaicensis]	9417
XP_036201018.1	XP_066220912	33.043	230	1097	1111	35	8.56e-22	108	retinal guanylyl cyclase 1 [Saccopteryx leptura]	249018
XP_036201018.1	XP_066220912	33.951	162	1097	1111	35	2.95e-21	106	retinal guanylyl cyclase 1 [Saccopteryx leptura]	249018
XP_036201018.1	XP_066220911	33.043	230	1097	1111	35	8.56e-22	108	retinal guanylyl cyclase 1 [Saccopteryx leptura]	249018
XP_036201018.1	XP_066220911	33.951	162	1097	1111	35	2.95e-21	106	retinal guanylyl cyclase 1 [Saccopteryx leptura]	249018
XP_036201018.1	XP_066220910	33.043	230	1097	1111	35	8.56e-22	108	retinal guanylyl cyclase 1 [Saccopteryx leptura]	249018
XP_036201018.1	XP_066220910	33.951	162	1097	1111	35	2.95e-21	106	retinal guanylyl cyclase 1 [Saccopteryx leptura]	249018
XP_036201018.1	XP_028388772	31.034	203	1097	1074	35	8.71e-22	108	heat-stable enterotoxin receptor [Phyllostomus discolor]	89673
XP_036201018.1	XP_028388772	32.143	196	1097	1074	35	6.18e-15	85.9	heat-stable enterotoxin receptor [Phyllostomus discolor]	89673
XP_036201018.1	XP_066120293	33.043	230	1097	1112	35	8.86e-22	108	retinal guanylyl cyclase 1 [Saccopteryx bilineata]	59482
XP_036201018.1	XP_066120293	33.951	162	1097	1112	35	3.44e-21	106	retinal guanylyl cyclase 1 [Saccopteryx bilineata]	59482
XP_036201018.1	XP_066120292	33.043	230	1097	1112	35	8.86e-22	108	retinal guanylyl cyclase 1 [Saccopteryx bilineata]	59482
XP_036201018.1	XP_066120292	33.951	162	1097	1112	35	3.44e-21	106	retinal guanylyl cyclase 1 [Saccopteryx bilineata]	59482
XP_036201018.1	XP_066120291	33.043	230	1097	1112	35	8.86e-22	108	retinal guanylyl cyclase 1 [Saccopteryx bilineata]	59482
XP_036201018.1	XP_066120291	33.951	162	1097	1112	35	3.44e-21	106	retinal guanylyl cyclase 1 [Saccopteryx bilineata]	59482
XP_036201018.1	XP_036109095	31.980	197	1097	1071	35	1.09e-21	107	heat-stable enterotoxin receptor [Molossus molossus]	27622
XP_036201018.1	XP_036109095	32.828	198	1097	1071	35	3.67e-15	86.7	heat-stable enterotoxin receptor [Molossus molossus]	27622
XP_036201018.1	XP_080915669	31.980	197	1097	1074	35	1.10e-21	107	guanylyl cyclase C [Rhinolophus hipposideros]	77218
XP_036201018.1	XP_080915669	32.828	198	1097	1074	35	5.83e-15	85.9	guanylyl cyclase C [Rhinolophus hipposideros]	77218
XP_036201018.1	XP_045680524	32.609	230	1097	1110	35	1.11e-21	107	retinal guanylyl cyclase 1 isoform X1 [Phyllostomus hastatus]	9423
XP_036201018.1	XP_045680524	33.951	162	1097	1110	35	3.32e-21	106	retinal guanylyl cyclase 1 isoform X1 [Phyllostomus hastatus]	9423
XP_036201018.1	XP_045680523	32.609	230	1097	1110	35	1.11e-21	107	retinal guanylyl cyclase 1 isoform X1 [Phyllostomus hastatus]	9423
XP_036201018.1	XP_045680523	33.951	162	1097	1110	35	3.32e-21	106	retinal guanylyl cyclase 1 isoform X1 [Phyllostomus hastatus]	9423
XP_036201018.1	XP_016052995	32.178	202	1097	1073	35	1.12e-21	107	PREDICTED: heat-stable enterotoxin receptor [Miniopterus natalensis]	291302
XP_036201018.1	XP_016052995	32.828	198	1097	1073	35	2.90e-15	87.0	PREDICTED: heat-stable enterotoxin receptor [Miniopterus natalensis]	291302
XP_036201018.1	XP_036311284	32.020	203	1097	1098	35	1.12e-21	107	heat-stable enterotoxin receptor [Pipistrellus kuhlii]	59472
XP_036201018.1	XP_036311284	33.503	197	1097	1098	35	2.54e-15	87.0	heat-stable enterotoxin receptor [Pipistrellus kuhlii]	59472
XP_036201018.1	XP_045680525	32.609	230	1097	1109	35	1.14e-21	107	retinal guanylyl cyclase 1 isoform X2 [Phyllostomus hastatus]	9423
XP_036201018.1	XP_045680525	33.951	162	1097	1109	35	3.49e-21	106	retinal guanylyl cyclase 1 isoform X2 [Phyllostomus hastatus]	9423
XP_036201018.1	XP_032946793	28.774	212	1097	1114	39	1.15e-21	107	retinal guanylyl cyclase 1 [Rhinolophus ferrumequinum]	59479
XP_036201018.1	XP_032946793	31.739	230	1097	1114	39	6.69e-21	105	retinal guanylyl cyclase 1 [Rhinolophus ferrumequinum]	59479
XP_036201018.1	XP_037000797	32.609	230	1097	1111	35	1.21e-21	107	retinal guanylyl cyclase 1 [Artibeus jamaicensis]	9417
XP_036201018.1	XP_037000797	33.951	162	1097	1111	35	3.59e-21	106	retinal guanylyl cyclase 1 [Artibeus jamaicensis]	9417
XP_036201018.1	XP_037000796	32.609	230	1097	1111	35	1.21e-21	107	retinal guanylyl cyclase 1 [Artibeus jamaicensis]	9417
XP_036201018.1	XP_037000796	33.951	162	1097	1111	35	3.59e-21	106	retinal guanylyl cyclase 1 [Artibeus jamaicensis]	9417
XP_036201018.1	XP_053528700	32.609	230	1097	1111	35	1.21e-21	107	retinal guanylyl cyclase 1 [Artibeus jamaicensis]	9417
XP_036201018.1	XP_053528700	33.951	162	1097	1111	35	3.59e-21	106	retinal guanylyl cyclase 1 [Artibeus jamaicensis]	9417
XP_036201018.1	XP_053528699	32.609	230	1097	1111	35	1.21e-21	107	retinal guanylyl cyclase 1 [Artibeus jamaicensis]	9417
XP_036201018.1	XP_053528699	33.951	162	1097	1111	35	3.59e-21	106	retinal guanylyl cyclase 1 [Artibeus jamaicensis]	9417
XP_036201018.1	XP_080940273	31.527	203	1097	1073	35	1.28e-21	107	guanylyl cyclase C [Myotis nattereri]	109481
XP_036201018.1	XP_080940273	32.995	197	1097	1073	35	3.10e-15	87.0	guanylyl cyclase C [Myotis nattereri]	109481
XP_036201018.1	XP_005866855	31.527	203	1097	1073	35	1.31e-21	107	PREDICTED: heat-stable enterotoxin receptor isoform X1 [Myotis brandtii]	109478
XP_036201018.1	XP_005866855	32.995	197	1097	1073	35	3.27e-15	86.7	PREDICTED: heat-stable enterotoxin receptor isoform X1 [Myotis brandtii]	109478
XP_036201018.1	XP_014395673	31.527	203	1097	1054	35	1.32e-21	107	PREDICTED: heat-stable enterotoxin receptor isoform X2 [Myotis brandtii]	109478
XP_036201018.1	XP_014395673	32.995	197	1097	1054	35	3.43e-15	86.7	PREDICTED: heat-stable enterotoxin receptor isoform X2 [Myotis brandtii]	109478
XP_036201018.1	XP_074176140	28.774	212	1097	1110	39	1.32e-21	107	retinal guanylyl cyclase 1 [Rhinolophus sinicus]	89399
XP_036201018.1	XP_074176140	32.174	230	1097	1110	39	3.18e-21	106	retinal guanylyl cyclase 1 [Rhinolophus sinicus]	89399
XP_036201018.1	XP_036884036	33.951	162	1097	1111	35	1.32e-21	107	retinal guanylyl cyclase 1 isoform X1 [Sturnira hondurensis]	192404
XP_036201018.1	XP_036884036	32.174	230	1097	1111	35	3.81e-21	106	retinal guanylyl cyclase 1 isoform X1 [Sturnira hondurensis]	192404
XP_036201018.1	XP_036884035	33.951	162	1097	1111	35	1.32e-21	107	retinal guanylyl cyclase 1 isoform X1 [Sturnira hondurensis]	192404
XP_036201018.1	XP_036884035	32.174	230	1097	1111	35	3.81e-21	106	retinal guanylyl cyclase 1 isoform X1 [Sturnira hondurensis]	192404
XP_036201018.1	XP_036884034	33.951	162	1097	1111	35	1.32e-21	107	retinal guanylyl cyclase 1 isoform X1 [Sturnira hondurensis]	192404
XP_036201018.1	XP_036884034	32.174	230	1097	1111	35	3.81e-21	106	retinal guanylyl cyclase 1 isoform X1 [Sturnira hondurensis]	192404
XP_036201018.1	XP_036884033	33.951	162	1097	1111	35	1.32e-21	107	retinal guanylyl cyclase 1 isoform X1 [Sturnira hondurensis]	192404
XP_036201018.1	XP_036884033	32.174	230	1097	1111	35	3.81e-21	106	retinal guanylyl cyclase 1 isoform X1 [Sturnira hondurensis]	192404
XP_036201018.1	XP_036308379	33.951	162	1097	1095	35	1.33e-21	107	retinal guanylyl cyclase 1 [Pipistrellus kuhlii]	59472
XP_036201018.1	XP_036308379	32.174	230	1097	1095	35	2.68e-21	106	retinal guanylyl cyclase 1 [Pipistrellus kuhlii]	59472
XP_036201018.1	XP_080543988	30.942	223	1097	1096	39	1.37e-21	107	guanylate cyclase 2G-like [Plecotus auritus]	61862
XP_036201018.1	XP_080543988	30.435	207	1097	1096	39	2.06e-21	107	guanylate cyclase 2G-like [Plecotus auritus]	61862
XP_036201018.1	XP_080985400	31.527	203	1097	1073	35	1.38e-21	107	guanylyl cyclase C [Miniopterus schreibersii]	9433
XP_036201018.1	XP_080985400	32.828	198	1097	1073	35	2.78e-15	87.0	guanylyl cyclase C [Miniopterus schreibersii]	9433
XP_036201018.1	XP_019521454	29.577	213	1097	901	39	1.41e-21	107	PREDICTED: retinal guanylyl cyclase 1 [Hipposideros armiger]	186990
XP_036201018.1	XP_019521454	31.304	230	1097	901	39	1.81e-20	103	PREDICTED: retinal guanylyl cyclase 1 [Hipposideros armiger]	186990
XP_036201018.1	XP_036884038	33.951	162	1097	1110	35	1.43e-21	107	retinal guanylyl cyclase 1 isoform X2 [Sturnira hondurensis]	192404
XP_036201018.1	XP_036884038	32.174	230	1097	1110	35	4.00e-21	105	retinal guanylyl cyclase 1 isoform X2 [Sturnira hondurensis]	192404
XP_036201018.1	XP_023599708	33.951	162	1097	956	35	1.47e-21	107	LOW QUALITY PROTEIN: retinal guanylyl cyclase 1, partial [Myotis lucifugus]	59463
XP_036201018.1	XP_023599708	32.174	230	1097	956	35	5.93e-21	105	LOW QUALITY PROTEIN: retinal guanylyl cyclase 1, partial [Myotis lucifugus]	59463
XP_036201018.1	XP_036152498	31.527	203	1097	1073	35	1.50e-21	107	heat-stable enterotoxin receptor isoform X1 [Myotis myotis]	51298
XP_036201018.1	XP_036152498	32.995	197	1097	1073	35	3.18e-15	86.7	heat-stable enterotoxin receptor isoform X1 [Myotis myotis]	51298
XP_036201018.1	XP_036152497	31.527	203	1097	1073	35	1.50e-21	107	heat-stable enterotoxin receptor isoform X1 [Myotis myotis]	51298
XP_036201018.1	XP_036152497	32.995	197	1097	1073	35	3.18e-15	86.7	heat-stable enterotoxin receptor isoform X1 [Myotis myotis]	51298
XP_036201018.1	XP_045040257	30.542	203	1097	1074	35	1.50e-21	107	guanylyl cyclase C [Desmodus rotundus]	9430
XP_036201018.1	XP_045040257	31.633	196	1097	1074	35	4.08e-15	86.7	guanylyl cyclase C [Desmodus rotundus]	9430
XP_036201018.1	XP_080516884	31.527	203	1097	1073	35	1.55e-21	107	guanylyl cyclase C [Plecotus auritus]	61862
XP_036201018.1	XP_080516884	32.995	197	1097	1073	35	3.47e-15	86.7	guanylyl cyclase C [Plecotus auritus]	61862
XP_036201018.1	XP_036152499	31.527	203	1097	1054	35	1.57e-21	107	heat-stable enterotoxin receptor isoform X2 [Myotis myotis]	51298
XP_036201018.1	XP_036152499	32.995	197	1097	1054	35	3.40e-15	86.7	heat-stable enterotoxin receptor isoform X2 [Myotis myotis]	51298
XP_036201018.1	XP_070266753	31.527	203	1097	1073	35	1.58e-21	107	guanylyl cyclase C [Myotis yumanensis]	159337
XP_036201018.1	XP_070266753	32.995	197	1097	1073	35	3.50e-15	86.7	guanylyl cyclase C [Myotis yumanensis]	159337
XP_036201018.1	XP_053767949	33.951	162	1097	1112	35	1.58e-21	107	retinal guanylyl cyclase 1 isoform X2 [Desmodus rotundus]	9430
XP_036201018.1	XP_053767949	30.870	230	1097	1112	35	1.10e-20	104	retinal guanylyl cyclase 1 isoform X2 [Desmodus rotundus]	9430
XP_036201018.1	XP_080884871	29.108	213	1097	1113	39	1.60e-21	107	retinal guanylyl cyclase 1 [Rhinolophus hipposideros]	77218
XP_036201018.1	XP_080884871	31.739	230	1097	1113	39	3.71e-21	106	retinal guanylyl cyclase 1 [Rhinolophus hipposideros]	77218
XP_036201018.1	XP_053767948	33.951	162	1097	1113	35	1.62e-21	107	retinal guanylyl cyclase 1 isoform X1 [Desmodus rotundus]	9430
XP_036201018.1	XP_053767948	30.870	230	1097	1113	35	1.12e-20	104	retinal guanylyl cyclase 1 isoform X1 [Desmodus rotundus]	9430
XP_036201018.1	XP_053767947	33.951	162	1097	1113	35	1.62e-21	107	retinal guanylyl cyclase 1 isoform X1 [Desmodus rotundus]	9430
XP_036201018.1	XP_053767947	30.870	230	1097	1113	35	1.12e-20	104	retinal guanylyl cyclase 1 isoform X1 [Desmodus rotundus]	9430
XP_036201018.1	XP_054431566	33.951	162	1097	1116	35	1.64e-21	107	retinal guanylyl cyclase 1 [Pteronotus mesoamericanus]	1884717
XP_036201018.1	XP_054431566	32.174	230	1097	1116	35	9.58e-21	104	retinal guanylyl cyclase 1 [Pteronotus mesoamericanus]	1884717
XP_036201018.1	XP_079631577	31.527	203	1097	1069	35	1.65e-21	107	guanylyl cyclase C [Cnephaeus nilssonii]	3371016
XP_036201018.1	XP_079631577	32.995	197	1097	1069	35	4.24e-15	86.3	guanylyl cyclase C [Cnephaeus nilssonii]	3371016
XP_036201018.1	XP_059538254	31.527	203	1097	1073	35	1.66e-21	107	guanylyl cyclase C [Myotis daubentonii]	98922
XP_036201018.1	XP_059538254	32.995	197	1097	1073	35	3.97e-15	86.7	guanylyl cyclase C [Myotis daubentonii]	98922
XP_036201018.1	XP_019498821	31.980	197	1097	988	35	1.68e-21	107	PREDICTED: heat-stable enterotoxin receptor [Hipposideros armiger]	186990
XP_036201018.1	XP_019498821	32.487	197	1097	988	35	3.48e-15	86.7	PREDICTED: heat-stable enterotoxin receptor [Hipposideros armiger]	186990
XP_036201018.1	XP_006084337	31.527	203	1097	1072	35	1.71e-21	107	heat-stable enterotoxin receptor [Myotis lucifugus]	59463
XP_036201018.1	XP_006084337	32.995	197	1097	1072	35	3.90e-15	86.7	heat-stable enterotoxin receptor [Myotis lucifugus]	59463
XP_036201018.1	XP_080965406	33.951	162	1097	1110	35	1.80e-21	107	retinal guanylyl cyclase 1 [Myotis nattereri]	109481
XP_036201018.1	XP_080965406	32.174	230	1097	1110	35	3.38e-21	106	retinal guanylyl cyclase 1 [Myotis nattereri]	109481
XP_036201018.1	XP_054437198	30.435	207	1097	1070	39	1.81e-21	107	guanylate cyclase 2G-like [Pteronotus mesoamericanus]	1884717
XP_036201018.1	XP_054437198	32.444	225	1097	1070	39	1.28e-20	104	guanylate cyclase 2G-like [Pteronotus mesoamericanus]	1884717
XP_036201018.1	XP_016077884	33.951	162	1097	922	35	1.82e-21	107	PREDICTED: retinal guanylyl cyclase 1, partial [Miniopterus natalensis]	291302
XP_036201018.1	XP_016077884	31.739	230	1097	922	35	2.27e-20	103	PREDICTED: retinal guanylyl cyclase 1, partial [Miniopterus natalensis]	291302
XP_036201018.1	XP_059524679	33.951	162	1097	1111	35	1.83e-21	107	retinal guanylyl cyclase 1 [Myotis daubentonii]	98922
XP_036201018.1	XP_059524679	32.174	230	1097	1111	35	3.62e-21	106	retinal guanylyl cyclase 1 [Myotis daubentonii]	98922
XP_036201018.1	XP_028390337	32.609	230	1097	1111	35	1.84e-21	107	retinal guanylyl cyclase 1 isoform X3 [Phyllostomus discolor]	89673
XP_036201018.1	XP_028390337	33.951	162	1097	1111	35	3.44e-21	106	retinal guanylyl cyclase 1 isoform X3 [Phyllostomus discolor]	89673
XP_036201018.1	XP_008138657	31.527	203	1097	1069	35	1.89e-21	107	guanylyl cyclase C [Eptesicus fuscus]	29078
XP_036201018.1	XP_008138657	32.995	197	1097	1069	35	4.39e-15	86.3	guanylyl cyclase C [Eptesicus fuscus]	29078
XP_036201018.1	XP_036197408	33.951	162	1097	1116	35	1.90e-21	107	retinal guanylyl cyclase 1 [Myotis myotis]	51298
XP_036201018.1	XP_036197408	32.174	230	1097	1116	35	3.45e-21	106	retinal guanylyl cyclase 1 [Myotis myotis]	51298
XP_036201018.1	XP_036889837	31.034	203	1097	1114	35	1.91e-21	107	guanylyl cyclase C [Sturnira hondurensis]	192404
XP_036201018.1	XP_036889837	32.143	196	1097	1114	35	2.93e-15	87.0	guanylyl cyclase C [Sturnira hondurensis]	192404
XP_036201018.1	XP_070250256	33.951	162	1097	1108	35	2.02e-21	107	retinal guanylyl cyclase 1 [Myotis yumanensis]	159337
XP_036201018.1	XP_070250256	32.174	230	1097	1108	35	4.21e-21	105	retinal guanylyl cyclase 1 [Myotis yumanensis]	159337
XP_036201018.1	XP_006922410	29.577	213	1097	1110	39	2.02e-21	107	retinal guanylyl cyclase 1 [Pteropus alecto]	9402
XP_036201018.1	XP_006922410	32.174	230	1097	1110	39	5.13e-21	105	retinal guanylyl cyclase 1 [Pteropus alecto]	9402
XP_036201018.1	XP_011357206	29.577	213	1097	1110	39	2.06e-21	107	retinal guanylyl cyclase 1 [Pteropus vampyrus]	132908
XP_036201018.1	XP_011357206	32.174	230	1097	1110	39	5.26e-21	105	retinal guanylyl cyclase 1 [Pteropus vampyrus]	132908
XP_036201018.1	XP_081018173	33.951	162	1097	1108	35	2.30e-21	106	retinal guanylyl cyclase 1 [Miniopterus schreibersii]	9433
XP_036201018.1	XP_081018173	31.739	230	1097	1108	35	1.92e-20	103	retinal guanylyl cyclase 1 [Miniopterus schreibersii]	9433
XP_036201018.1	XP_039703585	29.577	213	1097	1110	39	2.30e-21	106	retinal guanylyl cyclase 1 [Pteropus medius]	143291
XP_036201018.1	XP_039703585	32.174	230	1097	1110	39	5.35e-21	105	retinal guanylyl cyclase 1 [Pteropus medius]	143291
XP_036201018.1	XP_080538922	33.951	162	1097	1110	35	2.66e-21	106	retinal guanylyl cyclase 1 [Plecotus auritus]	61862
XP_036201018.1	XP_080538922	32.174	230	1097	1110	35	6.79e-21	105	retinal guanylyl cyclase 1 [Plecotus auritus]	61862
XP_036201018.1	XP_036124912	29.577	213	1097	1117	39	2.69e-21	106	retinal guanylyl cyclase 1 [Molossus molossus]	27622
XP_036201018.1	XP_036124912	32.174	230	1097	1117	39	4.23e-21	105	retinal guanylyl cyclase 1 [Molossus molossus]	27622
XP_036201018.1	XP_081009887	32.178	202	1097	1149	38	2.89e-21	106	guanylate cyclase D-like [Miniopterus schreibersii]	9433
XP_036201018.1	XP_081009887	31.304	230	1097	1149	38	8.98e-19	98.6	guanylate cyclase D-like [Miniopterus schreibersii]	9433
XP_036201018.1	XP_079654839	33.951	162	1097	1109	35	3.02e-21	106	retinal guanylyl cyclase 1 [Cnephaeus nilssonii]	3371016
XP_036201018.1	XP_079654839	32.174	230	1097	1109	35	5.25e-21	105	retinal guanylyl cyclase 1 [Cnephaeus nilssonii]	3371016
XP_036201018.1	XP_008151709	33.951	162	1097	1109	35	3.05e-21	106	retinal guanylyl cyclase 1 [Eptesicus fuscus]	29078
XP_036201018.1	XP_008151709	32.174	230	1097	1109	35	5.97e-21	105	retinal guanylyl cyclase 1 [Eptesicus fuscus]	29078
XP_036201018.1	XP_032971945	31.683	202	1097	1076	35	3.47e-21	106	LOW QUALITY PROTEIN: guanylyl cyclase C [Rhinolophus ferrumequinum]	59479
XP_036201018.1	XP_032971945	32.828	198	1097	1076	35	3.16e-15	86.7	LOW QUALITY PROTEIN: guanylyl cyclase C [Rhinolophus ferrumequinum]	59479
XP_036201018.1	XP_074182086	31.683	202	1097	1076	35	3.62e-21	106	guanylyl cyclase C [Rhinolophus sinicus]	89399
XP_036201018.1	XP_074182086	32.828	198	1097	1076	35	4.08e-15	86.7	guanylyl cyclase C [Rhinolophus sinicus]	89399
XP_036201018.1	XP_045685524	30.542	203	1097	1061	35	3.81e-21	105	heat-stable enterotoxin receptor isoform X2 [Phyllostomus hastatus]	9423
XP_036201018.1	XP_045685524	32.143	196	1097	1061	35	4.52e-15	86.3	heat-stable enterotoxin receptor isoform X2 [Phyllostomus hastatus]	9423
XP_036201018.1	XP_045685523	30.542	203	1097	1074	35	4.08e-21	105	heat-stable enterotoxin receptor isoform X1 [Phyllostomus hastatus]	9423
XP_036201018.1	XP_045685523	32.143	196	1097	1074	35	5.00e-15	86.3	heat-stable enterotoxin receptor isoform X1 [Phyllostomus hastatus]	9423
XP_036201018.1	XP_015996027	31.472	197	1097	1074	35	6.41e-21	105	heat-stable enterotoxin receptor [Rousettus aegyptiacus]	9407
XP_036201018.1	XP_015996027	32.995	197	1097	1074	35	2.27e-15	87.4	heat-stable enterotoxin receptor [Rousettus aegyptiacus]	9407
XP_036201018.1	XP_036186312	28.522	291	1097	1039	43	6.41e-21	105	atrial natriuretic peptide receptor 2 isoform X8 [Myotis myotis]	51298
XP_036201018.1	XP_036186312	27.632	228	1097	1039	43	5.88e-18	95.5	atrial natriuretic peptide receptor 2 isoform X8 [Myotis myotis]	51298
XP_036201018.1	XP_011374284	31.980	197	1097	959	35	6.65e-21	105	heat-stable enterotoxin receptor isoform X2 [Pteropus vampyrus]	132908
XP_036201018.1	XP_011374284	32.828	198	1097	959	35	2.61e-15	87.0	heat-stable enterotoxin receptor isoform X2 [Pteropus vampyrus]	132908
XP_036201018.1	XP_036186306	28.522	291	1097	1067	43	6.77e-21	105	atrial natriuretic peptide receptor 2 isoform X2 [Myotis myotis]	51298
XP_036201018.1	XP_036186306	27.632	228	1097	1067	43	5.78e-18	95.9	atrial natriuretic peptide receptor 2 isoform X2 [Myotis myotis]	51298
XP_036201018.1	XP_015445476	31.980	197	1097	959	35	6.88e-21	105	heat-stable enterotoxin receptor isoform X2 [Pteropus alecto]	9402
XP_036201018.1	XP_015445476	32.828	198	1097	959	35	2.91e-15	87.0	heat-stable enterotoxin receptor isoform X2 [Pteropus alecto]	9402
XP_036201018.1	XP_036186307	28.522	291	1097	1064	43	7.05e-21	105	atrial natriuretic peptide receptor 2 isoform X3 [Myotis myotis]	51298
XP_036201018.1	XP_036186307	27.632	228	1097	1064	43	5.97e-18	95.5	atrial natriuretic peptide receptor 2 isoform X3 [Myotis myotis]	51298
XP_036201018.1	XP_019502112	32.127	221	1097	1100	40	7.54e-21	105	PREDICTED: LOW QUALITY PROTEIN: guanylate cyclase 2G-like [Hipposideros armiger]	186990
XP_036201018.1	XP_019502112	30.088	226	1097	1100	40	1.02e-20	104	PREDICTED: LOW QUALITY PROTEIN: guanylate cyclase 2G-like [Hipposideros armiger]	186990
XP_036201018.1	XP_011374283	31.980	197	1097	1073	35	7.86e-21	105	heat-stable enterotoxin receptor isoform X1 [Pteropus vampyrus]	132908
XP_036201018.1	XP_011374283	32.828	198	1097	1073	35	3.56e-15	86.7	heat-stable enterotoxin receptor isoform X1 [Pteropus vampyrus]	132908
XP_036201018.1	XP_006912705	31.980	197	1097	1073	35	8.34e-21	105	heat-stable enterotoxin receptor isoform X1 [Pteropus alecto]	9402
XP_036201018.1	XP_006912705	32.828	198	1097	1073	35	3.71e-15	86.7	heat-stable enterotoxin receptor isoform X1 [Pteropus alecto]	9402
XP_036201018.1	XP_036186309	29.078	282	1097	1054	42	8.59e-21	104	atrial natriuretic peptide receptor 2 isoform X5 [Myotis myotis]	51298
XP_036201018.1	XP_036186309	27.632	228	1097	1054	42	9.65e-18	95.1	atrial natriuretic peptide receptor 2 isoform X5 [Myotis myotis]	51298
XP_036201018.1	XP_036186313	29.078	282	1097	1024	42	8.77e-21	104	atrial natriuretic peptide receptor 2 isoform X9 [Myotis myotis]	51298
XP_036201018.1	XP_036186313	27.632	228	1097	1024	42	9.16e-18	95.1	atrial natriuretic peptide receptor 2 isoform X9 [Myotis myotis]	51298
XP_036201018.1	XP_039732350	31.683	202	1097	1075	35	8.95e-21	104	LOW QUALITY PROTEIN: guanylyl cyclase C [Pteropus medius]	143291
XP_036201018.1	XP_039732350	32.828	198	1097	1075	35	4.52e-15	86.3	LOW QUALITY PROTEIN: guanylyl cyclase C [Pteropus medius]	143291
XP_036201018.1	XP_016010220	29.108	213	1097	1128	39	9.02e-21	104	retinal guanylyl cyclase 1 isoform X2 [Rousettus aegyptiacus]	9407
XP_036201018.1	XP_016010220	32.174	230	1097	1128	39	1.23e-20	104	retinal guanylyl cyclase 1 isoform X2 [Rousettus aegyptiacus]	9407
XP_036201018.1	XP_016010221	29.108	213	1097	1127	39	9.48e-21	104	retinal guanylyl cyclase 1 isoform X3 [Rousettus aegyptiacus]	9407
XP_036201018.1	XP_016010221	32.174	230	1097	1127	39	1.38e-20	104	retinal guanylyl cyclase 1 isoform X3 [Rousettus aegyptiacus]	9407
XP_036201018.1	XP_016010219	29.108	213	1097	1128	39	9.49e-21	104	retinal guanylyl cyclase 1 isoform X1 [Rousettus aegyptiacus]	9407
XP_036201018.1	XP_016010219	32.174	230	1097	1128	39	1.39e-20	104	retinal guanylyl cyclase 1 isoform X1 [Rousettus aegyptiacus]	9407
XP_036201018.1	XP_036186305	29.078	282	1097	1079	42	9.60e-21	104	atrial natriuretic peptide receptor 2 isoform X1 [Myotis myotis]	51298
XP_036201018.1	XP_036186305	27.632	228	1097	1079	42	9.38e-18	95.1	atrial natriuretic peptide receptor 2 isoform X1 [Myotis myotis]	51298
XP_036201018.1	XP_054440643	28.731	268	1097	1024	43	4.22e-20	102	atrial natriuretic peptide receptor 2 isoform X2 [Pteronotus mesoamericanus]	1884717
XP_036201018.1	XP_054440643	27.317	205	1097	1024	43	1.90e-14	84.3	atrial natriuretic peptide receptor 2 isoform X2 [Pteronotus mesoamericanus]	1884717
XP_036201018.1	XP_036170142	33.636	220	1097	553	37	7.29e-20	100	guanylate cyclase soluble subunit beta-1 isoform X2 [Myotis myotis]	51298
XP_036201018.1	XP_036170142	32.653	196	1097	553	37	7.35e-20	100	guanylate cyclase soluble subunit beta-1 isoform X2 [Myotis myotis]	51298
XP_036201018.1	XP_019518852	30.851	188	1097	1095	37	7.30e-19	98.6	PREDICTED: atrial natriuretic peptide receptor 2 isoform X2 [Hipposideros armiger]	186990
XP_036201018.1	XP_019518852	29.817	218	1097	1095	37	5.62e-16	89.4	PREDICTED: atrial natriuretic peptide receptor 2 isoform X2 [Hipposideros armiger]	186990
XP_036201018.1	XP_019518851	30.851	188	1097	1098	37	7.31e-19	98.6	PREDICTED: atrial natriuretic peptide receptor 2 isoform X1 [Hipposideros armiger]	186990
XP_036201018.1	XP_019518851	29.817	218	1097	1098	37	5.68e-16	89.4	PREDICTED: atrial natriuretic peptide receptor 2 isoform X1 [Hipposideros armiger]	186990
XP_036201018.1	XP_019518853	30.851	188	1097	1073	37	7.52e-19	98.6	PREDICTED: atrial natriuretic peptide receptor 2 isoform X3 [Hipposideros armiger]	186990
XP_036201018.1	XP_019518853	29.817	218	1097	1073	37	5.38e-16	89.4	PREDICTED: atrial natriuretic peptide receptor 2 isoform X3 [Hipposideros armiger]	186990
XP_036201018.1	XP_019518857	30.851	188	1097	1025	37	8.14e-19	98.6	PREDICTED: atrial natriuretic peptide receptor 2 isoform X7 [Hipposideros armiger]	186990
XP_036201018.1	XP_019518857	29.817	218	1097	1025	37	5.33e-16	89.4	PREDICTED: atrial natriuretic peptide receptor 2 isoform X7 [Hipposideros armiger]	186990
XP_036201018.1	XP_019518861	30.729	192	1097	867	37	8.80e-19	98.2	PREDICTED: atrial natriuretic peptide receptor 2 isoform X10 [Hipposideros armiger]	186990
XP_036201018.1	XP_019518861	29.817	218	1097	867	37	8.15e-16	88.6	PREDICTED: atrial natriuretic peptide receptor 2 isoform X10 [Hipposideros armiger]	186990
XP_036201018.1	XP_019518859	30.729	192	1097	1008	37	8.91e-19	98.2	PREDICTED: atrial natriuretic peptide receptor 2 isoform X9 [Hipposideros armiger]	186990
XP_036201018.1	XP_019518859	29.817	218	1097	1008	37	1.00e-15	88.6	PREDICTED: atrial natriuretic peptide receptor 2 isoform X9 [Hipposideros armiger]	186990
XP_036201018.1	XP_019518854	30.729	192	1097	1062	37	1.31e-18	97.8	PREDICTED: atrial natriuretic peptide receptor 2 isoform X4 [Hipposideros armiger]	186990
XP_036201018.1	XP_019518854	29.817	218	1097	1062	37	1.50e-15	87.8	PREDICTED: atrial natriuretic peptide receptor 2 isoform X4 [Hipposideros armiger]	186990
XP_036201018.1	XP_054432159	27.232	224	1097	1074	41	2.52e-18	97.1	LOW QUALITY PROTEIN: guanylate cyclase D-like [Pteronotus mesoamericanus]	1884717
XP_036201018.1	XP_054432159	30.290	241	1097	1074	41	5.81e-16	89.4	LOW QUALITY PROTEIN: guanylate cyclase D-like [Pteronotus mesoamericanus]	1884717
XP_036201018.1	XP_079620695	29.596	223	1097	1054	41	2.85e-18	96.7	LOW QUALITY PROTEIN: retinal guanylyl cyclase 2 [Cnephaeus nilssonii]	3371016
XP_036201018.1	XP_079620695	31.799	239	1097	1054	41	2.70e-16	90.1	LOW QUALITY PROTEIN: retinal guanylyl cyclase 2 [Cnephaeus nilssonii]	3371016
XP_036201018.1	XP_035888930	29.880	251	1097	1105	35	9.52e-18	95.1	retinal guanylyl cyclase 1 isoform X4 [Phyllostomus discolor]	89673
XP_036201018.1	XP_035888930	30.055	183	1097	1105	35	1.32e-17	94.7	retinal guanylyl cyclase 1 isoform X4 [Phyllostomus discolor]	89673
XP_036201018.1	XP_080509250	29.358	218	1097	1091	41	9.53e-18	95.1	LOW QUALITY PROTEIN: retinal guanylyl cyclase 2 [Plecotus auritus]	61862
XP_036201018.1	XP_080509250	30.417	240	1097	1091	41	3.72e-14	83.2	LOW QUALITY PROTEIN: retinal guanylyl cyclase 2 [Plecotus auritus]	61862
XP_036201018.1	XP_035888928	29.880	251	1097	1132	35	1.01e-17	95.1	retinal guanylyl cyclase 1 isoform X1 [Phyllostomus discolor]	89673
XP_036201018.1	XP_035888928	30.055	183	1097	1132	35	1.37e-17	94.7	retinal guanylyl cyclase 1 isoform X1 [Phyllostomus discolor]	89673
XP_036201018.1	XP_035888927	29.880	251	1097	1132	35	1.01e-17	95.1	retinal guanylyl cyclase 1 isoform X1 [Phyllostomus discolor]	89673
XP_036201018.1	XP_035888927	30.055	183	1097	1132	35	1.37e-17	94.7	retinal guanylyl cyclase 1 isoform X1 [Phyllostomus discolor]	89673
XP_036201018.1	XP_035888926	29.880	251	1097	1132	35	1.01e-17	95.1	retinal guanylyl cyclase 1 isoform X1 [Phyllostomus discolor]	89673
XP_036201018.1	XP_035888926	30.055	183	1097	1132	35	1.37e-17	94.7	retinal guanylyl cyclase 1 isoform X1 [Phyllostomus discolor]	89673
XP_036201018.1	XP_035888929	29.880	251	1097	1131	35	1.02e-17	95.1	retinal guanylyl cyclase 1 isoform X2 [Phyllostomus discolor]	89673
XP_036201018.1	XP_035888929	30.055	183	1097	1131	35	1.38e-17	94.7	retinal guanylyl cyclase 1 isoform X2 [Phyllostomus discolor]	89673
XP_036201018.1	XP_028379206	28.636	220	1097	1119	40	1.47e-17	94.4	LOW QUALITY PROTEIN: retinal guanylyl cyclase 2 [Phyllostomus discolor]	89673
XP_036201018.1	XP_028379206	27.468	233	1097	1119	40	5.45e-11	73.2	LOW QUALITY PROTEIN: retinal guanylyl cyclase 2 [Phyllostomus discolor]	89673
XP_036201018.1	XP_016054156	28.571	224	1097	1111	44	1.52e-17	94.4	PREDICTED: LOW QUALITY PROTEIN: retinal guanylyl cyclase 2 [Miniopterus natalensis]	291302
XP_036201018.1	XP_016054156	26.937	271	1097	1111	44	1.42e-14	84.7	PREDICTED: LOW QUALITY PROTEIN: retinal guanylyl cyclase 2 [Miniopterus natalensis]	291302
XP_036201018.1	XP_080930699	30.168	179	1097	1099	34	3.55e-17	93.2	LOW QUALITY PROTEIN: guanylate cyclase 2G-like [Rhinolophus hipposideros]	77218
XP_036201018.1	XP_080930699	30.516	213	1097	1099	34	3.41e-16	90.1	LOW QUALITY PROTEIN: guanylate cyclase 2G-like [Rhinolophus hipposideros]	77218
XP_036201018.1	XP_080982490	26.165	279	1097	1072	48	1.40e-16	91.3	LOW QUALITY PROTEIN: retinal guanylyl cyclase 2 [Miniopterus schreibersii]	9433
XP_036201018.1	XP_080982490	28.625	269	1097	1072	48	3.09e-16	90.1	LOW QUALITY PROTEIN: retinal guanylyl cyclase 2 [Miniopterus schreibersii]	9433
XP_036201018.1	XP_054575231	28.899	218	1097	1125	41	1.58e-16	91.3	LOW QUALITY PROTEIN: retinal guanylyl cyclase 2, partial [Eptesicus fuscus]	29078
XP_036201018.1	XP_054575231	28.629	248	1097	1125	41	3.12e-15	87.0	LOW QUALITY PROTEIN: retinal guanylyl cyclase 2, partial [Eptesicus fuscus]	29078
XP_036201018.1	XP_032987030	26.515	264	1097	1013	42	6.72e-16	89.0	LOW QUALITY PROTEIN: guanylate cyclase 2G-like [Rhinolophus ferrumequinum]	59479
XP_036201018.1	XP_032987030	28.326	233	1097	1013	42	5.34e-14	82.8	LOW QUALITY PROTEIN: guanylate cyclase 2G-like [Rhinolophus ferrumequinum]	59479
XP_036201018.1	XP_066210820	30.435	207	1097	1024	39	8.22e-16	88.6	guanylate cyclase 2G-like [Saccopteryx leptura]	249018
XP_036201018.1	XP_066210820	31.839	223	1097	1024	39	7.33e-15	85.5	guanylate cyclase 2G-like [Saccopteryx leptura]	249018
XP_036201018.1	XP_066094743	28.936	235	1097	1024	40	5.04e-15	86.3	guanylate cyclase 2G-like [Saccopteryx bilineata]	59482
XP_036201018.1	XP_066094743	31.390	223	1097	1024	40	1.98e-14	84.3	guanylate cyclase 2G-like [Saccopteryx bilineata]	59482
XP_036201018.1	XP_035866295	32.335	167	1097	538	15	1.05e-14	84.3	adenylate cyclase type 1-like [Phyllostomus discolor]	89673
XP_036201018.1	XP_080937135	31.472	197	1097	993	32	2.33e-14	84.0	LOW QUALITY PROTEIN: retinal guanylyl cyclase 2 [Myotis nattereri]	109481
XP_036201018.1	XP_080937135	32.298	161	1097	993	32	1.45e-12	78.2	LOW QUALITY PROTEIN: retinal guanylyl cyclase 2 [Myotis nattereri]	109481
XP_036201018.1	XP_014394332	30.952	168	1097	1090	33	5.68e-14	82.8	PREDICTED: LOW QUALITY PROTEIN: retinal guanylyl cyclase 2 [Myotis brandtii]	109478
XP_036201018.1	XP_014394332	30.097	206	1097	1090	33	4.08e-12	76.6	PREDICTED: LOW QUALITY PROTEIN: retinal guanylyl cyclase 2 [Myotis brandtii]	109478
XP_036201018.1	XP_035883420	27.586	232	1097	712	40	7.58e-14	82.0	LOW QUALITY PROTEIN: guanylate cyclase 2G-like [Phyllostomus discolor]	89673
XP_036201018.1	XP_035883420	28.378	222	1097	712	40	2.86e-13	80.1	LOW QUALITY PROTEIN: guanylate cyclase 2G-like [Phyllostomus discolor]	89673
XP_036201018.1	XP_080899133	24.296	284	1097	1005	46	9.25e-14	82.0	LOW QUALITY PROTEIN: retinal guanylyl cyclase 2 [Rhinolophus hipposideros]	77218
XP_036201018.1	XP_080899133	27.686	242	1097	1005	46	1.17e-12	78.6	LOW QUALITY PROTEIN: retinal guanylyl cyclase 2 [Rhinolophus hipposideros]	77218
XP_036201018.1	XP_039726832	30.180	222	1097	930	20	9.56e-14	82.0	LOW QUALITY PROTEIN: guanylate cyclase 2G-like [Pteropus medius]	143291
XP_036201018.1	XP_054436374	26.923	208	1097	1099	19	1.05e-13	82.0	LOW QUALITY PROTEIN: retinal guanylyl cyclase 2 [Pteronotus mesoamericanus]	1884717
XP_036201018.1	XP_006082400	28.889	180	1097	1069	33	2.58e-13	80.5	LOW QUALITY PROTEIN: retinal guanylyl cyclase 2 [Myotis lucifugus]	59463
XP_036201018.1	XP_006082400	30.769	208	1097	1069	33	9.79e-11	72.0	LOW QUALITY PROTEIN: retinal guanylyl cyclase 2 [Myotis lucifugus]	59463
XP_036201018.1	XP_032988005	27.354	223	1097	982	41	2.91e-13	80.5	LOW QUALITY PROTEIN: retinal guanylyl cyclase 2 [Rhinolophus ferrumequinum]	59479
XP_036201018.1	XP_032988005	27.542	236	1097	982	41	1.24e-11	75.1	LOW QUALITY PROTEIN: retinal guanylyl cyclase 2 [Rhinolophus ferrumequinum]	59479
XP_036201018.1	XP_045710478	31.081	222	1097	1062	35	3.32e-13	80.1	LOW QUALITY PROTEIN: guanylate cyclase 2G-like [Phyllostomus hastatus]	9423
XP_036201018.1	XP_045710478	29.121	182	1097	1062	35	1.21e-11	75.1	LOW QUALITY PROTEIN: guanylate cyclase 2G-like [Phyllostomus hastatus]	9423
XP_036201018.1	XP_006921006	33.571	140	1097	851	12	3.42e-13	80.1	LOW QUALITY PROTEIN: guanylate cyclase 2G-like [Pteropus alecto]	9402
XP_036201018.1	XP_053524636	30.317	221	1097	1033	40	1.54e-12	78.2	LOW QUALITY PROTEIN: guanylate cyclase 2G-like [Artibeus jamaicensis]	9417
XP_036201018.1	XP_053524636	28.571	238	1097	1033	40	8.43e-12	75.5	LOW QUALITY PROTEIN: guanylate cyclase 2G-like [Artibeus jamaicensis]	9417
XP_036201018.1	XP_036297592	29.487	156	1097	1034	14	1.58e-12	78.2	atrial natriuretic peptide receptor 1 isoform X2 [Pipistrellus kuhlii]	59472
XP_036201018.1	XP_036894329	27.950	161	1097	924	31	1.85e-12	77.8	LOW QUALITY PROTEIN: guanylate cyclase D-like [Sturnira hondurensis]	192404
XP_036201018.1	XP_036894329	31.720	186	1097	924	31	5.81e-11	72.8	LOW QUALITY PROTEIN: guanylate cyclase D-like [Sturnira hondurensis]	192404
XP_036201018.1	XP_059531351	29.487	156	1097	1026	14	1.96e-12	77.8	atrial natriuretic peptide receptor 1 isoform X2 [Myotis daubentonii]	98922
XP_036201018.1	XP_036199799	29.487	156	1097	1026	14	2.01e-12	77.8	atrial natriuretic peptide receptor 1 isoform X2 [Myotis myotis]	51298
XP_036201018.1	XP_036310331	27.000	200	1097	736	18	4.37e-12	76.3	LOW QUALITY PROTEIN: retinal guanylyl cyclase 2 [Pipistrellus kuhlii]	59472
XP_036201018.1	XP_039714661	30.137	146	1097	574	13	7.54e-12	75.1	guanylate cyclase soluble subunit alpha-2 isoform X2 [Pteropus medius]	143291
XP_036201018.1	XP_036186314	28.662	157	1097	1023	14	8.39e-12	75.5	atrial natriuretic peptide receptor 2 isoform X10 [Myotis myotis]	51298
XP_036201018.1	XP_054572926	28.302	159	1097	596	14	1.05e-11	74.7	guanylate cyclase soluble subunit alpha-1 isoform X2 [Eptesicus fuscus]	29078
XP_036201018.1	XP_006773345	36.242	149	1097	1020	13	1.25e-11	75.1	PREDICTED: heat-stable enterotoxin receptor [Myotis davidii]	225400
XP_036201018.1	XP_019488370	28.311	219	1097	1090	19	1.40e-11	75.1	PREDICTED: LOW QUALITY PROTEIN: retinal guanylyl cyclase 2 [Hipposideros armiger]	186990
XP_036201018.1	XP_015418011	28.481	158	1097	849	14	1.92e-11	74.3	PREDICTED: retinal guanylyl cyclase 1, partial [Myotis davidii]	225400
