XP_036193927.1	XP_036193927	100.000	1248	1248	1248	100	0.0	2577	adenylate cyclase type 8 isoform X1 [Myotis myotis]	51298
XP_036193927.1	XP_070248448	99.760	1248	1248	1248	100	0.0	2575	adenylate cyclase type 8 isoform X1 [Myotis yumanensis]	159337
XP_036193927.1	XP_059528290	99.760	1248	1248	1248	100	0.0	2573	adenylate cyclase type 8 isoform X1 [Myotis daubentonii]	98922
XP_036193927.1	XP_080967428	99.679	1248	1248	1248	100	0.0	2573	adenylate cyclase type 8 isoform 1 [Myotis nattereri]	109481
XP_036193927.1	XP_008157689	99.600	1249	1248	1249	100	0.0	2568	adenylate cyclase type 8 [Eptesicus fuscus]	29078
XP_036193927.1	XP_079652455	99.600	1249	1248	1249	100	0.0	2568	adenylate cyclase type 8 isoform 1 [Cnephaeus nilssonii]	3371016
XP_036193927.1	XP_080503123	99.439	1248	1248	1248	100	0.0	2565	adenylate cyclase type 8 isoform 1 [Plecotus auritus]	61862
XP_036193927.1	XP_006093353	99.279	1248	1248	1248	100	0.0	2563	adenylate cyclase type 8 isoform X1 [Myotis lucifugus]	59463
XP_036193927.1	XP_032982362	97.360	1250	1248	1250	100	0.0	2516	adenylate cyclase type 8 isoform X1 [Rhinolophus ferrumequinum]	59479
XP_036193927.1	XP_028389676	97.049	1254	1248	1254	100	0.0	2514	adenylate cyclase type 8 isoform X1 [Phyllostomus discolor]	89673
XP_036193927.1	XP_019579456	97.280	1250	1248	1250	100	0.0	2513	adenylate cyclase type 8 isoform X1 [Rhinolophus sinicus]	89399
XP_036193927.1	XP_054446071	97.045	1252	1248	1252	100	0.0	2510	adenylate cyclase type 8 [Pteronotus mesoamericanus]	1884717
XP_036193927.1	XP_036119843	97.122	1251	1248	1250	100	0.0	2509	adenylate cyclase type 8 isoform X1 [Molossus molossus]	27622
XP_036193927.1	XP_045717105	96.808	1253	1248	1253	100	0.0	2508	adenylate cyclase type 8 [Phyllostomus hastatus]	9423
XP_036193927.1	XP_024427981	96.730	1254	1248	1254	100	0.0	2508	adenylate cyclase type 8 isoform X1 [Desmodus rotundus]	9430
XP_036193927.1	XP_037022590	96.728	1253	1248	1253	100	0.0	2506	adenylate cyclase type 8 isoform X3 [Artibeus jamaicensis]	9417
XP_036193927.1	XP_036293438	97.684	1252	1248	1249	100	0.0	2506	adenylate cyclase type 8 isoform X1 [Pipistrellus kuhlii]	59472
XP_036193927.1	XP_036904455	96.728	1253	1248	1253	100	0.0	2505	adenylate cyclase type 8 isoform X1 [Sturnira hondurensis]	192404
XP_036193927.1	XP_066121743	96.565	1252	1248	1252	100	0.0	2496	adenylate cyclase type 8 [Saccopteryx bilineata]	59482
XP_036193927.1	XP_080926443	96.720	1250	1248	1250	100	0.0	2496	adenylate cyclase type 8 isoform 1 [Rhinolophus hipposideros]	77218
XP_036193927.1	XP_036193928	97.596	1248	1248	1218	100	0.0	2496	adenylate cyclase type 8 isoform X2 [Myotis myotis]	51298
XP_036193927.1	XP_070248449	97.356	1248	1248	1218	100	0.0	2493	adenylate cyclase type 8 isoform X2 [Myotis yumanensis]	159337
XP_036193927.1	XP_059528292	97.356	1248	1248	1218	100	0.0	2491	adenylate cyclase type 8 isoform X2 [Myotis daubentonii]	98922
XP_036193927.1	XP_080967429	97.276	1248	1248	1218	100	0.0	2491	adenylate cyclase type 8 isoform 2 [Myotis nattereri]	109481
XP_036193927.1	XP_066235634	96.326	1252	1248	1252	100	0.0	2489	adenylate cyclase type 8 [Saccopteryx leptura]	249018
XP_036193927.1	XP_015975308	96.246	1252	1248	1251	100	0.0	2488	adenylate cyclase type 8 isoform X1 [Rousettus aegyptiacus]	9407
XP_036193927.1	XP_006912984	96.169	1253	1248	1253	100	0.0	2486	adenylate cyclase type 8 isoform X1 [Pteropus alecto]	9402
XP_036193927.1	XP_079652456	97.198	1249	1248	1219	100	0.0	2485	adenylate cyclase type 8 isoform 2 [Cnephaeus nilssonii]	3371016
XP_036193927.1	XP_039701812	96.010	1253	1248	1253	100	0.0	2482	adenylate cyclase type 8 isoform X1 [Pteropus medius]	143291
XP_036193927.1	XP_080503124	97.035	1248	1248	1218	100	0.0	2481	adenylate cyclase type 8 isoform 2 [Plecotus auritus]	61862
XP_036193927.1	XP_006093354	96.875	1248	1248	1218	100	0.0	2479	adenylate cyclase type 8 isoform X2 [Myotis lucifugus]	59463
XP_036193927.1	XP_080972611	95.516	1249	1248	1244	100	0.0	2456	adenylate cyclase type 8 isoform 1 [Miniopterus schreibersii]	9433
XP_036193927.1	XP_032982364	94.960	1250	1248	1220	100	0.0	2436	adenylate cyclase type 8 isoform X2 [Rhinolophus ferrumequinum]	59479
XP_036193927.1	XP_035887321	94.657	1254	1248	1224	100	0.0	2433	adenylate cyclase type 8 isoform X2 [Phyllostomus discolor]	89673
XP_036193927.1	XP_019579465	94.880	1250	1248	1220	100	0.0	2428	adenylate cyclase type 8 isoform X2 [Rhinolophus sinicus]	89399
XP_036193927.1	XP_045037715	94.338	1254	1248	1224	100	0.0	2427	adenylate cyclase type 8 isoform X2 [Desmodus rotundus]	9430
XP_036193927.1	XP_036293439	95.288	1252	1248	1219	100	0.0	2425	adenylate cyclase type 8 isoform X2 [Pipistrellus kuhlii]	59472
XP_036193927.1	XP_036904456	94.334	1253	1248	1223	100	0.0	2424	adenylate cyclase type 8 isoform X2 [Sturnira hondurensis]	192404
XP_036193927.1	XP_080926444	94.320	1250	1248	1220	100	0.0	2417	adenylate cyclase type 8 isoform 2 [Rhinolophus hipposideros]	77218
XP_036193927.1	XP_015975309	93.850	1252	1248	1221	100	0.0	2408	adenylate cyclase type 8 isoform X2 [Rousettus aegyptiacus]	9407
XP_036193927.1	XP_039701813	93.615	1253	1248	1223	100	0.0	2403	adenylate cyclase type 8 isoform X2 [Pteropus medius]	143291
XP_036193927.1	XP_080972612	93.195	1249	1248	1214	100	0.0	2377	adenylate cyclase type 8 isoform 2 [Miniopterus schreibersii]	9433
XP_036193927.1	XP_011372134	91.280	1273	1248	1262	100	0.0	2228	adenylate cyclase type 8 [Pteropus vampyrus]	132908
XP_036193927.1	XP_019481019	90.880	1250	1248	1236	100	0.0	2157	PREDICTED: adenylate cyclase type 8 [Hipposideros armiger]	186990
XP_036193927.1	XP_016071485	97.470	1067	1248	1067	85	0.0	2153	PREDICTED: adenylate cyclase type 8 isoform X1 [Miniopterus natalensis]	291302
XP_036193927.1	XP_005872848	96.998	1066	1248	1036	85	0.0	2115	PREDICTED: adenylate cyclase type 8 isoform X1 [Myotis brandtii]	109478
XP_036193927.1	XP_036193929	100.000	635	1248	1182	98	0.0	1322	adenylate cyclase type 8 isoform X3 [Myotis myotis]	51298
XP_036193927.1	XP_036193929	94.719	587	1248	1182	98	0.0	1129	adenylate cyclase type 8 isoform X3 [Myotis myotis]	51298
XP_036193927.1	XP_036193929	27.815	302	1248	1182	98	1.17e-19	101	adenylate cyclase type 8 isoform X3 [Myotis myotis]	51298
XP_036193927.1	XP_036193929	31.746	189	1248	1182	98	2.59e-19	100	adenylate cyclase type 8 isoform X3 [Myotis myotis]	51298
XP_036193927.1	XP_059528293	99.843	635	1248	1182	98	0.0	1320	adenylate cyclase type 8 isoform X3 [Myotis daubentonii]	98922
XP_036193927.1	XP_059528293	94.378	587	1248	1182	98	0.0	1127	adenylate cyclase type 8 isoform X3 [Myotis daubentonii]	98922
XP_036193927.1	XP_059528293	27.815	302	1248	1182	98	1.16e-19	101	adenylate cyclase type 8 isoform X3 [Myotis daubentonii]	98922
XP_036193927.1	XP_059528293	31.746	189	1248	1182	98	2.64e-19	100	adenylate cyclase type 8 isoform X3 [Myotis daubentonii]	98922
XP_036193927.1	XP_070248450	99.843	635	1248	1182	98	0.0	1319	adenylate cyclase type 8 isoform X3 [Myotis yumanensis]	159337
XP_036193927.1	XP_070248450	94.378	587	1248	1182	98	0.0	1129	adenylate cyclase type 8 isoform X3 [Myotis yumanensis]	159337
XP_036193927.1	XP_070248450	27.815	302	1248	1182	98	1.12e-19	101	adenylate cyclase type 8 isoform X3 [Myotis yumanensis]	159337
XP_036193927.1	XP_070248450	31.746	189	1248	1182	98	2.61e-19	100	adenylate cyclase type 8 isoform X3 [Myotis yumanensis]	159337
XP_036193927.1	XP_079652457	99.371	636	1248	1183	98	0.0	1312	adenylate cyclase type 8 isoform 3 [Cnephaeus nilssonii]	3371016
XP_036193927.1	XP_079652457	94.549	587	1248	1183	98	0.0	1130	adenylate cyclase type 8 isoform 3 [Cnephaeus nilssonii]	3371016
XP_036193927.1	XP_079652457	31.746	189	1248	1183	98	1.77e-19	100	adenylate cyclase type 8 isoform 3 [Cnephaeus nilssonii]	3371016
XP_036193927.1	XP_079652457	31.746	189	1248	1183	98	2.73e-19	100	adenylate cyclase type 8 isoform 3 [Cnephaeus nilssonii]	3371016
XP_036193927.1	XP_080503126	99.213	635	1248	1152	98	0.0	1310	adenylate cyclase type 8 isoform 4 [Plecotus auritus]	61862
XP_036193927.1	XP_080503126	89.267	587	1248	1152	98	0.0	1047	adenylate cyclase type 8 isoform 4 [Plecotus auritus]	61862
XP_036193927.1	XP_080503126	27.815	302	1248	1152	98	1.15e-19	101	adenylate cyclase type 8 isoform 4 [Plecotus auritus]	61862
XP_036193927.1	XP_080503126	31.746	189	1248	1152	98	2.53e-19	100	adenylate cyclase type 8 isoform 4 [Plecotus auritus]	61862
XP_036193927.1	XP_080503125	99.213	635	1248	1182	98	0.0	1310	adenylate cyclase type 8 isoform 3 [Plecotus auritus]	61862
XP_036193927.1	XP_080503125	94.378	587	1248	1182	98	0.0	1129	adenylate cyclase type 8 isoform 3 [Plecotus auritus]	61862
XP_036193927.1	XP_080503125	27.815	302	1248	1182	98	1.30e-19	101	adenylate cyclase type 8 isoform 3 [Plecotus auritus]	61862
XP_036193927.1	XP_080503125	31.746	189	1248	1182	98	2.73e-19	100	adenylate cyclase type 8 isoform 3 [Plecotus auritus]	61862
XP_036193927.1	XP_036119844	92.608	744	1248	1119	93	0.0	1300	adenylate cyclase type 8 isoform X2 [Molossus molossus]	27622
XP_036193927.1	XP_036119844	94.639	429	1248	1119	93	0.0	806	adenylate cyclase type 8 isoform X2 [Molossus molossus]	27622
XP_036193927.1	XP_036119844	28.235	340	1248	1119	93	1.28e-19	101	adenylate cyclase type 8 isoform X2 [Molossus molossus]	27622
XP_036193927.1	XP_036119844	28.826	281	1248	1119	93	1.56e-19	101	adenylate cyclase type 8 isoform X2 [Molossus molossus]	27622
XP_036193927.1	XP_032982365	97.013	636	1248	1184	98	0.0	1284	adenylate cyclase type 8 isoform X3 [Rhinolophus ferrumequinum]	59479
XP_036193927.1	XP_032982365	92.347	588	1248	1184	98	0.0	1106	adenylate cyclase type 8 isoform X3 [Rhinolophus ferrumequinum]	59479
XP_036193927.1	XP_032982365	29.930	284	1248	1184	98	4.75e-20	102	adenylate cyclase type 8 isoform X3 [Rhinolophus ferrumequinum]	59479
XP_036193927.1	XP_032982365	28.235	340	1248	1184	98	1.19e-19	101	adenylate cyclase type 8 isoform X3 [Rhinolophus ferrumequinum]	59479
XP_036193927.1	XP_019579484	97.013	636	1248	1184	98	0.0	1283	adenylate cyclase type 8 isoform X3 [Rhinolophus sinicus]	89399
XP_036193927.1	XP_019579484	92.177	588	1248	1184	98	0.0	1101	adenylate cyclase type 8 isoform X3 [Rhinolophus sinicus]	89399
XP_036193927.1	XP_019579484	29.930	284	1248	1184	98	5.97e-20	102	adenylate cyclase type 8 isoform X3 [Rhinolophus sinicus]	89399
XP_036193927.1	XP_019579484	30.631	222	1248	1184	98	1.33e-19	101	adenylate cyclase type 8 isoform X3 [Rhinolophus sinicus]	89399
XP_036193927.1	XP_035887322	96.406	640	1248	1188	98	0.0	1283	adenylate cyclase type 8 isoform X3 [Phyllostomus discolor]	89673
XP_036193927.1	XP_035887322	92.347	588	1248	1188	98	0.0	1104	adenylate cyclase type 8 isoform X3 [Phyllostomus discolor]	89673
XP_036193927.1	XP_035887322	28.470	281	1248	1188	98	1.76e-19	100	adenylate cyclase type 8 isoform X3 [Phyllostomus discolor]	89673
XP_036193927.1	XP_035887322	31.915	188	1248	1188	98	3.16e-19	100	adenylate cyclase type 8 isoform X3 [Phyllostomus discolor]	89673
XP_036193927.1	XP_006912985	91.421	746	1248	1122	93	0.0	1276	adenylate cyclase type 8 isoform X2 [Pteropus alecto]	9402
XP_036193927.1	XP_006912985	93.939	429	1248	1122	93	0.0	808	adenylate cyclase type 8 isoform X2 [Pteropus alecto]	9402
XP_036193927.1	XP_006912985	28.470	281	1248	1122	93	2.71e-19	100	adenylate cyclase type 8 isoform X2 [Pteropus alecto]	9402
XP_036193927.1	XP_006912985	29.353	201	1248	1122	93	6.91e-19	99.0	adenylate cyclase type 8 isoform X2 [Pteropus alecto]	9402
XP_036193927.1	XP_036904457	95.775	639	1248	1187	98	0.0	1272	adenylate cyclase type 8 isoform X3 [Sturnira hondurensis]	192404
XP_036193927.1	XP_036904457	92.347	588	1248	1187	98	0.0	1103	adenylate cyclase type 8 isoform X3 [Sturnira hondurensis]	192404
XP_036193927.1	XP_036904457	28.931	318	1248	1187	98	5.00e-20	102	adenylate cyclase type 8 isoform X3 [Sturnira hondurensis]	192404
XP_036193927.1	XP_036904457	31.915	188	1248	1187	98	4.63e-19	99.8	adenylate cyclase type 8 isoform X3 [Sturnira hondurensis]	192404
XP_036193927.1	XP_015975312	94.984	638	1248	1155	98	0.0	1259	adenylate cyclase type 8 isoform X4 [Rousettus aegyptiacus]	9407
XP_036193927.1	XP_015975312	87.075	588	1248	1155	98	0.0	999	adenylate cyclase type 8 isoform X4 [Rousettus aegyptiacus]	9407
XP_036193927.1	XP_015975312	28.235	340	1248	1155	98	1.35e-19	101	adenylate cyclase type 8 isoform X4 [Rousettus aegyptiacus]	9407
XP_036193927.1	XP_015975312	30.631	222	1248	1155	98	2.02e-19	100	adenylate cyclase type 8 isoform X4 [Rousettus aegyptiacus]	9407
XP_036193927.1	XP_036293440	96.401	639	1248	1183	98	0.0	1259	adenylate cyclase type 8 isoform X3 [Pipistrellus kuhlii]	59472
XP_036193927.1	XP_036293440	93.697	587	1248	1183	98	0.0	1122	adenylate cyclase type 8 isoform X3 [Pipistrellus kuhlii]	59472
XP_036193927.1	XP_036293440	29.123	285	1248	1183	98	1.38e-19	101	adenylate cyclase type 8 isoform X3 [Pipistrellus kuhlii]	59472
XP_036193927.1	XP_036293440	31.746	189	1248	1183	98	2.55e-19	100	adenylate cyclase type 8 isoform X3 [Pipistrellus kuhlii]	59472
XP_036193927.1	XP_015975311	94.984	638	1248	1185	98	0.0	1258	adenylate cyclase type 8 isoform X3 [Rousettus aegyptiacus]	9407
XP_036193927.1	XP_015975311	92.177	588	1248	1185	98	0.0	1102	adenylate cyclase type 8 isoform X3 [Rousettus aegyptiacus]	9407
XP_036193927.1	XP_015975311	28.235	340	1248	1185	98	1.60e-19	101	adenylate cyclase type 8 isoform X3 [Rousettus aegyptiacus]	9407
XP_036193927.1	XP_015975311	30.631	222	1248	1185	98	2.43e-19	100	adenylate cyclase type 8 isoform X3 [Rousettus aegyptiacus]	9407
XP_036193927.1	XP_080972613	93.858	635	1248	1178	98	0.0	1127	adenylate cyclase type 8 isoform 3 [Miniopterus schreibersii]	9433
XP_036193927.1	XP_080972613	91.356	590	1248	1178	98	0.0	1073	adenylate cyclase type 8 isoform 3 [Miniopterus schreibersii]	9433
XP_036193927.1	XP_080972613	30.631	222	1248	1178	98	1.54e-19	101	adenylate cyclase type 8 isoform 3 [Miniopterus schreibersii]	9433
XP_036193927.1	XP_080972613	25.059	427	1248	1178	98	3.57e-19	100	adenylate cyclase type 8 isoform 3 [Miniopterus schreibersii]	9433
XP_036193927.1	XP_014400479	94.397	589	1248	1000	83	0.0	1112	PREDICTED: adenylate cyclase type 8 isoform X2 [Myotis brandtii]	109478
XP_036193927.1	XP_014400479	99.779	453	1248	1000	83	0.0	872	PREDICTED: adenylate cyclase type 8 isoform X2 [Myotis brandtii]	109478
XP_036193927.1	XP_014400479	29.123	285	1248	1000	83	1.38e-19	101	PREDICTED: adenylate cyclase type 8 isoform X2 [Myotis brandtii]	109478
XP_036193927.1	XP_014400479	30.631	222	1248	1000	83	2.57e-19	100	PREDICTED: adenylate cyclase type 8 isoform X2 [Myotis brandtii]	109478
XP_036193927.1	XP_014315161	94.397	589	1248	1000	83	0.0	1112	adenylate cyclase type 8 isoform X3 [Myotis lucifugus]	59463
XP_036193927.1	XP_014315161	99.779	453	1248	1000	83	0.0	872	adenylate cyclase type 8 isoform X3 [Myotis lucifugus]	59463
XP_036193927.1	XP_014315161	29.123	285	1248	1000	83	1.38e-19	101	adenylate cyclase type 8 isoform X3 [Myotis lucifugus]	59463
XP_036193927.1	XP_014315161	30.631	222	1248	1000	83	2.57e-19	100	adenylate cyclase type 8 isoform X3 [Myotis lucifugus]	59463
XP_036193927.1	XP_039701814	91.497	588	1248	1001	83	0.0	1080	adenylate cyclase type 8 isoform X3 [Pteropus medius]	143291
XP_036193927.1	XP_039701814	96.909	453	1248	1001	83	0.0	849	adenylate cyclase type 8 isoform X3 [Pteropus medius]	143291
XP_036193927.1	XP_039701814	29.362	235	1248	1001	83	1.60e-19	100	adenylate cyclase type 8 isoform X3 [Pteropus medius]	143291
XP_036193927.1	XP_039701814	30.851	188	1248	1001	83	8.84e-19	98.6	adenylate cyclase type 8 isoform X3 [Pteropus medius]	143291
XP_036193927.1	XP_053517032	91.695	590	1248	1001	83	0.0	1079	adenylate cyclase type 8 isoform X2 [Artibeus jamaicensis]	9417
XP_036193927.1	XP_053517032	97.792	453	1248	1001	83	0.0	859	adenylate cyclase type 8 isoform X2 [Artibeus jamaicensis]	9417
XP_036193927.1	XP_053517032	28.664	307	1248	1001	83	1.03e-19	101	adenylate cyclase type 8 isoform X2 [Artibeus jamaicensis]	9417
XP_036193927.1	XP_053517032	31.915	188	1248	1001	83	4.67e-19	99.4	adenylate cyclase type 8 isoform X2 [Artibeus jamaicensis]	9417
XP_036193927.1	XP_015416939	93.671	553	1248	967	81	0.0	1030	PREDICTED: adenylate cyclase type 8 [Myotis davidii]	225400
XP_036193927.1	XP_015416939	100.000	453	1248	967	81	0.0	877	PREDICTED: adenylate cyclase type 8 [Myotis davidii]	225400
XP_036193927.1	XP_015416939	30.198	202	1248	967	81	1.16e-19	101	PREDICTED: adenylate cyclase type 8 [Myotis davidii]	225400
XP_036193927.1	XP_015416939	30.631	222	1248	967	81	3.15e-19	100	PREDICTED: adenylate cyclase type 8 [Myotis davidii]	225400
XP_036193927.1	XP_016071486	93.214	560	1248	936	79	0.0	999	PREDICTED: adenylate cyclase type 8 isoform X2 [Miniopterus natalensis]	291302
XP_036193927.1	XP_016071486	94.639	429	1248	936	79	0.0	813	PREDICTED: adenylate cyclase type 8 isoform X2 [Miniopterus natalensis]	291302
XP_036193927.1	XP_016071486	30.631	222	1248	936	79	1.54e-19	100	PREDICTED: adenylate cyclase type 8 isoform X2 [Miniopterus natalensis]	291302
XP_036193927.1	XP_016071486	31.915	188	1248	936	79	3.67e-19	99.8	PREDICTED: adenylate cyclase type 8 isoform X2 [Miniopterus natalensis]	291302
XP_036193927.1	XP_053517031	86.610	590	1248	971	83	0.0	998	adenylate cyclase type 8 isoform X1 [Artibeus jamaicensis]	9417
XP_036193927.1	XP_053517031	97.792	453	1248	971	83	0.0	860	adenylate cyclase type 8 isoform X1 [Artibeus jamaicensis]	9417
XP_036193927.1	XP_053517031	28.664	307	1248	971	83	8.95e-20	101	adenylate cyclase type 8 isoform X1 [Artibeus jamaicensis]	9417
XP_036193927.1	XP_053517031	31.915	188	1248	971	83	4.01e-19	99.8	adenylate cyclase type 8 isoform X1 [Artibeus jamaicensis]	9417
XP_036193927.1	XP_039701816	86.395	588	1248	971	83	0.0	998	adenylate cyclase type 8 isoform X4 [Pteropus medius]	143291
XP_036193927.1	XP_039701816	96.909	453	1248	971	83	0.0	850	adenylate cyclase type 8 isoform X4 [Pteropus medius]	143291
XP_036193927.1	XP_039701816	29.362	235	1248	971	83	1.67e-19	100	adenylate cyclase type 8 isoform X4 [Pteropus medius]	143291
XP_036193927.1	XP_039701816	29.730	222	1248	971	83	8.28e-19	98.6	adenylate cyclase type 8 isoform X4 [Pteropus medius]	143291
XP_036193927.1	XP_039699146	42.239	1063	1248	1259	81	0.0	770	adenylate cyclase type 5 [Pteropus medius]	143291
XP_036193927.1	XP_024433695	42.427	1063	1248	1257	81	0.0	769	adenylate cyclase type 5 isoform X2 [Desmodus rotundus]	9430
XP_036193927.1	XP_066204107	42.239	1063	1248	1259	81	0.0	769	adenylate cyclase type 5 [Saccopteryx leptura]	249018
XP_036193927.1	XP_066096883	42.239	1063	1248	1259	81	0.0	769	adenylate cyclase type 5 [Saccopteryx bilineata]	59482
XP_036193927.1	XP_032977248	42.041	1068	1248	1259	81	0.0	769	adenylate cyclase type 5 isoform X1 [Rhinolophus ferrumequinum]	59479
XP_036193927.1	XP_019594532	42.135	1068	1248	1259	81	0.0	769	adenylate cyclase type 5 isoform X1 [Rhinolophus sinicus]	89399
XP_036193927.1	XP_019517811	41.463	1066	1248	1165	81	0.0	768	PREDICTED: adenylate cyclase type 6 isoform X4 [Hipposideros armiger]	186990
XP_036193927.1	XP_019517810	41.463	1066	1248	1165	81	0.0	768	PREDICTED: adenylate cyclase type 6 isoform X4 [Hipposideros armiger]	186990
XP_036193927.1	XP_019517809	41.463	1066	1248	1165	81	0.0	768	PREDICTED: adenylate cyclase type 6 isoform X4 [Hipposideros armiger]	186990
XP_036193927.1	XP_019517808	41.463	1066	1248	1165	81	0.0	768	PREDICTED: adenylate cyclase type 6 isoform X4 [Hipposideros armiger]	186990
XP_036193927.1	XP_045685848	40.321	1121	1248	1166	84	0.0	768	adenylate cyclase type 6 [Phyllostomus hastatus]	9423
XP_036193927.1	XP_045685847	40.321	1121	1248	1166	84	0.0	768	adenylate cyclase type 6 [Phyllostomus hastatus]	9423
XP_036193927.1	XP_080882321	41.948	1068	1248	1261	81	0.0	768	adenylate cyclase type 5 isoform 1 [Rhinolophus hipposideros]	77218
XP_036193927.1	XP_080995048	41.948	1068	1248	1259	81	0.0	768	adenylate cyclase type 5 isoform 2 [Miniopterus schreibersii]	9433
XP_036193927.1	XP_054431179	42.333	1063	1248	1262	81	0.0	768	adenylate cyclase type 5 [Pteronotus mesoamericanus]	1884717
XP_036193927.1	XP_019517806	41.353	1064	1248	1180	81	0.0	767	PREDICTED: adenylate cyclase type 6 isoform X2 [Hipposideros armiger]	186990
XP_036193927.1	XP_036988200	42.145	1063	1248	1259	81	0.0	767	adenylate cyclase type 5 isoform X1 [Artibeus jamaicensis]	9417
XP_036193927.1	XP_019517807	41.463	1066	1248	1177	81	0.0	767	PREDICTED: adenylate cyclase type 6 isoform X3 [Hipposideros armiger]	186990
XP_036193927.1	XP_045706989	42.145	1063	1248	1259	81	0.0	766	adenylate cyclase type 5 isoform X1 [Phyllostomus hastatus]	9423
XP_036193927.1	XP_023613070	42.210	1059	1248	1188	81	0.0	766	LOW QUALITY PROTEIN: adenylate cyclase type 5 [Myotis lucifugus]	59463
XP_036193927.1	XP_036907360	42.145	1063	1248	1259	81	0.0	766	adenylate cyclase type 5 isoform X1 [Sturnira hondurensis]	192404
XP_036193927.1	XP_028360369	42.268	1067	1248	1261	81	0.0	766	adenylate cyclase type 5 [Phyllostomus discolor]	89673
XP_036193927.1	XP_019517805	41.308	1070	1248	1164	81	0.0	766	PREDICTED: adenylate cyclase type 6 isoform X1 [Hipposideros armiger]	186990
XP_036193927.1	XP_074181865	42.308	1066	1248	1166	81	0.0	766	adenylate cyclase type 6 isoform X1 [Rhinolophus sinicus]	89399
XP_036193927.1	XP_074181865	31.780	236	1248	1166	81	7.89e-21	105	adenylate cyclase type 6 isoform X1 [Rhinolophus sinicus]	89399
XP_036193927.1	XP_074181864	42.308	1066	1248	1166	81	0.0	766	adenylate cyclase type 6 isoform X1 [Rhinolophus sinicus]	89399
XP_036193927.1	XP_074181864	31.780	236	1248	1166	81	7.89e-21	105	adenylate cyclase type 6 isoform X1 [Rhinolophus sinicus]	89399
XP_036193927.1	XP_036300493	42.115	1059	1248	1270	81	0.0	765	adenylate cyclase type 5 isoform X1 [Pipistrellus kuhlii]	59472
XP_036193927.1	XP_016014846	41.856	1056	1248	1259	81	0.0	765	adenylate cyclase type 5 isoform X1 [Rousettus aegyptiacus]	9407
XP_036193927.1	XP_024431681	40.731	1122	1248	1178	84	0.0	765	adenylate cyclase type 6 isoform X1 [Desmodus rotundus]	9430
XP_036193927.1	XP_070262450	42.115	1059	1248	1262	81	0.0	764	adenylate cyclase type 5 [Myotis yumanensis]	159337
XP_036193927.1	XP_080941556	41.926	1059	1248	1260	81	0.0	764	adenylate cyclase type 5 isoform 1 [Myotis nattereri]	109481
XP_036193927.1	XP_036206998	41.926	1059	1248	1260	81	0.0	764	adenylate cyclase type 5 isoform X3 [Myotis myotis]	51298
XP_036193927.1	XP_059543627	41.926	1059	1248	1260	81	0.0	763	adenylate cyclase type 5 [Myotis daubentonii]	98922
XP_036193927.1	XP_080984497	41.225	1094	1248	1166	84	0.0	763	adenylate cyclase type 6 isoform 5 [Miniopterus schreibersii]	9433
XP_036193927.1	XP_080984497	31.646	237	1248	1166	84	9.51e-21	105	adenylate cyclase type 6 isoform 5 [Miniopterus schreibersii]	9433
XP_036193927.1	XP_016056698	41.225	1094	1248	1166	84	0.0	763	PREDICTED: adenylate cyclase type 6 isoform X1 [Miniopterus natalensis]	291302
XP_036193927.1	XP_016056698	31.646	237	1248	1166	84	9.43e-21	105	PREDICTED: adenylate cyclase type 6 isoform X1 [Miniopterus natalensis]	291302
XP_036193927.1	XP_053774414	42.028	1085	1248	1276	81	0.0	762	adenylate cyclase type 5 isoform X1 [Desmodus rotundus]	9430
XP_036193927.1	XP_079623214	41.942	1061	1248	1260	81	0.0	762	adenylate cyclase type 5 isoform 1 [Cnephaeus nilssonii]	3371016
XP_036193927.1	XP_080917029	41.490	1087	1248	1165	83	0.0	761	adenylate cyclase type 6 isoform 1 [Rhinolophus hipposideros]	77218
XP_036193927.1	XP_080917029	31.780	236	1248	1165	83	8.66e-21	105	adenylate cyclase type 6 isoform 1 [Rhinolophus hipposideros]	77218
XP_036193927.1	XP_080917028	41.490	1087	1248	1165	83	0.0	761	adenylate cyclase type 6 isoform 1 [Rhinolophus hipposideros]	77218
XP_036193927.1	XP_080917028	31.780	236	1248	1165	83	8.66e-21	105	adenylate cyclase type 6 isoform 1 [Rhinolophus hipposideros]	77218
XP_036193927.1	XP_080917027	41.490	1087	1248	1165	83	0.0	761	adenylate cyclase type 6 isoform 1 [Rhinolophus hipposideros]	77218
XP_036193927.1	XP_080917027	31.780	236	1248	1165	83	8.66e-21	105	adenylate cyclase type 6 isoform 1 [Rhinolophus hipposideros]	77218
XP_036193927.1	XP_080514420	41.761	1056	1248	1257	81	0.0	761	adenylate cyclase type 5 isoform 3 [Plecotus auritus]	61862
XP_036193927.1	XP_036107642	41.252	1086	1248	1166	83	0.0	761	adenylate cyclase type 6 isoform X1 [Molossus molossus]	27622
XP_036193927.1	XP_036107642	31.646	237	1248	1166	83	9.12e-21	105	adenylate cyclase type 6 isoform X1 [Molossus molossus]	27622
XP_036193927.1	XP_036107641	41.252	1086	1248	1166	83	0.0	761	adenylate cyclase type 6 isoform X1 [Molossus molossus]	27622
XP_036193927.1	XP_036107641	31.646	237	1248	1166	83	9.12e-21	105	adenylate cyclase type 6 isoform X1 [Molossus molossus]	27622
XP_036193927.1	XP_036107640	41.252	1086	1248	1166	83	0.0	761	adenylate cyclase type 6 isoform X1 [Molossus molossus]	27622
XP_036193927.1	XP_036107640	31.646	237	1248	1166	83	9.12e-21	105	adenylate cyclase type 6 isoform X1 [Molossus molossus]	27622
XP_036193927.1	XP_036107639	41.252	1086	1248	1166	83	0.0	761	adenylate cyclase type 6 isoform X1 [Molossus molossus]	27622
XP_036193927.1	XP_036107639	31.646	237	1248	1166	83	9.12e-21	105	adenylate cyclase type 6 isoform X1 [Molossus molossus]	27622
XP_036193927.1	XP_036107638	41.252	1086	1248	1166	83	0.0	761	adenylate cyclase type 6 isoform X1 [Molossus molossus]	27622
XP_036193927.1	XP_036107638	31.646	237	1248	1166	83	9.12e-21	105	adenylate cyclase type 6 isoform X1 [Molossus molossus]	27622
XP_036193927.1	XP_054569890	41.942	1061	1248	1260	81	0.0	761	adenylate cyclase type 5 [Eptesicus fuscus]	29078
XP_036193927.1	XP_054447146	41.573	1068	1248	1166	81	0.0	760	adenylate cyclase type 6 [Pteronotus mesoamericanus]	1884717
XP_036193927.1	XP_054447146	31.646	237	1248	1166	81	9.93e-21	105	adenylate cyclase type 6 [Pteronotus mesoamericanus]	1884717
XP_036193927.1	XP_054447144	41.573	1068	1248	1166	81	0.0	760	adenylate cyclase type 6 [Pteronotus mesoamericanus]	1884717
XP_036193927.1	XP_054447144	31.646	237	1248	1166	81	9.93e-21	105	adenylate cyclase type 6 [Pteronotus mesoamericanus]	1884717
XP_036193927.1	XP_054447143	41.573	1068	1248	1166	81	0.0	760	adenylate cyclase type 6 [Pteronotus mesoamericanus]	1884717
XP_036193927.1	XP_054447143	31.646	237	1248	1166	81	9.93e-21	105	adenylate cyclase type 6 [Pteronotus mesoamericanus]	1884717
XP_036193927.1	XP_036098667	41.957	1063	1248	1259	81	0.0	760	adenylate cyclase type 5 isoform X1 [Molossus molossus]	27622
XP_036193927.1	XP_035875000	40.321	1121	1248	1166	84	0.0	759	adenylate cyclase type 6 [Phyllostomus discolor]	89673
XP_036193927.1	XP_035874999	40.321	1121	1248	1166	84	0.0	759	adenylate cyclase type 6 [Phyllostomus discolor]	89673
XP_036193927.1	XP_036886939	41.651	1066	1248	1167	81	0.0	759	adenylate cyclase type 6 [Sturnira hondurensis]	192404
XP_036193927.1	XP_036886939	31.646	237	1248	1167	81	9.44e-21	105	adenylate cyclase type 6 [Sturnira hondurensis]	192404
XP_036193927.1	XP_036886938	41.651	1066	1248	1167	81	0.0	759	adenylate cyclase type 6 [Sturnira hondurensis]	192404
XP_036193927.1	XP_036886938	31.646	237	1248	1167	81	9.44e-21	105	adenylate cyclase type 6 [Sturnira hondurensis]	192404
XP_036193927.1	XP_036886937	41.651	1066	1248	1167	81	0.0	759	adenylate cyclase type 6 [Sturnira hondurensis]	192404
XP_036193927.1	XP_036886937	31.646	237	1248	1167	81	9.44e-21	105	adenylate cyclase type 6 [Sturnira hondurensis]	192404
XP_036193927.1	XP_036886936	41.651	1066	1248	1167	81	0.0	759	adenylate cyclase type 6 [Sturnira hondurensis]	192404
XP_036193927.1	XP_036886936	31.646	237	1248	1167	81	9.44e-21	105	adenylate cyclase type 6 [Sturnira hondurensis]	192404
XP_036193927.1	XP_045444954	41.573	1068	1248	1166	81	0.0	758	adenylate cyclase type 6 isoform X1 [Pipistrellus kuhlii]	59472
XP_036193927.1	XP_036313894	41.573	1068	1248	1166	81	0.0	758	adenylate cyclase type 6 isoform X1 [Pipistrellus kuhlii]	59472
XP_036193927.1	XP_045444951	41.573	1068	1248	1166	81	0.0	758	adenylate cyclase type 6 isoform X1 [Pipistrellus kuhlii]	59472
XP_036193927.1	XP_006772960	43.789	950	1248	994	73	0.0	758	PREDICTED: adenylate cyclase type 5, partial [Myotis davidii]	225400
XP_036193927.1	XP_080940892	41.581	1075	1248	1179	81	0.0	758	adenylate cyclase type 6 [Myotis nattereri]	109481
XP_036193927.1	XP_079630942	41.182	1083	1248	1166	82	0.0	758	adenylate cyclase type 6 isoform 1 [Cnephaeus nilssonii]	3371016
XP_036193927.1	XP_079630941	41.182	1083	1248	1166	82	0.0	758	adenylate cyclase type 6 isoform 1 [Cnephaeus nilssonii]	3371016
XP_036193927.1	XP_079630940	41.182	1083	1248	1180	82	0.0	758	adenylate cyclase type 6 isoform 2 [Cnephaeus nilssonii]	3371016
XP_036193927.1	XP_079630939	41.182	1083	1248	1166	82	0.0	758	adenylate cyclase type 6 isoform 1 [Cnephaeus nilssonii]	3371016
XP_036193927.1	XP_036154396	41.573	1068	1248	1166	81	0.0	757	adenylate cyclase type 6 isoform X2 [Myotis myotis]	51298
XP_036193927.1	XP_080518191	41.479	1068	1248	1166	81	0.0	757	adenylate cyclase type 6 isoform 2 [Plecotus auritus]	61862
XP_036193927.1	XP_045040114	40.335	1133	1248	1177	84	0.0	757	adenylate cyclase type 6 isoform X2 [Desmodus rotundus]	9430
XP_036193927.1	XP_045040113	40.335	1133	1248	1177	84	0.0	757	adenylate cyclase type 6 isoform X2 [Desmodus rotundus]	9430
XP_036193927.1	XP_053777531	40.335	1133	1248	1177	84	0.0	757	adenylate cyclase type 6 isoform X2 [Desmodus rotundus]	9430
XP_036193927.1	XP_059538687	41.573	1068	1248	1166	81	0.0	757	adenylate cyclase type 6 isoform X1 [Myotis daubentonii]	98922
XP_036193927.1	XP_053517632	41.225	1094	1248	1166	84	0.0	757	adenylate cyclase type 6 [Artibeus jamaicensis]	9417
XP_036193927.1	XP_053517632	31.646	237	1248	1166	84	1.07e-20	105	adenylate cyclase type 6 [Artibeus jamaicensis]	9417
XP_036193927.1	XP_036991685	41.225	1094	1248	1166	84	0.0	757	adenylate cyclase type 6 [Artibeus jamaicensis]	9417
XP_036193927.1	XP_036991685	31.646	237	1248	1166	84	1.07e-20	105	adenylate cyclase type 6 [Artibeus jamaicensis]	9417
XP_036193927.1	XP_036991667	41.225	1094	1248	1166	84	0.0	757	adenylate cyclase type 6 [Artibeus jamaicensis]	9417
XP_036193927.1	XP_036991667	31.646	237	1248	1166	84	1.07e-20	105	adenylate cyclase type 6 [Artibeus jamaicensis]	9417
XP_036193927.1	XP_006755545	41.573	1068	1248	1166	81	0.0	756	PREDICTED: adenylate cyclase type 6 isoform X1 [Myotis davidii]	225400
XP_036193927.1	XP_006905658	41.659	1073	1248	1181	81	0.0	756	adenylate cyclase type 5 [Pteropus alecto]	9402
XP_036193927.1	XP_015448692	41.932	1066	1248	1165	81	0.0	755	adenylate cyclase type 6 isoform X2 [Pteropus alecto]	9402
XP_036193927.1	XP_023391196	41.932	1066	1248	1165	81	0.0	755	adenylate cyclase type 6 isoform X2 [Pteropus vampyrus]	132908
XP_036193927.1	XP_039738104	41.932	1066	1248	1165	81	0.0	755	adenylate cyclase type 6 isoform X3 [Pteropus medius]	143291
XP_036193927.1	XP_032972584	41.019	1080	1248	1165	82	0.0	755	adenylate cyclase type 6 [Rhinolophus ferrumequinum]	59479
XP_036193927.1	XP_032972583	41.019	1080	1248	1165	82	0.0	755	adenylate cyclase type 6 [Rhinolophus ferrumequinum]	59479
XP_036193927.1	XP_032972582	41.019	1080	1248	1165	82	0.0	755	adenylate cyclase type 6 [Rhinolophus ferrumequinum]	59479
XP_036193927.1	XP_024906023	41.735	1095	1248	1198	81	0.0	754	adenylate cyclase type 6 isoform X1 [Pteropus alecto]	9402
XP_036193927.1	XP_024906021	41.735	1095	1248	1198	81	0.0	754	adenylate cyclase type 6 isoform X1 [Pteropus alecto]	9402
XP_036193927.1	XP_024906020	41.735	1095	1248	1198	81	0.0	754	adenylate cyclase type 6 isoform X1 [Pteropus alecto]	9402
XP_036193927.1	XP_023391195	41.735	1095	1248	1198	81	0.0	754	adenylate cyclase type 6 isoform X1 [Pteropus vampyrus]	132908
XP_036193927.1	XP_023391194	41.735	1095	1248	1198	81	0.0	754	adenylate cyclase type 6 isoform X1 [Pteropus vampyrus]	132908
XP_036193927.1	XP_023391193	41.735	1095	1248	1198	81	0.0	754	adenylate cyclase type 6 isoform X1 [Pteropus vampyrus]	132908
XP_036193927.1	XP_039738102	41.735	1095	1248	1198	81	0.0	754	adenylate cyclase type 6 isoform X1 [Pteropus medius]	143291
XP_036193927.1	XP_039738101	41.735	1095	1248	1198	81	0.0	754	adenylate cyclase type 6 isoform X1 [Pteropus medius]	143291
XP_036193927.1	XP_039738100	41.735	1095	1248	1198	81	0.0	754	adenylate cyclase type 6 isoform X1 [Pteropus medius]	143291
XP_036193927.1	XP_016007225	41.932	1066	1248	1165	81	0.0	754	adenylate cyclase type 6 isoform X1 [Rousettus aegyptiacus]	9407
XP_036193927.1	XP_016007223	41.932	1066	1248	1165	81	0.0	754	adenylate cyclase type 6 isoform X1 [Rousettus aegyptiacus]	9407
XP_036193927.1	XP_016007222	41.932	1066	1248	1165	81	0.0	754	adenylate cyclase type 6 isoform X1 [Rousettus aegyptiacus]	9407
XP_036193927.1	XP_016007221	41.932	1066	1248	1165	81	0.0	754	adenylate cyclase type 6 isoform X1 [Rousettus aegyptiacus]	9407
XP_036193927.1	XP_016007219	41.932	1066	1248	1165	81	0.0	754	adenylate cyclase type 6 isoform X1 [Rousettus aegyptiacus]	9407
XP_036193927.1	XP_016055425	43.606	954	1248	1018	73	0.0	753	PREDICTED: adenylate cyclase type 5 isoform X2 [Miniopterus natalensis]	291302
XP_036193927.1	XP_014404086	41.386	1068	1248	1166	81	0.0	753	PREDICTED: adenylate cyclase type 6 isoform X2 [Myotis brandtii]	109478
XP_036193927.1	XP_014404085	41.386	1068	1248	1166	81	0.0	753	PREDICTED: adenylate cyclase type 6 isoform X2 [Myotis brandtii]	109478
XP_036193927.1	XP_005877424	41.386	1068	1248	1166	81	0.0	753	PREDICTED: adenylate cyclase type 6 isoform X2 [Myotis brandtii]	109478
XP_036193927.1	XP_014404084	41.386	1068	1248	1166	81	0.0	753	PREDICTED: adenylate cyclase type 6 isoform X2 [Myotis brandtii]	109478
XP_036193927.1	XP_005877423	41.386	1068	1248	1166	81	0.0	753	PREDICTED: adenylate cyclase type 6 isoform X2 [Myotis brandtii]	109478
XP_036193927.1	XP_014404083	41.463	1066	1248	1180	81	0.0	753	PREDICTED: adenylate cyclase type 6 isoform X1 [Myotis brandtii]	109478
XP_036193927.1	XP_011353537	43.776	948	1248	1110	72	0.0	753	adenylate cyclase type 5 [Pteropus vampyrus]	132908
XP_036193927.1	XP_070266430	41.386	1068	1248	1166	81	0.0	753	adenylate cyclase type 6 isoform X1 [Myotis yumanensis]	159337
XP_036193927.1	XP_070266429	41.386	1068	1248	1166	81	0.0	753	adenylate cyclase type 6 isoform X1 [Myotis yumanensis]	159337
XP_036193927.1	XP_014400734	43.836	949	1248	1018	73	0.0	753	PREDICTED: adenylate cyclase type 5 isoform X1 [Myotis brandtii]	109478
XP_036193927.1	XP_008138837	41.463	1066	1248	1166	81	0.0	752	adenylate cyclase type 6 isoform X1 [Eptesicus fuscus]	29078
XP_036193927.1	XP_080984496	41.550	1071	1248	1113	83	0.0	750	adenylate cyclase type 6 isoform 4 [Miniopterus schreibersii]	9433
XP_036193927.1	XP_014313687	41.463	1066	1248	1167	81	0.0	749	LOW QUALITY PROTEIN: adenylate cyclase type 6 [Myotis lucifugus]	59463
XP_036193927.1	XP_036907362	42.407	1047	1248	1241	81	0.0	747	adenylate cyclase type 5 isoform X2 [Sturnira hondurensis]	192404
XP_036193927.1	XP_053519011	42.407	1047	1248	1241	81	0.0	745	adenylate cyclase type 5 isoform X2 [Artibeus jamaicensis]	9417
XP_036193927.1	XP_036206996	42.395	1019	1248	1294	81	0.0	744	adenylate cyclase type 5 isoform X1 [Myotis myotis]	51298
XP_036193927.1	XP_036206996	30.769	260	1248	1294	81	3.55e-20	103	adenylate cyclase type 5 isoform X1 [Myotis myotis]	51298
XP_036193927.1	XP_036206996	28.283	198	1248	1294	81	1.29e-17	95.1	adenylate cyclase type 5 isoform X1 [Myotis myotis]	51298
XP_036193927.1	XP_080882322	41.905	1050	1248	1243	81	0.0	743	adenylate cyclase type 5 isoform 2 [Rhinolophus hipposideros]	77218
XP_036193927.1	XP_016055424	42.725	976	1248	1040	73	0.0	742	PREDICTED: adenylate cyclase type 5 isoform X1 [Miniopterus natalensis]	291302
XP_036193927.1	XP_080984495	41.470	1061	1248	1148	84	0.0	740	adenylate cyclase type 6 isoform 3 [Miniopterus schreibersii]	9433
XP_036193927.1	XP_080984495	31.646	237	1248	1148	84	9.74e-21	105	adenylate cyclase type 6 isoform 3 [Miniopterus schreibersii]	9433
XP_036193927.1	XP_080984493	41.556	1054	1248	1182	84	0.0	740	adenylate cyclase type 6 isoform 1 [Miniopterus schreibersii]	9433
XP_036193927.1	XP_080984493	31.646	237	1248	1182	84	9.76e-21	105	adenylate cyclase type 6 isoform 1 [Miniopterus schreibersii]	9433
XP_036193927.1	XP_080984494	41.500	1053	1248	1172	84	0.0	739	adenylate cyclase type 6 isoform 2 [Miniopterus schreibersii]	9433
XP_036193927.1	XP_080984494	31.646	237	1248	1172	84	7.78e-21	105	adenylate cyclase type 6 isoform 2 [Miniopterus schreibersii]	9433
XP_036193927.1	XP_080984494	25.446	224	1248	1172	84	2.02e-15	87.8	adenylate cyclase type 6 isoform 2 [Miniopterus schreibersii]	9433
XP_036193927.1	XP_066114066	40.640	1063	1248	1166	81	0.0	735	adenylate cyclase type 6 isoform X2 [Saccopteryx bilineata]	59482
XP_036193927.1	XP_066114066	31.646	237	1248	1166	81	1.14e-20	104	adenylate cyclase type 6 isoform X2 [Saccopteryx bilineata]	59482
XP_036193927.1	XP_066114065	40.640	1063	1248	1166	81	0.0	735	adenylate cyclase type 6 isoform X2 [Saccopteryx bilineata]	59482
XP_036193927.1	XP_066114065	31.646	237	1248	1166	81	1.14e-20	104	adenylate cyclase type 6 isoform X2 [Saccopteryx bilineata]	59482
XP_036193927.1	XP_066114064	40.640	1063	1248	1166	81	0.0	735	adenylate cyclase type 6 isoform X2 [Saccopteryx bilineata]	59482
XP_036193927.1	XP_066114064	31.646	237	1248	1166	81	1.14e-20	104	adenylate cyclase type 6 isoform X2 [Saccopteryx bilineata]	59482
XP_036193927.1	XP_066114063	40.563	1065	1248	1178	81	0.0	734	adenylate cyclase type 6 isoform X1 [Saccopteryx bilineata]	59482
XP_036193927.1	XP_066114063	31.646	237	1248	1178	81	1.32e-20	104	adenylate cyclase type 6 isoform X1 [Saccopteryx bilineata]	59482
XP_036193927.1	XP_066224921	40.376	1065	1248	1178	81	0.0	734	adenylate cyclase type 6 [Saccopteryx leptura]	249018
XP_036193927.1	XP_066224921	31.646	237	1248	1178	81	1.45e-20	104	adenylate cyclase type 6 [Saccopteryx leptura]	249018
XP_036193927.1	XP_015414074	41.829	1028	1248	1144	81	0.0	733	PREDICTED: adenylate cyclase type 6 isoform X2 [Myotis davidii]	225400
XP_036193927.1	XP_015414074	31.646	237	1248	1144	81	7.93e-21	105	PREDICTED: adenylate cyclase type 6 isoform X2 [Myotis davidii]	225400
XP_036193927.1	XP_036107643	40.424	1086	1248	1148	83	0.0	733	adenylate cyclase type 6 isoform X2 [Molossus molossus]	27622
XP_036193927.1	XP_036107643	29.958	237	1248	1148	83	2.12e-15	87.8	adenylate cyclase type 6 isoform X2 [Molossus molossus]	27622
XP_036193927.1	XP_080882324	45.172	901	1248	884	68	0.0	732	adenylate cyclase type 5 isoform 4 [Rhinolophus hipposideros]	77218
XP_036193927.1	XP_079630943	40.351	1083	1248	1148	82	0.0	731	adenylate cyclase type 6 isoform 3 [Cnephaeus nilssonii]	3371016
XP_036193927.1	XP_045444952	40.730	1068	1248	1148	81	0.0	731	adenylate cyclase type 6 isoform X2 [Pipistrellus kuhlii]	59472
XP_036193927.1	XP_045706991	44.978	896	1248	884	68	0.0	730	adenylate cyclase type 5 isoform X3 [Phyllostomus hastatus]	9423
XP_036193927.1	XP_036154395	40.730	1068	1248	1148	81	0.0	730	adenylate cyclase type 6 isoform X1 [Myotis myotis]	51298
XP_036193927.1	XP_014404087	41.715	1026	1248	1158	81	0.0	729	PREDICTED: adenylate cyclase type 6 isoform X3 [Myotis brandtii]	109478
XP_036193927.1	XP_014404087	31.646	237	1248	1158	81	3.95e-21	106	PREDICTED: adenylate cyclase type 6 isoform X3 [Myotis brandtii]	109478
XP_036193927.1	XP_059538688	40.730	1068	1248	1148	81	0.0	729	adenylate cyclase type 6 isoform X2 [Myotis daubentonii]	98922
XP_036193927.1	XP_032977257	40.262	1068	1248	1230	81	0.0	717	adenylate cyclase type 5 isoform X2 [Rhinolophus ferrumequinum]	59479
XP_036193927.1	XP_074186926	40.356	1068	1248	1230	81	0.0	717	adenylate cyclase type 5 isoform X2 [Rhinolophus sinicus]	89399
XP_036193927.1	XP_080995047	40.169	1068	1248	1230	81	0.0	716	adenylate cyclase type 5 isoform 1 [Miniopterus schreibersii]	9433
XP_036193927.1	XP_080882323	40.169	1068	1248	1232	81	0.0	716	adenylate cyclase type 5 isoform 3 [Rhinolophus hipposideros]	77218
XP_036193927.1	XP_045706990	40.357	1063	1248	1230	81	0.0	715	adenylate cyclase type 5 isoform X2 [Phyllostomus hastatus]	9423
XP_036193927.1	XP_080514418	40.246	1056	1248	1250	81	0.0	715	adenylate cyclase type 5 isoform 1 [Plecotus auritus]	61862
XP_036193927.1	XP_045439897	40.321	1059	1248	1241	81	0.0	713	adenylate cyclase type 5 isoform X2 [Pipistrellus kuhlii]	59472
XP_036193927.1	XP_036074793	40.057	1056	1248	1230	81	0.0	713	adenylate cyclase type 5 isoform X2 [Rousettus aegyptiacus]	9407
XP_036193927.1	XP_053774416	40.276	1085	1248	1247	81	0.0	711	adenylate cyclase type 5 isoform X3 [Desmodus rotundus]	9430
XP_036193927.1	XP_070266431	44.196	896	1248	876	68	0.0	710	adenylate cyclase type 6 isoform X2 [Myotis yumanensis]	159337
XP_036193927.1	XP_080514419	39.962	1056	1248	1228	81	0.0	710	adenylate cyclase type 5 isoform 2 [Plecotus auritus]	61862
XP_036193927.1	XP_014404088	44.085	896	1248	876	68	0.0	709	PREDICTED: adenylate cyclase type 6 isoform X4 [Myotis brandtii]	109478
XP_036193927.1	XP_036098669	40.169	1063	1248	1230	81	0.0	708	adenylate cyclase type 5 isoform X2 [Molossus molossus]	27622
XP_036193927.1	XP_019568300	37.821	1092	1248	1144	82	0.0	706	adenylate cyclase type 3 isoform X2 [Rhinolophus sinicus]	89399
XP_036193927.1	XP_074187863	37.694	1093	1248	1145	82	0.0	703	adenylate cyclase type 3 isoform X1 [Rhinolophus sinicus]	89399
XP_036193927.1	XP_019568299	37.694	1093	1248	1145	82	0.0	703	adenylate cyclase type 3 isoform X1 [Rhinolophus sinicus]	89399
XP_036193927.1	XP_080957409	38.447	1095	1248	1145	82	0.0	702	adenylate cyclase type 3 isoform 2 [Myotis nattereri]	109481
XP_036193927.1	XP_019502901	38.139	1096	1248	1144	82	0.0	702	PREDICTED: adenylate cyclase type 3 isoform X2 [Hipposideros armiger]	186990
XP_036193927.1	XP_066093572	37.729	1092	1248	1141	82	0.0	701	adenylate cyclase type 3 isoform X2 [Saccopteryx bilineata]	59482
XP_036193927.1	XP_014400735	41.834	949	1248	989	73	0.0	701	PREDICTED: adenylate cyclase type 5 isoform X2 [Myotis brandtii]	109478
XP_036193927.1	XP_019502817	38.013	1097	1248	1145	82	0.0	699	PREDICTED: adenylate cyclase type 3 isoform X1 [Hipposideros armiger]	186990
XP_036193927.1	XP_019502725	38.013	1097	1248	1145	82	0.0	699	PREDICTED: adenylate cyclase type 3 isoform X1 [Hipposideros armiger]	186990
XP_036193927.1	XP_036118438	38.152	1093	1248	1145	82	0.0	699	adenylate cyclase type 3 [Molossus molossus]	27622
XP_036193927.1	XP_036191076	38.335	1093	1248	1146	82	0.0	699	adenylate cyclase type 3 isoform X1 [Myotis myotis]	51298
XP_036193927.1	XP_036191075	38.335	1093	1248	1146	82	0.0	699	adenylate cyclase type 3 isoform X1 [Myotis myotis]	51298
XP_036193927.1	XP_080539752	38.370	1092	1248	1141	82	0.0	699	adenylate cyclase type 3 isoform 4 [Plecotus auritus]	61862
XP_036193927.1	XP_080539751	38.335	1093	1248	1142	82	0.0	699	adenylate cyclase type 3 isoform 3 [Plecotus auritus]	61862
XP_036193927.1	XP_066093571	37.603	1093	1248	1142	82	0.0	698	adenylate cyclase type 3 isoform X1 [Saccopteryx bilineata]	59482
XP_036193927.1	XP_032980393	37.821	1092	1248	1144	82	0.0	698	adenylate cyclase type 3 isoform X2 [Rhinolophus ferrumequinum]	59479
XP_036193927.1	XP_036191077	38.370	1092	1248	1145	82	0.0	698	adenylate cyclase type 3 isoform X2 [Myotis myotis]	51298
XP_036193927.1	XP_045700348	37.615	1090	1248	1146	82	0.0	696	adenylate cyclase type 3 isoform X4 [Phyllostomus hastatus]	9423
XP_036193927.1	XP_070284893	38.553	1092	1248	1145	82	0.0	696	adenylate cyclase type 3 isoform X1 [Myotis yumanensis]	159337
XP_036193927.1	XP_070284892	38.553	1092	1248	1145	82	0.0	696	adenylate cyclase type 3 isoform X1 [Myotis yumanensis]	159337
XP_036193927.1	XP_054583895	38.462	1092	1248	1145	82	0.0	696	adenylate cyclase type 3 [Eptesicus fuscus]	29078
XP_036193927.1	XP_023612199	38.553	1092	1248	1145	82	0.0	696	adenylate cyclase type 3 [Myotis lucifugus]	59463
XP_036193927.1	XP_006091753	38.553	1092	1248	1145	82	0.0	696	adenylate cyclase type 3 [Myotis lucifugus]	59463
XP_036193927.1	XP_032980392	37.694	1093	1248	1145	82	0.0	696	adenylate cyclase type 3 isoform X1 [Rhinolophus ferrumequinum]	59479
XP_036193927.1	XP_059516386	38.060	1093	1248	1145	82	0.0	695	adenylate cyclase type 3 isoform X2 [Myotis daubentonii]	98922
XP_036193927.1	XP_066242428	37.569	1086	1248	1141	81	0.0	695	adenylate cyclase type 3 isoform X1 [Saccopteryx leptura]	249018
XP_036193927.1	XP_059516385	38.026	1094	1248	1146	82	0.0	695	adenylate cyclase type 3 isoform X1 [Myotis daubentonii]	98922
XP_036193927.1	XP_024408286	37.865	1096	1248	1146	82	0.0	694	adenylate cyclase type 3 isoform X2 [Desmodus rotundus]	9430
XP_036193927.1	XP_036922709	37.214	1091	1248	1145	82	0.0	694	adenylate cyclase type 3 isoform X1 [Sturnira hondurensis]	192404
XP_036193927.1	XP_036922708	37.214	1091	1248	1145	82	0.0	694	adenylate cyclase type 3 isoform X1 [Sturnira hondurensis]	192404
XP_036193927.1	XP_045700347	37.489	1091	1248	1147	82	0.0	694	adenylate cyclase type 3 isoform X3 [Phyllostomus hastatus]	9423
XP_036193927.1	XP_079648034	38.426	1093	1248	1147	82	0.0	694	adenylate cyclase type 3 isoform 2 [Cnephaeus nilssonii]	3371016
XP_036193927.1	XP_014402102	38.698	1075	1248	1101	82	0.0	693	PREDICTED: adenylate cyclase type 3 [Myotis brandtii]	109478
XP_036193927.1	XP_036922710	37.489	1091	1248	1144	82	0.0	693	adenylate cyclase type 3 isoform X2 [Sturnira hondurensis]	192404
XP_036193927.1	XP_036206997	40.530	1019	1248	1265	78	0.0	693	adenylate cyclase type 5 isoform X2 [Myotis myotis]	51298
XP_036193927.1	XP_036206997	28.283	198	1248	1265	78	1.10e-17	95.1	adenylate cyclase type 5 isoform X2 [Myotis myotis]	51298
XP_036193927.1	XP_080925118	37.729	1092	1248	1144	82	0.0	692	adenylate cyclase type 3 isoform 2 [Rhinolophus hipposideros]	77218
XP_036193927.1	XP_045045146	37.739	1097	1248	1147	82	0.0	692	adenylate cyclase type 3 isoform X1 [Desmodus rotundus]	9430
XP_036193927.1	XP_024906024	39.909	1095	1248	1148	81	0.0	691	adenylate cyclase type 6 isoform X3 [Pteropus alecto]	9402
XP_036193927.1	XP_023391197	39.909	1095	1248	1148	81	0.0	691	adenylate cyclase type 6 isoform X3 [Pteropus vampyrus]	132908
XP_036193927.1	XP_039738105	39.909	1095	1248	1148	81	0.0	691	adenylate cyclase type 6 isoform X4 [Pteropus medius]	143291
XP_036193927.1	XP_035883621	37.305	1091	1248	1146	82	0.0	691	adenylate cyclase type 3 isoform X2 [Phyllostomus discolor]	89673
XP_036193927.1	XP_080957408	37.758	1115	1248	1165	82	0.0	691	adenylate cyclase type 3 isoform 1 [Myotis nattereri]	109481
XP_036193927.1	XP_006767657	38.038	1091	1248	1090	82	0.0	690	PREDICTED: adenylate cyclase type 3, partial [Myotis davidii]	225400
XP_036193927.1	XP_024901537	37.034	1099	1248	1145	82	0.0	690	adenylate cyclase type 3 [Pteropus alecto]	9402
XP_036193927.1	XP_006910341	37.034	1099	1248	1145	82	0.0	690	adenylate cyclase type 3 [Pteropus alecto]	9402
XP_036193927.1	XP_035883620	37.271	1092	1248	1147	82	0.0	690	adenylate cyclase type 3 isoform X1 [Phyllostomus discolor]	89673
XP_036193927.1	XP_028372431	37.271	1092	1248	1147	82	0.0	690	adenylate cyclase type 3 isoform X1 [Phyllostomus discolor]	89673
XP_036193927.1	XP_080925117	37.694	1093	1248	1145	82	0.0	690	adenylate cyclase type 3 isoform 1 [Rhinolophus hipposideros]	77218
XP_036193927.1	XP_054424979	37.064	1090	1248	1146	82	0.0	689	adenylate cyclase type 3 [Pteronotus mesoamericanus]	1884717
XP_036193927.1	XP_053522904	37.374	1089	1248	1145	81	0.0	689	adenylate cyclase type 3 isoform X2 [Artibeus jamaicensis]	9417
XP_036193927.1	XP_081013163	37.843	1094	1248	1145	82	0.0	689	adenylate cyclase type 3 [Miniopterus schreibersii]	9433
XP_036193927.1	XP_016064486	37.751	1094	1248	1145	82	0.0	689	PREDICTED: adenylate cyclase type 3 [Miniopterus natalensis]	291302
XP_036193927.1	XP_015977196	37.682	1096	1248	1145	82	0.0	687	adenylate cyclase type 3 isoform X2 [Rousettus aegyptiacus]	9407
XP_036193927.1	XP_080523009	41.684	962	1248	1131	74	0.0	686	adenylate cyclase type 1 isoform 1 [Plecotus auritus]	61862
XP_036193927.1	XP_036290940	37.603	1093	1248	1149	82	0.0	684	adenylate cyclase type 3 [Pipistrellus kuhlii]	59472
XP_036193927.1	XP_053783327	41.908	933	1248	1140	73	0.0	681	adenylate cyclase type 1 isoform X1 [Desmodus rotundus]	9430
XP_036193927.1	XP_080539750	37.080	1130	1248	1179	82	0.0	680	adenylate cyclase type 3 isoform 2 [Plecotus auritus]	61862
XP_036193927.1	XP_080539749	37.047	1131	1248	1180	82	0.0	680	adenylate cyclase type 3 isoform 1 [Plecotus auritus]	61862
XP_036193927.1	XP_036183085	42.067	958	1248	1130	74	0.0	680	adenylate cyclase type 1 [Myotis myotis]	51298
XP_036193927.1	XP_053783328	41.524	932	1248	1132	73	0.0	679	adenylate cyclase type 1 isoform X2 [Desmodus rotundus]	9430
XP_036193927.1	XP_079642615	41.932	942	1248	1139	73	0.0	679	LOW QUALITY PROTEIN: adenylate cyclase type 1 [Cnephaeus nilssonii]	3371016
XP_036193927.1	XP_079642615	28.782	271	1248	1139	73	9.09e-23	111	LOW QUALITY PROTEIN: adenylate cyclase type 1 [Cnephaeus nilssonii]	3371016
XP_036193927.1	XP_039703044	41.970	934	1248	1130	73	0.0	677	adenylate cyclase type 1 isoform X1 [Pteropus medius]	143291
XP_036193927.1	XP_066209863	42.213	931	1248	1142	72	0.0	676	adenylate cyclase type 1 [Saccopteryx leptura]	249018
XP_036193927.1	XP_059511968	41.858	958	1248	1131	74	0.0	676	adenylate cyclase type 1 [Myotis daubentonii]	98922
XP_036193927.1	XP_054582232	41.667	960	1248	1123	74	0.0	676	adenylate cyclase type 1 [Eptesicus fuscus]	29078
XP_036193927.1	XP_032944304	39.925	1067	1248	1130	81	0.0	676	adenylate cyclase type 1 isoform X2 [Rhinolophus ferrumequinum]	59479
XP_036193927.1	XP_080958024	41.858	958	1248	1132	74	0.0	674	adenylate cyclase type 1 [Myotis nattereri]	109481
XP_036193927.1	XP_080957410	38.577	1068	1248	1099	82	0.0	674	adenylate cyclase type 3 isoform 3 [Myotis nattereri]	109481
XP_036193927.1	XP_079648033	37.070	1133	1248	1187	82	0.0	674	adenylate cyclase type 3 isoform 1 [Cnephaeus nilssonii]	3371016
XP_036193927.1	XP_079648032	37.070	1133	1248	1187	82	0.0	674	adenylate cyclase type 3 isoform 1 [Cnephaeus nilssonii]	3371016
XP_036193927.1	XP_066094801	42.366	930	1248	1138	72	0.0	674	adenylate cyclase type 1 isoform X1 [Saccopteryx bilineata]	59482
XP_036193927.1	XP_080936237	42.275	932	1248	1126	72	0.0	674	adenylate cyclase type 1 isoform 1 [Rhinolophus hipposideros]	77218
XP_036193927.1	XP_074197183	39.663	1069	1248	1130	81	0.0	673	adenylate cyclase type 1 isoform X2 [Rhinolophus sinicus]	89399
XP_036193927.1	XP_036086440	41.346	936	1248	1124	73	0.0	673	adenylate cyclase type 1 isoform X2 [Rousettus aegyptiacus]	9407
XP_036193927.1	XP_016003382	41.667	936	1248	1132	73	0.0	672	adenylate cyclase type 1 isoform X1 [Rousettus aegyptiacus]	9407
XP_036193927.1	XP_036296038	42.796	937	1248	1118	73	0.0	670	adenylate cyclase type 1 isoform X1 [Pipistrellus kuhlii]	59472
XP_036193927.1	XP_039738107	40.690	1015	1248	1132	81	0.0	666	adenylate cyclase type 6 isoform X6 [Pteropus medius]	143291
XP_036193927.1	XP_039738107	31.780	236	1248	1132	81	7.42e-21	105	adenylate cyclase type 6 isoform X6 [Pteropus medius]	143291
XP_036193927.1	XP_039738103	40.690	1015	1248	1198	81	0.0	666	adenylate cyclase type 6 isoform X2 [Pteropus medius]	143291
XP_036193927.1	XP_039738103	31.780	236	1248	1198	81	7.37e-21	105	adenylate cyclase type 6 isoform X2 [Pteropus medius]	143291
XP_036193927.1	XP_016056699	38.483	1068	1248	1113	81	0.0	666	PREDICTED: adenylate cyclase type 6 isoform X2 [Miniopterus natalensis]	291302
XP_036193927.1	XP_070280972	41.675	955	1248	1134	74	0.0	665	adenylate cyclase type 1 [Myotis yumanensis]	159337
XP_036193927.1	XP_081002616	43.554	861	1248	906	67	0.0	665	adenylate cyclase type 1 isoform 2 [Miniopterus schreibersii]	9433
XP_036193927.1	XP_045700346	37.167	1052	1248	1286	81	0.0	664	adenylate cyclase type 3 isoform X2 [Phyllostomus hastatus]	9423
XP_036193927.1	XP_045700346	28.571	259	1248	1286	81	1.60e-22	110	adenylate cyclase type 3 isoform X2 [Phyllostomus hastatus]	9423
XP_036193927.1	XP_045700346	25.869	259	1248	1286	81	1.16e-14	85.5	adenylate cyclase type 3 isoform X2 [Phyllostomus hastatus]	9423
XP_036193927.1	XP_036103110	42.581	930	1248	1128	72	0.0	664	adenylate cyclase type 1 [Molossus molossus]	27622
XP_036193927.1	XP_036107644	38.029	1086	1248	1113	82	0.0	664	adenylate cyclase type 6 isoform X3 [Molossus molossus]	27622
XP_036193927.1	XP_028360003	41.151	938	1248	1144	73	0.0	664	adenylate cyclase type 1 [Phyllostomus discolor]	89673
XP_036193927.1	XP_036896943	42.156	937	1248	1142	73	0.0	664	adenylate cyclase type 1 isoform X1 [Sturnira hondurensis]	192404
XP_036193927.1	XP_045683560	41.258	938	1248	1138	73	0.0	663	adenylate cyclase type 1 isoform X1 [Phyllostomus hastatus]	9423
XP_036193927.1	XP_066094802	43.634	864	1248	901	68	0.0	662	adenylate cyclase type 1 isoform X2 [Saccopteryx bilineata]	59482
XP_036193927.1	XP_045444953	38.296	1068	1248	1113	81	0.0	662	adenylate cyclase type 6 isoform X3 [Pipistrellus kuhlii]	59472
XP_036193927.1	XP_079623216	44.538	833	1248	820	64	0.0	662	adenylate cyclase type 5 isoform 2 [Cnephaeus nilssonii]	3371016
XP_036193927.1	XP_079623216	27.778	198	1248	820	64	2.06e-17	94.0	adenylate cyclase type 5 isoform 2 [Cnephaeus nilssonii]	3371016
XP_036193927.1	XP_079623215	44.538	833	1248	820	64	0.0	662	adenylate cyclase type 5 isoform 2 [Cnephaeus nilssonii]	3371016
XP_036193927.1	XP_079623215	27.778	198	1248	820	64	2.06e-17	94.0	adenylate cyclase type 5 isoform 2 [Cnephaeus nilssonii]	3371016
XP_036193927.1	XP_036918879	37.792	1069	1248	1096	81	0.0	662	adenylate cyclase type 2 isoform X2 [Sturnira hondurensis]	192404
XP_036193927.1	XP_045700345	37.037	1053	1248	1287	81	0.0	662	adenylate cyclase type 3 isoform X1 [Phyllostomus hastatus]	9423
XP_036193927.1	XP_045700345	28.571	259	1248	1287	81	1.59e-22	110	adenylate cyclase type 3 isoform X1 [Phyllostomus hastatus]	9423
XP_036193927.1	XP_045700345	25.869	259	1248	1287	81	1.17e-14	85.5	adenylate cyclase type 3 isoform X1 [Phyllostomus hastatus]	9423
XP_036193927.1	XP_045700344	37.037	1053	1248	1287	81	0.0	662	adenylate cyclase type 3 isoform X1 [Phyllostomus hastatus]	9423
XP_036193927.1	XP_045700344	28.571	259	1248	1287	81	1.59e-22	110	adenylate cyclase type 3 isoform X1 [Phyllostomus hastatus]	9423
XP_036193927.1	XP_045700344	25.869	259	1248	1287	81	1.17e-14	85.5	adenylate cyclase type 3 isoform X1 [Phyllostomus hastatus]	9423
XP_036193927.1	XP_016007226	40.711	985	1248	1101	81	0.0	661	adenylate cyclase type 6 isoform X2 [Rousettus aegyptiacus]	9407
XP_036193927.1	XP_016007226	31.780	236	1248	1101	81	1.01e-20	105	adenylate cyclase type 6 isoform X2 [Rousettus aegyptiacus]	9407
XP_036193927.1	XP_079630944	37.950	1083	1248	1113	82	0.0	661	adenylate cyclase type 6 isoform 4 [Cnephaeus nilssonii]	3371016
XP_036193927.1	XP_024906025	40.533	1014	1248	1134	81	0.0	661	adenylate cyclase type 6 isoform X4 [Pteropus alecto]	9402
XP_036193927.1	XP_024906025	31.780	236	1248	1134	81	8.58e-21	105	adenylate cyclase type 6 isoform X4 [Pteropus alecto]	9402
XP_036193927.1	XP_023391198	40.533	1014	1248	1134	81	0.0	661	adenylate cyclase type 6 isoform X4 [Pteropus vampyrus]	132908
XP_036193927.1	XP_023391198	31.780	236	1248	1134	81	8.58e-21	105	adenylate cyclase type 6 isoform X4 [Pteropus vampyrus]	132908
XP_036193927.1	XP_036918878	37.664	1070	1248	1097	81	0.0	661	adenylate cyclase type 2 isoform X1 [Sturnira hondurensis]	192404
XP_036193927.1	XP_039738106	40.533	1014	1248	1134	81	0.0	661	adenylate cyclase type 6 isoform X5 [Pteropus medius]	143291
XP_036193927.1	XP_039738106	31.780	236	1248	1134	81	8.58e-21	105	adenylate cyclase type 6 isoform X5 [Pteropus medius]	143291
XP_036193927.1	XP_080518190	38.202	1068	1248	1113	81	0.0	660	adenylate cyclase type 6 isoform 1 [Plecotus auritus]	61862
XP_036193927.1	XP_037011902	41.497	935	1248	1140	73	0.0	660	adenylate cyclase type 1 isoform X1 [Artibeus jamaicensis]	9417
XP_036193927.1	XP_054427372	41.622	937	1248	1147	73	0.0	659	adenylate cyclase type 1 [Pteronotus mesoamericanus]	1884717
XP_036193927.1	XP_032966735	37.229	1061	1248	1090	81	0.0	659	adenylate cyclase type 2 [Rhinolophus ferrumequinum]	59479
XP_036193927.1	XP_074185199	37.347	1063	1248	1090	81	0.0	659	adenylate cyclase type 2 [Rhinolophus sinicus]	89399
XP_036193927.1	XP_080910349	37.287	1054	1248	1088	80	0.0	659	adenylate cyclase type 2 isoform 1 [Rhinolophus hipposideros]	77218
XP_036193927.1	XP_080910348	37.287	1054	1248	1088	80	0.0	659	adenylate cyclase type 2 isoform 1 [Rhinolophus hipposideros]	77218
XP_036193927.1	XP_080910347	37.287	1054	1248	1088	80	0.0	659	adenylate cyclase type 2 isoform 1 [Rhinolophus hipposideros]	77218
XP_036193927.1	XP_080910346	37.287	1054	1248	1088	80	0.0	659	adenylate cyclase type 2 isoform 1 [Rhinolophus hipposideros]	77218
XP_036193927.1	XP_053522903	36.777	1055	1248	1155	81	0.0	657	adenylate cyclase type 3 isoform X1 [Artibeus jamaicensis]	9417
XP_036193927.1	XP_053522903	28.185	259	1248	1155	81	8.90e-22	108	adenylate cyclase type 3 isoform X1 [Artibeus jamaicensis]	9417
XP_036193927.1	XP_066230804	37.605	1069	1248	1093	81	0.0	656	adenylate cyclase type 2 isoform X2 [Saccopteryx leptura]	249018
XP_036193927.1	XP_066099579	37.605	1069	1248	1093	81	0.0	656	adenylate cyclase type 2 isoform X2 [Saccopteryx bilineata]	59482
XP_036193927.1	XP_074197182	38.371	1105	1248	1166	81	0.0	656	adenylate cyclase type 1 isoform X1 [Rhinolophus sinicus]	89399
XP_036193927.1	XP_066230795	37.570	1070	1248	1094	81	0.0	655	adenylate cyclase type 2 isoform X1 [Saccopteryx leptura]	249018
XP_036193927.1	XP_066099569	37.570	1070	1248	1094	81	0.0	655	adenylate cyclase type 2 isoform X1 [Saccopteryx bilineata]	59482
XP_036193927.1	XP_045438406	44.457	866	1248	900	68	0.0	655	adenylate cyclase type 1 isoform X2 [Pipistrellus kuhlii]	59472
XP_036193927.1	XP_028000081	38.109	1068	1248	1113	81	0.0	654	adenylate cyclase type 6 isoform X2 [Eptesicus fuscus]	29078
XP_036193927.1	XP_045045147	40.782	895	1248	905	67	0.0	654	adenylate cyclase type 3 isoform X3 [Desmodus rotundus]	9430
XP_036193927.1	XP_054434312	36.891	1068	1248	1096	81	0.0	654	adenylate cyclase type 2 isoform X1 [Pteronotus mesoamericanus]	1884717
XP_036193927.1	XP_053513143	37.699	1069	1248	1096	81	0.0	654	adenylate cyclase type 2 isoform X1 [Artibeus jamaicensis]	9417
XP_036193927.1	XP_039698727	37.523	1074	1248	1091	81	0.0	654	adenylate cyclase type 2 isoform X1 [Pteropus medius]	143291
XP_036193927.1	XP_080941557	39.937	949	1248	965	73	0.0	653	adenylate cyclase type 5 isoform 2 [Myotis nattereri]	109481
XP_036193927.1	XP_024434198	37.605	1069	1248	1091	81	0.0	652	adenylate cyclase type 2 [Desmodus rotundus]	9430
XP_036193927.1	XP_036136613	37.242	1066	1248	1096	81	0.0	652	adenylate cyclase type 2 [Molossus molossus]	27622
XP_036193927.1	XP_036080031	37.560	1049	1248	1190	80	0.0	652	adenylate cyclase type 3 isoform X1 [Rousettus aegyptiacus]	9407
XP_036193927.1	XP_036080031	29.365	252	1248	1190	80	3.59e-22	109	adenylate cyclase type 3 isoform X1 [Rousettus aegyptiacus]	9407
XP_036193927.1	XP_036080031	25.781	256	1248	1190	80	4.23e-14	83.6	adenylate cyclase type 3 isoform X1 [Rousettus aegyptiacus]	9407
XP_036193927.1	XP_028381857	37.336	1066	1248	1096	81	0.0	652	adenylate cyclase type 2 [Phyllostomus discolor]	89673
XP_036193927.1	XP_070268056	37.477	1070	1248	1098	81	0.0	651	adenylate cyclase type 2 isoform X1 [Myotis yumanensis]	159337
XP_036193927.1	XP_045704332	37.523	1066	1248	1096	81	0.0	650	adenylate cyclase type 2 [Phyllostomus hastatus]	9423
XP_036193927.1	XP_080945009	37.242	1066	1248	1098	81	0.0	650	adenylate cyclase type 2 [Myotis nattereri]	109481
XP_036193927.1	XP_036265544	36.950	1069	1248	1098	81	0.0	650	adenylate cyclase type 2 isoform X2 [Pipistrellus kuhlii]	59472
XP_036193927.1	XP_036165015	37.418	1069	1248	1098	81	0.0	649	adenylate cyclase type 2 isoform X2 [Myotis myotis]	51298
XP_036193927.1	XP_059550669	37.242	1066	1248	1098	81	0.0	649	adenylate cyclase type 2 isoform X4 [Myotis daubentonii]	98922
XP_036193927.1	XP_036896946	43.599	867	1248	907	68	0.0	649	adenylate cyclase type 1 isoform X3 [Sturnira hondurensis]	192404
XP_036193927.1	XP_036896945	43.599	867	1248	907	68	0.0	649	adenylate cyclase type 1 isoform X3 [Sturnira hondurensis]	192404
XP_036193927.1	XP_080989283	37.231	1069	1248	1096	81	0.0	649	adenylate cyclase type 2 [Miniopterus schreibersii]	9433
XP_036193927.1	XP_080537606	37.242	1066	1248	1098	81	0.0	648	adenylate cyclase type 2 [Plecotus auritus]	61862
XP_036193927.1	XP_008160021	37.336	1066	1248	1098	81	0.0	647	adenylate cyclase type 2 [Eptesicus fuscus]	29078
XP_036193927.1	XP_036206999	38.960	1019	1248	1241	78	0.0	647	adenylate cyclase type 5 isoform X4 [Myotis myotis]	51298
XP_036193927.1	XP_036206999	28.283	198	1248	1241	78	1.11e-17	95.1	adenylate cyclase type 5 isoform X4 [Myotis myotis]	51298
XP_036193927.1	XP_023607845	37.972	1006	1248	1041	77	0.0	647	adenylate cyclase type 2 isoform X4 [Myotis lucifugus]	59463
XP_036193927.1	XP_015985631	37.500	1064	1248	1091	81	0.0	647	adenylate cyclase type 2 [Rousettus aegyptiacus]	9407
XP_036193927.1	XP_079654444	37.242	1066	1248	1098	81	0.0	647	adenylate cyclase type 2 isoform 1 [Cnephaeus nilssonii]	3371016
XP_036193927.1	XP_005858178	38.355	1009	1248	1052	77	0.0	646	PREDICTED: adenylate cyclase type 2 isoform X3 [Myotis brandtii]	109478
XP_036193927.1	XP_059550668	36.896	1076	1248	1108	81	0.0	645	adenylate cyclase type 2 isoform X3 [Myotis daubentonii]	98922
XP_036193927.1	XP_006762535	38.737	950	1248	972	72	0.0	645	PREDICTED: adenylate cyclase type 2 isoform X2 [Myotis davidii]	225400
XP_036193927.1	XP_015418580	38.737	950	1248	972	72	0.0	645	PREDICTED: adenylate cyclase type 2 isoform X2 [Myotis davidii]	225400
XP_036193927.1	XP_036165014	36.617	1076	1248	1108	81	0.0	645	adenylate cyclase type 2 isoform X1 [Myotis myotis]	51298
XP_036193927.1	XP_066093573	36.229	1082	1248	1098	82	0.0	644	adenylate cyclase type 3 isoform X3 [Saccopteryx bilineata]	59482
XP_036193927.1	XP_054434313	39.071	947	1248	965	72	0.0	644	adenylate cyclase type 2 isoform X2 [Pteronotus mesoamericanus]	1884717
XP_036193927.1	XP_016072788	38.157	1009	1248	1024	77	0.0	644	PREDICTED: adenylate cyclase type 2 [Miniopterus natalensis]	291302
XP_036193927.1	XP_037011907	42.890	865	1248	907	68	0.0	644	adenylate cyclase type 1 isoform X4 [Artibeus jamaicensis]	9417
XP_036193927.1	XP_053517353	42.890	865	1248	907	68	0.0	644	adenylate cyclase type 1 isoform X4 [Artibeus jamaicensis]	9417
XP_036193927.1	XP_037011905	42.890	865	1248	907	68	0.0	644	adenylate cyclase type 1 isoform X4 [Artibeus jamaicensis]	9417
XP_036193927.1	XP_037011904	42.890	865	1248	907	68	0.0	644	adenylate cyclase type 1 isoform X4 [Artibeus jamaicensis]	9417
XP_036193927.1	XP_036265543	36.489	1088	1248	1117	81	0.0	643	adenylate cyclase type 2 isoform X1 [Pipistrellus kuhlii]	59472
XP_036193927.1	XP_023607840	37.598	1016	1248	1051	77	0.0	643	adenylate cyclase type 2 isoform X3 [Myotis lucifugus]	59463
XP_036193927.1	XP_015418586	38.438	960	1248	982	72	0.0	642	PREDICTED: adenylate cyclase type 2 isoform X1 [Myotis davidii]	225400
XP_036193927.1	XP_015418579	38.438	960	1248	982	72	0.0	642	PREDICTED: adenylate cyclase type 2 isoform X1 [Myotis davidii]	225400
XP_036193927.1	XP_059550667	36.498	1085	1248	1117	81	0.0	641	adenylate cyclase type 2 isoform X2 [Myotis daubentonii]	98922
XP_036193927.1	XP_066242429	36.253	1073	1248	1097	81	0.0	641	adenylate cyclase type 3 isoform X2 [Saccopteryx leptura]	249018
XP_036193927.1	XP_066242429	25.397	315	1248	1097	81	1.16e-14	85.1	adenylate cyclase type 3 isoform X2 [Saccopteryx leptura]	249018
XP_036193927.1	XP_066230813	37.840	1065	1248	1059	81	0.0	640	adenylate cyclase type 2 isoform X3 [Saccopteryx leptura]	249018
XP_036193927.1	XP_024902251	42.644	870	1248	899	73	0.0	639	adenylate cyclase type 1 [Pteropus alecto]	9402
XP_036193927.1	XP_024902251	26.045	311	1248	899	73	4.46e-16	89.7	adenylate cyclase type 1 [Pteropus alecto]	9402
XP_036193927.1	XP_015448899	37.968	1014	1248	1023	77	0.0	639	adenylate cyclase type 2 [Pteropus alecto]	9402
XP_036193927.1	XP_059550666	36.256	1095	1248	1127	81	0.0	638	adenylate cyclase type 2 isoform X1 [Myotis daubentonii]	98922
XP_036193927.1	XP_014308532	37.171	1025	1248	1060	77	0.0	638	adenylate cyclase type 2 isoform X2 [Myotis lucifugus]	59463
XP_036193927.1	XP_014404005	37.549	1028	1248	1071	77	0.0	637	PREDICTED: adenylate cyclase type 2 isoform X2 [Myotis brandtii]	109478
XP_036193927.1	XP_036265556	38.596	969	1248	991	72	0.0	637	adenylate cyclase type 2 isoform X14 [Pipistrellus kuhlii]	59472
XP_036193927.1	XP_036265557	38.596	969	1248	991	72	0.0	637	adenylate cyclase type 2 isoform X14 [Pipistrellus kuhlii]	59472
XP_036193927.1	XP_045427780	38.573	967	1248	975	72	0.0	635	adenylate cyclase type 2 isoform X16 [Pipistrellus kuhlii]	59472
XP_036193927.1	XP_036265548	38.366	967	1248	1051	72	0.0	634	adenylate cyclase type 2 isoform X7 [Pipistrellus kuhlii]	59472
XP_036193927.1	XP_023607830	36.908	1035	1248	1070	77	0.0	634	adenylate cyclase type 2 isoform X1 [Myotis lucifugus]	59463
XP_036193927.1	XP_014404001	37.283	1038	1248	1081	77	0.0	633	PREDICTED: adenylate cyclase type 2 isoform X1 [Myotis brandtii]	109478
XP_036193927.1	XP_054434314	39.079	934	1248	941	71	0.0	632	adenylate cyclase type 2 isoform X3 [Pteronotus mesoamericanus]	1884717
XP_036193927.1	XP_059550678	37.998	979	1248	1001	72	0.0	632	adenylate cyclase type 2 isoform X12 [Myotis daubentonii]	98922
XP_036193927.1	XP_014404014	37.692	979	1248	1001	72	0.0	631	PREDICTED: adenylate cyclase type 2 isoform X4 [Myotis brandtii]	109478
XP_036193927.1	XP_023607905	37.692	979	1248	1001	72	0.0	631	adenylate cyclase type 2 isoform X9 [Myotis lucifugus]	59463
XP_036193927.1	XP_023607861	37.692	979	1248	1001	72	0.0	631	adenylate cyclase type 2 isoform X9 [Myotis lucifugus]	59463
XP_036193927.1	XP_011369704	39.621	896	1248	905	68	0.0	629	adenylate cyclase type 2 [Pteropus vampyrus]	132908
XP_036193927.1	XP_039698728	39.381	904	1248	1037	68	0.0	626	adenylate cyclase type 2 isoform X2 [Pteropus medius]	143291
XP_036193927.1	XP_036265551	39.512	901	1248	1044	69	0.0	625	adenylate cyclase type 2 isoform X9 [Pipistrellus kuhlii]	59472
XP_036193927.1	XP_037011901	41.422	886	1248	1063	73	0.0	624	adenylate cyclase type 1 isoform X2 [Artibeus jamaicensis]	9417
XP_036193927.1	XP_037011901	28.044	271	1248	1063	73	2.41e-22	110	adenylate cyclase type 1 isoform X2 [Artibeus jamaicensis]	9417
XP_036193927.1	XP_045700349	40.070	856	1248	1045	67	0.0	624	adenylate cyclase type 3 isoform X5 [Phyllostomus hastatus]	9423
XP_036193927.1	XP_045700349	28.571	259	1248	1045	67	2.48e-22	110	adenylate cyclase type 3 isoform X5 [Phyllostomus hastatus]	9423
XP_036193927.1	XP_045700349	25.869	259	1248	1045	67	1.69e-14	84.7	adenylate cyclase type 3 isoform X5 [Phyllostomus hastatus]	9423
XP_036193927.1	XP_014308566	38.852	906	1248	997	68	0.0	622	adenylate cyclase type 2 isoform X11 [Myotis lucifugus]	59463
XP_036193927.1	XP_014308541	38.809	907	1248	971	68	0.0	620	adenylate cyclase type 2 isoform X12 [Myotis lucifugus]	59463
XP_036193927.1	XP_045683561	39.615	934	1248	1134	73	0.0	613	adenylate cyclase type 1 isoform X2 [Phyllostomus hastatus]	9423
XP_036193927.1	XP_019487156	35.955	1068	1248	1089	83	0.0	610	PREDICTED: adenylate cyclase type 2 [Hipposideros armiger]	186990
XP_036193927.1	XP_019487156	26.277	274	1248	1089	83	1.09e-17	95.1	PREDICTED: adenylate cyclase type 2 [Hipposideros armiger]	186990
XP_036193927.1	XP_016061373	38.105	992	1248	1076	75	0.0	605	PREDICTED: adenylate cyclase type 4 [Miniopterus natalensis]	291302
XP_036193927.1	XP_081012388	38.105	992	1248	1076	75	0.0	605	adenylate cyclase type 4 [Miniopterus schreibersii]	9433
XP_036193927.1	XP_036265561	39.770	870	1248	880	66	0.0	604	adenylate cyclase type 2 isoform X18 [Pipistrellus kuhlii]	59472
XP_036193927.1	XP_006102284	37.903	992	1248	1180	75	0.0	603	adenylate cyclase type 4 isoform X1 [Myotis lucifugus]	59463
XP_036193927.1	XP_054433849	38.149	983	1248	1077	74	0.0	603	adenylate cyclase type 4 [Pteronotus mesoamericanus]	1884717
XP_036193927.1	XP_045440920	37.970	985	1248	1077	74	0.0	602	adenylate cyclase type 4 isoform X1 [Pipistrellus kuhlii]	59472
XP_036193927.1	XP_036306154	37.970	985	1248	1077	74	0.0	602	adenylate cyclase type 4 isoform X1 [Pipistrellus kuhlii]	59472
XP_036193927.1	XP_008156665	38.047	983	1248	1077	74	0.0	602	adenylate cyclase type 4 [Eptesicus fuscus]	29078
XP_036193927.1	XP_079624634	38.047	983	1248	1077	74	0.0	602	adenylate cyclase type 4 [Cnephaeus nilssonii]	3371016
XP_036193927.1	XP_023607900	38.977	880	1248	890	66	0.0	601	adenylate cyclase type 2 isoform X16 [Myotis lucifugus]	59463
XP_036193927.1	XP_023607892	38.977	880	1248	890	66	0.0	601	adenylate cyclase type 2 isoform X16 [Myotis lucifugus]	59463
XP_036193927.1	XP_079654445	35.815	1061	1248	1062	81	0.0	601	adenylate cyclase type 2 isoform 2 [Cnephaeus nilssonii]	3371016
XP_036193927.1	XP_023599449	38.004	992	1248	1077	75	0.0	601	adenylate cyclase type 4 isoform X2 [Myotis lucifugus]	59463
XP_036193927.1	XP_059550681	39.318	880	1248	890	66	0.0	600	adenylate cyclase type 2 isoform X15 [Myotis daubentonii]	98922
XP_036193927.1	XP_070283213	37.903	992	1248	1077	75	0.0	600	adenylate cyclase type 4 isoform X1 [Myotis yumanensis]	159337
XP_036193927.1	XP_059565052	38.004	992	1248	1077	75	0.0	599	adenylate cyclase type 4 isoform X1 [Myotis daubentonii]	98922
XP_036193927.1	XP_059565043	38.004	992	1248	1077	75	0.0	599	adenylate cyclase type 4 isoform X1 [Myotis daubentonii]	98922
XP_036193927.1	XP_059565033	38.004	992	1248	1077	75	0.0	599	adenylate cyclase type 4 isoform X1 [Myotis daubentonii]	98922
XP_036193927.1	XP_014389772	38.028	994	1248	1102	75	0.0	599	PREDICTED: adenylate cyclase type 4 [Myotis brandtii]	109478
XP_036193927.1	XP_036210338	38.004	992	1248	1077	75	0.0	599	adenylate cyclase type 4 isoform X1 [Myotis myotis]	51298
XP_036193927.1	XP_036210329	38.004	992	1248	1077	75	0.0	599	adenylate cyclase type 4 isoform X1 [Myotis myotis]	51298
XP_036193927.1	XP_036210323	38.004	992	1248	1077	75	0.0	599	adenylate cyclase type 4 isoform X1 [Myotis myotis]	51298
XP_036193927.1	XP_036119731	37.843	983	1248	1077	74	0.0	599	adenylate cyclase type 4 [Molossus molossus]	27622
XP_036193927.1	XP_053784816	38.076	977	1248	1103	74	0.0	598	adenylate cyclase type 4 isoform X2 [Desmodus rotundus]	9430
XP_036193927.1	XP_015418582	37.037	945	1248	936	72	0.0	598	PREDICTED: adenylate cyclase type 2 isoform X4 [Myotis davidii]	225400
XP_036193927.1	XP_006760893	37.903	992	1248	1077	75	0.0	598	PREDICTED: adenylate cyclase type 4 [Myotis davidii]	225400
XP_036193927.1	XP_006760892	37.903	992	1248	1077	75	0.0	598	PREDICTED: adenylate cyclase type 4 [Myotis davidii]	225400
XP_036193927.1	XP_032965467	37.538	983	1248	1077	74	0.0	598	adenylate cyclase type 4 isoform X2 [Rhinolophus ferrumequinum]	59479
XP_036193927.1	XP_028363245	37.640	983	1248	1077	74	0.0	597	adenylate cyclase type 4 [Phyllostomus discolor]	89673
XP_036193927.1	XP_035885703	37.640	983	1248	1077	74	0.0	597	adenylate cyclase type 4 [Phyllostomus discolor]	89673
XP_036193927.1	XP_036893420	37.538	983	1248	1118	74	0.0	597	adenylate cyclase type 4 isoform X1 [Sturnira hondurensis]	192404
XP_036193927.1	XP_080904751	37.538	983	1248	1077	74	0.0	597	adenylate cyclase type 4 isoform 2 [Rhinolophus hipposideros]	77218
XP_036193927.1	XP_036265546	35.088	1083	1248	1081	81	0.0	596	adenylate cyclase type 2 isoform X4 [Pipistrellus kuhlii]	59472
XP_036193927.1	XP_036265550	35.681	1065	1248	1048	81	0.0	596	adenylate cyclase type 2 isoform X8 [Pipistrellus kuhlii]	59472
XP_036193927.1	XP_036893421	37.538	983	1248	1077	74	0.0	596	adenylate cyclase type 4 isoform X2 [Sturnira hondurensis]	192404
XP_036193927.1	XP_053784817	37.945	983	1248	1077	74	0.0	595	adenylate cyclase type 4 isoform X3 [Desmodus rotundus]	9430
XP_036193927.1	XP_045697196	37.640	983	1248	1077	74	0.0	595	adenylate cyclase type 4 isoform X2 [Phyllostomus hastatus]	9423
XP_036193927.1	XP_019569968	37.830	986	1248	1077	74	0.0	595	adenylate cyclase type 4 [Rhinolophus sinicus]	89399
XP_036193927.1	XP_019569967	37.830	986	1248	1077	74	0.0	595	adenylate cyclase type 4 [Rhinolophus sinicus]	89399
XP_036193927.1	XP_053784815	37.945	983	1248	1109	74	0.0	595	adenylate cyclase type 4 isoform X1 [Desmodus rotundus]	9430
XP_036193927.1	XP_070284894	36.785	1014	1248	1081	81	0.0	595	adenylate cyclase type 3 isoform X2 [Myotis yumanensis]	159337
XP_036193927.1	XP_070284894	28.571	259	1248	1081	81	1.14e-22	111	adenylate cyclase type 3 isoform X2 [Myotis yumanensis]	159337
XP_036193927.1	XP_059550672	35.093	1080	1248	1081	81	0.0	595	adenylate cyclase type 2 isoform X7 [Myotis daubentonii]	98922
XP_036193927.1	XP_036985313	37.742	983	1248	1077	74	0.0	595	adenylate cyclase type 4 [Artibeus jamaicensis]	9417
XP_036193927.1	XP_036985312	37.742	983	1248	1077	74	0.0	595	adenylate cyclase type 4 [Artibeus jamaicensis]	9417
XP_036193927.1	XP_019499129	36.780	1025	1248	1075	77	0.0	594	PREDICTED: adenylate cyclase type 7 isoform X5 [Hipposideros armiger]	186990
XP_036193927.1	XP_019499121	36.160	1026	1248	1076	77	0.0	593	PREDICTED: adenylate cyclase type 7 isoform X4 [Hipposideros armiger]	186990
XP_036193927.1	XP_080534224	37.677	990	1248	1084	74	0.0	593	adenylate cyclase type 4 [Plecotus auritus]	61862
XP_036193927.1	XP_016003077	36.976	1025	1248	1078	83	0.0	592	adenylate cyclase type 7 isoform X1 [Rousettus aegyptiacus]	9407
XP_036193927.1	XP_016003077	25.676	370	1248	1078	83	3.91e-23	112	adenylate cyclase type 7 isoform X1 [Rousettus aegyptiacus]	9407
XP_036193927.1	XP_036087152	36.976	1025	1248	1078	83	0.0	592	adenylate cyclase type 7 isoform X1 [Rousettus aegyptiacus]	9407
XP_036193927.1	XP_036087152	25.676	370	1248	1078	83	3.91e-23	112	adenylate cyclase type 7 isoform X1 [Rousettus aegyptiacus]	9407
XP_036193927.1	XP_016003079	36.976	1025	1248	1078	83	0.0	592	adenylate cyclase type 7 isoform X1 [Rousettus aegyptiacus]	9407
XP_036193927.1	XP_016003079	25.676	370	1248	1078	83	3.91e-23	112	adenylate cyclase type 7 isoform X1 [Rousettus aegyptiacus]	9407
XP_036193927.1	XP_036087151	36.976	1025	1248	1078	83	0.0	592	adenylate cyclase type 7 isoform X1 [Rousettus aegyptiacus]	9407
XP_036193927.1	XP_036087151	25.676	370	1248	1078	83	3.91e-23	112	adenylate cyclase type 7 isoform X1 [Rousettus aegyptiacus]	9407
XP_036193927.1	XP_016003081	36.976	1025	1248	1078	83	0.0	592	adenylate cyclase type 7 isoform X1 [Rousettus aegyptiacus]	9407
XP_036193927.1	XP_016003081	25.676	370	1248	1078	83	3.91e-23	112	adenylate cyclase type 7 isoform X1 [Rousettus aegyptiacus]	9407
XP_036193927.1	XP_011383834	37.500	992	1248	1077	75	0.0	592	adenylate cyclase type 4 [Pteropus vampyrus]	132908
XP_036193927.1	XP_032965466	37.310	989	1248	1083	74	0.0	592	adenylate cyclase type 4 isoform X1 [Rhinolophus ferrumequinum]	59479
XP_036193927.1	XP_032965465	37.310	989	1248	1083	74	0.0	592	adenylate cyclase type 4 isoform X1 [Rhinolophus ferrumequinum]	59479
XP_036193927.1	XP_045044348	35.493	1096	1248	1079	83	0.0	591	adenylate cyclase type 7 isoform X1 [Desmodus rotundus]	9430
XP_036193927.1	XP_045044348	26.354	277	1248	1079	83	2.81e-21	106	adenylate cyclase type 7 isoform X1 [Desmodus rotundus]	9430
XP_036193927.1	XP_024407324	35.493	1096	1248	1079	83	0.0	591	adenylate cyclase type 7 isoform X1 [Desmodus rotundus]	9430
XP_036193927.1	XP_024407324	26.354	277	1248	1079	83	2.81e-21	106	adenylate cyclase type 7 isoform X1 [Desmodus rotundus]	9430
XP_036193927.1	XP_045044347	35.493	1096	1248	1079	83	0.0	591	adenylate cyclase type 7 isoform X1 [Desmodus rotundus]	9430
XP_036193927.1	XP_045044347	26.354	277	1248	1079	83	2.81e-21	106	adenylate cyclase type 7 isoform X1 [Desmodus rotundus]	9430
XP_036193927.1	XP_045044346	35.493	1096	1248	1079	83	0.0	591	adenylate cyclase type 7 isoform X1 [Desmodus rotundus]	9430
XP_036193927.1	XP_045044346	26.354	277	1248	1079	83	2.81e-21	106	adenylate cyclase type 7 isoform X1 [Desmodus rotundus]	9430
XP_036193927.1	XP_045044345	35.493	1096	1248	1079	83	0.0	591	adenylate cyclase type 7 isoform X1 [Desmodus rotundus]	9430
XP_036193927.1	XP_045044345	26.354	277	1248	1079	83	2.81e-21	106	adenylate cyclase type 7 isoform X1 [Desmodus rotundus]	9430
XP_036193927.1	XP_023607853	35.588	1020	1248	1024	77	0.0	591	adenylate cyclase type 2 isoform X7 [Myotis lucifugus]	59463
XP_036193927.1	XP_032983098	35.104	1111	1248	1080	83	0.0	591	adenylate cyclase type 7 isoform X2 [Rhinolophus ferrumequinum]	59479
XP_036193927.1	XP_032983097	35.135	1110	1248	1079	83	0.0	591	adenylate cyclase type 7 isoform X1 [Rhinolophus ferrumequinum]	59479
XP_036193927.1	XP_032983096	35.135	1110	1248	1079	83	0.0	591	adenylate cyclase type 7 isoform X1 [Rhinolophus ferrumequinum]	59479
XP_036193927.1	XP_045697195	37.041	1007	1248	1101	74	0.0	591	adenylate cyclase type 4 isoform X1 [Phyllostomus hastatus]	9423
XP_036193927.1	XP_015976043	37.538	983	1248	1077	74	0.0	591	adenylate cyclase type 4 isoform X7 [Rousettus aegyptiacus]	9407
XP_036193927.1	XP_039726319	37.399	992	1248	1077	75	0.0	590	adenylate cyclase type 4 isoform X2 [Pteropus medius]	143291
XP_036193927.1	XP_039726318	37.399	992	1248	1077	75	0.0	590	adenylate cyclase type 4 isoform X2 [Pteropus medius]	143291
XP_036193927.1	XP_059550674	35.448	1072	1248	1058	81	0.0	590	adenylate cyclase type 2 isoform X9 [Myotis daubentonii]	98922
XP_036193927.1	XP_045700350	39.903	822	1248	1008	67	0.0	590	adenylate cyclase type 3 isoform X6 [Phyllostomus hastatus]	9423
XP_036193927.1	XP_045700350	28.696	230	1248	1008	67	1.46e-19	101	adenylate cyclase type 3 isoform X6 [Phyllostomus hastatus]	9423
XP_036193927.1	XP_045700350	25.869	259	1248	1008	67	1.56e-14	84.7	adenylate cyclase type 3 isoform X6 [Phyllostomus hastatus]	9423
XP_036193927.1	XP_006913595	37.399	992	1248	1077	75	0.0	590	adenylate cyclase type 4 [Pteropus alecto]	9402
XP_036193927.1	XP_080888644	37.391	1035	1248	1079	76	0.0	590	adenylate cyclase type 7 isoform 2 [Rhinolophus hipposideros]	77218
XP_036193927.1	XP_080888643	37.391	1035	1248	1079	76	0.0	590	adenylate cyclase type 7 isoform 2 [Rhinolophus hipposideros]	77218
XP_036193927.1	XP_019518533	37.266	1017	1248	1077	76	0.0	589	PREDICTED: adenylate cyclase type 4 [Hipposideros armiger]	186990
XP_036193927.1	XP_080888642	37.259	1036	1248	1080	76	0.0	589	adenylate cyclase type 7 isoform 1 [Rhinolophus hipposideros]	77218
XP_036193927.1	XP_080888641	37.259	1036	1248	1080	76	0.0	589	adenylate cyclase type 7 isoform 1 [Rhinolophus hipposideros]	77218
XP_036193927.1	XP_080501299	35.592	1107	1248	1079	83	0.0	589	adenylate cyclase type 7 isoform 3 [Plecotus auritus]	61862
XP_036193927.1	XP_066133676	37.538	983	1248	1106	74	0.0	588	adenylate cyclase type 4 isoform X1 [Saccopteryx bilineata]	59482
XP_036193927.1	XP_080501298	35.592	1107	1248	1100	83	0.0	588	adenylate cyclase type 7 isoform 2 [Plecotus auritus]	61862
XP_036193927.1	XP_080974598	35.305	1099	1248	1079	83	0.0	588	adenylate cyclase type 7 isoform 1 [Miniopterus schreibersii]	9433
XP_036193927.1	XP_080974598	25.547	274	1248	1079	83	7.35e-21	105	adenylate cyclase type 7 isoform 1 [Miniopterus schreibersii]	9433
XP_036193927.1	XP_066198722	37.538	983	1248	1106	74	0.0	588	adenylate cyclase type 4 isoform X1 [Saccopteryx leptura]	249018
XP_036193927.1	XP_016060493	35.273	1100	1248	1080	83	0.0	588	PREDICTED: adenylate cyclase type 7 [Miniopterus natalensis]	291302
XP_036193927.1	XP_016060493	25.993	277	1248	1080	83	7.55e-21	105	PREDICTED: adenylate cyclase type 7 [Miniopterus natalensis]	291302
XP_036193927.1	XP_023607867	36.067	1012	1248	1001	77	0.0	588	adenylate cyclase type 2 isoform X10 [Myotis lucifugus]	59463
XP_036193927.1	XP_080974599	35.273	1100	1248	1080	83	0.0	588	adenylate cyclase type 7 isoform 2 [Miniopterus schreibersii]	9433
XP_036193927.1	XP_080974599	25.993	277	1248	1080	83	7.55e-21	105	adenylate cyclase type 7 isoform 2 [Miniopterus schreibersii]	9433
XP_036193927.1	XP_039736763	36.176	1114	1248	1078	83	0.0	588	adenylate cyclase type 7 isoform X1 [Pteropus medius]	143291
XP_036193927.1	XP_039736763	26.354	277	1248	1078	83	7.67e-21	105	adenylate cyclase type 7 isoform X1 [Pteropus medius]	143291
XP_036193927.1	XP_039736762	36.176	1114	1248	1078	83	0.0	588	adenylate cyclase type 7 isoform X1 [Pteropus medius]	143291
XP_036193927.1	XP_039736762	26.354	277	1248	1078	83	7.67e-21	105	adenylate cyclase type 7 isoform X1 [Pteropus medius]	143291
XP_036193927.1	XP_039736761	36.176	1114	1248	1078	83	0.0	588	adenylate cyclase type 7 isoform X1 [Pteropus medius]	143291
XP_036193927.1	XP_039736761	26.354	277	1248	1078	83	7.67e-21	105	adenylate cyclase type 7 isoform X1 [Pteropus medius]	143291
XP_036193927.1	XP_039736760	36.176	1114	1248	1078	83	0.0	588	adenylate cyclase type 7 isoform X1 [Pteropus medius]	143291
XP_036193927.1	XP_039736760	26.354	277	1248	1078	83	7.67e-21	105	adenylate cyclase type 7 isoform X1 [Pteropus medius]	143291
XP_036193927.1	XP_066133677	37.538	983	1248	1077	74	0.0	587	adenylate cyclase type 4 isoform X2 [Saccopteryx bilineata]	59482
XP_036193927.1	XP_036131871	35.072	1112	1248	1079	83	0.0	587	adenylate cyclase type 7 isoform X1 [Molossus molossus]	27622
XP_036193927.1	XP_036131871	26.354	277	1248	1079	83	4.82e-22	109	adenylate cyclase type 7 isoform X1 [Molossus molossus]	27622
XP_036193927.1	XP_036131869	35.072	1112	1248	1079	83	0.0	587	adenylate cyclase type 7 isoform X1 [Molossus molossus]	27622
XP_036193927.1	XP_036131869	26.354	277	1248	1079	83	4.82e-22	109	adenylate cyclase type 7 isoform X1 [Molossus molossus]	27622
XP_036193927.1	XP_036131868	35.072	1112	1248	1079	83	0.0	587	adenylate cyclase type 7 isoform X1 [Molossus molossus]	27622
XP_036193927.1	XP_036131868	26.354	277	1248	1079	83	4.82e-22	109	adenylate cyclase type 7 isoform X1 [Molossus molossus]	27622
XP_036193927.1	XP_036131867	35.072	1112	1248	1079	83	0.0	587	adenylate cyclase type 7 isoform X1 [Molossus molossus]	27622
XP_036193927.1	XP_036131867	26.354	277	1248	1079	83	4.82e-22	109	adenylate cyclase type 7 isoform X1 [Molossus molossus]	27622
XP_036193927.1	XP_036131866	35.072	1112	1248	1079	83	0.0	587	adenylate cyclase type 7 isoform X1 [Molossus molossus]	27622
XP_036193927.1	XP_036131866	26.354	277	1248	1079	83	4.82e-22	109	adenylate cyclase type 7 isoform X1 [Molossus molossus]	27622
XP_036193927.1	XP_066198723	37.538	983	1248	1077	74	0.0	587	adenylate cyclase type 4 isoform X2 [Saccopteryx leptura]	249018
XP_036193927.1	XP_036131872	35.104	1111	1248	1078	83	0.0	586	adenylate cyclase type 7 isoform X2 [Molossus molossus]	27622
XP_036193927.1	XP_036131872	26.354	277	1248	1078	83	4.47e-22	109	adenylate cyclase type 7 isoform X2 [Molossus molossus]	27622
XP_036193927.1	XP_045674325	35.876	1101	1248	1078	83	0.0	585	adenylate cyclase type 7 isoform X1 [Phyllostomus hastatus]	9423
XP_036193927.1	XP_045674324	35.876	1101	1248	1078	83	0.0	585	adenylate cyclase type 7 isoform X1 [Phyllostomus hastatus]	9423
XP_036193927.1	XP_045674323	35.876	1101	1248	1078	83	0.0	585	adenylate cyclase type 7 isoform X1 [Phyllostomus hastatus]	9423
XP_036193927.1	XP_045674322	35.876	1101	1248	1078	83	0.0	585	adenylate cyclase type 7 isoform X1 [Phyllostomus hastatus]	9423
XP_036193927.1	XP_045674321	35.876	1101	1248	1078	83	0.0	585	adenylate cyclase type 7 isoform X1 [Phyllostomus hastatus]	9423
XP_036193927.1	XP_045674320	35.876	1101	1248	1078	83	0.0	585	adenylate cyclase type 7 isoform X1 [Phyllostomus hastatus]	9423
XP_036193927.1	XP_045674319	35.876	1101	1248	1078	83	0.0	585	adenylate cyclase type 7 isoform X1 [Phyllostomus hastatus]	9423
XP_036193927.1	XP_045674327	35.974	1098	1248	1077	83	0.0	584	adenylate cyclase type 7 isoform X2 [Phyllostomus hastatus]	9423
XP_036193927.1	XP_045440925	37.979	940	1248	945	71	0.0	583	adenylate cyclase type 4 isoform X2 [Pipistrellus kuhlii]	59472
XP_036193927.1	XP_079656368	35.825	1097	1248	1079	83	0.0	582	adenylate cyclase type 7 isoform 2 [Cnephaeus nilssonii]	3371016
XP_036193927.1	XP_079656367	35.825	1097	1248	1100	83	0.0	582	adenylate cyclase type 7 isoform 1 [Cnephaeus nilssonii]	3371016
XP_036193927.1	XP_045438839	35.539	1103	1248	1100	83	0.0	582	adenylate cyclase type 7 [Pipistrellus kuhlii]	59472
XP_036193927.1	XP_045438838	35.539	1103	1248	1100	83	0.0	582	adenylate cyclase type 7 [Pipistrellus kuhlii]	59472
XP_036193927.1	XP_036296659	35.539	1103	1248	1100	83	0.0	582	adenylate cyclase type 7 [Pipistrellus kuhlii]	59472
XP_036193927.1	XP_032965469	37.257	977	1248	1062	74	0.0	579	adenylate cyclase type 4 isoform X3 [Rhinolophus ferrumequinum]	59479
XP_036193927.1	XP_028357661	35.118	1102	1248	1077	83	0.0	579	adenylate cyclase type 7 isoform X2 [Phyllostomus discolor]	89673
XP_036193927.1	XP_035869409	35.086	1103	1248	1078	83	0.0	579	adenylate cyclase type 7 isoform X1 [Phyllostomus discolor]	89673
XP_036193927.1	XP_028357660	35.086	1103	1248	1078	83	0.0	579	adenylate cyclase type 7 isoform X1 [Phyllostomus discolor]	89673
XP_036193927.1	XP_019499103	35.207	1085	1248	1135	77	0.0	578	PREDICTED: adenylate cyclase type 7 isoform X2 [Hipposideros armiger]	186990
XP_036193927.1	XP_019499103	27.076	277	1248	1135	77	7.93e-22	108	PREDICTED: adenylate cyclase type 7 isoform X2 [Hipposideros armiger]	186990
XP_036193927.1	XP_019499093	34.622	1086	1248	1136	77	0.0	577	PREDICTED: adenylate cyclase type 7 isoform X1 [Hipposideros armiger]	186990
XP_036193927.1	XP_019499093	27.076	277	1248	1136	77	8.01e-22	108	PREDICTED: adenylate cyclase type 7 isoform X1 [Hipposideros armiger]	186990
XP_036193927.1	XP_019499083	34.622	1086	1248	1136	77	0.0	577	PREDICTED: adenylate cyclase type 7 isoform X1 [Hipposideros armiger]	186990
XP_036193927.1	XP_019499083	27.076	277	1248	1136	77	8.01e-22	108	PREDICTED: adenylate cyclase type 7 isoform X1 [Hipposideros armiger]	186990
XP_036193927.1	XP_019499072	34.622	1086	1248	1136	77	0.0	577	PREDICTED: adenylate cyclase type 7 isoform X1 [Hipposideros armiger]	186990
XP_036193927.1	XP_019499072	27.076	277	1248	1136	77	8.01e-22	108	PREDICTED: adenylate cyclase type 7 isoform X1 [Hipposideros armiger]	186990
XP_036193927.1	XP_019499066	34.622	1086	1248	1136	77	0.0	577	PREDICTED: adenylate cyclase type 7 isoform X1 [Hipposideros armiger]	186990
XP_036193927.1	XP_019499066	27.076	277	1248	1136	77	8.01e-22	108	PREDICTED: adenylate cyclase type 7 isoform X1 [Hipposideros armiger]	186990
XP_036193927.1	XP_019499058	34.622	1086	1248	1136	77	0.0	577	PREDICTED: adenylate cyclase type 7 isoform X1 [Hipposideros armiger]	186990
XP_036193927.1	XP_019499058	27.076	277	1248	1136	77	8.01e-22	108	PREDICTED: adenylate cyclase type 7 isoform X1 [Hipposideros armiger]	186990
XP_036193927.1	XP_023386422	38.165	959	1248	982	71	0.0	577	adenylate cyclase type 7 isoform X1 [Pteropus vampyrus]	132908
XP_036193927.1	XP_023386422	26.354	277	1248	982	71	8.09e-21	105	adenylate cyclase type 7 isoform X1 [Pteropus vampyrus]	132908
XP_036193927.1	XP_080904750	35.965	1026	1248	1120	74	0.0	577	adenylate cyclase type 4 isoform 1 [Rhinolophus hipposideros]	77218
XP_036193927.1	XP_036922250	34.520	1124	1248	1100	85	0.0	575	adenylate cyclase type 7 isoform X2 [Sturnira hondurensis]	192404
XP_036193927.1	XP_036997481	34.932	1105	1248	1079	83	0.0	574	adenylate cyclase type 7 isoform X2 [Artibeus jamaicensis]	9417
XP_036193927.1	XP_036997481	25.912	274	1248	1079	83	1.51e-21	107	adenylate cyclase type 7 isoform X2 [Artibeus jamaicensis]	9417
XP_036193927.1	XP_074171021	36.355	1037	1248	1079	76	0.0	574	adenylate cyclase type 7 isoform X2 [Rhinolophus sinicus]	89399
XP_036193927.1	XP_070254456	35.469	1108	1248	1100	83	0.0	574	adenylate cyclase type 7 [Myotis yumanensis]	159337
XP_036193927.1	XP_070254455	35.469	1108	1248	1100	83	0.0	574	adenylate cyclase type 7 [Myotis yumanensis]	159337
XP_036193927.1	XP_074171023	36.425	1035	1248	1076	76	0.0	574	adenylate cyclase type 7 isoform X3 [Rhinolophus sinicus]	89399
XP_036193927.1	XP_074171022	36.425	1035	1248	1076	76	0.0	574	adenylate cyclase type 7 isoform X3 [Rhinolophus sinicus]	89399
XP_036193927.1	XP_074171020	36.320	1038	1248	1080	76	0.0	573	adenylate cyclase type 7 isoform X1 [Rhinolophus sinicus]	89399
XP_036193927.1	XP_074171019	36.320	1038	1248	1080	76	0.0	573	adenylate cyclase type 7 isoform X1 [Rhinolophus sinicus]	89399
XP_036193927.1	XP_074171018	36.320	1038	1248	1080	76	0.0	573	adenylate cyclase type 7 isoform X1 [Rhinolophus sinicus]	89399
XP_036193927.1	XP_074171017	36.320	1038	1248	1080	76	0.0	573	adenylate cyclase type 7 isoform X1 [Rhinolophus sinicus]	89399
XP_036193927.1	XP_074171016	36.320	1038	1248	1080	76	0.0	573	adenylate cyclase type 7 isoform X1 [Rhinolophus sinicus]	89399
XP_036193927.1	XP_080501297	34.531	1141	1248	1134	83	0.0	573	adenylate cyclase type 7 isoform 1 [Plecotus auritus]	61862
XP_036193927.1	XP_071076116	35.073	1092	1248	1058	83	0.0	573	adenylate cyclase type 7 isoform X2 [Desmodus rotundus]	9430
XP_036193927.1	XP_071076116	26.780	295	1248	1058	83	8.10e-21	105	adenylate cyclase type 7 isoform X2 [Desmodus rotundus]	9430
XP_036193927.1	XP_015418585	39.560	819	1248	848	63	0.0	573	PREDICTED: adenylate cyclase type 2 isoform X7 [Myotis davidii]	225400
XP_036193927.1	XP_015418585	26.872	227	1248	848	63	2.31e-15	87.4	PREDICTED: adenylate cyclase type 2 isoform X7 [Myotis davidii]	225400
XP_036193927.1	XP_039726321	37.592	947	1248	945	72	0.0	573	adenylate cyclase type 4 isoform X4 [Pteropus medius]	143291
XP_036193927.1	XP_014404019	39.560	819	1248	848	63	0.0	572	PREDICTED: adenylate cyclase type 2 isoform X5 [Myotis brandtii]	109478
XP_036193927.1	XP_014404019	26.872	227	1248	848	63	2.37e-15	87.4	PREDICTED: adenylate cyclase type 2 isoform X5 [Myotis brandtii]	109478
XP_036193927.1	XP_014404016	39.560	819	1248	848	63	0.0	572	PREDICTED: adenylate cyclase type 2 isoform X5 [Myotis brandtii]	109478
XP_036193927.1	XP_014404016	26.872	227	1248	848	63	2.37e-15	87.4	PREDICTED: adenylate cyclase type 2 isoform X5 [Myotis brandtii]	109478
XP_036193927.1	XP_014308583	39.560	819	1248	848	63	0.0	572	adenylate cyclase type 2 isoform X17 [Myotis lucifugus]	59463
XP_036193927.1	XP_014308583	26.872	227	1248	848	63	2.37e-15	87.4	adenylate cyclase type 2 isoform X17 [Myotis lucifugus]	59463
XP_036193927.1	XP_014308585	39.560	819	1248	848	63	0.0	572	adenylate cyclase type 2 isoform X17 [Myotis lucifugus]	59463
XP_036193927.1	XP_014308585	26.872	227	1248	848	63	2.37e-15	87.4	adenylate cyclase type 2 isoform X17 [Myotis lucifugus]	59463
XP_036193927.1	XP_054566799	35.708	1109	1248	1100	83	0.0	570	adenylate cyclase type 7 [Eptesicus fuscus]	29078
XP_036193927.1	XP_054566799	26.978	278	1248	1100	83	1.80e-23	114	adenylate cyclase type 7 [Eptesicus fuscus]	29078
XP_036193927.1	XP_036922249	34.367	1129	1248	1105	85	0.0	570	adenylate cyclase type 7 isoform X1 [Sturnira hondurensis]	192404
XP_036193927.1	XP_036922248	34.367	1129	1248	1105	85	0.0	570	adenylate cyclase type 7 isoform X1 [Sturnira hondurensis]	192404
XP_036193927.1	XP_036922247	34.367	1129	1248	1105	85	0.0	570	adenylate cyclase type 7 isoform X1 [Sturnira hondurensis]	192404
XP_036193927.1	XP_036922246	34.367	1129	1248	1105	85	0.0	570	adenylate cyclase type 7 isoform X1 [Sturnira hondurensis]	192404
XP_036193927.1	XP_053519172	34.685	1110	1248	1084	83	0.0	570	adenylate cyclase type 7 isoform X1 [Artibeus jamaicensis]	9417
XP_036193927.1	XP_053519172	25.912	274	1248	1084	83	1.44e-21	107	adenylate cyclase type 7 isoform X1 [Artibeus jamaicensis]	9417
XP_036193927.1	XP_053519171	34.685	1110	1248	1084	83	0.0	570	adenylate cyclase type 7 isoform X1 [Artibeus jamaicensis]	9417
XP_036193927.1	XP_053519171	25.912	274	1248	1084	83	1.44e-21	107	adenylate cyclase type 7 isoform X1 [Artibeus jamaicensis]	9417
XP_036193927.1	XP_053519170	34.685	1110	1248	1084	83	0.0	570	adenylate cyclase type 7 isoform X1 [Artibeus jamaicensis]	9417
XP_036193927.1	XP_053519170	25.912	274	1248	1084	83	1.44e-21	107	adenylate cyclase type 7 isoform X1 [Artibeus jamaicensis]	9417
XP_036193927.1	XP_059524057	35.199	1108	1248	1100	83	0.0	569	adenylate cyclase type 7 isoform X2 [Myotis daubentonii]	98922
XP_036193927.1	XP_080963565	35.668	1071	1248	1079	80	0.0	568	adenylate cyclase type 7 isoform 2 [Myotis nattereri]	109481
XP_036193927.1	XP_066198724	38.085	898	1248	958	68	0.0	566	adenylate cyclase type 4 isoform X3 [Saccopteryx leptura]	249018
XP_036193927.1	XP_039726317	37.707	907	1248	1103	69	4.35e-180	565	adenylate cyclase type 4 isoform X1 [Pteropus medius]	143291
XP_036193927.1	XP_023384268	33.727	1100	1248	1105	82	9.99e-180	564	adenylate cyclase type 3 [Pteropus vampyrus]	132908
XP_036193927.1	XP_045674328	35.553	1066	1248	1034	85	1.08e-178	559	adenylate cyclase type 7 isoform X3 [Phyllostomus hastatus]	9423
XP_036193927.1	XP_045674328	27.152	302	1248	1034	85	1.47e-22	110	adenylate cyclase type 7 isoform X3 [Phyllostomus hastatus]	9423
XP_036193927.1	XP_036201024	37.363	1001	1248	1097	75	1.14e-178	561	adenylate cyclase type 7 isoform X1 [Myotis myotis]	51298
XP_036193927.1	XP_036201023	37.363	1001	1248	1097	75	1.14e-178	561	adenylate cyclase type 7 isoform X1 [Myotis myotis]	51298
XP_036193927.1	XP_036201022	37.363	1001	1248	1097	75	1.14e-178	561	adenylate cyclase type 7 isoform X1 [Myotis myotis]	51298
XP_036193927.1	XP_036201021	37.363	1001	1248	1097	75	1.14e-178	561	adenylate cyclase type 7 isoform X1 [Myotis myotis]	51298
XP_036193927.1	XP_036201020	37.363	1001	1248	1097	75	1.14e-178	561	adenylate cyclase type 7 isoform X1 [Myotis myotis]	51298
XP_036193927.1	XP_036201019	37.363	1001	1248	1097	75	1.14e-178	561	adenylate cyclase type 7 isoform X1 [Myotis myotis]	51298
XP_036193927.1	XP_036201018	37.363	1001	1248	1097	75	1.14e-178	561	adenylate cyclase type 7 isoform X1 [Myotis myotis]	51298
XP_036193927.1	XP_066100041	36.517	1005	1248	1074	75	1.10e-177	558	adenylate cyclase type 7 [Saccopteryx bilineata]	59482
XP_036193927.1	XP_066100041	26.354	277	1248	1074	75	1.93e-21	107	adenylate cyclase type 7 [Saccopteryx bilineata]	59482
XP_036193927.1	XP_066100040	36.517	1005	1248	1074	75	1.10e-177	558	adenylate cyclase type 7 [Saccopteryx bilineata]	59482
XP_036193927.1	XP_066100040	26.354	277	1248	1074	75	1.93e-21	107	adenylate cyclase type 7 [Saccopteryx bilineata]	59482
XP_036193927.1	XP_066100039	36.517	1005	1248	1074	75	1.10e-177	558	adenylate cyclase type 7 [Saccopteryx bilineata]	59482
XP_036193927.1	XP_066100039	26.354	277	1248	1074	75	1.93e-21	107	adenylate cyclase type 7 [Saccopteryx bilineata]	59482
XP_036193927.1	XP_066100038	36.517	1005	1248	1074	75	1.10e-177	558	adenylate cyclase type 7 [Saccopteryx bilineata]	59482
XP_036193927.1	XP_066100038	26.354	277	1248	1074	75	1.93e-21	107	adenylate cyclase type 7 [Saccopteryx bilineata]	59482
XP_036193927.1	XP_066100037	36.517	1005	1248	1074	75	1.10e-177	558	adenylate cyclase type 7 [Saccopteryx bilineata]	59482
XP_036193927.1	XP_066100037	26.354	277	1248	1074	75	1.93e-21	107	adenylate cyclase type 7 [Saccopteryx bilineata]	59482
XP_036193927.1	XP_066100036	36.517	1005	1248	1074	75	1.10e-177	558	adenylate cyclase type 7 [Saccopteryx bilineata]	59482
XP_036193927.1	XP_066100036	26.354	277	1248	1074	75	1.93e-21	107	adenylate cyclase type 7 [Saccopteryx bilineata]	59482
XP_036193927.1	XP_066100035	36.517	1005	1248	1074	75	1.10e-177	558	adenylate cyclase type 7 [Saccopteryx bilineata]	59482
XP_036193927.1	XP_066100035	26.354	277	1248	1074	75	1.93e-21	107	adenylate cyclase type 7 [Saccopteryx bilineata]	59482
XP_036193927.1	XP_066206037	36.517	1005	1248	1074	75	1.33e-177	558	adenylate cyclase type 7 [Saccopteryx leptura]	249018
XP_036193927.1	XP_066206037	26.354	277	1248	1074	75	1.44e-21	107	adenylate cyclase type 7 [Saccopteryx leptura]	249018
XP_036193927.1	XP_066206036	36.517	1005	1248	1074	75	1.33e-177	558	adenylate cyclase type 7 [Saccopteryx leptura]	249018
XP_036193927.1	XP_066206036	26.354	277	1248	1074	75	1.44e-21	107	adenylate cyclase type 7 [Saccopteryx leptura]	249018
XP_036193927.1	XP_066206035	36.517	1005	1248	1074	75	1.33e-177	558	adenylate cyclase type 7 [Saccopteryx leptura]	249018
XP_036193927.1	XP_066206035	26.354	277	1248	1074	75	1.44e-21	107	adenylate cyclase type 7 [Saccopteryx leptura]	249018
XP_036193927.1	XP_066206034	36.517	1005	1248	1074	75	1.33e-177	558	adenylate cyclase type 7 [Saccopteryx leptura]	249018
XP_036193927.1	XP_066206034	26.354	277	1248	1074	75	1.44e-21	107	adenylate cyclase type 7 [Saccopteryx leptura]	249018
XP_036193927.1	XP_066206032	36.517	1005	1248	1074	75	1.33e-177	558	adenylate cyclase type 7 [Saccopteryx leptura]	249018
XP_036193927.1	XP_066206032	26.354	277	1248	1074	75	1.44e-21	107	adenylate cyclase type 7 [Saccopteryx leptura]	249018
XP_036193927.1	XP_066206031	36.517	1005	1248	1074	75	1.33e-177	558	adenylate cyclase type 7 [Saccopteryx leptura]	249018
XP_036193927.1	XP_066206031	26.354	277	1248	1074	75	1.44e-21	107	adenylate cyclase type 7 [Saccopteryx leptura]	249018
XP_036193927.1	XP_080963564	34.747	1108	1248	1116	80	2.48e-176	556	adenylate cyclase type 7 isoform 1 [Myotis nattereri]	109481
XP_036193927.1	XP_059524055	34.323	1145	1248	1137	83	2.66e-176	556	adenylate cyclase type 7 isoform X1 [Myotis daubentonii]	98922
XP_036193927.1	XP_059524054	34.323	1145	1248	1137	83	2.66e-176	556	adenylate cyclase type 7 isoform X1 [Myotis daubentonii]	98922
XP_036193927.1	XP_059524053	34.323	1145	1248	1137	83	2.66e-176	556	adenylate cyclase type 7 isoform X1 [Myotis daubentonii]	98922
XP_036193927.1	XP_059524052	34.323	1145	1248	1137	83	2.66e-176	556	adenylate cyclase type 7 isoform X1 [Myotis daubentonii]	98922
XP_036193927.1	XP_059524051	34.323	1145	1248	1137	83	2.66e-176	556	adenylate cyclase type 7 isoform X1 [Myotis daubentonii]	98922
XP_036193927.1	XP_059524050	34.323	1145	1248	1137	83	2.66e-176	556	adenylate cyclase type 7 isoform X1 [Myotis daubentonii]	98922
XP_036193927.1	XP_059524049	34.323	1145	1248	1137	83	2.66e-176	556	adenylate cyclase type 7 isoform X1 [Myotis daubentonii]	98922
XP_036193927.1	XP_036165021	34.144	1069	1248	1049	82	2.99e-176	553	adenylate cyclase type 2 isoform X7 [Myotis myotis]	51298
XP_036193927.1	XP_036165021	25.573	262	1248	1049	82	4.85e-17	92.8	adenylate cyclase type 2 isoform X7 [Myotis myotis]	51298
XP_036193927.1	XP_036165018	34.848	990	1248	1069	82	7.22e-176	553	adenylate cyclase type 2 isoform X4 [Myotis myotis]	51298
XP_036193927.1	XP_036165018	25.573	262	1248	1069	82	7.76e-17	92.4	adenylate cyclase type 2 isoform X4 [Myotis myotis]	51298
XP_036193927.1	XP_053513144	34.612	1069	1248	1043	81	8.14e-175	549	adenylate cyclase type 2 isoform X2 [Artibeus jamaicensis]	9417
XP_036193927.1	XP_039736764	35.099	1114	1248	1068	83	1.12e-174	550	adenylate cyclase type 7 isoform X2 [Pteropus medius]	143291
XP_036193927.1	XP_039736764	26.354	277	1248	1068	83	6.82e-21	105	adenylate cyclase type 7 isoform X2 [Pteropus medius]	143291
XP_036193927.1	XP_036165019	33.457	1076	1248	1059	82	1.20e-174	550	adenylate cyclase type 2 isoform X5 [Myotis myotis]	51298
XP_036193927.1	XP_036165019	25.573	262	1248	1059	82	4.52e-17	93.2	adenylate cyclase type 2 isoform X5 [Myotis myotis]	51298
XP_036193927.1	XP_036165017	34.600	1000	1248	1079	82	3.34e-174	549	adenylate cyclase type 2 isoform X3 [Myotis myotis]	51298
XP_036193927.1	XP_036165017	25.573	262	1248	1079	82	8.72e-17	92.0	adenylate cyclase type 2 isoform X3 [Myotis myotis]	51298
XP_036193927.1	XP_015418581	36.312	884	1248	953	72	4.18e-174	545	PREDICTED: adenylate cyclase type 2 isoform X3 [Myotis davidii]	225400
XP_036193927.1	XP_015418581	26.316	247	1248	953	72	8.12e-17	92.0	PREDICTED: adenylate cyclase type 2 isoform X3 [Myotis davidii]	225400
XP_036193927.1	XP_032965470	35.853	979	1248	1027	74	4.73e-174	547	adenylate cyclase type 4 isoform X4 [Rhinolophus ferrumequinum]	59479
XP_036193927.1	XP_039736766	35.009	1114	1248	1057	83	8.05e-174	547	adenylate cyclase type 7 isoform X3 [Pteropus medius]	143291
XP_036193927.1	XP_039736766	26.354	277	1248	1057	83	7.00e-21	105	adenylate cyclase type 7 isoform X3 [Pteropus medius]	143291
XP_036193927.1	XP_036265545	34.585	1012	1248	1088	82	2.99e-173	546	adenylate cyclase type 2 isoform X3 [Pipistrellus kuhlii]	59472
XP_036193927.1	XP_036265545	25.573	262	1248	1088	82	9.62e-17	92.0	adenylate cyclase type 2 isoform X3 [Pipistrellus kuhlii]	59472
XP_036193927.1	XP_059550671	34.490	1009	1248	1088	81	1.08e-172	545	adenylate cyclase type 2 isoform X6 [Myotis daubentonii]	98922
XP_036193927.1	XP_059550671	26.316	247	1248	1088	81	8.91e-17	92.0	adenylate cyclase type 2 isoform X6 [Myotis daubentonii]	98922
XP_036193927.1	XP_023386423	37.018	959	1248	972	71	2.19e-172	541	adenylate cyclase type 7 isoform X2 [Pteropus vampyrus]	132908
XP_036193927.1	XP_023386423	26.354	277	1248	972	71	6.70e-21	105	adenylate cyclase type 7 isoform X2 [Pteropus vampyrus]	132908
XP_036193927.1	XP_023607848	35.090	949	1248	1031	77	2.22e-172	543	adenylate cyclase type 2 isoform X6 [Myotis lucifugus]	59463
XP_036193927.1	XP_023607848	26.316	247	1248	1031	77	7.53e-17	92.4	adenylate cyclase type 2 isoform X6 [Myotis lucifugus]	59463
XP_036193927.1	XP_045683564	39.604	808	1248	968	72	6.67e-172	539	adenylate cyclase type 1 isoform X4 [Phyllostomus hastatus]	9423
XP_036193927.1	XP_045683564	29.008	262	1248	968	72	1.46e-22	110	adenylate cyclase type 1 isoform X4 [Phyllostomus hastatus]	9423
XP_036193927.1	XP_039726320	35.729	988	1248	1027	75	1.50e-171	540	adenylate cyclase type 4 isoform X3 [Pteropus medius]	143291
XP_036193927.1	XP_023386424	36.809	959	1248	961	71	3.13e-171	537	adenylate cyclase type 7 isoform X3 [Pteropus vampyrus]	132908
XP_036193927.1	XP_023386424	26.354	277	1248	961	71	6.98e-21	105	adenylate cyclase type 7 isoform X3 [Pteropus vampyrus]	132908
XP_036193927.1	XP_059550670	34.249	1019	1248	1098	81	5.41e-171	541	adenylate cyclase type 2 isoform X5 [Myotis daubentonii]	98922
XP_036193927.1	XP_059550670	26.316	247	1248	1098	81	8.15e-17	92.4	adenylate cyclase type 2 isoform X5 [Myotis daubentonii]	98922
XP_036193927.1	XP_023607846	34.828	959	1248	1041	77	1.67e-170	538	adenylate cyclase type 2 isoform X5 [Myotis lucifugus]	59463
XP_036193927.1	XP_023607846	26.316	247	1248	1041	77	8.25e-17	92.4	adenylate cyclase type 2 isoform X5 [Myotis lucifugus]	59463
XP_036193927.1	XP_024906026	38.402	901	1248	1007	81	2.67e-168	531	adenylate cyclase type 6 isoform X5 [Pteropus alecto]	9402
XP_036193927.1	XP_024906026	31.646	237	1248	1007	81	5.17e-21	105	adenylate cyclase type 6 isoform X5 [Pteropus alecto]	9402
XP_036193927.1	XP_023391200	38.402	901	1248	1007	81	2.67e-168	531	adenylate cyclase type 6 isoform X6 [Pteropus vampyrus]	132908
XP_036193927.1	XP_023391200	31.646	237	1248	1007	81	5.17e-21	105	adenylate cyclase type 6 isoform X6 [Pteropus vampyrus]	132908
XP_036193927.1	XP_039738110	38.402	901	1248	1007	81	2.67e-168	531	adenylate cyclase type 6 isoform X7 [Pteropus medius]	143291
XP_036193927.1	XP_039738110	31.646	237	1248	1007	81	5.17e-21	105	adenylate cyclase type 6 isoform X7 [Pteropus medius]	143291
XP_036193927.1	XP_023391199	38.333	900	1248	1011	81	2.31e-167	529	adenylate cyclase type 6 isoform X5 [Pteropus vampyrus]	132908
XP_036193927.1	XP_023391199	31.646	237	1248	1011	81	4.60e-21	105	adenylate cyclase type 6 isoform X5 [Pteropus vampyrus]	132908
XP_036193927.1	XP_032965471	38.177	812	1248	1012	62	7.45e-167	528	adenylate cyclase type 4 isoform X5 [Rhinolophus ferrumequinum]	59479
XP_036193927.1	XP_032965471	29.545	176	1248	1012	62	1.81e-15	87.8	adenylate cyclase type 4 isoform X5 [Rhinolophus ferrumequinum]	59479
XP_036193927.1	XP_036896944	39.693	781	1248	928	73	1.82e-162	513	adenylate cyclase type 1 isoform X2 [Sturnira hondurensis]	192404
XP_036193927.1	XP_036896944	29.278	263	1248	928	73	1.88e-22	110	adenylate cyclase type 1 isoform X2 [Sturnira hondurensis]	192404
XP_036193927.1	XP_053783329	39.484	775	1248	1002	73	2.43e-162	515	adenylate cyclase type 1 isoform X3 [Desmodus rotundus]	9430
XP_036193927.1	XP_053783329	28.897	263	1248	1002	73	4.65e-22	109	adenylate cyclase type 1 isoform X3 [Desmodus rotundus]	9430
XP_036193927.1	XP_016053785	37.037	864	1248	947	67	4.70e-161	510	PREDICTED: adenylate cyclase type 1 [Miniopterus natalensis]	291302
XP_036193927.1	XP_036265554	34.404	965	1248	997	82	4.95e-161	511	adenylate cyclase type 2 isoform X13 [Pipistrellus kuhlii]	59472
XP_036193927.1	XP_036265554	25.573	262	1248	997	82	6.88e-17	92.4	adenylate cyclase type 2 isoform X13 [Pipistrellus kuhlii]	59472
XP_036193927.1	XP_080938583	34.186	1056	1248	1133	75	9.96e-161	515	adenylate cyclase type 4 [Myotis nattereri]	109481
XP_036193927.1	XP_037011903	39.024	779	1248	1002	73	1.19e-160	511	adenylate cyclase type 1 isoform X3 [Artibeus jamaicensis]	9417
XP_036193927.1	XP_037011903	28.897	263	1248	1002	73	1.68e-22	110	adenylate cyclase type 1 isoform X3 [Artibeus jamaicensis]	9417
XP_036193927.1	XP_036094929	34.669	998	1248	1092	74	2.59e-158	507	adenylate cyclase type 4 isoform X5 [Rousettus aegyptiacus]	9407
XP_036193927.1	XP_036094931	34.893	983	1248	1046	74	7.31e-157	502	adenylate cyclase type 4 isoform X8 [Rousettus aegyptiacus]	9407
XP_036193927.1	XP_045427777	33.069	1007	1248	1052	82	2.82e-156	501	adenylate cyclase type 2 isoform X6 [Pipistrellus kuhlii]	59472
XP_036193927.1	XP_045427777	25.573	262	1248	1052	82	8.44e-17	92.0	adenylate cyclase type 2 isoform X6 [Pipistrellus kuhlii]	59472
XP_036193927.1	XP_059550675	32.968	1004	1248	1052	82	2.45e-155	498	adenylate cyclase type 2 isoform X10 [Myotis daubentonii]	98922
XP_036193927.1	XP_059550675	25.573	262	1248	1052	82	8.51e-17	92.0	adenylate cyclase type 2 isoform X10 [Myotis daubentonii]	98922
XP_036193927.1	XP_019580248	38.210	827	1248	941	81	1.30e-154	493	adenylate cyclase type 6 isoform X2 [Rhinolophus sinicus]	89399
XP_036193927.1	XP_019580248	31.646	237	1248	941	81	3.43e-21	106	adenylate cyclase type 6 isoform X2 [Rhinolophus sinicus]	89399
XP_036193927.1	XP_059565061	34.677	992	1248	1024	75	3.01e-154	494	adenylate cyclase type 4 isoform X2 [Myotis daubentonii]	98922
XP_036193927.1	XP_070283221	34.577	992	1248	1024	75	3.14e-154	494	adenylate cyclase type 4 isoform X2 [Myotis yumanensis]	159337
XP_036193927.1	XP_015418583	33.854	960	1248	929	74	3.73e-154	491	PREDICTED: adenylate cyclase type 2 isoform X5 [Myotis davidii]	225400
XP_036193927.1	XP_015418583	25.573	262	1248	929	74	5.16e-17	92.8	PREDICTED: adenylate cyclase type 2 isoform X5 [Myotis davidii]	225400
XP_036193927.1	XP_036210346	34.677	992	1248	1024	75	3.75e-154	494	adenylate cyclase type 4 isoform X2 [Myotis myotis]	51298
XP_036193927.1	XP_036165020	32.901	1079	1248	1055	82	9.16e-154	494	adenylate cyclase type 2 isoform X6 [Myotis myotis]	51298
XP_036193927.1	XP_036165020	25.573	262	1248	1055	82	5.25e-17	92.8	adenylate cyclase type 2 isoform X6 [Myotis myotis]	51298
XP_036193927.1	XP_036265547	32.537	1088	1248	1064	82	4.67e-153	493	adenylate cyclase type 2 isoform X5 [Pipistrellus kuhlii]	59472
XP_036193927.1	XP_036265547	25.573	262	1248	1064	82	5.95e-17	92.8	adenylate cyclase type 2 isoform X5 [Pipistrellus kuhlii]	59472
XP_036193927.1	XP_019517812	37.046	826	1248	1061	81	7.23e-153	492	PREDICTED: adenylate cyclase type 6 isoform X5 [Hipposideros armiger]	186990
XP_036193927.1	XP_019517812	31.128	257	1248	1061	81	3.21e-21	106	PREDICTED: adenylate cyclase type 6 isoform X5 [Hipposideros armiger]	186990
XP_036193927.1	XP_059550673	32.146	1095	1248	1074	82	1.06e-150	486	adenylate cyclase type 2 isoform X8 [Myotis daubentonii]	98922
XP_036193927.1	XP_059550673	25.573	262	1248	1074	82	5.78e-17	92.8	adenylate cyclase type 2 isoform X8 [Myotis daubentonii]	98922
XP_036193927.1	XP_039738111	37.617	856	1248	972	81	1.57e-150	483	adenylate cyclase type 6 isoform X8 [Pteropus medius]	143291
XP_036193927.1	XP_039738111	31.128	257	1248	972	81	3.16e-21	106	adenylate cyclase type 6 isoform X8 [Pteropus medius]	143291
XP_036193927.1	XP_023607856	33.237	1038	1248	1017	78	3.07e-150	484	adenylate cyclase type 2 isoform X8 [Myotis lucifugus]	59463
XP_036193927.1	XP_023607856	25.954	262	1248	1017	78	5.93e-17	92.8	adenylate cyclase type 2 isoform X8 [Myotis lucifugus]	59463
XP_036193927.1	XP_036094930	34.441	993	1248	1080	74	2.92e-149	483	adenylate cyclase type 4 isoform X6 [Rousettus aegyptiacus]	9407
XP_036193927.1	XP_039742882	36.997	746	1248	1255	82	2.39e-142	469	LOW QUALITY PROTEIN: adenylate cyclase type 3 [Pteropus medius]	143291
XP_036193927.1	XP_039742882	34.194	310	1248	1255	82	1.86e-41	172	LOW QUALITY PROTEIN: adenylate cyclase type 3 [Pteropus medius]	143291
XP_036193927.1	XP_039742882	25.781	256	1248	1255	82	2.85e-14	84.0	LOW QUALITY PROTEIN: adenylate cyclase type 3 [Pteropus medius]	143291
XP_036193927.1	XP_080995049	40.332	662	1248	1146	71	1.51e-137	453	adenylate cyclase type 5 isoform 3 [Miniopterus schreibersii]	9433
XP_036193927.1	XP_080995049	57.328	232	1248	1146	71	2.54e-71	266	adenylate cyclase type 5 isoform 3 [Miniopterus schreibersii]	9433
XP_036193927.1	XP_080995049	30.859	256	1248	1146	71	5.75e-20	102	adenylate cyclase type 5 isoform 3 [Miniopterus schreibersii]	9433
XP_036193927.1	XP_080995049	27.778	198	1248	1146	71	1.87e-17	94.4	adenylate cyclase type 5 isoform 3 [Miniopterus schreibersii]	9433
XP_036193927.1	XP_019506489	42.400	625	1248	1058	68	2.39e-136	447	PREDICTED: adenylate cyclase type 5 [Hipposideros armiger]	186990
XP_036193927.1	XP_019506489	57.613	243	1248	1058	68	7.88e-72	266	PREDICTED: adenylate cyclase type 5 [Hipposideros armiger]	186990
XP_036193927.1	XP_019506489	30.859	256	1248	1058	68	5.01e-20	102	PREDICTED: adenylate cyclase type 5 [Hipposideros armiger]	186990
XP_036193927.1	XP_019506489	27.778	198	1248	1058	68	2.21e-17	94.0	PREDICTED: adenylate cyclase type 5 [Hipposideros armiger]	186990
XP_036193927.1	XP_036087153	33.792	873	1248	960	83	2.53e-131	431	adenylate cyclase type 7 isoform X2 [Rousettus aegyptiacus]	9407
XP_036193927.1	XP_036087153	25.341	367	1248	960	83	3.56e-23	112	adenylate cyclase type 7 isoform X2 [Rousettus aegyptiacus]	9407
XP_036193927.1	XP_045697197	33.803	852	1248	936	72	4.36e-131	430	adenylate cyclase type 4 isoform X3 [Phyllostomus hastatus]	9423
XP_036193927.1	XP_045697197	26.829	246	1248	936	72	1.50e-19	100	adenylate cyclase type 4 isoform X3 [Phyllostomus hastatus]	9423
XP_036193927.1	XP_059524058	31.977	1032	1248	1031	80	2.15e-130	431	adenylate cyclase type 7 isoform X3 [Myotis daubentonii]	98922
XP_036193927.1	XP_059524058	26.250	240	1248	1031	80	1.47e-20	104	adenylate cyclase type 7 isoform X3 [Myotis daubentonii]	98922
XP_036193927.1	XP_059550677	31.385	924	1248	1032	82	2.29e-121	406	adenylate cyclase type 2 isoform X11 [Myotis daubentonii]	98922
XP_036193927.1	XP_059550677	53.226	124	1248	1032	82	6.28e-31	138	adenylate cyclase type 2 isoform X11 [Myotis daubentonii]	98922
XP_036193927.1	XP_059550677	25.573	262	1248	1032	82	5.69e-17	92.8	adenylate cyclase type 2 isoform X11 [Myotis daubentonii]	98922
XP_036193927.1	XP_032944308	35.122	820	1248	855	78	5.35e-121	400	adenylate cyclase type 1 isoform X6 [Rhinolophus ferrumequinum]	59479
XP_036193927.1	XP_032944308	29.596	223	1248	855	78	2.52e-22	109	adenylate cyclase type 1 isoform X6 [Rhinolophus ferrumequinum]	59479
XP_036193927.1	XP_032944307	35.122	820	1248	923	78	6.23e-121	402	adenylate cyclase type 1 isoform X5 [Rhinolophus ferrumequinum]	59479
XP_036193927.1	XP_032944307	26.531	294	1248	923	78	3.18e-22	109	adenylate cyclase type 1 isoform X5 [Rhinolophus ferrumequinum]	59479
XP_036193927.1	XP_045427779	31.661	897	1248	1003	82	6.70e-121	404	adenylate cyclase type 2 isoform X12 [Pipistrellus kuhlii]	59472
XP_036193927.1	XP_045427779	25.573	262	1248	1003	82	6.40e-17	92.4	adenylate cyclase type 2 isoform X12 [Pipistrellus kuhlii]	59472
XP_036193927.1	XP_014308587	32.646	824	1248	847	78	1.36e-120	399	adenylate cyclase type 2 isoform X18 [Myotis lucifugus]	59463
XP_036193927.1	XP_014308587	25.573	262	1248	847	78	5.00e-17	92.8	adenylate cyclase type 2 isoform X18 [Myotis lucifugus]	59463
XP_036193927.1	XP_045427778	31.661	897	1248	1032	82	2.08e-120	404	adenylate cyclase type 2 isoform X10 [Pipistrellus kuhlii]	59472
XP_036193927.1	XP_045427778	54.032	124	1248	1032	82	5.55e-32	141	adenylate cyclase type 2 isoform X10 [Pipistrellus kuhlii]	59472
XP_036193927.1	XP_045427778	25.573	262	1248	1032	82	6.30e-17	92.4	adenylate cyclase type 2 isoform X10 [Pipistrellus kuhlii]	59472
XP_036193927.1	XP_032944306	35.172	816	1248	1020	82	4.54e-120	402	adenylate cyclase type 1 isoform X4 [Rhinolophus ferrumequinum]	59479
XP_036193927.1	XP_032944306	59.783	92	1248	1020	82	1.96e-24	117	adenylate cyclase type 1 isoform X4 [Rhinolophus ferrumequinum]	59479
XP_036193927.1	XP_032944306	25.731	342	1248	1020	82	6.00e-22	108	adenylate cyclase type 1 isoform X4 [Rhinolophus ferrumequinum]	59479
XP_036193927.1	XP_036201025	32.319	953	1248	1039	83	6.64e-120	402	adenylate cyclase type 7 isoform X2 [Myotis myotis]	51298
XP_036193927.1	XP_036201025	25.993	277	1248	1039	83	1.92e-20	103	adenylate cyclase type 7 isoform X2 [Myotis myotis]	51298
XP_036193927.1	XP_032944305	35.122	820	1248	1035	78	1.96e-119	401	adenylate cyclase type 1 isoform X3 [Rhinolophus ferrumequinum]	59479
XP_036193927.1	XP_032944305	61.345	119	1248	1035	78	2.57e-36	155	adenylate cyclase type 1 isoform X3 [Rhinolophus ferrumequinum]	59479
XP_036193927.1	XP_032944305	29.596	223	1248	1035	78	7.02e-22	108	adenylate cyclase type 1 isoform X3 [Rhinolophus ferrumequinum]	59479
XP_036193927.1	XP_032944303	35.172	816	1248	1198	81	4.09e-119	404	adenylate cyclase type 1 isoform X1 [Rhinolophus ferrumequinum]	59479
XP_036193927.1	XP_032944303	56.000	250	1248	1198	81	1.97e-75	279	adenylate cyclase type 1 isoform X1 [Rhinolophus ferrumequinum]	59479
XP_036193927.1	XP_032944303	26.531	294	1248	1198	81	6.71e-22	108	adenylate cyclase type 1 isoform X1 [Rhinolophus ferrumequinum]	59479
XP_036193927.1	XP_032944303	26.549	226	1248	1198	81	1.15e-16	92.0	adenylate cyclase type 1 isoform X1 [Rhinolophus ferrumequinum]	59479
XP_036193927.1	XP_036086441	41.808	531	1248	1071	62	1.48e-114	389	adenylate cyclase type 1 isoform X3 [Rousettus aegyptiacus]	9407
XP_036193927.1	XP_036086441	53.091	275	1248	1071	62	1.01e-80	293	adenylate cyclase type 1 isoform X3 [Rousettus aegyptiacus]	9407
XP_036193927.1	XP_036086441	30.088	226	1248	1071	62	2.10e-22	110	adenylate cyclase type 1 isoform X3 [Rousettus aegyptiacus]	9407
XP_036193927.1	XP_036086441	26.316	247	1248	1071	62	7.51e-16	89.0	adenylate cyclase type 1 isoform X3 [Rousettus aegyptiacus]	9407
XP_036193927.1	XP_045683563	40.805	522	1248	1005	62	4.27e-111	377	adenylate cyclase type 1 isoform X3 [Phyllostomus hastatus]	9423
XP_036193927.1	XP_045683563	53.597	278	1248	1005	62	2.06e-82	297	adenylate cyclase type 1 isoform X3 [Phyllostomus hastatus]	9423
XP_036193927.1	XP_045683563	29.008	262	1248	1005	62	2.04e-22	110	adenylate cyclase type 1 isoform X3 [Phyllostomus hastatus]	9423
XP_036193927.1	XP_045683563	26.549	226	1248	1005	62	6.16e-16	89.4	adenylate cyclase type 1 isoform X3 [Phyllostomus hastatus]	9423
XP_036193927.1	XP_039703045	44.685	461	1248	838	60	5.50e-111	373	adenylate cyclase type 1 isoform X2 [Pteropus medius]	143291
XP_036193927.1	XP_039703045	50.329	304	1248	838	60	8.49e-83	295	adenylate cyclase type 1 isoform X2 [Pteropus medius]	143291
XP_036193927.1	XP_039703045	30.088	226	1248	838	60	3.20e-22	109	adenylate cyclase type 1 isoform X2 [Pteropus medius]	143291
XP_036193927.1	XP_039703045	25.911	247	1248	838	60	8.80e-16	88.6	adenylate cyclase type 1 isoform X2 [Pteropus medius]	143291
XP_036193927.1	XP_070268057	33.159	763	1248	960	77	2.56e-108	369	adenylate cyclase type 2 isoform X2 [Myotis yumanensis]	159337
XP_036193927.1	XP_070268057	44.025	159	1248	960	77	2.81e-32	142	adenylate cyclase type 2 isoform X2 [Myotis yumanensis]	159337
XP_036193927.1	XP_070268057	25.573	262	1248	960	77	4.16e-17	93.2	adenylate cyclase type 2 isoform X2 [Myotis yumanensis]	159337
XP_036193927.1	XP_036165023	32.279	759	1248	931	77	7.32e-108	367	adenylate cyclase type 2 isoform X9 [Myotis myotis]	51298
XP_036193927.1	XP_036165023	25.573	262	1248	931	77	4.40e-17	93.2	adenylate cyclase type 2 isoform X9 [Myotis myotis]	51298
XP_036193927.1	XP_015418587	34.059	643	1248	834	68	8.56e-108	364	PREDICTED: adenylate cyclase type 2 isoform X8 [Myotis davidii]	225400
XP_036193927.1	XP_015418587	44.375	160	1248	834	68	1.59e-32	142	PREDICTED: adenylate cyclase type 2 isoform X8 [Myotis davidii]	225400
XP_036193927.1	XP_015418587	25.573	262	1248	834	68	3.47e-17	93.2	PREDICTED: adenylate cyclase type 2 isoform X8 [Myotis davidii]	225400
XP_036193927.1	XP_015418584	34.059	643	1248	880	68	9.58e-108	365	PREDICTED: adenylate cyclase type 2 isoform X6 [Myotis davidii]	225400
XP_036193927.1	XP_015418584	51.205	166	1248	880	68	1.59e-39	165	PREDICTED: adenylate cyclase type 2 isoform X6 [Myotis davidii]	225400
XP_036193927.1	XP_015418584	25.573	262	1248	880	68	3.61e-17	93.2	PREDICTED: adenylate cyclase type 2 isoform X6 [Myotis davidii]	225400
XP_036193927.1	XP_036165022	32.940	762	1248	960	77	1.39e-107	367	adenylate cyclase type 2 isoform X8 [Myotis myotis]	51298
XP_036193927.1	XP_036165022	44.654	159	1248	960	77	1.78e-32	142	adenylate cyclase type 2 isoform X8 [Myotis myotis]	51298
XP_036193927.1	XP_036165022	25.573	262	1248	960	77	3.89e-17	93.2	adenylate cyclase type 2 isoform X8 [Myotis myotis]	51298
XP_036193927.1	XP_081002615	62.055	253	1248	689	38	5.54e-105	352	adenylate cyclase type 1 isoform 1 [Miniopterus schreibersii]	9433
XP_036193927.1	XP_081002615	30.088	226	1248	689	38	4.21e-22	108	adenylate cyclase type 1 isoform 1 [Miniopterus schreibersii]	9433
XP_036193927.1	XP_059550680	31.877	778	1248	950	75	8.92e-105	359	adenylate cyclase type 2 isoform X14 [Myotis daubentonii]	98922
XP_036193927.1	XP_059550680	26.316	247	1248	950	75	4.94e-17	92.8	adenylate cyclase type 2 isoform X14 [Myotis daubentonii]	98922
XP_036193927.1	XP_059550679	31.877	778	1248	979	77	2.13e-104	358	adenylate cyclase type 2 isoform X13 [Myotis daubentonii]	98922
XP_036193927.1	XP_059550679	44.654	159	1248	979	77	1.94e-32	142	adenylate cyclase type 2 isoform X13 [Myotis daubentonii]	98922
XP_036193927.1	XP_059550679	25.573	262	1248	979	77	4.26e-17	93.2	adenylate cyclase type 2 isoform X13 [Myotis daubentonii]	98922
XP_036193927.1	XP_036265559	32.254	772	1248	950	76	3.06e-104	357	adenylate cyclase type 2 isoform X17 [Pipistrellus kuhlii]	59472
XP_036193927.1	XP_036265559	25.573	262	1248	950	76	5.86e-17	92.8	adenylate cyclase type 2 isoform X17 [Pipistrellus kuhlii]	59472
XP_036193927.1	XP_036265558	32.254	772	1248	979	76	3.65e-104	358	adenylate cyclase type 2 isoform X15 [Pipistrellus kuhlii]	59472
XP_036193927.1	XP_036265558	41.053	190	1248	979	76	4.04e-34	148	adenylate cyclase type 2 isoform X15 [Pipistrellus kuhlii]	59472
XP_036193927.1	XP_036265558	25.573	262	1248	979	76	4.37e-17	93.2	adenylate cyclase type 2 isoform X15 [Pipistrellus kuhlii]	59472
XP_036193927.1	XP_036265552	32.124	772	1248	1015	76	4.05e-104	358	adenylate cyclase type 2 isoform X11 [Pipistrellus kuhlii]	59472
XP_036193927.1	XP_036265552	54.487	156	1248	1015	76	1.27e-41	172	adenylate cyclase type 2 isoform X11 [Pipistrellus kuhlii]	59472
XP_036193927.1	XP_036265552	25.573	262	1248	1015	76	5.31e-17	92.8	adenylate cyclase type 2 isoform X11 [Pipistrellus kuhlii]	59472
XP_036193927.1	XP_014308580	33.148	721	1248	922	72	4.11e-104	356	adenylate cyclase type 2 isoform X15 [Myotis lucifugus]	59463
XP_036193927.1	XP_014308580	44.654	159	1248	922	72	1.95e-32	142	adenylate cyclase type 2 isoform X15 [Myotis lucifugus]	59463
XP_036193927.1	XP_014308580	25.573	262	1248	922	72	4.44e-17	92.8	adenylate cyclase type 2 isoform X15 [Myotis lucifugus]	59463
XP_036193927.1	XP_014308573	32.312	718	1248	968	72	5.25e-104	357	adenylate cyclase type 2 isoform X13 [Myotis lucifugus]	59463
XP_036193927.1	XP_014308573	51.205	166	1248	968	72	2.30e-39	165	adenylate cyclase type 2 isoform X13 [Myotis lucifugus]	59463
XP_036193927.1	XP_014308573	25.573	262	1248	968	72	4.56e-17	93.2	adenylate cyclase type 2 isoform X13 [Myotis lucifugus]	59463
XP_036193927.1	XP_023607881	33.010	721	1248	958	72	7.23e-104	357	adenylate cyclase type 2 isoform X14 [Myotis lucifugus]	59463
XP_036193927.1	XP_023607881	53.846	156	1248	958	72	1.60e-40	168	adenylate cyclase type 2 isoform X14 [Myotis lucifugus]	59463
XP_036193927.1	XP_023607881	25.954	262	1248	958	72	5.46e-17	92.8	adenylate cyclase type 2 isoform X14 [Myotis lucifugus]	59463
XP_036193927.1	XP_019482111	61.265	253	1248	929	41	3.74e-100	345	PREDICTED: adenylate cyclase type 1 [Hipposideros armiger]	186990
XP_036193927.1	XP_019482111	61.538	117	1248	929	41	8.96e-36	153	PREDICTED: adenylate cyclase type 1 [Hipposideros armiger]	186990
XP_036193927.1	XP_019482111	29.646	226	1248	929	41	1.12e-21	107	PREDICTED: adenylate cyclase type 1 [Hipposideros armiger]	186990
XP_036193927.1	XP_019482111	53.465	101	1248	929	41	6.61e-20	102	PREDICTED: adenylate cyclase type 1 [Hipposideros armiger]	186990
XP_036193927.1	XP_036094927	46.133	362	1248	1111	58	9.40e-87	311	adenylate cyclase type 4 isoform X3 [Rousettus aegyptiacus]	9407
XP_036193927.1	XP_036094927	40.648	401	1248	1111	58	3.47e-78	286	adenylate cyclase type 4 isoform X3 [Rousettus aegyptiacus]	9407
XP_036193927.1	XP_036094927	26.939	245	1248	1111	58	4.41e-19	99.8	adenylate cyclase type 4 isoform X3 [Rousettus aegyptiacus]	9407
XP_036193927.1	XP_036094927	27.155	232	1248	1111	58	7.58e-15	85.9	adenylate cyclase type 4 isoform X3 [Rousettus aegyptiacus]	9407
XP_036193927.1	XP_024900361	38.171	503	1248	1104	75	8.04e-86	308	adenylate cyclase type 7 [Pteropus alecto]	9402
XP_036193927.1	XP_024900361	37.712	472	1248	1104	75	8.06e-82	296	adenylate cyclase type 7 [Pteropus alecto]	9402
XP_036193927.1	XP_024900361	26.250	240	1248	1104	75	2.82e-19	100	adenylate cyclase type 7 [Pteropus alecto]	9402
XP_036193927.1	XP_024900361	29.167	240	1248	1104	75	4.21e-16	90.1	adenylate cyclase type 7 [Pteropus alecto]	9402
XP_036193927.1	XP_006106034	45.787	356	1248	531	44	4.15e-85	292	adenylate cyclase type 7 [Myotis lucifugus]	59463
XP_036193927.1	XP_006106034	29.741	232	1248	531	44	3.17e-15	85.9	adenylate cyclase type 7 [Myotis lucifugus]	59463
XP_036193927.1	XP_054426249	37.712	472	1248	1081	36	5.36e-84	303	adenylate cyclase type 7 [Pteronotus mesoamericanus]	1884717
XP_036193927.1	XP_019499113	46.067	356	1248	1094	57	1.11e-83	302	PREDICTED: adenylate cyclase type 7 isoform X3 [Hipposideros armiger]	186990
XP_036193927.1	XP_019499113	36.404	456	1248	1094	57	1.08e-81	296	PREDICTED: adenylate cyclase type 7 isoform X3 [Hipposideros armiger]	186990
XP_036193927.1	XP_019499113	27.500	240	1248	1094	57	8.70e-22	108	PREDICTED: adenylate cyclase type 7 isoform X3 [Hipposideros armiger]	186990
XP_036193927.1	XP_019499113	29.167	240	1248	1094	57	4.56e-16	89.7	PREDICTED: adenylate cyclase type 7 isoform X3 [Hipposideros armiger]	186990
XP_036193927.1	XP_015428125	46.518	359	1248	922	45	4.31e-82	294	PREDICTED: adenylate cyclase type 7 [Myotis davidii]	225400
XP_036193927.1	XP_015428125	58.696	138	1248	922	45	1.46e-47	190	PREDICTED: adenylate cyclase type 7 [Myotis davidii]	225400
XP_036193927.1	XP_015428125	30.172	232	1248	922	45	2.33e-15	87.4	PREDICTED: adenylate cyclase type 7 [Myotis davidii]	225400
XP_036193927.1	XP_015428125	33.621	116	1248	922	45	8.10e-12	75.9	PREDICTED: adenylate cyclase type 7 [Myotis davidii]	225400
XP_036193927.1	XP_014383887	46.067	356	1248	1138	64	6.34e-81	295	PREDICTED: LOW QUALITY PROTEIN: adenylate cyclase type 7 [Myotis brandtii]	109478
XP_036193927.1	XP_014383887	35.805	472	1248	1138	64	8.04e-79	288	PREDICTED: LOW QUALITY PROTEIN: adenylate cyclase type 7 [Myotis brandtii]	109478
XP_036193927.1	XP_014383887	25.000	244	1248	1138	64	1.21e-17	95.1	PREDICTED: LOW QUALITY PROTEIN: adenylate cyclase type 7 [Myotis brandtii]	109478
XP_036193927.1	XP_014383887	29.741	232	1248	1138	64	7.87e-15	85.9	PREDICTED: LOW QUALITY PROTEIN: adenylate cyclase type 7 [Myotis brandtii]	109478
XP_036193927.1	XP_036094932	40.648	401	1248	1022	52	8.88e-79	286	adenylate cyclase type 4 isoform X9 [Rousettus aegyptiacus]	9407
XP_036193927.1	XP_036094932	39.041	292	1248	1022	52	1.48e-50	200	adenylate cyclase type 4 isoform X9 [Rousettus aegyptiacus]	9407
XP_036193927.1	XP_036094932	27.155	232	1248	1022	52	1.30e-14	85.1	adenylate cyclase type 4 isoform X9 [Rousettus aegyptiacus]	9407
XP_036193927.1	XP_036094932	24.194	248	1248	1022	52	1.40e-14	85.1	adenylate cyclase type 4 isoform X9 [Rousettus aegyptiacus]	9407
XP_036193927.1	XP_036094928	40.648	401	1248	1102	56	1.42e-78	287	adenylate cyclase type 4 isoform X4 [Rousettus aegyptiacus]	9407
XP_036193927.1	XP_036094928	36.858	331	1248	1102	56	2.06e-45	184	adenylate cyclase type 4 isoform X4 [Rousettus aegyptiacus]	9407
XP_036193927.1	XP_036094928	27.155	232	1248	1102	56	9.26e-15	85.5	adenylate cyclase type 4 isoform X4 [Rousettus aegyptiacus]	9407
XP_036193927.1	XP_036094928	23.176	233	1248	1102	56	1.15e-11	75.5	adenylate cyclase type 4 isoform X4 [Rousettus aegyptiacus]	9407
XP_036193927.1	XP_036094926	40.648	401	1248	1117	58	1.59e-78	287	adenylate cyclase type 4 isoform X2 [Rousettus aegyptiacus]	9407
XP_036193927.1	XP_036094926	31.525	387	1248	1117	58	5.36e-34	148	adenylate cyclase type 4 isoform X2 [Rousettus aegyptiacus]	9407
XP_036193927.1	XP_036094926	27.155	232	1248	1117	58	9.81e-15	85.5	adenylate cyclase type 4 isoform X2 [Rousettus aegyptiacus]	9407
XP_036193927.1	XP_036094925	40.648	401	1248	1126	58	3.24e-78	286	adenylate cyclase type 4 isoform X1 [Rousettus aegyptiacus]	9407
XP_036193927.1	XP_036094925	38.196	377	1248	1126	58	5.98e-59	228	adenylate cyclase type 4 isoform X1 [Rousettus aegyptiacus]	9407
XP_036193927.1	XP_036094925	27.155	232	1248	1126	58	7.83e-15	85.9	adenylate cyclase type 4 isoform X1 [Rousettus aegyptiacus]	9407
XP_036193927.1	XP_036094925	24.194	248	1248	1126	58	8.10e-15	85.9	adenylate cyclase type 4 isoform X1 [Rousettus aegyptiacus]	9407
XP_036193927.1	XP_036094933	43.553	349	1248	1008	55	5.60e-78	284	adenylate cyclase type 4 isoform X10 [Rousettus aegyptiacus]	9407
XP_036193927.1	XP_036094933	37.931	377	1248	1008	55	3.17e-59	228	adenylate cyclase type 4 isoform X10 [Rousettus aegyptiacus]	9407
XP_036193927.1	XP_036094933	27.155	232	1248	1008	55	6.18e-15	86.3	adenylate cyclase type 4 isoform X10 [Rousettus aegyptiacus]	9407
XP_036193927.1	XP_036094933	24.194	248	1248	1008	55	1.19e-14	85.1	adenylate cyclase type 4 isoform X10 [Rousettus aegyptiacus]	9407
XP_036193927.1	XP_023381243	51.971	279	1248	676	45	1.36e-77	275	adenylate cyclase type 1-like [Pteropus vampyrus]	132908
XP_036193927.1	XP_023381243	26.540	211	1248	676	45	4.36e-16	89.4	adenylate cyclase type 1-like [Pteropus vampyrus]	132908
XP_036193927.1	XP_023381243	37.719	114	1248	676	45	2.58e-11	73.9	adenylate cyclase type 1-like [Pteropus vampyrus]	132908
XP_036193927.1	XP_045427292	37.461	323	1248	1339	50	1.26e-60	234	adenylate cyclase type 9 isoform X2 [Pipistrellus kuhlii]	59472
XP_036193927.1	XP_045427292	39.640	333	1248	1339	50	1.77e-51	204	adenylate cyclase type 9 isoform X2 [Pipistrellus kuhlii]	59472
XP_036193927.1	XP_045427292	26.570	207	1248	1339	50	1.98e-14	84.7	adenylate cyclase type 9 isoform X2 [Pipistrellus kuhlii]	59472
XP_036193927.1	XP_036266118	37.461	323	1248	1353	50	1.27e-60	234	adenylate cyclase type 9 isoform X1 [Pipistrellus kuhlii]	59472
XP_036193927.1	XP_036266118	39.640	333	1248	1353	50	1.70e-51	204	adenylate cyclase type 9 isoform X1 [Pipistrellus kuhlii]	59472
XP_036193927.1	XP_036266118	26.570	207	1248	1353	50	2.09e-14	84.7	adenylate cyclase type 9 isoform X1 [Pipistrellus kuhlii]	59472
XP_036193927.1	XP_036266117	37.461	323	1248	1353	50	1.27e-60	234	adenylate cyclase type 9 isoform X1 [Pipistrellus kuhlii]	59472
XP_036193927.1	XP_036266117	39.640	333	1248	1353	50	1.70e-51	204	adenylate cyclase type 9 isoform X1 [Pipistrellus kuhlii]	59472
XP_036193927.1	XP_036266117	26.570	207	1248	1353	50	2.09e-14	84.7	adenylate cyclase type 9 isoform X1 [Pipistrellus kuhlii]	59472
XP_036193927.1	XP_037010580	33.411	428	1248	1352	56	3.03e-60	233	adenylate cyclase type 9 [Artibeus jamaicensis]	9417
XP_036193927.1	XP_037010580	38.415	328	1248	1352	56	1.25e-50	202	adenylate cyclase type 9 [Artibeus jamaicensis]	9417
XP_036193927.1	XP_037010580	27.638	199	1248	1352	56	8.88e-16	89.0	adenylate cyclase type 9 [Artibeus jamaicensis]	9417
XP_036193927.1	XP_066238806	33.411	428	1248	1351	52	4.36e-60	232	adenylate cyclase type 9 [Saccopteryx leptura]	249018
XP_036193927.1	XP_066238806	43.969	257	1248	1351	52	2.04e-51	204	adenylate cyclase type 9 [Saccopteryx leptura]	249018
XP_036193927.1	XP_066238806	27.638	199	1248	1351	52	9.19e-16	89.0	adenylate cyclase type 9 [Saccopteryx leptura]	249018
XP_036193927.1	XP_066131174	34.474	380	1248	1351	48	6.35e-60	231	adenylate cyclase type 9 [Saccopteryx bilineata]	59482
XP_036193927.1	XP_066131174	43.969	257	1248	1351	48	2.32e-51	204	adenylate cyclase type 9 [Saccopteryx bilineata]	59482
XP_036193927.1	XP_066131174	27.638	199	1248	1351	48	9.91e-16	89.0	adenylate cyclase type 9 [Saccopteryx bilineata]	59482
XP_036193927.1	XP_016066834	30.784	536	1248	1318	57	7.18e-60	231	PREDICTED: adenylate cyclase type 9 isoform X2 [Miniopterus natalensis]	291302
XP_036193927.1	XP_016066834	43.969	257	1248	1318	57	2.43e-51	204	PREDICTED: adenylate cyclase type 9 isoform X2 [Miniopterus natalensis]	291302
XP_036193927.1	XP_016066834	27.000	200	1248	1318	57	8.66e-15	85.9	PREDICTED: adenylate cyclase type 9 isoform X2 [Miniopterus natalensis]	291302
XP_036193927.1	XP_036135739	31.262	515	1248	1353	66	7.86e-60	231	adenylate cyclase type 9 [Molossus molossus]	27622
XP_036193927.1	XP_036135739	37.534	365	1248	1353	66	7.94e-54	212	adenylate cyclase type 9 [Molossus molossus]	27622
XP_036193927.1	XP_036135739	27.000	200	1248	1353	66	7.90e-15	85.9	adenylate cyclase type 9 [Molossus molossus]	27622
XP_036193927.1	XP_036885832	33.411	428	1248	1352	56	8.06e-60	231	adenylate cyclase type 9 [Sturnira hondurensis]	192404
XP_036193927.1	XP_036885832	38.532	327	1248	1352	56	9.73e-51	202	adenylate cyclase type 9 [Sturnira hondurensis]	192404
XP_036193927.1	XP_036885832	27.638	199	1248	1352	56	9.75e-16	89.0	adenylate cyclase type 9 [Sturnira hondurensis]	192404
XP_036193927.1	XP_024409070	33.411	428	1248	1385	56	8.35e-60	231	adenylate cyclase type 9 isoform X1 [Desmodus rotundus]	9430
XP_036193927.1	XP_024409070	38.532	327	1248	1385	56	1.06e-50	202	adenylate cyclase type 9 isoform X1 [Desmodus rotundus]	9430
XP_036193927.1	XP_024409070	27.638	199	1248	1385	56	8.31e-16	89.4	adenylate cyclase type 9 isoform X1 [Desmodus rotundus]	9430
XP_036193927.1	XP_053784818	33.411	428	1248	1352	56	1.08e-59	231	adenylate cyclase type 9 isoform X2 [Desmodus rotundus]	9430
XP_036193927.1	XP_053784818	38.532	327	1248	1352	56	1.24e-50	202	adenylate cyclase type 9 isoform X2 [Desmodus rotundus]	9430
XP_036193927.1	XP_053784818	27.638	199	1248	1352	56	8.81e-16	89.0	adenylate cyclase type 9 isoform X2 [Desmodus rotundus]	9430
XP_036193927.1	XP_016022072	32.414	435	1248	1353	57	1.33e-59	231	adenylate cyclase type 9 [Rousettus aegyptiacus]	9407
XP_036193927.1	XP_016022072	38.838	327	1248	1353	57	3.60e-52	207	adenylate cyclase type 9 [Rousettus aegyptiacus]	9407
XP_036193927.1	XP_016022072	27.000	200	1248	1353	57	7.58e-15	85.9	adenylate cyclase type 9 [Rousettus aegyptiacus]	9407
XP_036193927.1	XP_019515874	34.383	381	1248	1353	73	2.13e-59	230	PREDICTED: adenylate cyclase type 9 [Hipposideros armiger]	186990
XP_036193927.1	XP_019515874	31.161	629	1248	1353	73	3.90e-53	210	PREDICTED: adenylate cyclase type 9 [Hipposideros armiger]	186990
XP_036193927.1	XP_019515874	27.000	200	1248	1353	73	7.97e-15	85.9	PREDICTED: adenylate cyclase type 9 [Hipposideros armiger]	186990
XP_036193927.1	XP_019515872	34.383	381	1248	1353	73	2.13e-59	230	PREDICTED: adenylate cyclase type 9 [Hipposideros armiger]	186990
XP_036193927.1	XP_019515872	31.161	629	1248	1353	73	3.90e-53	210	PREDICTED: adenylate cyclase type 9 [Hipposideros armiger]	186990
XP_036193927.1	XP_019515872	27.000	200	1248	1353	73	7.97e-15	85.9	PREDICTED: adenylate cyclase type 9 [Hipposideros armiger]	186990
XP_036193927.1	XP_019515871	34.383	381	1248	1353	73	2.13e-59	230	PREDICTED: adenylate cyclase type 9 [Hipposideros armiger]	186990
XP_036193927.1	XP_019515871	31.161	629	1248	1353	73	3.90e-53	210	PREDICTED: adenylate cyclase type 9 [Hipposideros armiger]	186990
XP_036193927.1	XP_019515871	27.000	200	1248	1353	73	7.97e-15	85.9	PREDICTED: adenylate cyclase type 9 [Hipposideros armiger]	186990
XP_036193927.1	XP_032957079	34.383	381	1248	1353	53	2.32e-59	230	adenylate cyclase type 9 [Rhinolophus ferrumequinum]	59479
XP_036193927.1	XP_032957079	38.906	329	1248	1353	53	2.11e-52	207	adenylate cyclase type 9 [Rhinolophus ferrumequinum]	59479
XP_036193927.1	XP_032957079	27.000	200	1248	1353	53	8.24e-15	85.9	adenylate cyclase type 9 [Rhinolophus ferrumequinum]	59479
XP_036193927.1	XP_032957078	34.383	381	1248	1353	53	2.32e-59	230	adenylate cyclase type 9 [Rhinolophus ferrumequinum]	59479
XP_036193927.1	XP_032957078	38.906	329	1248	1353	53	2.11e-52	207	adenylate cyclase type 9 [Rhinolophus ferrumequinum]	59479
XP_036193927.1	XP_032957078	27.000	200	1248	1353	53	8.24e-15	85.9	adenylate cyclase type 9 [Rhinolophus ferrumequinum]	59479
XP_036193927.1	XP_032957076	34.383	381	1248	1353	53	2.32e-59	230	adenylate cyclase type 9 [Rhinolophus ferrumequinum]	59479
XP_036193927.1	XP_032957076	38.906	329	1248	1353	53	2.11e-52	207	adenylate cyclase type 9 [Rhinolophus ferrumequinum]	59479
XP_036193927.1	XP_032957076	27.000	200	1248	1353	53	8.24e-15	85.9	adenylate cyclase type 9 [Rhinolophus ferrumequinum]	59479
XP_036193927.1	XP_054570648	36.842	323	1248	1370	56	2.37e-59	230	adenylate cyclase type 9 isoform X2 [Eptesicus fuscus]	29078
XP_036193927.1	XP_054570648	38.838	327	1248	1370	56	1.71e-51	204	adenylate cyclase type 9 isoform X2 [Eptesicus fuscus]	29078
XP_036193927.1	XP_054570648	23.590	390	1248	1370	56	8.34e-16	89.0	adenylate cyclase type 9 isoform X2 [Eptesicus fuscus]	29078
XP_036193927.1	XP_039741122	31.237	493	1248	1353	62	2.51e-59	229	adenylate cyclase type 9 [Pteropus medius]	143291
XP_036193927.1	XP_039741122	38.838	327	1248	1353	62	3.92e-52	207	adenylate cyclase type 9 [Pteropus medius]	143291
XP_036193927.1	XP_039741122	27.000	200	1248	1353	62	7.90e-15	85.9	adenylate cyclase type 9 [Pteropus medius]	143291
XP_036193927.1	XP_011374797	31.237	493	1248	1353	62	2.58e-59	229	adenylate cyclase type 9 [Pteropus vampyrus]	132908
XP_036193927.1	XP_011374797	38.838	327	1248	1353	62	3.72e-52	207	adenylate cyclase type 9 [Pteropus vampyrus]	132908
XP_036193927.1	XP_011374797	27.000	200	1248	1353	62	8.11e-15	85.9	adenylate cyclase type 9 [Pteropus vampyrus]	132908
XP_036193927.1	XP_028001459	36.842	323	1248	1382	56	2.65e-59	229	adenylate cyclase type 9 isoform X1 [Eptesicus fuscus]	29078
XP_036193927.1	XP_028001459	38.838	327	1248	1382	56	1.82e-51	204	adenylate cyclase type 9 isoform X1 [Eptesicus fuscus]	29078
XP_036193927.1	XP_028001459	23.590	390	1248	1382	56	1.02e-15	89.0	adenylate cyclase type 9 isoform X1 [Eptesicus fuscus]	29078
XP_036193927.1	XP_006913938	31.237	493	1248	1353	62	2.69e-59	229	adenylate cyclase type 9 [Pteropus alecto]	9402
XP_036193927.1	XP_006913938	38.838	327	1248	1353	62	4.03e-52	207	adenylate cyclase type 9 [Pteropus alecto]	9402
XP_036193927.1	XP_006913938	27.000	200	1248	1353	62	8.24e-15	85.9	adenylate cyclase type 9 [Pteropus alecto]	9402
XP_036193927.1	XP_054445488	33.333	429	1248	1353	56	3.07e-59	229	adenylate cyclase type 9 [Pteronotus mesoamericanus]	1884717
XP_036193927.1	XP_054445488	38.532	327	1248	1353	56	1.14e-50	202	adenylate cyclase type 9 [Pteronotus mesoamericanus]	1884717
XP_036193927.1	XP_054445488	27.000	200	1248	1353	56	8.39e-15	85.9	adenylate cyclase type 9 [Pteronotus mesoamericanus]	1884717
XP_036193927.1	XP_059548942	37.152	323	1248	1353	72	3.43e-59	229	adenylate cyclase type 9 isoform X1 [Myotis daubentonii]	98922
XP_036193927.1	XP_059548942	29.240	684	1248	1353	72	1.31e-51	205	adenylate cyclase type 9 isoform X1 [Myotis daubentonii]	98922
XP_036193927.1	XP_059548942	27.000	200	1248	1353	72	3.56e-15	87.0	adenylate cyclase type 9 isoform X1 [Myotis daubentonii]	98922
XP_036193927.1	XP_059548941	37.152	323	1248	1353	72	3.43e-59	229	adenylate cyclase type 9 isoform X1 [Myotis daubentonii]	98922
XP_036193927.1	XP_059548941	29.240	684	1248	1353	72	1.31e-51	205	adenylate cyclase type 9 isoform X1 [Myotis daubentonii]	98922
XP_036193927.1	XP_059548941	27.000	200	1248	1353	72	3.56e-15	87.0	adenylate cyclase type 9 isoform X1 [Myotis daubentonii]	98922
XP_036193927.1	XP_080537441	36.842	323	1248	1353	49	3.49e-59	229	adenylate cyclase type 9 isoform 1 [Plecotus auritus]	61862
XP_036193927.1	XP_080537441	38.720	328	1248	1353	49	1.65e-51	205	adenylate cyclase type 9 isoform 1 [Plecotus auritus]	61862
XP_036193927.1	XP_080537441	27.000	200	1248	1353	49	3.91e-15	87.0	adenylate cyclase type 9 isoform 1 [Plecotus auritus]	61862
XP_036193927.1	XP_080537440	36.842	323	1248	1353	49	3.49e-59	229	adenylate cyclase type 9 isoform 1 [Plecotus auritus]	61862
XP_036193927.1	XP_080537440	38.720	328	1248	1353	49	1.65e-51	205	adenylate cyclase type 9 isoform 1 [Plecotus auritus]	61862
XP_036193927.1	XP_080537440	27.000	200	1248	1353	49	3.91e-15	87.0	adenylate cyclase type 9 isoform 1 [Plecotus auritus]	61862
XP_036193927.1	XP_059548943	37.152	323	1248	1339	72	3.71e-59	229	adenylate cyclase type 9 isoform X2 [Myotis daubentonii]	98922
XP_036193927.1	XP_059548943	28.741	675	1248	1339	72	9.44e-52	205	adenylate cyclase type 9 isoform X2 [Myotis daubentonii]	98922
XP_036193927.1	XP_059548943	27.000	200	1248	1339	72	3.49e-15	87.0	adenylate cyclase type 9 isoform X2 [Myotis daubentonii]	98922
XP_036193927.1	XP_070269214	37.152	323	1248	1353	49	3.81e-59	229	adenylate cyclase type 9 [Myotis yumanensis]	159337
XP_036193927.1	XP_070269214	38.838	327	1248	1353	49	1.19e-51	205	adenylate cyclase type 9 [Myotis yumanensis]	159337
XP_036193927.1	XP_070269214	27.000	200	1248	1353	49	3.48e-15	87.0	adenylate cyclase type 9 [Myotis yumanensis]	159337
XP_036193927.1	XP_028379313	35.294	357	1248	1352	53	3.84e-59	229	adenylate cyclase type 9 [Phyllostomus discolor]	89673
XP_036193927.1	XP_028379313	38.000	350	1248	1352	53	1.04e-50	202	adenylate cyclase type 9 [Phyllostomus discolor]	89673
XP_036193927.1	XP_028379313	27.638	199	1248	1352	53	9.43e-16	89.0	adenylate cyclase type 9 [Phyllostomus discolor]	89673
XP_036193927.1	XP_036166634	37.152	323	1248	1339	76	3.87e-59	229	adenylate cyclase type 9 isoform X2 [Myotis myotis]	51298
XP_036193927.1	XP_036166634	27.919	745	1248	1339	76	8.96e-52	206	adenylate cyclase type 9 isoform X2 [Myotis myotis]	51298
XP_036193927.1	XP_036166634	27.000	200	1248	1339	76	3.49e-15	87.0	adenylate cyclase type 9 isoform X2 [Myotis myotis]	51298
XP_036193927.1	XP_019571026	36.533	323	1248	1353	49	3.88e-59	229	adenylate cyclase type 9 [Rhinolophus sinicus]	89399
XP_036193927.1	XP_019571026	38.906	329	1248	1353	49	4.79e-52	206	adenylate cyclase type 9 [Rhinolophus sinicus]	89399
XP_036193927.1	XP_019571026	27.000	200	1248	1353	49	9.13e-15	85.9	adenylate cyclase type 9 [Rhinolophus sinicus]	89399
XP_036193927.1	XP_019571024	36.533	323	1248	1353	49	3.88e-59	229	adenylate cyclase type 9 [Rhinolophus sinicus]	89399
XP_036193927.1	XP_019571024	38.906	329	1248	1353	49	4.79e-52	206	adenylate cyclase type 9 [Rhinolophus sinicus]	89399
XP_036193927.1	XP_019571024	27.000	200	1248	1353	49	9.13e-15	85.9	adenylate cyclase type 9 [Rhinolophus sinicus]	89399
XP_036193927.1	XP_074178913	36.533	323	1248	1353	49	3.88e-59	229	adenylate cyclase type 9 [Rhinolophus sinicus]	89399
XP_036193927.1	XP_074178913	38.906	329	1248	1353	49	4.79e-52	206	adenylate cyclase type 9 [Rhinolophus sinicus]	89399
XP_036193927.1	XP_074178913	27.000	200	1248	1353	49	9.13e-15	85.9	adenylate cyclase type 9 [Rhinolophus sinicus]	89399
XP_036193927.1	XP_074178912	36.533	323	1248	1353	49	3.88e-59	229	adenylate cyclase type 9 [Rhinolophus sinicus]	89399
XP_036193927.1	XP_074178912	38.906	329	1248	1353	49	4.79e-52	206	adenylate cyclase type 9 [Rhinolophus sinicus]	89399
XP_036193927.1	XP_074178912	27.000	200	1248	1353	49	9.13e-15	85.9	adenylate cyclase type 9 [Rhinolophus sinicus]	89399
XP_036193927.1	XP_019571021	36.533	323	1248	1353	49	3.88e-59	229	adenylate cyclase type 9 [Rhinolophus sinicus]	89399
XP_036193927.1	XP_019571021	38.906	329	1248	1353	49	4.79e-52	206	adenylate cyclase type 9 [Rhinolophus sinicus]	89399
XP_036193927.1	XP_019571021	27.000	200	1248	1353	49	9.13e-15	85.9	adenylate cyclase type 9 [Rhinolophus sinicus]	89399
XP_036193927.1	XP_006757944	37.152	323	1248	1353	44	4.05e-59	229	PREDICTED: adenylate cyclase type 9 [Myotis davidii]	225400
XP_036193927.1	XP_006757944	43.969	257	1248	1353	44	1.76e-51	204	PREDICTED: adenylate cyclase type 9 [Myotis davidii]	225400
XP_036193927.1	XP_006757944	27.000	200	1248	1353	44	3.33e-15	87.0	PREDICTED: adenylate cyclase type 9 [Myotis davidii]	225400
XP_036193927.1	XP_080944894	37.152	323	1248	1353	49	4.05e-59	229	adenylate cyclase type 9 [Myotis nattereri]	109481
XP_036193927.1	XP_080944894	38.838	327	1248	1353	49	1.78e-51	204	adenylate cyclase type 9 [Myotis nattereri]	109481
XP_036193927.1	XP_080944894	27.000	200	1248	1353	49	3.48e-15	87.0	adenylate cyclase type 9 [Myotis nattereri]	109481
XP_036193927.1	XP_036166633	37.152	323	1248	1353	49	4.27e-59	229	adenylate cyclase type 9 isoform X1 [Myotis myotis]	51298
XP_036193927.1	XP_036166633	38.838	327	1248	1353	49	1.76e-51	204	adenylate cyclase type 9 isoform X1 [Myotis myotis]	51298
XP_036193927.1	XP_036166633	27.000	200	1248	1353	49	3.53e-15	87.0	adenylate cyclase type 9 isoform X1 [Myotis myotis]	51298
XP_036193927.1	XP_036166632	37.152	323	1248	1353	49	4.27e-59	229	adenylate cyclase type 9 isoform X1 [Myotis myotis]	51298
XP_036193927.1	XP_036166632	38.838	327	1248	1353	49	1.76e-51	204	adenylate cyclase type 9 isoform X1 [Myotis myotis]	51298
XP_036193927.1	XP_036166632	27.000	200	1248	1353	49	3.53e-15	87.0	adenylate cyclase type 9 isoform X1 [Myotis myotis]	51298
XP_036193927.1	XP_036166631	37.152	323	1248	1353	49	4.27e-59	229	adenylate cyclase type 9 isoform X1 [Myotis myotis]	51298
XP_036193927.1	XP_036166631	38.838	327	1248	1353	49	1.76e-51	204	adenylate cyclase type 9 isoform X1 [Myotis myotis]	51298
XP_036193927.1	XP_036166631	27.000	200	1248	1353	49	3.53e-15	87.0	adenylate cyclase type 9 isoform X1 [Myotis myotis]	51298
XP_036193927.1	XP_014312782	37.152	323	1248	1353	76	4.42e-59	229	adenylate cyclase type 9 isoform X1 [Myotis lucifugus]	59463
XP_036193927.1	XP_014312782	28.000	750	1248	1353	76	1.42e-51	205	adenylate cyclase type 9 isoform X1 [Myotis lucifugus]	59463
XP_036193927.1	XP_014312782	27.000	200	1248	1353	76	3.42e-15	87.0	adenylate cyclase type 9 isoform X1 [Myotis lucifugus]	59463
XP_036193927.1	XP_023611024	37.152	323	1248	1339	49	4.82e-59	229	adenylate cyclase type 9 isoform X2 [Myotis lucifugus]	59463
XP_036193927.1	XP_023611024	38.838	327	1248	1339	49	2.05e-51	204	adenylate cyclase type 9 isoform X2 [Myotis lucifugus]	59463
XP_036193927.1	XP_023611024	27.000	200	1248	1339	49	3.70e-15	87.0	adenylate cyclase type 9 isoform X2 [Myotis lucifugus]	59463
XP_036193927.1	XP_079642880	36.842	323	1248	1353	55	4.95e-59	229	adenylate cyclase type 9 isoform 2 [Cnephaeus nilssonii]	3371016
XP_036193927.1	XP_079642880	38.720	328	1248	1353	55	1.75e-51	204	adenylate cyclase type 9 isoform 2 [Cnephaeus nilssonii]	3371016
XP_036193927.1	XP_079642880	23.450	371	1248	1353	55	2.41e-15	87.8	adenylate cyclase type 9 isoform 2 [Cnephaeus nilssonii]	3371016
XP_036193927.1	XP_079642879	36.842	323	1248	1353	55	4.95e-59	229	adenylate cyclase type 9 isoform 2 [Cnephaeus nilssonii]	3371016
XP_036193927.1	XP_079642879	38.720	328	1248	1353	55	1.75e-51	204	adenylate cyclase type 9 isoform 2 [Cnephaeus nilssonii]	3371016
XP_036193927.1	XP_079642879	23.450	371	1248	1353	55	2.41e-15	87.8	adenylate cyclase type 9 isoform 2 [Cnephaeus nilssonii]	3371016
XP_036193927.1	XP_016066833	36.533	323	1248	1353	53	5.04e-59	229	PREDICTED: adenylate cyclase type 9 isoform X1 [Miniopterus natalensis]	291302
XP_036193927.1	XP_016066833	43.969	257	1248	1353	53	2.51e-51	204	PREDICTED: adenylate cyclase type 9 isoform X1 [Miniopterus natalensis]	291302
XP_036193927.1	XP_016066833	22.922	397	1248	1353	53	7.70e-15	85.9	PREDICTED: adenylate cyclase type 9 isoform X1 [Miniopterus natalensis]	291302
XP_036193927.1	XP_079642878	36.842	323	1248	1370	50	5.24e-59	229	adenylate cyclase type 9 isoform 1 [Cnephaeus nilssonii]	3371016
XP_036193927.1	XP_079642878	43.969	257	1248	1370	50	1.95e-51	204	adenylate cyclase type 9 isoform 1 [Cnephaeus nilssonii]	3371016
XP_036193927.1	XP_079642878	23.450	371	1248	1370	50	2.34e-15	87.8	adenylate cyclase type 9 isoform 1 [Cnephaeus nilssonii]	3371016
XP_036193927.1	XP_045676641	35.294	357	1248	1352	53	5.63e-59	228	adenylate cyclase type 9 [Phyllostomus hastatus]	9423
XP_036193927.1	XP_045676641	38.000	350	1248	1352	53	1.27e-50	202	adenylate cyclase type 9 [Phyllostomus hastatus]	9423
XP_036193927.1	XP_045676641	27.638	199	1248	1352	53	1.01e-15	89.0	adenylate cyclase type 9 [Phyllostomus hastatus]	9423
XP_036193927.1	XP_045676640	35.294	357	1248	1352	53	5.63e-59	228	adenylate cyclase type 9 [Phyllostomus hastatus]	9423
XP_036193927.1	XP_045676640	38.000	350	1248	1352	53	1.27e-50	202	adenylate cyclase type 9 [Phyllostomus hastatus]	9423
XP_036193927.1	XP_045676640	27.638	199	1248	1352	53	1.01e-15	89.0	adenylate cyclase type 9 [Phyllostomus hastatus]	9423
XP_036193927.1	XP_080989252	36.533	323	1248	1353	44	5.89e-59	228	adenylate cyclase type 9 isoform 1 [Miniopterus schreibersii]	9433
XP_036193927.1	XP_080989252	43.969	257	1248	1353	44	2.67e-51	204	adenylate cyclase type 9 isoform 1 [Miniopterus schreibersii]	9433
XP_036193927.1	XP_080989252	27.000	200	1248	1353	44	8.67e-15	85.9	adenylate cyclase type 9 isoform 1 [Miniopterus schreibersii]	9433
XP_036193927.1	XP_080895653	33.100	429	1248	1353	58	5.89e-59	228	adenylate cyclase type 9 isoform 1 [Rhinolophus hipposideros]	77218
XP_036193927.1	XP_080895653	43.295	261	1248	1353	58	6.20e-52	206	adenylate cyclase type 9 isoform 1 [Rhinolophus hipposideros]	77218
XP_036193927.1	XP_080895653	23.450	371	1248	1353	58	6.39e-15	86.3	adenylate cyclase type 9 isoform 1 [Rhinolophus hipposideros]	77218
XP_036193927.1	XP_080895652	33.100	429	1248	1353	58	5.89e-59	228	adenylate cyclase type 9 isoform 1 [Rhinolophus hipposideros]	77218
XP_036193927.1	XP_080895652	43.295	261	1248	1353	58	6.20e-52	206	adenylate cyclase type 9 isoform 1 [Rhinolophus hipposideros]	77218
XP_036193927.1	XP_080895652	23.450	371	1248	1353	58	6.39e-15	86.3	adenylate cyclase type 9 isoform 1 [Rhinolophus hipposideros]	77218
XP_036193927.1	XP_005873072	37.152	323	1248	1353	76	1.38e-58	227	PREDICTED: adenylate cyclase type 9, partial [Myotis brandtii]	109478
XP_036193927.1	XP_005873072	28.000	750	1248	1353	76	1.42e-51	205	PREDICTED: adenylate cyclase type 9, partial [Myotis brandtii]	109478
XP_036193927.1	XP_005873072	27.000	200	1248	1353	76	3.28e-15	87.0	PREDICTED: adenylate cyclase type 9, partial [Myotis brandtii]	109478
XP_036193927.1	XP_015423697	56.831	183	1248	1009	26	1.79e-57	222	PREDICTED: adenylate cyclase type 1 [Myotis davidii]	225400
XP_036193927.1	XP_015423697	68.000	75	1248	1009	26	5.27e-22	108	PREDICTED: adenylate cyclase type 1 [Myotis davidii]	225400
XP_036193927.1	XP_015423697	63.934	61	1248	1009	26	2.58e-14	84.0	PREDICTED: adenylate cyclase type 1 [Myotis davidii]	225400
XP_036193927.1	XP_014386016	40.810	321	1248	735	31	5.31e-53	205	PREDICTED: adenylate cyclase type 1 [Myotis brandtii]	109478
XP_036193927.1	XP_014386016	62.903	124	1248	735	31	1.27e-40	167	PREDICTED: adenylate cyclase type 1 [Myotis brandtii]	109478
XP_036193927.1	XP_028377214	42.412	257	1248	791	20	1.15e-49	195	adenylate cyclase type 9-like, partial [Phyllostomus discolor]	89673
XP_036193927.1	XP_011385024	60.000	120	1248	121	10	1.16e-44	162	adenylate cyclase type 3-like [Pteropus vampyrus]	132908
XP_036193927.1	XP_045439333	34.298	242	1248	1067	40	1.62e-27	127	atrial natriuretic peptide receptor 1 isoform X1 [Pipistrellus kuhlii]	59472
XP_036193927.1	XP_045439333	28.467	274	1248	1067	40	1.35e-20	104	atrial natriuretic peptide receptor 1 isoform X1 [Pipistrellus kuhlii]	59472
XP_036193927.1	XP_036297591	34.298	242	1248	1067	40	1.62e-27	127	atrial natriuretic peptide receptor 1 isoform X1 [Pipistrellus kuhlii]	59472
XP_036193927.1	XP_036297591	28.467	274	1248	1067	40	1.35e-20	104	atrial natriuretic peptide receptor 1 isoform X1 [Pipistrellus kuhlii]	59472
XP_036193927.1	XP_016076832	34.298	242	1248	1059	39	1.62e-27	127	PREDICTED: atrial natriuretic peptide receptor 1 [Miniopterus natalensis]	291302
XP_036193927.1	XP_016076832	29.615	260	1248	1059	39	1.57e-20	104	PREDICTED: atrial natriuretic peptide receptor 1 [Miniopterus natalensis]	291302
XP_036193927.1	XP_079617202	34.298	242	1248	1059	40	1.62e-27	127	atrial natriuretic peptide receptor 1 [Cnephaeus nilssonii]	3371016
XP_036193927.1	XP_079617202	28.832	274	1248	1059	40	6.22e-21	105	atrial natriuretic peptide receptor 1 [Cnephaeus nilssonii]	3371016
XP_036193927.1	XP_080978492	34.298	242	1248	1059	39	1.67e-27	127	atrial natriuretic peptide receptor 1 [Miniopterus schreibersii]	9433
XP_036193927.1	XP_080978492	29.615	260	1248	1059	39	1.71e-20	104	atrial natriuretic peptide receptor 1 [Miniopterus schreibersii]	9433
XP_036193927.1	XP_008154002	34.298	242	1248	1059	40	1.87e-27	126	atrial natriuretic peptide receptor 1 [Eptesicus fuscus]	29078
XP_036193927.1	XP_008154002	28.832	274	1248	1059	40	7.25e-21	105	atrial natriuretic peptide receptor 1 [Eptesicus fuscus]	29078
XP_036193927.1	XP_080503632	34.298	242	1248	1059	40	2.07e-27	126	atrial natriuretic peptide receptor 1 [Plecotus auritus]	61862
XP_036193927.1	XP_080503632	28.832	274	1248	1059	40	8.24e-21	105	atrial natriuretic peptide receptor 1 [Plecotus auritus]	61862
XP_036193927.1	XP_036199798	34.298	242	1248	1059	40	2.31e-27	126	atrial natriuretic peptide receptor 1 isoform X1 [Myotis myotis]	51298
XP_036193927.1	XP_036199798	29.927	274	1248	1059	40	2.70e-21	106	atrial natriuretic peptide receptor 1 isoform X1 [Myotis myotis]	51298
XP_036193927.1	XP_023615076	34.298	242	1248	770	40	2.41e-27	125	atrial natriuretic peptide receptor 1 [Myotis lucifugus]	59463
XP_036193927.1	XP_023615076	29.927	274	1248	770	40	2.41e-21	106	atrial natriuretic peptide receptor 1 [Myotis lucifugus]	59463
XP_036193927.1	XP_059531350	34.298	242	1248	1059	40	2.48e-27	126	atrial natriuretic peptide receptor 1 isoform X1 [Myotis daubentonii]	98922
XP_036193927.1	XP_059531350	29.927	274	1248	1059	40	2.84e-21	106	atrial natriuretic peptide receptor 1 isoform X1 [Myotis daubentonii]	98922
XP_036193927.1	XP_080968469	34.298	242	1248	1059	40	2.50e-27	126	atrial natriuretic peptide receptor 1 [Myotis nattereri]	109481
XP_036193927.1	XP_080968469	29.927	274	1248	1059	40	2.75e-21	106	atrial natriuretic peptide receptor 1 [Myotis nattereri]	109481
XP_036193927.1	XP_070252032	34.298	242	1248	1059	40	2.56e-27	126	atrial natriuretic peptide receptor 1 [Myotis yumanensis]	159337
XP_036193927.1	XP_070252032	29.927	274	1248	1059	40	2.97e-21	106	atrial natriuretic peptide receptor 1 [Myotis yumanensis]	159337
XP_036193927.1	XP_005867762	34.298	242	1248	882	40	4.52e-27	125	PREDICTED: atrial natriuretic peptide receptor 1, partial [Myotis brandtii]	109478
XP_036193927.1	XP_005867762	29.927	274	1248	882	40	3.65e-21	106	PREDICTED: atrial natriuretic peptide receptor 1, partial [Myotis brandtii]	109478
XP_036193927.1	XP_054418827	34.298	242	1248	1059	39	2.83e-26	123	atrial natriuretic peptide receptor 1 [Pteronotus mesoamericanus]	1884717
XP_036193927.1	XP_054418827	29.344	259	1248	1059	39	1.20e-19	101	atrial natriuretic peptide receptor 1 [Pteronotus mesoamericanus]	1884717
XP_036193927.1	XP_054418826	34.298	242	1248	1059	39	2.83e-26	123	atrial natriuretic peptide receptor 1 [Pteronotus mesoamericanus]	1884717
XP_036193927.1	XP_054418826	29.344	259	1248	1059	39	1.20e-19	101	atrial natriuretic peptide receptor 1 [Pteronotus mesoamericanus]	1884717
XP_036193927.1	XP_028358549	33.884	242	1248	1058	39	7.04e-26	121	atrial natriuretic peptide receptor 1 isoform X1 [Phyllostomus discolor]	89673
XP_036193927.1	XP_028358549	28.958	259	1248	1058	39	3.17e-19	100	atrial natriuretic peptide receptor 1 isoform X1 [Phyllostomus discolor]	89673
XP_036193927.1	XP_037018341	33.884	242	1248	1058	39	7.34e-26	121	atrial natriuretic peptide receptor 1 isoform X1 [Artibeus jamaicensis]	9417
XP_036193927.1	XP_037018341	28.958	259	1248	1058	39	3.23e-19	100	atrial natriuretic peptide receptor 1 isoform X1 [Artibeus jamaicensis]	9417
XP_036193927.1	XP_036128581	33.884	242	1248	1056	39	7.52e-26	121	atrial natriuretic peptide receptor 1 [Molossus molossus]	27622
XP_036193927.1	XP_036128581	29.344	259	1248	1056	39	1.93e-20	103	atrial natriuretic peptide receptor 1 [Molossus molossus]	27622
XP_036193927.1	XP_036906619	33.884	242	1248	1058	39	7.60e-26	121	atrial natriuretic peptide receptor 1 [Sturnira hondurensis]	192404
XP_036193927.1	XP_036906619	28.958	259	1248	1058	39	3.34e-19	100	atrial natriuretic peptide receptor 1 [Sturnira hondurensis]	192404
XP_036193927.1	XP_045673017	33.884	242	1248	1058	39	8.21e-26	121	atrial natriuretic peptide receptor 1 [Phyllostomus hastatus]	9423
XP_036193927.1	XP_045673017	28.958	259	1248	1058	39	3.70e-19	99.8	atrial natriuretic peptide receptor 1 [Phyllostomus hastatus]	9423
XP_036193927.1	XP_066239712	29.183	257	1248	1158	37	9.00e-26	121	guanylate cyclase soluble subunit beta-2-like [Saccopteryx leptura]	249018
XP_036193927.1	XP_066239712	29.018	224	1248	1158	37	2.91e-24	116	guanylate cyclase soluble subunit beta-2-like [Saccopteryx leptura]	249018
XP_036193927.1	XP_036289249	34.298	242	1248	1043	37	9.84e-26	121	atrial natriuretic peptide receptor 2 isoform X2 [Pipistrellus kuhlii]	59472
XP_036193927.1	XP_036289249	29.958	237	1248	1043	37	2.51e-20	103	atrial natriuretic peptide receptor 2 isoform X2 [Pipistrellus kuhlii]	59472
XP_036193927.1	XP_037018342	33.884	242	1248	856	39	9.85e-26	120	atrial natriuretic peptide receptor 1 isoform X2 [Artibeus jamaicensis]	9417
XP_036193927.1	XP_037018342	28.958	259	1248	856	39	2.89e-19	100	atrial natriuretic peptide receptor 1 isoform X2 [Artibeus jamaicensis]	9417
XP_036193927.1	XP_036289248	34.298	242	1248	1046	37	9.96e-26	121	atrial natriuretic peptide receptor 2 isoform X1 [Pipistrellus kuhlii]	59472
XP_036193927.1	XP_036289248	29.958	237	1248	1046	37	2.47e-20	103	atrial natriuretic peptide receptor 2 isoform X1 [Pipistrellus kuhlii]	59472
XP_036193927.1	XP_024896619	34.615	234	1248	950	38	1.05e-25	120	LOW QUALITY PROTEIN: atrial natriuretic peptide receptor 1 [Pteropus alecto]	9402
XP_036193927.1	XP_024896619	28.571	259	1248	950	38	4.48e-19	99.4	LOW QUALITY PROTEIN: atrial natriuretic peptide receptor 1 [Pteropus alecto]	9402
XP_036193927.1	XP_036289250	34.298	242	1248	1018	37	1.05e-25	121	atrial natriuretic peptide receptor 2 isoform X5 [Pipistrellus kuhlii]	59472
XP_036193927.1	XP_036289250	29.958	237	1248	1018	37	3.18e-20	103	atrial natriuretic peptide receptor 2 isoform X5 [Pipistrellus kuhlii]	59472
XP_036193927.1	XP_045435973	34.298	242	1248	1021	37	1.08e-25	120	atrial natriuretic peptide receptor 2 isoform X4 [Pipistrellus kuhlii]	59472
XP_036193927.1	XP_045435973	29.958	237	1248	1021	37	3.53e-20	103	atrial natriuretic peptide receptor 2 isoform X4 [Pipistrellus kuhlii]	59472
XP_036193927.1	XP_015996831	33.884	242	1248	1056	39	1.13e-25	120	atrial natriuretic peptide receptor 1 [Rousettus aegyptiacus]	9407
XP_036193927.1	XP_015996831	28.958	259	1248	1056	39	3.28e-19	100	atrial natriuretic peptide receptor 1 [Rousettus aegyptiacus]	9407
XP_036193927.1	XP_045435972	34.298	242	1248	1041	37	1.14e-25	120	atrial natriuretic peptide receptor 2 isoform X3 [Pipistrellus kuhlii]	59472
XP_036193927.1	XP_045435972	29.958	237	1248	1041	37	2.82e-20	103	atrial natriuretic peptide receptor 2 isoform X3 [Pipistrellus kuhlii]	59472
XP_036193927.1	XP_035871487	33.884	242	1248	862	39	1.16e-25	120	atrial natriuretic peptide receptor 1 isoform X2 [Phyllostomus discolor]	89673
XP_036193927.1	XP_035871487	28.958	259	1248	862	39	2.23e-19	100	atrial natriuretic peptide receptor 1 isoform X2 [Phyllostomus discolor]	89673
XP_036193927.1	XP_066118163	33.884	242	1248	1065	40	1.18e-25	120	atrial natriuretic peptide receptor 1 isoform X1 [Saccopteryx bilineata]	59482
XP_036193927.1	XP_066118163	28.938	273	1248	1065	40	6.98e-21	105	atrial natriuretic peptide receptor 1 isoform X1 [Saccopteryx bilineata]	59482
XP_036193927.1	XP_066118164	33.884	242	1248	1064	40	1.22e-25	120	atrial natriuretic peptide receptor 1 isoform X2 [Saccopteryx bilineata]	59482
XP_036193927.1	XP_066118164	28.938	273	1248	1064	40	7.09e-21	105	atrial natriuretic peptide receptor 1 isoform X2 [Saccopteryx bilineata]	59482
XP_036193927.1	XP_039705821	35.088	228	1248	1061	38	1.25e-25	120	atrial natriuretic peptide receptor 1 [Pteropus medius]	143291
XP_036193927.1	XP_039705821	28.571	259	1248	1061	38	7.57e-19	99.0	atrial natriuretic peptide receptor 1 [Pteropus medius]	143291
XP_036193927.1	XP_066218541	33.884	242	1248	1064	40	1.25e-25	120	atrial natriuretic peptide receptor 1 isoform X2 [Saccopteryx leptura]	249018
XP_036193927.1	XP_066218541	28.571	273	1248	1064	40	3.70e-20	103	atrial natriuretic peptide receptor 1 isoform X2 [Saccopteryx leptura]	249018
XP_036193927.1	XP_066218540	33.884	242	1248	1065	40	1.32e-25	120	atrial natriuretic peptide receptor 1 isoform X1 [Saccopteryx leptura]	249018
XP_036193927.1	XP_066218540	28.571	273	1248	1065	40	3.64e-20	103	atrial natriuretic peptide receptor 1 isoform X1 [Saccopteryx leptura]	249018
XP_036193927.1	XP_011379382	35.088	228	1248	838	38	1.46e-25	120	atrial natriuretic peptide receptor 1 [Pteropus vampyrus]	132908
XP_036193927.1	XP_011379382	28.571	259	1248	838	38	4.69e-19	99.4	atrial natriuretic peptide receptor 1 [Pteropus vampyrus]	132908
XP_036193927.1	XP_019482955	33.471	242	1248	1059	39	1.54e-25	120	PREDICTED: atrial natriuretic peptide receptor 1 isoform X1 [Hipposideros armiger]	186990
XP_036193927.1	XP_019482955	28.958	259	1248	1059	39	4.92e-20	102	PREDICTED: atrial natriuretic peptide receptor 1 isoform X1 [Hipposideros armiger]	186990
XP_036193927.1	XP_019482956	33.471	242	1248	1060	39	1.68e-25	120	PREDICTED: atrial natriuretic peptide receptor 1 isoform X2 [Hipposideros armiger]	186990
XP_036193927.1	XP_019482956	28.958	259	1248	1060	39	4.97e-20	102	PREDICTED: atrial natriuretic peptide receptor 1 isoform X2 [Hipposideros armiger]	186990
XP_036193927.1	XP_080959688	33.884	242	1248	1016	37	2.08e-25	120	atrial natriuretic peptide receptor 2 isoform 2 [Myotis nattereri]	109481
XP_036193927.1	XP_080959688	29.958	237	1248	1016	37	3.73e-20	103	atrial natriuretic peptide receptor 2 isoform 2 [Myotis nattereri]	109481
XP_036193927.1	XP_059513292	33.884	242	1248	1016	37	2.15e-25	120	atrial natriuretic peptide receptor 2 isoform X4 [Myotis daubentonii]	98922
XP_036193927.1	XP_059513292	29.958	237	1248	1016	37	3.99e-20	102	atrial natriuretic peptide receptor 2 isoform X4 [Myotis daubentonii]	98922
XP_036193927.1	XP_036186315	33.884	242	1248	1016	37	2.17e-25	120	atrial natriuretic peptide receptor 2 isoform X11 [Myotis myotis]	51298
XP_036193927.1	XP_036186315	29.958	237	1248	1016	37	3.89e-20	103	atrial natriuretic peptide receptor 2 isoform X11 [Myotis myotis]	51298
XP_036193927.1	XP_006102767	33.884	242	1248	1016	37	2.17e-25	120	atrial natriuretic peptide receptor 2 isoform X4 [Myotis lucifugus]	59463
XP_036193927.1	XP_006102767	29.958	237	1248	1016	37	3.92e-20	103	atrial natriuretic peptide receptor 2 isoform X4 [Myotis lucifugus]	59463
XP_036193927.1	XP_014387011	33.884	242	1248	1019	37	2.18e-25	120	PREDICTED: atrial natriuretic peptide receptor 2 isoform X3 [Myotis brandtii]	109478
XP_036193927.1	XP_014387011	29.958	237	1248	1019	37	3.80e-20	103	PREDICTED: atrial natriuretic peptide receptor 2 isoform X3 [Myotis brandtii]	109478
XP_036193927.1	XP_036095272	33.884	242	1248	977	37	2.21e-25	120	atrial natriuretic peptide receptor 2 isoform X5 [Rousettus aegyptiacus]	9407
XP_036193927.1	XP_036095272	29.958	237	1248	977	37	2.92e-20	103	atrial natriuretic peptide receptor 2 isoform X5 [Rousettus aegyptiacus]	9407
XP_036193927.1	XP_080525841	33.884	242	1248	1016	37	2.21e-25	120	atrial natriuretic peptide receptor 2 isoform 2 [Plecotus auritus]	61862
XP_036193927.1	XP_080525841	29.958	237	1248	1016	37	4.54e-20	102	atrial natriuretic peptide receptor 2 isoform 2 [Plecotus auritus]	61862
XP_036193927.1	XP_070287329	33.884	242	1248	1016	37	2.27e-25	120	atrial natriuretic peptide receptor 2 isoform X3 [Myotis yumanensis]	159337
XP_036193927.1	XP_070287329	29.958	237	1248	1016	37	4.09e-20	102	atrial natriuretic peptide receptor 2 isoform X3 [Myotis yumanensis]	159337
XP_036193927.1	XP_080921763	33.884	242	1248	1025	37	2.29e-25	120	atrial natriuretic peptide receptor 2 isoform 3 [Rhinolophus hipposideros]	77218
XP_036193927.1	XP_080921763	29.958	237	1248	1025	37	3.57e-20	103	atrial natriuretic peptide receptor 2 isoform 3 [Rhinolophus hipposideros]	77218
XP_036193927.1	XP_014323542	33.884	242	1248	1019	37	2.29e-25	120	atrial natriuretic peptide receptor 2 isoform X3 [Myotis lucifugus]	59463
XP_036193927.1	XP_014323542	29.958	237	1248	1019	37	3.80e-20	103	atrial natriuretic peptide receptor 2 isoform X3 [Myotis lucifugus]	59463
XP_036193927.1	XP_059513291	33.884	242	1248	1019	37	2.33e-25	120	atrial natriuretic peptide receptor 2 isoform X3 [Myotis daubentonii]	98922
XP_036193927.1	XP_059513291	29.958	237	1248	1019	37	3.80e-20	103	atrial natriuretic peptide receptor 2 isoform X3 [Myotis daubentonii]	98922
XP_036193927.1	XP_006758683	33.884	242	1248	1031	37	2.34e-25	120	PREDICTED: atrial natriuretic peptide receptor 2 [Myotis davidii]	225400
XP_036193927.1	XP_006758683	29.958	237	1248	1031	37	3.80e-20	103	PREDICTED: atrial natriuretic peptide receptor 2 [Myotis davidii]	225400
XP_036193927.1	XP_053771783	33.884	242	1248	1058	39	2.34e-25	120	atrial natriuretic peptide receptor 1 isoform X2 [Desmodus rotundus]	9430
XP_036193927.1	XP_053771783	29.231	260	1248	1058	39	5.85e-19	99.4	atrial natriuretic peptide receptor 1 isoform X2 [Desmodus rotundus]	9430
XP_036193927.1	XP_005884028	33.884	242	1248	1016	37	2.35e-25	120	PREDICTED: atrial natriuretic peptide receptor 2 isoform X4 [Myotis brandtii]	109478
XP_036193927.1	XP_005884028	29.958	237	1248	1016	37	4.13e-20	102	PREDICTED: atrial natriuretic peptide receptor 2 isoform X4 [Myotis brandtii]	109478
XP_036193927.1	XP_080921761	33.884	242	1248	1050	37	2.39e-25	120	atrial natriuretic peptide receptor 2 isoform 1 [Rhinolophus hipposideros]	77218
XP_036193927.1	XP_080921761	29.958	237	1248	1050	37	3.04e-20	103	atrial natriuretic peptide receptor 2 isoform 1 [Rhinolophus hipposideros]	77218
XP_036193927.1	XP_053771782	33.884	242	1248	1059	39	2.41e-25	120	atrial natriuretic peptide receptor 1 isoform X1 [Desmodus rotundus]	9430
XP_036193927.1	XP_053771782	29.231	260	1248	1059	39	5.66e-19	99.4	atrial natriuretic peptide receptor 1 isoform X1 [Desmodus rotundus]	9430
XP_036193927.1	XP_028001901	33.884	242	1248	1016	37	2.41e-25	120	atrial natriuretic peptide receptor 2 isoform X3 [Eptesicus fuscus]	29078
XP_036193927.1	XP_028001901	29.958	237	1248	1016	37	4.65e-20	102	atrial natriuretic peptide receptor 2 isoform X3 [Eptesicus fuscus]	29078
XP_036193927.1	XP_080921764	33.884	242	1248	1022	37	2.46e-25	119	atrial natriuretic peptide receptor 2 isoform 4 [Rhinolophus hipposideros]	77218
XP_036193927.1	XP_080921764	29.958	237	1248	1022	37	3.50e-20	103	atrial natriuretic peptide receptor 2 isoform 4 [Rhinolophus hipposideros]	77218
XP_036193927.1	XP_045696648	33.884	242	1248	1051	37	2.49e-25	120	atrial natriuretic peptide receptor 2 isoform X1 [Phyllostomus hastatus]	9423
XP_036193927.1	XP_045696648	29.958	237	1248	1051	37	3.89e-20	103	atrial natriuretic peptide receptor 2 isoform X1 [Phyllostomus hastatus]	9423
XP_036193927.1	XP_036891911	33.884	242	1248	1051	37	2.49e-25	120	atrial natriuretic peptide receptor 2 isoform X1 [Sturnira hondurensis]	192404
XP_036193927.1	XP_036891911	29.958	237	1248	1051	37	3.92e-20	103	atrial natriuretic peptide receptor 2 isoform X1 [Sturnira hondurensis]	192404
XP_036193927.1	XP_045696649	33.884	242	1248	1026	37	2.50e-25	119	atrial natriuretic peptide receptor 2 isoform X2 [Phyllostomus hastatus]	9423
XP_036193927.1	XP_045696649	29.958	237	1248	1026	37	4.61e-20	102	atrial natriuretic peptide receptor 2 isoform X2 [Phyllostomus hastatus]	9423
XP_036193927.1	XP_015985768	33.884	242	1248	1022	37	2.53e-25	119	atrial natriuretic peptide receptor 2 isoform X4 [Rousettus aegyptiacus]	9407
XP_036193927.1	XP_015985768	29.958	237	1248	1022	37	3.16e-20	103	atrial natriuretic peptide receptor 2 isoform X4 [Rousettus aegyptiacus]	9407
XP_036193927.1	XP_036186308	33.884	242	1248	1056	37	2.55e-25	119	atrial natriuretic peptide receptor 2 isoform X4 [Myotis myotis]	51298
XP_036193927.1	XP_036186308	29.958	237	1248	1056	37	6.91e-20	102	atrial natriuretic peptide receptor 2 isoform X4 [Myotis myotis]	51298
XP_036193927.1	XP_015985767	33.884	242	1248	1025	37	2.58e-25	119	atrial natriuretic peptide receptor 2 isoform X3 [Rousettus aegyptiacus]	9407
XP_036193927.1	XP_015985767	29.958	237	1248	1025	37	3.19e-20	103	atrial natriuretic peptide receptor 2 isoform X3 [Rousettus aegyptiacus]	9407
XP_036193927.1	XP_023379770	33.884	242	1248	1053	37	2.59e-25	119	atrial natriuretic peptide receptor 2 isoform X2 [Pteropus vampyrus]	132908
XP_036193927.1	XP_023379770	29.958	237	1248	1053	37	2.55e-20	103	atrial natriuretic peptide receptor 2 isoform X2 [Pteropus vampyrus]	132908
XP_036193927.1	XP_039731331	33.884	242	1248	1053	37	2.59e-25	119	atrial natriuretic peptide receptor 2 isoform X2 [Pteropus medius]	143291
XP_036193927.1	XP_039731331	29.958	237	1248	1053	37	2.55e-20	103	atrial natriuretic peptide receptor 2 isoform X2 [Pteropus medius]	143291
XP_036193927.1	XP_023379769	33.884	242	1248	1056	37	2.61e-25	119	atrial natriuretic peptide receptor 2 isoform X1 [Pteropus vampyrus]	132908
XP_036193927.1	XP_023379769	29.958	237	1248	1056	37	2.60e-20	103	atrial natriuretic peptide receptor 2 isoform X1 [Pteropus vampyrus]	132908
XP_036193927.1	XP_039731330	33.884	242	1248	1056	37	2.61e-25	119	atrial natriuretic peptide receptor 2 isoform X1 [Pteropus medius]	143291
XP_036193927.1	XP_039731330	29.958	237	1248	1056	37	2.60e-20	103	atrial natriuretic peptide receptor 2 isoform X1 [Pteropus medius]	143291
XP_036193927.1	XP_014387012	33.884	242	1248	1006	37	2.62e-25	119	PREDICTED: atrial natriuretic peptide receptor 2 isoform X5 [Myotis brandtii]	109478
XP_036193927.1	XP_014387012	29.958	237	1248	1006	37	4.28e-20	102	PREDICTED: atrial natriuretic peptide receptor 2 isoform X5 [Myotis brandtii]	109478
XP_036193927.1	XP_008140140	33.884	242	1248	1041	37	2.62e-25	119	atrial natriuretic peptide receptor 2 isoform X2 [Eptesicus fuscus]	29078
XP_036193927.1	XP_008140140	29.958	237	1248	1041	37	4.24e-20	102	atrial natriuretic peptide receptor 2 isoform X2 [Eptesicus fuscus]	29078
XP_036193927.1	XP_024415956	33.884	242	1248	1047	37	2.66e-25	119	atrial natriuretic peptide receptor 2 isoform X2 [Desmodus rotundus]	9430
XP_036193927.1	XP_024415956	29.958	237	1248	1047	37	3.44e-20	103	atrial natriuretic peptide receptor 2 isoform X2 [Desmodus rotundus]	9430
XP_036193927.1	XP_066223785	33.884	242	1248	1022	37	2.66e-25	119	atrial natriuretic peptide receptor 2 isoform X2 [Saccopteryx leptura]	249018
XP_036193927.1	XP_066223785	29.958	237	1248	1022	37	3.65e-20	103	atrial natriuretic peptide receptor 2 isoform X2 [Saccopteryx leptura]	249018
XP_036193927.1	XP_023379772	33.884	242	1248	1031	37	2.66e-25	119	atrial natriuretic peptide receptor 2 isoform X5 [Pteropus vampyrus]	132908
XP_036193927.1	XP_023379772	29.958	237	1248	1031	37	3.00e-20	103	atrial natriuretic peptide receptor 2 isoform X5 [Pteropus vampyrus]	132908
XP_036193927.1	XP_039731334	33.884	242	1248	1031	37	2.66e-25	119	atrial natriuretic peptide receptor 2 isoform X5 [Pteropus medius]	143291
XP_036193927.1	XP_039731334	29.958	237	1248	1031	37	3.00e-20	103	atrial natriuretic peptide receptor 2 isoform X5 [Pteropus medius]	143291
XP_036193927.1	XP_080525840	33.884	242	1248	1041	37	2.67e-25	119	atrial natriuretic peptide receptor 2 isoform 1 [Plecotus auritus]	61862
XP_036193927.1	XP_080525840	29.958	237	1248	1041	37	4.50e-20	102	atrial natriuretic peptide receptor 2 isoform 1 [Plecotus auritus]	61862
XP_036193927.1	XP_028001899	33.884	242	1248	1044	37	2.67e-25	119	atrial natriuretic peptide receptor 2 isoform X1 [Eptesicus fuscus]	29078
XP_036193927.1	XP_028001899	29.958	237	1248	1044	37	4.25e-20	102	atrial natriuretic peptide receptor 2 isoform X1 [Eptesicus fuscus]	29078
XP_036193927.1	XP_066112884	33.884	242	1248	1022	37	2.68e-25	119	atrial natriuretic peptide receptor 2 isoform X2 [Saccopteryx bilineata]	59482
XP_036193927.1	XP_066112884	29.958	237	1248	1022	37	3.65e-20	103	atrial natriuretic peptide receptor 2 isoform X2 [Saccopteryx bilineata]	59482
XP_036193927.1	XP_016078382	33.884	242	1248	1041	37	2.74e-25	119	PREDICTED: atrial natriuretic peptide receptor 2 isoform X2 [Miniopterus natalensis]	291302
XP_036193927.1	XP_016078382	29.958	237	1248	1041	37	4.07e-20	102	PREDICTED: atrial natriuretic peptide receptor 2 isoform X2 [Miniopterus natalensis]	291302
XP_036193927.1	XP_081008537	33.884	242	1248	1041	37	2.74e-25	119	atrial natriuretic peptide receptor 2 isoform 2 [Miniopterus schreibersii]	9433
XP_036193927.1	XP_081008537	29.958	237	1248	1041	37	4.07e-20	102	atrial natriuretic peptide receptor 2 isoform 2 [Miniopterus schreibersii]	9433
XP_036193927.1	XP_045051082	33.884	242	1248	1050	37	2.76e-25	119	atrial natriuretic peptide receptor 2 isoform X1 [Desmodus rotundus]	9430
XP_036193927.1	XP_045051082	29.958	237	1248	1050	37	3.54e-20	103	atrial natriuretic peptide receptor 2 isoform X1 [Desmodus rotundus]	9430
XP_036193927.1	XP_032979306	33.884	242	1248	1025	37	2.76e-25	119	atrial natriuretic peptide receptor 2 isoform X3 [Rhinolophus ferrumequinum]	59479
XP_036193927.1	XP_032979306	29.958	237	1248	1025	37	3.54e-20	103	atrial natriuretic peptide receptor 2 isoform X3 [Rhinolophus ferrumequinum]	59479
XP_036193927.1	XP_074186792	33.884	242	1248	1025	37	2.76e-25	119	atrial natriuretic peptide receptor 2 isoform X3 [Rhinolophus sinicus]	89399
XP_036193927.1	XP_074186792	29.958	237	1248	1025	37	3.54e-20	103	atrial natriuretic peptide receptor 2 isoform X3 [Rhinolophus sinicus]	89399
XP_036193927.1	XP_014387010	33.884	242	1248	1044	37	2.77e-25	119	PREDICTED: atrial natriuretic peptide receptor 2 isoform X1 [Myotis brandtii]	109478
XP_036193927.1	XP_014387010	29.958	237	1248	1044	37	3.81e-20	103	PREDICTED: atrial natriuretic peptide receptor 2 isoform X1 [Myotis brandtii]	109478
XP_036193927.1	XP_014323540	33.884	242	1248	1044	37	2.77e-25	119	atrial natriuretic peptide receptor 2 isoform X1 [Myotis lucifugus]	59463
XP_036193927.1	XP_014323540	29.958	237	1248	1044	37	3.81e-20	103	atrial natriuretic peptide receptor 2 isoform X1 [Myotis lucifugus]	59463
XP_036193927.1	XP_006102766	33.884	242	1248	1041	37	2.78e-25	119	atrial natriuretic peptide receptor 2 isoform X2 [Myotis lucifugus]	59463
XP_036193927.1	XP_006102766	29.958	237	1248	1041	37	3.77e-20	103	atrial natriuretic peptide receptor 2 isoform X2 [Myotis lucifugus]	59463
XP_036193927.1	XP_045696650	33.884	242	1248	1024	37	2.78e-25	119	atrial natriuretic peptide receptor 2 isoform X3 [Phyllostomus hastatus]	9423
XP_036193927.1	XP_045696650	29.958	237	1248	1024	37	4.68e-20	102	atrial natriuretic peptide receptor 2 isoform X3 [Phyllostomus hastatus]	9423
XP_036193927.1	XP_079646773	33.884	242	1248	1044	37	2.79e-25	119	atrial natriuretic peptide receptor 2 isoform 1 [Cnephaeus nilssonii]	3371016
XP_036193927.1	XP_079646773	29.958	237	1248	1044	37	4.44e-20	102	atrial natriuretic peptide receptor 2 isoform 1 [Cnephaeus nilssonii]	3371016
XP_036193927.1	XP_059513290	33.884	242	1248	1041	37	2.81e-25	119	atrial natriuretic peptide receptor 2 isoform X2 [Myotis daubentonii]	98922
XP_036193927.1	XP_059513290	29.958	237	1248	1041	37	3.80e-20	103	atrial natriuretic peptide receptor 2 isoform X2 [Myotis daubentonii]	98922
XP_036193927.1	XP_079646775	33.884	242	1248	1016	37	2.81e-25	119	atrial natriuretic peptide receptor 2 isoform 3 [Cnephaeus nilssonii]	3371016
XP_036193927.1	XP_079646775	29.958	237	1248	1016	37	4.81e-20	102	atrial natriuretic peptide receptor 2 isoform 3 [Cnephaeus nilssonii]	3371016
XP_036193927.1	XP_023379774	33.884	242	1248	1022	37	2.83e-25	119	atrial natriuretic peptide receptor 2 isoform X7 [Pteropus vampyrus]	132908
XP_036193927.1	XP_023379774	29.958	237	1248	1022	37	3.30e-20	103	atrial natriuretic peptide receptor 2 isoform X7 [Pteropus vampyrus]	132908
XP_036193927.1	XP_039731336	33.884	242	1248	1022	37	2.83e-25	119	atrial natriuretic peptide receptor 2 isoform X7 [Pteropus medius]	143291
XP_036193927.1	XP_039731336	29.958	237	1248	1022	37	3.30e-20	103	atrial natriuretic peptide receptor 2 isoform X7 [Pteropus medius]	143291
XP_036193927.1	XP_005884027	33.884	242	1248	1041	37	2.83e-25	119	PREDICTED: atrial natriuretic peptide receptor 2 isoform X2 [Myotis brandtii]	109478
XP_036193927.1	XP_005884027	29.958	237	1248	1041	37	4.14e-20	102	PREDICTED: atrial natriuretic peptide receptor 2 isoform X2 [Myotis brandtii]	109478
XP_036193927.1	XP_080921762	33.884	242	1248	1047	37	2.85e-25	119	atrial natriuretic peptide receptor 2 isoform 2 [Rhinolophus hipposideros]	77218
XP_036193927.1	XP_080921762	29.958	237	1248	1047	37	3.53e-20	103	atrial natriuretic peptide receptor 2 isoform 2 [Rhinolophus hipposideros]	77218
XP_036193927.1	XP_032979307	33.884	242	1248	1022	37	2.85e-25	119	atrial natriuretic peptide receptor 2 isoform X4 [Rhinolophus ferrumequinum]	59479
XP_036193927.1	XP_032979307	29.958	237	1248	1022	37	3.53e-20	103	atrial natriuretic peptide receptor 2 isoform X4 [Rhinolophus ferrumequinum]	59479
XP_036193927.1	XP_006916064	33.884	242	1248	1022	37	2.85e-25	119	LOW QUALITY PROTEIN: atrial natriuretic peptide receptor 2 [Pteropus alecto]	9402
XP_036193927.1	XP_006916064	29.958	237	1248	1022	37	2.73e-20	103	LOW QUALITY PROTEIN: atrial natriuretic peptide receptor 2 [Pteropus alecto]	9402
XP_036193927.1	XP_019584629	33.884	242	1248	1022	37	2.85e-25	119	atrial natriuretic peptide receptor 2 isoform X4 [Rhinolophus sinicus]	89399
XP_036193927.1	XP_019584629	29.958	237	1248	1022	37	3.53e-20	103	atrial natriuretic peptide receptor 2 isoform X4 [Rhinolophus sinicus]	89399
XP_036193927.1	XP_045051083	33.884	242	1248	1023	37	2.85e-25	119	atrial natriuretic peptide receptor 2 isoform X3 [Desmodus rotundus]	9430
XP_036193927.1	XP_045051083	29.958	237	1248	1023	37	3.85e-20	103	atrial natriuretic peptide receptor 2 isoform X3 [Desmodus rotundus]	9430
XP_036193927.1	XP_070287328	33.884	242	1248	1041	37	2.86e-25	119	atrial natriuretic peptide receptor 2 isoform X2 [Myotis yumanensis]	159337
XP_036193927.1	XP_070287328	29.958	237	1248	1041	37	3.86e-20	103	atrial natriuretic peptide receptor 2 isoform X2 [Myotis yumanensis]	159337
XP_036193927.1	XP_079646774	33.884	242	1248	1041	37	2.86e-25	119	atrial natriuretic peptide receptor 2 isoform 2 [Cnephaeus nilssonii]	3371016
XP_036193927.1	XP_079646774	29.958	237	1248	1041	37	4.43e-20	102	atrial natriuretic peptide receptor 2 isoform 2 [Cnephaeus nilssonii]	3371016
XP_036193927.1	XP_023379771	33.884	242	1248	1050	37	2.86e-25	119	atrial natriuretic peptide receptor 2 isoform X3 [Pteropus vampyrus]	132908
XP_036193927.1	XP_023379771	29.958	237	1248	1050	37	3.17e-20	103	atrial natriuretic peptide receptor 2 isoform X3 [Pteropus vampyrus]	132908
XP_036193927.1	XP_039731332	33.884	242	1248	1050	37	2.86e-25	119	atrial natriuretic peptide receptor 2 isoform X3 [Pteropus medius]	143291
XP_036193927.1	XP_039731332	29.958	237	1248	1050	37	3.17e-20	103	atrial natriuretic peptide receptor 2 isoform X3 [Pteropus medius]	143291
XP_036193927.1	XP_028363668	33.884	242	1248	1051	37	2.86e-25	119	atrial natriuretic peptide receptor 2 isoform X1 [Phyllostomus discolor]	89673
XP_036193927.1	XP_028363668	29.958	237	1248	1051	37	3.86e-20	103	atrial natriuretic peptide receptor 2 isoform X1 [Phyllostomus discolor]	89673
XP_036193927.1	XP_070287327	33.884	242	1248	1044	37	2.86e-25	119	atrial natriuretic peptide receptor 2 isoform X1 [Myotis yumanensis]	159337
XP_036193927.1	XP_070287327	29.958	237	1248	1044	37	3.84e-20	103	atrial natriuretic peptide receptor 2 isoform X1 [Myotis yumanensis]	159337
XP_036193927.1	XP_059513289	33.884	242	1248	1044	37	2.86e-25	119	atrial natriuretic peptide receptor 2 isoform X1 [Myotis daubentonii]	98922
XP_036193927.1	XP_059513289	29.958	237	1248	1044	37	3.87e-20	103	atrial natriuretic peptide receptor 2 isoform X1 [Myotis daubentonii]	98922
XP_036193927.1	XP_016078381	33.884	242	1248	1044	37	2.86e-25	119	PREDICTED: atrial natriuretic peptide receptor 2 isoform X1 [Miniopterus natalensis]	291302
XP_036193927.1	XP_016078381	29.958	237	1248	1044	37	4.18e-20	102	PREDICTED: atrial natriuretic peptide receptor 2 isoform X1 [Miniopterus natalensis]	291302
XP_036193927.1	XP_081008536	33.884	242	1248	1044	37	2.86e-25	119	atrial natriuretic peptide receptor 2 isoform 1 [Miniopterus schreibersii]	9433
XP_036193927.1	XP_081008536	29.958	237	1248	1044	37	4.18e-20	102	atrial natriuretic peptide receptor 2 isoform 1 [Miniopterus schreibersii]	9433
XP_036193927.1	XP_023379773	33.884	242	1248	1028	37	2.87e-25	119	atrial natriuretic peptide receptor 2 isoform X6 [Pteropus vampyrus]	132908
XP_036193927.1	XP_023379773	29.958	237	1248	1028	37	3.15e-20	103	atrial natriuretic peptide receptor 2 isoform X6 [Pteropus vampyrus]	132908
XP_036193927.1	XP_039731335	33.884	242	1248	1028	37	2.87e-25	119	atrial natriuretic peptide receptor 2 isoform X6 [Pteropus medius]	143291
XP_036193927.1	XP_039731335	29.958	237	1248	1028	37	3.15e-20	103	atrial natriuretic peptide receptor 2 isoform X6 [Pteropus medius]	143291
XP_036193927.1	XP_019518858	33.884	242	1248	1022	37	2.87e-25	119	PREDICTED: atrial natriuretic peptide receptor 2 isoform X8 [Hipposideros armiger]	186990
XP_036193927.1	XP_019518858	29.958	237	1248	1022	37	3.75e-20	103	PREDICTED: atrial natriuretic peptide receptor 2 isoform X8 [Hipposideros armiger]	186990
XP_036193927.1	XP_011379816	33.884	242	1248	1047	37	2.90e-25	119	atrial natriuretic peptide receptor 2 isoform X4 [Pteropus vampyrus]	132908
XP_036193927.1	XP_011379816	29.958	237	1248	1047	37	3.14e-20	103	atrial natriuretic peptide receptor 2 isoform X4 [Pteropus vampyrus]	132908
XP_036193927.1	XP_039731333	33.884	242	1248	1047	37	2.90e-25	119	atrial natriuretic peptide receptor 2 isoform X4 [Pteropus medius]	143291
XP_036193927.1	XP_039731333	29.958	237	1248	1047	37	3.14e-20	103	atrial natriuretic peptide receptor 2 isoform X4 [Pteropus medius]	143291
XP_036193927.1	XP_036186311	33.884	242	1248	1041	37	2.90e-25	119	atrial natriuretic peptide receptor 2 isoform X7 [Myotis myotis]	51298
XP_036193927.1	XP_036186311	29.958	237	1248	1041	37	3.86e-20	103	atrial natriuretic peptide receptor 2 isoform X7 [Myotis myotis]	51298
XP_036193927.1	XP_081008538	33.884	242	1248	1019	37	2.91e-25	119	atrial natriuretic peptide receptor 2 isoform 3 [Miniopterus schreibersii]	9433
XP_036193927.1	XP_081008538	29.958	237	1248	1019	37	4.99e-20	102	atrial natriuretic peptide receptor 2 isoform 3 [Miniopterus schreibersii]	9433
XP_036193927.1	XP_080959687	33.884	242	1248	1041	37	2.93e-25	119	atrial natriuretic peptide receptor 2 isoform 1 [Myotis nattereri]	109481
XP_036193927.1	XP_080959687	29.958	237	1248	1041	37	3.90e-20	103	atrial natriuretic peptide receptor 2 isoform 1 [Myotis nattereri]	109481
XP_036193927.1	XP_036186310	33.884	242	1248	1044	37	2.94e-25	119	atrial natriuretic peptide receptor 2 isoform X6 [Myotis myotis]	51298
XP_036193927.1	XP_036186310	29.958	237	1248	1044	37	3.94e-20	103	atrial natriuretic peptide receptor 2 isoform X6 [Myotis myotis]	51298
XP_036193927.1	XP_054440644	33.884	242	1248	1022	37	2.95e-25	119	atrial natriuretic peptide receptor 2 isoform X3 [Pteronotus mesoamericanus]	1884717
XP_036193927.1	XP_054440644	29.958	237	1248	1022	37	2.93e-20	103	atrial natriuretic peptide receptor 2 isoform X3 [Pteronotus mesoamericanus]	1884717
XP_036193927.1	XP_037000390	33.884	242	1248	1051	37	2.96e-25	119	atrial natriuretic peptide receptor 2 [Artibeus jamaicensis]	9417
XP_036193927.1	XP_037000390	29.958	237	1248	1051	37	3.99e-20	103	atrial natriuretic peptide receptor 2 [Artibeus jamaicensis]	9417
XP_036193927.1	XP_036891912	33.884	242	1248	1024	37	2.98e-25	119	atrial natriuretic peptide receptor 2 isoform X2 [Sturnira hondurensis]	192404
XP_036193927.1	XP_036891912	29.958	237	1248	1024	37	4.72e-20	102	atrial natriuretic peptide receptor 2 isoform X2 [Sturnira hondurensis]	192404
XP_036193927.1	XP_035877801	33.884	242	1248	1024	37	3.01e-25	119	atrial natriuretic peptide receptor 2 isoform X2 [Phyllostomus discolor]	89673
XP_036193927.1	XP_035877801	29.958	237	1248	1024	37	4.60e-20	102	atrial natriuretic peptide receptor 2 isoform X2 [Phyllostomus discolor]	89673
XP_036193927.1	XP_066223784	33.884	242	1248	1047	37	3.10e-25	119	atrial natriuretic peptide receptor 2 isoform X1 [Saccopteryx leptura]	249018
XP_036193927.1	XP_066223784	29.958	237	1248	1047	37	3.39e-20	103	atrial natriuretic peptide receptor 2 isoform X1 [Saccopteryx leptura]	249018
XP_036193927.1	XP_036116708	33.884	242	1248	1041	37	3.14e-25	119	atrial natriuretic peptide receptor 2 isoform X1 [Molossus molossus]	27622
XP_036193927.1	XP_036116708	29.958	237	1248	1041	37	4.24e-20	102	atrial natriuretic peptide receptor 2 isoform X1 [Molossus molossus]	27622
XP_036193927.1	XP_019518856	33.884	242	1248	1047	37	3.15e-25	119	PREDICTED: atrial natriuretic peptide receptor 2 isoform X6 [Hipposideros armiger]	186990
XP_036193927.1	XP_019518856	29.958	237	1248	1047	37	3.56e-20	103	PREDICTED: atrial natriuretic peptide receptor 2 isoform X6 [Hipposideros armiger]	186990
XP_036193927.1	XP_036116709	33.884	242	1248	1016	37	3.16e-25	119	atrial natriuretic peptide receptor 2 isoform X2 [Molossus molossus]	27622
XP_036193927.1	XP_036116709	29.958	237	1248	1016	37	4.50e-20	102	atrial natriuretic peptide receptor 2 isoform X2 [Molossus molossus]	27622
XP_036193927.1	XP_015985766	33.884	242	1248	1047	37	3.18e-25	119	atrial natriuretic peptide receptor 2 isoform X2 [Rousettus aegyptiacus]	9407
XP_036193927.1	XP_015985766	29.958	237	1248	1047	37	3.08e-20	103	atrial natriuretic peptide receptor 2 isoform X2 [Rousettus aegyptiacus]	9407
XP_036193927.1	XP_081008539	33.884	242	1248	1016	37	3.19e-25	119	atrial natriuretic peptide receptor 2 isoform 4 [Miniopterus schreibersii]	9433
XP_036193927.1	XP_081008539	29.958	237	1248	1016	37	5.07e-20	102	atrial natriuretic peptide receptor 2 isoform 4 [Miniopterus schreibersii]	9433
XP_036193927.1	XP_032979305	33.884	242	1248	1047	37	3.21e-25	119	atrial natriuretic peptide receptor 2 isoform X2 [Rhinolophus ferrumequinum]	59479
XP_036193927.1	XP_032979305	29.958	237	1248	1047	37	3.36e-20	103	atrial natriuretic peptide receptor 2 isoform X2 [Rhinolophus ferrumequinum]	59479
XP_036193927.1	XP_019584628	33.884	242	1248	1047	37	3.21e-25	119	atrial natriuretic peptide receptor 2 isoform X2 [Rhinolophus sinicus]	89399
XP_036193927.1	XP_019584628	29.958	237	1248	1047	37	3.36e-20	103	atrial natriuretic peptide receptor 2 isoform X2 [Rhinolophus sinicus]	89399
XP_036193927.1	XP_019518855	33.884	242	1248	1050	37	3.22e-25	119	PREDICTED: atrial natriuretic peptide receptor 2 isoform X5 [Hipposideros armiger]	186990
XP_036193927.1	XP_019518855	29.958	237	1248	1050	37	3.69e-20	103	PREDICTED: atrial natriuretic peptide receptor 2 isoform X5 [Hipposideros armiger]	186990
XP_036193927.1	XP_032979304	33.884	242	1248	1050	37	3.27e-25	119	atrial natriuretic peptide receptor 2 isoform X1 [Rhinolophus ferrumequinum]	59479
XP_036193927.1	XP_032979304	29.958	237	1248	1050	37	3.45e-20	103	atrial natriuretic peptide receptor 2 isoform X1 [Rhinolophus ferrumequinum]	59479
XP_036193927.1	XP_074186791	33.884	242	1248	1050	37	3.27e-25	119	atrial natriuretic peptide receptor 2 isoform X1 [Rhinolophus sinicus]	89399
XP_036193927.1	XP_074186791	29.958	237	1248	1050	37	3.45e-20	103	atrial natriuretic peptide receptor 2 isoform X1 [Rhinolophus sinicus]	89399
XP_036193927.1	XP_015985765	33.884	242	1248	1050	37	3.30e-25	119	atrial natriuretic peptide receptor 2 isoform X1 [Rousettus aegyptiacus]	9407
XP_036193927.1	XP_015985765	29.958	237	1248	1050	37	3.31e-20	103	atrial natriuretic peptide receptor 2 isoform X1 [Rousettus aegyptiacus]	9407
XP_036193927.1	XP_066112883	33.884	242	1248	1047	37	3.32e-25	119	atrial natriuretic peptide receptor 2 isoform X1 [Saccopteryx bilineata]	59482
XP_036193927.1	XP_066112883	29.958	237	1248	1047	37	3.50e-20	103	atrial natriuretic peptide receptor 2 isoform X1 [Saccopteryx bilineata]	59482
XP_036193927.1	XP_053778693	33.884	242	1248	852	37	3.49e-25	119	atrial natriuretic peptide receptor 2 isoform X5 [Desmodus rotundus]	9430
XP_036193927.1	XP_053778693	29.958	237	1248	852	37	5.57e-20	102	atrial natriuretic peptide receptor 2 isoform X5 [Desmodus rotundus]	9430
XP_036193927.1	XP_053778690	33.884	242	1248	852	37	3.49e-25	119	atrial natriuretic peptide receptor 2 isoform X5 [Desmodus rotundus]	9430
XP_036193927.1	XP_053778690	29.958	237	1248	852	37	5.57e-20	102	atrial natriuretic peptide receptor 2 isoform X5 [Desmodus rotundus]	9430
XP_036193927.1	XP_053778689	33.884	242	1248	1020	37	3.77e-25	119	atrial natriuretic peptide receptor 2 isoform X4 [Desmodus rotundus]	9430
XP_036193927.1	XP_053778689	29.958	237	1248	1020	37	4.75e-20	102	atrial natriuretic peptide receptor 2 isoform X4 [Desmodus rotundus]	9430
XP_036193927.1	XP_016015900	30.872	298	1248	1108	40	3.91e-25	119	retinal guanylyl cyclase 2 isoform X1 [Rousettus aegyptiacus]	9407
XP_036193927.1	XP_016015900	32.018	228	1248	1108	40	2.26e-21	107	retinal guanylyl cyclase 2 isoform X1 [Rousettus aegyptiacus]	9407
XP_036193927.1	XP_016015895	30.872	298	1248	1108	40	3.91e-25	119	retinal guanylyl cyclase 2 isoform X1 [Rousettus aegyptiacus]	9407
XP_036193927.1	XP_016015895	32.018	228	1248	1108	40	2.26e-21	107	retinal guanylyl cyclase 2 isoform X1 [Rousettus aegyptiacus]	9407
XP_036193927.1	XP_016015890	30.872	298	1248	1108	40	3.91e-25	119	retinal guanylyl cyclase 2 isoform X1 [Rousettus aegyptiacus]	9407
XP_036193927.1	XP_016015890	32.018	228	1248	1108	40	2.26e-21	107	retinal guanylyl cyclase 2 isoform X1 [Rousettus aegyptiacus]	9407
XP_036193927.1	XP_054440642	33.884	242	1248	1047	37	4.01e-25	119	atrial natriuretic peptide receptor 2 isoform X1 [Pteronotus mesoamericanus]	1884717
XP_036193927.1	XP_054440642	29.958	237	1248	1047	37	3.36e-20	103	atrial natriuretic peptide receptor 2 isoform X1 [Pteronotus mesoamericanus]	1884717
XP_036193927.1	XP_011372621	30.872	298	1248	1108	41	7.42e-25	118	retinal guanylyl cyclase 2 [Pteropus vampyrus]	132908
XP_036193927.1	XP_011372621	30.702	228	1248	1108	41	2.89e-21	106	retinal guanylyl cyclase 2 [Pteropus vampyrus]	132908
XP_036193927.1	XP_006922777	30.872	298	1248	1108	41	7.67e-25	118	retinal guanylyl cyclase 2 [Pteropus alecto]	9402
XP_036193927.1	XP_006922777	30.702	228	1248	1108	41	3.12e-21	106	retinal guanylyl cyclase 2 [Pteropus alecto]	9402
XP_036193927.1	XP_066093624	28.916	249	1248	826	40	8.78e-25	117	guanylate cyclase soluble subunit beta-2-like [Saccopteryx bilineata]	59482
XP_036193927.1	XP_066093624	27.481	262	1248	826	40	3.42e-24	115	guanylate cyclase soluble subunit beta-2-like [Saccopteryx bilineata]	59482
XP_036193927.1	XP_054576253	29.572	257	1248	703	42	1.13e-24	117	guanylate cyclase soluble subunit beta-2-like [Eptesicus fuscus]	29078
XP_036193927.1	XP_054576253	26.190	294	1248	703	42	1.63e-22	110	guanylate cyclase soluble subunit beta-2-like [Eptesicus fuscus]	29078
XP_036193927.1	XP_066106127	30.872	298	1248	929	41	1.21e-24	117	retinal guanylyl cyclase 2 isoform X4 [Saccopteryx bilineata]	59482
XP_036193927.1	XP_066106127	30.702	228	1248	929	41	8.59e-21	105	retinal guanylyl cyclase 2 isoform X4 [Saccopteryx bilineata]	59482
XP_036193927.1	XP_066106124	30.872	298	1248	1108	41	1.25e-24	117	retinal guanylyl cyclase 2 isoform X1 [Saccopteryx bilineata]	59482
XP_036193927.1	XP_066106124	30.702	228	1248	1108	41	7.06e-21	105	retinal guanylyl cyclase 2 isoform X1 [Saccopteryx bilineata]	59482
XP_036193927.1	XP_066213253	30.872	298	1248	929	41	1.39e-24	117	retinal guanylyl cyclase 2 isoform X4 [Saccopteryx leptura]	249018
XP_036193927.1	XP_066213253	30.702	228	1248	929	41	1.04e-20	104	retinal guanylyl cyclase 2 isoform X4 [Saccopteryx leptura]	249018
XP_036193927.1	XP_066213250	30.872	298	1248	1108	41	1.56e-24	117	retinal guanylyl cyclase 2 isoform X1 [Saccopteryx leptura]	249018
XP_036193927.1	XP_066213250	30.702	228	1248	1108	41	1.02e-20	105	retinal guanylyl cyclase 2 isoform X1 [Saccopteryx leptura]	249018
XP_036193927.1	XP_015419269	30.568	229	1248	807	40	2.56e-24	116	PREDICTED: guanylate cyclase soluble subunit beta-2 [Myotis davidii]	225400
XP_036193927.1	XP_015419269	26.780	295	1248	807	40	1.51e-21	107	PREDICTED: guanylate cyclase soluble subunit beta-2 [Myotis davidii]	225400
XP_036193927.1	XP_039704260	32.129	249	1248	1102	37	2.89e-24	116	guanylate cyclase D-like [Pteropus medius]	143291
XP_036193927.1	XP_039704260	30.088	226	1248	1102	37	5.59e-21	105	guanylate cyclase D-like [Pteropus medius]	143291
XP_036193927.1	XP_016016884	32.530	249	1248	1179	36	2.92e-24	116	guanylate cyclase D-like [Rousettus aegyptiacus]	9407
XP_036193927.1	XP_016016884	30.493	223	1248	1179	36	7.24e-20	102	guanylate cyclase D-like [Rousettus aegyptiacus]	9407
XP_036193927.1	XP_023611690	32.463	268	1248	1010	41	3.77e-24	115	LOW QUALITY PROTEIN: olfactory guanylyl cyclase GC-D-like [Myotis lucifugus]	59463
XP_036193927.1	XP_023611690	30.943	265	1248	1010	41	9.18e-23	111	LOW QUALITY PROTEIN: olfactory guanylyl cyclase GC-D-like [Myotis lucifugus]	59463
XP_036193927.1	XP_080884871	31.047	277	1248	1113	39	4.16e-24	115	retinal guanylyl cyclase 1 [Rhinolophus hipposideros]	77218
XP_036193927.1	XP_080884871	31.718	227	1248	1113	39	2.15e-22	110	retinal guanylyl cyclase 1 [Rhinolophus hipposideros]	77218
XP_036193927.1	XP_080938938	30.131	229	1248	710	41	4.76e-24	115	guanylate cyclase soluble subunit beta-2-like [Myotis nattereri]	109481
XP_036193927.1	XP_080938938	26.645	304	1248	710	41	1.98e-22	109	guanylate cyclase soluble subunit beta-2-like [Myotis nattereri]	109481
XP_036193927.1	XP_023599708	32.400	250	1248	956	37	5.51e-24	115	LOW QUALITY PROTEIN: retinal guanylyl cyclase 1, partial [Myotis lucifugus]	59463
XP_036193927.1	XP_023599708	30.837	227	1248	956	37	4.65e-21	105	LOW QUALITY PROTEIN: retinal guanylyl cyclase 1, partial [Myotis lucifugus]	59463
XP_036193927.1	XP_014403773	30.568	229	1248	726	40	5.51e-24	114	PREDICTED: guanylate cyclase soluble subunit beta-2-like [Myotis brandtii]	109478
XP_036193927.1	XP_014403773	26.298	289	1248	726	40	1.71e-22	110	PREDICTED: guanylate cyclase soluble subunit beta-2-like [Myotis brandtii]	109478
XP_036193927.1	XP_080496747	33.456	272	1248	1112	40	5.51e-24	115	guanylate cyclase D-like [Plecotus auritus]	61862
XP_036193927.1	XP_080496747	32.353	238	1248	1112	40	2.44e-22	110	guanylate cyclase D-like [Plecotus auritus]	61862
XP_036193927.1	XP_036179985	31.868	273	1248	1213	39	5.79e-24	115	guanylate cyclase D-like [Myotis myotis]	51298
XP_036193927.1	XP_036179985	31.602	231	1248	1213	39	4.00e-22	109	guanylate cyclase D-like [Myotis myotis]	51298
XP_036193927.1	XP_070264830	30.568	229	1248	710	40	5.91e-24	114	guanylate cyclase soluble subunit beta-2-like [Myotis yumanensis]	159337
XP_036193927.1	XP_070264830	26.644	289	1248	710	40	1.39e-22	110	guanylate cyclase soluble subunit beta-2-like [Myotis yumanensis]	159337
XP_036193927.1	XP_032946793	31.047	277	1248	1114	39	6.83e-24	115	retinal guanylyl cyclase 1 [Rhinolophus ferrumequinum]	59479
XP_036193927.1	XP_032946793	31.718	227	1248	1114	39	4.17e-22	109	retinal guanylyl cyclase 1 [Rhinolophus ferrumequinum]	59479
XP_036193927.1	XP_059537185	30.131	229	1248	668	39	6.95e-24	114	guanylate cyclase soluble subunit beta-2-like [Myotis daubentonii]	98922
XP_036193927.1	XP_059537185	26.812	276	1248	668	39	5.15e-22	108	guanylate cyclase soluble subunit beta-2-like [Myotis daubentonii]	98922
XP_036193927.1	XP_036284533	32.463	268	1248	1101	41	7.30e-24	115	guanylate cyclase D [Pipistrellus kuhlii]	59472
XP_036193927.1	XP_036284533	31.395	258	1248	1101	41	3.11e-23	113	guanylate cyclase D [Pipistrellus kuhlii]	59472
XP_036193927.1	XP_023604890	30.568	229	1248	700	40	7.96e-24	114	guanylate cyclase soluble subunit beta-2-like [Myotis lucifugus]	59463
XP_036193927.1	XP_023604890	26.408	284	1248	700	40	2.37e-22	109	guanylate cyclase soluble subunit beta-2-like [Myotis lucifugus]	59463
XP_036193927.1	XP_079645301	32.463	268	1248	1109	41	8.34e-24	115	guanylate cyclase D-like [Cnephaeus nilssonii]	3371016
XP_036193927.1	XP_079645301	31.321	265	1248	1109	41	2.29e-22	110	guanylate cyclase D-like [Cnephaeus nilssonii]	3371016
XP_036193927.1	XP_080956437	32.090	268	1248	1060	41	8.45e-24	115	guanylate cyclase D-like [Myotis nattereri]	109481
XP_036193927.1	XP_080956437	30.620	258	1248	1060	41	5.01e-22	109	guanylate cyclase D-like [Myotis nattereri]	109481
XP_036193927.1	XP_080965406	32.400	250	1248	1110	37	9.25e-24	114	retinal guanylyl cyclase 1 [Myotis nattereri]	109481
XP_036193927.1	XP_080965406	30.357	224	1248	1110	37	2.40e-21	107	retinal guanylyl cyclase 1 [Myotis nattereri]	109481
XP_036193927.1	XP_059566590	31.716	268	1248	1148	39	9.50e-24	114	guanylate cyclase D-like [Myotis daubentonii]	98922
XP_036193927.1	XP_059566590	32.035	231	1248	1148	39	5.01e-22	109	guanylate cyclase D-like [Myotis daubentonii]	98922
XP_036193927.1	XP_028014185	32.836	268	1248	1126	41	9.60e-24	114	guanylate cyclase D-like [Eptesicus fuscus]	29078
XP_036193927.1	XP_028014185	31.321	265	1248	1126	41	8.93e-23	111	guanylate cyclase D-like [Eptesicus fuscus]	29078
XP_036193927.1	XP_070250256	32.400	250	1248	1108	37	9.64e-24	114	retinal guanylyl cyclase 1 [Myotis yumanensis]	159337
XP_036193927.1	XP_070250256	30.357	224	1248	1108	37	2.89e-21	106	retinal guanylyl cyclase 1 [Myotis yumanensis]	159337
XP_036193927.1	XP_036197408	32.400	250	1248	1116	37	9.69e-24	114	retinal guanylyl cyclase 1 [Myotis myotis]	51298
XP_036193927.1	XP_036197408	30.357	224	1248	1116	37	2.58e-21	107	retinal guanylyl cyclase 1 [Myotis myotis]	51298
XP_036193927.1	XP_059524679	32.400	250	1248	1111	37	1.05e-23	114	retinal guanylyl cyclase 1 [Myotis daubentonii]	98922
XP_036193927.1	XP_059524679	30.357	224	1248	1111	37	2.51e-21	107	retinal guanylyl cyclase 1 [Myotis daubentonii]	98922
XP_036193927.1	XP_015998555	30.131	229	1248	738	39	1.15e-23	114	guanylate cyclase soluble subunit beta-2 [Rousettus aegyptiacus]	9407
XP_036193927.1	XP_015998555	27.473	273	1248	738	39	1.78e-22	110	guanylate cyclase soluble subunit beta-2 [Rousettus aegyptiacus]	9407
XP_036193927.1	XP_039695338	30.131	229	1248	739	41	1.19e-23	114	guanylate cyclase soluble subunit beta-2-like [Pteropus medius]	143291
XP_036193927.1	XP_039695338	25.850	294	1248	739	41	4.56e-23	112	guanylate cyclase soluble subunit beta-2-like [Pteropus medius]	143291
XP_036193927.1	XP_014395850	31.716	268	1248	1060	41	1.26e-23	114	PREDICTED: olfactory guanylyl cyclase GC-D [Myotis brandtii]	109478
XP_036193927.1	XP_014395850	31.008	258	1248	1060	41	4.41e-23	112	PREDICTED: olfactory guanylyl cyclase GC-D [Myotis brandtii]	109478
XP_036193927.1	XP_079635477	27.178	287	1248	751	47	1.27e-23	113	guanylate cyclase soluble subunit beta-2-like [Cnephaeus nilssonii]	3371016
XP_036193927.1	XP_079635477	26.284	331	1248	751	47	4.99e-23	112	guanylate cyclase soluble subunit beta-2-like [Cnephaeus nilssonii]	3371016
XP_036193927.1	XP_080538922	32.400	250	1248	1110	37	1.28e-23	114	retinal guanylyl cyclase 1 [Plecotus auritus]	61862
XP_036193927.1	XP_080538922	30.804	224	1248	1110	37	2.08e-21	107	retinal guanylyl cyclase 1 [Plecotus auritus]	61862
XP_036193927.1	XP_079654839	32.400	250	1248	1109	37	1.37e-23	114	retinal guanylyl cyclase 1 [Cnephaeus nilssonii]	3371016
XP_036193927.1	XP_079654839	30.357	224	1248	1109	37	4.10e-21	106	retinal guanylyl cyclase 1 [Cnephaeus nilssonii]	3371016
XP_036193927.1	XP_036154813	30.131	229	1248	773	40	1.38e-23	113	guanylate cyclase soluble subunit beta-2-like [Myotis myotis]	51298
XP_036193927.1	XP_036154813	26.644	289	1248	773	40	4.15e-22	108	guanylate cyclase soluble subunit beta-2-like [Myotis myotis]	51298
XP_036193927.1	XP_011366735	31.727	249	1248	1121	37	1.53e-23	114	olfactory guanylyl cyclase GC-D-like [Pteropus vampyrus]	132908
XP_036193927.1	XP_011366735	30.531	226	1248	1121	37	2.65e-21	107	olfactory guanylyl cyclase GC-D-like [Pteropus vampyrus]	132908
XP_036193927.1	XP_008151709	32.400	250	1248	1109	37	1.87e-23	114	retinal guanylyl cyclase 1 [Eptesicus fuscus]	29078
XP_036193927.1	XP_008151709	30.357	224	1248	1109	37	4.99e-21	105	retinal guanylyl cyclase 1 [Eptesicus fuscus]	29078
XP_036193927.1	XP_036124912	32.400	250	1248	1117	37	1.95e-23	114	retinal guanylyl cyclase 1 [Molossus molossus]	27622
XP_036193927.1	XP_036124912	30.357	224	1248	1117	37	3.98e-21	106	retinal guanylyl cyclase 1 [Molossus molossus]	27622
XP_036193927.1	XP_074176140	31.047	277	1248	1110	39	2.01e-23	114	retinal guanylyl cyclase 1 [Rhinolophus sinicus]	89399
XP_036193927.1	XP_074176140	32.159	227	1248	1110	39	4.16e-22	109	retinal guanylyl cyclase 1 [Rhinolophus sinicus]	89399
XP_036193927.1	XP_080983865	30.131	229	1248	707	41	2.06e-23	112	guanylate cyclase soluble subunit beta-2-like [Miniopterus schreibersii]	9433
XP_036193927.1	XP_080983865	26.689	296	1248	707	41	6.26e-23	111	guanylate cyclase soluble subunit beta-2-like [Miniopterus schreibersii]	9433
XP_036193927.1	XP_024900554	30.131	229	1248	816	40	2.36e-23	113	LOW QUALITY PROTEIN: guanylate cyclase soluble subunit beta-2-like [Pteropus alecto]	9402
XP_036193927.1	XP_024900554	25.540	278	1248	816	40	1.28e-21	107	LOW QUALITY PROTEIN: guanylate cyclase soluble subunit beta-2-like [Pteropus alecto]	9402
XP_036193927.1	XP_036312979	31.004	229	1248	784	43	3.18e-23	112	guanylate cyclase soluble subunit beta-2-like [Pipistrellus kuhlii]	59472
XP_036193927.1	XP_036312979	25.731	342	1248	784	43	6.08e-19	99.0	guanylate cyclase soluble subunit beta-2-like [Pipistrellus kuhlii]	59472
XP_036193927.1	XP_016077884	32.000	250	1248	922	38	3.71e-23	112	PREDICTED: retinal guanylyl cyclase 1, partial [Miniopterus natalensis]	291302
XP_036193927.1	XP_016077884	29.707	239	1248	922	38	6.89e-21	105	PREDICTED: retinal guanylyl cyclase 1, partial [Miniopterus natalensis]	291302
XP_036193927.1	XP_036106450	29.961	257	1248	718	42	3.85e-23	112	guanylate cyclase soluble subunit beta-2-like isoform X1 [Molossus molossus]	27622
XP_036193927.1	XP_036106450	26.689	296	1248	718	42	1.69e-19	100	guanylate cyclase soluble subunit beta-2-like isoform X1 [Molossus molossus]	27622
XP_036193927.1	XP_016069313	30.131	229	1248	1129	39	4.16e-23	112	PREDICTED: guanylate cyclase soluble subunit beta-2-like [Miniopterus natalensis]	291302
XP_036193927.1	XP_016069313	27.007	274	1248	1129	39	2.15e-22	110	PREDICTED: guanylate cyclase soluble subunit beta-2-like [Miniopterus natalensis]	291302
XP_036193927.1	XP_054431566	32.000	250	1248	1116	39	4.85e-23	112	retinal guanylyl cyclase 1 [Pteronotus mesoamericanus]	1884717
XP_036193927.1	XP_054431566	29.615	260	1248	1116	39	1.16e-21	108	retinal guanylyl cyclase 1 [Pteronotus mesoamericanus]	1884717
XP_036193927.1	XP_036308379	32.000	250	1248	1095	37	5.24e-23	112	retinal guanylyl cyclase 1 [Pipistrellus kuhlii]	59472
XP_036193927.1	XP_036308379	30.804	224	1248	1095	37	7.28e-22	108	retinal guanylyl cyclase 1 [Pipistrellus kuhlii]	59472
XP_036193927.1	XP_081018173	32.000	250	1248	1108	38	6.06e-23	112	retinal guanylyl cyclase 1 [Miniopterus schreibersii]	9433
XP_036193927.1	XP_081018173	29.707	239	1248	1108	38	4.66e-21	106	retinal guanylyl cyclase 1 [Miniopterus schreibersii]	9433
XP_036193927.1	XP_036914167	32.000	250	1248	551	35	7.04e-23	110	guanylate cyclase soluble subunit beta-1 isoform X2 [Sturnira hondurensis]	192404
XP_036193927.1	XP_036914167	31.863	204	1248	551	35	4.25e-19	98.6	guanylate cyclase soluble subunit beta-1 isoform X2 [Sturnira hondurensis]	192404
XP_036193927.1	XP_036914166	32.000	250	1248	551	35	7.04e-23	110	guanylate cyclase soluble subunit beta-1 isoform X2 [Sturnira hondurensis]	192404
XP_036193927.1	XP_036914166	31.863	204	1248	551	35	4.25e-19	98.6	guanylate cyclase soluble subunit beta-1 isoform X2 [Sturnira hondurensis]	192404
XP_036193927.1	XP_006763905	31.716	268	1248	1102	41	7.34e-23	112	PREDICTED: olfactory guanylyl cyclase GC-D [Myotis davidii]	225400
XP_036193927.1	XP_006763905	31.008	258	1248	1102	41	1.48e-22	110	PREDICTED: olfactory guanylyl cyclase GC-D [Myotis davidii]	225400
XP_036193927.1	XP_036884038	31.600	250	1248	1110	38	7.39e-23	112	retinal guanylyl cyclase 1 isoform X2 [Sturnira hondurensis]	192404
XP_036193927.1	XP_036884038	30.544	239	1248	1110	38	1.14e-21	108	retinal guanylyl cyclase 1 isoform X2 [Sturnira hondurensis]	192404
XP_036193927.1	XP_036884036	31.600	250	1248	1111	38	7.52e-23	112	retinal guanylyl cyclase 1 isoform X1 [Sturnira hondurensis]	192404
XP_036193927.1	XP_036884036	30.544	239	1248	1111	38	1.17e-21	108	retinal guanylyl cyclase 1 isoform X1 [Sturnira hondurensis]	192404
XP_036193927.1	XP_036884035	31.600	250	1248	1111	38	7.52e-23	112	retinal guanylyl cyclase 1 isoform X1 [Sturnira hondurensis]	192404
XP_036193927.1	XP_036884035	30.544	239	1248	1111	38	1.17e-21	108	retinal guanylyl cyclase 1 isoform X1 [Sturnira hondurensis]	192404
XP_036193927.1	XP_036884034	31.600	250	1248	1111	38	7.52e-23	112	retinal guanylyl cyclase 1 isoform X1 [Sturnira hondurensis]	192404
XP_036193927.1	XP_036884034	30.544	239	1248	1111	38	1.17e-21	108	retinal guanylyl cyclase 1 isoform X1 [Sturnira hondurensis]	192404
XP_036193927.1	XP_036884033	31.600	250	1248	1111	38	7.52e-23	112	retinal guanylyl cyclase 1 isoform X1 [Sturnira hondurensis]	192404
XP_036193927.1	XP_036884033	30.544	239	1248	1111	38	1.17e-21	108	retinal guanylyl cyclase 1 isoform X1 [Sturnira hondurensis]	192404
XP_036193927.1	XP_028390337	31.600	250	1248	1111	38	8.12e-23	111	retinal guanylyl cyclase 1 isoform X3 [Phyllostomus discolor]	89673
XP_036193927.1	XP_028390337	30.544	239	1248	1111	38	1.75e-21	107	retinal guanylyl cyclase 1 isoform X3 [Phyllostomus discolor]	89673
XP_036193927.1	XP_036096541	31.600	250	1248	551	35	8.19e-23	110	guanylate cyclase soluble subunit beta-1 isoform X2 [Molossus molossus]	27622
XP_036193927.1	XP_036096541	31.863	204	1248	551	35	2.01e-19	99.4	guanylate cyclase soluble subunit beta-1 isoform X2 [Molossus molossus]	27622
XP_036193927.1	XP_045058621	31.179	263	1248	569	36	8.37e-23	110	guanylate cyclase soluble subunit beta-1 isoform X1 [Desmodus rotundus]	9430
XP_036193927.1	XP_045058621	31.863	204	1248	569	36	3.73e-19	98.6	guanylate cyclase soluble subunit beta-1 isoform X1 [Desmodus rotundus]	9430
XP_036193927.1	XP_070283144	31.343	268	1248	1112	41	8.40e-23	111	guanylate cyclase D-like [Myotis yumanensis]	159337
XP_036193927.1	XP_070283144	31.008	258	1248	1112	41	1.75e-22	110	guanylate cyclase D-like [Myotis yumanensis]	159337
XP_036193927.1	XP_066220912	32.000	250	1248	1111	38	1.08e-22	111	retinal guanylyl cyclase 1 [Saccopteryx leptura]	249018
XP_036193927.1	XP_066220912	30.126	239	1248	1111	38	7.20e-21	105	retinal guanylyl cyclase 1 [Saccopteryx leptura]	249018
XP_036193927.1	XP_066220911	32.000	250	1248	1111	38	1.08e-22	111	retinal guanylyl cyclase 1 [Saccopteryx leptura]	249018
XP_036193927.1	XP_066220911	30.126	239	1248	1111	38	7.20e-21	105	retinal guanylyl cyclase 1 [Saccopteryx leptura]	249018
XP_036193927.1	XP_066220910	32.000	250	1248	1111	38	1.08e-22	111	retinal guanylyl cyclase 1 [Saccopteryx leptura]	249018
XP_036193927.1	XP_066220910	30.126	239	1248	1111	38	7.20e-21	105	retinal guanylyl cyclase 1 [Saccopteryx leptura]	249018
XP_036193927.1	XP_016055798	31.600	250	1248	551	35	1.12e-22	109	PREDICTED: guanylate cyclase soluble subunit beta-1 [Miniopterus natalensis]	291302
XP_036193927.1	XP_016055798	31.863	204	1248	551	35	3.90e-19	98.6	PREDICTED: guanylate cyclase soluble subunit beta-1 [Miniopterus natalensis]	291302
XP_036193927.1	XP_045432438	31.600	250	1248	551	35	1.12e-22	109	guanylate cyclase soluble subunit beta-1 isoform X2 [Pipistrellus kuhlii]	59472
XP_036193927.1	XP_045432438	31.863	204	1248	551	35	1.79e-19	99.8	guanylate cyclase soluble subunit beta-1 isoform X2 [Pipistrellus kuhlii]	59472
XP_036193927.1	XP_045687733	31.600	250	1248	551	35	1.19e-22	109	guanylate cyclase soluble subunit beta-1 isoform X2 [Phyllostomus hastatus]	9423
XP_036193927.1	XP_045687733	31.863	204	1248	551	35	4.14e-19	98.6	guanylate cyclase soluble subunit beta-1 isoform X2 [Phyllostomus hastatus]	9423
XP_036193927.1	XP_045687732	31.600	250	1248	551	35	1.19e-22	109	guanylate cyclase soluble subunit beta-1 isoform X2 [Phyllostomus hastatus]	9423
XP_036193927.1	XP_045687732	31.863	204	1248	551	35	4.14e-19	98.6	guanylate cyclase soluble subunit beta-1 isoform X2 [Phyllostomus hastatus]	9423
XP_036193927.1	XP_028376879	31.600	250	1248	551	35	1.19e-22	109	guanylate cyclase soluble subunit beta-1 isoform X2 [Phyllostomus discolor]	89673
XP_036193927.1	XP_028376879	31.863	204	1248	551	35	4.14e-19	98.6	guanylate cyclase soluble subunit beta-1 isoform X2 [Phyllostomus discolor]	89673
XP_036193927.1	XP_024906171	31.600	250	1248	551	35	1.21e-22	109	guanylate cyclase soluble subunit beta-1 isoform X1 [Pteropus alecto]	9402
XP_036193927.1	XP_024906171	31.863	204	1248	551	35	4.18e-19	98.6	guanylate cyclase soluble subunit beta-1 isoform X1 [Pteropus alecto]	9402
XP_036193927.1	XP_015994150	31.600	250	1248	551	35	1.27e-22	109	guanylate cyclase soluble subunit beta-1 isoform X2 [Rousettus aegyptiacus]	9407
XP_036193927.1	XP_015994150	31.863	204	1248	551	35	4.22e-19	98.6	guanylate cyclase soluble subunit beta-1 isoform X2 [Rousettus aegyptiacus]	9407
XP_036193927.1	XP_019489414	31.600	250	1248	551	35	1.31e-22	109	PREDICTED: guanylate cyclase soluble subunit beta-1 isoform X2 [Hipposideros armiger]	186990
XP_036193927.1	XP_019489414	31.863	204	1248	551	35	4.33e-19	98.2	PREDICTED: guanylate cyclase soluble subunit beta-1 isoform X2 [Hipposideros armiger]	186990
XP_036193927.1	XP_037000797	31.600	250	1248	1111	38	1.38e-22	111	retinal guanylyl cyclase 1 [Artibeus jamaicensis]	9417
XP_036193927.1	XP_037000797	30.544	239	1248	1111	38	2.75e-21	107	retinal guanylyl cyclase 1 [Artibeus jamaicensis]	9417
XP_036193927.1	XP_037000796	31.600	250	1248	1111	38	1.38e-22	111	retinal guanylyl cyclase 1 [Artibeus jamaicensis]	9417
XP_036193927.1	XP_037000796	30.544	239	1248	1111	38	2.75e-21	107	retinal guanylyl cyclase 1 [Artibeus jamaicensis]	9417
XP_036193927.1	XP_053528700	31.600	250	1248	1111	38	1.38e-22	111	retinal guanylyl cyclase 1 [Artibeus jamaicensis]	9417
XP_036193927.1	XP_053528700	30.544	239	1248	1111	38	2.75e-21	107	retinal guanylyl cyclase 1 [Artibeus jamaicensis]	9417
XP_036193927.1	XP_053528699	31.600	250	1248	1111	38	1.38e-22	111	retinal guanylyl cyclase 1 [Artibeus jamaicensis]	9417
XP_036193927.1	XP_053528699	30.544	239	1248	1111	38	2.75e-21	107	retinal guanylyl cyclase 1 [Artibeus jamaicensis]	9417
XP_036193927.1	XP_045680524	31.600	250	1248	1110	38	1.45e-22	110	retinal guanylyl cyclase 1 isoform X1 [Phyllostomus hastatus]	9423
XP_036193927.1	XP_045680524	30.544	239	1248	1110	38	3.35e-21	106	retinal guanylyl cyclase 1 isoform X1 [Phyllostomus hastatus]	9423
XP_036193927.1	XP_045680523	31.600	250	1248	1110	38	1.45e-22	110	retinal guanylyl cyclase 1 isoform X1 [Phyllostomus hastatus]	9423
XP_036193927.1	XP_045680523	30.544	239	1248	1110	38	3.35e-21	106	retinal guanylyl cyclase 1 isoform X1 [Phyllostomus hastatus]	9423
XP_036193927.1	XP_036114120	31.923	260	1248	1082	39	1.48e-22	110	guanylate cyclase D-like [Molossus molossus]	27622
XP_036193927.1	XP_036114120	31.466	232	1248	1082	39	2.05e-20	103	guanylate cyclase D-like [Molossus molossus]	27622
XP_036193927.1	XP_045680525	31.600	250	1248	1109	38	1.48e-22	110	retinal guanylyl cyclase 1 isoform X2 [Phyllostomus hastatus]	9423
XP_036193927.1	XP_045680525	30.544	239	1248	1109	38	3.20e-21	106	retinal guanylyl cyclase 1 isoform X2 [Phyllostomus hastatus]	9423
XP_036193927.1	XP_080933400	31.600	250	1248	551	35	1.49e-22	109	guanylate cyclase soluble subunit beta-1 isoform 2 [Rhinolophus hipposideros]	77218
XP_036193927.1	XP_080933400	31.863	204	1248	551	35	6.43e-19	97.8	guanylate cyclase soluble subunit beta-1 isoform 2 [Rhinolophus hipposideros]	77218
XP_036193927.1	XP_074194501	31.600	250	1248	551	35	1.60e-22	108	guanylate cyclase soluble subunit beta-1 isoform X2 [Rhinolophus sinicus]	89399
XP_036193927.1	XP_074194501	31.863	204	1248	551	35	6.72e-19	97.8	guanylate cyclase soluble subunit beta-1 isoform X2 [Rhinolophus sinicus]	89399
XP_036193927.1	XP_036914165	32.000	250	1248	619	35	1.66e-22	109	guanylate cyclase soluble subunit beta-1 isoform X1 [Sturnira hondurensis]	192404
XP_036193927.1	XP_036914165	31.863	204	1248	619	35	5.09e-19	98.6	guanylate cyclase soluble subunit beta-1 isoform X1 [Sturnira hondurensis]	192404
XP_036193927.1	XP_053767949	32.051	234	1248	1112	37	1.67e-22	110	retinal guanylyl cyclase 1 isoform X2 [Desmodus rotundus]	9430
XP_036193927.1	XP_053767949	30.544	239	1248	1112	37	3.59e-21	106	retinal guanylyl cyclase 1 isoform X2 [Desmodus rotundus]	9430
XP_036193927.1	XP_053767948	32.051	234	1248	1113	37	1.72e-22	110	retinal guanylyl cyclase 1 isoform X1 [Desmodus rotundus]	9430
XP_036193927.1	XP_053767948	30.544	239	1248	1113	37	3.65e-21	106	retinal guanylyl cyclase 1 isoform X1 [Desmodus rotundus]	9430
XP_036193927.1	XP_053767947	32.051	234	1248	1113	37	1.72e-22	110	retinal guanylyl cyclase 1 isoform X1 [Desmodus rotundus]	9430
XP_036193927.1	XP_053767947	30.544	239	1248	1113	37	3.65e-21	106	retinal guanylyl cyclase 1 isoform X1 [Desmodus rotundus]	9430
XP_036193927.1	XP_024424591	31.179	263	1248	619	36	2.02e-22	109	guanylate cyclase soluble subunit beta-1 isoform X2 [Desmodus rotundus]	9430
XP_036193927.1	XP_024424591	31.863	204	1248	619	36	5.13e-19	98.6	guanylate cyclase soluble subunit beta-1 isoform X2 [Desmodus rotundus]	9430
XP_036193927.1	XP_019568877	32.645	242	1248	1057	35	2.22e-22	110	atrial natriuretic peptide receptor 1 isoform X1 [Rhinolophus sinicus]	89399
XP_036193927.1	XP_019568877	30.049	203	1248	1057	35	2.04e-18	97.4	atrial natriuretic peptide receptor 1 isoform X1 [Rhinolophus sinicus]	89399
XP_036193927.1	XP_036096540	31.600	250	1248	619	35	2.30e-22	108	guanylate cyclase soluble subunit beta-1 isoform X1 [Molossus molossus]	27622
XP_036193927.1	XP_036096540	31.863	204	1248	619	35	2.79e-19	99.4	guanylate cyclase soluble subunit beta-1 isoform X1 [Molossus molossus]	27622
XP_036193927.1	XP_074175093	32.645	242	1248	1058	35	2.30e-22	110	atrial natriuretic peptide receptor 1 isoform X2 [Rhinolophus sinicus]	89399
XP_036193927.1	XP_074175093	30.049	203	1248	1058	35	2.10e-18	97.4	atrial natriuretic peptide receptor 1 isoform X2 [Rhinolophus sinicus]	89399
XP_036193927.1	XP_036280099	31.600	250	1248	619	35	2.34e-22	108	guanylate cyclase soluble subunit beta-1 isoform X1 [Pipistrellus kuhlii]	59472
XP_036193927.1	XP_036280099	31.863	204	1248	619	35	1.99e-19	99.8	guanylate cyclase soluble subunit beta-1 isoform X1 [Pipistrellus kuhlii]	59472
XP_036193927.1	XP_080992556	31.600	250	1248	619	35	2.38e-22	108	guanylate cyclase soluble subunit beta-1 [Miniopterus schreibersii]	9433
XP_036193927.1	XP_080992556	31.863	204	1248	619	35	4.24e-19	99.0	guanylate cyclase soluble subunit beta-1 [Miniopterus schreibersii]	9433
XP_036193927.1	XP_036981619	31.600	250	1248	597	35	2.40e-22	108	guanylate cyclase soluble subunit beta-1 isoform X2 [Artibeus jamaicensis]	9417
XP_036193927.1	XP_036981619	31.863	204	1248	597	35	5.50e-19	98.2	guanylate cyclase soluble subunit beta-1 isoform X2 [Artibeus jamaicensis]	9417
XP_036193927.1	XP_070271521	31.600	250	1248	619	35	2.40e-22	108	guanylate cyclase soluble subunit beta-1 [Myotis yumanensis]	159337
XP_036193927.1	XP_070271521	31.863	204	1248	619	35	2.02e-19	99.8	guanylate cyclase soluble subunit beta-1 [Myotis yumanensis]	159337
XP_036193927.1	XP_059553680	31.600	250	1248	619	35	2.40e-22	108	guanylate cyclase soluble subunit beta-1 [Myotis daubentonii]	98922
XP_036193927.1	XP_059553680	31.863	204	1248	619	35	2.02e-19	99.8	guanylate cyclase soluble subunit beta-1 [Myotis daubentonii]	98922
XP_036193927.1	XP_008142819	31.600	250	1248	619	35	2.40e-22	108	guanylate cyclase soluble subunit beta-1 [Eptesicus fuscus]	29078
XP_036193927.1	XP_008142819	31.863	204	1248	619	35	2.02e-19	99.8	guanylate cyclase soluble subunit beta-1 [Eptesicus fuscus]	29078
XP_036193927.1	XP_005860829	31.600	250	1248	619	35	2.40e-22	108	PREDICTED: guanylate cyclase soluble subunit beta-1 [Myotis brandtii]	109478
XP_036193927.1	XP_005860829	31.863	204	1248	619	35	2.02e-19	99.8	PREDICTED: guanylate cyclase soluble subunit beta-1 [Myotis brandtii]	109478
XP_036193927.1	XP_036170141	31.600	250	1248	619	35	2.40e-22	108	guanylate cyclase soluble subunit beta-1 isoform X1 [Myotis myotis]	51298
XP_036193927.1	XP_036170141	31.863	204	1248	619	35	2.02e-19	99.8	guanylate cyclase soluble subunit beta-1 isoform X1 [Myotis myotis]	51298
XP_036193927.1	XP_080533185	31.600	250	1248	619	35	2.40e-22	108	guanylate cyclase soluble subunit beta-1 [Plecotus auritus]	61862
XP_036193927.1	XP_080533185	31.863	204	1248	619	35	2.02e-19	99.8	guanylate cyclase soluble subunit beta-1 [Plecotus auritus]	61862
XP_036193927.1	XP_079628188	31.600	250	1248	619	35	2.40e-22	108	guanylate cyclase soluble subunit beta-1 [Cnephaeus nilssonii]	3371016
XP_036193927.1	XP_079628188	31.863	204	1248	619	35	2.02e-19	99.8	guanylate cyclase soluble subunit beta-1 [Cnephaeus nilssonii]	3371016
XP_036193927.1	XP_066120293	31.600	250	1248	1112	38	2.65e-22	110	retinal guanylyl cyclase 1 [Saccopteryx bilineata]	59482
XP_036193927.1	XP_066120293	30.126	239	1248	1112	38	1.12e-20	104	retinal guanylyl cyclase 1 [Saccopteryx bilineata]	59482
XP_036193927.1	XP_066120292	31.600	250	1248	1112	38	2.65e-22	110	retinal guanylyl cyclase 1 [Saccopteryx bilineata]	59482
XP_036193927.1	XP_066120292	30.126	239	1248	1112	38	1.12e-20	104	retinal guanylyl cyclase 1 [Saccopteryx bilineata]	59482
XP_036193927.1	XP_066120291	31.600	250	1248	1112	38	2.65e-22	110	retinal guanylyl cyclase 1 [Saccopteryx bilineata]	59482
XP_036193927.1	XP_066120291	30.126	239	1248	1112	38	1.12e-20	104	retinal guanylyl cyclase 1 [Saccopteryx bilineata]	59482
XP_036193927.1	XP_036981618	31.600	250	1248	619	35	2.89e-22	108	guanylate cyclase soluble subunit beta-1 isoform X1 [Artibeus jamaicensis]	9417
XP_036193927.1	XP_036981618	31.863	204	1248	619	35	5.46e-19	98.6	guanylate cyclase soluble subunit beta-1 isoform X1 [Artibeus jamaicensis]	9417
XP_036193927.1	XP_080949585	31.600	250	1248	619	35	2.91e-22	108	guanylate cyclase soluble subunit beta-1 [Myotis nattereri]	109481
XP_036193927.1	XP_080949585	31.863	204	1248	619	35	1.90e-19	99.8	guanylate cyclase soluble subunit beta-1 [Myotis nattereri]	109481
XP_036193927.1	XP_015994149	31.600	250	1248	619	35	3.02e-22	108	guanylate cyclase soluble subunit beta-1 isoform X1 [Rousettus aegyptiacus]	9407
XP_036193927.1	XP_015994149	31.863	204	1248	619	35	5.22e-19	98.6	guanylate cyclase soluble subunit beta-1 isoform X1 [Rousettus aegyptiacus]	9407
XP_036193927.1	XP_045687731	31.600	250	1248	619	35	3.04e-22	108	guanylate cyclase soluble subunit beta-1 isoform X1 [Phyllostomus hastatus]	9423
XP_036193927.1	XP_045687731	31.863	204	1248	619	35	5.27e-19	98.6	guanylate cyclase soluble subunit beta-1 isoform X1 [Phyllostomus hastatus]	9423
XP_036193927.1	XP_028376878	31.600	250	1248	619	35	3.04e-22	108	guanylate cyclase soluble subunit beta-1 isoform X1 [Phyllostomus discolor]	89673
XP_036193927.1	XP_028376878	31.863	204	1248	619	35	5.27e-19	98.6	guanylate cyclase soluble subunit beta-1 isoform X1 [Phyllostomus discolor]	89673
XP_036193927.1	XP_045047608	29.434	265	1248	1092	40	3.05e-22	110	guanylate cyclase 2G [Desmodus rotundus]	9430
XP_036193927.1	XP_045047608	31.276	243	1248	1092	40	1.24e-19	101	guanylate cyclase 2G [Desmodus rotundus]	9430
XP_036193927.1	XP_006917050	31.600	250	1248	619	35	3.07e-22	108	guanylate cyclase soluble subunit beta-1 isoform X2 [Pteropus alecto]	9402
XP_036193927.1	XP_006917050	31.863	204	1248	619	35	5.70e-19	98.2	guanylate cyclase soluble subunit beta-1 isoform X2 [Pteropus alecto]	9402
XP_036193927.1	XP_011358630	31.600	250	1248	619	35	3.07e-22	108	guanylate cyclase soluble subunit beta-1 [Pteropus vampyrus]	132908
XP_036193927.1	XP_011358630	31.863	204	1248	619	35	5.70e-19	98.2	guanylate cyclase soluble subunit beta-1 [Pteropus vampyrus]	132908
XP_036193927.1	XP_039732149	31.600	250	1248	619	35	3.07e-22	108	guanylate cyclase soluble subunit beta-1 [Pteropus medius]	143291
XP_036193927.1	XP_039732149	31.863	204	1248	619	35	5.70e-19	98.2	guanylate cyclase soluble subunit beta-1 [Pteropus medius]	143291
XP_036193927.1	XP_066243715	31.600	250	1248	619	35	3.10e-22	108	guanylate cyclase soluble subunit beta-1 [Saccopteryx leptura]	249018
XP_036193927.1	XP_066243715	31.863	204	1248	619	35	5.27e-19	98.6	guanylate cyclase soluble subunit beta-1 [Saccopteryx leptura]	249018
XP_036193927.1	XP_066135781	31.600	250	1248	619	35	3.15e-22	108	guanylate cyclase soluble subunit beta-1 [Saccopteryx bilineata]	59482
XP_036193927.1	XP_066135781	31.863	204	1248	619	35	5.32e-19	98.6	guanylate cyclase soluble subunit beta-1 [Saccopteryx bilineata]	59482
XP_036193927.1	XP_032949964	32.231	242	1248	1058	37	3.18e-22	109	atrial natriuretic peptide receptor 1 isoform X2 [Rhinolophus ferrumequinum]	59479
XP_036193927.1	XP_032949964	29.386	228	1248	1058	37	6.59e-19	99.0	atrial natriuretic peptide receptor 1 isoform X2 [Rhinolophus ferrumequinum]	59479
XP_036193927.1	XP_019489413	31.600	250	1248	619	35	3.24e-22	108	PREDICTED: guanylate cyclase soluble subunit beta-1 isoform X1 [Hipposideros armiger]	186990
XP_036193927.1	XP_019489413	31.863	204	1248	619	35	5.27e-19	98.6	PREDICTED: guanylate cyclase soluble subunit beta-1 isoform X1 [Hipposideros armiger]	186990
XP_036193927.1	XP_054432053	31.600	250	1248	619	35	3.26e-22	108	guanylate cyclase soluble subunit beta-1 [Pteronotus mesoamericanus]	1884717
XP_036193927.1	XP_054432053	31.863	204	1248	619	35	5.60e-19	98.6	guanylate cyclase soluble subunit beta-1 [Pteronotus mesoamericanus]	1884717
XP_036193927.1	XP_032949963	32.231	242	1248	1057	37	3.37e-22	109	atrial natriuretic peptide receptor 1 isoform X1 [Rhinolophus ferrumequinum]	59479
XP_036193927.1	XP_032949963	29.386	228	1248	1057	37	6.76e-19	99.0	atrial natriuretic peptide receptor 1 isoform X1 [Rhinolophus ferrumequinum]	59479
XP_036193927.1	XP_032990383	31.600	250	1248	619	35	3.60e-22	108	guanylate cyclase soluble subunit beta-1 [Rhinolophus ferrumequinum]	59479
XP_036193927.1	XP_032990383	31.863	204	1248	619	35	8.07e-19	97.8	guanylate cyclase soluble subunit beta-1 [Rhinolophus ferrumequinum]	59479
XP_036193927.1	XP_019588740	31.600	250	1248	619	35	3.60e-22	108	guanylate cyclase soluble subunit beta-1 isoform X1 [Rhinolophus sinicus]	89399
XP_036193927.1	XP_019588740	31.863	204	1248	619	35	8.07e-19	97.8	guanylate cyclase soluble subunit beta-1 isoform X1 [Rhinolophus sinicus]	89399
XP_036193927.1	XP_019521454	31.200	250	1248	901	37	4.18e-22	109	PREDICTED: retinal guanylyl cyclase 1 [Hipposideros armiger]	186990
XP_036193927.1	XP_019521454	31.278	227	1248	901	37	8.36e-22	108	PREDICTED: retinal guanylyl cyclase 1 [Hipposideros armiger]	186990
XP_036193927.1	XP_080933399	31.600	250	1248	619	35	4.21e-22	108	guanylate cyclase soluble subunit beta-1 isoform 1 [Rhinolophus hipposideros]	77218
XP_036193927.1	XP_080933399	31.863	204	1248	619	35	9.20e-19	97.8	guanylate cyclase soluble subunit beta-1 isoform 1 [Rhinolophus hipposideros]	77218
XP_036193927.1	XP_036914164	30.808	198	1248	690	33	4.26e-22	108	guanylate cyclase soluble subunit alpha-1 [Sturnira hondurensis]	192404
XP_036193927.1	XP_036914164	29.717	212	1248	690	33	1.62e-17	94.0	guanylate cyclase soluble subunit alpha-1 [Sturnira hondurensis]	192404
XP_036193927.1	XP_036914163	30.808	198	1248	690	33	4.26e-22	108	guanylate cyclase soluble subunit alpha-1 [Sturnira hondurensis]	192404
XP_036193927.1	XP_036914163	29.717	212	1248	690	33	1.62e-17	94.0	guanylate cyclase soluble subunit alpha-1 [Sturnira hondurensis]	192404
XP_036193927.1	XP_036914162	30.808	198	1248	690	33	4.26e-22	108	guanylate cyclase soluble subunit alpha-1 [Sturnira hondurensis]	192404
XP_036193927.1	XP_036914162	29.717	212	1248	690	33	1.62e-17	94.0	guanylate cyclase soluble subunit alpha-1 [Sturnira hondurensis]	192404
XP_036193927.1	XP_036914160	30.808	198	1248	690	33	4.26e-22	108	guanylate cyclase soluble subunit alpha-1 [Sturnira hondurensis]	192404
XP_036193927.1	XP_036914160	29.717	212	1248	690	33	1.62e-17	94.0	guanylate cyclase soluble subunit alpha-1 [Sturnira hondurensis]	192404
XP_036193927.1	XP_036914159	30.808	198	1248	690	33	4.26e-22	108	guanylate cyclase soluble subunit alpha-1 [Sturnira hondurensis]	192404
XP_036193927.1	XP_036914159	29.717	212	1248	690	33	1.62e-17	94.0	guanylate cyclase soluble subunit alpha-1 [Sturnira hondurensis]	192404
XP_036193927.1	XP_036914158	30.808	198	1248	690	33	4.26e-22	108	guanylate cyclase soluble subunit alpha-1 [Sturnira hondurensis]	192404
XP_036193927.1	XP_036914158	29.717	212	1248	690	33	1.62e-17	94.0	guanylate cyclase soluble subunit alpha-1 [Sturnira hondurensis]	192404
XP_036193927.1	XP_036914157	30.808	198	1248	690	33	4.26e-22	108	guanylate cyclase soluble subunit alpha-1 [Sturnira hondurensis]	192404
XP_036193927.1	XP_036914157	29.717	212	1248	690	33	1.62e-17	94.0	guanylate cyclase soluble subunit alpha-1 [Sturnira hondurensis]	192404
XP_036193927.1	XP_080936579	32.231	242	1248	1019	37	4.41e-22	109	atrial natriuretic peptide receptor 1 isoform 3 [Rhinolophus hipposideros]	77218
XP_036193927.1	XP_080936579	29.825	228	1248	1019	37	5.15e-19	99.4	atrial natriuretic peptide receptor 1 isoform 3 [Rhinolophus hipposideros]	77218
XP_036193927.1	XP_045687390	30.808	198	1248	690	33	4.65e-22	108	guanylate cyclase soluble subunit alpha-1 [Phyllostomus hastatus]	9423
XP_036193927.1	XP_045687390	29.577	213	1248	690	33	6.95e-18	95.1	guanylate cyclase soluble subunit alpha-1 [Phyllostomus hastatus]	9423
XP_036193927.1	XP_045687389	30.808	198	1248	690	33	4.65e-22	108	guanylate cyclase soluble subunit alpha-1 [Phyllostomus hastatus]	9423
XP_036193927.1	XP_045687389	29.577	213	1248	690	33	6.95e-18	95.1	guanylate cyclase soluble subunit alpha-1 [Phyllostomus hastatus]	9423
XP_036193927.1	XP_045687388	30.808	198	1248	690	33	4.65e-22	108	guanylate cyclase soluble subunit alpha-1 [Phyllostomus hastatus]	9423
XP_036193927.1	XP_045687388	29.577	213	1248	690	33	6.95e-18	95.1	guanylate cyclase soluble subunit alpha-1 [Phyllostomus hastatus]	9423
XP_036193927.1	XP_045687386	30.808	198	1248	690	33	4.65e-22	108	guanylate cyclase soluble subunit alpha-1 [Phyllostomus hastatus]	9423
XP_036193927.1	XP_045687386	29.577	213	1248	690	33	6.95e-18	95.1	guanylate cyclase soluble subunit alpha-1 [Phyllostomus hastatus]	9423
XP_036193927.1	XP_045687385	30.808	198	1248	690	33	4.65e-22	108	guanylate cyclase soluble subunit alpha-1 [Phyllostomus hastatus]	9423
XP_036193927.1	XP_045687385	29.577	213	1248	690	33	6.95e-18	95.1	guanylate cyclase soluble subunit alpha-1 [Phyllostomus hastatus]	9423
XP_036193927.1	XP_045687384	30.808	198	1248	690	33	4.65e-22	108	guanylate cyclase soluble subunit alpha-1 [Phyllostomus hastatus]	9423
XP_036193927.1	XP_045687384	29.577	213	1248	690	33	6.95e-18	95.1	guanylate cyclase soluble subunit alpha-1 [Phyllostomus hastatus]	9423
XP_036193927.1	XP_045058605	30.808	198	1248	690	33	5.16e-22	108	guanylate cyclase soluble subunit alpha-1 [Desmodus rotundus]	9430
XP_036193927.1	XP_045058605	29.717	212	1248	690	33	1.58e-17	94.0	guanylate cyclase soluble subunit alpha-1 [Desmodus rotundus]	9430
XP_036193927.1	XP_045058604	30.808	198	1248	690	33	5.16e-22	108	guanylate cyclase soluble subunit alpha-1 [Desmodus rotundus]	9430
XP_036193927.1	XP_045058604	29.717	212	1248	690	33	1.58e-17	94.0	guanylate cyclase soluble subunit alpha-1 [Desmodus rotundus]	9430
XP_036193927.1	XP_045058601	30.808	198	1248	690	33	5.16e-22	108	guanylate cyclase soluble subunit alpha-1 [Desmodus rotundus]	9430
XP_036193927.1	XP_045058601	29.717	212	1248	690	33	1.58e-17	94.0	guanylate cyclase soluble subunit alpha-1 [Desmodus rotundus]	9430
XP_036193927.1	XP_024424739	30.808	198	1248	690	33	5.16e-22	108	guanylate cyclase soluble subunit alpha-1 [Desmodus rotundus]	9430
XP_036193927.1	XP_024424739	29.717	212	1248	690	33	1.58e-17	94.0	guanylate cyclase soluble subunit alpha-1 [Desmodus rotundus]	9430
XP_036193927.1	XP_053767614	30.808	198	1248	690	33	5.16e-22	108	guanylate cyclase soluble subunit alpha-1 [Desmodus rotundus]	9430
XP_036193927.1	XP_053767614	29.717	212	1248	690	33	1.58e-17	94.0	guanylate cyclase soluble subunit alpha-1 [Desmodus rotundus]	9430
XP_036193927.1	XP_045058602	30.808	198	1248	690	33	5.16e-22	108	guanylate cyclase soluble subunit alpha-1 [Desmodus rotundus]	9430
XP_036193927.1	XP_045058602	29.717	212	1248	690	33	1.58e-17	94.0	guanylate cyclase soluble subunit alpha-1 [Desmodus rotundus]	9430
XP_036193927.1	XP_019506374	30.131	229	1248	564	39	5.16e-22	107	PREDICTED: guanylate cyclase soluble subunit beta-2-like [Hipposideros armiger]	186990
XP_036193927.1	XP_019506374	27.612	268	1248	564	39	8.38e-19	97.4	PREDICTED: guanylate cyclase soluble subunit beta-2-like [Hipposideros armiger]	186990
XP_036193927.1	XP_080936578	32.231	242	1248	1056	37	5.43e-22	108	atrial natriuretic peptide receptor 1 isoform 2 [Rhinolophus hipposideros]	77218
XP_036193927.1	XP_080936578	29.825	228	1248	1056	37	5.10e-19	99.4	atrial natriuretic peptide receptor 1 isoform 2 [Rhinolophus hipposideros]	77218
XP_036193927.1	XP_080936577	32.231	242	1248	1057	37	5.53e-22	108	atrial natriuretic peptide receptor 1 isoform 1 [Rhinolophus hipposideros]	77218
XP_036193927.1	XP_080936577	29.825	228	1248	1057	37	5.15e-19	99.4	atrial natriuretic peptide receptor 1 isoform 1 [Rhinolophus hipposideros]	77218
XP_036193927.1	XP_006922410	31.600	250	1248	1110	36	5.90e-22	108	retinal guanylyl cyclase 1 [Pteropus alecto]	9402
XP_036193927.1	XP_006922410	31.100	209	1248	1110	36	2.81e-20	103	retinal guanylyl cyclase 1 [Pteropus alecto]	9402
XP_036193927.1	XP_006926922	31.325	249	1248	1107	37	5.98e-22	108	LOW QUALITY PROTEIN: olfactory guanylyl cyclase GC-D-like [Pteropus alecto]	9402
XP_036193927.1	XP_006926922	29.646	226	1248	1107	37	1.25e-20	104	LOW QUALITY PROTEIN: olfactory guanylyl cyclase GC-D-like [Pteropus alecto]	9402
XP_036193927.1	XP_011357206	31.600	250	1248	1110	36	6.31e-22	108	retinal guanylyl cyclase 1 [Pteropus vampyrus]	132908
XP_036193927.1	XP_011357206	31.100	209	1248	1110	36	2.83e-20	103	retinal guanylyl cyclase 1 [Pteropus vampyrus]	132908
XP_036193927.1	XP_039703585	31.600	250	1248	1110	36	6.31e-22	108	retinal guanylyl cyclase 1 [Pteropus medius]	143291
XP_036193927.1	XP_039703585	31.100	209	1248	1110	36	3.11e-20	103	retinal guanylyl cyclase 1 [Pteropus medius]	143291
XP_036193927.1	XP_036170142	33.333	216	1248	553	32	7.57e-22	107	guanylate cyclase soluble subunit beta-1 isoform X2 [Myotis myotis]	51298
XP_036193927.1	XP_036170142	32.308	195	1248	553	32	2.65e-18	95.9	guanylate cyclase soluble subunit beta-1 isoform X2 [Myotis myotis]	51298
XP_036193927.1	XP_016051882	32.510	243	1248	1149	38	8.57e-22	108	PREDICTED: olfactory guanylyl cyclase GC-D-like [Miniopterus natalensis]	291302
XP_036193927.1	XP_016051882	30.204	245	1248	1149	38	2.82e-19	100	PREDICTED: olfactory guanylyl cyclase GC-D-like [Miniopterus natalensis]	291302
XP_036193927.1	XP_036981610	30.808	198	1248	690	33	9.88e-22	107	guanylate cyclase soluble subunit alpha-1 [Artibeus jamaicensis]	9417
XP_036193927.1	XP_036981610	29.577	213	1248	690	33	1.36e-17	94.4	guanylate cyclase soluble subunit alpha-1 [Artibeus jamaicensis]	9417
XP_036193927.1	XP_036981609	30.808	198	1248	690	33	9.88e-22	107	guanylate cyclase soluble subunit alpha-1 [Artibeus jamaicensis]	9417
XP_036193927.1	XP_036981609	29.577	213	1248	690	33	1.36e-17	94.4	guanylate cyclase soluble subunit alpha-1 [Artibeus jamaicensis]	9417
XP_036193927.1	XP_036981608	30.808	198	1248	690	33	9.88e-22	107	guanylate cyclase soluble subunit alpha-1 [Artibeus jamaicensis]	9417
XP_036193927.1	XP_036981608	29.577	213	1248	690	33	1.36e-17	94.4	guanylate cyclase soluble subunit alpha-1 [Artibeus jamaicensis]	9417
XP_036193927.1	XP_053514385	30.808	198	1248	690	33	9.88e-22	107	guanylate cyclase soluble subunit alpha-1 [Artibeus jamaicensis]	9417
XP_036193927.1	XP_053514385	29.577	213	1248	690	33	1.36e-17	94.4	guanylate cyclase soluble subunit alpha-1 [Artibeus jamaicensis]	9417
XP_036193927.1	XP_036981606	30.808	198	1248	690	33	9.88e-22	107	guanylate cyclase soluble subunit alpha-1 [Artibeus jamaicensis]	9417
XP_036193927.1	XP_036981606	29.577	213	1248	690	33	1.36e-17	94.4	guanylate cyclase soluble subunit alpha-1 [Artibeus jamaicensis]	9417
XP_036193927.1	XP_036981604	30.808	198	1248	690	33	9.88e-22	107	guanylate cyclase soluble subunit alpha-1 [Artibeus jamaicensis]	9417
XP_036193927.1	XP_036981604	29.577	213	1248	690	33	1.36e-17	94.4	guanylate cyclase soluble subunit alpha-1 [Artibeus jamaicensis]	9417
XP_036193927.1	XP_036981605	30.808	198	1248	690	33	9.88e-22	107	guanylate cyclase soluble subunit alpha-1 [Artibeus jamaicensis]	9417
XP_036193927.1	XP_036981605	29.577	213	1248	690	33	1.36e-17	94.4	guanylate cyclase soluble subunit alpha-1 [Artibeus jamaicensis]	9417
XP_036193927.1	XP_036981603	30.808	198	1248	690	33	9.88e-22	107	guanylate cyclase soluble subunit alpha-1 [Artibeus jamaicensis]	9417
XP_036193927.1	XP_036981603	29.577	213	1248	690	33	1.36e-17	94.4	guanylate cyclase soluble subunit alpha-1 [Artibeus jamaicensis]	9417
XP_036193927.1	XP_081009887	32.099	243	1248	1149	38	1.51e-21	107	guanylate cyclase D-like [Miniopterus schreibersii]	9433
XP_036193927.1	XP_081009887	30.204	245	1248	1149	38	9.76e-20	102	guanylate cyclase D-like [Miniopterus schreibersii]	9433
XP_036193927.1	XP_036186312	31.321	265	1248	1039	37	1.77e-21	107	atrial natriuretic peptide receptor 2 isoform X8 [Myotis myotis]	51298
XP_036193927.1	XP_036186312	27.692	260	1248	1039	37	3.16e-16	90.5	atrial natriuretic peptide receptor 2 isoform X8 [Myotis myotis]	51298
XP_036193927.1	XP_016055797	30.303	198	1248	689	33	1.81e-21	106	PREDICTED: guanylate cyclase soluble subunit alpha-3 [Miniopterus natalensis]	291302
XP_036193927.1	XP_016055797	29.717	212	1248	689	33	8.53e-18	94.7	PREDICTED: guanylate cyclase soluble subunit alpha-3 [Miniopterus natalensis]	291302
XP_036193927.1	XP_054572925	30.303	198	1248	690	33	1.86e-21	106	guanylate cyclase soluble subunit alpha-1 isoform X1 [Eptesicus fuscus]	29078
XP_036193927.1	XP_054572925	29.577	213	1248	690	33	9.48e-18	94.7	guanylate cyclase soluble subunit alpha-1 isoform X1 [Eptesicus fuscus]	29078
XP_036193927.1	XP_036186309	31.321	265	1248	1054	37	1.87e-21	107	atrial natriuretic peptide receptor 2 isoform X5 [Myotis myotis]	51298
XP_036193927.1	XP_036186309	27.692	260	1248	1054	37	6.02e-16	89.4	atrial natriuretic peptide receptor 2 isoform X5 [Myotis myotis]	51298
XP_036193927.1	XP_036186313	31.321	265	1248	1024	37	1.89e-21	107	atrial natriuretic peptide receptor 2 isoform X9 [Myotis myotis]	51298
XP_036193927.1	XP_036186313	27.692	260	1248	1024	37	6.12e-16	89.4	atrial natriuretic peptide receptor 2 isoform X9 [Myotis myotis]	51298
XP_036193927.1	XP_080948366	30.303	198	1248	690	33	1.89e-21	106	guanylate cyclase soluble subunit alpha-1 isoform 1 [Myotis nattereri]	109481
XP_036193927.1	XP_080948366	29.717	212	1248	690	33	6.16e-18	95.5	guanylate cyclase soluble subunit alpha-1 isoform 1 [Myotis nattereri]	109481
XP_036193927.1	XP_080948365	30.303	198	1248	690	33	1.89e-21	106	guanylate cyclase soluble subunit alpha-1 isoform 1 [Myotis nattereri]	109481
XP_036193927.1	XP_080948365	29.717	212	1248	690	33	6.16e-18	95.5	guanylate cyclase soluble subunit alpha-1 isoform 1 [Myotis nattereri]	109481
XP_036193927.1	XP_080948364	30.303	198	1248	690	33	1.89e-21	106	guanylate cyclase soluble subunit alpha-1 isoform 1 [Myotis nattereri]	109481
XP_036193927.1	XP_080948364	29.717	212	1248	690	33	6.16e-18	95.5	guanylate cyclase soluble subunit alpha-1 isoform 1 [Myotis nattereri]	109481
XP_036193927.1	XP_080993130	30.303	198	1248	689	33	1.92e-21	106	guanylate cyclase soluble subunit alpha-1 isoform 1 [Miniopterus schreibersii]	9433
XP_036193927.1	XP_080993130	29.717	212	1248	689	33	9.38e-18	94.7	guanylate cyclase soluble subunit alpha-1 isoform 1 [Miniopterus schreibersii]	9433
XP_036193927.1	XP_080993129	30.303	198	1248	689	33	1.92e-21	106	guanylate cyclase soluble subunit alpha-1 isoform 1 [Miniopterus schreibersii]	9433
XP_036193927.1	XP_080993129	29.717	212	1248	689	33	9.38e-18	94.7	guanylate cyclase soluble subunit alpha-1 isoform 1 [Miniopterus schreibersii]	9433
XP_036193927.1	XP_080993128	30.303	198	1248	689	33	1.92e-21	106	guanylate cyclase soluble subunit alpha-1 isoform 1 [Miniopterus schreibersii]	9433
XP_036193927.1	XP_080993128	29.717	212	1248	689	33	9.38e-18	94.7	guanylate cyclase soluble subunit alpha-1 isoform 1 [Miniopterus schreibersii]	9433
XP_036193927.1	XP_080993127	30.303	198	1248	689	33	1.92e-21	106	guanylate cyclase soluble subunit alpha-1 isoform 1 [Miniopterus schreibersii]	9433
XP_036193927.1	XP_080993127	29.717	212	1248	689	33	9.38e-18	94.7	guanylate cyclase soluble subunit alpha-1 isoform 1 [Miniopterus schreibersii]	9433
XP_036193927.1	XP_080993126	30.303	198	1248	689	33	1.92e-21	106	guanylate cyclase soluble subunit alpha-1 isoform 1 [Miniopterus schreibersii]	9433
XP_036193927.1	XP_080993126	29.717	212	1248	689	33	9.38e-18	94.7	guanylate cyclase soluble subunit alpha-1 isoform 1 [Miniopterus schreibersii]	9433
XP_036193927.1	XP_036186306	31.321	265	1248	1067	37	2.02e-21	107	atrial natriuretic peptide receptor 2 isoform X2 [Myotis myotis]	51298
XP_036193927.1	XP_036186306	27.692	260	1248	1067	37	3.15e-16	90.5	atrial natriuretic peptide receptor 2 isoform X2 [Myotis myotis]	51298
XP_036193927.1	XP_079628172	30.303	198	1248	690	33	2.05e-21	106	guanylate cyclase soluble subunit alpha-1 isoform 1 [Cnephaeus nilssonii]	3371016
XP_036193927.1	XP_079628172	29.717	212	1248	690	33	9.89e-18	94.7	guanylate cyclase soluble subunit alpha-1 isoform 1 [Cnephaeus nilssonii]	3371016
XP_036193927.1	XP_079628171	30.303	198	1248	690	33	2.05e-21	106	guanylate cyclase soluble subunit alpha-1 isoform 1 [Cnephaeus nilssonii]	3371016
XP_036193927.1	XP_079628171	29.717	212	1248	690	33	9.89e-18	94.7	guanylate cyclase soluble subunit alpha-1 isoform 1 [Cnephaeus nilssonii]	3371016
XP_036193927.1	XP_079628170	30.303	198	1248	690	33	2.05e-21	106	guanylate cyclase soluble subunit alpha-1 isoform 1 [Cnephaeus nilssonii]	3371016
XP_036193927.1	XP_079628170	29.717	212	1248	690	33	9.89e-18	94.7	guanylate cyclase soluble subunit alpha-1 isoform 1 [Cnephaeus nilssonii]	3371016
XP_036193927.1	XP_079628169	30.303	198	1248	690	33	2.05e-21	106	guanylate cyclase soluble subunit alpha-1 isoform 1 [Cnephaeus nilssonii]	3371016
XP_036193927.1	XP_079628169	29.717	212	1248	690	33	9.89e-18	94.7	guanylate cyclase soluble subunit alpha-1 isoform 1 [Cnephaeus nilssonii]	3371016
XP_036193927.1	XP_036186307	31.321	265	1248	1064	37	2.10e-21	107	atrial natriuretic peptide receptor 2 isoform X3 [Myotis myotis]	51298
XP_036193927.1	XP_036186307	27.692	260	1248	1064	37	2.96e-16	90.5	atrial natriuretic peptide receptor 2 isoform X3 [Myotis myotis]	51298
XP_036193927.1	XP_014390697	30.303	198	1248	690	33	2.10e-21	106	PREDICTED: guanylate cyclase soluble subunit alpha-3 [Myotis brandtii]	109478
XP_036193927.1	XP_014390697	29.717	212	1248	690	33	7.44e-18	95.1	PREDICTED: guanylate cyclase soluble subunit alpha-3 [Myotis brandtii]	109478
XP_036193927.1	XP_005860833	30.303	198	1248	690	33	2.10e-21	106	PREDICTED: guanylate cyclase soluble subunit alpha-3 [Myotis brandtii]	109478
XP_036193927.1	XP_005860833	29.717	212	1248	690	33	7.44e-18	95.1	PREDICTED: guanylate cyclase soluble subunit alpha-3 [Myotis brandtii]	109478
XP_036193927.1	XP_005860831	30.303	198	1248	690	33	2.10e-21	106	PREDICTED: guanylate cyclase soluble subunit alpha-3 [Myotis brandtii]	109478
XP_036193927.1	XP_005860831	29.717	212	1248	690	33	7.44e-18	95.1	PREDICTED: guanylate cyclase soluble subunit alpha-3 [Myotis brandtii]	109478
XP_036193927.1	XP_005860832	30.303	198	1248	690	33	2.10e-21	106	PREDICTED: guanylate cyclase soluble subunit alpha-3 [Myotis brandtii]	109478
XP_036193927.1	XP_005860832	29.717	212	1248	690	33	7.44e-18	95.1	PREDICTED: guanylate cyclase soluble subunit alpha-3 [Myotis brandtii]	109478
XP_036193927.1	XP_005860830	30.303	198	1248	690	33	2.10e-21	106	PREDICTED: guanylate cyclase soluble subunit alpha-3 [Myotis brandtii]	109478
XP_036193927.1	XP_005860830	29.717	212	1248	690	33	7.44e-18	95.1	PREDICTED: guanylate cyclase soluble subunit alpha-3 [Myotis brandtii]	109478
XP_036193927.1	XP_036186305	31.321	265	1248	1079	37	2.10e-21	107	atrial natriuretic peptide receptor 2 isoform X1 [Myotis myotis]	51298
XP_036193927.1	XP_036186305	27.692	260	1248	1079	37	6.00e-16	89.4	atrial natriuretic peptide receptor 2 isoform X1 [Myotis myotis]	51298
XP_036193927.1	XP_006754337	30.303	198	1248	691	33	2.14e-21	106	PREDICTED: LOW QUALITY PROTEIN: guanylate cyclase soluble subunit alpha-3 [Myotis davidii]	225400
XP_036193927.1	XP_006754337	29.717	212	1248	691	33	6.79e-18	95.1	PREDICTED: LOW QUALITY PROTEIN: guanylate cyclase soluble subunit alpha-3 [Myotis davidii]	225400
XP_036193927.1	XP_036280101	30.303	198	1248	694	33	2.20e-21	106	guanylate cyclase soluble subunit alpha-1 [Pipistrellus kuhlii]	59472
XP_036193927.1	XP_036280101	29.717	212	1248	694	33	1.12e-17	94.4	guanylate cyclase soluble subunit alpha-1 [Pipistrellus kuhlii]	59472
XP_036193927.1	XP_036280102	30.303	198	1248	694	33	2.20e-21	106	guanylate cyclase soluble subunit alpha-1 [Pipistrellus kuhlii]	59472
XP_036193927.1	XP_036280102	29.717	212	1248	694	33	1.12e-17	94.4	guanylate cyclase soluble subunit alpha-1 [Pipistrellus kuhlii]	59472
XP_036193927.1	XP_045432384	30.303	198	1248	694	33	2.20e-21	106	guanylate cyclase soluble subunit alpha-1 [Pipistrellus kuhlii]	59472
XP_036193927.1	XP_045432384	29.717	212	1248	694	33	1.12e-17	94.4	guanylate cyclase soluble subunit alpha-1 [Pipistrellus kuhlii]	59472
XP_036193927.1	XP_036280104	30.303	198	1248	694	33	2.20e-21	106	guanylate cyclase soluble subunit alpha-1 [Pipistrellus kuhlii]	59472
XP_036193927.1	XP_036280104	29.717	212	1248	694	33	1.12e-17	94.4	guanylate cyclase soluble subunit alpha-1 [Pipistrellus kuhlii]	59472
XP_036193927.1	XP_070271525	30.303	198	1248	690	33	2.23e-21	106	guanylate cyclase soluble subunit alpha-1 [Myotis yumanensis]	159337
XP_036193927.1	XP_070271525	29.717	212	1248	690	33	6.49e-18	95.1	guanylate cyclase soluble subunit alpha-1 [Myotis yumanensis]	159337
XP_036193927.1	XP_070271524	30.303	198	1248	690	33	2.23e-21	106	guanylate cyclase soluble subunit alpha-1 [Myotis yumanensis]	159337
XP_036193927.1	XP_070271524	29.717	212	1248	690	33	6.49e-18	95.1	guanylate cyclase soluble subunit alpha-1 [Myotis yumanensis]	159337
XP_036193927.1	XP_070271523	30.303	198	1248	690	33	2.23e-21	106	guanylate cyclase soluble subunit alpha-1 [Myotis yumanensis]	159337
XP_036193927.1	XP_070271523	29.717	212	1248	690	33	6.49e-18	95.1	guanylate cyclase soluble subunit alpha-1 [Myotis yumanensis]	159337
XP_036193927.1	XP_070271522	30.303	198	1248	690	33	2.23e-21	106	guanylate cyclase soluble subunit alpha-1 [Myotis yumanensis]	159337
XP_036193927.1	XP_070271522	29.717	212	1248	690	33	6.49e-18	95.1	guanylate cyclase soluble subunit alpha-1 [Myotis yumanensis]	159337
XP_036193927.1	XP_059553679	30.303	198	1248	690	33	2.23e-21	106	guanylate cyclase soluble subunit alpha-1 [Myotis daubentonii]	98922
XP_036193927.1	XP_059553679	29.717	212	1248	690	33	6.77e-18	95.1	guanylate cyclase soluble subunit alpha-1 [Myotis daubentonii]	98922
XP_036193927.1	XP_059553678	30.303	198	1248	690	33	2.23e-21	106	guanylate cyclase soluble subunit alpha-1 [Myotis daubentonii]	98922
XP_036193927.1	XP_059553678	29.717	212	1248	690	33	6.77e-18	95.1	guanylate cyclase soluble subunit alpha-1 [Myotis daubentonii]	98922
XP_036193927.1	XP_059553677	30.303	198	1248	690	33	2.23e-21	106	guanylate cyclase soluble subunit alpha-1 [Myotis daubentonii]	98922
XP_036193927.1	XP_059553677	29.717	212	1248	690	33	6.77e-18	95.1	guanylate cyclase soluble subunit alpha-1 [Myotis daubentonii]	98922
XP_036193927.1	XP_014312026	30.303	198	1248	690	33	2.31e-21	106	guanylate cyclase soluble subunit alpha-3 [Myotis lucifugus]	59463
XP_036193927.1	XP_014312026	29.717	212	1248	690	33	6.83e-18	95.1	guanylate cyclase soluble subunit alpha-3 [Myotis lucifugus]	59463
XP_036193927.1	XP_006081933	30.303	198	1248	690	33	2.31e-21	106	guanylate cyclase soluble subunit alpha-3 [Myotis lucifugus]	59463
XP_036193927.1	XP_006081933	29.717	212	1248	690	33	6.83e-18	95.1	guanylate cyclase soluble subunit alpha-3 [Myotis lucifugus]	59463
XP_036193927.1	XP_054431917	30.303	198	1248	690	33	2.59e-21	106	guanylate cyclase soluble subunit alpha-1 [Pteronotus mesoamericanus]	1884717
XP_036193927.1	XP_054431917	29.717	212	1248	690	33	9.00e-18	94.7	guanylate cyclase soluble subunit alpha-1 [Pteronotus mesoamericanus]	1884717
XP_036193927.1	XP_066243764	30.303	198	1248	690	33	2.75e-21	105	guanylate cyclase soluble subunit alpha-1 [Saccopteryx leptura]	249018
XP_036193927.1	XP_066243764	29.245	212	1248	690	33	4.47e-17	92.4	guanylate cyclase soluble subunit alpha-1 [Saccopteryx leptura]	249018
XP_036193927.1	XP_066243755	30.303	198	1248	690	33	2.75e-21	105	guanylate cyclase soluble subunit alpha-1 [Saccopteryx leptura]	249018
XP_036193927.1	XP_066243755	29.245	212	1248	690	33	4.47e-17	92.4	guanylate cyclase soluble subunit alpha-1 [Saccopteryx leptura]	249018
XP_036193927.1	XP_066243746	30.303	198	1248	690	33	2.75e-21	105	guanylate cyclase soluble subunit alpha-1 [Saccopteryx leptura]	249018
XP_036193927.1	XP_066243746	29.245	212	1248	690	33	4.47e-17	92.4	guanylate cyclase soluble subunit alpha-1 [Saccopteryx leptura]	249018
XP_036193927.1	XP_066243736	30.303	198	1248	690	33	2.75e-21	105	guanylate cyclase soluble subunit alpha-1 [Saccopteryx leptura]	249018
XP_036193927.1	XP_066243736	29.245	212	1248	690	33	4.47e-17	92.4	guanylate cyclase soluble subunit alpha-1 [Saccopteryx leptura]	249018
XP_036193927.1	XP_066243728	30.303	198	1248	690	33	2.75e-21	105	guanylate cyclase soluble subunit alpha-1 [Saccopteryx leptura]	249018
XP_036193927.1	XP_066243728	29.245	212	1248	690	33	4.47e-17	92.4	guanylate cyclase soluble subunit alpha-1 [Saccopteryx leptura]	249018
XP_036193927.1	XP_066135767	30.303	198	1248	690	33	2.80e-21	105	guanylate cyclase soluble subunit alpha-1 [Saccopteryx bilineata]	59482
XP_036193927.1	XP_066135767	29.245	212	1248	690	33	4.62e-17	92.4	guanylate cyclase soluble subunit alpha-1 [Saccopteryx bilineata]	59482
XP_036193927.1	XP_066135757	30.303	198	1248	690	33	2.80e-21	105	guanylate cyclase soluble subunit alpha-1 [Saccopteryx bilineata]	59482
XP_036193927.1	XP_066135757	29.245	212	1248	690	33	4.62e-17	92.4	guanylate cyclase soluble subunit alpha-1 [Saccopteryx bilineata]	59482
XP_036193927.1	XP_066135747	30.303	198	1248	690	33	2.80e-21	105	guanylate cyclase soluble subunit alpha-1 [Saccopteryx bilineata]	59482
XP_036193927.1	XP_066135747	29.245	212	1248	690	33	4.62e-17	92.4	guanylate cyclase soluble subunit alpha-1 [Saccopteryx bilineata]	59482
XP_036193927.1	XP_066135738	30.303	198	1248	690	33	2.80e-21	105	guanylate cyclase soluble subunit alpha-1 [Saccopteryx bilineata]	59482
XP_036193927.1	XP_066135738	29.245	212	1248	690	33	4.62e-17	92.4	guanylate cyclase soluble subunit alpha-1 [Saccopteryx bilineata]	59482
XP_036193927.1	XP_066135728	30.303	198	1248	690	33	2.80e-21	105	guanylate cyclase soluble subunit alpha-1 [Saccopteryx bilineata]	59482
XP_036193927.1	XP_066135728	29.245	212	1248	690	33	4.62e-17	92.4	guanylate cyclase soluble subunit alpha-1 [Saccopteryx bilineata]	59482
XP_036193927.1	XP_080530416	30.303	198	1248	690	33	3.05e-21	105	guanylate cyclase soluble subunit alpha-1 isoform 1 [Plecotus auritus]	61862
XP_036193927.1	XP_080530416	29.717	212	1248	690	33	1.56e-17	94.0	guanylate cyclase soluble subunit alpha-1 isoform 1 [Plecotus auritus]	61862
XP_036193927.1	XP_080530415	30.303	198	1248	690	33	3.05e-21	105	guanylate cyclase soluble subunit alpha-1 isoform 1 [Plecotus auritus]	61862
XP_036193927.1	XP_080530415	29.717	212	1248	690	33	1.56e-17	94.0	guanylate cyclase soluble subunit alpha-1 isoform 1 [Plecotus auritus]	61862
XP_036193927.1	XP_080530414	30.303	198	1248	690	33	3.05e-21	105	guanylate cyclase soluble subunit alpha-1 isoform 1 [Plecotus auritus]	61862
XP_036193927.1	XP_080530414	29.717	212	1248	690	33	1.56e-17	94.0	guanylate cyclase soluble subunit alpha-1 isoform 1 [Plecotus auritus]	61862
XP_036193927.1	XP_019588790	30.303	198	1248	690	33	3.16e-21	105	guanylate cyclase soluble subunit alpha-1 [Rhinolophus sinicus]	89399
XP_036193927.1	XP_019588790	29.245	212	1248	690	33	3.69e-17	92.8	guanylate cyclase soluble subunit alpha-1 [Rhinolophus sinicus]	89399
XP_036193927.1	XP_074194512	30.303	198	1248	690	33	3.16e-21	105	guanylate cyclase soluble subunit alpha-1 [Rhinolophus sinicus]	89399
XP_036193927.1	XP_074194512	29.245	212	1248	690	33	3.69e-17	92.8	guanylate cyclase soluble subunit alpha-1 [Rhinolophus sinicus]	89399
XP_036193927.1	XP_074194511	30.303	198	1248	690	33	3.16e-21	105	guanylate cyclase soluble subunit alpha-1 [Rhinolophus sinicus]	89399
XP_036193927.1	XP_074194511	29.245	212	1248	690	33	3.69e-17	92.8	guanylate cyclase soluble subunit alpha-1 [Rhinolophus sinicus]	89399
XP_036193927.1	XP_074194510	30.303	198	1248	690	33	3.16e-21	105	guanylate cyclase soluble subunit alpha-1 [Rhinolophus sinicus]	89399
XP_036193927.1	XP_074194510	29.245	212	1248	690	33	3.69e-17	92.8	guanylate cyclase soluble subunit alpha-1 [Rhinolophus sinicus]	89399
XP_036193927.1	XP_074194509	30.303	198	1248	690	33	3.16e-21	105	guanylate cyclase soluble subunit alpha-1 [Rhinolophus sinicus]	89399
XP_036193927.1	XP_074194509	29.245	212	1248	690	33	3.69e-17	92.8	guanylate cyclase soluble subunit alpha-1 [Rhinolophus sinicus]	89399
XP_036193927.1	XP_019588788	30.303	198	1248	690	33	3.16e-21	105	guanylate cyclase soluble subunit alpha-1 [Rhinolophus sinicus]	89399
XP_036193927.1	XP_019588788	29.245	212	1248	690	33	3.69e-17	92.8	guanylate cyclase soluble subunit alpha-1 [Rhinolophus sinicus]	89399
XP_036193927.1	XP_074194508	30.303	198	1248	690	33	3.16e-21	105	guanylate cyclase soluble subunit alpha-1 [Rhinolophus sinicus]	89399
XP_036193927.1	XP_074194508	29.245	212	1248	690	33	3.69e-17	92.8	guanylate cyclase soluble subunit alpha-1 [Rhinolophus sinicus]	89399
XP_036193927.1	XP_074194507	30.303	198	1248	690	33	3.16e-21	105	guanylate cyclase soluble subunit alpha-1 [Rhinolophus sinicus]	89399
XP_036193927.1	XP_074194507	29.245	212	1248	690	33	3.69e-17	92.8	guanylate cyclase soluble subunit alpha-1 [Rhinolophus sinicus]	89399
XP_036193927.1	XP_019588789	30.303	198	1248	690	33	3.16e-21	105	guanylate cyclase soluble subunit alpha-1 [Rhinolophus sinicus]	89399
XP_036193927.1	XP_019588789	29.245	212	1248	690	33	3.69e-17	92.8	guanylate cyclase soluble subunit alpha-1 [Rhinolophus sinicus]	89399
XP_036193927.1	XP_074194506	30.303	198	1248	690	33	3.16e-21	105	guanylate cyclase soluble subunit alpha-1 [Rhinolophus sinicus]	89399
XP_036193927.1	XP_074194506	29.245	212	1248	690	33	3.69e-17	92.8	guanylate cyclase soluble subunit alpha-1 [Rhinolophus sinicus]	89399
XP_036193927.1	XP_074194505	30.303	198	1248	690	33	3.16e-21	105	guanylate cyclase soluble subunit alpha-1 [Rhinolophus sinicus]	89399
XP_036193927.1	XP_074194505	29.245	212	1248	690	33	3.69e-17	92.8	guanylate cyclase soluble subunit alpha-1 [Rhinolophus sinicus]	89399
XP_036193927.1	XP_019588786	30.303	198	1248	690	33	3.16e-21	105	guanylate cyclase soluble subunit alpha-1 [Rhinolophus sinicus]	89399
XP_036193927.1	XP_019588786	29.245	212	1248	690	33	3.69e-17	92.8	guanylate cyclase soluble subunit alpha-1 [Rhinolophus sinicus]	89399
XP_036193927.1	XP_074194503	30.303	198	1248	690	33	3.16e-21	105	guanylate cyclase soluble subunit alpha-1 [Rhinolophus sinicus]	89399
XP_036193927.1	XP_074194503	29.245	212	1248	690	33	3.69e-17	92.8	guanylate cyclase soluble subunit alpha-1 [Rhinolophus sinicus]	89399
XP_036193927.1	XP_036170443	30.303	198	1248	690	33	3.18e-21	105	guanylate cyclase soluble subunit alpha-1 [Myotis myotis]	51298
XP_036193927.1	XP_036170443	29.577	213	1248	690	33	6.95e-18	95.1	guanylate cyclase soluble subunit alpha-1 [Myotis myotis]	51298
XP_036193927.1	XP_036170442	30.303	198	1248	690	33	3.18e-21	105	guanylate cyclase soluble subunit alpha-1 [Myotis myotis]	51298
XP_036193927.1	XP_036170442	29.577	213	1248	690	33	6.95e-18	95.1	guanylate cyclase soluble subunit alpha-1 [Myotis myotis]	51298
XP_036193927.1	XP_036170441	30.303	198	1248	690	33	3.18e-21	105	guanylate cyclase soluble subunit alpha-1 [Myotis myotis]	51298
XP_036193927.1	XP_036170441	29.577	213	1248	690	33	6.95e-18	95.1	guanylate cyclase soluble subunit alpha-1 [Myotis myotis]	51298
XP_036193927.1	XP_036170440	30.303	198	1248	690	33	3.18e-21	105	guanylate cyclase soluble subunit alpha-1 [Myotis myotis]	51298
XP_036193927.1	XP_036170440	29.577	213	1248	690	33	6.95e-18	95.1	guanylate cyclase soluble subunit alpha-1 [Myotis myotis]	51298
XP_036193927.1	XP_015427160	31.667	240	1248	818	19	3.34e-21	106	PREDICTED: atrial natriuretic peptide receptor 1, partial [Myotis davidii]	225400
XP_036193927.1	XP_032990984	30.303	198	1248	690	33	3.56e-21	105	guanylate cyclase soluble subunit alpha-1 [Rhinolophus ferrumequinum]	59479
XP_036193927.1	XP_032990984	29.245	212	1248	690	33	3.76e-17	92.8	guanylate cyclase soluble subunit alpha-1 [Rhinolophus ferrumequinum]	59479
XP_036193927.1	XP_032990983	30.303	198	1248	690	33	3.56e-21	105	guanylate cyclase soluble subunit alpha-1 [Rhinolophus ferrumequinum]	59479
XP_036193927.1	XP_032990983	29.245	212	1248	690	33	3.76e-17	92.8	guanylate cyclase soluble subunit alpha-1 [Rhinolophus ferrumequinum]	59479
XP_036193927.1	XP_032990980	30.303	198	1248	690	33	3.56e-21	105	guanylate cyclase soluble subunit alpha-1 [Rhinolophus ferrumequinum]	59479
XP_036193927.1	XP_032990980	29.245	212	1248	690	33	3.76e-17	92.8	guanylate cyclase soluble subunit alpha-1 [Rhinolophus ferrumequinum]	59479
XP_036193927.1	XP_032990979	30.303	198	1248	690	33	3.56e-21	105	guanylate cyclase soluble subunit alpha-1 [Rhinolophus ferrumequinum]	59479
XP_036193927.1	XP_032990979	29.245	212	1248	690	33	3.76e-17	92.8	guanylate cyclase soluble subunit alpha-1 [Rhinolophus ferrumequinum]	59479
XP_036193927.1	XP_032990978	30.303	198	1248	690	33	3.56e-21	105	guanylate cyclase soluble subunit alpha-1 [Rhinolophus ferrumequinum]	59479
XP_036193927.1	XP_032990978	29.245	212	1248	690	33	3.76e-17	92.8	guanylate cyclase soluble subunit alpha-1 [Rhinolophus ferrumequinum]	59479
XP_036193927.1	XP_032990977	30.303	198	1248	690	33	3.56e-21	105	guanylate cyclase soluble subunit alpha-1 [Rhinolophus ferrumequinum]	59479
XP_036193927.1	XP_032990977	29.245	212	1248	690	33	3.76e-17	92.8	guanylate cyclase soluble subunit alpha-1 [Rhinolophus ferrumequinum]	59479
XP_036193927.1	XP_032990976	30.303	198	1248	690	33	3.56e-21	105	guanylate cyclase soluble subunit alpha-1 [Rhinolophus ferrumequinum]	59479
XP_036193927.1	XP_032990976	29.245	212	1248	690	33	3.76e-17	92.8	guanylate cyclase soluble subunit alpha-1 [Rhinolophus ferrumequinum]	59479
XP_036193927.1	XP_054437198	26.800	250	1248	1070	39	3.83e-21	106	guanylate cyclase 2G-like [Pteronotus mesoamericanus]	1884717
XP_036193927.1	XP_054437198	30.677	251	1248	1070	39	2.11e-18	97.4	guanylate cyclase 2G-like [Pteronotus mesoamericanus]	1884717
XP_036193927.1	XP_015994146	30.303	198	1248	690	33	3.85e-21	105	guanylate cyclase soluble subunit alpha-1 [Rousettus aegyptiacus]	9407
XP_036193927.1	XP_015994146	29.245	212	1248	690	33	3.14e-17	93.2	guanylate cyclase soluble subunit alpha-1 [Rousettus aegyptiacus]	9407
XP_036193927.1	XP_015994145	30.303	198	1248	690	33	3.85e-21	105	guanylate cyclase soluble subunit alpha-1 [Rousettus aegyptiacus]	9407
XP_036193927.1	XP_015994145	29.245	212	1248	690	33	3.14e-17	93.2	guanylate cyclase soluble subunit alpha-1 [Rousettus aegyptiacus]	9407
XP_036193927.1	XP_015994143	30.303	198	1248	690	33	3.85e-21	105	guanylate cyclase soluble subunit alpha-1 [Rousettus aegyptiacus]	9407
XP_036193927.1	XP_015994143	29.245	212	1248	690	33	3.14e-17	93.2	guanylate cyclase soluble subunit alpha-1 [Rousettus aegyptiacus]	9407
XP_036193927.1	XP_015994142	30.303	198	1248	690	33	3.85e-21	105	guanylate cyclase soluble subunit alpha-1 [Rousettus aegyptiacus]	9407
XP_036193927.1	XP_015994142	29.245	212	1248	690	33	3.14e-17	93.2	guanylate cyclase soluble subunit alpha-1 [Rousettus aegyptiacus]	9407
XP_036193927.1	XP_023392486	27.193	228	1248	706	34	3.95e-21	105	guanylate cyclase soluble subunit beta-2-like [Pteropus vampyrus]	132908
XP_036193927.1	XP_023392486	31.188	202	1248	706	34	1.63e-20	103	guanylate cyclase soluble subunit beta-2-like [Pteropus vampyrus]	132908
XP_036193927.1	XP_019489412	30.303	198	1248	690	33	4.31e-21	105	PREDICTED: guanylate cyclase soluble subunit alpha-3 [Hipposideros armiger]	186990
XP_036193927.1	XP_019489412	29.245	212	1248	690	33	3.42e-17	92.8	PREDICTED: guanylate cyclase soluble subunit alpha-3 [Hipposideros armiger]	186990
XP_036193927.1	XP_019489410	30.303	198	1248	690	33	4.31e-21	105	PREDICTED: guanylate cyclase soluble subunit alpha-3 [Hipposideros armiger]	186990
XP_036193927.1	XP_019489410	29.245	212	1248	690	33	3.42e-17	92.8	PREDICTED: guanylate cyclase soluble subunit alpha-3 [Hipposideros armiger]	186990
XP_036193927.1	XP_019489409	30.303	198	1248	690	33	4.31e-21	105	PREDICTED: guanylate cyclase soluble subunit alpha-3 [Hipposideros armiger]	186990
XP_036193927.1	XP_019489409	29.245	212	1248	690	33	3.42e-17	92.8	PREDICTED: guanylate cyclase soluble subunit alpha-3 [Hipposideros armiger]	186990
XP_036193927.1	XP_019489408	30.303	198	1248	690	33	4.31e-21	105	PREDICTED: guanylate cyclase soluble subunit alpha-3 [Hipposideros armiger]	186990
XP_036193927.1	XP_019489408	29.245	212	1248	690	33	3.42e-17	92.8	PREDICTED: guanylate cyclase soluble subunit alpha-3 [Hipposideros armiger]	186990
XP_036193927.1	XP_066106126	31.535	241	1248	1090	35	4.41e-21	106	retinal guanylyl cyclase 2 isoform X3 [Saccopteryx bilineata]	59482
XP_036193927.1	XP_066106126	31.905	210	1248	1090	35	3.64e-20	103	retinal guanylyl cyclase 2 isoform X3 [Saccopteryx bilineata]	59482
XP_036193927.1	XP_066106125	31.535	241	1248	1091	35	4.56e-21	106	retinal guanylyl cyclase 2 isoform X2 [Saccopteryx bilineata]	59482
XP_036193927.1	XP_066106125	31.905	210	1248	1091	35	3.96e-20	103	retinal guanylyl cyclase 2 isoform X2 [Saccopteryx bilineata]	59482
XP_036193927.1	XP_066213251	31.535	241	1248	1091	35	4.80e-21	105	retinal guanylyl cyclase 2 isoform X2 [Saccopteryx leptura]	249018
XP_036193927.1	XP_066213251	31.905	210	1248	1091	35	4.43e-20	102	retinal guanylyl cyclase 2 isoform X2 [Saccopteryx leptura]	249018
XP_036193927.1	XP_066213252	31.535	241	1248	1090	35	4.92e-21	105	retinal guanylyl cyclase 2 isoform X3 [Saccopteryx leptura]	249018
XP_036193927.1	XP_066213252	31.905	210	1248	1090	35	4.28e-20	102	retinal guanylyl cyclase 2 isoform X3 [Saccopteryx leptura]	249018
XP_036193927.1	XP_028377001	30.303	198	1248	690	33	5.13e-21	105	guanylate cyclase soluble subunit alpha-1 [Phyllostomus discolor]	89673
XP_036193927.1	XP_028377001	29.577	213	1248	690	33	1.90e-17	93.6	guanylate cyclase soluble subunit alpha-1 [Phyllostomus discolor]	89673
XP_036193927.1	XP_028376999	30.303	198	1248	690	33	5.13e-21	105	guanylate cyclase soluble subunit alpha-1 [Phyllostomus discolor]	89673
XP_036193927.1	XP_028376999	29.577	213	1248	690	33	1.90e-17	93.6	guanylate cyclase soluble subunit alpha-1 [Phyllostomus discolor]	89673
XP_036193927.1	XP_035887872	30.303	198	1248	690	33	5.13e-21	105	guanylate cyclase soluble subunit alpha-1 [Phyllostomus discolor]	89673
XP_036193927.1	XP_035887872	29.577	213	1248	690	33	1.90e-17	93.6	guanylate cyclase soluble subunit alpha-1 [Phyllostomus discolor]	89673
XP_036193927.1	XP_035887871	30.303	198	1248	690	33	5.13e-21	105	guanylate cyclase soluble subunit alpha-1 [Phyllostomus discolor]	89673
XP_036193927.1	XP_035887871	29.577	213	1248	690	33	1.90e-17	93.6	guanylate cyclase soluble subunit alpha-1 [Phyllostomus discolor]	89673
XP_036193927.1	XP_035887870	30.303	198	1248	690	33	5.13e-21	105	guanylate cyclase soluble subunit alpha-1 [Phyllostomus discolor]	89673
XP_036193927.1	XP_035887870	29.577	213	1248	690	33	1.90e-17	93.6	guanylate cyclase soluble subunit alpha-1 [Phyllostomus discolor]	89673
XP_036193927.1	XP_035887869	30.303	198	1248	690	33	5.13e-21	105	guanylate cyclase soluble subunit alpha-1 [Phyllostomus discolor]	89673
XP_036193927.1	XP_035887869	29.577	213	1248	690	33	1.90e-17	93.6	guanylate cyclase soluble subunit alpha-1 [Phyllostomus discolor]	89673
XP_036193927.1	XP_035887868	30.303	198	1248	690	33	5.13e-21	105	guanylate cyclase soluble subunit alpha-1 [Phyllostomus discolor]	89673
XP_036193927.1	XP_035887868	29.577	213	1248	690	33	1.90e-17	93.6	guanylate cyclase soluble subunit alpha-1 [Phyllostomus discolor]	89673
XP_036193927.1	XP_028377000	30.303	198	1248	690	33	5.13e-21	105	guanylate cyclase soluble subunit alpha-1 [Phyllostomus discolor]	89673
XP_036193927.1	XP_028377000	29.577	213	1248	690	33	1.90e-17	93.6	guanylate cyclase soluble subunit alpha-1 [Phyllostomus discolor]	89673
XP_036193927.1	XP_036097110	30.303	198	1248	689	33	6.51e-21	104	guanylate cyclase soluble subunit alpha-1 [Molossus molossus]	27622
XP_036193927.1	XP_036097110	28.774	212	1248	689	33	3.14e-16	89.7	guanylate cyclase soluble subunit alpha-1 [Molossus molossus]	27622
XP_036193927.1	XP_036097109	30.303	198	1248	689	33	6.51e-21	104	guanylate cyclase soluble subunit alpha-1 [Molossus molossus]	27622
XP_036193927.1	XP_036097109	28.774	212	1248	689	33	3.14e-16	89.7	guanylate cyclase soluble subunit alpha-1 [Molossus molossus]	27622
XP_036193927.1	XP_036097108	30.303	198	1248	689	33	6.51e-21	104	guanylate cyclase soluble subunit alpha-1 [Molossus molossus]	27622
XP_036193927.1	XP_036097108	28.774	212	1248	689	33	3.14e-16	89.7	guanylate cyclase soluble subunit alpha-1 [Molossus molossus]	27622
XP_036193927.1	XP_016010220	28.782	271	1248	1128	39	7.21e-21	105	retinal guanylyl cyclase 1 isoform X2 [Rousettus aegyptiacus]	9407
XP_036193927.1	XP_016010220	31.197	234	1248	1128	39	1.03e-20	105	retinal guanylyl cyclase 1 isoform X2 [Rousettus aegyptiacus]	9407
XP_036193927.1	XP_016010219	28.782	271	1248	1128	39	7.92e-21	105	retinal guanylyl cyclase 1 isoform X1 [Rousettus aegyptiacus]	9407
XP_036193927.1	XP_016010219	31.197	234	1248	1128	39	1.10e-20	104	retinal guanylyl cyclase 1 isoform X1 [Rousettus aegyptiacus]	9407
XP_036193927.1	XP_016010221	28.782	271	1248	1127	39	7.98e-21	105	retinal guanylyl cyclase 1 isoform X3 [Rousettus aegyptiacus]	9407
XP_036193927.1	XP_016010221	31.197	234	1248	1127	39	1.10e-20	104	retinal guanylyl cyclase 1 isoform X3 [Rousettus aegyptiacus]	9407
XP_036193927.1	XP_019479506	35.032	157	1248	497	33	1.04e-20	102	PREDICTED: guanylate cyclase soluble subunit alpha-2 [Hipposideros armiger]	186990
XP_036193927.1	XP_019479506	28.626	262	1248	497	33	1.96e-17	92.8	PREDICTED: guanylate cyclase soluble subunit alpha-2 [Hipposideros armiger]	186990
XP_036193927.1	XP_074191632	31.034	203	1248	727	37	1.24e-20	103	guanylate cyclase soluble subunit alpha-2 [Rhinolophus sinicus]	89399
XP_036193927.1	XP_074191632	28.626	262	1248	727	37	1.75e-18	97.1	guanylate cyclase soluble subunit alpha-2 [Rhinolophus sinicus]	89399
XP_036193927.1	XP_023391167	35.032	157	1248	573	31	1.54e-20	103	guanylate cyclase soluble subunit alpha-2 [Pteropus vampyrus]	132908
XP_036193927.1	XP_023391167	29.583	240	1248	573	31	1.72e-17	93.6	guanylate cyclase soluble subunit alpha-2 [Pteropus vampyrus]	132908
XP_036193927.1	XP_015448776	29.798	198	1248	690	33	1.54e-20	103	guanylate cyclase soluble subunit alpha-1 isoform X1 [Pteropus alecto]	9402
XP_036193927.1	XP_015448776	29.245	212	1248	690	33	1.69e-17	94.0	guanylate cyclase soluble subunit alpha-1 isoform X1 [Pteropus alecto]	9402
XP_036193927.1	XP_024906105	29.798	198	1248	690	33	1.54e-20	103	guanylate cyclase soluble subunit alpha-1 isoform X1 [Pteropus alecto]	9402
XP_036193927.1	XP_024906105	29.245	212	1248	690	33	1.69e-17	94.0	guanylate cyclase soluble subunit alpha-1 isoform X1 [Pteropus alecto]	9402
XP_036193927.1	XP_015448775	29.798	198	1248	690	33	1.54e-20	103	guanylate cyclase soluble subunit alpha-1 isoform X1 [Pteropus alecto]	9402
XP_036193927.1	XP_015448775	29.245	212	1248	690	33	1.69e-17	94.0	guanylate cyclase soluble subunit alpha-1 isoform X1 [Pteropus alecto]	9402
XP_036193927.1	XP_006917049	29.798	198	1248	690	33	1.54e-20	103	guanylate cyclase soluble subunit alpha-1 isoform X1 [Pteropus alecto]	9402
XP_036193927.1	XP_006917049	29.245	212	1248	690	33	1.69e-17	94.0	guanylate cyclase soluble subunit alpha-1 isoform X1 [Pteropus alecto]	9402
XP_036193927.1	XP_015448774	29.798	198	1248	690	33	1.54e-20	103	guanylate cyclase soluble subunit alpha-1 isoform X1 [Pteropus alecto]	9402
XP_036193927.1	XP_015448774	29.245	212	1248	690	33	1.69e-17	94.0	guanylate cyclase soluble subunit alpha-1 isoform X1 [Pteropus alecto]	9402
XP_036193927.1	XP_015448773	29.798	198	1248	690	33	1.54e-20	103	guanylate cyclase soluble subunit alpha-1 isoform X1 [Pteropus alecto]	9402
XP_036193927.1	XP_015448773	29.245	212	1248	690	33	1.69e-17	94.0	guanylate cyclase soluble subunit alpha-1 isoform X1 [Pteropus alecto]	9402
XP_036193927.1	XP_015448772	29.798	198	1248	690	33	1.54e-20	103	guanylate cyclase soluble subunit alpha-1 isoform X1 [Pteropus alecto]	9402
XP_036193927.1	XP_015448772	29.245	212	1248	690	33	1.69e-17	94.0	guanylate cyclase soluble subunit alpha-1 isoform X1 [Pteropus alecto]	9402
XP_036193927.1	XP_015448770	29.798	198	1248	690	33	1.54e-20	103	guanylate cyclase soluble subunit alpha-1 isoform X1 [Pteropus alecto]	9402
XP_036193927.1	XP_015448770	29.245	212	1248	690	33	1.69e-17	94.0	guanylate cyclase soluble subunit alpha-1 isoform X1 [Pteropus alecto]	9402
XP_036193927.1	XP_016062940	35.032	157	1248	497	31	1.54e-20	102	PREDICTED: guanylate cyclase soluble subunit alpha-2 [Miniopterus natalensis]	291302
XP_036193927.1	XP_016062940	29.289	239	1248	497	31	8.92e-17	90.9	PREDICTED: guanylate cyclase soluble subunit alpha-2 [Miniopterus natalensis]	291302
XP_036193927.1	XP_023386530	29.798	198	1248	690	33	1.84e-20	103	guanylate cyclase soluble subunit alpha-3 isoform X1 [Pteropus vampyrus]	132908
XP_036193927.1	XP_023386530	29.245	212	1248	690	33	1.48e-17	94.0	guanylate cyclase soluble subunit alpha-3 isoform X1 [Pteropus vampyrus]	132908
XP_036193927.1	XP_023386529	29.798	198	1248	690	33	1.84e-20	103	guanylate cyclase soluble subunit alpha-3 isoform X1 [Pteropus vampyrus]	132908
XP_036193927.1	XP_023386529	29.245	212	1248	690	33	1.48e-17	94.0	guanylate cyclase soluble subunit alpha-3 isoform X1 [Pteropus vampyrus]	132908
XP_036193927.1	XP_023386528	29.798	198	1248	690	33	1.84e-20	103	guanylate cyclase soluble subunit alpha-3 isoform X1 [Pteropus vampyrus]	132908
XP_036193927.1	XP_023386528	29.245	212	1248	690	33	1.48e-17	94.0	guanylate cyclase soluble subunit alpha-3 isoform X1 [Pteropus vampyrus]	132908
XP_036193927.1	XP_011358627	29.798	198	1248	690	33	1.84e-20	103	guanylate cyclase soluble subunit alpha-3 isoform X1 [Pteropus vampyrus]	132908
XP_036193927.1	XP_011358627	29.245	212	1248	690	33	1.48e-17	94.0	guanylate cyclase soluble subunit alpha-3 isoform X1 [Pteropus vampyrus]	132908
XP_036193927.1	XP_011358628	29.798	198	1248	690	33	1.84e-20	103	guanylate cyclase soluble subunit alpha-3 isoform X1 [Pteropus vampyrus]	132908
XP_036193927.1	XP_011358628	29.245	212	1248	690	33	1.48e-17	94.0	guanylate cyclase soluble subunit alpha-3 isoform X1 [Pteropus vampyrus]	132908
XP_036193927.1	XP_023386527	29.798	198	1248	690	33	1.84e-20	103	guanylate cyclase soluble subunit alpha-3 isoform X1 [Pteropus vampyrus]	132908
XP_036193927.1	XP_023386527	29.245	212	1248	690	33	1.48e-17	94.0	guanylate cyclase soluble subunit alpha-3 isoform X1 [Pteropus vampyrus]	132908
XP_036193927.1	XP_023386526	29.798	198	1248	690	33	1.84e-20	103	guanylate cyclase soluble subunit alpha-3 isoform X1 [Pteropus vampyrus]	132908
XP_036193927.1	XP_023386526	29.245	212	1248	690	33	1.48e-17	94.0	guanylate cyclase soluble subunit alpha-3 isoform X1 [Pteropus vampyrus]	132908
XP_036193927.1	XP_023386525	29.798	198	1248	690	33	1.84e-20	103	guanylate cyclase soluble subunit alpha-3 isoform X1 [Pteropus vampyrus]	132908
XP_036193927.1	XP_023386525	29.245	212	1248	690	33	1.48e-17	94.0	guanylate cyclase soluble subunit alpha-3 isoform X1 [Pteropus vampyrus]	132908
XP_036193927.1	XP_011358626	29.798	198	1248	690	33	1.84e-20	103	guanylate cyclase soluble subunit alpha-3 isoform X1 [Pteropus vampyrus]	132908
XP_036193927.1	XP_011358626	29.245	212	1248	690	33	1.48e-17	94.0	guanylate cyclase soluble subunit alpha-3 isoform X1 [Pteropus vampyrus]	132908
XP_036193927.1	XP_080933396	30.303	198	1248	690	33	1.84e-20	103	guanylate cyclase soluble subunit alpha-1 isoform 1 [Rhinolophus hipposideros]	77218
XP_036193927.1	XP_080933396	28.774	212	1248	690	33	1.45e-16	90.9	guanylate cyclase soluble subunit alpha-1 isoform 1 [Rhinolophus hipposideros]	77218
XP_036193927.1	XP_080933395	30.303	198	1248	690	33	1.84e-20	103	guanylate cyclase soluble subunit alpha-1 isoform 1 [Rhinolophus hipposideros]	77218
XP_036193927.1	XP_080933395	28.774	212	1248	690	33	1.45e-16	90.9	guanylate cyclase soluble subunit alpha-1 isoform 1 [Rhinolophus hipposideros]	77218
XP_036193927.1	XP_080933394	30.303	198	1248	690	33	1.84e-20	103	guanylate cyclase soluble subunit alpha-1 isoform 1 [Rhinolophus hipposideros]	77218
XP_036193927.1	XP_080933394	28.774	212	1248	690	33	1.45e-16	90.9	guanylate cyclase soluble subunit alpha-1 isoform 1 [Rhinolophus hipposideros]	77218
XP_036193927.1	XP_080933393	30.303	198	1248	690	33	1.84e-20	103	guanylate cyclase soluble subunit alpha-1 isoform 1 [Rhinolophus hipposideros]	77218
XP_036193927.1	XP_080933393	28.774	212	1248	690	33	1.45e-16	90.9	guanylate cyclase soluble subunit alpha-1 isoform 1 [Rhinolophus hipposideros]	77218
XP_036193927.1	XP_039732147	29.798	198	1248	690	33	1.84e-20	103	guanylate cyclase soluble subunit alpha-1 isoform X1 [Pteropus medius]	143291
XP_036193927.1	XP_039732147	29.245	212	1248	690	33	1.48e-17	94.0	guanylate cyclase soluble subunit alpha-1 isoform X1 [Pteropus medius]	143291
XP_036193927.1	XP_039732146	29.798	198	1248	690	33	1.84e-20	103	guanylate cyclase soluble subunit alpha-1 isoform X1 [Pteropus medius]	143291
XP_036193927.1	XP_039732146	29.245	212	1248	690	33	1.48e-17	94.0	guanylate cyclase soluble subunit alpha-1 isoform X1 [Pteropus medius]	143291
XP_036193927.1	XP_039732145	29.798	198	1248	690	33	1.84e-20	103	guanylate cyclase soluble subunit alpha-1 isoform X1 [Pteropus medius]	143291
XP_036193927.1	XP_039732145	29.245	212	1248	690	33	1.48e-17	94.0	guanylate cyclase soluble subunit alpha-1 isoform X1 [Pteropus medius]	143291
XP_036193927.1	XP_039732144	29.798	198	1248	690	33	1.84e-20	103	guanylate cyclase soluble subunit alpha-1 isoform X1 [Pteropus medius]	143291
XP_036193927.1	XP_039732144	29.245	212	1248	690	33	1.48e-17	94.0	guanylate cyclase soluble subunit alpha-1 isoform X1 [Pteropus medius]	143291
XP_036193927.1	XP_039732143	29.798	198	1248	690	33	1.84e-20	103	guanylate cyclase soluble subunit alpha-1 isoform X1 [Pteropus medius]	143291
XP_036193927.1	XP_039732143	29.245	212	1248	690	33	1.48e-17	94.0	guanylate cyclase soluble subunit alpha-1 isoform X1 [Pteropus medius]	143291
XP_036193927.1	XP_039732142	29.798	198	1248	690	33	1.84e-20	103	guanylate cyclase soluble subunit alpha-1 isoform X1 [Pteropus medius]	143291
XP_036193927.1	XP_039732142	29.245	212	1248	690	33	1.48e-17	94.0	guanylate cyclase soluble subunit alpha-1 isoform X1 [Pteropus medius]	143291
XP_036193927.1	XP_039732141	29.798	198	1248	690	33	1.84e-20	103	guanylate cyclase soluble subunit alpha-1 isoform X1 [Pteropus medius]	143291
XP_036193927.1	XP_039732141	29.245	212	1248	690	33	1.48e-17	94.0	guanylate cyclase soluble subunit alpha-1 isoform X1 [Pteropus medius]	143291
XP_036193927.1	XP_039732140	29.798	198	1248	690	33	1.84e-20	103	guanylate cyclase soluble subunit alpha-1 isoform X1 [Pteropus medius]	143291
XP_036193927.1	XP_039732140	29.245	212	1248	690	33	1.48e-17	94.0	guanylate cyclase soluble subunit alpha-1 isoform X1 [Pteropus medius]	143291
XP_036193927.1	XP_039732139	29.798	198	1248	690	33	1.84e-20	103	guanylate cyclase soluble subunit alpha-1 isoform X1 [Pteropus medius]	143291
XP_036193927.1	XP_039732139	29.245	212	1248	690	33	1.48e-17	94.0	guanylate cyclase soluble subunit alpha-1 isoform X1 [Pteropus medius]	143291
XP_036193927.1	XP_054432159	29.528	254	1248	1074	37	1.85e-20	103	LOW QUALITY PROTEIN: guanylate cyclase D-like [Pteronotus mesoamericanus]	1884717
XP_036193927.1	XP_054432159	28.947	228	1248	1074	37	9.77e-19	98.6	LOW QUALITY PROTEIN: guanylate cyclase D-like [Pteronotus mesoamericanus]	1884717
XP_036193927.1	XP_036109095	30.537	298	1248	1071	42	2.31e-20	103	heat-stable enterotoxin receptor [Molossus molossus]	27622
XP_036193927.1	XP_036109095	30.508	236	1248	1071	42	4.27e-19	99.8	heat-stable enterotoxin receptor [Molossus molossus]	27622
XP_036193927.1	XP_019502112	27.132	258	1248	1100	39	2.79e-20	103	PREDICTED: LOW QUALITY PROTEIN: guanylate cyclase 2G-like [Hipposideros armiger]	186990
XP_036193927.1	XP_019502112	28.807	243	1248	1100	39	2.68e-16	90.5	PREDICTED: LOW QUALITY PROTEIN: guanylate cyclase 2G-like [Hipposideros armiger]	186990
XP_036193927.1	XP_016052995	29.054	296	1248	1073	42	2.81e-20	103	PREDICTED: heat-stable enterotoxin receptor [Miniopterus natalensis]	291302
XP_036193927.1	XP_016052995	30.508	236	1248	1073	42	7.82e-19	99.0	PREDICTED: heat-stable enterotoxin receptor [Miniopterus natalensis]	291302
XP_036193927.1	XP_014388374	35.032	157	1248	729	33	2.84e-20	102	PREDICTED: guanylate cyclase soluble subunit alpha-2 [Myotis brandtii]	109478
XP_036193927.1	XP_014388374	28.626	262	1248	729	33	1.50e-16	90.9	PREDICTED: guanylate cyclase soluble subunit alpha-2 [Myotis brandtii]	109478
XP_036193927.1	XP_006098900	35.032	157	1248	854	33	2.86e-20	103	guanylate cyclase soluble subunit alpha-2 [Myotis lucifugus]	59463
XP_036193927.1	XP_006098900	28.626	262	1248	854	33	1.62e-16	91.3	guanylate cyclase soluble subunit alpha-2 [Myotis lucifugus]	59463
XP_036193927.1	XP_032971945	32.308	260	1248	1076	37	3.01e-20	103	LOW QUALITY PROTEIN: guanylyl cyclase C [Rhinolophus ferrumequinum]	59479
XP_036193927.1	XP_032971945	31.579	209	1248	1076	37	6.39e-19	99.0	LOW QUALITY PROTEIN: guanylyl cyclase C [Rhinolophus ferrumequinum]	59479
XP_036193927.1	XP_054446894	32.308	260	1248	1073	37	3.09e-20	103	guanylyl cyclase C [Pteronotus mesoamericanus]	1884717
XP_036193927.1	XP_054446894	31.579	209	1248	1073	37	4.28e-19	99.8	guanylyl cyclase C [Pteronotus mesoamericanus]	1884717
XP_036193927.1	XP_014395673	32.308	260	1248	1054	37	3.18e-20	103	PREDICTED: heat-stable enterotoxin receptor isoform X2 [Myotis brandtii]	109478
XP_036193927.1	XP_014395673	31.579	209	1248	1054	37	8.21e-19	98.6	PREDICTED: heat-stable enterotoxin receptor isoform X2 [Myotis brandtii]	109478
XP_036193927.1	XP_036282760	35.032	157	1248	718	31	3.20e-20	102	guanylate cyclase soluble subunit alpha-2 [Pipistrellus kuhlii]	59472
XP_036193927.1	XP_036282760	29.583	240	1248	718	31	4.54e-17	92.8	guanylate cyclase soluble subunit alpha-2 [Pipistrellus kuhlii]	59472
XP_036193927.1	XP_019498821	30.961	281	1248	988	41	3.21e-20	103	PREDICTED: heat-stable enterotoxin receptor [Hipposideros armiger]	186990
XP_036193927.1	XP_019498821	30.508	236	1248	988	41	4.90e-19	99.4	PREDICTED: heat-stable enterotoxin receptor [Hipposideros armiger]	186990
XP_036193927.1	XP_035888928	29.520	271	1248	1132	38	3.23e-20	103	retinal guanylyl cyclase 1 isoform X1 [Phyllostomus discolor]	89673
XP_036193927.1	XP_035888928	28.077	260	1248	1132	38	5.52e-18	96.3	retinal guanylyl cyclase 1 isoform X1 [Phyllostomus discolor]	89673
XP_036193927.1	XP_035888927	29.520	271	1248	1132	38	3.23e-20	103	retinal guanylyl cyclase 1 isoform X1 [Phyllostomus discolor]	89673
XP_036193927.1	XP_035888927	28.077	260	1248	1132	38	5.52e-18	96.3	retinal guanylyl cyclase 1 isoform X1 [Phyllostomus discolor]	89673
XP_036193927.1	XP_035888926	29.520	271	1248	1132	38	3.23e-20	103	retinal guanylyl cyclase 1 isoform X1 [Phyllostomus discolor]	89673
XP_036193927.1	XP_035888926	28.077	260	1248	1132	38	5.52e-18	96.3	retinal guanylyl cyclase 1 isoform X1 [Phyllostomus discolor]	89673
XP_036193927.1	XP_005866855	32.308	260	1248	1073	37	3.30e-20	103	PREDICTED: heat-stable enterotoxin receptor isoform X1 [Myotis brandtii]	109478
XP_036193927.1	XP_005866855	31.579	209	1248	1073	37	8.09e-19	99.0	PREDICTED: heat-stable enterotoxin receptor isoform X1 [Myotis brandtii]	109478
XP_036193927.1	XP_035888929	29.520	271	1248	1131	38	3.31e-20	103	retinal guanylyl cyclase 1 isoform X2 [Phyllostomus discolor]	89673
XP_036193927.1	XP_035888929	28.077	260	1248	1131	38	5.52e-18	96.3	retinal guanylyl cyclase 1 isoform X2 [Phyllostomus discolor]	89673
XP_036193927.1	XP_035888930	29.520	271	1248	1105	38	3.34e-20	103	retinal guanylyl cyclase 1 isoform X4 [Phyllostomus discolor]	89673
XP_036193927.1	XP_035888930	28.077	260	1248	1105	38	5.73e-18	95.9	retinal guanylyl cyclase 1 isoform X4 [Phyllostomus discolor]	89673
XP_036193927.1	XP_027987816	35.032	157	1248	729	31	3.37e-20	102	guanylate cyclase soluble subunit alpha-2 [Eptesicus fuscus]	29078
XP_036193927.1	XP_027987816	29.583	240	1248	729	31	4.79e-17	92.4	guanylate cyclase soluble subunit alpha-2 [Eptesicus fuscus]	29078
XP_036193927.1	XP_080985400	29.054	296	1248	1073	40	3.48e-20	103	guanylyl cyclase C [Miniopterus schreibersii]	9433
XP_036193927.1	XP_080985400	31.579	209	1248	1073	40	8.23e-19	99.0	guanylyl cyclase C [Miniopterus schreibersii]	9433
XP_036193927.1	XP_079643486	35.032	157	1248	730	33	3.49e-20	102	guanylate cyclase soluble subunit alpha-2 [Cnephaeus nilssonii]	3371016
XP_036193927.1	XP_079643486	28.626	262	1248	730	33	1.15e-16	91.3	guanylate cyclase soluble subunit alpha-2 [Cnephaeus nilssonii]	3371016
XP_036193927.1	XP_037009548	35.032	157	1248	725	33	3.52e-20	102	guanylate cyclase soluble subunit alpha-2 [Artibeus jamaicensis]	9417
XP_036193927.1	XP_037009548	28.626	262	1248	725	33	8.53e-17	91.7	guanylate cyclase soluble subunit alpha-2 [Artibeus jamaicensis]	9417
XP_036193927.1	XP_080954916	35.032	157	1248	726	33	3.62e-20	102	guanylate cyclase soluble subunit alpha-2 [Myotis nattereri]	109481
XP_036193927.1	XP_080954916	28.626	262	1248	726	33	1.20e-16	91.3	guanylate cyclase soluble subunit alpha-2 [Myotis nattereri]	109481
XP_036193927.1	XP_006765404	35.032	157	1248	711	33	3.72e-20	102	PREDICTED: guanylate cyclase soluble subunit alpha-2 [Myotis davidii]	225400
XP_036193927.1	XP_006765404	28.626	262	1248	711	33	8.05e-17	91.7	PREDICTED: guanylate cyclase soluble subunit alpha-2 [Myotis davidii]	225400
XP_036193927.1	XP_070282091	35.032	157	1248	727	33	3.72e-20	102	guanylate cyclase soluble subunit alpha-2 [Myotis yumanensis]	159337
XP_036193927.1	XP_070282091	28.626	262	1248	727	33	1.26e-16	91.3	guanylate cyclase soluble subunit alpha-2 [Myotis yumanensis]	159337
XP_036193927.1	XP_036180352	35.032	157	1248	719	33	3.75e-20	102	guanylate cyclase soluble subunit alpha-2 [Myotis myotis]	51298
XP_036193927.1	XP_036180352	28.626	262	1248	719	33	1.18e-16	91.3	guanylate cyclase soluble subunit alpha-2 [Myotis myotis]	51298
XP_036193927.1	XP_036903625	35.032	157	1248	726	33	3.84e-20	102	guanylate cyclase soluble subunit alpha-2 [Sturnira hondurensis]	192404
XP_036193927.1	XP_036903625	28.626	262	1248	726	33	7.57e-17	92.0	guanylate cyclase soluble subunit alpha-2 [Sturnira hondurensis]	192404
XP_036193927.1	XP_036077453	35.032	157	1248	659	31	3.85e-20	102	guanylate cyclase soluble subunit alpha-2 [Rousettus aegyptiacus]	9407
XP_036193927.1	XP_036077453	29.583	240	1248	659	31	4.15e-17	92.4	guanylate cyclase soluble subunit alpha-2 [Rousettus aegyptiacus]	9407
XP_036193927.1	XP_080499324	35.032	157	1248	729	33	3.93e-20	102	guanylate cyclase soluble subunit alpha-2 [Plecotus auritus]	61862
XP_036193927.1	XP_080499324	28.626	262	1248	729	33	1.05e-16	91.7	guanylate cyclase soluble subunit alpha-2 [Plecotus auritus]	61862
XP_036193927.1	XP_036114883	35.032	157	1248	730	33	3.98e-20	102	guanylate cyclase soluble subunit alpha-2 isoform X2 [Molossus molossus]	27622
XP_036193927.1	XP_036114883	28.626	262	1248	730	33	1.31e-16	91.3	guanylate cyclase soluble subunit alpha-2 isoform X2 [Molossus molossus]	27622
XP_036193927.1	XP_045040257	31.923	260	1248	1074	37	4.06e-20	103	guanylyl cyclase C [Desmodus rotundus]	9430
XP_036193927.1	XP_045040257	31.100	209	1248	1074	37	5.07e-19	99.4	guanylyl cyclase C [Desmodus rotundus]	9430
XP_036193927.1	XP_074182086	29.801	302	1248	1076	40	4.13e-20	103	guanylyl cyclase C [Rhinolophus sinicus]	89399
XP_036193927.1	XP_074182086	31.579	209	1248	1076	40	5.30e-19	99.4	guanylyl cyclase C [Rhinolophus sinicus]	89399
XP_036193927.1	XP_080921133	35.032	157	1248	728	33	4.21e-20	102	guanylate cyclase soluble subunit alpha-2 [Rhinolophus hipposideros]	77218
XP_036193927.1	XP_080921133	28.626	262	1248	728	33	7.47e-17	92.0	guanylate cyclase soluble subunit alpha-2 [Rhinolophus hipposideros]	77218
XP_036193927.1	XP_036889837	31.923	260	1248	1114	37	4.23e-20	103	guanylyl cyclase C [Sturnira hondurensis]	192404
XP_036193927.1	XP_036889837	31.579	209	1248	1114	37	3.23e-19	100	guanylyl cyclase C [Sturnira hondurensis]	192404
XP_036193927.1	XP_066227686	35.032	157	1248	727	33	4.31e-20	102	guanylate cyclase soluble subunit alpha-2 [Saccopteryx leptura]	249018
XP_036193927.1	XP_066227686	28.626	262	1248	727	33	7.14e-17	92.0	guanylate cyclase soluble subunit alpha-2 [Saccopteryx leptura]	249018
XP_036193927.1	XP_066103679	35.032	157	1248	727	33	4.31e-20	102	guanylate cyclase soluble subunit alpha-2 [Saccopteryx bilineata]	59482
XP_036193927.1	XP_066103679	28.626	262	1248	727	33	7.14e-17	92.0	guanylate cyclase soluble subunit alpha-2 [Saccopteryx bilineata]	59482
XP_036193927.1	XP_036121817	28.846	260	1248	1115	38	4.38e-20	102	LOW QUALITY PROTEIN: guanylate cyclase 2G-like [Molossus molossus]	27622
XP_036193927.1	XP_036121817	30.303	231	1248	1115	38	1.58e-18	97.8	LOW QUALITY PROTEIN: guanylate cyclase 2G-like [Molossus molossus]	27622
XP_036193927.1	XP_045693870	35.032	157	1248	726	33	4.41e-20	102	guanylate cyclase soluble subunit alpha-2 [Phyllostomus hastatus]	9423
XP_036193927.1	XP_045693870	28.626	262	1248	726	33	8.11e-17	91.7	guanylate cyclase soluble subunit alpha-2 [Phyllostomus hastatus]	9423
XP_036193927.1	XP_032975683	35.032	157	1248	728	33	4.47e-20	102	guanylate cyclase soluble subunit alpha-2 isoform X1 [Rhinolophus ferrumequinum]	59479
XP_036193927.1	XP_032975683	28.626	262	1248	728	33	7.86e-17	92.0	guanylate cyclase soluble subunit alpha-2 isoform X1 [Rhinolophus ferrumequinum]	59479
XP_036193927.1	XP_059563942	35.032	157	1248	726	33	4.49e-20	102	guanylate cyclase soluble subunit alpha-2 [Myotis daubentonii]	98922
XP_036193927.1	XP_059563942	28.626	262	1248	726	33	1.52e-16	90.9	guanylate cyclase soluble subunit alpha-2 [Myotis daubentonii]	98922
XP_036193927.1	XP_081011137	35.032	157	1248	724	33	4.55e-20	102	guanylate cyclase soluble subunit alpha-2 [Miniopterus schreibersii]	9433
XP_036193927.1	XP_081011137	28.626	262	1248	724	33	9.36e-17	91.7	guanylate cyclase soluble subunit alpha-2 [Miniopterus schreibersii]	9433
XP_036193927.1	XP_028371855	35.032	157	1248	725	33	4.59e-20	102	guanylate cyclase soluble subunit alpha-2 [Phyllostomus discolor]	89673
XP_036193927.1	XP_028371855	28.626	262	1248	725	33	8.38e-17	91.7	guanylate cyclase soluble subunit alpha-2 [Phyllostomus discolor]	89673
XP_036193927.1	XP_039714660	35.032	157	1248	736	31	4.62e-20	102	guanylate cyclase soluble subunit alpha-2 isoform X1 [Pteropus medius]	143291
XP_036193927.1	XP_039714660	29.583	240	1248	736	31	4.11e-17	92.8	guanylate cyclase soluble subunit alpha-2 isoform X1 [Pteropus medius]	143291
XP_036193927.1	XP_054448458	35.032	157	1248	727	33	4.82e-20	102	guanylate cyclase soluble subunit alpha-2 [Pteronotus mesoamericanus]	1884717
XP_036193927.1	XP_054448458	28.626	262	1248	727	33	7.99e-17	92.0	guanylate cyclase soluble subunit alpha-2 [Pteronotus mesoamericanus]	1884717
XP_036193927.1	XP_011374283	30.872	298	1248	1073	40	4.97e-20	102	heat-stable enterotoxin receptor isoform X1 [Pteropus vampyrus]	132908
XP_036193927.1	XP_011374283	32.057	209	1248	1073	40	1.10e-18	98.2	heat-stable enterotoxin receptor isoform X1 [Pteropus vampyrus]	132908
XP_036193927.1	XP_053780956	35.032	157	1248	726	33	5.06e-20	102	guanylate cyclase soluble subunit alpha-2 [Desmodus rotundus]	9430
XP_036193927.1	XP_053780956	28.626	262	1248	726	33	6.83e-17	92.0	guanylate cyclase soluble subunit alpha-2 [Desmodus rotundus]	9430
XP_036193927.1	XP_028388772	31.923	260	1248	1074	37	5.10e-20	102	heat-stable enterotoxin receptor [Phyllostomus discolor]	89673
XP_036193927.1	XP_028388772	31.100	209	1248	1074	37	3.77e-19	99.8	heat-stable enterotoxin receptor [Phyllostomus discolor]	89673
XP_036193927.1	XP_080516884	31.923	260	1248	1073	37	5.19e-20	102	guanylyl cyclase C [Plecotus auritus]	61862
XP_036193927.1	XP_080516884	31.579	209	1248	1073	37	4.54e-19	99.8	guanylyl cyclase C [Plecotus auritus]	61862
XP_036193927.1	XP_006912705	30.872	298	1248	1073	40	5.50e-20	102	heat-stable enterotoxin receptor isoform X1 [Pteropus alecto]	9402
XP_036193927.1	XP_006912705	32.057	209	1248	1073	40	1.25e-18	98.2	heat-stable enterotoxin receptor isoform X1 [Pteropus alecto]	9402
XP_036193927.1	XP_081014034	29.231	260	1248	1092	41	5.57e-20	102	guanylate cyclase 2G-like [Miniopterus schreibersii]	9433
XP_036193927.1	XP_081014034	29.572	257	1248	1092	41	2.76e-19	100	guanylate cyclase 2G-like [Miniopterus schreibersii]	9433
XP_036193927.1	XP_015445476	29.781	319	1248	959	41	5.88e-20	102	heat-stable enterotoxin receptor isoform X2 [Pteropus alecto]	9402
XP_036193927.1	XP_015445476	32.057	209	1248	959	41	9.97e-19	98.6	heat-stable enterotoxin receptor isoform X2 [Pteropus alecto]	9402
XP_036193927.1	XP_011374284	30.872	298	1248	959	40	6.24e-20	102	heat-stable enterotoxin receptor isoform X2 [Pteropus vampyrus]	132908
XP_036193927.1	XP_011374284	32.057	209	1248	959	40	9.31e-19	98.6	heat-stable enterotoxin receptor isoform X2 [Pteropus vampyrus]	132908
XP_036193927.1	XP_045438174	30.864	243	1248	1095	39	6.34e-20	102	guanylate cyclase 2G-like [Pipistrellus kuhlii]	59472
XP_036193927.1	XP_045438174	27.519	258	1248	1095	39	1.50e-19	101	guanylate cyclase 2G-like [Pipistrellus kuhlii]	59472
XP_036193927.1	XP_045685524	31.923	260	1248	1061	37	6.76e-20	102	heat-stable enterotoxin receptor isoform X2 [Phyllostomus hastatus]	9423
XP_036193927.1	XP_045685524	31.100	209	1248	1061	37	4.54e-19	99.8	heat-stable enterotoxin receptor isoform X2 [Phyllostomus hastatus]	9423
XP_036193927.1	XP_016067586	29.231	260	1248	1092	41	6.83e-20	102	PREDICTED: guanylate cyclase 2G-like [Miniopterus natalensis]	291302
XP_036193927.1	XP_016067586	29.572	257	1248	1092	41	3.62e-19	100	PREDICTED: guanylate cyclase 2G-like [Miniopterus natalensis]	291302
XP_036193927.1	XP_045685523	31.923	260	1248	1074	37	7.11e-20	102	heat-stable enterotoxin receptor isoform X1 [Phyllostomus hastatus]	9423
XP_036193927.1	XP_045685523	31.100	209	1248	1074	37	4.54e-19	99.8	heat-stable enterotoxin receptor isoform X1 [Phyllostomus hastatus]	9423
XP_036193927.1	XP_036311284	31.183	279	1248	1098	45	7.22e-20	102	heat-stable enterotoxin receptor [Pipistrellus kuhlii]	59472
XP_036193927.1	XP_036311284	29.073	313	1248	1098	45	3.79e-19	99.8	heat-stable enterotoxin receptor [Pipistrellus kuhlii]	59472
XP_036193927.1	XP_036992543	31.923	260	1248	1074	37	7.42e-20	102	guanylyl cyclase C [Artibeus jamaicensis]	9417
XP_036193927.1	XP_036992543	31.100	209	1248	1074	37	3.80e-19	99.8	guanylyl cyclase C [Artibeus jamaicensis]	9417
XP_036193927.1	XP_006088242	26.866	268	1248	1034	40	7.60e-20	102	guanylate cyclase 2G-like, partial [Myotis lucifugus]	59463
XP_036193927.1	XP_006088242	30.453	243	1248	1034	40	1.87e-19	100	guanylate cyclase 2G-like, partial [Myotis lucifugus]	59463
XP_036193927.1	XP_036152498	31.923	260	1248	1073	37	7.80e-20	102	heat-stable enterotoxin receptor isoform X1 [Myotis myotis]	51298
XP_036193927.1	XP_036152498	31.579	209	1248	1073	37	7.82e-19	99.0	heat-stable enterotoxin receptor isoform X1 [Myotis myotis]	51298
XP_036193927.1	XP_036152497	31.923	260	1248	1073	37	7.80e-20	102	heat-stable enterotoxin receptor isoform X1 [Myotis myotis]	51298
XP_036193927.1	XP_036152497	31.579	209	1248	1073	37	7.82e-19	99.0	heat-stable enterotoxin receptor isoform X1 [Myotis myotis]	51298
XP_036193927.1	XP_036152499	31.923	260	1248	1054	37	7.97e-20	102	heat-stable enterotoxin receptor isoform X2 [Myotis myotis]	51298
XP_036193927.1	XP_036152499	31.579	209	1248	1054	37	8.35e-19	98.6	heat-stable enterotoxin receptor isoform X2 [Myotis myotis]	51298
XP_036193927.1	XP_080940273	31.923	260	1248	1073	37	8.07e-20	102	guanylyl cyclase C [Myotis nattereri]	109481
XP_036193927.1	XP_080940273	31.579	209	1248	1073	37	9.12e-19	98.6	guanylyl cyclase C [Myotis nattereri]	109481
XP_036193927.1	XP_032975684	35.032	157	1248	669	33	8.28e-20	101	guanylate cyclase soluble subunit alpha-2 isoform X2 [Rhinolophus ferrumequinum]	59479
XP_036193927.1	XP_032975684	28.626	262	1248	669	33	5.83e-17	92.0	guanylate cyclase soluble subunit alpha-2 isoform X2 [Rhinolophus ferrumequinum]	59479
XP_036193927.1	XP_059538254	31.923	260	1248	1073	37	8.28e-20	102	guanylyl cyclase C [Myotis daubentonii]	98922
XP_036193927.1	XP_059538254	31.579	209	1248	1073	37	9.20e-19	98.6	guanylyl cyclase C [Myotis daubentonii]	98922
XP_036193927.1	XP_039732350	31.541	279	1248	1075	38	8.43e-20	102	LOW QUALITY PROTEIN: guanylyl cyclase C [Pteropus medius]	143291
XP_036193927.1	XP_039732350	32.057	209	1248	1075	38	1.18e-18	98.2	LOW QUALITY PROTEIN: guanylyl cyclase C [Pteropus medius]	143291
XP_036193927.1	XP_079631577	31.923	260	1248	1069	37	8.55e-20	102	guanylyl cyclase C [Cnephaeus nilssonii]	3371016
XP_036193927.1	XP_079631577	31.579	209	1248	1069	37	9.41e-19	98.6	guanylyl cyclase C [Cnephaeus nilssonii]	3371016
XP_036193927.1	XP_070266753	31.923	260	1248	1073	37	8.57e-20	102	guanylyl cyclase C [Myotis yumanensis]	159337
XP_036193927.1	XP_070266753	31.579	209	1248	1073	37	8.89e-19	98.6	guanylyl cyclase C [Myotis yumanensis]	159337
XP_036193927.1	XP_006084337	31.923	260	1248	1072	37	8.64e-20	102	heat-stable enterotoxin receptor [Myotis lucifugus]	59463
XP_036193927.1	XP_006084337	31.579	209	1248	1072	37	1.06e-18	98.6	heat-stable enterotoxin receptor [Myotis lucifugus]	59463
XP_036193927.1	XP_008138657	31.923	260	1248	1069	37	8.77e-20	102	guanylyl cyclase C [Eptesicus fuscus]	29078
XP_036193927.1	XP_008138657	31.579	209	1248	1069	37	9.57e-19	98.6	guanylyl cyclase C [Eptesicus fuscus]	29078
XP_036193927.1	XP_080915669	31.923	260	1248	1074	39	8.95e-20	102	guanylyl cyclase C [Rhinolophus hipposideros]	77218
XP_036193927.1	XP_080915669	30.508	236	1248	1074	39	5.91e-19	99.4	guanylyl cyclase C [Rhinolophus hipposideros]	77218
XP_036193927.1	XP_005874626	30.453	243	1248	1096	39	1.15e-19	101	PREDICTED: guanylate cyclase 2G-like [Myotis brandtii]	109478
XP_036193927.1	XP_005874626	27.132	258	1248	1096	39	2.23e-19	100	PREDICTED: guanylate cyclase 2G-like [Myotis brandtii]	109478
XP_036193927.1	XP_080543988	28.000	250	1248	1096	38	1.16e-19	101	guanylate cyclase 2G-like [Plecotus auritus]	61862
XP_036193927.1	XP_080543988	29.630	243	1248	1096	38	3.06e-19	100	guanylate cyclase 2G-like [Plecotus auritus]	61862
XP_036193927.1	XP_070289339	30.453	243	1248	1096	39	1.17e-19	101	guanylate cyclase 2G-like [Myotis yumanensis]	159337
XP_036193927.1	XP_070289339	27.132	258	1248	1096	39	2.05e-19	100	guanylate cyclase 2G-like [Myotis yumanensis]	159337
XP_036193927.1	XP_015996027	30.605	281	1248	1074	41	1.31e-19	101	heat-stable enterotoxin receptor [Rousettus aegyptiacus]	9407
XP_036193927.1	XP_015996027	30.508	236	1248	1074	41	9.05e-19	98.6	heat-stable enterotoxin receptor [Rousettus aegyptiacus]	9407
XP_036193927.1	XP_054584780	30.041	243	1248	1096	39	1.49e-19	101	guanylate cyclase 2G-like [Eptesicus fuscus]	29078
XP_036193927.1	XP_054584780	27.170	265	1248	1096	39	1.73e-19	100	guanylate cyclase 2G-like [Eptesicus fuscus]	29078
XP_036193927.1	XP_059517966	28.077	260	1248	1096	39	1.52e-19	101	guanylate cyclase 2G-like [Myotis daubentonii]	98922
XP_036193927.1	XP_059517966	30.041	243	1248	1096	39	2.63e-19	100	guanylate cyclase 2G-like [Myotis daubentonii]	98922
XP_036193927.1	XP_066211455	30.466	279	1248	1073	38	1.77e-19	100	guanylyl cyclase C isoform X1 [Saccopteryx leptura]	249018
XP_036193927.1	XP_066211455	31.579	209	1248	1073	38	3.43e-19	100	guanylyl cyclase C isoform X1 [Saccopteryx leptura]	249018
XP_036193927.1	XP_066120632	29.333	300	1248	959	40	1.77e-19	100	guanylyl cyclase C isoform X3 [Saccopteryx bilineata]	59482
XP_036193927.1	XP_066120632	31.579	209	1248	959	40	2.97e-19	100	guanylyl cyclase C isoform X3 [Saccopteryx bilineata]	59482
XP_036193927.1	XP_036193264	27.519	258	1248	1095	39	1.88e-19	100	guanylate cyclase 2G-like [Myotis myotis]	51298
XP_036193927.1	XP_036193264	30.041	243	1248	1095	39	2.74e-19	100	guanylate cyclase 2G-like [Myotis myotis]	51298
XP_036193927.1	XP_066211473	29.333	300	1248	959	40	1.89e-19	100	guanylyl cyclase C isoform X3 [Saccopteryx leptura]	249018
XP_036193927.1	XP_066211473	31.579	209	1248	959	40	3.18e-19	100	guanylyl cyclase C isoform X3 [Saccopteryx leptura]	249018
XP_036193927.1	XP_080960654	27.170	265	1248	1219	39	1.91e-19	100	guanylate cyclase 2G-like [Myotis nattereri]	109481
XP_036193927.1	XP_080960654	30.041	243	1248	1219	39	2.66e-19	100	guanylate cyclase 2G-like [Myotis nattereri]	109481
XP_036193927.1	XP_066120631	29.333	300	1248	966	40	1.94e-19	100	guanylyl cyclase C isoform X2 [Saccopteryx bilineata]	59482
XP_036193927.1	XP_066120631	31.579	209	1248	966	40	3.15e-19	100	guanylyl cyclase C isoform X2 [Saccopteryx bilineata]	59482
XP_036193927.1	XP_079649398	27.170	265	1248	1096	39	1.95e-19	100	guanylate cyclase 2G-like [Cnephaeus nilssonii]	3371016
XP_036193927.1	XP_079649398	30.041	243	1248	1096	39	2.23e-19	100	guanylate cyclase 2G-like [Cnephaeus nilssonii]	3371016
XP_036193927.1	XP_066211464	29.333	300	1248	966	40	1.95e-19	100	guanylyl cyclase C isoform X2 [Saccopteryx leptura]	249018
XP_036193927.1	XP_066211464	31.579	209	1248	966	40	3.54e-19	99.8	guanylyl cyclase C isoform X2 [Saccopteryx leptura]	249018
XP_036193927.1	XP_066120630	30.466	279	1248	1073	38	1.97e-19	100	guanylyl cyclase C isoform X1 [Saccopteryx bilineata]	59482
XP_036193927.1	XP_066120630	31.579	209	1248	1073	38	3.29e-19	100	guanylyl cyclase C isoform X1 [Saccopteryx bilineata]	59482
XP_036193927.1	XP_006778812	30.041	243	1248	862	39	2.48e-19	100	PREDICTED: guanylate cyclase 2G-like [Myotis davidii]	225400
XP_036193927.1	XP_006778812	28.077	260	1248	862	39	3.09e-19	99.8	PREDICTED: guanylate cyclase 2G-like [Myotis davidii]	225400
XP_036193927.1	XP_080902771	27.679	224	1248	571	36	2.56e-19	99.4	LOW QUALITY PROTEIN: guanylate cyclase soluble subunit beta-2-like [Rhinolophus hipposideros]	77218
XP_036193927.1	XP_080902771	26.957	230	1248	571	36	1.40e-17	93.6	LOW QUALITY PROTEIN: guanylate cyclase soluble subunit beta-2-like [Rhinolophus hipposideros]	77218
XP_036193927.1	XP_019518857	33.333	198	1248	1025	31	7.33e-19	99.0	PREDICTED: atrial natriuretic peptide receptor 2 isoform X7 [Hipposideros armiger]	186990
XP_036193927.1	XP_019518857	29.897	194	1248	1025	31	3.27e-16	90.1	PREDICTED: atrial natriuretic peptide receptor 2 isoform X7 [Hipposideros armiger]	186990
XP_036193927.1	XP_019518853	33.333	198	1248	1073	31	7.50e-19	99.0	PREDICTED: atrial natriuretic peptide receptor 2 isoform X3 [Hipposideros armiger]	186990
XP_036193927.1	XP_019518853	29.897	194	1248	1073	31	3.11e-16	90.5	PREDICTED: atrial natriuretic peptide receptor 2 isoform X3 [Hipposideros armiger]	186990
XP_036193927.1	XP_019518851	33.333	198	1248	1098	31	8.72e-19	98.6	PREDICTED: atrial natriuretic peptide receptor 2 isoform X1 [Hipposideros armiger]	186990
XP_036193927.1	XP_019518851	29.897	194	1248	1098	31	3.20e-16	90.5	PREDICTED: atrial natriuretic peptide receptor 2 isoform X1 [Hipposideros armiger]	186990
XP_036193927.1	XP_019518852	33.333	198	1248	1095	31	8.85e-19	98.6	PREDICTED: atrial natriuretic peptide receptor 2 isoform X2 [Hipposideros armiger]	186990
XP_036193927.1	XP_019518852	29.897	194	1248	1095	31	3.12e-16	90.5	PREDICTED: atrial natriuretic peptide receptor 2 isoform X2 [Hipposideros armiger]	186990
XP_036193927.1	XP_019518859	33.333	198	1248	1008	31	1.20e-18	98.2	PREDICTED: atrial natriuretic peptide receptor 2 isoform X9 [Hipposideros armiger]	186990
XP_036193927.1	XP_019518859	29.897	194	1248	1008	31	3.35e-16	90.1	PREDICTED: atrial natriuretic peptide receptor 2 isoform X9 [Hipposideros armiger]	186990
XP_036193927.1	XP_054440643	30.864	243	1248	1024	37	1.22e-18	98.2	atrial natriuretic peptide receptor 2 isoform X2 [Pteronotus mesoamericanus]	1884717
XP_036193927.1	XP_054440643	27.848	237	1248	1024	37	2.35e-13	80.9	atrial natriuretic peptide receptor 2 isoform X2 [Pteronotus mesoamericanus]	1884717
XP_036193927.1	XP_019518854	33.333	198	1248	1062	31	1.45e-18	97.8	PREDICTED: atrial natriuretic peptide receptor 2 isoform X4 [Hipposideros armiger]	186990
XP_036193927.1	XP_019518854	29.897	194	1248	1062	31	4.49e-16	89.7	PREDICTED: atrial natriuretic peptide receptor 2 isoform X4 [Hipposideros armiger]	186990
XP_036193927.1	XP_019518861	33.333	198	1248	867	31	1.49e-18	97.8	PREDICTED: atrial natriuretic peptide receptor 2 isoform X10 [Hipposideros armiger]	186990
XP_036193927.1	XP_019518861	29.897	194	1248	867	31	4.30e-16	89.7	PREDICTED: atrial natriuretic peptide receptor 2 isoform X10 [Hipposideros armiger]	186990
XP_036193927.1	XP_080509250	31.132	212	1248	1091	40	3.38e-18	96.7	LOW QUALITY PROTEIN: retinal guanylyl cyclase 2 [Plecotus auritus]	61862
XP_036193927.1	XP_080509250	27.393	303	1248	1091	40	5.83e-18	95.9	LOW QUALITY PROTEIN: retinal guanylyl cyclase 2 [Plecotus auritus]	61862
XP_036193927.1	XP_035866295	35.135	148	1248	538	12	3.72e-18	95.5	adenylate cyclase type 1-like [Phyllostomus discolor]	89673
XP_036193927.1	XP_036106451	29.091	220	1248	621	33	4.46e-18	95.5	guanylate cyclase soluble subunit beta-2-like isoform X2 [Molossus molossus]	27622
XP_036193927.1	XP_036106451	27.692	195	1248	621	33	7.82e-15	85.1	guanylate cyclase soluble subunit beta-2-like isoform X2 [Molossus molossus]	27622
XP_036193927.1	XP_079620695	29.577	213	1248	1054	40	1.20e-17	95.1	LOW QUALITY PROTEIN: retinal guanylyl cyclase 2 [Cnephaeus nilssonii]	3371016
XP_036193927.1	XP_079620695	27.597	308	1248	1054	40	1.29e-17	94.7	LOW QUALITY PROTEIN: retinal guanylyl cyclase 2 [Cnephaeus nilssonii]	3371016
XP_036193927.1	XP_080982490	29.048	210	1248	1072	36	1.66e-16	91.3	LOW QUALITY PROTEIN: retinal guanylyl cyclase 2 [Miniopterus schreibersii]	9433
XP_036193927.1	XP_080982490	28.571	245	1248	1072	36	5.49e-16	89.7	LOW QUALITY PROTEIN: retinal guanylyl cyclase 2 [Miniopterus schreibersii]	9433
XP_036193927.1	XP_036114882	30.481	187	1248	760	33	3.01e-16	90.1	guanylate cyclase soluble subunit alpha-2 isoform X1 [Molossus molossus]	27622
XP_036193927.1	XP_036114882	27.178	287	1248	760	33	1.14e-13	81.6	guanylate cyclase soluble subunit alpha-2 isoform X1 [Molossus molossus]	27622
XP_036193927.1	XP_066094743	29.231	260	1248	1024	40	5.97e-16	89.4	guanylate cyclase 2G-like [Saccopteryx bilineata]	59482
XP_036193927.1	XP_066094743	30.159	252	1248	1024	40	4.44e-13	80.1	guanylate cyclase 2G-like [Saccopteryx bilineata]	59482
XP_036193927.1	XP_016054156	28.774	212	1248	1111	35	5.99e-16	89.4	PREDICTED: LOW QUALITY PROTEIN: retinal guanylyl cyclase 2 [Miniopterus natalensis]	291302
XP_036193927.1	XP_016054156	27.426	237	1248	1111	35	7.91e-15	85.9	PREDICTED: LOW QUALITY PROTEIN: retinal guanylyl cyclase 2 [Miniopterus natalensis]	291302
XP_036193927.1	XP_066210820	28.846	260	1248	1024	40	7.90e-16	89.0	guanylate cyclase 2G-like [Saccopteryx leptura]	249018
XP_036193927.1	XP_066210820	30.556	252	1248	1024	40	1.34e-13	81.6	guanylate cyclase 2G-like [Saccopteryx leptura]	249018
XP_036193927.1	XP_054575231	29.245	212	1248	1125	40	8.46e-16	89.0	LOW QUALITY PROTEIN: retinal guanylyl cyclase 2, partial [Eptesicus fuscus]	29078
XP_036193927.1	XP_054575231	25.987	304	1248	1125	40	1.19e-15	88.6	LOW QUALITY PROTEIN: retinal guanylyl cyclase 2, partial [Eptesicus fuscus]	29078
XP_036193927.1	XP_032988005	25.902	305	1248	982	40	1.21e-15	88.6	LOW QUALITY PROTEIN: retinal guanylyl cyclase 2 [Rhinolophus ferrumequinum]	59479
XP_036193927.1	XP_032988005	30.516	213	1248	982	40	1.22e-14	85.1	LOW QUALITY PROTEIN: retinal guanylyl cyclase 2 [Rhinolophus ferrumequinum]	59479
XP_036193927.1	XP_028379206	28.505	214	1248	1119	36	8.42e-15	85.9	LOW QUALITY PROTEIN: retinal guanylyl cyclase 2 [Phyllostomus discolor]	89673
XP_036193927.1	XP_028379206	28.631	241	1248	1119	36	1.19e-12	78.6	LOW QUALITY PROTEIN: retinal guanylyl cyclase 2 [Phyllostomus discolor]	89673
XP_036193927.1	XP_080930699	28.155	206	1248	1099	35	1.25e-14	85.1	LOW QUALITY PROTEIN: guanylate cyclase 2G-like [Rhinolophus hipposideros]	77218
XP_036193927.1	XP_080930699	27.984	243	1248	1099	35	1.48e-12	78.6	LOW QUALITY PROTEIN: guanylate cyclase 2G-like [Rhinolophus hipposideros]	77218
XP_036193927.1	XP_032987030	27.612	268	1248	1013	19	1.26e-14	85.1	LOW QUALITY PROTEIN: guanylate cyclase 2G-like [Rhinolophus ferrumequinum]	59479
XP_036193927.1	XP_080899133	26.978	278	1248	1005	40	2.83e-14	84.0	LOW QUALITY PROTEIN: retinal guanylyl cyclase 2 [Rhinolophus hipposideros]	77218
XP_036193927.1	XP_080899133	25.974	231	1248	1005	40	3.71e-12	77.0	LOW QUALITY PROTEIN: retinal guanylyl cyclase 2 [Rhinolophus hipposideros]	77218
XP_036193927.1	XP_006773345	33.163	196	1248	1020	15	2.34e-13	80.9	PREDICTED: heat-stable enterotoxin receptor [Myotis davidii]	225400
XP_036193927.1	XP_035883420	27.966	236	1248	712	30	6.51e-13	79.3	LOW QUALITY PROTEIN: guanylate cyclase 2G-like [Phyllostomus discolor]	89673
XP_036193927.1	XP_035883420	31.288	163	1248	712	30	6.91e-13	79.0	LOW QUALITY PROTEIN: guanylate cyclase 2G-like [Phyllostomus discolor]	89673
XP_036193927.1	XP_080937135	27.354	223	1248	993	17	8.26e-13	79.3	LOW QUALITY PROTEIN: retinal guanylyl cyclase 2 [Myotis nattereri]	109481
XP_036193927.1	XP_036894329	29.630	216	1248	924	41	8.73e-13	79.0	LOW QUALITY PROTEIN: guanylate cyclase D-like [Sturnira hondurensis]	192404
XP_036193927.1	XP_036894329	24.771	327	1248	924	41	2.31e-11	74.3	LOW QUALITY PROTEIN: guanylate cyclase D-like [Sturnira hondurensis]	192404
XP_036193927.1	XP_036310331	26.425	193	1248	736	15	8.80e-13	79.0	LOW QUALITY PROTEIN: retinal guanylyl cyclase 2 [Pipistrellus kuhlii]	59472
XP_036193927.1	XP_036199799	29.353	201	1248	1026	16	1.00e-12	79.0	atrial natriuretic peptide receptor 1 isoform X2 [Myotis myotis]	51298
XP_036193927.1	XP_059531351	29.353	201	1248	1026	16	1.06e-12	79.0	atrial natriuretic peptide receptor 1 isoform X2 [Myotis daubentonii]	98922
XP_036193927.1	XP_006082400	26.432	227	1248	1069	17	3.91e-12	77.0	LOW QUALITY PROTEIN: retinal guanylyl cyclase 2 [Myotis lucifugus]	59463
XP_036193927.1	XP_036297592	27.363	201	1248	1034	16	5.79e-12	76.3	atrial natriuretic peptide receptor 1 isoform X2 [Pipistrellus kuhlii]	59472
XP_036193927.1	XP_035888932	32.000	150	1248	1066	12	6.72e-12	76.3	retinal guanylyl cyclase 1 isoform X6 [Phyllostomus discolor]	89673
XP_036193927.1	XP_015418011	32.000	150	1248	849	12	8.14e-12	75.9	PREDICTED: retinal guanylyl cyclase 1, partial [Myotis davidii]	225400
XP_036193927.1	XP_039726832	28.079	203	1248	930	16	1.38e-11	75.1	LOW QUALITY PROTEIN: guanylate cyclase 2G-like [Pteropus medius]	143291
XP_036193927.1	XP_014394332	27.189	217	1248	1090	38	1.41e-11	75.1	PREDICTED: LOW QUALITY PROTEIN: retinal guanylyl cyclase 2 [Myotis brandtii]	109478
XP_036193927.1	XP_014394332	27.076	277	1248	1090	38	7.54e-11	72.8	PREDICTED: LOW QUALITY PROTEIN: retinal guanylyl cyclase 2 [Myotis brandtii]	109478
XP_036193927.1	XP_053524636	27.132	258	1248	1033	19	1.82e-11	74.7	LOW QUALITY PROTEIN: guanylate cyclase 2G-like [Artibeus jamaicensis]	9417
XP_036193927.1	XP_035888931	31.333	150	1248	1078	12	2.14e-11	74.7	retinal guanylyl cyclase 1 isoform X5 [Phyllostomus discolor]	89673
XP_036193927.1	XP_045710478	26.923	260	1248	1062	20	2.94e-11	74.3	LOW QUALITY PROTEIN: guanylate cyclase 2G-like [Phyllostomus hastatus]	9423
XP_036193927.1	XP_054436374	25.871	201	1248	1099	16	6.28e-11	73.2	LOW QUALITY PROTEIN: retinal guanylyl cyclase 2 [Pteronotus mesoamericanus]	1884717
XP_036193927.1	XP_039714661	32.237	152	1248	574	12	7.03e-11	72.4	guanylate cyclase soluble subunit alpha-2 isoform X2 [Pteropus medius]	143291
