XP_036188104.1	XP_059519595	100.000	505	505	505	100	0.0	1049	peroxisome proliferator-activated receptor gamma isoform X1 [Myotis daubentonii]	98922
XP_036188104.1	XP_036188104	100.000	505	505	505	100	0.0	1049	peroxisome proliferator-activated receptor gamma isoform X1 [Myotis myotis]	51298
XP_036188104.1	XP_080961772	100.000	505	505	505	100	0.0	1049	peroxisome proliferator-activated receptor gamma isoform 2 [Myotis nattereri]	109481
XP_036188104.1	XP_036287043	99.406	505	505	505	100	0.0	1044	peroxisome proliferator-activated receptor gamma isoform X2 [Pipistrellus kuhlii]	59472
XP_036188104.1	XP_070289713	99.406	505	505	505	100	0.0	1043	peroxisome proliferator-activated receptor gamma isoform X1 [Myotis yumanensis]	159337
XP_036188104.1	XP_005870103	99.406	505	505	505	100	0.0	1043	PREDICTED: peroxisome proliferator-activated receptor gamma isoform X1 [Myotis brandtii]	109478
XP_036188104.1	XP_006083889	99.406	505	505	505	100	0.0	1043	peroxisome proliferator-activated receptor gamma isoform X1 [Myotis lucifugus]	59463
XP_036188104.1	XP_080531232	99.406	505	505	505	100	0.0	1043	peroxisome proliferator-activated receptor gamma isoform 1 [Plecotus auritus]	61862
XP_036188104.1	XP_081015193	98.812	505	505	505	100	0.0	1040	peroxisome proliferator-activated receptor gamma isoform 2 [Miniopterus schreibersii]	9433
XP_036188104.1	XP_019501605	98.812	505	505	505	100	0.0	1039	PREDICTED: peroxisome proliferator-activated receptor gamma isoform X1 [Hipposideros armiger]	186990
XP_036188104.1	XP_019501604	98.812	505	505	505	100	0.0	1039	PREDICTED: peroxisome proliferator-activated receptor gamma isoform X1 [Hipposideros armiger]	186990
XP_036188104.1	XP_019501603	98.812	505	505	505	100	0.0	1039	PREDICTED: peroxisome proliferator-activated receptor gamma isoform X1 [Hipposideros armiger]	186990
XP_036188104.1	XP_019501602	98.812	505	505	505	100	0.0	1039	PREDICTED: peroxisome proliferator-activated receptor gamma isoform X1 [Hipposideros armiger]	186990
XP_036188104.1	XP_016018186	98.614	505	505	505	100	0.0	1038	peroxisome proliferator-activated receptor gamma isoform X1 [Rousettus aegyptiacus]	9407
XP_036188104.1	XP_080928099	98.614	505	505	505	100	0.0	1038	peroxisome proliferator-activated receptor gamma isoform 1 [Rhinolophus hipposideros]	77218
XP_036188104.1	XP_032988588	98.614	505	505	505	100	0.0	1038	peroxisome proliferator-activated receptor gamma isoform X1 [Rhinolophus ferrumequinum]	59479
XP_036188104.1	XP_074169074	98.614	505	505	505	100	0.0	1038	peroxisome proliferator-activated receptor gamma isoform X1 [Rhinolophus sinicus]	89399
XP_036188104.1	XP_074169073	98.614	505	505	505	100	0.0	1038	peroxisome proliferator-activated receptor gamma isoform X1 [Rhinolophus sinicus]	89399
XP_036188104.1	XP_019588247	98.614	505	505	505	100	0.0	1038	peroxisome proliferator-activated receptor gamma isoform X1 [Rhinolophus sinicus]	89399
XP_036188104.1	XP_024412179	98.218	505	505	505	100	0.0	1035	peroxisome proliferator-activated receptor gamma isoform X1 [Desmodus rotundus]	9430
XP_036188104.1	XP_036995216	98.218	505	505	505	100	0.0	1035	peroxisome proliferator-activated receptor gamma isoform X1 [Artibeus jamaicensis]	9417
XP_036188104.1	XP_036906701	98.218	505	505	505	100	0.0	1035	peroxisome proliferator-activated receptor gamma isoform X1 [Sturnira hondurensis]	192404
XP_036188104.1	XP_036122468	98.218	505	505	505	100	0.0	1034	peroxisome proliferator-activated receptor gamma isoform X1 [Molossus molossus]	27622
XP_036188104.1	XP_028374565	98.020	505	505	505	100	0.0	1033	peroxisome proliferator-activated receptor gamma isoform X1 [Phyllostomus discolor]	89673
XP_036188104.1	XP_054451353	98.020	505	505	505	100	0.0	1032	peroxisome proliferator-activated receptor gamma isoform X2 [Pteronotus mesoamericanus]	1884717
XP_036188104.1	XP_066207247	97.624	505	505	505	100	0.0	1027	peroxisome proliferator-activated receptor gamma isoform X1 [Saccopteryx leptura]	249018
XP_036188104.1	XP_066101223	97.624	505	505	505	100	0.0	1027	peroxisome proliferator-activated receptor gamma isoform X1 [Saccopteryx bilineata]	59482
XP_036188104.1	XP_023605417	99.582	478	505	483	95	0.0	993	peroxisome proliferator-activated receptor gamma isoform X2 [Myotis lucifugus]	59463
XP_036188104.1	XP_059519597	100.000	475	505	475	94	0.0	990	peroxisome proliferator-activated receptor gamma isoform X2 [Myotis daubentonii]	98922
XP_036188104.1	XP_059519596	100.000	475	505	475	94	0.0	990	peroxisome proliferator-activated receptor gamma isoform X2 [Myotis daubentonii]	98922
XP_036188104.1	XP_036188106	100.000	475	505	475	94	0.0	990	peroxisome proliferator-activated receptor gamma isoform X2 [Myotis myotis]	51298
XP_036188104.1	XP_036188105	100.000	475	505	475	94	0.0	990	peroxisome proliferator-activated receptor gamma isoform X2 [Myotis myotis]	51298
XP_036188104.1	XP_080961771	100.000	475	505	475	94	0.0	990	peroxisome proliferator-activated receptor gamma isoform 1 [Myotis nattereri]	109481
XP_036188104.1	XP_070289715	99.579	475	505	475	94	0.0	988	peroxisome proliferator-activated receptor gamma isoform X2 [Myotis yumanensis]	159337
XP_036188104.1	XP_070289714	99.579	475	505	475	94	0.0	988	peroxisome proliferator-activated receptor gamma isoform X2 [Myotis yumanensis]	159337
XP_036188104.1	XP_054585700	99.579	475	505	475	94	0.0	988	peroxisome proliferator-activated receptor gamma [Eptesicus fuscus]	29078
XP_036188104.1	XP_054585699	99.579	475	505	475	94	0.0	988	peroxisome proliferator-activated receptor gamma [Eptesicus fuscus]	29078
XP_036188104.1	XP_014398229	99.579	475	505	475	94	0.0	988	PREDICTED: peroxisome proliferator-activated receptor gamma isoform X2 [Myotis brandtii]	109478
XP_036188104.1	XP_014398228	99.579	475	505	475	94	0.0	988	PREDICTED: peroxisome proliferator-activated receptor gamma isoform X2 [Myotis brandtii]	109478
XP_036188104.1	XP_023605419	99.579	475	505	475	94	0.0	988	peroxisome proliferator-activated receptor gamma isoform X3 [Myotis lucifugus]	59463
XP_036188104.1	XP_023605418	99.579	475	505	475	94	0.0	988	peroxisome proliferator-activated receptor gamma isoform X3 [Myotis lucifugus]	59463
XP_036188104.1	XP_014306800	99.579	475	505	475	94	0.0	988	peroxisome proliferator-activated receptor gamma isoform X3 [Myotis lucifugus]	59463
XP_036188104.1	XP_080531233	99.579	475	505	475	94	0.0	988	peroxisome proliferator-activated receptor gamma isoform 2 [Plecotus auritus]	61862
XP_036188104.1	XP_079651119	99.579	475	505	475	94	0.0	988	peroxisome proliferator-activated receptor gamma isoform 1 [Cnephaeus nilssonii]	3371016
XP_036188104.1	XP_079651118	99.579	475	505	475	94	0.0	988	peroxisome proliferator-activated receptor gamma isoform 1 [Cnephaeus nilssonii]	3371016
XP_036188104.1	XP_079651117	99.579	475	505	475	94	0.0	988	peroxisome proliferator-activated receptor gamma isoform 1 [Cnephaeus nilssonii]	3371016
XP_036188104.1	XP_079651116	99.579	475	505	475	94	0.0	988	peroxisome proliferator-activated receptor gamma isoform 1 [Cnephaeus nilssonii]	3371016
XP_036188104.1	XP_032988589	98.536	478	505	484	95	0.0	985	peroxisome proliferator-activated receptor gamma isoform X2 [Rhinolophus ferrumequinum]	59479
XP_036188104.1	XP_016065453	98.947	475	505	475	94	0.0	982	PREDICTED: peroxisome proliferator-activated receptor gamma [Miniopterus natalensis]	291302
XP_036188104.1	XP_081015192	98.947	475	505	475	94	0.0	982	peroxisome proliferator-activated receptor gamma isoform 1 [Miniopterus schreibersii]	9433
XP_036188104.1	XP_081015191	98.947	475	505	475	94	0.0	982	peroxisome proliferator-activated receptor gamma isoform 1 [Miniopterus schreibersii]	9433
XP_036188104.1	XP_081015190	98.947	475	505	475	94	0.0	982	peroxisome proliferator-activated receptor gamma isoform 1 [Miniopterus schreibersii]	9433
XP_036188104.1	XP_081015189	98.947	475	505	475	94	0.0	982	peroxisome proliferator-activated receptor gamma isoform 1 [Miniopterus schreibersii]	9433
XP_036188104.1	XP_016018189	98.737	475	505	475	94	0.0	981	peroxisome proliferator-activated receptor gamma isoform X2 [Rousettus aegyptiacus]	9407
XP_036188104.1	XP_016018188	98.737	475	505	475	94	0.0	981	peroxisome proliferator-activated receptor gamma isoform X2 [Rousettus aegyptiacus]	9407
XP_036188104.1	XP_016018187	98.737	475	505	475	94	0.0	981	peroxisome proliferator-activated receptor gamma isoform X2 [Rousettus aegyptiacus]	9407
XP_036188104.1	XP_006917693	98.737	475	505	475	94	0.0	980	peroxisome proliferator-activated receptor gamma isoform X1 [Pteropus alecto]	9402
XP_036188104.1	XP_011368855	98.737	475	505	475	94	0.0	980	peroxisome proliferator-activated receptor gamma isoform X1 [Pteropus vampyrus]	132908
XP_036188104.1	XP_039742700	98.737	475	505	475	94	0.0	980	peroxisome proliferator-activated receptor gamma isoform X1 [Pteropus medius]	143291
XP_036188104.1	XP_039742698	98.737	475	505	475	94	0.0	980	peroxisome proliferator-activated receptor gamma isoform X1 [Pteropus medius]	143291
XP_036188104.1	XP_039742697	98.737	475	505	475	94	0.0	980	peroxisome proliferator-activated receptor gamma isoform X1 [Pteropus medius]	143291
XP_036188104.1	XP_019501608	98.737	475	505	475	94	0.0	980	PREDICTED: peroxisome proliferator-activated receptor gamma isoform X2 [Hipposideros armiger]	186990
XP_036188104.1	XP_019501607	98.737	475	505	475	94	0.0	980	PREDICTED: peroxisome proliferator-activated receptor gamma isoform X2 [Hipposideros armiger]	186990
XP_036188104.1	XP_019501606	98.737	475	505	475	94	0.0	980	PREDICTED: peroxisome proliferator-activated receptor gamma isoform X2 [Hipposideros armiger]	186990
XP_036188104.1	XP_080928100	98.526	475	505	475	94	0.0	979	peroxisome proliferator-activated receptor gamma isoform 2 [Rhinolophus hipposideros]	77218
XP_036188104.1	XP_080928108	98.526	475	505	475	94	0.0	979	peroxisome proliferator-activated receptor gamma isoform 2 [Rhinolophus hipposideros]	77218
XP_036188104.1	XP_080928107	98.526	475	505	475	94	0.0	979	peroxisome proliferator-activated receptor gamma isoform 2 [Rhinolophus hipposideros]	77218
XP_036188104.1	XP_080928106	98.526	475	505	475	94	0.0	979	peroxisome proliferator-activated receptor gamma isoform 2 [Rhinolophus hipposideros]	77218
XP_036188104.1	XP_080928105	98.526	475	505	475	94	0.0	979	peroxisome proliferator-activated receptor gamma isoform 2 [Rhinolophus hipposideros]	77218
XP_036188104.1	XP_080928104	98.526	475	505	475	94	0.0	979	peroxisome proliferator-activated receptor gamma isoform 2 [Rhinolophus hipposideros]	77218
XP_036188104.1	XP_080928103	98.526	475	505	475	94	0.0	979	peroxisome proliferator-activated receptor gamma isoform 2 [Rhinolophus hipposideros]	77218
XP_036188104.1	XP_080928102	98.526	475	505	475	94	0.0	979	peroxisome proliferator-activated receptor gamma isoform 2 [Rhinolophus hipposideros]	77218
XP_036188104.1	XP_080928101	98.526	475	505	475	94	0.0	979	peroxisome proliferator-activated receptor gamma isoform 2 [Rhinolophus hipposideros]	77218
XP_036188104.1	XP_032988592	98.526	475	505	475	94	0.0	978	peroxisome proliferator-activated receptor gamma isoform X3 [Rhinolophus ferrumequinum]	59479
XP_036188104.1	XP_032988591	98.526	475	505	475	94	0.0	978	peroxisome proliferator-activated receptor gamma isoform X3 [Rhinolophus ferrumequinum]	59479
XP_036188104.1	XP_032988590	98.526	475	505	475	94	0.0	978	peroxisome proliferator-activated receptor gamma isoform X3 [Rhinolophus ferrumequinum]	59479
XP_036188104.1	XP_074169076	98.526	475	505	475	94	0.0	978	peroxisome proliferator-activated receptor gamma isoform X2 [Rhinolophus sinicus]	89399
XP_036188104.1	XP_074169075	98.526	475	505	475	94	0.0	978	peroxisome proliferator-activated receptor gamma isoform X2 [Rhinolophus sinicus]	89399
XP_036188104.1	XP_019588249	98.526	475	505	475	94	0.0	978	peroxisome proliferator-activated receptor gamma isoform X2 [Rhinolophus sinicus]	89399
XP_036188104.1	XP_045048288	98.316	475	505	475	94	0.0	976	peroxisome proliferator-activated receptor gamma isoform X2 [Desmodus rotundus]	9430
XP_036188104.1	XP_053786141	98.316	475	505	475	94	0.0	976	peroxisome proliferator-activated receptor gamma isoform X2 [Desmodus rotundus]	9430
XP_036188104.1	XP_024412180	98.316	475	505	475	94	0.0	976	peroxisome proliferator-activated receptor gamma isoform X2 [Desmodus rotundus]	9430
XP_036188104.1	XP_036122470	98.105	475	505	475	94	0.0	975	peroxisome proliferator-activated receptor gamma isoform X2 [Molossus molossus]	27622
XP_036188104.1	XP_036122469	98.105	475	505	475	94	0.0	975	peroxisome proliferator-activated receptor gamma isoform X2 [Molossus molossus]	27622
XP_036188104.1	XP_036995219	98.105	475	505	475	94	0.0	974	peroxisome proliferator-activated receptor gamma isoform X2 [Artibeus jamaicensis]	9417
XP_036188104.1	XP_036995218	98.105	475	505	475	94	0.0	974	peroxisome proliferator-activated receptor gamma isoform X2 [Artibeus jamaicensis]	9417
XP_036188104.1	XP_036995217	98.105	475	505	475	94	0.0	974	peroxisome proliferator-activated receptor gamma isoform X2 [Artibeus jamaicensis]	9417
XP_036188104.1	XP_036906736	98.105	475	505	475	94	0.0	974	peroxisome proliferator-activated receptor gamma isoform X2 [Sturnira hondurensis]	192404
XP_036188104.1	XP_036906725	98.105	475	505	475	94	0.0	974	peroxisome proliferator-activated receptor gamma isoform X2 [Sturnira hondurensis]	192404
XP_036188104.1	XP_036906719	98.105	475	505	475	94	0.0	974	peroxisome proliferator-activated receptor gamma isoform X2 [Sturnira hondurensis]	192404
XP_036188104.1	XP_036906711	98.105	475	505	475	94	0.0	974	peroxisome proliferator-activated receptor gamma isoform X2 [Sturnira hondurensis]	192404
XP_036188104.1	XP_045688235	97.895	475	505	475	94	0.0	973	peroxisome proliferator-activated receptor gamma isoform X1 [Phyllostomus hastatus]	9423
XP_036188104.1	XP_045688234	97.895	475	505	475	94	0.0	973	peroxisome proliferator-activated receptor gamma isoform X1 [Phyllostomus hastatus]	9423
XP_036188104.1	XP_045688233	97.895	475	505	475	94	0.0	973	peroxisome proliferator-activated receptor gamma isoform X1 [Phyllostomus hastatus]	9423
XP_036188104.1	XP_045688232	97.895	475	505	475	94	0.0	973	peroxisome proliferator-activated receptor gamma isoform X1 [Phyllostomus hastatus]	9423
XP_036188104.1	XP_045688231	97.895	475	505	475	94	0.0	973	peroxisome proliferator-activated receptor gamma isoform X1 [Phyllostomus hastatus]	9423
XP_036188104.1	XP_035886681	97.895	475	505	475	94	0.0	973	peroxisome proliferator-activated receptor gamma isoform X2 [Phyllostomus discolor]	89673
XP_036188104.1	XP_028374566	97.895	475	505	475	94	0.0	973	peroxisome proliferator-activated receptor gamma isoform X2 [Phyllostomus discolor]	89673
XP_036188104.1	XP_054451352	97.895	475	505	475	94	0.0	972	peroxisome proliferator-activated receptor gamma isoform X1 [Pteronotus mesoamericanus]	1884717
XP_036188104.1	XP_054451351	97.895	475	505	475	94	0.0	972	peroxisome proliferator-activated receptor gamma isoform X1 [Pteronotus mesoamericanus]	1884717
XP_036188104.1	XP_066207254	97.684	475	505	475	94	0.0	971	peroxisome proliferator-activated receptor gamma isoform X2 [Saccopteryx leptura]	249018
XP_036188104.1	XP_066207253	97.684	475	505	475	94	0.0	971	peroxisome proliferator-activated receptor gamma isoform X2 [Saccopteryx leptura]	249018
XP_036188104.1	XP_066207252	97.684	475	505	475	94	0.0	971	peroxisome proliferator-activated receptor gamma isoform X2 [Saccopteryx leptura]	249018
XP_036188104.1	XP_066207251	97.684	475	505	475	94	0.0	971	peroxisome proliferator-activated receptor gamma isoform X2 [Saccopteryx leptura]	249018
XP_036188104.1	XP_066207250	97.684	475	505	475	94	0.0	971	peroxisome proliferator-activated receptor gamma isoform X2 [Saccopteryx leptura]	249018
XP_036188104.1	XP_066207249	97.684	475	505	475	94	0.0	971	peroxisome proliferator-activated receptor gamma isoform X2 [Saccopteryx leptura]	249018
XP_036188104.1	XP_066207248	97.684	475	505	475	94	0.0	971	peroxisome proliferator-activated receptor gamma isoform X2 [Saccopteryx leptura]	249018
XP_036188104.1	XP_066101230	97.684	475	505	475	94	0.0	971	peroxisome proliferator-activated receptor gamma isoform X2 [Saccopteryx bilineata]	59482
XP_036188104.1	XP_066101229	97.684	475	505	475	94	0.0	971	peroxisome proliferator-activated receptor gamma isoform X2 [Saccopteryx bilineata]	59482
XP_036188104.1	XP_066101228	97.684	475	505	475	94	0.0	971	peroxisome proliferator-activated receptor gamma isoform X2 [Saccopteryx bilineata]	59482
XP_036188104.1	XP_066101227	97.684	475	505	475	94	0.0	971	peroxisome proliferator-activated receptor gamma isoform X2 [Saccopteryx bilineata]	59482
XP_036188104.1	XP_066101226	97.684	475	505	475	94	0.0	971	peroxisome proliferator-activated receptor gamma isoform X2 [Saccopteryx bilineata]	59482
XP_036188104.1	XP_066101225	97.684	475	505	475	94	0.0	971	peroxisome proliferator-activated receptor gamma isoform X2 [Saccopteryx bilineata]	59482
XP_036188104.1	XP_066101224	97.684	475	505	475	94	0.0	971	peroxisome proliferator-activated receptor gamma isoform X2 [Saccopteryx bilineata]	59482
XP_036188104.1	XP_006758346	99.294	425	505	428	84	0.0	884	PREDICTED: peroxisome proliferator-activated receptor gamma isoform X1 [Myotis davidii]	225400
XP_036188104.1	XP_036287041	99.292	424	505	522	84	0.0	883	peroxisome proliferator-activated receptor gamma isoform X1 [Pipistrellus kuhlii]	59472
XP_036188104.1	XP_006758347	99.241	395	505	398	78	0.0	825	PREDICTED: peroxisome proliferator-activated receptor gamma isoform X2 [Myotis davidii]	225400
XP_036188104.1	XP_036287046	99.239	394	505	492	78	0.0	824	peroxisome proliferator-activated receptor gamma isoform X3 [Pipistrellus kuhlii]	59472
XP_036188104.1	XP_036287044	99.239	394	505	492	78	0.0	824	peroxisome proliferator-activated receptor gamma isoform X3 [Pipistrellus kuhlii]	59472
XP_036188104.1	XP_045435147	99.239	394	505	492	78	0.0	824	peroxisome proliferator-activated receptor gamma isoform X3 [Pipistrellus kuhlii]	59472
XP_036188104.1	XP_035886682	97.070	273	505	278	54	0.0	564	peroxisome proliferator-activated receptor gamma isoform X3 [Phyllostomus discolor]	89673
XP_036188104.1	XP_005881804	64.899	396	505	441	78	0.0	541	PREDICTED: peroxisome proliferator-activated receptor delta [Myotis brandtii]	109478
XP_036188104.1	XP_079636997	64.646	396	505	441	78	0.0	539	peroxisome proliferator-activated receptor delta isoform 1 [Cnephaeus nilssonii]	3371016
XP_036188104.1	XP_079636996	64.646	396	505	441	78	0.0	539	peroxisome proliferator-activated receptor delta isoform 1 [Cnephaeus nilssonii]	3371016
XP_036188104.1	XP_024413397	66.667	372	505	441	73	0.0	539	peroxisome proliferator-activated receptor delta isoform X3 [Desmodus rotundus]	9430
XP_036188104.1	XP_071075790	66.667	372	505	441	73	0.0	539	peroxisome proliferator-activated receptor delta isoform X3 [Desmodus rotundus]	9430
XP_036188104.1	XP_070274818	64.899	396	505	441	78	0.0	539	peroxisome proliferator-activated receptor delta [Myotis yumanensis]	159337
XP_036188104.1	XP_070274817	64.899	396	505	441	78	0.0	539	peroxisome proliferator-activated receptor delta [Myotis yumanensis]	159337
XP_036188104.1	XP_070274816	64.899	396	505	441	78	0.0	539	peroxisome proliferator-activated receptor delta [Myotis yumanensis]	159337
XP_036188104.1	XP_019516485	63.889	396	505	441	78	0.0	539	PREDICTED: peroxisome proliferator-activated receptor delta [Hipposideros armiger]	186990
XP_036188104.1	XP_028017059	64.646	396	505	441	78	0.0	539	peroxisome proliferator-activated receptor delta isoform X1 [Eptesicus fuscus]	29078
XP_036188104.1	XP_008150209	64.646	396	505	441	78	0.0	539	peroxisome proliferator-activated receptor delta isoform X1 [Eptesicus fuscus]	29078
XP_036188104.1	XP_023620529	64.899	396	505	441	78	0.0	539	peroxisome proliferator-activated receptor delta [Myotis lucifugus]	59463
XP_036188104.1	XP_023620528	64.899	396	505	441	78	0.0	539	peroxisome proliferator-activated receptor delta [Myotis lucifugus]	59463
XP_036188104.1	XP_023620527	64.899	396	505	441	78	0.0	539	peroxisome proliferator-activated receptor delta [Myotis lucifugus]	59463
XP_036188104.1	XP_006101305	64.899	396	505	441	78	0.0	539	peroxisome proliferator-activated receptor delta [Myotis lucifugus]	59463
XP_036188104.1	XP_006101304	64.899	396	505	441	78	0.0	539	peroxisome proliferator-activated receptor delta [Myotis lucifugus]	59463
XP_036188104.1	XP_080519502	64.899	396	505	441	78	0.0	539	peroxisome proliferator-activated receptor delta isoform 1 [Plecotus auritus]	61862
XP_036188104.1	XP_080519501	64.899	396	505	441	78	0.0	539	peroxisome proliferator-activated receptor delta isoform 1 [Plecotus auritus]	61862
XP_036188104.1	XP_006759084	64.899	396	505	441	78	0.0	538	PREDICTED: peroxisome proliferator-activated receptor delta [Myotis davidii]	225400
XP_036188104.1	XP_054425236	66.313	377	505	441	74	0.0	538	peroxisome proliferator-activated receptor delta [Pteronotus mesoamericanus]	1884717
XP_036188104.1	XP_059557878	64.646	396	505	441	78	0.0	538	peroxisome proliferator-activated receptor delta [Myotis daubentonii]	98922
XP_036188104.1	XP_059557877	64.646	396	505	441	78	0.0	538	peroxisome proliferator-activated receptor delta [Myotis daubentonii]	98922
XP_036188104.1	XP_059557876	64.646	396	505	441	78	0.0	538	peroxisome proliferator-activated receptor delta [Myotis daubentonii]	98922
XP_036188104.1	XP_059557875	64.646	396	505	441	78	0.0	538	peroxisome proliferator-activated receptor delta [Myotis daubentonii]	98922
XP_036188104.1	XP_035879879	64.646	396	505	441	78	0.0	538	peroxisome proliferator-activated receptor delta isoform X1 [Phyllostomus discolor]	89673
XP_036188104.1	XP_035879878	64.646	396	505	441	78	0.0	538	peroxisome proliferator-activated receptor delta isoform X1 [Phyllostomus discolor]	89673
XP_036188104.1	XP_028365697	64.646	396	505	441	78	0.0	538	peroxisome proliferator-activated receptor delta isoform X1 [Phyllostomus discolor]	89673
XP_036188104.1	XP_024899481	66.667	372	505	441	73	0.0	537	peroxisome proliferator-activated receptor delta isoform X2 [Pteropus alecto]	9402
XP_036188104.1	XP_024899480	66.667	372	505	441	73	0.0	537	peroxisome proliferator-activated receptor delta isoform X2 [Pteropus alecto]	9402
XP_036188104.1	XP_006907399	66.667	372	505	441	73	0.0	537	peroxisome proliferator-activated receptor delta isoform X2 [Pteropus alecto]	9402
XP_036188104.1	XP_045691182	64.646	396	505	441	78	0.0	537	peroxisome proliferator-activated receptor delta isoform X2 [Phyllostomus hastatus]	9423
XP_036188104.1	XP_045691171	64.646	396	505	441	78	0.0	537	peroxisome proliferator-activated receptor delta isoform X2 [Phyllostomus hastatus]	9423
XP_036188104.1	XP_045691168	64.646	396	505	441	78	0.0	537	peroxisome proliferator-activated receptor delta isoform X2 [Phyllostomus hastatus]	9423
XP_036188104.1	XP_037000239	66.667	372	505	441	73	0.0	536	peroxisome proliferator-activated receptor delta isoform X2 [Artibeus jamaicensis]	9417
XP_036188104.1	XP_036269204	64.394	396	505	441	78	0.0	536	peroxisome proliferator-activated receptor delta [Pipistrellus kuhlii]	59472
XP_036188104.1	XP_036269203	64.394	396	505	441	78	0.0	536	peroxisome proliferator-activated receptor delta [Pipistrellus kuhlii]	59472
XP_036188104.1	XP_036269202	64.394	396	505	441	78	0.0	536	peroxisome proliferator-activated receptor delta [Pipistrellus kuhlii]	59472
XP_036188104.1	XP_036269201	64.394	396	505	441	78	0.0	536	peroxisome proliferator-activated receptor delta [Pipistrellus kuhlii]	59472
XP_036188104.1	XP_023394272	66.398	372	505	441	73	0.0	536	peroxisome proliferator-activated receptor delta isoform X2 [Pteropus vampyrus]	132908
XP_036188104.1	XP_011371829	66.398	372	505	441	73	0.0	536	peroxisome proliferator-activated receptor delta isoform X2 [Pteropus vampyrus]	132908
XP_036188104.1	XP_039712284	66.398	372	505	441	73	0.0	536	peroxisome proliferator-activated receptor delta isoform X2 [Pteropus medius]	143291
XP_036188104.1	XP_039712283	66.398	372	505	441	73	0.0	536	peroxisome proliferator-activated receptor delta isoform X2 [Pteropus medius]	143291
XP_036188104.1	XP_039712282	66.398	372	505	441	73	0.0	536	peroxisome proliferator-activated receptor delta isoform X2 [Pteropus medius]	143291
XP_036188104.1	XP_045048978	66.577	371	505	472	73	0.0	536	peroxisome proliferator-activated receptor delta isoform X1 [Desmodus rotundus]	9430
XP_036188104.1	XP_045048976	66.577	371	505	472	73	0.0	536	peroxisome proliferator-activated receptor delta isoform X1 [Desmodus rotundus]	9430
XP_036188104.1	XP_045048975	66.577	371	505	472	73	0.0	536	peroxisome proliferator-activated receptor delta isoform X1 [Desmodus rotundus]	9430
XP_036188104.1	XP_053769647	66.577	371	505	472	73	0.0	536	peroxisome proliferator-activated receptor delta isoform X1 [Desmodus rotundus]	9430
XP_036188104.1	XP_053769646	66.577	371	505	472	73	0.0	536	peroxisome proliferator-activated receptor delta isoform X1 [Desmodus rotundus]	9430
XP_036188104.1	XP_066090703	63.636	396	505	441	78	0.0	536	peroxisome proliferator-activated receptor delta [Saccopteryx bilineata]	59482
XP_036188104.1	XP_016002392	66.129	372	505	441	73	0.0	536	peroxisome proliferator-activated receptor delta isoform X1 [Rousettus aegyptiacus]	9407
XP_036188104.1	XP_016002391	66.129	372	505	441	73	0.0	536	peroxisome proliferator-activated receptor delta isoform X1 [Rousettus aegyptiacus]	9407
XP_036188104.1	XP_016002390	66.129	372	505	441	73	0.0	536	peroxisome proliferator-activated receptor delta isoform X1 [Rousettus aegyptiacus]	9407
XP_036188104.1	XP_036095031	66.129	372	505	441	73	0.0	536	peroxisome proliferator-activated receptor delta isoform X1 [Rousettus aegyptiacus]	9407
XP_036188104.1	XP_016002386	66.129	372	505	441	73	0.0	536	peroxisome proliferator-activated receptor delta isoform X1 [Rousettus aegyptiacus]	9407
XP_036188104.1	XP_016079227	65.691	376	505	441	74	0.0	535	PREDICTED: peroxisome proliferator-activated receptor delta [Miniopterus natalensis]	291302
XP_036188104.1	XP_016079226	65.691	376	505	441	74	0.0	535	PREDICTED: peroxisome proliferator-activated receptor delta [Miniopterus natalensis]	291302
XP_036188104.1	XP_036172560	64.394	396	505	441	78	0.0	535	peroxisome proliferator-activated receptor delta isoform X2 [Myotis myotis]	51298
XP_036188104.1	XP_036172559	64.394	396	505	441	78	0.0	535	peroxisome proliferator-activated receptor delta isoform X2 [Myotis myotis]	51298
XP_036188104.1	XP_036172558	64.394	396	505	441	78	0.0	535	peroxisome proliferator-activated receptor delta isoform X2 [Myotis myotis]	51298
XP_036188104.1	XP_036172557	64.394	396	505	441	78	0.0	535	peroxisome proliferator-activated receptor delta isoform X2 [Myotis myotis]	51298
XP_036188104.1	XP_036908727	66.667	372	505	441	73	0.0	535	peroxisome proliferator-activated receptor delta isoform X1 [Sturnira hondurensis]	192404
XP_036188104.1	XP_036908726	66.667	372	505	441	73	0.0	535	peroxisome proliferator-activated receptor delta isoform X1 [Sturnira hondurensis]	192404
XP_036188104.1	XP_036908725	66.667	372	505	441	73	0.0	535	peroxisome proliferator-activated receptor delta isoform X1 [Sturnira hondurensis]	192404
XP_036188104.1	XP_080997248	65.691	376	505	441	74	0.0	535	peroxisome proliferator-activated receptor delta isoform 1 [Miniopterus schreibersii]	9433
XP_036188104.1	XP_080997247	65.691	376	505	441	74	0.0	535	peroxisome proliferator-activated receptor delta isoform 1 [Miniopterus schreibersii]	9433
XP_036188104.1	XP_080901401	66.398	372	505	441	73	0.0	535	peroxisome proliferator-activated receptor delta [Rhinolophus hipposideros]	77218
XP_036188104.1	XP_019594370	66.398	372	505	441	73	0.0	535	peroxisome proliferator-activated receptor delta [Rhinolophus sinicus]	89399
XP_036188104.1	XP_066215667	63.636	396	505	441	78	0.0	535	peroxisome proliferator-activated receptor delta isoform X2 [Saccopteryx leptura]	249018
XP_036188104.1	XP_080951159	64.394	396	505	441	78	0.0	535	peroxisome proliferator-activated receptor delta [Myotis nattereri]	109481
XP_036188104.1	XP_036134073	62.907	399	505	468	79	0.0	533	peroxisome proliferator-activated receptor alpha [Molossus molossus]	27622
XP_036188104.1	XP_016077700	62.907	399	505	468	79	0.0	533	PREDICTED: peroxisome proliferator-activated receptor alpha isoform X2 [Miniopterus natalensis]	291302
XP_036188104.1	XP_036104272	64.894	376	505	441	74	0.0	533	peroxisome proliferator-activated receptor delta [Molossus molossus]	27622
XP_036188104.1	XP_036104271	64.894	376	505	441	74	0.0	533	peroxisome proliferator-activated receptor delta [Molossus molossus]	27622
XP_036188104.1	XP_080985574	62.907	399	505	468	79	0.0	533	peroxisome proliferator-activated receptor alpha isoform 1 [Miniopterus schreibersii]	9433
XP_036188104.1	XP_080985573	62.907	399	505	468	79	0.0	533	peroxisome proliferator-activated receptor alpha isoform 1 [Miniopterus schreibersii]	9433
XP_036188104.1	XP_080985572	62.907	399	505	468	79	0.0	533	peroxisome proliferator-activated receptor alpha isoform 1 [Miniopterus schreibersii]	9433
XP_036188104.1	XP_080985571	62.907	399	505	468	79	0.0	533	peroxisome proliferator-activated receptor alpha isoform 1 [Miniopterus schreibersii]	9433
XP_036188104.1	XP_080985570	62.907	399	505	468	79	0.0	533	peroxisome proliferator-activated receptor alpha isoform 1 [Miniopterus schreibersii]	9433
XP_036188104.1	XP_066214777	63.409	399	505	468	79	0.0	532	peroxisome proliferator-activated receptor alpha isoform X1 [Saccopteryx leptura]	249018
XP_036188104.1	XP_066214776	63.409	399	505	468	79	0.0	532	peroxisome proliferator-activated receptor alpha isoform X1 [Saccopteryx leptura]	249018
XP_036188104.1	XP_066214775	63.409	399	505	468	79	0.0	532	peroxisome proliferator-activated receptor alpha isoform X1 [Saccopteryx leptura]	249018
XP_036188104.1	XP_066214774	63.409	399	505	468	79	0.0	532	peroxisome proliferator-activated receptor alpha isoform X1 [Saccopteryx leptura]	249018
XP_036188104.1	XP_066214773	63.409	399	505	468	79	0.0	532	peroxisome proliferator-activated receptor alpha isoform X1 [Saccopteryx leptura]	249018
XP_036188104.1	XP_066214772	63.409	399	505	468	79	0.0	532	peroxisome proliferator-activated receptor alpha isoform X1 [Saccopteryx leptura]	249018
XP_036188104.1	XP_066214771	63.409	399	505	468	79	0.0	532	peroxisome proliferator-activated receptor alpha isoform X1 [Saccopteryx leptura]	249018
XP_036188104.1	XP_066214770	63.409	399	505	468	79	0.0	532	peroxisome proliferator-activated receptor alpha isoform X1 [Saccopteryx leptura]	249018
XP_036188104.1	XP_066214769	63.409	399	505	468	79	0.0	532	peroxisome proliferator-activated receptor alpha isoform X1 [Saccopteryx leptura]	249018
XP_036188104.1	XP_066214768	63.409	399	505	468	79	0.0	532	peroxisome proliferator-activated receptor alpha isoform X1 [Saccopteryx leptura]	249018
XP_036188104.1	XP_066214766	63.409	399	505	468	79	0.0	532	peroxisome proliferator-activated receptor alpha isoform X1 [Saccopteryx leptura]	249018
XP_036188104.1	XP_066214765	63.409	399	505	468	79	0.0	532	peroxisome proliferator-activated receptor alpha isoform X1 [Saccopteryx leptura]	249018
XP_036188104.1	XP_066214764	63.409	399	505	468	79	0.0	532	peroxisome proliferator-activated receptor alpha isoform X1 [Saccopteryx leptura]	249018
XP_036188104.1	XP_066214763	63.409	399	505	468	79	0.0	532	peroxisome proliferator-activated receptor alpha isoform X1 [Saccopteryx leptura]	249018
XP_036188104.1	XP_066214762	63.409	399	505	468	79	0.0	532	peroxisome proliferator-activated receptor alpha isoform X1 [Saccopteryx leptura]	249018
XP_036188104.1	XP_066214761	63.409	399	505	468	79	0.0	532	peroxisome proliferator-activated receptor alpha isoform X1 [Saccopteryx leptura]	249018
XP_036188104.1	XP_066214760	63.409	399	505	468	79	0.0	532	peroxisome proliferator-activated receptor alpha isoform X1 [Saccopteryx leptura]	249018
XP_036188104.1	XP_066111509	63.409	399	505	468	79	0.0	532	peroxisome proliferator-activated receptor alpha isoform X1 [Saccopteryx bilineata]	59482
XP_036188104.1	XP_066111503	63.409	399	505	468	79	0.0	532	peroxisome proliferator-activated receptor alpha isoform X1 [Saccopteryx bilineata]	59482
XP_036188104.1	XP_066111493	63.409	399	505	468	79	0.0	532	peroxisome proliferator-activated receptor alpha isoform X1 [Saccopteryx bilineata]	59482
XP_036188104.1	XP_066111486	63.409	399	505	468	79	0.0	532	peroxisome proliferator-activated receptor alpha isoform X1 [Saccopteryx bilineata]	59482
XP_036188104.1	XP_066111479	63.409	399	505	468	79	0.0	532	peroxisome proliferator-activated receptor alpha isoform X1 [Saccopteryx bilineata]	59482
XP_036188104.1	XP_066111471	63.409	399	505	468	79	0.0	532	peroxisome proliferator-activated receptor alpha isoform X1 [Saccopteryx bilineata]	59482
XP_036188104.1	XP_066111468	63.409	399	505	468	79	0.0	532	peroxisome proliferator-activated receptor alpha isoform X1 [Saccopteryx bilineata]	59482
XP_036188104.1	XP_066111463	63.409	399	505	468	79	0.0	532	peroxisome proliferator-activated receptor alpha isoform X1 [Saccopteryx bilineata]	59482
XP_036188104.1	XP_066111456	63.409	399	505	468	79	0.0	532	peroxisome proliferator-activated receptor alpha isoform X1 [Saccopteryx bilineata]	59482
XP_036188104.1	XP_066111453	63.409	399	505	468	79	0.0	532	peroxisome proliferator-activated receptor alpha isoform X1 [Saccopteryx bilineata]	59482
XP_036188104.1	XP_066111446	63.409	399	505	468	79	0.0	532	peroxisome proliferator-activated receptor alpha isoform X1 [Saccopteryx bilineata]	59482
XP_036188104.1	XP_066111439	63.409	399	505	468	79	0.0	532	peroxisome proliferator-activated receptor alpha isoform X1 [Saccopteryx bilineata]	59482
XP_036188104.1	XP_066111433	63.409	399	505	468	79	0.0	532	peroxisome proliferator-activated receptor alpha isoform X1 [Saccopteryx bilineata]	59482
XP_036188104.1	XP_066111429	63.409	399	505	468	79	0.0	532	peroxisome proliferator-activated receptor alpha isoform X1 [Saccopteryx bilineata]	59482
XP_036188104.1	XP_066111425	63.409	399	505	468	79	0.0	532	peroxisome proliferator-activated receptor alpha isoform X1 [Saccopteryx bilineata]	59482
XP_036188104.1	XP_066111422	63.409	399	505	468	79	0.0	532	peroxisome proliferator-activated receptor alpha isoform X1 [Saccopteryx bilineata]	59482
XP_036188104.1	XP_066111415	63.409	399	505	468	79	0.0	532	peroxisome proliferator-activated receptor alpha isoform X1 [Saccopteryx bilineata]	59482
XP_036188104.1	XP_066111405	63.409	399	505	468	79	0.0	532	peroxisome proliferator-activated receptor alpha isoform X1 [Saccopteryx bilineata]	59482
XP_036188104.1	XP_066111400	63.409	399	505	468	79	0.0	532	peroxisome proliferator-activated receptor alpha isoform X1 [Saccopteryx bilineata]	59482
XP_036188104.1	XP_066111391	63.409	399	505	468	79	0.0	532	peroxisome proliferator-activated receptor alpha isoform X1 [Saccopteryx bilineata]	59482
XP_036188104.1	XP_059537350	65.172	379	505	468	75	0.0	531	peroxisome proliferator-activated receptor alpha [Myotis daubentonii]	98922
XP_036188104.1	XP_059537349	65.172	379	505	468	75	0.0	531	peroxisome proliferator-activated receptor alpha [Myotis daubentonii]	98922
XP_036188104.1	XP_059537348	65.172	379	505	468	75	0.0	531	peroxisome proliferator-activated receptor alpha [Myotis daubentonii]	98922
XP_036188104.1	XP_074182676	62.907	399	505	440	79	0.0	530	peroxisome proliferator-activated receptor alpha isoform X2 [Rhinolophus sinicus]	89399
XP_036188104.1	XP_019594777	62.907	399	505	468	79	0.0	530	peroxisome proliferator-activated receptor alpha isoform X1 [Rhinolophus sinicus]	89399
XP_036188104.1	XP_074182675	62.907	399	505	468	79	0.0	530	peroxisome proliferator-activated receptor alpha isoform X1 [Rhinolophus sinicus]	89399
XP_036188104.1	XP_074182674	62.907	399	505	468	79	0.0	530	peroxisome proliferator-activated receptor alpha isoform X1 [Rhinolophus sinicus]	89399
XP_036188104.1	XP_074182672	62.907	399	505	468	79	0.0	530	peroxisome proliferator-activated receptor alpha isoform X1 [Rhinolophus sinicus]	89399
XP_036188104.1	XP_074182671	62.907	399	505	468	79	0.0	530	peroxisome proliferator-activated receptor alpha isoform X1 [Rhinolophus sinicus]	89399
XP_036188104.1	XP_019594773	62.907	399	505	468	79	0.0	530	peroxisome proliferator-activated receptor alpha isoform X1 [Rhinolophus sinicus]	89399
XP_036188104.1	XP_074182670	62.907	399	505	468	79	0.0	530	peroxisome proliferator-activated receptor alpha isoform X1 [Rhinolophus sinicus]	89399
XP_036188104.1	XP_074182669	62.907	399	505	468	79	0.0	530	peroxisome proliferator-activated receptor alpha isoform X1 [Rhinolophus sinicus]	89399
XP_036188104.1	XP_019594770	62.907	399	505	468	79	0.0	530	peroxisome proliferator-activated receptor alpha isoform X1 [Rhinolophus sinicus]	89399
XP_036188104.1	XP_074182668	62.907	399	505	468	79	0.0	530	peroxisome proliferator-activated receptor alpha isoform X1 [Rhinolophus sinicus]	89399
XP_036188104.1	XP_019507240	62.657	399	505	468	79	0.0	530	PREDICTED: peroxisome proliferator-activated receptor alpha [Hipposideros armiger]	186990
XP_036188104.1	XP_080971171	64.908	379	505	468	75	0.0	530	peroxisome proliferator-activated receptor alpha isoform 1 [Myotis nattereri]	109481
XP_036188104.1	XP_015426228	64.908	379	505	468	75	0.0	529	PREDICTED: peroxisome proliferator-activated receptor alpha [Myotis davidii]	225400
XP_036188104.1	XP_070267399	64.908	379	505	468	75	0.0	529	peroxisome proliferator-activated receptor alpha [Myotis yumanensis]	159337
XP_036188104.1	XP_070267398	64.908	379	505	468	75	0.0	529	peroxisome proliferator-activated receptor alpha [Myotis yumanensis]	159337
XP_036188104.1	XP_005886075	64.908	379	505	468	75	0.0	529	PREDICTED: peroxisome proliferator-activated receptor alpha isoform X2 [Myotis brandtii]	109478
XP_036188104.1	XP_005886074	64.908	379	505	468	75	0.0	529	PREDICTED: peroxisome proliferator-activated receptor alpha isoform X2 [Myotis brandtii]	109478
XP_036188104.1	XP_005886078	64.908	379	505	468	75	0.0	529	PREDICTED: peroxisome proliferator-activated receptor alpha isoform X2 [Myotis brandtii]	109478
XP_036188104.1	XP_005886079	64.908	379	505	468	75	0.0	529	PREDICTED: peroxisome proliferator-activated receptor alpha isoform X2 [Myotis brandtii]	109478
XP_036188104.1	XP_023376119	62.907	399	505	468	79	0.0	529	peroxisome proliferator-activated receptor alpha isoform X1 [Pteropus vampyrus]	132908
XP_036188104.1	XP_011373285	62.907	399	505	468	79	0.0	529	peroxisome proliferator-activated receptor alpha isoform X1 [Pteropus vampyrus]	132908
XP_036188104.1	XP_039719119	62.907	399	505	468	79	0.0	529	peroxisome proliferator-activated receptor alpha isoform X1 [Pteropus medius]	143291
XP_036188104.1	XP_039719118	62.907	399	505	468	79	0.0	529	peroxisome proliferator-activated receptor alpha isoform X1 [Pteropus medius]	143291
XP_036188104.1	XP_039719117	62.907	399	505	468	79	0.0	529	peroxisome proliferator-activated receptor alpha isoform X1 [Pteropus medius]	143291
XP_036188104.1	XP_039719116	62.907	399	505	468	79	0.0	529	peroxisome proliferator-activated receptor alpha isoform X1 [Pteropus medius]	143291
XP_036188104.1	XP_039719115	62.907	399	505	468	79	0.0	529	peroxisome proliferator-activated receptor alpha isoform X1 [Pteropus medius]	143291
XP_036188104.1	XP_032973154	62.907	399	505	468	79	0.0	528	peroxisome proliferator-activated receptor alpha [Rhinolophus ferrumequinum]	59479
XP_036188104.1	XP_032973153	62.907	399	505	468	79	0.0	528	peroxisome proliferator-activated receptor alpha [Rhinolophus ferrumequinum]	59479
XP_036188104.1	XP_032973152	62.907	399	505	468	79	0.0	528	peroxisome proliferator-activated receptor alpha [Rhinolophus ferrumequinum]	59479
XP_036188104.1	XP_032973151	62.907	399	505	468	79	0.0	528	peroxisome proliferator-activated receptor alpha [Rhinolophus ferrumequinum]	59479
XP_036188104.1	XP_032973150	62.907	399	505	468	79	0.0	528	peroxisome proliferator-activated receptor alpha [Rhinolophus ferrumequinum]	59479
XP_036188104.1	XP_032973149	62.907	399	505	468	79	0.0	528	peroxisome proliferator-activated receptor alpha [Rhinolophus ferrumequinum]	59479
XP_036188104.1	XP_032973148	62.907	399	505	468	79	0.0	528	peroxisome proliferator-activated receptor alpha [Rhinolophus ferrumequinum]	59479
XP_036188104.1	XP_032973147	62.907	399	505	468	79	0.0	528	peroxisome proliferator-activated receptor alpha [Rhinolophus ferrumequinum]	59479
XP_036188104.1	XP_032973146	62.907	399	505	468	79	0.0	528	peroxisome proliferator-activated receptor alpha [Rhinolophus ferrumequinum]	59479
XP_036188104.1	XP_032973145	62.907	399	505	468	79	0.0	528	peroxisome proliferator-activated receptor alpha [Rhinolophus ferrumequinum]	59479
XP_036188104.1	XP_032973144	62.907	399	505	468	79	0.0	528	peroxisome proliferator-activated receptor alpha [Rhinolophus ferrumequinum]	59479
XP_036188104.1	XP_032973143	62.907	399	505	468	79	0.0	528	peroxisome proliferator-activated receptor alpha [Rhinolophus ferrumequinum]	59479
XP_036188104.1	XP_032973142	62.907	399	505	468	79	0.0	528	peroxisome proliferator-activated receptor alpha [Rhinolophus ferrumequinum]	59479
XP_036188104.1	XP_036156137	64.644	379	505	468	75	0.0	528	peroxisome proliferator-activated receptor alpha isoform X3 [Myotis myotis]	51298
XP_036188104.1	XP_036156136	64.644	379	505	468	75	0.0	528	peroxisome proliferator-activated receptor alpha isoform X3 [Myotis myotis]	51298
XP_036188104.1	XP_036156134	64.644	379	505	468	75	0.0	528	peroxisome proliferator-activated receptor alpha isoform X3 [Myotis myotis]	51298
XP_036188104.1	XP_036156133	64.644	379	505	468	75	0.0	528	peroxisome proliferator-activated receptor alpha isoform X3 [Myotis myotis]	51298
XP_036188104.1	XP_036156132	64.644	379	505	468	75	0.0	528	peroxisome proliferator-activated receptor alpha isoform X3 [Myotis myotis]	51298
XP_036188104.1	XP_005886076	64.908	379	505	579	75	0.0	528	PREDICTED: peroxisome proliferator-activated receptor alpha isoform X1 [Myotis brandtii]	109478
XP_036188104.1	XP_045690926	61.940	402	505	489	79	0.0	528	peroxisome proliferator-activated receptor alpha isoform X1 [Phyllostomus hastatus]	9423
XP_036188104.1	XP_015982222	62.657	399	505	468	79	0.0	528	peroxisome proliferator-activated receptor alpha [Rousettus aegyptiacus]	9407
XP_036188104.1	XP_036093560	62.657	399	505	468	79	0.0	528	peroxisome proliferator-activated receptor alpha [Rousettus aegyptiacus]	9407
XP_036188104.1	XP_036093559	62.657	399	505	468	79	0.0	528	peroxisome proliferator-activated receptor alpha [Rousettus aegyptiacus]	9407
XP_036188104.1	XP_036093558	62.657	399	505	468	79	0.0	528	peroxisome proliferator-activated receptor alpha [Rousettus aegyptiacus]	9407
XP_036188104.1	XP_015982218	62.657	399	505	468	79	0.0	528	peroxisome proliferator-activated receptor alpha [Rousettus aegyptiacus]	9407
XP_036188104.1	XP_015982217	62.657	399	505	468	79	0.0	528	peroxisome proliferator-activated receptor alpha [Rousettus aegyptiacus]	9407
XP_036188104.1	XP_015982215	62.657	399	505	468	79	0.0	528	peroxisome proliferator-activated receptor alpha [Rousettus aegyptiacus]	9407
XP_036188104.1	XP_015982216	62.657	399	505	468	79	0.0	528	peroxisome proliferator-activated receptor alpha [Rousettus aegyptiacus]	9407
XP_036188104.1	XP_045690939	61.940	402	505	468	79	0.0	528	peroxisome proliferator-activated receptor alpha isoform X3 [Phyllostomus hastatus]	9423
XP_036188104.1	XP_045690938	61.940	402	505	468	79	0.0	528	peroxisome proliferator-activated receptor alpha isoform X3 [Phyllostomus hastatus]	9423
XP_036188104.1	XP_045690937	61.940	402	505	468	79	0.0	528	peroxisome proliferator-activated receptor alpha isoform X3 [Phyllostomus hastatus]	9423
XP_036188104.1	XP_045690936	61.940	402	505	468	79	0.0	528	peroxisome proliferator-activated receptor alpha isoform X3 [Phyllostomus hastatus]	9423
XP_036188104.1	XP_045690935	61.940	402	505	468	79	0.0	528	peroxisome proliferator-activated receptor alpha isoform X3 [Phyllostomus hastatus]	9423
XP_036188104.1	XP_045690934	61.940	402	505	468	79	0.0	528	peroxisome proliferator-activated receptor alpha isoform X3 [Phyllostomus hastatus]	9423
XP_036188104.1	XP_045690933	61.940	402	505	468	79	0.0	528	peroxisome proliferator-activated receptor alpha isoform X3 [Phyllostomus hastatus]	9423
XP_036188104.1	XP_045690932	61.940	402	505	468	79	0.0	528	peroxisome proliferator-activated receptor alpha isoform X3 [Phyllostomus hastatus]	9423
XP_036188104.1	XP_045690931	61.940	402	505	468	79	0.0	528	peroxisome proliferator-activated receptor alpha isoform X3 [Phyllostomus hastatus]	9423
XP_036188104.1	XP_045690930	61.940	402	505	468	79	0.0	528	peroxisome proliferator-activated receptor alpha isoform X3 [Phyllostomus hastatus]	9423
XP_036188104.1	XP_045690928	61.940	402	505	468	79	0.0	528	peroxisome proliferator-activated receptor alpha isoform X3 [Phyllostomus hastatus]	9423
XP_036188104.1	XP_079630647	64.908	379	505	467	75	0.0	528	peroxisome proliferator-activated receptor alpha isoform 2 [Cnephaeus nilssonii]	3371016
XP_036188104.1	XP_079630646	64.908	379	505	467	75	0.0	528	peroxisome proliferator-activated receptor alpha isoform 2 [Cnephaeus nilssonii]	3371016
XP_036188104.1	XP_079630645	64.908	379	505	467	75	0.0	528	peroxisome proliferator-activated receptor alpha isoform 2 [Cnephaeus nilssonii]	3371016
XP_036188104.1	XP_079630644	64.908	379	505	467	75	0.0	528	peroxisome proliferator-activated receptor alpha isoform 2 [Cnephaeus nilssonii]	3371016
XP_036188104.1	XP_079630643	64.908	379	505	467	75	0.0	528	peroxisome proliferator-activated receptor alpha isoform 2 [Cnephaeus nilssonii]	3371016
XP_036188104.1	XP_079630642	64.908	379	505	467	75	0.0	528	peroxisome proliferator-activated receptor alpha isoform 2 [Cnephaeus nilssonii]	3371016
XP_036188104.1	XP_036156131	64.644	379	505	646	75	0.0	527	peroxisome proliferator-activated receptor alpha isoform X2 [Myotis myotis]	51298
XP_036188104.1	XP_053775700	62.406	399	505	468	79	0.0	526	peroxisome proliferator-activated receptor alpha isoform X3 [Desmodus rotundus]	9430
XP_036188104.1	XP_045042727	62.406	399	505	468	79	0.0	526	peroxisome proliferator-activated receptor alpha isoform X3 [Desmodus rotundus]	9430
XP_036188104.1	XP_053775704	62.406	399	505	468	79	0.0	526	peroxisome proliferator-activated receptor alpha isoform X3 [Desmodus rotundus]	9430
XP_036188104.1	XP_053775703	62.406	399	505	468	79	0.0	526	peroxisome proliferator-activated receptor alpha isoform X3 [Desmodus rotundus]	9430
XP_036188104.1	XP_053775702	62.406	399	505	468	79	0.0	526	peroxisome proliferator-activated receptor alpha isoform X3 [Desmodus rotundus]	9430
XP_036188104.1	XP_053775701	62.406	399	505	468	79	0.0	526	peroxisome proliferator-activated receptor alpha isoform X3 [Desmodus rotundus]	9430
XP_036188104.1	XP_024435069	62.406	399	505	468	79	0.0	526	peroxisome proliferator-activated receptor alpha isoform X3 [Desmodus rotundus]	9430
XP_036188104.1	XP_045042724	62.406	399	505	468	79	0.0	526	peroxisome proliferator-activated receptor alpha isoform X3 [Desmodus rotundus]	9430
XP_036188104.1	XP_053775699	62.406	399	505	468	79	0.0	526	peroxisome proliferator-activated receptor alpha isoform X3 [Desmodus rotundus]	9430
XP_036188104.1	XP_053775698	62.406	399	505	468	79	0.0	526	peroxisome proliferator-activated receptor alpha isoform X3 [Desmodus rotundus]	9430
XP_036188104.1	XP_036276130	64.908	379	505	468	75	0.0	526	peroxisome proliferator-activated receptor alpha [Pipistrellus kuhlii]	59472
XP_036188104.1	XP_079630641	64.908	379	505	513	75	0.0	526	peroxisome proliferator-activated receptor alpha isoform 1 [Cnephaeus nilssonii]	3371016
XP_036188104.1	XP_054438477	62.155	399	505	468	79	0.0	526	peroxisome proliferator-activated receptor alpha isoform X1 [Pteronotus mesoamericanus]	1884717
XP_036188104.1	XP_054438476	62.155	399	505	468	79	0.0	526	peroxisome proliferator-activated receptor alpha isoform X1 [Pteronotus mesoamericanus]	1884717
XP_036188104.1	XP_045042723	62.406	399	505	622	79	0.0	526	peroxisome proliferator-activated receptor alpha isoform X2 [Desmodus rotundus]	9430
XP_036188104.1	XP_080916441	62.657	399	505	468	79	0.0	526	peroxisome proliferator-activated receptor alpha isoform 1 [Rhinolophus hipposideros]	77218
XP_036188104.1	XP_080916440	62.657	399	505	468	79	0.0	526	peroxisome proliferator-activated receptor alpha isoform 1 [Rhinolophus hipposideros]	77218
XP_036188104.1	XP_080916439	62.657	399	505	468	79	0.0	526	peroxisome proliferator-activated receptor alpha isoform 1 [Rhinolophus hipposideros]	77218
XP_036188104.1	XP_080916438	62.657	399	505	468	79	0.0	526	peroxisome proliferator-activated receptor alpha isoform 1 [Rhinolophus hipposideros]	77218
XP_036188104.1	XP_080916437	62.657	399	505	468	79	0.0	526	peroxisome proliferator-activated receptor alpha isoform 1 [Rhinolophus hipposideros]	77218
XP_036188104.1	XP_080916436	62.657	399	505	468	79	0.0	526	peroxisome proliferator-activated receptor alpha isoform 1 [Rhinolophus hipposideros]	77218
XP_036188104.1	XP_080916435	62.657	399	505	468	79	0.0	526	peroxisome proliferator-activated receptor alpha isoform 1 [Rhinolophus hipposideros]	77218
XP_036188104.1	XP_080916434	62.657	399	505	468	79	0.0	526	peroxisome proliferator-activated receptor alpha isoform 1 [Rhinolophus hipposideros]	77218
XP_036188104.1	XP_080916432	62.657	399	505	468	79	0.0	526	peroxisome proliferator-activated receptor alpha isoform 1 [Rhinolophus hipposideros]	77218
XP_036188104.1	XP_028388072	63.852	379	505	468	75	0.0	525	peroxisome proliferator-activated receptor alpha [Phyllostomus discolor]	89673
XP_036188104.1	XP_035875643	63.852	379	505	468	75	0.0	525	peroxisome proliferator-activated receptor alpha [Phyllostomus discolor]	89673
XP_036188104.1	XP_035875642	63.852	379	505	468	75	0.0	525	peroxisome proliferator-activated receptor alpha [Phyllostomus discolor]	89673
XP_036188104.1	XP_080517104	64.380	379	505	468	75	0.0	525	peroxisome proliferator-activated receptor alpha isoform 3 [Plecotus auritus]	61862
XP_036188104.1	XP_080517103	64.380	379	505	468	75	0.0	525	peroxisome proliferator-activated receptor alpha isoform 3 [Plecotus auritus]	61862
XP_036188104.1	XP_080517101	64.380	379	505	529	75	0.0	525	peroxisome proliferator-activated receptor alpha isoform 1 [Plecotus auritus]	61862
XP_036188104.1	XP_054575615	64.380	379	505	468	75	0.0	525	peroxisome proliferator-activated receptor alpha [Eptesicus fuscus]	29078
XP_036188104.1	XP_054575614	64.380	379	505	468	75	0.0	525	peroxisome proliferator-activated receptor alpha [Eptesicus fuscus]	29078
XP_036188104.1	XP_037016073	62.155	399	505	468	79	0.0	524	peroxisome proliferator-activated receptor alpha [Artibeus jamaicensis]	9417
XP_036188104.1	XP_053517479	62.155	399	505	468	79	0.0	524	peroxisome proliferator-activated receptor alpha [Artibeus jamaicensis]	9417
XP_036188104.1	XP_037016072	62.155	399	505	468	79	0.0	524	peroxisome proliferator-activated receptor alpha [Artibeus jamaicensis]	9417
XP_036188104.1	XP_080971172	64.908	379	505	463	75	0.0	523	peroxisome proliferator-activated receptor alpha isoform 2 [Myotis nattereri]	109481
XP_036188104.1	XP_036905317	61.905	399	505	468	79	0.0	523	peroxisome proliferator-activated receptor alpha [Sturnira hondurensis]	192404
XP_036188104.1	XP_036905309	61.905	399	505	468	79	0.0	523	peroxisome proliferator-activated receptor alpha [Sturnira hondurensis]	192404
XP_036188104.1	XP_032958639	63.874	382	505	447	74	0.0	521	LOW QUALITY PROTEIN: peroxisome proliferator-activated receptor delta [Rhinolophus ferrumequinum]	59479
XP_036188104.1	XP_045042722	62.406	399	505	647	79	1.29e-180	526	peroxisome proliferator-activated receptor alpha isoform X1 [Desmodus rotundus]	9430
XP_036188104.1	XP_036156130	64.644	379	505	706	75	2.43e-180	527	peroxisome proliferator-activated receptor alpha isoform X1 [Myotis myotis]	51298
XP_036188104.1	XP_028365698	63.131	396	505	429	78	7.91e-180	516	peroxisome proliferator-activated receptor delta isoform X2 [Phyllostomus discolor]	89673
XP_036188104.1	XP_036908728	65.054	372	505	429	73	1.11e-178	513	peroxisome proliferator-activated receptor delta isoform X2 [Sturnira hondurensis]	192404
XP_036188104.1	XP_053769649	64.960	371	505	460	73	2.98e-178	513	peroxisome proliferator-activated receptor delta isoform X2 [Desmodus rotundus]	9430
XP_036188104.1	XP_053525188	58.353	425	505	494	73	2.10e-177	512	peroxisome proliferator-activated receptor delta isoform X1 [Artibeus jamaicensis]	9417
XP_036188104.1	XP_053525185	58.353	425	505	494	73	2.10e-177	512	peroxisome proliferator-activated receptor delta isoform X1 [Artibeus jamaicensis]	9417
XP_036188104.1	XP_053525180	58.353	425	505	494	73	2.10e-177	512	peroxisome proliferator-activated receptor delta isoform X1 [Artibeus jamaicensis]	9417
XP_036188104.1	XP_045691164	62.500	368	505	471	71	2.51e-167	486	peroxisome proliferator-activated receptor delta isoform X1 [Phyllostomus hastatus]	9423
XP_036188104.1	XP_054578053	64.553	347	505	360	69	4.06e-167	481	peroxisome proliferator-activated receptor delta isoform X2 [Eptesicus fuscus]	29078
XP_036188104.1	XP_045691188	64.553	347	505	403	69	4.21e-166	480	peroxisome proliferator-activated receptor delta isoform X3 [Phyllostomus hastatus]	9423
XP_036188104.1	XP_066215666	64.265	347	505	490	69	7.64e-166	483	peroxisome proliferator-activated receptor delta isoform X1 [Saccopteryx leptura]	249018
XP_036188104.1	XP_066215665	64.265	347	505	490	69	7.64e-166	483	peroxisome proliferator-activated receptor delta isoform X1 [Saccopteryx leptura]	249018
XP_036188104.1	XP_066215664	64.265	347	505	490	69	7.64e-166	483	peroxisome proliferator-activated receptor delta isoform X1 [Saccopteryx leptura]	249018
XP_036188104.1	XP_066215663	64.265	347	505	490	69	7.64e-166	483	peroxisome proliferator-activated receptor delta isoform X1 [Saccopteryx leptura]	249018
XP_036188104.1	XP_080961773	99.571	233	505	266	46	9.91e-166	473	peroxisome proliferator-activated receptor gamma isoform 3 [Myotis nattereri]	109481
XP_036188104.1	XP_080531234	99.569	232	505	266	46	3.48e-165	472	peroxisome proliferator-activated receptor gamma isoform 3 [Plecotus auritus]	61862
XP_036188104.1	XP_059519598	100.000	232	505	266	46	3.63e-165	472	peroxisome proliferator-activated receptor gamma isoform X3 [Myotis daubentonii]	98922
XP_036188104.1	XP_036188108	100.000	232	505	266	46	3.63e-165	472	peroxisome proliferator-activated receptor gamma isoform X3 [Myotis myotis]	51298
XP_036188104.1	XP_023605420	99.569	232	505	266	46	6.77e-165	471	peroxisome proliferator-activated receptor gamma isoform X4 [Myotis lucifugus]	59463
XP_036188104.1	XP_054451355	98.712	233	505	266	46	7.39e-165	471	peroxisome proliferator-activated receptor gamma isoform X3 [Pteronotus mesoamericanus]	1884717
XP_036188104.1	XP_035886683	99.138	232	505	266	46	1.07e-164	471	peroxisome proliferator-activated receptor gamma isoform X4 [Phyllostomus discolor]	89673
XP_036188104.1	XP_036995220	99.138	232	505	266	46	1.41e-164	471	peroxisome proliferator-activated receptor gamma isoform X3 [Artibeus jamaicensis]	9417
XP_036188104.1	XP_032988593	99.138	232	505	266	46	1.41e-164	471	peroxisome proliferator-activated receptor gamma isoform X4 [Rhinolophus ferrumequinum]	59479
XP_036188104.1	XP_036906745	99.138	232	505	266	46	1.41e-164	471	peroxisome proliferator-activated receptor gamma isoform X3 [Sturnira hondurensis]	192404
XP_036188104.1	XP_045688236	99.138	232	505	266	46	1.54e-164	470	peroxisome proliferator-activated receptor gamma isoform X2 [Phyllostomus hastatus]	9423
XP_036188104.1	XP_036074548	98.707	232	505	266	46	3.27e-164	469	peroxisome proliferator-activated receptor gamma isoform X3 [Rousettus aegyptiacus]	9407
XP_036188104.1	XP_036287047	99.138	232	505	266	46	3.93e-164	469	peroxisome proliferator-activated receptor gamma isoform X4 [Pipistrellus kuhlii]	59472
XP_036188104.1	XP_024906462	98.707	232	505	266	46	1.38e-163	468	peroxisome proliferator-activated receptor gamma isoform X2 [Pteropus alecto]	9402
XP_036188104.1	XP_023392622	98.707	232	505	266	46	1.76e-163	468	peroxisome proliferator-activated receptor gamma isoform X2 [Pteropus vampyrus]	132908
XP_036188104.1	XP_039742701	98.707	232	505	266	46	1.76e-163	468	peroxisome proliferator-activated receptor gamma isoform X2 [Pteropus medius]	143291
XP_036188104.1	XP_015441402	64.620	342	505	450	68	1.78e-163	475	peroxisome proliferator-activated receptor delta isoform X1 [Pteropus alecto]	9402
XP_036188104.1	XP_015441401	64.620	342	505	450	68	1.78e-163	475	peroxisome proliferator-activated receptor delta isoform X1 [Pteropus alecto]	9402
XP_036188104.1	XP_015441400	64.620	342	505	450	68	1.78e-163	475	peroxisome proliferator-activated receptor delta isoform X1 [Pteropus alecto]	9402
XP_036188104.1	XP_011371828	64.327	342	505	450	68	2.29e-163	474	peroxisome proliferator-activated receptor delta isoform X1 [Pteropus vampyrus]	132908
XP_036188104.1	XP_011371827	64.327	342	505	450	68	2.29e-163	474	peroxisome proliferator-activated receptor delta isoform X1 [Pteropus vampyrus]	132908
XP_036188104.1	XP_011371826	64.327	342	505	450	68	2.29e-163	474	peroxisome proliferator-activated receptor delta isoform X1 [Pteropus vampyrus]	132908
XP_036188104.1	XP_039712281	64.327	342	505	450	68	2.42e-163	474	peroxisome proliferator-activated receptor delta isoform X1 [Pteropus medius]	143291
XP_036188104.1	XP_039712280	64.327	342	505	450	68	2.42e-163	474	peroxisome proliferator-activated receptor delta isoform X1 [Pteropus medius]	143291
XP_036188104.1	XP_039712279	64.327	342	505	450	68	2.42e-163	474	peroxisome proliferator-activated receptor delta isoform X1 [Pteropus medius]	143291
XP_036188104.1	XP_036172556	63.977	347	505	494	69	3.80e-163	476	peroxisome proliferator-activated receptor delta isoform X1 [Myotis myotis]	51298
XP_036188104.1	XP_036172555	63.977	347	505	494	69	3.80e-163	476	peroxisome proliferator-activated receptor delta isoform X1 [Myotis myotis]	51298
XP_036188104.1	XP_036095056	64.035	342	505	450	68	1.08e-162	473	peroxisome proliferator-activated receptor delta isoform X2 [Rousettus aegyptiacus]	9407
XP_036188104.1	XP_036172561	63.977	347	505	546	69	1.36e-162	476	peroxisome proliferator-activated receptor delta isoform X3 [Myotis myotis]	51298
XP_036188104.1	XP_024906353	63.977	347	505	457	69	8.96e-161	468	peroxisome proliferator-activated receptor alpha [Pteropus alecto]	9402
XP_036188104.1	XP_045691195	63.291	316	505	361	62	4.73e-143	419	peroxisome proliferator-activated receptor delta isoform X4 [Phyllostomus hastatus]	9423
XP_036188104.1	XP_066214779	61.468	327	505	398	65	1.30e-142	420	peroxisome proliferator-activated receptor alpha isoform X2 [Saccopteryx leptura]	249018
XP_036188104.1	XP_066111516	61.468	327	505	398	65	1.30e-142	420	peroxisome proliferator-activated receptor alpha isoform X2 [Saccopteryx bilineata]	59482
XP_036188104.1	XP_036908729	65.753	292	505	361	58	3.25e-142	417	peroxisome proliferator-activated receptor delta isoform X3 [Sturnira hondurensis]	192404
XP_036188104.1	XP_080916433	61.755	319	505	393	63	8.42e-141	415	peroxisome proliferator-activated receptor alpha isoform 2 [Rhinolophus hipposideros]	77218
XP_036188104.1	XP_045690941	60.991	323	505	418	63	8.71e-141	416	peroxisome proliferator-activated receptor alpha isoform X4 [Phyllostomus hastatus]	9423
XP_036188104.1	XP_011373286	62.145	317	505	389	63	8.74e-141	415	peroxisome proliferator-activated receptor alpha isoform X2 [Pteropus vampyrus]	132908
XP_036188104.1	XP_039719121	62.145	317	505	389	63	8.74e-141	415	peroxisome proliferator-activated receptor alpha isoform X2 [Pteropus medius]	143291
XP_036188104.1	XP_054438478	61.514	317	505	388	63	3.96e-140	413	peroxisome proliferator-activated receptor alpha isoform X2 [Pteronotus mesoamericanus]	1884717
XP_036188104.1	XP_079630648	65.320	297	505	434	59	4.01e-140	415	peroxisome proliferator-activated receptor alpha isoform 3 [Cnephaeus nilssonii]	3371016
XP_036188104.1	XP_080517106	63.399	306	505	443	60	6.44e-140	415	peroxisome proliferator-activated receptor alpha isoform 4 [Plecotus auritus]	61862
XP_036188104.1	XP_080517105	63.399	306	505	443	60	6.44e-140	415	peroxisome proliferator-activated receptor alpha isoform 4 [Plecotus auritus]	61862
XP_036188104.1	XP_045690927	61.250	320	505	478	63	3.19e-139	414	peroxisome proliferator-activated receptor alpha isoform X2 [Phyllostomus hastatus]	9423
XP_036188104.1	XP_080517102	63.399	306	505	504	60	9.54e-139	414	peroxisome proliferator-activated receptor alpha isoform 2 [Plecotus auritus]	61862
XP_036188104.1	XP_006109420	63.717	226	505	225	45	1.34e-97	298	peroxisome proliferator-activated receptor alpha [Myotis lucifugus]	59463
XP_036188104.1	XP_015418492	32.381	420	505	481	77	2.77e-53	191	PREDICTED: LOW QUALITY PROTEIN: nuclear receptor ROR-alpha [Myotis davidii]	225400
XP_036188104.1	XP_019484221	31.978	369	505	448	72	1.59e-49	181	PREDICTED: retinoic acid receptor beta isoform X1 [Hipposideros armiger]	186990
XP_036188104.1	XP_032987650	31.978	369	505	455	72	1.84e-49	181	retinoic acid receptor beta isoform X1 [Rhinolophus ferrumequinum]	59479
XP_036188104.1	XP_080927756	31.978	369	505	455	72	1.84e-49	181	retinoic acid receptor beta isoform 1 [Rhinolophus hipposideros]	77218
XP_036188104.1	XP_019600831	31.978	369	505	455	72	1.84e-49	181	retinoic acid receptor beta isoform X1 [Rhinolophus sinicus]	89399
XP_036188104.1	XP_032987651	31.978	369	505	448	72	2.80e-49	180	retinoic acid receptor beta isoform X2 [Rhinolophus ferrumequinum]	59479
XP_036188104.1	XP_080927757	31.978	369	505	448	72	2.80e-49	180	retinoic acid receptor beta isoform 2 [Rhinolophus hipposideros]	77218
XP_036188104.1	XP_019600832	31.978	369	505	448	72	2.80e-49	180	retinoic acid receptor beta isoform X2 [Rhinolophus sinicus]	89399
XP_036188104.1	XP_080531073	31.707	369	505	406	72	3.56e-49	179	retinoic acid receptor beta isoform 3 [Plecotus auritus]	61862
XP_036188104.1	XP_015426392	31.436	369	505	459	72	4.24e-49	180	PREDICTED: LOW QUALITY PROTEIN: retinoic acid receptor beta [Myotis davidii]	225400
XP_036188104.1	XP_036287521	31.707	369	505	455	72	5.05e-49	179	retinoic acid receptor beta isoform X1 [Pipistrellus kuhlii]	59472
XP_036188104.1	XP_070289410	31.707	369	505	455	72	5.48e-49	179	retinoic acid receptor beta isoform X1 [Myotis yumanensis]	159337
XP_036188104.1	XP_070289409	31.707	369	505	455	72	5.48e-49	179	retinoic acid receptor beta isoform X1 [Myotis yumanensis]	159337
XP_036188104.1	XP_070289408	31.707	369	505	455	72	5.48e-49	179	retinoic acid receptor beta isoform X1 [Myotis yumanensis]	159337
XP_036188104.1	XP_059520080	31.707	369	505	455	72	5.48e-49	179	retinoic acid receptor beta isoform X1 [Myotis daubentonii]	98922
XP_036188104.1	XP_008151850	31.707	369	505	455	72	5.48e-49	179	retinoic acid receptor beta isoform X1 [Eptesicus fuscus]	29078
XP_036188104.1	XP_036188670	31.707	369	505	455	72	5.48e-49	179	retinoic acid receptor beta isoform X1 [Myotis myotis]	51298
XP_036188104.1	XP_080961936	31.707	369	505	455	72	5.48e-49	179	retinoic acid receptor beta isoform 1 [Myotis nattereri]	109481
XP_036188104.1	XP_080531071	31.707	369	505	455	72	5.48e-49	179	retinoic acid receptor beta isoform 1 [Plecotus auritus]	61862
XP_036188104.1	XP_080531070	31.707	369	505	455	72	5.48e-49	179	retinoic acid receptor beta isoform 1 [Plecotus auritus]	61862
XP_036188104.1	XP_024421993	31.707	369	505	455	72	8.19e-49	179	retinoic acid receptor beta isoform X1 [Desmodus rotundus]	9430
XP_036188104.1	XP_053786231	31.707	369	505	455	72	8.19e-49	179	retinoic acid receptor beta isoform X1 [Desmodus rotundus]	9430
XP_036188104.1	XP_015980354	31.707	369	505	455	72	8.19e-49	179	retinoic acid receptor beta isoform X1 [Rousettus aegyptiacus]	9407
XP_036188104.1	XP_015980353	31.707	369	505	455	72	8.19e-49	179	retinoic acid receptor beta isoform X1 [Rousettus aegyptiacus]	9407
XP_036188104.1	XP_015980352	31.707	369	505	455	72	8.19e-49	179	retinoic acid receptor beta isoform X1 [Rousettus aegyptiacus]	9407
XP_036188104.1	XP_015980351	31.707	369	505	455	72	8.19e-49	179	retinoic acid receptor beta isoform X1 [Rousettus aegyptiacus]	9407
XP_036188104.1	XP_028373644	31.707	369	505	455	72	8.19e-49	179	retinoic acid receptor beta isoform X1 [Phyllostomus discolor]	89673
XP_036188104.1	XP_070289411	31.707	369	505	448	72	8.78e-49	179	retinoic acid receptor beta isoform X2 [Myotis yumanensis]	159337
XP_036188104.1	XP_059520081	31.707	369	505	448	72	8.78e-49	179	retinoic acid receptor beta isoform X2 [Myotis daubentonii]	98922
XP_036188104.1	XP_008151860	31.707	369	505	448	72	8.78e-49	179	retinoic acid receptor beta isoform X2 [Eptesicus fuscus]	29078
XP_036188104.1	XP_005856656	31.707	369	505	448	72	8.78e-49	179	PREDICTED: retinoic acid receptor beta isoform X2 [Myotis brandtii]	109478
XP_036188104.1	XP_036287522	31.707	369	505	448	72	8.78e-49	179	retinoic acid receptor beta isoform X2 [Pipistrellus kuhlii]	59472
XP_036188104.1	XP_036188671	31.707	369	505	448	72	8.78e-49	179	retinoic acid receptor beta isoform X2 [Myotis myotis]	51298
XP_036188104.1	XP_006087669	31.707	369	505	448	72	8.78e-49	179	retinoic acid receptor beta isoform X1 [Myotis lucifugus]	59463
XP_036188104.1	XP_080961937	31.707	369	505	448	72	8.78e-49	179	retinoic acid receptor beta isoform 2 [Myotis nattereri]	109481
XP_036188104.1	XP_080531072	31.707	369	505	448	72	8.78e-49	179	retinoic acid receptor beta isoform 2 [Plecotus auritus]	61862
XP_036188104.1	XP_079651762	31.707	369	505	448	72	8.78e-49	179	retinoic acid receptor beta isoform 1 [Cnephaeus nilssonii]	3371016
XP_036188104.1	XP_016054280	31.707	369	505	455	72	9.56e-49	179	PREDICTED: retinoic acid receptor beta isoform X1 [Miniopterus natalensis]	291302
XP_036188104.1	XP_016054279	31.707	369	505	455	72	9.56e-49	179	PREDICTED: retinoic acid receptor beta isoform X1 [Miniopterus natalensis]	291302
XP_036188104.1	XP_081015815	31.707	369	505	455	72	9.56e-49	179	retinoic acid receptor beta isoform 1 [Miniopterus schreibersii]	9433
XP_036188104.1	XP_081015814	31.707	369	505	455	72	9.56e-49	179	retinoic acid receptor beta isoform 1 [Miniopterus schreibersii]	9433
XP_036188104.1	XP_053786232	31.707	369	505	448	72	1.37e-48	178	retinoic acid receptor beta isoform X2 [Desmodus rotundus]	9430
XP_036188104.1	XP_054451016	31.707	369	505	448	72	1.37e-48	178	retinoic acid receptor beta isoform X1 [Pteronotus mesoamericanus]	1884717
XP_036188104.1	XP_016054281	31.707	369	505	448	72	1.37e-48	178	PREDICTED: retinoic acid receptor beta isoform X2 [Miniopterus natalensis]	291302
XP_036188104.1	XP_036999900	31.707	369	505	448	72	1.37e-48	178	retinoic acid receptor beta isoform X1 [Artibeus jamaicensis]	9417
XP_036188104.1	XP_045713359	31.707	369	505	448	72	1.37e-48	178	retinoic acid receptor beta [Phyllostomus hastatus]	9423
XP_036188104.1	XP_036123321	31.707	369	505	448	72	1.37e-48	178	retinoic acid receptor beta [Molossus molossus]	27622
XP_036188104.1	XP_015980355	31.707	369	505	448	72	1.37e-48	178	retinoic acid receptor beta isoform X2 [Rousettus aegyptiacus]	9407
XP_036188104.1	XP_028373645	31.707	369	505	448	72	1.37e-48	178	retinoic acid receptor beta isoform X2 [Phyllostomus discolor]	89673
XP_036188104.1	XP_081015816	31.707	369	505	448	72	1.37e-48	178	retinoic acid receptor beta isoform 2 [Miniopterus schreibersii]	9433
XP_036188104.1	XP_066101823	31.707	369	505	448	72	1.49e-48	178	retinoic acid receptor beta isoform X2 [Saccopteryx bilineata]	59482
XP_036188104.1	XP_066206946	31.707	369	505	448	72	1.53e-48	178	retinoic acid receptor beta isoform X2 [Saccopteryx leptura]	249018
XP_036188104.1	XP_039692670	31.707	369	505	455	72	2.49e-48	177	retinoic acid receptor beta isoform X1 [Pteropus medius]	143291
XP_036188104.1	XP_005856655	31.707	369	505	474	72	2.58e-48	178	PREDICTED: retinoic acid receptor beta isoform X1 [Myotis brandtii]	109478
XP_036188104.1	XP_006905765	31.707	369	505	448	72	5.16e-48	177	retinoic acid receptor beta [Pteropus alecto]	9402
XP_036188104.1	XP_011356589	31.707	369	505	448	72	5.16e-48	177	retinoic acid receptor beta isoform X1 [Pteropus vampyrus]	132908
XP_036188104.1	XP_039692671	31.707	369	505	448	72	5.16e-48	177	retinoic acid receptor beta isoform X2 [Pteropus medius]	143291
XP_036188104.1	XP_059526916	31.707	369	505	462	72	8.80e-48	176	retinoic acid receptor alpha isoform X1 [Myotis daubentonii]	98922
XP_036188104.1	XP_053773787	31.707	369	505	462	72	9.26e-48	176	retinoic acid receptor alpha [Desmodus rotundus]	9430
XP_036188104.1	XP_036124864	31.707	369	505	462	72	9.46e-48	176	retinoic acid receptor alpha isoform X1 [Molossus molossus]	27622
XP_036188104.1	XP_036124863	31.707	369	505	462	72	9.46e-48	176	retinoic acid receptor alpha isoform X1 [Molossus molossus]	27622
XP_036188104.1	XP_036124862	31.707	369	505	462	72	9.46e-48	176	retinoic acid receptor alpha isoform X1 [Molossus molossus]	27622
XP_036188104.1	XP_036124861	31.707	369	505	462	72	9.46e-48	176	retinoic acid receptor alpha isoform X1 [Molossus molossus]	27622
XP_036188104.1	XP_036124860	31.707	369	505	462	72	9.46e-48	176	retinoic acid receptor alpha isoform X1 [Molossus molossus]	27622
XP_036188104.1	XP_036124858	31.707	369	505	462	72	9.46e-48	176	retinoic acid receptor alpha isoform X1 [Molossus molossus]	27622
XP_036188104.1	XP_036124857	31.707	369	505	462	72	9.46e-48	176	retinoic acid receptor alpha isoform X1 [Molossus molossus]	27622
XP_036188104.1	XP_059526919	31.707	369	505	409	72	9.60e-48	175	retinoic acid receptor alpha isoform X4 [Myotis daubentonii]	98922
XP_036188104.1	XP_039729502	31.522	368	505	462	72	1.08e-47	176	LOW QUALITY PROTEIN: retinoic acid receptor alpha [Pteropus medius]	143291
XP_036188104.1	XP_059526917	31.707	369	505	459	72	1.09e-47	176	retinoic acid receptor alpha isoform X2 [Myotis daubentonii]	98922
XP_036188104.1	XP_066220342	31.707	369	505	462	72	1.17e-47	176	retinoic acid receptor alpha isoform X1 [Saccopteryx leptura]	249018
XP_036188104.1	XP_066220341	31.707	369	505	462	72	1.17e-47	176	retinoic acid receptor alpha isoform X1 [Saccopteryx leptura]	249018
XP_036188104.1	XP_066220340	31.707	369	505	462	72	1.17e-47	176	retinoic acid receptor alpha isoform X1 [Saccopteryx leptura]	249018
XP_036188104.1	XP_066119787	31.707	369	505	462	72	1.17e-47	176	retinoic acid receptor alpha isoform X1 [Saccopteryx bilineata]	59482
XP_036188104.1	XP_066119785	31.707	369	505	462	72	1.17e-47	176	retinoic acid receptor alpha isoform X1 [Saccopteryx bilineata]	59482
XP_036188104.1	XP_066119784	31.707	369	505	462	72	1.17e-47	176	retinoic acid receptor alpha isoform X1 [Saccopteryx bilineata]	59482
XP_036188104.1	XP_070249701	31.707	369	505	462	72	1.25e-47	176	retinoic acid receptor alpha isoform X1 [Myotis yumanensis]	159337
XP_036188104.1	XP_070249699	31.707	369	505	462	72	1.25e-47	176	retinoic acid receptor alpha isoform X1 [Myotis yumanensis]	159337
XP_036188104.1	XP_019494326	31.707	369	505	462	72	1.25e-47	176	PREDICTED: retinoic acid receptor alpha isoform X1 [Hipposideros armiger]	186990
XP_036188104.1	XP_019494325	31.707	369	505	462	72	1.25e-47	176	PREDICTED: retinoic acid receptor alpha isoform X1 [Hipposideros armiger]	186990
XP_036188104.1	XP_006774402	31.707	369	505	462	72	1.25e-47	176	PREDICTED: retinoic acid receptor alpha isoform X2 [Myotis davidii]	225400
XP_036188104.1	XP_006774401	31.707	369	505	462	72	1.25e-47	176	PREDICTED: retinoic acid receptor alpha isoform X2 [Myotis davidii]	225400
XP_036188104.1	XP_054565277	31.707	369	505	462	72	1.25e-47	176	retinoic acid receptor alpha isoform X1 [Eptesicus fuscus]	29078
XP_036188104.1	XP_008143090	31.707	369	505	462	72	1.25e-47	176	retinoic acid receptor alpha isoform X1 [Eptesicus fuscus]	29078
XP_036188104.1	XP_032946195	31.707	369	505	462	72	1.25e-47	176	retinoic acid receptor alpha isoform X2 [Rhinolophus ferrumequinum]	59479
XP_036188104.1	XP_032946194	31.707	369	505	462	72	1.25e-47	176	retinoic acid receptor alpha isoform X2 [Rhinolophus ferrumequinum]	59479
XP_036188104.1	XP_032946193	31.707	369	505	462	72	1.25e-47	176	retinoic acid receptor alpha isoform X2 [Rhinolophus ferrumequinum]	59479
XP_036188104.1	XP_005861918	31.707	369	505	462	72	1.25e-47	176	PREDICTED: retinoic acid receptor alpha isoform X1 [Myotis brandtii]	109478
XP_036188104.1	XP_036195824	31.707	369	505	462	72	1.25e-47	176	retinoic acid receptor alpha isoform X2 [Myotis myotis]	51298
XP_036188104.1	XP_080883389	31.707	369	505	462	72	1.25e-47	176	retinoic acid receptor alpha isoform 1 [Rhinolophus hipposideros]	77218
XP_036188104.1	XP_080883388	31.707	369	505	462	72	1.25e-47	176	retinoic acid receptor alpha isoform 1 [Rhinolophus hipposideros]	77218
XP_036188104.1	XP_080966329	31.707	369	505	462	72	1.25e-47	176	retinoic acid receptor alpha isoform 1 [Myotis nattereri]	109481
XP_036188104.1	XP_080535290	31.707	369	505	462	72	1.25e-47	176	retinoic acid receptor alpha isoform 1 [Plecotus auritus]	61862
XP_036188104.1	XP_079654096	31.707	369	505	462	72	1.25e-47	176	retinoic acid receptor alpha isoform 2 [Cnephaeus nilssonii]	3371016
XP_036188104.1	XP_079654095	31.707	369	505	462	72	1.25e-47	176	retinoic acid receptor alpha isoform 2 [Cnephaeus nilssonii]	3371016
XP_036188104.1	XP_079654094	31.707	369	505	462	72	1.25e-47	176	retinoic acid receptor alpha isoform 2 [Cnephaeus nilssonii]	3371016
XP_036188104.1	XP_054449811	31.707	369	505	462	72	1.26e-47	176	retinoic acid receptor alpha isoform X1 [Pteronotus mesoamericanus]	1884717
XP_036188104.1	XP_054449810	31.707	369	505	462	72	1.26e-47	176	retinoic acid receptor alpha isoform X1 [Pteronotus mesoamericanus]	1884717
XP_036188104.1	XP_079654093	31.707	369	505	477	72	1.33e-47	176	retinoic acid receptor alpha isoform 1 [Cnephaeus nilssonii]	3371016
XP_036188104.1	XP_011381365	31.707	369	505	459	72	1.38e-47	176	retinoic acid receptor alpha isoform X2 [Pteropus vampyrus]	132908
XP_036188104.1	XP_011381364	31.707	369	505	462	72	1.40e-47	176	retinoic acid receptor alpha isoform X1 [Pteropus vampyrus]	132908
XP_036188104.1	XP_011381362	31.707	369	505	462	72	1.40e-47	176	retinoic acid receptor alpha isoform X1 [Pteropus vampyrus]	132908
XP_036188104.1	XP_019603279	31.707	369	505	462	72	1.40e-47	176	retinoic acid receptor alpha isoform X1 [Rhinolophus sinicus]	89399
XP_036188104.1	XP_019603278	31.707	369	505	462	72	1.40e-47	176	retinoic acid receptor alpha isoform X1 [Rhinolophus sinicus]	89399
XP_036188104.1	XP_019603277	31.707	369	505	462	72	1.40e-47	176	retinoic acid receptor alpha isoform X1 [Rhinolophus sinicus]	89399
XP_036188104.1	XP_016020224	31.707	369	505	462	72	1.47e-47	176	retinoic acid receptor alpha isoform X1 [Rousettus aegyptiacus]	9407
XP_036188104.1	XP_016020223	31.707	369	505	462	72	1.47e-47	176	retinoic acid receptor alpha isoform X1 [Rousettus aegyptiacus]	9407
XP_036188104.1	XP_066119789	31.707	369	505	415	72	1.48e-47	174	retinoic acid receptor alpha isoform X3 [Saccopteryx bilineata]	59482
XP_036188104.1	XP_028375794	31.707	369	505	462	72	1.50e-47	176	retinoic acid receptor alpha isoform X1 [Phyllostomus discolor]	89673
XP_036188104.1	XP_006774403	31.707	369	505	459	72	1.50e-47	176	PREDICTED: retinoic acid receptor alpha isoform X3 [Myotis davidii]	225400
XP_036188104.1	XP_036195825	31.707	369	505	459	72	1.50e-47	176	retinoic acid receptor alpha isoform X3 [Myotis myotis]	51298
XP_036188104.1	XP_008143099	31.707	369	505	459	72	1.53e-47	176	retinoic acid receptor alpha isoform X2 [Eptesicus fuscus]	29078
XP_036188104.1	XP_032946196	31.707	369	505	459	72	1.53e-47	176	retinoic acid receptor alpha isoform X3 [Rhinolophus ferrumequinum]	59479
XP_036188104.1	XP_016020227	31.707	369	505	459	72	1.53e-47	176	retinoic acid receptor alpha isoform X2 [Rousettus aegyptiacus]	9407
XP_036188104.1	XP_080883390	31.707	369	505	459	72	1.53e-47	176	retinoic acid receptor alpha isoform 2 [Rhinolophus hipposideros]	77218
XP_036188104.1	XP_080966330	31.707	369	505	459	72	1.53e-47	176	retinoic acid receptor alpha isoform 2 [Myotis nattereri]	109481
XP_036188104.1	XP_080535292	31.707	369	505	459	72	1.53e-47	176	retinoic acid receptor alpha isoform 3 [Plecotus auritus]	61862
XP_036188104.1	XP_006774405	31.707	369	505	409	72	1.54e-47	174	PREDICTED: retinoic acid receptor alpha isoform X4 [Myotis davidii]	225400
XP_036188104.1	XP_005861920	31.707	369	505	409	72	1.54e-47	174	PREDICTED: retinoic acid receptor alpha isoform X3 [Myotis brandtii]	109478
XP_036188104.1	XP_036985590	31.707	369	505	462	72	1.55e-47	176	retinoic acid receptor alpha isoform X1 [Artibeus jamaicensis]	9417
XP_036188104.1	XP_036985589	31.707	369	505	462	72	1.55e-47	176	retinoic acid receptor alpha isoform X1 [Artibeus jamaicensis]	9417
XP_036188104.1	XP_036985591	31.707	369	505	462	72	1.55e-47	176	retinoic acid receptor alpha isoform X1 [Artibeus jamaicensis]	9417
XP_036188104.1	XP_053512178	31.707	369	505	462	72	1.55e-47	176	retinoic acid receptor alpha isoform X1 [Artibeus jamaicensis]	9417
XP_036188104.1	XP_045692412	31.707	369	505	462	72	1.58e-47	176	retinoic acid receptor alpha isoform X1 [Phyllostomus hastatus]	9423
XP_036188104.1	XP_045692411	31.707	369	505	462	72	1.58e-47	176	retinoic acid receptor alpha isoform X1 [Phyllostomus hastatus]	9423
XP_036188104.1	XP_045692410	31.707	369	505	462	72	1.58e-47	176	retinoic acid receptor alpha isoform X1 [Phyllostomus hastatus]	9423
XP_036188104.1	XP_045692409	31.707	369	505	462	72	1.58e-47	176	retinoic acid receptor alpha isoform X1 [Phyllostomus hastatus]	9423
XP_036188104.1	XP_045692408	31.707	369	505	462	72	1.58e-47	176	retinoic acid receptor alpha isoform X1 [Phyllostomus hastatus]	9423
XP_036188104.1	XP_059526918	31.707	369	505	435	72	1.62e-47	175	retinoic acid receptor alpha isoform X3 [Myotis daubentonii]	98922
XP_036188104.1	XP_016057734	31.707	369	505	462	72	1.63e-47	176	PREDICTED: retinoic acid receptor alpha isoform X1 [Miniopterus natalensis]	291302
XP_036188104.1	XP_016057733	31.707	369	505	462	72	1.63e-47	176	PREDICTED: retinoic acid receptor alpha isoform X1 [Miniopterus natalensis]	291302
XP_036188104.1	XP_081017359	31.707	369	505	462	72	1.63e-47	176	retinoic acid receptor alpha isoform 1 [Miniopterus schreibersii]	9433
XP_036188104.1	XP_081017358	31.707	369	505	462	72	1.63e-47	176	retinoic acid receptor alpha isoform 1 [Miniopterus schreibersii]	9433
XP_036188104.1	XP_070249702	31.707	369	505	459	72	1.65e-47	176	retinoic acid receptor alpha isoform X2 [Myotis yumanensis]	159337
XP_036188104.1	XP_005861919	31.707	369	505	459	72	1.65e-47	176	PREDICTED: retinoic acid receptor alpha isoform X2 [Myotis brandtii]	109478
XP_036188104.1	XP_036124868	31.707	369	505	459	72	1.68e-47	176	retinoic acid receptor alpha isoform X4 [Molossus molossus]	27622
XP_036188104.1	XP_019603280	31.707	369	505	459	72	1.68e-47	176	retinoic acid receptor alpha isoform X2 [Rhinolophus sinicus]	89399
XP_036188104.1	XP_054449812	31.707	369	505	459	72	1.70e-47	176	retinoic acid receptor alpha isoform X2 [Pteronotus mesoamericanus]	1884717
XP_036188104.1	XP_036985592	31.707	369	505	459	72	1.73e-47	176	retinoic acid receptor alpha isoform X2 [Artibeus jamaicensis]	9417
XP_036188104.1	XP_016057735	31.707	369	505	459	72	1.77e-47	176	PREDICTED: retinoic acid receptor alpha isoform X2 [Miniopterus natalensis]	291302
XP_036188104.1	XP_081017360	31.707	369	505	459	72	1.77e-47	176	retinoic acid receptor alpha isoform 2 [Miniopterus schreibersii]	9433
XP_036188104.1	XP_028375796	31.707	369	505	459	72	1.79e-47	176	retinoic acid receptor alpha isoform X2 [Phyllostomus discolor]	89673
XP_036188104.1	XP_032946197	31.707	369	505	409	72	1.82e-47	174	retinoic acid receptor alpha isoform X4 [Rhinolophus ferrumequinum]	59479
XP_036188104.1	XP_066220343	31.707	369	505	458	72	1.86e-47	175	retinoic acid receptor alpha isoform X2 [Saccopteryx leptura]	249018
XP_036188104.1	XP_066119788	31.707	369	505	458	72	1.86e-47	175	retinoic acid receptor alpha isoform X2 [Saccopteryx bilineata]	59482
XP_036188104.1	XP_019494328	31.707	369	505	459	72	1.92e-47	175	PREDICTED: retinoic acid receptor alpha isoform X2 [Hipposideros armiger]	186990
XP_036188104.1	XP_045692413	31.707	369	505	459	72	2.00e-47	175	retinoic acid receptor alpha isoform X2 [Phyllostomus hastatus]	9423
XP_036188104.1	XP_015454794	31.707	369	505	462	72	2.15e-47	175	retinoic acid receptor alpha isoform X1 [Pteropus alecto]	9402
XP_036188104.1	XP_006924739	31.707	369	505	462	72	2.15e-47	175	retinoic acid receptor alpha isoform X1 [Pteropus alecto]	9402
XP_036188104.1	XP_006924740	31.707	369	505	459	72	2.56e-47	175	retinoic acid receptor alpha isoform X2 [Pteropus alecto]	9402
XP_036188104.1	XP_036078549	31.707	369	505	423	72	2.64e-47	174	retinoic acid receptor alpha isoform X3 [Rousettus aegyptiacus]	9407
XP_036188104.1	XP_032946192	31.707	369	505	471	72	2.68e-47	175	retinoic acid receptor alpha isoform X1 [Rhinolophus ferrumequinum]	59479
XP_036188104.1	XP_036195823	31.707	369	505	523	72	3.46e-47	176	retinoic acid receptor alpha isoform X1 [Myotis myotis]	51298
XP_036188104.1	XP_036195822	31.707	369	505	523	72	3.46e-47	176	retinoic acid receptor alpha isoform X1 [Myotis myotis]	51298
XP_036188104.1	XP_036195821	31.707	369	505	523	72	3.46e-47	176	retinoic acid receptor alpha isoform X1 [Myotis myotis]	51298
XP_036188104.1	XP_036317297	31.707	369	505	459	72	3.48e-47	174	retinoic acid receptor alpha isoform X2 [Pipistrellus kuhlii]	59472
XP_036188104.1	XP_045426751	31.707	369	505	462	72	3.59e-47	175	retinoic acid receptor alpha isoform X1 [Pipistrellus kuhlii]	59472
XP_036188104.1	XP_036317296	31.707	369	505	462	72	3.59e-47	175	retinoic acid receptor alpha isoform X1 [Pipistrellus kuhlii]	59472
XP_036188104.1	XP_080531074	32.102	352	505	405	69	4.58e-47	173	retinoic acid receptor beta isoform 4 [Plecotus auritus]	61862
XP_036188104.1	XP_006774406	31.707	369	505	470	72	5.16e-47	174	PREDICTED: retinoic acid receptor alpha isoform X1 [Myotis davidii]	225400
XP_036188104.1	XP_036926617	31.165	369	505	455	72	5.83e-47	174	retinoic acid receptor beta isoform X1 [Sturnira hondurensis]	192404
XP_036188104.1	XP_036926618	31.165	369	505	448	72	5.83e-47	174	retinoic acid receptor beta isoform X2 [Sturnira hondurensis]	192404
XP_036188104.1	XP_036889122	31.707	369	505	462	72	5.87e-47	174	retinoic acid receptor alpha [Sturnira hondurensis]	192404
XP_036188104.1	XP_080961938	32.448	339	505	406	66	2.20e-46	171	retinoic acid receptor beta isoform 3 [Myotis nattereri]	109481
XP_036188104.1	XP_036313828	31.436	369	505	447	72	9.80e-44	165	retinoic acid receptor gamma isoform X2 [Pipistrellus kuhlii]	59472
XP_036188104.1	XP_045443981	31.436	369	505	458	72	1.22e-43	165	retinoic acid receptor gamma isoform X1 [Pipistrellus kuhlii]	59472
XP_036188104.1	XP_036313827	31.436	369	505	458	72	1.22e-43	165	retinoic acid receptor gamma isoform X1 [Pipistrellus kuhlii]	59472
XP_036188104.1	XP_036313826	31.436	369	505	458	72	1.22e-43	165	retinoic acid receptor gamma isoform X1 [Pipistrellus kuhlii]	59472
XP_036188104.1	XP_036313825	31.436	369	505	458	72	1.22e-43	165	retinoic acid receptor gamma isoform X1 [Pipistrellus kuhlii]	59472
XP_036188104.1	XP_016056827	31.165	369	505	386	72	1.52e-43	163	PREDICTED: retinoic acid receptor gamma isoform X3 [Miniopterus natalensis]	291302
XP_036188104.1	XP_036993436	31.436	369	505	386	72	1.69e-43	163	retinoic acid receptor gamma isoform X3 [Artibeus jamaicensis]	9417
XP_036188104.1	XP_070266254	31.165	369	505	410	72	1.77e-43	163	retinoic acid receptor gamma isoform X3 [Myotis yumanensis]	159337
XP_036188104.1	XP_014397562	31.165	369	505	410	72	1.77e-43	163	PREDICTED: retinoic acid receptor gamma isoform X3 [Myotis brandtii]	109478
XP_036188104.1	XP_015415085	31.165	369	505	410	72	2.10e-43	163	PREDICTED: retinoic acid receptor gamma isoform X4 [Myotis davidii]	225400
XP_036188104.1	XP_036993434	31.707	369	505	458	72	2.14e-43	164	retinoic acid receptor gamma isoform X1 [Artibeus jamaicensis]	9417
XP_036188104.1	XP_015415086	31.165	369	505	386	72	2.16e-43	162	PREDICTED: retinoic acid receptor gamma isoform X5 [Myotis davidii]	225400
XP_036188104.1	XP_054575018	31.165	369	505	386	72	2.21e-43	162	retinoic acid receptor gamma isoform X4 [Eptesicus fuscus]	29078
XP_036188104.1	XP_054575017	31.165	369	505	386	72	2.21e-43	162	retinoic acid receptor gamma isoform X4 [Eptesicus fuscus]	29078
XP_036188104.1	XP_079630824	31.165	369	505	386	72	2.21e-43	162	retinoic acid receptor gamma isoform 3 [Cnephaeus nilssonii]	3371016
XP_036188104.1	XP_079630823	31.165	369	505	386	72	2.21e-43	162	retinoic acid receptor gamma isoform 3 [Cnephaeus nilssonii]	3371016
XP_036188104.1	XP_079630822	31.165	369	505	386	72	2.21e-43	162	retinoic acid receptor gamma isoform 3 [Cnephaeus nilssonii]	3371016
XP_036188104.1	XP_059539000	31.165	369	505	386	72	2.30e-43	162	retinoic acid receptor gamma isoform X4 [Myotis daubentonii]	98922
XP_036188104.1	XP_014397563	31.165	369	505	386	72	2.30e-43	162	PREDICTED: retinoic acid receptor gamma isoform X4 [Myotis brandtii]	109478
XP_036188104.1	XP_080915689	31.165	369	505	386	72	2.44e-43	162	retinoic acid receptor gamma isoform 3 [Rhinolophus hipposideros]	77218
XP_036188104.1	XP_074181738	31.165	369	505	386	72	2.44e-43	162	retinoic acid receptor gamma isoform X4 [Rhinolophus sinicus]	89399
XP_036188104.1	XP_019580044	31.165	369	505	386	72	2.44e-43	162	retinoic acid receptor gamma isoform X4 [Rhinolophus sinicus]	89399
XP_036188104.1	XP_036993435	31.707	369	505	447	72	2.53e-43	164	retinoic acid receptor gamma isoform X2 [Artibeus jamaicensis]	9417
XP_036188104.1	XP_016056826	31.165	369	505	447	72	2.61e-43	164	PREDICTED: retinoic acid receptor gamma isoform X2 [Miniopterus natalensis]	291302
XP_036188104.1	XP_080983665	31.165	369	505	447	72	2.61e-43	164	retinoic acid receptor gamma isoform 2 [Miniopterus schreibersii]	9433
XP_036188104.1	XP_066225724	31.165	369	505	458	72	3.02e-43	164	retinoic acid receptor gamma isoform X2 [Saccopteryx leptura]	249018
XP_036188104.1	XP_066225723	31.165	369	505	458	72	3.02e-43	164	retinoic acid receptor gamma isoform X2 [Saccopteryx leptura]	249018
XP_036188104.1	XP_016056825	31.165	369	505	458	72	3.21e-43	164	PREDICTED: retinoic acid receptor gamma isoform X1 [Miniopterus natalensis]	291302
XP_036188104.1	XP_016056823	31.165	369	505	458	72	3.21e-43	164	PREDICTED: retinoic acid receptor gamma isoform X1 [Miniopterus natalensis]	291302
XP_036188104.1	XP_016056822	31.165	369	505	458	72	3.21e-43	164	PREDICTED: retinoic acid receptor gamma isoform X1 [Miniopterus natalensis]	291302
XP_036188104.1	XP_080983664	31.165	369	505	458	72	3.21e-43	164	retinoic acid receptor gamma isoform 1 [Miniopterus schreibersii]	9433
XP_036188104.1	XP_080983663	31.165	369	505	458	72	3.21e-43	164	retinoic acid receptor gamma isoform 1 [Miniopterus schreibersii]	9433
XP_036188104.1	XP_080983662	31.165	369	505	458	72	3.21e-43	164	retinoic acid receptor gamma isoform 1 [Miniopterus schreibersii]	9433
XP_036188104.1	XP_024431408	31.165	369	505	447	72	3.33e-43	164	retinoic acid receptor gamma isoform X2 [Desmodus rotundus]	9430
XP_036188104.1	XP_066114717	31.165	369	505	458	72	3.56e-43	164	retinoic acid receptor gamma isoform X2 [Saccopteryx bilineata]	59482
XP_036188104.1	XP_066114716	31.165	369	505	458	72	3.56e-43	164	retinoic acid receptor gamma isoform X2 [Saccopteryx bilineata]	59482
XP_036188104.1	XP_032973707	31.165	369	505	447	72	3.61e-43	163	retinoic acid receptor gamma isoform X2 [Rhinolophus ferrumequinum]	59479
XP_036188104.1	XP_074181736	31.165	369	505	447	72	3.61e-43	163	retinoic acid receptor gamma isoform X1 [Rhinolophus sinicus]	89399
XP_036188104.1	XP_006757076	31.165	369	505	447	72	3.76e-43	163	PREDICTED: retinoic acid receptor gamma isoform X3 [Myotis davidii]	225400
XP_036188104.1	XP_024431407	31.165	369	505	458	72	3.82e-43	164	retinoic acid receptor gamma isoform X1 [Desmodus rotundus]	9430
XP_036188104.1	XP_024431406	31.165	369	505	458	72	3.82e-43	164	retinoic acid receptor gamma isoform X1 [Desmodus rotundus]	9430
XP_036188104.1	XP_024431405	31.165	369	505	458	72	3.82e-43	164	retinoic acid receptor gamma isoform X1 [Desmodus rotundus]	9430
XP_036188104.1	XP_045685671	31.165	369	505	458	72	3.82e-43	164	retinoic acid receptor gamma isoform X1 [Phyllostomus hastatus]	9423
XP_036188104.1	XP_045685670	31.165	369	505	458	72	3.82e-43	164	retinoic acid receptor gamma isoform X1 [Phyllostomus hastatus]	9423
XP_036188104.1	XP_070266253	31.165	369	505	447	72	3.92e-43	163	retinoic acid receptor gamma isoform X2 [Myotis yumanensis]	159337
XP_036188104.1	XP_059538998	31.165	369	505	447	72	3.92e-43	163	retinoic acid receptor gamma isoform X2 [Myotis daubentonii]	98922
XP_036188104.1	XP_005869252	31.165	369	505	447	72	3.92e-43	163	PREDICTED: retinoic acid receptor gamma isoform X2 [Myotis brandtii]	109478
XP_036188104.1	XP_036154307	31.165	369	505	447	72	3.92e-43	163	retinoic acid receptor gamma isoform X2 [Myotis myotis]	51298
XP_036188104.1	XP_080940747	31.165	369	505	447	72	3.92e-43	163	retinoic acid receptor gamma isoform 1 [Myotis nattereri]	109481
XP_036188104.1	XP_054447026	31.165	369	505	458	72	4.02e-43	164	retinoic acid receptor gamma [Pteronotus mesoamericanus]	1884717
XP_036188104.1	XP_028387395	31.165	369	505	458	72	4.02e-43	164	retinoic acid receptor gamma isoform X1 [Phyllostomus discolor]	89673
XP_036188104.1	XP_028387394	31.165	369	505	458	72	4.02e-43	164	retinoic acid receptor gamma isoform X1 [Phyllostomus discolor]	89673
XP_036188104.1	XP_036107790	31.165	369	505	447	72	4.04e-43	163	retinoic acid receptor gamma isoform X2 [Molossus molossus]	27622
XP_036188104.1	XP_008138961	31.165	369	505	458	72	4.06e-43	164	retinoic acid receptor gamma isoform X1 [Eptesicus fuscus]	29078
XP_036188104.1	XP_080515999	31.165	369	505	458	72	4.06e-43	164	retinoic acid receptor gamma isoform 2 [Plecotus auritus]	61862
XP_036188104.1	XP_079630820	31.165	369	505	458	72	4.06e-43	164	retinoic acid receptor gamma isoform 1 [Cnephaeus nilssonii]	3371016
XP_036188104.1	XP_079630819	31.165	369	505	458	72	4.06e-43	164	retinoic acid receptor gamma isoform 1 [Cnephaeus nilssonii]	3371016
XP_036188104.1	XP_015415084	31.165	369	505	458	72	4.10e-43	164	PREDICTED: retinoic acid receptor gamma isoform X2 [Myotis davidii]	225400
XP_036188104.1	XP_006757075	31.165	369	505	458	72	4.10e-43	164	PREDICTED: retinoic acid receptor gamma isoform X2 [Myotis davidii]	225400
XP_036188104.1	XP_070266252	31.165	369	505	458	72	4.14e-43	164	retinoic acid receptor gamma isoform X1 [Myotis yumanensis]	159337
XP_036188104.1	XP_070266251	31.165	369	505	458	72	4.14e-43	164	retinoic acid receptor gamma isoform X1 [Myotis yumanensis]	159337
XP_036188104.1	XP_070266250	31.165	369	505	458	72	4.14e-43	164	retinoic acid receptor gamma isoform X1 [Myotis yumanensis]	159337
XP_036188104.1	XP_070266249	31.165	369	505	458	72	4.14e-43	164	retinoic acid receptor gamma isoform X1 [Myotis yumanensis]	159337
XP_036188104.1	XP_059538997	31.165	369	505	458	72	4.14e-43	164	retinoic acid receptor gamma isoform X1 [Myotis daubentonii]	98922
XP_036188104.1	XP_059538996	31.165	369	505	458	72	4.14e-43	164	retinoic acid receptor gamma isoform X1 [Myotis daubentonii]	98922
XP_036188104.1	XP_059538995	31.165	369	505	458	72	4.14e-43	164	retinoic acid receptor gamma isoform X1 [Myotis daubentonii]	98922
XP_036188104.1	XP_059538994	31.165	369	505	458	72	4.14e-43	164	retinoic acid receptor gamma isoform X1 [Myotis daubentonii]	98922
XP_036188104.1	XP_005869251	31.165	369	505	458	72	4.14e-43	164	PREDICTED: retinoic acid receptor gamma isoform X1 [Myotis brandtii]	109478
XP_036188104.1	XP_014397561	31.165	369	505	458	72	4.14e-43	164	PREDICTED: retinoic acid receptor gamma isoform X1 [Myotis brandtii]	109478
XP_036188104.1	XP_005869254	31.165	369	505	458	72	4.14e-43	164	PREDICTED: retinoic acid receptor gamma isoform X1 [Myotis brandtii]	109478
XP_036188104.1	XP_014397560	31.165	369	505	458	72	4.14e-43	164	PREDICTED: retinoic acid receptor gamma isoform X1 [Myotis brandtii]	109478
XP_036188104.1	XP_036154306	31.165	369	505	458	72	4.14e-43	164	retinoic acid receptor gamma isoform X1 [Myotis myotis]	51298
XP_036188104.1	XP_036154305	31.165	369	505	458	72	4.14e-43	164	retinoic acid receptor gamma isoform X1 [Myotis myotis]	51298
XP_036188104.1	XP_036154304	31.165	369	505	458	72	4.14e-43	164	retinoic acid receptor gamma isoform X1 [Myotis myotis]	51298
XP_036188104.1	XP_036154302	31.165	369	505	458	72	4.14e-43	164	retinoic acid receptor gamma isoform X1 [Myotis myotis]	51298
XP_036188104.1	XP_036154301	31.165	369	505	458	72	4.14e-43	164	retinoic acid receptor gamma isoform X1 [Myotis myotis]	51298
XP_036188104.1	XP_036154300	31.165	369	505	458	72	4.14e-43	164	retinoic acid receptor gamma isoform X1 [Myotis myotis]	51298
XP_036188104.1	XP_036154299	31.165	369	505	458	72	4.14e-43	164	retinoic acid receptor gamma isoform X1 [Myotis myotis]	51298
XP_036188104.1	XP_080940748	31.165	369	505	458	72	4.14e-43	164	retinoic acid receptor gamma isoform 2 [Myotis nattereri]	109481
XP_036188104.1	XP_028000261	31.165	369	505	447	72	4.25e-43	163	retinoic acid receptor gamma isoform X2 [Eptesicus fuscus]	29078
XP_036188104.1	XP_079630821	31.165	369	505	447	72	4.25e-43	163	retinoic acid receptor gamma isoform 2 [Cnephaeus nilssonii]	3371016
XP_036188104.1	XP_028387396	31.165	369	505	447	72	4.29e-43	163	retinoic acid receptor gamma isoform X2 [Phyllostomus discolor]	89673
XP_036188104.1	XP_036107789	31.165	369	505	458	72	4.31e-43	164	retinoic acid receptor gamma isoform X1 [Molossus molossus]	27622
XP_036188104.1	XP_036107787	31.165	369	505	458	72	4.31e-43	164	retinoic acid receptor gamma isoform X1 [Molossus molossus]	27622
XP_036188104.1	XP_045685672	31.165	369	505	447	72	4.34e-43	163	retinoic acid receptor gamma isoform X2 [Phyllostomus hastatus]	9423
XP_036188104.1	XP_066114715	31.165	369	505	485	72	4.36e-43	164	retinoic acid receptor gamma isoform X1 [Saccopteryx bilineata]	59482
XP_036188104.1	XP_066225722	31.165	369	505	485	72	4.45e-43	164	retinoic acid receptor gamma isoform X1 [Saccopteryx leptura]	249018
XP_036188104.1	XP_032973706	31.165	369	505	458	72	4.63e-43	163	retinoic acid receptor gamma isoform X1 [Rhinolophus ferrumequinum]	59479
XP_036188104.1	XP_080915687	31.165	369	505	458	72	4.63e-43	163	retinoic acid receptor gamma isoform 1 [Rhinolophus hipposideros]	77218
XP_036188104.1	XP_019580043	31.165	369	505	458	72	4.63e-43	163	retinoic acid receptor gamma isoform X2 [Rhinolophus sinicus]	89399
XP_036188104.1	XP_019580042	31.165	369	505	458	72	4.63e-43	163	retinoic acid receptor gamma isoform X2 [Rhinolophus sinicus]	89399
XP_036188104.1	XP_080515998	31.165	369	505	447	72	4.75e-43	163	retinoic acid receptor gamma isoform 1 [Plecotus auritus]	61862
XP_036188104.1	XP_024900994	31.165	369	505	386	72	5.67e-43	161	retinoic acid receptor gamma isoform X3 [Pteropus alecto]	9402
XP_036188104.1	XP_024900993	31.165	369	505	386	72	5.67e-43	161	retinoic acid receptor gamma isoform X3 [Pteropus alecto]	9402
XP_036188104.1	XP_023376514	31.165	369	505	386	72	5.67e-43	161	retinoic acid receptor gamma isoform X3 [Pteropus vampyrus]	132908
XP_036188104.1	XP_023376513	31.165	369	505	386	72	5.67e-43	161	retinoic acid receptor gamma isoform X3 [Pteropus vampyrus]	132908
XP_036188104.1	XP_039718284	31.165	369	505	386	72	5.67e-43	161	retinoic acid receptor gamma isoform X3 [Pteropus medius]	143291
XP_036188104.1	XP_039718283	31.165	369	505	386	72	5.67e-43	161	retinoic acid receptor gamma isoform X3 [Pteropus medius]	143291
XP_036188104.1	XP_006904597	31.165	369	505	447	72	7.98e-43	162	retinoic acid receptor gamma isoform X2 [Pteropus alecto]	9402
XP_036188104.1	XP_015998195	31.165	369	505	447	72	7.98e-43	162	retinoic acid receptor gamma isoform X2 [Rousettus aegyptiacus]	9407
XP_036188104.1	XP_011374130	31.165	369	505	447	72	7.98e-43	162	retinoic acid receptor gamma isoform X2 [Pteropus vampyrus]	132908
XP_036188104.1	XP_039718282	31.165	369	505	447	72	7.98e-43	162	retinoic acid receptor gamma isoform X2 [Pteropus medius]	143291
XP_036188104.1	XP_015444132	31.165	369	505	458	72	9.82e-43	162	retinoic acid receptor gamma isoform X1 [Pteropus alecto]	9402
XP_036188104.1	XP_006904596	31.165	369	505	458	72	9.82e-43	162	retinoic acid receptor gamma isoform X1 [Pteropus alecto]	9402
XP_036188104.1	XP_015998193	31.165	369	505	458	72	9.82e-43	162	retinoic acid receptor gamma isoform X1 [Rousettus aegyptiacus]	9407
XP_036188104.1	XP_015998192	31.165	369	505	458	72	9.82e-43	162	retinoic acid receptor gamma isoform X1 [Rousettus aegyptiacus]	9407
XP_036188104.1	XP_023376512	31.165	369	505	458	72	9.82e-43	162	retinoic acid receptor gamma isoform X1 [Pteropus vampyrus]	132908
XP_036188104.1	XP_011374128	31.165	369	505	458	72	9.82e-43	162	retinoic acid receptor gamma isoform X1 [Pteropus vampyrus]	132908
XP_036188104.1	XP_039718281	31.165	369	505	458	72	9.82e-43	162	retinoic acid receptor gamma isoform X1 [Pteropus medius]	143291
XP_036188104.1	XP_039718280	31.165	369	505	458	72	9.82e-43	162	retinoic acid receptor gamma isoform X1 [Pteropus medius]	143291
XP_036188104.1	XP_019515206	30.623	369	505	453	72	1.24e-42	162	PREDICTED: retinoic acid receptor gamma [Hipposideros armiger]	186990
XP_036188104.1	XP_039724838	29.949	394	505	449	74	1.62e-42	162	oxysterols receptor LXR-alpha [Pteropus medius]	143291
XP_036188104.1	XP_039724827	29.949	394	505	449	74	1.62e-42	162	oxysterols receptor LXR-alpha [Pteropus medius]	143291
XP_036188104.1	XP_039724818	29.949	394	505	449	74	1.62e-42	162	oxysterols receptor LXR-alpha [Pteropus medius]	143291
XP_036188104.1	XP_039724809	29.949	394	505	449	74	1.62e-42	162	oxysterols receptor LXR-alpha [Pteropus medius]	143291
XP_036188104.1	XP_039724803	29.949	394	505	449	74	1.62e-42	162	oxysterols receptor LXR-alpha [Pteropus medius]	143291
XP_036188104.1	XP_039724793	29.949	394	505	449	74	1.62e-42	162	oxysterols receptor LXR-alpha [Pteropus medius]	143291
XP_036188104.1	XP_059538999	32.164	342	505	393	67	8.43e-42	158	retinoic acid receptor gamma isoform X3 [Myotis daubentonii]	98922
XP_036188104.1	XP_054575016	32.164	342	505	393	67	8.43e-42	158	retinoic acid receptor gamma isoform X3 [Eptesicus fuscus]	29078
XP_036188104.1	XP_023384533	29.695	394	505	449	74	8.56e-42	160	oxysterols receptor LXR-alpha [Pteropus vampyrus]	132908
XP_036188104.1	XP_023384531	29.695	394	505	449	74	8.56e-42	160	oxysterols receptor LXR-alpha [Pteropus vampyrus]	132908
XP_036188104.1	XP_011355248	29.695	394	505	449	74	8.56e-42	160	oxysterols receptor LXR-alpha [Pteropus vampyrus]	132908
XP_036188104.1	XP_024899877	29.695	394	505	449	74	8.92e-42	160	oxysterols receptor LXR-alpha [Pteropus alecto]	9402
XP_036188104.1	XP_006908165	29.695	394	505	449	74	8.92e-42	160	oxysterols receptor LXR-alpha [Pteropus alecto]	9402
XP_036188104.1	XP_024899876	29.695	394	505	449	74	8.92e-42	160	oxysterols receptor LXR-alpha [Pteropus alecto]	9402
XP_036188104.1	XP_016002182	30.100	402	505	449	74	9.48e-42	160	oxysterols receptor LXR-alpha isoform X3 [Rousettus aegyptiacus]	9407
XP_036188104.1	XP_070251926	29.581	382	505	370	74	1.01e-41	157	retinoic acid receptor RXR-gamma isoform X5 [Myotis yumanensis]	159337
XP_036188104.1	XP_053515304	30.105	382	505	437	74	1.07e-41	159	retinoic acid receptor RXR-gamma isoform X3 [Artibeus jamaicensis]	9417
XP_036188104.1	XP_037023325	30.105	382	505	437	74	1.07e-41	159	retinoic acid receptor RXR-gamma isoform X3 [Artibeus jamaicensis]	9417
XP_036188104.1	XP_037023324	30.105	382	505	463	74	1.34e-41	159	retinoic acid receptor RXR-gamma isoform X2 [Artibeus jamaicensis]	9417
XP_036188104.1	XP_053515303	30.105	382	505	497	74	1.94e-41	160	retinoic acid receptor RXR-gamma isoform X1 [Artibeus jamaicensis]	9417
XP_036188104.1	XP_054443014	30.175	401	505	447	74	2.25e-41	159	oxysterols receptor LXR-alpha isoform X1 [Pteronotus mesoamericanus]	1884717
XP_036188104.1	XP_054443013	30.175	401	505	447	74	2.25e-41	159	oxysterols receptor LXR-alpha isoform X1 [Pteronotus mesoamericanus]	1884717
XP_036188104.1	XP_054443012	30.175	401	505	447	74	2.25e-41	159	oxysterols receptor LXR-alpha isoform X1 [Pteronotus mesoamericanus]	1884717
XP_036188104.1	XP_054443011	30.175	401	505	447	74	2.25e-41	159	oxysterols receptor LXR-alpha isoform X1 [Pteronotus mesoamericanus]	1884717
XP_036188104.1	XP_054443010	30.175	401	505	447	74	2.25e-41	159	oxysterols receptor LXR-alpha isoform X1 [Pteronotus mesoamericanus]	1884717
XP_036188104.1	XP_070251925	29.581	382	505	439	74	2.71e-41	158	retinoic acid receptor RXR-gamma isoform X4 [Myotis yumanensis]	159337
XP_036188104.1	XP_054567608	29.581	382	505	466	74	2.84e-41	159	LOW QUALITY PROTEIN: retinoic acid receptor RXR-gamma [Eptesicus fuscus]	29078
XP_036188104.1	XP_070251923	29.581	382	505	467	74	2.95e-41	159	retinoic acid receptor RXR-gamma isoform X2 [Myotis yumanensis]	159337
XP_036188104.1	XP_070251921	29.581	382	505	467	74	2.95e-41	159	retinoic acid receptor RXR-gamma isoform X2 [Myotis yumanensis]	159337
XP_036188104.1	XP_070251920	29.581	382	505	467	74	2.95e-41	159	retinoic acid receptor RXR-gamma isoform X2 [Myotis yumanensis]	159337
XP_036188104.1	XP_070251919	29.581	382	505	493	74	3.42e-41	159	retinoic acid receptor RXR-gamma isoform X1 [Myotis yumanensis]	159337
XP_036188104.1	XP_059565442	30.000	390	505	402	74	3.57e-41	157	oxysterols receptor LXR-alpha isoform X2 [Myotis daubentonii]	98922
XP_036188104.1	XP_035871728	30.000	380	505	437	74	3.83e-41	158	retinoic acid receptor RXR-gamma isoform X2 [Phyllostomus discolor]	89673
XP_036188104.1	XP_028386445	30.000	380	505	437	74	3.83e-41	158	retinoic acid receptor RXR-gamma isoform X2 [Phyllostomus discolor]	89673
XP_036188104.1	XP_036284101	30.500	400	505	402	74	4.20e-41	157	oxysterols receptor LXR-alpha isoform X2 [Pipistrellus kuhlii]	59472
XP_036188104.1	XP_045433496	30.500	400	505	402	74	4.20e-41	157	oxysterols receptor LXR-alpha isoform X2 [Pipistrellus kuhlii]	59472
XP_036188104.1	XP_036076746	30.100	402	505	485	74	4.26e-41	159	oxysterols receptor LXR-alpha isoform X1 [Rousettus aegyptiacus]	9407
XP_036188104.1	XP_036284099	30.500	400	505	447	74	5.01e-41	157	oxysterols receptor LXR-alpha isoform X1 [Pipistrellus kuhlii]	59472
XP_036188104.1	XP_045433495	30.500	400	505	447	74	5.01e-41	157	oxysterols receptor LXR-alpha isoform X1 [Pipistrellus kuhlii]	59472
XP_036188104.1	XP_036891211	30.000	380	505	463	74	5.29e-41	158	retinoic acid receptor RXR-gamma isoform X3 [Sturnira hondurensis]	192404
XP_036188104.1	XP_059565441	30.000	390	505	447	74	5.32e-41	157	oxysterols receptor LXR-alpha isoform X1 [Myotis daubentonii]	98922
XP_036188104.1	XP_059565440	30.000	390	505	447	74	5.32e-41	157	oxysterols receptor LXR-alpha isoform X1 [Myotis daubentonii]	98922
XP_036188104.1	XP_059565439	30.000	390	505	447	74	5.32e-41	157	oxysterols receptor LXR-alpha isoform X1 [Myotis daubentonii]	98922
XP_036188104.1	XP_019602897	29.679	374	505	340	73	5.69e-41	155	retinoic acid receptor RXR-gamma isoform X3 [Rhinolophus sinicus]	89399
XP_036188104.1	XP_028386443	29.947	374	505	463	73	5.92e-41	158	retinoic acid receptor RXR-gamma isoform X1 [Phyllostomus discolor]	89673
XP_036188104.1	XP_036199378	29.319	382	505	370	74	6.02e-41	155	retinoic acid receptor RXR-gamma isoform X4 [Myotis myotis]	51298
XP_036188104.1	XP_080882837	29.679	374	505	340	73	6.18e-41	155	retinoic acid receptor RXR-gamma isoform 3 [Rhinolophus hipposideros]	77218
XP_036188104.1	XP_070284046	29.082	392	505	400	74	7.27e-41	156	oxysterols receptor LXR-alpha isoform X2 [Myotis yumanensis]	159337
XP_036188104.1	XP_070284045	29.082	392	505	400	74	7.27e-41	156	oxysterols receptor LXR-alpha isoform X2 [Myotis yumanensis]	159337
XP_036188104.1	XP_037022051	30.273	403	505	447	74	7.73e-41	157	oxysterols receptor LXR-alpha isoform X2 [Artibeus jamaicensis]	9417
XP_036188104.1	XP_053771406	30.105	382	505	437	74	8.11e-41	157	retinoic acid receptor RXR-gamma isoform X2 [Desmodus rotundus]	9430
XP_036188104.1	XP_053771404	30.105	382	505	437	74	8.11e-41	157	retinoic acid receptor RXR-gamma isoform X2 [Desmodus rotundus]	9430
XP_036188104.1	XP_053771403	30.105	382	505	437	74	8.11e-41	157	retinoic acid receptor RXR-gamma isoform X2 [Desmodus rotundus]	9430
XP_036188104.1	XP_053771405	30.105	382	505	437	74	8.11e-41	157	retinoic acid receptor RXR-gamma isoform X2 [Desmodus rotundus]	9430
XP_036188104.1	XP_053771402	30.105	382	505	437	74	8.11e-41	157	retinoic acid receptor RXR-gamma isoform X2 [Desmodus rotundus]	9430
XP_036188104.1	XP_015426787	29.058	382	505	340	74	8.84e-41	154	PREDICTED: retinoic acid receptor RXR-gamma isoform X3 [Myotis davidii]	225400
XP_036188104.1	XP_035885271	29.426	401	505	447	74	9.18e-41	157	oxysterols receptor LXR-alpha isoform X1 [Phyllostomus discolor]	89673
XP_036188104.1	XP_035885269	29.426	401	505	447	74	9.18e-41	157	oxysterols receptor LXR-alpha isoform X1 [Phyllostomus discolor]	89673
XP_036188104.1	XP_054585409	29.428	367	505	402	72	9.19e-41	156	retinoic acid receptor beta isoform X3 [Eptesicus fuscus]	29078
XP_036188104.1	XP_037022050	30.273	403	505	466	74	9.33e-41	157	oxysterols receptor LXR-alpha isoform X1 [Artibeus jamaicensis]	9417
XP_036188104.1	XP_070284044	28.900	391	505	445	74	9.80e-41	157	oxysterols receptor LXR-alpha isoform X1 [Myotis yumanensis]	159337
XP_036188104.1	XP_070284043	28.900	391	505	445	74	9.80e-41	157	oxysterols receptor LXR-alpha isoform X1 [Myotis yumanensis]	159337
XP_036188104.1	XP_014384026	29.581	382	505	370	74	9.83e-41	155	PREDICTED: retinoic acid receptor RXR-gamma isoform X5 [Myotis brandtii]	109478
XP_036188104.1	XP_045681676	29.426	401	505	447	74	1.04e-40	157	oxysterols receptor LXR-alpha isoform X2 [Phyllostomus hastatus]	9423
XP_036188104.1	XP_045681672	29.426	401	505	447	74	1.04e-40	157	oxysterols receptor LXR-alpha isoform X2 [Phyllostomus hastatus]	9423
XP_036188104.1	XP_032948350	29.412	374	505	340	73	1.04e-40	154	retinoic acid receptor RXR-gamma isoform X3 [Rhinolophus ferrumequinum]	59479
XP_036188104.1	XP_045050016	29.873	395	505	447	74	1.10e-40	157	oxysterols receptor LXR-alpha isoform X1 [Desmodus rotundus]	9430
XP_036188104.1	XP_053781485	29.873	395	505	447	74	1.10e-40	157	oxysterols receptor LXR-alpha isoform X1 [Desmodus rotundus]	9430
XP_036188104.1	XP_053781484	29.873	395	505	447	74	1.10e-40	157	oxysterols receptor LXR-alpha isoform X1 [Desmodus rotundus]	9430
XP_036188104.1	XP_024414645	29.873	395	505	447	74	1.10e-40	157	oxysterols receptor LXR-alpha isoform X1 [Desmodus rotundus]	9430
XP_036188104.1	XP_053781482	29.873	395	505	447	74	1.10e-40	157	oxysterols receptor LXR-alpha isoform X1 [Desmodus rotundus]	9430
XP_036188104.1	XP_053781486	29.873	395	505	447	74	1.10e-40	157	oxysterols receptor LXR-alpha isoform X1 [Desmodus rotundus]	9430
XP_036188104.1	XP_028371628	29.250	400	505	466	74	1.13e-40	157	oxysterols receptor LXR-alpha isoform X3 [Phyllostomus discolor]	89673
XP_036188104.1	XP_080971173	69.149	94	505	251	36	1.13e-40	151	peroxisome proliferator-activated receptor alpha isoform 3 [Myotis nattereri]	109481
XP_036188104.1	XP_080971173	58.889	90	505	251	36	1.48e-27	115	peroxisome proliferator-activated receptor alpha isoform 3 [Myotis nattereri]	109481
XP_036188104.1	XP_080503417	29.058	382	505	340	74	1.14e-40	154	retinoic acid receptor RXR-gamma isoform 3 [Plecotus auritus]	61862
XP_036188104.1	XP_006772352	29.337	392	505	402	74	1.21e-40	155	PREDICTED: oxysterols receptor LXR-alpha isoform X2 [Myotis davidii]	225400
XP_036188104.1	XP_059529972	29.058	382	505	369	74	1.28e-40	155	retinoic acid receptor RXR-gamma isoform X3 [Myotis daubentonii]	98922
XP_036188104.1	XP_036199377	29.319	382	505	455	74	1.31e-40	157	retinoic acid receptor RXR-gamma isoform X3 [Myotis myotis]	51298
XP_036188104.1	XP_015426786	29.058	382	505	369	74	1.36e-40	154	PREDICTED: retinoic acid receptor RXR-gamma isoform X2 [Myotis davidii]	225400
XP_036188104.1	XP_028009280	29.156	391	505	402	74	1.42e-40	155	oxysterols receptor LXR-alpha isoform X2 [Eptesicus fuscus]	29078
XP_036188104.1	XP_045681677	29.250	400	505	467	74	1.49e-40	157	oxysterols receptor LXR-alpha isoform X3 [Phyllostomus hastatus]	9423
XP_036188104.1	XP_045681675	29.250	400	505	467	74	1.49e-40	157	oxysterols receptor LXR-alpha isoform X3 [Phyllostomus hastatus]	9423
XP_036188104.1	XP_045681673	29.250	400	505	467	74	1.49e-40	157	oxysterols receptor LXR-alpha isoform X3 [Phyllostomus hastatus]	9423
XP_036188104.1	XP_074178381	29.679	374	505	437	73	1.55e-40	156	retinoic acid receptor RXR-gamma isoform X2 [Rhinolophus sinicus]	89399
XP_036188104.1	XP_019602896	29.679	374	505	437	73	1.55e-40	156	retinoic acid receptor RXR-gamma isoform X2 [Rhinolophus sinicus]	89399
XP_036188104.1	XP_019602895	29.679	374	505	437	73	1.55e-40	156	retinoic acid receptor RXR-gamma isoform X2 [Rhinolophus sinicus]	89399
XP_036188104.1	XP_005880556	29.581	382	505	399	74	1.56e-40	155	PREDICTED: retinoic acid receptor RXR-gamma isoform X4 [Myotis brandtii]	109478
XP_036188104.1	XP_006772350	29.337	392	505	447	74	1.57e-40	156	PREDICTED: oxysterols receptor LXR-alpha isoform X1 [Myotis davidii]	225400
XP_036188104.1	XP_023612395	29.337	392	505	400	74	1.59e-40	155	oxysterols receptor LXR-alpha isoform X2 [Myotis lucifugus]	59463
XP_036188104.1	XP_036181880	29.156	391	505	402	74	1.59e-40	155	oxysterols receptor LXR-alpha isoform X2 [Myotis myotis]	51298
XP_036188104.1	XP_036181879	29.156	391	505	402	74	1.59e-40	155	oxysterols receptor LXR-alpha isoform X2 [Myotis myotis]	51298
XP_036188104.1	XP_080955815	29.156	391	505	402	74	1.59e-40	155	oxysterols receptor LXR-alpha isoform 2 [Myotis nattereri]	109481
XP_036188104.1	XP_005870875	29.156	391	505	402	74	1.61e-40	155	PREDICTED: oxysterols receptor LXR-alpha isoform X2 [Myotis brandtii]	109478
XP_036188104.1	XP_080968698	29.058	382	505	425	74	1.62e-40	155	retinoic acid receptor RXR-gamma isoform 2 [Myotis nattereri]	109481
XP_036188104.1	XP_080882836	29.679	374	505	437	73	1.63e-40	156	retinoic acid receptor RXR-gamma isoform 2 [Rhinolophus hipposideros]	77218
XP_036188104.1	XP_080882835	29.679	374	505	437	73	1.63e-40	156	retinoic acid receptor RXR-gamma isoform 2 [Rhinolophus hipposideros]	77218
XP_036188104.1	XP_053771401	30.105	382	505	471	74	1.72e-40	157	retinoic acid receptor RXR-gamma isoform X1 [Desmodus rotundus]	9430
XP_036188104.1	XP_019602893	29.679	374	505	463	73	1.72e-40	156	retinoic acid receptor RXR-gamma isoform X1 [Rhinolophus sinicus]	89399
XP_036188104.1	XP_008144965	28.900	391	505	447	74	1.79e-40	156	oxysterols receptor LXR-alpha isoform X1 [Eptesicus fuscus]	29078
XP_036188104.1	XP_054580781	28.900	391	505	447	74	1.79e-40	156	oxysterols receptor LXR-alpha isoform X1 [Eptesicus fuscus]	29078
XP_036188104.1	XP_080918182	29.442	394	505	402	74	1.82e-40	155	oxysterols receptor LXR-alpha isoform 4 [Rhinolophus hipposideros]	77218
XP_036188104.1	XP_080918181	29.442	394	505	402	74	1.82e-40	155	oxysterols receptor LXR-alpha isoform 4 [Rhinolophus hipposideros]	77218
XP_036188104.1	XP_079643837	28.900	391	505	447	74	1.88e-40	156	oxysterols receptor LXR-alpha isoform 1 [Cnephaeus nilssonii]	3371016
XP_036188104.1	XP_079643836	28.900	391	505	447	74	1.88e-40	156	oxysterols receptor LXR-alpha isoform 1 [Cnephaeus nilssonii]	3371016
XP_036188104.1	XP_079643835	28.900	391	505	447	74	1.88e-40	156	oxysterols receptor LXR-alpha isoform 1 [Cnephaeus nilssonii]	3371016
XP_036188104.1	XP_054443805	29.843	382	505	463	74	1.91e-40	156	retinoic acid receptor RXR-gamma [Pteronotus mesoamericanus]	1884717
XP_036188104.1	XP_080882834	29.679	374	505	463	73	1.94e-40	156	retinoic acid receptor RXR-gamma isoform 1 [Rhinolophus hipposideros]	77218
XP_036188104.1	XP_045050023	29.873	395	505	473	74	1.95e-40	157	oxysterols receptor LXR-alpha isoform X3 [Desmodus rotundus]	9430
XP_036188104.1	XP_059529971	29.058	382	505	425	74	2.05e-40	155	retinoic acid receptor RXR-gamma isoform X2 [Myotis daubentonii]	98922
XP_036188104.1	XP_036883811	29.750	400	505	447	74	2.19e-40	156	oxysterols receptor LXR-alpha isoform X2 [Sturnira hondurensis]	192404
XP_036188104.1	XP_036199374	29.319	382	505	493	74	2.19e-40	157	retinoic acid receptor RXR-gamma isoform X1 [Myotis myotis]	51298
XP_036188104.1	XP_016059495	29.500	400	505	446	74	2.19e-40	156	PREDICTED: oxysterols receptor LXR-alpha isoform X1 [Miniopterus natalensis]	291302
XP_036188104.1	XP_081010154	29.500	400	505	446	74	2.19e-40	156	oxysterols receptor LXR-alpha isoform 1 [Miniopterus schreibersii]	9433
XP_036188104.1	XP_081010153	29.500	400	505	446	74	2.19e-40	156	oxysterols receptor LXR-alpha isoform 1 [Miniopterus schreibersii]	9433
XP_036188104.1	XP_081010152	29.500	400	505	446	74	2.19e-40	156	oxysterols receptor LXR-alpha isoform 1 [Miniopterus schreibersii]	9433
XP_036188104.1	XP_081010151	29.500	400	505	446	74	2.19e-40	156	oxysterols receptor LXR-alpha isoform 1 [Miniopterus schreibersii]	9433
XP_036188104.1	XP_036181878	28.900	391	505	448	74	2.21e-40	156	oxysterols receptor LXR-alpha isoform X1 [Myotis myotis]	51298
XP_036188104.1	XP_036181877	28.900	391	505	448	74	2.21e-40	156	oxysterols receptor LXR-alpha isoform X1 [Myotis myotis]	51298
XP_036188104.1	XP_036181876	28.900	391	505	448	74	2.21e-40	156	oxysterols receptor LXR-alpha isoform X1 [Myotis myotis]	51298
XP_036188104.1	XP_036181875	28.900	391	505	448	74	2.21e-40	156	oxysterols receptor LXR-alpha isoform X1 [Myotis myotis]	51298
XP_036188104.1	XP_080918179	29.262	393	505	447	74	2.30e-40	156	oxysterols receptor LXR-alpha isoform 2 [Rhinolophus hipposideros]	77218
XP_036188104.1	XP_080918178	29.262	393	505	447	74	2.30e-40	156	oxysterols receptor LXR-alpha isoform 2 [Rhinolophus hipposideros]	77218
XP_036188104.1	XP_080918177	29.262	393	505	447	74	2.30e-40	156	oxysterols receptor LXR-alpha isoform 2 [Rhinolophus hipposideros]	77218
XP_036188104.1	XP_080918176	29.262	393	505	447	74	2.30e-40	156	oxysterols receptor LXR-alpha isoform 2 [Rhinolophus hipposideros]	77218
XP_036188104.1	XP_080918175	29.262	393	505	447	74	2.30e-40	156	oxysterols receptor LXR-alpha isoform 2 [Rhinolophus hipposideros]	77218
XP_036188104.1	XP_019599137	29.262	393	505	447	74	2.33e-40	156	oxysterols receptor LXR-alpha isoform X1 [Rhinolophus sinicus]	89399
XP_036188104.1	XP_006092030	28.900	391	505	445	74	2.41e-40	155	oxysterols receptor LXR-alpha isoform X1 [Myotis lucifugus]	59463
XP_036188104.1	XP_023612394	28.900	391	505	445	74	2.41e-40	155	oxysterols receptor LXR-alpha isoform X1 [Myotis lucifugus]	59463
XP_036188104.1	XP_023612393	28.900	391	505	445	74	2.41e-40	155	oxysterols receptor LXR-alpha isoform X1 [Myotis lucifugus]	59463
XP_036188104.1	XP_080955814	28.900	391	505	447	74	2.45e-40	155	oxysterols receptor LXR-alpha isoform 1 [Myotis nattereri]	109481
XP_036188104.1	XP_080497128	29.082	392	505	447	74	2.55e-40	155	oxysterols receptor LXR-alpha isoform 1 [Plecotus auritus]	61862
XP_036188104.1	XP_080497127	29.082	392	505	447	74	2.55e-40	155	oxysterols receptor LXR-alpha isoform 1 [Plecotus auritus]	61862
XP_036188104.1	XP_032948349	29.412	374	505	437	73	2.60e-40	155	retinoic acid receptor RXR-gamma isoform X2 [Rhinolophus ferrumequinum]	59479
XP_036188104.1	XP_032948348	29.412	374	505	437	73	2.60e-40	155	retinoic acid receptor RXR-gamma isoform X2 [Rhinolophus ferrumequinum]	59479
XP_036188104.1	XP_032948347	29.412	374	505	437	73	2.60e-40	155	retinoic acid receptor RXR-gamma isoform X2 [Rhinolophus ferrumequinum]	59479
XP_036188104.1	XP_080503418	29.058	382	505	437	74	2.62e-40	155	retinoic acid receptor RXR-gamma isoform 2 [Plecotus auritus]	61862
XP_036188104.1	XP_080503416	29.058	382	505	437	74	2.62e-40	155	retinoic acid receptor RXR-gamma isoform 2 [Plecotus auritus]	61862
XP_036188104.1	XP_080503415	29.058	382	505	437	74	2.62e-40	155	retinoic acid receptor RXR-gamma isoform 2 [Plecotus auritus]	61862
XP_036188104.1	XP_080503414	29.058	382	505	437	74	2.62e-40	155	retinoic acid receptor RXR-gamma isoform 2 [Plecotus auritus]	61862
XP_036188104.1	XP_005870874	29.337	392	505	447	74	2.65e-40	155	PREDICTED: oxysterols receptor LXR-alpha isoform X1 [Myotis brandtii]	109478
XP_036188104.1	XP_005870878	29.337	392	505	447	74	2.65e-40	155	PREDICTED: oxysterols receptor LXR-alpha isoform X1 [Myotis brandtii]	109478
XP_036188104.1	XP_014398862	29.337	392	505	447	74	2.65e-40	155	PREDICTED: oxysterols receptor LXR-alpha isoform X1 [Myotis brandtii]	109478
XP_036188104.1	XP_005870877	29.337	392	505	447	74	2.65e-40	155	PREDICTED: oxysterols receptor LXR-alpha isoform X1 [Myotis brandtii]	109478
XP_036188104.1	XP_014398861	29.337	392	505	447	74	2.65e-40	155	PREDICTED: oxysterols receptor LXR-alpha isoform X1 [Myotis brandtii]	109478
XP_036188104.1	XP_005870876	29.337	392	505	447	74	2.65e-40	155	PREDICTED: oxysterols receptor LXR-alpha isoform X1 [Myotis brandtii]	109478
XP_036188104.1	XP_032975400	29.262	393	505	447	74	2.68e-40	155	oxysterols receptor LXR-alpha isoform X1 [Rhinolophus ferrumequinum]	59479
XP_036188104.1	XP_032975399	29.262	393	505	447	74	2.68e-40	155	oxysterols receptor LXR-alpha isoform X1 [Rhinolophus ferrumequinum]	59479
XP_036188104.1	XP_006775049	29.058	382	505	463	74	3.00e-40	156	PREDICTED: retinoic acid receptor RXR-gamma isoform X1 [Myotis davidii]	225400
XP_036188104.1	XP_036199375	29.058	382	505	463	74	3.09e-40	156	retinoic acid receptor RXR-gamma isoform X2 [Myotis myotis]	51298
XP_036188104.1	XP_005880553	29.581	382	505	493	74	3.11e-40	156	PREDICTED: retinoic acid receptor RXR-gamma isoform X1 [Myotis brandtii]	109478
XP_036188104.1	XP_005880554	29.581	382	505	467	74	3.15e-40	156	PREDICTED: retinoic acid receptor RXR-gamma isoform X2 [Myotis brandtii]	109478
XP_036188104.1	XP_080968697	29.058	382	505	463	74	3.19e-40	155	retinoic acid receptor RXR-gamma isoform 1 [Myotis nattereri]	109481
XP_036188104.1	XP_066117123	27.745	501	505	463	91	3.25e-40	155	retinoic acid receptor RXR-gamma isoform X2 [Saccopteryx bilineata]	59482
XP_036188104.1	XP_079618093	29.058	382	505	437	74	3.28e-40	155	retinoic acid receptor RXR-gamma [Cnephaeus nilssonii]	3371016
XP_036188104.1	XP_066227471	27.745	501	505	463	91	3.35e-40	155	retinoic acid receptor RXR-gamma isoform X2 [Saccopteryx leptura]	249018
XP_036188104.1	XP_053781483	29.695	394	505	510	74	3.74e-40	156	oxysterols receptor LXR-alpha isoform X2 [Desmodus rotundus]	9430
XP_036188104.1	XP_036113683	29.925	401	505	447	74	3.74e-40	155	oxysterols receptor LXR-alpha isoform X1 [Molossus molossus]	27622
XP_036188104.1	XP_036113682	29.925	401	505	447	74	3.74e-40	155	oxysterols receptor LXR-alpha isoform X1 [Molossus molossus]	27622
XP_036188104.1	XP_036113681	29.925	401	505	447	74	3.74e-40	155	oxysterols receptor LXR-alpha isoform X1 [Molossus molossus]	27622
XP_036188104.1	XP_059529970	29.058	382	505	463	74	3.90e-40	155	retinoic acid receptor RXR-gamma isoform X1 [Myotis daubentonii]	98922
XP_036188104.1	XP_070251924	29.058	382	505	463	74	3.94e-40	155	retinoic acid receptor RXR-gamma isoform X3 [Myotis yumanensis]	159337
XP_036188104.1	XP_036891210	30.239	377	505	471	73	3.96e-40	155	retinoic acid receptor RXR-gamma isoform X2 [Sturnira hondurensis]	192404
XP_036188104.1	XP_036891208	30.239	377	505	471	73	3.96e-40	155	retinoic acid receptor RXR-gamma isoform X2 [Sturnira hondurensis]	192404
XP_036188104.1	XP_080503413	29.058	382	505	463	74	4.02e-40	155	retinoic acid receptor RXR-gamma isoform 1 [Plecotus auritus]	61862
XP_036188104.1	XP_080977346	27.859	481	505	413	91	4.04e-40	154	retinoic acid receptor RXR-gamma isoform 4 [Miniopterus schreibersii]	9433
XP_036188104.1	XP_036298903	29.319	382	505	463	74	4.06e-40	155	retinoic acid receptor RXR-gamma [Pipistrellus kuhlii]	59472
XP_036188104.1	XP_032948345	29.412	374	505	463	73	4.27e-40	155	retinoic acid receptor RXR-gamma isoform X1 [Rhinolophus ferrumequinum]	59479
XP_036188104.1	XP_005880555	29.058	382	505	463	74	4.27e-40	155	PREDICTED: retinoic acid receptor RXR-gamma isoform X3 [Myotis brandtii]	109478
XP_036188104.1	XP_036891207	30.239	377	505	497	73	4.30e-40	156	retinoic acid receptor RXR-gamma isoform X1 [Sturnira hondurensis]	192404
XP_036188104.1	XP_080977347	27.815	453	505	387	88	4.86e-40	154	retinoic acid receptor RXR-gamma isoform 5 [Miniopterus schreibersii]	9433
XP_036188104.1	XP_045694592	29.474	380	505	464	74	5.05e-40	155	retinoic acid receptor RXR-gamma isoform X1 [Phyllostomus hastatus]	9423
XP_036188104.1	XP_036128543	29.319	382	505	437	74	5.06e-40	155	retinoic acid receptor RXR-gamma [Molossus molossus]	27622
XP_036188104.1	XP_045694594	29.474	380	505	438	74	5.21e-40	155	retinoic acid receptor RXR-gamma isoform X2 [Phyllostomus hastatus]	9423
XP_036188104.1	XP_045694593	29.474	380	505	438	74	5.21e-40	155	retinoic acid receptor RXR-gamma isoform X2 [Phyllostomus hastatus]	9423
XP_036188104.1	XP_045681671	29.750	400	505	530	74	5.32e-40	156	oxysterols receptor LXR-alpha isoform X1 [Phyllostomus hastatus]	9423
XP_036188104.1	XP_036883814	29.750	400	505	467	74	5.48e-40	155	oxysterols receptor LXR-alpha isoform X1 [Sturnira hondurensis]	192404
XP_036188104.1	XP_036883813	29.750	400	505	467	74	5.48e-40	155	oxysterols receptor LXR-alpha isoform X1 [Sturnira hondurensis]	192404
XP_036188104.1	XP_036883810	29.750	400	505	467	74	5.48e-40	155	oxysterols receptor LXR-alpha isoform X1 [Sturnira hondurensis]	192404
XP_036188104.1	XP_016077698	77.500	80	505	501	16	6.06e-40	155	PREDICTED: peroxisome proliferator-activated receptor alpha isoform X1 [Miniopterus natalensis]	291302
XP_036188104.1	XP_080918174	29.262	393	505	479	74	7.33e-40	155	oxysterols receptor LXR-alpha isoform 1 [Rhinolophus hipposideros]	77218
XP_036188104.1	XP_066107554	30.508	413	505	447	77	1.27e-39	154	oxysterols receptor LXR-alpha isoform X1 [Saccopteryx bilineata]	59482
XP_036188104.1	XP_066107553	30.508	413	505	447	77	1.27e-39	154	oxysterols receptor LXR-alpha isoform X1 [Saccopteryx bilineata]	59482
XP_036188104.1	XP_066107552	30.508	413	505	447	77	1.27e-39	154	oxysterols receptor LXR-alpha isoform X1 [Saccopteryx bilineata]	59482
XP_036188104.1	XP_066107551	30.508	413	505	447	77	1.27e-39	154	oxysterols receptor LXR-alpha isoform X1 [Saccopteryx bilineata]	59482
XP_036188104.1	XP_066107550	30.508	413	505	447	77	1.27e-39	154	oxysterols receptor LXR-alpha isoform X1 [Saccopteryx bilineata]	59482
XP_036188104.1	XP_066217985	30.508	413	505	447	77	1.44e-39	154	oxysterols receptor LXR-alpha isoform X1 [Saccopteryx leptura]	249018
XP_036188104.1	XP_066217976	30.508	413	505	447	77	1.44e-39	154	oxysterols receptor LXR-alpha isoform X1 [Saccopteryx leptura]	249018
XP_036188104.1	XP_066217967	30.508	413	505	447	77	1.44e-39	154	oxysterols receptor LXR-alpha isoform X1 [Saccopteryx leptura]	249018
XP_036188104.1	XP_066217959	30.508	413	505	447	77	1.44e-39	154	oxysterols receptor LXR-alpha isoform X1 [Saccopteryx leptura]	249018
XP_036188104.1	XP_066217950	30.508	413	505	447	77	1.44e-39	154	oxysterols receptor LXR-alpha isoform X1 [Saccopteryx leptura]	249018
XP_036188104.1	XP_066217939	30.508	413	505	447	77	1.44e-39	154	oxysterols receptor LXR-alpha isoform X1 [Saccopteryx leptura]	249018
XP_036188104.1	XP_070287590	28.226	372	505	374	73	2.02e-39	151	nuclear receptor ROR-beta isoform X3 [Myotis yumanensis]	159337
XP_036188104.1	XP_016069560	29.581	382	505	463	74	2.91e-39	153	PREDICTED: retinoic acid receptor RXR-gamma [Miniopterus natalensis]	291302
XP_036188104.1	XP_080977343	29.319	382	505	453	74	3.00e-39	153	retinoic acid receptor RXR-gamma isoform 2 [Miniopterus schreibersii]	9433
XP_036188104.1	XP_080977345	29.319	382	505	437	74	3.27e-39	152	retinoic acid receptor RXR-gamma isoform 3 [Miniopterus schreibersii]	9433
XP_036188104.1	XP_080977344	29.319	382	505	437	74	3.27e-39	152	retinoic acid receptor RXR-gamma isoform 3 [Miniopterus schreibersii]	9433
XP_036188104.1	XP_054583265	29.155	367	505	365	71	3.50e-39	150	retinoic acid receptor RXR-alpha isoform X2 [Eptesicus fuscus]	29078
XP_036188104.1	XP_054583264	29.155	367	505	365	71	3.50e-39	150	retinoic acid receptor RXR-alpha isoform X2 [Eptesicus fuscus]	29078
XP_036188104.1	XP_053775054	28.495	372	505	467	72	3.55e-39	153	retinoic acid receptor RXR-alpha isoform X3 [Desmodus rotundus]	9430
XP_036188104.1	XP_066224945	29.557	406	505	429	72	3.60e-39	152	vitamin D3 receptor [Saccopteryx leptura]	249018
XP_036188104.1	XP_053775050	28.495	372	505	472	72	3.82e-39	153	retinoic acid receptor RXR-alpha isoform X2 [Desmodus rotundus]	9430
XP_036188104.1	XP_053775056	28.495	372	505	439	72	4.03e-39	152	retinoic acid receptor RXR-alpha isoform X1 [Desmodus rotundus]	9430
XP_036188104.1	XP_053775047	28.495	372	505	439	72	4.03e-39	152	retinoic acid receptor RXR-alpha isoform X1 [Desmodus rotundus]	9430
XP_036188104.1	XP_036892876	28.610	367	505	365	71	4.52e-39	150	retinoic acid receptor RXR-alpha isoform X3 [Sturnira hondurensis]	192404
XP_036188104.1	XP_054583272	28.841	371	505	432	72	4.85e-39	152	retinoic acid receptor RXR-alpha isoform X4 [Eptesicus fuscus]	29078
XP_036188104.1	XP_054583271	28.841	371	505	432	72	4.85e-39	152	retinoic acid receptor RXR-alpha isoform X4 [Eptesicus fuscus]	29078
XP_036188104.1	XP_054583270	28.841	371	505	432	72	4.85e-39	152	retinoic acid receptor RXR-alpha isoform X4 [Eptesicus fuscus]	29078
XP_036188104.1	XP_054583269	28.841	371	505	432	72	4.85e-39	152	retinoic acid receptor RXR-alpha isoform X4 [Eptesicus fuscus]	29078
XP_036188104.1	XP_054583267	28.841	371	505	432	72	4.85e-39	152	retinoic acid receptor RXR-alpha isoform X4 [Eptesicus fuscus]	29078
XP_036188104.1	XP_039738134	28.784	403	505	426	72	5.00e-39	152	vitamin D3 receptor isoform X2 [Pteropus medius]	143291
XP_036188104.1	XP_066227477	29.243	383	505	370	74	5.30e-39	150	retinoic acid receptor RXR-gamma isoform X4 [Saccopteryx leptura]	249018
XP_036188104.1	XP_079646156	28.841	371	505	439	72	5.56e-39	152	retinoic acid receptor RXR-alpha isoform 2 [Cnephaeus nilssonii]	3371016
XP_036188104.1	XP_079646155	28.841	371	505	467	72	5.86e-39	152	retinoic acid receptor RXR-alpha isoform 1 [Cnephaeus nilssonii]	3371016
XP_036188104.1	XP_066117129	29.243	383	505	370	74	5.98e-39	150	retinoic acid receptor RXR-gamma isoform X4 [Saccopteryx bilineata]	59482
XP_036188104.1	XP_066111859	29.650	371	505	439	72	6.03e-39	152	retinoic acid receptor RXR-alpha isoform X5 [Saccopteryx bilineata]	59482
XP_036188104.1	XP_066111858	29.650	371	505	439	72	6.03e-39	152	retinoic acid receptor RXR-alpha isoform X5 [Saccopteryx bilineata]	59482
XP_036188104.1	XP_039738133	29.064	406	505	427	72	6.29e-39	151	vitamin D3 receptor isoform X1 [Pteropus medius]	143291
XP_036188104.1	XP_036892874	28.302	371	505	472	72	6.30e-39	152	retinoic acid receptor RXR-alpha isoform X1 [Sturnira hondurensis]	192404
XP_036188104.1	XP_066111856	29.650	371	505	463	72	6.50e-39	152	retinoic acid receptor RXR-alpha isoform X4 [Saccopteryx bilineata]	59482
XP_036188104.1	XP_080516859	29.208	404	505	427	72	7.18e-39	151	vitamin D3 receptor isoform 2 [Plecotus auritus]	61862
XP_036188104.1	XP_054583266	28.841	371	505	460	72	7.25e-39	152	retinoic acid receptor RXR-alpha isoform X3 [Eptesicus fuscus]	29078
XP_036188104.1	XP_036116305	28.338	367	505	365	71	7.37e-39	150	retinoic acid receptor RXR-alpha isoform X3 [Molossus molossus]	27622
XP_036188104.1	XP_066111854	29.650	371	505	477	72	7.40e-39	152	retinoic acid receptor RXR-alpha isoform X2 [Saccopteryx bilineata]	59482
XP_036188104.1	XP_066111855	29.650	371	505	467	72	7.53e-39	152	retinoic acid receptor RXR-alpha isoform X3 [Saccopteryx bilineata]	59482
XP_036188104.1	XP_019481367	29.064	406	505	427	72	7.94e-39	151	PREDICTED: vitamin D3 receptor [Hipposideros armiger]	186990
XP_036188104.1	XP_019481366	29.064	406	505	427	72	7.94e-39	151	PREDICTED: vitamin D3 receptor [Hipposideros armiger]	186990
XP_036188104.1	XP_019481365	29.064	406	505	427	72	7.94e-39	151	PREDICTED: vitamin D3 receptor [Hipposideros armiger]	186990
XP_036188104.1	XP_019481363	29.064	406	505	427	72	7.94e-39	151	PREDICTED: vitamin D3 receptor [Hipposideros armiger]	186990
XP_036188104.1	XP_080516858	29.208	404	505	454	72	8.25e-39	152	vitamin D3 receptor isoform 1 [Plecotus auritus]	61862
XP_036188104.1	XP_074187430	29.111	371	505	440	72	8.38e-39	151	retinoic acid receptor RXR-alpha isoform X2 [Rhinolophus sinicus]	89399
XP_036188104.1	XP_023391254	28.713	404	505	427	72	8.43e-39	151	vitamin D3 receptor [Pteropus vampyrus]	132908
XP_036188104.1	XP_036892875	28.302	371	505	467	72	9.57e-39	152	retinoic acid receptor RXR-alpha isoform X2 [Sturnira hondurensis]	192404
XP_036188104.1	XP_066111853	30.108	372	505	493	72	9.99e-39	152	retinoic acid receptor RXR-alpha isoform X1 [Saccopteryx bilineata]	59482
XP_036188104.1	XP_074187429	29.111	371	505	468	72	1.03e-38	152	retinoic acid receptor RXR-alpha isoform X1 [Rhinolophus sinicus]	89399
XP_036188104.1	XP_066222836	29.111	371	505	439	72	1.05e-38	151	retinoic acid receptor RXR-alpha isoform X2 [Saccopteryx leptura]	249018
XP_036188104.1	XP_066227476	29.243	383	505	438	74	1.13e-38	151	retinoic acid receptor RXR-gamma isoform X3 [Saccopteryx leptura]	249018
XP_036188104.1	XP_066227475	29.243	383	505	438	74	1.13e-38	151	retinoic acid receptor RXR-gamma isoform X3 [Saccopteryx leptura]	249018
XP_036188104.1	XP_066227474	29.243	383	505	438	74	1.13e-38	151	retinoic acid receptor RXR-gamma isoform X3 [Saccopteryx leptura]	249018
XP_036188104.1	XP_066227472	29.243	383	505	438	74	1.13e-38	151	retinoic acid receptor RXR-gamma isoform X3 [Saccopteryx leptura]	249018
XP_036188104.1	XP_066117128	29.243	383	505	438	74	1.19e-38	151	retinoic acid receptor RXR-gamma isoform X3 [Saccopteryx bilineata]	59482
XP_036188104.1	XP_066117127	29.243	383	505	438	74	1.19e-38	151	retinoic acid receptor RXR-gamma isoform X3 [Saccopteryx bilineata]	59482
XP_036188104.1	XP_066117125	29.243	383	505	438	74	1.19e-38	151	retinoic acid receptor RXR-gamma isoform X3 [Saccopteryx bilineata]	59482
XP_036188104.1	XP_066117124	29.243	383	505	438	74	1.19e-38	151	retinoic acid receptor RXR-gamma isoform X3 [Saccopteryx bilineata]	59482
XP_036188104.1	XP_036116304	28.338	367	505	394	71	1.20e-38	150	retinoic acid receptor RXR-alpha isoform X2 [Molossus molossus]	27622
XP_036188104.1	XP_036312872	29.310	406	505	427	72	1.25e-38	150	vitamin D3 receptor [Pipistrellus kuhlii]	59472
XP_036188104.1	XP_036312871	29.310	406	505	427	72	1.25e-38	150	vitamin D3 receptor [Pipistrellus kuhlii]	59472
XP_036188104.1	XP_066227470	27.689	502	505	464	91	1.43e-38	151	retinoic acid receptor RXR-gamma isoform X1 [Saccopteryx leptura]	249018
XP_036188104.1	XP_066117122	27.689	502	505	464	91	1.49e-38	151	retinoic acid receptor RXR-gamma isoform X1 [Saccopteryx bilineata]	59482
XP_036188104.1	XP_066107556	29.574	399	505	417	77	1.72e-38	150	oxysterols receptor LXR-alpha isoform X2 [Saccopteryx bilineata]	59482
XP_036188104.1	XP_079629728	28.465	404	505	427	72	1.76e-38	150	vitamin D3 receptor [Cnephaeus nilssonii]	3371016
XP_036188104.1	XP_028000056	27.612	402	505	427	72	1.81e-38	150	vitamin D3 receptor [Eptesicus fuscus]	29078
XP_036188104.1	XP_066217992	29.574	399	505	417	77	1.84e-38	150	oxysterols receptor LXR-alpha isoform X2 [Saccopteryx leptura]	249018
XP_036188104.1	XP_036116303	28.841	371	505	460	72	2.27e-38	150	retinoic acid receptor RXR-alpha isoform X1 [Molossus molossus]	27622
XP_036188104.1	XP_045686035	28.256	407	505	428	72	2.31e-38	150	vitamin D3 receptor [Phyllostomus hastatus]	9423
XP_036188104.1	XP_019603988	28.713	404	505	427	72	2.48e-38	150	vitamin D3 receptor [Rhinolophus sinicus]	89399
XP_036188104.1	XP_066114094	29.064	406	505	429	72	2.55e-38	150	vitamin D3 receptor [Saccopteryx bilineata]	59482
XP_036188104.1	XP_080917198	28.713	404	505	427	72	2.74e-38	150	vitamin D3 receptor isoform 1 [Rhinolophus hipposideros]	77218
XP_036188104.1	XP_016004043	28.312	385	505	346	74	2.74e-38	148	retinoic acid receptor RXR-gamma isoform X3 [Rousettus aegyptiacus]	9407
XP_036188104.1	XP_066222841	27.763	371	505	445	72	3.22e-38	150	retinoic acid receptor RXR-alpha isoform X5 [Saccopteryx leptura]	249018
XP_036188104.1	XP_066222840	27.763	371	505	445	72	3.22e-38	150	retinoic acid receptor RXR-alpha isoform X5 [Saccopteryx leptura]	249018
XP_036188104.1	XP_066222839	27.763	371	505	445	72	3.22e-38	150	retinoic acid receptor RXR-alpha isoform X5 [Saccopteryx leptura]	249018
XP_036188104.1	XP_054443015	29.008	393	505	417	74	3.34e-38	149	oxysterols receptor LXR-alpha isoform X2 [Pteronotus mesoamericanus]	1884717
XP_036188104.1	XP_066222837	27.763	371	505	473	72	3.83e-38	150	retinoic acid receptor RXR-alpha isoform X3 [Saccopteryx leptura]	249018
XP_036188104.1	XP_066222838	27.763	371	505	469	72	4.30e-38	150	retinoic acid receptor RXR-alpha isoform X4 [Saccopteryx leptura]	249018
XP_036188104.1	XP_066222835	27.763	371	505	483	72	4.58e-38	150	retinoic acid receptor RXR-alpha isoform X1 [Saccopteryx leptura]	249018
XP_036188104.1	XP_036095985	28.889	405	505	405	74	4.78e-38	149	photoreceptor-specific nuclear receptor isoform X2 [Molossus molossus]	27622
XP_036188104.1	XP_054446853	27.818	417	505	428	72	6.24e-38	149	vitamin D3 receptor [Pteronotus mesoamericanus]	1884717
XP_036188104.1	XP_019515122	29.975	407	505	401	74	7.04e-38	148	PREDICTED: photoreceptor-specific nuclear receptor isoform X1 [Hipposideros armiger]	186990
XP_036188104.1	XP_028388414	28.079	406	505	427	72	9.74e-38	148	vitamin D3 receptor [Phyllostomus discolor]	89673
XP_036188104.1	XP_016004041	26.640	503	505	463	91	1.02e-37	149	retinoic acid receptor RXR-gamma isoform X2 [Rousettus aegyptiacus]	9407
XP_036188104.1	XP_024431310	28.256	407	505	428	72	1.04e-37	148	vitamin D3 receptor [Desmodus rotundus]	9430
XP_036188104.1	XP_036090604	26.285	506	505	469	91	1.20e-37	149	retinoic acid receptor RXR-gamma isoform X1 [Rousettus aegyptiacus]	9407
XP_036188104.1	XP_080914999	29.891	368	505	486	72	1.35e-37	149	bile acid receptor isoform 1 [Rhinolophus hipposideros]	77218
XP_036188104.1	XP_032973163	28.358	402	505	427	72	1.46e-37	147	vitamin D3 receptor [Rhinolophus ferrumequinum]	59479
XP_036188104.1	XP_032973162	28.358	402	505	427	72	1.46e-37	147	vitamin D3 receptor [Rhinolophus ferrumequinum]	59479
XP_036188104.1	XP_036154200	27.578	417	505	427	72	1.73e-37	147	vitamin D3 receptor [Myotis myotis]	51298
XP_036188104.1	XP_032973988	29.891	368	505	476	72	1.85e-37	148	bile acid receptor isoform X3 [Rhinolophus ferrumequinum]	59479
XP_036188104.1	XP_080977348	28.796	382	505	340	74	1.88e-37	145	retinoic acid receptor RXR-gamma isoform 6 [Miniopterus schreibersii]	9433
XP_036188104.1	XP_023380361	28.534	382	505	340	74	2.10e-37	145	retinoic acid receptor RXR-gamma [Pteropus vampyrus]	132908
XP_036188104.1	XP_011380804	28.534	382	505	340	74	2.10e-37	145	retinoic acid receptor RXR-gamma [Pteropus vampyrus]	132908
XP_036188104.1	XP_023380360	28.534	382	505	340	74	2.10e-37	145	retinoic acid receptor RXR-gamma [Pteropus vampyrus]	132908
XP_036188104.1	XP_070266451	27.818	417	505	427	72	2.11e-37	147	vitamin D3 receptor [Myotis yumanensis]	159337
XP_036188104.1	XP_019587738	29.891	368	505	476	72	2.17e-37	148	bile acid receptor isoform X3 [Rhinolophus sinicus]	89399
XP_036188104.1	XP_074182308	29.891	368	505	476	72	2.17e-37	148	bile acid receptor isoform X3 [Rhinolophus sinicus]	89399
XP_036188104.1	XP_074182307	29.891	368	505	476	72	2.17e-37	148	bile acid receptor isoform X3 [Rhinolophus sinicus]	89399
XP_036188104.1	XP_019587737	29.891	368	505	476	72	2.17e-37	148	bile acid receptor isoform X3 [Rhinolophus sinicus]	89399
XP_036188104.1	XP_080917199	29.000	400	505	426	71	2.22e-37	147	vitamin D3 receptor isoform 2 [Rhinolophus hipposideros]	77218
XP_036188104.1	XP_023612070	27.818	417	505	427	72	2.31e-37	147	vitamin D3 receptor [Myotis lucifugus]	59463
XP_036188104.1	XP_006091535	27.818	417	505	427	72	2.31e-37	147	vitamin D3 receptor [Myotis lucifugus]	59463
XP_036188104.1	XP_036107919	29.650	371	505	476	72	3.13e-37	148	bile acid receptor isoform X3 [Molossus molossus]	27622
XP_036188104.1	XP_074182309	29.891	368	505	472	72	3.19e-37	147	bile acid receptor isoform X4 [Rhinolophus sinicus]	89399
XP_036188104.1	XP_032973986	29.891	368	505	486	72	3.30e-37	148	bile acid receptor isoform X1 [Rhinolophus ferrumequinum]	59479
XP_036188104.1	XP_019494205	31.429	385	505	410	72	3.49e-37	146	PREDICTED: thyroid hormone receptor alpha [Hipposideros armiger]	186990
XP_036188104.1	XP_066220368	31.429	385	505	410	72	3.49e-37	146	thyroid hormone receptor alpha [Saccopteryx leptura]	249018
XP_036188104.1	XP_066119814	31.429	385	505	410	72	3.49e-37	146	thyroid hormone receptor alpha [Saccopteryx bilineata]	59482
XP_036188104.1	XP_059526904	31.429	385	505	410	72	3.49e-37	146	thyroid hormone receptor alpha [Myotis daubentonii]	98922
XP_036188104.1	XP_015426385	31.429	385	505	410	72	3.49e-37	146	PREDICTED: thyroid hormone receptor alpha isoform X2 [Myotis davidii]	225400
XP_036188104.1	XP_032946026	31.429	385	505	410	72	3.49e-37	146	thyroid hormone receptor alpha [Rhinolophus ferrumequinum]	59479
XP_036188104.1	XP_006924744	31.429	385	505	410	72	3.49e-37	146	thyroid hormone receptor alpha [Pteropus alecto]	9402
XP_036188104.1	XP_036123645	31.429	385	505	410	72	3.49e-37	146	thyroid hormone receptor alpha [Molossus molossus]	27622
XP_036188104.1	XP_016020182	31.429	385	505	410	72	3.49e-37	146	thyroid hormone receptor alpha [Rousettus aegyptiacus]	9407
XP_036188104.1	XP_011381352	31.429	385	505	410	72	3.49e-37	146	thyroid hormone receptor alpha [Pteropus vampyrus]	132908
XP_036188104.1	XP_080885006	31.429	385	505	410	72	3.49e-37	146	thyroid hormone receptor alpha [Rhinolophus hipposideros]	77218
XP_036188104.1	XP_079655298	31.429	385	505	410	72	3.49e-37	146	thyroid hormone receptor alpha [Cnephaeus nilssonii]	3371016
XP_036188104.1	XP_019603128	31.429	385	505	410	72	3.49e-37	146	thyroid hormone receptor alpha [Rhinolophus sinicus]	89399
XP_036188104.1	XP_039737504	28.534	382	505	370	74	3.50e-37	145	retinoic acid receptor RXR-gamma isoform X2 [Pteropus medius]	143291
XP_036188104.1	XP_079632127	29.919	371	505	472	72	3.74e-37	147	bile acid receptor isoform 3 [Cnephaeus nilssonii]	3371016
XP_036188104.1	XP_079632126	29.919	371	505	472	72	3.74e-37	147	bile acid receptor isoform 3 [Cnephaeus nilssonii]	3371016
XP_036188104.1	XP_019587735	29.891	368	505	486	72	4.03e-37	147	bile acid receptor isoform X1 [Rhinolophus sinicus]	89399
XP_036188104.1	XP_036194994	31.429	385	505	435	72	4.05e-37	147	thyroid hormone receptor alpha isoform X4 [Myotis myotis]	51298
XP_036188104.1	XP_036107917	29.650	371	505	486	72	4.28e-37	147	bile acid receptor isoform X1 [Molossus molossus]	27622
XP_036188104.1	XP_006918154	28.571	371	505	439	72	4.30e-37	147	retinoic acid receptor RXR-alpha [Pteropus alecto]	9402
XP_036188104.1	XP_015426384	31.429	385	505	434	72	4.36e-37	146	PREDICTED: thyroid hormone receptor alpha isoform X1 [Myotis davidii]	225400
XP_036188104.1	XP_059538652	28.058	417	505	427	72	5.37e-37	146	vitamin D3 receptor [Myotis daubentonii]	98922
XP_036188104.1	XP_011374547	28.571	371	505	439	72	5.63e-37	146	retinoic acid receptor RXR-alpha [Pteropus vampyrus]	132908
XP_036188104.1	XP_039737503	29.319	382	505	463	74	5.96e-37	147	retinoic acid receptor RXR-gamma isoform X1 [Pteropus medius]	143291
XP_036188104.1	XP_079632124	29.919	371	505	486	72	5.99e-37	147	bile acid receptor isoform 1 [Cnephaeus nilssonii]	3371016
XP_036188104.1	XP_016078642	29.730	370	505	476	72	6.10e-37	147	PREDICTED: bile acid receptor isoform X3 [Miniopterus natalensis]	291302
XP_036188104.1	XP_015984274	29.235	366	505	365	71	6.81e-37	144	retinoic acid receptor RXR-alpha isoform X2 [Rousettus aegyptiacus]	9407
XP_036188104.1	XP_059537862	29.919	371	505	472	72	6.87e-37	147	bile acid receptor isoform X3 [Myotis daubentonii]	98922
XP_036188104.1	XP_080984290	29.730	370	505	476	72	7.23e-37	147	bile acid receptor isoform 3 [Miniopterus schreibersii]	9433
XP_036188104.1	XP_080984289	29.730	370	505	476	72	7.23e-37	147	bile acid receptor isoform 3 [Miniopterus schreibersii]	9433
XP_036188104.1	XP_014385543	29.919	371	505	472	72	7.43e-37	147	PREDICTED: bile acid receptor isoform X3 [Myotis brandtii]	109478
XP_036188104.1	XP_070266998	29.919	371	505	472	72	7.58e-37	147	bile acid receptor isoform X3 [Myotis yumanensis]	159337
XP_036188104.1	XP_014385545	29.919	371	505	452	72	8.22e-37	146	PREDICTED: bile acid receptor isoform X5 [Myotis brandtii]	109478
XP_036188104.1	XP_024428654	31.169	385	505	410	72	8.46e-37	145	thyroid hormone receptor alpha [Desmodus rotundus]	9430
XP_036188104.1	XP_054449827	31.169	385	505	410	72	8.46e-37	145	thyroid hormone receptor alpha [Pteronotus mesoamericanus]	1884717
XP_036188104.1	XP_036996451	31.169	385	505	410	72	8.46e-37	145	thyroid hormone receptor alpha [Artibeus jamaicensis]	9417
XP_036188104.1	XP_045692075	31.169	385	505	410	72	8.46e-37	145	thyroid hormone receptor alpha [Phyllostomus hastatus]	9423
XP_036188104.1	XP_028375101	31.169	385	505	410	72	8.46e-37	145	thyroid hormone receptor alpha [Phyllostomus discolor]	89673
XP_036188104.1	XP_036889197	31.169	385	505	410	72	8.46e-37	145	thyroid hormone receptor alpha [Sturnira hondurensis]	192404
XP_036188104.1	XP_080973636	28.827	392	505	453	74	8.61e-37	146	oxysterols receptor LXR-beta [Miniopterus schreibersii]	9433
XP_036188104.1	XP_080977342	29.319	382	505	463	74	8.88e-37	146	retinoic acid receptor RXR-gamma isoform 1 [Miniopterus schreibersii]	9433
XP_036188104.1	XP_016078640	29.919	371	505	486	72	8.91e-37	147	PREDICTED: bile acid receptor isoform X1 [Miniopterus natalensis]	291302
XP_036188104.1	XP_015980000	28.465	404	505	427	72	9.31e-37	145	vitamin D3 receptor isoform X1 [Rousettus aegyptiacus]	9407
XP_036188104.1	XP_016061472	28.827	392	505	453	74	9.42e-37	146	PREDICTED: oxysterols receptor LXR-beta [Miniopterus natalensis]	291302
XP_036188104.1	XP_080984287	29.919	371	505	486	72	1.01e-36	146	bile acid receptor isoform 1 [Miniopterus schreibersii]	9433
XP_036188104.1	XP_080904416	29.703	404	505	397	74	1.12e-36	144	photoreceptor-specific nuclear receptor [Rhinolophus hipposideros]	77218
XP_036188104.1	XP_070266996	29.919	371	505	486	72	1.16e-36	146	bile acid receptor isoform X1 [Myotis yumanensis]	159337
XP_036188104.1	XP_006084154	29.919	371	505	486	72	1.20e-36	146	bile acid receptor isoform X1 [Myotis lucifugus]	59463
XP_036188104.1	XP_005882405	29.919	371	505	486	72	1.22e-36	146	PREDICTED: bile acid receptor isoform X1 [Myotis brandtii]	109478
XP_036188104.1	XP_027985199	28.571	392	505	453	74	1.23e-36	145	oxysterols receptor LXR-beta [Eptesicus fuscus]	29078
XP_036188104.1	XP_015984273	28.919	370	505	467	72	1.24e-36	146	retinoic acid receptor RXR-alpha isoform X1 [Rousettus aegyptiacus]	9407
XP_036188104.1	XP_059537860	29.919	371	505	486	72	1.29e-36	146	bile acid receptor isoform X1 [Myotis daubentonii]	98922
XP_036188104.1	XP_036157540	29.919	371	505	486	72	1.29e-36	146	bile acid receptor isoform X3 [Myotis myotis]	51298
XP_036188104.1	XP_045443572	29.919	371	505	472	72	1.31e-36	146	bile acid receptor isoform X3 [Pipistrellus kuhlii]	59472
XP_036188104.1	XP_045443571	29.919	371	505	472	72	1.31e-36	146	bile acid receptor isoform X3 [Pipistrellus kuhlii]	59472
XP_036188104.1	XP_036313688	29.919	371	505	472	72	1.31e-36	146	bile acid receptor isoform X3 [Pipistrellus kuhlii]	59472
XP_036188104.1	XP_008142990	29.919	371	505	486	72	1.32e-36	146	bile acid receptor isoform X1 [Eptesicus fuscus]	29078
XP_036188104.1	XP_080516766	30.163	368	505	472	72	1.63e-36	145	bile acid receptor isoform 3 [Plecotus auritus]	61862
XP_036188104.1	XP_080516765	30.163	368	505	472	72	1.63e-36	145	bile acid receptor isoform 3 [Plecotus auritus]	61862
XP_036188104.1	XP_080516764	30.163	368	505	472	72	1.63e-36	145	bile acid receptor isoform 3 [Plecotus auritus]	61862
XP_036188104.1	XP_028388384	29.620	368	505	476	72	1.80e-36	145	bile acid receptor isoform X3 [Phyllostomus discolor]	89673
XP_036188104.1	XP_059521329	28.571	392	505	453	74	1.84e-36	145	oxysterols receptor LXR-beta isoform X2 [Myotis daubentonii]	98922
XP_036188104.1	XP_054430617	29.620	368	505	476	72	2.13e-36	145	bile acid receptor isoform X3 [Pteronotus mesoamericanus]	1884717
XP_036188104.1	XP_015980004	28.536	403	505	426	72	2.30e-36	144	vitamin D3 receptor isoform X2 [Rousettus aegyptiacus]	9407
XP_036188104.1	XP_015980003	28.536	403	505	426	72	2.30e-36	144	vitamin D3 receptor isoform X2 [Rousettus aegyptiacus]	9407
XP_036188104.1	XP_024435122	29.428	367	505	476	72	2.33e-36	145	bile acid receptor isoform X5 [Desmodus rotundus]	9430
XP_036188104.1	XP_039733927	29.650	371	505	476	72	2.33e-36	145	bile acid receptor isoform X3 [Pteropus medius]	143291
XP_036188104.1	XP_036313686	29.919	371	505	486	72	2.40e-36	145	bile acid receptor isoform X1 [Pipistrellus kuhlii]	59472
XP_036188104.1	XP_011384960	29.650	371	505	476	72	2.40e-36	145	bile acid receptor isoform X3 [Pteropus vampyrus]	132908
XP_036188104.1	XP_006755564	27.650	434	505	475	78	2.46e-36	145	PREDICTED: vitamin D3 receptor isoform X1 [Myotis davidii]	225400
XP_036188104.1	XP_080516762	30.163	368	505	486	72	2.73e-36	145	bile acid receptor isoform 1 [Plecotus auritus]	61862
XP_036188104.1	XP_006755565	28.395	405	505	427	72	2.83e-36	144	PREDICTED: vitamin D3 receptor isoform X2 [Myotis davidii]	225400
XP_036188104.1	XP_005879617	28.316	392	505	454	74	2.92e-36	145	PREDICTED: oxysterols receptor LXR-beta isoform X2 [Myotis brandtii]	109478
XP_036188104.1	XP_080962882	28.316	392	505	454	74	2.92e-36	145	oxysterols receptor LXR-beta isoform 1 [Myotis nattereri]	109481
XP_036188104.1	XP_080962881	28.316	392	505	454	74	2.92e-36	145	oxysterols receptor LXR-beta isoform 1 [Myotis nattereri]	109481
XP_036188104.1	XP_070258022	28.316	392	505	455	74	2.97e-36	145	oxysterols receptor LXR-beta [Myotis yumanensis]	159337
XP_036188104.1	XP_080501560	28.316	392	505	454	74	3.10e-36	144	oxysterols receptor LXR-beta isoform 2 [Plecotus auritus]	61862
XP_036188104.1	XP_036163070	28.316	392	505	455	74	3.12e-36	144	oxysterols receptor LXR-beta [Myotis myotis]	51298
XP_036188104.1	XP_036163069	28.316	392	505	455	74	3.12e-36	144	oxysterols receptor LXR-beta [Myotis myotis]	51298
XP_036188104.1	XP_054430619	29.428	367	505	486	72	3.20e-36	145	bile acid receptor isoform X5 [Pteronotus mesoamericanus]	1884717
XP_036188104.1	XP_039733925	29.650	371	505	486	72	3.23e-36	145	bile acid receptor isoform X1 [Pteropus medius]	143291
XP_036188104.1	XP_080915000	29.781	366	505	482	72	3.27e-36	145	bile acid receptor isoform 2 [Rhinolophus hipposideros]	77218
XP_036188104.1	XP_028388383	30.435	368	505	486	72	3.36e-36	145	bile acid receptor isoform X1 [Phyllostomus discolor]	89673
XP_036188104.1	XP_079656704	28.316	392	505	455	74	3.55e-36	144	oxysterols receptor LXR-beta isoform 1 [Cnephaeus nilssonii]	3371016
XP_036188104.1	XP_079656703	28.316	392	505	455	74	3.55e-36	144	oxysterols receptor LXR-beta isoform 1 [Cnephaeus nilssonii]	3371016
XP_036188104.1	XP_080922997	28.610	367	505	365	71	3.64e-36	142	retinoic acid receptor RXR-alpha isoform 2 [Rhinolophus hipposideros]	77218
XP_036188104.1	XP_036093234	29.189	370	505	386	72	3.70e-36	143	bile acid receptor isoform X5 [Rousettus aegyptiacus]	9407
XP_036188104.1	XP_024435120	29.620	368	505	486	72	3.82e-36	145	bile acid receptor isoform X3 [Desmodus rotundus]	9430
XP_036188104.1	XP_011384948	29.650	371	505	486	72	3.86e-36	145	bile acid receptor isoform X1 [Pteropus vampyrus]	132908
XP_036188104.1	XP_015975785	29.189	370	505	476	72	3.99e-36	145	bile acid receptor isoform X3 [Rousettus aegyptiacus]	9407
XP_036188104.1	XP_015975775	29.189	370	505	476	72	3.99e-36	145	bile acid receptor isoform X3 [Rousettus aegyptiacus]	9407
XP_036188104.1	XP_015975766	29.189	370	505	476	72	3.99e-36	145	bile acid receptor isoform X3 [Rousettus aegyptiacus]	9407
XP_036188104.1	XP_015975755	29.189	370	505	476	72	3.99e-36	145	bile acid receptor isoform X3 [Rousettus aegyptiacus]	9407
XP_036188104.1	XP_054440121	29.111	371	505	439	72	4.20e-36	144	retinoic acid receptor RXR-alpha isoform X1 [Pteronotus mesoamericanus]	1884717
XP_036188104.1	XP_006905650	28.010	407	505	423	73	4.91e-36	143	nuclear receptor subfamily 1 group I member 2 [Pteropus alecto]	9402
XP_036188104.1	XP_036983542	28.610	367	505	365	71	4.93e-36	142	retinoic acid receptor RXR-alpha isoform X4 [Artibeus jamaicensis]	9417
XP_036188104.1	XP_036983543	28.610	367	505	365	71	4.93e-36	142	retinoic acid receptor RXR-alpha isoform X4 [Artibeus jamaicensis]	9417
XP_036188104.1	XP_032973989	29.781	366	505	472	72	4.95e-36	144	bile acid receptor isoform X4 [Rhinolophus ferrumequinum]	59479
XP_036188104.1	XP_005877450	28.889	405	505	427	72	5.31e-36	143	PREDICTED: vitamin D3 receptor [Myotis brandtii]	109478
XP_036188104.1	XP_080938783	28.148	405	505	427	72	5.47e-36	143	vitamin D3 receptor [Myotis nattereri]	109481
XP_036188104.1	XP_054440122	29.111	371	505	467	72	5.49e-36	144	retinoic acid receptor RXR-alpha isoform X2 [Pteronotus mesoamericanus]	1884717
XP_036188104.1	XP_032978181	29.111	371	505	467	72	5.89e-36	144	retinoic acid receptor RXR-alpha [Rhinolophus ferrumequinum]	59479
XP_036188104.1	XP_059521328	28.571	392	505	538	74	5.97e-36	145	oxysterols receptor LXR-beta isoform X1 [Myotis daubentonii]	98922
XP_036188104.1	XP_080941099	30.328	366	505	468	72	5.98e-36	144	bile acid receptor isoform 2 [Myotis nattereri]	109481
XP_036188104.1	XP_015975740	29.189	370	505	486	72	6.08e-36	144	bile acid receptor isoform X1 [Rousettus aegyptiacus]	9407
XP_036188104.1	XP_016052043	29.111	371	505	439	72	6.26e-36	143	PREDICTED: retinoic acid receptor RXR-alpha [Miniopterus natalensis]	291302
XP_036188104.1	XP_081006895	29.111	371	505	439	72	6.26e-36	143	retinoic acid receptor RXR-alpha isoform 2 [Miniopterus schreibersii]	9433
XP_036188104.1	XP_081006894	29.111	371	505	439	72	6.26e-36	143	retinoic acid receptor RXR-alpha isoform 2 [Miniopterus schreibersii]	9433
XP_036188104.1	XP_081006893	29.111	371	505	439	72	6.26e-36	143	retinoic acid receptor RXR-alpha isoform 2 [Miniopterus schreibersii]	9433
XP_036188104.1	XP_036107921	29.539	369	505	472	72	6.29e-36	144	bile acid receptor isoform X4 [Molossus molossus]	27622
XP_036188104.1	XP_074182310	29.781	366	505	472	72	6.41e-36	144	bile acid receptor isoform X5 [Rhinolophus sinicus]	89399
XP_036188104.1	XP_054439241	29.040	396	505	401	74	6.46e-36	142	photoreceptor-specific nuclear receptor [Pteronotus mesoamericanus]	1884717
XP_036188104.1	XP_037016723	29.348	368	505	476	72	6.54e-36	144	bile acid receptor isoform X3 [Artibeus jamaicensis]	9417
XP_036188104.1	XP_036983540	29.111	371	505	488	72	6.58e-36	144	retinoic acid receptor RXR-alpha isoform X2 [Artibeus jamaicensis]	9417
XP_036188104.1	XP_080922996	29.111	371	505	467	72	6.76e-36	144	retinoic acid receptor RXR-alpha isoform 1 [Rhinolophus hipposideros]	77218
XP_036188104.1	XP_079632129	29.810	369	505	468	72	6.93e-36	144	bile acid receptor isoform 4 [Cnephaeus nilssonii]	3371016
XP_036188104.1	XP_079632128	29.810	369	505	468	72	6.93e-36	144	bile acid receptor isoform 4 [Cnephaeus nilssonii]	3371016
XP_036188104.1	XP_080941098	30.328	366	505	482	72	7.07e-36	144	bile acid receptor isoform 1 [Myotis nattereri]	109481
XP_036188104.1	XP_081006892	29.111	371	505	467	72	7.39e-36	144	retinoic acid receptor RXR-alpha isoform 1 [Miniopterus schreibersii]	9433
XP_036188104.1	XP_019587736	29.781	366	505	482	72	7.58e-36	144	bile acid receptor isoform X2 [Rhinolophus sinicus]	89399
XP_036188104.1	XP_045712409	28.316	392	505	453	74	7.62e-36	143	oxysterols receptor LXR-beta isoform X1 [Phyllostomus hastatus]	9423
XP_036188104.1	XP_015981157	28.212	397	505	461	74	7.98e-36	144	oxysterols receptor LXR-beta [Rousettus aegyptiacus]	9407
XP_036188104.1	XP_015981156	28.212	397	505	461	74	7.98e-36	144	oxysterols receptor LXR-beta [Rousettus aegyptiacus]	9407
XP_036188104.1	XP_028385437	28.316	392	505	453	74	8.01e-36	143	oxysterols receptor LXR-beta [Phyllostomus discolor]	89673
XP_036188104.1	XP_045704698	28.715	397	505	402	74	8.04e-36	142	photoreceptor-specific nuclear receptor isoform X1 [Phyllostomus hastatus]	9423
XP_036188104.1	XP_032973987	29.781	366	505	482	72	8.04e-36	144	bile acid receptor isoform X2 [Rhinolophus ferrumequinum]	59479
XP_036188104.1	XP_045043159	29.319	382	505	495	72	8.84e-36	144	bile acid receptor isoform X2 [Desmodus rotundus]	9430
XP_036188104.1	XP_045043160	29.504	383	505	430	72	8.94e-36	143	bile acid receptor isoform X7 [Desmodus rotundus]	9430
XP_036188104.1	XP_045043158	29.504	383	505	505	72	9.08e-36	144	bile acid receptor isoform X1 [Desmodus rotundus]	9430
XP_036188104.1	XP_019495262	28.610	367	505	365	71	9.31e-36	141	PREDICTED: retinoic acid receptor RXR-alpha isoform X3 [Hipposideros armiger]	186990
XP_036188104.1	XP_045682434	29.700	367	505	476	72	9.53e-36	144	bile acid receptor isoform X3 [Phyllostomus hastatus]	9423
XP_036188104.1	XP_037016721	29.155	367	505	486	72	9.68e-36	144	bile acid receptor isoform X1 [Artibeus jamaicensis]	9417
XP_036188104.1	XP_036135344	29.426	401	505	422	77	9.90e-36	142	COUP transcription factor 1 isoform X1 [Molossus molossus]	27622
XP_036188104.1	XP_080984291	29.810	369	505	472	72	1.00e-35	144	bile acid receptor isoform 4 [Miniopterus schreibersii]	9433
XP_036188104.1	XP_019495246	27.394	449	505	439	87	1.02e-35	143	PREDICTED: retinoic acid receptor RXR-alpha isoform X1 [Hipposideros armiger]	186990
XP_036188104.1	XP_036983541	29.111	371	505	467	72	1.06e-35	143	retinoic acid receptor RXR-alpha isoform X3 [Artibeus jamaicensis]	9417
XP_036188104.1	XP_074184846	29.426	401	505	423	77	1.06e-35	142	COUP transcription factor 1 isoform X1 [Rhinolophus sinicus]	89399
XP_036188104.1	XP_016078643	29.810	369	505	472	72	1.07e-35	143	PREDICTED: bile acid receptor isoform X4 [Miniopterus natalensis]	291302
XP_036188104.1	XP_070268429	29.426	401	505	422	77	1.08e-35	142	COUP transcription factor 1 isoform X1 [Myotis yumanensis]	159337
XP_036188104.1	XP_059550101	29.426	401	505	422	77	1.08e-35	142	COUP transcription factor 1 isoform X1 [Myotis daubentonii]	98922
XP_036188104.1	XP_054571038	29.426	401	505	422	77	1.08e-35	142	COUP transcription factor 1 [Eptesicus fuscus]	29078
XP_036188104.1	XP_036166309	29.426	401	505	422	77	1.08e-35	142	COUP transcription factor 1 isoform X1 [Myotis myotis]	51298
XP_036188104.1	XP_080989254	29.426	401	505	422	77	1.08e-35	142	COUP transcription factor 1 isoform 1 [Miniopterus schreibersii]	9433
XP_036188104.1	XP_080944841	29.426	401	505	422	77	1.08e-35	142	COUP transcription factor 1 isoform 1 [Myotis nattereri]	109481
XP_036188104.1	XP_005879616	28.316	392	505	539	74	1.11e-35	144	PREDICTED: oxysterols receptor LXR-beta isoform X1 [Myotis brandtii]	109478
XP_036188104.1	XP_045427690	29.426	401	505	421	77	1.11e-35	142	COUP transcription factor 1 isoform X1 [Pipistrellus kuhlii]	59472
XP_036188104.1	XP_036266025	29.426	401	505	421	77	1.11e-35	142	COUP transcription factor 1 isoform X1 [Pipistrellus kuhlii]	59472
XP_036188104.1	XP_079632125	29.810	369	505	482	72	1.13e-35	144	bile acid receptor isoform 2 [Cnephaeus nilssonii]	3371016
XP_036188104.1	XP_036107918	29.539	369	505	482	72	1.15e-35	144	bile acid receptor isoform X2 [Molossus molossus]	27622
XP_036188104.1	XP_045704699	28.535	396	505	401	74	1.17e-35	142	photoreceptor-specific nuclear receptor isoform X2 [Phyllostomus hastatus]	9423
XP_036188104.1	XP_045682432	29.891	368	505	486	72	1.20e-35	144	bile acid receptor isoform X1 [Phyllostomus hastatus]	9423
XP_036188104.1	XP_006914623	29.380	371	505	476	72	1.22e-35	143	bile acid receptor isoform X3 [Pteropus alecto]	9402
XP_036188104.1	XP_045043162	29.504	383	505	405	72	1.27e-35	142	bile acid receptor isoform X8 [Desmodus rotundus]	9430
XP_036188104.1	XP_045043161	29.504	383	505	405	72	1.27e-35	142	bile acid receptor isoform X8 [Desmodus rotundus]	9430
XP_036188104.1	XP_039729726	59.406	101	505	503	41	1.27e-35	144	nuclear receptor subfamily 1 group D member 1 [Pteropus medius]	143291
XP_036188104.1	XP_039729726	39.091	110	505	503	41	1.54e-12	75.5	nuclear receptor subfamily 1 group D member 1 [Pteropus medius]	143291
XP_036188104.1	XP_045704700	28.608	395	505	395	74	1.28e-35	142	photoreceptor-specific nuclear receptor isoform X3 [Phyllostomus hastatus]	9423
XP_036188104.1	XP_024419313	29.426	401	505	422	77	1.28e-35	142	COUP transcription factor 1 isoform X1 [Desmodus rotundus]	9430
XP_036188104.1	XP_054434259	29.426	401	505	422	77	1.28e-35	142	COUP transcription factor 1 [Pteronotus mesoamericanus]	1884717
XP_036188104.1	XP_037020035	29.426	401	505	422	77	1.28e-35	142	COUP transcription factor 1 [Artibeus jamaicensis]	9417
XP_036188104.1	XP_045703944	29.426	401	505	422	77	1.28e-35	142	COUP transcription factor 1 [Phyllostomus hastatus]	9423
XP_036188104.1	XP_028366908	29.426	401	505	422	77	1.28e-35	142	COUP transcription factor 1 isoform X1 [Phyllostomus discolor]	89673
XP_036188104.1	XP_036888189	29.426	401	505	422	77	1.28e-35	142	COUP transcription factor 1 isoform X1 [Sturnira hondurensis]	192404
XP_036188104.1	XP_080538601	29.426	401	505	422	77	1.28e-35	142	COUP transcription factor 1 isoform 1 [Plecotus auritus]	61862
XP_036188104.1	XP_016020452	29.426	401	505	423	77	1.31e-35	142	COUP transcription factor 1 isoform X1 [Rousettus aegyptiacus]	9407
XP_036188104.1	XP_039730992	29.426	401	505	423	77	1.31e-35	142	COUP transcription factor 1 isoform X1 [Pteropus medius]	143291
XP_036188104.1	XP_008149611	28.607	402	505	442	74	1.37e-35	142	LOW QUALITY PROTEIN: photoreceptor-specific nuclear receptor [Eptesicus fuscus]	29078
XP_036188104.1	XP_032966303	29.426	401	505	423	77	1.40e-35	142	COUP transcription factor 1 isoform X1 [Rhinolophus ferrumequinum]	59479
XP_036188104.1	XP_080909906	29.426	401	505	423	77	1.40e-35	142	COUP transcription factor 1 isoform 1 [Rhinolophus hipposideros]	77218
XP_036188104.1	XP_014385544	29.810	369	505	468	72	1.40e-35	143	PREDICTED: bile acid receptor isoform X4 [Myotis brandtii]	109478
XP_036188104.1	XP_066237930	29.426	401	505	422	77	1.40e-35	142	COUP transcription factor 1 [Saccopteryx leptura]	249018
XP_036188104.1	XP_066129913	29.426	401	505	422	77	1.40e-35	142	COUP transcription factor 1 [Saccopteryx bilineata]	59482
XP_036188104.1	XP_079631999	28.607	402	505	411	74	1.50e-35	142	photoreceptor-specific nuclear receptor [Cnephaeus nilssonii]	3371016
XP_036188104.1	XP_080984288	29.810	369	505	482	72	1.54e-35	143	bile acid receptor isoform 2 [Miniopterus schreibersii]	9433
XP_036188104.1	XP_019495254	27.394	449	505	465	87	1.67e-35	143	PREDICTED: retinoic acid receptor RXR-alpha isoform X2 [Hipposideros armiger]	186990
XP_036188104.1	XP_016078641	29.810	369	505	482	72	1.70e-35	143	PREDICTED: bile acid receptor isoform X2 [Miniopterus natalensis]	291302
XP_036188104.1	XP_006914621	29.380	371	505	486	72	1.75e-35	143	bile acid receptor isoform X1 [Pteropus alecto]	9402
XP_036188104.1	XP_053786422	29.921	381	505	374	72	1.77e-35	140	thyroid hormone receptor beta isoform X4 [Desmodus rotundus]	9430
XP_036188104.1	XP_066208077	29.921	381	505	374	72	1.77e-35	140	thyroid hormone receptor beta isoform X2 [Saccopteryx leptura]	249018
XP_036188104.1	XP_066208076	29.921	381	505	374	72	1.77e-35	140	thyroid hormone receptor beta isoform X2 [Saccopteryx leptura]	249018
XP_036188104.1	XP_066102076	29.921	381	505	374	72	1.77e-35	140	thyroid hormone receptor beta isoform X2 [Saccopteryx bilineata]	59482
XP_036188104.1	XP_066102075	29.921	381	505	374	72	1.77e-35	140	thyroid hormone receptor beta isoform X2 [Saccopteryx bilineata]	59482
XP_036188104.1	XP_054451349	29.921	381	505	374	72	1.77e-35	140	thyroid hormone receptor beta isoform X2 [Pteronotus mesoamericanus]	1884717
XP_036188104.1	XP_059520073	29.921	381	505	374	72	1.77e-35	140	thyroid hormone receptor beta isoform X4 [Myotis daubentonii]	98922
XP_036188104.1	XP_054564053	29.921	381	505	374	72	1.77e-35	140	thyroid hormone receptor beta isoform X3 [Eptesicus fuscus]	29078
XP_036188104.1	XP_053525092	29.921	381	505	374	72	1.77e-35	140	thyroid hormone receptor beta isoform X3 [Artibeus jamaicensis]	9417
XP_036188104.1	XP_053525091	29.921	381	505	374	72	1.77e-35	140	thyroid hormone receptor beta isoform X3 [Artibeus jamaicensis]	9417
XP_036188104.1	XP_036123137	29.921	381	505	374	72	1.77e-35	140	thyroid hormone receptor beta isoform X3 [Molossus molossus]	27622
XP_036188104.1	XP_035887415	29.921	381	505	374	72	1.77e-35	140	thyroid hormone receptor beta isoform X5 [Phyllostomus discolor]	89673
XP_036188104.1	XP_036926580	29.921	381	505	374	72	1.77e-35	140	thyroid hormone receptor beta isoform X2 [Sturnira hondurensis]	192404
XP_036188104.1	XP_079651047	29.921	381	505	374	72	1.77e-35	140	thyroid hormone receptor beta isoform 3 [Cnephaeus nilssonii]	3371016
XP_036188104.1	XP_074168879	29.921	381	505	374	72	1.77e-35	140	thyroid hormone receptor beta isoform X7 [Rhinolophus sinicus]	89399
XP_036188104.1	XP_074168877	29.921	381	505	374	72	1.77e-35	140	thyroid hormone receptor beta isoform X7 [Rhinolophus sinicus]	89399
XP_036188104.1	XP_074168876	29.921	381	505	374	72	1.77e-35	140	thyroid hormone receptor beta isoform X7 [Rhinolophus sinicus]	89399
XP_036188104.1	XP_074168875	29.921	381	505	374	72	1.77e-35	140	thyroid hormone receptor beta isoform X7 [Rhinolophus sinicus]	89399
XP_036188104.1	XP_011374077	28.608	395	505	407	74	1.85e-35	141	photoreceptor-specific nuclear receptor [Pteropus vampyrus]	132908
XP_036188104.1	XP_039712563	28.608	395	505	407	74	1.85e-35	141	photoreceptor-specific nuclear receptor [Pteropus medius]	143291
XP_036188104.1	XP_024896135	28.608	395	505	440	74	2.06e-35	142	photoreceptor-specific nuclear receptor [Pteropus alecto]	9402
XP_036188104.1	XP_015982320	28.608	395	505	407	74	2.06e-35	141	photoreceptor-specific nuclear receptor [Rousettus aegyptiacus]	9407
XP_036188104.1	XP_070266997	29.810	369	505	482	72	2.18e-35	143	bile acid receptor isoform X2 [Myotis yumanensis]	159337
XP_036188104.1	XP_035887416	29.921	381	505	371	72	2.33e-35	140	thyroid hormone receptor beta isoform X6 [Phyllostomus discolor]	89673
XP_036188104.1	XP_008142991	29.810	369	505	482	72	2.34e-35	142	bile acid receptor isoform X2 [Eptesicus fuscus]	29078
XP_036188104.1	XP_036107819	27.295	414	505	427	72	2.35e-35	142	vitamin D3 receptor [Molossus molossus]	27622
XP_036188104.1	XP_005882404	29.810	369	505	482	72	2.36e-35	142	PREDICTED: bile acid receptor isoform X2 [Myotis brandtii]	109478
XP_036188104.1	XP_059537861	29.810	369	505	482	72	2.38e-35	142	bile acid receptor isoform X2 [Myotis daubentonii]	98922
XP_036188104.1	XP_036157541	29.810	369	505	482	72	2.38e-35	142	bile acid receptor isoform X4 [Myotis myotis]	51298
XP_036188104.1	XP_032988042	29.921	381	505	476	72	2.54e-35	142	thyroid hormone receptor beta isoform X2 [Rhinolophus ferrumequinum]	59479
XP_036188104.1	XP_080929543	29.921	381	505	476	72	2.54e-35	142	thyroid hormone receptor beta isoform 6 [Rhinolophus hipposideros]	77218
XP_036188104.1	XP_014393075	29.921	381	505	476	72	2.61e-35	142	PREDICTED: thyroid hormone receptor beta isoform X1 [Myotis brandtii]	109478
XP_036188104.1	XP_006087673	29.921	381	505	476	72	2.61e-35	142	thyroid hormone receptor beta isoform X1 [Myotis lucifugus]	59463
XP_036188104.1	XP_080961932	29.921	381	505	476	72	2.61e-35	142	thyroid hormone receptor beta isoform 2 [Myotis nattereri]	109481
XP_036188104.1	XP_006754716	29.921	381	505	476	72	2.64e-35	142	PREDICTED: thyroid hormone receptor beta isoform X1 [Myotis davidii]	225400
XP_036188104.1	XP_019600793	29.921	381	505	476	72	2.66e-35	142	thyroid hormone receptor beta isoform X3 [Rhinolophus sinicus]	89399
XP_036188104.1	XP_080516770	30.055	366	505	468	72	2.67e-35	142	bile acid receptor isoform 4 [Plecotus auritus]	61862
XP_036188104.1	XP_080516769	30.055	366	505	468	72	2.67e-35	142	bile acid receptor isoform 4 [Plecotus auritus]	61862
XP_036188104.1	XP_080516768	30.055	366	505	468	72	2.67e-35	142	bile acid receptor isoform 4 [Plecotus auritus]	61862
XP_036188104.1	XP_080516767	30.055	366	505	468	72	2.67e-35	142	bile acid receptor isoform 4 [Plecotus auritus]	61862
XP_036188104.1	XP_006084155	29.810	369	505	482	72	2.71e-35	142	bile acid receptor isoform X2 [Myotis lucifugus]	59463
XP_036188104.1	XP_016054274	29.921	381	505	476	72	2.80e-35	142	PREDICTED: thyroid hormone receptor beta isoform X1 [Miniopterus natalensis]	291302
XP_036188104.1	XP_081015677	29.921	381	505	476	72	2.80e-35	142	thyroid hormone receptor beta isoform 2 [Miniopterus schreibersii]	9433
XP_036188104.1	XP_019494204	59.406	101	505	613	52	2.95e-35	144	PREDICTED: nuclear receptor subfamily 1 group D member 1 [Hipposideros armiger]	186990
XP_036188104.1	XP_019494204	38.037	163	505	613	52	2.29e-21	103	PREDICTED: nuclear receptor subfamily 1 group D member 1 [Hipposideros armiger]	186990
XP_036188104.1	XP_036123134	29.921	381	505	476	72	3.00e-35	142	thyroid hormone receptor beta isoform X1 [Molossus molossus]	27622
XP_036188104.1	XP_036983539	29.570	372	505	483	72	3.00e-35	142	retinoic acid receptor RXR-alpha isoform X1 [Artibeus jamaicensis]	9417
XP_036188104.1	XP_036157539	29.255	376	505	491	72	3.01e-35	142	bile acid receptor isoform X2 [Myotis myotis]	51298
XP_036188104.1	XP_074168880	29.921	381	505	430	72	3.05e-35	141	thyroid hormone receptor beta isoform X5 [Rhinolophus sinicus]	89399
XP_036188104.1	XP_074168873	29.921	381	505	430	72	3.05e-35	141	thyroid hormone receptor beta isoform X5 [Rhinolophus sinicus]	89399
XP_036188104.1	XP_074168872	29.921	381	505	430	72	3.05e-35	141	thyroid hormone receptor beta isoform X5 [Rhinolophus sinicus]	89399
XP_036188104.1	XP_074168871	29.921	381	505	430	72	3.05e-35	141	thyroid hormone receptor beta isoform X5 [Rhinolophus sinicus]	89399
XP_036188104.1	XP_074168870	29.921	381	505	430	72	3.05e-35	141	thyroid hormone receptor beta isoform X5 [Rhinolophus sinicus]	89399
XP_036188104.1	XP_074168869	29.921	381	505	430	72	3.05e-35	141	thyroid hormone receptor beta isoform X5 [Rhinolophus sinicus]	89399
XP_036188104.1	XP_019600801	29.921	381	505	430	72	3.05e-35	141	thyroid hormone receptor beta isoform X5 [Rhinolophus sinicus]	89399
XP_036188104.1	XP_074168867	29.921	381	505	430	72	3.05e-35	141	thyroid hormone receptor beta isoform X5 [Rhinolophus sinicus]	89399
XP_036188104.1	XP_074168866	29.921	381	505	430	72	3.05e-35	141	thyroid hormone receptor beta isoform X5 [Rhinolophus sinicus]	89399
XP_036188104.1	XP_074168865	29.921	381	505	430	72	3.05e-35	141	thyroid hormone receptor beta isoform X5 [Rhinolophus sinicus]	89399
XP_036188104.1	XP_074168864	29.921	381	505	430	72	3.05e-35	141	thyroid hormone receptor beta isoform X5 [Rhinolophus sinicus]	89399
XP_036188104.1	XP_036123643	59.406	101	505	615	56	3.09e-35	144	nuclear receptor subfamily 1 group D member 1 [Molossus molossus]	27622
XP_036188104.1	XP_036123643	34.804	204	505	615	56	1.66e-22	106	nuclear receptor subfamily 1 group D member 1 [Molossus molossus]	27622
XP_036188104.1	XP_015452683	29.921	381	505	476	72	3.15e-35	142	thyroid hormone receptor beta isoform X1 [Pteropus alecto]	9402
XP_036188104.1	XP_011355865	29.921	381	505	476	72	3.15e-35	142	thyroid hormone receptor beta isoform X1 [Pteropus vampyrus]	132908
XP_036188104.1	XP_066119813	59.406	101	505	612	56	3.16e-35	144	nuclear receptor subfamily 1 group D member 1 [Saccopteryx bilineata]	59482
XP_036188104.1	XP_066119813	35.294	204	505	612	56	7.68e-23	107	nuclear receptor subfamily 1 group D member 1 [Saccopteryx bilineata]	59482
XP_036188104.1	XP_079651048	29.921	381	505	476	72	3.18e-35	142	thyroid hormone receptor beta isoform 4 [Cnephaeus nilssonii]	3371016
XP_036188104.1	XP_066220367	59.406	101	505	612	53	3.23e-35	144	nuclear receptor subfamily 1 group D member 1 [Saccopteryx leptura]	249018
XP_036188104.1	XP_066220367	36.413	184	505	612	53	2.66e-22	105	nuclear receptor subfamily 1 group D member 1 [Saccopteryx leptura]	249018
XP_036188104.1	XP_054449803	59.406	101	505	612	52	3.23e-35	144	nuclear receptor subfamily 1 group D member 1 [Pteronotus mesoamericanus]	1884717
XP_036188104.1	XP_054449803	38.037	163	505	612	52	2.22e-21	103	nuclear receptor subfamily 1 group D member 1 [Pteronotus mesoamericanus]	1884717
XP_036188104.1	XP_035887414	29.921	381	505	390	72	3.33e-35	140	thyroid hormone receptor beta isoform X4 [Phyllostomus discolor]	89673
XP_036188104.1	XP_024897499	59.406	101	505	615	52	3.37e-35	144	nuclear receptor subfamily 1 group D member 1 [Pteropus alecto]	9402
XP_036188104.1	XP_024897499	38.037	163	505	615	52	7.72e-22	104	nuclear receptor subfamily 1 group D member 1 [Pteropus alecto]	9402
XP_036188104.1	XP_011381351	59.406	101	505	615	52	3.37e-35	144	nuclear receptor subfamily 1 group D member 1 [Pteropus vampyrus]	132908
XP_036188104.1	XP_011381351	38.037	163	505	615	52	7.72e-22	104	nuclear receptor subfamily 1 group D member 1 [Pteropus vampyrus]	132908
XP_036188104.1	XP_024894817	29.921	381	505	430	72	3.40e-35	141	thyroid hormone receptor beta isoform X3 [Pteropus alecto]	9402
XP_036188104.1	XP_024894815	29.921	381	505	430	72	3.40e-35	141	thyroid hormone receptor beta isoform X3 [Pteropus alecto]	9402
XP_036188104.1	XP_024894813	29.921	381	505	430	72	3.40e-35	141	thyroid hormone receptor beta isoform X3 [Pteropus alecto]	9402
XP_036188104.1	XP_023387977	29.921	381	505	430	72	3.40e-35	141	thyroid hormone receptor beta isoform X3 [Pteropus vampyrus]	132908
XP_036188104.1	XP_023387935	29.921	381	505	430	72	3.40e-35	141	thyroid hormone receptor beta isoform X3 [Pteropus vampyrus]	132908
XP_036188104.1	XP_023387912	29.921	381	505	430	72	3.40e-35	141	thyroid hormone receptor beta isoform X3 [Pteropus vampyrus]	132908
XP_036188104.1	XP_016020181	59.406	101	505	613	52	3.41e-35	144	nuclear receptor subfamily 1 group D member 1 [Rousettus aegyptiacus]	9407
XP_036188104.1	XP_016020181	38.037	163	505	613	52	7.34e-22	104	nuclear receptor subfamily 1 group D member 1 [Rousettus aegyptiacus]	9407
XP_036188104.1	XP_024428653	59.406	101	505	612	52	3.45e-35	144	nuclear receptor subfamily 1 group D member 1 [Desmodus rotundus]	9430
XP_036188104.1	XP_024428653	37.423	163	505	612	52	1.28e-20	100	nuclear receptor subfamily 1 group D member 1 [Desmodus rotundus]	9430
XP_036188104.1	XP_036095977	28.467	411	505	424	74	3.50e-35	141	photoreceptor-specific nuclear receptor isoform X1 [Molossus molossus]	27622
XP_036188104.1	XP_024421478	29.921	381	505	476	72	3.51e-35	142	thyroid hormone receptor beta isoform X1 [Desmodus rotundus]	9430
XP_036188104.1	XP_054451350	29.921	381	505	476	72	3.51e-35	142	thyroid hormone receptor beta isoform X3 [Pteronotus mesoamericanus]	1884717
XP_036188104.1	XP_035887411	29.921	381	505	476	72	3.51e-35	142	thyroid hormone receptor beta isoform X1 [Phyllostomus discolor]	89673
XP_036188104.1	XP_054564052	29.921	381	505	430	72	3.58e-35	141	thyroid hormone receptor beta isoform X2 [Eptesicus fuscus]	29078
XP_036188104.1	XP_079651046	29.921	381	505	430	72	3.58e-35	141	thyroid hormone receptor beta isoform 2 [Cnephaeus nilssonii]	3371016
XP_036188104.1	XP_079651056	29.921	381	505	430	72	3.58e-35	141	thyroid hormone receptor beta isoform 2 [Cnephaeus nilssonii]	3371016
XP_036188104.1	XP_053525093	29.921	381	505	476	72	3.58e-35	142	thyroid hormone receptor beta isoform X4 [Artibeus jamaicensis]	9417
XP_036188104.1	XP_036926581	29.921	381	505	476	72	3.58e-35	142	thyroid hormone receptor beta isoform X3 [Sturnira hondurensis]	192404
XP_036188104.1	XP_036999896	29.921	381	505	390	72	3.61e-35	140	thyroid hormone receptor beta isoform X2 [Artibeus jamaicensis]	9417
XP_036188104.1	XP_024421481	29.921	381	505	430	72	3.65e-35	141	thyroid hormone receptor beta isoform X3 [Desmodus rotundus]	9430
XP_036188104.1	XP_045056097	29.921	381	505	430	72	3.65e-35	141	thyroid hormone receptor beta isoform X3 [Desmodus rotundus]	9430
XP_036188104.1	XP_053786421	29.921	381	505	430	72	3.65e-35	141	thyroid hormone receptor beta isoform X3 [Desmodus rotundus]	9430
XP_036188104.1	XP_019511285	29.921	381	505	430	72	3.65e-35	141	PREDICTED: thyroid hormone receptor beta isoform X3 [Hipposideros armiger]	186990
XP_036188104.1	XP_019511284	29.921	381	505	430	72	3.65e-35	141	PREDICTED: thyroid hormone receptor beta isoform X3 [Hipposideros armiger]	186990
XP_036188104.1	XP_032988064	29.921	381	505	430	72	3.65e-35	141	thyroid hormone receptor beta isoform X4 [Rhinolophus ferrumequinum]	59479
XP_036188104.1	XP_032988063	29.921	381	505	430	72	3.65e-35	141	thyroid hormone receptor beta isoform X4 [Rhinolophus ferrumequinum]	59479
XP_036188104.1	XP_032988062	29.921	381	505	430	72	3.65e-35	141	thyroid hormone receptor beta isoform X4 [Rhinolophus ferrumequinum]	59479
XP_036188104.1	XP_032988061	29.921	381	505	430	72	3.65e-35	141	thyroid hormone receptor beta isoform X4 [Rhinolophus ferrumequinum]	59479
XP_036188104.1	XP_032988060	29.921	381	505	430	72	3.65e-35	141	thyroid hormone receptor beta isoform X4 [Rhinolophus ferrumequinum]	59479
XP_036188104.1	XP_032988059	29.921	381	505	430	72	3.65e-35	141	thyroid hormone receptor beta isoform X4 [Rhinolophus ferrumequinum]	59479
XP_036188104.1	XP_032988058	29.921	381	505	430	72	3.65e-35	141	thyroid hormone receptor beta isoform X4 [Rhinolophus ferrumequinum]	59479
XP_036188104.1	XP_059520072	29.921	381	505	430	72	3.68e-35	141	thyroid hormone receptor beta isoform X3 [Myotis daubentonii]	98922
XP_036188104.1	XP_059520071	29.921	381	505	430	72	3.68e-35	141	thyroid hormone receptor beta isoform X3 [Myotis daubentonii]	98922
XP_036188104.1	XP_059520070	29.921	381	505	430	72	3.68e-35	141	thyroid hormone receptor beta isoform X3 [Myotis daubentonii]	98922
XP_036188104.1	XP_024435123	29.508	366	505	472	72	3.70e-35	142	bile acid receptor isoform X6 [Desmodus rotundus]	9430
XP_036188104.1	XP_054430618	29.508	366	505	472	72	3.73e-35	142	bile acid receptor isoform X4 [Pteronotus mesoamericanus]	1884717
XP_036188104.1	XP_024894809	29.921	381	505	461	72	3.79e-35	142	thyroid hormone receptor beta isoform X2 [Pteropus alecto]	9402
XP_036188104.1	XP_015452716	29.921	381	505	461	72	3.79e-35	142	thyroid hormone receptor beta isoform X2 [Pteropus alecto]	9402
XP_036188104.1	XP_015452708	29.921	381	505	461	72	3.79e-35	142	thyroid hormone receptor beta isoform X2 [Pteropus alecto]	9402
XP_036188104.1	XP_015452703	29.921	381	505	461	72	3.79e-35	142	thyroid hormone receptor beta isoform X2 [Pteropus alecto]	9402
XP_036188104.1	XP_015452694	29.921	381	505	461	72	3.79e-35	142	thyroid hormone receptor beta isoform X2 [Pteropus alecto]	9402
XP_036188104.1	XP_015452687	29.921	381	505	461	72	3.79e-35	142	thyroid hormone receptor beta isoform X2 [Pteropus alecto]	9402
XP_036188104.1	XP_023387895	29.921	381	505	461	72	3.79e-35	142	thyroid hormone receptor beta isoform X2 [Pteropus vampyrus]	132908
XP_036188104.1	XP_023387864	29.921	381	505	461	72	3.79e-35	142	thyroid hormone receptor beta isoform X2 [Pteropus vampyrus]	132908
XP_036188104.1	XP_023387851	29.921	381	505	461	72	3.79e-35	142	thyroid hormone receptor beta isoform X2 [Pteropus vampyrus]	132908
XP_036188104.1	XP_011356303	29.921	381	505	461	72	3.79e-35	142	thyroid hormone receptor beta isoform X2 [Pteropus vampyrus]	132908
XP_036188104.1	XP_023387799	29.921	381	505	461	72	3.79e-35	142	thyroid hormone receptor beta isoform X2 [Pteropus vampyrus]	132908
XP_036188104.1	XP_023387786	29.921	381	505	461	72	3.79e-35	142	thyroid hormone receptor beta isoform X2 [Pteropus vampyrus]	132908
XP_036188104.1	XP_011356216	29.921	381	505	461	72	3.79e-35	142	thyroid hormone receptor beta isoform X2 [Pteropus vampyrus]	132908
XP_036188104.1	XP_011356041	29.921	381	505	461	72	3.79e-35	142	thyroid hormone receptor beta isoform X2 [Pteropus vampyrus]	132908
XP_036188104.1	XP_011355953	29.921	381	505	461	72	3.79e-35	142	thyroid hormone receptor beta isoform X2 [Pteropus vampyrus]	132908
XP_036188104.1	XP_045692074	59.406	101	505	611	52	3.92e-35	144	nuclear receptor subfamily 1 group D member 1 [Phyllostomus hastatus]	9423
XP_036188104.1	XP_045692074	37.423	163	505	611	52	1.08e-20	100	nuclear receptor subfamily 1 group D member 1 [Phyllostomus hastatus]	9423
XP_036188104.1	XP_070289421	29.921	381	505	430	72	3.99e-35	141	thyroid hormone receptor beta isoform X2 [Myotis yumanensis]	159337
XP_036188104.1	XP_023608732	29.921	381	505	430	72	3.99e-35	141	thyroid hormone receptor beta isoform X3 [Myotis lucifugus]	59463
XP_036188104.1	XP_019603127	59.406	101	505	610	56	4.00e-35	144	nuclear receptor subfamily 1 group D member 1 [Rhinolophus sinicus]	89399
XP_036188104.1	XP_019603127	35.326	184	505	610	56	1.23e-21	103	nuclear receptor subfamily 1 group D member 1 [Rhinolophus sinicus]	89399
XP_036188104.1	XP_015452719	29.921	381	505	398	72	4.02e-35	140	thyroid hormone receptor beta isoform X4 [Pteropus alecto]	9402
XP_036188104.1	XP_011356371	29.921	381	505	398	72	4.02e-35	140	thyroid hormone receptor beta isoform X4 [Pteropus vampyrus]	132908
XP_036188104.1	XP_080885005	59.406	101	505	612	56	4.02e-35	144	nuclear receptor subfamily 1 group D member 1 [Rhinolophus hipposideros]	77218
XP_036188104.1	XP_080885005	35.326	184	505	612	56	1.19e-21	103	nuclear receptor subfamily 1 group D member 1 [Rhinolophus hipposideros]	77218
XP_036188104.1	XP_080929542	29.921	381	505	429	72	4.04e-35	141	thyroid hormone receptor beta isoform 5 [Rhinolophus hipposideros]	77218
XP_036188104.1	XP_080929541	29.921	381	505	429	72	4.04e-35	141	thyroid hormone receptor beta isoform 5 [Rhinolophus hipposideros]	77218
XP_036188104.1	XP_080929540	29.921	381	505	429	72	4.04e-35	141	thyroid hormone receptor beta isoform 5 [Rhinolophus hipposideros]	77218
XP_036188104.1	XP_080929539	29.921	381	505	429	72	4.04e-35	141	thyroid hormone receptor beta isoform 5 [Rhinolophus hipposideros]	77218
XP_036188104.1	XP_080929538	29.921	381	505	429	72	4.04e-35	141	thyroid hormone receptor beta isoform 5 [Rhinolophus hipposideros]	77218
XP_036188104.1	XP_080929537	29.921	381	505	429	72	4.04e-35	141	thyroid hormone receptor beta isoform 5 [Rhinolophus hipposideros]	77218
XP_036188104.1	XP_032946025	59.406	101	505	612	56	4.10e-35	144	nuclear receptor subfamily 1 group D member 1 [Rhinolophus ferrumequinum]	59479
XP_036188104.1	XP_032946025	35.326	184	505	612	56	1.17e-21	103	nuclear receptor subfamily 1 group D member 1 [Rhinolophus ferrumequinum]	59479
XP_036188104.1	XP_015426412	29.921	381	505	430	72	4.23e-35	141	PREDICTED: thyroid hormone receptor beta isoform X4 [Myotis davidii]	225400
XP_036188104.1	XP_014393079	29.921	381	505	430	72	4.23e-35	141	PREDICTED: thyroid hormone receptor beta isoform X4 [Myotis brandtii]	109478
XP_036188104.1	XP_036188660	29.921	381	505	430	72	4.23e-35	141	thyroid hormone receptor beta isoform X4 [Myotis myotis]	51298
XP_036188104.1	XP_036188659	29.921	381	505	430	72	4.23e-35	141	thyroid hormone receptor beta isoform X4 [Myotis myotis]	51298
XP_036188104.1	XP_036188658	29.921	381	505	430	72	4.23e-35	141	thyroid hormone receptor beta isoform X4 [Myotis myotis]	51298
XP_036188104.1	XP_016057743	59.406	101	505	565	42	4.25e-35	143	PREDICTED: nuclear receptor subfamily 1 group D member 1 [Miniopterus natalensis]	291302
XP_036188104.1	XP_016057743	35.156	128	505	565	42	2.69e-13	77.8	PREDICTED: nuclear receptor subfamily 1 group D member 1 [Miniopterus natalensis]	291302
XP_036188104.1	XP_045435280	29.921	381	505	430	72	4.28e-35	141	thyroid hormone receptor beta isoform X4 [Pipistrellus kuhlii]	59472
XP_036188104.1	XP_036287514	29.921	381	505	430	72	4.28e-35	141	thyroid hormone receptor beta isoform X4 [Pipistrellus kuhlii]	59472
XP_036188104.1	XP_035887413	29.921	381	505	430	72	4.36e-35	141	thyroid hormone receptor beta isoform X3 [Phyllostomus discolor]	89673
XP_036188104.1	XP_015980370	29.921	381	505	461	72	4.39e-35	141	thyroid hormone receptor beta [Rousettus aegyptiacus]	9407
XP_036188104.1	XP_015980369	29.921	381	505	461	72	4.39e-35	141	thyroid hormone receptor beta [Rousettus aegyptiacus]	9407
XP_036188104.1	XP_015980368	29.921	381	505	461	72	4.39e-35	141	thyroid hormone receptor beta [Rousettus aegyptiacus]	9407
XP_036188104.1	XP_015980367	29.921	381	505	461	72	4.39e-35	141	thyroid hormone receptor beta [Rousettus aegyptiacus]	9407
XP_036188104.1	XP_015980365	29.921	381	505	461	72	4.39e-35	141	thyroid hormone receptor beta [Rousettus aegyptiacus]	9407
XP_036188104.1	XP_015980363	29.921	381	505	461	72	4.39e-35	141	thyroid hormone receptor beta [Rousettus aegyptiacus]	9407
XP_036188104.1	XP_015980366	29.921	381	505	461	72	4.39e-35	141	thyroid hormone receptor beta [Rousettus aegyptiacus]	9407
XP_036188104.1	XP_066208075	29.921	381	505	461	72	4.57e-35	141	thyroid hormone receptor beta isoform X1 [Saccopteryx leptura]	249018
XP_036188104.1	XP_066208074	29.921	381	505	461	72	4.57e-35	141	thyroid hormone receptor beta isoform X1 [Saccopteryx leptura]	249018
XP_036188104.1	XP_066208073	29.921	381	505	461	72	4.57e-35	141	thyroid hormone receptor beta isoform X1 [Saccopteryx leptura]	249018
XP_036188104.1	XP_066208071	29.921	381	505	461	72	4.57e-35	141	thyroid hormone receptor beta isoform X1 [Saccopteryx leptura]	249018
XP_036188104.1	XP_066208070	29.921	381	505	461	72	4.57e-35	141	thyroid hormone receptor beta isoform X1 [Saccopteryx leptura]	249018
XP_036188104.1	XP_066208069	29.921	381	505	461	72	4.57e-35	141	thyroid hormone receptor beta isoform X1 [Saccopteryx leptura]	249018
XP_036188104.1	XP_066208068	29.921	381	505	461	72	4.57e-35	141	thyroid hormone receptor beta isoform X1 [Saccopteryx leptura]	249018
XP_036188104.1	XP_066208067	29.921	381	505	461	72	4.57e-35	141	thyroid hormone receptor beta isoform X1 [Saccopteryx leptura]	249018
XP_036188104.1	XP_066208066	29.921	381	505	461	72	4.57e-35	141	thyroid hormone receptor beta isoform X1 [Saccopteryx leptura]	249018
XP_036188104.1	XP_066208065	29.921	381	505	461	72	4.57e-35	141	thyroid hormone receptor beta isoform X1 [Saccopteryx leptura]	249018
XP_036188104.1	XP_059520069	30.541	370	505	461	72	4.57e-35	141	thyroid hormone receptor beta isoform X2 [Myotis daubentonii]	98922
XP_036188104.1	XP_028388386	29.508	366	505	472	72	4.69e-35	142	bile acid receptor isoform X4 [Phyllostomus discolor]	89673
XP_036188104.1	XP_036313687	29.810	369	505	482	72	4.71e-35	142	bile acid receptor isoform X2 [Pipistrellus kuhlii]	59472
XP_036188104.1	XP_059514429	28.788	396	505	407	74	4.88e-35	140	photoreceptor-specific nuclear receptor isoform X2 [Myotis daubentonii]	98922
XP_036188104.1	XP_036157537	29.443	377	505	505	72	4.88e-35	142	bile acid receptor isoform X1 [Myotis myotis]	51298
XP_036188104.1	XP_014310318	29.921	381	505	461	72	4.90e-35	141	thyroid hormone receptor beta isoform X2 [Myotis lucifugus]	59463
XP_036188104.1	XP_006087675	29.921	381	505	461	72	4.90e-35	141	thyroid hormone receptor beta isoform X2 [Myotis lucifugus]	59463
XP_036188104.1	XP_014310317	29.921	381	505	461	72	4.90e-35	141	thyroid hormone receptor beta isoform X2 [Myotis lucifugus]	59463
XP_036188104.1	XP_036926579	29.921	381	505	461	72	4.90e-35	141	thyroid hormone receptor beta isoform X1 [Sturnira hondurensis]	192404
XP_036188104.1	XP_036926578	29.921	381	505	461	72	4.90e-35	141	thyroid hormone receptor beta isoform X1 [Sturnira hondurensis]	192404
XP_036188104.1	XP_019511272	30.541	370	505	474	72	4.92e-35	142	PREDICTED: thyroid hormone receptor beta isoform X1 [Hipposideros armiger]	186990
XP_036188104.1	XP_080511043	27.295	403	505	449	72	4.96e-35	141	nuclear receptor subfamily 1 group I member 2-like isoform 3 [Plecotus auritus]	61862
XP_036188104.1	XP_053786420	30.541	370	505	461	72	5.00e-35	141	thyroid hormone receptor beta isoform X2 [Desmodus rotundus]	9430
XP_036188104.1	XP_053786419	30.541	370	505	461	72	5.00e-35	141	thyroid hormone receptor beta isoform X2 [Desmodus rotundus]	9430
XP_036188104.1	XP_053786418	30.541	370	505	461	72	5.00e-35	141	thyroid hormone receptor beta isoform X2 [Desmodus rotundus]	9430
XP_036188104.1	XP_045056095	30.541	370	505	461	72	5.00e-35	141	thyroid hormone receptor beta isoform X2 [Desmodus rotundus]	9430
XP_036188104.1	XP_024421479	30.541	370	505	461	72	5.00e-35	141	thyroid hormone receptor beta isoform X2 [Desmodus rotundus]	9430
XP_036188104.1	XP_053786417	30.541	370	505	461	72	5.00e-35	141	thyroid hormone receptor beta isoform X2 [Desmodus rotundus]	9430
XP_036188104.1	XP_053786416	30.541	370	505	461	72	5.00e-35	141	thyroid hormone receptor beta isoform X2 [Desmodus rotundus]	9430
XP_036188104.1	XP_053786415	30.541	370	505	461	72	5.00e-35	141	thyroid hormone receptor beta isoform X2 [Desmodus rotundus]	9430
XP_036188104.1	XP_053786414	30.541	370	505	461	72	5.00e-35	141	thyroid hormone receptor beta isoform X2 [Desmodus rotundus]	9430
XP_036188104.1	XP_066102074	29.921	381	505	461	72	5.00e-35	141	thyroid hormone receptor beta isoform X1 [Saccopteryx bilineata]	59482
XP_036188104.1	XP_066102073	29.921	381	505	461	72	5.00e-35	141	thyroid hormone receptor beta isoform X1 [Saccopteryx bilineata]	59482
XP_036188104.1	XP_066102072	29.921	381	505	461	72	5.00e-35	141	thyroid hormone receptor beta isoform X1 [Saccopteryx bilineata]	59482
XP_036188104.1	XP_066102071	29.921	381	505	461	72	5.00e-35	141	thyroid hormone receptor beta isoform X1 [Saccopteryx bilineata]	59482
XP_036188104.1	XP_066102070	29.921	381	505	461	72	5.00e-35	141	thyroid hormone receptor beta isoform X1 [Saccopteryx bilineata]	59482
XP_036188104.1	XP_066102069	29.921	381	505	461	72	5.00e-35	141	thyroid hormone receptor beta isoform X1 [Saccopteryx bilineata]	59482
XP_036188104.1	XP_066102068	29.921	381	505	461	72	5.00e-35	141	thyroid hormone receptor beta isoform X1 [Saccopteryx bilineata]	59482
XP_036188104.1	XP_066102066	29.921	381	505	461	72	5.00e-35	141	thyroid hormone receptor beta isoform X1 [Saccopteryx bilineata]	59482
XP_036188104.1	XP_066102065	29.921	381	505	461	72	5.00e-35	141	thyroid hormone receptor beta isoform X1 [Saccopteryx bilineata]	59482
XP_036188104.1	XP_066102064	29.921	381	505	461	72	5.00e-35	141	thyroid hormone receptor beta isoform X1 [Saccopteryx bilineata]	59482
XP_036188104.1	XP_080532184	29.921	381	505	461	72	5.05e-35	141	thyroid hormone receptor beta isoform 1 [Plecotus auritus]	61862
XP_036188104.1	XP_080532183	29.921	381	505	461	72	5.05e-35	141	thyroid hormone receptor beta isoform 1 [Plecotus auritus]	61862
XP_036188104.1	XP_028374088	30.541	370	505	461	72	5.10e-35	141	thyroid hormone receptor beta isoform X2 [Phyllostomus discolor]	89673
XP_036188104.1	XP_028374090	30.541	370	505	461	72	5.10e-35	141	thyroid hormone receptor beta isoform X2 [Phyllostomus discolor]	89673
XP_036188104.1	XP_028374085	30.541	370	505	461	72	5.10e-35	141	thyroid hormone receptor beta isoform X2 [Phyllostomus discolor]	89673
XP_036188104.1	XP_035887412	30.541	370	505	461	72	5.10e-35	141	thyroid hormone receptor beta isoform X2 [Phyllostomus discolor]	89673
XP_036188104.1	XP_028374087	30.541	370	505	461	72	5.10e-35	141	thyroid hormone receptor beta isoform X2 [Phyllostomus discolor]	89673
XP_036188104.1	XP_039733928	29.539	369	505	472	72	5.12e-35	141	bile acid receptor isoform X4 [Pteropus medius]	143291
XP_036188104.1	XP_005863716	29.921	381	505	461	72	5.20e-35	141	PREDICTED: thyroid hormone receptor beta isoform X2 [Myotis brandtii]	109478
XP_036188104.1	XP_005863714	29.921	381	505	461	72	5.20e-35	141	PREDICTED: thyroid hormone receptor beta isoform X2 [Myotis brandtii]	109478
XP_036188104.1	XP_005863718	29.921	381	505	461	72	5.20e-35	141	PREDICTED: thyroid hormone receptor beta isoform X2 [Myotis brandtii]	109478
XP_036188104.1	XP_005863715	29.921	381	505	461	72	5.20e-35	141	PREDICTED: thyroid hormone receptor beta isoform X2 [Myotis brandtii]	109478
XP_036188104.1	XP_005863717	29.921	381	505	461	72	5.20e-35	141	PREDICTED: thyroid hormone receptor beta isoform X2 [Myotis brandtii]	109478
XP_036188104.1	XP_014393076	29.921	381	505	461	72	5.20e-35	141	PREDICTED: thyroid hormone receptor beta isoform X2 [Myotis brandtii]	109478
XP_036188104.1	XP_006754719	30.541	370	505	461	72	5.25e-35	141	PREDICTED: thyroid hormone receptor beta isoform X2 [Myotis davidii]	225400
XP_036188104.1	XP_015426406	30.541	370	505	461	72	5.25e-35	141	PREDICTED: thyroid hormone receptor beta isoform X2 [Myotis davidii]	225400
XP_036188104.1	XP_006754718	30.541	370	505	461	72	5.25e-35	141	PREDICTED: thyroid hormone receptor beta isoform X2 [Myotis davidii]	225400
XP_036188104.1	XP_006754717	30.541	370	505	461	72	5.25e-35	141	PREDICTED: thyroid hormone receptor beta isoform X2 [Myotis davidii]	225400
XP_036188104.1	XP_045712614	30.541	370	505	461	72	5.25e-35	141	thyroid hormone receptor beta isoform X2 [Phyllostomus hastatus]	9423
XP_036188104.1	XP_045712613	30.541	370	505	461	72	5.25e-35	141	thyroid hormone receptor beta isoform X2 [Phyllostomus hastatus]	9423
XP_036188104.1	XP_028375100	59.406	101	505	610	52	5.28e-35	143	nuclear receptor subfamily 1 group D member 1 [Phyllostomus discolor]	89673
XP_036188104.1	XP_028375100	37.423	163	505	610	52	5.85e-21	102	nuclear receptor subfamily 1 group D member 1 [Phyllostomus discolor]	89673
XP_036188104.1	XP_054564051	29.921	381	505	461	72	5.36e-35	141	thyroid hormone receptor beta isoform X1 [Eptesicus fuscus]	29078
XP_036188104.1	XP_054564050	29.921	381	505	461	72	5.36e-35	141	thyroid hormone receptor beta isoform X1 [Eptesicus fuscus]	29078
XP_036188104.1	XP_054564049	29.921	381	505	461	72	5.36e-35	141	thyroid hormone receptor beta isoform X1 [Eptesicus fuscus]	29078
XP_036188104.1	XP_027985799	29.921	381	505	461	72	5.36e-35	141	thyroid hormone receptor beta isoform X1 [Eptesicus fuscus]	29078
XP_036188104.1	XP_027985808	29.921	381	505	461	72	5.36e-35	141	thyroid hormone receptor beta isoform X1 [Eptesicus fuscus]	29078
XP_036188104.1	XP_079651055	29.921	381	505	461	72	5.36e-35	141	thyroid hormone receptor beta isoform 1 [Cnephaeus nilssonii]	3371016
XP_036188104.1	XP_079651054	29.921	381	505	461	72	5.36e-35	141	thyroid hormone receptor beta isoform 1 [Cnephaeus nilssonii]	3371016
XP_036188104.1	XP_079651053	29.921	381	505	461	72	5.36e-35	141	thyroid hormone receptor beta isoform 1 [Cnephaeus nilssonii]	3371016
XP_036188104.1	XP_079651052	29.921	381	505	461	72	5.36e-35	141	thyroid hormone receptor beta isoform 1 [Cnephaeus nilssonii]	3371016
XP_036188104.1	XP_079651051	29.921	381	505	461	72	5.36e-35	141	thyroid hormone receptor beta isoform 1 [Cnephaeus nilssonii]	3371016
XP_036188104.1	XP_079651050	29.921	381	505	461	72	5.36e-35	141	thyroid hormone receptor beta isoform 1 [Cnephaeus nilssonii]	3371016
XP_036188104.1	XP_079651049	29.921	381	505	461	72	5.36e-35	141	thyroid hormone receptor beta isoform 1 [Cnephaeus nilssonii]	3371016
XP_036188104.1	XP_079651045	29.921	381	505	461	72	5.36e-35	141	thyroid hormone receptor beta isoform 1 [Cnephaeus nilssonii]	3371016
XP_036188104.1	XP_070289420	30.541	370	505	461	72	5.41e-35	141	thyroid hormone receptor beta isoform X1 [Myotis yumanensis]	159337
XP_036188104.1	XP_070289419	30.541	370	505	461	72	5.41e-35	141	thyroid hormone receptor beta isoform X1 [Myotis yumanensis]	159337
XP_036188104.1	XP_070289418	30.541	370	505	461	72	5.41e-35	141	thyroid hormone receptor beta isoform X1 [Myotis yumanensis]	159337
XP_036188104.1	XP_070289417	30.541	370	505	461	72	5.41e-35	141	thyroid hormone receptor beta isoform X1 [Myotis yumanensis]	159337
XP_036188104.1	XP_070289416	30.541	370	505	461	72	5.41e-35	141	thyroid hormone receptor beta isoform X1 [Myotis yumanensis]	159337
XP_036188104.1	XP_070289415	30.541	370	505	461	72	5.41e-35	141	thyroid hormone receptor beta isoform X1 [Myotis yumanensis]	159337
XP_036188104.1	XP_070289414	30.541	370	505	461	72	5.41e-35	141	thyroid hormone receptor beta isoform X1 [Myotis yumanensis]	159337
XP_036188104.1	XP_016054276	29.921	381	505	461	72	5.46e-35	141	PREDICTED: thyroid hormone receptor beta isoform X2 [Miniopterus natalensis]	291302
XP_036188104.1	XP_016054275	29.921	381	505	461	72	5.46e-35	141	PREDICTED: thyroid hormone receptor beta isoform X2 [Miniopterus natalensis]	291302
XP_036188104.1	XP_036123136	29.921	381	505	461	72	5.46e-35	141	thyroid hormone receptor beta isoform X2 [Molossus molossus]	27622
XP_036188104.1	XP_036123135	29.921	381	505	461	72	5.46e-35	141	thyroid hormone receptor beta isoform X2 [Molossus molossus]	27622
XP_036188104.1	XP_081015676	29.921	381	505	461	72	5.46e-35	141	thyroid hormone receptor beta isoform 1 [Miniopterus schreibersii]	9433
XP_036188104.1	XP_081015675	29.921	381	505	461	72	5.46e-35	141	thyroid hormone receptor beta isoform 1 [Miniopterus schreibersii]	9433
XP_036188104.1	XP_081015674	29.921	381	505	461	72	5.46e-35	141	thyroid hormone receptor beta isoform 1 [Miniopterus schreibersii]	9433
XP_036188104.1	XP_081015673	29.921	381	505	461	72	5.46e-35	141	thyroid hormone receptor beta isoform 1 [Miniopterus schreibersii]	9433
XP_036188104.1	XP_081015672	29.921	381	505	461	72	5.46e-35	141	thyroid hormone receptor beta isoform 1 [Miniopterus schreibersii]	9433
XP_036188104.1	XP_080929551	29.921	381	505	460	72	5.49e-35	141	thyroid hormone receptor beta isoform 3 [Rhinolophus hipposideros]	77218
XP_036188104.1	XP_080929550	29.921	381	505	460	72	5.49e-35	141	thyroid hormone receptor beta isoform 3 [Rhinolophus hipposideros]	77218
XP_036188104.1	XP_080929549	29.921	381	505	460	72	5.49e-35	141	thyroid hormone receptor beta isoform 3 [Rhinolophus hipposideros]	77218
XP_036188104.1	XP_080929548	29.921	381	505	460	72	5.49e-35	141	thyroid hormone receptor beta isoform 3 [Rhinolophus hipposideros]	77218
XP_036188104.1	XP_080929547	29.921	381	505	460	72	5.49e-35	141	thyroid hormone receptor beta isoform 3 [Rhinolophus hipposideros]	77218
XP_036188104.1	XP_080929546	29.921	381	505	460	72	5.49e-35	141	thyroid hormone receptor beta isoform 3 [Rhinolophus hipposideros]	77218
XP_036188104.1	XP_080929545	29.921	381	505	460	72	5.49e-35	141	thyroid hormone receptor beta isoform 3 [Rhinolophus hipposideros]	77218
XP_036188104.1	XP_028388385	30.328	366	505	482	72	5.51e-35	142	bile acid receptor isoform X2 [Phyllostomus discolor]	89673
XP_036188104.1	XP_036188655	30.541	370	505	461	72	5.52e-35	141	thyroid hormone receptor beta isoform X2 [Myotis myotis]	51298
XP_036188104.1	XP_036188654	30.541	370	505	461	72	5.52e-35	141	thyroid hormone receptor beta isoform X2 [Myotis myotis]	51298
XP_036188104.1	XP_080961931	30.541	370	505	461	72	5.52e-35	141	thyroid hormone receptor beta isoform 1 [Myotis nattereri]	109481
XP_036188104.1	XP_080961930	30.541	370	505	461	72	5.52e-35	141	thyroid hormone receptor beta isoform 1 [Myotis nattereri]	109481
XP_036188104.1	XP_080961929	30.541	370	505	461	72	5.52e-35	141	thyroid hormone receptor beta isoform 1 [Myotis nattereri]	109481
XP_036188104.1	XP_080961928	30.541	370	505	461	72	5.52e-35	141	thyroid hormone receptor beta isoform 1 [Myotis nattereri]	109481
XP_036188104.1	XP_080516763	29.810	369	505	482	72	5.57e-35	142	bile acid receptor isoform 2 [Plecotus auritus]	61862
XP_036188104.1	XP_036287512	29.921	381	505	461	72	5.63e-35	141	thyroid hormone receptor beta isoform X2 [Pipistrellus kuhlii]	59472
XP_036188104.1	XP_054451348	29.921	381	505	461	72	5.68e-35	141	thyroid hormone receptor beta isoform X1 [Pteronotus mesoamericanus]	1884717
XP_036188104.1	XP_054451347	29.921	381	505	461	72	5.68e-35	141	thyroid hormone receptor beta isoform X1 [Pteronotus mesoamericanus]	1884717
XP_036188104.1	XP_054451346	29.921	381	505	461	72	5.68e-35	141	thyroid hormone receptor beta isoform X1 [Pteronotus mesoamericanus]	1884717
XP_036188104.1	XP_054451345	29.921	381	505	461	72	5.68e-35	141	thyroid hormone receptor beta isoform X1 [Pteronotus mesoamericanus]	1884717
XP_036188104.1	XP_054451343	29.921	381	505	461	72	5.68e-35	141	thyroid hormone receptor beta isoform X1 [Pteronotus mesoamericanus]	1884717
XP_036188104.1	XP_054451342	29.921	381	505	461	72	5.68e-35	141	thyroid hormone receptor beta isoform X1 [Pteronotus mesoamericanus]	1884717
XP_036188104.1	XP_053525090	29.921	381	505	461	72	5.68e-35	141	thyroid hormone receptor beta isoform X1 [Artibeus jamaicensis]	9417
XP_036188104.1	XP_053525089	29.921	381	505	461	72	5.68e-35	141	thyroid hormone receptor beta isoform X1 [Artibeus jamaicensis]	9417
XP_036188104.1	XP_053525088	29.921	381	505	461	72	5.68e-35	141	thyroid hormone receptor beta isoform X1 [Artibeus jamaicensis]	9417
XP_036188104.1	XP_036999895	29.921	381	505	461	72	5.68e-35	141	thyroid hormone receptor beta isoform X1 [Artibeus jamaicensis]	9417
XP_036188104.1	XP_053525087	29.921	381	505	461	72	5.68e-35	141	thyroid hormone receptor beta isoform X1 [Artibeus jamaicensis]	9417
XP_036188104.1	XP_036999892	29.921	381	505	461	72	5.68e-35	141	thyroid hormone receptor beta isoform X1 [Artibeus jamaicensis]	9417
XP_036188104.1	XP_036999893	29.921	381	505	461	72	5.68e-35	141	thyroid hormone receptor beta isoform X1 [Artibeus jamaicensis]	9417
XP_036188104.1	XP_036999894	29.921	381	505	461	72	5.68e-35	141	thyroid hormone receptor beta isoform X1 [Artibeus jamaicensis]	9417
XP_036188104.1	XP_036999890	29.921	381	505	461	72	5.68e-35	141	thyroid hormone receptor beta isoform X1 [Artibeus jamaicensis]	9417
XP_036188104.1	XP_053525086	29.921	381	505	461	72	5.68e-35	141	thyroid hormone receptor beta isoform X1 [Artibeus jamaicensis]	9417
XP_036188104.1	XP_053525085	29.921	381	505	461	72	5.68e-35	141	thyroid hormone receptor beta isoform X1 [Artibeus jamaicensis]	9417
XP_036188104.1	XP_053525084	29.921	381	505	461	72	5.68e-35	141	thyroid hormone receptor beta isoform X1 [Artibeus jamaicensis]	9417
XP_036188104.1	XP_053525083	29.921	381	505	461	72	5.68e-35	141	thyroid hormone receptor beta isoform X1 [Artibeus jamaicensis]	9417
XP_036188104.1	XP_053525082	29.921	381	505	461	72	5.68e-35	141	thyroid hormone receptor beta isoform X1 [Artibeus jamaicensis]	9417
XP_036188104.1	XP_014393078	29.921	381	505	460	72	5.71e-35	141	PREDICTED: thyroid hormone receptor beta isoform X3 [Myotis brandtii]	109478
XP_036188104.1	XP_036188653	30.541	370	505	479	72	5.78e-35	141	thyroid hormone receptor beta isoform X1 [Myotis myotis]	51298
XP_036188104.1	XP_036188657	29.921	381	505	460	72	5.88e-35	141	thyroid hormone receptor beta isoform X3 [Myotis myotis]	51298
XP_036188104.1	XP_036889196	58.416	101	505	611	56	5.98e-35	143	nuclear receptor subfamily 1 group D member 1 isoform X2 [Sturnira hondurensis]	192404
XP_036188104.1	XP_036889196	34.314	204	505	611	56	2.04e-21	103	nuclear receptor subfamily 1 group D member 1 isoform X2 [Sturnira hondurensis]	192404
XP_036188104.1	XP_080929544	29.921	381	505	482	72	6.03e-35	141	thyroid hormone receptor beta isoform 2 [Rhinolophus hipposideros]	77218
XP_036188104.1	XP_019511283	29.921	381	505	461	72	6.03e-35	141	PREDICTED: thyroid hormone receptor beta isoform X2 [Hipposideros armiger]	186990
XP_036188104.1	XP_019511282	29.921	381	505	461	72	6.03e-35	141	PREDICTED: thyroid hormone receptor beta isoform X2 [Hipposideros armiger]	186990
XP_036188104.1	XP_019511281	29.921	381	505	461	72	6.03e-35	141	PREDICTED: thyroid hormone receptor beta isoform X2 [Hipposideros armiger]	186990
XP_036188104.1	XP_019511280	29.921	381	505	461	72	6.03e-35	141	PREDICTED: thyroid hormone receptor beta isoform X2 [Hipposideros armiger]	186990
XP_036188104.1	XP_019511279	29.921	381	505	461	72	6.03e-35	141	PREDICTED: thyroid hormone receptor beta isoform X2 [Hipposideros armiger]	186990
XP_036188104.1	XP_019511278	29.921	381	505	461	72	6.03e-35	141	PREDICTED: thyroid hormone receptor beta isoform X2 [Hipposideros armiger]	186990
XP_036188104.1	XP_019511277	29.921	381	505	461	72	6.03e-35	141	PREDICTED: thyroid hormone receptor beta isoform X2 [Hipposideros armiger]	186990
XP_036188104.1	XP_019511276	29.921	381	505	461	72	6.03e-35	141	PREDICTED: thyroid hormone receptor beta isoform X2 [Hipposideros armiger]	186990
XP_036188104.1	XP_019511274	29.921	381	505	461	72	6.03e-35	141	PREDICTED: thyroid hormone receptor beta isoform X2 [Hipposideros armiger]	186990
XP_036188104.1	XP_019511273	29.921	381	505	461	72	6.03e-35	141	PREDICTED: thyroid hormone receptor beta isoform X2 [Hipposideros armiger]	186990
XP_036188104.1	XP_032988057	29.921	381	505	461	72	6.03e-35	141	thyroid hormone receptor beta isoform X3 [Rhinolophus ferrumequinum]	59479
XP_036188104.1	XP_032988056	29.921	381	505	461	72	6.03e-35	141	thyroid hormone receptor beta isoform X3 [Rhinolophus ferrumequinum]	59479
XP_036188104.1	XP_032988053	29.921	381	505	461	72	6.03e-35	141	thyroid hormone receptor beta isoform X3 [Rhinolophus ferrumequinum]	59479
XP_036188104.1	XP_032988052	29.921	381	505	461	72	6.03e-35	141	thyroid hormone receptor beta isoform X3 [Rhinolophus ferrumequinum]	59479
XP_036188104.1	XP_032988051	29.921	381	505	461	72	6.03e-35	141	thyroid hormone receptor beta isoform X3 [Rhinolophus ferrumequinum]	59479
XP_036188104.1	XP_032988050	29.921	381	505	461	72	6.03e-35	141	thyroid hormone receptor beta isoform X3 [Rhinolophus ferrumequinum]	59479
XP_036188104.1	XP_032988049	29.921	381	505	461	72	6.03e-35	141	thyroid hormone receptor beta isoform X3 [Rhinolophus ferrumequinum]	59479
XP_036188104.1	XP_032988048	29.921	381	505	461	72	6.03e-35	141	thyroid hormone receptor beta isoform X3 [Rhinolophus ferrumequinum]	59479
XP_036188104.1	XP_032988047	29.921	381	505	461	72	6.03e-35	141	thyroid hormone receptor beta isoform X3 [Rhinolophus ferrumequinum]	59479
XP_036188104.1	XP_032988046	29.921	381	505	461	72	6.03e-35	141	thyroid hormone receptor beta isoform X3 [Rhinolophus ferrumequinum]	59479
XP_036188104.1	XP_032988045	29.921	381	505	461	72	6.03e-35	141	thyroid hormone receptor beta isoform X3 [Rhinolophus ferrumequinum]	59479
XP_036188104.1	XP_032988044	29.921	381	505	461	72	6.03e-35	141	thyroid hormone receptor beta isoform X3 [Rhinolophus ferrumequinum]	59479
XP_036188104.1	XP_074168863	29.921	381	505	461	72	6.09e-35	141	thyroid hormone receptor beta isoform X4 [Rhinolophus sinicus]	89399
XP_036188104.1	XP_074168862	29.921	381	505	461	72	6.09e-35	141	thyroid hormone receptor beta isoform X4 [Rhinolophus sinicus]	89399
XP_036188104.1	XP_074168861	29.921	381	505	461	72	6.09e-35	141	thyroid hormone receptor beta isoform X4 [Rhinolophus sinicus]	89399
XP_036188104.1	XP_074168860	29.921	381	505	461	72	6.09e-35	141	thyroid hormone receptor beta isoform X4 [Rhinolophus sinicus]	89399
XP_036188104.1	XP_074168859	29.921	381	505	461	72	6.09e-35	141	thyroid hormone receptor beta isoform X4 [Rhinolophus sinicus]	89399
XP_036188104.1	XP_074168858	29.921	381	505	461	72	6.09e-35	141	thyroid hormone receptor beta isoform X4 [Rhinolophus sinicus]	89399
XP_036188104.1	XP_019600798	29.921	381	505	461	72	6.09e-35	141	thyroid hormone receptor beta isoform X4 [Rhinolophus sinicus]	89399
XP_036188104.1	XP_074168856	29.921	381	505	461	72	6.09e-35	141	thyroid hormone receptor beta isoform X4 [Rhinolophus sinicus]	89399
XP_036188104.1	XP_019600797	29.921	381	505	461	72	6.09e-35	141	thyroid hormone receptor beta isoform X4 [Rhinolophus sinicus]	89399
XP_036188104.1	XP_019600796	29.921	381	505	461	72	6.09e-35	141	thyroid hormone receptor beta isoform X4 [Rhinolophus sinicus]	89399
XP_036188104.1	XP_074168855	29.921	381	505	461	72	6.09e-35	141	thyroid hormone receptor beta isoform X4 [Rhinolophus sinicus]	89399
XP_036188104.1	XP_019600795	29.921	381	505	461	72	6.09e-35	141	thyroid hormone receptor beta isoform X4 [Rhinolophus sinicus]	89399
XP_036188104.1	XP_011384966	29.539	369	505	472	72	6.12e-35	141	bile acid receptor isoform X4 [Pteropus vampyrus]	132908
XP_036188104.1	XP_059520068	29.921	381	505	460	72	6.12e-35	141	thyroid hormone receptor beta isoform X1 [Myotis daubentonii]	98922
XP_036188104.1	XP_036985607	59.406	101	505	611	56	6.27e-35	143	nuclear receptor subfamily 1 group D member 1 [Artibeus jamaicensis]	9417
XP_036188104.1	XP_036985607	34.483	203	505	611	56	3.07e-21	102	nuclear receptor subfamily 1 group D member 1 [Artibeus jamaicensis]	9417
XP_036188104.1	XP_032988041	29.921	381	505	483	72	6.42e-35	141	thyroid hormone receptor beta isoform X1 [Rhinolophus ferrumequinum]	59479
XP_036188104.1	XP_074168853	29.921	381	505	502	72	6.49e-35	142	thyroid hormone receptor beta isoform X1 [Rhinolophus sinicus]	89399
XP_036188104.1	XP_036287513	29.921	381	505	460	72	7.03e-35	141	thyroid hormone receptor beta isoform X3 [Pipistrellus kuhlii]	59472
XP_036188104.1	XP_024435121	29.508	366	505	482	72	7.12e-35	141	bile acid receptor isoform X4 [Desmodus rotundus]	9430
XP_036188104.1	XP_054430620	29.315	365	505	482	72	7.12e-35	141	bile acid receptor isoform X6 [Pteronotus mesoamericanus]	1884717
XP_036188104.1	XP_074168854	29.921	381	505	483	72	7.15e-35	141	thyroid hormone receptor beta isoform X2 [Rhinolophus sinicus]	89399
XP_036188104.1	XP_015426409	29.921	381	505	460	72	7.31e-35	141	PREDICTED: thyroid hormone receptor beta isoform X3 [Myotis davidii]	225400
XP_036188104.1	XP_036287511	29.921	381	505	479	72	7.54e-35	141	thyroid hormone receptor beta isoform X1 [Pipistrellus kuhlii]	59472
XP_036188104.1	XP_036287510	29.921	381	505	479	72	7.54e-35	141	thyroid hormone receptor beta isoform X1 [Pipistrellus kuhlii]	59472
XP_036188104.1	XP_036889195	58.416	101	505	614	56	7.78e-35	143	nuclear receptor subfamily 1 group D member 1 isoform X1 [Sturnira hondurensis]	192404
XP_036188104.1	XP_036889195	34.314	204	505	614	56	2.19e-21	103	nuclear receptor subfamily 1 group D member 1 isoform X1 [Sturnira hondurensis]	192404
XP_036188104.1	XP_080929535	29.921	381	505	492	72	8.17e-35	141	thyroid hormone receptor beta isoform 1 [Rhinolophus hipposideros]	77218
XP_036188104.1	XP_036923789	29.551	379	505	486	72	8.31e-35	141	bile acid receptor isoform X1 [Sturnira hondurensis]	192404
XP_036188104.1	XP_016056550	28.642	405	505	427	72	8.33e-35	140	PREDICTED: vitamin D3 receptor [Miniopterus natalensis]	291302
XP_036188104.1	XP_066213003	29.620	368	505	476	72	8.54e-35	141	bile acid receptor isoform X3 [Saccopteryx leptura]	249018
XP_036188104.1	XP_066212997	29.620	368	505	476	72	8.54e-35	141	bile acid receptor isoform X3 [Saccopteryx leptura]	249018
XP_036188104.1	XP_066212987	29.620	368	505	476	72	8.54e-35	141	bile acid receptor isoform X3 [Saccopteryx leptura]	249018
XP_036188104.1	XP_066212979	29.620	368	505	476	72	8.54e-35	141	bile acid receptor isoform X3 [Saccopteryx leptura]	249018
XP_036188104.1	XP_066118640	29.620	368	505	476	72	8.54e-35	141	bile acid receptor isoform X3 [Saccopteryx bilineata]	59482
XP_036188104.1	XP_066118630	29.620	368	505	476	72	8.54e-35	141	bile acid receptor isoform X3 [Saccopteryx bilineata]	59482
XP_036188104.1	XP_066118622	29.620	368	505	476	72	8.54e-35	141	bile acid receptor isoform X3 [Saccopteryx bilineata]	59482
XP_036188104.1	XP_045712612	29.921	381	505	480	72	8.69e-35	141	thyroid hormone receptor beta isoform X1 [Phyllostomus hastatus]	9423
XP_036188104.1	XP_011384954	29.539	369	505	482	72	8.76e-35	141	bile acid receptor isoform X2 [Pteropus vampyrus]	132908
XP_036188104.1	XP_039733926	29.539	369	505	482	72	8.85e-35	141	bile acid receptor isoform X2 [Pteropus medius]	143291
XP_036188104.1	XP_035884374	28.392	398	505	401	74	8.90e-35	139	photoreceptor-specific nuclear receptor isoform X2 [Phyllostomus discolor]	89673
XP_036188104.1	XP_066118604	29.620	368	505	486	72	9.54e-35	141	bile acid receptor isoform X1 [Saccopteryx bilineata]	59482
XP_036188104.1	XP_015975806	29.076	368	505	472	72	9.54e-35	140	bile acid receptor isoform X4 [Rousettus aegyptiacus]	9407
XP_036188104.1	XP_015975795	29.076	368	505	472	72	9.54e-35	140	bile acid receptor isoform X4 [Rousettus aegyptiacus]	9407
XP_036188104.1	XP_066212965	29.620	368	505	486	72	9.73e-35	141	bile acid receptor isoform X1 [Saccopteryx leptura]	249018
XP_036188104.1	XP_080985930	28.642	405	505	468	72	9.74e-35	140	vitamin D3 receptor isoform 1 [Miniopterus schreibersii]	9433
XP_036188104.1	XP_080985932	28.642	405	505	427	72	9.77e-35	140	vitamin D3 receptor isoform 2 [Miniopterus schreibersii]	9433
XP_036188104.1	XP_080985931	28.642	405	505	427	72	9.77e-35	140	vitamin D3 receptor isoform 2 [Miniopterus schreibersii]	9433
XP_036188104.1	XP_081018132	59.406	101	505	629	42	1.02e-34	143	nuclear receptor subfamily 1 group D member 1 [Miniopterus schreibersii]	9433
XP_036188104.1	XP_081018132	35.156	128	505	629	42	3.40e-13	77.8	nuclear receptor subfamily 1 group D member 1 [Miniopterus schreibersii]	9433
XP_036188104.1	XP_006913279	29.426	401	505	476	77	1.10e-34	140	COUP transcription factor 1 [Pteropus alecto]	9402
XP_036188104.1	XP_036923791	28.804	368	505	476	72	1.19e-34	140	bile acid receptor isoform X3 [Sturnira hondurensis]	192404
XP_036188104.1	XP_037016724	29.235	366	505	472	72	1.20e-34	140	bile acid receptor isoform X4 [Artibeus jamaicensis]	9417
XP_036188104.1	XP_079655297	59.406	101	505	611	56	1.36e-34	142	nuclear receptor subfamily 1 group D member 1 [Cnephaeus nilssonii]	3371016
XP_036188104.1	XP_079655297	34.804	204	505	611	56	1.58e-22	106	nuclear receptor subfamily 1 group D member 1 [Cnephaeus nilssonii]	3371016
XP_036188104.1	XP_015975746	29.076	368	505	482	72	1.39e-34	140	bile acid receptor isoform X2 [Rousettus aegyptiacus]	9407
XP_036188104.1	XP_080537279	59.406	101	505	564	45	1.44e-34	142	nuclear receptor subfamily 1 group D member 1 [Plecotus auritus]	61862
XP_036188104.1	XP_080537279	33.108	148	505	564	45	2.52e-13	78.2	nuclear receptor subfamily 1 group D member 1 [Plecotus auritus]	61862
XP_036188104.1	XP_045682435	29.781	366	505	472	72	1.47e-34	140	bile acid receptor isoform X4 [Phyllostomus hastatus]	9423
XP_036188104.1	XP_037016722	29.235	366	505	482	72	1.63e-34	140	bile acid receptor isoform X2 [Artibeus jamaicensis]	9417
XP_036188104.1	XP_006774392	59.406	101	505	611	56	1.67e-34	142	PREDICTED: nuclear receptor subfamily 1 group D member 1 [Myotis davidii]	225400
XP_036188104.1	XP_006774392	34.804	204	505	611	56	1.81e-22	106	PREDICTED: nuclear receptor subfamily 1 group D member 1 [Myotis davidii]	225400
XP_036188104.1	XP_011367220	29.155	367	505	466	70	1.76e-34	140	bile acid receptor-like [Pteropus vampyrus]	132908
XP_036188104.1	XP_006100883	59.406	101	505	610	56	1.77e-34	142	nuclear receptor subfamily 1 group D member 1 [Myotis lucifugus]	59463
XP_036188104.1	XP_006100883	34.804	204	505	610	56	1.82e-22	106	nuclear receptor subfamily 1 group D member 1 [Myotis lucifugus]	59463
XP_036188104.1	XP_054565405	59.406	101	505	564	46	1.82e-34	141	nuclear receptor subfamily 1 group D member 1 [Eptesicus fuscus]	29078
XP_036188104.1	XP_054565405	33.557	149	505	564	46	8.97e-14	79.3	nuclear receptor subfamily 1 group D member 1 [Eptesicus fuscus]	29078
XP_036188104.1	XP_070262368	27.047	403	505	422	72	1.88e-34	139	LOW QUALITY PROTEIN: nuclear receptor subfamily 1 group I member 2 [Myotis yumanensis]	159337
XP_036188104.1	XP_080965097	59.406	101	505	570	46	1.91e-34	141	nuclear receptor subfamily 1 group D member 1 [Myotis nattereri]	109481
XP_036188104.1	XP_080965097	31.847	157	505	570	46	2.57e-11	71.6	nuclear receptor subfamily 1 group D member 1 [Myotis nattereri]	109481
XP_036188104.1	XP_054421049	27.865	384	505	484	70	2.02e-34	140	bile acid receptor-like [Pteronotus mesoamericanus]	1884717
XP_036188104.1	XP_054421048	27.865	384	505	484	70	2.02e-34	140	bile acid receptor-like [Pteronotus mesoamericanus]	1884717
XP_036188104.1	XP_045682433	29.589	365	505	482	72	2.04e-34	140	bile acid receptor isoform X2 [Phyllostomus hastatus]	9423
XP_036188104.1	XP_036195423	59.406	101	505	573	46	2.20e-34	141	nuclear receptor subfamily 1 group D member 1 [Myotis myotis]	51298
XP_036188104.1	XP_036195423	31.847	157	505	573	46	2.72e-11	71.6	nuclear receptor subfamily 1 group D member 1 [Myotis myotis]	51298
XP_036188104.1	XP_006914624	29.268	369	505	472	72	2.48e-34	139	bile acid receptor isoform X4 [Pteropus alecto]	9402
XP_036188104.1	XP_059534171	28.610	374	505	410	71	2.59e-34	138	COUP transcription factor 2 isoform X1 [Myotis daubentonii]	98922
XP_036188104.1	XP_036211583	28.610	374	505	410	71	2.59e-34	138	COUP transcription factor 2 isoform X2 [Myotis myotis]	51298
XP_036188104.1	XP_080970882	28.610	374	505	410	71	2.59e-34	138	COUP transcription factor 2 isoform 2 [Myotis nattereri]	109481
XP_036188104.1	XP_066210827	29.679	374	505	415	71	2.79e-34	138	COUP transcription factor 2 isoform X1 [Saccopteryx leptura]	249018
XP_036188104.1	XP_066096310	29.679	374	505	415	71	2.79e-34	138	COUP transcription factor 2 isoform X2 [Saccopteryx bilineata]	59482
XP_036188104.1	XP_019493404	29.679	374	505	414	71	2.80e-34	138	PREDICTED: COUP transcription factor 2 isoform X1 [Hipposideros armiger]	186990
XP_036188104.1	XP_032955919	29.679	374	505	414	71	2.80e-34	138	COUP transcription factor 2 isoform X1 [Rhinolophus ferrumequinum]	59479
XP_036188104.1	XP_036134001	29.679	374	505	414	71	2.80e-34	138	COUP transcription factor 2 isoform X1 [Molossus molossus]	27622
XP_036188104.1	XP_015997319	29.679	374	505	414	71	2.80e-34	138	COUP transcription factor 2 isoform X1 [Rousettus aegyptiacus]	9407
XP_036188104.1	XP_080980914	29.679	374	505	414	71	2.80e-34	138	COUP transcription factor 2 isoform 1 [Miniopterus schreibersii]	9433
XP_036188104.1	XP_080897698	29.679	374	505	414	71	2.80e-34	138	COUP transcription factor 2 isoform 1 [Rhinolophus hipposideros]	77218
XP_036188104.1	XP_019582240	29.679	374	505	414	71	2.80e-34	138	COUP transcription factor 2 isoform X1 [Rhinolophus sinicus]	89399
XP_036188104.1	XP_036267724	28.610	374	505	416	71	2.81e-34	138	COUP transcription factor 2 isoform X1 [Pipistrellus kuhlii]	59472
XP_036188104.1	XP_005882888	28.429	401	505	407	75	2.97e-34	138	PREDICTED: photoreceptor-specific nuclear receptor isoform X1 [Myotis brandtii]	109478
XP_036188104.1	XP_070256684	29.679	374	505	414	71	3.09e-34	138	COUP transcription factor 2 isoform X1 [Myotis yumanensis]	159337
XP_036188104.1	XP_080507952	29.679	374	505	414	71	3.09e-34	138	COUP transcription factor 2 isoform 1 [Plecotus auritus]	61862
XP_036188104.1	XP_045052471	29.679	374	505	411	71	3.15e-34	138	COUP transcription factor 2 isoform X1 [Desmodus rotundus]	9430
XP_036188104.1	XP_054417924	29.679	374	505	411	71	3.15e-34	138	COUP transcription factor 2 isoform X1 [Pteronotus mesoamericanus]	1884717
XP_036188104.1	XP_037000987	29.679	374	505	411	71	3.15e-34	138	COUP transcription factor 2 isoform X1 [Artibeus jamaicensis]	9417
XP_036188104.1	XP_045680945	29.679	374	505	411	71	3.15e-34	138	COUP transcription factor 2 isoform X1 [Phyllostomus hastatus]	9423
XP_036188104.1	XP_028357984	29.679	374	505	411	71	3.15e-34	138	COUP transcription factor 2 isoform X1 [Phyllostomus discolor]	89673
XP_036188104.1	XP_036909600	29.679	374	505	411	71	3.15e-34	138	COUP transcription factor 2 isoform X2 [Sturnira hondurensis]	192404
XP_036188104.1	XP_059526903	60.204	98	505	611	56	3.17e-34	141	nuclear receptor subfamily 1 group D member 1 [Myotis daubentonii]	98922
XP_036188104.1	XP_059526903	34.804	204	505	611	56	1.67e-22	106	nuclear receptor subfamily 1 group D member 1 [Myotis daubentonii]	98922
XP_036188104.1	XP_054569290	29.679	374	505	416	71	3.57e-34	138	COUP transcription factor 2 isoform X1 [Eptesicus fuscus]	29078
XP_036188104.1	XP_070251497	59.406	101	505	613	45	3.58e-34	141	nuclear receptor subfamily 1 group D member 1 [Myotis yumanensis]	159337
XP_036188104.1	XP_070251497	33.108	148	505	613	45	4.18e-13	77.4	nuclear receptor subfamily 1 group D member 1 [Myotis yumanensis]	159337
XP_036188104.1	XP_036923790	29.551	379	505	482	72	3.65e-34	139	bile acid receptor isoform X2 [Sturnira hondurensis]	192404
XP_036188104.1	XP_079649373	29.177	401	505	422	77	3.65e-34	138	LOW QUALITY PROTEIN: COUP transcription factor 1 [Cnephaeus nilssonii]	3371016
XP_036188104.1	XP_036263743	59.406	101	505	579	45	3.67e-34	140	nuclear receptor subfamily 1 group D member 1 [Pipistrellus kuhlii]	59472
XP_036188104.1	XP_036263743	33.784	148	505	579	45	2.19e-13	78.2	nuclear receptor subfamily 1 group D member 1 [Pipistrellus kuhlii]	59472
XP_036188104.1	XP_039699038	27.273	407	505	423	73	3.67e-34	138	nuclear receptor subfamily 1 group I member 2 isoform X1 [Pteropus medius]	143291
XP_036188104.1	XP_014391704	59.406	101	505	611	45	3.73e-34	141	PREDICTED: nuclear receptor subfamily 1 group D member 1 [Myotis brandtii]	109478
XP_036188104.1	XP_014391704	33.108	148	505	611	45	4.02e-13	77.4	PREDICTED: nuclear receptor subfamily 1 group D member 1 [Myotis brandtii]	109478
XP_036188104.1	XP_014310567	28.429	401	505	468	75	3.76e-34	139	photoreceptor-specific nuclear receptor [Myotis lucifugus]	59463
XP_036188104.1	XP_079620132	29.679	374	505	420	71	3.82e-34	138	COUP transcription factor 2 isoform 1 [Cnephaeus nilssonii]	3371016
XP_036188104.1	XP_079620131	29.679	374	505	420	71	3.82e-34	138	COUP transcription factor 2 isoform 1 [Cnephaeus nilssonii]	3371016
XP_036188104.1	XP_006914622	29.268	369	505	482	72	4.19e-34	139	bile acid receptor isoform X2 [Pteropus alecto]	9402
XP_036188104.1	XP_014321682	28.155	412	505	527	72	4.46e-34	140	retinoic acid receptor alpha [Myotis lucifugus]	59463
XP_036188104.1	XP_036923792	29.737	380	505	472	72	4.62e-34	139	bile acid receptor isoform X4 [Sturnira hondurensis]	192404
XP_036188104.1	XP_059543726	27.000	400	505	422	72	4.63e-34	138	LOW QUALITY PROTEIN: nuclear receptor subfamily 1 group I member 2 [Myotis daubentonii]	98922
XP_036188104.1	XP_066134062	26.914	405	505	402	74	4.66e-34	137	photoreceptor-specific nuclear receptor [Saccopteryx bilineata]	59482
XP_036188104.1	XP_054430615	28.093	388	505	498	72	4.87e-34	139	bile acid receptor isoform X1 [Pteronotus mesoamericanus]	1884717
XP_036188104.1	XP_011353673	27.273	407	505	423	73	5.20e-34	138	nuclear receptor subfamily 1 group I member 2 [Pteropus vampyrus]	132908
XP_036188104.1	XP_066213009	29.508	366	505	472	72	5.30e-34	139	bile acid receptor isoform X4 [Saccopteryx leptura]	249018
XP_036188104.1	XP_066118649	29.508	366	505	472	72	5.30e-34	139	bile acid receptor isoform X4 [Saccopteryx bilineata]	59482
XP_036188104.1	XP_036991455	27.586	406	505	479	72	5.84e-34	139	vitamin D3 receptor [Artibeus jamaicensis]	9417
XP_036188104.1	XP_066118613	29.508	366	505	482	72	6.39e-34	139	bile acid receptor isoform X2 [Saccopteryx bilineata]	59482
XP_036188104.1	XP_080511041	27.295	403	505	1124	72	6.41e-34	142	cilia- and flagella-associated protein 91-like isoform 1 [Plecotus auritus]	61862
XP_036188104.1	XP_066212973	29.508	366	505	482	72	6.51e-34	139	bile acid receptor isoform X2 [Saccopteryx leptura]	249018
XP_036188104.1	XP_005863713	56.863	102	505	502	53	6.68e-34	139	PREDICTED: nuclear receptor subfamily 1 group D member 2 [Myotis brandtii]	109478
XP_036188104.1	XP_005863713	38.690	168	505	502	53	5.74e-27	119	PREDICTED: nuclear receptor subfamily 1 group D member 2 [Myotis brandtii]	109478
XP_036188104.1	XP_023608733	56.863	102	505	502	53	6.68e-34	139	nuclear receptor subfamily 1 group D member 2 isoform X2 [Myotis lucifugus]	59463
XP_036188104.1	XP_023608733	38.690	168	505	502	53	5.74e-27	119	nuclear receptor subfamily 1 group D member 2 isoform X2 [Myotis lucifugus]	59463
XP_036188104.1	XP_016014287	27.764	407	505	423	73	6.73e-34	137	nuclear receptor subfamily 1 group I member 2 isoform X1 [Rousettus aegyptiacus]	9407
XP_036188104.1	XP_014398116	28.610	374	505	360	71	7.10e-34	136	PREDICTED: COUP transcription factor 2 isoform X1 [Myotis brandtii]	109478
XP_036188104.1	XP_006757843	28.500	400	505	404	74	7.48e-34	137	PREDICTED: photoreceptor-specific nuclear receptor isoform X1 [Myotis davidii]	225400
XP_036188104.1	XP_016054273	56.863	102	505	501	53	7.49e-34	139	PREDICTED: nuclear receptor subfamily 1 group D member 2 [Miniopterus natalensis]	291302
XP_036188104.1	XP_016054273	38.690	168	505	501	53	1.87e-26	117	PREDICTED: nuclear receptor subfamily 1 group D member 2 [Miniopterus natalensis]	291302
XP_036188104.1	XP_006754721	56.863	102	505	501	53	7.49e-34	139	PREDICTED: nuclear receptor subfamily 1 group D member 2 [Myotis davidii]	225400
XP_036188104.1	XP_006754721	38.690	168	505	501	53	6.43e-27	119	PREDICTED: nuclear receptor subfamily 1 group D member 2 [Myotis davidii]	225400
XP_036188104.1	XP_081015671	56.863	102	505	501	53	7.49e-34	139	nuclear receptor subfamily 1 group D member 2 isoform 2 [Miniopterus schreibersii]	9433
XP_036188104.1	XP_081015671	38.690	168	505	501	53	1.87e-26	117	nuclear receptor subfamily 1 group D member 2 isoform 2 [Miniopterus schreibersii]	9433
XP_036188104.1	XP_066244648	26.980	404	505	402	74	7.82e-34	137	photoreceptor-specific nuclear receptor [Saccopteryx leptura]	249018
XP_036188104.1	XP_066244647	26.980	404	505	402	74	7.82e-34	137	photoreceptor-specific nuclear receptor [Saccopteryx leptura]	249018
XP_036188104.1	XP_045712574	56.863	102	505	502	53	7.88e-34	139	nuclear receptor subfamily 1 group D member 2 isoform X3 [Phyllostomus hastatus]	9423
XP_036188104.1	XP_045712574	38.690	168	505	502	53	9.11e-27	118	nuclear receptor subfamily 1 group D member 2 isoform X3 [Phyllostomus hastatus]	9423
XP_036188104.1	XP_054585694	56.863	102	505	502	53	7.96e-34	139	nuclear receptor subfamily 1 group D member 2 isoform X2 [Eptesicus fuscus]	29078
XP_036188104.1	XP_054585694	38.690	168	505	502	53	5.74e-27	119	nuclear receptor subfamily 1 group D member 2 isoform X2 [Eptesicus fuscus]	29078
XP_036188104.1	XP_036993186	28.141	398	505	401	74	7.99e-34	137	photoreceptor-specific nuclear receptor isoform X1 [Artibeus jamaicensis]	9417
XP_036188104.1	XP_015980377	57.000	100	505	480	52	9.67e-34	138	nuclear receptor subfamily 1 group D member 2 isoform X3 [Rousettus aegyptiacus]	9407
XP_036188104.1	XP_015980377	38.690	168	505	480	52	7.66e-27	118	nuclear receptor subfamily 1 group D member 2 isoform X3 [Rousettus aegyptiacus]	9407
XP_036188104.1	XP_036166310	29.426	401	505	421	77	1.17e-33	137	COUP transcription factor 1 isoform X2 [Myotis myotis]	51298
XP_036188104.1	XP_080929536	30.423	355	505	436	67	1.23e-33	137	thyroid hormone receptor beta isoform 4 [Rhinolophus hipposideros]	77218
XP_036188104.1	XP_035876426	29.426	401	505	421	77	1.30e-33	137	COUP transcription factor 1 isoform X2 [Phyllostomus discolor]	89673
XP_036188104.1	XP_036888190	29.426	401	505	421	77	1.30e-33	137	COUP transcription factor 1 isoform X2 [Sturnira hondurensis]	192404
XP_036188104.1	XP_036081267	29.426	401	505	422	77	1.33e-33	137	COUP transcription factor 1 isoform X2 [Rousettus aegyptiacus]	9407
XP_036188104.1	XP_039730993	29.426	401	505	422	77	1.33e-33	137	COUP transcription factor 1 isoform X2 [Pteropus medius]	143291
XP_036188104.1	XP_036188652	56.863	102	505	515	39	1.38e-33	138	nuclear receptor subfamily 1 group D member 2 isoform X2 [Myotis myotis]	51298
XP_036188104.1	XP_036188652	40.206	97	505	515	39	3.66e-16	86.7	nuclear receptor subfamily 1 group D member 2 isoform X2 [Myotis myotis]	51298
XP_036188104.1	XP_032966304	29.426	401	505	422	77	1.46e-33	136	COUP transcription factor 1 isoform X2 [Rhinolophus ferrumequinum]	59479
XP_036188104.1	XP_036189296	27.889	398	505	461	74	1.52e-33	137	photoreceptor-specific nuclear receptor [Myotis myotis]	51298
XP_036188104.1	XP_036287496	56.863	102	505	515	39	1.67e-33	138	nuclear receptor subfamily 1 group D member 2 isoform X2 [Pipistrellus kuhlii]	59472
XP_036188104.1	XP_036287496	39.175	97	505	515	39	1.02e-15	85.1	nuclear receptor subfamily 1 group D member 2 isoform X2 [Pipistrellus kuhlii]	59472
XP_036188104.1	XP_006905763	56.863	102	505	578	53	1.96e-33	139	nuclear receptor subfamily 1 group D member 2 [Pteropus alecto]	9402
XP_036188104.1	XP_006905763	38.690	168	505	578	53	1.49e-26	118	nuclear receptor subfamily 1 group D member 2 [Pteropus alecto]	9402
XP_036188104.1	XP_019511288	56.863	102	505	578	53	2.01e-33	139	PREDICTED: nuclear receptor subfamily 1 group D member 2 isoform X2 [Hipposideros armiger]	186990
XP_036188104.1	XP_019511288	38.690	168	505	578	53	1.49e-26	118	PREDICTED: nuclear receptor subfamily 1 group D member 2 isoform X2 [Hipposideros armiger]	186990
XP_036188104.1	XP_070289424	56.863	102	505	577	53	2.05e-33	138	nuclear receptor subfamily 1 group D member 2 [Myotis yumanensis]	159337
XP_036188104.1	XP_070289424	38.690	168	505	577	53	1.40e-26	118	nuclear receptor subfamily 1 group D member 2 [Myotis yumanensis]	159337
XP_036188104.1	XP_053786413	56.863	102	505	577	53	2.07e-33	138	nuclear receptor subfamily 1 group D member 2 [Desmodus rotundus]	9430
XP_036188104.1	XP_053786413	38.690	168	505	577	53	1.66e-26	118	nuclear receptor subfamily 1 group D member 2 [Desmodus rotundus]	9430
XP_036188104.1	XP_054451233	56.863	102	505	577	53	2.07e-33	138	nuclear receptor subfamily 1 group D member 2 isoform X2 [Pteronotus mesoamericanus]	1884717
XP_036188104.1	XP_054451233	38.690	168	505	577	53	1.37e-26	118	nuclear receptor subfamily 1 group D member 2 isoform X2 [Pteronotus mesoamericanus]	1884717
XP_036188104.1	XP_080941288	28.535	396	505	407	74	2.11e-33	135	photoreceptor-specific nuclear receptor [Myotis nattereri]	109481
XP_036188104.1	XP_081015670	56.863	102	505	576	53	2.12e-33	138	nuclear receptor subfamily 1 group D member 2 isoform 1 [Miniopterus schreibersii]	9433
XP_036188104.1	XP_081015670	38.690	168	505	576	53	3.47e-26	117	nuclear receptor subfamily 1 group D member 2 isoform 1 [Miniopterus schreibersii]	9433
XP_036188104.1	XP_023387592	56.863	102	505	578	53	2.13e-33	138	nuclear receptor subfamily 1 group D member 2 isoform X2 [Pteropus vampyrus]	132908
XP_036188104.1	XP_023387592	38.690	168	505	578	53	1.45e-26	118	nuclear receptor subfamily 1 group D member 2 isoform X2 [Pteropus vampyrus]	132908
XP_036188104.1	XP_011355747	56.863	102	505	578	53	2.13e-33	138	nuclear receptor subfamily 1 group D member 2 isoform X1 [Pteropus vampyrus]	132908
XP_036188104.1	XP_011355747	38.690	168	505	578	53	1.45e-26	118	nuclear receptor subfamily 1 group D member 2 isoform X1 [Pteropus vampyrus]	132908
XP_036188104.1	XP_039692686	56.863	102	505	578	53	2.13e-33	138	nuclear receptor subfamily 1 group D member 2 [Pteropus medius]	143291
XP_036188104.1	XP_039692686	38.690	168	505	578	53	1.45e-26	118	nuclear receptor subfamily 1 group D member 2 [Pteropus medius]	143291
XP_036188104.1	XP_045712572	56.863	102	505	588	53	2.15e-33	139	nuclear receptor subfamily 1 group D member 2 isoform X1 [Phyllostomus hastatus]	9423
XP_036188104.1	XP_045712572	38.690	168	505	588	53	1.63e-26	118	nuclear receptor subfamily 1 group D member 2 isoform X1 [Phyllostomus hastatus]	9423
XP_036188104.1	XP_036999889	56.863	102	505	577	53	2.16e-33	138	nuclear receptor subfamily 1 group D member 2 [Artibeus jamaicensis]	9417
XP_036188104.1	XP_036999889	38.690	168	505	577	53	1.55e-26	118	nuclear receptor subfamily 1 group D member 2 [Artibeus jamaicensis]	9417
XP_036188104.1	XP_036188651	56.863	102	505	577	53	2.16e-33	138	nuclear receptor subfamily 1 group D member 2 isoform X1 [Myotis myotis]	51298
XP_036188104.1	XP_036188651	38.690	168	505	577	53	1.29e-26	119	nuclear receptor subfamily 1 group D member 2 isoform X1 [Myotis myotis]	51298
XP_036188104.1	XP_006087678	56.863	102	505	577	53	2.16e-33	138	nuclear receptor subfamily 1 group D member 2 isoform X1 [Myotis lucifugus]	59463
XP_036188104.1	XP_006087678	38.690	168	505	577	53	1.29e-26	119	nuclear receptor subfamily 1 group D member 2 isoform X1 [Myotis lucifugus]	59463
XP_036188104.1	XP_028374723	56.863	102	505	577	53	2.16e-33	138	nuclear receptor subfamily 1 group D member 2 isoform X1 [Phyllostomus discolor]	89673
XP_036188104.1	XP_028374723	38.690	168	505	577	53	1.60e-26	118	nuclear receptor subfamily 1 group D member 2 isoform X1 [Phyllostomus discolor]	89673
XP_036188104.1	XP_080961927	56.863	102	505	577	53	2.16e-33	138	nuclear receptor subfamily 1 group D member 2 [Myotis nattereri]	109481
XP_036188104.1	XP_080961927	38.690	168	505	577	53	1.29e-26	119	nuclear receptor subfamily 1 group D member 2 [Myotis nattereri]	109481
XP_036188104.1	XP_070274947	28.643	398	505	603	75	2.16e-33	139	photoreceptor-specific nuclear receptor [Myotis yumanensis]	159337
XP_036188104.1	XP_035887410	56.863	102	505	523	40	2.18e-33	137	nuclear receptor subfamily 1 group D member 2 isoform X2 [Phyllostomus discolor]	89673
XP_036188104.1	XP_035887410	39.048	105	505	523	40	9.68e-12	72.8	nuclear receptor subfamily 1 group D member 2 isoform X2 [Phyllostomus discolor]	89673
XP_036188104.1	XP_036926741	56.863	102	505	577	53	2.20e-33	138	nuclear receptor subfamily 1 group D member 2 [Sturnira hondurensis]	192404
XP_036188104.1	XP_036926741	38.690	168	505	577	53	1.80e-26	118	nuclear receptor subfamily 1 group D member 2 [Sturnira hondurensis]	192404
XP_036188104.1	XP_045712573	56.863	102	505	577	53	2.22e-33	138	nuclear receptor subfamily 1 group D member 2 isoform X2 [Phyllostomus hastatus]	9423
XP_036188104.1	XP_045712573	38.690	168	505	577	53	1.64e-26	118	nuclear receptor subfamily 1 group D member 2 isoform X2 [Phyllostomus hastatus]	9423
XP_036188104.1	XP_039697216	28.030	396	505	507	70	2.25e-33	137	bile acid receptor-like [Pteropus medius]	143291
XP_036188104.1	XP_059520067	56.863	102	505	577	53	2.35e-33	138	nuclear receptor subfamily 1 group D member 2 [Myotis daubentonii]	98922
XP_036188104.1	XP_059520067	38.690	168	505	577	53	1.33e-26	119	nuclear receptor subfamily 1 group D member 2 [Myotis daubentonii]	98922
XP_036188104.1	XP_032988038	56.863	102	505	578	53	2.37e-33	138	nuclear receptor subfamily 1 group D member 2 isoform X3 [Rhinolophus ferrumequinum]	59479
XP_036188104.1	XP_032988038	38.690	168	505	578	53	3.50e-26	117	nuclear receptor subfamily 1 group D member 2 isoform X3 [Rhinolophus ferrumequinum]	59479
XP_036188104.1	XP_015980376	56.863	102	505	578	53	2.39e-33	138	nuclear receptor subfamily 1 group D member 2 isoform X2 [Rousettus aegyptiacus]	9407
XP_036188104.1	XP_015980376	38.690	168	505	578	53	1.51e-26	118	nuclear receptor subfamily 1 group D member 2 isoform X2 [Rousettus aegyptiacus]	9407
XP_036188104.1	XP_080532181	56.863	102	505	577	53	2.40e-33	138	nuclear receptor subfamily 1 group D member 2 isoform 1 [Plecotus auritus]	61862
XP_036188104.1	XP_080532181	38.690	168	505	577	53	1.30e-26	119	nuclear receptor subfamily 1 group D member 2 isoform 1 [Plecotus auritus]	61862
XP_036188104.1	XP_080929534	56.863	102	505	578	53	2.44e-33	138	nuclear receptor subfamily 1 group D member 2 isoform 1 [Rhinolophus hipposideros]	77218
XP_036188104.1	XP_080929534	38.690	168	505	578	53	3.41e-26	117	nuclear receptor subfamily 1 group D member 2 isoform 1 [Rhinolophus hipposideros]	77218
XP_036188104.1	XP_079651043	56.863	102	505	577	53	2.44e-33	138	nuclear receptor subfamily 1 group D member 2 isoform 1 [Cnephaeus nilssonii]	3371016
XP_036188104.1	XP_079651043	38.690	168	505	577	53	1.28e-26	119	nuclear receptor subfamily 1 group D member 2 isoform 1 [Cnephaeus nilssonii]	3371016
XP_036188104.1	XP_036287495	56.863	102	505	577	53	2.47e-33	138	nuclear receptor subfamily 1 group D member 2 isoform X1 [Pipistrellus kuhlii]	59472
XP_036188104.1	XP_036287495	38.095	168	505	577	53	3.45e-26	117	nuclear receptor subfamily 1 group D member 2 isoform X1 [Pipistrellus kuhlii]	59472
XP_036188104.1	XP_054585693	56.863	102	505	577	53	2.49e-33	138	nuclear receptor subfamily 1 group D member 2 isoform X1 [Eptesicus fuscus]	29078
XP_036188104.1	XP_054585693	38.690	168	505	577	53	1.30e-26	119	nuclear receptor subfamily 1 group D member 2 isoform X1 [Eptesicus fuscus]	29078
XP_036188104.1	XP_036074909	56.863	102	505	595	53	2.65e-33	138	nuclear receptor subfamily 1 group D member 2 isoform X1 [Rousettus aegyptiacus]	9407
XP_036188104.1	XP_036074909	38.690	168	505	595	53	1.43e-26	119	nuclear receptor subfamily 1 group D member 2 isoform X1 [Rousettus aegyptiacus]	9407
XP_036188104.1	XP_066206535	56.863	102	505	576	53	2.69e-33	138	nuclear receptor subfamily 1 group D member 2 isoform X1 [Saccopteryx leptura]	249018
XP_036188104.1	XP_066206535	38.690	168	505	576	53	1.67e-26	118	nuclear receptor subfamily 1 group D member 2 isoform X1 [Saccopteryx leptura]	249018
XP_036188104.1	XP_066100506	56.863	102	505	576	53	2.69e-33	138	nuclear receptor subfamily 1 group D member 2 isoform X1 [Saccopteryx bilineata]	59482
XP_036188104.1	XP_066100506	38.690	168	505	576	53	1.67e-26	118	nuclear receptor subfamily 1 group D member 2 isoform X1 [Saccopteryx bilineata]	59482
XP_036188104.1	XP_014302743	28.610	374	505	377	71	2.73e-33	135	COUP transcription factor 2-like, partial [Myotis lucifugus]	59463
XP_036188104.1	XP_032988040	56.863	102	505	527	41	2.85e-33	137	nuclear receptor subfamily 1 group D member 2 isoform X5 [Rhinolophus ferrumequinum]	59479
XP_036188104.1	XP_032988040	39.252	107	505	527	41	1.64e-12	75.5	nuclear receptor subfamily 1 group D member 2 isoform X5 [Rhinolophus ferrumequinum]	59479
XP_036188104.1	XP_036122471	56.863	102	505	577	53	3.32e-33	138	nuclear receptor subfamily 1 group D member 2 isoform X1 [Molossus molossus]	27622
XP_036188104.1	XP_036122471	38.690	168	505	577	53	1.43e-26	118	nuclear receptor subfamily 1 group D member 2 isoform X1 [Molossus molossus]	27622
XP_036188104.1	XP_019506564	27.273	407	505	479	73	3.58e-33	136	PREDICTED: nuclear receptor subfamily 1 group I member 2 [Hipposideros armiger]	186990
XP_036188104.1	XP_019600791	56.863	102	505	680	53	3.59e-33	139	nuclear receptor subfamily 1 group D member 2 isoform X1 [Rhinolophus sinicus]	89399
XP_036188104.1	XP_019600791	38.690	168	505	680	53	3.31e-26	118	nuclear receptor subfamily 1 group D member 2 isoform X1 [Rhinolophus sinicus]	89399
XP_036188104.1	XP_032965307	29.902	408	505	402	74	3.73e-33	135	photoreceptor-specific nuclear receptor [Rhinolophus ferrumequinum]	59479
XP_036188104.1	XP_036122472	56.863	102	505	533	40	4.03e-33	137	nuclear receptor subfamily 1 group D member 2 isoform X2 [Molossus molossus]	27622
XP_036188104.1	XP_036122472	39.048	105	505	533	40	8.89e-12	73.2	nuclear receptor subfamily 1 group D member 2 isoform X2 [Molossus molossus]	27622
XP_036188104.1	XP_019511286	56.863	102	505	587	51	4.17e-33	137	PREDICTED: nuclear receptor subfamily 1 group D member 2 isoform X1 [Hipposideros armiger]	186990
XP_036188104.1	XP_019511286	31.447	159	505	587	51	4.05e-13	77.4	PREDICTED: nuclear receptor subfamily 1 group D member 2 isoform X1 [Hipposideros armiger]	186990
XP_036188104.1	XP_039729520	31.302	361	505	456	67	4.51e-33	135	thyroid hormone receptor alpha isoform X2 [Pteropus medius]	143291
XP_036188104.1	XP_074168850	56.863	102	505	621	41	4.93e-33	138	nuclear receptor subfamily 1 group D member 2 isoform X3 [Rhinolophus sinicus]	89399
XP_036188104.1	XP_074168850	38.532	109	505	621	41	1.79e-12	75.5	nuclear receptor subfamily 1 group D member 2 isoform X3 [Rhinolophus sinicus]	89399
XP_036188104.1	XP_074168849	56.863	102	505	629	41	5.05e-33	138	nuclear receptor subfamily 1 group D member 2 isoform X2 [Rhinolophus sinicus]	89399
XP_036188104.1	XP_074168849	39.252	107	505	629	41	1.74e-12	75.5	nuclear receptor subfamily 1 group D member 2 isoform X2 [Rhinolophus sinicus]	89399
XP_036188104.1	XP_016057747	31.302	361	505	471	67	5.41e-33	136	PREDICTED: thyroid hormone receptor alpha isoform X4 [Miniopterus natalensis]	291302
XP_036188104.1	XP_081017444	31.302	361	505	471	67	5.41e-33	136	thyroid hormone receptor alpha isoform 2 [Miniopterus schreibersii]	9433
XP_036188104.1	XP_015979894	28.061	392	505	507	70	5.50e-33	136	bile acid receptor [Rousettus aegyptiacus]	9407
XP_036188104.1	XP_066206537	56.863	102	505	535	41	5.61e-33	137	nuclear receptor subfamily 1 group D member 2 isoform X2 [Saccopteryx leptura]	249018
XP_036188104.1	XP_066206537	38.889	108	505	535	41	1.86e-12	75.1	nuclear receptor subfamily 1 group D member 2 isoform X2 [Saccopteryx leptura]	249018
XP_036188104.1	XP_074168852	56.863	102	505	549	20	5.65e-33	137	nuclear receptor subfamily 1 group D member 2 isoform X4 [Rhinolophus sinicus]	89399
XP_036188104.1	XP_066100507	56.863	102	505	535	41	6.00e-33	137	nuclear receptor subfamily 1 group D member 2 isoform X2 [Saccopteryx bilineata]	59482
XP_036188104.1	XP_066100507	38.889	108	505	535	41	2.03e-12	75.1	nuclear receptor subfamily 1 group D member 2 isoform X2 [Saccopteryx bilineata]	59482
XP_036188104.1	XP_080533317	31.302	361	505	487	67	6.11e-33	136	thyroid hormone receptor alpha isoform 2 [Plecotus auritus]	61862
XP_036188104.1	XP_080544828	27.387	398	505	407	74	6.60e-33	134	photoreceptor-specific nuclear receptor [Plecotus auritus]	61862
XP_036188104.1	XP_016057746	31.302	361	505	488	67	6.69e-33	136	PREDICTED: thyroid hormone receptor alpha isoform X3 [Miniopterus natalensis]	291302
XP_036188104.1	XP_014391619	31.356	354	505	497	67	6.79e-33	136	PREDICTED: thyroid hormone receptor alpha isoform X3 [Myotis brandtii]	109478
XP_036188104.1	XP_054451232	56.863	102	505	618	40	6.99e-33	137	nuclear receptor subfamily 1 group D member 2 isoform X1 [Pteronotus mesoamericanus]	1884717
XP_036188104.1	XP_054451232	39.048	105	505	618	40	1.23e-11	72.8	nuclear receptor subfamily 1 group D member 2 isoform X1 [Pteronotus mesoamericanus]	1884717
XP_036188104.1	XP_036263740	31.073	354	505	494	67	7.08e-33	136	thyroid hormone receptor alpha isoform X3 [Pipistrellus kuhlii]	59472
XP_036188104.1	XP_080965630	31.302	361	505	494	67	7.22e-33	136	thyroid hormone receptor alpha isoform 2 [Myotis nattereri]	109481
XP_036188104.1	XP_014391620	31.302	361	505	473	67	7.45e-33	135	PREDICTED: thyroid hormone receptor alpha isoform X4 [Myotis brandtii]	109478
XP_036188104.1	XP_036194992	31.302	361	505	494	67	7.96e-33	135	thyroid hormone receptor alpha isoform X2 [Myotis myotis]	51298
XP_036188104.1	XP_032988039	56.863	102	505	569	43	8.24e-33	137	nuclear receptor subfamily 1 group D member 2 isoform X4 [Rhinolophus ferrumequinum]	59479
XP_036188104.1	XP_032988039	37.288	118	505	569	43	1.95e-12	75.1	nuclear receptor subfamily 1 group D member 2 isoform X4 [Rhinolophus ferrumequinum]	59479
XP_036188104.1	XP_070249060	31.302	361	505	508	67	9.14e-33	135	thyroid hormone receptor alpha isoform X2 [Myotis yumanensis]	159337
XP_036188104.1	XP_054564786	31.302	361	505	487	67	9.39e-33	135	thyroid hormone receptor alpha isoform X2 [Eptesicus fuscus]	29078
XP_036188104.1	XP_032988037	56.863	102	505	587	43	1.03e-32	136	nuclear receptor subfamily 1 group D member 2 isoform X2 [Rhinolophus ferrumequinum]	59479
XP_036188104.1	XP_032988037	37.288	118	505	587	43	2.57e-12	74.7	nuclear receptor subfamily 1 group D member 2 isoform X2 [Rhinolophus ferrumequinum]	59479
XP_036188104.1	XP_036901472	26.250	400	505	431	72	1.07e-32	134	nuclear receptor subfamily 1 group I member 2 isoform X4 [Sturnira hondurensis]	192404
XP_036188104.1	XP_054430616	27.979	386	505	494	72	1.09e-32	135	bile acid receptor isoform X2 [Pteronotus mesoamericanus]	1884717
XP_036188104.1	XP_032988036	56.863	102	505	604	43	1.13e-32	137	nuclear receptor subfamily 1 group D member 2 isoform X1 [Rhinolophus ferrumequinum]	59479
XP_036188104.1	XP_032988036	37.288	118	505	604	43	2.21e-12	75.1	nuclear receptor subfamily 1 group D member 2 isoform X1 [Rhinolophus ferrumequinum]	59479
XP_036188104.1	XP_080881878	28.109	402	505	506	72	1.19e-32	135	bile acid receptor-like [Rhinolophus hipposideros]	77218
XP_036188104.1	XP_066208753	27.431	401	505	506	73	1.22e-32	135	bile acid receptor-like [Saccopteryx leptura]	249018
XP_036188104.1	XP_032949103	28.040	403	505	506	72	1.22e-32	135	bile acid receptor-like [Rhinolophus ferrumequinum]	59479
XP_036188104.1	XP_045707688	26.250	400	505	422	72	1.38e-32	134	LOW QUALITY PROTEIN: nuclear receptor subfamily 1 group I member 2 [Phyllostomus hastatus]	9423
XP_036188104.1	XP_066102900	28.713	404	505	506	73	1.68e-32	135	bile acid receptor-like [Saccopteryx bilineata]	59482
XP_036188104.1	XP_036313829	31.488	289	505	405	56	2.07e-32	133	retinoic acid receptor gamma isoform X3 [Pipistrellus kuhlii]	59472
XP_036188104.1	XP_036154308	31.488	289	505	405	56	2.09e-32	133	retinoic acid receptor gamma isoform X3 [Myotis myotis]	51298
XP_036188104.1	XP_037014679	26.500	400	505	438	72	3.08e-32	133	LOW QUALITY PROTEIN: nuclear receptor subfamily 1 group I member 2 [Artibeus jamaicensis]	9417
XP_036188104.1	XP_074175166	28.079	406	505	507	72	3.87e-32	134	bile acid receptor [Rhinolophus sinicus]	89399
XP_036188104.1	XP_074175165	28.079	406	505	507	72	3.87e-32	134	bile acid receptor [Rhinolophus sinicus]	89399
XP_036188104.1	XP_074175164	28.079	406	505	507	72	3.87e-32	134	bile acid receptor [Rhinolophus sinicus]	89399
XP_036188104.1	XP_016057354	27.431	401	505	403	74	8.93e-32	131	PREDICTED: photoreceptor-specific nuclear receptor [Miniopterus natalensis]	291302
XP_036188104.1	XP_081005369	27.431	401	505	403	74	9.29e-32	131	photoreceptor-specific nuclear receptor [Miniopterus schreibersii]	9433
XP_036188104.1	XP_016055595	25.926	405	505	460	73	1.05e-31	132	PREDICTED: nuclear receptor subfamily 1 group I member 2 [Miniopterus natalensis]	291302
XP_036188104.1	XP_019591488	29.692	357	505	359	65	1.36e-31	130	photoreceptor-specific nuclear receptor [Rhinolophus sinicus]	89399
XP_036188104.1	XP_039729519	30.663	362	505	495	67	1.89e-31	132	thyroid hormone receptor alpha isoform X1 [Pteropus medius]	143291
XP_036188104.1	XP_070266293	29.834	362	505	598	69	2.04e-31	133	nuclear receptor subfamily 4immunitygroup A member 1 [Myotis yumanensis]	159337
XP_036188104.1	XP_070266291	29.834	362	505	598	69	2.04e-31	133	nuclear receptor subfamily 4immunitygroup A member 1 [Myotis yumanensis]	159337
XP_036188104.1	XP_070266290	29.834	362	505	598	69	2.04e-31	133	nuclear receptor subfamily 4immunitygroup A member 1 [Myotis yumanensis]	159337
XP_036188104.1	XP_070266289	29.834	362	505	598	69	2.04e-31	133	nuclear receptor subfamily 4immunitygroup A member 1 [Myotis yumanensis]	159337
XP_036188104.1	XP_070266288	29.834	362	505	598	69	2.04e-31	133	nuclear receptor subfamily 4immunitygroup A member 1 [Myotis yumanensis]	159337
XP_036188104.1	XP_016057745	30.919	359	505	510	66	2.05e-31	132	PREDICTED: thyroid hormone receptor alpha isoform X2 [Miniopterus natalensis]	291302
XP_036188104.1	XP_081017443	30.919	359	505	510	66	2.05e-31	132	thyroid hormone receptor alpha isoform 1 [Miniopterus schreibersii]	9433
XP_036188104.1	XP_005861928	30.663	362	505	512	67	2.83e-31	131	PREDICTED: thyroid hormone receptor alpha isoform X2 [Myotis brandtii]	109478
XP_036188104.1	XP_045426757	30.663	362	505	519	67	3.07e-31	131	thyroid hormone receptor alpha isoform X2 [Pipistrellus kuhlii]	59472
XP_036188104.1	XP_036194991	30.919	359	505	533	66	3.08e-31	132	thyroid hormone receptor alpha isoform X1 [Myotis myotis]	51298
XP_036188104.1	XP_016057744	30.663	362	505	527	67	3.11e-31	132	PREDICTED: thyroid hormone receptor alpha isoform X1 [Miniopterus natalensis]	291302
XP_036188104.1	XP_080533316	30.919	359	505	526	66	3.14e-31	132	thyroid hormone receptor alpha isoform 1 [Plecotus auritus]	61862
XP_036188104.1	XP_080965629	30.919	359	505	533	66	3.14e-31	132	thyroid hormone receptor alpha isoform 1 [Myotis nattereri]	109481
XP_036188104.1	XP_014391618	30.663	362	505	536	67	3.63e-31	131	PREDICTED: thyroid hormone receptor alpha isoform X1 [Myotis brandtii]	109478
XP_036188104.1	XP_024413307	28.070	399	505	401	74	3.76e-31	129	photoreceptor-specific nuclear receptor isoform X1 [Desmodus rotundus]	9430
XP_036188104.1	XP_036263739	30.423	355	505	533	67	4.32e-31	131	thyroid hormone receptor alpha isoform X1 [Pipistrellus kuhlii]	59472
XP_036188104.1	XP_070249058	30.919	359	505	547	66	4.42e-31	131	thyroid hormone receptor alpha isoform X1 [Myotis yumanensis]	159337
XP_036188104.1	XP_054564785	31.356	354	505	526	65	5.03e-31	131	thyroid hormone receptor alpha isoform X1 [Eptesicus fuscus]	29078
XP_036188104.1	XP_024906018	26.933	401	505	388	72	6.73e-31	128	vitamin D3 receptor [Pteropus alecto]	9402
XP_036188104.1	XP_011380649	29.834	362	505	598	69	9.28e-31	131	nuclear receptor subfamily 4 group A member 1 [Pteropus vampyrus]	132908
XP_036188104.1	XP_036313830	29.513	349	505	438	68	9.97e-31	129	retinoic acid receptor gamma isoform X4 [Pipistrellus kuhlii]	59472
XP_036188104.1	XP_006757124	29.558	362	505	598	69	1.07e-30	130	PREDICTED: nuclear receptor subfamily 4 group A member 1 [Myotis davidii]	225400
XP_036188104.1	XP_006757122	29.558	362	505	598	69	1.07e-30	130	PREDICTED: nuclear receptor subfamily 4 group A member 1 [Myotis davidii]	225400
XP_036188104.1	XP_006757121	29.558	362	505	598	69	1.07e-30	130	PREDICTED: nuclear receptor subfamily 4 group A member 1 [Myotis davidii]	225400
XP_036188104.1	XP_006757120	29.558	362	505	598	69	1.07e-30	130	PREDICTED: nuclear receptor subfamily 4 group A member 1 [Myotis davidii]	225400
XP_036188104.1	XP_080938386	29.282	362	505	598	69	1.07e-30	130	nuclear receptor subfamily 4immunitygroup A member 1 isoform 1 [Myotis nattereri]	109481
XP_036188104.1	XP_080938385	29.282	362	505	598	69	1.07e-30	130	nuclear receptor subfamily 4immunitygroup A member 1 isoform 1 [Myotis nattereri]	109481
XP_036188104.1	XP_045443304	28.775	351	505	364	65	1.09e-30	127	photoreceptor-specific nuclear receptor isoform X1 [Pipistrellus kuhlii]	59472
XP_036188104.1	XP_015998146	29.834	362	505	598	69	1.11e-30	130	nuclear receptor subfamily 4 group A member 1 [Rousettus aegyptiacus]	9407
XP_036188104.1	XP_036092965	29.834	362	505	598	69	1.11e-30	130	nuclear receptor subfamily 4 group A member 1 [Rousettus aegyptiacus]	9407
XP_036188104.1	XP_015998145	29.834	362	505	598	69	1.11e-30	130	nuclear receptor subfamily 4 group A member 1 [Rousettus aegyptiacus]	9407
XP_036188104.1	XP_015998144	29.834	362	505	598	69	1.11e-30	130	nuclear receptor subfamily 4 group A member 1 [Rousettus aegyptiacus]	9407
XP_036188104.1	XP_036211582	26.735	389	505	458	71	1.14e-30	129	COUP transcription factor 2 isoform X1 [Myotis myotis]	51298
XP_036188104.1	XP_080970881	26.735	389	505	458	71	1.14e-30	129	COUP transcription factor 2 isoform 1 [Myotis nattereri]	109481
XP_036188104.1	XP_006904637	29.834	362	505	598	69	1.21e-30	130	nuclear receptor subfamily 4 group A member 1 [Pteropus alecto]	9402
XP_036188104.1	XP_039718046	29.834	362	505	598	69	1.21e-30	130	nuclear receptor subfamily 4immunitygroup A member 1 [Pteropus medius]	143291
XP_036188104.1	XP_036155129	29.282	362	505	598	69	1.39e-30	130	nuclear receptor subfamily 4 group A member 1 [Myotis myotis]	51298
XP_036188104.1	XP_036155128	29.282	362	505	598	69	1.39e-30	130	nuclear receptor subfamily 4 group A member 1 [Myotis myotis]	51298
XP_036188104.1	XP_036155127	29.282	362	505	598	69	1.39e-30	130	nuclear receptor subfamily 4 group A member 1 [Myotis myotis]	51298
XP_036188104.1	XP_014317237	29.558	362	505	598	69	1.46e-30	130	nuclear receptor subfamily 4 group A member 1 [Myotis lucifugus]	59463
XP_036188104.1	XP_006095736	29.558	362	505	598	69	1.46e-30	130	nuclear receptor subfamily 4 group A member 1 [Myotis lucifugus]	59463
XP_036188104.1	XP_006095737	29.558	362	505	598	69	1.46e-30	130	nuclear receptor subfamily 4 group A member 1 [Myotis lucifugus]	59463
XP_036188104.1	XP_006095735	29.558	362	505	598	69	1.46e-30	130	nuclear receptor subfamily 4 group A member 1 [Myotis lucifugus]	59463
XP_036188104.1	XP_036903041	28.080	349	505	358	65	1.56e-30	127	photoreceptor-specific nuclear receptor [Sturnira hondurensis]	192404
XP_036188104.1	XP_019484224	27.964	329	505	336	65	1.67e-30	126	PREDICTED: retinoic acid receptor beta isoform X2 [Hipposideros armiger]	186990
XP_036188104.1	XP_019484223	27.964	329	505	336	65	1.67e-30	126	PREDICTED: retinoic acid receptor beta isoform X2 [Hipposideros armiger]	186990
XP_036188104.1	XP_019484222	27.964	329	505	336	65	1.67e-30	126	PREDICTED: retinoic acid receptor beta isoform X2 [Hipposideros armiger]	186990
XP_036188104.1	XP_059538924	29.282	362	505	598	69	1.76e-30	130	nuclear receptor subfamily 4 group A member 1 [Myotis daubentonii]	98922
XP_036188104.1	XP_059538923	29.282	362	505	598	69	1.76e-30	130	nuclear receptor subfamily 4 group A member 1 [Myotis daubentonii]	98922
XP_036188104.1	XP_059538922	29.282	362	505	598	69	1.76e-30	130	nuclear receptor subfamily 4 group A member 1 [Myotis daubentonii]	98922
XP_036188104.1	XP_059538921	29.282	362	505	598	69	1.76e-30	130	nuclear receptor subfamily 4 group A member 1 [Myotis daubentonii]	98922
XP_036188104.1	XP_059538920	29.282	362	505	598	69	1.76e-30	130	nuclear receptor subfamily 4 group A member 1 [Myotis daubentonii]	98922
XP_036188104.1	XP_054428267	26.485	404	505	466	72	1.86e-30	129	nuclear receptor subfamily 1 group I member 2 [Pteronotus mesoamericanus]	1884717
XP_036188104.1	XP_074168874	29.396	381	505	415	72	1.91e-30	127	thyroid hormone receptor beta isoform X6 [Rhinolophus sinicus]	89399
XP_036188104.1	XP_036993317	29.558	362	505	598	69	1.97e-30	130	nuclear receptor subfamily 4 group A member 1 [Artibeus jamaicensis]	9417
XP_036188104.1	XP_036993327	29.558	362	505	598	69	1.97e-30	130	nuclear receptor subfamily 4 group A member 1 [Artibeus jamaicensis]	9417
XP_036188104.1	XP_036993308	29.558	362	505	598	69	1.97e-30	130	nuclear receptor subfamily 4 group A member 1 [Artibeus jamaicensis]	9417
XP_036188104.1	XP_036993300	29.558	362	505	598	69	1.97e-30	130	nuclear receptor subfamily 4 group A member 1 [Artibeus jamaicensis]	9417
XP_036188104.1	XP_080516212	29.558	362	505	598	69	2.41e-30	130	nuclear receptor subfamily 4immunitygroup A member 1 isoform 2 [Plecotus auritus]	61862
XP_036188104.1	XP_080516211	29.558	362	505	598	69	2.41e-30	130	nuclear receptor subfamily 4immunitygroup A member 1 isoform 2 [Plecotus auritus]	61862
XP_036188104.1	XP_080516210	29.558	362	505	598	69	2.41e-30	130	nuclear receptor subfamily 4immunitygroup A member 1 isoform 2 [Plecotus auritus]	61862
XP_036188104.1	XP_032987652	27.964	329	505	336	65	2.59e-30	125	retinoic acid receptor beta isoform X3 [Rhinolophus ferrumequinum]	59479
XP_036188104.1	XP_080927759	27.964	329	505	336	65	2.59e-30	125	retinoic acid receptor beta isoform 3 [Rhinolophus hipposideros]	77218
XP_036188104.1	XP_080927758	27.964	329	505	336	65	2.59e-30	125	retinoic acid receptor beta isoform 3 [Rhinolophus hipposideros]	77218
XP_036188104.1	XP_028000202	29.558	362	505	598	69	2.85e-30	129	nuclear receptor subfamily 4 group A member 1 [Eptesicus fuscus]	29078
XP_036188104.1	XP_054575039	29.558	362	505	598	69	2.85e-30	129	nuclear receptor subfamily 4 group A member 1 [Eptesicus fuscus]	29078
XP_036188104.1	XP_016056803	29.006	362	505	598	69	2.91e-30	129	PREDICTED: nuclear receptor subfamily 4 group A member 1 [Miniopterus natalensis]	291302
XP_036188104.1	XP_016056802	29.006	362	505	598	69	2.91e-30	129	PREDICTED: nuclear receptor subfamily 4 group A member 1 [Miniopterus natalensis]	291302
XP_036188104.1	XP_016056801	29.006	362	505	598	69	2.91e-30	129	PREDICTED: nuclear receptor subfamily 4 group A member 1 [Miniopterus natalensis]	291302
XP_036188104.1	XP_016056799	29.006	362	505	598	69	2.91e-30	129	PREDICTED: nuclear receptor subfamily 4 group A member 1 [Miniopterus natalensis]	291302
XP_036188104.1	XP_016056798	29.006	362	505	598	69	2.91e-30	129	PREDICTED: nuclear receptor subfamily 4 group A member 1 [Miniopterus natalensis]	291302
XP_036188104.1	XP_080982294	29.006	362	505	598	69	2.91e-30	129	nuclear receptor subfamily 4immunitygroup A member 1 isoform 2 [Miniopterus schreibersii]	9433
XP_036188104.1	XP_080982293	29.006	362	505	598	69	2.91e-30	129	nuclear receptor subfamily 4immunitygroup A member 1 isoform 2 [Miniopterus schreibersii]	9433
XP_036188104.1	XP_080982292	29.006	362	505	598	69	2.91e-30	129	nuclear receptor subfamily 4immunitygroup A member 1 isoform 2 [Miniopterus schreibersii]	9433
XP_036188104.1	XP_080982291	29.006	362	505	598	69	2.91e-30	129	nuclear receptor subfamily 4immunitygroup A member 1 isoform 2 [Miniopterus schreibersii]	9433
XP_036188104.1	XP_080982290	29.006	362	505	598	69	2.91e-30	129	nuclear receptor subfamily 4immunitygroup A member 1 isoform 2 [Miniopterus schreibersii]	9433
XP_036188104.1	XP_036107566	29.558	362	505	598	69	2.93e-30	129	nuclear receptor subfamily 4 group A member 1 [Molossus molossus]	27622
XP_036188104.1	XP_036107565	29.558	362	505	598	69	2.93e-30	129	nuclear receptor subfamily 4 group A member 1 [Molossus molossus]	27622
XP_036188104.1	XP_080516209	29.558	362	505	622	69	3.19e-30	129	nuclear receptor subfamily 4immunitygroup A member 1 isoform 1 [Plecotus auritus]	61862
XP_036188104.1	XP_059539001	28.653	349	505	436	68	3.80e-30	127	retinoic acid receptor gamma isoform X5 [Myotis daubentonii]	98922
XP_036188104.1	XP_079630825	28.653	349	505	436	68	3.99e-30	127	retinoic acid receptor gamma isoform 4 [Cnephaeus nilssonii]	3371016
XP_036188104.1	XP_079631756	29.558	362	505	598	69	4.00e-30	129	nuclear receptor subfamily 4immunitygroup A member 1 isoform 2 [Cnephaeus nilssonii]	3371016
XP_036188104.1	XP_079631755	29.558	362	505	598	69	4.00e-30	129	nuclear receptor subfamily 4immunitygroup A member 1 isoform 2 [Cnephaeus nilssonii]	3371016
XP_036188104.1	XP_080501562	27.551	392	505	429	74	4.06e-30	127	oxysterols receptor LXR-beta isoform 4 [Plecotus auritus]	61862
XP_036188104.1	XP_079631754	29.558	362	505	659	69	4.49e-30	129	nuclear receptor subfamily 4immunitygroup A member 1 isoform 1 [Cnephaeus nilssonii]	3371016
XP_036188104.1	XP_080501563	27.548	363	505	422	68	5.37e-30	126	oxysterols receptor LXR-beta isoform 5 [Plecotus auritus]	61862
XP_036188104.1	XP_080982289	29.363	361	505	825	69	7.07e-30	129	nuclear receptor subfamily 4immunitygroup A member 1 isoform 1 [Miniopterus schreibersii]	9433
XP_036188104.1	XP_070289413	27.660	329	505	336	65	7.65e-30	124	retinoic acid receptor beta isoform X3 [Myotis yumanensis]	159337
XP_036188104.1	XP_059520082	27.660	329	505	336	65	7.65e-30	124	retinoic acid receptor beta isoform X3 [Myotis daubentonii]	98922
XP_036188104.1	XP_005856658	27.660	329	505	336	65	7.65e-30	124	PREDICTED: retinoic acid receptor beta isoform X3 [Myotis brandtii]	109478
XP_036188104.1	XP_014393070	27.660	329	505	336	65	7.65e-30	124	PREDICTED: retinoic acid receptor beta isoform X3 [Myotis brandtii]	109478
XP_036188104.1	XP_005856657	27.660	329	505	336	65	7.65e-30	124	PREDICTED: retinoic acid receptor beta isoform X3 [Myotis brandtii]	109478
XP_036188104.1	XP_036287525	27.660	329	505	336	65	7.65e-30	124	retinoic acid receptor beta isoform X3 [Pipistrellus kuhlii]	59472
XP_036188104.1	XP_045435282	27.660	329	505	336	65	7.65e-30	124	retinoic acid receptor beta isoform X3 [Pipistrellus kuhlii]	59472
XP_036188104.1	XP_036287523	27.660	329	505	336	65	7.65e-30	124	retinoic acid receptor beta isoform X3 [Pipistrellus kuhlii]	59472
XP_036188104.1	XP_036287524	27.660	329	505	336	65	7.65e-30	124	retinoic acid receptor beta isoform X3 [Pipistrellus kuhlii]	59472
XP_036188104.1	XP_045435281	27.660	329	505	336	65	7.65e-30	124	retinoic acid receptor beta isoform X3 [Pipistrellus kuhlii]	59472
XP_036188104.1	XP_006087670	27.660	329	505	336	65	7.65e-30	124	retinoic acid receptor beta isoform X2 [Myotis lucifugus]	59463
XP_036188104.1	XP_080961940	27.660	329	505	336	65	7.65e-30	124	retinoic acid receptor beta isoform 4 [Myotis nattereri]	109481
XP_036188104.1	XP_080961939	27.660	329	505	336	65	7.65e-30	124	retinoic acid receptor beta isoform 4 [Myotis nattereri]	109481
XP_036188104.1	XP_080531075	27.660	329	505	336	65	7.65e-30	124	retinoic acid receptor beta isoform 5 [Plecotus auritus]	61862
XP_036188104.1	XP_079651764	27.660	329	505	336	65	7.65e-30	124	retinoic acid receptor beta isoform 2 [Cnephaeus nilssonii]	3371016
XP_036188104.1	XP_079651763	27.660	329	505	336	65	7.65e-30	124	retinoic acid receptor beta isoform 2 [Cnephaeus nilssonii]	3371016
XP_036188104.1	XP_074181761	29.282	362	505	622	69	7.98e-30	128	nuclear receptor subfamily 4immunitygroup A member 1 isoform X1 [Rhinolophus sinicus]	89399
XP_036188104.1	XP_019580082	29.282	362	505	622	69	7.98e-30	128	nuclear receptor subfamily 4immunitygroup A member 1 isoform X1 [Rhinolophus sinicus]	89399
XP_036188104.1	XP_074181760	29.282	362	505	622	69	7.98e-30	128	nuclear receptor subfamily 4immunitygroup A member 1 isoform X1 [Rhinolophus sinicus]	89399
XP_036188104.1	XP_019580081	29.282	362	505	622	69	7.98e-30	128	nuclear receptor subfamily 4immunitygroup A member 1 isoform X1 [Rhinolophus sinicus]	89399
XP_036188104.1	XP_019479446	29.558	362	505	598	69	8.50e-30	128	PREDICTED: nuclear receptor subfamily 4 group A member 1 [Hipposideros armiger]	186990
XP_036188104.1	XP_019479445	29.558	362	505	598	69	8.50e-30	128	PREDICTED: nuclear receptor subfamily 4 group A member 1 [Hipposideros armiger]	186990
XP_036188104.1	XP_019479444	29.558	362	505	598	69	8.50e-30	128	PREDICTED: nuclear receptor subfamily 4 group A member 1 [Hipposideros armiger]	186990
XP_036188104.1	XP_019479443	29.558	362	505	598	69	8.50e-30	128	PREDICTED: nuclear receptor subfamily 4 group A member 1 [Hipposideros armiger]	186990
XP_036188104.1	XP_019580086	29.282	362	505	598	69	8.74e-30	128	nuclear receptor subfamily 4immunitygroup A member 1 isoform X2 [Rhinolophus sinicus]	89399
XP_036188104.1	XP_019580085	29.282	362	505	598	69	8.74e-30	128	nuclear receptor subfamily 4immunitygroup A member 1 isoform X2 [Rhinolophus sinicus]	89399
XP_036188104.1	XP_019580084	29.282	362	505	598	69	8.74e-30	128	nuclear receptor subfamily 4immunitygroup A member 1 isoform X2 [Rhinolophus sinicus]	89399
XP_036188104.1	XP_019580083	29.282	362	505	598	69	8.74e-30	128	nuclear receptor subfamily 4immunitygroup A member 1 isoform X2 [Rhinolophus sinicus]	89399
XP_036188104.1	XP_032974232	29.282	362	505	598	69	9.97e-30	128	nuclear receptor subfamily 4 group A member 1 isoform X2 [Rhinolophus ferrumequinum]	59479
XP_036188104.1	XP_032974231	29.282	362	505	598	69	9.97e-30	128	nuclear receptor subfamily 4 group A member 1 isoform X2 [Rhinolophus ferrumequinum]	59479
XP_036188104.1	XP_032974230	29.282	362	505	598	69	9.97e-30	128	nuclear receptor subfamily 4 group A member 1 isoform X2 [Rhinolophus ferrumequinum]	59479
XP_036188104.1	XP_032974229	29.282	362	505	622	69	1.11e-29	128	nuclear receptor subfamily 4 group A member 1 isoform X1 [Rhinolophus ferrumequinum]	59479
XP_036188104.1	XP_032974228	29.282	362	505	622	69	1.11e-29	128	nuclear receptor subfamily 4 group A member 1 isoform X1 [Rhinolophus ferrumequinum]	59479
XP_036188104.1	XP_006757079	28.653	349	505	521	68	1.16e-29	127	PREDICTED: retinoic acid receptor gamma isoform X1 [Myotis davidii]	225400
XP_036188104.1	XP_045055961	27.660	329	505	336	65	1.23e-29	124	retinoic acid receptor beta isoform X3 [Desmodus rotundus]	9430
XP_036188104.1	XP_054451017	27.660	329	505	336	65	1.23e-29	124	retinoic acid receptor beta isoform X2 [Pteronotus mesoamericanus]	1884717
XP_036188104.1	XP_016054282	27.660	329	505	336	65	1.23e-29	124	PREDICTED: retinoic acid receptor beta isoform X3 [Miniopterus natalensis]	291302
XP_036188104.1	XP_036999903	27.660	329	505	336	65	1.23e-29	124	retinoic acid receptor beta isoform X2 [Artibeus jamaicensis]	9417
XP_036188104.1	XP_036999902	27.660	329	505	336	65	1.23e-29	124	retinoic acid receptor beta isoform X2 [Artibeus jamaicensis]	9417
XP_036188104.1	XP_015980361	27.660	329	505	336	65	1.23e-29	124	retinoic acid receptor beta isoform X3 [Rousettus aegyptiacus]	9407
XP_036188104.1	XP_015980360	27.660	329	505	336	65	1.23e-29	124	retinoic acid receptor beta isoform X3 [Rousettus aegyptiacus]	9407
XP_036188104.1	XP_015980359	27.660	329	505	336	65	1.23e-29	124	retinoic acid receptor beta isoform X3 [Rousettus aegyptiacus]	9407
XP_036188104.1	XP_015980358	27.660	329	505	336	65	1.23e-29	124	retinoic acid receptor beta isoform X3 [Rousettus aegyptiacus]	9407
XP_036188104.1	XP_015980356	27.660	329	505	336	65	1.23e-29	124	retinoic acid receptor beta isoform X3 [Rousettus aegyptiacus]	9407
XP_036188104.1	XP_028373648	27.660	329	505	336	65	1.23e-29	124	retinoic acid receptor beta isoform X3 [Phyllostomus discolor]	89673
XP_036188104.1	XP_028373647	27.660	329	505	336	65	1.23e-29	124	retinoic acid receptor beta isoform X3 [Phyllostomus discolor]	89673
XP_036188104.1	XP_081015817	27.660	329	505	336	65	1.23e-29	124	retinoic acid receptor beta isoform 3 [Miniopterus schreibersii]	9433
XP_036188104.1	XP_035884382	27.225	382	505	395	71	1.32e-29	125	photoreceptor-specific nuclear receptor isoform X3 [Phyllostomus discolor]	89673
XP_036188104.1	XP_036917021	27.518	407	505	477	72	1.33e-29	126	vitamin D3 receptor [Sturnira hondurensis]	192404
XP_036188104.1	XP_066121558	29.006	362	505	598	69	1.37e-29	127	nuclear receptor subfamily 4immunitygroup A member 1 [Saccopteryx bilineata]	59482
XP_036188104.1	XP_066121548	29.006	362	505	598	69	1.37e-29	127	nuclear receptor subfamily 4immunitygroup A member 1 [Saccopteryx bilineata]	59482
XP_036188104.1	XP_066121541	29.006	362	505	598	69	1.37e-29	127	nuclear receptor subfamily 4immunitygroup A member 1 [Saccopteryx bilineata]	59482
XP_036188104.1	XP_066121533	29.006	362	505	598	69	1.37e-29	127	nuclear receptor subfamily 4immunitygroup A member 1 [Saccopteryx bilineata]	59482
XP_036188104.1	XP_066121523	29.006	362	505	598	69	1.37e-29	127	nuclear receptor subfamily 4immunitygroup A member 1 [Saccopteryx bilineata]	59482
XP_036188104.1	XP_066121517	29.006	362	505	598	69	1.37e-29	127	nuclear receptor subfamily 4immunitygroup A member 1 [Saccopteryx bilineata]	59482
XP_036188104.1	XP_035884369	27.344	384	505	402	72	1.52e-29	125	photoreceptor-specific nuclear receptor isoform X1 [Phyllostomus discolor]	89673
XP_036188104.1	XP_019515123	30.149	335	505	333	60	1.69e-29	123	PREDICTED: photoreceptor-specific nuclear receptor isoform X2 [Hipposideros armiger]	186990
XP_036188104.1	XP_045443959	29.006	362	505	689	69	1.97e-29	127	nuclear receptor subfamily 4 group A member 1 isoform X1 [Pipistrellus kuhlii]	59472
XP_036188104.1	XP_080915427	29.282	362	505	598	69	2.00e-29	127	nuclear receptor subfamily 4immunitygroup A member 1 isoform 2 [Rhinolophus hipposideros]	77218
XP_036188104.1	XP_080915426	29.282	362	505	598	69	2.00e-29	127	nuclear receptor subfamily 4immunitygroup A member 1 isoform 2 [Rhinolophus hipposideros]	77218
XP_036188104.1	XP_080915425	29.282	362	505	598	69	2.00e-29	127	nuclear receptor subfamily 4immunitygroup A member 1 isoform 2 [Rhinolophus hipposideros]	77218
XP_036188104.1	XP_080915424	29.282	362	505	598	69	2.00e-29	127	nuclear receptor subfamily 4immunitygroup A member 1 isoform 2 [Rhinolophus hipposideros]	77218
XP_036188104.1	XP_036312880	28.571	378	505	604	72	2.03e-29	127	nuclear receptor subfamily 4 group A member 1 isoform X2 [Pipistrellus kuhlii]	59472
XP_036188104.1	XP_045443960	28.571	378	505	604	72	2.03e-29	127	nuclear receptor subfamily 4 group A member 1 isoform X2 [Pipistrellus kuhlii]	59472
XP_036188104.1	XP_036312879	28.571	378	505	604	72	2.03e-29	127	nuclear receptor subfamily 4 group A member 1 isoform X2 [Pipistrellus kuhlii]	59472
XP_036188104.1	XP_066209824	29.006	362	505	595	69	2.04e-29	127	nuclear receptor subfamily 4immunitygroup A member 1 [Saccopteryx leptura]	249018
XP_036188104.1	XP_066209814	29.006	362	505	595	69	2.04e-29	127	nuclear receptor subfamily 4immunitygroup A member 1 [Saccopteryx leptura]	249018
XP_036188104.1	XP_066209805	29.006	362	505	595	69	2.04e-29	127	nuclear receptor subfamily 4immunitygroup A member 1 [Saccopteryx leptura]	249018
XP_036188104.1	XP_066209795	29.006	362	505	595	69	2.04e-29	127	nuclear receptor subfamily 4immunitygroup A member 1 [Saccopteryx leptura]	249018
XP_036188104.1	XP_066209784	29.006	362	505	595	69	2.04e-29	127	nuclear receptor subfamily 4immunitygroup A member 1 [Saccopteryx leptura]	249018
XP_036188104.1	XP_066209777	29.006	362	505	595	69	2.04e-29	127	nuclear receptor subfamily 4immunitygroup A member 1 [Saccopteryx leptura]	249018
XP_036188104.1	XP_035884393	28.080	349	505	364	65	2.19e-29	124	photoreceptor-specific nuclear receptor isoform X5 [Phyllostomus discolor]	89673
XP_036188104.1	XP_080915423	29.282	362	505	622	69	2.38e-29	127	nuclear receptor subfamily 4immunitygroup A member 1 isoform 1 [Rhinolophus hipposideros]	77218
XP_036188104.1	XP_016020508	29.659	381	505	435	73	2.80e-29	125	estrogen-related receptor gamma isoform X9 [Rousettus aegyptiacus]	9407
XP_036188104.1	XP_016020507	29.659	381	505	435	73	2.80e-29	125	estrogen-related receptor gamma isoform X9 [Rousettus aegyptiacus]	9407
XP_036188104.1	XP_016020506	29.659	381	505	435	73	2.80e-29	125	estrogen-related receptor gamma isoform X9 [Rousettus aegyptiacus]	9407
XP_036188104.1	XP_016020505	29.659	381	505	435	73	2.80e-29	125	estrogen-related receptor gamma isoform X9 [Rousettus aegyptiacus]	9407
XP_036188104.1	XP_016020510	29.659	381	505	435	73	2.80e-29	125	estrogen-related receptor gamma isoform X9 [Rousettus aegyptiacus]	9407
XP_036188104.1	XP_039739311	29.659	381	505	435	73	2.80e-29	125	estrogen-related receptor gamma isoform X5 [Pteropus medius]	143291
XP_036188104.1	XP_039739310	29.659	381	505	435	73	2.80e-29	125	estrogen-related receptor gamma isoform X5 [Pteropus medius]	143291
XP_036188104.1	XP_039739309	29.659	381	505	435	73	2.80e-29	125	estrogen-related receptor gamma isoform X5 [Pteropus medius]	143291
XP_036188104.1	XP_039739308	29.659	381	505	435	73	2.80e-29	125	estrogen-related receptor gamma isoform X5 [Pteropus medius]	143291
XP_036188104.1	XP_039739307	29.659	381	505	435	73	2.80e-29	125	estrogen-related receptor gamma isoform X5 [Pteropus medius]	143291
XP_036188104.1	XP_039739306	29.659	381	505	435	73	2.80e-29	125	estrogen-related receptor gamma isoform X5 [Pteropus medius]	143291
XP_036188104.1	XP_039739305	29.659	381	505	435	73	2.80e-29	125	estrogen-related receptor gamma isoform X5 [Pteropus medius]	143291
XP_036188104.1	XP_039739303	29.659	381	505	435	73	2.80e-29	125	estrogen-related receptor gamma isoform X5 [Pteropus medius]	143291
XP_036188104.1	XP_039739302	29.659	381	505	435	73	2.80e-29	125	estrogen-related receptor gamma isoform X5 [Pteropus medius]	143291
XP_036188104.1	XP_039739300	29.659	381	505	435	73	2.80e-29	125	estrogen-related receptor gamma isoform X5 [Pteropus medius]	143291
XP_036188104.1	XP_039739299	29.659	381	505	435	73	2.80e-29	125	estrogen-related receptor gamma isoform X5 [Pteropus medius]	143291
XP_036188104.1	XP_023389933	29.659	381	505	442	73	3.05e-29	125	estrogen-related receptor gamma isoform X4 [Pteropus vampyrus]	132908
XP_036188104.1	XP_035884387	28.080	349	505	384	65	3.22e-29	124	photoreceptor-specific nuclear receptor isoform X4 [Phyllostomus discolor]	89673
XP_036188104.1	XP_016020496	29.659	381	505	509	73	3.36e-29	125	estrogen-related receptor gamma isoform X2 [Rousettus aegyptiacus]	9407
XP_036188104.1	XP_036886848	29.477	363	505	598	69	3.44e-29	126	nuclear receptor subfamily 4immunitygroup A member 1 [Sturnira hondurensis]	192404
XP_036188104.1	XP_036886847	29.477	363	505	598	69	3.44e-29	126	nuclear receptor subfamily 4immunitygroup A member 1 [Sturnira hondurensis]	192404
XP_036188104.1	XP_036886846	29.477	363	505	598	69	3.44e-29	126	nuclear receptor subfamily 4immunitygroup A member 1 [Sturnira hondurensis]	192404
XP_036188104.1	XP_036886845	29.477	363	505	598	69	3.44e-29	126	nuclear receptor subfamily 4immunitygroup A member 1 [Sturnira hondurensis]	192404
XP_036188104.1	XP_005869294	28.989	376	505	590	72	3.50e-29	126	PREDICTED: LOW QUALITY PROTEIN: nuclear receptor subfamily 4 group A member 1 [Myotis brandtii]	109478
XP_036188104.1	XP_011356654	27.660	329	505	336	65	3.77e-29	122	retinoic acid receptor beta isoform X2 [Pteropus vampyrus]	132908
XP_036188104.1	XP_039692672	27.660	329	505	336	65	3.77e-29	122	retinoic acid receptor beta isoform X3 [Pteropus medius]	143291
XP_036188104.1	XP_023389932	29.659	381	505	432	73	3.97e-29	124	estrogen-related receptor gamma isoform X3 [Pteropus vampyrus]	132908
XP_036188104.1	XP_016076704	29.659	381	505	435	73	3.98e-29	124	PREDICTED: estrogen-related receptor gamma [Miniopterus natalensis]	291302
XP_036188104.1	XP_080979973	29.659	381	505	435	73	3.98e-29	124	estrogen-related receptor gamma isoform 3 [Miniopterus schreibersii]	9433
XP_036188104.1	XP_080979972	29.659	381	505	435	73	3.98e-29	124	estrogen-related receptor gamma isoform 3 [Miniopterus schreibersii]	9433
XP_036188104.1	XP_080979971	29.659	381	505	435	73	3.98e-29	124	estrogen-related receptor gamma isoform 3 [Miniopterus schreibersii]	9433
XP_036188104.1	XP_080979970	29.659	381	505	435	73	3.98e-29	124	estrogen-related receptor gamma isoform 3 [Miniopterus schreibersii]	9433
XP_036188104.1	XP_080979981	29.659	381	505	435	73	3.98e-29	124	estrogen-related receptor gamma isoform 3 [Miniopterus schreibersii]	9433
XP_036188104.1	XP_080979980	29.659	381	505	435	73	3.98e-29	124	estrogen-related receptor gamma isoform 3 [Miniopterus schreibersii]	9433
XP_036188104.1	XP_080979979	29.659	381	505	435	73	3.98e-29	124	estrogen-related receptor gamma isoform 3 [Miniopterus schreibersii]	9433
XP_036188104.1	XP_080979978	29.659	381	505	435	73	3.98e-29	124	estrogen-related receptor gamma isoform 3 [Miniopterus schreibersii]	9433
XP_036188104.1	XP_080979977	29.659	381	505	435	73	3.98e-29	124	estrogen-related receptor gamma isoform 3 [Miniopterus schreibersii]	9433
XP_036188104.1	XP_080979976	29.659	381	505	435	73	3.98e-29	124	estrogen-related receptor gamma isoform 3 [Miniopterus schreibersii]	9433
XP_036188104.1	XP_080979975	29.659	381	505	435	73	3.98e-29	124	estrogen-related receptor gamma isoform 3 [Miniopterus schreibersii]	9433
XP_036188104.1	XP_016020499	29.659	381	505	451	73	4.19e-29	124	estrogen-related receptor gamma isoform X6 [Rousettus aegyptiacus]	9407
XP_036188104.1	XP_023389931	29.659	381	505	465	73	4.22e-29	124	estrogen-related receptor gamma isoform X1 [Pteropus vampyrus]	132908
XP_036188104.1	XP_070257199	29.659	381	505	435	73	4.38e-29	124	estrogen-related receptor gamma isoform X3 [Myotis yumanensis]	159337
XP_036188104.1	XP_070257198	29.659	381	505	435	73	4.38e-29	124	estrogen-related receptor gamma isoform X3 [Myotis yumanensis]	159337
XP_036188104.1	XP_070257197	29.659	381	505	435	73	4.38e-29	124	estrogen-related receptor gamma isoform X3 [Myotis yumanensis]	159337
XP_036188104.1	XP_070257196	29.659	381	505	435	73	4.38e-29	124	estrogen-related receptor gamma isoform X3 [Myotis yumanensis]	159337
XP_036188104.1	XP_070257195	29.659	381	505	435	73	4.38e-29	124	estrogen-related receptor gamma isoform X3 [Myotis yumanensis]	159337
XP_036188104.1	XP_059533793	29.659	381	505	435	73	4.38e-29	124	estrogen-related receptor gamma isoform X3 [Myotis daubentonii]	98922
XP_036188104.1	XP_059533792	29.659	381	505	435	73	4.38e-29	124	estrogen-related receptor gamma isoform X3 [Myotis daubentonii]	98922
XP_036188104.1	XP_059533791	29.659	381	505	435	73	4.38e-29	124	estrogen-related receptor gamma isoform X3 [Myotis daubentonii]	98922
XP_036188104.1	XP_059533790	29.659	381	505	435	73	4.38e-29	124	estrogen-related receptor gamma isoform X3 [Myotis daubentonii]	98922
XP_036188104.1	XP_059533789	29.659	381	505	435	73	4.38e-29	124	estrogen-related receptor gamma isoform X3 [Myotis daubentonii]	98922
XP_036188104.1	XP_059533788	29.659	381	505	435	73	4.38e-29	124	estrogen-related receptor gamma isoform X3 [Myotis daubentonii]	98922
XP_036188104.1	XP_059533786	29.659	381	505	435	73	4.38e-29	124	estrogen-related receptor gamma isoform X3 [Myotis daubentonii]	98922
XP_036188104.1	XP_059533785	29.659	381	505	435	73	4.38e-29	124	estrogen-related receptor gamma isoform X3 [Myotis daubentonii]	98922
XP_036188104.1	XP_059533784	29.659	381	505	435	73	4.38e-29	124	estrogen-related receptor gamma isoform X3 [Myotis daubentonii]	98922
XP_036188104.1	XP_006761350	29.659	381	505	435	73	4.38e-29	124	PREDICTED: estrogen-related receptor gamma isoform X3 [Myotis davidii]	225400
XP_036188104.1	XP_006761349	29.659	381	505	435	73	4.38e-29	124	PREDICTED: estrogen-related receptor gamma isoform X3 [Myotis davidii]	225400
XP_036188104.1	XP_015417865	29.659	381	505	435	73	4.38e-29	124	PREDICTED: estrogen-related receptor gamma isoform X3 [Myotis davidii]	225400
XP_036188104.1	XP_015417864	29.659	381	505	435	73	4.38e-29	124	PREDICTED: estrogen-related receptor gamma isoform X3 [Myotis davidii]	225400
XP_036188104.1	XP_015417863	29.659	381	505	435	73	4.38e-29	124	PREDICTED: estrogen-related receptor gamma isoform X3 [Myotis davidii]	225400
XP_036188104.1	XP_015417862	29.659	381	505	435	73	4.38e-29	124	PREDICTED: estrogen-related receptor gamma isoform X3 [Myotis davidii]	225400
XP_036188104.1	XP_006761348	29.659	381	505	435	73	4.38e-29	124	PREDICTED: estrogen-related receptor gamma isoform X3 [Myotis davidii]	225400
XP_036188104.1	XP_014383539	29.659	381	505	435	73	4.38e-29	124	PREDICTED: estrogen-related receptor gamma isoform X3 [Myotis brandtii]	109478
XP_036188104.1	XP_014383538	29.659	381	505	435	73	4.38e-29	124	PREDICTED: estrogen-related receptor gamma isoform X3 [Myotis brandtii]	109478
XP_036188104.1	XP_014383537	29.659	381	505	435	73	4.38e-29	124	PREDICTED: estrogen-related receptor gamma isoform X3 [Myotis brandtii]	109478
XP_036188104.1	XP_014383536	29.659	381	505	435	73	4.38e-29	124	PREDICTED: estrogen-related receptor gamma isoform X3 [Myotis brandtii]	109478
XP_036188104.1	XP_036309402	29.659	381	505	435	73	4.38e-29	124	estrogen-related receptor gamma isoform X2 [Pipistrellus kuhlii]	59472
XP_036188104.1	XP_036309408	29.659	381	505	435	73	4.38e-29	124	estrogen-related receptor gamma isoform X2 [Pipistrellus kuhlii]	59472
XP_036188104.1	XP_036309405	29.659	381	505	435	73	4.38e-29	124	estrogen-related receptor gamma isoform X2 [Pipistrellus kuhlii]	59472
XP_036188104.1	XP_045443073	29.659	381	505	435	73	4.38e-29	124	estrogen-related receptor gamma isoform X2 [Pipistrellus kuhlii]	59472
XP_036188104.1	XP_036309407	29.659	381	505	435	73	4.38e-29	124	estrogen-related receptor gamma isoform X2 [Pipistrellus kuhlii]	59472
XP_036188104.1	XP_036309403	29.659	381	505	435	73	4.38e-29	124	estrogen-related receptor gamma isoform X2 [Pipistrellus kuhlii]	59472
XP_036188104.1	XP_023614362	29.659	381	505	435	73	4.38e-29	124	estrogen-related receptor gamma [Myotis lucifugus]	59463
XP_036188104.1	XP_080507040	29.659	381	505	435	73	4.38e-29	124	estrogen-related receptor gamma isoform 4 [Plecotus auritus]	61862
XP_036188104.1	XP_080507039	29.659	381	505	435	73	4.38e-29	124	estrogen-related receptor gamma isoform 4 [Plecotus auritus]	61862
XP_036188104.1	XP_080507038	29.659	381	505	435	73	4.38e-29	124	estrogen-related receptor gamma isoform 4 [Plecotus auritus]	61862
XP_036188104.1	XP_080507037	29.659	381	505	435	73	4.38e-29	124	estrogen-related receptor gamma isoform 4 [Plecotus auritus]	61862
XP_036188104.1	XP_079619564	29.659	381	505	435	73	4.38e-29	124	estrogen-related receptor gamma isoform 3 [Cnephaeus nilssonii]	3371016
XP_036188104.1	XP_079619563	29.659	381	505	435	73	4.38e-29	124	estrogen-related receptor gamma isoform 3 [Cnephaeus nilssonii]	3371016
XP_036188104.1	XP_079619562	29.659	381	505	435	73	4.38e-29	124	estrogen-related receptor gamma isoform 3 [Cnephaeus nilssonii]	3371016
XP_036188104.1	XP_079619561	29.659	381	505	435	73	4.38e-29	124	estrogen-related receptor gamma isoform 3 [Cnephaeus nilssonii]	3371016
XP_036188104.1	XP_079619560	29.659	381	505	435	73	4.38e-29	124	estrogen-related receptor gamma isoform 3 [Cnephaeus nilssonii]	3371016
XP_036188104.1	XP_079619573	29.659	381	505	435	73	4.38e-29	124	estrogen-related receptor gamma isoform 3 [Cnephaeus nilssonii]	3371016
XP_036188104.1	XP_079619572	29.659	381	505	435	73	4.38e-29	124	estrogen-related receptor gamma isoform 3 [Cnephaeus nilssonii]	3371016
XP_036188104.1	XP_079619571	29.659	381	505	435	73	4.38e-29	124	estrogen-related receptor gamma isoform 3 [Cnephaeus nilssonii]	3371016
XP_036188104.1	XP_079619570	29.659	381	505	435	73	4.38e-29	124	estrogen-related receptor gamma isoform 3 [Cnephaeus nilssonii]	3371016
XP_036188104.1	XP_079619569	29.659	381	505	435	73	4.38e-29	124	estrogen-related receptor gamma isoform 3 [Cnephaeus nilssonii]	3371016
XP_036188104.1	XP_079619568	29.659	381	505	435	73	4.38e-29	124	estrogen-related receptor gamma isoform 3 [Cnephaeus nilssonii]	3371016
XP_036188104.1	XP_036210557	29.659	381	505	442	73	4.45e-29	124	estrogen-related receptor gamma isoform X4 [Myotis myotis]	51298
XP_036188104.1	XP_036210556	29.659	381	505	442	73	4.45e-29	124	estrogen-related receptor gamma isoform X4 [Myotis myotis]	51298
XP_036188104.1	XP_036210555	29.659	381	505	442	73	4.45e-29	124	estrogen-related receptor gamma isoform X4 [Myotis myotis]	51298
XP_036188104.1	XP_036210554	29.659	381	505	442	73	4.45e-29	124	estrogen-related receptor gamma isoform X4 [Myotis myotis]	51298
XP_036188104.1	XP_036210553	29.659	381	505	442	73	4.45e-29	124	estrogen-related receptor gamma isoform X4 [Myotis myotis]	51298
XP_036188104.1	XP_036210552	29.659	381	505	442	73	4.45e-29	124	estrogen-related receptor gamma isoform X4 [Myotis myotis]	51298
XP_036188104.1	XP_036210551	29.659	381	505	442	73	4.45e-29	124	estrogen-related receptor gamma isoform X4 [Myotis myotis]	51298
XP_036188104.1	XP_080507034	29.659	381	505	481	73	4.47e-29	125	estrogen-related receptor gamma isoform 1 [Plecotus auritus]	61862
XP_036188104.1	XP_032955687	29.659	381	505	435	73	4.51e-29	124	estrogen-related receptor gamma isoform X1 [Rhinolophus ferrumequinum]	59479
XP_036188104.1	XP_032955686	29.659	381	505	435	73	4.51e-29	124	estrogen-related receptor gamma isoform X1 [Rhinolophus ferrumequinum]	59479
XP_036188104.1	XP_032955685	29.659	381	505	435	73	4.51e-29	124	estrogen-related receptor gamma isoform X1 [Rhinolophus ferrumequinum]	59479
XP_036188104.1	XP_032955684	29.659	381	505	435	73	4.51e-29	124	estrogen-related receptor gamma isoform X1 [Rhinolophus ferrumequinum]	59479
XP_036188104.1	XP_032955683	29.659	381	505	435	73	4.51e-29	124	estrogen-related receptor gamma isoform X1 [Rhinolophus ferrumequinum]	59479
XP_036188104.1	XP_032955682	29.659	381	505	435	73	4.51e-29	124	estrogen-related receptor gamma isoform X1 [Rhinolophus ferrumequinum]	59479
XP_036188104.1	XP_032955681	29.659	381	505	435	73	4.51e-29	124	estrogen-related receptor gamma isoform X1 [Rhinolophus ferrumequinum]	59479
XP_036188104.1	XP_032955680	29.659	381	505	435	73	4.51e-29	124	estrogen-related receptor gamma isoform X1 [Rhinolophus ferrumequinum]	59479
XP_036188104.1	XP_032955679	29.659	381	505	435	73	4.51e-29	124	estrogen-related receptor gamma isoform X1 [Rhinolophus ferrumequinum]	59479
XP_036188104.1	XP_032955678	29.659	381	505	435	73	4.51e-29	124	estrogen-related receptor gamma isoform X1 [Rhinolophus ferrumequinum]	59479
XP_036188104.1	XP_032955676	29.659	381	505	435	73	4.51e-29	124	estrogen-related receptor gamma isoform X1 [Rhinolophus ferrumequinum]	59479
XP_036188104.1	XP_032955675	29.659	381	505	435	73	4.51e-29	124	estrogen-related receptor gamma isoform X1 [Rhinolophus ferrumequinum]	59479
XP_036188104.1	XP_032955672	29.659	381	505	435	73	4.51e-29	124	estrogen-related receptor gamma isoform X1 [Rhinolophus ferrumequinum]	59479
XP_036188104.1	XP_080895470	29.659	381	505	435	73	4.51e-29	124	estrogen-related receptor gamma isoform 2 [Rhinolophus hipposideros]	77218
XP_036188104.1	XP_080895469	29.659	381	505	435	73	4.51e-29	124	estrogen-related receptor gamma isoform 2 [Rhinolophus hipposideros]	77218
XP_036188104.1	XP_080895468	29.659	381	505	435	73	4.51e-29	124	estrogen-related receptor gamma isoform 2 [Rhinolophus hipposideros]	77218
XP_036188104.1	XP_080895478	29.659	381	505	435	73	4.51e-29	124	estrogen-related receptor gamma isoform 2 [Rhinolophus hipposideros]	77218
XP_036188104.1	XP_080895477	29.659	381	505	435	73	4.51e-29	124	estrogen-related receptor gamma isoform 2 [Rhinolophus hipposideros]	77218
XP_036188104.1	XP_080895476	29.659	381	505	435	73	4.51e-29	124	estrogen-related receptor gamma isoform 2 [Rhinolophus hipposideros]	77218
XP_036188104.1	XP_080895475	29.659	381	505	435	73	4.51e-29	124	estrogen-related receptor gamma isoform 2 [Rhinolophus hipposideros]	77218
XP_036188104.1	XP_080895474	29.659	381	505	435	73	4.51e-29	124	estrogen-related receptor gamma isoform 2 [Rhinolophus hipposideros]	77218
XP_036188104.1	XP_080895473	29.659	381	505	435	73	4.51e-29	124	estrogen-related receptor gamma isoform 2 [Rhinolophus hipposideros]	77218
XP_036188104.1	XP_080895472	29.659	381	505	435	73	4.51e-29	124	estrogen-related receptor gamma isoform 2 [Rhinolophus hipposideros]	77218
XP_036188104.1	XP_080895471	29.659	381	505	435	73	4.51e-29	124	estrogen-related receptor gamma isoform 2 [Rhinolophus hipposideros]	77218
XP_036188104.1	XP_074173134	29.659	381	505	435	73	4.51e-29	124	estrogen-related receptor gamma isoform X4 [Rhinolophus sinicus]	89399
XP_036188104.1	XP_019599322	29.659	381	505	435	73	4.51e-29	124	estrogen-related receptor gamma isoform X4 [Rhinolophus sinicus]	89399
XP_036188104.1	XP_074173133	29.659	381	505	435	73	4.51e-29	124	estrogen-related receptor gamma isoform X4 [Rhinolophus sinicus]	89399
XP_036188104.1	XP_019599396	29.659	381	505	435	73	4.51e-29	124	estrogen-related receptor gamma isoform X4 [Rhinolophus sinicus]	89399
XP_036188104.1	XP_019599158	29.659	381	505	435	73	4.51e-29	124	estrogen-related receptor gamma isoform X4 [Rhinolophus sinicus]	89399
XP_036188104.1	XP_074173132	29.659	381	505	435	73	4.51e-29	124	estrogen-related receptor gamma isoform X4 [Rhinolophus sinicus]	89399
XP_036188104.1	XP_039739297	29.659	381	505	492	73	4.74e-29	125	estrogen-related receptor gamma isoform X3 [Pteropus medius]	143291
XP_036188104.1	XP_066236132	29.659	381	505	440	73	4.87e-29	124	estrogen-related receptor gamma isoform X6 [Saccopteryx leptura]	249018
XP_036188104.1	XP_019488659	28.460	383	505	348	72	4.90e-29	122	PREDICTED: nuclear receptor subfamily 1 group I member 3 isoform X1 [Hipposideros armiger]	186990
XP_036188104.1	XP_036091331	29.659	381	505	442	73	4.90e-29	124	estrogen-related receptor gamma isoform X8 [Rousettus aegyptiacus]	9407
XP_036188104.1	XP_016020498	29.659	381	505	492	73	4.93e-29	125	estrogen-related receptor gamma isoform X4 [Rousettus aegyptiacus]	9407
XP_036188104.1	XP_053768586	29.659	381	505	435	73	4.97e-29	124	estrogen-related receptor gamma isoform X1 [Desmodus rotundus]	9430
XP_036188104.1	XP_053768587	29.659	381	505	435	73	4.97e-29	124	estrogen-related receptor gamma isoform X1 [Desmodus rotundus]	9430
XP_036188104.1	XP_071075677	29.659	381	505	435	73	4.97e-29	124	estrogen-related receptor gamma isoform X1 [Desmodus rotundus]	9430
XP_036188104.1	XP_053768585	29.659	381	505	435	73	4.97e-29	124	estrogen-related receptor gamma isoform X1 [Desmodus rotundus]	9430
XP_036188104.1	XP_053768580	29.659	381	505	435	73	4.97e-29	124	estrogen-related receptor gamma isoform X1 [Desmodus rotundus]	9430
XP_036188104.1	XP_053768584	29.659	381	505	435	73	4.97e-29	124	estrogen-related receptor gamma isoform X1 [Desmodus rotundus]	9430
XP_036188104.1	XP_053768582	29.659	381	505	435	73	4.97e-29	124	estrogen-related receptor gamma isoform X1 [Desmodus rotundus]	9430
XP_036188104.1	XP_053768583	29.659	381	505	435	73	4.97e-29	124	estrogen-related receptor gamma isoform X1 [Desmodus rotundus]	9430
XP_036188104.1	XP_053768581	29.659	381	505	435	73	4.97e-29	124	estrogen-related receptor gamma isoform X1 [Desmodus rotundus]	9430
XP_036188104.1	XP_053768565	29.659	381	505	435	73	4.97e-29	124	estrogen-related receptor gamma isoform X1 [Desmodus rotundus]	9430
XP_036188104.1	XP_066236229	29.659	381	505	435	73	4.97e-29	124	estrogen-related receptor gamma isoform X7 [Saccopteryx leptura]	249018
XP_036188104.1	XP_066236218	29.659	381	505	435	73	4.97e-29	124	estrogen-related receptor gamma isoform X7 [Saccopteryx leptura]	249018
XP_036188104.1	XP_066236208	29.659	381	505	435	73	4.97e-29	124	estrogen-related receptor gamma isoform X7 [Saccopteryx leptura]	249018
XP_036188104.1	XP_066236198	29.659	381	505	435	73	4.97e-29	124	estrogen-related receptor gamma isoform X7 [Saccopteryx leptura]	249018
XP_036188104.1	XP_066236189	29.659	381	505	435	73	4.97e-29	124	estrogen-related receptor gamma isoform X7 [Saccopteryx leptura]	249018
XP_036188104.1	XP_066236187	29.659	381	505	435	73	4.97e-29	124	estrogen-related receptor gamma isoform X7 [Saccopteryx leptura]	249018
XP_036188104.1	XP_066236182	29.659	381	505	435	73	4.97e-29	124	estrogen-related receptor gamma isoform X7 [Saccopteryx leptura]	249018
XP_036188104.1	XP_066236173	29.659	381	505	435	73	4.97e-29	124	estrogen-related receptor gamma isoform X7 [Saccopteryx leptura]	249018
XP_036188104.1	XP_066236163	29.659	381	505	435	73	4.97e-29	124	estrogen-related receptor gamma isoform X7 [Saccopteryx leptura]	249018
XP_036188104.1	XP_066236154	29.659	381	505	435	73	4.97e-29	124	estrogen-related receptor gamma isoform X7 [Saccopteryx leptura]	249018
XP_036188104.1	XP_066236147	29.659	381	505	435	73	4.97e-29	124	estrogen-related receptor gamma isoform X7 [Saccopteryx leptura]	249018
XP_036188104.1	XP_066236138	29.659	381	505	435	73	4.97e-29	124	estrogen-related receptor gamma isoform X7 [Saccopteryx leptura]	249018
XP_036188104.1	XP_066094263	29.659	381	505	435	73	4.97e-29	124	estrogen-related receptor gamma isoform X7 [Saccopteryx bilineata]	59482
XP_036188104.1	XP_066094251	29.659	381	505	435	73	4.97e-29	124	estrogen-related receptor gamma isoform X7 [Saccopteryx bilineata]	59482
XP_036188104.1	XP_066094241	29.659	381	505	435	73	4.97e-29	124	estrogen-related receptor gamma isoform X7 [Saccopteryx bilineata]	59482
XP_036188104.1	XP_066094232	29.659	381	505	435	73	4.97e-29	124	estrogen-related receptor gamma isoform X7 [Saccopteryx bilineata]	59482
XP_036188104.1	XP_066094226	29.659	381	505	435	73	4.97e-29	124	estrogen-related receptor gamma isoform X7 [Saccopteryx bilineata]	59482
XP_036188104.1	XP_066094225	29.659	381	505	435	73	4.97e-29	124	estrogen-related receptor gamma isoform X7 [Saccopteryx bilineata]	59482
XP_036188104.1	XP_066094224	29.659	381	505	435	73	4.97e-29	124	estrogen-related receptor gamma isoform X7 [Saccopteryx bilineata]	59482
XP_036188104.1	XP_066094223	29.659	381	505	435	73	4.97e-29	124	estrogen-related receptor gamma isoform X7 [Saccopteryx bilineata]	59482
XP_036188104.1	XP_066094222	29.659	381	505	435	73	4.97e-29	124	estrogen-related receptor gamma isoform X7 [Saccopteryx bilineata]	59482
XP_036188104.1	XP_066094221	29.659	381	505	435	73	4.97e-29	124	estrogen-related receptor gamma isoform X7 [Saccopteryx bilineata]	59482
XP_036188104.1	XP_054432563	29.659	381	505	435	73	4.97e-29	124	estrogen-related receptor gamma isoform X2 [Pteronotus mesoamericanus]	1884717
XP_036188104.1	XP_054432562	29.659	381	505	435	73	4.97e-29	124	estrogen-related receptor gamma isoform X2 [Pteronotus mesoamericanus]	1884717
XP_036188104.1	XP_054432561	29.659	381	505	435	73	4.97e-29	124	estrogen-related receptor gamma isoform X2 [Pteronotus mesoamericanus]	1884717
XP_036188104.1	XP_053523325	29.659	381	505	435	73	4.97e-29	124	estrogen-related receptor gamma isoform X2 [Artibeus jamaicensis]	9417
XP_036188104.1	XP_053523324	29.659	381	505	435	73	4.97e-29	124	estrogen-related receptor gamma isoform X2 [Artibeus jamaicensis]	9417
XP_036188104.1	XP_053523323	29.659	381	505	435	73	4.97e-29	124	estrogen-related receptor gamma isoform X2 [Artibeus jamaicensis]	9417
XP_036188104.1	XP_036998610	29.659	381	505	435	73	4.97e-29	124	estrogen-related receptor gamma isoform X2 [Artibeus jamaicensis]	9417
XP_036188104.1	XP_053523322	29.659	381	505	435	73	4.97e-29	124	estrogen-related receptor gamma isoform X2 [Artibeus jamaicensis]	9417
XP_036188104.1	XP_053523321	29.659	381	505	435	73	4.97e-29	124	estrogen-related receptor gamma isoform X2 [Artibeus jamaicensis]	9417
XP_036188104.1	XP_053523320	29.659	381	505	435	73	4.97e-29	124	estrogen-related receptor gamma isoform X2 [Artibeus jamaicensis]	9417
XP_036188104.1	XP_053523319	29.659	381	505	435	73	4.97e-29	124	estrogen-related receptor gamma isoform X2 [Artibeus jamaicensis]	9417
XP_036188104.1	XP_053523317	29.659	381	505	435	73	4.97e-29	124	estrogen-related receptor gamma isoform X2 [Artibeus jamaicensis]	9417
XP_036188104.1	XP_053523316	29.659	381	505	435	73	4.97e-29	124	estrogen-related receptor gamma isoform X2 [Artibeus jamaicensis]	9417
XP_036188104.1	XP_053523315	29.659	381	505	435	73	4.97e-29	124	estrogen-related receptor gamma isoform X2 [Artibeus jamaicensis]	9417
XP_036188104.1	XP_053523314	29.659	381	505	435	73	4.97e-29	124	estrogen-related receptor gamma isoform X2 [Artibeus jamaicensis]	9417
XP_036188104.1	XP_053523313	29.659	381	505	435	73	4.97e-29	124	estrogen-related receptor gamma isoform X2 [Artibeus jamaicensis]	9417
XP_036188104.1	XP_036925357	29.659	381	505	435	73	4.97e-29	124	estrogen-related receptor gamma isoform X2 [Sturnira hondurensis]	192404
XP_036188104.1	XP_036925356	29.659	381	505	435	73	4.97e-29	124	estrogen-related receptor gamma isoform X2 [Sturnira hondurensis]	192404
XP_036188104.1	XP_036925355	29.659	381	505	435	73	4.97e-29	124	estrogen-related receptor gamma isoform X2 [Sturnira hondurensis]	192404
XP_036188104.1	XP_036925354	29.659	381	505	435	73	4.97e-29	124	estrogen-related receptor gamma isoform X2 [Sturnira hondurensis]	192404
XP_036188104.1	XP_036925352	29.659	381	505	435	73	4.97e-29	124	estrogen-related receptor gamma isoform X2 [Sturnira hondurensis]	192404
XP_036188104.1	XP_036925351	29.659	381	505	435	73	4.97e-29	124	estrogen-related receptor gamma isoform X2 [Sturnira hondurensis]	192404
XP_036188104.1	XP_036925350	29.659	381	505	435	73	4.97e-29	124	estrogen-related receptor gamma isoform X2 [Sturnira hondurensis]	192404
XP_036188104.1	XP_036925349	29.659	381	505	435	73	4.97e-29	124	estrogen-related receptor gamma isoform X2 [Sturnira hondurensis]	192404
XP_036188104.1	XP_036925348	29.659	381	505	435	73	4.97e-29	124	estrogen-related receptor gamma isoform X2 [Sturnira hondurensis]	192404
XP_036188104.1	XP_016020500	29.659	381	505	443	73	5.11e-29	124	estrogen-related receptor gamma isoform X7 [Rousettus aegyptiacus]	9407
XP_036188104.1	XP_006767436	28.333	360	505	572	70	5.19e-29	125	PREDICTED: LOW QUALITY PROTEIN: nuclear receptor subfamily 4 group A member 2 [Myotis davidii]	225400
XP_036188104.1	XP_016020497	29.659	381	505	493	73	5.22e-29	125	estrogen-related receptor gamma isoform X3 [Rousettus aegyptiacus]	9407
XP_036188104.1	XP_080501559	27.746	346	505	460	65	5.31e-29	124	oxysterols receptor LXR-beta isoform 1 [Plecotus auritus]	61862
XP_036188104.1	XP_045685369	29.945	364	505	600	69	5.45e-29	125	nuclear receptor subfamily 4 group A member 1 [Phyllostomus hastatus]	9423
XP_036188104.1	XP_045685368	29.945	364	505	600	69	5.45e-29	125	nuclear receptor subfamily 4 group A member 1 [Phyllostomus hastatus]	9423
XP_036188104.1	XP_045685367	29.945	364	505	600	69	5.45e-29	125	nuclear receptor subfamily 4 group A member 1 [Phyllostomus hastatus]	9423
XP_036188104.1	XP_045685366	29.945	364	505	600	69	5.45e-29	125	nuclear receptor subfamily 4 group A member 1 [Phyllostomus hastatus]	9423
XP_036188104.1	XP_045685365	29.945	364	505	600	69	5.45e-29	125	nuclear receptor subfamily 4 group A member 1 [Phyllostomus hastatus]	9423
XP_036188104.1	XP_045717577	29.659	381	505	435	73	5.53e-29	124	estrogen-related receptor gamma isoform X3 [Phyllostomus hastatus]	9423
XP_036188104.1	XP_045717575	29.659	381	505	435	73	5.53e-29	124	estrogen-related receptor gamma isoform X3 [Phyllostomus hastatus]	9423
XP_036188104.1	XP_045717573	29.659	381	505	435	73	5.53e-29	124	estrogen-related receptor gamma isoform X3 [Phyllostomus hastatus]	9423
XP_036188104.1	XP_045717564	29.659	381	505	435	73	5.53e-29	124	estrogen-related receptor gamma isoform X3 [Phyllostomus hastatus]	9423
XP_036188104.1	XP_045717555	29.659	381	505	435	73	5.53e-29	124	estrogen-related receptor gamma isoform X3 [Phyllostomus hastatus]	9423
XP_036188104.1	XP_045717547	29.659	381	505	435	73	5.53e-29	124	estrogen-related receptor gamma isoform X3 [Phyllostomus hastatus]	9423
XP_036188104.1	XP_045717540	29.659	381	505	435	73	5.53e-29	124	estrogen-related receptor gamma isoform X3 [Phyllostomus hastatus]	9423
XP_036188104.1	XP_045717534	29.659	381	505	435	73	5.53e-29	124	estrogen-related receptor gamma isoform X3 [Phyllostomus hastatus]	9423
XP_036188104.1	XP_045717523	29.659	381	505	435	73	5.53e-29	124	estrogen-related receptor gamma isoform X3 [Phyllostomus hastatus]	9423
XP_036188104.1	XP_045717512	29.659	381	505	435	73	5.53e-29	124	estrogen-related receptor gamma isoform X3 [Phyllostomus hastatus]	9423
XP_036188104.1	XP_016020495	29.659	381	505	524	73	5.64e-29	125	estrogen-related receptor gamma isoform X1 [Rousettus aegyptiacus]	9407
XP_036188104.1	XP_079619566	29.659	381	505	461	73	5.75e-29	124	estrogen-related receptor gamma isoform 1 [Cnephaeus nilssonii]	3371016
XP_036188104.1	XP_079619559	29.659	381	505	461	73	5.75e-29	124	estrogen-related receptor gamma isoform 1 [Cnephaeus nilssonii]	3371016
XP_036188104.1	XP_070257194	29.659	381	505	440	73	5.79e-29	124	estrogen-related receptor gamma isoform X2 [Myotis yumanensis]	159337
XP_036188104.1	XP_059533783	29.659	381	505	440	73	5.79e-29	124	estrogen-related receptor gamma isoform X2 [Myotis daubentonii]	98922
XP_036188104.1	XP_006761347	29.659	381	505	440	73	5.79e-29	124	PREDICTED: estrogen-related receptor gamma isoform X2 [Myotis davidii]	225400
XP_036188104.1	XP_014383535	29.659	381	505	440	73	5.79e-29	124	PREDICTED: estrogen-related receptor gamma isoform X2 [Myotis brandtii]	109478
XP_036188104.1	XP_080507036	29.659	381	505	440	73	5.79e-29	124	estrogen-related receptor gamma isoform 3 [Plecotus auritus]	61862
XP_036188104.1	XP_006108207	28.169	355	505	547	66	5.97e-29	125	oxysterols receptor LXR-beta [Myotis lucifugus]	59463
XP_036188104.1	XP_006916285	29.659	381	505	458	73	6.22e-29	124	estrogen-related receptor gamma isoform X2 [Pteropus alecto]	9402
XP_036188104.1	XP_036091330	29.659	381	505	458	73	6.22e-29	124	estrogen-related receptor gamma isoform X5 [Rousettus aegyptiacus]	9407
XP_036188104.1	XP_011364420	29.659	381	505	458	73	6.22e-29	124	estrogen-related receptor gamma isoform X2 [Pteropus vampyrus]	132908
XP_036188104.1	XP_039739301	29.659	381	505	458	73	6.22e-29	124	estrogen-related receptor gamma isoform X6 [Pteropus medius]	143291
XP_036188104.1	XP_032955674	29.659	381	505	440	73	6.83e-29	124	estrogen-related receptor gamma isoform X3 [Rhinolophus ferrumequinum]	59479
XP_036188104.1	XP_019598838	29.659	381	505	440	73	6.83e-29	124	estrogen-related receptor gamma isoform X3 [Rhinolophus sinicus]	89399
XP_036188104.1	XP_080970660	29.659	381	505	458	73	6.92e-29	124	estrogen-related receptor gamma [Myotis nattereri]	109481
XP_036188104.1	XP_080979974	29.659	381	505	458	73	7.06e-29	124	estrogen-related receptor gamma isoform 2 [Miniopterus schreibersii]	9433
XP_036188104.1	XP_054569105	29.659	381	505	465	73	7.17e-29	124	estrogen-related receptor gamma isoform X1 [Eptesicus fuscus]	29078
XP_036188104.1	XP_036210547	29.659	381	505	465	73	7.17e-29	124	estrogen-related receptor gamma isoform X1 [Myotis myotis]	51298
XP_036188104.1	XP_053768579	29.659	381	505	440	73	7.17e-29	124	estrogen-related receptor gamma isoform X4 [Desmodus rotundus]	9430
XP_036188104.1	XP_066236121	29.659	381	505	440	73	7.17e-29	124	estrogen-related receptor gamma isoform X5 [Saccopteryx leptura]	249018
XP_036188104.1	XP_066236113	29.659	381	505	440	73	7.17e-29	124	estrogen-related receptor gamma isoform X5 [Saccopteryx leptura]	249018
XP_036188104.1	XP_066094220	29.659	381	505	440	73	7.17e-29	124	estrogen-related receptor gamma isoform X6 [Saccopteryx bilineata]	59482
XP_036188104.1	XP_066094219	29.659	381	505	440	73	7.17e-29	124	estrogen-related receptor gamma isoform X5 [Saccopteryx bilineata]	59482
XP_036188104.1	XP_066094218	29.659	381	505	440	73	7.17e-29	124	estrogen-related receptor gamma isoform X6 [Saccopteryx bilineata]	59482
XP_036188104.1	XP_066094217	29.659	381	505	440	73	7.17e-29	124	estrogen-related receptor gamma isoform X5 [Saccopteryx bilineata]	59482
XP_036188104.1	XP_036124867	27.964	329	505	343	65	7.32e-29	122	retinoic acid receptor alpha isoform X3 [Molossus molossus]	27622
XP_036188104.1	XP_036210549	29.659	381	505	447	73	7.47e-29	124	estrogen-related receptor gamma isoform X3 [Myotis myotis]	51298
XP_036188104.1	XP_014317257	29.503	322	505	371	63	7.56e-29	122	retinoic acid receptor gamma [Myotis lucifugus]	59463
XP_036188104.1	XP_080979969	29.659	381	505	459	73	7.64e-29	124	estrogen-related receptor gamma isoform 1 [Miniopterus schreibersii]	9433
XP_036188104.1	XP_039739295	29.659	381	505	550	73	7.74e-29	125	estrogen-related receptor gamma isoform X1 [Pteropus medius]	143291
XP_036188104.1	XP_036309401	29.659	381	505	458	73	7.85e-29	124	estrogen-related receptor gamma isoform X1 [Pipistrellus kuhlii]	59472
XP_036188104.1	XP_039739296	29.659	381	505	531	73	7.89e-29	125	estrogen-related receptor gamma isoform X2 [Pteropus medius]	143291
XP_036188104.1	XP_045717501	29.659	381	505	440	73	8.21e-29	123	estrogen-related receptor gamma isoform X2 [Phyllostomus hastatus]	9423
XP_036188104.1	XP_066236105	29.659	381	505	454	73	8.47e-29	124	estrogen-related receptor gamma isoform X4 [Saccopteryx leptura]	249018
XP_036188104.1	XP_066236096	29.659	381	505	454	73	8.47e-29	124	estrogen-related receptor gamma isoform X4 [Saccopteryx leptura]	249018
XP_036188104.1	XP_066236090	29.659	381	505	454	73	8.47e-29	124	estrogen-related receptor gamma isoform X4 [Saccopteryx leptura]	249018
XP_036188104.1	XP_066236085	29.659	381	505	454	73	8.47e-29	124	estrogen-related receptor gamma isoform X4 [Saccopteryx leptura]	249018
XP_036188104.1	XP_066236080	29.659	381	505	454	73	8.47e-29	124	estrogen-related receptor gamma isoform X4 [Saccopteryx leptura]	249018
XP_036188104.1	XP_066236073	29.659	381	505	454	73	8.47e-29	124	estrogen-related receptor gamma isoform X4 [Saccopteryx leptura]	249018
XP_036188104.1	XP_066236068	29.659	381	505	454	73	8.47e-29	124	estrogen-related receptor gamma isoform X4 [Saccopteryx leptura]	249018
XP_036188104.1	XP_066236064	29.659	381	505	454	73	8.47e-29	124	estrogen-related receptor gamma isoform X4 [Saccopteryx leptura]	249018
XP_036188104.1	XP_066236057	29.659	381	505	454	73	8.47e-29	124	estrogen-related receptor gamma isoform X4 [Saccopteryx leptura]	249018
XP_036188104.1	XP_011381366	27.964	329	505	343	65	8.83e-29	121	retinoic acid receptor alpha isoform X3 [Pteropus vampyrus]	132908
XP_036188104.1	XP_074175569	27.964	329	505	343	65	8.83e-29	121	retinoic acid receptor alpha isoform X3 [Rhinolophus sinicus]	89399
XP_036188104.1	XP_054449813	27.964	329	505	343	65	9.18e-29	121	retinoic acid receptor alpha isoform X3 [Pteronotus mesoamericanus]	1884717
XP_036188104.1	XP_006774407	27.964	329	505	343	65	9.37e-29	121	PREDICTED: retinoic acid receptor alpha isoform X5 [Myotis davidii]	225400
XP_036188104.1	XP_054565279	27.964	329	505	343	65	9.37e-29	121	retinoic acid receptor alpha isoform X4 [Eptesicus fuscus]	29078
XP_036188104.1	XP_032946199	27.964	329	505	343	65	9.37e-29	121	retinoic acid receptor alpha isoform X5 [Rhinolophus ferrumequinum]	59479
XP_036188104.1	XP_032946198	27.964	329	505	343	65	9.37e-29	121	retinoic acid receptor alpha isoform X5 [Rhinolophus ferrumequinum]	59479
XP_036188104.1	XP_036195828	27.964	329	505	343	65	9.37e-29	121	retinoic acid receptor alpha isoform X4 [Myotis myotis]	51298
XP_036188104.1	XP_036195827	27.964	329	505	343	65	9.37e-29	121	retinoic acid receptor alpha isoform X4 [Myotis myotis]	51298
XP_036188104.1	XP_036195826	27.964	329	505	343	65	9.37e-29	121	retinoic acid receptor alpha isoform X4 [Myotis myotis]	51298
XP_036188104.1	XP_036078552	27.964	329	505	343	65	9.37e-29	121	retinoic acid receptor alpha isoform X5 [Rousettus aegyptiacus]	9407
XP_036188104.1	XP_036078551	27.964	329	505	343	65	9.37e-29	121	retinoic acid receptor alpha isoform X5 [Rousettus aegyptiacus]	9407
XP_036188104.1	XP_016020230	27.964	329	505	343	65	9.37e-29	121	retinoic acid receptor alpha isoform X5 [Rousettus aegyptiacus]	9407
XP_036188104.1	XP_016020229	27.964	329	505	343	65	9.37e-29	121	retinoic acid receptor alpha isoform X5 [Rousettus aegyptiacus]	9407
XP_036188104.1	XP_080535291	27.964	329	505	343	65	9.37e-29	121	retinoic acid receptor alpha isoform 2 [Plecotus auritus]	61862
XP_036188104.1	XP_070257193	29.659	381	505	458	73	9.42e-29	124	estrogen-related receptor gamma isoform X1 [Myotis yumanensis]	159337
XP_036188104.1	XP_059533782	29.659	381	505	458	73	9.42e-29	124	estrogen-related receptor gamma isoform X1 [Myotis daubentonii]	98922
XP_036188104.1	XP_008148049	29.659	381	505	458	73	9.42e-29	124	estrogen-related receptor gamma isoform X2 [Eptesicus fuscus]	29078
XP_036188104.1	XP_006761343	29.659	381	505	458	73	9.42e-29	124	PREDICTED: estrogen-related receptor gamma isoform X1 [Myotis davidii]	225400
XP_036188104.1	XP_005879956	29.659	381	505	458	73	9.42e-29	124	PREDICTED: estrogen-related receptor gamma isoform X1 [Myotis brandtii]	109478
XP_036188104.1	XP_036210548	29.659	381	505	458	73	9.42e-29	124	estrogen-related receptor gamma isoform X2 [Myotis myotis]	51298
XP_036188104.1	XP_080507035	29.659	381	505	458	73	9.42e-29	124	estrogen-related receptor gamma isoform 2 [Plecotus auritus]	61862
XP_036188104.1	XP_079619567	29.659	381	505	458	73	9.42e-29	124	estrogen-related receptor gamma isoform 2 [Cnephaeus nilssonii]	3371016
XP_036188104.1	XP_053768566	29.659	381	505	458	73	9.51e-29	124	estrogen-related receptor gamma isoform X2 [Desmodus rotundus]	9430
XP_036188104.1	XP_066236046	29.659	381	505	458	73	9.51e-29	124	estrogen-related receptor gamma isoform X2 [Saccopteryx leptura]	249018
XP_036188104.1	XP_066094215	29.659	381	505	458	73	9.51e-29	124	estrogen-related receptor gamma isoform X3 [Saccopteryx bilineata]	59482
XP_036188104.1	XP_054432560	29.659	381	505	458	73	9.51e-29	124	estrogen-related receptor gamma isoform X1 [Pteronotus mesoamericanus]	1884717
XP_036188104.1	XP_036998608	29.659	381	505	458	73	9.51e-29	124	estrogen-related receptor gamma isoform X1 [Artibeus jamaicensis]	9417
XP_036188104.1	XP_032955673	29.659	381	505	458	73	9.51e-29	124	estrogen-related receptor gamma isoform X2 [Rhinolophus ferrumequinum]	59479
XP_036188104.1	XP_036925347	29.659	381	505	458	73	9.51e-29	124	estrogen-related receptor gamma isoform X1 [Sturnira hondurensis]	192404
XP_036188104.1	XP_080895467	29.659	381	505	458	73	9.51e-29	124	estrogen-related receptor gamma isoform 1 [Rhinolophus hipposideros]	77218
XP_036188104.1	XP_019598762	29.659	381	505	458	73	9.51e-29	124	estrogen-related receptor gamma isoform X2 [Rhinolophus sinicus]	89399
XP_036188104.1	XP_015454796	27.964	329	505	343	65	9.74e-29	121	retinoic acid receptor alpha isoform X3 [Pteropus alecto]	9402
XP_036188104.1	XP_036133409	29.659	381	505	458	73	9.89e-29	123	estrogen-related receptor gamma [Molossus molossus]	27622
XP_036188104.1	XP_045717490	29.659	381	505	458	73	1.04e-28	123	estrogen-related receptor gamma isoform X1 [Phyllostomus hastatus]	9423
XP_036188104.1	XP_066236053	29.659	381	505	457	73	1.13e-28	123	estrogen-related receptor gamma isoform X3 [Saccopteryx leptura]	249018
XP_036188104.1	XP_066094216	29.659	381	505	457	73	1.13e-28	123	estrogen-related receptor gamma isoform X4 [Saccopteryx bilineata]	59482
XP_036188104.1	XP_070249703	27.964	329	505	357	65	1.15e-28	121	retinoic acid receptor alpha isoform X3 [Myotis yumanensis]	159337
XP_036188104.1	XP_054565278	27.964	329	505	357	65	1.15e-28	121	retinoic acid receptor alpha isoform X3 [Eptesicus fuscus]	29078
XP_036188104.1	XP_080998813	28.205	351	505	600	69	1.15e-28	125	nuclear receptor subfamily 4 group A member 2 isoform 2 [Miniopterus schreibersii]	9433
XP_036188104.1	XP_074173131	29.659	381	505	459	73	1.16e-28	123	estrogen-related receptor gamma isoform X1 [Rhinolophus sinicus]	89399
XP_036188104.1	XP_053768578	29.659	381	505	448	73	1.17e-28	123	estrogen-related receptor gamma isoform X3 [Desmodus rotundus]	9430
XP_036188104.1	XP_071075676	29.659	381	505	448	73	1.17e-28	123	estrogen-related receptor gamma isoform X3 [Desmodus rotundus]	9430
XP_036188104.1	XP_053768575	29.659	381	505	448	73	1.17e-28	123	estrogen-related receptor gamma isoform X3 [Desmodus rotundus]	9430
XP_036188104.1	XP_053768570	29.659	381	505	448	73	1.17e-28	123	estrogen-related receptor gamma isoform X3 [Desmodus rotundus]	9430
XP_036188104.1	XP_053768573	29.659	381	505	448	73	1.17e-28	123	estrogen-related receptor gamma isoform X3 [Desmodus rotundus]	9430
XP_036188104.1	XP_053768569	29.659	381	505	448	73	1.17e-28	123	estrogen-related receptor gamma isoform X3 [Desmodus rotundus]	9430
XP_036188104.1	XP_053768577	29.659	381	505	448	73	1.17e-28	123	estrogen-related receptor gamma isoform X3 [Desmodus rotundus]	9430
XP_036188104.1	XP_053768574	29.659	381	505	448	73	1.17e-28	123	estrogen-related receptor gamma isoform X3 [Desmodus rotundus]	9430
XP_036188104.1	XP_053768576	29.659	381	505	448	73	1.17e-28	123	estrogen-related receptor gamma isoform X3 [Desmodus rotundus]	9430
XP_036188104.1	XP_053768572	29.659	381	505	448	73	1.17e-28	123	estrogen-related receptor gamma isoform X3 [Desmodus rotundus]	9430
XP_036188104.1	XP_053768571	29.659	381	505	448	73	1.17e-28	123	estrogen-related receptor gamma isoform X3 [Desmodus rotundus]	9430
XP_036188104.1	XP_053768568	29.659	381	505	448	73	1.17e-28	123	estrogen-related receptor gamma isoform X3 [Desmodus rotundus]	9430
XP_036188104.1	XP_053768567	29.659	381	505	448	73	1.17e-28	123	estrogen-related receptor gamma isoform X3 [Desmodus rotundus]	9430
XP_036188104.1	XP_054418316	28.205	351	505	598	69	1.18e-28	125	nuclear receptor subfamily 4 group A member 2 isoform X1 [Pteronotus mesoamericanus]	1884717
XP_036188104.1	XP_016052690	28.205	351	505	598	69	1.22e-28	125	PREDICTED: nuclear receptor subfamily 4 group A member 2 isoform X3 [Miniopterus natalensis]	291302
XP_036188104.1	XP_080998814	28.205	351	505	598	69	1.22e-28	125	nuclear receptor subfamily 4 group A member 2 isoform 3 [Miniopterus schreibersii]	9433
XP_036188104.1	XP_035874879	29.670	364	505	600	69	1.23e-28	125	nuclear receptor subfamily 4 group A member 1 [Phyllostomus discolor]	89673
XP_036188104.1	XP_035874878	29.670	364	505	600	69	1.23e-28	125	nuclear receptor subfamily 4 group A member 1 [Phyllostomus discolor]	89673
XP_036188104.1	XP_035874877	29.670	364	505	600	69	1.23e-28	125	nuclear receptor subfamily 4 group A member 1 [Phyllostomus discolor]	89673
XP_036188104.1	XP_028388296	29.670	364	505	600	69	1.23e-28	125	nuclear receptor subfamily 4 group A member 1 [Phyllostomus discolor]	89673
XP_036188104.1	XP_028388297	29.670	364	505	600	69	1.23e-28	125	nuclear receptor subfamily 4 group A member 1 [Phyllostomus discolor]	89673
XP_036188104.1	XP_035874876	29.670	364	505	600	69	1.23e-28	125	nuclear receptor subfamily 4 group A member 1 [Phyllostomus discolor]	89673
XP_036188104.1	XP_028388295	29.670	364	505	600	69	1.23e-28	125	nuclear receptor subfamily 4 group A member 1 [Phyllostomus discolor]	89673
XP_036188104.1	XP_014389550	28.205	351	505	598	69	1.24e-28	125	PREDICTED: nuclear receptor subfamily 4 group A member 2 isoform X1 [Myotis brandtii]	109478
XP_036188104.1	XP_014389552	28.205	351	505	596	69	1.27e-28	124	PREDICTED: nuclear receptor subfamily 4 group A member 2 isoform X2 [Myotis brandtii]	109478
XP_036188104.1	XP_014389551	28.205	351	505	596	69	1.27e-28	124	PREDICTED: nuclear receptor subfamily 4 group A member 2 isoform X2 [Myotis brandtii]	109478
XP_036188104.1	XP_070279061	28.205	351	505	598	69	1.30e-28	124	nuclear receptor subfamily 4 group A member 2 isoform X2 [Myotis yumanensis]	159337
XP_036188104.1	XP_070279060	28.205	351	505	598	69	1.30e-28	124	nuclear receptor subfamily 4 group A member 2 isoform X2 [Myotis yumanensis]	159337
XP_036188104.1	XP_006091322	28.205	351	505	598	69	1.30e-28	124	nuclear receptor subfamily 4 group A member 2 isoform X2 [Myotis lucifugus]	59463
XP_036188104.1	XP_014313480	28.205	351	505	598	69	1.30e-28	124	nuclear receptor subfamily 4 group A member 2 isoform X2 [Myotis lucifugus]	59463
XP_036188104.1	XP_066236036	29.659	381	505	514	73	1.31e-28	124	estrogen-related receptor gamma isoform X1 [Saccopteryx leptura]	249018
XP_036188104.1	XP_066137135	28.205	351	505	598	69	1.32e-28	124	nuclear receptor subfamily 4 group A member 2 isoform X1 [Saccopteryx bilineata]	59482
XP_036188104.1	XP_066137134	28.205	351	505	598	69	1.32e-28	124	nuclear receptor subfamily 4 group A member 2 isoform X1 [Saccopteryx bilineata]	59482
XP_036188104.1	XP_059560392	28.205	351	505	598	69	1.34e-28	124	nuclear receptor subfamily 4 group A member 2 isoform X2 [Myotis daubentonii]	98922
XP_036188104.1	XP_059560391	28.205	351	505	598	69	1.34e-28	124	nuclear receptor subfamily 4 group A member 2 isoform X2 [Myotis daubentonii]	98922
XP_036188104.1	XP_036175713	28.205	351	505	598	69	1.34e-28	124	nuclear receptor subfamily 4 group A member 2 isoform X2 [Myotis myotis]	51298
XP_036188104.1	XP_036175712	28.205	351	505	598	69	1.34e-28	124	nuclear receptor subfamily 4 group A member 2 isoform X2 [Myotis myotis]	51298
XP_036188104.1	XP_036175711	28.205	351	505	598	69	1.34e-28	124	nuclear receptor subfamily 4 group A member 2 isoform X2 [Myotis myotis]	51298
XP_036188104.1	XP_080952415	28.205	351	505	598	69	1.34e-28	124	nuclear receptor subfamily 4 group A member 2 isoform 2 [Myotis nattereri]	109481
XP_036188104.1	XP_070279059	28.205	351	505	600	69	1.35e-28	124	nuclear receptor subfamily 4 group A member 2 isoform X1 [Myotis yumanensis]	159337
XP_036188104.1	XP_006091321	28.205	351	505	600	69	1.35e-28	124	nuclear receptor subfamily 4 group A member 2 isoform X1 [Myotis lucifugus]	59463
XP_036188104.1	XP_059560390	28.205	351	505	600	69	1.36e-28	124	nuclear receptor subfamily 4 group A member 2 isoform X1 [Myotis daubentonii]	98922
XP_036188104.1	XP_036175710	28.205	351	505	600	69	1.36e-28	124	nuclear receptor subfamily 4 group A member 2 isoform X1 [Myotis myotis]	51298
XP_036188104.1	XP_080952414	28.205	351	505	600	69	1.36e-28	124	nuclear receptor subfamily 4 group A member 2 isoform 1 [Myotis nattereri]	109481
XP_036188104.1	XP_066201866	28.205	351	505	598	69	1.37e-28	124	nuclear receptor subfamily 4 group A member 2 isoform X1 [Saccopteryx leptura]	249018
XP_036188104.1	XP_066201865	28.205	351	505	598	69	1.37e-28	124	nuclear receptor subfamily 4 group A member 2 isoform X1 [Saccopteryx leptura]	249018
XP_036188104.1	XP_066094213	29.659	381	505	462	73	1.38e-28	123	estrogen-related receptor gamma isoform X2 [Saccopteryx bilineata]	59482
XP_036188104.1	XP_019492342	28.205	351	505	598	69	1.43e-28	124	PREDICTED: nuclear receptor subfamily 4 group A member 2 isoform X2 [Hipposideros armiger]	186990
XP_036188104.1	XP_054418320	28.205	351	505	555	69	1.45e-28	124	nuclear receptor subfamily 4 group A member 2 isoform X4 [Pteronotus mesoamericanus]	1884717
XP_036188104.1	XP_045715592	28.205	351	505	600	69	1.47e-28	124	nuclear receptor subfamily 4 group A member 2 isoform X1 [Phyllostomus hastatus]	9423
XP_036188104.1	XP_024435682	28.205	351	505	598	69	1.49e-28	124	nuclear receptor subfamily 4 group A member 2 isoform X1 [Desmodus rotundus]	9430
XP_036188104.1	XP_045043399	28.205	351	505	598	69	1.49e-28	124	nuclear receptor subfamily 4 group A member 2 isoform X1 [Desmodus rotundus]	9430
XP_036188104.1	XP_037006590	28.205	351	505	598	69	1.49e-28	124	nuclear receptor subfamily 4 group A member 2 isoform X1 [Artibeus jamaicensis]	9417
XP_036188104.1	XP_045715749	28.205	351	505	598	69	1.49e-28	124	nuclear receptor subfamily 4 group A member 2 isoform X2 [Phyllostomus hastatus]	9423
XP_036188104.1	XP_045715674	28.205	351	505	598	69	1.49e-28	124	nuclear receptor subfamily 4 group A member 2 isoform X2 [Phyllostomus hastatus]	9423
XP_036188104.1	XP_006921146	28.205	351	505	598	69	1.49e-28	124	nuclear receptor subfamily 4 group A member 2 isoform X2 [Pteropus alecto]	9402
XP_036188104.1	XP_006921145	28.205	351	505	598	69	1.49e-28	124	nuclear receptor subfamily 4 group A member 2 isoform X2 [Pteropus alecto]	9402
XP_036188104.1	XP_036110436	28.205	351	505	598	69	1.49e-28	124	nuclear receptor subfamily 4 group A member 2 [Molossus molossus]	27622
XP_036188104.1	XP_016005579	28.205	351	505	598	69	1.49e-28	124	nuclear receptor subfamily 4 group A member 2 isoform X2 [Rousettus aegyptiacus]	9407
XP_036188104.1	XP_036093048	28.205	351	505	598	69	1.49e-28	124	nuclear receptor subfamily 4 group A member 2 isoform X2 [Rousettus aegyptiacus]	9407
XP_036188104.1	XP_016005578	28.205	351	505	598	69	1.49e-28	124	nuclear receptor subfamily 4 group A member 2 isoform X2 [Rousettus aegyptiacus]	9407
XP_036188104.1	XP_035879353	28.205	351	505	598	69	1.49e-28	124	nuclear receptor subfamily 4 group A member 2 isoform X1 [Phyllostomus discolor]	89673
XP_036188104.1	XP_028365101	28.205	351	505	598	69	1.49e-28	124	nuclear receptor subfamily 4 group A member 2 isoform X1 [Phyllostomus discolor]	89673
XP_036188104.1	XP_023385838	28.205	351	505	598	69	1.49e-28	124	nuclear receptor subfamily 4 group A member 2 isoform X2 [Pteropus vampyrus]	132908
XP_036188104.1	XP_011357511	28.205	351	505	598	69	1.49e-28	124	nuclear receptor subfamily 4 group A member 2 isoform X2 [Pteropus vampyrus]	132908
XP_036188104.1	XP_036883706	28.205	351	505	598	69	1.49e-28	124	nuclear receptor subfamily 4 group A member 2 isoform X1 [Sturnira hondurensis]	192404
XP_036188104.1	XP_080523937	28.205	351	505	598	69	1.49e-28	124	nuclear receptor subfamily 4 group A member 2 isoform 1 [Plecotus auritus]	61862
XP_036188104.1	XP_039711206	28.205	351	505	598	69	1.49e-28	124	nuclear receptor subfamily 4 group A member 2 isoform X2 [Pteropus medius]	143291
XP_036188104.1	XP_039711205	28.205	351	505	598	69	1.49e-28	124	nuclear receptor subfamily 4 group A member 2 isoform X2 [Pteropus medius]	143291
XP_036188104.1	XP_039711204	28.205	351	505	598	69	1.49e-28	124	nuclear receptor subfamily 4 group A member 2 isoform X2 [Pteropus medius]	143291
XP_036188104.1	XP_014389555	28.205	351	505	533	69	1.57e-28	124	PREDICTED: nuclear receptor subfamily 4 group A member 2 isoform X5 [Myotis brandtii]	109478
XP_036188104.1	XP_054578874	28.205	351	505	598	69	1.64e-28	124	nuclear receptor subfamily 4 group A member 2 isoform X1 [Eptesicus fuscus]	29078
XP_036188104.1	XP_054578873	28.205	351	505	598	69	1.64e-28	124	nuclear receptor subfamily 4 group A member 2 isoform X1 [Eptesicus fuscus]	29078
XP_036188104.1	XP_027997009	28.205	351	505	598	69	1.64e-28	124	nuclear receptor subfamily 4 group A member 2 isoform X1 [Eptesicus fuscus]	29078
XP_036188104.1	XP_079638331	28.205	351	505	598	69	1.64e-28	124	nuclear receptor subfamily 4 group A member 2 isoform 1 [Cnephaeus nilssonii]	3371016
XP_036188104.1	XP_079638330	28.205	351	505	598	69	1.64e-28	124	nuclear receptor subfamily 4 group A member 2 isoform 1 [Cnephaeus nilssonii]	3371016
XP_036188104.1	XP_079638329	28.205	351	505	598	69	1.64e-28	124	nuclear receptor subfamily 4 group A member 2 isoform 1 [Cnephaeus nilssonii]	3371016
XP_036188104.1	XP_070279065	28.205	351	505	535	69	1.64e-28	124	nuclear receptor subfamily 4 group A member 2 isoform X6 [Myotis yumanensis]	159337
XP_036188104.1	XP_023611877	28.205	351	505	535	69	1.64e-28	124	nuclear receptor subfamily 4 group A member 2 isoform X5 [Myotis lucifugus]	59463
XP_036188104.1	XP_070279064	28.205	351	505	551	69	1.66e-28	124	nuclear receptor subfamily 4 group A member 2 isoform X5 [Myotis yumanensis]	159337
XP_036188104.1	XP_006091325	28.205	351	505	551	69	1.66e-28	124	nuclear receptor subfamily 4 group A member 2 isoform X4 [Myotis lucifugus]	59463
XP_036188104.1	XP_066201867	28.205	351	505	535	69	1.74e-28	124	nuclear receptor subfamily 4 group A member 2 isoform X2 [Saccopteryx leptura]	249018
XP_036188104.1	XP_066094212	29.659	381	505	499	73	1.75e-28	123	estrogen-related receptor gamma isoform X1 [Saccopteryx bilineata]	59482
XP_036188104.1	XP_032968786	28.205	351	505	598	69	1.75e-28	124	nuclear receptor subfamily 4 group A member 2 isoform X1 [Rhinolophus ferrumequinum]	59479
XP_036188104.1	XP_032968785	28.205	351	505	598	69	1.75e-28	124	nuclear receptor subfamily 4 group A member 2 isoform X1 [Rhinolophus ferrumequinum]	59479
XP_036188104.1	XP_032968783	28.205	351	505	598	69	1.75e-28	124	nuclear receptor subfamily 4 group A member 2 isoform X1 [Rhinolophus ferrumequinum]	59479
XP_036188104.1	XP_080907727	28.205	351	505	598	69	1.75e-28	124	nuclear receptor subfamily 4 group A member 2 isoform 1 [Rhinolophus hipposideros]	77218
XP_036188104.1	XP_080907726	28.205	351	505	598	69	1.75e-28	124	nuclear receptor subfamily 4 group A member 2 isoform 1 [Rhinolophus hipposideros]	77218
XP_036188104.1	XP_080907725	28.205	351	505	598	69	1.75e-28	124	nuclear receptor subfamily 4 group A member 2 isoform 1 [Rhinolophus hipposideros]	77218
XP_036188104.1	XP_080907724	28.205	351	505	598	69	1.75e-28	124	nuclear receptor subfamily 4 group A member 2 isoform 1 [Rhinolophus hipposideros]	77218
XP_036188104.1	XP_019582731	28.205	351	505	598	69	1.75e-28	124	nuclear receptor subfamily 4 group A member 2 isoform X1 [Rhinolophus sinicus]	89399
XP_036188104.1	XP_019582730	28.205	351	505	598	69	1.75e-28	124	nuclear receptor subfamily 4 group A member 2 isoform X1 [Rhinolophus sinicus]	89399
XP_036188104.1	XP_066137136	28.205	351	505	535	69	1.79e-28	124	nuclear receptor subfamily 4 group A member 2 isoform X2 [Saccopteryx bilineata]	59482
XP_036188104.1	XP_079638333	28.205	351	505	554	69	1.79e-28	124	nuclear receptor subfamily 4 group A member 2 isoform 3 [Cnephaeus nilssonii]	3371016
XP_036188104.1	XP_059560397	28.205	351	505	535	69	1.81e-28	124	nuclear receptor subfamily 4 group A member 2 isoform X5 [Myotis daubentonii]	98922
XP_036188104.1	XP_059560396	28.205	351	505	535	69	1.81e-28	124	nuclear receptor subfamily 4 group A member 2 isoform X5 [Myotis daubentonii]	98922
XP_036188104.1	XP_036175716	28.205	351	505	535	69	1.81e-28	124	nuclear receptor subfamily 4 group A member 2 isoform X5 [Myotis myotis]	51298
XP_036188104.1	XP_059560395	28.205	351	505	551	69	1.84e-28	124	nuclear receptor subfamily 4 group A member 2 isoform X4 [Myotis daubentonii]	98922
XP_036188104.1	XP_036175715	28.205	351	505	551	69	1.84e-28	124	nuclear receptor subfamily 4 group A member 2 isoform X4 [Myotis myotis]	51298
XP_036188104.1	XP_036277643	28.205	351	505	601	69	1.85e-28	124	nuclear receptor subfamily 4 group A member 2 isoform X1 [Pipistrellus kuhlii]	59472
XP_036188104.1	XP_080998812	28.205	351	505	555	69	1.89e-28	124	nuclear receptor subfamily 4 group A member 2 isoform 1 [Miniopterus schreibersii]	9433
XP_036188104.1	XP_045431322	28.205	351	505	599	69	1.90e-28	124	nuclear receptor subfamily 4 group A member 2 isoform X2 [Pipistrellus kuhlii]	59472
XP_036188104.1	XP_036277644	28.205	351	505	599	69	1.90e-28	124	nuclear receptor subfamily 4 group A member 2 isoform X2 [Pipistrellus kuhlii]	59472
XP_036188104.1	XP_054418317	28.205	351	505	535	69	1.91e-28	124	nuclear receptor subfamily 4 group A member 2 isoform X2 [Pteronotus mesoamericanus]	1884717
XP_036188104.1	XP_014389554	28.205	351	505	549	69	2.05e-28	124	PREDICTED: nuclear receptor subfamily 4 group A member 2 isoform X4 [Myotis brandtii]	109478
XP_036188104.1	XP_019492341	28.205	351	505	609	69	2.09e-28	124	PREDICTED: nuclear receptor subfamily 4 group A member 2 isoform X1 [Hipposideros armiger]	186990
XP_036188104.1	XP_006921144	28.205	351	505	609	69	2.09e-28	124	nuclear receptor subfamily 4 group A member 2 isoform X1 [Pteropus alecto]	9402
XP_036188104.1	XP_016005577	28.205	351	505	609	69	2.09e-28	124	nuclear receptor subfamily 4 group A member 2 isoform X1 [Rousettus aegyptiacus]	9407
XP_036188104.1	XP_011357507	28.205	351	505	609	69	2.09e-28	124	nuclear receptor subfamily 4 group A member 2 isoform X1 [Pteropus vampyrus]	132908
XP_036188104.1	XP_039711203	28.205	351	505	609	69	2.09e-28	124	nuclear receptor subfamily 4 group A member 2 isoform X1 [Pteropus medius]	143291
XP_036188104.1	XP_080523938	28.205	351	505	555	69	2.31e-28	124	nuclear receptor subfamily 4 group A member 2 isoform 2 [Plecotus auritus]	61862
XP_036188104.1	XP_016050920	28.205	351	505	535	69	2.44e-28	123	PREDICTED: nuclear receptor subfamily 4 group A member 2 isoform X1 [Miniopterus natalensis]	291302
XP_036188104.1	XP_080998816	28.205	351	505	535	69	2.44e-28	123	nuclear receptor subfamily 4 group A member 2 isoform 5 [Miniopterus schreibersii]	9433
XP_036188104.1	XP_037006592	28.205	351	505	551	69	2.56e-28	123	nuclear receptor subfamily 4 group A member 2 isoform X3 [Artibeus jamaicensis]	9417
XP_036188104.1	XP_035879355	28.205	351	505	551	69	2.56e-28	123	nuclear receptor subfamily 4 group A member 2 isoform X3 [Phyllostomus discolor]	89673
XP_036188104.1	XP_036883708	28.205	351	505	551	69	2.56e-28	123	nuclear receptor subfamily 4 group A member 2 isoform X3 [Sturnira hondurensis]	192404
XP_036188104.1	XP_016014288	27.731	357	505	376	63	2.56e-28	121	nuclear receptor subfamily 1 group I member 2 isoform X2 [Rousettus aegyptiacus]	9407
XP_036188104.1	XP_032968788	28.205	351	505	555	69	2.56e-28	123	nuclear receptor subfamily 4 group A member 2 isoform X3 [Rhinolophus ferrumequinum]	59479
XP_036188104.1	XP_045040110	28.926	363	505	598	69	2.77e-28	124	nuclear receptor subfamily 4immunitygroup A member 1 [Desmodus rotundus]	9430
XP_036188104.1	XP_024431502	28.926	363	505	598	69	2.77e-28	124	nuclear receptor subfamily 4immunitygroup A member 1 [Desmodus rotundus]	9430
XP_036188104.1	XP_024431503	28.926	363	505	598	69	2.77e-28	124	nuclear receptor subfamily 4immunitygroup A member 1 [Desmodus rotundus]	9430
XP_036188104.1	XP_024431501	28.926	363	505	598	69	2.77e-28	124	nuclear receptor subfamily 4immunitygroup A member 1 [Desmodus rotundus]	9430
XP_036188104.1	XP_053774655	28.205	351	505	535	69	2.84e-28	123	nuclear receptor subfamily 4 group A member 2 isoform X3 [Desmodus rotundus]	9430
XP_036188104.1	XP_019492344	28.205	351	505	535	69	2.84e-28	123	PREDICTED: nuclear receptor subfamily 4 group A member 2 isoform X4 [Hipposideros armiger]	186990
XP_036188104.1	XP_037006593	28.205	351	505	535	69	2.84e-28	123	nuclear receptor subfamily 4 group A member 2 isoform X4 [Artibeus jamaicensis]	9417
XP_036188104.1	XP_006921149	28.205	351	505	535	69	2.84e-28	123	nuclear receptor subfamily 4 group A member 2 isoform X4 [Pteropus alecto]	9402
XP_036188104.1	XP_006921148	28.205	351	505	535	69	2.84e-28	123	nuclear receptor subfamily 4 group A member 2 isoform X4 [Pteropus alecto]	9402
XP_036188104.1	XP_016005582	28.205	351	505	535	69	2.84e-28	123	nuclear receptor subfamily 4 group A member 2 isoform X5 [Rousettus aegyptiacus]	9407
XP_036188104.1	XP_035879356	28.205	351	505	535	69	2.84e-28	123	nuclear receptor subfamily 4 group A member 2 isoform X4 [Phyllostomus discolor]	89673
XP_036188104.1	XP_011357536	28.205	351	505	535	69	2.84e-28	123	nuclear receptor subfamily 4 group A member 2 isoform X4 [Pteropus vampyrus]	132908
XP_036188104.1	XP_011357527	28.205	351	505	535	69	2.84e-28	123	nuclear receptor subfamily 4 group A member 2 isoform X4 [Pteropus vampyrus]	132908
XP_036188104.1	XP_036883709	28.205	351	505	535	69	2.84e-28	123	nuclear receptor subfamily 4 group A member 2 isoform X4 [Sturnira hondurensis]	192404
XP_036188104.1	XP_039711208	28.205	351	505	535	69	2.84e-28	123	nuclear receptor subfamily 4 group A member 2 isoform X4 [Pteropus medius]	143291
XP_036188104.1	XP_027997013	28.205	351	505	535	69	2.90e-28	123	nuclear receptor subfamily 4 group A member 2 isoform X3 [Eptesicus fuscus]	29078
XP_036188104.1	XP_079638334	28.205	351	505	535	69	2.90e-28	123	nuclear receptor subfamily 4 group A member 2 isoform 4 [Cnephaeus nilssonii]	3371016
XP_036188104.1	XP_036277647	28.205	351	505	552	69	2.94e-28	123	nuclear receptor subfamily 4 group A member 2 isoform X4 [Pipistrellus kuhlii]	59472
XP_036188104.1	XP_036277649	28.205	351	505	536	69	3.00e-28	123	nuclear receptor subfamily 4 group A member 2 isoform X5 [Pipistrellus kuhlii]	59472
XP_036188104.1	XP_036277648	28.205	351	505	536	69	3.00e-28	123	nuclear receptor subfamily 4 group A member 2 isoform X5 [Pipistrellus kuhlii]	59472
XP_036188104.1	XP_032968789	28.205	351	505	535	69	3.09e-28	123	nuclear receptor subfamily 4 group A member 2 isoform X4 [Rhinolophus ferrumequinum]	59479
XP_036188104.1	XP_080907729	28.205	351	505	535	69	3.09e-28	123	nuclear receptor subfamily 4 group A member 2 isoform 3 [Rhinolophus hipposideros]	77218
XP_036188104.1	XP_019582732	28.205	351	505	535	69	3.09e-28	123	nuclear receptor subfamily 4 group A member 2 isoform X3 [Rhinolophus sinicus]	89399
XP_036188104.1	XP_054447058	28.453	362	505	598	69	3.69e-28	123	nuclear receptor subfamily 4immunitygroup A member 1 [Pteronotus mesoamericanus]	1884717
XP_036188104.1	XP_054447057	28.453	362	505	598	69	3.69e-28	123	nuclear receptor subfamily 4immunitygroup A member 1 [Pteronotus mesoamericanus]	1884717
XP_036188104.1	XP_054447056	28.453	362	505	598	69	3.69e-28	123	nuclear receptor subfamily 4immunitygroup A member 1 [Pteronotus mesoamericanus]	1884717
XP_036188104.1	XP_016018108	30.168	358	505	633	69	3.79e-28	123	nuclear receptor subfamily 4 group A member 3 isoform X3 [Rousettus aegyptiacus]	9407
XP_036188104.1	XP_016018107	30.168	358	505	633	69	3.79e-28	123	nuclear receptor subfamily 4 group A member 3 isoform X3 [Rousettus aegyptiacus]	9407
XP_036188104.1	XP_006907914	26.598	391	505	348	72	4.11e-28	120	nuclear receptor subfamily 1 group I member 3 [Pteropus alecto]	9402
XP_036188104.1	XP_016018105	29.609	358	505	819	69	5.11e-28	124	nuclear receptor subfamily 4 group A member 3 isoform X1 [Rousettus aegyptiacus]	9407
XP_036188104.1	XP_016018106	29.609	358	505	795	69	5.15e-28	124	nuclear receptor subfamily 4 group A member 3 isoform X2 [Rousettus aegyptiacus]	9407
XP_036188104.1	XP_036926619	27.052	329	505	336	65	5.67e-28	119	retinoic acid receptor beta isoform X3 [Sturnira hondurensis]	192404
XP_036188104.1	XP_028387228	29.134	381	505	479	73	5.69e-28	121	LOW QUALITY PROTEIN: estrogen-related receptor gamma [Phyllostomus discolor]	89673
XP_036188104.1	XP_019497213	27.493	371	505	518	72	6.19e-28	122	PREDICTED: LOW QUALITY PROTEIN: bile acid receptor [Hipposideros armiger]	186990
XP_036188104.1	XP_036155045	31.348	319	505	488	60	6.73e-28	121	nuclear receptor subfamily 2 group C member 1 isoform X5 [Myotis myotis]	51298
XP_036188104.1	XP_023605725	29.970	337	505	411	63	6.75e-28	120	nuclear receptor subfamily 2 group C member 1 isoform X8 [Myotis lucifugus]	59463
XP_036188104.1	XP_019506331	44.615	130	505	523	65	7.30e-28	122	PREDICTED: nuclear receptor ROR-alpha isoform X1 [Hipposideros armiger]	186990
XP_036188104.1	XP_019506331	30.392	204	505	523	65	1.21e-18	94.4	PREDICTED: nuclear receptor ROR-alpha isoform X1 [Hipposideros armiger]	186990
XP_036188104.1	XP_032963116	44.615	130	505	523	65	7.30e-28	122	nuclear receptor ROR-alpha isoform X2 [Rhinolophus ferrumequinum]	59479
XP_036188104.1	XP_032963116	30.392	204	505	523	65	1.24e-18	94.4	nuclear receptor ROR-alpha isoform X2 [Rhinolophus ferrumequinum]	59479
XP_036188104.1	XP_015982337	44.615	130	505	523	65	7.30e-28	122	nuclear receptor ROR-alpha isoform X1 [Rousettus aegyptiacus]	9407
XP_036188104.1	XP_015982337	30.392	204	505	523	65	1.21e-18	94.4	nuclear receptor ROR-alpha isoform X1 [Rousettus aegyptiacus]	9407
XP_036188104.1	XP_023388307	44.615	130	505	523	65	7.30e-28	122	nuclear receptor ROR-alpha isoform X1 [Pteropus vampyrus]	132908
XP_036188104.1	XP_023388307	30.392	204	505	523	65	1.21e-18	94.4	nuclear receptor ROR-alpha isoform X1 [Pteropus vampyrus]	132908
XP_036188104.1	XP_039721354	44.615	130	505	523	65	7.30e-28	122	nuclear receptor ROR-alpha isoform X2 [Pteropus medius]	143291
XP_036188104.1	XP_039721354	30.392	204	505	523	65	1.21e-18	94.4	nuclear receptor ROR-alpha isoform X2 [Pteropus medius]	143291
XP_036188104.1	XP_019604231	44.615	130	505	523	65	7.30e-28	122	nuclear receptor ROR-alpha isoform X2 [Rhinolophus sinicus]	89399
XP_036188104.1	XP_019604231	30.392	204	505	523	65	1.21e-18	94.4	nuclear receptor ROR-alpha isoform X2 [Rhinolophus sinicus]	89399
XP_036188104.1	XP_054421312	44.615	130	505	523	66	7.37e-28	122	nuclear receptor ROR-alpha isoform X3 [Pteronotus mesoamericanus]	1884717
XP_036188104.1	XP_054421312	29.717	212	505	523	66	1.14e-18	94.4	nuclear receptor ROR-alpha isoform X3 [Pteronotus mesoamericanus]	1884717
XP_036188104.1	XP_037006959	44.615	130	505	523	66	7.37e-28	122	nuclear receptor ROR-alpha isoform X1 [Artibeus jamaicensis]	9417
XP_036188104.1	XP_037006959	29.717	212	505	523	66	1.14e-18	94.4	nuclear receptor ROR-alpha isoform X1 [Artibeus jamaicensis]	9417
XP_036188104.1	XP_014398682	29.363	361	505	496	69	7.42e-28	121	PREDICTED: nuclear receptor subfamily 4 group A member 3 [Myotis brandtii]	109478
XP_036188104.1	XP_070266938	31.348	319	505	488	60	7.55e-28	121	nuclear receptor subfamily 2 group C member 1 isoform X3 [Myotis yumanensis]	159337
XP_036188104.1	XP_014386241	31.348	319	505	488	60	7.55e-28	121	PREDICTED: nuclear receptor subfamily 2 group C member 1 isoform X4 [Myotis brandtii]	109478
XP_036188104.1	XP_053783968	44.615	130	505	523	66	7.72e-28	122	nuclear receptor ROR-alpha isoform X3 [Desmodus rotundus]	9430
XP_036188104.1	XP_053783968	30.189	212	505	523	66	4.16e-19	95.9	nuclear receptor ROR-alpha isoform X3 [Desmodus rotundus]	9430
XP_036188104.1	XP_014318762	48.760	121	505	544	64	7.81e-28	122	nuclear receptor ROR-alpha isoform X1 [Myotis lucifugus]	59463
XP_036188104.1	XP_014318762	29.717	212	505	544	64	1.26e-18	94.4	nuclear receptor ROR-alpha isoform X1 [Myotis lucifugus]	59463
XP_036188104.1	XP_037006961	44.615	130	505	522	63	8.18e-28	122	nuclear receptor ROR-alpha isoform X2 [Artibeus jamaicensis]	9417
XP_036188104.1	XP_037006961	30.102	196	505	522	63	3.10e-18	93.2	nuclear receptor ROR-alpha isoform X2 [Artibeus jamaicensis]	9417
XP_036188104.1	XP_014390986	48.760	121	505	544	64	8.27e-28	122	PREDICTED: nuclear receptor ROR-alpha isoform X1 [Myotis brandtii]	109478
XP_036188104.1	XP_014390986	29.717	212	505	544	64	1.35e-18	94.4	PREDICTED: nuclear receptor ROR-alpha isoform X1 [Myotis brandtii]	109478
XP_036188104.1	XP_023617019	48.760	121	505	543	61	8.28e-28	122	nuclear receptor ROR-alpha isoform X2 [Myotis lucifugus]	59463
XP_036188104.1	XP_023617019	30.102	196	505	543	61	3.24e-18	93.2	nuclear receptor ROR-alpha isoform X2 [Myotis lucifugus]	59463
XP_036188104.1	XP_019516195	28.814	295	505	457	58	8.33e-28	120	PREDICTED: retinoic acid receptor RXR-gamma-like [Hipposideros armiger]	186990
XP_036188104.1	XP_080950865	48.760	121	505	544	64	8.34e-28	122	nuclear receptor ROR-alpha isoform 4 [Myotis nattereri]	109481
XP_036188104.1	XP_080950865	29.717	212	505	544	64	4.33e-18	92.8	nuclear receptor ROR-alpha isoform 4 [Myotis nattereri]	109481
XP_036188104.1	XP_059555552	48.760	121	505	544	64	8.91e-28	122	nuclear receptor ROR-alpha isoform X1 [Myotis daubentonii]	98922
XP_036188104.1	XP_059555552	29.717	212	505	544	64	1.37e-18	94.4	nuclear receptor ROR-alpha isoform X1 [Myotis daubentonii]	98922
XP_036188104.1	XP_036159436	48.760	121	505	544	64	9.00e-28	122	nuclear receptor ROR-alpha isoform X1 [Myotis myotis]	51298
XP_036188104.1	XP_036159436	29.717	212	505	544	64	1.92e-18	94.0	nuclear receptor ROR-alpha isoform X1 [Myotis myotis]	51298
XP_036188104.1	XP_066199886	44.615	130	505	523	66	9.07e-28	121	nuclear receptor ROR-alpha isoform X1 [Saccopteryx leptura]	249018
XP_036188104.1	XP_066199886	29.717	212	505	523	66	1.45e-18	94.0	nuclear receptor ROR-alpha isoform X1 [Saccopteryx leptura]	249018
XP_036188104.1	XP_066130932	44.615	130	505	523	66	9.07e-28	121	nuclear receptor ROR-alpha isoform X1 [Saccopteryx bilineata]	59482
XP_036188104.1	XP_066130932	29.717	212	505	523	66	1.45e-18	94.0	nuclear receptor ROR-alpha isoform X1 [Saccopteryx bilineata]	59482
XP_036188104.1	XP_011364554	29.888	358	505	633	69	9.12e-28	122	nuclear receptor subfamily 4 group A member 3 [Pteropus vampyrus]	132908
XP_036188104.1	XP_023390033	29.888	358	505	633	69	9.12e-28	122	nuclear receptor subfamily 4 group A member 3 [Pteropus vampyrus]	132908
XP_036188104.1	XP_011364553	29.888	358	505	633	69	9.12e-28	122	nuclear receptor subfamily 4 group A member 3 [Pteropus vampyrus]	132908
XP_036188104.1	XP_028364136	44.615	130	505	523	66	9.15e-28	121	nuclear receptor ROR-alpha isoform X1 [Phyllostomus discolor]	89673
XP_036188104.1	XP_028364136	29.717	212	505	523	66	1.86e-18	94.0	nuclear receptor ROR-alpha isoform X1 [Phyllostomus discolor]	89673
XP_036188104.1	XP_024902348	29.888	358	505	633	69	9.29e-28	122	nuclear receptor subfamily 4 group A member 3 [Pteropus alecto]	9402
XP_036188104.1	XP_006911595	29.888	358	505	633	69	9.29e-28	122	nuclear receptor subfamily 4 group A member 3 [Pteropus alecto]	9402
XP_036188104.1	XP_036909922	48.760	121	505	544	64	9.34e-28	122	nuclear receptor ROR-alpha isoform X4 [Sturnira hondurensis]	192404
XP_036188104.1	XP_036909922	29.717	212	505	544	64	1.00e-18	94.7	nuclear receptor ROR-alpha isoform X4 [Sturnira hondurensis]	192404
XP_036188104.1	XP_039711790	29.330	358	505	633	69	9.38e-28	122	nuclear receptor subfamily 4 group A member 3 [Pteropus medius]	143291
XP_036188104.1	XP_039711781	29.330	358	505	633	69	9.38e-28	122	nuclear receptor subfamily 4 group A member 3 [Pteropus medius]	143291
XP_036188104.1	XP_039711774	29.330	358	505	633	69	9.38e-28	122	nuclear receptor subfamily 4 group A member 3 [Pteropus medius]	143291
XP_036188104.1	XP_039711765	29.330	358	505	633	69	9.38e-28	122	nuclear receptor subfamily 4 group A member 3 [Pteropus medius]	143291
XP_036188104.1	XP_039711757	29.330	358	505	633	69	9.38e-28	122	nuclear receptor subfamily 4 group A member 3 [Pteropus medius]	143291
XP_036188104.1	XP_059537954	31.034	319	505	488	60	9.67e-28	121	nuclear receptor subfamily 2 group C member 1 isoform X5 [Myotis daubentonii]	98922
XP_036188104.1	XP_036113684	29.938	324	505	377	58	1.07e-27	119	oxysterols receptor LXR-alpha isoform X2 [Molossus molossus]	27622
XP_036188104.1	XP_028364135	48.760	121	505	544	64	1.09e-27	121	nuclear receptor ROR-alpha isoform X3 [Phyllostomus discolor]	89673
XP_036188104.1	XP_028364135	29.717	212	505	544	64	1.69e-18	94.0	nuclear receptor ROR-alpha isoform X3 [Phyllostomus discolor]	89673
XP_036188104.1	XP_045704701	29.231	325	505	334	60	1.09e-27	118	photoreceptor-specific nuclear receptor isoform X4 [Phyllostomus hastatus]	9423
XP_036188104.1	XP_080526118	45.669	127	505	523	66	1.12e-27	121	nuclear receptor ROR-alpha isoform 2 [Plecotus auritus]	61862
XP_036188104.1	XP_080526118	29.717	212	505	523	66	1.11e-18	94.4	nuclear receptor ROR-alpha isoform 2 [Plecotus auritus]	61862
XP_036188104.1	XP_039721357	48.760	121	505	548	63	1.14e-27	121	nuclear receptor ROR-alpha isoform X5 [Pteropus medius]	143291
XP_036188104.1	XP_039721357	30.392	204	505	548	63	8.41e-19	95.1	nuclear receptor ROR-alpha isoform X5 [Pteropus medius]	143291
XP_036188104.1	XP_045443310	29.268	328	505	339	60	1.16e-27	118	photoreceptor-specific nuclear receptor isoform X2 [Pipistrellus kuhlii]	59472
XP_036188104.1	XP_036997857	27.394	376	505	406	72	1.17e-27	119	nuclear receptor subfamily 2 group F member 6 [Artibeus jamaicensis]	9417
XP_036188104.1	XP_080950863	45.669	127	505	523	66	1.17e-27	121	nuclear receptor ROR-alpha isoform 2 [Myotis nattereri]	109481
XP_036188104.1	XP_080950863	29.717	212	505	523	66	4.00e-18	92.8	nuclear receptor ROR-alpha isoform 2 [Myotis nattereri]	109481
XP_036188104.1	XP_036117403	29.888	358	505	631	69	1.55e-27	122	nuclear receptor subfamily 4 group A member 3 [Molossus molossus]	27622
XP_036188104.1	XP_036076747	30.435	322	505	446	58	1.66e-27	120	oxysterols receptor LXR-alpha isoform X2 [Rousettus aegyptiacus]	9407
XP_036188104.1	XP_036884531	27.394	376	505	406	72	1.72e-27	119	nuclear receptor subfamily 2 group F member 6 [Sturnira hondurensis]	192404
XP_036188104.1	XP_006758665	29.363	361	505	512	69	1.73e-27	120	PREDICTED: nuclear receptor subfamily 4 group A member 3 [Myotis davidii]	225400
XP_036188104.1	XP_023388308	44.355	124	505	498	64	1.78e-27	120	nuclear receptor ROR-alpha isoform X2 [Pteropus vampyrus]	132908
XP_036188104.1	XP_023388308	30.392	204	505	498	64	1.40e-18	94.0	nuclear receptor ROR-alpha isoform X2 [Pteropus vampyrus]	132908
XP_036188104.1	XP_045708958	27.394	376	505	406	72	1.81e-27	119	nuclear receptor subfamily 2 group F member 6 [Phyllostomus hastatus]	9423
XP_036188104.1	XP_028375465	27.394	376	505	406	72	1.81e-27	119	nuclear receptor subfamily 2 group F member 6 [Phyllostomus discolor]	89673
XP_036188104.1	XP_054443016	30.031	323	505	393	58	1.85e-27	119	oxysterols receptor LXR-alpha isoform X3 [Pteronotus mesoamericanus]	1884717
XP_036188104.1	XP_079647070	29.363	361	505	631	69	1.86e-27	121	nuclear receptor subfamily 4 group A member 3 isoform 1 [Cnephaeus nilssonii]	3371016
XP_036188104.1	XP_023604504	62.353	85	505	258	17	1.88e-27	115	peroxisome proliferator-activated receptor alpha [Myotis lucifugus]	59463
XP_036188104.1	XP_016080515	29.086	361	505	475	69	1.94e-27	120	PREDICTED: nuclear receptor subfamily 4 group A member 3 [Miniopterus natalensis]	291302
XP_036188104.1	XP_070287178	29.363	361	505	628	69	1.94e-27	121	nuclear receptor subfamily 4 group A member 3 isoform X1 [Myotis yumanensis]	159337
XP_036188104.1	XP_023616105	29.363	361	505	628	69	1.94e-27	121	nuclear receptor subfamily 4 group A member 3 isoform X1 [Myotis lucifugus]	59463
XP_036188104.1	XP_036909919	43.846	130	505	523	66	1.95e-27	120	nuclear receptor ROR-alpha isoform X1 [Sturnira hondurensis]	192404
XP_036188104.1	XP_036909919	29.717	212	505	523	66	1.21e-18	94.4	nuclear receptor ROR-alpha isoform X1 [Sturnira hondurensis]	192404
XP_036188104.1	XP_080524354	29.888	358	505	628	69	1.98e-27	121	nuclear receptor subfamily 4 group A member 3 isoform 1 [Plecotus auritus]	61862
XP_036188104.1	XP_080524353	29.888	358	505	628	69	1.98e-27	121	nuclear receptor subfamily 4 group A member 3 isoform 1 [Plecotus auritus]	61862
XP_036188104.1	XP_066112747	29.086	361	505	634	69	2.08e-27	121	nuclear receptor subfamily 4 group A member 3 [Saccopteryx bilineata]	59482
XP_036188104.1	XP_066112746	29.086	361	505	634	69	2.08e-27	121	nuclear receptor subfamily 4 group A member 3 [Saccopteryx bilineata]	59482
XP_036188104.1	XP_070287180	29.363	361	505	626	69	2.10e-27	121	nuclear receptor subfamily 4 group A member 3 isoform X2 [Myotis yumanensis]	159337
XP_036188104.1	XP_070287179	29.363	361	505	626	69	2.10e-27	121	nuclear receptor subfamily 4 group A member 3 isoform X2 [Myotis yumanensis]	159337
XP_036188104.1	XP_023616106	29.363	361	505	626	69	2.10e-27	121	nuclear receptor subfamily 4 group A member 3 isoform X2 [Myotis lucifugus]	59463
XP_036188104.1	XP_006096532	29.363	361	505	626	69	2.10e-27	121	nuclear receptor subfamily 4 group A member 3 isoform X2 [Myotis lucifugus]	59463
XP_036188104.1	XP_036909920	43.846	130	505	522	63	2.12e-27	120	nuclear receptor ROR-alpha isoform X2 [Sturnira hondurensis]	192404
XP_036188104.1	XP_036909920	30.102	196	505	522	63	2.91e-18	93.2	nuclear receptor ROR-alpha isoform X2 [Sturnira hondurensis]	192404
XP_036188104.1	XP_066223662	29.086	361	505	634	69	2.14e-27	121	nuclear receptor subfamily 4 group A member 3 [Saccopteryx leptura]	249018
XP_036188104.1	XP_066223661	29.086	361	505	634	69	2.14e-27	121	nuclear receptor subfamily 4 group A member 3 [Saccopteryx leptura]	249018
XP_036188104.1	XP_054434837	27.394	376	505	410	72	2.19e-27	119	nuclear receptor subfamily 2 group F member 6 [Pteronotus mesoamericanus]	1884717
XP_036188104.1	XP_079647071	29.363	361	505	629	69	2.20e-27	121	nuclear receptor subfamily 4 group A member 3 isoform 2 [Cnephaeus nilssonii]	3371016
XP_036188104.1	XP_039721353	44.355	124	505	575	64	2.44e-27	120	nuclear receptor ROR-alpha isoform X1 [Pteropus medius]	143291
XP_036188104.1	XP_039721353	30.392	204	505	575	64	1.92e-18	94.0	nuclear receptor ROR-alpha isoform X1 [Pteropus medius]	143291
XP_036188104.1	XP_081008448	29.086	361	505	622	69	2.46e-27	121	nuclear receptor subfamily 4 group A member 3 [Miniopterus schreibersii]	9433
XP_036188104.1	XP_059513474	29.363	361	505	629	69	2.48e-27	121	nuclear receptor subfamily 4 group A member 3 isoform X1 [Myotis daubentonii]	98922
XP_036188104.1	XP_059513473	29.363	361	505	629	69	2.48e-27	121	nuclear receptor subfamily 4 group A member 3 isoform X1 [Myotis daubentonii]	98922
XP_036188104.1	XP_080960171	28.255	361	505	627	69	2.49e-27	121	nuclear receptor subfamily 4 group A member 3 isoform 1 [Myotis nattereri]	109481
XP_036188104.1	XP_080960170	28.255	361	505	627	69	2.49e-27	121	nuclear receptor subfamily 4 group A member 3 isoform 1 [Myotis nattereri]	109481
XP_036188104.1	XP_011375320	26.343	391	505	348	72	2.67e-27	117	nuclear receptor subfamily 1 group I member 3 [Pteropus vampyrus]	132908
XP_036188104.1	XP_059513476	29.363	361	505	627	69	2.78e-27	121	nuclear receptor subfamily 4 group A member 3 isoform X2 [Myotis daubentonii]	98922
XP_036188104.1	XP_059513475	29.363	361	505	627	69	2.78e-27	121	nuclear receptor subfamily 4 group A member 3 isoform X2 [Myotis daubentonii]	98922
XP_036188104.1	XP_036271922	27.128	376	505	404	72	2.82e-27	118	nuclear receptor subfamily 2 group F member 6 [Pipistrellus kuhlii]	59472
XP_036188104.1	XP_036186101	29.363	361	505	629	69	2.85e-27	121	nuclear receptor subfamily 4 group A member 3 isoform X1 [Myotis myotis]	51298
XP_036188104.1	XP_036186100	29.363	361	505	629	69	2.85e-27	121	nuclear receptor subfamily 4 group A member 3 isoform X1 [Myotis myotis]	51298
XP_036188104.1	XP_036186099	29.363	361	505	629	69	2.85e-27	121	nuclear receptor subfamily 4 group A member 3 isoform X1 [Myotis myotis]	51298
XP_036188104.1	XP_036186105	29.363	361	505	627	69	2.93e-27	120	nuclear receptor subfamily 4 group A member 3 isoform X2 [Myotis myotis]	51298
XP_036188104.1	XP_036186103	29.363	361	505	627	69	2.93e-27	120	nuclear receptor subfamily 4 group A member 3 isoform X2 [Myotis myotis]	51298
XP_036188104.1	XP_036186102	29.363	361	505	627	69	2.93e-27	120	nuclear receptor subfamily 4 group A member 3 isoform X2 [Myotis myotis]	51298
XP_036188104.1	XP_045437951	45.312	128	505	524	66	2.97e-27	120	nuclear receptor ROR-alpha isoform X4 [Pipistrellus kuhlii]	59472
XP_036188104.1	XP_045437951	29.717	212	505	524	66	1.39e-18	94.4	nuclear receptor ROR-alpha isoform X4 [Pipistrellus kuhlii]	59472
XP_036188104.1	XP_080990801	26.503	366	505	407	72	3.34e-27	118	nuclear receptor subfamily 2 group F member 6 [Miniopterus schreibersii]	9433
XP_036188104.1	XP_039695812	26.343	391	505	348	72	3.41e-27	117	nuclear receptor subfamily 1 group I member 3 isoform X3 [Pteropus medius]	143291
XP_036188104.1	XP_081015710	40.141	142	505	523	69	3.46e-27	120	nuclear receptor ROR-alpha isoform 2 [Miniopterus schreibersii]	9433
XP_036188104.1	XP_081015710	29.717	212	505	523	69	2.67e-18	93.2	nuclear receptor ROR-alpha isoform 2 [Miniopterus schreibersii]	9433
XP_036188104.1	XP_024423249	47.934	121	505	544	64	3.93e-27	120	nuclear receptor ROR-alpha isoform X6 [Desmodus rotundus]	9430
XP_036188104.1	XP_024423249	30.189	212	505	544	64	3.56e-19	96.3	nuclear receptor ROR-alpha isoform X6 [Desmodus rotundus]	9430
XP_036188104.1	XP_035885270	29.102	323	505	393	58	3.95e-27	118	oxysterols receptor LXR-alpha isoform X2 [Phyllostomus discolor]	89673
XP_036188104.1	XP_079651044	38.690	168	505	391	33	4.14e-27	117	nuclear receptor subfamily 1 group D member 2 isoform 2 [Cnephaeus nilssonii]	3371016
XP_036188104.1	XP_016064057	48.760	121	505	544	64	4.27e-27	120	PREDICTED: nuclear receptor ROR-alpha [Miniopterus natalensis]	291302
XP_036188104.1	XP_016064057	29.717	212	505	544	64	2.38e-18	93.6	PREDICTED: nuclear receptor ROR-alpha [Miniopterus natalensis]	291302
XP_036188104.1	XP_081015712	48.760	121	505	544	64	4.27e-27	120	nuclear receptor ROR-alpha isoform 4 [Miniopterus schreibersii]	9433
XP_036188104.1	XP_081015712	29.717	212	505	544	64	2.38e-18	93.6	nuclear receptor ROR-alpha isoform 4 [Miniopterus schreibersii]	9433
XP_036188104.1	XP_036289092	29.363	361	505	642	69	4.29e-27	120	nuclear receptor subfamily 4 group A member 3 isoform X1 [Pipistrellus kuhlii]	59472
XP_036188104.1	XP_036289091	29.363	361	505	642	69	4.29e-27	120	nuclear receptor subfamily 4 group A member 3 isoform X1 [Pipistrellus kuhlii]	59472
XP_036188104.1	XP_079639592	26.733	404	505	464	77	4.45e-27	119	hepatocyte nuclear factor 4-alpha isoform 4 [Cnephaeus nilssonii]	3371016
XP_036188104.1	XP_036289097	29.363	361	505	640	69	4.62e-27	120	nuclear receptor subfamily 4 group A member 3 isoform X2 [Pipistrellus kuhlii]	59472
XP_036188104.1	XP_036289095	29.363	361	505	640	69	4.62e-27	120	nuclear receptor subfamily 4 group A member 3 isoform X2 [Pipistrellus kuhlii]	59472
XP_036188104.1	XP_036289093	29.363	361	505	640	69	4.62e-27	120	nuclear receptor subfamily 4 group A member 3 isoform X2 [Pipistrellus kuhlii]	59472
XP_036188104.1	XP_080532182	38.690	168	505	391	33	4.65e-27	117	nuclear receptor subfamily 1 group D member 2 isoform 2 [Plecotus auritus]	61862
XP_036188104.1	XP_036901471	24.362	431	505	462	72	4.97e-27	119	nuclear receptor subfamily 1 group I member 2 isoform X3 [Sturnira hondurensis]	192404
XP_036188104.1	XP_028001734	29.363	361	505	624	69	5.09e-27	120	nuclear receptor subfamily 4 group A member 3 [Eptesicus fuscus]	29078
XP_036188104.1	XP_036900017	27.723	404	505	470	79	5.46e-27	119	hepatocyte nuclear factor 4-alpha isoform X4 [Sturnira hondurensis]	192404
XP_036188104.1	XP_080922548	29.086	361	505	633	69	5.52e-27	120	nuclear receptor subfamily 4 group A member 3 isoform 1 [Rhinolophus hipposideros]	77218
XP_036188104.1	XP_080922547	29.086	361	505	633	69	5.52e-27	120	nuclear receptor subfamily 4 group A member 3 isoform 1 [Rhinolophus hipposideros]	77218
XP_036188104.1	XP_080922546	29.086	361	505	633	69	5.52e-27	120	nuclear receptor subfamily 4 group A member 3 isoform 1 [Rhinolophus hipposideros]	77218
XP_036188104.1	XP_080922545	29.086	361	505	633	69	5.52e-27	120	nuclear receptor subfamily 4 group A member 3 isoform 1 [Rhinolophus hipposideros]	77218
XP_036188104.1	XP_080922544	29.086	361	505	633	69	5.52e-27	120	nuclear receptor subfamily 4 group A member 3 isoform 1 [Rhinolophus hipposideros]	77218
XP_036188104.1	XP_079639595	26.772	381	505	442	74	6.40e-27	118	hepatocyte nuclear factor 4-alpha isoform 7 [Cnephaeus nilssonii]	3371016
XP_036188104.1	XP_037020526	27.723	404	505	470	79	6.80e-27	118	hepatocyte nuclear factor 4-alpha isoform X4 [Artibeus jamaicensis]	9417
XP_036188104.1	XP_037020528	26.733	404	505	464	77	7.16e-27	118	hepatocyte nuclear factor 4-alpha isoform X5 [Artibeus jamaicensis]	9417
XP_036188104.1	XP_036900018	26.733	404	505	464	77	7.16e-27	118	hepatocyte nuclear factor 4-alpha isoform X5 [Sturnira hondurensis]	192404
XP_036188104.1	XP_037020525	26.733	404	505	474	77	7.50e-27	118	hepatocyte nuclear factor 4-alpha isoform X2 [Artibeus jamaicensis]	9417
XP_036188104.1	XP_036900015	26.733	404	505	474	77	7.50e-27	118	hepatocyte nuclear factor 4-alpha isoform X2 [Sturnira hondurensis]	192404
XP_036188104.1	XP_079639590	26.733	404	505	474	77	7.57e-27	118	hepatocyte nuclear factor 4-alpha isoform 2 [Cnephaeus nilssonii]	3371016
XP_036188104.1	XP_079639594	26.772	381	505	452	74	7.83e-27	118	hepatocyte nuclear factor 4-alpha isoform 6 [Cnephaeus nilssonii]	3371016
XP_036188104.1	XP_019505111	29.086	361	505	630	69	8.34e-27	119	PREDICTED: nuclear receptor subfamily 4 group A member 3 [Hipposideros armiger]	186990
XP_036188104.1	XP_019505110	29.086	361	505	630	69	8.34e-27	119	PREDICTED: nuclear receptor subfamily 4 group A member 3 [Hipposideros armiger]	186990
XP_036188104.1	XP_019505109	29.086	361	505	630	69	8.34e-27	119	PREDICTED: nuclear receptor subfamily 4 group A member 3 [Hipposideros armiger]	186990
XP_036188104.1	XP_019505108	29.086	361	505	630	69	8.34e-27	119	PREDICTED: nuclear receptor subfamily 4 group A member 3 [Hipposideros armiger]	186990
XP_036188104.1	XP_080918180	29.721	323	505	408	58	8.39e-27	117	oxysterols receptor LXR-alpha isoform 3 [Rhinolophus hipposideros]	77218
XP_036188104.1	XP_036301366	26.166	386	505	379	69	8.77e-27	116	nuclear receptor subfamily 1 group I member 2 [Pipistrellus kuhlii]	59472
XP_036188104.1	XP_053527029	26.733	404	505	474	77	8.82e-27	118	hepatocyte nuclear factor 4-alpha isoform X3 [Artibeus jamaicensis]	9417
XP_036188104.1	XP_016074791	26.485	404	505	464	77	8.83e-27	118	PREDICTED: hepatocyte nuclear factor 4-alpha isoform X3 [Miniopterus natalensis]	291302
XP_036188104.1	XP_081005582	26.485	404	505	464	77	8.83e-27	118	hepatocyte nuclear factor 4-alpha isoform 4 [Miniopterus schreibersii]	9433
XP_036188104.1	XP_079624506	47.934	121	505	544	64	9.04e-27	119	nuclear receptor ROR-alpha isoform 3 [Cnephaeus nilssonii]	3371016
XP_036188104.1	XP_079624506	29.717	212	505	544	64	1.13e-18	94.7	nuclear receptor ROR-alpha isoform 3 [Cnephaeus nilssonii]	3371016
XP_036188104.1	XP_080526122	47.934	121	505	544	64	9.47e-27	119	nuclear receptor ROR-alpha isoform 6 [Plecotus auritus]	61862
XP_036188104.1	XP_080526122	29.717	212	505	544	64	1.27e-18	94.4	nuclear receptor ROR-alpha isoform 6 [Plecotus auritus]	61862
XP_036188104.1	XP_079639591	26.733	404	505	474	77	9.60e-27	118	hepatocyte nuclear factor 4-alpha isoform 3 [Cnephaeus nilssonii]	3371016
XP_036188104.1	XP_079639589	26.733	404	505	484	77	9.63e-27	118	hepatocyte nuclear factor 4-alpha isoform 1 [Cnephaeus nilssonii]	3371016
XP_036188104.1	XP_032978494	29.086	361	505	631	69	9.70e-27	119	nuclear receptor subfamily 4 group A member 3 isoform X1 [Rhinolophus ferrumequinum]	59479
XP_036188104.1	XP_032978492	29.086	361	505	631	69	9.70e-27	119	nuclear receptor subfamily 4 group A member 3 isoform X1 [Rhinolophus ferrumequinum]	59479
XP_036188104.1	XP_079639593	27.034	381	505	462	74	1.02e-26	117	hepatocyte nuclear factor 4-alpha isoform 5 [Cnephaeus nilssonii]	3371016
XP_036188104.1	XP_027997816	47.934	121	505	544	64	1.03e-26	119	nuclear receptor ROR-alpha isoform X2 [Eptesicus fuscus]	29078
XP_036188104.1	XP_027997816	29.717	212	505	544	64	1.37e-18	94.4	nuclear receptor ROR-alpha isoform X2 [Eptesicus fuscus]	29078
XP_036188104.1	XP_074186868	29.086	361	505	633	69	1.05e-26	119	nuclear receptor subfamily 4 group A member 3 [Rhinolophus sinicus]	89399
XP_036188104.1	XP_074186867	29.086	361	505	633	69	1.05e-26	119	nuclear receptor subfamily 4 group A member 3 [Rhinolophus sinicus]	89399
XP_036188104.1	XP_019584781	29.086	361	505	633	69	1.05e-26	119	nuclear receptor subfamily 4 group A member 3 [Rhinolophus sinicus]	89399
XP_036188104.1	XP_036900016	26.733	404	505	474	77	1.06e-26	118	hepatocyte nuclear factor 4-alpha isoform X3 [Sturnira hondurensis]	192404
XP_036188104.1	XP_045437943	47.934	121	505	544	64	1.06e-26	119	nuclear receptor ROR-alpha isoform X2 [Pipistrellus kuhlii]	59472
XP_036188104.1	XP_045437943	29.717	212	505	544	64	1.26e-18	94.4	nuclear receptor ROR-alpha isoform X2 [Pipistrellus kuhlii]	59472
XP_036188104.1	XP_032975401	29.721	323	505	408	58	1.07e-26	117	oxysterols receptor LXR-alpha isoform X2 [Rhinolophus ferrumequinum]	59479
XP_036188104.1	XP_036900013	26.980	404	505	484	77	1.09e-26	118	hepatocyte nuclear factor 4-alpha isoform X1 [Sturnira hondurensis]	192404
XP_036188104.1	XP_037020522	26.980	404	505	484	77	1.19e-26	118	hepatocyte nuclear factor 4-alpha isoform X1 [Artibeus jamaicensis]	9417
XP_036188104.1	XP_016074790	26.485	404	505	474	77	1.25e-26	117	PREDICTED: hepatocyte nuclear factor 4-alpha isoform X2 [Miniopterus natalensis]	291302
XP_036188104.1	XP_081005580	26.485	404	505	474	77	1.25e-26	117	hepatocyte nuclear factor 4-alpha isoform 2 [Miniopterus schreibersii]	9433
XP_036188104.1	XP_036891759	28.809	361	505	628	69	1.28e-26	119	nuclear receptor subfamily 4 group A member 3 [Sturnira hondurensis]	192404
XP_036188104.1	XP_036891758	28.809	361	505	628	69	1.28e-26	119	nuclear receptor subfamily 4 group A member 3 [Sturnira hondurensis]	192404
XP_036188104.1	XP_081005581	26.485	404	505	474	77	1.31e-26	117	hepatocyte nuclear factor 4-alpha isoform 3 [Miniopterus schreibersii]	9433
XP_036188104.1	XP_032963115	56.044	91	505	541	57	1.32e-26	118	nuclear receptor ROR-alpha isoform X1 [Rhinolophus ferrumequinum]	59479
XP_036188104.1	XP_032963115	30.392	204	505	541	57	1.80e-18	94.0	nuclear receptor ROR-alpha isoform X1 [Rhinolophus ferrumequinum]	59479
XP_036188104.1	XP_019604230	56.044	91	505	541	59	1.32e-26	118	nuclear receptor ROR-alpha isoform X1 [Rhinolophus sinicus]	89399
XP_036188104.1	XP_019604230	29.717	212	505	541	59	1.66e-18	94.0	nuclear receptor ROR-alpha isoform X1 [Rhinolophus sinicus]	89399
XP_036188104.1	XP_023617022	56.044	91	505	474	59	1.35e-26	117	nuclear receptor ROR-alpha isoform X4 [Myotis lucifugus]	59463
XP_036188104.1	XP_023617022	29.717	212	505	474	59	1.30e-18	94.0	nuclear receptor ROR-alpha isoform X4 [Myotis lucifugus]	59463
XP_036188104.1	XP_036296004	47.934	121	505	551	64	1.39e-26	118	nuclear receptor ROR-alpha isoform X1 [Pipistrellus kuhlii]	59472
XP_036188104.1	XP_036296004	29.717	212	505	551	64	1.40e-18	94.4	nuclear receptor ROR-alpha isoform X1 [Pipistrellus kuhlii]	59472
XP_036188104.1	XP_036100560	26.238	404	505	464	77	1.42e-26	117	hepatocyte nuclear factor 4-alpha isoform X3 [Molossus molossus]	27622
XP_036188104.1	XP_053783966	56.044	91	505	541	59	1.43e-26	118	nuclear receptor ROR-alpha isoform X1 [Desmodus rotundus]	9430
XP_036188104.1	XP_053783966	30.189	212	505	541	59	5.68e-19	95.5	nuclear receptor ROR-alpha isoform X1 [Desmodus rotundus]	9430
XP_036188104.1	XP_032963118	56.044	91	505	459	59	1.43e-26	117	nuclear receptor ROR-alpha isoform X4 [Rhinolophus ferrumequinum]	59479
XP_036188104.1	XP_032963118	29.717	212	505	459	59	1.08e-18	94.0	nuclear receptor ROR-alpha isoform X4 [Rhinolophus ferrumequinum]	59479
XP_036188104.1	XP_006921895	26.485	404	505	464	77	1.46e-26	117	hepatocyte nuclear factor 4-alpha isoform X2 [Pteropus alecto]	9402
XP_036188104.1	XP_023391878	26.485	404	505	464	77	1.46e-26	117	hepatocyte nuclear factor 4-alpha isoform X2 [Pteropus vampyrus]	132908
XP_036188104.1	XP_039720325	26.485	404	505	464	77	1.46e-26	117	hepatocyte nuclear factor 4-alpha isoform X2 [Pteropus medius]	143291
XP_036188104.1	XP_074183748	56.044	91	505	477	59	1.47e-26	117	nuclear receptor ROR-alpha isoform X3 [Rhinolophus sinicus]	89399
XP_036188104.1	XP_074183748	30.000	210	505	477	59	1.31e-18	94.0	nuclear receptor ROR-alpha isoform X3 [Rhinolophus sinicus]	89399
XP_036188104.1	XP_016074793	26.316	380	505	442	74	1.49e-26	117	PREDICTED: hepatocyte nuclear factor 4-alpha isoform X5 [Miniopterus natalensis]	291302
XP_036188104.1	XP_006921894	26.485	404	505	474	77	1.53e-26	117	hepatocyte nuclear factor 4-alpha isoform X1 [Pteropus alecto]	9402
XP_036188104.1	XP_011367670	26.485	404	505	474	77	1.53e-26	117	hepatocyte nuclear factor 4-alpha isoform X1 [Pteropus vampyrus]	132908
XP_036188104.1	XP_039720324	26.485	404	505	474	77	1.53e-26	117	hepatocyte nuclear factor 4-alpha isoform X1 [Pteropus medius]	143291
XP_036188104.1	XP_036274173	26.485	404	505	464	77	1.53e-26	117	hepatocyte nuclear factor 4-alpha isoform X4 [Pipistrellus kuhlii]	59472
XP_036188104.1	XP_032963117	56.044	91	505	468	59	1.54e-26	117	nuclear receptor ROR-alpha isoform X3 [Rhinolophus ferrumequinum]	59479
XP_036188104.1	XP_032963117	29.717	212	505	468	59	1.11e-18	94.0	nuclear receptor ROR-alpha isoform X3 [Rhinolophus ferrumequinum]	59479
XP_036188104.1	XP_019506332	56.044	91	505	468	59	1.55e-26	117	PREDICTED: nuclear receptor ROR-alpha isoform X2 [Hipposideros armiger]	186990
XP_036188104.1	XP_019506332	29.717	212	505	468	59	1.12e-18	94.0	PREDICTED: nuclear receptor ROR-alpha isoform X2 [Hipposideros armiger]	186990
XP_036188104.1	XP_015982338	56.044	91	505	468	59	1.55e-26	117	nuclear receptor ROR-alpha isoform X2 [Rousettus aegyptiacus]	9407
XP_036188104.1	XP_015982338	29.717	212	505	468	59	1.12e-18	94.0	nuclear receptor ROR-alpha isoform X2 [Rousettus aegyptiacus]	9407
XP_036188104.1	XP_080904683	56.044	91	505	468	59	1.55e-26	117	nuclear receptor ROR-alpha isoform 3 [Rhinolophus hipposideros]	77218
XP_036188104.1	XP_080904683	29.717	212	505	468	59	1.12e-18	94.0	nuclear receptor ROR-alpha isoform 3 [Rhinolophus hipposideros]	77218
XP_036188104.1	XP_039721356	56.044	91	505	468	59	1.55e-26	117	nuclear receptor ROR-alpha isoform X4 [Pteropus medius]	143291
XP_036188104.1	XP_039721356	29.717	212	505	468	59	1.12e-18	94.0	nuclear receptor ROR-alpha isoform X4 [Pteropus medius]	143291
XP_036188104.1	XP_019604233	56.044	91	505	468	59	1.55e-26	117	nuclear receptor ROR-alpha isoform X4 [Rhinolophus sinicus]	89399
XP_036188104.1	XP_019604233	29.717	212	505	468	59	1.12e-18	94.0	nuclear receptor ROR-alpha isoform X4 [Rhinolophus sinicus]	89399
XP_036188104.1	XP_080904682	56.044	91	505	523	57	1.57e-26	118	nuclear receptor ROR-alpha isoform 2 [Rhinolophus hipposideros]	77218
XP_036188104.1	XP_080904682	30.392	204	505	523	57	1.51e-18	94.0	nuclear receptor ROR-alpha isoform 2 [Rhinolophus hipposideros]	77218
XP_036188104.1	XP_070277717	56.044	91	505	541	59	1.58e-26	118	nuclear receptor ROR-alpha isoform X1 [Myotis yumanensis]	159337
XP_036188104.1	XP_070277717	29.717	212	505	541	59	1.58e-18	94.0	nuclear receptor ROR-alpha isoform X1 [Myotis yumanensis]	159337
XP_036188104.1	XP_059555553	56.044	91	505	541	59	1.58e-26	118	nuclear receptor ROR-alpha isoform X2 [Myotis daubentonii]	98922
XP_036188104.1	XP_059555553	29.717	212	505	541	59	1.58e-18	94.0	nuclear receptor ROR-alpha isoform X2 [Myotis daubentonii]	98922
XP_036188104.1	XP_080526117	56.044	91	505	541	59	1.58e-26	118	nuclear receptor ROR-alpha isoform 1 [Plecotus auritus]	61862
XP_036188104.1	XP_080526117	29.717	212	505	541	59	1.58e-18	94.0	nuclear receptor ROR-alpha isoform 1 [Plecotus auritus]	61862
XP_036188104.1	XP_079624504	56.044	91	505	541	59	1.58e-26	118	nuclear receptor ROR-alpha isoform 1 [Cnephaeus nilssonii]	3371016
XP_036188104.1	XP_079624504	29.717	212	505	541	59	1.58e-18	94.0	nuclear receptor ROR-alpha isoform 1 [Cnephaeus nilssonii]	3371016
XP_036188104.1	XP_035884402	28.834	326	505	333	60	1.59e-26	115	photoreceptor-specific nuclear receptor isoform X6 [Phyllostomus discolor]	89673
XP_036188104.1	XP_016074792	26.316	380	505	452	74	1.59e-26	117	PREDICTED: hepatocyte nuclear factor 4-alpha isoform X4 [Miniopterus natalensis]	291302
XP_036188104.1	XP_070277725	56.044	91	505	468	59	1.60e-26	117	nuclear receptor ROR-alpha isoform X3 [Myotis yumanensis]	159337
XP_036188104.1	XP_070277725	29.717	212	505	468	59	1.14e-18	94.0	nuclear receptor ROR-alpha isoform X3 [Myotis yumanensis]	159337
XP_036188104.1	XP_054421313	56.044	91	505	468	59	1.60e-26	117	nuclear receptor ROR-alpha isoform X4 [Pteronotus mesoamericanus]	1884717
XP_036188104.1	XP_054421313	29.717	212	505	468	59	1.14e-18	94.0	nuclear receptor ROR-alpha isoform X4 [Pteronotus mesoamericanus]	1884717
XP_036188104.1	XP_059555555	56.044	91	505	468	59	1.60e-26	117	nuclear receptor ROR-alpha isoform X4 [Myotis daubentonii]	98922
XP_036188104.1	XP_059555555	29.717	212	505	468	59	1.14e-18	94.0	nuclear receptor ROR-alpha isoform X4 [Myotis daubentonii]	98922
XP_036188104.1	XP_054572165	56.044	91	505	468	59	1.60e-26	117	nuclear receptor ROR-alpha isoform X1 [Eptesicus fuscus]	29078
XP_036188104.1	XP_054572165	29.717	212	505	468	59	1.14e-18	94.0	nuclear receptor ROR-alpha isoform X1 [Eptesicus fuscus]	29078
XP_036188104.1	XP_037006962	56.044	91	505	468	59	1.60e-26	117	nuclear receptor ROR-alpha isoform X3 [Artibeus jamaicensis]	9417
XP_036188104.1	XP_037006962	29.717	212	505	468	59	1.14e-18	94.0	nuclear receptor ROR-alpha isoform X3 [Artibeus jamaicensis]	9417
XP_036188104.1	XP_045679567	56.044	91	505	468	59	1.60e-26	117	nuclear receptor ROR-alpha [Phyllostomus hastatus]	9423
XP_036188104.1	XP_045679567	29.717	212	505	468	59	1.14e-18	94.0	nuclear receptor ROR-alpha [Phyllostomus hastatus]	9423
XP_036188104.1	XP_036296009	56.044	91	505	468	59	1.60e-26	117	nuclear receptor ROR-alpha isoform X5 [Pipistrellus kuhlii]	59472
XP_036188104.1	XP_036296009	29.717	212	505	468	59	1.14e-18	94.0	nuclear receptor ROR-alpha isoform X5 [Pipistrellus kuhlii]	59472
XP_036188104.1	XP_036108241	56.044	91	505	468	59	1.60e-26	117	nuclear receptor ROR-alpha [Molossus molossus]	27622
XP_036188104.1	XP_036108241	29.717	212	505	468	59	8.25e-19	94.4	nuclear receptor ROR-alpha [Molossus molossus]	27622
XP_036188104.1	XP_036909921	56.044	91	505	468	59	1.60e-26	117	nuclear receptor ROR-alpha isoform X3 [Sturnira hondurensis]	192404
XP_036188104.1	XP_036909921	29.717	212	505	468	59	1.14e-18	94.0	nuclear receptor ROR-alpha isoform X3 [Sturnira hondurensis]	192404
XP_036188104.1	XP_080526121	56.044	91	505	468	59	1.60e-26	117	nuclear receptor ROR-alpha isoform 5 [Plecotus auritus]	61862
XP_036188104.1	XP_080526121	29.717	212	505	468	59	1.14e-18	94.0	nuclear receptor ROR-alpha isoform 5 [Plecotus auritus]	61862
XP_036188104.1	XP_079624505	56.044	91	505	468	59	1.60e-26	117	nuclear receptor ROR-alpha isoform 2 [Cnephaeus nilssonii]	3371016
XP_036188104.1	XP_079624505	29.717	212	505	468	59	1.14e-18	94.0	nuclear receptor ROR-alpha isoform 2 [Cnephaeus nilssonii]	3371016
XP_036188104.1	XP_016074789	26.485	404	505	484	77	1.61e-26	117	PREDICTED: hepatocyte nuclear factor 4-alpha isoform X1 [Miniopterus natalensis]	291302
XP_036188104.1	XP_081005579	26.485	404	505	484	77	1.61e-26	117	hepatocyte nuclear factor 4-alpha isoform 1 [Miniopterus schreibersii]	9433
XP_036188104.1	XP_014390987	56.044	91	505	483	59	1.61e-26	117	PREDICTED: nuclear receptor ROR-alpha isoform X3 [Myotis brandtii]	109478
XP_036188104.1	XP_014390987	29.717	212	505	483	59	1.27e-18	94.0	PREDICTED: nuclear receptor ROR-alpha isoform X3 [Myotis brandtii]	109478
XP_036188104.1	XP_066199887	56.044	91	505	468	59	1.61e-26	117	nuclear receptor ROR-alpha isoform X2 [Saccopteryx leptura]	249018
XP_036188104.1	XP_066199887	29.717	212	505	468	59	1.16e-18	94.0	nuclear receptor ROR-alpha isoform X2 [Saccopteryx leptura]	249018
XP_036188104.1	XP_066130933	56.044	91	505	468	59	1.61e-26	117	nuclear receptor ROR-alpha isoform X2 [Saccopteryx bilineata]	59482
XP_036188104.1	XP_066130933	29.717	212	505	468	59	1.16e-18	94.0	nuclear receptor ROR-alpha isoform X2 [Saccopteryx bilineata]	59482
XP_036188104.1	XP_080950864	56.044	91	505	468	59	1.61e-26	117	nuclear receptor ROR-alpha isoform 3 [Myotis nattereri]	109481
XP_036188104.1	XP_080950864	29.717	212	505	468	59	3.53e-18	92.4	nuclear receptor ROR-alpha isoform 3 [Myotis nattereri]	109481
XP_036188104.1	XP_005861171	56.044	91	505	459	59	1.62e-26	117	PREDICTED: nuclear receptor ROR-alpha isoform X4 [Myotis brandtii]	109478
XP_036188104.1	XP_005861171	29.717	212	505	459	59	1.15e-18	94.0	PREDICTED: nuclear receptor ROR-alpha isoform X4 [Myotis brandtii]	109478
XP_036188104.1	XP_070277719	56.044	91	505	540	56	1.62e-26	118	nuclear receptor ROR-alpha isoform X2 [Myotis yumanensis]	159337
XP_036188104.1	XP_070277719	30.102	196	505	540	56	3.71e-18	92.8	nuclear receptor ROR-alpha isoform X2 [Myotis yumanensis]	159337
XP_036188104.1	XP_070276991	26.485	404	505	464	77	1.62e-26	117	hepatocyte nuclear factor 4-alpha isoform X4 [Myotis yumanensis]	159337
XP_036188104.1	XP_006763834	26.485	404	505	464	77	1.62e-26	117	PREDICTED: hepatocyte nuclear factor 4-alpha isoform X4 [Myotis davidii]	225400
XP_036188104.1	XP_005871301	26.485	404	505	464	77	1.62e-26	117	PREDICTED: hepatocyte nuclear factor 4-alpha isoform X4 [Myotis brandtii]	109478
XP_036188104.1	XP_036178832	26.485	404	505	464	77	1.62e-26	117	hepatocyte nuclear factor 4-alpha isoform X4 [Myotis myotis]	51298
XP_036188104.1	XP_080539488	26.485	404	505	464	77	1.62e-26	117	hepatocyte nuclear factor 4-alpha isoform 4 [Plecotus auritus]	61862
XP_036188104.1	XP_080904681	56.044	91	505	541	59	1.63e-26	118	nuclear receptor ROR-alpha isoform 1 [Rhinolophus hipposideros]	77218
XP_036188104.1	XP_080904681	29.717	212	505	541	59	2.15e-18	93.6	nuclear receptor ROR-alpha isoform 1 [Rhinolophus hipposideros]	77218
XP_036188104.1	XP_080950862	56.044	91	505	541	59	1.63e-26	118	nuclear receptor ROR-alpha isoform 1 [Myotis nattereri]	109481
XP_036188104.1	XP_080950862	29.717	212	505	541	59	5.47e-18	92.4	nuclear receptor ROR-alpha isoform 1 [Myotis nattereri]	109481
XP_036188104.1	XP_053783967	56.044	91	505	540	56	1.63e-26	118	nuclear receptor ROR-alpha isoform X2 [Desmodus rotundus]	9430
XP_036188104.1	XP_053783967	30.612	196	505	540	56	1.15e-18	94.4	nuclear receptor ROR-alpha isoform X2 [Desmodus rotundus]	9430
XP_036188104.1	XP_054421311	56.044	91	505	540	56	1.63e-26	118	nuclear receptor ROR-alpha isoform X2 [Pteronotus mesoamericanus]	1884717
XP_036188104.1	XP_054421311	30.102	196	505	540	56	3.58e-18	93.2	nuclear receptor ROR-alpha isoform X2 [Pteronotus mesoamericanus]	1884717
XP_036188104.1	XP_080526120	56.044	91	505	472	59	1.63e-26	117	nuclear receptor ROR-alpha isoform 4 [Plecotus auritus]	61862
XP_036188104.1	XP_080526120	29.717	212	505	472	59	1.07e-18	94.4	nuclear receptor ROR-alpha isoform 4 [Plecotus auritus]	61862
XP_036188104.1	XP_059555554	56.044	91	505	474	59	1.65e-26	117	nuclear receptor ROR-alpha isoform X3 [Myotis daubentonii]	98922
XP_036188104.1	XP_059555554	29.717	212	505	474	59	1.30e-18	94.0	nuclear receptor ROR-alpha isoform X3 [Myotis daubentonii]	98922
XP_036188104.1	XP_053782277	27.228	404	505	464	77	1.66e-26	117	hepatocyte nuclear factor 4-alpha isoform X5 [Desmodus rotundus]	9430
XP_036188104.1	XP_081015709	56.044	91	505	541	59	1.66e-26	118	nuclear receptor ROR-alpha isoform 1 [Miniopterus schreibersii]	9433
XP_036188104.1	XP_081015709	29.717	212	505	541	59	3.56e-18	93.2	nuclear receptor ROR-alpha isoform 1 [Miniopterus schreibersii]	9433
XP_036188104.1	XP_054421310	56.044	91	505	541	59	1.67e-26	118	nuclear receptor ROR-alpha isoform X1 [Pteronotus mesoamericanus]	1884717
XP_036188104.1	XP_054421310	29.717	212	505	541	59	1.70e-18	94.0	nuclear receptor ROR-alpha isoform X1 [Pteronotus mesoamericanus]	1884717
XP_036188104.1	XP_053783969	56.044	91	505	468	59	1.71e-26	117	nuclear receptor ROR-alpha isoform X5 [Desmodus rotundus]	9430
XP_036188104.1	XP_053783969	30.189	212	505	468	59	3.94e-19	95.5	nuclear receptor ROR-alpha isoform X5 [Desmodus rotundus]	9430
XP_036188104.1	XP_019492597	27.228	404	505	464	77	1.72e-26	117	PREDICTED: hepatocyte nuclear factor 4-alpha isoform X7 [Hipposideros armiger]	186990
XP_036188104.1	XP_066243846	26.485	404	505	464	77	1.75e-26	117	hepatocyte nuclear factor 4-alpha isoform X2 [Saccopteryx leptura]	249018
XP_036188104.1	XP_066090437	26.485	404	505	464	77	1.75e-26	117	hepatocyte nuclear factor 4-alpha isoform X2 [Saccopteryx bilineata]	59482
XP_036188104.1	XP_081015711	56.044	91	505	468	59	1.79e-26	117	nuclear receptor ROR-alpha isoform 3 [Miniopterus schreibersii]	9433
XP_036188104.1	XP_081015711	29.717	212	505	468	59	2.46e-18	93.2	nuclear receptor ROR-alpha isoform 3 [Miniopterus schreibersii]	9433
XP_036188104.1	XP_045057323	56.044	91	505	494	59	1.79e-26	117	nuclear receptor ROR-alpha isoform X4 [Desmodus rotundus]	9430
XP_036188104.1	XP_045057323	30.476	210	505	494	59	5.02e-19	95.5	nuclear receptor ROR-alpha isoform X4 [Desmodus rotundus]	9430
XP_036188104.1	XP_070279062	26.857	350	505	582	69	1.80e-26	118	nuclear receptor subfamily 4 group A member 2 isoform X3 [Myotis yumanensis]	159337
XP_036188104.1	XP_006927032	56.044	91	505	542	59	1.82e-26	118	LOW QUALITY PROTEIN: nuclear receptor ROR-alpha [Pteropus alecto]	9402
XP_036188104.1	XP_006927032	29.717	212	505	542	59	2.85e-18	93.2	LOW QUALITY PROTEIN: nuclear receptor ROR-alpha [Pteropus alecto]	9402
XP_036188104.1	XP_036901470	26.136	352	505	466	63	1.82e-26	117	nuclear receptor subfamily 1 group I member 2 isoform X2 [Sturnira hondurensis]	192404
XP_036188104.1	XP_036274172	26.485	404	505	474	77	1.85e-26	117	hepatocyte nuclear factor 4-alpha isoform X3 [Pipistrellus kuhlii]	59472
XP_036188104.1	XP_036100559	26.238	404	505	474	77	1.88e-26	117	hepatocyte nuclear factor 4-alpha isoform X2 [Molossus molossus]	27622
XP_036188104.1	XP_036159444	56.044	91	505	474	59	1.90e-26	117	nuclear receptor ROR-alpha isoform X2 [Myotis myotis]	51298
XP_036188104.1	XP_036159444	29.717	212	505	474	59	1.80e-18	93.6	nuclear receptor ROR-alpha isoform X2 [Myotis myotis]	51298
XP_036188104.1	XP_005861170	56.044	91	505	489	59	1.92e-26	117	PREDICTED: nuclear receptor ROR-alpha isoform X2 [Myotis brandtii]	109478
XP_036188104.1	XP_005861170	29.717	212	505	489	59	9.67e-19	94.4	PREDICTED: nuclear receptor ROR-alpha isoform X2 [Myotis brandtii]	109478
XP_036188104.1	XP_054579801	26.316	380	505	452	74	1.92e-26	117	hepatocyte nuclear factor 4-alpha isoform X1 [Eptesicus fuscus]	29078
XP_036188104.1	XP_066243845	26.485	404	505	474	77	1.92e-26	117	hepatocyte nuclear factor 4-alpha isoform X1 [Saccopteryx leptura]	249018
XP_036188104.1	XP_066090436	26.485	404	505	474	77	1.92e-26	117	hepatocyte nuclear factor 4-alpha isoform X1 [Saccopteryx bilineata]	59482
XP_036188104.1	XP_036296007	56.044	91	505	542	59	1.94e-26	118	nuclear receptor ROR-alpha isoform X3 [Pipistrellus kuhlii]	59472
XP_036188104.1	XP_036296007	29.717	212	505	542	59	1.79e-18	94.0	nuclear receptor ROR-alpha isoform X3 [Pipistrellus kuhlii]	59472
XP_036188104.1	XP_036159454	56.044	91	505	468	59	1.99e-26	117	nuclear receptor ROR-alpha isoform X3 [Myotis myotis]	51298
XP_036188104.1	XP_036159454	29.717	212	505	468	59	1.56e-18	93.6	nuclear receptor ROR-alpha isoform X3 [Myotis myotis]	51298
XP_036188104.1	XP_028364137	56.044	91	505	468	59	1.99e-26	117	nuclear receptor ROR-alpha isoform X2 [Phyllostomus discolor]	89673
XP_036188104.1	XP_028364137	29.717	212	505	468	59	1.56e-18	93.6	nuclear receptor ROR-alpha isoform X2 [Phyllostomus discolor]	89673
XP_036188104.1	XP_070276989	26.485	404	505	474	77	1.99e-26	117	hepatocyte nuclear factor 4-alpha isoform X2 [Myotis yumanensis]	159337
XP_036188104.1	XP_006763832	26.485	404	505	474	77	1.99e-26	117	PREDICTED: hepatocyte nuclear factor 4-alpha isoform X2 [Myotis davidii]	225400
XP_036188104.1	XP_005871302	26.485	404	505	474	77	1.99e-26	117	PREDICTED: hepatocyte nuclear factor 4-alpha isoform X2 [Myotis brandtii]	109478
XP_036188104.1	XP_036178830	26.485	404	505	474	77	1.99e-26	117	hepatocyte nuclear factor 4-alpha isoform X2 [Myotis myotis]	51298
XP_036188104.1	XP_080952588	26.485	404	505	474	77	1.99e-26	117	hepatocyte nuclear factor 4-alpha [Myotis nattereri]	109481
XP_036188104.1	XP_080539486	26.485	404	505	474	77	1.99e-26	117	hepatocyte nuclear factor 4-alpha isoform 2 [Plecotus auritus]	61862
XP_036188104.1	XP_054579802	26.316	380	505	442	74	2.00e-26	117	hepatocyte nuclear factor 4-alpha isoform X2 [Eptesicus fuscus]	29078
XP_036188104.1	XP_045688629	26.485	404	505	464	77	2.08e-26	117	hepatocyte nuclear factor 4-alpha isoform X2 [Phyllostomus hastatus]	9423
XP_036188104.1	XP_028379985	26.485	404	505	464	77	2.08e-26	117	hepatocyte nuclear factor 4-alpha isoform X4 [Phyllostomus discolor]	89673
XP_036188104.1	XP_079638332	26.857	350	505	580	69	2.11e-26	118	nuclear receptor subfamily 4 group A member 2 isoform 2 [Cnephaeus nilssonii]	3371016
XP_036188104.1	XP_070272445	26.503	366	505	405	72	2.11e-26	116	nuclear receptor subfamily 2 group F member 6 [Myotis yumanensis]	159337
XP_036188104.1	XP_059552301	26.503	366	505	405	72	2.11e-26	116	nuclear receptor subfamily 2 group F member 6 [Myotis daubentonii]	98922
XP_036188104.1	XP_008156027	26.503	366	505	405	72	2.11e-26	116	nuclear receptor subfamily 2 group F member 6 isoform X1 [Eptesicus fuscus]	29078
XP_036188104.1	XP_036158512	26.503	366	505	405	72	2.11e-26	116	nuclear receptor subfamily 2 group F member 6 [Myotis myotis]	51298
XP_036188104.1	XP_080949245	26.503	366	505	405	72	2.11e-26	116	nuclear receptor subfamily 2 group F member 6 [Myotis nattereri]	109481
XP_036188104.1	XP_080528079	26.503	366	505	405	72	2.11e-26	116	nuclear receptor subfamily 2 group F member 6 [Plecotus auritus]	61862
XP_036188104.1	XP_079628820	26.503	366	505	405	72	2.11e-26	116	nuclear receptor subfamily 2 group F member 6 [Cnephaeus nilssonii]	3371016
XP_036188104.1	XP_053774653	26.857	350	505	580	69	2.19e-26	118	nuclear receptor subfamily 4 group A member 2 isoform X2 [Desmodus rotundus]	9430
XP_036188104.1	XP_053782276	26.485	404	505	474	77	2.19e-26	117	hepatocyte nuclear factor 4-alpha isoform X4 [Desmodus rotundus]	9430
XP_036188104.1	XP_053782279	27.105	380	505	442	74	2.24e-26	116	hepatocyte nuclear factor 4-alpha isoform X7 [Desmodus rotundus]	9430
XP_036188104.1	XP_066243847	26.316	380	505	452	74	2.26e-26	116	hepatocyte nuclear factor 4-alpha isoform X3 [Saccopteryx leptura]	249018
XP_036188104.1	XP_066090438	26.316	380	505	452	74	2.26e-26	116	hepatocyte nuclear factor 4-alpha isoform X3 [Saccopteryx bilineata]	59482
XP_036188104.1	XP_045688628	26.485	404	505	474	77	2.28e-26	117	hepatocyte nuclear factor 4-alpha isoform X1 [Phyllostomus hastatus]	9423
XP_036188104.1	XP_028379984	26.485	404	505	474	77	2.28e-26	117	hepatocyte nuclear factor 4-alpha isoform X2 [Phyllostomus discolor]	89673
XP_036188104.1	XP_019492596	26.485	404	505	474	77	2.30e-26	117	PREDICTED: hepatocyte nuclear factor 4-alpha isoform X6 [Hipposideros armiger]	186990
XP_036188104.1	XP_023388309	56.044	91	505	486	59	2.30e-26	117	nuclear receptor ROR-alpha isoform X3 [Pteropus vampyrus]	132908
XP_036188104.1	XP_023388309	29.717	212	505	486	59	1.23e-18	94.0	nuclear receptor ROR-alpha isoform X3 [Pteropus vampyrus]	132908
XP_036188104.1	XP_074181737	34.862	218	505	409	43	2.31e-26	116	retinoic acid receptor gamma isoform X3 [Rhinolophus sinicus]	89399
XP_036188104.1	XP_053782278	26.579	380	505	452	74	2.37e-26	116	hepatocyte nuclear factor 4-alpha isoform X6 [Desmodus rotundus]	9430
XP_036188104.1	XP_080526119	56.044	91	505	475	59	2.43e-26	117	nuclear receptor ROR-alpha isoform 3 [Plecotus auritus]	61862
XP_036188104.1	XP_080526119	29.717	212	505	475	59	1.30e-18	94.0	nuclear receptor ROR-alpha isoform 3 [Plecotus auritus]	61862
XP_036188104.1	XP_019492594	27.066	351	505	493	69	2.47e-26	117	PREDICTED: hepatocyte nuclear factor 4-alpha isoform X4 [Hipposideros armiger]	186990
XP_036188104.1	XP_045688630	26.579	380	505	452	74	2.48e-26	116	hepatocyte nuclear factor 4-alpha isoform X3 [Phyllostomus hastatus]	9423
XP_036188104.1	XP_039721355	56.044	91	505	502	59	2.52e-26	117	nuclear receptor ROR-alpha isoform X3 [Pteropus medius]	143291
XP_036188104.1	XP_039721355	29.717	212	505	502	59	1.50e-18	94.0	nuclear receptor ROR-alpha isoform X3 [Pteropus medius]	143291
XP_036188104.1	XP_035865759	26.485	404	505	474	77	2.58e-26	117	hepatocyte nuclear factor 4-alpha isoform X3 [Phyllostomus discolor]	89673
XP_036188104.1	XP_070276990	26.485	404	505	474	77	2.60e-26	117	hepatocyte nuclear factor 4-alpha isoform X3 [Myotis yumanensis]	159337
XP_036188104.1	XP_006763833	26.485	404	505	474	77	2.60e-26	117	PREDICTED: hepatocyte nuclear factor 4-alpha isoform X3 [Myotis davidii]	225400
XP_036188104.1	XP_005871300	26.485	404	505	474	77	2.60e-26	117	PREDICTED: hepatocyte nuclear factor 4-alpha isoform X3 [Myotis brandtii]	109478
XP_036188104.1	XP_036178831	26.485	404	505	474	77	2.60e-26	117	hepatocyte nuclear factor 4-alpha isoform X3 [Myotis myotis]	51298
XP_036188104.1	XP_080539487	26.485	404	505	474	77	2.60e-26	117	hepatocyte nuclear factor 4-alpha isoform 3 [Plecotus auritus]	61862
XP_036188104.1	XP_036274171	26.485	404	505	474	77	2.62e-26	117	hepatocyte nuclear factor 4-alpha isoform X2 [Pipistrellus kuhlii]	59472
XP_036188104.1	XP_023617021	45.038	131	505	496	64	2.63e-26	117	nuclear receptor ROR-alpha isoform X3 [Myotis lucifugus]	59463
XP_036188104.1	XP_023617021	29.717	212	505	496	64	1.03e-18	94.4	nuclear receptor ROR-alpha isoform X3 [Myotis lucifugus]	59463
XP_036188104.1	XP_032982726	26.124	356	505	463	69	2.66e-26	116	hepatocyte nuclear factor 4-gamma isoform X1 [Rhinolophus ferrumequinum]	59479
XP_036188104.1	XP_005866450	26.685	356	505	462	69	2.71e-26	116	PREDICTED: hepatocyte nuclear factor 4-gamma isoform X1 [Myotis brandtii]	109478
XP_036188104.1	XP_028373583	28.809	361	505	628	69	2.71e-26	118	nuclear receptor subfamily 4 group A member 3 [Phyllostomus discolor]	89673
XP_036188104.1	XP_036100558	26.485	404	505	484	77	2.73e-26	117	hepatocyte nuclear factor 4-alpha isoform X1 [Molossus molossus]	27622
XP_036188104.1	XP_053512753	28.221	326	505	333	60	2.74e-26	114	photoreceptor-specific nuclear receptor isoform X2 [Artibeus jamaicensis]	9417
XP_036188104.1	XP_032982727	26.124	356	505	408	69	2.77e-26	115	hepatocyte nuclear factor 4-gamma isoform X2 [Rhinolophus ferrumequinum]	59479
XP_036188104.1	XP_036274170	27.066	351	505	484	69	2.81e-26	117	hepatocyte nuclear factor 4-alpha isoform X1 [Pipistrellus kuhlii]	59472
XP_036188104.1	XP_036274174	26.579	380	505	462	74	2.81e-26	116	hepatocyte nuclear factor 4-alpha isoform X5 [Pipistrellus kuhlii]	59472
XP_036188104.1	XP_070276988	27.066	351	505	484	69	2.83e-26	117	hepatocyte nuclear factor 4-alpha isoform X1 [Myotis yumanensis]	159337
XP_036188104.1	XP_006763831	27.066	351	505	484	69	2.83e-26	117	PREDICTED: hepatocyte nuclear factor 4-alpha isoform X1 [Myotis davidii]	225400
XP_036188104.1	XP_014399204	27.066	351	505	484	69	2.83e-26	117	PREDICTED: hepatocyte nuclear factor 4-alpha isoform X1 [Myotis brandtii]	109478
XP_036188104.1	XP_036178829	27.066	351	505	484	69	2.83e-26	117	hepatocyte nuclear factor 4-alpha isoform X1 [Myotis myotis]	51298
XP_036188104.1	XP_080539485	27.066	351	505	484	69	2.83e-26	117	hepatocyte nuclear factor 4-alpha isoform 1 [Plecotus auritus]	61862
XP_036188104.1	XP_036093049	26.857	350	505	591	69	2.88e-26	117	nuclear receptor subfamily 4 group A member 2 isoform X3 [Rousettus aegyptiacus]	9407
XP_036188104.1	XP_053782273	27.350	351	505	477	69	2.89e-26	117	hepatocyte nuclear factor 4-alpha isoform X1 [Desmodus rotundus]	9430
XP_036188104.1	XP_074174847	26.124	356	505	463	69	2.90e-26	116	hepatocyte nuclear factor 4-gamma isoform X2 [Rhinolophus sinicus]	89399
XP_036188104.1	XP_074174849	26.124	356	505	408	69	2.90e-26	115	hepatocyte nuclear factor 4-gamma isoform X3 [Rhinolophus sinicus]	89399
XP_036188104.1	XP_074174848	26.124	356	505	408	69	2.90e-26	115	hepatocyte nuclear factor 4-gamma isoform X3 [Rhinolophus sinicus]	89399
XP_036188104.1	XP_014395342	26.685	356	505	408	69	2.93e-26	115	PREDICTED: hepatocyte nuclear factor 4-gamma isoform X2 [Myotis brandtii]	109478
XP_036188104.1	XP_005866451	26.685	356	505	408	69	2.93e-26	115	PREDICTED: hepatocyte nuclear factor 4-gamma isoform X2 [Myotis brandtii]	109478
XP_036188104.1	XP_070276992	26.579	380	505	462	74	3.04e-26	116	hepatocyte nuclear factor 4-alpha isoform X5 [Myotis yumanensis]	159337
XP_036188104.1	XP_019492595	26.485	404	505	484	77	3.08e-26	117	PREDICTED: hepatocyte nuclear factor 4-alpha isoform X5 [Hipposideros armiger]	186990
XP_036188104.1	XP_016007912	26.980	404	505	464	77	3.10e-26	116	hepatocyte nuclear factor 4-alpha isoform X2 [Rousettus aegyptiacus]	9407
XP_036188104.1	XP_019492592	27.066	351	505	503	69	3.22e-26	117	PREDICTED: hepatocyte nuclear factor 4-alpha isoform X2 [Hipposideros armiger]	186990
XP_036188104.1	XP_036883812	29.595	321	505	413	58	3.32e-26	115	oxysterols receptor LXR-alpha isoform X3 [Sturnira hondurensis]	192404
XP_036188104.1	XP_035865758	27.066	351	505	484	69	3.39e-26	116	hepatocyte nuclear factor 4-alpha isoform X1 [Phyllostomus discolor]	89673
XP_036188104.1	XP_024416456	27.394	376	505	406	72	3.40e-26	115	nuclear receptor subfamily 2 group F member 6 [Desmodus rotundus]	9430
XP_036188104.1	XP_019492593	27.066	351	505	503	69	3.41e-26	117	PREDICTED: hepatocyte nuclear factor 4-alpha isoform X3 [Hipposideros armiger]	186990
XP_036188104.1	XP_053782275	27.066	351	505	467	69	3.41e-26	116	hepatocyte nuclear factor 4-alpha isoform X3 [Desmodus rotundus]	9430
XP_036188104.1	XP_019492591	27.350	351	505	513	69	3.42e-26	117	PREDICTED: hepatocyte nuclear factor 4-alpha isoform X1 [Hipposideros armiger]	186990
XP_036188104.1	XP_080915688	34.862	218	505	406	43	3.49e-26	115	retinoic acid receptor gamma isoform 2 [Rhinolophus hipposideros]	77218
XP_036188104.1	XP_024434088	26.124	356	505	462	69	3.64e-26	116	hepatocyte nuclear factor 4-gamma isoform X1 [Desmodus rotundus]	9430
XP_036188104.1	XP_015981585	47.458	118	505	528	63	3.68e-26	117	nuclear receptor ROR-gamma isoform X1 [Rousettus aegyptiacus]	9407
XP_036188104.1	XP_015981585	28.293	205	505	528	63	3.96e-18	92.8	nuclear receptor ROR-gamma isoform X1 [Rousettus aegyptiacus]	9407
XP_036188104.1	XP_016073082	52.577	97	505	497	58	3.73e-26	116	PREDICTED: nuclear receptor ROR-gamma isoform X3 [Miniopterus natalensis]	291302
XP_036188104.1	XP_016073082	27.586	203	505	497	58	8.95e-17	88.6	PREDICTED: nuclear receptor ROR-gamma isoform X3 [Miniopterus natalensis]	291302
XP_036188104.1	XP_054429688	26.055	403	505	464	77	3.97e-26	116	hepatocyte nuclear factor 4-alpha isoform X4 [Pteronotus mesoamericanus]	1884717
XP_036188104.1	XP_019492599	27.350	351	505	448	69	4.01e-26	115	PREDICTED: hepatocyte nuclear factor 4-alpha isoform X8 [Hipposideros armiger]	186990
XP_036188104.1	XP_016007911	26.238	404	505	474	77	4.18e-26	116	hepatocyte nuclear factor 4-alpha isoform X1 [Rousettus aegyptiacus]	9407
XP_036188104.1	XP_053782274	27.066	351	505	468	69	4.33e-26	116	hepatocyte nuclear factor 4-alpha isoform X2 [Desmodus rotundus]	9430
XP_036188104.1	XP_036119981	26.124	356	505	462	69	4.35e-26	116	hepatocyte nuclear factor 4-gamma isoform X1 [Molossus molossus]	27622
XP_036188104.1	XP_014385984	28.528	326	505	339	61	4.37e-26	114	PREDICTED: photoreceptor-specific nuclear receptor isoform X3 [Myotis brandtii]	109478
XP_036188104.1	XP_080977749	52.577	97	505	510	58	4.43e-26	116	nuclear receptor ROR-gamma isoform 1 [Miniopterus schreibersii]	9433
XP_036188104.1	XP_080977749	27.586	203	505	510	58	8.55e-18	91.7	nuclear receptor ROR-gamma isoform 1 [Miniopterus schreibersii]	9433
XP_036188104.1	XP_045696627	28.809	361	505	628	69	4.54e-26	117	nuclear receptor subfamily 4 group A member 3 [Phyllostomus hastatus]	9423
XP_036188104.1	XP_016073081	52.577	97	505	509	58	4.69e-26	116	PREDICTED: nuclear receptor ROR-gamma isoform X2 [Miniopterus natalensis]	291302
XP_036188104.1	XP_016073081	27.586	203	505	509	58	1.00e-17	91.7	PREDICTED: nuclear receptor ROR-gamma isoform X2 [Miniopterus natalensis]	291302
XP_036188104.1	XP_016073079	52.577	97	505	509	58	4.69e-26	116	PREDICTED: nuclear receptor ROR-gamma isoform X1 [Miniopterus natalensis]	291302
XP_036188104.1	XP_016073079	27.586	203	505	509	58	1.00e-17	91.7	PREDICTED: nuclear receptor ROR-gamma isoform X1 [Miniopterus natalensis]	291302
XP_036188104.1	XP_032950309	26.238	404	505	464	77	4.84e-26	115	hepatocyte nuclear factor 4-alpha isoform X2 [Rhinolophus ferrumequinum]	59479
XP_036188104.1	XP_080889710	26.238	404	505	464	77	4.89e-26	115	hepatocyte nuclear factor 4-alpha isoform 5 [Rhinolophus hipposideros]	77218
XP_036188104.1	XP_019604205	26.238	404	505	464	77	4.89e-26	115	hepatocyte nuclear factor 4-alpha isoform X4 [Rhinolophus sinicus]	89399
XP_036188104.1	XP_045042108	26.124	356	505	408	69	5.02e-26	115	hepatocyte nuclear factor 4-gamma isoform X3 [Desmodus rotundus]	9430
XP_036188104.1	XP_053778229	29.050	358	505	627	69	5.14e-26	117	nuclear receptor subfamily 4 group A member 3 [Desmodus rotundus]	9430
XP_036188104.1	XP_054429686	26.055	403	505	474	77	5.24e-26	115	hepatocyte nuclear factor 4-alpha isoform X2 [Pteronotus mesoamericanus]	1884717
XP_036188104.1	XP_032950308	26.238	404	505	474	77	5.44e-26	115	hepatocyte nuclear factor 4-alpha isoform X1 [Rhinolophus ferrumequinum]	59479
XP_036188104.1	XP_080889708	26.238	404	505	474	77	5.65e-26	115	hepatocyte nuclear factor 4-alpha isoform 3 [Rhinolophus hipposideros]	77218
XP_036188104.1	XP_019604196	26.238	404	505	474	77	5.65e-26	115	hepatocyte nuclear factor 4-alpha isoform X2 [Rhinolophus sinicus]	89399
XP_036188104.1	XP_036119982	26.124	356	505	408	69	5.86e-26	115	hepatocyte nuclear factor 4-gamma isoform X2 [Molossus molossus]	27622
XP_036188104.1	XP_039695811	25.806	403	505	368	72	5.90e-26	114	nuclear receptor subfamily 1 group I member 3 isoform X2 [Pteropus medius]	143291
XP_036188104.1	XP_059562981	26.238	404	505	464	77	5.91e-26	115	hepatocyte nuclear factor 4-alpha isoform X4 [Myotis daubentonii]	98922
XP_036188104.1	XP_054440593	29.330	358	505	629	69	6.00e-26	117	nuclear receptor subfamily 4 group A member 3 [Pteronotus mesoamericanus]	1884717
XP_036188104.1	XP_045042107	26.124	356	505	435	69	6.44e-26	115	hepatocyte nuclear factor 4-gamma isoform X2 [Desmodus rotundus]	9430
XP_036188104.1	XP_054429687	26.055	403	505	474	77	6.45e-26	115	hepatocyte nuclear factor 4-alpha isoform X3 [Pteronotus mesoamericanus]	1884717
XP_036188104.1	XP_036996690	28.809	361	505	627	69	6.47e-26	117	nuclear receptor subfamily 4 group A member 3 [Artibeus jamaicensis]	9417
XP_036188104.1	XP_036996689	28.809	361	505	627	69	6.47e-26	117	nuclear receptor subfamily 4 group A member 3 [Artibeus jamaicensis]	9417
XP_036188104.1	XP_059562979	26.238	404	505	474	77	7.09e-26	115	hepatocyte nuclear factor 4-alpha isoform X2 [Myotis daubentonii]	98922
XP_036188104.1	XP_074174846	26.124	356	505	505	69	7.20e-26	115	hepatocyte nuclear factor 4-gamma isoform X1 [Rhinolophus sinicus]	89399
XP_036188104.1	XP_080889706	25.858	437	505	488	86	7.33e-26	115	hepatocyte nuclear factor 4-alpha isoform 1 [Rhinolophus hipposideros]	77218
XP_036188104.1	XP_080889707	26.238	404	505	484	77	7.92e-26	115	hepatocyte nuclear factor 4-alpha isoform 2 [Rhinolophus hipposideros]	77218
XP_036188104.1	XP_074173290	26.238	404	505	484	77	7.92e-26	115	hepatocyte nuclear factor 4-alpha isoform X1 [Rhinolophus sinicus]	89399
XP_036188104.1	XP_080889709	26.238	404	505	474	77	8.02e-26	115	hepatocyte nuclear factor 4-alpha isoform 4 [Rhinolophus hipposideros]	77218
XP_036188104.1	XP_074173291	26.238	404	505	474	77	8.02e-26	115	hepatocyte nuclear factor 4-alpha isoform X3 [Rhinolophus sinicus]	89399
XP_036188104.1	XP_028374469	26.404	356	505	462	69	8.14e-26	115	hepatocyte nuclear factor 4-gamma isoform X2 [Phyllostomus discolor]	89673
XP_036188104.1	XP_016013188	27.322	366	505	406	72	8.22e-26	114	nuclear receptor subfamily 2 group F member 6 [Rousettus aegyptiacus]	9407
XP_036188104.1	XP_054429685	26.571	350	505	484	69	8.23e-26	115	hepatocyte nuclear factor 4-alpha isoform X1 [Pteronotus mesoamericanus]	1884717
XP_036188104.1	XP_080889712	26.781	351	505	441	69	8.26e-26	115	hepatocyte nuclear factor 4-alpha isoform 7 [Rhinolophus hipposideros]	77218
XP_036188104.1	XP_036096158	26.243	362	505	407	71	8.49e-26	114	nuclear receptor subfamily 2 group F member 6 [Molossus molossus]	27622
XP_036188104.1	XP_059562980	26.238	404	505	474	77	8.73e-26	115	hepatocyte nuclear factor 4-alpha isoform X3 [Myotis daubentonii]	98922
XP_036188104.1	XP_032950310	26.781	351	505	452	69	8.79e-26	115	hepatocyte nuclear factor 4-alpha isoform X3 [Rhinolophus ferrumequinum]	59479
XP_036188104.1	XP_080936584	51.546	97	505	481	19	8.97e-26	115	nuclear receptor ROR-gamma isoform 4 [Rhinolophus hipposideros]	77218
XP_036188104.1	XP_080936581	51.546	97	505	559	58	9.02e-26	116	nuclear receptor ROR-gamma isoform 1 [Rhinolophus hipposideros]	77218
XP_036188104.1	XP_080936581	29.064	203	505	559	58	7.68e-19	95.1	nuclear receptor ROR-gamma isoform 1 [Rhinolophus hipposideros]	77218
XP_036188104.1	XP_080889711	26.781	351	505	451	69	9.57e-26	115	hepatocyte nuclear factor 4-alpha isoform 6 [Rhinolophus hipposideros]	77218
XP_036188104.1	XP_036996238	48.544	103	505	466	62	9.58e-26	115	nuclear receptor ROR-beta isoform X1 [Artibeus jamaicensis]	9417
XP_036188104.1	XP_036996238	27.907	215	505	466	62	1.41e-19	96.7	nuclear receptor ROR-beta isoform X1 [Artibeus jamaicensis]	9417
XP_036188104.1	XP_036106887	30.408	319	505	488	60	9.82e-26	115	nuclear receptor subfamily 2 group C member 1 isoform X5 [Molossus molossus]	27622
XP_036188104.1	XP_059562978	26.781	351	505	484	69	9.84e-26	115	hepatocyte nuclear factor 4-alpha isoform X1 [Myotis daubentonii]	98922
XP_036188104.1	XP_080969462	49.505	101	505	534	59	9.86e-26	115	nuclear receptor ROR-gamma isoform 1 [Myotis nattereri]	109481
XP_036188104.1	XP_080969462	28.079	203	505	534	59	1.07e-17	91.7	nuclear receptor ROR-gamma isoform 1 [Myotis nattereri]	109481
XP_036188104.1	XP_032949465	46.491	114	505	520	60	1.00e-25	115	nuclear receptor ROR-gamma isoform X3 [Rhinolophus ferrumequinum]	59479
XP_036188104.1	XP_032949465	29.064	203	505	520	60	1.67e-18	94.0	nuclear receptor ROR-gamma isoform X3 [Rhinolophus ferrumequinum]	59479
XP_036188104.1	XP_080969463	49.505	101	505	533	59	1.01e-25	115	nuclear receptor ROR-gamma isoform 2 [Myotis nattereri]	109481
XP_036188104.1	XP_080969463	28.079	203	505	533	59	8.42e-18	91.7	nuclear receptor ROR-gamma isoform 2 [Myotis nattereri]	109481
XP_036188104.1	XP_036128418	51.546	97	505	517	58	1.01e-25	115	nuclear receptor ROR-gamma isoform X1 [Molossus molossus]	27622
XP_036188104.1	XP_036128418	27.586	203	505	517	58	1.44e-17	90.9	nuclear receptor ROR-gamma isoform X1 [Molossus molossus]	27622
XP_036188104.1	XP_066113178	48.544	103	505	470	62	1.02e-25	115	nuclear receptor ROR-beta isoform X1 [Saccopteryx bilineata]	59482
XP_036188104.1	XP_066113178	27.907	215	505	470	62	1.59e-19	96.7	nuclear receptor ROR-beta isoform X1 [Saccopteryx bilineata]	59482
XP_036188104.1	XP_036200095	49.505	101	505	529	59	1.03e-25	115	nuclear receptor ROR-gamma isoform X1 [Myotis myotis]	51298
XP_036188104.1	XP_036200095	28.079	203	505	529	59	1.03e-17	91.7	nuclear receptor ROR-gamma isoform X1 [Myotis myotis]	51298
XP_036188104.1	XP_015421761	26.404	356	505	462	69	1.03e-25	115	PREDICTED: hepatocyte nuclear factor 4-gamma [Myotis davidii]	225400
XP_036188104.1	XP_032949464	51.546	97	505	562	58	1.04e-25	115	nuclear receptor ROR-gamma isoform X2 [Rhinolophus ferrumequinum]	59479
XP_036188104.1	XP_032949464	29.064	203	505	562	58	1.90e-18	94.0	nuclear receptor ROR-gamma isoform X2 [Rhinolophus ferrumequinum]	59479
XP_036188104.1	XP_066224080	48.544	103	505	470	62	1.05e-25	115	nuclear receptor ROR-beta isoform X1 [Saccopteryx leptura]	249018
XP_036188104.1	XP_066224080	27.907	215	505	470	62	2.51e-19	96.3	nuclear receptor ROR-beta isoform X1 [Saccopteryx leptura]	249018
XP_036188104.1	XP_036886214	48.544	103	505	466	62	1.07e-25	115	nuclear receptor ROR-beta isoform X1 [Sturnira hondurensis]	192404
XP_036188104.1	XP_036886214	27.907	215	505	466	62	1.41e-19	96.7	nuclear receptor ROR-beta isoform X1 [Sturnira hondurensis]	192404
XP_036188104.1	XP_054564425	26.404	356	505	463	69	1.08e-25	115	hepatocyte nuclear factor 4-gamma isoform X2 [Eptesicus fuscus]	29078
XP_036188104.1	XP_080926488	25.843	356	505	463	69	1.08e-25	115	hepatocyte nuclear factor 4-gamma [Rhinolophus hipposideros]	77218
XP_036188104.1	XP_045696634	48.544	103	505	466	62	1.09e-25	115	nuclear receptor ROR-beta isoform X1 [Phyllostomus hastatus]	9423
XP_036188104.1	XP_045696634	27.907	215	505	466	62	1.52e-19	96.7	nuclear receptor ROR-beta isoform X1 [Phyllostomus hastatus]	9423
XP_036188104.1	XP_024411283	48.544	103	505	466	62	1.11e-25	115	nuclear receptor ROR-beta isoform X1 [Desmodus rotundus]	9430
XP_036188104.1	XP_024411283	27.907	215	505	466	62	1.41e-19	96.7	nuclear receptor ROR-beta isoform X1 [Desmodus rotundus]	9430
XP_036188104.1	XP_035877637	48.544	103	505	466	62	1.11e-25	115	nuclear receptor ROR-beta isoform X1 [Phyllostomus discolor]	89673
XP_036188104.1	XP_035877637	27.907	215	505	466	62	1.41e-19	96.7	nuclear receptor ROR-beta isoform X1 [Phyllostomus discolor]	89673
XP_036188104.1	XP_039723543	31.513	238	505	499	46	1.12e-25	115	retinoic acid receptor RXR-alpha [Pteropus medius]	143291
XP_036188104.1	XP_059531560	49.505	101	505	531	59	1.12e-25	115	nuclear receptor ROR-gamma isoform X1 [Myotis daubentonii]	98922
XP_036188104.1	XP_059531560	28.079	203	505	531	59	1.00e-17	91.7	nuclear receptor ROR-gamma isoform X1 [Myotis daubentonii]	98922
XP_036188104.1	XP_066122444	26.124	356	505	462	69	1.13e-25	115	hepatocyte nuclear factor 4-gamma isoform X1 [Saccopteryx bilineata]	59482
XP_036188104.1	XP_008148542	26.404	356	505	462	69	1.17e-25	114	hepatocyte nuclear factor 4-gamma isoform X1 [Eptesicus fuscus]	29078
XP_036188104.1	XP_079616743	51.546	97	505	522	58	1.19e-25	115	nuclear receptor ROR-gamma [Cnephaeus nilssonii]	3371016
XP_036188104.1	XP_079616743	28.079	203	505	522	58	8.55e-18	91.7	nuclear receptor ROR-gamma [Cnephaeus nilssonii]	3371016
XP_036188104.1	XP_008145481	51.546	97	505	522	58	1.20e-25	115	nuclear receptor ROR-gamma [Eptesicus fuscus]	29078
XP_036188104.1	XP_008145481	28.079	203	505	522	58	8.25e-18	91.7	nuclear receptor ROR-gamma [Eptesicus fuscus]	29078
XP_036188104.1	XP_074175290	54.945	91	505	583	57	1.22e-25	115	nuclear receptor ROR-gamma isoform X1 [Rhinolophus sinicus]	89399
XP_036188104.1	XP_074175290	28.079	203	505	583	57	1.67e-17	91.3	nuclear receptor ROR-gamma isoform X1 [Rhinolophus sinicus]	89399
XP_036188104.1	XP_035886929	26.404	356	505	408	69	1.25e-25	114	hepatocyte nuclear factor 4-gamma isoform X1 [Phyllostomus discolor]	89673
XP_036188104.1	XP_019484503	51.546	97	505	516	58	1.25e-25	115	PREDICTED: nuclear receptor ROR-gamma isoform X1 [Hipposideros armiger]	186990
XP_036188104.1	XP_019484503	28.571	203	505	516	58	2.69e-18	93.2	PREDICTED: nuclear receptor ROR-gamma isoform X1 [Hipposideros armiger]	186990
XP_036188104.1	XP_053512558	53.846	91	505	455	60	1.25e-25	114	nuclear receptor ROR-beta isoform X2 [Artibeus jamaicensis]	9417
XP_036188104.1	XP_053512558	27.907	215	505	455	60	1.45e-19	96.7	nuclear receptor ROR-beta isoform X2 [Artibeus jamaicensis]	9417
XP_036188104.1	XP_070248217	26.404	356	505	462	69	1.26e-25	114	hepatocyte nuclear factor 4-gamma isoform X1 [Myotis yumanensis]	159337
XP_036188104.1	XP_036293064	26.404	356	505	462	69	1.26e-25	114	hepatocyte nuclear factor 4-gamma isoform X1 [Pipistrellus kuhlii]	59472
XP_036188104.1	XP_079651939	26.404	356	505	462	69	1.26e-25	114	hepatocyte nuclear factor 4-gamma isoform 2 [Cnephaeus nilssonii]	3371016
XP_036188104.1	XP_006086401	26.404	356	505	455	69	1.28e-25	114	hepatocyte nuclear factor 4-gamma isoform X1 [Myotis lucifugus]	59463
XP_036188104.1	XP_059562982	26.316	380	505	462	74	1.28e-25	114	hepatocyte nuclear factor 4-alpha isoform X5 [Myotis daubentonii]	98922
XP_036188104.1	XP_080502526	26.404	356	505	462	69	1.30e-25	114	hepatocyte nuclear factor 4-gamma [Plecotus auritus]	61862
XP_036188104.1	XP_016078556	48.544	103	505	470	62	1.30e-25	114	PREDICTED: nuclear receptor ROR-beta [Miniopterus natalensis]	291302
XP_036188104.1	XP_016078556	27.907	215	505	470	62	1.40e-19	97.1	PREDICTED: nuclear receptor ROR-beta [Miniopterus natalensis]	291302
XP_036188104.1	XP_081007833	48.544	103	505	470	62	1.30e-25	114	nuclear receptor ROR-beta isoform 1 [Miniopterus schreibersii]	9433
XP_036188104.1	XP_081007833	27.907	215	505	470	62	1.40e-19	97.1	nuclear receptor ROR-beta isoform 1 [Miniopterus schreibersii]	9433
XP_036188104.1	XP_080503762	51.546	97	505	523	58	1.30e-25	115	nuclear receptor ROR-gamma isoform 1 [Plecotus auritus]	61862
XP_036188104.1	XP_080503762	28.079	203	505	523	58	7.64e-18	92.0	nuclear receptor ROR-gamma isoform 1 [Plecotus auritus]	61862
XP_036188104.1	XP_024907209	48.544	103	505	470	62	1.31e-25	114	nuclear receptor ROR-beta isoform X1 [Pteropus alecto]	9402
XP_036188104.1	XP_024907209	27.907	215	505	470	62	1.54e-19	96.7	nuclear receptor ROR-beta isoform X1 [Pteropus alecto]	9402
XP_036188104.1	XP_023377719	48.544	103	505	470	62	1.31e-25	114	nuclear receptor ROR-beta isoform X1 [Pteropus vampyrus]	132908
XP_036188104.1	XP_023377719	27.907	215	505	470	62	1.54e-19	96.7	nuclear receptor ROR-beta isoform X1 [Pteropus vampyrus]	132908
XP_036188104.1	XP_059528820	26.404	356	505	462	69	1.32e-25	114	hepatocyte nuclear factor 4-gamma isoform X1 [Myotis daubentonii]	98922
XP_036188104.1	XP_036886215	53.846	91	505	455	60	1.33e-25	114	nuclear receptor ROR-beta isoform X2 [Sturnira hondurensis]	192404
XP_036188104.1	XP_036886215	27.907	215	505	455	60	1.44e-19	96.7	nuclear receptor ROR-beta isoform X2 [Sturnira hondurensis]	192404
XP_036188104.1	XP_036128419	54.945	91	505	496	57	1.33e-25	115	nuclear receptor ROR-gamma isoform X2 [Molossus molossus]	27622
XP_036188104.1	XP_036128419	27.586	203	505	496	57	1.60e-17	90.9	nuclear receptor ROR-gamma isoform X2 [Molossus molossus]	27622
XP_036188104.1	XP_036194593	26.404	356	505	462	69	1.33e-25	114	hepatocyte nuclear factor 4-gamma isoform X1 [Myotis myotis]	51298
XP_036188104.1	XP_080967788	26.404	356	505	462	69	1.33e-25	114	hepatocyte nuclear factor 4-gamma [Myotis nattereri]	109481
XP_036188104.1	XP_074175291	51.515	99	505	552	58	1.34e-25	115	nuclear receptor ROR-gamma isoform X2 [Rhinolophus sinicus]	89399
XP_036188104.1	XP_074175291	28.079	203	505	552	58	2.78e-17	90.1	nuclear receptor ROR-gamma isoform X2 [Rhinolophus sinicus]	89399
XP_036188104.1	XP_006770786	25.946	370	505	433	66	1.35e-25	114	PREDICTED: nuclear receptor subfamily 5 group A member 2 [Myotis davidii]	225400
XP_036188104.1	XP_036308900	49.505	101	505	531	59	1.35e-25	115	nuclear receptor ROR-gamma isoform X1 [Pipistrellus kuhlii]	59472
XP_036188104.1	XP_036308900	28.079	203	505	531	59	1.62e-17	90.9	nuclear receptor ROR-gamma isoform X1 [Pipistrellus kuhlii]	59472
XP_036188104.1	XP_016073083	54.945	91	505	488	57	1.37e-25	115	PREDICTED: nuclear receptor ROR-gamma isoform X4 [Miniopterus natalensis]	291302
XP_036188104.1	XP_016073083	27.586	203	505	488	57	1.15e-17	91.3	PREDICTED: nuclear receptor ROR-gamma isoform X4 [Miniopterus natalensis]	291302
XP_036188104.1	XP_014396763	48.544	103	505	470	62	1.37e-25	114	PREDICTED: nuclear receptor ROR-beta isoform X1 [Myotis brandtii]	109478
XP_036188104.1	XP_014396763	27.907	215	505	470	62	1.56e-19	96.7	PREDICTED: nuclear receptor ROR-beta isoform X1 [Myotis brandtii]	109478
XP_036188104.1	XP_054451720	26.404	356	505	373	69	1.38e-25	113	hepatocyte nuclear factor 4-gamma isoform X1 [Pteronotus mesoamericanus]	1884717
XP_036188104.1	XP_032979910	48.544	103	505	470	62	1.39e-25	114	nuclear receptor ROR-beta isoform X1 [Rhinolophus ferrumequinum]	59479
XP_036188104.1	XP_032979910	27.907	215	505	470	62	1.57e-19	96.7	nuclear receptor ROR-beta isoform X1 [Rhinolophus ferrumequinum]	59479
XP_036188104.1	XP_066122445	26.124	356	505	408	69	1.40e-25	114	hepatocyte nuclear factor 4-gamma isoform X2 [Saccopteryx bilineata]	59482
XP_036188104.1	XP_036293065	26.404	356	505	408	69	1.40e-25	114	hepatocyte nuclear factor 4-gamma isoform X2 [Pipistrellus kuhlii]	59472
XP_036188104.1	XP_074173292	26.781	351	505	462	69	1.41e-25	114	hepatocyte nuclear factor 4-alpha isoform X5 [Rhinolophus sinicus]	89399
XP_036188104.1	XP_066234954	26.124	356	505	462	69	1.42e-25	114	hepatocyte nuclear factor 4-gamma isoform X1 [Saccopteryx leptura]	249018
XP_036188104.1	XP_080524863	48.544	103	505	470	62	1.43e-25	114	nuclear receptor ROR-beta isoform 1 [Plecotus auritus]	61862
XP_036188104.1	XP_080524863	27.907	215	505	470	62	1.44e-19	97.1	nuclear receptor ROR-beta isoform 1 [Plecotus auritus]	61862
XP_036188104.1	XP_079646079	48.544	103	505	470	62	1.43e-25	114	nuclear receptor ROR-beta [Cnephaeus nilssonii]	3371016
XP_036188104.1	XP_079646079	27.907	215	505	470	62	1.44e-19	97.1	nuclear receptor ROR-beta [Cnephaeus nilssonii]	3371016
XP_036188104.1	XP_066118209	51.546	97	505	515	58	1.43e-25	115	nuclear receptor ROR-gamma isoform X1 [Saccopteryx bilineata]	59482
XP_036188104.1	XP_066118209	27.586	203	505	515	58	7.14e-15	82.8	nuclear receptor ROR-gamma isoform X1 [Saccopteryx bilineata]	59482
XP_036188104.1	XP_070252343	49.505	101	505	538	59	1.45e-25	115	nuclear receptor ROR-gamma isoform X1 [Myotis yumanensis]	159337
XP_036188104.1	XP_070252343	28.079	203	505	538	59	5.67e-18	92.4	nuclear receptor ROR-gamma isoform X1 [Myotis yumanensis]	159337
XP_036188104.1	XP_024411293	53.846	91	505	455	60	1.47e-25	114	nuclear receptor ROR-beta isoform X2 [Desmodus rotundus]	9430
XP_036188104.1	XP_024411293	27.907	215	505	455	60	1.44e-19	96.7	nuclear receptor ROR-beta isoform X2 [Desmodus rotundus]	9430
XP_036188104.1	XP_045696635	53.846	91	505	455	60	1.47e-25	114	nuclear receptor ROR-beta isoform X2 [Phyllostomus hastatus]	9423
XP_036188104.1	XP_045696635	27.907	215	505	455	60	1.51e-19	96.7	nuclear receptor ROR-beta isoform X2 [Phyllostomus hastatus]	9423
XP_036188104.1	XP_035877638	53.846	91	505	455	60	1.47e-25	114	nuclear receptor ROR-beta isoform X2 [Phyllostomus discolor]	89673
XP_036188104.1	XP_035877638	27.907	215	505	455	60	1.44e-19	96.7	nuclear receptor ROR-beta isoform X2 [Phyllostomus discolor]	89673
XP_036188104.1	XP_080936582	51.546	97	505	517	58	1.48e-25	115	nuclear receptor ROR-gamma isoform 2 [Rhinolophus hipposideros]	77218
XP_036188104.1	XP_080936582	29.064	203	505	517	58	6.80e-19	95.1	nuclear receptor ROR-gamma isoform 2 [Rhinolophus hipposideros]	77218
XP_036188104.1	XP_015415556	28.615	325	505	336	60	1.49e-25	112	PREDICTED: photoreceptor-specific nuclear receptor isoform X3 [Myotis davidii]	225400
XP_036188104.1	XP_059512899	48.544	103	505	470	62	1.51e-25	114	nuclear receptor ROR-beta isoform X1 [Myotis daubentonii]	98922
XP_036188104.1	XP_059512899	27.907	215	505	470	62	1.50e-19	96.7	nuclear receptor ROR-beta isoform X1 [Myotis daubentonii]	98922
XP_036188104.1	XP_015427805	48.544	103	505	470	62	1.51e-25	114	PREDICTED: nuclear receptor ROR-beta isoform X1 [Myotis davidii]	225400
XP_036188104.1	XP_015427805	27.907	215	505	470	62	1.50e-19	96.7	PREDICTED: nuclear receptor ROR-beta isoform X1 [Myotis davidii]	225400
XP_036188104.1	XP_036289683	48.544	103	505	470	62	1.52e-25	114	nuclear receptor ROR-beta isoform X1 [Pipistrellus kuhlii]	59472
XP_036188104.1	XP_036289683	27.907	215	505	470	62	2.05e-19	96.3	nuclear receptor ROR-beta isoform X1 [Pipistrellus kuhlii]	59472
XP_036188104.1	XP_006919848	54.945	91	505	498	57	1.53e-25	115	nuclear receptor ROR-gamma [Pteropus alecto]	9402
XP_036188104.1	XP_006919848	29.557	203	505	498	57	2.50e-19	96.3	nuclear receptor ROR-gamma [Pteropus alecto]	9402
XP_036188104.1	XP_070248219	26.404	356	505	408	69	1.53e-25	114	hepatocyte nuclear factor 4-gamma isoform X3 [Myotis yumanensis]	159337
XP_036188104.1	XP_079651938	26.404	356	505	408	69	1.53e-25	114	hepatocyte nuclear factor 4-gamma isoform 1 [Cnephaeus nilssonii]	3371016
XP_036188104.1	XP_079651937	26.404	356	505	408	69	1.53e-25	114	hepatocyte nuclear factor 4-gamma isoform 1 [Cnephaeus nilssonii]	3371016
XP_036188104.1	XP_066218585	51.546	97	505	515	58	1.57e-25	115	nuclear receptor ROR-gamma isoform X1 [Saccopteryx leptura]	249018
XP_036188104.1	XP_066218585	27.094	203	505	515	58	2.66e-14	80.9	nuclear receptor ROR-gamma isoform X1 [Saccopteryx leptura]	249018
XP_036188104.1	XP_036117037	48.544	103	505	470	62	1.58e-25	114	nuclear receptor ROR-beta isoform X1 [Molossus molossus]	27622
XP_036188104.1	XP_036117037	27.907	215	505	470	62	1.69e-19	96.7	nuclear receptor ROR-beta isoform X1 [Molossus molossus]	27622
XP_036188104.1	XP_045442688	51.546	97	505	517	58	1.59e-25	115	nuclear receptor ROR-gamma isoform X3 [Pipistrellus kuhlii]	59472
XP_036188104.1	XP_045442688	28.079	203	505	517	58	1.29e-17	91.3	nuclear receptor ROR-gamma isoform X3 [Pipistrellus kuhlii]	59472
XP_036188104.1	XP_066118210	51.546	97	505	506	58	1.60e-25	115	nuclear receptor ROR-gamma isoform X2 [Saccopteryx bilineata]	59482
XP_036188104.1	XP_066118210	27.586	203	505	506	58	6.95e-15	82.8	nuclear receptor ROR-gamma isoform X2 [Saccopteryx bilineata]	59482
XP_036188104.1	XP_006755777	49.505	101	505	533	59	1.60e-25	115	PREDICTED: nuclear receptor ROR-gamma [Myotis davidii]	225400
XP_036188104.1	XP_006755777	28.079	203	505	533	59	6.32e-18	92.0	PREDICTED: nuclear receptor ROR-gamma [Myotis davidii]	225400
XP_036188104.1	XP_070248218	26.404	356	505	427	69	1.64e-25	114	hepatocyte nuclear factor 4-gamma isoform X2 [Myotis yumanensis]	159337
XP_036188104.1	XP_006086402	26.404	356	505	408	69	1.65e-25	113	hepatocyte nuclear factor 4-gamma isoform X2 [Myotis lucifugus]	59463
XP_036188104.1	XP_059528821	26.404	356	505	408	69	1.68e-25	113	hepatocyte nuclear factor 4-gamma isoform X2 [Myotis daubentonii]	98922
XP_036188104.1	XP_036194594	26.404	356	505	408	69	1.68e-25	113	hepatocyte nuclear factor 4-gamma isoform X2 [Myotis myotis]	51298
XP_036188104.1	XP_014385983	31.557	244	505	356	45	1.69e-25	112	PREDICTED: photoreceptor-specific nuclear receptor isoform X2 [Myotis brandtii]	109478
XP_036188104.1	XP_066218586	51.546	97	505	506	58	1.70e-25	114	nuclear receptor ROR-gamma isoform X2 [Saccopteryx leptura]	249018
XP_036188104.1	XP_066218586	27.094	203	505	506	58	2.39e-14	80.9	nuclear receptor ROR-gamma isoform X2 [Saccopteryx leptura]	249018
XP_036188104.1	XP_005880687	51.546	97	505	530	58	1.71e-25	115	PREDICTED: nuclear receptor ROR-gamma [Myotis brandtii]	109478
XP_036188104.1	XP_005880687	28.079	203	505	530	58	7.03e-18	92.0	PREDICTED: nuclear receptor ROR-gamma [Myotis brandtii]	109478
XP_036188104.1	XP_066113179	53.846	91	505	459	60	1.75e-25	114	nuclear receptor ROR-beta isoform X2 [Saccopteryx bilineata]	59482
XP_036188104.1	XP_066113179	27.907	215	505	459	60	1.61e-19	96.7	nuclear receptor ROR-beta isoform X2 [Saccopteryx bilineata]	59482
XP_036188104.1	XP_074194046	25.505	396	505	454	72	1.78e-25	114	nuclear receptor subfamily 2 group F member 6 isoform X2 [Rhinolophus sinicus]	89399
XP_036188104.1	XP_019595453	51.546	97	505	517	58	1.80e-25	115	nuclear receptor ROR-gamma isoform X3 [Rhinolophus sinicus]	89399
XP_036188104.1	XP_019595453	28.079	203	505	517	58	1.41e-17	90.9	nuclear receptor ROR-gamma isoform X3 [Rhinolophus sinicus]	89399
XP_036188104.1	XP_019484504	54.945	91	505	495	57	1.83e-25	114	PREDICTED: nuclear receptor ROR-gamma isoform X2 [Hipposideros armiger]	186990
XP_036188104.1	XP_019484504	28.571	203	505	495	57	2.92e-18	93.2	PREDICTED: nuclear receptor ROR-gamma isoform X2 [Hipposideros armiger]	186990
XP_036188104.1	XP_066234955	26.124	356	505	408	69	1.83e-25	113	hepatocyte nuclear factor 4-gamma isoform X2 [Saccopteryx leptura]	249018
XP_036188104.1	XP_054451721	26.404	356	505	408	69	1.87e-25	113	hepatocyte nuclear factor 4-gamma isoform X2 [Pteronotus mesoamericanus]	1884717
XP_036188104.1	XP_066224081	53.846	91	505	459	60	1.87e-25	114	nuclear receptor ROR-beta isoform X2 [Saccopteryx leptura]	249018
XP_036188104.1	XP_066224081	27.907	215	505	459	60	2.38e-19	96.3	nuclear receptor ROR-beta isoform X2 [Saccopteryx leptura]	249018
XP_036188104.1	XP_016001683	53.846	91	505	459	60	1.87e-25	114	nuclear receptor ROR-beta isoform X1 [Rousettus aegyptiacus]	9407
XP_036188104.1	XP_016001683	27.907	215	505	459	60	1.76e-19	96.7	nuclear receptor ROR-beta isoform X1 [Rousettus aegyptiacus]	9407
XP_036188104.1	XP_032949466	54.945	91	505	499	57	1.87e-25	114	nuclear receptor ROR-gamma isoform X4 [Rhinolophus ferrumequinum]	59479
XP_036188104.1	XP_032949466	29.064	203	505	499	57	1.93e-18	93.6	nuclear receptor ROR-gamma isoform X4 [Rhinolophus ferrumequinum]	59479
XP_036188104.1	XP_005868370	53.846	91	505	459	60	1.89e-25	114	PREDICTED: nuclear receptor ROR-beta isoform X2 [Myotis brandtii]	109478
XP_036188104.1	XP_005868370	27.907	215	505	459	60	1.68e-19	96.7	PREDICTED: nuclear receptor ROR-beta isoform X2 [Myotis brandtii]	109478
XP_036188104.1	XP_006918506	53.846	91	505	459	60	1.91e-25	114	nuclear receptor ROR-beta isoform X2 [Pteropus alecto]	9402
XP_036188104.1	XP_006918506	27.907	215	505	459	60	1.55e-19	96.7	nuclear receptor ROR-beta isoform X2 [Pteropus alecto]	9402
XP_036188104.1	XP_011376209	53.846	91	505	459	60	1.91e-25	114	nuclear receptor ROR-beta isoform X2 [Pteropus vampyrus]	132908
XP_036188104.1	XP_011376209	27.907	215	505	459	60	1.55e-19	96.7	nuclear receptor ROR-beta isoform X2 [Pteropus vampyrus]	132908
XP_036188104.1	XP_039698322	53.846	91	505	459	60	1.91e-25	114	nuclear receptor ROR-beta [Pteropus medius]	143291
XP_036188104.1	XP_039698322	27.907	215	505	459	60	1.55e-19	96.7	nuclear receptor ROR-beta [Pteropus medius]	143291
XP_036188104.1	XP_080524864	53.846	91	505	459	60	1.92e-25	114	nuclear receptor ROR-beta isoform 2 [Plecotus auritus]	61862
XP_036188104.1	XP_080524864	27.907	215	505	459	60	1.53e-19	96.7	nuclear receptor ROR-beta isoform 2 [Plecotus auritus]	61862
XP_036188104.1	XP_019506239	48.544	103	505	490	62	1.93e-25	114	PREDICTED: nuclear receptor ROR-beta isoform X1 [Hipposideros armiger]	186990
XP_036188104.1	XP_019506239	27.907	215	505	490	62	1.24e-19	97.1	PREDICTED: nuclear receptor ROR-beta isoform X1 [Hipposideros armiger]	186990
XP_036188104.1	XP_019506240	53.846	91	505	459	60	1.94e-25	114	PREDICTED: nuclear receptor ROR-beta isoform X2 [Hipposideros armiger]	186990
XP_036188104.1	XP_019506240	27.907	215	505	459	60	1.64e-19	96.7	PREDICTED: nuclear receptor ROR-beta isoform X2 [Hipposideros armiger]	186990
XP_036188104.1	XP_032979912	53.846	91	505	459	60	1.94e-25	114	nuclear receptor ROR-beta isoform X2 [Rhinolophus ferrumequinum]	59479
XP_036188104.1	XP_032979912	27.907	215	505	459	60	1.64e-19	96.7	nuclear receptor ROR-beta isoform X2 [Rhinolophus ferrumequinum]	59479
XP_036188104.1	XP_081007834	53.846	91	505	459	60	1.94e-25	114	nuclear receptor ROR-beta isoform 2 [Miniopterus schreibersii]	9433
XP_036188104.1	XP_081007834	27.907	215	505	459	60	1.41e-19	96.7	nuclear receptor ROR-beta isoform 2 [Miniopterus schreibersii]	9433
XP_036188104.1	XP_080921716	53.846	91	505	459	60	1.94e-25	114	nuclear receptor ROR-beta [Rhinolophus hipposideros]	77218
XP_036188104.1	XP_080921716	27.907	215	505	459	60	1.64e-19	96.7	nuclear receptor ROR-beta [Rhinolophus hipposideros]	77218
XP_036188104.1	XP_019592268	53.846	91	505	459	60	1.94e-25	114	nuclear receptor ROR-beta isoform X2 [Rhinolophus sinicus]	89399
XP_036188104.1	XP_019592268	27.907	215	505	459	60	1.64e-19	96.7	nuclear receptor ROR-beta isoform X2 [Rhinolophus sinicus]	89399
XP_036188104.1	XP_045442687	52.632	95	505	510	57	1.95e-25	114	nuclear receptor ROR-gamma isoform X2 [Pipistrellus kuhlii]	59472
XP_036188104.1	XP_045442687	28.079	203	505	510	57	1.65e-17	90.9	nuclear receptor ROR-gamma isoform X2 [Pipistrellus kuhlii]	59472
XP_036188104.1	XP_074186669	48.544	103	505	490	62	1.98e-25	114	nuclear receptor ROR-beta isoform X1 [Rhinolophus sinicus]	89399
XP_036188104.1	XP_074186669	27.907	215	505	490	62	1.42e-19	97.1	nuclear receptor ROR-beta isoform X1 [Rhinolophus sinicus]	89399
XP_036188104.1	XP_066218587	54.945	91	505	494	57	2.03e-25	114	nuclear receptor ROR-gamma isoform X3 [Saccopteryx leptura]	249018
XP_036188104.1	XP_066218587	27.094	203	505	494	57	2.43e-14	80.9	nuclear receptor ROR-gamma isoform X3 [Saccopteryx leptura]	249018
XP_036188104.1	XP_036924848	26.124	356	505	462	69	2.06e-25	114	hepatocyte nuclear factor 4-gamma isoform X1 [Sturnira hondurensis]	192404
XP_036188104.1	XP_080958966	53.846	91	505	459	60	2.08e-25	114	nuclear receptor ROR-beta [Myotis nattereri]	109481
XP_036188104.1	XP_080958966	27.907	215	505	459	60	1.41e-19	96.7	nuclear receptor ROR-beta [Myotis nattereri]	109481
XP_036188104.1	XP_070287588	53.846	91	505	459	60	2.10e-25	114	nuclear receptor ROR-beta isoform X1 [Myotis yumanensis]	159337
XP_036188104.1	XP_070287588	27.907	215	505	459	60	1.70e-19	96.7	nuclear receptor ROR-beta isoform X1 [Myotis yumanensis]	159337
XP_036188104.1	XP_059512900	53.846	91	505	459	60	2.10e-25	114	nuclear receptor ROR-beta isoform X2 [Myotis daubentonii]	98922
XP_036188104.1	XP_059512900	27.907	215	505	459	60	1.70e-19	96.7	nuclear receptor ROR-beta isoform X2 [Myotis daubentonii]	98922
XP_036188104.1	XP_006776521	53.846	91	505	459	60	2.10e-25	114	PREDICTED: nuclear receptor ROR-beta isoform X2 [Myotis davidii]	225400
XP_036188104.1	XP_006776521	27.907	215	505	459	60	1.70e-19	96.7	PREDICTED: nuclear receptor ROR-beta isoform X2 [Myotis davidii]	225400
XP_036188104.1	XP_036185005	53.846	91	505	459	60	2.10e-25	114	nuclear receptor ROR-beta [Myotis myotis]	51298
XP_036188104.1	XP_036185005	27.907	215	505	459	60	1.70e-19	96.7	nuclear receptor ROR-beta [Myotis myotis]	51298
XP_036188104.1	XP_039697837	25.562	356	505	463	69	2.10e-25	114	hepatocyte nuclear factor 4-gamma isoform X1 [Pteropus medius]	143291
XP_036188104.1	XP_039697838	25.562	356	505	462	69	2.12e-25	114	hepatocyte nuclear factor 4-gamma isoform X2 [Pteropus medius]	143291
XP_036188104.1	XP_054439238	53.846	91	505	455	60	2.13e-25	114	nuclear receptor ROR-beta [Pteronotus mesoamericanus]	1884717
XP_036188104.1	XP_054439238	27.907	215	505	455	60	1.71e-19	96.7	nuclear receptor ROR-beta [Pteronotus mesoamericanus]	1884717
XP_036188104.1	XP_014309628	51.546	97	505	515	61	2.16e-25	114	LOW QUALITY PROTEIN: nuclear receptor ROR-beta [Myotis lucifugus]	59463
XP_036188104.1	XP_014309628	27.907	215	505	515	61	1.61e-19	97.1	LOW QUALITY PROTEIN: nuclear receptor ROR-beta [Myotis lucifugus]	59463
XP_036188104.1	XP_066118211	54.945	91	505	494	57	2.17e-25	114	nuclear receptor ROR-gamma isoform X3 [Saccopteryx bilineata]	59482
XP_036188104.1	XP_066118211	27.586	203	505	494	57	8.13e-15	82.4	nuclear receptor ROR-gamma isoform X3 [Saccopteryx bilineata]	59482
XP_036188104.1	XP_036117038	53.846	91	505	459	60	2.22e-25	114	nuclear receptor ROR-beta isoform X2 [Molossus molossus]	27622
XP_036188104.1	XP_036117038	27.907	215	505	459	60	1.76e-19	96.7	nuclear receptor ROR-beta isoform X2 [Molossus molossus]	27622
XP_036188104.1	XP_036289684	53.846	91	505	459	60	2.26e-25	114	nuclear receptor ROR-beta isoform X2 [Pipistrellus kuhlii]	59472
XP_036188104.1	XP_036289684	27.907	215	505	459	60	2.76e-19	95.9	nuclear receptor ROR-beta isoform X2 [Pipistrellus kuhlii]	59472
XP_036188104.1	XP_014316835	52.632	95	505	518	57	2.31e-25	114	nuclear receptor ROR-gamma [Myotis lucifugus]	59463
XP_036188104.1	XP_014316835	28.079	203	505	518	57	1.58e-17	90.9	nuclear receptor ROR-gamma [Myotis lucifugus]	59463
XP_036188104.1	XP_036924849	26.124	356	505	408	69	2.49e-25	113	hepatocyte nuclear factor 4-gamma isoform X2 [Sturnira hondurensis]	192404
XP_036188104.1	XP_023390381	25.562	356	505	408	69	2.82e-25	113	hepatocyte nuclear factor 4-gamma [Pteropus vampyrus]	132908
XP_036188104.1	XP_023390380	25.562	356	505	408	69	2.82e-25	113	hepatocyte nuclear factor 4-gamma [Pteropus vampyrus]	132908
XP_036188104.1	XP_039697841	25.562	356	505	408	69	2.82e-25	113	hepatocyte nuclear factor 4-gamma isoform X3 [Pteropus medius]	143291
XP_036188104.1	XP_039697840	25.562	356	505	408	69	2.82e-25	113	hepatocyte nuclear factor 4-gamma isoform X3 [Pteropus medius]	143291
XP_036188104.1	XP_039697839	25.562	356	505	408	69	2.82e-25	113	hepatocyte nuclear factor 4-gamma isoform X3 [Pteropus medius]	143291
XP_036188104.1	XP_016009166	25.562	356	505	463	69	3.21e-25	113	hepatocyte nuclear factor 4-gamma isoform X1 [Rousettus aegyptiacus]	9407
XP_036188104.1	XP_019497448	26.503	366	505	407	72	3.25e-25	112	PREDICTED: nuclear receptor subfamily 2 group F member 6 [Hipposideros armiger]	186990
XP_036188104.1	XP_054419203	50.515	97	505	518	58	3.26e-25	114	nuclear receptor ROR-gamma [Pteronotus mesoamericanus]	1884717
XP_036188104.1	XP_054419203	27.586	203	505	518	58	3.54e-17	89.7	nuclear receptor ROR-gamma [Pteronotus mesoamericanus]	1884717
XP_036188104.1	XP_070287589	53.846	91	505	457	56	3.36e-25	113	nuclear receptor ROR-beta isoform X2 [Myotis yumanensis]	159337
XP_036188104.1	XP_070287589	27.692	195	505	457	56	2.59e-16	86.7	nuclear receptor ROR-beta isoform X2 [Myotis yumanensis]	159337
XP_036188104.1	XP_054583635	53.846	91	505	572	60	3.37e-25	114	nuclear receptor ROR-beta [Eptesicus fuscus]	29078
XP_036188104.1	XP_054583635	27.907	215	505	572	60	2.13e-19	97.1	nuclear receptor ROR-beta [Eptesicus fuscus]	29078
XP_036188104.1	XP_016009167	25.562	356	505	462	69	3.43e-25	113	hepatocyte nuclear factor 4-gamma isoform X2 [Rousettus aegyptiacus]	9407
XP_036188104.1	XP_045705486	26.124	356	505	462	69	3.56e-25	113	hepatocyte nuclear factor 4-gamma isoform X2 [Phyllostomus hastatus]	9423
XP_036188104.1	XP_080934079	26.503	366	505	407	72	3.71e-25	112	nuclear receptor subfamily 2 group F member 6 [Rhinolophus hipposideros]	77218
XP_036188104.1	XP_019592498	26.503	366	505	407	72	3.71e-25	112	nuclear receptor subfamily 2 group F member 6 isoform X1 [Rhinolophus sinicus]	89399
XP_036188104.1	XP_032949463	54.945	91	505	704	58	3.90e-25	114	nuclear receptor ROR-gamma isoform X1 [Rhinolophus ferrumequinum]	59479
XP_036188104.1	XP_032949463	28.230	209	505	704	58	1.59e-18	94.7	nuclear receptor ROR-gamma isoform X1 [Rhinolophus ferrumequinum]	59479
XP_036188104.1	XP_045039036	53.846	91	505	586	57	3.90e-25	114	nuclear receptor ROR-gamma isoform X2 [Desmodus rotundus]	9430
XP_036188104.1	XP_045039036	28.079	203	505	586	57	1.50e-16	88.2	nuclear receptor ROR-gamma isoform X2 [Desmodus rotundus]	9430
XP_036188104.1	XP_016009169	25.562	356	505	408	69	3.90e-25	112	hepatocyte nuclear factor 4-gamma isoform X3 [Rousettus aegyptiacus]	9407
XP_036188104.1	XP_016009168	25.562	356	505	408	69	3.90e-25	112	hepatocyte nuclear factor 4-gamma isoform X3 [Rousettus aegyptiacus]	9407
XP_036188104.1	XP_045039030	53.846	91	505	600	57	4.06e-25	114	nuclear receptor ROR-gamma isoform X1 [Desmodus rotundus]	9430
XP_036188104.1	XP_045039030	27.570	214	505	600	57	1.56e-16	88.2	nuclear receptor ROR-gamma isoform X1 [Desmodus rotundus]	9430
XP_036188104.1	XP_079623456	25.648	386	505	379	69	4.07e-25	112	nuclear receptor subfamily 1 group I member 2 isoform 1 [Cnephaeus nilssonii]	3371016
XP_036188104.1	XP_032990371	27.322	366	505	406	72	4.23e-25	112	nuclear receptor subfamily 2 group F member 6 isoform X1 [Rhinolophus ferrumequinum]	59479
XP_036188104.1	XP_066205483	25.956	366	505	406	72	4.35e-25	112	nuclear receptor subfamily 2 group F member 6 [Saccopteryx leptura]	249018
XP_036188104.1	XP_066126606	25.956	366	505	406	72	4.35e-25	112	nuclear receptor subfamily 2 group F member 6 [Saccopteryx bilineata]	59482
XP_036188104.1	XP_035871723	50.515	97	505	599	58	4.73e-25	114	nuclear receptor ROR-gamma [Phyllostomus discolor]	89673
XP_036188104.1	XP_035871723	26.601	203	505	599	58	9.53e-16	85.5	nuclear receptor ROR-gamma [Phyllostomus discolor]	89673
XP_036188104.1	XP_015415555	31.687	243	505	353	45	4.81e-25	111	PREDICTED: photoreceptor-specific nuclear receptor isoform X2 [Myotis davidii]	225400
XP_036188104.1	XP_080972386	26.124	356	505	462	69	4.82e-25	113	hepatocyte nuclear factor 4-gamma isoform 1 [Miniopterus schreibersii]	9433
XP_036188104.1	XP_016071615	26.124	356	505	462	69	5.10e-25	113	PREDICTED: hepatocyte nuclear factor 4-gamma isoform X1 [Miniopterus natalensis]	291302
XP_036188104.1	XP_054567790	25.648	386	505	379	69	5.17e-25	111	nuclear receptor subfamily 1 group I member 2 [Eptesicus fuscus]	29078
XP_036188104.1	XP_045672703	53.846	91	505	554	57	5.54e-25	114	nuclear receptor ROR-gamma [Phyllostomus hastatus]	9423
XP_036188104.1	XP_045672703	26.601	203	505	554	57	1.29e-15	85.1	nuclear receptor ROR-gamma [Phyllostomus hastatus]	9423
XP_036188104.1	XP_080972389	26.124	356	505	408	69	5.56e-25	112	hepatocyte nuclear factor 4-gamma isoform 2 [Miniopterus schreibersii]	9433
XP_036188104.1	XP_080972388	26.124	356	505	408	69	5.56e-25	112	hepatocyte nuclear factor 4-gamma isoform 2 [Miniopterus schreibersii]	9433
XP_036188104.1	XP_080972387	26.124	356	505	408	69	5.56e-25	112	hepatocyte nuclear factor 4-gamma isoform 2 [Miniopterus schreibersii]	9433
XP_036188104.1	XP_036997038	26.124	356	505	462	69	5.60e-25	112	hepatocyte nuclear factor 4-gamma isoform X1 [Artibeus jamaicensis]	9417
XP_036188104.1	XP_036916250	53.846	91	505	549	57	5.70e-25	113	nuclear receptor ROR-gamma [Sturnira hondurensis]	192404
XP_036188104.1	XP_036916250	26.601	203	505	549	57	6.26e-16	86.3	nuclear receptor ROR-gamma [Sturnira hondurensis]	192404
XP_036188104.1	XP_080983666	27.660	329	505	337	65	6.55e-25	110	retinoic acid receptor gamma isoform 3 [Miniopterus schreibersii]	9433
XP_036188104.1	XP_016071617	26.124	356	505	408	69	6.60e-25	112	PREDICTED: hepatocyte nuclear factor 4-gamma isoform X2 [Miniopterus natalensis]	291302
XP_036188104.1	XP_035874848	27.660	329	505	337	65	6.81e-25	110	retinoic acid receptor gamma isoform X3 [Phyllostomus discolor]	89673
XP_036188104.1	XP_045040132	27.660	329	505	337	65	6.88e-25	110	retinoic acid receptor gamma isoform X3 [Desmodus rotundus]	9430
XP_036188104.1	XP_053517027	26.124	356	505	408	69	7.27e-25	111	hepatocyte nuclear factor 4-gamma isoform X2 [Artibeus jamaicensis]	9417
XP_036188104.1	XP_036136880	29.459	370	505	433	72	7.69e-25	112	steroid hormone receptor ERR2 isoform X2 [Molossus molossus]	27622
XP_036188104.1	XP_036136879	29.459	370	505	433	72	7.69e-25	112	steroid hormone receptor ERR2 isoform X2 [Molossus molossus]	27622
XP_036188104.1	XP_053526341	53.846	91	505	636	57	8.10e-25	113	nuclear receptor ROR-gamma [Artibeus jamaicensis]	9417
XP_036188104.1	XP_053526341	27.586	203	505	636	57	5.54e-17	89.7	nuclear receptor ROR-gamma [Artibeus jamaicensis]	9417
XP_036188104.1	XP_005875405	25.526	380	505	373	69	8.37e-25	110	PREDICTED: nuclear receptor subfamily 1 group I member 2 isoform X1 [Myotis brandtii]	109478
XP_036188104.1	XP_074183280	29.268	369	505	433	72	8.45e-25	112	steroid hormone receptor ERR2 isoform X3 [Rhinolophus sinicus]	89399
XP_036188104.1	XP_074183279	29.268	369	505	433	72	8.45e-25	112	steroid hormone receptor ERR2 isoform X3 [Rhinolophus sinicus]	89399
XP_036188104.1	XP_019589238	29.268	369	505	433	72	8.45e-25	112	steroid hormone receptor ERR2 isoform X3 [Rhinolophus sinicus]	89399
XP_036188104.1	XP_074183278	29.268	369	505	433	72	8.45e-25	112	steroid hormone receptor ERR2 isoform X3 [Rhinolophus sinicus]	89399
XP_036188104.1	XP_019589237	29.268	369	505	433	72	8.45e-25	112	steroid hormone receptor ERR2 isoform X3 [Rhinolophus sinicus]	89399
XP_036188104.1	XP_019499131	25.895	363	505	457	70	8.72e-25	112	PREDICTED: hepatocyte nuclear factor 4-gamma isoform X1 [Hipposideros armiger]	186990
XP_036188104.1	XP_005875406	25.648	386	505	379	69	9.57e-25	110	PREDICTED: nuclear receptor subfamily 1 group I member 2 isoform X2 [Myotis brandtii]	109478
XP_036188104.1	XP_036136878	29.459	370	505	454	72	1.12e-24	112	steroid hormone receptor ERR2 isoform X1 [Molossus molossus]	27622
XP_036188104.1	XP_074183276	29.268	369	505	441	72	1.26e-24	111	steroid hormone receptor ERR2 isoform X2 [Rhinolophus sinicus]	89399
XP_036188104.1	XP_019589235	29.268	369	505	438	72	1.28e-24	111	steroid hormone receptor ERR2 isoform X4 [Rhinolophus sinicus]	89399
XP_036188104.1	XP_066132389	29.268	369	505	433	72	1.31e-24	111	steroid hormone receptor ERR2 isoform X4 [Saccopteryx bilineata]	59482
XP_036188104.1	XP_066132388	29.268	369	505	433	72	1.31e-24	111	steroid hormone receptor ERR2 isoform X4 [Saccopteryx bilineata]	59482
XP_036188104.1	XP_019589234	29.268	369	505	454	72	1.33e-24	111	steroid hormone receptor ERR2 isoform X1 [Rhinolophus sinicus]	89399
XP_036188104.1	XP_019488660	28.060	335	505	333	63	1.34e-24	109	PREDICTED: nuclear receptor subfamily 1 group I member 3 isoform X2 [Hipposideros armiger]	186990
XP_036188104.1	XP_032965525	29.268	369	505	433	72	1.51e-24	111	steroid hormone receptor ERR2 isoform X3 [Rhinolophus ferrumequinum]	59479
XP_036188104.1	XP_032965522	29.268	369	505	433	72	1.51e-24	111	steroid hormone receptor ERR2 isoform X3 [Rhinolophus ferrumequinum]	59479
XP_036188104.1	XP_066132386	29.268	369	505	447	72	1.57e-24	111	steroid hormone receptor ERR2 isoform X2 [Saccopteryx bilineata]	59482
XP_036188104.1	XP_066198634	29.268	369	505	433	72	1.59e-24	111	steroid hormone receptor ERR2 isoform X3 [Saccopteryx leptura]	249018
XP_036188104.1	XP_066198633	29.268	369	505	447	72	1.66e-24	111	steroid hormone receptor ERR2 isoform X2 [Saccopteryx leptura]	249018
XP_036188104.1	XP_006925532	29.268	369	505	433	72	1.67e-24	111	steroid hormone receptor ERR2 isoform X2 [Pteropus alecto]	9402
XP_036188104.1	XP_011355347	29.268	369	505	433	72	1.67e-24	111	steroid hormone receptor ERR2 isoform X2 [Pteropus vampyrus]	132908
XP_036188104.1	XP_066132387	29.268	369	505	438	72	1.70e-24	111	steroid hormone receptor ERR2 isoform X3 [Saccopteryx bilineata]	59482
XP_036188104.1	XP_019499132	25.895	363	505	408	70	1.76e-24	110	PREDICTED: hepatocyte nuclear factor 4-gamma isoform X2 [Hipposideros armiger]	186990
XP_036188104.1	XP_080904100	29.268	369	505	438	72	1.76e-24	111	steroid hormone receptor ERR2 isoform 2 [Rhinolophus hipposideros]	77218
XP_036188104.1	XP_066132385	29.268	369	505	454	72	1.77e-24	111	steroid hormone receptor ERR2 isoform X1 [Saccopteryx bilineata]	59482
XP_036188104.1	XP_066198632	29.268	369	505	454	72	1.78e-24	111	steroid hormone receptor ERR2 isoform X1 [Saccopteryx leptura]	249018
XP_036188104.1	XP_016012125	29.268	369	505	438	72	1.80e-24	111	steroid hormone receptor ERR2 isoform X2 [Rousettus aegyptiacus]	9407
XP_036188104.1	XP_080904099	29.268	369	505	454	72	1.82e-24	111	steroid hormone receptor ERR2 isoform 1 [Rhinolophus hipposideros]	77218
XP_036188104.1	XP_016012123	29.268	369	505	454	72	1.87e-24	111	steroid hormone receptor ERR2 isoform X1 [Rousettus aegyptiacus]	9407
XP_036188104.1	XP_066213018	27.441	379	505	364	74	1.97e-24	109	bile acid receptor isoform X5 [Saccopteryx leptura]	249018
XP_036188104.1	XP_039739812	29.268	369	505	454	72	2.11e-24	111	steroid hormone receptor ERR2 [Pteropus medius]	143291
XP_036188104.1	XP_039738135	27.829	327	505	346	57	2.12e-24	109	vitamin D3 receptor isoform X3 [Pteropus medius]	143291
XP_036188104.1	XP_032965520	29.268	369	505	454	72	2.17e-24	110	steroid hormone receptor ERR2 isoform X1 [Rhinolophus ferrumequinum]	59479
XP_036188104.1	XP_019568495	26.720	378	505	348	72	2.21e-24	109	nuclear receptor subfamily 1 group I member 3 isoform X2 [Rhinolophus sinicus]	89399
XP_036188104.1	XP_032965521	29.268	369	505	452	72	2.28e-24	110	steroid hormone receptor ERR2 isoform X2 [Rhinolophus ferrumequinum]	59479
XP_036188104.1	XP_032965524	29.268	369	505	438	72	2.48e-24	110	steroid hormone receptor ERR2 isoform X4 [Rhinolophus ferrumequinum]	59479
XP_036188104.1	XP_045705485	26.124	356	505	569	69	2.54e-24	112	hepatocyte nuclear factor 4-gamma isoform X1 [Phyllostomus hastatus]	9423
XP_036188104.1	XP_006755424	25.389	386	505	379	69	2.55e-24	109	PREDICTED: nuclear receptor subfamily 1 group I member 2 [Myotis davidii]	225400
XP_036188104.1	XP_039737513	48.571	105	505	340	55	3.40e-24	108	retinoic acid receptor RXR-gamma isoform X3 [Pteropus medius]	143291
XP_036188104.1	XP_039737513	29.834	181	505	340	55	5.58e-13	75.5	retinoic acid receptor RXR-gamma isoform X3 [Pteropus medius]	143291
XP_036188104.1	XP_039737512	48.571	105	505	340	55	3.40e-24	108	retinoic acid receptor RXR-gamma isoform X3 [Pteropus medius]	143291
XP_036188104.1	XP_039737512	29.834	181	505	340	55	5.58e-13	75.5	retinoic acid receptor RXR-gamma isoform X3 [Pteropus medius]	143291
XP_036188104.1	XP_039737511	48.571	105	505	340	55	3.40e-24	108	retinoic acid receptor RXR-gamma isoform X3 [Pteropus medius]	143291
XP_036188104.1	XP_039737511	29.834	181	505	340	55	5.58e-13	75.5	retinoic acid receptor RXR-gamma isoform X3 [Pteropus medius]	143291
XP_036188104.1	XP_039737510	48.571	105	505	340	55	3.40e-24	108	retinoic acid receptor RXR-gamma isoform X3 [Pteropus medius]	143291
XP_036188104.1	XP_039737510	29.834	181	505	340	55	5.58e-13	75.5	retinoic acid receptor RXR-gamma isoform X3 [Pteropus medius]	143291
XP_036188104.1	XP_039737509	48.571	105	505	340	55	3.40e-24	108	retinoic acid receptor RXR-gamma isoform X3 [Pteropus medius]	143291
XP_036188104.1	XP_039737509	29.834	181	505	340	55	5.58e-13	75.5	retinoic acid receptor RXR-gamma isoform X3 [Pteropus medius]	143291
XP_036188104.1	XP_039737508	48.571	105	505	340	55	3.40e-24	108	retinoic acid receptor RXR-gamma isoform X3 [Pteropus medius]	143291
XP_036188104.1	XP_039737508	29.834	181	505	340	55	5.58e-13	75.5	retinoic acid receptor RXR-gamma isoform X3 [Pteropus medius]	143291
XP_036188104.1	XP_039737507	48.571	105	505	340	55	3.40e-24	108	retinoic acid receptor RXR-gamma isoform X3 [Pteropus medius]	143291
XP_036188104.1	XP_039737507	29.834	181	505	340	55	5.58e-13	75.5	retinoic acid receptor RXR-gamma isoform X3 [Pteropus medius]	143291
XP_036188104.1	XP_039737506	48.571	105	505	340	55	3.40e-24	108	retinoic acid receptor RXR-gamma isoform X3 [Pteropus medius]	143291
XP_036188104.1	XP_039737506	29.834	181	505	340	55	5.58e-13	75.5	retinoic acid receptor RXR-gamma isoform X3 [Pteropus medius]	143291
XP_036188104.1	XP_039737505	48.571	105	505	340	55	3.40e-24	108	retinoic acid receptor RXR-gamma isoform X3 [Pteropus medius]	143291
XP_036188104.1	XP_039737505	29.834	181	505	340	55	5.58e-13	75.5	retinoic acid receptor RXR-gamma isoform X3 [Pteropus medius]	143291
XP_036188104.1	XP_081005476	28.997	369	505	438	72	3.83e-24	110	steroid hormone receptor ERR2 isoform 2 [Miniopterus schreibersii]	9433
XP_036188104.1	XP_024899657	48.571	105	505	340	55	4.12e-24	108	retinoic acid receptor RXR-gamma [Pteropus alecto]	9402
XP_036188104.1	XP_024899657	29.834	181	505	340	55	5.90e-13	75.5	retinoic acid receptor RXR-gamma [Pteropus alecto]	9402
XP_036188104.1	XP_015441715	48.571	105	505	340	55	4.12e-24	108	retinoic acid receptor RXR-gamma [Pteropus alecto]	9402
XP_036188104.1	XP_015441715	29.834	181	505	340	55	5.90e-13	75.5	retinoic acid receptor RXR-gamma [Pteropus alecto]	9402
XP_036188104.1	XP_024899656	48.571	105	505	340	55	4.12e-24	108	retinoic acid receptor RXR-gamma [Pteropus alecto]	9402
XP_036188104.1	XP_024899656	29.834	181	505	340	55	5.90e-13	75.5	retinoic acid receptor RXR-gamma [Pteropus alecto]	9402
XP_036188104.1	XP_015441714	48.571	105	505	340	55	4.12e-24	108	retinoic acid receptor RXR-gamma [Pteropus alecto]	9402
XP_036188104.1	XP_015441714	29.834	181	505	340	55	5.90e-13	75.5	retinoic acid receptor RXR-gamma [Pteropus alecto]	9402
XP_036188104.1	XP_015441713	48.571	105	505	340	55	4.12e-24	108	retinoic acid receptor RXR-gamma [Pteropus alecto]	9402
XP_036188104.1	XP_015441713	29.834	181	505	340	55	5.90e-13	75.5	retinoic acid receptor RXR-gamma [Pteropus alecto]	9402
XP_036188104.1	XP_015441712	48.571	105	505	340	55	4.12e-24	108	retinoic acid receptor RXR-gamma [Pteropus alecto]	9402
XP_036188104.1	XP_015441712	29.834	181	505	340	55	5.90e-13	75.5	retinoic acid receptor RXR-gamma [Pteropus alecto]	9402
XP_036188104.1	XP_066129964	26.463	393	505	563	72	4.36e-24	111	retinoic acid receptor RXR-beta isoform X1 [Saccopteryx bilineata]	59482
XP_036188104.1	XP_066215770	26.463	393	505	562	72	4.55e-24	111	retinoic acid receptor RXR-beta isoform X1 [Saccopteryx leptura]	249018
XP_036188104.1	XP_066215774	26.735	389	505	468	71	4.55e-24	110	retinoic acid receptor RXR-beta isoform X5 [Saccopteryx leptura]	249018
XP_036188104.1	XP_053784960	28.726	369	505	433	72	4.56e-24	109	steroid hormone receptor ERR2 isoform X3 [Desmodus rotundus]	9430
XP_036188104.1	XP_066130312	26.735	389	505	469	71	4.59e-24	110	retinoic acid receptor RXR-beta isoform X5 [Saccopteryx bilineata]	59482
XP_036188104.1	XP_006904330	42.748	131	505	406	26	4.72e-24	109	nuclear receptor subfamily 2 group F member 6 [Pteropus alecto]	9402
XP_036188104.1	XP_011365156	42.748	131	505	406	26	4.72e-24	109	nuclear receptor subfamily 2 group F member 6 [Pteropus vampyrus]	132908
XP_036188104.1	XP_039723704	42.748	131	505	406	26	4.72e-24	109	nuclear receptor subfamily 2 group F member 6 [Pteropus medius]	143291
XP_036188104.1	XP_081005475	28.997	369	505	454	72	5.07e-24	110	steroid hormone receptor ERR2 isoform 1 [Miniopterus schreibersii]	9433
XP_036188104.1	XP_045679432	28.726	369	505	433	72	5.40e-24	109	steroid hormone receptor ERR2 isoform X3 [Phyllostomus hastatus]	9423
XP_036188104.1	XP_066120886	28.571	371	505	373	72	5.76e-24	108	steroid hormone receptor ERR2-like [Saccopteryx bilineata]	59482
XP_036188104.1	XP_036208310	25.260	384	505	379	69	5.80e-24	108	nuclear receptor subfamily 1 group I member 2 [Myotis myotis]	51298
XP_036188104.1	XP_032985860	25.831	391	505	379	70	5.97e-24	108	nuclear receptor subfamily 1 group I member 2 isoform X2 [Rhinolophus ferrumequinum]	59479
XP_036188104.1	XP_045057970	28.726	369	505	438	72	6.08e-24	109	steroid hormone receptor ERR2 isoform X2 [Desmodus rotundus]	9430
XP_036188104.1	XP_019488661	28.875	329	505	330	61	6.19e-24	107	PREDICTED: nuclear receptor subfamily 1 group I member 3 isoform X3 [Hipposideros armiger]	186990
XP_036188104.1	XP_019495971	29.268	369	505	520	72	6.29e-24	110	PREDICTED: LOW QUALITY PROTEIN: steroid hormone receptor ERR2 [Hipposideros armiger]	186990
XP_036188104.1	XP_054423207	28.726	369	505	433	72	6.91e-24	109	steroid hormone receptor ERR2 isoform X2 [Pteronotus mesoamericanus]	1884717
XP_036188104.1	XP_045679431	28.726	369	505	438	72	7.00e-24	109	steroid hormone receptor ERR2 isoform X2 [Phyllostomus hastatus]	9423
XP_036188104.1	XP_045679430	28.726	369	505	438	72	7.00e-24	109	steroid hormone receptor ERR2 isoform X2 [Phyllostomus hastatus]	9423
XP_036188104.1	XP_006110121	42.748	131	505	406	26	7.04e-24	108	LOW QUALITY PROTEIN: nuclear receptor subfamily 2 group F member 6 [Myotis lucifugus]	59463
XP_036188104.1	XP_024423987	28.726	369	505	454	72	7.04e-24	109	steroid hormone receptor ERR2 isoform X1 [Desmodus rotundus]	9430
XP_036188104.1	XP_039699039	25.831	391	505	379	70	7.29e-24	108	nuclear receptor subfamily 1 group I member 2 isoform X2 [Pteropus medius]	143291
XP_036188104.1	XP_045679429	28.726	369	505	454	72	7.74e-24	109	steroid hormone receptor ERR2 isoform X1 [Phyllostomus hastatus]	9423
XP_036188104.1	XP_066229628	26.277	411	505	385	74	8.29e-24	108	nuclear receptor subfamily 2 group E member 1 [Saccopteryx leptura]	249018
XP_036188104.1	XP_066104528	26.277	411	505	385	74	8.29e-24	108	nuclear receptor subfamily 2 group E member 1 [Saccopteryx bilineata]	59482
XP_036188104.1	XP_039733929	29.252	294	505	410	57	8.35e-24	108	bile acid receptor isoform X5 [Pteropus medius]	143291
XP_036188104.1	XP_028362989	28.726	369	505	454	72	8.50e-24	109	steroid hormone receptor ERR2 [Phyllostomus discolor]	89673
XP_036188104.1	XP_066118660	27.177	379	505	364	74	8.58e-24	107	bile acid receptor isoform X5 [Saccopteryx bilineata]	59482
XP_036188104.1	XP_045043163	27.154	383	505	383	72	9.40e-24	108	bile acid receptor isoform X9 [Desmodus rotundus]	9430
XP_036188104.1	XP_066130049	27.013	385	505	559	72	9.61e-24	110	retinoic acid receptor RXR-beta isoform X2 [Saccopteryx bilineata]	59482
XP_036188104.1	XP_054423206	28.726	369	505	454	72	9.69e-24	109	steroid hormone receptor ERR2 isoform X1 [Pteronotus mesoamericanus]	1884717
XP_036188104.1	XP_066215771	27.013	385	505	558	72	9.74e-24	110	retinoic acid receptor RXR-beta isoform X2 [Saccopteryx leptura]	249018
XP_036188104.1	XP_070259623	29.189	370	505	433	72	1.06e-23	108	steroid hormone receptor ERR2 isoform X2 [Myotis yumanensis]	159337
XP_036188104.1	XP_080535446	29.178	377	505	433	73	1.40e-23	108	steroid hormone receptor ERR2 isoform 1 [Plecotus auritus]	61862
XP_036188104.1	XP_074192465	26.347	334	505	306	62	1.44e-23	106	oxysterols receptor LXR-alpha isoform X4 [Rhinolophus sinicus]	89399
XP_036188104.1	XP_080931441	25.575	391	505	379	70	1.51e-23	107	nuclear receptor subfamily 1 group I member 2 isoform 2 [Rhinolophus hipposideros]	77218
XP_036188104.1	XP_024433880	25.323	387	505	379	69	1.52e-23	107	nuclear receptor subfamily 1 group I member 2 isoform X2 [Desmodus rotundus]	9430
XP_036188104.1	XP_070259616	29.189	370	505	454	72	1.72e-23	108	steroid hormone receptor ERR2 isoform X1 [Myotis yumanensis]	159337
XP_036188104.1	XP_080942110	25.260	384	505	379	69	1.95e-23	107	nuclear receptor subfamily 1 group I member 2 [Myotis nattereri]	109481
XP_036188104.1	XP_027997136	29.178	377	505	454	73	2.25e-23	108	steroid hormone receptor ERR2 isoform X1 [Eptesicus fuscus]	29078
XP_036188104.1	XP_080535447	29.178	377	505	454	73	2.25e-23	108	steroid hormone receptor ERR2 isoform 2 [Plecotus auritus]	61862
XP_036188104.1	XP_079624790	29.178	377	505	454	73	2.25e-23	108	steroid hormone receptor ERR2 isoform 3 [Cnephaeus nilssonii]	3371016
XP_036188104.1	XP_054571435	28.382	377	505	443	73	2.60e-23	107	steroid hormone receptor ERR2 isoform X4 [Eptesicus fuscus]	29078
XP_036188104.1	XP_079624789	28.382	377	505	443	73	2.60e-23	107	steroid hormone receptor ERR2 isoform 2 [Cnephaeus nilssonii]	3371016
XP_036188104.1	XP_037001131	28.455	369	505	433	72	3.06e-23	107	steroid hormone receptor ERR2 isoform X1 [Artibeus jamaicensis]	9417
XP_036188104.1	XP_037001130	28.455	369	505	433	72	3.06e-23	107	steroid hormone receptor ERR2 isoform X1 [Artibeus jamaicensis]	9417
XP_036188104.1	XP_053529330	28.455	369	505	433	72	3.06e-23	107	steroid hormone receptor ERR2 isoform X1 [Artibeus jamaicensis]	9417
XP_036188104.1	XP_053529329	28.455	369	505	433	72	3.06e-23	107	steroid hormone receptor ERR2 isoform X1 [Artibeus jamaicensis]	9417
XP_036188104.1	XP_037001129	28.455	369	505	433	72	3.06e-23	107	steroid hormone receptor ERR2 isoform X1 [Artibeus jamaicensis]	9417
XP_036188104.1	XP_037001128	28.455	369	505	433	72	3.06e-23	107	steroid hormone receptor ERR2 isoform X1 [Artibeus jamaicensis]	9417
XP_036188104.1	XP_037001125	28.455	369	505	433	72	3.06e-23	107	steroid hormone receptor ERR2 isoform X1 [Artibeus jamaicensis]	9417
XP_036188104.1	XP_054424858	26.034	411	505	385	74	3.40e-23	106	nuclear receptor subfamily 2 group E member 1 [Pteronotus mesoamericanus]	1884717
XP_036188104.1	XP_079637813	26.034	411	505	385	74	3.59e-23	106	nuclear receptor subfamily 2 group E member 1 [Cnephaeus nilssonii]	3371016
XP_036188104.1	XP_016072967	26.034	411	505	385	74	3.70e-23	106	PREDICTED: nuclear receptor subfamily 2 group E member 1 [Miniopterus natalensis]	291302
XP_036188104.1	XP_080996703	26.034	411	505	385	74	3.70e-23	106	nuclear receptor subfamily 2 group E member 1 [Miniopterus schreibersii]	9433
XP_036188104.1	XP_006778877	29.189	370	505	438	72	3.92e-23	107	PREDICTED: steroid hormone receptor ERR2 isoform X2 [Myotis davidii]	225400
XP_036188104.1	XP_036169816	29.189	370	505	438	72	3.92e-23	107	steroid hormone receptor ERR2 isoform X2 [Myotis myotis]	51298
XP_036188104.1	XP_080967196	29.189	370	505	438	72	3.92e-23	107	steroid hormone receptor ERR2 isoform 2 [Myotis nattereri]	109481
XP_036188104.1	XP_059545603	29.189	370	505	438	72	3.99e-23	107	steroid hormone receptor ERR2 isoform X2 [Myotis daubentonii]	98922
XP_036188104.1	XP_036104559	26.034	411	505	385	74	4.03e-23	106	nuclear receptor subfamily 2 group E member 1 [Molossus molossus]	27622
XP_036188104.1	XP_066097623	25.515	388	505	379	69	4.14e-23	106	nuclear receptor subfamily 1 group I member 2 isoform X3 [Saccopteryx bilineata]	59482
XP_036188104.1	XP_005860241	29.189	370	505	454	72	4.22e-23	107	PREDICTED: steroid hormone receptor ERR2 isoform X2 [Myotis brandtii]	109478
XP_036188104.1	XP_019585216	24.548	387	505	379	70	4.30e-23	106	nuclear receptor subfamily 1 group I member 2 isoform X2 [Rhinolophus sinicus]	89399
XP_036188104.1	XP_053529328	28.455	369	505	438	72	4.38e-23	107	steroid hormone receptor ERR2 isoform X3 [Artibeus jamaicensis]	9417
XP_036188104.1	XP_053529327	28.455	369	505	438	72	4.38e-23	107	steroid hormone receptor ERR2 isoform X3 [Artibeus jamaicensis]	9417
XP_036188104.1	XP_053529326	28.455	369	505	438	72	4.38e-23	107	steroid hormone receptor ERR2 isoform X3 [Artibeus jamaicensis]	9417
XP_036188104.1	XP_053529325	28.455	369	505	438	72	4.38e-23	107	steroid hormone receptor ERR2 isoform X3 [Artibeus jamaicensis]	9417
XP_036188104.1	XP_036271058	26.768	396	505	385	74	4.60e-23	106	nuclear receptor subfamily 2 group E member 1 [Pipistrellus kuhlii]	59472
XP_036188104.1	XP_037001126	28.455	369	505	454	72	4.68e-23	107	steroid hormone receptor ERR2 isoform X2 [Artibeus jamaicensis]	9417
XP_036188104.1	XP_006778876	29.189	370	505	454	72	4.85e-23	107	PREDICTED: steroid hormone receptor ERR2 isoform X1 [Myotis davidii]	225400
XP_036188104.1	XP_036169811	29.189	370	505	454	72	4.85e-23	107	steroid hormone receptor ERR2 isoform X1 [Myotis myotis]	51298
XP_036188104.1	XP_080967197	29.189	370	505	454	72	4.85e-23	107	steroid hormone receptor ERR2 isoform 3 [Myotis nattereri]	109481
XP_036188104.1	XP_059545593	29.189	370	505	454	72	5.23e-23	107	steroid hormone receptor ERR2 isoform X1 [Myotis daubentonii]	98922
XP_036188104.1	XP_053770219	27.027	407	505	385	74	6.67e-23	105	nuclear receptor subfamily 2 group E member 1 [Desmodus rotundus]	9430
XP_036188104.1	XP_045699425	26.768	396	505	385	74	8.29e-23	105	nuclear receptor subfamily 2 group E member 1 isoform X2 [Phyllostomus hastatus]	9423
XP_036188104.1	XP_032958672	26.768	396	505	385	74	9.03e-23	105	nuclear receptor subfamily 2 group E member 1 [Rhinolophus ferrumequinum]	59479
XP_036188104.1	XP_006926114	26.768	396	505	385	74	9.03e-23	105	nuclear receptor subfamily 2 group E member 1 [Pteropus alecto]	9402
XP_036188104.1	XP_016015705	26.768	396	505	385	74	9.03e-23	105	nuclear receptor subfamily 2 group E member 1 [Rousettus aegyptiacus]	9407
XP_036188104.1	XP_011358990	26.768	396	505	385	74	9.03e-23	105	nuclear receptor subfamily 2 group E member 1 [Pteropus vampyrus]	132908
XP_036188104.1	XP_039721148	26.768	396	505	385	74	9.03e-23	105	nuclear receptor subfamily 2 group E member 1 [Pteropus medius]	143291
XP_036188104.1	XP_080892705	26.768	396	505	385	74	1.13e-22	105	nuclear receptor subfamily 2 group E member 1 isoform 1 [Rhinolophus hipposideros]	77218
XP_036188104.1	XP_037014926	27.273	396	505	385	74	1.21e-22	105	nuclear receptor subfamily 2 group E member 1 [Artibeus jamaicensis]	9417
XP_036188104.1	XP_036920886	27.273	396	505	385	74	1.21e-22	105	nuclear receptor subfamily 2 group E member 1 [Sturnira hondurensis]	192404
XP_036188104.1	XP_080520025	27.273	396	505	385	74	1.21e-22	105	nuclear receptor subfamily 2 group E member 1 [Plecotus auritus]	61862
XP_036188104.1	XP_019514510	26.768	396	505	385	74	1.26e-22	105	PREDICTED: nuclear receptor subfamily 2 group E member 1 isoform X2 [Hipposideros armiger]	186990
XP_036188104.1	XP_019590490	26.768	396	505	385	74	1.26e-22	105	nuclear receptor subfamily 2 group E member 1 [Rhinolophus sinicus]	89399
XP_036188104.1	XP_036173452	25.791	411	505	385	74	1.28e-22	104	nuclear receptor subfamily 2 group E member 1 [Myotis myotis]	51298
XP_036188104.1	XP_016064153	29.348	368	505	353	72	1.34e-22	104	PREDICTED: steroid hormone receptor ERR2 isoform X2 [Miniopterus natalensis]	291302
XP_036188104.1	XP_070275393	27.273	396	505	385	74	1.37e-22	104	nuclear receptor subfamily 2 group E member 1 [Myotis yumanensis]	159337
XP_036188104.1	XP_059555591	25.791	411	505	385	74	1.37e-22	104	nuclear receptor subfamily 2 group E member 1 [Myotis daubentonii]	98922
XP_036188104.1	XP_006098084	27.273	396	505	385	74	1.37e-22	104	nuclear receptor subfamily 2 group E member 1 [Myotis lucifugus]	59463
XP_036188104.1	XP_028366572	25.791	411	505	385	74	1.40e-22	104	nuclear receptor subfamily 2 group E member 1 [Phyllostomus discolor]	89673
XP_036188104.1	XP_006775646	34.862	218	505	386	43	1.47e-22	104	PREDICTED: COUP transcription factor 1, partial [Myotis davidii]	225400
XP_036188104.1	XP_024896939	25.000	356	505	409	69	1.56e-22	105	hepatocyte nuclear factor 4-gamma [Pteropus alecto]	9402
XP_036188104.1	XP_059514456	58.333	72	505	467	50	1.70e-22	105	retinoic acid receptor RXR-alpha [Myotis daubentonii]	98922
XP_036188104.1	XP_059514456	28.261	184	505	467	50	1.87e-12	75.1	retinoic acid receptor RXR-alpha [Myotis daubentonii]	98922
XP_036188104.1	XP_019502713	60.274	73	505	263	14	1.72e-22	102	PREDICTED: retinoic acid receptor RXR-gamma-like isoform X1 [Hipposideros armiger]	186990
XP_036188104.1	XP_036185065	58.333	72	505	467	50	1.73e-22	105	retinoic acid receptor RXR-alpha [Myotis myotis]	51298
XP_036188104.1	XP_036185065	28.261	184	505	467	50	1.99e-12	74.7	retinoic acid receptor RXR-alpha [Myotis myotis]	51298
XP_036188104.1	XP_080959823	58.333	72	505	467	50	1.73e-22	105	retinoic acid receptor RXR-alpha isoform 1 [Myotis nattereri]	109481
XP_036188104.1	XP_080959823	28.261	184	505	467	50	1.99e-12	74.7	retinoic acid receptor RXR-alpha isoform 1 [Myotis nattereri]	109481
XP_036188104.1	XP_036078550	60.526	76	505	403	15	1.78e-22	104	retinoic acid receptor alpha isoform X4 [Rousettus aegyptiacus]	9407
XP_036188104.1	XP_070286434	58.333	72	505	467	50	1.80e-22	105	retinoic acid receptor RXR-alpha [Myotis yumanensis]	159337
XP_036188104.1	XP_070286434	28.261	184	505	467	50	2.06e-12	74.7	retinoic acid receptor RXR-alpha [Myotis yumanensis]	159337
XP_036188104.1	XP_080524560	58.333	72	505	467	50	1.80e-22	105	retinoic acid receptor RXR-alpha isoform 1 [Plecotus auritus]	61862
XP_036188104.1	XP_080524560	28.261	184	505	467	50	2.06e-12	74.7	retinoic acid receptor RXR-alpha isoform 1 [Plecotus auritus]	61862
XP_036188104.1	XP_006108463	58.333	72	505	439	50	1.80e-22	105	retinoic acid receptor RXR-alpha [Myotis lucifugus]	59463
XP_036188104.1	XP_006108463	28.261	184	505	439	50	1.83e-12	74.7	retinoic acid receptor RXR-alpha [Myotis lucifugus]	59463
XP_036188104.1	XP_080524562	58.333	72	505	439	50	1.80e-22	105	retinoic acid receptor RXR-alpha isoform 2 [Plecotus auritus]	61862
XP_036188104.1	XP_080524562	28.261	184	505	439	50	1.83e-12	74.7	retinoic acid receptor RXR-alpha isoform 2 [Plecotus auritus]	61862
XP_036188104.1	XP_080524561	58.333	72	505	439	50	1.80e-22	105	retinoic acid receptor RXR-alpha isoform 2 [Plecotus auritus]	61862
XP_036188104.1	XP_080524561	28.261	184	505	439	50	1.83e-12	74.7	retinoic acid receptor RXR-alpha isoform 2 [Plecotus auritus]	61862
XP_036188104.1	XP_054571434	28.000	375	505	347	73	1.87e-22	103	steroid hormone receptor ERR2 isoform X3 [Eptesicus fuscus]	29078
XP_036188104.1	XP_045429792	58.333	72	505	467	50	1.89e-22	105	retinoic acid receptor RXR-alpha isoform X2 [Pipistrellus kuhlii]	59472
XP_036188104.1	XP_045429792	28.261	184	505	467	50	1.89e-12	75.1	retinoic acid receptor RXR-alpha isoform X2 [Pipistrellus kuhlii]	59472
XP_036188104.1	XP_036272790	58.333	72	505	439	50	1.93e-22	105	retinoic acid receptor RXR-alpha isoform X1 [Pipistrellus kuhlii]	59472
XP_036188104.1	XP_036272790	28.261	184	505	439	50	1.90e-12	74.7	retinoic acid receptor RXR-alpha isoform X1 [Pipistrellus kuhlii]	59472
XP_036188104.1	XP_036099268	24.936	393	505	380	70	2.01e-22	104	nuclear receptor subfamily 1 group I member 2 [Molossus molossus]	27622
XP_036188104.1	XP_045702059	58.333	72	505	472	50	2.25e-22	105	retinoic acid receptor RXR-alpha isoform X2 [Phyllostomus hastatus]	9423
XP_036188104.1	XP_045702059	29.189	185	505	472	50	1.82e-12	75.1	retinoic acid receptor RXR-alpha isoform X2 [Phyllostomus hastatus]	9423
XP_036188104.1	XP_045702060	58.333	72	505	467	50	2.29e-22	105	retinoic acid receptor RXR-alpha isoform X3 [Phyllostomus hastatus]	9423
XP_036188104.1	XP_045702060	28.261	184	505	467	50	2.08e-12	74.7	retinoic acid receptor RXR-alpha isoform X3 [Phyllostomus hastatus]	9423
XP_036188104.1	XP_035878339	58.333	72	505	467	50	2.33e-22	105	retinoic acid receptor RXR-alpha isoform X2 [Phyllostomus discolor]	89673
XP_036188104.1	XP_035878339	28.261	184	505	467	50	2.12e-12	74.7	retinoic acid receptor RXR-alpha isoform X2 [Phyllostomus discolor]	89673
XP_036188104.1	XP_045702058	58.333	72	505	439	50	2.37e-22	104	retinoic acid receptor RXR-alpha isoform X1 [Phyllostomus hastatus]	9423
XP_036188104.1	XP_045702058	28.261	184	505	439	50	1.50e-12	75.1	retinoic acid receptor RXR-alpha isoform X1 [Phyllostomus hastatus]	9423
XP_036188104.1	XP_045702057	58.333	72	505	439	50	2.37e-22	104	retinoic acid receptor RXR-alpha isoform X1 [Phyllostomus hastatus]	9423
XP_036188104.1	XP_045702057	28.261	184	505	439	50	1.50e-12	75.1	retinoic acid receptor RXR-alpha isoform X1 [Phyllostomus hastatus]	9423
XP_036188104.1	XP_028381561	58.333	72	505	439	50	2.43e-22	104	retinoic acid receptor RXR-alpha isoform X1 [Phyllostomus discolor]	89673
XP_036188104.1	XP_028381561	28.261	184	505	439	50	1.56e-12	75.1	retinoic acid receptor RXR-alpha isoform X1 [Phyllostomus discolor]	89673
XP_036188104.1	XP_036887073	28.184	369	505	438	72	2.46e-22	104	steroid hormone receptor ERR2 isoform X2 [Sturnira hondurensis]	192404
XP_036188104.1	XP_036887072	28.184	369	505	438	72	2.46e-22	104	steroid hormone receptor ERR2 isoform X2 [Sturnira hondurensis]	192404
XP_036188104.1	XP_036887071	28.184	369	505	454	72	2.60e-22	105	steroid hormone receptor ERR2 isoform X1 [Sturnira hondurensis]	192404
XP_036188104.1	XP_080524563	57.333	75	505	391	49	2.92e-22	103	retinoic acid receptor RXR-alpha isoform 3 [Plecotus auritus]	61862
XP_036188104.1	XP_080524563	28.889	180	505	391	49	1.06e-12	75.1	retinoic acid receptor RXR-alpha isoform 3 [Plecotus auritus]	61862
XP_036188104.1	XP_019502720	60.274	73	505	261	14	3.01e-22	101	PREDICTED: retinoic acid receptor RXR-gamma-like isoform X2 [Hipposideros armiger]	186990
XP_036188104.1	XP_045702062	57.333	75	505	365	49	3.28e-22	103	retinoic acid receptor RXR-alpha isoform X4 [Phyllostomus hastatus]	9423
XP_036188104.1	XP_045702062	28.889	180	505	365	49	1.15e-12	75.1	retinoic acid receptor RXR-alpha isoform X4 [Phyllostomus hastatus]	9423
XP_036188104.1	XP_019502729	60.274	73	505	213	14	3.34e-22	99.8	PREDICTED: retinoic acid receptor RXR-gamma-like isoform X3 [Hipposideros armiger]	186990
XP_036188104.1	XP_032975631	27.419	310	505	422	61	3.46e-22	104	steroid hormone receptor ERR1 [Rhinolophus ferrumequinum]	59479
XP_036188104.1	XP_015422963	54.321	81	505	385	50	3.53e-22	103	PREDICTED: retinoic acid receptor RXR-beta [Myotis davidii]	225400
XP_036188104.1	XP_015422963	28.571	189	505	385	50	1.29e-12	75.1	PREDICTED: retinoic acid receptor RXR-beta [Myotis davidii]	225400
XP_036188104.1	XP_014386242	53.571	84	505	477	16	3.55e-22	104	PREDICTED: nuclear receptor subfamily 2 group C member 1 isoform X5 [Myotis brandtii]	109478
XP_036188104.1	XP_015415464	53.571	84	505	477	16	3.58e-22	104	PREDICTED: nuclear receptor subfamily 2 group C member 1 isoform X3 [Myotis davidii]	225400
XP_036188104.1	XP_080949687	25.980	408	505	383	73	3.58e-22	103	nuclear receptor subfamily 2 group E member 1 [Myotis nattereri]	109481
XP_036188104.1	XP_008154531	25.547	411	505	385	74	3.60e-22	103	nuclear receptor subfamily 2 group E member 1 [Eptesicus fuscus]	29078
XP_036188104.1	XP_016075594	54.321	81	505	385	50	3.71e-22	103	PREDICTED: retinoic acid receptor RXR-beta [Miniopterus natalensis]	291302
XP_036188104.1	XP_016075594	28.571	189	505	385	50	1.38e-12	74.7	PREDICTED: retinoic acid receptor RXR-beta [Miniopterus natalensis]	291302
XP_036188104.1	XP_014396514	54.321	81	505	385	50	3.71e-22	103	PREDICTED: retinoic acid receptor RXR-beta isoform X3 [Myotis brandtii]	109478
XP_036188104.1	XP_014396514	28.571	189	505	385	50	1.38e-12	74.7	PREDICTED: retinoic acid receptor RXR-beta isoform X3 [Myotis brandtii]	109478
XP_036188104.1	XP_036314615	53.571	84	505	477	16	3.75e-22	104	nuclear receptor subfamily 2 group C member 1 isoform X2 [Pipistrellus kuhlii]	59472
XP_036188104.1	XP_066203673	24.806	387	505	379	69	3.82e-22	103	nuclear receptor subfamily 1 group I member 2 isoform X3 [Saccopteryx leptura]	249018
XP_036188104.1	XP_059537953	53.571	84	505	559	16	3.93e-22	105	nuclear receptor subfamily 2 group C member 1 isoform X4 [Myotis daubentonii]	98922
XP_036188104.1	XP_016002506	58.333	72	505	414	49	4.03e-22	103	retinoic acid receptor RXR-beta isoform X6 [Rousettus aegyptiacus]	9407
XP_036188104.1	XP_016002506	28.571	189	505	414	49	1.25e-12	75.1	retinoic acid receptor RXR-beta isoform X6 [Rousettus aegyptiacus]	9407
XP_036188104.1	XP_036155044	53.571	84	505	559	16	4.04e-22	105	nuclear receptor subfamily 2 group C member 1 isoform X4 [Myotis myotis]	51298
XP_036188104.1	XP_036106886	53.571	84	505	562	16	4.06e-22	105	nuclear receptor subfamily 2 group C member 1 isoform X4 [Molossus molossus]	27622
XP_036188104.1	XP_014386240	53.571	84	505	559	16	4.08e-22	105	PREDICTED: nuclear receptor subfamily 2 group C member 1 isoform X3 [Myotis brandtii]	109478
XP_036188104.1	XP_015415463	53.571	84	505	559	16	4.19e-22	105	PREDICTED: nuclear receptor subfamily 2 group C member 1 isoform X2 [Myotis davidii]	225400
XP_036188104.1	XP_066117942	53.571	84	505	605	16	4.21e-22	105	nuclear receptor subfamily 2 group C member 1 isoform X2 [Saccopteryx bilineata]	59482
XP_036188104.1	XP_014396512	58.333	72	505	412	49	4.25e-22	103	PREDICTED: retinoic acid receptor RXR-beta isoform X1 [Myotis brandtii]	109478
XP_036188104.1	XP_014396512	28.571	189	505	412	49	1.19e-12	75.1	PREDICTED: retinoic acid receptor RXR-beta isoform X1 [Myotis brandtii]	109478
XP_036188104.1	XP_014396513	58.333	72	505	408	49	4.27e-22	103	PREDICTED: retinoic acid receptor RXR-beta isoform X2 [Myotis brandtii]	109478
XP_036188104.1	XP_014396513	29.834	181	505	408	49	2.51e-12	74.3	PREDICTED: retinoic acid receptor RXR-beta isoform X2 [Myotis brandtii]	109478
XP_036188104.1	XP_066213578	53.571	84	505	605	16	4.29e-22	105	nuclear receptor subfamily 2 group C member 1 isoform X2 [Saccopteryx leptura]	249018
XP_036188104.1	XP_036212215	54.321	81	505	414	50	4.38e-22	103	retinoic acid receptor RXR-beta isoform X4 [Myotis myotis]	51298
XP_036188104.1	XP_036212215	28.571	189	505	414	50	1.41e-12	75.1	retinoic acid receptor RXR-beta isoform X4 [Myotis myotis]	51298
XP_036188104.1	XP_035879810	54.321	81	505	414	50	4.38e-22	103	retinoic acid receptor RXR-beta isoform X6 [Phyllostomus discolor]	89673
XP_036188104.1	XP_035879810	28.571	189	505	414	50	1.41e-12	75.1	retinoic acid receptor RXR-beta isoform X6 [Phyllostomus discolor]	89673
XP_036188104.1	XP_066213570	53.571	84	505	610	16	4.39e-22	105	nuclear receptor subfamily 2 group C member 1 isoform X1 [Saccopteryx leptura]	249018
XP_036188104.1	XP_066213562	53.571	84	505	610	16	4.39e-22	105	nuclear receptor subfamily 2 group C member 1 isoform X1 [Saccopteryx leptura]	249018
XP_036188104.1	XP_066213552	53.571	84	505	610	16	4.39e-22	105	nuclear receptor subfamily 2 group C member 1 isoform X1 [Saccopteryx leptura]	249018
XP_036188104.1	XP_066213542	53.571	84	505	610	16	4.39e-22	105	nuclear receptor subfamily 2 group C member 1 isoform X1 [Saccopteryx leptura]	249018
XP_036188104.1	XP_066213532	53.571	84	505	610	16	4.39e-22	105	nuclear receptor subfamily 2 group C member 1 isoform X1 [Saccopteryx leptura]	249018
XP_036188104.1	XP_066213523	53.571	84	505	610	16	4.39e-22	105	nuclear receptor subfamily 2 group C member 1 isoform X1 [Saccopteryx leptura]	249018
XP_036188104.1	XP_066117933	53.571	84	505	610	16	4.47e-22	105	nuclear receptor subfamily 2 group C member 1 isoform X1 [Saccopteryx bilineata]	59482
XP_036188104.1	XP_066117923	53.571	84	505	610	16	4.47e-22	105	nuclear receptor subfamily 2 group C member 1 isoform X1 [Saccopteryx bilineata]	59482
XP_036188104.1	XP_066117919	53.571	84	505	610	16	4.47e-22	105	nuclear receptor subfamily 2 group C member 1 isoform X1 [Saccopteryx bilineata]	59482
XP_036188104.1	XP_024899454	54.321	81	505	410	50	4.49e-22	103	retinoic acid receptor RXR-beta isoform X5 [Pteropus alecto]	9402
XP_036188104.1	XP_024899454	29.834	181	505	410	50	2.45e-12	74.3	retinoic acid receptor RXR-beta isoform X5 [Pteropus alecto]	9402
XP_036188104.1	XP_023394245	54.321	81	505	410	50	4.49e-22	103	retinoic acid receptor RXR-beta isoform X7 [Pteropus vampyrus]	132908
XP_036188104.1	XP_023394245	29.834	181	505	410	50	2.45e-12	74.3	retinoic acid receptor RXR-beta isoform X7 [Pteropus vampyrus]	132908
XP_036188104.1	XP_023605726	53.571	84	505	400	16	4.50e-22	103	nuclear receptor subfamily 2 group C member 1 isoform X9 [Myotis lucifugus]	59463
XP_036188104.1	XP_019516491	54.321	81	505	414	50	4.51e-22	103	PREDICTED: retinoic acid receptor RXR-beta isoform X6 [Hipposideros armiger]	186990
XP_036188104.1	XP_019516491	28.571	189	505	414	50	1.39e-12	75.1	PREDICTED: retinoic acid receptor RXR-beta isoform X6 [Hipposideros armiger]	186990
XP_036188104.1	XP_032955408	54.321	81	505	414	50	4.51e-22	103	retinoic acid receptor RXR-beta isoform X3 [Rhinolophus ferrumequinum]	59479
XP_036188104.1	XP_032955408	28.571	189	505	414	50	1.39e-12	75.1	retinoic acid receptor RXR-beta isoform X3 [Rhinolophus ferrumequinum]	59479
XP_036188104.1	XP_024899453	54.321	81	505	414	50	4.51e-22	103	retinoic acid receptor RXR-beta isoform X4 [Pteropus alecto]	9402
XP_036188104.1	XP_024899453	28.571	189	505	414	50	1.39e-12	75.1	retinoic acid receptor RXR-beta isoform X4 [Pteropus alecto]	9402
XP_036188104.1	XP_023394244	54.321	81	505	414	50	4.51e-22	103	retinoic acid receptor RXR-beta isoform X6 [Pteropus vampyrus]	132908
XP_036188104.1	XP_023394244	28.571	189	505	414	50	1.39e-12	75.1	retinoic acid receptor RXR-beta isoform X6 [Pteropus vampyrus]	132908
XP_036188104.1	XP_019594251	54.321	81	505	414	50	4.51e-22	103	retinoic acid receptor RXR-beta isoform X3 [Rhinolophus sinicus]	89399
XP_036188104.1	XP_019594251	28.571	189	505	414	50	1.39e-12	75.1	retinoic acid receptor RXR-beta isoform X3 [Rhinolophus sinicus]	89399
XP_036188104.1	XP_036924200	53.571	84	505	604	16	4.51e-22	105	nuclear receptor subfamily 2 group C member 1 isoform X1 [Sturnira hondurensis]	192404
XP_036188104.1	XP_080917495	53.571	84	505	605	16	4.61e-22	105	nuclear receptor subfamily 2 group C member 1 isoform 1 [Rhinolophus hipposideros]	77218
XP_036188104.1	XP_080917494	53.571	84	505	605	16	4.61e-22	105	nuclear receptor subfamily 2 group C member 1 isoform 1 [Rhinolophus hipposideros]	77218
XP_036188104.1	XP_066117951	53.571	84	505	514	16	4.62e-22	104	nuclear receptor subfamily 2 group C member 1 isoform X3 [Saccopteryx bilineata]	59482
XP_036188104.1	XP_066213587	53.571	84	505	514	16	4.66e-22	104	nuclear receptor subfamily 2 group C member 1 isoform X3 [Saccopteryx leptura]	249018
XP_036188104.1	XP_024904536	53.571	84	505	562	16	4.69e-22	105	nuclear receptor subfamily 2 group C member 1 isoform X4 [Pteropus alecto]	9402
XP_036188104.1	XP_039730039	53.571	84	505	562	16	4.69e-22	105	nuclear receptor subfamily 2 group C member 1 isoform X4 [Pteropus medius]	143291
XP_036188104.1	XP_024904534	53.571	84	505	601	16	4.76e-22	105	nuclear receptor subfamily 2 group C member 1 isoform X2 [Pteropus alecto]	9402
XP_036188104.1	XP_011364203	53.571	84	505	601	16	4.76e-22	105	nuclear receptor subfamily 2 group C member 1 isoform X2 [Pteropus vampyrus]	132908
XP_036188104.1	XP_015427854	55.128	78	505	747	15	4.77e-22	105	PREDICTED: retinoic acid receptor RXR-alpha [Myotis davidii]	225400
XP_036188104.1	XP_024904533	53.571	84	505	605	16	4.82e-22	105	nuclear receptor subfamily 2 group C member 1 isoform X1 [Pteropus alecto]	9402
XP_036188104.1	XP_024904532	53.571	84	505	605	16	4.82e-22	105	nuclear receptor subfamily 2 group C member 1 isoform X1 [Pteropus alecto]	9402
XP_036188104.1	XP_015447071	53.571	84	505	605	16	4.82e-22	105	nuclear receptor subfamily 2 group C member 1 isoform X1 [Pteropus alecto]	9402
XP_036188104.1	XP_024904531	53.571	84	505	605	16	4.82e-22	105	nuclear receptor subfamily 2 group C member 1 isoform X1 [Pteropus alecto]	9402
XP_036188104.1	XP_011364202	53.571	84	505	605	16	4.82e-22	105	nuclear receptor subfamily 2 group C member 1 isoform X1 [Pteropus vampyrus]	132908
XP_036188104.1	XP_023389736	53.571	84	505	605	16	4.82e-22	105	nuclear receptor subfamily 2 group C member 1 isoform X1 [Pteropus vampyrus]	132908
XP_036188104.1	XP_011364201	53.571	84	505	605	16	4.82e-22	105	nuclear receptor subfamily 2 group C member 1 isoform X1 [Pteropus vampyrus]	132908
XP_036188104.1	XP_011364200	53.571	84	505	605	16	4.82e-22	105	nuclear receptor subfamily 2 group C member 1 isoform X1 [Pteropus vampyrus]	132908
XP_036188104.1	XP_053518255	53.571	84	505	600	16	4.84e-22	105	nuclear receptor subfamily 2 group C member 1 isoform X2 [Artibeus jamaicensis]	9417
XP_036188104.1	XP_036093117	53.571	84	505	601	16	4.85e-22	105	nuclear receptor subfamily 2 group C member 1 isoform X2 [Rousettus aegyptiacus]	9407
XP_036188104.1	XP_032972463	53.571	84	505	605	16	4.91e-22	105	nuclear receptor subfamily 2 group C member 1 [Rhinolophus ferrumequinum]	59479
XP_036188104.1	XP_032972462	53.571	84	505	605	16	4.91e-22	105	nuclear receptor subfamily 2 group C member 1 [Rhinolophus ferrumequinum]	59479
XP_036188104.1	XP_032972461	53.571	84	505	605	16	4.91e-22	105	nuclear receptor subfamily 2 group C member 1 [Rhinolophus ferrumequinum]	59479
XP_036188104.1	XP_032972460	53.571	84	505	605	16	4.91e-22	105	nuclear receptor subfamily 2 group C member 1 [Rhinolophus ferrumequinum]	59479
XP_036188104.1	XP_032972459	53.571	84	505	605	16	4.91e-22	105	nuclear receptor subfamily 2 group C member 1 [Rhinolophus ferrumequinum]	59479
XP_036188104.1	XP_054430671	53.571	84	505	604	16	4.94e-22	105	nuclear receptor subfamily 2 group C member 1 isoform X1 [Pteronotus mesoamericanus]	1884717
XP_036188104.1	XP_039730037	53.571	84	505	601	16	4.94e-22	105	nuclear receptor subfamily 2 group C member 1 isoform X2 [Pteropus medius]	143291
XP_036188104.1	XP_074182264	53.571	84	505	605	16	4.95e-22	105	nuclear receptor subfamily 2 group C member 1 [Rhinolophus sinicus]	89399
XP_036188104.1	XP_019587728	53.571	84	505	605	16	4.95e-22	105	nuclear receptor subfamily 2 group C member 1 [Rhinolophus sinicus]	89399
XP_036188104.1	XP_019587731	53.571	84	505	605	16	4.95e-22	105	nuclear receptor subfamily 2 group C member 1 [Rhinolophus sinicus]	89399
XP_036188104.1	XP_019587729	53.571	84	505	605	16	4.95e-22	105	nuclear receptor subfamily 2 group C member 1 [Rhinolophus sinicus]	89399
XP_036188104.1	XP_019587727	53.571	84	505	605	16	4.95e-22	105	nuclear receptor subfamily 2 group C member 1 [Rhinolophus sinicus]	89399
XP_036188104.1	XP_036924202	53.571	84	505	599	16	5.05e-22	105	nuclear receptor subfamily 2 group C member 1 isoform X3 [Sturnira hondurensis]	192404
XP_036188104.1	XP_036093116	53.571	84	505	605	16	5.09e-22	105	nuclear receptor subfamily 2 group C member 1 isoform X1 [Rousettus aegyptiacus]	9407
XP_036188104.1	XP_036093115	53.571	84	505	605	16	5.09e-22	105	nuclear receptor subfamily 2 group C member 1 isoform X1 [Rousettus aegyptiacus]	9407
XP_036188104.1	XP_036093114	53.571	84	505	605	16	5.09e-22	105	nuclear receptor subfamily 2 group C member 1 isoform X1 [Rousettus aegyptiacus]	9407
XP_036188104.1	XP_036093113	53.571	84	505	605	16	5.09e-22	105	nuclear receptor subfamily 2 group C member 1 isoform X1 [Rousettus aegyptiacus]	9407
XP_036188104.1	XP_036093112	53.571	84	505	605	16	5.09e-22	105	nuclear receptor subfamily 2 group C member 1 isoform X1 [Rousettus aegyptiacus]	9407
XP_036188104.1	XP_037016484	53.571	84	505	604	16	5.12e-22	105	nuclear receptor subfamily 2 group C member 1 isoform X1 [Artibeus jamaicensis]	9417
XP_036188104.1	XP_023391506	27.419	310	505	422	61	5.12e-22	103	steroid hormone receptor ERR1 isoform X1 [Pteropus vampyrus]	132908
XP_036188104.1	XP_011367047	27.419	310	505	422	61	5.12e-22	103	steroid hormone receptor ERR1 isoform X1 [Pteropus vampyrus]	132908
XP_036188104.1	XP_011367046	27.419	310	505	422	61	5.12e-22	103	steroid hormone receptor ERR1 isoform X1 [Pteropus vampyrus]	132908
XP_036188104.1	XP_039715987	27.419	310	505	422	61	5.12e-22	103	steroid hormone receptor ERR1 isoform X1 [Pteropus medius]	143291
XP_036188104.1	XP_039715986	27.419	310	505	422	61	5.12e-22	103	steroid hormone receptor ERR1 isoform X1 [Pteropus medius]	143291
XP_036188104.1	XP_039715985	27.419	310	505	422	61	5.12e-22	103	steroid hormone receptor ERR1 isoform X1 [Pteropus medius]	143291
XP_036188104.1	XP_036106883	53.571	84	505	605	16	5.14e-22	105	nuclear receptor subfamily 2 group C member 1 isoform X1 [Molossus molossus]	27622
XP_036188104.1	XP_036106882	53.571	84	505	605	16	5.14e-22	105	nuclear receptor subfamily 2 group C member 1 isoform X1 [Molossus molossus]	27622
XP_036188104.1	XP_039730036	53.571	84	505	605	16	5.14e-22	105	nuclear receptor subfamily 2 group C member 1 isoform X1 [Pteropus medius]	143291
XP_036188104.1	XP_039730035	53.571	84	505	605	16	5.14e-22	105	nuclear receptor subfamily 2 group C member 1 isoform X1 [Pteropus medius]	143291
XP_036188104.1	XP_039730034	53.571	84	505	605	16	5.14e-22	105	nuclear receptor subfamily 2 group C member 1 isoform X1 [Pteropus medius]	143291
XP_036188104.1	XP_059537951	53.571	84	505	601	16	5.17e-22	105	nuclear receptor subfamily 2 group C member 1 isoform X2 [Myotis daubentonii]	98922
XP_036188104.1	XP_045690443	54.321	81	505	387	50	5.19e-22	103	retinoic acid receptor RXR-beta isoform X6 [Phyllostomus hastatus]	9423
XP_036188104.1	XP_045690443	28.571	189	505	387	50	1.31e-12	75.1	retinoic acid receptor RXR-beta isoform X6 [Phyllostomus hastatus]	9423
XP_036188104.1	XP_074192666	27.742	310	505	435	61	5.19e-22	103	steroid hormone receptor ERR1 isoform X1 [Rhinolophus sinicus]	89399
XP_036188104.1	XP_054575338	53.571	84	505	580	16	5.25e-22	105	nuclear receptor subfamily 2 group C member 1 isoform X3 [Eptesicus fuscus]	29078
XP_036188104.1	XP_036106885	53.571	84	505	580	16	5.29e-22	105	nuclear receptor subfamily 2 group C member 1 isoform X3 [Molossus molossus]	27622
XP_036188104.1	XP_024904535	53.571	84	505	600	16	5.30e-22	105	nuclear receptor subfamily 2 group C member 1 isoform X3 [Pteropus alecto]	9402
XP_036188104.1	XP_011364205	53.571	84	505	600	16	5.30e-22	105	nuclear receptor subfamily 2 group C member 1 isoform X3 [Pteropus vampyrus]	132908
XP_036188104.1	XP_036155043	53.571	84	505	601	16	5.31e-22	105	nuclear receptor subfamily 2 group C member 1 isoform X3 [Myotis myotis]	51298
XP_036188104.1	XP_080517320	53.571	84	505	605	16	5.33e-22	105	nuclear receptor subfamily 2 group C member 1 isoform 1 [Plecotus auritus]	61862
XP_036188104.1	XP_054575336	53.571	84	505	605	16	5.42e-22	105	nuclear receptor subfamily 2 group C member 1 isoform X1 [Eptesicus fuscus]	29078
XP_036188104.1	XP_008143025	53.571	84	505	605	16	5.42e-22	105	nuclear receptor subfamily 2 group C member 1 isoform X1 [Eptesicus fuscus]	29078
XP_036188104.1	XP_079631422	53.571	84	505	605	16	5.42e-22	105	nuclear receptor subfamily 2 group C member 1 isoform 1 [Cnephaeus nilssonii]	3371016
XP_036188104.1	XP_036106884	53.571	84	505	585	16	5.43e-22	104	nuclear receptor subfamily 2 group C member 1 isoform X2 [Molossus molossus]	27622
XP_036188104.1	XP_036093118	53.571	84	505	600	16	5.44e-22	105	nuclear receptor subfamily 2 group C member 1 isoform X3 [Rousettus aegyptiacus]	9407
XP_036188104.1	XP_045682621	53.571	84	505	604	16	5.56e-22	105	nuclear receptor subfamily 2 group C member 1 isoform X1 [Phyllostomus hastatus]	9423
XP_036188104.1	XP_045682620	53.571	84	505	604	16	5.56e-22	105	nuclear receptor subfamily 2 group C member 1 isoform X1 [Phyllostomus hastatus]	9423
XP_036188104.1	XP_045682619	53.571	84	505	604	16	5.56e-22	105	nuclear receptor subfamily 2 group C member 1 isoform X1 [Phyllostomus hastatus]	9423
XP_036188104.1	XP_080517322	53.571	84	505	558	16	5.59e-22	104	nuclear receptor subfamily 2 group C member 1 isoform 3 [Plecotus auritus]	61862
XP_036188104.1	XP_016064155	28.455	369	505	433	72	5.59e-22	103	PREDICTED: steroid hormone receptor ERR2 isoform X4 [Miniopterus natalensis]	291302
XP_036188104.1	XP_039730038	53.571	84	505	600	16	5.59e-22	105	nuclear receptor subfamily 2 group C member 1 isoform X3 [Pteropus medius]	143291
XP_036188104.1	XP_036090628	25.191	393	505	395	72	5.64e-22	103	nuclear receptor subfamily 1 group I member 3 isoform X6 [Rousettus aegyptiacus]	9407
XP_036188104.1	XP_054575337	53.571	84	505	580	16	5.74e-22	104	nuclear receptor subfamily 2 group C member 1 isoform X2 [Eptesicus fuscus]	29078
XP_036188104.1	XP_036155040	53.571	84	505	605	16	5.78e-22	104	nuclear receptor subfamily 2 group C member 1 isoform X1 [Myotis myotis]	51298
XP_036188104.1	XP_036155039	53.571	84	505	605	16	5.78e-22	104	nuclear receptor subfamily 2 group C member 1 isoform X1 [Myotis myotis]	51298
XP_036188104.1	XP_036155038	53.571	84	505	605	16	5.78e-22	104	nuclear receptor subfamily 2 group C member 1 isoform X1 [Myotis myotis]	51298
XP_036188104.1	XP_036155037	53.571	84	505	605	16	5.78e-22	104	nuclear receptor subfamily 2 group C member 1 isoform X1 [Myotis myotis]	51298
XP_036188104.1	XP_036155036	53.571	84	505	605	16	5.78e-22	104	nuclear receptor subfamily 2 group C member 1 isoform X1 [Myotis myotis]	51298
XP_036188104.1	XP_036155035	53.571	84	505	605	16	5.78e-22	104	nuclear receptor subfamily 2 group C member 1 isoform X1 [Myotis myotis]	51298
XP_036188104.1	XP_080938840	53.571	84	505	605	16	5.78e-22	104	nuclear receptor subfamily 2 group C member 1 isoform 1 [Myotis nattereri]	109481
XP_036188104.1	XP_080938839	53.571	84	505	605	16	5.78e-22	104	nuclear receptor subfamily 2 group C member 1 isoform 1 [Myotis nattereri]	109481
XP_036188104.1	XP_054577741	58.333	72	505	448	14	5.88e-22	103	retinoic acid receptor RXR-beta isoform X2 [Eptesicus fuscus]	29078
XP_036188104.1	XP_059537950	53.571	84	505	605	16	5.94e-22	104	nuclear receptor subfamily 2 group C member 1 isoform X1 [Myotis daubentonii]	98922
XP_036188104.1	XP_059537949	53.571	84	505	605	16	5.94e-22	104	nuclear receptor subfamily 2 group C member 1 isoform X1 [Myotis daubentonii]	98922
XP_036188104.1	XP_059537948	53.571	84	505	605	16	5.94e-22	104	nuclear receptor subfamily 2 group C member 1 isoform X1 [Myotis daubentonii]	98922
XP_036188104.1	XP_059537947	53.571	84	505	605	16	5.94e-22	104	nuclear receptor subfamily 2 group C member 1 isoform X1 [Myotis daubentonii]	98922
XP_036188104.1	XP_080517321	53.571	84	505	600	16	5.96e-22	104	nuclear receptor subfamily 2 group C member 1 isoform 2 [Plecotus auritus]	61862
XP_036188104.1	XP_054430672	53.571	84	505	599	16	5.99e-22	104	nuclear receptor subfamily 2 group C member 1 isoform X2 [Pteronotus mesoamericanus]	1884717
XP_036188104.1	XP_045682622	53.571	84	505	599	16	6.05e-22	104	nuclear receptor subfamily 2 group C member 1 isoform X2 [Phyllostomus hastatus]	9423
XP_036188104.1	XP_045428758	58.333	72	505	491	50	6.08e-22	104	retinoic acid receptor RXR-beta isoform X3 [Pipistrellus kuhlii]	59472
XP_036188104.1	XP_045428758	27.979	193	505	491	50	1.45e-12	75.5	retinoic acid receptor RXR-beta isoform X3 [Pipistrellus kuhlii]	59472
XP_036188104.1	XP_024434892	53.571	84	505	604	16	6.08e-22	104	nuclear receptor subfamily 2 group C member 1 isoform X1 [Desmodus rotundus]	9430
XP_036188104.1	XP_024434891	53.571	84	505	604	16	6.08e-22	104	nuclear receptor subfamily 2 group C member 1 isoform X1 [Desmodus rotundus]	9430
XP_036188104.1	XP_036924201	53.571	84	505	601	16	6.14e-22	104	nuclear receptor subfamily 2 group C member 1 isoform X2 [Sturnira hondurensis]	192404
XP_036188104.1	XP_023605723	53.571	84	505	482	16	6.16e-22	103	nuclear receptor subfamily 2 group C member 1 isoform X6 [Myotis lucifugus]	59463
XP_036188104.1	XP_036314614	53.571	84	505	580	16	6.18e-22	104	nuclear receptor subfamily 2 group C member 1 isoform X1 [Pipistrellus kuhlii]	59472
XP_036188104.1	XP_079631423	53.571	84	505	600	16	6.18e-22	104	nuclear receptor subfamily 2 group C member 1 isoform 2 [Cnephaeus nilssonii]	3371016
XP_036188104.1	XP_014386239	53.571	84	505	580	16	6.23e-22	104	PREDICTED: nuclear receptor subfamily 2 group C member 1 isoform X2 [Myotis brandtii]	109478
XP_036188104.1	XP_059537952	53.571	84	505	600	16	6.23e-22	104	nuclear receptor subfamily 2 group C member 1 isoform X3 [Myotis daubentonii]	98922
XP_036188104.1	XP_024899452	54.321	81	505	461	50	6.24e-22	103	retinoic acid receptor RXR-beta isoform X3 [Pteropus alecto]	9402
XP_036188104.1	XP_024899452	28.571	189	505	461	50	1.52e-12	75.1	retinoic acid receptor RXR-beta isoform X3 [Pteropus alecto]	9402
XP_036188104.1	XP_023394243	54.321	81	505	461	50	6.24e-22	103	retinoic acid receptor RXR-beta isoform X3 [Pteropus vampyrus]	132908
XP_036188104.1	XP_023394243	28.571	189	505	461	50	1.52e-12	75.1	retinoic acid receptor RXR-beta isoform X3 [Pteropus vampyrus]	132908
XP_036188104.1	XP_070266936	53.571	84	505	605	16	6.27e-22	104	nuclear receptor subfamily 2 group C member 1 isoform X1 [Myotis yumanensis]	159337
XP_036188104.1	XP_070266935	53.571	84	505	605	16	6.27e-22	104	nuclear receptor subfamily 2 group C member 1 isoform X1 [Myotis yumanensis]	159337
XP_036188104.1	XP_070266934	53.571	84	505	605	16	6.27e-22	104	nuclear receptor subfamily 2 group C member 1 isoform X1 [Myotis yumanensis]	159337
XP_036188104.1	XP_006757677	53.571	84	505	605	16	6.27e-22	104	PREDICTED: nuclear receptor subfamily 2 group C member 1 isoform X1 [Myotis davidii]	225400
XP_036188104.1	XP_006757675	53.571	84	505	605	16	6.27e-22	104	PREDICTED: nuclear receptor subfamily 2 group C member 1 isoform X1 [Myotis davidii]	225400
XP_036188104.1	XP_006757674	53.571	84	505	605	16	6.27e-22	104	PREDICTED: nuclear receptor subfamily 2 group C member 1 isoform X1 [Myotis davidii]	225400
XP_036188104.1	XP_005883219	53.571	84	505	605	16	6.27e-22	104	PREDICTED: nuclear receptor subfamily 2 group C member 1 isoform X1 [Myotis brandtii]	109478
XP_036188104.1	XP_005883223	53.571	84	505	605	16	6.27e-22	104	PREDICTED: nuclear receptor subfamily 2 group C member 1 isoform X1 [Myotis brandtii]	109478
XP_036188104.1	XP_005883222	53.571	84	505	605	16	6.27e-22	104	PREDICTED: nuclear receptor subfamily 2 group C member 1 isoform X1 [Myotis brandtii]	109478
XP_036188104.1	XP_005883221	53.571	84	505	605	16	6.27e-22	104	PREDICTED: nuclear receptor subfamily 2 group C member 1 isoform X1 [Myotis brandtii]	109478
XP_036188104.1	XP_019497228	53.571	84	505	416	16	6.33e-22	103	PREDICTED: nuclear receptor subfamily 2 group C member 1 [Hipposideros armiger]	186990
XP_036188104.1	XP_070266937	53.571	84	505	600	16	6.35e-22	104	nuclear receptor subfamily 2 group C member 1 isoform X2 [Myotis yumanensis]	159337
XP_036188104.1	XP_035875325	53.571	84	505	604	16	6.60e-22	104	nuclear receptor subfamily 2 group C member 1 isoform X1 [Phyllostomus discolor]	89673
XP_036188104.1	XP_028388212	53.571	84	505	604	16	6.60e-22	104	nuclear receptor subfamily 2 group C member 1 isoform X1 [Phyllostomus discolor]	89673
XP_036188104.1	XP_028388211	53.571	84	505	604	16	6.60e-22	104	nuclear receptor subfamily 2 group C member 1 isoform X1 [Phyllostomus discolor]	89673
XP_036188104.1	XP_016077259	53.571	84	505	603	16	6.64e-22	104	PREDICTED: nuclear receptor subfamily 2 group C member 1 isoform X1 [Miniopterus natalensis]	291302
XP_036188104.1	XP_016077258	53.571	84	505	603	16	6.64e-22	104	PREDICTED: nuclear receptor subfamily 2 group C member 1 isoform X1 [Miniopterus natalensis]	291302
XP_036188104.1	XP_080986388	53.571	84	505	603	16	6.64e-22	104	nuclear receptor subfamily 2 group C member 1 isoform 1 [Miniopterus schreibersii]	9433
XP_036188104.1	XP_080986387	53.571	84	505	603	16	6.64e-22	104	nuclear receptor subfamily 2 group C member 1 isoform 1 [Miniopterus schreibersii]	9433
XP_036188104.1	XP_066130393	54.321	81	505	391	16	6.75e-22	102	retinoic acid receptor RXR-beta isoform X6 [Saccopteryx bilineata]	59482
XP_036188104.1	XP_045428760	54.321	81	505	364	50	6.78e-22	102	retinoic acid receptor RXR-beta isoform X7 [Pipistrellus kuhlii]	59472
XP_036188104.1	XP_045428760	28.571	189	505	364	50	8.43e-13	75.5	retinoic acid receptor RXR-beta isoform X7 [Pipistrellus kuhlii]	59472
XP_036188104.1	XP_016077260	53.571	84	505	598	16	6.91e-22	104	PREDICTED: nuclear receptor subfamily 2 group C member 1 isoform X2 [Miniopterus natalensis]	291302
XP_036188104.1	XP_080986389	53.571	84	505	598	16	6.91e-22	104	nuclear receptor subfamily 2 group C member 1 isoform 2 [Miniopterus schreibersii]	9433
XP_036188104.1	XP_035875326	53.571	84	505	599	16	6.93e-22	104	nuclear receptor subfamily 2 group C member 1 isoform X2 [Phyllostomus discolor]	89673
XP_036188104.1	XP_036155041	53.571	84	505	602	16	7.12e-22	104	nuclear receptor subfamily 2 group C member 1 isoform X2 [Myotis myotis]	51298
XP_036188104.1	XP_024434893	53.571	84	505	599	16	7.18e-22	104	nuclear receptor subfamily 2 group C member 1 isoform X2 [Desmodus rotundus]	9430
XP_036188104.1	XP_024905623	35.242	227	505	385	44	7.82e-22	102	estrogen-related receptor gamma isoform X1 [Pteropus alecto]	9402
XP_036188104.1	XP_024905622	35.242	227	505	385	44	7.82e-22	102	estrogen-related receptor gamma isoform X1 [Pteropus alecto]	9402
XP_036188104.1	XP_028360652	24.479	384	505	379	69	7.84e-22	102	nuclear receptor subfamily 1 group I member 2 isoform X2 [Phyllostomus discolor]	89673
XP_036188104.1	XP_079636237	58.333	72	505	475	14	8.11e-22	103	retinoic acid receptor RXR-beta isoform 3 [Cnephaeus nilssonii]	3371016
XP_036188104.1	XP_036990317	58.333	72	505	490	14	8.19e-22	103	retinoic acid receptor RXR-beta isoform X3 [Artibeus jamaicensis]	9417
XP_036188104.1	XP_045690421	58.333	72	505	487	14	8.33e-22	103	retinoic acid receptor RXR-beta isoform X3 [Phyllostomus hastatus]	9423
XP_036188104.1	XP_028366764	58.333	72	505	487	14	8.33e-22	103	retinoic acid receptor RXR-beta isoform X3 [Phyllostomus discolor]	89673
XP_036188104.1	XP_080959824	58.333	72	505	416	49	8.38e-22	102	retinoic acid receptor RXR-alpha isoform 2 [Myotis nattereri]	109481
XP_036188104.1	XP_080959824	28.889	180	505	416	49	9.74e-13	75.5	retinoic acid receptor RXR-alpha isoform 2 [Myotis nattereri]	109481
XP_036188104.1	XP_019516492	54.321	81	505	388	16	8.57e-22	102	PREDICTED: retinoic acid receptor RXR-beta isoform X7 [Hipposideros armiger]	186990
XP_036188104.1	XP_023605719	53.571	84	505	524	16	8.67e-22	103	nuclear receptor subfamily 2 group C member 1 isoform X2 [Myotis lucifugus]	59463
XP_036188104.1	XP_036990318	58.333	72	505	486	14	8.74e-22	103	retinoic acid receptor RXR-beta isoform X4 [Artibeus jamaicensis]	9417
XP_036188104.1	XP_045690426	58.333	72	505	483	14	8.81e-22	103	retinoic acid receptor RXR-beta isoform X4 [Phyllostomus hastatus]	9423
XP_036188104.1	XP_028366766	58.333	72	505	483	14	8.81e-22	103	retinoic acid receptor RXR-beta isoform X4 [Phyllostomus discolor]	89673
XP_036188104.1	XP_023605718	53.571	84	505	528	16	8.84e-22	103	nuclear receptor subfamily 2 group C member 1 isoform X1 [Myotis lucifugus]	59463
XP_036188104.1	XP_023605717	53.571	84	505	528	16	8.84e-22	103	nuclear receptor subfamily 2 group C member 1 isoform X1 [Myotis lucifugus]	59463
XP_036188104.1	XP_014307222	53.571	84	505	528	16	8.84e-22	103	nuclear receptor subfamily 2 group C member 1 isoform X1 [Myotis lucifugus]	59463
XP_036188104.1	XP_036908612	58.333	72	505	486	14	9.16e-22	103	retinoic acid receptor RXR-beta isoform X2 [Sturnira hondurensis]	192404
XP_036188104.1	XP_023605722	53.571	84	505	503	16	9.20e-22	103	nuclear receptor subfamily 2 group C member 1 isoform X5 [Myotis lucifugus]	59463
XP_036188104.1	XP_036908613	58.333	72	505	482	14	9.42e-22	103	retinoic acid receptor RXR-beta isoform X3 [Sturnira hondurensis]	192404
XP_036188104.1	XP_019516486	58.333	72	505	536	50	9.44e-22	103	PREDICTED: retinoic acid receptor RXR-beta isoform X1 [Hipposideros armiger]	186990
XP_036188104.1	XP_019516486	27.979	193	505	536	50	1.14e-12	75.9	PREDICTED: retinoic acid receptor RXR-beta isoform X1 [Hipposideros armiger]	186990
XP_036188104.1	XP_036074293	51.765	85	505	391	16	9.57e-22	102	nuclear receptor subfamily 6 group A member 1 isoform X4 [Rousettus aegyptiacus]	9407
XP_036188104.1	XP_019502739	54.651	86	505	212	17	9.67e-22	98.6	PREDICTED: retinoic acid receptor RXR-gamma-like isoform X4 [Hipposideros armiger]	186990
XP_036188104.1	XP_045690434	54.321	81	505	439	50	9.68e-22	103	retinoic acid receptor RXR-beta isoform X5 [Phyllostomus hastatus]	9423
XP_036188104.1	XP_045690434	28.571	189	505	439	50	1.06e-12	75.5	retinoic acid receptor RXR-beta isoform X5 [Phyllostomus hastatus]	9423
XP_036188104.1	XP_028366767	54.321	81	505	439	50	9.68e-22	103	retinoic acid receptor RXR-beta isoform X5 [Phyllostomus discolor]	89673
XP_036188104.1	XP_028366767	28.571	189	505	439	50	1.06e-12	75.5	retinoic acid receptor RXR-beta isoform X5 [Phyllostomus discolor]	89673
XP_036188104.1	XP_036990315	58.333	72	505	538	49	9.71e-22	103	retinoic acid receptor RXR-beta isoform X1 [Artibeus jamaicensis]	9417
XP_036188104.1	XP_036990315	28.571	189	505	538	49	1.60e-12	75.5	retinoic acid receptor RXR-beta isoform X1 [Artibeus jamaicensis]	9417
XP_036188104.1	XP_066215772	58.333	72	505	536	50	9.79e-22	103	retinoic acid receptor RXR-beta isoform X3 [Saccopteryx leptura]	249018
XP_036188104.1	XP_066215772	27.979	193	505	536	50	1.23e-12	75.9	retinoic acid receptor RXR-beta isoform X3 [Saccopteryx leptura]	249018
XP_036188104.1	XP_008158299	58.333	72	505	536	50	9.79e-22	103	retinoic acid receptor RXR-beta isoform X4 [Eptesicus fuscus]	29078
XP_036188104.1	XP_008158299	27.979	193	505	536	50	1.42e-12	75.5	retinoic acid receptor RXR-beta isoform X4 [Eptesicus fuscus]	29078
XP_036188104.1	XP_079636235	58.333	72	505	536	50	9.79e-22	103	retinoic acid receptor RXR-beta isoform 1 [Cnephaeus nilssonii]	3371016
XP_036188104.1	XP_079636235	27.979	193	505	536	50	1.42e-12	75.5	retinoic acid receptor RXR-beta isoform 1 [Cnephaeus nilssonii]	3371016
XP_036188104.1	XP_039712196	58.333	72	505	531	50	9.83e-22	103	LOW QUALITY PROTEIN: retinoic acid receptor RXR-beta [Pteropus medius]	143291
XP_036188104.1	XP_039712196	29.189	185	505	531	50	2.36e-12	74.7	LOW QUALITY PROTEIN: retinoic acid receptor RXR-beta [Pteropus medius]	143291
XP_036188104.1	XP_053769726	54.321	81	505	441	50	9.85e-22	103	retinoic acid receptor RXR-beta isoform X3 [Desmodus rotundus]	9430
XP_036188104.1	XP_053769726	28.042	189	505	441	50	3.54e-12	73.9	retinoic acid receptor RXR-beta isoform X3 [Desmodus rotundus]	9430
XP_036188104.1	XP_008158300	58.333	72	505	532	50	9.88e-22	103	retinoic acid receptor RXR-beta isoform X1 [Eptesicus fuscus]	29078
XP_036188104.1	XP_008158300	29.189	185	505	532	50	2.85e-12	74.7	retinoic acid receptor RXR-beta isoform X1 [Eptesicus fuscus]	29078
XP_036188104.1	XP_079636236	58.333	72	505	532	50	9.88e-22	103	retinoic acid receptor RXR-beta isoform 2 [Cnephaeus nilssonii]	3371016
XP_036188104.1	XP_079636236	29.189	185	505	532	50	2.85e-12	74.7	retinoic acid receptor RXR-beta isoform 2 [Cnephaeus nilssonii]	3371016
XP_036188104.1	XP_019516489	58.333	72	505	507	14	9.95e-22	103	PREDICTED: retinoic acid receptor RXR-beta isoform X4 [Hipposideros armiger]	186990
XP_036188104.1	XP_016002505	54.321	81	505	440	50	9.95e-22	103	retinoic acid receptor RXR-beta isoform X5 [Rousettus aegyptiacus]	9407
XP_036188104.1	XP_016002505	28.571	189	505	440	50	1.15e-12	75.5	retinoic acid receptor RXR-beta isoform X5 [Rousettus aegyptiacus]	9407
XP_036188104.1	XP_011371738	54.321	81	505	440	50	9.95e-22	103	retinoic acid receptor RXR-beta isoform X4 [Pteropus vampyrus]	132908
XP_036188104.1	XP_011371738	28.571	189	505	440	50	1.15e-12	75.5	retinoic acid receptor RXR-beta isoform X4 [Pteropus vampyrus]	132908
XP_036188104.1	XP_036990316	58.333	72	505	534	49	9.97e-22	103	retinoic acid receptor RXR-beta isoform X2 [Artibeus jamaicensis]	9417
XP_036188104.1	XP_036990316	29.834	181	505	534	49	3.20e-12	74.3	retinoic acid receptor RXR-beta isoform X2 [Artibeus jamaicensis]	9417
XP_036188104.1	XP_080521766	58.333	72	505	540	50	9.97e-22	103	retinoic acid receptor RXR-beta isoform 1 [Plecotus auritus]	61862
XP_036188104.1	XP_080521766	27.979	193	505	540	50	1.43e-12	75.5	retinoic acid receptor RXR-beta isoform 1 [Plecotus auritus]	61862
XP_036188104.1	XP_080521767	58.333	72	505	536	50	1.01e-21	103	retinoic acid receptor RXR-beta isoform 2 [Plecotus auritus]	61862
XP_036188104.1	XP_080521767	29.189	185	505	536	50	2.87e-12	74.7	retinoic acid receptor RXR-beta isoform 2 [Plecotus auritus]	61862
XP_036188104.1	XP_023605721	53.571	84	505	503	16	1.01e-21	103	nuclear receptor subfamily 2 group C member 1 isoform X4 [Myotis lucifugus]	59463
XP_036188104.1	XP_066130223	58.333	72	505	533	50	1.01e-21	103	retinoic acid receptor RXR-beta isoform X4 [Saccopteryx bilineata]	59482
XP_036188104.1	XP_066130223	29.189	185	505	533	50	2.75e-12	74.7	retinoic acid receptor RXR-beta isoform X4 [Saccopteryx bilineata]	59482
XP_036188104.1	XP_066130134	58.333	72	505	537	50	1.01e-21	103	retinoic acid receptor RXR-beta isoform X3 [Saccopteryx bilineata]	59482
XP_036188104.1	XP_066130134	27.979	193	505	537	50	1.31e-12	75.5	retinoic acid receptor RXR-beta isoform X3 [Saccopteryx bilineata]	59482
XP_036188104.1	XP_019516488	58.333	72	505	511	14	1.02e-21	103	PREDICTED: retinoic acid receptor RXR-beta isoform X3 [Hipposideros armiger]	186990
XP_036188104.1	XP_045690401	58.333	72	505	535	49	1.02e-21	103	retinoic acid receptor RXR-beta isoform X1 [Phyllostomus hastatus]	9423
XP_036188104.1	XP_045690401	28.571	189	505	535	49	1.36e-12	75.5	retinoic acid receptor RXR-beta isoform X1 [Phyllostomus hastatus]	9423
XP_036188104.1	XP_028366760	58.333	72	505	535	49	1.02e-21	103	retinoic acid receptor RXR-beta isoform X1 [Phyllostomus discolor]	89673
XP_036188104.1	XP_028366760	28.571	189	505	535	49	1.36e-12	75.5	retinoic acid receptor RXR-beta isoform X1 [Phyllostomus discolor]	89673
XP_036188104.1	XP_019516487	58.333	72	505	532	50	1.02e-21	103	PREDICTED: retinoic acid receptor RXR-beta isoform X2 [Hipposideros armiger]	186990
XP_036188104.1	XP_019516487	29.189	185	505	532	50	2.49e-12	74.7	PREDICTED: retinoic acid receptor RXR-beta isoform X2 [Hipposideros armiger]	186990
XP_036188104.1	XP_066215773	58.333	72	505	532	50	1.02e-21	103	retinoic acid receptor RXR-beta isoform X4 [Saccopteryx leptura]	249018
XP_036188104.1	XP_066215773	29.189	185	505	532	50	2.77e-12	74.7	retinoic acid receptor RXR-beta isoform X4 [Saccopteryx leptura]	249018
XP_036188104.1	XP_079636238	54.321	81	505	440	50	1.03e-21	102	retinoic acid receptor RXR-beta isoform 4 [Cnephaeus nilssonii]	3371016
XP_036188104.1	XP_079636238	28.571	189	505	440	50	1.05e-12	75.5	retinoic acid receptor RXR-beta isoform 4 [Cnephaeus nilssonii]	3371016
XP_036188104.1	XP_024413534	58.333	72	505	537	50	1.05e-21	103	retinoic acid receptor RXR-beta isoform X1 [Desmodus rotundus]	9430
XP_036188104.1	XP_024413534	27.461	193	505	537	50	3.62e-12	74.3	retinoic acid receptor RXR-beta isoform X1 [Desmodus rotundus]	9430
XP_036188104.1	XP_070274894	58.333	72	505	532	50	1.05e-21	103	LOW QUALITY PROTEIN: retinoic acid receptor RXR-beta [Myotis yumanensis]	159337
XP_036188104.1	XP_070274894	29.189	185	505	532	50	2.51e-12	74.7	LOW QUALITY PROTEIN: retinoic acid receptor RXR-beta [Myotis yumanensis]	159337
XP_036188104.1	XP_006105533	58.333	72	505	532	50	1.05e-21	103	retinoic acid receptor RXR-beta isoform X2 [Myotis lucifugus]	59463
XP_036188104.1	XP_006105533	29.189	185	505	532	50	2.51e-12	74.7	retinoic acid receptor RXR-beta isoform X2 [Myotis lucifugus]	59463
XP_036188104.1	XP_011371739	54.321	81	505	436	50	1.05e-21	102	retinoic acid receptor RXR-beta isoform X5 [Pteropus vampyrus]	132908
XP_036188104.1	XP_011371739	29.834	181	505	436	50	1.94e-12	74.7	retinoic acid receptor RXR-beta isoform X5 [Pteropus vampyrus]	132908
XP_036188104.1	XP_036212213	58.333	72	505	530	50	1.06e-21	103	retinoic acid receptor RXR-beta isoform X2 [Myotis myotis]	51298
XP_036188104.1	XP_036212213	29.189	185	505	530	50	2.55e-12	74.7	retinoic acid receptor RXR-beta isoform X2 [Myotis myotis]	51298
XP_036188104.1	XP_080950193	58.333	72	505	530	50	1.06e-21	103	retinoic acid receptor RXR-beta isoform 2 [Myotis nattereri]	109481
XP_036188104.1	XP_080950193	29.189	185	505	530	50	2.55e-12	74.7	retinoic acid receptor RXR-beta isoform 2 [Myotis nattereri]	109481
XP_036188104.1	XP_059557997	58.333	72	505	531	50	1.07e-21	103	retinoic acid receptor RXR-beta isoform X4 [Myotis daubentonii]	98922
XP_036188104.1	XP_059557997	29.189	185	505	531	50	2.55e-12	74.7	retinoic acid receptor RXR-beta isoform X4 [Myotis daubentonii]	98922
XP_036188104.1	XP_019594250	54.321	81	505	440	50	1.07e-21	102	retinoic acid receptor RXR-beta isoform X2 [Rhinolophus sinicus]	89399
XP_036188104.1	XP_019594250	28.571	189	505	440	50	1.17e-12	75.5	retinoic acid receptor RXR-beta isoform X2 [Rhinolophus sinicus]	89399
XP_036188104.1	XP_032955403	58.333	72	505	532	49	1.07e-21	103	retinoic acid receptor RXR-beta isoform X2 [Rhinolophus ferrumequinum]	59479
XP_036188104.1	XP_032955403	29.834	181	505	532	49	2.39e-12	74.7	retinoic acid receptor RXR-beta isoform X2 [Rhinolophus ferrumequinum]	59479
XP_036188104.1	XP_036270565	58.333	72	505	532	50	1.07e-21	103	retinoic acid receptor RXR-beta isoform X2 [Pipistrellus kuhlii]	59472
XP_036188104.1	XP_036270565	29.189	185	505	532	50	2.85e-12	74.7	retinoic acid receptor RXR-beta isoform X2 [Pipistrellus kuhlii]	59472
XP_036188104.1	XP_080900614	58.333	72	505	532	49	1.07e-21	103	retinoic acid receptor RXR-beta isoform 2 [Rhinolophus hipposideros]	77218
XP_036188104.1	XP_080900614	29.834	181	505	532	49	2.39e-12	74.7	retinoic acid receptor RXR-beta isoform 2 [Rhinolophus hipposideros]	77218
XP_036188104.1	XP_080894872	58.333	72	505	532	49	1.07e-21	103	retinoic acid receptor RXR-beta isoform 2 [Rhinolophus hipposideros]	77218
XP_036188104.1	XP_080894872	29.834	181	505	532	49	2.39e-12	74.7	retinoic acid receptor RXR-beta isoform 2 [Rhinolophus hipposideros]	77218
XP_036188104.1	XP_019594248	58.333	72	505	532	49	1.07e-21	103	retinoic acid receptor RXR-beta isoform X1 [Rhinolophus sinicus]	89399
XP_036188104.1	XP_019594248	29.834	181	505	532	49	2.39e-12	74.7	retinoic acid receptor RXR-beta isoform X1 [Rhinolophus sinicus]	89399
XP_036188104.1	XP_036908614	54.321	81	505	438	50	1.07e-21	102	retinoic acid receptor RXR-beta isoform X4 [Sturnira hondurensis]	192404
XP_036188104.1	XP_036908614	28.571	189	505	438	50	9.33e-13	75.9	retinoic acid receptor RXR-beta isoform X4 [Sturnira hondurensis]	192404
XP_036188104.1	XP_032955400	58.333	72	505	536	49	1.07e-21	103	retinoic acid receptor RXR-beta isoform X1 [Rhinolophus ferrumequinum]	59479
XP_036188104.1	XP_032955400	28.571	189	505	536	49	1.27e-12	75.9	retinoic acid receptor RXR-beta isoform X1 [Rhinolophus ferrumequinum]	59479
XP_036188104.1	XP_080900613	58.333	72	505	536	49	1.07e-21	103	retinoic acid receptor RXR-beta isoform 1 [Rhinolophus hipposideros]	77218
XP_036188104.1	XP_080900613	28.571	189	505	536	49	1.27e-12	75.9	retinoic acid receptor RXR-beta isoform 1 [Rhinolophus hipposideros]	77218
XP_036188104.1	XP_080894871	58.333	72	505	536	49	1.07e-21	103	retinoic acid receptor RXR-beta isoform 1 [Rhinolophus hipposideros]	77218
XP_036188104.1	XP_080894871	28.571	189	505	536	49	1.27e-12	75.9	retinoic acid receptor RXR-beta isoform 1 [Rhinolophus hipposideros]	77218
XP_036188104.1	XP_019594247	58.333	72	505	536	49	1.07e-21	103	retinoic acid receptor RXR-beta isoform X4 [Rhinolophus sinicus]	89399
XP_036188104.1	XP_019594247	28.571	189	505	536	49	1.27e-12	75.9	retinoic acid receptor RXR-beta isoform X4 [Rhinolophus sinicus]	89399
XP_036188104.1	XP_023605720	53.571	84	505	523	16	1.07e-21	103	nuclear receptor subfamily 2 group C member 1 isoform X3 [Myotis lucifugus]	59463
XP_036188104.1	XP_045690412	58.333	72	505	531	49	1.08e-21	103	retinoic acid receptor RXR-beta isoform X2 [Phyllostomus hastatus]	9423
XP_036188104.1	XP_045690412	29.834	181	505	531	49	2.65e-12	74.7	retinoic acid receptor RXR-beta isoform X2 [Phyllostomus hastatus]	9423
XP_036188104.1	XP_028366761	58.333	72	505	531	49	1.08e-21	103	retinoic acid receptor RXR-beta isoform X2 [Phyllostomus discolor]	89673
XP_036188104.1	XP_028366761	29.834	181	505	531	49	2.65e-12	74.7	retinoic acid receptor RXR-beta isoform X2 [Phyllostomus discolor]	89673
XP_036188104.1	XP_036104736	58.333	72	505	533	50	1.08e-21	103	retinoic acid receptor RXR-beta isoform X1 [Molossus molossus]	27622
XP_036188104.1	XP_036104736	29.189	185	505	533	50	2.35e-12	74.7	retinoic acid receptor RXR-beta isoform X1 [Molossus molossus]	27622
XP_036188104.1	XP_036104737	58.333	72	505	537	50	1.08e-21	103	retinoic acid receptor RXR-beta isoform X2 [Molossus molossus]	27622
XP_036188104.1	XP_036104737	27.979	193	505	537	50	1.18e-12	75.9	retinoic acid receptor RXR-beta isoform X2 [Molossus molossus]	27622
XP_036188104.1	XP_080995950	54.321	81	505	442	50	1.08e-21	102	retinoic acid receptor RXR-beta isoform 3 [Miniopterus schreibersii]	9433
XP_036188104.1	XP_080995950	28.571	189	505	442	50	1.32e-12	75.1	retinoic acid receptor RXR-beta isoform 3 [Miniopterus schreibersii]	9433
XP_036188104.1	XP_036212212	58.333	72	505	534	49	1.09e-21	103	retinoic acid receptor RXR-beta isoform X1 [Myotis myotis]	51298
XP_036188104.1	XP_036212212	28.571	189	505	534	49	1.46e-12	75.5	retinoic acid receptor RXR-beta isoform X1 [Myotis myotis]	51298
XP_036188104.1	XP_080950192	58.333	72	505	534	49	1.09e-21	103	retinoic acid receptor RXR-beta isoform 1 [Myotis nattereri]	109481
XP_036188104.1	XP_080950192	28.571	189	505	534	49	1.46e-12	75.5	retinoic acid receptor RXR-beta isoform 1 [Myotis nattereri]	109481
XP_036188104.1	XP_006105532	58.333	72	505	536	50	1.09e-21	103	retinoic acid receptor RXR-beta isoform X1 [Myotis lucifugus]	59463
XP_036188104.1	XP_006105532	27.979	193	505	536	50	1.51e-12	75.5	retinoic acid receptor RXR-beta isoform X1 [Myotis lucifugus]	59463
XP_036188104.1	XP_059557996	58.333	72	505	535	49	1.10e-21	103	retinoic acid receptor RXR-beta isoform X3 [Myotis daubentonii]	98922
XP_036188104.1	XP_059557996	28.571	189	505	535	49	1.46e-12	75.5	retinoic acid receptor RXR-beta isoform X3 [Myotis daubentonii]	98922
XP_036188104.1	XP_023602266	54.321	81	505	440	50	1.10e-21	102	retinoic acid receptor RXR-beta isoform X3 [Myotis lucifugus]	59463
XP_036188104.1	XP_023602266	28.571	189	505	440	50	1.04e-12	75.5	retinoic acid receptor RXR-beta isoform X3 [Myotis lucifugus]	59463
XP_036188104.1	XP_036270564	58.333	72	505	536	50	1.11e-21	103	retinoic acid receptor RXR-beta isoform X1 [Pipistrellus kuhlii]	59472
XP_036188104.1	XP_036270564	27.979	193	505	536	50	1.32e-12	75.5	retinoic acid receptor RXR-beta isoform X1 [Pipistrellus kuhlii]	59472
XP_036188104.1	XP_036212214	54.321	81	505	438	50	1.11e-21	102	retinoic acid receptor RXR-beta isoform X3 [Myotis myotis]	51298
XP_036188104.1	XP_036212214	28.571	189	505	438	50	1.17e-12	75.5	retinoic acid receptor RXR-beta isoform X3 [Myotis myotis]	51298
XP_036188104.1	XP_036270566	54.321	81	505	440	50	1.12e-21	102	retinoic acid receptor RXR-beta isoform X5 [Pipistrellus kuhlii]	59472
XP_036188104.1	XP_036270566	28.571	189	505	440	50	1.09e-12	75.5	retinoic acid receptor RXR-beta isoform X5 [Pipistrellus kuhlii]	59472
XP_036188104.1	XP_036990319	54.321	81	505	442	50	1.13e-21	102	retinoic acid receptor RXR-beta isoform X5 [Artibeus jamaicensis]	9417
XP_036188104.1	XP_036990319	28.571	189	505	442	50	1.13e-12	75.5	retinoic acid receptor RXR-beta isoform X5 [Artibeus jamaicensis]	9417
XP_036188104.1	XP_036908615	58.333	72	505	534	49	1.13e-21	103	retinoic acid receptor RXR-beta isoform X5 [Sturnira hondurensis]	192404
XP_036188104.1	XP_036908615	28.571	189	505	534	49	1.53e-12	75.5	retinoic acid receptor RXR-beta isoform X5 [Sturnira hondurensis]	192404
XP_036188104.1	XP_053769725	58.333	72	505	533	50	1.14e-21	103	retinoic acid receptor RXR-beta isoform X2 [Desmodus rotundus]	9430
XP_036188104.1	XP_053769725	28.649	185	505	533	50	6.77e-12	73.6	retinoic acid receptor RXR-beta isoform X2 [Desmodus rotundus]	9430
XP_036188104.1	XP_016002502	58.333	72	505	536	49	1.15e-21	103	retinoic acid receptor RXR-beta isoform X3 [Rousettus aegyptiacus]	9407
XP_036188104.1	XP_016002502	28.571	189	505	536	49	1.21e-12	75.9	retinoic acid receptor RXR-beta isoform X3 [Rousettus aegyptiacus]	9407
XP_036188104.1	XP_019516490	54.321	81	505	440	50	1.15e-21	102	PREDICTED: retinoic acid receptor RXR-beta isoform X5 [Hipposideros armiger]	186990
XP_036188104.1	XP_019516490	28.571	189	505	440	50	1.06e-12	75.5	PREDICTED: retinoic acid receptor RXR-beta isoform X5 [Hipposideros armiger]	186990
XP_036188104.1	XP_006907451	58.333	72	505	531	49	1.16e-21	103	retinoic acid receptor RXR-beta isoform X2 [Pteropus alecto]	9402
XP_036188104.1	XP_006907451	29.834	181	505	531	49	2.38e-12	74.7	retinoic acid receptor RXR-beta isoform X2 [Pteropus alecto]	9402
XP_036188104.1	XP_011371737	58.333	72	505	531	49	1.16e-21	103	retinoic acid receptor RXR-beta isoform X2 [Pteropus vampyrus]	132908
XP_036188104.1	XP_011371737	29.834	181	505	531	49	2.38e-12	74.7	retinoic acid receptor RXR-beta isoform X2 [Pteropus vampyrus]	132908
XP_036188104.1	XP_036908611	58.333	72	505	530	49	1.17e-21	103	retinoic acid receptor RXR-beta isoform X1 [Sturnira hondurensis]	192404
XP_036188104.1	XP_036908611	29.834	181	505	530	49	2.81e-12	74.7	retinoic acid receptor RXR-beta isoform X1 [Sturnira hondurensis]	192404
XP_036188104.1	XP_016002503	58.333	72	505	532	49	1.21e-21	103	retinoic acid receptor RXR-beta isoform X4 [Rousettus aegyptiacus]	9407
XP_036188104.1	XP_016002503	29.834	181	505	532	49	2.65e-12	74.7	retinoic acid receptor RXR-beta isoform X4 [Rousettus aegyptiacus]	9407
XP_036188104.1	XP_006907450	58.333	72	505	535	49	1.24e-21	103	retinoic acid receptor RXR-beta isoform X1 [Pteropus alecto]	9402
XP_036188104.1	XP_006907450	28.571	189	505	535	49	1.26e-12	75.9	retinoic acid receptor RXR-beta isoform X1 [Pteropus alecto]	9402
XP_036188104.1	XP_011371736	58.333	72	505	535	49	1.24e-21	103	retinoic acid receptor RXR-beta isoform X1 [Pteropus vampyrus]	132908
XP_036188104.1	XP_011371736	28.571	189	505	535	49	1.26e-12	75.9	retinoic acid receptor RXR-beta isoform X1 [Pteropus vampyrus]	132908
XP_036188104.1	XP_080507041	35.242	227	505	382	44	1.26e-21	102	estrogen-related receptor gamma isoform 5 [Plecotus auritus]	61862
XP_036188104.1	XP_036090626	25.743	404	505	431	72	1.28e-21	102	nuclear receptor subfamily 1 group I member 3 isoform X4 [Rousettus aegyptiacus]	9407
XP_036188104.1	XP_080519730	27.688	372	505	596	69	1.39e-21	103	estrogen receptor isoform 1 [Plecotus auritus]	61862
XP_036188104.1	XP_080995948	58.333	72	505	538	49	1.42e-21	103	retinoic acid receptor RXR-beta isoform 1 [Miniopterus schreibersii]	9433
XP_036188104.1	XP_080995948	28.571	189	505	538	49	1.39e-12	75.5	retinoic acid receptor RXR-beta isoform 1 [Miniopterus schreibersii]	9433
XP_036188104.1	XP_080995949	58.333	72	505	534	49	1.48e-21	103	retinoic acid receptor RXR-beta isoform 2 [Miniopterus schreibersii]	9433
XP_036188104.1	XP_080995949	29.834	181	505	534	49	2.57e-12	74.7	retinoic acid receptor RXR-beta isoform 2 [Miniopterus schreibersii]	9433
XP_036188104.1	XP_035878103	51.765	85	505	442	16	1.51e-21	102	nuclear receptor subfamily 6 group A member 1 isoform X5 [Phyllostomus discolor]	89673
XP_036188104.1	XP_054425173	58.333	72	505	532	49	1.66e-21	103	retinoic acid receptor RXR-beta isoform X2 [Pteronotus mesoamericanus]	1884717
XP_036188104.1	XP_054425173	29.834	181	505	532	49	2.56e-12	74.7	retinoic acid receptor RXR-beta isoform X2 [Pteronotus mesoamericanus]	1884717
XP_036188104.1	XP_054425172	58.333	72	505	536	49	1.74e-21	103	retinoic acid receptor RXR-beta isoform X1 [Pteronotus mesoamericanus]	1884717
XP_036188104.1	XP_054425172	28.571	189	505	536	49	1.59e-12	75.5	retinoic acid receptor RXR-beta isoform X1 [Pteronotus mesoamericanus]	1884717
XP_036188104.1	XP_036892312	51.765	85	505	442	16	1.77e-21	102	nuclear receptor subfamily 6 group A member 1 isoform X5 [Sturnira hondurensis]	192404
XP_036188104.1	XP_005881580	51.765	85	505	438	16	1.77e-21	102	PREDICTED: nuclear receptor subfamily 6 group A member 1 [Myotis brandtii]	109478
XP_036188104.1	XP_045427997	51.765	85	505	438	16	1.77e-21	102	nuclear receptor subfamily 6 group A member 1 isoform X3 [Pipistrellus kuhlii]	59472
XP_036188104.1	XP_006768649	51.765	85	505	468	16	1.79e-21	102	PREDICTED: nuclear receptor subfamily 6 group A member 1 isoform X2 [Myotis davidii]	225400
XP_036188104.1	XP_045702222	51.765	85	505	438	16	1.79e-21	102	nuclear receptor subfamily 6 group A member 1 isoform X3 [Phyllostomus hastatus]	9423
XP_036188104.1	XP_059513972	51.765	85	505	438	16	1.81e-21	102	nuclear receptor subfamily 6 group A member 1 isoform X3 [Myotis daubentonii]	98922
XP_036188104.1	XP_053523720	51.765	85	505	437	16	1.81e-21	102	nuclear receptor subfamily 6 group A member 1 isoform X3 [Artibeus jamaicensis]	9417
XP_036188104.1	XP_036286540	29.178	353	505	454	69	1.83e-21	102	steroid hormone receptor ERR2 isoform X1 [Pipistrellus kuhlii]	59472
XP_036188104.1	XP_006768648	51.765	85	505	469	16	1.83e-21	102	PREDICTED: nuclear receptor subfamily 6 group A member 1 isoform X1 [Myotis davidii]	225400
XP_036188104.1	XP_023388849	51.765	85	505	438	16	1.86e-21	102	nuclear receptor subfamily 6 group A member 1 isoform X3 [Pteropus vampyrus]	132908
XP_036188104.1	XP_045052928	51.765	85	505	438	16	1.93e-21	102	nuclear receptor subfamily 6 group A member 1 isoform X4 [Desmodus rotundus]	9430
XP_036188104.1	XP_081006874	51.765	85	505	438	16	1.93e-21	102	nuclear receptor subfamily 6 group A member 1 isoform 3 [Miniopterus schreibersii]	9433
XP_036188104.1	XP_036074292	51.765	85	505	438	16	2.00e-21	102	nuclear receptor subfamily 6 group A member 1 isoform X3 [Rousettus aegyptiacus]	9407
XP_036188104.1	XP_053770161	33.937	221	505	595	43	2.03e-21	103	estrogen receptor [Desmodus rotundus]	9430
XP_036188104.1	XP_053770160	33.937	221	505	595	43	2.03e-21	103	estrogen receptor [Desmodus rotundus]	9430
XP_036188104.1	XP_045044979	33.937	221	505	595	43	2.03e-21	103	estrogen receptor [Desmodus rotundus]	9430
XP_036188104.1	XP_053770159	33.937	221	505	595	43	2.03e-21	103	estrogen receptor [Desmodus rotundus]	9430
XP_036188104.1	XP_019514373	51.765	85	505	438	16	2.04e-21	102	PREDICTED: nuclear receptor subfamily 6 group A member 1 isoform X3 [Hipposideros armiger]	186990
XP_036188104.1	XP_008153501	51.765	85	505	433	16	2.04e-21	102	nuclear receptor subfamily 6 group A member 1, partial [Eptesicus fuscus]	29078
XP_036188104.1	XP_023615904	51.765	85	505	433	16	2.04e-21	102	nuclear receptor subfamily 6 group A member 1, partial [Myotis lucifugus]	59463
XP_036188104.1	XP_032979558	51.765	85	505	438	16	2.08e-21	102	nuclear receptor subfamily 6 group A member 1 isoform X3 [Rhinolophus ferrumequinum]	59479
XP_036188104.1	XP_066223282	51.765	85	505	438	16	2.16e-21	102	nuclear receptor subfamily 6 group A member 1 isoform X3 [Saccopteryx leptura]	249018
XP_036188104.1	XP_066112338	51.765	85	505	438	16	2.16e-21	102	nuclear receptor subfamily 6 group A member 1 isoform X3 [Saccopteryx bilineata]	59482
XP_036188104.1	XP_045434376	29.395	347	505	438	68	2.16e-21	102	steroid hormone receptor ERR2 isoform X2 [Pipistrellus kuhlii]	59472
XP_036188104.1	XP_024906868	51.765	85	505	424	16	2.16e-21	102	nuclear receptor subfamily 6 group A member 1 isoform X3 [Pteropus alecto]	9402
XP_036188104.1	XP_054440702	51.765	85	505	780	16	2.26e-21	103	nuclear receptor subfamily 6 group A member 1 [Pteronotus mesoamericanus]	1884717
XP_036188104.1	XP_035878100	51.765	85	505	484	16	2.29e-21	102	nuclear receptor subfamily 6 group A member 1 isoform X1 [Phyllostomus discolor]	89673
XP_036188104.1	XP_037018679	51.765	85	505	494	16	2.35e-21	102	nuclear receptor subfamily 6 group A member 1 isoform X1 [Artibeus jamaicensis]	9417
XP_036188104.1	XP_080922985	51.765	85	505	438	16	2.37e-21	102	nuclear receptor subfamily 6 group A member 1 isoform 3 [Rhinolophus hipposideros]	77218
XP_036188104.1	XP_080922986	51.765	85	505	437	16	2.37e-21	102	nuclear receptor subfamily 6 group A member 1 isoform 4 [Rhinolophus hipposideros]	77218
XP_036188104.1	XP_035878101	51.765	85	505	483	16	2.38e-21	102	nuclear receptor subfamily 6 group A member 1 isoform X2 [Phyllostomus discolor]	89673
XP_036188104.1	XP_079635952	34.842	221	505	599	43	2.46e-21	102	estrogen receptor isoform 1 [Cnephaeus nilssonii]	3371016
XP_036188104.1	XP_079635951	34.842	221	505	599	43	2.46e-21	102	estrogen receptor isoform 1 [Cnephaeus nilssonii]	3371016
XP_036188104.1	XP_036116870	51.765	85	505	480	16	2.49e-21	102	nuclear receptor subfamily 6 group A member 1 isoform X1 [Molossus molossus]	27622
XP_036188104.1	XP_066101822	66.176	68	505	500	50	2.53e-21	102	retinoic acid receptor beta isoform X1 [Saccopteryx bilineata]	59482
XP_036188104.1	XP_066101822	29.101	189	505	500	50	1.53e-18	94.0	retinoic acid receptor beta isoform X1 [Saccopteryx bilineata]	59482
XP_036188104.1	XP_019591008	30.645	310	505	473	57	2.61e-21	102	estrogen receptor isoform X2 [Rhinolophus sinicus]	89399
XP_036188104.1	XP_066112336	51.765	85	505	480	16	2.63e-21	102	nuclear receptor subfamily 6 group A member 1 isoform X1 [Saccopteryx bilineata]	59482
XP_036188104.1	XP_036267854	51.765	85	505	480	16	2.63e-21	102	nuclear receptor subfamily 6 group A member 1 isoform X1 [Pipistrellus kuhlii]	59472
XP_036188104.1	XP_080525791	51.765	85	505	480	16	2.63e-21	102	nuclear receptor subfamily 6 group A member 1 isoform 1 [Plecotus auritus]	61862
XP_036188104.1	XP_079647017	51.765	85	505	480	16	2.63e-21	102	nuclear receptor subfamily 6 group A member 1 isoform 4 [Cnephaeus nilssonii]	3371016
XP_036188104.1	XP_079619565	35.242	227	505	400	44	2.63e-21	101	estrogen-related receptor gamma isoform 4 [Cnephaeus nilssonii]	3371016
XP_036188104.1	XP_080516860	27.692	325	505	405	57	2.68e-21	101	vitamin D3 receptor isoform 3 [Plecotus auritus]	61862
XP_036188104.1	XP_053523719	51.765	85	505	490	16	2.68e-21	102	nuclear receptor subfamily 6 group A member 1 isoform X2 [Artibeus jamaicensis]	9417
XP_036188104.1	XP_066223280	51.765	85	505	480	16	2.71e-21	102	nuclear receptor subfamily 6 group A member 1 isoform X1 [Saccopteryx leptura]	249018
XP_036188104.1	XP_036185585	51.765	85	505	480	16	2.73e-21	102	nuclear receptor subfamily 6 group A member 1 isoform X1 [Myotis myotis]	51298
XP_036188104.1	XP_080959411	51.765	85	505	480	16	2.73e-21	102	nuclear receptor subfamily 6 group A member 1 isoform 1 [Myotis nattereri]	109481
XP_036188104.1	XP_080900831	30.000	310	505	596	57	2.74e-21	102	estrogen receptor [Rhinolophus hipposideros]	77218
XP_036188104.1	XP_019591003	30.000	310	505	596	57	2.74e-21	102	estrogen receptor isoform X1 [Rhinolophus sinicus]	89399
XP_036188104.1	XP_019591005	30.000	310	505	596	57	2.74e-21	102	estrogen receptor isoform X1 [Rhinolophus sinicus]	89399
XP_036188104.1	XP_019591004	30.000	310	505	596	57	2.74e-21	102	estrogen receptor isoform X1 [Rhinolophus sinicus]	89399
XP_036188104.1	XP_074189819	30.000	310	505	596	57	2.74e-21	102	estrogen receptor isoform X1 [Rhinolophus sinicus]	89399
XP_036188104.1	XP_066206945	66.176	68	505	500	50	2.74e-21	102	retinoic acid receptor beta isoform X1 [Saccopteryx leptura]	249018
XP_036188104.1	XP_066206945	29.101	189	505	500	50	1.49e-18	94.0	retinoic acid receptor beta isoform X1 [Saccopteryx leptura]	249018
XP_036188104.1	XP_059513970	51.765	85	505	480	16	2.76e-21	102	nuclear receptor subfamily 6 group A member 1 isoform X1 [Myotis daubentonii]	98922
XP_036188104.1	XP_081006872	51.765	85	505	480	16	2.76e-21	102	nuclear receptor subfamily 6 group A member 1 isoform 1 [Miniopterus schreibersii]	9433
XP_036188104.1	XP_066223281	51.765	85	505	479	16	2.79e-21	102	nuclear receptor subfamily 6 group A member 1 isoform X2 [Saccopteryx leptura]	249018
XP_036188104.1	XP_016064154	28.455	369	505	443	72	2.81e-21	101	PREDICTED: steroid hormone receptor ERR2 isoform X3 [Miniopterus natalensis]	291302
XP_036188104.1	XP_036892309	51.765	85	505	483	16	2.81e-21	102	nuclear receptor subfamily 6 group A member 1 isoform X2 [Sturnira hondurensis]	192404
XP_036188104.1	XP_036267855	51.765	85	505	479	16	2.82e-21	102	nuclear receptor subfamily 6 group A member 1 isoform X2 [Pipistrellus kuhlii]	59472
XP_036188104.1	XP_080525792	51.765	85	505	479	16	2.82e-21	102	nuclear receptor subfamily 6 group A member 1 isoform 2 [Plecotus auritus]	61862
XP_036188104.1	XP_079647018	51.765	85	505	479	16	2.82e-21	102	nuclear receptor subfamily 6 group A member 1 isoform 5 [Cnephaeus nilssonii]	3371016
XP_036188104.1	XP_036892308	51.765	85	505	484	16	2.83e-21	102	nuclear receptor subfamily 6 group A member 1 isoform X1 [Sturnira hondurensis]	192404
XP_036188104.1	XP_053776739	51.765	85	505	478	16	2.85e-21	102	nuclear receptor subfamily 6 group A member 1 isoform X3 [Desmodus rotundus]	9430
XP_036188104.1	XP_008156807	34.842	221	505	604	43	2.85e-21	102	estrogen receptor [Eptesicus fuscus]	29078
XP_036188104.1	XP_036185586	51.765	85	505	479	16	2.87e-21	102	nuclear receptor subfamily 6 group A member 1 isoform X2 [Myotis myotis]	51298
XP_036188104.1	XP_080959413	51.765	85	505	479	16	2.87e-21	102	nuclear receptor subfamily 6 group A member 1 isoform 3 [Myotis nattereri]	109481
XP_036188104.1	XP_016002501	54.321	81	505	541	50	2.88e-21	102	retinoic acid receptor RXR-beta isoform X2 [Rousettus aegyptiacus]	9407
XP_036188104.1	XP_016002501	28.889	180	505	541	50	2.52e-12	74.7	retinoic acid receptor RXR-beta isoform X2 [Rousettus aegyptiacus]	9407
XP_036188104.1	XP_066112337	51.765	85	505	479	16	2.89e-21	102	nuclear receptor subfamily 6 group A member 1 isoform X2 [Saccopteryx bilineata]	59482
XP_036188104.1	XP_045702220	51.765	85	505	479	16	2.89e-21	102	nuclear receptor subfamily 6 group A member 1 isoform X2 [Phyllostomus hastatus]	9423
XP_036188104.1	XP_036892311	51.765	85	505	479	16	2.89e-21	102	nuclear receptor subfamily 6 group A member 1 isoform X4 [Sturnira hondurensis]	192404
XP_036188104.1	XP_032979556	51.765	85	505	480	16	2.91e-21	102	nuclear receptor subfamily 6 group A member 1 isoform X1 [Rhinolophus ferrumequinum]	59479
XP_036188104.1	XP_059513971	51.765	85	505	479	16	2.92e-21	102	nuclear receptor subfamily 6 group A member 1 isoform X2 [Myotis daubentonii]	98922
XP_036188104.1	XP_081006873	51.765	85	505	479	16	2.92e-21	102	nuclear receptor subfamily 6 group A member 1 isoform 2 [Miniopterus schreibersii]	9433
XP_036188104.1	XP_016002500	54.321	81	505	545	50	2.93e-21	102	retinoic acid receptor RXR-beta isoform X1 [Rousettus aegyptiacus]	9407
XP_036188104.1	XP_016002500	28.571	189	505	545	50	1.47e-12	75.5	retinoic acid receptor RXR-beta isoform X1 [Rousettus aegyptiacus]	9407
XP_036188104.1	XP_045702219	51.765	85	505	480	16	2.94e-21	102	nuclear receptor subfamily 6 group A member 1 isoform X1 [Phyllostomus hastatus]	9423
XP_036188104.1	XP_028376271	51.765	85	505	480	16	2.94e-21	102	nuclear receptor subfamily 6 group A member 1 isoform X3 [Phyllostomus discolor]	89673
XP_036188104.1	XP_036892310	51.765	85	505	480	16	2.94e-21	102	nuclear receptor subfamily 6 group A member 1 isoform X3 [Sturnira hondurensis]	192404
XP_036188104.1	XP_053776733	51.765	85	505	479	16	3.00e-21	102	nuclear receptor subfamily 6 group A member 1 isoform X2 [Desmodus rotundus]	9430
XP_036188104.1	XP_015992904	51.765	85	505	479	16	3.00e-21	102	nuclear receptor subfamily 6 group A member 1 isoform X2 [Rousettus aegyptiacus]	9407
XP_036188104.1	XP_035878102	51.765	85	505	479	16	3.00e-21	102	nuclear receptor subfamily 6 group A member 1 isoform X4 [Phyllostomus discolor]	89673
XP_036188104.1	XP_053776730	51.765	85	505	480	16	3.02e-21	102	nuclear receptor subfamily 6 group A member 1 isoform X1 [Desmodus rotundus]	9430
XP_036188104.1	XP_011362606	51.765	85	505	479	16	3.03e-21	102	nuclear receptor subfamily 6 group A member 1 isoform X2 [Pteropus vampyrus]	132908
XP_036188104.1	XP_011362604	51.765	85	505	480	16	3.05e-21	102	nuclear receptor subfamily 6 group A member 1 isoform X1 [Pteropus vampyrus]	132908
XP_036188104.1	XP_015992903	51.765	85	505	480	16	3.08e-21	102	nuclear receptor subfamily 6 group A member 1 isoform X1 [Rousettus aegyptiacus]	9407
XP_036188104.1	XP_019514372	51.765	85	505	479	16	3.09e-21	102	PREDICTED: nuclear receptor subfamily 6 group A member 1 isoform X2 [Hipposideros armiger]	186990
XP_036188104.1	XP_019514371	51.765	85	505	480	16	3.14e-21	102	PREDICTED: nuclear receptor subfamily 6 group A member 1 isoform X1 [Hipposideros armiger]	186990
XP_036188104.1	XP_036116871	51.765	85	505	476	16	3.20e-21	102	nuclear receptor subfamily 6 group A member 1 isoform X2 [Molossus molossus]	27622
XP_036188104.1	XP_032979557	51.765	85	505	479	16	3.20e-21	102	nuclear receptor subfamily 6 group A member 1 isoform X2 [Rhinolophus ferrumequinum]	59479
XP_036188104.1	XP_080519732	28.108	370	505	598	69	3.21e-21	102	estrogen receptor isoform 3 [Plecotus auritus]	61862
XP_036188104.1	XP_080959412	51.765	85	505	476	16	3.26e-21	102	nuclear receptor subfamily 6 group A member 1 isoform 2 [Myotis nattereri]	109481
XP_036188104.1	XP_080959414	51.765	85	505	475	16	3.26e-21	102	nuclear receptor subfamily 6 group A member 1 isoform 4 [Myotis nattereri]	109481
XP_036188104.1	XP_036116872	51.765	85	505	475	16	3.29e-21	101	nuclear receptor subfamily 6 group A member 1 isoform X3 [Molossus molossus]	27622
XP_036188104.1	XP_024906867	51.765	85	505	465	16	3.34e-21	101	nuclear receptor subfamily 6 group A member 1 isoform X2 [Pteropus alecto]	9402
XP_036188104.1	XP_080920616	27.419	310	505	422	61	3.38e-21	101	steroid hormone receptor ERR1 isoform 1 [Rhinolophus hipposideros]	77218
XP_036188104.1	XP_024906866	51.765	85	505	466	16	3.39e-21	101	nuclear receptor subfamily 6 group A member 1 isoform X1 [Pteropus alecto]	9402
XP_036188104.1	XP_080922983	51.765	85	505	480	16	3.41e-21	101	nuclear receptor subfamily 6 group A member 1 isoform 1 [Rhinolophus hipposideros]	77218
XP_036188104.1	XP_080922984	51.765	85	505	479	16	3.51e-21	101	nuclear receptor subfamily 6 group A member 1 isoform 2 [Rhinolophus hipposideros]	77218
XP_036188104.1	XP_074187100	51.765	85	505	480	16	3.73e-21	101	nuclear receptor subfamily 6 group A member 1 isoform X3 [Rhinolophus sinicus]	89399
XP_036188104.1	XP_036906957	34.842	221	505	595	43	3.92e-21	102	estrogen receptor [Sturnira hondurensis]	192404
XP_036188104.1	XP_036906877	34.842	221	505	595	43	3.92e-21	102	estrogen receptor [Sturnira hondurensis]	192404
XP_036188104.1	XP_036906809	34.842	221	505	595	43	3.92e-21	102	estrogen receptor [Sturnira hondurensis]	192404
XP_036188104.1	XP_036906730	34.842	221	505	595	43	3.92e-21	102	estrogen receptor [Sturnira hondurensis]	192404
XP_036188104.1	XP_074187101	51.765	85	505	479	16	4.03e-21	101	nuclear receptor subfamily 6 group A member 1 isoform X4 [Rhinolophus sinicus]	89399
XP_036188104.1	XP_019584097	51.765	85	505	458	16	4.18e-21	101	nuclear receptor subfamily 6 group A member 1 isoform X5 [Rhinolophus sinicus]	89399
XP_036188104.1	XP_079647016	51.765	85	505	491	16	4.27e-21	101	nuclear receptor subfamily 6 group A member 1 isoform 3 [Cnephaeus nilssonii]	3371016
XP_036188104.1	XP_070289664	51.190	84	505	583	16	4.45e-21	102	nuclear receptor subfamily 2 group C member 2 isoform X3 [Myotis yumanensis]	159337
XP_036188104.1	XP_019501530	51.190	84	505	678	16	4.83e-21	102	PREDICTED: nuclear receptor subfamily 2 group C member 2 isoform X1 [Hipposideros armiger]	186990
XP_036188104.1	XP_036901469	24.021	383	505	497	63	4.84e-21	101	nuclear receptor subfamily 1 group I member 2 isoform X1 [Sturnira hondurensis]	192404
XP_036188104.1	XP_045687875	51.190	84	505	629	16	4.93e-21	102	nuclear receptor subfamily 2 group C member 2 isoform X1 [Phyllostomus hastatus]	9423
XP_036188104.1	XP_045687874	51.190	84	505	629	16	4.93e-21	102	nuclear receptor subfamily 2 group C member 2 isoform X1 [Phyllostomus hastatus]	9423
XP_036188104.1	XP_035886652	51.190	84	505	629	16	4.93e-21	102	nuclear receptor subfamily 2 group C member 2 isoform X1 [Phyllostomus discolor]	89673
XP_036188104.1	XP_028374306	51.190	84	505	629	16	4.93e-21	102	nuclear receptor subfamily 2 group C member 2 isoform X1 [Phyllostomus discolor]	89673
XP_036188104.1	XP_035886651	51.190	84	505	629	16	4.93e-21	102	nuclear receptor subfamily 2 group C member 2 isoform X1 [Phyllostomus discolor]	89673
XP_036188104.1	XP_053785883	51.190	84	505	629	16	5.02e-21	102	nuclear receptor subfamily 2 group C member 2 isoform X2 [Desmodus rotundus]	9430
XP_036188104.1	XP_054451173	51.190	84	505	629	16	5.02e-21	102	nuclear receptor subfamily 2 group C member 2 isoform X1 [Pteronotus mesoamericanus]	1884717
XP_036188104.1	XP_036995253	51.190	84	505	629	16	5.02e-21	102	nuclear receptor subfamily 2 group C member 2 isoform X1 [Artibeus jamaicensis]	9417
XP_036188104.1	XP_036995254	51.190	84	505	629	16	5.02e-21	102	nuclear receptor subfamily 2 group C member 2 isoform X1 [Artibeus jamaicensis]	9417
XP_036188104.1	XP_039693302	51.190	84	505	629	16	5.26e-21	102	nuclear receptor subfamily 2 group C member 2 isoform X1 [Pteropus medius]	143291
XP_036188104.1	XP_027983615	51.190	84	505	629	16	5.30e-21	102	nuclear receptor subfamily 2 group C member 2 [Eptesicus fuscus]	29078
XP_036188104.1	XP_079651302	51.190	84	505	629	16	5.30e-21	102	nuclear receptor subfamily 2 group C member 2 isoform 1 [Cnephaeus nilssonii]	3371016
XP_036188104.1	XP_079651301	51.190	84	505	629	16	5.30e-21	102	nuclear receptor subfamily 2 group C member 2 isoform 1 [Cnephaeus nilssonii]	3371016
XP_036188104.1	XP_079651300	51.190	84	505	629	16	5.30e-21	102	nuclear receptor subfamily 2 group C member 2 isoform 1 [Cnephaeus nilssonii]	3371016
XP_036188104.1	XP_079651299	51.190	84	505	629	16	5.30e-21	102	nuclear receptor subfamily 2 group C member 2 isoform 1 [Cnephaeus nilssonii]	3371016
XP_036188104.1	XP_079651298	51.190	84	505	629	16	5.30e-21	102	nuclear receptor subfamily 2 group C member 2 isoform 1 [Cnephaeus nilssonii]	3371016
XP_036188104.1	XP_079651297	51.190	84	505	629	16	5.30e-21	102	nuclear receptor subfamily 2 group C member 2 isoform 1 [Cnephaeus nilssonii]	3371016
XP_036188104.1	XP_079651296	51.190	84	505	629	16	5.30e-21	102	nuclear receptor subfamily 2 group C member 2 isoform 1 [Cnephaeus nilssonii]	3371016
XP_036188104.1	XP_019501534	51.190	84	505	645	16	5.34e-21	102	PREDICTED: nuclear receptor subfamily 2 group C member 2 isoform X5 [Hipposideros armiger]	186990
XP_036188104.1	XP_070289661	51.190	84	505	629	16	5.40e-21	102	nuclear receptor subfamily 2 group C member 2 isoform X1 [Myotis yumanensis]	159337
XP_036188104.1	XP_070289660	51.190	84	505	629	16	5.40e-21	102	nuclear receptor subfamily 2 group C member 2 isoform X1 [Myotis yumanensis]	159337
XP_036188104.1	XP_070289659	51.190	84	505	629	16	5.40e-21	102	nuclear receptor subfamily 2 group C member 2 isoform X1 [Myotis yumanensis]	159337
XP_036188104.1	XP_059519677	51.190	84	505	629	16	5.40e-21	102	nuclear receptor subfamily 2 group C member 2 isoform X1 [Myotis daubentonii]	98922
XP_036188104.1	XP_059519676	51.190	84	505	629	16	5.40e-21	102	nuclear receptor subfamily 2 group C member 2 isoform X1 [Myotis daubentonii]	98922
XP_036188104.1	XP_059519675	51.190	84	505	629	16	5.40e-21	102	nuclear receptor subfamily 2 group C member 2 isoform X1 [Myotis daubentonii]	98922
XP_036188104.1	XP_059519674	51.190	84	505	629	16	5.40e-21	102	nuclear receptor subfamily 2 group C member 2 isoform X1 [Myotis daubentonii]	98922
XP_036188104.1	XP_059519673	51.190	84	505	629	16	5.40e-21	102	nuclear receptor subfamily 2 group C member 2 isoform X1 [Myotis daubentonii]	98922
XP_036188104.1	XP_059519672	51.190	84	505	629	16	5.40e-21	102	nuclear receptor subfamily 2 group C member 2 isoform X1 [Myotis daubentonii]	98922
XP_036188104.1	XP_006758375	51.190	84	505	629	16	5.40e-21	102	PREDICTED: nuclear receptor subfamily 2 group C member 2 isoform X1 [Myotis davidii]	225400
XP_036188104.1	XP_006758373	51.190	84	505	629	16	5.40e-21	102	PREDICTED: nuclear receptor subfamily 2 group C member 2 isoform X1 [Myotis davidii]	225400
XP_036188104.1	XP_006758374	51.190	84	505	629	16	5.40e-21	102	PREDICTED: nuclear receptor subfamily 2 group C member 2 isoform X1 [Myotis davidii]	225400
XP_036188104.1	XP_014398203	51.190	84	505	629	16	5.40e-21	102	PREDICTED: nuclear receptor subfamily 2 group C member 2 isoform X1 [Myotis brandtii]	109478
XP_036188104.1	XP_005870084	51.190	84	505	629	16	5.40e-21	102	PREDICTED: nuclear receptor subfamily 2 group C member 2 isoform X1 [Myotis brandtii]	109478
XP_036188104.1	XP_014398202	51.190	84	505	629	16	5.40e-21	102	PREDICTED: nuclear receptor subfamily 2 group C member 2 isoform X1 [Myotis brandtii]	109478
XP_036188104.1	XP_036287103	51.190	84	505	629	16	5.40e-21	102	nuclear receptor subfamily 2 group C member 2 isoform X1 [Pipistrellus kuhlii]	59472
XP_036188104.1	XP_036188178	51.190	84	505	629	16	5.40e-21	102	nuclear receptor subfamily 2 group C member 2 isoform X1 [Myotis myotis]	51298
XP_036188104.1	XP_036188177	51.190	84	505	629	16	5.40e-21	102	nuclear receptor subfamily 2 group C member 2 isoform X1 [Myotis myotis]	51298
XP_036188104.1	XP_036188175	51.190	84	505	629	16	5.40e-21	102	nuclear receptor subfamily 2 group C member 2 isoform X1 [Myotis myotis]	51298
XP_036188104.1	XP_006083858	51.190	84	505	629	16	5.40e-21	102	nuclear receptor subfamily 2 group C member 2 isoform X1 [Myotis lucifugus]	59463
XP_036188104.1	XP_006083860	51.190	84	505	629	16	5.40e-21	102	nuclear receptor subfamily 2 group C member 2 isoform X1 [Myotis lucifugus]	59463
XP_036188104.1	XP_080961796	51.190	84	505	629	16	5.40e-21	102	nuclear receptor subfamily 2 group C member 2 isoform 1 [Myotis nattereri]	109481
XP_036188104.1	XP_074187098	51.765	85	505	500	16	5.40e-21	101	nuclear receptor subfamily 6 group A member 1 isoform X1 [Rhinolophus sinicus]	89399
XP_036188104.1	XP_080927788	51.190	84	505	629	16	5.45e-21	102	nuclear receptor subfamily 2 group C member 2 isoform 1 [Rhinolophus hipposideros]	77218
XP_036188104.1	XP_080532992	51.190	84	505	629	16	5.45e-21	102	nuclear receptor subfamily 2 group C member 2 isoform 1 [Plecotus auritus]	61862
XP_036188104.1	XP_080532991	51.190	84	505	629	16	5.45e-21	102	nuclear receptor subfamily 2 group C member 2 isoform 1 [Plecotus auritus]	61862
XP_036188104.1	XP_016065368	51.190	84	505	629	16	5.50e-21	102	PREDICTED: nuclear receptor subfamily 2 group C member 2 isoform X1 [Miniopterus natalensis]	291302
XP_036188104.1	XP_081016177	51.190	84	505	629	16	5.50e-21	102	nuclear receptor subfamily 2 group C member 2 isoform 1 [Miniopterus schreibersii]	9433
XP_036188104.1	XP_080927790	51.190	84	505	596	16	5.54e-21	102	nuclear receptor subfamily 2 group C member 2 isoform 2 [Rhinolophus hipposideros]	77218
XP_036188104.1	XP_080927789	51.190	84	505	596	16	5.54e-21	102	nuclear receptor subfamily 2 group C member 2 isoform 2 [Rhinolophus hipposideros]	77218
XP_036188104.1	XP_019501531	51.190	84	505	663	16	5.63e-21	102	PREDICTED: nuclear receptor subfamily 2 group C member 2 isoform X2 [Hipposideros armiger]	186990
XP_036188104.1	XP_016065371	51.190	84	505	596	16	5.64e-21	102	PREDICTED: nuclear receptor subfamily 2 group C member 2 isoform X2 [Miniopterus natalensis]	291302
XP_036188104.1	XP_016065370	51.190	84	505	596	16	5.64e-21	102	PREDICTED: nuclear receptor subfamily 2 group C member 2 isoform X2 [Miniopterus natalensis]	291302
XP_036188104.1	XP_081016178	51.190	84	505	596	16	5.64e-21	102	nuclear receptor subfamily 2 group C member 2 isoform 2 [Miniopterus schreibersii]	9433
XP_036188104.1	XP_079651304	51.190	84	505	596	16	5.64e-21	102	nuclear receptor subfamily 2 group C member 2 isoform 2 [Cnephaeus nilssonii]	3371016
XP_036188104.1	XP_079651303	51.190	84	505	596	16	5.64e-21	102	nuclear receptor subfamily 2 group C member 2 isoform 2 [Cnephaeus nilssonii]	3371016
XP_036188104.1	XP_019501532	51.190	84	505	629	16	5.75e-21	102	PREDICTED: nuclear receptor subfamily 2 group C member 2 isoform X3 [Hipposideros armiger]	186990
XP_036188104.1	XP_080927793	51.190	84	505	545	16	5.79e-21	101	nuclear receptor subfamily 2 group C member 2 isoform 5 [Rhinolophus hipposideros]	77218
XP_036188104.1	XP_080532994	51.190	84	505	596	16	5.79e-21	101	nuclear receptor subfamily 2 group C member 2 isoform 2 [Plecotus auritus]	61862
XP_036188104.1	XP_080532993	51.190	84	505	596	16	5.79e-21	101	nuclear receptor subfamily 2 group C member 2 isoform 2 [Plecotus auritus]	61862
XP_036188104.1	XP_080927792	51.190	84	505	578	16	5.80e-21	101	nuclear receptor subfamily 2 group C member 2 isoform 4 [Rhinolophus hipposideros]	77218
XP_036188104.1	XP_032988012	51.190	84	505	629	16	5.80e-21	102	nuclear receptor subfamily 2 group C member 2 isoform X1 [Rhinolophus ferrumequinum]	59479
XP_036188104.1	XP_019602513	51.190	84	505	629	16	5.80e-21	102	nuclear receptor subfamily 2 group C member 2 isoform X1 [Rhinolophus sinicus]	89399
XP_036188104.1	XP_074187099	51.765	85	505	499	16	5.83e-21	101	nuclear receptor subfamily 6 group A member 1 isoform X2 [Rhinolophus sinicus]	89399
XP_036188104.1	XP_074169049	51.190	84	505	610	16	5.85e-21	102	nuclear receptor subfamily 2 group C member 2 isoform X2 [Rhinolophus sinicus]	89399
XP_036188104.1	XP_079647014	51.765	85	505	533	16	5.87e-21	101	nuclear receptor subfamily 6 group A member 1 isoform 1 [Cnephaeus nilssonii]	3371016
XP_036188104.1	XP_053785885	51.190	84	505	596	16	5.90e-21	101	nuclear receptor subfamily 2 group C member 2 isoform X4 [Desmodus rotundus]	9430
XP_036188104.1	XP_070289663	51.190	84	505	596	16	5.90e-21	101	nuclear receptor subfamily 2 group C member 2 isoform X2 [Myotis yumanensis]	159337
XP_036188104.1	XP_070289662	51.190	84	505	596	16	5.90e-21	101	nuclear receptor subfamily 2 group C member 2 isoform X2 [Myotis yumanensis]	159337
XP_036188104.1	XP_054451175	51.190	84	505	596	16	5.90e-21	101	nuclear receptor subfamily 2 group C member 2 isoform X2 [Pteronotus mesoamericanus]	1884717
XP_036188104.1	XP_054451174	51.190	84	505	596	16	5.90e-21	101	nuclear receptor subfamily 2 group C member 2 isoform X2 [Pteronotus mesoamericanus]	1884717
XP_036188104.1	XP_059519682	51.190	84	505	596	16	5.90e-21	101	nuclear receptor subfamily 2 group C member 2 isoform X3 [Myotis daubentonii]	98922
XP_036188104.1	XP_059519680	51.190	84	505	596	16	5.90e-21	101	nuclear receptor subfamily 2 group C member 2 isoform X3 [Myotis daubentonii]	98922
XP_036188104.1	XP_059519679	51.190	84	505	596	16	5.90e-21	101	nuclear receptor subfamily 2 group C member 2 isoform X3 [Myotis daubentonii]	98922
XP_036188104.1	XP_006758376	51.190	84	505	596	16	5.90e-21	101	PREDICTED: nuclear receptor subfamily 2 group C member 2 isoform X2 [Myotis davidii]	225400
XP_036188104.1	XP_036995256	51.190	84	505	596	16	5.90e-21	101	nuclear receptor subfamily 2 group C member 2 isoform X2 [Artibeus jamaicensis]	9417
XP_036188104.1	XP_032988013	51.190	84	505	596	16	5.90e-21	101	nuclear receptor subfamily 2 group C member 2 isoform X2 [Rhinolophus ferrumequinum]	59479
XP_036188104.1	XP_014398204	51.190	84	505	596	16	5.90e-21	101	PREDICTED: nuclear receptor subfamily 2 group C member 2 isoform X2 [Myotis brandtii]	109478
XP_036188104.1	XP_045687877	51.190	84	505	596	16	5.90e-21	101	nuclear receptor subfamily 2 group C member 2 isoform X2 [Phyllostomus hastatus]	9423
XP_036188104.1	XP_045687876	51.190	84	505	596	16	5.90e-21	101	nuclear receptor subfamily 2 group C member 2 isoform X2 [Phyllostomus hastatus]	9423
XP_036188104.1	XP_036188182	51.190	84	505	596	16	5.90e-21	101	nuclear receptor subfamily 2 group C member 2 isoform X3 [Myotis myotis]	51298
XP_036188104.1	XP_036188181	51.190	84	505	596	16	5.90e-21	101	nuclear receptor subfamily 2 group C member 2 isoform X3 [Myotis myotis]	51298
XP_036188104.1	XP_036188180	51.190	84	505	596	16	5.90e-21	101	nuclear receptor subfamily 2 group C member 2 isoform X3 [Myotis myotis]	51298
XP_036188104.1	XP_006083861	51.190	84	505	596	16	5.90e-21	101	nuclear receptor subfamily 2 group C member 2 isoform X3 [Myotis lucifugus]	59463
XP_036188104.1	XP_023605397	51.190	84	505	596	16	5.90e-21	101	nuclear receptor subfamily 2 group C member 2 isoform X3 [Myotis lucifugus]	59463
XP_036188104.1	XP_028374309	51.190	84	505	596	16	5.90e-21	101	nuclear receptor subfamily 2 group C member 2 isoform X2 [Phyllostomus discolor]	89673
XP_036188104.1	XP_035886653	51.190	84	505	596	16	5.90e-21	101	nuclear receptor subfamily 2 group C member 2 isoform X2 [Phyllostomus discolor]	89673
XP_036188104.1	XP_019602526	51.190	84	505	596	16	5.90e-21	101	nuclear receptor subfamily 2 group C member 2 isoform X3 [Rhinolophus sinicus]	89399
XP_036188104.1	XP_024899335	51.190	84	505	625	16	5.91e-21	102	nuclear receptor subfamily 2 group C member 2 [Pteropus alecto]	9402
XP_036188104.1	XP_023384843	51.190	84	505	625	16	5.91e-21	102	nuclear receptor subfamily 2 group C member 2 isoform X1 [Pteropus vampyrus]	132908
XP_036188104.1	XP_080961797	51.190	84	505	596	16	5.95e-21	101	nuclear receptor subfamily 2 group C member 2 isoform 2 [Myotis nattereri]	109481
XP_036188104.1	XP_036907086	51.190	84	505	629	16	5.96e-21	102	nuclear receptor subfamily 2 group C member 2 isoform X1 [Sturnira hondurensis]	192404
XP_036188104.1	XP_036907078	51.190	84	505	629	16	5.96e-21	102	nuclear receptor subfamily 2 group C member 2 isoform X1 [Sturnira hondurensis]	192404
XP_036188104.1	XP_036907067	51.190	84	505	629	16	5.96e-21	102	nuclear receptor subfamily 2 group C member 2 isoform X1 [Sturnira hondurensis]	192404
XP_036188104.1	XP_015977527	51.190	84	505	596	16	6.01e-21	101	nuclear receptor subfamily 2 group C member 2 isoform X2 [Rousettus aegyptiacus]	9407
XP_036188104.1	XP_011355717	51.190	84	505	596	16	6.01e-21	101	nuclear receptor subfamily 2 group C member 2 isoform X2 [Pteropus vampyrus]	132908
XP_036188104.1	XP_039693303	51.190	84	505	596	16	6.01e-21	101	nuclear receptor subfamily 2 group C member 2 isoform X2 [Pteropus medius]	143291
XP_036188104.1	XP_036123207	51.190	84	505	629	16	6.01e-21	102	nuclear receptor subfamily 2 group C member 2 isoform X3 [Molossus molossus]	27622
XP_036188104.1	XP_015977526	51.190	84	505	629	16	6.01e-21	102	nuclear receptor subfamily 2 group C member 2 isoform X1 [Rousettus aegyptiacus]	9407
XP_036188104.1	XP_015977524	51.190	84	505	629	16	6.01e-21	102	nuclear receptor subfamily 2 group C member 2 isoform X1 [Rousettus aegyptiacus]	9407
XP_036188104.1	XP_019501533	51.190	84	505	596	16	6.06e-21	101	PREDICTED: nuclear receptor subfamily 2 group C member 2 isoform X4 [Hipposideros armiger]	186990
XP_036188104.1	XP_036123209	51.190	84	505	614	16	6.07e-21	101	nuclear receptor subfamily 2 group C member 2 isoform X5 [Molossus molossus]	27622
XP_036188104.1	XP_079647015	51.765	85	505	532	16	6.11e-21	101	nuclear receptor subfamily 6 group A member 1 isoform 2 [Cnephaeus nilssonii]	3371016
XP_036188104.1	XP_074187102	51.765	85	505	415	16	6.13e-21	100	nuclear receptor subfamily 6 group A member 1 isoform X6 [Rhinolophus sinicus]	89399
XP_036188104.1	XP_059519678	51.190	84	505	601	16	6.37e-21	101	nuclear receptor subfamily 2 group C member 2 isoform X2 [Myotis daubentonii]	98922
XP_036188104.1	XP_036123218	51.190	84	505	596	16	6.45e-21	101	nuclear receptor subfamily 2 group C member 2 isoform X6 [Molossus molossus]	27622
XP_036188104.1	XP_036123217	51.190	84	505	596	16	6.45e-21	101	nuclear receptor subfamily 2 group C member 2 isoform X6 [Molossus molossus]	27622
XP_036188104.1	XP_036123216	51.190	84	505	596	16	6.45e-21	101	nuclear receptor subfamily 2 group C member 2 isoform X6 [Molossus molossus]	27622
XP_036188104.1	XP_036123215	51.190	84	505	596	16	6.45e-21	101	nuclear receptor subfamily 2 group C member 2 isoform X6 [Molossus molossus]	27622
XP_036188104.1	XP_036123213	51.190	84	505	596	16	6.45e-21	101	nuclear receptor subfamily 2 group C member 2 isoform X6 [Molossus molossus]	27622
XP_036188104.1	XP_036123212	51.190	84	505	596	16	6.45e-21	101	nuclear receptor subfamily 2 group C member 2 isoform X6 [Molossus molossus]	27622
XP_036188104.1	XP_036123211	51.190	84	505	596	16	6.45e-21	101	nuclear receptor subfamily 2 group C member 2 isoform X6 [Molossus molossus]	27622
XP_036188104.1	XP_036123210	51.190	84	505	596	16	6.45e-21	101	nuclear receptor subfamily 2 group C member 2 isoform X6 [Molossus molossus]	27622
XP_036188104.1	XP_036114219	27.010	311	505	487	61	6.47e-21	100	steroid hormone receptor ERR1 isoform X1 [Molossus molossus]	27622
XP_036188104.1	XP_036123205	51.190	84	505	631	16	6.55e-21	101	nuclear receptor subfamily 2 group C member 2 isoform X1 [Molossus molossus]	27622
XP_036188104.1	XP_036123204	51.190	84	505	631	16	6.55e-21	101	nuclear receptor subfamily 2 group C member 2 isoform X1 [Molossus molossus]	27622
XP_036188104.1	XP_036123203	51.190	84	505	631	16	6.55e-21	101	nuclear receptor subfamily 2 group C member 2 isoform X1 [Molossus molossus]	27622
XP_036188104.1	XP_036907093	51.190	84	505	596	16	6.57e-21	101	nuclear receptor subfamily 2 group C member 2 isoform X2 [Sturnira hondurensis]	192404
XP_036188104.1	XP_045699433	33.484	221	505	620	43	6.68e-21	101	estrogen receptor isoform X1 [Phyllostomus hastatus]	9423
XP_036188104.1	XP_045699432	33.484	221	505	620	43	6.68e-21	101	estrogen receptor isoform X1 [Phyllostomus hastatus]	9423
XP_036188104.1	XP_023605395	51.190	84	505	602	16	6.74e-21	101	nuclear receptor subfamily 2 group C member 2 isoform X2 [Myotis lucifugus]	59463
XP_036188104.1	XP_059558000	62.121	66	505	458	48	6.76e-21	100	retinoic acid receptor RXR-beta isoform X6 [Myotis daubentonii]	98922
XP_036188104.1	XP_059558000	28.571	189	505	458	48	1.25e-12	75.5	retinoic acid receptor RXR-beta isoform X6 [Myotis daubentonii]	98922
XP_036188104.1	XP_070273552	34.389	221	505	596	43	6.88e-21	101	estrogen receptor isoform X1 [Myotis yumanensis]	159337
XP_036188104.1	XP_070286132	50.588	85	505	433	16	6.90e-21	100	nuclear receptor subfamily 6 group A member 1, partial [Myotis yumanensis]	159337
XP_036188104.1	XP_054573270	46.729	107	505	386	21	6.96e-21	99.8	nuclear receptor subfamily 2 group F member 6 isoform X2 [Eptesicus fuscus]	29078
XP_036188104.1	XP_036123206	51.190	84	505	630	16	6.96e-21	101	nuclear receptor subfamily 2 group C member 2 isoform X2 [Molossus molossus]	27622
XP_036188104.1	XP_019494450	33.333	225	505	593	43	7.13e-21	101	PREDICTED: estrogen receptor isoform X1 [Hipposideros armiger]	186990
XP_036188104.1	XP_036188179	51.190	84	505	602	16	7.18e-21	101	nuclear receptor subfamily 2 group C member 2 isoform X2 [Myotis myotis]	51298
XP_036188104.1	XP_023605398	51.190	84	505	505	16	7.30e-21	100	nuclear receptor subfamily 2 group C member 2 isoform X4 [Myotis lucifugus]	59463
XP_036188104.1	XP_045435168	51.190	84	505	503	16	7.49e-21	100	nuclear receptor subfamily 2 group C member 2 isoform X2 [Pipistrellus kuhlii]	59472
XP_036188104.1	XP_059556030	34.389	221	505	596	43	7.59e-21	101	estrogen receptor [Myotis daubentonii]	98922
XP_036188104.1	XP_059556029	34.389	221	505	596	43	7.59e-21	101	estrogen receptor [Myotis daubentonii]	98922
XP_036188104.1	XP_059556028	34.389	221	505	596	43	7.59e-21	101	estrogen receptor [Myotis daubentonii]	98922
XP_036188104.1	XP_059556027	34.389	221	505	596	43	7.59e-21	101	estrogen receptor [Myotis daubentonii]	98922
XP_036188104.1	XP_059556025	34.389	221	505	596	43	7.59e-21	101	estrogen receptor [Myotis daubentonii]	98922
XP_036188104.1	XP_066207985	51.190	84	505	629	16	7.74e-21	101	nuclear receptor subfamily 2 group C member 2 isoform X1 [Saccopteryx leptura]	249018
XP_036188104.1	XP_066207984	51.190	84	505	629	16	7.74e-21	101	nuclear receptor subfamily 2 group C member 2 isoform X1 [Saccopteryx leptura]	249018
XP_036188104.1	XP_066101753	51.190	84	505	629	16	7.74e-21	101	nuclear receptor subfamily 2 group C member 2 isoform X1 [Saccopteryx bilineata]	59482
XP_036188104.1	XP_066101752	51.190	84	505	629	16	7.74e-21	101	nuclear receptor subfamily 2 group C member 2 isoform X1 [Saccopteryx bilineata]	59482
XP_036188104.1	XP_059519683	51.190	84	505	503	16	7.84e-21	100	nuclear receptor subfamily 2 group C member 2 isoform X4 [Myotis daubentonii]	98922
XP_036188104.1	XP_015415885	51.190	84	505	503	16	7.84e-21	100	PREDICTED: nuclear receptor subfamily 2 group C member 2 isoform X3 [Myotis davidii]	225400
XP_036188104.1	XP_014398205	51.190	84	505	503	16	7.84e-21	100	PREDICTED: nuclear receptor subfamily 2 group C member 2 isoform X3 [Myotis brandtii]	109478
XP_036188104.1	XP_036188183	51.190	84	505	503	16	7.84e-21	100	nuclear receptor subfamily 2 group C member 2 isoform X4 [Myotis myotis]	51298
XP_036188104.1	XP_036123208	51.190	84	505	566	16	8.07e-21	101	nuclear receptor subfamily 2 group C member 2 isoform X4 [Molossus molossus]	27622
XP_036188104.1	XP_080949805	33.333	225	505	596	43	8.16e-21	101	estrogen receptor [Myotis nattereri]	109481
XP_036188104.1	XP_053515120	27.010	311	505	422	61	8.35e-21	100	steroid hormone receptor ERR1 [Artibeus jamaicensis]	9417
XP_036188104.1	XP_053515119	27.010	311	505	422	61	8.35e-21	100	steroid hormone receptor ERR1 [Artibeus jamaicensis]	9417
XP_036188104.1	XP_053515118	27.010	311	505	422	61	8.35e-21	100	steroid hormone receptor ERR1 [Artibeus jamaicensis]	9417
XP_036188104.1	XP_028371205	27.010	311	505	422	61	8.35e-21	100	steroid hormone receptor ERR1 isoform X1 [Phyllostomus discolor]	89673
XP_036188104.1	XP_028371206	27.010	311	505	422	61	8.35e-21	100	steroid hormone receptor ERR1 isoform X1 [Phyllostomus discolor]	89673
XP_036188104.1	XP_028371208	27.010	311	505	422	61	8.35e-21	100	steroid hormone receptor ERR1 isoform X1 [Phyllostomus discolor]	89673
XP_036188104.1	XP_036908960	27.010	311	505	422	61	8.35e-21	100	steroid hormone receptor ERR1 [Sturnira hondurensis]	192404
XP_036188104.1	XP_036908959	27.010	311	505	422	61	8.35e-21	100	steroid hormone receptor ERR1 [Sturnira hondurensis]	192404
XP_036188104.1	XP_036908958	27.010	311	505	422	61	8.35e-21	100	steroid hormone receptor ERR1 [Sturnira hondurensis]	192404
XP_036188104.1	XP_074192464	30.952	210	505	358	40	8.39e-21	99.4	oxysterols receptor LXR-alpha isoform X3 [Rhinolophus sinicus]	89399
XP_036188104.1	XP_036104082	30.303	297	505	573	55	8.41e-21	101	estrogen receptor isoform X4 [Molossus molossus]	27622
XP_036188104.1	XP_066207989	51.190	84	505	596	16	8.46e-21	101	nuclear receptor subfamily 2 group C member 2 isoform X2 [Saccopteryx leptura]	249018
XP_036188104.1	XP_066207988	51.190	84	505	596	16	8.46e-21	101	nuclear receptor subfamily 2 group C member 2 isoform X2 [Saccopteryx leptura]	249018
XP_036188104.1	XP_066207986	51.190	84	505	596	16	8.46e-21	101	nuclear receptor subfamily 2 group C member 2 isoform X2 [Saccopteryx leptura]	249018
XP_036188104.1	XP_066101756	51.190	84	505	596	16	8.46e-21	101	nuclear receptor subfamily 2 group C member 2 isoform X2 [Saccopteryx bilineata]	59482
XP_036188104.1	XP_066101755	51.190	84	505	596	16	8.46e-21	101	nuclear receptor subfamily 2 group C member 2 isoform X2 [Saccopteryx bilineata]	59482
XP_036188104.1	XP_066101754	51.190	84	505	596	16	8.46e-21	101	nuclear receptor subfamily 2 group C member 2 isoform X2 [Saccopteryx bilineata]	59482
XP_036188104.1	XP_045699434	33.784	222	505	595	43	8.51e-21	101	estrogen receptor isoform X2 [Phyllostomus hastatus]	9423
XP_036188104.1	XP_059560393	40.876	137	505	575	25	8.70e-21	101	nuclear receptor subfamily 4 group A member 2 isoform X3 [Myotis daubentonii]	98922
XP_036188104.1	XP_036175714	40.876	137	505	575	25	8.70e-21	101	nuclear receptor subfamily 4 group A member 2 isoform X3 [Myotis myotis]	51298
XP_036188104.1	XP_054426931	27.010	311	505	422	61	8.83e-21	100	steroid hormone receptor ERR1 isoform X1 [Pteronotus mesoamericanus]	1884717
XP_036188104.1	XP_054426929	27.010	311	505	422	61	8.83e-21	100	steroid hormone receptor ERR1 isoform X1 [Pteronotus mesoamericanus]	1884717
XP_036188104.1	XP_054426928	27.010	311	505	422	61	8.83e-21	100	steroid hormone receptor ERR1 isoform X1 [Pteronotus mesoamericanus]	1884717
XP_036188104.1	XP_045710837	27.010	311	505	422	61	8.83e-21	100	steroid hormone receptor ERR1 isoform X1 [Phyllostomus hastatus]	9423
XP_036188104.1	XP_045710835	27.010	311	505	422	61	8.83e-21	100	steroid hormone receptor ERR1 isoform X1 [Phyllostomus hastatus]	9423
XP_036188104.1	XP_045710834	27.010	311	505	422	61	8.83e-21	100	steroid hormone receptor ERR1 isoform X1 [Phyllostomus hastatus]	9423
XP_036188104.1	XP_045710833	27.010	311	505	422	61	8.83e-21	100	steroid hormone receptor ERR1 isoform X1 [Phyllostomus hastatus]	9423
XP_036188104.1	XP_014389553	40.876	137	505	573	25	8.96e-21	101	PREDICTED: nuclear receptor subfamily 4 group A member 2 isoform X3 [Myotis brandtii]	109478
XP_036188104.1	XP_036104080	29.568	301	505	595	55	8.99e-21	101	estrogen receptor isoform X2 [Molossus molossus]	27622
XP_036188104.1	XP_036104081	29.568	301	505	574	55	9.07e-21	101	estrogen receptor isoform X3 [Molossus molossus]	27622
XP_036188104.1	XP_070279063	40.876	137	505	575	25	9.10e-21	101	nuclear receptor subfamily 4 group A member 2 isoform X4 [Myotis yumanensis]	159337
XP_036188104.1	XP_006091324	40.876	137	505	575	25	9.10e-21	101	nuclear receptor subfamily 4 group A member 2 isoform X3 [Myotis lucifugus]	59463
XP_036188104.1	XP_036270321	34.389	221	505	601	43	9.13e-21	101	estrogen receptor [Pipistrellus kuhlii]	59472
XP_036188104.1	XP_036270320	34.389	221	505	601	43	9.13e-21	101	estrogen receptor [Pipistrellus kuhlii]	59472
XP_036188104.1	XP_036270323	34.389	221	505	601	43	9.13e-21	101	estrogen receptor [Pipistrellus kuhlii]	59472
XP_036188104.1	XP_070283490	27.010	311	505	422	61	9.25e-21	100	steroid hormone receptor ERR1 [Myotis yumanensis]	159337
XP_036188104.1	XP_070283488	27.010	311	505	422	61	9.25e-21	100	steroid hormone receptor ERR1 [Myotis yumanensis]	159337
XP_036188104.1	XP_036273241	27.010	311	505	422	61	9.25e-21	100	steroid hormone receptor ERR1 [Pipistrellus kuhlii]	59472
XP_036188104.1	XP_036273240	27.010	311	505	422	61	9.25e-21	100	steroid hormone receptor ERR1 [Pipistrellus kuhlii]	59472
XP_036188104.1	XP_080952416	40.876	137	505	573	25	9.29e-21	101	nuclear receptor subfamily 4 group A member 2 isoform 3 [Myotis nattereri]	109481
XP_036188104.1	XP_014393496	27.010	311	505	422	61	9.33e-21	100	PREDICTED: steroid hormone receptor ERR1 [Myotis brandtii]	109478
XP_036188104.1	XP_014393495	27.010	311	505	422	61	9.33e-21	100	PREDICTED: steroid hormone receptor ERR1 [Myotis brandtii]	109478
XP_036188104.1	XP_006106599	27.010	311	505	422	61	9.33e-21	100	steroid hormone receptor ERR1 isoform X1 [Myotis lucifugus]	59463
XP_036188104.1	XP_014304007	27.010	311	505	422	61	9.33e-21	100	steroid hormone receptor ERR1 isoform X1 [Myotis lucifugus]	59463
XP_036188104.1	XP_080519731	28.338	367	505	595	69	9.40e-21	101	estrogen receptor isoform 2 [Plecotus auritus]	61862
XP_036188104.1	XP_019494451	33.333	225	505	419	43	9.51e-21	99.8	PREDICTED: estrogen receptor isoform X2 [Hipposideros armiger]	186990
XP_036188104.1	XP_019501037	27.010	311	505	422	61	1.02e-20	99.8	PREDICTED: steroid hormone receptor ERR1 isoform X1 [Hipposideros armiger]	186990
XP_036188104.1	XP_019501036	27.010	311	505	422	61	1.02e-20	99.8	PREDICTED: steroid hormone receptor ERR1 isoform X1 [Hipposideros armiger]	186990
XP_036188104.1	XP_016075734	27.010	311	505	422	61	1.02e-20	99.8	PREDICTED: steroid hormone receptor ERR1 [Miniopterus natalensis]	291302
XP_036188104.1	XP_008157291	27.010	311	505	422	61	1.02e-20	99.8	steroid hormone receptor ERR1 [Eptesicus fuscus]	29078
XP_036188104.1	XP_008157290	27.010	311	505	422	61	1.02e-20	99.8	steroid hormone receptor ERR1 [Eptesicus fuscus]	29078
XP_036188104.1	XP_036114223	27.010	311	505	422	61	1.02e-20	99.8	steroid hormone receptor ERR1 isoform X2 [Molossus molossus]	27622
XP_036188104.1	XP_036114222	27.010	311	505	422	61	1.02e-20	99.8	steroid hormone receptor ERR1 isoform X2 [Molossus molossus]	27622
XP_036188104.1	XP_036114221	27.010	311	505	422	61	1.02e-20	99.8	steroid hormone receptor ERR1 isoform X2 [Molossus molossus]	27622
XP_036188104.1	XP_036114220	27.010	311	505	422	61	1.02e-20	99.8	steroid hormone receptor ERR1 isoform X2 [Molossus molossus]	27622
XP_036188104.1	XP_081009618	27.010	311	505	422	61	1.02e-20	99.8	steroid hormone receptor ERR1 isoform 1 [Miniopterus schreibersii]	9433
XP_036188104.1	XP_080496538	27.010	311	505	422	61	1.02e-20	99.8	steroid hormone receptor ERR1 isoform 2 [Plecotus auritus]	61862
XP_036188104.1	XP_074192667	27.010	311	505	422	61	1.02e-20	99.8	steroid hormone receptor ERR1 isoform X2 [Rhinolophus sinicus]	89399
XP_036188104.1	XP_059566235	27.010	311	505	422	61	1.04e-20	99.8	steroid hormone receptor ERR1 isoform X1 [Myotis daubentonii]	98922
XP_036188104.1	XP_059566234	27.010	311	505	422	61	1.04e-20	99.8	steroid hormone receptor ERR1 isoform X1 [Myotis daubentonii]	98922
XP_036188104.1	XP_059566231	27.010	311	505	422	61	1.04e-20	99.8	steroid hormone receptor ERR1 isoform X1 [Myotis daubentonii]	98922
XP_036188104.1	XP_059566230	27.010	311	505	422	61	1.04e-20	99.8	steroid hormone receptor ERR1 isoform X1 [Myotis daubentonii]	98922
XP_036188104.1	XP_036182689	27.010	311	505	422	61	1.04e-20	99.8	steroid hormone receptor ERR1 isoform X1 [Myotis myotis]	51298
XP_036188104.1	XP_080955168	27.010	311	505	422	61	1.04e-20	99.8	steroid hormone receptor ERR1 [Myotis nattereri]	109481
XP_036188104.1	XP_015977528	51.190	84	505	516	16	1.06e-20	100	nuclear receptor subfamily 2 group C member 2 isoform X3 [Rousettus aegyptiacus]	9407
XP_036188104.1	XP_080927791	51.190	84	505	580	16	1.07e-20	100	nuclear receptor subfamily 2 group C member 2 isoform 3 [Rhinolophus hipposideros]	77218
XP_036188104.1	XP_054578875	40.876	137	505	573	25	1.08e-20	100	nuclear receptor subfamily 4 group A member 2 isoform X2 [Eptesicus fuscus]	29078
XP_036188104.1	XP_019492343	40.876	137	505	584	25	1.09e-20	100	PREDICTED: nuclear receptor subfamily 4 group A member 2 isoform X3 [Hipposideros armiger]	186990
XP_036188104.1	XP_066215599	27.010	311	505	422	61	1.09e-20	99.8	steroid hormone receptor ERR1 isoform X1 [Saccopteryx leptura]	249018
XP_036188104.1	XP_066107989	27.010	311	505	422	61	1.09e-20	99.8	steroid hormone receptor ERR1 isoform X1 [Saccopteryx bilineata]	59482
XP_036188104.1	XP_037006591	40.876	137	505	573	25	1.11e-20	100	nuclear receptor subfamily 4 group A member 2 isoform X2 [Artibeus jamaicensis]	9417
XP_036188104.1	XP_035879354	40.876	137	505	573	25	1.11e-20	100	nuclear receptor subfamily 4 group A member 2 isoform X2 [Phyllostomus discolor]	89673
XP_036188104.1	XP_036883707	40.876	137	505	573	25	1.11e-20	100	nuclear receptor subfamily 4 group A member 2 isoform X2 [Sturnira hondurensis]	192404
XP_036188104.1	XP_079643021	27.010	311	505	422	61	1.13e-20	99.8	steroid hormone receptor ERR1 isoform 1 [Cnephaeus nilssonii]	3371016
XP_036188104.1	XP_079643020	27.010	311	505	422	61	1.13e-20	99.8	steroid hormone receptor ERR1 isoform 1 [Cnephaeus nilssonii]	3371016
XP_036188104.1	XP_059557994	58.571	70	505	579	49	1.14e-20	100	retinoic acid receptor RXR-beta isoform X1 [Myotis daubentonii]	98922
XP_036188104.1	XP_059557994	27.979	193	505	579	49	1.17e-12	75.9	retinoic acid receptor RXR-beta isoform X1 [Myotis daubentonii]	98922
XP_036188104.1	XP_059557995	58.571	70	505	575	48	1.15e-20	100	retinoic acid receptor RXR-beta isoform X2 [Myotis daubentonii]	98922
XP_036188104.1	XP_059557995	29.834	181	505	575	48	1.92e-12	75.1	retinoic acid receptor RXR-beta isoform X2 [Myotis daubentonii]	98922
XP_036188104.1	XP_032968787	40.876	137	505	573	25	1.16e-20	100	nuclear receptor subfamily 4 group A member 2 isoform X2 [Rhinolophus ferrumequinum]	59479
XP_036188104.1	XP_080907728	40.876	137	505	573	25	1.16e-20	100	nuclear receptor subfamily 4 group A member 2 isoform 2 [Rhinolophus hipposideros]	77218
XP_036188104.1	XP_074192646	40.876	137	505	573	25	1.16e-20	100	nuclear receptor subfamily 4 group A member 2 isoform X2 [Rhinolophus sinicus]	89399
XP_036188104.1	XP_039695809	24.941	421	505	378	72	1.17e-20	99.0	nuclear receptor subfamily 1 group I member 3 isoform X1 [Pteropus medius]	143291
XP_036188104.1	XP_074173188	38.095	168	505	438	29	1.19e-20	99.8	nuclear receptor subfamily 5 group A member 2 isoform X5 [Rhinolophus sinicus]	89399
XP_036188104.1	XP_080998815	40.876	137	505	575	25	1.19e-20	100	nuclear receptor subfamily 4 group A member 2 isoform 4 [Miniopterus schreibersii]	9433
XP_036188104.1	XP_053524771	34.389	221	505	595	43	1.20e-20	100	estrogen receptor [Artibeus jamaicensis]	9417
XP_036188104.1	XP_053524770	34.389	221	505	595	43	1.20e-20	100	estrogen receptor [Artibeus jamaicensis]	9417
XP_036188104.1	XP_053524769	34.389	221	505	595	43	1.20e-20	100	estrogen receptor [Artibeus jamaicensis]	9417
XP_036188104.1	XP_053524768	34.389	221	505	595	43	1.20e-20	100	estrogen receptor [Artibeus jamaicensis]	9417
XP_036188104.1	XP_053524767	34.389	221	505	595	43	1.20e-20	100	estrogen receptor [Artibeus jamaicensis]	9417
XP_036188104.1	XP_053524766	34.389	221	505	595	43	1.20e-20	100	estrogen receptor [Artibeus jamaicensis]	9417
XP_036188104.1	XP_053524765	34.389	221	505	595	43	1.20e-20	100	estrogen receptor [Artibeus jamaicensis]	9417
XP_036188104.1	XP_032958966	29.904	311	505	597	57	1.25e-20	100	estrogen receptor [Rhinolophus ferrumequinum]	59479
XP_036188104.1	XP_032958965	29.904	311	505	597	57	1.25e-20	100	estrogen receptor [Rhinolophus ferrumequinum]	59479
XP_036188104.1	XP_032958964	29.904	311	505	597	57	1.25e-20	100	estrogen receptor [Rhinolophus ferrumequinum]	59479
XP_036188104.1	XP_032958963	29.904	311	505	597	57	1.25e-20	100	estrogen receptor [Rhinolophus ferrumequinum]	59479
XP_036188104.1	XP_015452174	40.876	137	505	584	25	1.28e-20	100	nuclear receptor subfamily 4 group A member 2 isoform X3 [Pteropus alecto]	9402
XP_036188104.1	XP_016005581	40.876	137	505	584	25	1.28e-20	100	nuclear receptor subfamily 4 group A member 2 isoform X4 [Rousettus aegyptiacus]	9407
XP_036188104.1	XP_011357519	40.876	137	505	584	25	1.28e-20	100	nuclear receptor subfamily 4 group A member 2 isoform X3 [Pteropus vampyrus]	132908
XP_036188104.1	XP_039711207	40.876	137	505	584	25	1.28e-20	100	nuclear receptor subfamily 4 group A member 2 isoform X3 [Pteropus medius]	143291
XP_036188104.1	XP_019606488	39.375	160	505	500	27	1.29e-20	100	nuclear receptor subfamily 5 group A member 2 isoform X1 [Rhinolophus sinicus]	89399
XP_036188104.1	XP_019606492	39.375	160	505	468	27	1.30e-20	100	nuclear receptor subfamily 5 group A member 2 isoform X2 [Rhinolophus sinicus]	89399
XP_036188104.1	XP_019606489	39.375	160	505	468	27	1.30e-20	100	nuclear receptor subfamily 5 group A member 2 isoform X2 [Rhinolophus sinicus]	89399
XP_036188104.1	XP_080950194	58.571	70	505	433	14	1.32e-20	99.8	retinoic acid receptor RXR-beta isoform 3 [Myotis nattereri]	109481
XP_036188104.1	XP_036277646	40.876	137	505	576	25	1.32e-20	100	nuclear receptor subfamily 4 group A member 2 isoform X3 [Pipistrellus kuhlii]	59472
XP_036188104.1	XP_080895174	39.375	160	505	500	27	1.32e-20	100	nuclear receptor subfamily 5 group A member 2 [Rhinolophus hipposideros]	77218
XP_036188104.1	XP_080950195	58.571	70	505	429	14	1.34e-20	99.8	retinoic acid receptor RXR-beta isoform 4 [Myotis nattereri]	109481
XP_036188104.1	XP_019493584	39.375	160	505	500	27	1.36e-20	100	PREDICTED: nuclear receptor subfamily 5 group A member 2 isoform X1 [Hipposideros armiger]	186990
XP_036188104.1	XP_059557998	58.571	70	505	483	48	1.36e-20	100	retinoic acid receptor RXR-beta isoform X5 [Myotis daubentonii]	98922
XP_036188104.1	XP_059557998	28.571	189	505	483	48	1.12e-12	75.9	retinoic acid receptor RXR-beta isoform X5 [Myotis daubentonii]	98922
XP_036188104.1	XP_036173689	33.937	221	505	596	43	1.36e-20	100	estrogen receptor [Myotis myotis]	51298
XP_036188104.1	XP_036173688	33.937	221	505	596	43	1.36e-20	100	estrogen receptor [Myotis myotis]	51298
XP_036188104.1	XP_036173687	33.937	221	505	596	43	1.36e-20	100	estrogen receptor [Myotis myotis]	51298
XP_036188104.1	XP_019493587	38.095	168	505	540	29	1.41e-20	100	PREDICTED: nuclear receptor subfamily 5 group A member 2 isoform X4 [Hipposideros armiger]	186990
XP_036188104.1	XP_080496537	26.774	310	505	506	61	1.42e-20	100	steroid hormone receptor ERR1 isoform 1 [Plecotus auritus]	61862
XP_036188104.1	XP_006102274	33.333	225	505	422	43	1.42e-20	99.4	estrogen receptor [Myotis lucifugus]	59463
XP_036188104.1	XP_024901993	27.419	310	505	420	61	1.43e-20	99.4	steroid hormone receptor ERR1 isoform X1 [Pteropus alecto]	9402
XP_036188104.1	XP_006911207	27.419	310	505	420	61	1.43e-20	99.4	steroid hormone receptor ERR1 isoform X1 [Pteropus alecto]	9402
XP_036188104.1	XP_006911208	27.419	310	505	420	61	1.43e-20	99.4	steroid hormone receptor ERR1 isoform X1 [Pteropus alecto]	9402
XP_036188104.1	XP_019493586	39.375	160	505	468	27	1.43e-20	99.8	PREDICTED: nuclear receptor subfamily 5 group A member 2 isoform X3 [Hipposideros armiger]	186990
XP_036188104.1	XP_005884798	33.333	225	505	507	43	1.46e-20	100	PREDICTED: estrogen receptor [Myotis brandtii]	109478
XP_036188104.1	XP_053785882	51.190	84	505	633	16	1.46e-20	100	nuclear receptor subfamily 2 group C member 2 isoform X1 [Desmodus rotundus]	9430
XP_036188104.1	XP_070289665	51.190	84	505	554	16	1.48e-20	100	nuclear receptor subfamily 2 group C member 2 isoform X4 [Myotis yumanensis]	159337
XP_036188104.1	XP_032955474	39.375	160	505	500	27	1.49e-20	100	nuclear receptor subfamily 5 group A member 2 isoform X1 [Rhinolophus ferrumequinum]	59479
XP_036188104.1	XP_032955479	39.375	160	505	468	27	1.51e-20	99.8	nuclear receptor subfamily 5 group A member 2 isoform X2 [Rhinolophus ferrumequinum]	59479
XP_036188104.1	XP_032955478	39.375	160	505	468	27	1.51e-20	99.8	nuclear receptor subfamily 5 group A member 2 isoform X2 [Rhinolophus ferrumequinum]	59479
XP_036188104.1	XP_032955477	39.375	160	505	468	27	1.51e-20	99.8	nuclear receptor subfamily 5 group A member 2 isoform X2 [Rhinolophus ferrumequinum]	59479
XP_036188104.1	XP_032955475	39.375	160	505	468	27	1.51e-20	99.8	nuclear receptor subfamily 5 group A member 2 isoform X2 [Rhinolophus ferrumequinum]	59479
XP_036188104.1	XP_070273553	34.081	223	505	598	43	1.57e-20	100	estrogen receptor isoform X2 [Myotis yumanensis]	159337
XP_036188104.1	XP_019493585	39.375	160	505	494	27	1.58e-20	100	PREDICTED: nuclear receptor subfamily 5 group A member 2 isoform X2 [Hipposideros armiger]	186990
XP_036188104.1	XP_024900574	37.278	169	505	412	29	1.77e-20	99.0	nuclear receptor subfamily 5 group A member 2 [Pteropus alecto]	9402
XP_036188104.1	XP_019606490	39.375	160	505	494	27	1.79e-20	99.8	nuclear receptor subfamily 5 group A member 2 isoform X3 [Rhinolophus sinicus]	89399
XP_036188104.1	XP_036104079	29.373	303	505	597	55	1.84e-20	100	estrogen receptor isoform X1 [Molossus molossus]	27622
XP_036188104.1	XP_053785884	51.190	84	505	600	16	1.86e-20	100	nuclear receptor subfamily 2 group C member 2 isoform X3 [Desmodus rotundus]	9430
XP_036188104.1	XP_053785886	51.190	84	505	596	16	2.01e-20	100	nuclear receptor subfamily 2 group C member 2 isoform X5 [Desmodus rotundus]	9430
XP_036188104.1	XP_080995951	58.571	70	505	437	14	2.02e-20	99.0	retinoic acid receptor RXR-beta isoform 4 [Miniopterus schreibersii]	9433
XP_036188104.1	XP_032955476	39.375	160	505	494	27	2.04e-20	99.8	nuclear receptor subfamily 5 group A member 2 isoform X3 [Rhinolophus ferrumequinum]	59479
XP_036188104.1	XP_074173187	38.095	168	505	475	29	2.09e-20	99.4	nuclear receptor subfamily 5 group A member 2 isoform X4 [Rhinolophus sinicus]	89399
XP_036188104.1	XP_019488662	26.738	374	505	309	72	2.18e-20	97.1	PREDICTED: nuclear receptor subfamily 1 group I member 3 isoform X4 [Hipposideros armiger]	186990
XP_036188104.1	XP_036133433	37.037	162	505	495	27	2.21e-20	99.4	nuclear receptor subfamily 5 group A member 2 isoform X2 [Molossus molossus]	27622
XP_036188104.1	XP_015447867	26.016	369	505	464	69	2.27e-20	99.4	estrogen receptor isoform X5 [Pteropus alecto]	9402
XP_036188104.1	XP_036133432	35.882	170	505	541	29	2.30e-20	99.8	nuclear receptor subfamily 5 group A member 2 isoform X1 [Molossus molossus]	27622
XP_036188104.1	XP_039707286	26.016	369	505	464	69	2.33e-20	99.4	estrogen receptor isoform X5 [Pteropus medius]	143291
XP_036188104.1	XP_036296085	36.420	162	505	431	27	2.42e-20	99.0	nuclear receptor subfamily 5 group A member 2, partial [Pipistrellus kuhlii]	59472
XP_036188104.1	XP_066235968	37.037	162	505	501	27	2.47e-20	99.4	nuclear receptor subfamily 5 group A member 2 isoform X3 [Saccopteryx leptura]	249018
XP_036188104.1	XP_066235970	35.882	170	505	559	29	2.57e-20	99.8	nuclear receptor subfamily 5 group A member 2 isoform X4 [Saccopteryx leptura]	249018
XP_036188104.1	XP_016067077	37.037	162	505	495	27	2.62e-20	99.4	PREDICTED: nuclear receptor subfamily 5 group A member 2 [Miniopterus natalensis]	291302
XP_036188104.1	XP_011365552	37.278	169	505	501	29	2.64e-20	99.4	nuclear receptor subfamily 5 group A member 2 isoform X4 [Pteropus vampyrus]	132908
XP_036188104.1	XP_039739435	37.278	169	505	501	29	2.64e-20	99.4	nuclear receptor subfamily 5 group A member 2 isoform X1 [Pteropus medius]	143291
XP_036188104.1	XP_080980052	35.882	170	505	541	29	2.66e-20	99.8	nuclear receptor subfamily 5 group A member 2 isoform 4 [Miniopterus schreibersii]	9433
XP_036188104.1	XP_080980051	37.037	162	505	501	27	2.76e-20	99.4	nuclear receptor subfamily 5 group A member 2 isoform 3 [Miniopterus schreibersii]	9433
XP_036188104.1	XP_032978495	49.451	91	505	430	16	2.78e-20	98.6	nuclear receptor subfamily 4 group A member 3 isoform X2 [Rhinolophus ferrumequinum]	59479
XP_036188104.1	XP_066235967	37.037	162	505	469	27	2.90e-20	99.0	nuclear receptor subfamily 5 group A member 2 isoform X2 [Saccopteryx leptura]	249018
XP_036188104.1	XP_066235966	37.037	162	505	469	27	2.90e-20	99.0	nuclear receptor subfamily 5 group A member 2 isoform X2 [Saccopteryx leptura]	249018
XP_036188104.1	XP_066094815	37.037	162	505	469	27	2.90e-20	99.0	nuclear receptor subfamily 5 group A member 2 isoform X3 [Saccopteryx bilineata]	59482
XP_036188104.1	XP_066094805	37.037	162	505	469	27	2.90e-20	99.0	nuclear receptor subfamily 5 group A member 2 isoform X3 [Saccopteryx bilineata]	59482
XP_036188104.1	XP_080980050	37.037	162	505	469	27	2.95e-20	99.0	nuclear receptor subfamily 5 group A member 2 isoform 2 [Miniopterus schreibersii]	9433
XP_036188104.1	XP_080980049	37.037	162	505	469	27	2.95e-20	99.0	nuclear receptor subfamily 5 group A member 2 isoform 2 [Miniopterus schreibersii]	9433
XP_036188104.1	XP_080980048	37.037	162	505	469	27	2.95e-20	99.0	nuclear receptor subfamily 5 group A member 2 isoform 2 [Miniopterus schreibersii]	9433
XP_036188104.1	XP_080980047	37.037	162	505	495	27	2.95e-20	99.0	nuclear receptor subfamily 5 group A member 2 isoform 1 [Miniopterus schreibersii]	9433
XP_036188104.1	XP_011365550	37.278	169	505	541	29	2.97e-20	99.4	nuclear receptor subfamily 5 group A member 2 isoform X2 [Pteropus vampyrus]	132908
XP_036188104.1	XP_011365551	37.278	169	505	539	29	2.97e-20	99.4	nuclear receptor subfamily 5 group A member 2 isoform X3 [Pteropus vampyrus]	132908
XP_036188104.1	XP_039739436	37.278	169	505	495	29	2.98e-20	99.0	nuclear receptor subfamily 5 group A member 2 isoform X2 [Pteropus medius]	143291
XP_036188104.1	XP_036113685	30.612	245	505	370	45	2.99e-20	97.8	oxysterols receptor LXR-alpha isoform X3 [Molossus molossus]	27622
XP_036188104.1	XP_066094788	37.037	162	505	559	27	3.08e-20	99.4	nuclear receptor subfamily 5 group A member 2 isoform X1 [Saccopteryx bilineata]	59482
XP_036188104.1	XP_066235965	37.037	162	505	513	27	3.18e-20	99.0	nuclear receptor subfamily 5 group A member 2 isoform X1 [Saccopteryx leptura]	249018
XP_036188104.1	XP_066094798	37.037	162	505	513	27	3.24e-20	99.0	nuclear receptor subfamily 5 group A member 2 isoform X2 [Saccopteryx bilineata]	59482
XP_036188104.1	XP_039739437	37.278	169	505	475	29	3.27e-20	99.0	nuclear receptor subfamily 5 group A member 2 isoform X3 [Pteropus medius]	143291
XP_036188104.1	XP_011365554	37.278	169	505	495	29	3.30e-20	99.0	nuclear receptor subfamily 5 group A member 2 isoform X5 [Pteropus vampyrus]	132908
XP_036188104.1	XP_015447865	32.127	221	505	502	43	3.48e-20	99.0	estrogen receptor isoform X3 [Pteropus alecto]	9402
XP_036188104.1	XP_006779394	32.203	236	505	499	44	3.79e-20	99.0	PREDICTED: LOW QUALITY PROTEIN: estrogen receptor [Myotis davidii]	225400
XP_036188104.1	XP_036186106	49.451	91	505	514	16	3.97e-20	99.0	nuclear receptor subfamily 4 group A member 3 isoform X4 [Myotis myotis]	51298
XP_036188104.1	XP_070273554	34.545	220	505	595	43	4.08e-20	99.4	estrogen receptor isoform X3 [Myotis yumanensis]	159337
XP_036188104.1	XP_016006049	37.278	169	505	501	29	4.16e-20	98.6	nuclear receptor subfamily 5 group A member 2 isoform X1 [Rousettus aegyptiacus]	9407
XP_036188104.1	XP_016067032	33.333	225	505	542	43	4.20e-20	99.0	PREDICTED: estrogen receptor [Miniopterus natalensis]	291302
XP_036188104.1	XP_059533890	36.257	171	505	543	29	4.22e-20	99.0	nuclear receptor subfamily 5 group A member 2 isoform X4 [Myotis daubentonii]	98922
XP_036188104.1	XP_016006051	37.278	169	505	469	29	4.22e-20	98.6	nuclear receptor subfamily 5 group A member 2 isoform X3 [Rousettus aegyptiacus]	9407
XP_036188104.1	XP_016006050	37.278	169	505	495	29	4.33e-20	98.6	nuclear receptor subfamily 5 group A member 2 isoform X2 [Rousettus aegyptiacus]	9407
XP_036188104.1	XP_059533886	36.257	171	505	503	29	4.36e-20	98.6	nuclear receptor subfamily 5 group A member 2 isoform X1 [Myotis daubentonii]	98922
XP_036188104.1	XP_039707284	32.127	221	505	502	43	4.37e-20	98.6	estrogen receptor isoform X3 [Pteropus medius]	143291
XP_036188104.1	XP_006777308	25.849	383	505	332	73	4.42e-20	96.7	PREDICTED: nuclear receptor subfamily 2 group E member 1 [Myotis davidii]	225400
XP_036188104.1	XP_074192463	30.612	245	505	370	45	4.69e-20	97.1	oxysterols receptor LXR-alpha isoform X2 [Rhinolophus sinicus]	89399
XP_036188104.1	XP_011365549	37.278	169	505	542	29	4.77e-20	99.0	nuclear receptor subfamily 5 group A member 2 isoform X1 [Pteropus vampyrus]	132908
XP_036188104.1	XP_070257402	35.882	170	505	548	29	5.06e-20	98.6	nuclear receptor subfamily 5 group A member 2 isoform X4 [Myotis yumanensis]	159337
XP_036188104.1	XP_059533887	36.257	171	505	497	29	5.11e-20	98.6	nuclear receptor subfamily 5 group A member 2 isoform X2 [Myotis daubentonii]	98922
XP_036188104.1	XP_032975402	30.612	245	505	370	45	5.25e-20	97.1	oxysterols receptor LXR-alpha isoform X3 [Rhinolophus ferrumequinum]	59479
XP_036188104.1	XP_059533889	36.257	171	505	471	29	5.33e-20	98.2	nuclear receptor subfamily 5 group A member 2 isoform X3 [Myotis daubentonii]	98922
XP_036188104.1	XP_059533888	36.257	171	505	471	29	5.33e-20	98.2	nuclear receptor subfamily 5 group A member 2 isoform X3 [Myotis daubentonii]	98922
XP_036188104.1	XP_080882034	24.869	382	505	368	72	5.48e-20	97.1	nuclear receptor subfamily 1 group I member 3 [Rhinolophus hipposideros]	77218
XP_036188104.1	XP_015447866	28.904	301	505	465	56	5.57e-20	98.2	estrogen receptor isoform X4 [Pteropus alecto]	9402
XP_036188104.1	XP_035880799	33.032	221	505	598	43	5.68e-20	99.0	estrogen receptor [Phyllostomus discolor]	89673
XP_036188104.1	XP_028365744	33.032	221	505	598	43	5.68e-20	99.0	estrogen receptor [Phyllostomus discolor]	89673
XP_036188104.1	XP_035880797	33.032	221	505	598	43	5.68e-20	99.0	estrogen receptor [Phyllostomus discolor]	89673
XP_036188104.1	XP_035880796	33.032	221	505	598	43	5.68e-20	99.0	estrogen receptor [Phyllostomus discolor]	89673
XP_036188104.1	XP_016006052	37.278	169	505	542	29	5.71e-20	98.6	nuclear receptor subfamily 5 group A member 2 isoform X4 [Rousettus aegyptiacus]	9407
XP_036188104.1	XP_023604648	35.294	170	505	340	29	5.81e-20	96.3	nuclear receptor subfamily 5 group A member 2, partial [Myotis lucifugus]	59463
XP_036188104.1	XP_039707282	28.956	297	505	594	55	5.83e-20	98.6	estrogen receptor isoform X1 [Pteropus medius]	143291
XP_036188104.1	XP_039707281	28.956	297	505	594	55	5.83e-20	98.6	estrogen receptor isoform X1 [Pteropus medius]	143291
XP_036188104.1	XP_039707280	28.956	297	505	594	55	5.83e-20	98.6	estrogen receptor isoform X1 [Pteropus medius]	143291
XP_036188104.1	XP_039707279	28.956	297	505	594	55	5.83e-20	98.6	estrogen receptor isoform X1 [Pteropus medius]	143291
XP_036188104.1	XP_039707278	28.956	297	505	594	55	5.83e-20	98.6	estrogen receptor isoform X1 [Pteropus medius]	143291
XP_036188104.1	XP_039707277	28.956	297	505	594	55	5.83e-20	98.6	estrogen receptor isoform X1 [Pteropus medius]	143291
XP_036188104.1	XP_039707285	28.904	301	505	465	56	5.83e-20	97.8	estrogen receptor isoform X4 [Pteropus medius]	143291
XP_036188104.1	XP_054432523	35.882	170	505	541	29	6.29e-20	98.6	nuclear receptor subfamily 5 group A member 2 isoform X4 [Pteronotus mesoamericanus]	1884717
XP_036188104.1	XP_054432520	35.882	170	505	501	29	6.61e-20	98.2	nuclear receptor subfamily 5 group A member 2 isoform X1 [Pteronotus mesoamericanus]	1884717
XP_036188104.1	XP_070257399	35.882	170	505	498	29	6.94e-20	98.2	nuclear receptor subfamily 5 group A member 2 isoform X1 [Myotis yumanensis]	159337
XP_036188104.1	XP_054432521	35.882	170	505	495	29	6.96e-20	97.8	nuclear receptor subfamily 5 group A member 2 isoform X2 [Pteronotus mesoamericanus]	1884717
XP_036188104.1	XP_080970746	35.294	170	505	543	29	7.19e-20	98.2	nuclear receptor subfamily 5 group A member 2 [Myotis nattereri]	109481
XP_036188104.1	XP_015447862	28.956	297	505	594	55	7.30e-20	98.6	estrogen receptor isoform X1 [Pteropus alecto]	9402
XP_036188104.1	XP_015447861	28.956	297	505	594	55	7.30e-20	98.6	estrogen receptor isoform X1 [Pteropus alecto]	9402
XP_036188104.1	XP_015447864	28.956	297	505	594	55	7.30e-20	98.6	estrogen receptor isoform X1 [Pteropus alecto]	9402
XP_036188104.1	XP_024905242	28.956	297	505	594	55	7.30e-20	98.6	estrogen receptor isoform X1 [Pteropus alecto]	9402
XP_036188104.1	XP_015447863	28.956	297	505	594	55	7.30e-20	98.6	estrogen receptor isoform X1 [Pteropus alecto]	9402
XP_036188104.1	XP_015447860	28.956	297	505	594	55	7.30e-20	98.6	estrogen receptor isoform X1 [Pteropus alecto]	9402
XP_036188104.1	XP_006915824	28.956	297	505	594	55	7.30e-20	98.6	estrogen receptor isoform X1 [Pteropus alecto]	9402
XP_036188104.1	XP_070257401	35.882	170	505	504	29	7.35e-20	97.8	nuclear receptor subfamily 5 group A member 2 isoform X3 [Myotis yumanensis]	159337
XP_036188104.1	XP_039707283	28.904	301	505	547	56	7.50e-20	98.2	estrogen receptor isoform X2 [Pteropus medius]	143291
XP_036188104.1	XP_054426101	33.032	221	505	594	43	7.56e-20	98.2	estrogen receptor isoform X2 [Pteronotus mesoamericanus]	1884717
XP_036188104.1	XP_024905243	28.904	301	505	544	56	7.69e-20	98.2	estrogen receptor isoform X2 [Pteropus alecto]	9402
XP_036188104.1	XP_054418319	52.941	85	505	454	15	7.81e-20	97.4	nuclear receptor subfamily 4 group A member 2 isoform X3 [Pteronotus mesoamericanus]	1884717
XP_036188104.1	XP_080996799	29.236	301	505	595	55	7.93e-20	98.2	estrogen receptor [Miniopterus schreibersii]	9433
XP_036188104.1	XP_054432522	35.882	170	505	469	29	8.17e-20	97.4	nuclear receptor subfamily 5 group A member 2 isoform X3 [Pteronotus mesoamericanus]	1884717
XP_036188104.1	XP_036211054	35.294	170	505	543	29	8.46e-20	98.2	nuclear receptor subfamily 5 group A member 2 isoform X4 [Myotis myotis]	51298
XP_036188104.1	XP_070257400	35.882	170	505	472	29	8.71e-20	97.4	nuclear receptor subfamily 5 group A member 2 isoform X2 [Myotis yumanensis]	159337
XP_036188104.1	XP_014387840	35.882	170	505	514	29	9.00e-20	97.8	PREDICTED: nuclear receptor subfamily 5 group A member 2 [Myotis brandtii]	109478
XP_036188104.1	XP_037016768	35.294	170	505	501	29	9.26e-20	97.8	nuclear receptor subfamily 5 group A member 2 isoform X4 [Artibeus jamaicensis]	9417
XP_036188104.1	XP_024431884	34.706	170	505	541	29	9.88e-20	97.8	nuclear receptor subfamily 5 group A member 2 isoform X4 [Desmodus rotundus]	9430
XP_036188104.1	XP_037016769	35.294	170	505	541	29	9.97e-20	97.8	nuclear receptor subfamily 5 group A member 2 isoform X5 [Artibeus jamaicensis]	9417
XP_036188104.1	XP_066103989	32.444	225	505	465	43	1.01e-19	97.4	estrogen receptor isoform X2 [Saccopteryx bilineata]	59482
XP_036188104.1	XP_045040527	35.802	162	505	495	27	1.06e-19	97.4	nuclear receptor subfamily 5 group A member 2 isoform X2 [Desmodus rotundus]	9430
XP_036188104.1	XP_045040530	35.802	162	505	469	27	1.06e-19	97.4	nuclear receptor subfamily 5 group A member 2 isoform X3 [Desmodus rotundus]	9430
XP_036188104.1	XP_045040529	35.802	162	505	469	27	1.06e-19	97.4	nuclear receptor subfamily 5 group A member 2 isoform X3 [Desmodus rotundus]	9430
XP_036188104.1	XP_045040528	35.802	162	505	469	27	1.06e-19	97.4	nuclear receptor subfamily 5 group A member 2 isoform X3 [Desmodus rotundus]	9430
XP_036188104.1	XP_037016767	35.294	170	505	469	29	1.07e-19	97.1	nuclear receptor subfamily 5 group A member 2 isoform X3 [Artibeus jamaicensis]	9417
XP_036188104.1	XP_053774658	52.381	84	505	455	15	1.08e-19	97.1	nuclear receptor subfamily 4 group A member 2 isoform X6 [Desmodus rotundus]	9430
XP_036188104.1	XP_036211050	35.294	170	505	503	29	1.11e-19	97.4	nuclear receptor subfamily 5 group A member 2 isoform X1 [Myotis myotis]	51298
XP_036188104.1	XP_016051627	52.381	84	505	463	15	1.11e-19	97.1	PREDICTED: nuclear receptor subfamily 4 group A member 2 isoform X2 [Miniopterus natalensis]	291302
XP_036188104.1	XP_036211051	35.294	170	505	497	29	1.12e-19	97.4	nuclear receptor subfamily 5 group A member 2 isoform X2 [Myotis myotis]	51298
XP_036188104.1	XP_080936583	45.263	95	505	498	58	1.14e-19	97.4	nuclear receptor ROR-gamma isoform 3 [Rhinolophus hipposideros]	77218
XP_036188104.1	XP_080936583	29.064	203	505	498	58	7.29e-19	94.7	nuclear receptor ROR-gamma isoform 3 [Rhinolophus hipposideros]	77218
XP_036188104.1	XP_036211053	35.294	170	505	471	29	1.19e-19	97.1	nuclear receptor subfamily 5 group A member 2 isoform X3 [Myotis myotis]	51298
XP_036188104.1	XP_037016766	35.294	170	505	495	29	1.32e-19	97.1	nuclear receptor subfamily 5 group A member 2 isoform X2 [Artibeus jamaicensis]	9417
XP_036188104.1	XP_036090624	24.189	339	505	465	63	1.46e-19	96.7	nuclear receptor subfamily 1 group I member 3 isoform X2 [Rousettus aegyptiacus]	9407
XP_036188104.1	XP_054426100	32.735	223	505	596	43	1.54e-19	97.4	estrogen receptor isoform X1 [Pteronotus mesoamericanus]	1884717
XP_036188104.1	XP_045040526	34.706	170	505	541	29	1.57e-19	97.1	nuclear receptor subfamily 5 group A member 2 isoform X1 [Desmodus rotundus]	9430
XP_036188104.1	XP_079619709	35.882	170	505	510	29	1.67e-19	97.1	nuclear receptor subfamily 5 group A member 2 isoform 1 [Cnephaeus nilssonii]	3371016
XP_036188104.1	XP_066103988	32.444	225	505	595	43	1.70e-19	97.4	estrogen receptor isoform X1 [Saccopteryx bilineata]	59482
XP_036188104.1	XP_066103987	32.444	225	505	595	43	1.70e-19	97.4	estrogen receptor isoform X1 [Saccopteryx bilineata]	59482
XP_036188104.1	XP_066103986	32.444	225	505	595	43	1.70e-19	97.4	estrogen receptor isoform X1 [Saccopteryx bilineata]	59482
XP_036188104.1	XP_079619710	35.882	170	505	478	29	1.71e-19	96.7	nuclear receptor subfamily 5 group A member 2 isoform 2 [Cnephaeus nilssonii]	3371016
XP_036188104.1	XP_074178473	25.507	345	505	332	65	1.76e-19	94.7	nuclear receptor subfamily 1 group I member 3 isoform X4 [Rhinolophus sinicus]	89399
XP_036188104.1	XP_036926400	36.420	162	505	501	27	1.76e-19	96.7	nuclear receptor subfamily 5 group A member 2 isoform X3 [Sturnira hondurensis]	192404
XP_036188104.1	XP_036926399	54.545	77	505	469	15	1.89e-19	96.7	nuclear receptor subfamily 5 group A member 2 isoform X2 [Sturnira hondurensis]	192404
XP_036188104.1	XP_036926398	54.545	77	505	469	15	1.89e-19	96.7	nuclear receptor subfamily 5 group A member 2 isoform X2 [Sturnira hondurensis]	192404
XP_036188104.1	XP_074178474	25.680	331	505	315	63	1.92e-19	94.4	nuclear receptor subfamily 1 group I member 3 isoform X5 [Rhinolophus sinicus]	89399
XP_036188104.1	XP_054568997	35.882	170	505	550	29	1.99e-19	97.1	LOW QUALITY PROTEIN: nuclear receptor subfamily 5 group A member 2 [Eptesicus fuscus]	29078
XP_036188104.1	XP_037016765	35.294	170	505	531	29	1.99e-19	96.7	nuclear receptor subfamily 5 group A member 2 isoform X1 [Artibeus jamaicensis]	9417
XP_036188104.1	XP_014389556	52.941	85	505	507	15	2.01e-19	96.7	PREDICTED: nuclear receptor subfamily 4 group A member 2 isoform X6 [Myotis brandtii]	109478
XP_036188104.1	XP_036926397	54.545	77	505	495	15	2.07e-19	96.7	nuclear receptor subfamily 5 group A member 2 isoform X1 [Sturnira hondurensis]	192404
XP_036188104.1	XP_036926402	36.420	162	505	541	27	2.15e-19	96.7	nuclear receptor subfamily 5 group A member 2 isoform X4 [Sturnira hondurensis]	192404
XP_036188104.1	XP_053774656	52.381	84	505	510	15	2.39e-19	96.3	nuclear receptor subfamily 4 group A member 2 isoform X4 [Desmodus rotundus]	9430
XP_036188104.1	XP_035871976	34.706	170	505	501	29	2.49e-19	96.3	nuclear receptor subfamily 5 group A member 2 isoform X1 [Phyllostomus discolor]	89673
XP_036188104.1	XP_045673093	54.545	77	505	501	15	2.51e-19	96.3	nuclear receptor subfamily 5 group A member 2 isoform X1 [Phyllostomus hastatus]	9423
XP_036188104.1	XP_045673117	54.545	77	505	469	15	2.56e-19	96.3	nuclear receptor subfamily 5 group A member 2 isoform X4 [Phyllostomus hastatus]	9423
XP_036188104.1	XP_016001684	27.907	215	505	385	42	2.69e-19	95.1	nuclear receptor ROR-beta isoform X2 [Rousettus aegyptiacus]	9407
XP_036188104.1	XP_036883710	52.381	84	505	507	15	2.83e-19	96.3	nuclear receptor subfamily 4 group A member 2 isoform X5 [Sturnira hondurensis]	192404
XP_036188104.1	XP_074178471	25.680	331	505	354	63	2.89e-19	94.7	nuclear receptor subfamily 1 group I member 3 isoform X1 [Rhinolophus sinicus]	89399
XP_036188104.1	XP_035871978	54.545	77	505	469	15	3.10e-19	95.9	nuclear receptor subfamily 5 group A member 2 isoform X3 [Phyllostomus discolor]	89673
XP_036188104.1	XP_080507156	35.294	170	505	400	29	3.15e-19	95.1	nuclear receptor subfamily 5 group A member 2 isoform 4 [Plecotus auritus]	61862
XP_036188104.1	XP_080507154	35.294	170	505	472	29	3.16e-19	95.9	nuclear receptor subfamily 5 group A member 2 isoform 2 [Plecotus auritus]	61862
XP_036188104.1	XP_028387183	34.706	170	505	542	29	3.20e-19	96.3	nuclear receptor subfamily 5 group A member 2 isoform X4 [Phyllostomus discolor]	89673
XP_036188104.1	XP_080507155	35.294	170	505	400	29	3.24e-19	95.1	nuclear receptor subfamily 5 group A member 2 isoform 3 [Plecotus auritus]	61862
XP_036188104.1	XP_053774657	52.381	84	505	507	15	3.24e-19	95.9	nuclear receptor subfamily 4 group A member 2 isoform X5 [Desmodus rotundus]	9430
XP_036188104.1	XP_080507157	35.294	170	505	544	29	3.31e-19	96.3	nuclear receptor subfamily 5 group A member 2 isoform 5 [Plecotus auritus]	61862
XP_036188104.1	XP_045435917	49.451	91	505	438	16	3.35e-19	95.5	nuclear receptor subfamily 4 group A member 3 isoform X4 [Pipistrellus kuhlii]	59472
XP_036188104.1	XP_035871977	34.706	170	505	495	29	3.42e-19	95.9	nuclear receptor subfamily 5 group A member 2 isoform X2 [Phyllostomus discolor]	89673
XP_036188104.1	XP_054578876	52.381	84	505	507	15	3.43e-19	95.9	nuclear receptor subfamily 4 group A member 2 isoform X4 [Eptesicus fuscus]	29078
XP_036188104.1	XP_080507153	35.294	170	505	498	29	3.53e-19	95.9	nuclear receptor subfamily 5 group A member 2 isoform 1 [Plecotus auritus]	61862
XP_036188104.1	XP_045673108	54.545	77	505	495	15	3.67e-19	95.9	nuclear receptor subfamily 5 group A member 2 isoform X3 [Phyllostomus hastatus]	9423
XP_036188104.1	XP_032968790	52.381	84	505	507	15	3.92e-19	95.9	nuclear receptor subfamily 4 group A member 2 isoform X5 [Rhinolophus ferrumequinum]	59479
XP_036188104.1	XP_074192661	52.381	84	505	507	15	4.07e-19	95.9	nuclear receptor subfamily 4 group A member 2 isoform X4 [Rhinolophus sinicus]	89399
XP_036188104.1	XP_015424558	30.942	223	505	409	44	5.23e-19	94.7	PREDICTED: LOW QUALITY PROTEIN: steroid hormone receptor ERR1 [Myotis davidii]	225400
XP_036188104.1	XP_079623457	24.000	375	505	366	67	5.31e-19	94.0	nuclear receptor subfamily 1 group I member 2 isoform 2 [Cnephaeus nilssonii]	3371016
XP_036188104.1	XP_066229075	32.444	225	505	466	43	5.46e-19	95.1	estrogen receptor isoform X2 [Saccopteryx leptura]	249018
XP_036188104.1	XP_045673101	36.364	165	505	541	29	5.63e-19	95.5	nuclear receptor subfamily 5 group A member 2 isoform X2 [Phyllostomus hastatus]	9423
XP_036188104.1	XP_074178472	25.758	330	505	343	63	7.27e-19	93.2	nuclear receptor subfamily 1 group I member 3 isoform X3 [Rhinolophus sinicus]	89399
XP_036188104.1	XP_066229074	32.444	225	505	596	43	8.63e-19	95.1	estrogen receptor isoform X1 [Saccopteryx leptura]	249018
XP_036188104.1	XP_066229073	32.444	225	505	596	43	8.63e-19	95.1	estrogen receptor isoform X1 [Saccopteryx leptura]	249018
XP_036188104.1	XP_066229072	32.444	225	505	596	43	8.63e-19	95.1	estrogen receptor isoform X1 [Saccopteryx leptura]	249018
XP_036188104.1	XP_027992848	57.353	68	505	401	48	9.30e-19	93.6	retinoic acid receptor RXR-beta isoform X3 [Eptesicus fuscus]	29078
XP_036188104.1	XP_027992848	28.571	189	505	401	48	1.02e-12	75.5	retinoic acid receptor RXR-beta isoform X3 [Eptesicus fuscus]	29078
XP_036188104.1	XP_036212216	57.353	68	505	399	48	9.74e-19	93.6	retinoic acid receptor RXR-beta isoform X5 [Myotis myotis]	51298
XP_036188104.1	XP_036212216	28.571	189	505	399	48	8.74e-13	75.5	retinoic acid receptor RXR-beta isoform X5 [Myotis myotis]	51298
XP_036188104.1	XP_023602267	57.353	68	505	401	48	9.92e-19	93.6	retinoic acid receptor RXR-beta isoform X4 [Myotis lucifugus]	59463
XP_036188104.1	XP_023602267	28.571	189	505	401	48	8.84e-13	75.5	retinoic acid receptor RXR-beta isoform X4 [Myotis lucifugus]	59463
XP_036188104.1	XP_080950196	57.353	68	505	395	48	1.01e-18	93.6	retinoic acid receptor RXR-beta isoform 5 [Myotis nattereri]	109481
XP_036188104.1	XP_080950196	29.834	181	505	395	48	1.81e-12	74.7	retinoic acid receptor RXR-beta isoform 5 [Myotis nattereri]	109481
XP_036188104.1	XP_036270567	57.353	68	505	401	48	1.11e-18	93.6	retinoic acid receptor RXR-beta isoform X6 [Pipistrellus kuhlii]	59472
XP_036188104.1	XP_036270567	28.571	189	505	401	48	9.59e-13	75.5	retinoic acid receptor RXR-beta isoform X6 [Pipistrellus kuhlii]	59472
XP_036188104.1	XP_036078683	31.556	225	505	466	44	1.11e-18	94.0	estrogen receptor isoform X2 [Rousettus aegyptiacus]	9407
XP_036188104.1	XP_023384778	60.294	68	505	213	13	1.13e-18	89.7	COUP transcription factor 2, partial [Pteropus vampyrus]	132908
XP_036188104.1	XP_066101824	29.101	189	505	388	37	1.30e-18	93.2	retinoic acid receptor beta isoform X3 [Saccopteryx bilineata]	59482
XP_036188104.1	XP_015450884	27.703	296	505	414	56	1.30e-18	93.6	bile acid receptor [Pteropus alecto]	9402
XP_036188104.1	XP_036078680	31.674	221	505	595	43	1.31e-18	94.7	estrogen receptor isoform X1 [Rousettus aegyptiacus]	9407
XP_036188104.1	XP_036078677	31.674	221	505	595	43	1.31e-18	94.7	estrogen receptor isoform X1 [Rousettus aegyptiacus]	9407
XP_036188104.1	XP_036078671	31.674	221	505	595	43	1.31e-18	94.7	estrogen receptor isoform X1 [Rousettus aegyptiacus]	9407
XP_036188104.1	XP_036078666	31.674	221	505	595	43	1.31e-18	94.7	estrogen receptor isoform X1 [Rousettus aegyptiacus]	9407
XP_036188104.1	XP_036078661	31.674	221	505	595	43	1.31e-18	94.7	estrogen receptor isoform X1 [Rousettus aegyptiacus]	9407
XP_036188104.1	XP_036078657	31.674	221	505	595	43	1.31e-18	94.7	estrogen receptor isoform X1 [Rousettus aegyptiacus]	9407
XP_036188104.1	XP_016004649	31.674	221	505	595	43	1.31e-18	94.7	estrogen receptor isoform X1 [Rousettus aegyptiacus]	9407
XP_036188104.1	XP_080995952	58.209	67	505	403	48	1.35e-18	93.2	retinoic acid receptor RXR-beta isoform 5 [Miniopterus schreibersii]	9433
XP_036188104.1	XP_080995952	28.571	189	505	403	48	9.19e-13	75.5	retinoic acid receptor RXR-beta isoform 5 [Miniopterus schreibersii]	9433
XP_036188104.1	XP_080995953	58.209	67	505	399	48	1.40e-18	93.2	retinoic acid receptor RXR-beta isoform 6 [Miniopterus schreibersii]	9433
XP_036188104.1	XP_080995953	29.834	181	505	399	48	1.63e-12	74.7	retinoic acid receptor RXR-beta isoform 6 [Miniopterus schreibersii]	9433
XP_036188104.1	XP_066206947	29.101	189	505	388	37	1.47e-18	92.8	retinoic acid receptor beta isoform X3 [Saccopteryx leptura]	249018
XP_036188104.1	XP_039700060	60.294	68	505	498	13	1.60e-18	94.0	COUP transcription factor 2 [Pteropus medius]	143291
XP_036188104.1	XP_039717393	54.930	71	505	447	14	1.68e-18	93.6	nuclear receptor subfamily 6 group A member 1 [Pteropus medius]	143291
XP_036188104.1	XP_080501564	27.778	252	505	379	48	1.85e-18	92.4	oxysterols receptor LXR-beta isoform 6 [Plecotus auritus]	61862
XP_036188104.1	XP_045428759	47.000	100	505	473	55	2.03e-18	93.2	retinoic acid receptor RXR-beta isoform X4 [Pipistrellus kuhlii]	59472
XP_036188104.1	XP_045428759	27.979	193	505	473	55	1.74e-12	75.1	retinoic acid receptor RXR-beta isoform X4 [Pipistrellus kuhlii]	59472
XP_036188104.1	XP_014399702	55.405	74	505	602	49	2.28e-18	94.0	PREDICTED: retinoic acid receptor RXR-alpha [Myotis brandtii]	109478
XP_036188104.1	XP_014399702	28.108	185	505	602	49	1.83e-12	75.5	PREDICTED: retinoic acid receptor RXR-alpha [Myotis brandtii]	109478
XP_036188104.1	XP_080501561	27.778	252	505	439	48	2.88e-18	92.8	oxysterols receptor LXR-beta isoform 3 [Plecotus auritus]	61862
XP_036188104.1	XP_045041794	24.478	335	505	435	59	3.58e-18	92.4	nuclear receptor subfamily 1 group I member 2 isoform X1 [Desmodus rotundus]	9430
XP_036188104.1	XP_023612036	33.758	157	505	368	29	3.91e-18	91.3	hepatocyte nuclear factor 4-alpha [Myotis lucifugus]	59463
XP_036188104.1	XP_019495202	46.296	108	505	381	21	4.47e-18	91.3	PREDICTED: estrogen-related receptor gamma isoform X3 [Hipposideros armiger]	186990
XP_036188104.1	XP_019495201	46.296	108	505	381	21	4.47e-18	91.3	PREDICTED: estrogen-related receptor gamma isoform X3 [Hipposideros armiger]	186990
XP_036188104.1	XP_019495200	46.296	108	505	381	21	4.47e-18	91.3	PREDICTED: estrogen-related receptor gamma isoform X3 [Hipposideros armiger]	186990
XP_036188104.1	XP_019495199	46.296	108	505	381	21	4.47e-18	91.3	PREDICTED: estrogen-related receptor gamma isoform X3 [Hipposideros armiger]	186990
XP_036188104.1	XP_019495198	46.296	108	505	381	21	4.47e-18	91.3	PREDICTED: estrogen-related receptor gamma isoform X3 [Hipposideros armiger]	186990
XP_036188104.1	XP_019495197	46.296	108	505	381	21	4.47e-18	91.3	PREDICTED: estrogen-related receptor gamma isoform X3 [Hipposideros armiger]	186990
XP_036188104.1	XP_019495196	46.296	108	505	381	21	4.47e-18	91.3	PREDICTED: estrogen-related receptor gamma isoform X3 [Hipposideros armiger]	186990
XP_036188104.1	XP_019495195	46.296	108	505	381	21	4.47e-18	91.3	PREDICTED: estrogen-related receptor gamma isoform X3 [Hipposideros armiger]	186990
XP_036188104.1	XP_019495194	46.296	108	505	381	21	4.47e-18	91.3	PREDICTED: estrogen-related receptor gamma isoform X3 [Hipposideros armiger]	186990
XP_036188104.1	XP_019495193	46.296	108	505	381	21	4.47e-18	91.3	PREDICTED: estrogen-related receptor gamma isoform X3 [Hipposideros armiger]	186990
XP_036188104.1	XP_019495191	46.296	108	505	381	21	4.47e-18	91.3	PREDICTED: estrogen-related receptor gamma isoform X3 [Hipposideros armiger]	186990
XP_036188104.1	XP_019495190	46.296	108	505	381	21	4.47e-18	91.3	PREDICTED: estrogen-related receptor gamma isoform X3 [Hipposideros armiger]	186990
XP_036188104.1	XP_019484506	28.571	203	505	421	39	4.62e-18	92.0	PREDICTED: nuclear receptor ROR-gamma isoform X3 [Hipposideros armiger]	186990
XP_036188104.1	XP_019484505	28.571	203	505	421	39	4.62e-18	92.0	PREDICTED: nuclear receptor ROR-gamma isoform X3 [Hipposideros armiger]	186990
XP_036188104.1	XP_006905069	31.443	194	505	465	51	5.09e-18	92.0	LOW QUALITY PROTEIN: oxysterols receptor LXR-beta [Pteropus alecto]	9402
XP_036188104.1	XP_006905069	48.718	78	505	465	51	6.88e-14	79.3	LOW QUALITY PROTEIN: oxysterols receptor LXR-beta [Pteropus alecto]	9402
XP_036188104.1	XP_045712411	31.443	194	505	409	52	5.14e-18	91.7	oxysterols receptor LXR-beta isoform X2 [Phyllostomus hastatus]	9423
XP_036188104.1	XP_045712411	45.783	83	505	409	52	1.55e-14	80.9	oxysterols receptor LXR-beta isoform X2 [Phyllostomus hastatus]	9423
XP_036188104.1	XP_080892706	44.318	88	505	336	17	5.24e-18	90.5	nuclear receptor subfamily 2 group E member 1 isoform 2 [Rhinolophus hipposideros]	77218
XP_036188104.1	XP_045699427	44.318	88	505	336	17	5.38e-18	90.5	nuclear receptor subfamily 2 group E member 1 isoform X3 [Phyllostomus hastatus]	9423
XP_036188104.1	XP_019597034	31.443	194	505	455	52	5.61e-18	92.0	oxysterols receptor LXR-beta [Rhinolophus sinicus]	89399
XP_036188104.1	XP_019597034	45.783	83	505	455	52	1.70e-14	81.3	oxysterols receptor LXR-beta [Rhinolophus sinicus]	89399
XP_036188104.1	XP_019597033	31.443	194	505	455	52	5.61e-18	92.0	oxysterols receptor LXR-beta [Rhinolophus sinicus]	89399
XP_036188104.1	XP_019597033	45.783	83	505	455	52	1.70e-14	81.3	oxysterols receptor LXR-beta [Rhinolophus sinicus]	89399
XP_036188104.1	XP_019597032	31.443	194	505	455	52	5.61e-18	92.0	oxysterols receptor LXR-beta [Rhinolophus sinicus]	89399
XP_036188104.1	XP_019597032	45.783	83	505	455	52	1.70e-14	81.3	oxysterols receptor LXR-beta [Rhinolophus sinicus]	89399
XP_036188104.1	XP_036129944	31.443	194	505	459	52	5.74e-18	92.0	oxysterols receptor LXR-beta [Molossus molossus]	27622
XP_036188104.1	XP_036129944	45.783	83	505	459	52	1.58e-14	81.3	oxysterols receptor LXR-beta [Molossus molossus]	27622
XP_036188104.1	XP_036129943	31.443	194	505	459	52	5.74e-18	92.0	oxysterols receptor LXR-beta [Molossus molossus]	27622
XP_036188104.1	XP_036129943	45.783	83	505	459	52	1.58e-14	81.3	oxysterols receptor LXR-beta [Molossus molossus]	27622
XP_036188104.1	XP_019495189	46.296	108	505	386	21	5.85e-18	91.3	PREDICTED: estrogen-related receptor gamma isoform X2 [Hipposideros armiger]	186990
XP_036188104.1	XP_036293546	31.443	194	505	458	52	5.86e-18	92.0	oxysterols receptor LXR-beta [Pipistrellus kuhlii]	59472
XP_036188104.1	XP_036293546	45.783	83	505	458	52	1.75e-14	81.3	oxysterols receptor LXR-beta [Pipistrellus kuhlii]	59472
XP_036188104.1	XP_036293545	31.443	194	505	458	52	5.86e-18	92.0	oxysterols receptor LXR-beta [Pipistrellus kuhlii]	59472
XP_036188104.1	XP_036293545	45.783	83	505	458	52	1.75e-14	81.3	oxysterols receptor LXR-beta [Pipistrellus kuhlii]	59472
XP_036188104.1	XP_032985493	31.443	194	505	455	52	5.97e-18	91.7	oxysterols receptor LXR-beta [Rhinolophus ferrumequinum]	59479
XP_036188104.1	XP_032985493	45.783	83	505	455	52	1.64e-14	81.3	oxysterols receptor LXR-beta [Rhinolophus ferrumequinum]	59479
XP_036188104.1	XP_032985491	31.443	194	505	455	52	5.97e-18	91.7	oxysterols receptor LXR-beta [Rhinolophus ferrumequinum]	59479
XP_036188104.1	XP_032985491	45.783	83	505	455	52	1.64e-14	81.3	oxysterols receptor LXR-beta [Rhinolophus ferrumequinum]	59479
XP_036188104.1	XP_032985490	31.443	194	505	455	52	5.97e-18	91.7	oxysterols receptor LXR-beta [Rhinolophus ferrumequinum]	59479
XP_036188104.1	XP_032985490	45.783	83	505	455	52	1.64e-14	81.3	oxysterols receptor LXR-beta [Rhinolophus ferrumequinum]	59479
XP_036188104.1	XP_080887310	31.443	194	505	455	52	5.97e-18	91.7	oxysterols receptor LXR-beta isoform 1 [Rhinolophus hipposideros]	77218
XP_036188104.1	XP_080887310	45.783	83	505	455	52	1.64e-14	81.3	oxysterols receptor LXR-beta isoform 1 [Rhinolophus hipposideros]	77218
XP_036188104.1	XP_080887309	31.443	194	505	455	52	5.97e-18	91.7	oxysterols receptor LXR-beta isoform 1 [Rhinolophus hipposideros]	77218
XP_036188104.1	XP_080887309	45.783	83	505	455	52	1.64e-14	81.3	oxysterols receptor LXR-beta isoform 1 [Rhinolophus hipposideros]	77218
XP_036188104.1	XP_080887308	31.443	194	505	455	52	5.97e-18	91.7	oxysterols receptor LXR-beta isoform 1 [Rhinolophus hipposideros]	77218
XP_036188104.1	XP_080887308	45.783	83	505	455	52	1.64e-14	81.3	oxysterols receptor LXR-beta isoform 1 [Rhinolophus hipposideros]	77218
XP_036188104.1	XP_080887307	31.443	194	505	455	52	5.97e-18	91.7	oxysterols receptor LXR-beta isoform 1 [Rhinolophus hipposideros]	77218
XP_036188104.1	XP_080887307	45.783	83	505	455	52	1.64e-14	81.3	oxysterols receptor LXR-beta isoform 1 [Rhinolophus hipposideros]	77218
XP_036188104.1	XP_080887306	31.443	194	505	455	52	5.97e-18	91.7	oxysterols receptor LXR-beta isoform 1 [Rhinolophus hipposideros]	77218
XP_036188104.1	XP_080887306	45.783	83	505	455	52	1.64e-14	81.3	oxysterols receptor LXR-beta isoform 1 [Rhinolophus hipposideros]	77218
XP_036188104.1	XP_080887305	31.443	194	505	455	52	5.97e-18	91.7	oxysterols receptor LXR-beta isoform 1 [Rhinolophus hipposideros]	77218
XP_036188104.1	XP_080887305	45.783	83	505	455	52	1.64e-14	81.3	oxysterols receptor LXR-beta isoform 1 [Rhinolophus hipposideros]	77218
XP_036188104.1	XP_080887304	31.443	194	505	455	52	5.97e-18	91.7	oxysterols receptor LXR-beta isoform 1 [Rhinolophus hipposideros]	77218
XP_036188104.1	XP_080887304	45.783	83	505	455	52	1.64e-14	81.3	oxysterols receptor LXR-beta isoform 1 [Rhinolophus hipposideros]	77218
XP_036188104.1	XP_019513870	31.443	194	505	457	52	6.10e-18	91.7	PREDICTED: oxysterols receptor LXR-beta [Hipposideros armiger]	186990
XP_036188104.1	XP_019513870	45.783	83	505	457	52	1.66e-14	81.3	PREDICTED: oxysterols receptor LXR-beta [Hipposideros armiger]	186990
XP_036188104.1	XP_066230191	31.443	194	505	457	52	6.33e-18	91.7	oxysterols receptor LXR-beta [Saccopteryx leptura]	249018
XP_036188104.1	XP_066230191	45.783	83	505	457	52	1.48e-14	81.3	oxysterols receptor LXR-beta [Saccopteryx leptura]	249018
XP_036188104.1	XP_015419486	31.443	194	505	413	50	6.44e-18	91.3	PREDICTED: oxysterols receptor LXR-beta [Myotis davidii]	225400
XP_036188104.1	XP_015419486	49.315	73	505	413	50	3.87e-13	76.6	PREDICTED: oxysterols receptor LXR-beta [Myotis davidii]	225400
XP_036188104.1	XP_023375912	31.443	194	505	446	52	6.54e-18	91.7	oxysterols receptor LXR-beta isoform X2 [Pteropus vampyrus]	132908
XP_036188104.1	XP_023375912	45.783	83	505	446	52	1.24e-14	81.6	oxysterols receptor LXR-beta isoform X2 [Pteropus vampyrus]	132908
XP_036188104.1	XP_039734514	31.443	194	505	446	52	6.54e-18	91.7	oxysterols receptor LXR-beta isoform X2 [Pteropus medius]	143291
XP_036188104.1	XP_039734514	45.783	83	505	446	52	1.24e-14	81.6	oxysterols receptor LXR-beta isoform X2 [Pteropus medius]	143291
XP_036188104.1	XP_066127549	31.443	194	505	461	52	6.84e-18	91.7	oxysterols receptor LXR-beta [Saccopteryx bilineata]	59482
XP_036188104.1	XP_066127549	45.783	83	505	461	52	1.71e-14	81.3	oxysterols receptor LXR-beta [Saccopteryx bilineata]	59482
XP_036188104.1	XP_024422213	31.443	194	505	454	52	6.87e-18	91.7	oxysterols receptor LXR-beta [Desmodus rotundus]	9430
XP_036188104.1	XP_024422213	45.783	83	505	454	52	1.42e-14	81.3	oxysterols receptor LXR-beta [Desmodus rotundus]	9430
XP_036188104.1	XP_011372795	31.443	194	505	457	52	6.99e-18	91.7	oxysterols receptor LXR-beta isoform X1 [Pteropus vampyrus]	132908
XP_036188104.1	XP_011372795	45.783	83	505	457	52	1.58e-14	81.3	oxysterols receptor LXR-beta isoform X1 [Pteropus vampyrus]	132908
XP_036188104.1	XP_039734515	31.443	194	505	457	52	6.99e-18	91.7	oxysterols receptor LXR-beta isoform X1 [Pteropus medius]	143291
XP_036188104.1	XP_039734515	45.783	83	505	457	52	1.58e-14	81.3	oxysterols receptor LXR-beta isoform X1 [Pteropus medius]	143291
XP_036188104.1	XP_039734513	31.443	194	505	457	52	6.99e-18	91.7	oxysterols receptor LXR-beta isoform X1 [Pteropus medius]	143291
XP_036188104.1	XP_039734513	45.783	83	505	457	52	1.58e-14	81.3	oxysterols receptor LXR-beta isoform X1 [Pteropus medius]	143291
XP_036188104.1	XP_019495188	46.296	108	505	404	21	7.00e-18	91.3	PREDICTED: estrogen-related receptor gamma isoform X1 [Hipposideros armiger]	186990
XP_036188104.1	XP_045717576	46.296	108	505	404	21	7.13e-18	91.3	estrogen-related receptor gamma isoform X4 [Phyllostomus hastatus]	9423
XP_036188104.1	XP_045699424	44.318	88	505	418	17	7.34e-18	91.3	nuclear receptor subfamily 2 group E member 1 isoform X1 [Phyllostomus hastatus]	9423
XP_036188104.1	XP_054444744	31.443	194	505	457	52	7.45e-18	91.7	oxysterols receptor LXR-beta [Pteronotus mesoamericanus]	1884717
XP_036188104.1	XP_054444744	45.783	83	505	457	52	1.17e-14	81.6	oxysterols receptor LXR-beta [Pteronotus mesoamericanus]	1884717
XP_036188104.1	XP_015981586	29.146	199	505	443	39	7.70e-18	91.3	nuclear receptor ROR-gamma isoform X2 [Rousettus aegyptiacus]	9407
XP_036188104.1	XP_053515726	31.937	191	505	455	52	7.71e-18	91.7	oxysterols receptor LXR-beta [Artibeus jamaicensis]	9417
XP_036188104.1	XP_053515726	45.783	83	505	455	52	1.22e-14	81.6	oxysterols receptor LXR-beta [Artibeus jamaicensis]	9417
XP_036188104.1	XP_028376429	52.632	76	505	461	15	9.65e-18	91.3	steroidogenic factor 1 [Phyllostomus discolor]	89673
XP_036188104.1	XP_035878099	52.632	76	505	461	15	9.65e-18	91.3	steroidogenic factor 1 [Phyllostomus discolor]	89673
XP_036188104.1	XP_035878098	52.632	76	505	461	15	9.65e-18	91.3	steroidogenic factor 1 [Phyllostomus discolor]	89673
XP_036188104.1	XP_035878097	52.632	76	505	461	15	9.65e-18	91.3	steroidogenic factor 1 [Phyllostomus discolor]	89673
XP_036188104.1	XP_045702297	52.632	76	505	461	15	9.92e-18	91.3	steroidogenic factor 1 [Phyllostomus hastatus]	9423
XP_036188104.1	XP_045702296	52.632	76	505	461	15	9.92e-18	91.3	steroidogenic factor 1 [Phyllostomus hastatus]	9423
XP_036188104.1	XP_070252344	28.079	203	505	432	39	1.00e-17	90.9	nuclear receptor ROR-gamma isoform X2 [Myotis yumanensis]	159337
XP_036188104.1	XP_036124866	28.155	206	505	365	40	1.02e-17	90.1	retinoic acid receptor alpha isoform X2 [Molossus molossus]	27622
XP_036188104.1	XP_036124865	28.155	206	505	365	40	1.02e-17	90.1	retinoic acid receptor alpha isoform X2 [Molossus molossus]	27622
XP_036188104.1	XP_015974078	52.632	76	505	422	15	1.08e-17	90.9	steroid hormone receptor ERR1 isoform X1 [Rousettus aegyptiacus]	9407
XP_036188104.1	XP_015974077	52.632	76	505	422	15	1.08e-17	90.9	steroid hormone receptor ERR1 isoform X1 [Rousettus aegyptiacus]	9407
XP_036188104.1	XP_015974076	52.632	76	505	422	15	1.08e-17	90.9	steroid hormone receptor ERR1 isoform X1 [Rousettus aegyptiacus]	9407
XP_036188104.1	XP_015974075	52.632	76	505	422	15	1.08e-17	90.9	steroid hormone receptor ERR1 isoform X1 [Rousettus aegyptiacus]	9407
XP_036188104.1	XP_079625703	31.197	234	505	547	46	1.47e-17	91.3	estrogen receptor beta isoform 1 [Cnephaeus nilssonii]	3371016
XP_036188104.1	XP_079625702	31.197	234	505	547	46	1.47e-17	91.3	estrogen receptor beta isoform 1 [Cnephaeus nilssonii]	3371016
XP_036188104.1	XP_081009619	52.632	76	505	366	15	1.49e-17	89.7	steroid hormone receptor ERR1 isoform 2 [Miniopterus schreibersii]	9433
XP_036188104.1	XP_066097622	24.490	343	505	426	60	1.53e-17	90.5	nuclear receptor subfamily 1 group I member 2 isoform X2 [Saccopteryx bilineata]	59482
XP_036188104.1	XP_036892653	52.632	76	505	461	15	1.57e-17	90.5	steroidogenic factor 1 [Sturnira hondurensis]	192404
XP_036188104.1	XP_036892652	52.632	76	505	461	15	1.57e-17	90.5	steroidogenic factor 1 [Sturnira hondurensis]	192404
XP_036188104.1	XP_036892651	52.632	76	505	461	15	1.57e-17	90.5	steroidogenic factor 1 [Sturnira hondurensis]	192404
XP_036188104.1	XP_080503764	28.079	203	505	428	39	1.63e-17	90.1	nuclear receptor ROR-gamma isoform 2 [Plecotus auritus]	61862
XP_036188104.1	XP_080503763	28.079	203	505	428	39	1.63e-17	90.1	nuclear receptor ROR-gamma isoform 2 [Plecotus auritus]	61862
XP_036188104.1	XP_039739298	46.296	108	505	496	21	1.64e-17	90.9	estrogen-related receptor gamma isoform X4 [Pteropus medius]	143291
XP_036188104.1	XP_066223283	52.632	76	505	475	15	1.69e-17	90.5	steroidogenic factor 1 isoform X1 [Saccopteryx leptura]	249018
XP_036188104.1	XP_066223288	52.632	76	505	461	15	1.72e-17	90.5	steroidogenic factor 1 isoform X2 [Saccopteryx leptura]	249018
XP_036188104.1	XP_066223285	52.632	76	505	461	15	1.72e-17	90.5	steroidogenic factor 1 isoform X2 [Saccopteryx leptura]	249018
XP_036188104.1	XP_066223284	52.632	76	505	461	15	1.72e-17	90.5	steroidogenic factor 1 isoform X2 [Saccopteryx leptura]	249018
XP_036188104.1	XP_080524295	52.632	76	505	461	15	1.77e-17	90.5	steroidogenic factor 1 [Plecotus auritus]	61862
XP_036188104.1	XP_066112341	52.632	76	505	475	15	1.79e-17	90.5	steroidogenic factor 1 isoform X1 [Saccopteryx bilineata]	59482
XP_036188104.1	XP_036200096	28.079	203	505	433	39	1.84e-17	90.1	nuclear receptor ROR-gamma isoform X2 [Myotis myotis]	51298
XP_036188104.1	XP_066112345	52.632	76	505	461	15	1.85e-17	90.5	steroidogenic factor 1 isoform X2 [Saccopteryx bilineata]	59482
XP_036188104.1	XP_066112344	52.632	76	505	461	15	1.85e-17	90.5	steroidogenic factor 1 isoform X2 [Saccopteryx bilineata]	59482
XP_036188104.1	XP_066112343	52.632	76	505	461	15	1.85e-17	90.5	steroidogenic factor 1 isoform X2 [Saccopteryx bilineata]	59482
XP_036188104.1	XP_059531561	28.079	203	505	435	39	1.87e-17	90.1	nuclear receptor ROR-gamma isoform X2 [Myotis daubentonii]	98922
XP_036188104.1	XP_036117424	52.632	76	505	461	15	1.92e-17	90.5	steroidogenic factor 1 isoform X1 [Molossus molossus]	27622
XP_036188104.1	XP_037019452	52.632	76	505	461	15	1.98e-17	90.1	steroidogenic factor 1 [Artibeus jamaicensis]	9417
XP_036188104.1	XP_037019326	52.632	76	505	461	15	1.98e-17	90.1	steroidogenic factor 1 [Artibeus jamaicensis]	9417
XP_036188104.1	XP_037019254	52.632	76	505	461	15	1.98e-17	90.1	steroidogenic factor 1 [Artibeus jamaicensis]	9417
XP_036188104.1	XP_037019191	52.632	76	505	461	15	1.98e-17	90.1	steroidogenic factor 1 [Artibeus jamaicensis]	9417
XP_036188104.1	XP_037019122	52.632	76	505	461	15	1.98e-17	90.1	steroidogenic factor 1 [Artibeus jamaicensis]	9417
XP_036188104.1	XP_037019043	52.632	76	505	461	15	1.98e-17	90.1	steroidogenic factor 1 [Artibeus jamaicensis]	9417
XP_036188104.1	XP_037018967	52.632	76	505	461	15	1.98e-17	90.1	steroidogenic factor 1 [Artibeus jamaicensis]	9417
XP_036188104.1	XP_006918014	52.632	76	505	421	15	1.98e-17	90.1	steroidogenic factor 1 isoform X2 [Pteropus alecto]	9402
XP_036188104.1	XP_036117425	52.632	76	505	421	15	2.00e-17	90.1	steroidogenic factor 1 isoform X2 [Molossus molossus]	27622
XP_036188104.1	XP_053771512	52.632	76	505	461	15	2.03e-17	90.1	steroidogenic factor 1 [Desmodus rotundus]	9430
XP_036188104.1	XP_053771509	52.632	76	505	461	15	2.03e-17	90.1	steroidogenic factor 1 [Desmodus rotundus]	9430
XP_036188104.1	XP_024418108	52.632	76	505	461	15	2.03e-17	90.1	steroidogenic factor 1 [Desmodus rotundus]	9430
XP_036188104.1	XP_053771502	52.632	76	505	461	15	2.03e-17	90.1	steroidogenic factor 1 [Desmodus rotundus]	9430
XP_036188104.1	XP_045052809	52.632	76	505	461	15	2.03e-17	90.1	steroidogenic factor 1 [Desmodus rotundus]	9430
XP_036188104.1	XP_036185588	52.632	76	505	461	15	2.03e-17	90.1	steroidogenic factor 1 [Myotis myotis]	51298
XP_036188104.1	XP_036185587	52.632	76	505	461	15	2.03e-17	90.1	steroidogenic factor 1 [Myotis myotis]	51298
XP_036188104.1	XP_080923020	52.632	76	505	461	15	2.03e-17	90.1	steroidogenic factor 1 [Rhinolophus hipposideros]	77218
XP_036188104.1	XP_080977754	27.586	203	505	415	39	2.04e-17	89.7	nuclear receptor ROR-gamma isoform 2 [Miniopterus schreibersii]	9433
XP_036188104.1	XP_080977753	27.586	203	505	415	39	2.04e-17	89.7	nuclear receptor ROR-gamma isoform 2 [Miniopterus schreibersii]	9433
XP_036188104.1	XP_080977752	27.586	203	505	415	39	2.04e-17	89.7	nuclear receptor ROR-gamma isoform 2 [Miniopterus schreibersii]	9433
XP_036188104.1	XP_080977751	27.586	203	505	415	39	2.04e-17	89.7	nuclear receptor ROR-gamma isoform 2 [Miniopterus schreibersii]	9433
XP_036188104.1	XP_080977750	27.586	203	505	415	39	2.04e-17	89.7	nuclear receptor ROR-gamma isoform 2 [Miniopterus schreibersii]	9433
XP_036188104.1	XP_054440858	52.632	76	505	461	15	2.05e-17	90.1	steroidogenic factor 1 [Pteronotus mesoamericanus]	1884717
XP_036188104.1	XP_006918013	52.632	76	505	461	15	2.09e-17	90.1	steroidogenic factor 1 isoform X1 [Pteropus alecto]	9402
XP_036188104.1	XP_070286134	52.632	76	505	461	15	2.10e-17	90.1	steroidogenic factor 1 [Myotis yumanensis]	159337
XP_036188104.1	XP_080959844	52.632	76	505	461	15	2.10e-17	90.1	steroidogenic factor 1 [Myotis nattereri]	109481
XP_036188104.1	XP_045428022	52.632	76	505	461	15	2.12e-17	90.1	steroidogenic factor 1 [Pipistrellus kuhlii]	59472
XP_036188104.1	XP_066097621	24.633	341	505	450	60	2.19e-17	90.1	nuclear receptor subfamily 1 group I member 2 isoform X1 [Saccopteryx bilineata]	59482
XP_036188104.1	XP_059513967	52.632	76	505	462	15	2.28e-17	90.1	LOW QUALITY PROTEIN: steroidogenic factor 1 [Myotis daubentonii]	98922
XP_036188104.1	XP_054582783	52.632	76	505	461	15	2.28e-17	90.1	steroidogenic factor 1 [Eptesicus fuscus]	29078
XP_036188104.1	XP_081007133	52.632	76	505	461	15	2.28e-17	90.1	steroidogenic factor 1 [Miniopterus schreibersii]	9433
XP_036188104.1	XP_079646441	52.632	76	505	461	15	2.28e-17	90.1	steroidogenic factor 1 [Cnephaeus nilssonii]	3371016
XP_036188104.1	XP_019514327	52.632	76	505	461	15	2.30e-17	90.1	PREDICTED: steroidogenic factor 1 isoform X3 [Hipposideros armiger]	186990
XP_036188104.1	XP_074187097	52.632	76	505	461	15	2.39e-17	90.1	steroidogenic factor 1 [Rhinolophus sinicus]	89399
XP_036188104.1	XP_074187096	52.632	76	505	461	15	2.39e-17	90.1	steroidogenic factor 1 [Rhinolophus sinicus]	89399
XP_036188104.1	XP_074187095	52.632	76	505	461	15	2.39e-17	90.1	steroidogenic factor 1 [Rhinolophus sinicus]	89399
XP_036188104.1	XP_032979411	52.632	76	505	461	15	2.41e-17	90.1	steroidogenic factor 1 [Rhinolophus ferrumequinum]	59479
XP_036188104.1	XP_015992907	52.632	76	505	461	15	2.50e-17	90.1	steroidogenic factor 1 [Rousettus aegyptiacus]	9407
XP_036188104.1	XP_015992906	52.632	76	505	461	15	2.50e-17	90.1	steroidogenic factor 1 [Rousettus aegyptiacus]	9407
XP_036188104.1	XP_015992905	52.632	76	505	461	15	2.50e-17	90.1	steroidogenic factor 1 [Rousettus aegyptiacus]	9407
XP_036188104.1	XP_019514328	52.632	76	505	434	15	2.72e-17	89.7	PREDICTED: steroidogenic factor 1 isoform X4 [Hipposideros armiger]	186990
XP_036188104.1	XP_023599686	30.769	234	505	552	46	2.83e-17	90.1	estrogen receptor beta isoform X1 [Myotis lucifugus]	59463
XP_036188104.1	XP_039717391	52.632	76	505	394	15	2.91e-17	89.4	steroidogenic factor 1 [Pteropus medius]	143291
XP_036188104.1	XP_036308902	28.079	203	505	436	39	3.16e-17	89.4	nuclear receptor ROR-gamma isoform X4 [Pipistrellus kuhlii]	59472
XP_036188104.1	XP_011362607	52.632	76	505	461	15	3.31e-17	89.7	steroidogenic factor 1 isoform X1 [Pteropus vampyrus]	132908
XP_036188104.1	XP_011362608	52.632	76	505	421	15	3.36e-17	89.4	steroidogenic factor 1 isoform X2 [Pteropus vampyrus]	132908
XP_036188104.1	XP_036090623	24.784	347	505	501	63	3.39e-17	89.7	nuclear receptor subfamily 1 group I member 3 isoform X1 [Rousettus aegyptiacus]	9407
XP_036188104.1	XP_070274739	30.769	234	505	554	46	3.79e-17	89.7	estrogen receptor beta [Myotis yumanensis]	159337
XP_036188104.1	XP_019514326	52.632	76	505	486	15	3.81e-17	89.7	PREDICTED: steroidogenic factor 1 isoform X2 [Hipposideros armiger]	186990
XP_036188104.1	XP_036090627	24.930	357	505	407	63	4.18e-17	89.0	nuclear receptor subfamily 1 group I member 3 isoform X5 [Rousettus aegyptiacus]	9407
XP_036188104.1	XP_036090625	24.784	347	505	454	63	4.49e-17	89.0	nuclear receptor subfamily 1 group I member 3 isoform X3 [Rousettus aegyptiacus]	9407
XP_036188104.1	XP_036122792	30.769	234	505	552	46	4.93e-17	89.4	estrogen receptor beta isoform X1 [Molossus molossus]	27622
XP_036188104.1	XP_005874096	30.769	234	505	539	46	4.96e-17	89.4	PREDICTED: estrogen receptor beta [Myotis brandtii]	109478
XP_036188104.1	XP_019514325	52.632	76	505	486	15	6.19e-17	89.0	PREDICTED: steroidogenic factor 1 isoform X1 [Hipposideros armiger]	186990
XP_036188104.1	XP_019514324	52.632	76	505	486	15	6.19e-17	89.0	PREDICTED: steroidogenic factor 1 isoform X1 [Hipposideros armiger]	186990
XP_036188104.1	XP_019514323	52.632	76	505	486	15	6.19e-17	89.0	PREDICTED: steroidogenic factor 1 isoform X1 [Hipposideros armiger]	186990
XP_036188104.1	XP_019514322	52.632	76	505	486	15	6.19e-17	89.0	PREDICTED: steroidogenic factor 1 isoform X1 [Hipposideros armiger]	186990
XP_036188104.1	XP_036290261	31.197	234	505	547	46	6.47e-17	89.0	estrogen receptor beta [Pipistrellus kuhlii]	59472
XP_036188104.1	XP_008137180	31.915	235	505	528	46	7.71e-17	89.0	estrogen receptor beta [Eptesicus fuscus]	29078
XP_036188104.1	XP_039731143	29.508	244	505	605	46	1.23e-16	88.6	estrogen receptor beta isoform X1 [Pteropus medius]	143291
XP_036188104.1	XP_019511863	31.325	166	505	262	32	1.81e-16	84.7	PREDICTED: oxysterols receptor LXR-alpha, partial [Hipposideros armiger]	186990
XP_036188104.1	XP_053784234	30.342	234	505	540	46	2.23e-16	87.4	estrogen receptor beta [Desmodus rotundus]	9430
XP_036188104.1	XP_019588970	30.317	221	505	553	44	2.76e-16	87.0	estrogen receptor beta isoform X1 [Rhinolophus sinicus]	89399
XP_036188104.1	XP_074183487	30.317	221	505	553	44	2.76e-16	87.0	estrogen receptor beta isoform X1 [Rhinolophus sinicus]	89399
XP_036188104.1	XP_074183486	30.317	221	505	553	44	2.76e-16	87.0	estrogen receptor beta isoform X1 [Rhinolophus sinicus]	89399
XP_036188104.1	XP_074183485	30.317	221	505	553	44	2.76e-16	87.0	estrogen receptor beta isoform X1 [Rhinolophus sinicus]	89399
XP_036188104.1	XP_054451234	48.649	74	505	495	35	2.80e-16	87.0	nuclear receptor subfamily 1 group D member 2 isoform X3 [Pteronotus mesoamericanus]	1884717
XP_036188104.1	XP_054451234	38.679	106	505	495	35	7.94e-12	73.2	nuclear receptor subfamily 1 group D member 2 isoform X3 [Pteronotus mesoamericanus]	1884717
XP_036188104.1	XP_016066444	46.988	83	505	473	15	2.98e-16	86.7	PREDICTED: steroidogenic factor 1 [Miniopterus natalensis]	291302
XP_036188104.1	XP_074183490	30.317	221	505	578	44	3.07e-16	87.0	estrogen receptor beta isoform X3 [Rhinolophus sinicus]	89399
XP_036188104.1	XP_032962849	30.317	221	505	553	44	3.07e-16	87.0	estrogen receptor beta [Rhinolophus ferrumequinum]	59479
XP_036188104.1	XP_080542416	30.342	234	505	547	46	3.16e-16	87.0	estrogen receptor beta isoform 1 [Plecotus auritus]	61862
XP_036188104.1	XP_074183489	30.317	221	505	544	44	3.31e-16	87.0	estrogen receptor beta isoform X2 [Rhinolophus sinicus]	89399
XP_036188104.1	XP_074183488	30.317	221	505	544	44	3.31e-16	87.0	estrogen receptor beta isoform X2 [Rhinolophus sinicus]	89399
XP_036188104.1	XP_081002363	30.769	234	505	535	46	3.44e-16	87.0	estrogen receptor beta [Miniopterus schreibersii]	9433
XP_036188104.1	XP_080905589	30.317	221	505	553	44	3.67e-16	86.7	estrogen receptor beta [Rhinolophus hipposideros]	77218
XP_036188104.1	XP_036094204	30.342	234	505	576	46	4.72e-16	86.7	estrogen receptor beta isoform X1 [Rousettus aegyptiacus]	9407
XP_036188104.1	XP_036094203	30.342	234	505	576	46	4.72e-16	86.7	estrogen receptor beta isoform X1 [Rousettus aegyptiacus]	9407
XP_036188104.1	XP_036094202	30.342	234	505	576	46	4.72e-16	86.7	estrogen receptor beta isoform X1 [Rousettus aegyptiacus]	9407
XP_036188104.1	XP_036094201	30.342	234	505	576	46	4.72e-16	86.7	estrogen receptor beta isoform X1 [Rousettus aegyptiacus]	9407
XP_036188104.1	XP_015997258	30.342	234	505	576	46	4.72e-16	86.7	estrogen receptor beta isoform X1 [Rousettus aegyptiacus]	9407
XP_036188104.1	XP_015997257	30.342	234	505	576	46	4.72e-16	86.7	estrogen receptor beta isoform X1 [Rousettus aegyptiacus]	9407
XP_036188104.1	XP_015414912	29.915	234	505	547	46	4.85e-16	86.3	PREDICTED: estrogen receptor beta [Myotis davidii]	225400
XP_036188104.1	XP_023382865	30.342	234	505	576	46	4.98e-16	86.7	estrogen receptor beta isoform X1 [Pteropus vampyrus]	132908
XP_036188104.1	XP_039731144	30.342	234	505	576	46	4.98e-16	86.7	estrogen receptor beta isoform X2 [Pteropus medius]	143291
XP_036188104.1	XP_036181148	29.915	234	505	547	46	5.07e-16	86.3	estrogen receptor beta [Myotis myotis]	51298
XP_036188104.1	XP_036094205	30.342	234	505	551	46	5.17e-16	86.3	estrogen receptor beta isoform X2 [Rousettus aegyptiacus]	9407
XP_036188104.1	XP_059549965	29.915	234	505	547	46	5.30e-16	86.3	estrogen receptor beta [Myotis daubentonii]	98922
XP_036188104.1	XP_024904860	30.342	234	505	578	46	5.71e-16	86.3	estrogen receptor beta isoform X1 [Pteropus alecto]	9402
XP_036188104.1	XP_006915175	30.342	234	505	553	46	5.99e-16	86.3	estrogen receptor beta isoform X2 [Pteropus alecto]	9402
XP_036188104.1	XP_011382860	30.342	234	505	551	46	6.07e-16	86.3	estrogen receptor beta isoform X2 [Pteropus vampyrus]	132908
XP_036188104.1	XP_039731145	30.342	234	505	551	46	6.07e-16	86.3	estrogen receptor beta isoform X3 [Pteropus medius]	143291
XP_036188104.1	XP_016078644	30.769	182	505	425	36	6.58e-16	85.5	PREDICTED: bile acid receptor isoform X5 [Miniopterus natalensis]	291302
XP_036188104.1	XP_080942364	29.915	234	505	660	46	7.39e-16	86.3	estrogen receptor beta [Myotis nattereri]	109481
XP_036188104.1	XP_036107922	30.220	182	505	425	36	7.75e-16	85.1	bile acid receptor isoform X5 [Molossus molossus]	27622
XP_036188104.1	XP_016079275	30.342	234	505	535	46	9.67e-16	85.5	PREDICTED: estrogen receptor beta [Miniopterus natalensis]	291302
XP_036188104.1	XP_016079274	30.342	234	505	535	46	9.67e-16	85.5	PREDICTED: estrogen receptor beta [Miniopterus natalensis]	291302
XP_036188104.1	XP_016079273	30.342	234	505	535	46	9.67e-16	85.5	PREDICTED: estrogen receptor beta [Miniopterus natalensis]	291302
XP_036188104.1	XP_016079272	30.342	234	505	535	46	9.67e-16	85.5	PREDICTED: estrogen receptor beta [Miniopterus natalensis]	291302
XP_036188104.1	XP_019487655	30.317	221	505	550	44	1.11e-15	85.5	PREDICTED: estrogen receptor beta isoform X1 [Hipposideros armiger]	186990
XP_036188104.1	XP_019487658	30.317	221	505	545	44	1.12e-15	85.1	PREDICTED: estrogen receptor beta isoform X2 [Hipposideros armiger]	186990
XP_036188104.1	XP_019487657	30.317	221	505	545	44	1.12e-15	85.1	PREDICTED: estrogen receptor beta isoform X2 [Hipposideros armiger]	186990
XP_036188104.1	XP_019487656	30.317	221	505	545	44	1.12e-15	85.1	PREDICTED: estrogen receptor beta isoform X2 [Hipposideros armiger]	186990
XP_036188104.1	XP_019487659	29.956	227	505	436	44	1.24e-15	84.7	PREDICTED: estrogen receptor beta isoform X3 [Hipposideros armiger]	186990
XP_036188104.1	XP_045699435	30.579	242	505	504	46	1.30e-15	85.1	estrogen receptor isoform X3 [Phyllostomus hastatus]	9423
XP_036188104.1	XP_037015750	29.915	234	505	540	46	1.30e-15	85.1	estrogen receptor beta isoform X1 [Artibeus jamaicensis]	9417
XP_036188104.1	XP_039692678	52.055	73	505	260	14	1.46e-15	82.0	thyroid hormone receptor beta isoform X2 [Pteropus medius]	143291
XP_036188104.1	XP_006769465	30.769	182	505	471	36	1.53e-15	84.7	PREDICTED: bile acid receptor [Myotis davidii]	225400
XP_036188104.1	XP_036887517	29.915	234	505	544	46	1.72e-15	84.7	estrogen receptor beta [Sturnira hondurensis]	192404
XP_036188104.1	XP_039692684	52.055	73	505	244	14	1.88e-15	81.3	thyroid hormone receptor beta isoform X5 [Pteropus medius]	143291
XP_036188104.1	XP_039692683	52.055	73	505	244	14	1.88e-15	81.3	thyroid hormone receptor beta isoform X5 [Pteropus medius]	143291
XP_036188104.1	XP_039692682	52.055	73	505	244	14	1.88e-15	81.3	thyroid hormone receptor beta isoform X5 [Pteropus medius]	143291
XP_036188104.1	XP_039692681	52.055	73	505	244	14	1.88e-15	81.3	thyroid hormone receptor beta isoform X5 [Pteropus medius]	143291
XP_036188104.1	XP_054422999	29.915	234	505	540	46	1.93e-15	84.7	estrogen receptor beta [Pteronotus mesoamericanus]	1884717
XP_036188104.1	XP_039692679	52.055	73	505	256	14	2.20e-15	81.3	thyroid hormone receptor beta isoform X3 [Pteropus medius]	143291
XP_036188104.1	XP_066130909	29.565	230	505	565	45	2.42e-15	84.3	estrogen receptor beta [Saccopteryx bilineata]	59482
XP_036188104.1	XP_039692677	52.055	73	505	275	14	2.44e-15	81.6	thyroid hormone receptor beta isoform X1 [Pteropus medius]	143291
XP_036188104.1	XP_039692676	52.055	73	505	275	14	2.44e-15	81.6	thyroid hormone receptor beta isoform X1 [Pteropus medius]	143291
XP_036188104.1	XP_039692675	52.055	73	505	275	14	2.44e-15	81.6	thyroid hormone receptor beta isoform X1 [Pteropus medius]	143291
XP_036188104.1	XP_039692674	52.055	73	505	275	14	2.44e-15	81.6	thyroid hormone receptor beta isoform X1 [Pteropus medius]	143291
XP_036188104.1	XP_039692673	52.055	73	505	275	14	2.44e-15	81.6	thyroid hormone receptor beta isoform X1 [Pteropus medius]	143291
XP_036188104.1	XP_045704702	25.439	342	505	332	64	2.74e-15	82.4	photoreceptor-specific nuclear receptor isoform X5 [Phyllostomus hastatus]	9423
XP_036188104.1	XP_066197946	29.565	230	505	565	45	3.31e-15	84.0	estrogen receptor beta [Saccopteryx leptura]	249018
XP_036188104.1	XP_039692680	52.055	73	505	251	14	3.31e-15	80.9	thyroid hormone receptor beta isoform X4 [Pteropus medius]	143291
XP_036188104.1	XP_006914625	30.220	182	505	425	36	3.61e-15	83.2	bile acid receptor isoform X5 [Pteropus alecto]	9402
XP_036188104.1	XP_011384973	30.220	182	505	425	36	3.81e-15	83.2	bile acid receptor isoform X5 [Pteropus vampyrus]	132908
XP_036188104.1	XP_028363077	29.487	234	505	540	46	4.03e-15	83.6	estrogen receptor beta [Phyllostomus discolor]	89673
XP_036188104.1	XP_080993704	23.876	356	505	325	68	6.63e-15	81.3	nuclear receptor subfamily 1 group I member 2 isoform 2 [Miniopterus schreibersii]	9433
XP_036188104.1	XP_080993703	23.876	356	505	325	68	6.63e-15	81.3	nuclear receptor subfamily 1 group I member 2 isoform 2 [Miniopterus schreibersii]	9433
XP_036188104.1	XP_045679167	29.487	234	505	534	46	7.73e-15	82.8	estrogen receptor beta [Phyllostomus hastatus]	9423
XP_036188104.1	XP_080993702	23.684	380	505	367	68	7.81e-15	81.6	nuclear receptor subfamily 1 group I member 2 isoform 1 [Miniopterus schreibersii]	9433
XP_036188104.1	XP_080993701	23.684	380	505	367	68	7.81e-15	81.6	nuclear receptor subfamily 1 group I member 2 isoform 1 [Miniopterus schreibersii]	9433
XP_036188104.1	XP_059514420	25.220	341	505	331	64	1.67e-14	80.1	photoreceptor-specific nuclear receptor isoform X1 [Myotis daubentonii]	98922
XP_036188104.1	XP_016059497	38.843	121	505	386	43	1.80e-14	80.5	PREDICTED: oxysterols receptor LXR-alpha isoform X2 [Miniopterus natalensis]	291302
XP_036188104.1	XP_016059497	33.929	112	505	386	43	1.24e-12	75.1	PREDICTED: oxysterols receptor LXR-alpha isoform X2 [Miniopterus natalensis]	291302
XP_036188104.1	XP_036122800	47.727	88	505	461	17	3.93e-14	80.1	estrogen receptor beta isoform X2 [Molossus molossus]	27622
XP_036188104.1	XP_080920164	28.689	244	505	929	47	1.00e-13	79.7	progesterone receptor isoform 1 [Rhinolophus hipposideros]	77218
XP_036188104.1	XP_032976588	28.279	244	505	929	47	1.17e-13	79.7	progesterone receptor isoform X1 [Rhinolophus ferrumequinum]	59479
XP_036188104.1	XP_023599687	46.591	88	505	461	17	1.24e-13	78.6	estrogen receptor beta isoform X2 [Myotis lucifugus]	59463
XP_036188104.1	XP_059564055	28.112	249	505	925	48	1.38e-13	79.3	progesterone receptor [Myotis daubentonii]	98922
XP_036188104.1	XP_074191668	28.279	244	505	929	47	1.42e-13	79.3	progesterone receptor [Rhinolophus sinicus]	89399
XP_036188104.1	XP_080954260	28.112	249	505	925	48	1.44e-13	79.3	progesterone receptor [Myotis nattereri]	109481
XP_036188104.1	XP_036180499	28.112	249	505	927	48	1.44e-13	79.3	progesterone receptor [Myotis myotis]	51298
XP_036188104.1	XP_053781728	27.459	244	505	930	47	1.59e-13	79.0	progesterone receptor isoform X1 [Desmodus rotundus]	9430
XP_036188104.1	XP_080542417	49.367	79	505	437	15	1.99e-13	77.8	estrogen receptor beta isoform 2 [Plecotus auritus]	61862
XP_036188104.1	XP_070282017	28.112	249	505	926	48	2.32e-13	78.6	progesterone receptor [Myotis yumanensis]	159337
XP_036188104.1	XP_053529321	48.101	79	505	443	15	1.40e-12	75.1	estrogen receptor beta isoform X2 [Artibeus jamaicensis]	9417
XP_036188104.1	XP_032948808	47.222	72	505	385	14	2.60e-12	73.9	nuclear receptor subfamily 1 group I member 3 isoform X1 [Rhinolophus ferrumequinum]	59479
XP_036188104.1	XP_032948809	47.222	72	505	380	14	2.66e-12	73.9	nuclear receptor subfamily 1 group I member 3 isoform X2 [Rhinolophus ferrumequinum]	59479
XP_036188104.1	XP_006907564	27.962	211	505	928	42	3.27e-12	75.1	progesterone receptor isoform X1 [Pteropus alecto]	9402
XP_036188104.1	XP_006109089	29.282	181	505	257	35	6.86e-12	71.2	retinoic acid receptor RXR-gamma, partial [Myotis lucifugus]	59463
XP_036188104.1	XP_054583263	28.649	185	505	381	35	7.30e-12	72.4	retinoic acid receptor RXR-alpha isoform X1 [Eptesicus fuscus]	29078
XP_036188104.1	XP_016065916	40.741	81	505	308	16	3.58e-11	69.7	PREDICTED: LOW QUALITY PROTEIN: nuclear receptor subfamily 1 group I member 3 [Miniopterus natalensis]	291302
