XP_036189517.1	XP_036189517	100.000	301	301	301	100	0.0	617	mitochondrial carnitine/acylcarnitine carrier protein [Myotis myotis]	51298
XP_036189517.1	XP_070247322	99.668	301	301	301	100	0.0	614	mitochondrial carnitine/acylcarnitine carrier protein [Myotis yumanensis]	159337
XP_036189517.1	XP_059520793	99.668	301	301	301	100	0.0	614	mitochondrial carnitine/acylcarnitine carrier protein [Myotis daubentonii]	98922
XP_036189517.1	XP_014394433	99.668	301	301	301	100	0.0	614	PREDICTED: mitochondrial carnitine/acylcarnitine carrier protein [Myotis brandtii]	109478
XP_036189517.1	XP_080962716	99.336	301	301	301	100	0.0	613	mitochondrial carnitine/acylcarnitine carrier protein isoform 1 [Myotis nattereri]	109481
XP_036189517.1	XP_006106178	99.336	301	301	301	100	0.0	611	mitochondrial carnitine/acylcarnitine carrier protein isoform X1 [Myotis lucifugus]	59463
XP_036189517.1	XP_008154062	97.674	301	301	301	100	0.0	605	mitochondrial carnitine/acylcarnitine carrier protein [Eptesicus fuscus]	29078
XP_036189517.1	XP_080529683	98.007	301	301	301	100	0.0	605	mitochondrial carnitine/acylcarnitine carrier protein [Plecotus auritus]	61862
XP_036189517.1	XP_054450481	95.349	301	301	301	100	0.0	596	mitochondrial carnitine/acylcarnitine carrier protein [Pteronotus mesoamericanus]	1884717
XP_036189517.1	XP_036123197	95.017	301	301	301	100	0.0	596	mitochondrial carnitine/acylcarnitine carrier protein isoform X1 [Molossus molossus]	27622
XP_036189517.1	XP_036288247	96.346	301	301	301	100	0.0	595	mitochondrial carnitine/acylcarnitine carrier protein isoform X1 [Pipistrellus kuhlii]	59472
XP_036189517.1	XP_079651077	96.678	301	301	300	100	0.0	595	mitochondrial carnitine/acylcarnitine carrier protein [Cnephaeus nilssonii]	3371016
XP_036189517.1	XP_036984365	94.684	301	301	301	100	0.0	595	mitochondrial carnitine/acylcarnitine carrier protein isoform X1 [Artibeus jamaicensis]	9417
XP_036189517.1	XP_024421920	94.684	301	301	301	100	0.0	593	mitochondrial carnitine/acylcarnitine carrier protein [Desmodus rotundus]	9430
XP_036189517.1	XP_066207387	94.352	301	301	301	100	0.0	593	mitochondrial carnitine/acylcarnitine carrier protein [Saccopteryx leptura]	249018
XP_036189517.1	XP_016005364	94.684	301	301	301	100	0.0	592	mitochondrial carnitine/acylcarnitine carrier protein isoform X1 [Rousettus aegyptiacus]	9407
XP_036189517.1	XP_066101425	94.020	301	301	301	100	0.0	592	mitochondrial carnitine/acylcarnitine carrier protein [Saccopteryx bilineata]	59482
XP_036189517.1	XP_019490042	93.688	301	301	301	100	0.0	590	PREDICTED: mitochondrial carnitine/acylcarnitine carrier protein [Hipposideros armiger]	186990
XP_036189517.1	XP_019579475	94.352	301	301	301	100	0.0	589	mitochondrial carnitine/acylcarnitine carrier protein [Rhinolophus sinicus]	89399
XP_036189517.1	XP_016058316	94.020	301	301	301	100	0.0	589	PREDICTED: mitochondrial carnitine/acylcarnitine carrier protein isoform X1 [Miniopterus natalensis]	291302
XP_036189517.1	XP_045712887	94.020	301	301	301	100	0.0	589	mitochondrial carnitine/acylcarnitine carrier protein [Phyllostomus hastatus]	9423
XP_036189517.1	XP_028374688	94.020	301	301	301	100	0.0	589	mitochondrial carnitine/acylcarnitine carrier protein isoform X1 [Phyllostomus discolor]	89673
XP_036189517.1	XP_081016794	94.020	301	301	301	100	0.0	589	mitochondrial carnitine/acylcarnitine carrier protein [Miniopterus schreibersii]	9433
XP_036189517.1	XP_036905683	93.688	301	301	301	100	0.0	588	mitochondrial carnitine/acylcarnitine carrier protein [Sturnira hondurensis]	192404
XP_036189517.1	XP_011373687	93.688	301	301	301	100	0.0	588	mitochondrial carnitine/acylcarnitine carrier protein [Pteropus vampyrus]	132908
XP_036189517.1	XP_039693620	93.688	301	301	301	100	0.0	588	mitochondrial carnitine/acylcarnitine carrier protein [Pteropus medius]	143291
XP_036189517.1	XP_032987988	94.020	301	301	301	100	0.0	585	mitochondrial carnitine/acylcarnitine carrier protein [Rhinolophus ferrumequinum]	59479
XP_036189517.1	XP_080928162	93.688	301	301	301	100	0.0	585	mitochondrial carnitine/acylcarnitine carrier protein isoform 1 [Rhinolophus hipposideros]	77218
XP_036189517.1	XP_006909126	90.615	309	301	309	100	0.0	577	mitochondrial carnitine/acylcarnitine carrier protein [Pteropus alecto]	9402
XP_036189517.1	XP_080928163	93.023	301	301	299	100	0.0	575	mitochondrial carnitine/acylcarnitine carrier protein isoform 2 [Rhinolophus hipposideros]	77218
XP_036189517.1	XP_080962717	99.203	251	301	251	83	0.0	512	mitochondrial carnitine/acylcarnitine carrier protein isoform 2 [Myotis nattereri]	109481
XP_036189517.1	XP_023602709	99.203	251	301	251	83	0.0	509	mitochondrial carnitine/acylcarnitine carrier protein isoform X2 [Myotis lucifugus]	59463
XP_036189517.1	XP_006770643	92.937	269	301	315	89	0.0	505	PREDICTED: mitochondrial carnitine/acylcarnitine carrier protein [Myotis davidii]	225400
XP_036189517.1	XP_036123199	94.422	251	301	251	83	3.27e-178	496	mitochondrial carnitine/acylcarnitine carrier protein isoform X2 [Molossus molossus]	27622
XP_036189517.1	XP_036123198	94.422	251	301	251	83	3.27e-178	496	mitochondrial carnitine/acylcarnitine carrier protein isoform X2 [Molossus molossus]	27622
XP_036189517.1	XP_016005365	94.821	251	301	251	83	7.77e-178	495	mitochondrial carnitine/acylcarnitine carrier protein isoform X2 [Rousettus aegyptiacus]	9407
XP_036189517.1	XP_036984366	93.625	251	301	251	83	4.21e-177	493	mitochondrial carnitine/acylcarnitine carrier protein isoform X2 [Artibeus jamaicensis]	9417
XP_036189517.1	XP_045435566	97.107	242	301	287	96	6.86e-172	481	mitochondrial carnitine/acylcarnitine carrier protein isoform X2 [Pipistrellus kuhlii]	59472
XP_036189517.1	XP_045435566	26.257	179	301	287	96	3.34e-11	68.2	mitochondrial carnitine/acylcarnitine carrier protein isoform X2 [Pipistrellus kuhlii]	59472
XP_036189517.1	XP_035886250	95.397	239	301	250	96	2.39e-168	471	mitochondrial carnitine/acylcarnitine carrier protein isoform X2 [Phyllostomus discolor]	89673
XP_036189517.1	XP_035886250	27.374	179	301	250	96	8.49e-11	66.2	mitochondrial carnitine/acylcarnitine carrier protein isoform X2 [Phyllostomus discolor]	89673
XP_036189517.1	XP_016058317	95.397	239	301	250	79	2.52e-167	468	PREDICTED: mitochondrial carnitine/acylcarnitine carrier protein isoform X2 [Miniopterus natalensis]	291302
XP_036189517.1	XP_059542324	39.298	285	301	302	95	1.90e-55	186	mitochondrial basic amino acids transporter isoform X3 [Myotis daubentonii]	98922
XP_036189517.1	XP_059542324	32.663	199	301	302	95	7.55e-24	103	mitochondrial basic amino acids transporter isoform X3 [Myotis daubentonii]	98922
XP_036189517.1	XP_070270196	39.298	285	301	302	95	2.48e-55	186	mitochondrial basic amino acids transporter [Myotis yumanensis]	159337
XP_036189517.1	XP_070270196	32.161	199	301	302	95	4.70e-23	101	mitochondrial basic amino acids transporter [Myotis yumanensis]	159337
XP_036189517.1	XP_070269140	39.298	285	301	302	95	2.48e-55	186	mitochondrial basic amino acids transporter [Myotis yumanensis]	159337
XP_036189517.1	XP_070269140	32.161	199	301	302	95	4.70e-23	101	mitochondrial basic amino acids transporter [Myotis yumanensis]	159337
XP_036189517.1	XP_006103169	39.298	285	301	302	95	2.48e-55	186	mitochondrial basic amino acids transporter isoform X2 [Myotis lucifugus]	59463
XP_036189517.1	XP_006103169	32.161	199	301	302	95	4.70e-23	101	mitochondrial basic amino acids transporter isoform X2 [Myotis lucifugus]	59463
XP_036189517.1	XP_080539970	39.298	285	301	302	95	4.39e-55	185	mitochondrial basic amino acids transporter isoform 1 [Plecotus auritus]	61862
XP_036189517.1	XP_080539970	32.161	199	301	302	95	3.22e-23	101	mitochondrial basic amino acids transporter isoform 1 [Plecotus auritus]	61862
XP_036189517.1	XP_036173007	38.732	284	301	302	95	6.90e-55	184	mitochondrial basic amino acids transporter isoform X3 [Myotis myotis]	51298
XP_036189517.1	XP_036173007	32.663	199	301	302	95	4.53e-24	103	mitochondrial basic amino acids transporter isoform X3 [Myotis myotis]	51298
XP_036189517.1	XP_080945592	38.380	284	301	302	95	2.02e-54	183	mitochondrial basic amino acids transporter isoform 2 [Myotis nattereri]	109481
XP_036189517.1	XP_080945592	32.161	199	301	302	95	5.36e-23	101	mitochondrial basic amino acids transporter isoform 2 [Myotis nattereri]	109481
XP_036189517.1	XP_008152994	37.895	285	301	302	95	3.89e-54	182	mitochondrial basic amino acids transporter isoform X2 [Eptesicus fuscus]	29078
XP_036189517.1	XP_008152994	31.658	199	301	302	95	1.02e-22	100	mitochondrial basic amino acids transporter isoform X2 [Eptesicus fuscus]	29078
XP_036189517.1	XP_028362785	38.246	285	301	303	95	4.18e-54	182	mitochondrial basic amino acids transporter isoform X2 [Phyllostomus discolor]	89673
XP_036189517.1	XP_028362785	32.597	181	301	303	95	5.46e-23	101	mitochondrial basic amino acids transporter isoform X2 [Phyllostomus discolor]	89673
XP_036189517.1	XP_045678131	39.298	285	301	303	95	4.91e-54	182	mitochondrial basic amino acids transporter [Phyllostomus hastatus]	9423
XP_036189517.1	XP_045678131	33.149	181	301	303	95	3.15e-23	102	mitochondrial basic amino acids transporter [Phyllostomus hastatus]	9423
XP_036189517.1	XP_024423753	38.947	285	301	303	95	6.56e-54	182	mitochondrial basic amino acids transporter [Desmodus rotundus]	9430
XP_036189517.1	XP_024423753	31.308	214	301	303	95	1.71e-22	99.8	mitochondrial basic amino acids transporter [Desmodus rotundus]	9430
XP_036189517.1	XP_079625588	37.676	284	301	302	95	7.26e-54	182	mitochondrial basic amino acids transporter isoform 2 [Cnephaeus nilssonii]	3371016
XP_036189517.1	XP_079625588	32.161	199	301	302	95	3.95e-23	101	mitochondrial basic amino acids transporter isoform 2 [Cnephaeus nilssonii]	3371016
XP_036189517.1	XP_039740143	38.380	284	301	302	95	1.54e-53	181	mitochondrial basic amino acids transporter [Pteropus medius]	143291
XP_036189517.1	XP_039740143	30.622	209	301	302	95	3.03e-21	96.3	mitochondrial basic amino acids transporter [Pteropus medius]	143291
XP_036189517.1	XP_024897925	38.380	284	301	303	95	1.55e-53	181	LOW QUALITY PROTEIN: mitochondrial basic amino acids transporter [Pteropus alecto]	9402
XP_036189517.1	XP_024897925	30.952	210	301	303	95	1.35e-21	97.4	LOW QUALITY PROTEIN: mitochondrial basic amino acids transporter [Pteropus alecto]	9402
XP_036189517.1	XP_054423693	38.869	283	301	303	95	3.18e-53	180	mitochondrial basic amino acids transporter [Pteronotus mesoamericanus]	1884717
XP_036189517.1	XP_054423693	31.776	214	301	303	95	4.42e-21	95.9	mitochondrial basic amino acids transporter [Pteronotus mesoamericanus]	1884717
XP_036189517.1	XP_015975013	39.085	284	301	302	95	3.30e-53	180	mitochondrial basic amino acids transporter isoform X2 [Rousettus aegyptiacus]	9407
XP_036189517.1	XP_015975013	31.343	201	301	302	95	1.96e-21	97.1	mitochondrial basic amino acids transporter isoform X2 [Rousettus aegyptiacus]	9407
XP_036189517.1	XP_036887594	38.246	285	301	303	95	5.16e-53	180	mitochondrial basic amino acids transporter [Sturnira hondurensis]	192404
XP_036189517.1	XP_036887594	33.149	181	301	303	95	3.82e-23	101	mitochondrial basic amino acids transporter [Sturnira hondurensis]	192404
XP_036189517.1	XP_036272470	38.832	291	301	288	94	5.40e-53	179	solute carrier family 25 member 45 isoform X1 [Pipistrellus kuhlii]	59472
XP_036189517.1	XP_036272470	30.208	192	301	288	94	6.07e-17	84.3	solute carrier family 25 member 45 isoform X1 [Pipistrellus kuhlii]	59472
XP_036189517.1	XP_059542314	38.989	277	301	312	95	7.58e-53	180	mitochondrial basic amino acids transporter isoform X2 [Myotis daubentonii]	98922
XP_036189517.1	XP_059542314	32.663	199	301	312	95	9.42e-24	103	mitochondrial basic amino acids transporter isoform X2 [Myotis daubentonii]	98922
XP_036189517.1	XP_059542304	38.989	277	301	312	95	7.58e-53	180	mitochondrial basic amino acids transporter isoform X2 [Myotis daubentonii]	98922
XP_036189517.1	XP_059542304	32.663	199	301	312	95	9.42e-24	103	mitochondrial basic amino acids transporter isoform X2 [Myotis daubentonii]	98922
XP_036189517.1	XP_059542295	38.989	277	301	317	95	7.71e-53	180	mitochondrial basic amino acids transporter isoform X1 [Myotis daubentonii]	98922
XP_036189517.1	XP_059542295	32.663	199	301	317	95	1.05e-23	103	mitochondrial basic amino acids transporter isoform X1 [Myotis daubentonii]	98922
XP_036189517.1	XP_014301032	38.225	293	301	312	95	8.17e-53	179	mitochondrial basic amino acids transporter isoform X1 [Myotis lucifugus]	59463
XP_036189517.1	XP_036986154	38.596	285	301	303	95	1.42e-52	179	mitochondrial basic amino acids transporter [Artibeus jamaicensis]	9417
XP_036189517.1	XP_036986154	32.597	181	301	303	95	1.48e-22	100	mitochondrial basic amino acids transporter [Artibeus jamaicensis]	9417
XP_036189517.1	XP_036172972	38.406	276	301	317	95	2.51e-52	178	mitochondrial basic amino acids transporter isoform X1 [Myotis myotis]	51298
XP_036189517.1	XP_036172972	32.663	199	301	317	95	6.27e-24	103	mitochondrial basic amino acids transporter isoform X1 [Myotis myotis]	51298
XP_036189517.1	XP_036172997	38.406	276	301	312	95	2.60e-52	178	mitochondrial basic amino acids transporter isoform X2 [Myotis myotis]	51298
XP_036189517.1	XP_036172997	32.663	199	301	312	95	5.43e-24	103	mitochondrial basic amino acids transporter isoform X2 [Myotis myotis]	51298
XP_036189517.1	XP_036172988	38.406	276	301	312	95	2.60e-52	178	mitochondrial basic amino acids transporter isoform X2 [Myotis myotis]	51298
XP_036189517.1	XP_036172988	32.663	199	301	312	95	5.43e-24	103	mitochondrial basic amino acids transporter isoform X2 [Myotis myotis]	51298
XP_036189517.1	XP_036172979	38.406	276	301	312	95	2.60e-52	178	mitochondrial basic amino acids transporter isoform X2 [Myotis myotis]	51298
XP_036189517.1	XP_036172979	32.663	199	301	312	95	5.43e-24	103	mitochondrial basic amino acids transporter isoform X2 [Myotis myotis]	51298
XP_036189517.1	XP_036137557	38.380	284	301	302	95	3.21e-52	178	mitochondrial basic amino acids transporter [Molossus molossus]	27622
XP_036189517.1	XP_036137557	32.161	199	301	302	95	2.04e-22	99.8	mitochondrial basic amino acids transporter [Molossus molossus]	27622
XP_036189517.1	XP_081016347	38.028	284	301	302	95	4.73e-52	177	mitochondrial basic amino acids transporter isoform 1 [Miniopterus schreibersii]	9433
XP_036189517.1	XP_081016347	31.132	212	301	302	95	6.82e-22	98.2	mitochondrial basic amino acids transporter isoform 1 [Miniopterus schreibersii]	9433
XP_036189517.1	XP_081016346	38.028	284	301	302	95	4.73e-52	177	mitochondrial basic amino acids transporter isoform 1 [Miniopterus schreibersii]	9433
XP_036189517.1	XP_081016346	31.132	212	301	302	95	6.82e-22	98.2	mitochondrial basic amino acids transporter isoform 1 [Miniopterus schreibersii]	9433
XP_036189517.1	XP_080945591	38.043	276	301	312	95	7.52e-52	177	mitochondrial basic amino acids transporter isoform 1 [Myotis nattereri]	109481
XP_036189517.1	XP_080945591	32.161	199	301	312	95	6.45e-23	101	mitochondrial basic amino acids transporter isoform 1 [Myotis nattereri]	109481
XP_036189517.1	XP_032964251	38.112	286	301	306	95	1.18e-51	176	mitochondrial basic amino acids transporter [Rhinolophus ferrumequinum]	59479
XP_036189517.1	XP_032964251	33.149	181	301	306	95	1.35e-21	97.4	mitochondrial basic amino acids transporter [Rhinolophus ferrumequinum]	59479
XP_036189517.1	XP_008159662	36.610	295	301	288	95	1.37e-51	176	solute carrier family 25 member 45 [Eptesicus fuscus]	29078
XP_036189517.1	XP_008159662	29.688	192	301	288	95	8.78e-15	78.2	solute carrier family 25 member 45 [Eptesicus fuscus]	29078
XP_036189517.1	XP_036267544	37.895	285	301	303	95	1.55e-51	176	mitochondrial basic amino acids transporter isoform X2 [Pipistrellus kuhlii]	59472
XP_036189517.1	XP_036267544	34.254	181	301	303	95	8.16e-26	108	mitochondrial basic amino acids transporter isoform X2 [Pipistrellus kuhlii]	59472
XP_036189517.1	XP_080905941	37.676	284	301	305	95	1.58e-51	176	mitochondrial basic amino acids transporter [Rhinolophus hipposideros]	77218
XP_036189517.1	XP_080905941	32.212	208	301	305	95	5.73e-22	98.6	mitochondrial basic amino acids transporter [Rhinolophus hipposideros]	77218
XP_036189517.1	XP_019607130	36.972	284	301	306	95	1.59e-51	176	mitochondrial basic amino acids transporter [Rhinolophus sinicus]	89399
XP_036189517.1	XP_019607130	32.673	202	301	306	95	1.09e-22	100	mitochondrial basic amino acids transporter [Rhinolophus sinicus]	89399
XP_036189517.1	XP_079625587	38.043	276	301	311	95	1.86e-51	176	mitochondrial basic amino acids transporter isoform 1 [Cnephaeus nilssonii]	3371016
XP_036189517.1	XP_079625587	32.161	199	301	311	95	3.11e-23	102	mitochondrial basic amino acids transporter isoform 1 [Cnephaeus nilssonii]	3371016
XP_036189517.1	XP_080497456	37.113	291	301	288	94	1.89e-51	175	solute carrier family 25 member 45 isoform 1 [Plecotus auritus]	61862
XP_036189517.1	XP_080497456	29.688	192	301	288	94	1.26e-14	77.8	solute carrier family 25 member 45 isoform 1 [Plecotus auritus]	61862
XP_036189517.1	XP_019494812	37.676	284	301	306	95	2.17e-51	176	PREDICTED: mitochondrial basic amino acids transporter [Hipposideros armiger]	186990
XP_036189517.1	XP_019494812	33.149	181	301	306	95	9.56e-22	97.8	PREDICTED: mitochondrial basic amino acids transporter [Hipposideros armiger]	186990
XP_036189517.1	XP_070283588	36.149	296	301	288	96	2.82e-51	175	solute carrier family 25 member 45 isoform X5 [Myotis yumanensis]	159337
XP_036189517.1	XP_070283588	29.231	195	301	288	96	1.92e-15	80.1	solute carrier family 25 member 45 isoform X5 [Myotis yumanensis]	159337
XP_036189517.1	XP_081010310	36.824	296	301	288	96	2.94e-51	175	solute carrier family 25 member 45 isoform 1 [Miniopterus schreibersii]	9433
XP_036189517.1	XP_081010310	28.718	195	301	288	96	6.90e-14	75.9	solute carrier family 25 member 45 isoform 1 [Miniopterus schreibersii]	9433
XP_036189517.1	XP_066213840	37.113	291	301	290	95	2.98e-51	175	solute carrier family 25 member 45 isoform X1 [Saccopteryx leptura]	249018
XP_036189517.1	XP_066213840	28.497	193	301	290	95	4.09e-14	76.3	solute carrier family 25 member 45 isoform X1 [Saccopteryx leptura]	249018
XP_036189517.1	XP_079644078	37.113	291	301	288	94	3.20e-51	175	solute carrier family 25 member 45 [Cnephaeus nilssonii]	3371016
XP_036189517.1	XP_079644078	29.688	192	301	288	94	1.31e-14	77.8	solute carrier family 25 member 45 [Cnephaeus nilssonii]	3371016
XP_036189517.1	XP_066108108	37.113	291	301	290	95	3.69e-51	174	solute carrier family 25 member 45 isoform X1 [Saccopteryx bilineata]	59482
XP_036189517.1	XP_066108108	27.551	196	301	290	95	2.80e-14	77.0	solute carrier family 25 member 45 isoform X1 [Saccopteryx bilineata]	59482
XP_036189517.1	XP_006104424	36.149	296	301	288	96	4.06e-51	174	solute carrier family 25 member 45 isoform X5 [Myotis lucifugus]	59463
XP_036189517.1	XP_006104424	29.231	195	301	288	96	2.29e-15	80.1	solute carrier family 25 member 45 isoform X5 [Myotis lucifugus]	59463
XP_036189517.1	XP_066244109	37.193	285	301	302	95	4.50e-51	175	mitochondrial basic amino acids transporter isoform X2 [Saccopteryx leptura]	249018
XP_036189517.1	XP_066244109	32.044	181	301	302	95	2.71e-21	96.7	mitochondrial basic amino acids transporter isoform X2 [Saccopteryx leptura]	249018
XP_036189517.1	XP_066132352	37.193	285	301	302	95	7.06e-51	174	mitochondrial basic amino acids transporter [Saccopteryx bilineata]	59482
XP_036189517.1	XP_066132352	32.044	181	301	302	95	3.38e-21	96.3	mitochondrial basic amino acids transporter [Saccopteryx bilineata]	59482
XP_036189517.1	XP_074192773	36.860	293	301	288	95	7.56e-51	174	solute carrier family 25 member 45 isoform X1 [Rhinolophus sinicus]	89399
XP_036189517.1	XP_074192773	30.412	194	301	288	95	1.40e-16	83.2	solute carrier family 25 member 45 isoform X1 [Rhinolophus sinicus]	89399
XP_036189517.1	XP_074192772	36.860	293	301	288	95	7.56e-51	174	solute carrier family 25 member 45 isoform X1 [Rhinolophus sinicus]	89399
XP_036189517.1	XP_074192772	30.412	194	301	288	95	1.40e-16	83.2	solute carrier family 25 member 45 isoform X1 [Rhinolophus sinicus]	89399
XP_036189517.1	XP_019593503	36.860	293	301	288	95	7.56e-51	174	solute carrier family 25 member 45 isoform X1 [Rhinolophus sinicus]	89399
XP_036189517.1	XP_019593503	30.412	194	301	288	95	1.40e-16	83.2	solute carrier family 25 member 45 isoform X1 [Rhinolophus sinicus]	89399
XP_036189517.1	XP_032975851	36.426	291	301	288	95	2.07e-50	172	solute carrier family 25 member 45 isoform X2 [Rhinolophus ferrumequinum]	59479
XP_036189517.1	XP_032975851	30.412	194	301	288	95	8.42e-17	84.0	solute carrier family 25 member 45 isoform X2 [Rhinolophus ferrumequinum]	59479
XP_036189517.1	XP_032975850	36.426	291	301	288	95	2.07e-50	172	solute carrier family 25 member 45 isoform X2 [Rhinolophus ferrumequinum]	59479
XP_036189517.1	XP_032975850	30.412	194	301	288	95	8.42e-17	84.0	solute carrier family 25 member 45 isoform X2 [Rhinolophus ferrumequinum]	59479
XP_036189517.1	XP_032975849	36.426	291	301	288	95	2.07e-50	172	solute carrier family 25 member 45 isoform X2 [Rhinolophus ferrumequinum]	59479
XP_036189517.1	XP_032975849	30.412	194	301	288	95	8.42e-17	84.0	solute carrier family 25 member 45 isoform X2 [Rhinolophus ferrumequinum]	59479
XP_036189517.1	XP_032975848	36.426	291	301	288	95	2.07e-50	172	solute carrier family 25 member 45 isoform X2 [Rhinolophus ferrumequinum]	59479
XP_036189517.1	XP_032975848	30.412	194	301	288	95	8.42e-17	84.0	solute carrier family 25 member 45 isoform X2 [Rhinolophus ferrumequinum]	59479
XP_036189517.1	XP_028371364	35.593	295	301	288	96	3.32e-50	172	solute carrier family 25 member 45 isoform X2 [Phyllostomus discolor]	89673
XP_036189517.1	XP_028371364	29.231	195	301	288	96	2.18e-15	80.1	solute carrier family 25 member 45 isoform X2 [Phyllostomus discolor]	89673
XP_036189517.1	XP_024430230	35.473	296	301	288	96	3.99e-50	172	solute carrier family 25 member 45 isoform X1 [Desmodus rotundus]	9430
XP_036189517.1	XP_024430230	29.442	197	301	288	96	8.79e-16	81.3	solute carrier family 25 member 45 isoform X1 [Desmodus rotundus]	9430
XP_036189517.1	XP_005864297	36.149	296	301	351	96	4.12e-50	174	PREDICTED: solute carrier family 25 member 45 isoform X2 [Myotis brandtii]	109478
XP_036189517.1	XP_005864297	29.231	195	301	351	96	2.10e-15	80.9	PREDICTED: solute carrier family 25 member 45 isoform X2 [Myotis brandtii]	109478
XP_036189517.1	XP_045710870	35.811	296	301	288	96	4.30e-50	172	solute carrier family 25 member 45 isoform X1 [Phyllostomus hastatus]	9423
XP_036189517.1	XP_045710870	28.205	195	301	288	96	4.69e-15	79.0	solute carrier family 25 member 45 isoform X1 [Phyllostomus hastatus]	9423
XP_036189517.1	XP_066244108	38.028	284	301	391	95	4.54e-50	175	mitochondrial basic amino acids transporter isoform X1 [Saccopteryx leptura]	249018
XP_036189517.1	XP_066244108	32.044	181	301	391	95	1.22e-20	96.3	mitochondrial basic amino acids transporter isoform X1 [Saccopteryx leptura]	249018
XP_036189517.1	XP_032975847	36.426	291	301	329	95	4.72e-50	173	solute carrier family 25 member 45 isoform X1 [Rhinolophus ferrumequinum]	59479
XP_036189517.1	XP_032975847	30.412	194	301	329	95	1.30e-16	84.0	solute carrier family 25 member 45 isoform X1 [Rhinolophus ferrumequinum]	59479
XP_036189517.1	XP_059566106	36.149	296	301	288	96	8.45e-50	171	solute carrier family 25 member 45 isoform X7 [Myotis daubentonii]	98922
XP_036189517.1	XP_059566106	28.351	194	301	288	96	5.79e-14	75.9	solute carrier family 25 member 45 isoform X7 [Myotis daubentonii]	98922
XP_036189517.1	XP_019501025	36.426	291	301	288	95	1.01e-49	171	PREDICTED: solute carrier family 25 member 45 isoform X4 [Hipposideros armiger]	186990
XP_036189517.1	XP_019501025	30.412	194	301	288	95	1.79e-16	83.2	PREDICTED: solute carrier family 25 member 45 isoform X4 [Hipposideros armiger]	186990
XP_036189517.1	XP_011367112	35.836	293	301	288	95	1.34e-49	171	solute carrier family 25 member 45 isoform X2 [Pteropus vampyrus]	132908
XP_036189517.1	XP_011367112	30.412	194	301	288	95	5.32e-15	79.0	solute carrier family 25 member 45 isoform X2 [Pteropus vampyrus]	132908
XP_036189517.1	XP_039696875	35.836	293	301	288	95	1.34e-49	171	solute carrier family 25 member 45 isoform X2 [Pteropus medius]	143291
XP_036189517.1	XP_039696875	30.412	194	301	288	95	5.32e-15	79.0	solute carrier family 25 member 45 isoform X2 [Pteropus medius]	143291
XP_036189517.1	XP_006911384	35.836	293	301	288	95	1.59e-49	170	solute carrier family 25 member 45 isoform X2 [Pteropus alecto]	9402
XP_036189517.1	XP_006911384	29.897	194	301	288	95	1.09e-14	78.2	solute carrier family 25 member 45 isoform X2 [Pteropus alecto]	9402
XP_036189517.1	XP_023601410	37.288	295	301	322	96	2.82e-49	171	solute carrier family 25 member 45 isoform X3 [Myotis lucifugus]	59463
XP_036189517.1	XP_023601410	29.231	195	301	322	96	2.88e-15	80.1	solute carrier family 25 member 45 isoform X3 [Myotis lucifugus]	59463
XP_036189517.1	XP_006771652	35.811	296	301	351	96	3.44e-49	171	PREDICTED: solute carrier family 25 member 45 isoform X1 [Myotis davidii]	225400
XP_036189517.1	XP_006771652	28.718	195	301	351	96	3.68e-14	77.4	PREDICTED: solute carrier family 25 member 45 isoform X1 [Myotis davidii]	225400
XP_036189517.1	XP_045427942	37.545	277	301	306	95	4.36e-49	170	mitochondrial basic amino acids transporter isoform X1 [Pipistrellus kuhlii]	59472
XP_036189517.1	XP_045427942	34.254	181	301	306	95	8.27e-26	108	mitochondrial basic amino acids transporter isoform X1 [Pipistrellus kuhlii]	59472
XP_036189517.1	XP_016063901	37.979	287	301	308	95	4.70e-49	170	PREDICTED: LOW QUALITY PROTEIN: solute carrier family 25 member 45 [Miniopterus natalensis]	291302
XP_036189517.1	XP_016063901	28.796	191	301	308	95	1.46e-13	75.1	PREDICTED: LOW QUALITY PROTEIN: solute carrier family 25 member 45 [Miniopterus natalensis]	291302
XP_036189517.1	XP_036182576	35.811	296	301	351	96	6.87e-49	171	solute carrier family 25 member 45 isoform X2 [Myotis myotis]	51298
XP_036189517.1	XP_036182576	28.351	194	301	351	96	5.93e-14	76.6	solute carrier family 25 member 45 isoform X2 [Myotis myotis]	51298
XP_036189517.1	XP_023601408	37.288	295	301	354	96	9.24e-49	170	solute carrier family 25 member 45 isoform X1 [Myotis lucifugus]	59463
XP_036189517.1	XP_023601408	29.231	195	301	354	96	4.02e-15	80.1	solute carrier family 25 member 45 isoform X1 [Myotis lucifugus]	59463
XP_036189517.1	XP_054426581	35.906	298	301	288	96	1.27e-48	168	solute carrier family 25 member 45 isoform X1 [Pteronotus mesoamericanus]	1884717
XP_036189517.1	XP_054426581	28.934	197	301	288	96	2.79e-14	77.0	solute carrier family 25 member 45 isoform X1 [Pteronotus mesoamericanus]	1884717
XP_036189517.1	XP_036077310	36.177	293	301	288	95	1.65e-48	168	solute carrier family 25 member 45 isoform X1 [Rousettus aegyptiacus]	9407
XP_036189517.1	XP_036077310	30.412	194	301	288	95	3.74e-15	79.3	solute carrier family 25 member 45 isoform X1 [Rousettus aegyptiacus]	9407
XP_036189517.1	XP_080917719	36.426	291	301	288	95	2.00e-48	167	solute carrier family 25 member 45 isoform 4 [Rhinolophus hipposideros]	77218
XP_036189517.1	XP_080917719	30.570	193	301	288	95	4.55e-17	84.7	solute carrier family 25 member 45 isoform 4 [Rhinolophus hipposideros]	77218
XP_036189517.1	XP_035886116	36.426	291	301	314	96	4.28e-48	167	solute carrier family 25 member 45 isoform X1 [Phyllostomus discolor]	89673
XP_036189517.1	XP_035886116	29.231	195	301	314	96	2.41e-15	80.1	solute carrier family 25 member 45 isoform X1 [Phyllostomus discolor]	89673
XP_036189517.1	XP_014393526	37.153	288	301	371	96	8.02e-48	168	PREDICTED: solute carrier family 25 member 45 isoform X1 [Myotis brandtii]	109478
XP_036189517.1	XP_014393526	29.231	195	301	371	96	3.00e-15	80.5	PREDICTED: solute carrier family 25 member 45 isoform X1 [Myotis brandtii]	109478
XP_036189517.1	XP_036909080	35.836	293	301	288	95	9.24e-48	166	solute carrier family 25 member 45 isoform X1 [Sturnira hondurensis]	192404
XP_036189517.1	XP_036909080	28.718	195	301	288	95	3.92e-14	76.3	solute carrier family 25 member 45 isoform X1 [Sturnira hondurensis]	192404
XP_036189517.1	XP_059566105	37.153	288	301	308	96	1.69e-47	166	solute carrier family 25 member 45 isoform X6 [Myotis daubentonii]	98922
XP_036189517.1	XP_059566105	28.351	194	301	308	96	9.00e-14	75.5	solute carrier family 25 member 45 isoform X6 [Myotis daubentonii]	98922
XP_036189517.1	XP_080954953	36.806	288	301	307	96	4.35e-47	164	LOW QUALITY PROTEIN: solute carrier family 25 member 45 [Myotis nattereri]	109481
XP_036189517.1	XP_080954953	28.351	194	301	307	96	8.25e-14	75.9	LOW QUALITY PROTEIN: solute carrier family 25 member 45 [Myotis nattereri]	109481
XP_036189517.1	XP_054426582	35.235	298	301	284	96	4.75e-47	164	solute carrier family 25 member 45 isoform X2 [Pteronotus mesoamericanus]	1884717
XP_036189517.1	XP_054426582	29.592	196	301	284	96	2.00e-14	77.0	solute carrier family 25 member 45 isoform X2 [Pteronotus mesoamericanus]	1884717
XP_036189517.1	XP_019501024	36.842	285	301	328	96	6.54e-47	165	PREDICTED: solute carrier family 25 member 45 isoform X3 [Hipposideros armiger]	186990
XP_036189517.1	XP_019501024	30.412	194	301	328	96	3.28e-16	82.8	PREDICTED: solute carrier family 25 member 45 isoform X3 [Hipposideros armiger]	186990
XP_036189517.1	XP_019501022	37.367	281	301	344	95	7.59e-47	165	PREDICTED: solute carrier family 25 member 45 isoform X1 [Hipposideros armiger]	186990
XP_036189517.1	XP_019501022	30.412	194	301	344	95	3.57e-16	82.8	PREDICTED: solute carrier family 25 member 45 isoform X1 [Hipposideros armiger]	186990
XP_036189517.1	XP_023391510	36.594	276	301	337	95	1.44e-46	164	solute carrier family 25 member 45 isoform X1 [Pteropus vampyrus]	132908
XP_036189517.1	XP_023391510	30.412	194	301	337	95	8.29e-15	79.0	solute carrier family 25 member 45 isoform X1 [Pteropus vampyrus]	132908
XP_036189517.1	XP_024902136	36.594	276	301	337	95	1.96e-46	164	solute carrier family 25 member 45 isoform X1 [Pteropus alecto]	9402
XP_036189517.1	XP_024902136	29.897	194	301	337	95	1.41e-14	78.2	solute carrier family 25 member 45 isoform X1 [Pteropus alecto]	9402
XP_036189517.1	XP_080917716	37.226	274	301	300	95	8.04e-46	161	solute carrier family 25 member 45 isoform 1 [Rhinolophus hipposideros]	77218
XP_036189517.1	XP_080917716	30.570	193	301	300	95	6.77e-17	84.3	solute carrier family 25 member 45 isoform 1 [Rhinolophus hipposideros]	77218
XP_036189517.1	XP_023601409	36.271	295	301	346	96	5.30e-45	160	solute carrier family 25 member 45 isoform X2 [Myotis lucifugus]	59463
XP_036189517.1	XP_023601409	29.381	194	301	346	96	7.49e-14	76.3	solute carrier family 25 member 45 isoform X2 [Myotis lucifugus]	59463
XP_036189517.1	XP_066133667	33.548	310	301	306	93	1.52e-44	158	solute carrier family 25 member 47 isoform X2 [Saccopteryx bilineata]	59482
XP_036189517.1	XP_006923068	34.364	291	301	301	94	6.00e-44	156	mitochondrial ornithine transporter 2 [Pteropus alecto]	9402
XP_036189517.1	XP_039740156	32.492	317	301	314	93	6.11e-44	157	solute carrier family 25 member 47 [Pteropus medius]	143291
XP_036189517.1	XP_036109903	33.871	310	301	307	93	1.47e-43	155	solute carrier family 25 member 47 [Molossus molossus]	27622
XP_036189517.1	XP_011365713	34.021	291	301	301	94	2.30e-43	155	mitochondrial ornithine transporter 2 [Pteropus vampyrus]	132908
XP_036189517.1	XP_039692324	34.021	291	301	301	94	2.30e-43	155	mitochondrial ornithine transporter 2 [Pteropus medius]	143291
XP_036189517.1	XP_008139414	33.784	296	301	301	95	2.75e-43	154	mitochondrial ornithine transporter 2 [Eptesicus fuscus]	29078
XP_036189517.1	XP_079626507	33.784	296	301	301	95	5.74e-43	154	mitochondrial ornithine transporter 2-like [Cnephaeus nilssonii]	3371016
XP_036189517.1	XP_053773858	33.866	313	301	310	93	5.87e-43	154	solute carrier family 25 member 47 [Desmodus rotundus]	9430
XP_036189517.1	XP_066133666	33.019	318	301	338	96	6.09e-43	155	solute carrier family 25 member 47 isoform X1 [Saccopteryx bilineata]	59482
XP_036189517.1	XP_005881137	33.108	296	301	301	95	6.45e-43	154	PREDICTED: mitochondrial ornithine transporter 2 [Myotis brandtii]	109478
XP_036189517.1	XP_036094308	36.981	265	301	356	95	7.69e-43	155	mitochondrial basic amino acids transporter isoform X1 [Rousettus aegyptiacus]	9407
XP_036189517.1	XP_036094308	32.597	181	301	356	95	1.30e-21	98.2	mitochondrial basic amino acids transporter isoform X1 [Rousettus aegyptiacus]	9407
XP_036189517.1	XP_079628703	32.573	307	301	311	94	8.64e-43	154	solute carrier family 25 member 48 isoform 2 [Cnephaeus nilssonii]	3371016
XP_036189517.1	XP_045682864	33.103	290	301	301	93	8.98e-43	153	mitochondrial ornithine transporter 2 [Phyllostomus hastatus]	9423
XP_036189517.1	XP_070270876	33.108	296	301	301	95	1.02e-42	153	mitochondrial ornithine transporter 2-like [Myotis yumanensis]	159337
XP_036189517.1	XP_070270875	33.108	296	301	301	95	1.02e-42	153	mitochondrial ornithine transporter 2-like [Myotis yumanensis]	159337
XP_036189517.1	XP_080948812	32.899	307	301	311	94	1.06e-42	153	solute carrier family 25 member 48 [Myotis nattereri]	109481
XP_036189517.1	XP_032962996	33.333	309	301	306	93	1.14e-42	153	solute carrier family 25 member 47 isoform X1 [Rhinolophus ferrumequinum]	59479
XP_036189517.1	XP_066128849	33.333	291	301	301	94	1.21e-42	153	mitochondrial ornithine transporter 2 [Saccopteryx bilineata]	59482
XP_036189517.1	XP_080529086	33.446	296	301	301	95	1.22e-42	153	mitochondrial ornithine transporter 2-like [Plecotus auritus]	61862
XP_036189517.1	XP_066199607	33.333	291	301	301	94	1.36e-42	153	mitochondrial ornithine transporter 2 [Saccopteryx leptura]	249018
XP_036189517.1	XP_016061030	33.218	289	301	301	93	2.86e-42	152	PREDICTED: mitochondrial ornithine transporter 2 [Miniopterus natalensis]	291302
XP_036189517.1	XP_080891143	34.364	291	301	302	94	2.87e-42	152	mitochondrial ornithine transporter 2-like [Rhinolophus hipposideros]	77218
XP_036189517.1	XP_059554421	32.573	307	301	311	94	3.40e-42	152	solute carrier family 25 member 48 isoform X2 [Myotis daubentonii]	98922
XP_036189517.1	XP_036279854	32.248	307	301	311	94	3.82e-42	152	solute carrier family 25 member 48 isoform X1 [Pipistrellus kuhlii]	59472
XP_036189517.1	XP_070271056	32.573	307	301	311	94	4.08e-42	152	solute carrier family 25 member 48 isoform X3 [Myotis yumanensis]	159337
XP_036189517.1	XP_006777012	33.446	296	301	301	95	4.29e-42	151	PREDICTED: mitochondrial ornithine transporter 2 [Myotis davidii]	225400
XP_036189517.1	XP_008140302	32.248	307	301	311	94	5.26e-42	151	solute carrier family 25 member 48 isoform X4 [Eptesicus fuscus]	29078
XP_036189517.1	XP_036169330	33.108	296	301	301	95	5.90e-42	151	mitochondrial ornithine transporter 2-like [Myotis myotis]	51298
XP_036189517.1	XP_036169329	33.108	296	301	301	95	5.90e-42	151	mitochondrial ornithine transporter 2-like [Myotis myotis]	51298
XP_036189517.1	XP_036169646	32.573	307	301	311	94	6.23e-42	151	solute carrier family 25 member 48 isoform X3 [Myotis myotis]	51298
XP_036189517.1	XP_080528688	31.922	307	301	311	94	7.23e-42	151	solute carrier family 25 member 48 isoform 2 [Plecotus auritus]	61862
XP_036189517.1	XP_080528687	31.922	307	301	311	94	7.23e-42	151	solute carrier family 25 member 48 isoform 2 [Plecotus auritus]	61862
XP_036189517.1	XP_074169789	34.708	291	301	301	94	7.86e-42	150	mitochondrial ornithine transporter 1 [Rhinolophus sinicus]	89399
XP_036189517.1	XP_006086625	32.573	307	301	311	94	9.13e-42	151	solute carrier family 25 member 48 isoform X6 [Myotis lucifugus]	59463
XP_036189517.1	XP_019501028	35.581	267	301	263	95	1.53e-41	149	PREDICTED: solute carrier family 25 member 45 isoform X6 [Hipposideros armiger]	186990
XP_036189517.1	XP_019501028	30.412	194	301	263	95	1.50e-16	82.8	PREDICTED: solute carrier family 25 member 45 isoform X6 [Hipposideros armiger]	186990
XP_036189517.1	XP_019501027	35.581	267	301	263	95	1.53e-41	149	PREDICTED: solute carrier family 25 member 45 isoform X6 [Hipposideros armiger]	186990
XP_036189517.1	XP_019501027	30.412	194	301	263	95	1.50e-16	82.8	PREDICTED: solute carrier family 25 member 45 isoform X6 [Hipposideros armiger]	186990
XP_036189517.1	XP_039692015	32.353	306	301	326	94	1.55e-41	150	solute carrier family 25 member 48 [Pteropus medius]	143291
XP_036189517.1	XP_039692014	32.353	306	301	326	94	1.55e-41	150	solute carrier family 25 member 48 [Pteropus medius]	143291
XP_036189517.1	XP_039692013	32.353	306	301	326	94	1.55e-41	150	solute carrier family 25 member 48 [Pteropus medius]	143291
XP_036189517.1	XP_039692012	32.353	306	301	326	94	1.55e-41	150	solute carrier family 25 member 48 [Pteropus medius]	143291
XP_036189517.1	XP_024896498	32.353	306	301	326	94	1.57e-41	150	solute carrier family 25 member 48 [Pteropus alecto]	9402
XP_036189517.1	XP_023387784	32.353	306	301	326	94	1.62e-41	150	solute carrier family 25 member 48 [Pteropus vampyrus]	132908
XP_036189517.1	XP_054424397	31.922	307	301	327	94	1.64e-41	150	solute carrier family 25 member 48 isoform X5 [Pteronotus mesoamericanus]	1884717
XP_036189517.1	XP_059554642	32.770	296	301	301	95	2.37e-41	149	mitochondrial ornithine transporter 2-like [Myotis daubentonii]	98922
XP_036189517.1	XP_059554641	32.770	296	301	301	95	2.37e-41	149	mitochondrial ornithine transporter 2-like [Myotis daubentonii]	98922
XP_036189517.1	XP_066200125	33.439	314	301	310	93	2.58e-41	150	solute carrier family 25 member 47 isoform X1 [Saccopteryx leptura]	249018
XP_036189517.1	XP_039696876	35.000	260	301	274	83	2.81e-41	149	solute carrier family 25 member 45 isoform X3 [Pteropus medius]	143291
XP_036189517.1	XP_019518450	34.247	292	301	301	94	3.34e-41	149	PREDICTED: mitochondrial ornithine transporter 2 [Hipposideros armiger]	186990
XP_036189517.1	XP_054424277	34.708	291	301	301	94	3.44e-41	149	mitochondrial ornithine transporter 2 [Pteronotus mesoamericanus]	1884717
XP_036189517.1	XP_016074229	32.903	310	301	307	93	5.48e-41	149	PREDICTED: solute carrier family 25 member 47 [Miniopterus natalensis]	291302
XP_036189517.1	XP_028384198	32.051	312	301	311	95	5.67e-41	149	solute carrier family 25 member 48 isoform X5 [Phyllostomus discolor]	89673
XP_036189517.1	XP_036915381	31.715	309	301	327	94	5.90e-41	149	solute carrier family 25 member 48 isoform X2 [Sturnira hondurensis]	192404
XP_036189517.1	XP_045681416	32.258	310	301	327	95	6.03e-41	149	solute carrier family 25 member 48 isoform X3 [Phyllostomus hastatus]	9423
XP_036189517.1	XP_080891073	32.362	309	301	332	95	6.15e-41	149	solute carrier family 25 member 48 isoform 1 [Rhinolophus hipposideros]	77218
XP_036189517.1	XP_080891072	32.362	309	301	332	95	6.15e-41	149	solute carrier family 25 member 48 isoform 1 [Rhinolophus hipposideros]	77218
XP_036189517.1	XP_080891071	32.362	309	301	332	95	6.15e-41	149	solute carrier family 25 member 48 isoform 1 [Rhinolophus hipposideros]	77218
XP_036189517.1	XP_080539971	35.950	242	301	260	95	6.56e-41	147	mitochondrial basic amino acids transporter isoform 2 [Plecotus auritus]	61862
XP_036189517.1	XP_080539971	32.161	199	301	260	95	1.28e-23	102	mitochondrial basic amino acids transporter isoform 2 [Plecotus auritus]	61862
XP_036189517.1	XP_036172958	32.919	322	301	311	93	7.39e-41	149	solute carrier family 25 member 47 [Myotis myotis]	51298
XP_036189517.1	XP_039696874	35.000	260	301	324	83	7.56e-41	149	solute carrier family 25 member 45 isoform X1 [Pteropus medius]	143291
XP_036189517.1	XP_036915380	31.715	309	301	329	94	7.80e-41	149	solute carrier family 25 member 48 isoform X1 [Sturnira hondurensis]	192404
XP_036189517.1	XP_036077311	35.316	269	301	274	95	9.46e-41	147	solute carrier family 25 member 45 isoform X2 [Rousettus aegyptiacus]	9407
XP_036189517.1	XP_036077311	30.412	194	301	274	95	3.77e-15	79.0	solute carrier family 25 member 45 isoform X2 [Rousettus aegyptiacus]	9407
XP_036189517.1	XP_015993186	32.026	306	301	326	94	9.58e-41	149	solute carrier family 25 member 48 isoform X3 [Rousettus aegyptiacus]	9407
XP_036189517.1	XP_015975024	33.750	320	301	314	93	1.06e-40	148	solute carrier family 25 member 47 isoform X1 [Rousettus aegyptiacus]	9407
XP_036189517.1	XP_015979657	34.021	291	301	301	94	1.41e-40	147	mitochondrial ornithine transporter 2 [Rousettus aegyptiacus]	9407
XP_036189517.1	XP_080991503	32.258	310	301	311	95	1.46e-40	148	solute carrier family 25 member 48 isoform 1 [Miniopterus schreibersii]	9433
XP_036189517.1	XP_080991502	32.258	310	301	311	95	1.46e-40	148	solute carrier family 25 member 48 isoform 1 [Miniopterus schreibersii]	9433
XP_036189517.1	XP_074169641	32.573	307	301	327	94	1.66e-40	148	solute carrier family 25 member 48 [Rhinolophus sinicus]	89399
XP_036189517.1	XP_019595922	32.573	307	301	327	94	1.66e-40	148	solute carrier family 25 member 48 [Rhinolophus sinicus]	89399
XP_036189517.1	XP_019595921	32.573	307	301	327	94	1.66e-40	148	solute carrier family 25 member 48 [Rhinolophus sinicus]	89399
XP_036189517.1	XP_059542438	32.609	322	301	311	93	1.86e-40	147	solute carrier family 25 member 47 [Myotis daubentonii]	98922
XP_036189517.1	XP_032952607	32.573	307	301	327	94	1.99e-40	148	solute carrier family 25 member 48 isoform X3 [Rhinolophus ferrumequinum]	59479
XP_036189517.1	XP_032952606	32.573	307	301	327	94	1.99e-40	148	solute carrier family 25 member 48 isoform X3 [Rhinolophus ferrumequinum]	59479
XP_036189517.1	XP_032952605	32.573	307	301	327	94	1.99e-40	148	solute carrier family 25 member 48 isoform X3 [Rhinolophus ferrumequinum]	59479
XP_036189517.1	XP_032952604	32.573	307	301	327	94	1.99e-40	148	solute carrier family 25 member 48 isoform X3 [Rhinolophus ferrumequinum]	59479
XP_036189517.1	XP_006925723	31.230	317	301	314	93	2.22e-40	147	solute carrier family 25 member 47 [Pteropus alecto]	9402
XP_036189517.1	XP_080946987	32.646	291	301	301	94	3.37e-40	146	mitochondrial ornithine transporter 2-like [Myotis nattereri]	109481
XP_036189517.1	XP_080959513	32.609	322	301	311	93	3.82e-40	147	solute carrier family 25 member 47 [Myotis nattereri]	109481
XP_036189517.1	XP_081016408	32.581	310	301	307	93	4.53e-40	146	solute carrier family 25 member 47 [Miniopterus schreibersii]	9433
XP_036189517.1	XP_066197957	32.131	305	301	320	94	4.98e-40	147	solute carrier family 25 member 48 isoform X2 [Saccopteryx leptura]	249018
XP_036189517.1	XP_066128629	32.131	305	301	320	94	5.03e-40	147	solute carrier family 25 member 48 [Saccopteryx bilineata]	59482
XP_036189517.1	XP_006103168	32.209	326	301	315	93	5.59e-40	146	solute carrier family 25 member 47 [Myotis lucifugus]	59463
XP_036189517.1	XP_054423699	33.230	322	301	319	93	6.21e-40	146	solute carrier family 25 member 47 [Pteronotus mesoamericanus]	1884717
XP_036189517.1	XP_036115063	37.083	240	301	246	94	6.51e-40	144	solute carrier family 25 member 45 [Molossus molossus]	27622
XP_036189517.1	XP_036115063	29.167	192	301	246	94	2.18e-15	79.3	solute carrier family 25 member 45 [Molossus molossus]	27622
XP_036189517.1	XP_045429723	38.333	240	301	246	94	7.16e-40	144	solute carrier family 25 member 45 isoform X2 [Pipistrellus kuhlii]	59472
XP_036189517.1	XP_045429723	30.208	192	301	246	94	2.79e-17	84.3	solute carrier family 25 member 45 isoform X2 [Pipistrellus kuhlii]	59472
XP_036189517.1	XP_036272472	38.333	240	301	246	94	7.16e-40	144	solute carrier family 25 member 45 isoform X2 [Pipistrellus kuhlii]	59472
XP_036189517.1	XP_036272472	30.208	192	301	246	94	2.79e-17	84.3	solute carrier family 25 member 45 isoform X2 [Pipistrellus kuhlii]	59472
XP_036189517.1	XP_036272474	38.333	240	301	246	94	7.16e-40	144	solute carrier family 25 member 45 isoform X2 [Pipistrellus kuhlii]	59472
XP_036189517.1	XP_036272474	30.208	192	301	246	94	2.79e-17	84.3	solute carrier family 25 member 45 isoform X2 [Pipistrellus kuhlii]	59472
XP_036189517.1	XP_036272473	38.333	240	301	246	94	7.16e-40	144	solute carrier family 25 member 45 isoform X2 [Pipistrellus kuhlii]	59472
XP_036189517.1	XP_036272473	30.208	192	301	246	94	2.79e-17	84.3	solute carrier family 25 member 45 isoform X2 [Pipistrellus kuhlii]	59472
XP_036189517.1	XP_019607128	33.439	314	301	311	93	7.21e-40	146	solute carrier family 25 member 47 isoform X1 [Rhinolophus sinicus]	89399
XP_036189517.1	XP_036097791	34.256	289	301	301	93	7.48e-40	145	mitochondrial ornithine transporter 2 [Molossus molossus]	27622
XP_036189517.1	XP_070259397	32.209	326	301	315	93	7.93e-40	146	solute carrier family 25 member 47-like [Myotis yumanensis]	159337
XP_036189517.1	XP_053521971	32.915	319	301	316	93	9.62e-40	145	solute carrier family 25 member 47 isoform X1 [Artibeus jamaicensis]	9417
XP_036189517.1	XP_070259136	32.209	326	301	315	93	1.02e-39	145	solute carrier family 25 member 47-like [Myotis yumanensis]	159337
XP_036189517.1	XP_054442484	34.459	296	301	301	95	1.14e-39	145	mitochondrial ornithine transporter 1 [Pteronotus mesoamericanus]	1884717
XP_036189517.1	XP_037002369	34.520	281	301	306	95	1.22e-39	145	solute carrier family 25 member 45 [Artibeus jamaicensis]	9417
XP_036189517.1	XP_037002369	30.052	193	301	306	95	2.71e-15	80.1	solute carrier family 25 member 45 [Artibeus jamaicensis]	9417
XP_036189517.1	XP_070283586	38.017	242	301	439	77	1.47e-39	148	solute carrier family 25 member 45 isoform X3 [Myotis yumanensis]	159337
XP_036189517.1	XP_045678130	32.602	319	301	316	93	1.68e-39	145	solute carrier family 25 member 47 [Phyllostomus hastatus]	9423
XP_036189517.1	XP_006766673	31.790	324	301	313	93	2.58e-39	144	PREDICTED: solute carrier family 25 member 47 [Myotis davidii]	225400
XP_036189517.1	XP_006766672	31.790	324	301	313	93	2.58e-39	144	PREDICTED: solute carrier family 25 member 47 [Myotis davidii]	225400
XP_036189517.1	XP_005877939	31.902	326	301	315	93	3.14e-39	144	PREDICTED: solute carrier family 25 member 47 [Myotis brandtii]	109478
XP_036189517.1	XP_019494708	32.588	313	301	310	93	4.13e-39	144	PREDICTED: solute carrier family 25 member 47 isoform X2 [Hipposideros armiger]	186990
XP_036189517.1	XP_036312671	34.364	291	301	301	94	4.44e-39	144	mitochondrial ornithine transporter 1 [Pipistrellus kuhlii]	59472
XP_036189517.1	XP_045039492	34.538	249	301	249	96	4.70e-39	142	solute carrier family 25 member 45 isoform X2 [Desmodus rotundus]	9430
XP_036189517.1	XP_045039492	29.442	197	301	249	96	4.11e-16	81.3	solute carrier family 25 member 45 isoform X2 [Desmodus rotundus]	9430
XP_036189517.1	XP_036182575	38.017	242	301	437	77	9.33e-39	146	solute carrier family 25 member 45 isoform X1 [Myotis myotis]	51298
XP_036189517.1	XP_027985845	31.481	324	301	313	93	1.02e-38	143	solute carrier family 25 member 47 isoform X1 [Eptesicus fuscus]	29078
XP_036189517.1	XP_054575745	34.021	291	301	301	94	1.09e-38	142	mitochondrial ornithine transporter 1 [Eptesicus fuscus]	29078
XP_036189517.1	XP_079635125	34.021	291	301	301	94	1.09e-38	142	mitochondrial ornithine transporter 1 isoform 1 [Cnephaeus nilssonii]	3371016
XP_036189517.1	XP_079635124	34.021	291	301	301	94	1.09e-38	142	mitochondrial ornithine transporter 1 isoform 1 [Cnephaeus nilssonii]	3371016
XP_036189517.1	XP_028384140	31.864	295	301	301	95	1.47e-38	142	mitochondrial ornithine transporter 2-like [Phyllostomus discolor]	89673
XP_036189517.1	XP_080497459	35.656	244	301	246	95	1.95e-38	140	solute carrier family 25 member 45 isoform 2 [Plecotus auritus]	61862
XP_036189517.1	XP_080497459	29.688	192	301	246	95	5.67e-15	78.2	solute carrier family 25 member 45 isoform 2 [Plecotus auritus]	61862
XP_036189517.1	XP_080497458	35.656	244	301	246	95	1.95e-38	140	solute carrier family 25 member 45 isoform 2 [Plecotus auritus]	61862
XP_036189517.1	XP_080497458	29.688	192	301	246	95	5.67e-15	78.2	solute carrier family 25 member 45 isoform 2 [Plecotus auritus]	61862
XP_036189517.1	XP_080497457	35.656	244	301	246	95	1.95e-38	140	solute carrier family 25 member 45 isoform 2 [Plecotus auritus]	61862
XP_036189517.1	XP_080497457	29.688	192	301	246	95	5.67e-15	78.2	solute carrier family 25 member 45 isoform 2 [Plecotus auritus]	61862
XP_036189517.1	XP_037008061	33.564	289	301	301	93	2.04e-38	142	mitochondrial ornithine transporter 2 [Artibeus jamaicensis]	9417
XP_036189517.1	XP_028363628	31.348	319	301	316	93	2.13e-38	142	solute carrier family 25 member 47 [Phyllostomus discolor]	89673
XP_036189517.1	XP_081010312	35.918	245	301	246	96	2.63e-38	140	solute carrier family 25 member 45 isoform 2 [Miniopterus schreibersii]	9433
XP_036189517.1	XP_081010312	28.718	195	301	246	96	3.48e-14	75.9	solute carrier family 25 member 45 isoform 2 [Miniopterus schreibersii]	9433
XP_036189517.1	XP_081010311	35.918	245	301	246	96	2.63e-38	140	solute carrier family 25 member 45 isoform 2 [Miniopterus schreibersii]	9433
XP_036189517.1	XP_081010311	28.718	195	301	246	96	3.48e-14	75.9	solute carrier family 25 member 45 isoform 2 [Miniopterus schreibersii]	9433
XP_036189517.1	XP_024431081	32.759	290	301	301	93	2.83e-38	141	mitochondrial ornithine transporter 2 [Desmodus rotundus]	9430
XP_036189517.1	XP_036887592	31.661	319	301	316	93	3.05e-38	142	solute carrier family 25 member 47 isoform X1 [Sturnira hondurensis]	192404
XP_036189517.1	XP_059566095	38.889	234	301	305	74	3.49e-38	141	solute carrier family 25 member 45 isoform X1 [Myotis daubentonii]	98922
XP_036189517.1	XP_074192777	35.950	242	301	246	95	4.98e-38	139	solute carrier family 25 member 45 isoform X2 [Rhinolophus sinicus]	89399
XP_036189517.1	XP_074192777	30.412	194	301	246	95	6.96e-17	83.6	solute carrier family 25 member 45 isoform X2 [Rhinolophus sinicus]	89399
XP_036189517.1	XP_074192776	35.950	242	301	246	95	4.98e-38	139	solute carrier family 25 member 45 isoform X2 [Rhinolophus sinicus]	89399
XP_036189517.1	XP_074192776	30.412	194	301	246	95	6.96e-17	83.6	solute carrier family 25 member 45 isoform X2 [Rhinolophus sinicus]	89399
XP_036189517.1	XP_074192775	35.950	242	301	246	95	4.98e-38	139	solute carrier family 25 member 45 isoform X2 [Rhinolophus sinicus]	89399
XP_036189517.1	XP_074192775	30.412	194	301	246	95	6.96e-17	83.6	solute carrier family 25 member 45 isoform X2 [Rhinolophus sinicus]	89399
XP_036189517.1	XP_053772504	34.021	291	301	301	94	5.01e-38	141	mitochondrial ornithine transporter 1 [Desmodus rotundus]	9430
XP_036189517.1	XP_066108109	36.667	240	301	248	95	5.71e-38	139	solute carrier family 25 member 45 isoform X2 [Saccopteryx bilineata]	59482
XP_036189517.1	XP_066108109	27.551	196	301	248	95	1.69e-14	76.6	solute carrier family 25 member 45 isoform X2 [Saccopteryx bilineata]	59482
XP_036189517.1	XP_036985613	33.677	291	301	301	94	6.06e-38	140	mitochondrial ornithine transporter 1 isoform X1 [Artibeus jamaicensis]	9417
XP_036189517.1	XP_036985604	33.677	291	301	301	94	6.06e-38	140	mitochondrial ornithine transporter 1 isoform X1 [Artibeus jamaicensis]	9417
XP_036189517.1	XP_080517872	33.677	291	301	301	94	7.81e-38	140	mitochondrial ornithine transporter 1 isoform 1 [Plecotus auritus]	61862
XP_036189517.1	XP_019507291	33.677	291	301	301	94	8.06e-38	140	PREDICTED: mitochondrial ornithine transporter 1 [Hipposideros armiger]	186990
XP_036189517.1	XP_019507290	33.677	291	301	301	94	8.06e-38	140	PREDICTED: mitochondrial ornithine transporter 1 [Hipposideros armiger]	186990
XP_036189517.1	XP_019507289	33.677	291	301	301	94	8.06e-38	140	PREDICTED: mitochondrial ornithine transporter 1 [Hipposideros armiger]	186990
XP_036189517.1	XP_019501023	37.885	227	301	331	72	8.22e-38	141	PREDICTED: solute carrier family 25 member 45 isoform X2 [Hipposideros armiger]	186990
XP_036189517.1	XP_005877010	33.677	291	301	301	94	8.96e-38	140	PREDICTED: mitochondrial ornithine transporter 1 [Myotis brandtii]	109478
XP_036189517.1	XP_028382432	34.021	291	301	301	94	1.05e-37	140	mitochondrial ornithine transporter 1 [Phyllostomus discolor]	89673
XP_036189517.1	XP_028382431	34.021	291	301	301	94	1.05e-37	140	mitochondrial ornithine transporter 1 [Phyllostomus discolor]	89673
XP_036189517.1	XP_006752689	33.677	291	301	301	94	1.13e-37	140	PREDICTED: mitochondrial ornithine transporter 1 [Myotis davidii]	225400
XP_036189517.1	XP_036155914	33.677	291	301	301	94	1.13e-37	140	mitochondrial ornithine transporter 1 [Myotis myotis]	51298
XP_036189517.1	XP_036155913	33.677	291	301	301	94	1.13e-37	140	mitochondrial ornithine transporter 1 [Myotis myotis]	51298
XP_036189517.1	XP_036155912	33.677	291	301	301	94	1.13e-37	140	mitochondrial ornithine transporter 1 [Myotis myotis]	51298
XP_036189517.1	XP_080938949	33.677	291	301	301	94	1.13e-37	140	mitochondrial ornithine transporter 1 [Myotis nattereri]	109481
XP_036189517.1	XP_036155365	30.945	307	301	311	94	1.30e-37	140	LOW QUALITY PROTEIN: solute carrier family 25 member 48-like [Myotis myotis]	51298
XP_036189517.1	XP_070265232	33.677	291	301	301	94	1.38e-37	140	mitochondrial ornithine transporter 1 [Myotis yumanensis]	159337
XP_036189517.1	XP_045695159	34.021	291	301	301	94	1.46e-37	140	mitochondrial ornithine transporter 1 [Phyllostomus hastatus]	9423
XP_036189517.1	XP_045695158	34.021	291	301	301	94	1.46e-37	140	mitochondrial ornithine transporter 1 [Phyllostomus hastatus]	9423
XP_036189517.1	XP_045695157	34.021	291	301	301	94	1.46e-37	140	mitochondrial ornithine transporter 1 [Phyllostomus hastatus]	9423
XP_036189517.1	XP_036105915	33.677	291	301	301	94	1.57e-37	139	mitochondrial ornithine transporter 1 [Molossus molossus]	27622
XP_036189517.1	XP_032975854	35.417	240	301	246	95	1.60e-37	138	solute carrier family 25 member 45 isoform X3 [Rhinolophus ferrumequinum]	59479
XP_036189517.1	XP_032975854	30.412	194	301	246	95	4.00e-17	84.0	solute carrier family 25 member 45 isoform X3 [Rhinolophus ferrumequinum]	59479
XP_036189517.1	XP_032975853	35.417	240	301	246	95	1.60e-37	138	solute carrier family 25 member 45 isoform X3 [Rhinolophus ferrumequinum]	59479
XP_036189517.1	XP_032975853	30.412	194	301	246	95	4.00e-17	84.0	solute carrier family 25 member 45 isoform X3 [Rhinolophus ferrumequinum]	59479
XP_036189517.1	XP_032975852	35.417	240	301	246	95	1.60e-37	138	solute carrier family 25 member 45 isoform X3 [Rhinolophus ferrumequinum]	59479
XP_036189517.1	XP_032975852	30.412	194	301	246	95	4.00e-17	84.0	solute carrier family 25 member 45 isoform X3 [Rhinolophus ferrumequinum]	59479
XP_036189517.1	XP_066197956	31.475	305	301	394	95	1.72e-37	142	solute carrier family 25 member 48 isoform X1 [Saccopteryx leptura]	249018
XP_036189517.1	XP_066197956	30.151	199	301	394	95	1.66e-14	78.6	solute carrier family 25 member 48 isoform X1 [Saccopteryx leptura]	249018
XP_036189517.1	XP_036080673	32.095	296	301	389	96	2.10e-37	141	solute carrier family 25 member 48 isoform X1 [Rousettus aegyptiacus]	9407
XP_036189517.1	XP_036080673	31.343	201	301	389	96	1.88e-17	87.0	solute carrier family 25 member 48 isoform X1 [Rousettus aegyptiacus]	9407
XP_036189517.1	XP_024430233	32.281	285	301	226	94	2.18e-37	137	solute carrier family 25 member 45 isoform X3 [Desmodus rotundus]	9430
XP_036189517.1	XP_045427943	34.298	242	301	261	95	2.57e-37	138	mitochondrial basic amino acids transporter isoform X3 [Pipistrellus kuhlii]	59472
XP_036189517.1	XP_045427943	34.254	181	301	261	95	2.52e-26	109	mitochondrial basic amino acids transporter isoform X3 [Pipistrellus kuhlii]	59472
XP_036189517.1	XP_036918361	32.526	289	301	301	93	3.15e-37	139	mitochondrial ornithine transporter 2 [Sturnira hondurensis]	192404
XP_036189517.1	XP_066213891	33.929	280	301	228	93	3.17e-37	137	solute carrier family 25 member 45 isoform X2 [Saccopteryx leptura]	249018
XP_036189517.1	XP_066108110	33.929	280	301	228	93	3.69e-37	136	solute carrier family 25 member 45 isoform X3 [Saccopteryx bilineata]	59482
XP_036189517.1	XP_019605008	33.677	291	301	301	94	4.10e-37	138	mitochondrial ornithine transporter 1 isoform X1 [Rhinolophus sinicus]	89399
XP_036189517.1	XP_019605007	33.677	291	301	301	94	4.10e-37	138	mitochondrial ornithine transporter 1 isoform X1 [Rhinolophus sinicus]	89399
XP_036189517.1	XP_016069077	33.677	291	301	301	94	4.37e-37	138	PREDICTED: mitochondrial ornithine transporter 1 [Miniopterus natalensis]	291302
XP_036189517.1	XP_080984148	33.677	291	301	301	94	4.37e-37	138	mitochondrial ornithine transporter 1 [Miniopterus schreibersii]	9433
XP_036189517.1	XP_080917718	33.333	285	301	245	93	4.53e-37	137	solute carrier family 25 member 45 isoform 3 [Rhinolophus hipposideros]	77218
XP_036189517.1	XP_059540506	33.677	291	301	301	94	4.76e-37	138	mitochondrial ornithine transporter 1 [Myotis daubentonii]	98922
XP_036189517.1	XP_032960288	33.677	291	301	301	94	4.81e-37	138	mitochondrial ornithine transporter 1 [Rhinolophus ferrumequinum]	59479
XP_036189517.1	XP_032960287	33.677	291	301	301	94	4.81e-37	138	mitochondrial ornithine transporter 1 [Rhinolophus ferrumequinum]	59479
XP_036189517.1	XP_032960286	33.677	291	301	301	94	4.81e-37	138	mitochondrial ornithine transporter 1 [Rhinolophus ferrumequinum]	59479
XP_036189517.1	XP_032960285	33.677	291	301	301	94	4.81e-37	138	mitochondrial ornithine transporter 1 [Rhinolophus ferrumequinum]	59479
XP_036189517.1	XP_059566102	35.102	245	301	246	96	8.34e-37	136	solute carrier family 25 member 45 isoform X3 [Myotis daubentonii]	98922
XP_036189517.1	XP_059566102	28.351	194	301	246	96	3.21e-14	75.9	solute carrier family 25 member 45 isoform X3 [Myotis daubentonii]	98922
XP_036189517.1	XP_059566101	35.102	245	301	246	96	8.34e-37	136	solute carrier family 25 member 45 isoform X3 [Myotis daubentonii]	98922
XP_036189517.1	XP_059566101	28.351	194	301	246	96	3.21e-14	75.9	solute carrier family 25 member 45 isoform X3 [Myotis daubentonii]	98922
XP_036189517.1	XP_059566100	35.102	245	301	246	96	8.34e-37	136	solute carrier family 25 member 45 isoform X3 [Myotis daubentonii]	98922
XP_036189517.1	XP_059566100	28.351	194	301	246	96	3.21e-14	75.9	solute carrier family 25 member 45 isoform X3 [Myotis daubentonii]	98922
XP_036189517.1	XP_059566099	35.102	245	301	246	96	8.34e-37	136	solute carrier family 25 member 45 isoform X3 [Myotis daubentonii]	98922
XP_036189517.1	XP_059566099	28.351	194	301	246	96	3.21e-14	75.9	solute carrier family 25 member 45 isoform X3 [Myotis daubentonii]	98922
XP_036189517.1	XP_059566097	35.102	245	301	246	96	8.34e-37	136	solute carrier family 25 member 45 isoform X3 [Myotis daubentonii]	98922
XP_036189517.1	XP_059566097	28.351	194	301	246	96	3.21e-14	75.9	solute carrier family 25 member 45 isoform X3 [Myotis daubentonii]	98922
XP_036189517.1	XP_036097373	31.270	307	301	323	94	9.58e-37	138	solute carrier family 25 member 48 [Molossus molossus]	27622
XP_036189517.1	XP_036994290	30.293	307	301	329	94	1.14e-36	138	solute carrier family 25 member 48 isoform X3 [Artibeus jamaicensis]	9417
XP_036189517.1	XP_080902263	33.677	291	301	301	94	1.14e-36	137	mitochondrial ornithine transporter 1 isoform 1 [Rhinolophus hipposideros]	77218
XP_036189517.1	XP_080902262	33.677	291	301	301	94	1.14e-36	137	mitochondrial ornithine transporter 1 isoform 1 [Rhinolophus hipposideros]	77218
XP_036189517.1	XP_036994291	30.293	307	301	327	94	1.19e-36	138	solute carrier family 25 member 48 isoform X4 [Artibeus jamaicensis]	9417
XP_036189517.1	XP_036994292	30.293	307	301	327	94	1.19e-36	138	solute carrier family 25 member 48 isoform X4 [Artibeus jamaicensis]	9417
XP_036189517.1	XP_014302184	33.333	285	301	226	94	1.20e-36	135	solute carrier family 25 member 45 isoform X6 [Myotis lucifugus]	59463
XP_036189517.1	XP_019501030	33.214	280	301	226	93	1.37e-36	135	PREDICTED: solute carrier family 25 member 45 isoform X8 [Hipposideros armiger]	186990
XP_036189517.1	XP_036913500	32.990	291	301	301	94	1.44e-36	137	mitochondrial ornithine transporter 1 isoform X1 [Sturnira hondurensis]	192404
XP_036189517.1	XP_036913499	32.990	291	301	301	94	1.44e-36	137	mitochondrial ornithine transporter 1 isoform X1 [Sturnira hondurensis]	192404
XP_036189517.1	XP_036913498	32.990	291	301	301	94	1.44e-36	137	mitochondrial ornithine transporter 1 isoform X1 [Sturnira hondurensis]	192404
XP_036189517.1	XP_080904439	32.381	315	301	341	95	2.10e-36	137	solute carrier family 25 member 47 isoform 3 [Rhinolophus hipposideros]	77218
XP_036189517.1	XP_080904438	32.381	315	301	341	95	2.10e-36	137	solute carrier family 25 member 47 isoform 3 [Rhinolophus hipposideros]	77218
XP_036189517.1	XP_080904437	33.333	303	301	374	93	2.35e-36	138	solute carrier family 25 member 47 isoform 2 [Rhinolophus hipposideros]	77218
XP_036189517.1	XP_080904437	31.683	202	301	374	93	9.19e-15	79.3	solute carrier family 25 member 47 isoform 2 [Rhinolophus hipposideros]	77218
XP_036189517.1	XP_066237059	33.333	291	301	301	94	2.77e-36	136	mitochondrial ornithine transporter 1 [Saccopteryx leptura]	249018
XP_036189517.1	XP_066091104	33.333	291	301	301	94	2.77e-36	136	mitochondrial ornithine transporter 1 [Saccopteryx bilineata]	59482
XP_036189517.1	XP_019494707	32.459	305	301	347	93	3.48e-36	137	PREDICTED: solute carrier family 25 member 47 isoform X1 [Hipposideros armiger]	186990
XP_036189517.1	XP_019494707	29.902	204	301	347	93	4.81e-14	77.0	PREDICTED: solute carrier family 25 member 47 isoform X1 [Hipposideros armiger]	186990
XP_036189517.1	XP_045039841	32.039	309	301	327	94	3.93e-36	136	solute carrier family 25 member 48 [Desmodus rotundus]	9430
XP_036189517.1	XP_024430882	32.039	309	301	327	94	3.93e-36	136	solute carrier family 25 member 48 [Desmodus rotundus]	9430
XP_036189517.1	XP_054426584	34.818	247	301	246	96	4.81e-36	134	solute carrier family 25 member 45 isoform X3 [Pteronotus mesoamericanus]	1884717
XP_036189517.1	XP_054426584	28.934	197	301	246	96	1.40e-14	77.0	solute carrier family 25 member 45 isoform X3 [Pteronotus mesoamericanus]	1884717
XP_036189517.1	XP_053528748	30.293	307	301	392	94	4.93e-36	138	solute carrier family 25 member 48 isoform X2 [Artibeus jamaicensis]	9417
XP_036189517.1	XP_080904436	32.381	315	301	402	95	6.47e-36	137	solute carrier family 25 member 47 isoform 1 [Rhinolophus hipposideros]	77218
XP_036189517.1	XP_016053057	31.333	300	301	404	97	6.71e-36	137	PREDICTED: solute carrier family 25 member 48 [Miniopterus natalensis]	291302
XP_036189517.1	XP_016053057	28.293	205	301	404	97	1.63e-14	78.6	PREDICTED: solute carrier family 25 member 48 [Miniopterus natalensis]	291302
XP_036189517.1	XP_014393529	31.930	285	301	289	94	9.19e-36	134	PREDICTED: solute carrier family 25 member 45 isoform X5 [Myotis brandtii]	109478
XP_036189517.1	XP_032951883	33.677	291	301	301	94	1.08e-35	135	mitochondrial ornithine transporter 2-like [Rhinolophus ferrumequinum]	59479
XP_036189517.1	XP_011367114	32.624	282	301	226	93	1.18e-35	132	solute carrier family 25 member 45 isoform X4 [Pteropus vampyrus]	132908
XP_036189517.1	XP_039696880	32.624	282	301	226	93	1.18e-35	132	solute carrier family 25 member 45 isoform X7 [Pteropus medius]	143291
XP_036189517.1	XP_015974823	32.979	282	301	226	93	1.87e-35	132	solute carrier family 25 member 45 isoform X3 [Rousettus aegyptiacus]	9407
XP_036189517.1	XP_070283584	36.777	242	301	431	77	1.93e-35	137	solute carrier family 25 member 45 isoform X1 [Myotis yumanensis]	159337
XP_036189517.1	XP_015444113	32.624	282	301	226	93	1.97e-35	132	solute carrier family 25 member 45 isoform X4 [Pteropus alecto]	9402
XP_036189517.1	XP_059566104	32.982	285	301	226	94	5.30e-35	131	solute carrier family 25 member 45 isoform X5 [Myotis daubentonii]	98922
XP_036189517.1	XP_023607929	32.549	255	301	265	82	5.45e-35	132	mitochondrial ornithine transporter 2 [Myotis lucifugus]	59463
XP_036189517.1	XP_006771654	31.579	285	301	289	94	7.50e-35	132	PREDICTED: solute carrier family 25 member 45 isoform X3 [Myotis davidii]	225400
XP_036189517.1	XP_015975495	32.975	279	301	301	90	1.55e-34	132	mitochondrial ornithine transporter 1 isoform X1 [Rousettus aegyptiacus]	9407
XP_036189517.1	XP_015975494	32.975	279	301	301	90	1.55e-34	132	mitochondrial ornithine transporter 1 isoform X1 [Rousettus aegyptiacus]	9407
XP_036189517.1	XP_015975492	32.975	279	301	301	90	1.55e-34	132	mitochondrial ornithine transporter 1 isoform X1 [Rousettus aegyptiacus]	9407
XP_036189517.1	XP_080917717	33.955	268	301	257	87	1.70e-34	130	solute carrier family 25 member 45 isoform 2 [Rhinolophus hipposideros]	77218
XP_036189517.1	XP_023601412	34.507	284	301	292	94	2.10e-34	131	solute carrier family 25 member 45 isoform X4 [Myotis lucifugus]	59463
XP_036189517.1	XP_015993185	29.674	337	301	357	94	2.42e-34	132	solute carrier family 25 member 48 isoform X2 [Rousettus aegyptiacus]	9407
XP_036189517.1	XP_023392444	32.258	279	301	301	90	3.71e-34	130	mitochondrial ornithine transporter 1 isoform X1 [Pteropus vampyrus]	132908
XP_036189517.1	XP_011368660	32.258	279	301	301	90	3.71e-34	130	mitochondrial ornithine transporter 1 isoform X1 [Pteropus vampyrus]	132908
XP_036189517.1	XP_015442606	32.258	279	301	301	90	5.59e-34	130	mitochondrial ornithine transporter 1 isoform X1 [Pteropus alecto]	9402
XP_036189517.1	XP_006909060	32.258	279	301	301	90	5.59e-34	130	mitochondrial ornithine transporter 1 isoform X1 [Pteropus alecto]	9402
XP_036189517.1	XP_011373559	38.776	196	301	241	65	6.12e-34	129	mitochondrial basic amino acids transporter [Pteropus vampyrus]	132908
XP_036189517.1	XP_019501026	34.074	270	301	282	89	7.59e-34	129	PREDICTED: solute carrier family 25 member 45 isoform X5 [Hipposideros armiger]	186990
XP_036189517.1	XP_019501026	30.952	168	301	282	89	6.70e-14	75.9	PREDICTED: solute carrier family 25 member 45 isoform X5 [Hipposideros armiger]	186990
XP_036189517.1	XP_039695382	32.258	279	301	301	90	1.05e-33	129	mitochondrial ornithine transporter 1 isoform X1 [Pteropus medius]	143291
XP_036189517.1	XP_039695381	32.258	279	301	301	90	1.05e-33	129	mitochondrial ornithine transporter 1 isoform X1 [Pteropus medius]	143291
XP_036189517.1	XP_039695380	32.258	279	301	301	90	1.05e-33	129	mitochondrial ornithine transporter 1 isoform X1 [Pteropus medius]	143291
XP_036189517.1	XP_054573850	30.483	269	301	312	97	1.15e-33	130	solute carrier family 25 member 48 isoform X3 [Eptesicus fuscus]	29078
XP_036189517.1	XP_054573850	31.034	203	301	312	97	3.16e-15	79.7	solute carrier family 25 member 48 isoform X3 [Eptesicus fuscus]	29078
XP_036189517.1	XP_005865655	31.203	266	301	283	96	1.18e-33	129	PREDICTED: solute carrier family 25 member 48 [Myotis brandtii]	109478
XP_036189517.1	XP_005865655	29.064	203	301	283	96	2.13e-15	80.1	PREDICTED: solute carrier family 25 member 48 [Myotis brandtii]	109478
XP_036189517.1	XP_014393528	32.852	277	301	309	92	1.21e-33	129	PREDICTED: solute carrier family 25 member 45 isoform X4 [Myotis brandtii]	109478
XP_036189517.1	XP_023600205	38.251	183	301	236	95	1.23e-33	127	mitochondrial basic amino acids transporter isoform X3 [Myotis lucifugus]	59463
XP_036189517.1	XP_023600205	32.161	199	301	236	95	6.00e-24	102	mitochondrial basic amino acids transporter isoform X3 [Myotis lucifugus]	59463
XP_036189517.1	XP_059542342	38.251	183	301	236	95	1.52e-33	127	mitochondrial basic amino acids transporter isoform X4 [Myotis daubentonii]	98922
XP_036189517.1	XP_059542342	32.663	199	301	236	95	1.03e-24	104	mitochondrial basic amino acids transporter isoform X4 [Myotis daubentonii]	98922
XP_036189517.1	XP_059542333	38.251	183	301	236	95	1.52e-33	127	mitochondrial basic amino acids transporter isoform X4 [Myotis daubentonii]	98922
XP_036189517.1	XP_059542333	32.663	199	301	236	95	1.03e-24	104	mitochondrial basic amino acids transporter isoform X4 [Myotis daubentonii]	98922
XP_036189517.1	XP_080528686	30.451	266	301	312	96	1.77e-33	129	solute carrier family 25 member 48 isoform 1 [Plecotus auritus]	61862
XP_036189517.1	XP_080528686	31.527	203	301	312	96	6.81e-16	81.6	solute carrier family 25 member 48 isoform 1 [Plecotus auritus]	61862
XP_036189517.1	XP_045710871	38.021	192	301	230	96	2.24e-33	127	solute carrier family 25 member 45 isoform X2 [Phyllostomus hastatus]	9423
XP_036189517.1	XP_045710871	28.205	195	301	230	96	1.81e-15	79.3	solute carrier family 25 member 45 isoform X2 [Phyllostomus hastatus]	9423
XP_036189517.1	XP_036173025	37.363	182	301	236	95	3.06e-33	126	mitochondrial basic amino acids transporter isoform X4 [Myotis myotis]	51298
XP_036189517.1	XP_036173025	32.663	199	301	236	95	5.50e-25	105	mitochondrial basic amino acids transporter isoform X4 [Myotis myotis]	51298
XP_036189517.1	XP_036173016	37.363	182	301	236	95	3.06e-33	126	mitochondrial basic amino acids transporter isoform X4 [Myotis myotis]	51298
XP_036189517.1	XP_036173016	32.663	199	301	236	95	5.50e-25	105	mitochondrial basic amino acids transporter isoform X4 [Myotis myotis]	51298
XP_036189517.1	XP_054571749	34.529	223	301	241	95	3.26e-33	127	mitochondrial basic amino acids transporter isoform X1 [Eptesicus fuscus]	29078
XP_036189517.1	XP_054571749	31.658	199	301	241	95	2.20e-23	100	mitochondrial basic amino acids transporter isoform X1 [Eptesicus fuscus]	29078
XP_036189517.1	XP_054571748	34.529	223	301	241	95	3.26e-33	127	mitochondrial basic amino acids transporter isoform X1 [Eptesicus fuscus]	29078
XP_036189517.1	XP_054571748	31.658	199	301	241	95	2.20e-23	100	mitochondrial basic amino acids transporter isoform X1 [Eptesicus fuscus]	29078
XP_036189517.1	XP_006086624	31.203	266	301	361	96	4.20e-33	129	solute carrier family 25 member 48 isoform X3 [Myotis lucifugus]	59463
XP_036189517.1	XP_006086624	29.064	203	301	361	96	1.35e-15	81.6	solute carrier family 25 member 48 isoform X3 [Myotis lucifugus]	59463
XP_036189517.1	XP_035869876	34.978	223	301	242	95	4.49e-33	126	mitochondrial basic amino acids transporter isoform X1 [Phyllostomus discolor]	89673
XP_036189517.1	XP_035869876	32.597	181	301	242	95	7.49e-24	102	mitochondrial basic amino acids transporter isoform X1 [Phyllostomus discolor]	89673
XP_036189517.1	XP_079625589	34.234	222	301	241	95	5.59e-33	126	mitochondrial basic amino acids transporter isoform 3 [Cnephaeus nilssonii]	3371016
XP_036189517.1	XP_079625589	32.161	199	301	241	95	7.81e-24	102	mitochondrial basic amino acids transporter isoform 3 [Cnephaeus nilssonii]	3371016
XP_036189517.1	XP_079628702	32.130	277	301	333	86	7.08e-33	128	solute carrier family 25 member 48 isoform 1 [Cnephaeus nilssonii]	3371016
XP_036189517.1	XP_079628702	31.844	179	301	333	86	5.59e-11	67.8	solute carrier family 25 member 48 isoform 1 [Cnephaeus nilssonii]	3371016
XP_036189517.1	XP_059566103	32.491	277	301	246	92	8.16e-33	125	solute carrier family 25 member 45 isoform X4 [Myotis daubentonii]	98922
XP_036189517.1	XP_036909084	38.503	187	301	230	95	1.07e-32	125	solute carrier family 25 member 45 isoform X2 [Sturnira hondurensis]	192404
XP_036189517.1	XP_036909084	28.718	195	301	230	95	1.54e-14	76.6	solute carrier family 25 member 45 isoform X2 [Sturnira hondurensis]	192404
XP_036189517.1	XP_036909081	38.503	187	301	230	95	1.07e-32	125	solute carrier family 25 member 45 isoform X2 [Sturnira hondurensis]	192404
XP_036189517.1	XP_036909081	28.718	195	301	230	95	1.54e-14	76.6	solute carrier family 25 member 45 isoform X2 [Sturnira hondurensis]	192404
XP_036189517.1	XP_059554420	33.585	265	301	333	83	1.12e-32	127	solute carrier family 25 member 48 isoform X1 [Myotis daubentonii]	98922
XP_036189517.1	XP_059554420	29.609	179	301	333	83	2.79e-11	68.6	solute carrier family 25 member 48 isoform X1 [Myotis daubentonii]	98922
XP_036189517.1	XP_036169644	33.585	265	301	333	83	1.91e-32	127	solute carrier family 25 member 48 isoform X1 [Myotis myotis]	51298
XP_036189517.1	XP_036169644	29.282	181	301	333	83	2.61e-11	68.9	solute carrier family 25 member 48 isoform X1 [Myotis myotis]	51298
XP_036189517.1	XP_080528690	32.453	265	301	274	83	1.97e-32	125	solute carrier family 25 member 48 isoform 4 [Plecotus auritus]	61862
XP_036189517.1	XP_080528690	32.402	179	301	274	83	6.39e-12	70.1	solute carrier family 25 member 48 isoform 4 [Plecotus auritus]	61862
XP_036189517.1	XP_023391511	32.959	267	301	275	88	2.08e-32	125	solute carrier family 25 member 45 isoform X3 [Pteropus vampyrus]	132908
XP_036189517.1	XP_023391511	30.952	168	301	275	88	7.69e-13	72.4	solute carrier family 25 member 45 isoform X3 [Pteropus vampyrus]	132908
XP_036189517.1	XP_070271053	33.585	265	301	374	81	2.90e-32	127	solute carrier family 25 member 48 isoform X1 [Myotis yumanensis]	159337
XP_036189517.1	XP_024902137	32.959	267	301	275	88	3.27e-32	125	solute carrier family 25 member 45 isoform X3 [Pteropus alecto]	9402
XP_036189517.1	XP_024902137	30.357	168	301	275	88	1.19e-12	72.0	solute carrier family 25 member 45 isoform X3 [Pteropus alecto]	9402
XP_036189517.1	XP_032962999	33.333	282	301	245	93	3.28e-32	124	solute carrier family 25 member 47 isoform X4 [Rhinolophus ferrumequinum]	59479
XP_036189517.1	XP_080517874	29.433	282	301	255	94	4.64e-32	124	mitochondrial ornithine transporter 1 isoform 3 [Plecotus auritus]	61862
XP_036189517.1	XP_080891074	33.712	264	301	303	81	4.83e-32	125	solute carrier family 25 member 48 isoform 2 [Rhinolophus hipposideros]	77218
XP_036189517.1	XP_080891074	29.697	165	301	303	81	5.22e-12	70.5	solute carrier family 25 member 48 isoform 2 [Rhinolophus hipposideros]	77218
XP_036189517.1	XP_028003903	32.830	265	301	333	83	4.92e-32	126	solute carrier family 25 member 48 isoform X2 [Eptesicus fuscus]	29078
XP_036189517.1	XP_028003903	31.844	179	301	333	83	6.32e-11	67.8	solute carrier family 25 member 48 isoform X2 [Eptesicus fuscus]	29078
XP_036189517.1	XP_054424394	33.208	265	301	344	83	5.95e-32	126	solute carrier family 25 member 48 isoform X2 [Pteronotus mesoamericanus]	1884717
XP_036189517.1	XP_054424394	29.213	178	301	344	83	7.73e-12	70.5	solute carrier family 25 member 48 isoform X2 [Pteronotus mesoamericanus]	1884717
XP_036189517.1	XP_045681448	33.208	265	301	304	81	9.43e-32	124	solute carrier family 25 member 48 isoform X5 [Phyllostomus hastatus]	9423
XP_036189517.1	XP_045681460	33.208	265	301	299	81	1.08e-31	124	solute carrier family 25 member 48 isoform X6 [Phyllostomus hastatus]	9423
XP_036189517.1	XP_054424393	31.930	285	301	366	90	1.16e-31	125	solute carrier family 25 member 48 isoform X1 [Pteronotus mesoamericanus]	1884717
XP_036189517.1	XP_054424393	28.814	177	301	366	90	3.26e-11	68.6	solute carrier family 25 member 48 isoform X1 [Pteronotus mesoamericanus]	1884717
XP_036189517.1	XP_023607914	33.585	265	301	394	81	1.22e-31	126	solute carrier family 25 member 48 isoform X2 [Myotis lucifugus]	59463
XP_036189517.1	XP_015418946	31.621	253	301	264	96	4.38e-31	122	PREDICTED: solute carrier family 25 member 48 [Myotis davidii]	225400
XP_036189517.1	XP_015418946	29.064	203	301	264	96	4.69e-16	81.3	PREDICTED: solute carrier family 25 member 48 [Myotis davidii]	225400
XP_036189517.1	XP_035869505	32.959	267	301	336	81	5.52e-31	123	solute carrier family 25 member 48 isoform X4 [Phyllostomus discolor]	89673
XP_036189517.1	XP_036985628	32.593	270	301	269	87	5.93e-31	121	mitochondrial ornithine transporter 1 isoform X2 [Artibeus jamaicensis]	9417
XP_036189517.1	XP_032962997	30.097	309	301	282	93	6.51e-31	122	solute carrier family 25 member 47 isoform X2 [Rhinolophus ferrumequinum]	59479
XP_036189517.1	XP_074186000	29.433	282	301	255	94	6.88e-31	121	mitochondrial ornithine transporter 1 isoform X2 [Rhinolophus sinicus]	89399
XP_036189517.1	XP_045681379	33.208	265	301	383	81	9.51e-31	123	solute carrier family 25 member 48 isoform X1 [Phyllostomus hastatus]	9423
XP_036189517.1	XP_015975497	32.222	270	301	269	87	2.34e-30	120	mitochondrial ornithine transporter 1 isoform X2 [Rousettus aegyptiacus]	9407
XP_036189517.1	XP_036169645	33.463	257	301	326	83	2.35e-30	121	solute carrier family 25 member 48 isoform X2 [Myotis myotis]	51298
XP_036189517.1	XP_036169645	29.282	181	301	326	83	2.67e-11	68.6	solute carrier family 25 member 48 isoform X2 [Myotis myotis]	51298
XP_036189517.1	XP_035869502	32.959	267	301	419	81	3.16e-30	122	solute carrier family 25 member 48 isoform X1 [Phyllostomus discolor]	89673
XP_036189517.1	XP_016074238	36.264	182	301	236	95	4.70e-30	118	PREDICTED: mitochondrial basic amino acids transporter [Miniopterus natalensis]	291302
XP_036189517.1	XP_016074238	31.132	212	301	236	95	3.12e-22	97.8	PREDICTED: mitochondrial basic amino acids transporter [Miniopterus natalensis]	291302
XP_036189517.1	XP_023392445	31.481	270	301	269	87	5.31e-30	119	mitochondrial ornithine transporter 1 isoform X2 [Pteropus vampyrus]	132908
XP_036189517.1	XP_036267545	36.066	183	301	237	95	5.70e-30	118	mitochondrial basic amino acids transporter isoform X4 [Pipistrellus kuhlii]	59472
XP_036189517.1	XP_036267545	34.254	181	301	237	95	1.13e-26	109	mitochondrial basic amino acids transporter isoform X4 [Pipistrellus kuhlii]	59472
XP_036189517.1	XP_024900528	31.481	270	301	269	87	7.74e-30	119	mitochondrial ornithine transporter 1 isoform X2 [Pteropus alecto]	9402
XP_036189517.1	XP_070283587	34.146	205	301	239	64	8.55e-30	117	solute carrier family 25 member 45 isoform X4 [Myotis yumanensis]	159337
XP_036189517.1	XP_039695383	31.481	270	301	269	87	1.51e-29	118	mitochondrial ornithine transporter 1 isoform X2 [Pteropus medius]	143291
XP_036189517.1	XP_036913501	31.852	270	301	269	87	1.77e-29	117	mitochondrial ornithine transporter 1 isoform X2 [Sturnira hondurensis]	192404
XP_036189517.1	XP_019501029	39.881	168	301	258	89	2.38e-29	117	PREDICTED: solute carrier family 25 member 45 isoform X7 [Hipposideros armiger]	186990
XP_036189517.1	XP_019501029	31.217	189	301	258	89	2.96e-14	76.3	PREDICTED: solute carrier family 25 member 45 isoform X7 [Hipposideros armiger]	186990
XP_036189517.1	XP_023604910	33.074	257	301	298	82	3.53e-29	117	LOW QUALITY PROTEIN: mitochondrial ornithine transporter 1 [Myotis lucifugus]	59463
XP_036189517.1	XP_066133675	31.395	258	301	264	97	4.32e-29	116	solute carrier family 25 member 47 isoform X3 [Saccopteryx bilineata]	59482
XP_036189517.1	XP_066133675	28.972	214	301	264	97	1.74e-11	68.6	solute carrier family 25 member 47 isoform X3 [Saccopteryx bilineata]	59482
XP_036189517.1	XP_066133673	31.395	258	301	264	97	4.32e-29	116	solute carrier family 25 member 47 isoform X3 [Saccopteryx bilineata]	59482
XP_036189517.1	XP_066133673	28.972	214	301	264	97	1.74e-11	68.6	solute carrier family 25 member 47 isoform X3 [Saccopteryx bilineata]	59482
XP_036189517.1	XP_066133672	31.395	258	301	264	97	4.32e-29	116	solute carrier family 25 member 47 isoform X3 [Saccopteryx bilineata]	59482
XP_036189517.1	XP_066133672	28.972	214	301	264	97	1.74e-11	68.6	solute carrier family 25 member 47 isoform X3 [Saccopteryx bilineata]	59482
XP_036189517.1	XP_066133671	31.395	258	301	264	97	4.32e-29	116	solute carrier family 25 member 47 isoform X3 [Saccopteryx bilineata]	59482
XP_036189517.1	XP_066133671	28.972	214	301	264	97	1.74e-11	68.6	solute carrier family 25 member 47 isoform X3 [Saccopteryx bilineata]	59482
XP_036189517.1	XP_066133670	31.395	258	301	264	97	4.32e-29	116	solute carrier family 25 member 47 isoform X3 [Saccopteryx bilineata]	59482
XP_036189517.1	XP_066133670	28.972	214	301	264	97	1.74e-11	68.6	solute carrier family 25 member 47 isoform X3 [Saccopteryx bilineata]	59482
XP_036189517.1	XP_066133669	31.395	258	301	264	97	4.32e-29	116	solute carrier family 25 member 47 isoform X3 [Saccopteryx bilineata]	59482
XP_036189517.1	XP_066133669	28.972	214	301	264	97	1.74e-11	68.6	solute carrier family 25 member 47 isoform X3 [Saccopteryx bilineata]	59482
XP_036189517.1	XP_066133668	31.395	258	301	264	97	4.32e-29	116	solute carrier family 25 member 47 isoform X3 [Saccopteryx bilineata]	59482
XP_036189517.1	XP_066133668	28.972	214	301	264	97	1.74e-11	68.6	solute carrier family 25 member 47 isoform X3 [Saccopteryx bilineata]	59482
XP_036189517.1	XP_054424396	32.549	255	301	341	83	5.17e-29	118	solute carrier family 25 member 48 isoform X4 [Pteronotus mesoamericanus]	1884717
XP_036189517.1	XP_054424396	28.814	177	301	341	83	3.94e-11	68.2	solute carrier family 25 member 48 isoform X4 [Pteronotus mesoamericanus]	1884717
XP_036189517.1	XP_006771653	35.122	205	301	302	64	7.67e-29	117	PREDICTED: solute carrier family 25 member 45 isoform X2 [Myotis davidii]	225400
XP_036189517.1	XP_036912326	34.354	294	301	299	95	9.57e-29	116	mitochondrial 2-oxodicarboxylate carrier isoform X1 [Sturnira hondurensis]	192404
XP_036189517.1	XP_080999300	31.707	287	301	644	94	2.16e-28	119	electrogenic aspartate/glutamate antiporter SLC25A12, mitochondrial isoform 4 [Miniopterus schreibersii]	9433
XP_036189517.1	XP_080999300	33.516	182	301	644	94	5.12e-17	86.7	electrogenic aspartate/glutamate antiporter SLC25A12, mitochondrial isoform 4 [Miniopterus schreibersii]	9433
XP_036189517.1	XP_080999299	31.707	287	301	644	94	2.16e-28	119	electrogenic aspartate/glutamate antiporter SLC25A12, mitochondrial isoform 4 [Miniopterus schreibersii]	9433
XP_036189517.1	XP_080999299	33.516	182	301	644	94	5.12e-17	86.7	electrogenic aspartate/glutamate antiporter SLC25A12, mitochondrial isoform 4 [Miniopterus schreibersii]	9433
XP_036189517.1	XP_080999296	31.707	287	301	701	94	2.59e-28	119	electrogenic aspartate/glutamate antiporter SLC25A12, mitochondrial isoform 1 [Miniopterus schreibersii]	9433
XP_036189517.1	XP_080999296	33.516	182	301	701	94	6.79e-17	86.3	electrogenic aspartate/glutamate antiporter SLC25A12, mitochondrial isoform 1 [Miniopterus schreibersii]	9433
XP_036189517.1	XP_080999295	31.707	287	301	701	94	2.59e-28	119	electrogenic aspartate/glutamate antiporter SLC25A12, mitochondrial isoform 1 [Miniopterus schreibersii]	9433
XP_036189517.1	XP_080999295	33.516	182	301	701	94	6.79e-17	86.3	electrogenic aspartate/glutamate antiporter SLC25A12, mitochondrial isoform 1 [Miniopterus schreibersii]	9433
XP_036189517.1	XP_080999294	31.707	287	301	701	94	2.59e-28	119	electrogenic aspartate/glutamate antiporter SLC25A12, mitochondrial isoform 1 [Miniopterus schreibersii]	9433
XP_036189517.1	XP_080999294	33.516	182	301	701	94	6.79e-17	86.3	electrogenic aspartate/glutamate antiporter SLC25A12, mitochondrial isoform 1 [Miniopterus schreibersii]	9433
XP_036189517.1	XP_016059954	31.707	287	301	701	94	2.83e-28	119	PREDICTED: calcium-binding mitochondrial carrier protein Aralar1 isoform X1 [Miniopterus natalensis]	291302
XP_036189517.1	XP_016059954	33.516	182	301	701	94	8.03e-17	86.3	PREDICTED: calcium-binding mitochondrial carrier protein Aralar1 isoform X1 [Miniopterus natalensis]	291302
XP_036189517.1	XP_080999298	31.707	287	301	677	94	2.88e-28	119	electrogenic aspartate/glutamate antiporter SLC25A12, mitochondrial isoform 3 [Miniopterus schreibersii]	9433
XP_036189517.1	XP_080999298	33.516	182	301	677	94	6.88e-17	86.3	electrogenic aspartate/glutamate antiporter SLC25A12, mitochondrial isoform 3 [Miniopterus schreibersii]	9433
XP_036189517.1	XP_032962998	31.518	257	301	264	93	3.28e-28	114	solute carrier family 25 member 47 isoform X3 [Rhinolophus ferrumequinum]	59479
XP_036189517.1	XP_032962998	32.000	200	301	264	93	2.41e-17	85.1	solute carrier family 25 member 47 isoform X3 [Rhinolophus ferrumequinum]	59479
XP_036189517.1	XP_080999297	31.707	287	301	679	94	3.46e-28	119	electrogenic aspartate/glutamate antiporter SLC25A12, mitochondrial isoform 2 [Miniopterus schreibersii]	9433
XP_036189517.1	XP_080999297	33.516	182	301	679	94	7.15e-17	86.3	electrogenic aspartate/glutamate antiporter SLC25A12, mitochondrial isoform 2 [Miniopterus schreibersii]	9433
XP_036189517.1	XP_016060031	31.707	287	301	677	94	3.52e-28	119	PREDICTED: calcium-binding mitochondrial carrier protein Aralar1 isoform X2 [Miniopterus natalensis]	291302
XP_036189517.1	XP_016060031	33.516	182	301	677	94	9.18e-17	85.9	PREDICTED: calcium-binding mitochondrial carrier protein Aralar1 isoform X2 [Miniopterus natalensis]	291302
XP_036189517.1	XP_036900356	31.359	287	301	586	94	5.28e-28	118	electrogenic aspartate/glutamate antiporter SLC25A12, mitochondrial isoform X2 [Sturnira hondurensis]	192404
XP_036189517.1	XP_036900356	33.880	183	301	586	94	4.34e-18	89.7	electrogenic aspartate/glutamate antiporter SLC25A12, mitochondrial isoform X2 [Sturnira hondurensis]	192404
XP_036189517.1	XP_036110028	31.359	287	301	586	94	7.71e-28	118	calcium-binding mitochondrial carrier protein Aralar1 isoform X2 [Molossus molossus]	27622
XP_036189517.1	XP_036110028	33.516	182	301	586	94	3.44e-17	87.0	calcium-binding mitochondrial carrier protein Aralar1 isoform X2 [Molossus molossus]	27622
XP_036189517.1	XP_036900355	31.359	287	301	677	94	8.32e-28	118	electrogenic aspartate/glutamate antiporter SLC25A12, mitochondrial isoform X1 [Sturnira hondurensis]	192404
XP_036189517.1	XP_036900355	33.880	183	301	677	94	6.41e-18	89.4	electrogenic aspartate/glutamate antiporter SLC25A12, mitochondrial isoform X1 [Sturnira hondurensis]	192404
XP_036189517.1	XP_035869503	32.806	253	301	410	76	8.76e-28	116	solute carrier family 25 member 48 isoform X2 [Phyllostomus discolor]	89673
XP_036189517.1	XP_053521031	31.359	287	301	677	94	8.82e-28	118	electrogenic aspartate/glutamate antiporter SLC25A12, mitochondrial [Artibeus jamaicensis]	9417
XP_036189517.1	XP_053521031	33.333	183	301	677	94	7.51e-18	89.0	electrogenic aspartate/glutamate antiporter SLC25A12, mitochondrial [Artibeus jamaicensis]	9417
XP_036189517.1	XP_036110027	31.359	287	301	677	94	1.11e-27	117	calcium-binding mitochondrial carrier protein Aralar1 isoform X1 [Molossus molossus]	27622
XP_036189517.1	XP_036110027	33.516	182	301	677	94	4.31e-17	87.0	calcium-binding mitochondrial carrier protein Aralar1 isoform X1 [Molossus molossus]	27622
XP_036189517.1	XP_053528749	30.943	265	301	309	81	1.22e-27	114	solute carrier family 25 member 48 isoform X5 [Artibeus jamaicensis]	9417
XP_036189517.1	XP_037020658	34.014	294	301	299	95	1.23e-27	113	mitochondrial 2-oxodicarboxylate carrier isoform X3 [Artibeus jamaicensis]	9417
XP_036189517.1	XP_015993187	28.716	296	301	314	96	1.37e-27	114	solute carrier family 25 member 48 isoform X4 [Rousettus aegyptiacus]	9407
XP_036189517.1	XP_015993187	31.818	176	301	314	96	9.12e-13	72.8	solute carrier family 25 member 48 isoform X4 [Rousettus aegyptiacus]	9407
XP_036189517.1	XP_019497699	31.600	250	301	323	95	2.32e-27	113	PREDICTED: solute carrier family 25 member 48 [Hipposideros armiger]	186990
XP_036189517.1	XP_019497699	29.293	198	301	323	95	3.51e-14	77.0	PREDICTED: solute carrier family 25 member 48 [Hipposideros armiger]	186990
XP_036189517.1	XP_039696878	31.325	249	301	262	83	3.80e-27	111	solute carrier family 25 member 45 isoform X5 [Pteropus medius]	143291
XP_036189517.1	XP_054418646	31.010	287	301	586	94	4.68e-27	115	electrogenic aspartate/glutamate antiporter SLC25A12, mitochondrial isoform X2 [Pteronotus mesoamericanus]	1884717
XP_036189517.1	XP_054418646	33.333	183	301	586	94	4.18e-17	86.7	electrogenic aspartate/glutamate antiporter SLC25A12, mitochondrial isoform X2 [Pteronotus mesoamericanus]	1884717
XP_036189517.1	XP_054418645	31.010	287	301	619	94	4.92e-27	115	electrogenic aspartate/glutamate antiporter SLC25A12, mitochondrial isoform X1 [Pteronotus mesoamericanus]	1884717
XP_036189517.1	XP_054418645	33.333	183	301	619	94	4.53e-17	86.7	electrogenic aspartate/glutamate antiporter SLC25A12, mitochondrial isoform X1 [Pteronotus mesoamericanus]	1884717
XP_036189517.1	XP_028366168	31.010	287	301	585	94	5.23e-27	115	calcium-binding mitochondrial carrier protein Aralar1 isoform X2 [Phyllostomus discolor]	89673
XP_036189517.1	XP_028366168	33.333	183	301	585	94	3.03e-18	90.1	calcium-binding mitochondrial carrier protein Aralar1 isoform X2 [Phyllostomus discolor]	89673
XP_036189517.1	XP_054418647	31.010	287	301	677	94	5.26e-27	115	electrogenic aspartate/glutamate antiporter SLC25A12, mitochondrial isoform X3 [Pteronotus mesoamericanus]	1884717
XP_036189517.1	XP_054418647	33.333	183	301	677	94	4.87e-17	86.7	electrogenic aspartate/glutamate antiporter SLC25A12, mitochondrial isoform X3 [Pteronotus mesoamericanus]	1884717
XP_036189517.1	XP_045698881	31.010	287	301	585	94	5.65e-27	115	calcium-binding mitochondrial carrier protein Aralar1 isoform X5 [Phyllostomus hastatus]	9423
XP_036189517.1	XP_045698881	33.333	183	301	585	94	3.09e-18	90.1	calcium-binding mitochondrial carrier protein Aralar1 isoform X5 [Phyllostomus hastatus]	9423
XP_036189517.1	XP_045696021	31.010	287	301	694	94	6.22e-27	115	calcium-binding mitochondrial carrier protein Aralar1 isoform X1 [Phyllostomus hastatus]	9423
XP_036189517.1	XP_045696021	33.333	183	301	694	94	3.84e-18	90.1	calcium-binding mitochondrial carrier protein Aralar1 isoform X1 [Phyllostomus hastatus]	9423
XP_036189517.1	XP_036277787	31.010	287	301	550	97	6.22e-27	115	calcium-binding mitochondrial carrier protein Aralar1 isoform X4 [Pipistrellus kuhlii]	59472
XP_036189517.1	XP_036277787	32.124	193	301	550	97	1.61e-17	87.8	calcium-binding mitochondrial carrier protein Aralar1 isoform X4 [Pipistrellus kuhlii]	59472
XP_036189517.1	XP_045697437	31.010	287	301	676	94	6.73e-27	115	calcium-binding mitochondrial carrier protein Aralar1 isoform X3 [Phyllostomus hastatus]	9423
XP_036189517.1	XP_045697437	33.333	183	301	676	94	3.83e-18	90.1	calcium-binding mitochondrial carrier protein Aralar1 isoform X3 [Phyllostomus hastatus]	9423
XP_036189517.1	XP_045696767	31.010	287	301	678	94	6.88e-27	115	calcium-binding mitochondrial carrier protein Aralar1 isoform X2 [Phyllostomus hastatus]	9423
XP_036189517.1	XP_045696767	33.333	183	301	678	94	3.98e-18	90.1	calcium-binding mitochondrial carrier protein Aralar1 isoform X2 [Phyllostomus hastatus]	9423
XP_036189517.1	XP_059560079	31.010	287	301	588	98	7.21e-27	115	electrogenic aspartate/glutamate antiporter SLC25A12, mitochondrial isoform X4 [Myotis daubentonii]	98922
XP_036189517.1	XP_059560079	31.959	194	301	588	98	1.79e-17	87.8	electrogenic aspartate/glutamate antiporter SLC25A12, mitochondrial isoform X4 [Myotis daubentonii]	98922
XP_036189517.1	XP_080951773	31.010	287	301	588	98	7.21e-27	115	electrogenic aspartate/glutamate antiporter SLC25A12, mitochondrial isoform 4 [Myotis nattereri]	109481
XP_036189517.1	XP_080951773	31.959	194	301	588	98	1.79e-17	87.8	electrogenic aspartate/glutamate antiporter SLC25A12, mitochondrial isoform 4 [Myotis nattereri]	109481
XP_036189517.1	XP_019512353	31.010	287	301	586	98	7.30e-27	115	PREDICTED: calcium-binding mitochondrial carrier protein Aralar1 isoform X3 [Hipposideros armiger]	186990
XP_036189517.1	XP_019512353	31.959	194	301	586	98	1.96e-17	87.8	PREDICTED: calcium-binding mitochondrial carrier protein Aralar1 isoform X3 [Hipposideros armiger]	186990
XP_036189517.1	XP_028366164	31.010	287	301	676	94	7.77e-27	115	calcium-binding mitochondrial carrier protein Aralar1 isoform X1 [Phyllostomus discolor]	89673
XP_036189517.1	XP_028366164	33.333	183	301	676	94	4.16e-18	89.7	calcium-binding mitochondrial carrier protein Aralar1 isoform X1 [Phyllostomus discolor]	89673
XP_036189517.1	XP_028366163	31.010	287	301	678	94	7.87e-27	115	calcium-binding mitochondrial carrier protein Aralar1 isoform X3 [Phyllostomus discolor]	89673
XP_036189517.1	XP_028366163	33.333	183	301	678	94	4.80e-18	89.7	calcium-binding mitochondrial carrier protein Aralar1 isoform X3 [Phyllostomus discolor]	89673
XP_036189517.1	XP_059560080	31.010	287	301	586	97	8.11e-27	115	electrogenic aspartate/glutamate antiporter SLC25A12, mitochondrial isoform X5 [Myotis daubentonii]	98922
XP_036189517.1	XP_059560080	32.124	193	301	586	97	2.05e-17	87.8	electrogenic aspartate/glutamate antiporter SLC25A12, mitochondrial isoform X5 [Myotis daubentonii]	98922
XP_036189517.1	XP_006760694	31.010	287	301	586	97	8.11e-27	115	PREDICTED: calcium-binding mitochondrial carrier protein Aralar1 isoform X4 [Myotis davidii]	225400
XP_036189517.1	XP_006760694	32.124	193	301	586	97	2.05e-17	87.8	PREDICTED: calcium-binding mitochondrial carrier protein Aralar1 isoform X4 [Myotis davidii]	225400
XP_036189517.1	XP_005857643	31.010	287	301	586	97	8.11e-27	115	PREDICTED: calcium-binding mitochondrial carrier protein Aralar1 isoform X4 [Myotis brandtii]	109478
XP_036189517.1	XP_005857643	32.124	193	301	586	97	2.05e-17	87.8	PREDICTED: calcium-binding mitochondrial carrier protein Aralar1 isoform X4 [Myotis brandtii]	109478
XP_036189517.1	XP_036175942	31.010	287	301	586	97	8.11e-27	115	calcium-binding mitochondrial carrier protein Aralar1 isoform X3 [Myotis myotis]	51298
XP_036189517.1	XP_036175942	32.124	193	301	586	97	2.05e-17	87.8	calcium-binding mitochondrial carrier protein Aralar1 isoform X3 [Myotis myotis]	51298
XP_036189517.1	XP_006083199	31.010	287	301	586	97	8.11e-27	115	calcium-binding mitochondrial carrier protein Aralar1 isoform X3 [Myotis lucifugus]	59463
XP_036189517.1	XP_006083199	32.124	193	301	586	97	2.05e-17	87.8	calcium-binding mitochondrial carrier protein Aralar1 isoform X3 [Myotis lucifugus]	59463
XP_036189517.1	XP_080951775	31.010	287	301	586	97	8.11e-27	115	electrogenic aspartate/glutamate antiporter SLC25A12, mitochondrial isoform 5 [Myotis nattereri]	109481
XP_036189517.1	XP_080951775	32.124	193	301	586	97	2.05e-17	87.8	electrogenic aspartate/glutamate antiporter SLC25A12, mitochondrial isoform 5 [Myotis nattereri]	109481
XP_036189517.1	XP_080951774	31.010	287	301	586	97	8.11e-27	115	electrogenic aspartate/glutamate antiporter SLC25A12, mitochondrial isoform 5 [Myotis nattereri]	109481
XP_036189517.1	XP_080951774	32.124	193	301	586	97	2.05e-17	87.8	electrogenic aspartate/glutamate antiporter SLC25A12, mitochondrial isoform 5 [Myotis nattereri]	109481
XP_036189517.1	XP_045698237	31.010	287	301	676	94	8.63e-27	115	calcium-binding mitochondrial carrier protein Aralar1 isoform X4 [Phyllostomus hastatus]	9423
XP_036189517.1	XP_045698237	33.333	183	301	676	94	4.75e-18	89.7	calcium-binding mitochondrial carrier protein Aralar1 isoform X4 [Phyllostomus hastatus]	9423
XP_036189517.1	XP_036277786	31.010	287	301	586	98	8.68e-27	115	calcium-binding mitochondrial carrier protein Aralar1 isoform X3 [Pipistrellus kuhlii]	59472
XP_036189517.1	XP_036277786	31.959	194	301	586	98	2.09e-17	87.8	calcium-binding mitochondrial carrier protein Aralar1 isoform X3 [Pipistrellus kuhlii]	59472
XP_036189517.1	XP_059560078	31.010	287	301	644	98	8.79e-27	115	electrogenic aspartate/glutamate antiporter SLC25A12, mitochondrial isoform X3 [Myotis daubentonii]	98922
XP_036189517.1	XP_059560078	31.959	194	301	644	98	2.19e-17	87.8	electrogenic aspartate/glutamate antiporter SLC25A12, mitochondrial isoform X3 [Myotis daubentonii]	98922
XP_036189517.1	XP_006760692	31.010	287	301	644	98	8.79e-27	115	PREDICTED: calcium-binding mitochondrial carrier protein Aralar1 isoform X3 [Myotis davidii]	225400
XP_036189517.1	XP_006760692	31.959	194	301	644	98	2.19e-17	87.8	PREDICTED: calcium-binding mitochondrial carrier protein Aralar1 isoform X3 [Myotis davidii]	225400
XP_036189517.1	XP_006760693	31.010	287	301	644	98	8.79e-27	115	PREDICTED: calcium-binding mitochondrial carrier protein Aralar1 isoform X3 [Myotis davidii]	225400
XP_036189517.1	XP_006760693	31.959	194	301	644	98	2.19e-17	87.8	PREDICTED: calcium-binding mitochondrial carrier protein Aralar1 isoform X3 [Myotis davidii]	225400
XP_036189517.1	XP_014401318	31.010	287	301	644	98	8.79e-27	115	PREDICTED: calcium-binding mitochondrial carrier protein Aralar1 isoform X3 [Myotis brandtii]	109478
XP_036189517.1	XP_014401318	31.959	194	301	644	98	2.19e-17	87.8	PREDICTED: calcium-binding mitochondrial carrier protein Aralar1 isoform X3 [Myotis brandtii]	109478
XP_036189517.1	XP_023600643	31.010	287	301	644	98	8.79e-27	115	calcium-binding mitochondrial carrier protein Aralar1 isoform X2 [Myotis lucifugus]	59463
XP_036189517.1	XP_023600643	31.959	194	301	644	98	2.19e-17	87.8	calcium-binding mitochondrial carrier protein Aralar1 isoform X2 [Myotis lucifugus]	59463
XP_036189517.1	XP_006083197	31.010	287	301	644	98	8.79e-27	115	calcium-binding mitochondrial carrier protein Aralar1 isoform X2 [Myotis lucifugus]	59463
XP_036189517.1	XP_006083197	31.959	194	301	644	98	2.19e-17	87.8	calcium-binding mitochondrial carrier protein Aralar1 isoform X2 [Myotis lucifugus]	59463
XP_036189517.1	XP_080951772	31.010	287	301	644	98	8.79e-27	115	electrogenic aspartate/glutamate antiporter SLC25A12, mitochondrial isoform 3 [Myotis nattereri]	109481
XP_036189517.1	XP_080951772	31.959	194	301	644	98	2.19e-17	87.8	electrogenic aspartate/glutamate antiporter SLC25A12, mitochondrial isoform 3 [Myotis nattereri]	109481
XP_036189517.1	XP_080951771	31.010	287	301	644	98	8.79e-27	115	electrogenic aspartate/glutamate antiporter SLC25A12, mitochondrial isoform 3 [Myotis nattereri]	109481
XP_036189517.1	XP_080951771	31.959	194	301	644	98	2.19e-17	87.8	electrogenic aspartate/glutamate antiporter SLC25A12, mitochondrial isoform 3 [Myotis nattereri]	109481
XP_036189517.1	XP_019512352	31.010	287	301	596	98	8.83e-27	115	PREDICTED: calcium-binding mitochondrial carrier protein Aralar1 isoform X2 [Hipposideros armiger]	186990
XP_036189517.1	XP_019512352	31.959	194	301	596	98	2.53e-17	87.4	PREDICTED: calcium-binding mitochondrial carrier protein Aralar1 isoform X2 [Hipposideros armiger]	186990
XP_036189517.1	XP_080523783	31.010	287	301	619	97	9.56e-27	115	electrogenic aspartate/glutamate antiporter SLC25A12, mitochondrial isoform 3 [Plecotus auritus]	61862
XP_036189517.1	XP_080523783	32.124	193	301	619	97	2.40e-17	87.4	electrogenic aspartate/glutamate antiporter SLC25A12, mitochondrial isoform 3 [Plecotus auritus]	61862
XP_036189517.1	XP_039711869	31.010	287	301	570	94	9.70e-27	114	electrogenic aspartate/glutamate antiporter SLC25A12, mitochondrial isoform X2 [Pteropus medius]	143291
XP_036189517.1	XP_039711869	33.516	182	301	570	94	3.96e-17	87.0	electrogenic aspartate/glutamate antiporter SLC25A12, mitochondrial isoform X2 [Pteropus medius]	143291
XP_036189517.1	XP_066210170	31.818	286	301	675	94	1.01e-26	115	electrogenic aspartate/glutamate antiporter SLC25A13, mitochondrial [Saccopteryx leptura]	249018
XP_036189517.1	XP_066210170	30.435	184	301	675	94	1.18e-15	82.8	electrogenic aspartate/glutamate antiporter SLC25A13, mitochondrial [Saccopteryx leptura]	249018
XP_036189517.1	XP_036182579	37.173	191	301	332	60	1.10e-26	111	solute carrier family 25 member 45 isoform X3 [Myotis myotis]	51298
XP_036189517.1	XP_036182578	37.173	191	301	332	60	1.10e-26	111	solute carrier family 25 member 45 isoform X3 [Myotis myotis]	51298
XP_036189517.1	XP_036182577	37.173	191	301	332	60	1.10e-26	111	solute carrier family 25 member 45 isoform X3 [Myotis myotis]	51298
XP_036189517.1	XP_024417366	30.662	287	301	586	94	1.13e-26	114	electrogenic aspartate/glutamate antiporter SLC25A12, mitochondrial isoform X2 [Desmodus rotundus]	9430
XP_036189517.1	XP_024417366	33.333	183	301	586	94	4.81e-18	89.7	electrogenic aspartate/glutamate antiporter SLC25A12, mitochondrial isoform X2 [Desmodus rotundus]	9430
XP_036189517.1	XP_080523782	31.010	287	301	677	97	1.16e-26	115	electrogenic aspartate/glutamate antiporter SLC25A12, mitochondrial isoform 2 [Plecotus auritus]	61862
XP_036189517.1	XP_080523782	32.124	193	301	677	97	3.05e-17	87.4	electrogenic aspartate/glutamate antiporter SLC25A12, mitochondrial isoform 2 [Plecotus auritus]	61862
XP_036189517.1	XP_036277785	31.010	287	301	677	98	1.17e-26	115	calcium-binding mitochondrial carrier protein Aralar1 isoform X2 [Pipistrellus kuhlii]	59472
XP_036189517.1	XP_036277785	31.959	194	301	677	98	3.00e-17	87.4	calcium-binding mitochondrial carrier protein Aralar1 isoform X2 [Pipistrellus kuhlii]	59472
XP_036189517.1	XP_080523781	31.010	287	301	679	98	1.22e-26	114	electrogenic aspartate/glutamate antiporter SLC25A12, mitochondrial isoform 1 [Plecotus auritus]	61862
XP_036189517.1	XP_080523781	31.959	194	301	679	98	3.26e-17	87.4	electrogenic aspartate/glutamate antiporter SLC25A12, mitochondrial isoform 1 [Plecotus auritus]	61862
XP_036189517.1	XP_059560077	31.010	287	301	677	98	1.23e-26	114	electrogenic aspartate/glutamate antiporter SLC25A12, mitochondrial isoform X2 [Myotis daubentonii]	98922
XP_036189517.1	XP_059560077	31.959	194	301	677	98	2.81e-17	87.4	electrogenic aspartate/glutamate antiporter SLC25A12, mitochondrial isoform X2 [Myotis daubentonii]	98922
XP_036189517.1	XP_006760691	31.010	287	301	677	98	1.23e-26	114	PREDICTED: calcium-binding mitochondrial carrier protein Aralar1 isoform X2 [Myotis davidii]	225400
XP_036189517.1	XP_006760691	31.959	194	301	677	98	2.81e-17	87.4	PREDICTED: calcium-binding mitochondrial carrier protein Aralar1 isoform X2 [Myotis davidii]	225400
XP_036189517.1	XP_005857642	31.010	287	301	677	98	1.23e-26	114	PREDICTED: calcium-binding mitochondrial carrier protein Aralar1 isoform X2 [Myotis brandtii]	109478
XP_036189517.1	XP_005857642	31.959	194	301	677	98	2.81e-17	87.4	PREDICTED: calcium-binding mitochondrial carrier protein Aralar1 isoform X2 [Myotis brandtii]	109478
XP_036189517.1	XP_036175941	31.010	287	301	677	98	1.23e-26	114	calcium-binding mitochondrial carrier protein Aralar1 isoform X2 [Myotis myotis]	51298
XP_036189517.1	XP_036175941	31.959	194	301	677	98	2.81e-17	87.4	calcium-binding mitochondrial carrier protein Aralar1 isoform X2 [Myotis myotis]	51298
XP_036189517.1	XP_006083196	31.010	287	301	677	98	1.23e-26	114	calcium-binding mitochondrial carrier protein Aralar1 isoform X1 [Myotis lucifugus]	59463
XP_036189517.1	XP_006083196	31.959	194	301	677	98	2.81e-17	87.4	calcium-binding mitochondrial carrier protein Aralar1 isoform X1 [Myotis lucifugus]	59463
XP_036189517.1	XP_080951770	31.010	287	301	677	98	1.23e-26	114	electrogenic aspartate/glutamate antiporter SLC25A12, mitochondrial isoform 2 [Myotis nattereri]	109481
XP_036189517.1	XP_080951770	31.959	194	301	677	98	2.81e-17	87.4	electrogenic aspartate/glutamate antiporter SLC25A12, mitochondrial isoform 2 [Myotis nattereri]	109481
XP_036189517.1	XP_036277784	31.010	287	301	679	98	1.26e-26	114	calcium-binding mitochondrial carrier protein Aralar1 isoform X1 [Pipistrellus kuhlii]	59472
XP_036189517.1	XP_036277784	31.959	194	301	679	98	3.29e-17	87.4	calcium-binding mitochondrial carrier protein Aralar1 isoform X1 [Pipistrellus kuhlii]	59472
XP_036189517.1	XP_019512351	31.010	287	301	677	98	1.27e-26	114	PREDICTED: calcium-binding mitochondrial carrier protein Aralar1 isoform X1 [Hipposideros armiger]	186990
XP_036189517.1	XP_019512351	31.959	194	301	677	98	2.94e-17	87.4	PREDICTED: calcium-binding mitochondrial carrier protein Aralar1 isoform X1 [Hipposideros armiger]	186990
XP_036189517.1	XP_032967275	31.010	287	301	586	98	1.28e-26	114	electrogenic aspartate/glutamate antiporter SLC25A12, mitochondrial isoform X3 [Rhinolophus ferrumequinum]	59479
XP_036189517.1	XP_032967275	32.474	194	301	586	98	4.34e-18	89.7	electrogenic aspartate/glutamate antiporter SLC25A12, mitochondrial isoform X3 [Rhinolophus ferrumequinum]	59479
XP_036189517.1	XP_014393527	36.548	197	301	322	62	1.28e-26	111	PREDICTED: solute carrier family 25 member 45 isoform X3 [Myotis brandtii]	109478
XP_036189517.1	XP_015994093	32.653	294	301	299	96	1.37e-26	110	mitochondrial 2-oxodicarboxylate carrier isoform X4 [Rousettus aegyptiacus]	9407
XP_036189517.1	XP_015994093	29.744	195	301	299	96	1.04e-11	69.7	mitochondrial 2-oxodicarboxylate carrier isoform X4 [Rousettus aegyptiacus]	9407
XP_036189517.1	XP_006921250	31.010	287	301	677	94	1.38e-26	114	calcium-binding mitochondrial carrier protein Aralar1 [Pteropus alecto]	9402
XP_036189517.1	XP_006921250	33.516	182	301	677	94	4.73e-17	86.7	calcium-binding mitochondrial carrier protein Aralar1 [Pteropus alecto]	9402
XP_036189517.1	XP_011355888	31.010	287	301	677	94	1.38e-26	114	calcium-binding mitochondrial carrier protein Aralar1 [Pteropus vampyrus]	132908
XP_036189517.1	XP_011355888	33.516	182	301	677	94	4.73e-17	86.7	calcium-binding mitochondrial carrier protein Aralar1 [Pteropus vampyrus]	132908
XP_036189517.1	XP_039711868	31.010	287	301	677	94	1.38e-26	114	electrogenic aspartate/glutamate antiporter SLC25A12, mitochondrial isoform X1 [Pteropus medius]	143291
XP_036189517.1	XP_039711868	33.516	182	301	677	94	4.73e-17	86.7	electrogenic aspartate/glutamate antiporter SLC25A12, mitochondrial isoform X1 [Pteropus medius]	143291
XP_036189517.1	XP_015979346	31.010	287	301	586	94	1.38e-26	114	calcium-binding mitochondrial carrier protein Aralar1 isoform X3 [Rousettus aegyptiacus]	9407
XP_036189517.1	XP_015979346	33.516	182	301	586	94	5.91e-17	86.3	calcium-binding mitochondrial carrier protein Aralar1 isoform X3 [Rousettus aegyptiacus]	9407
XP_036189517.1	XP_059560075	31.010	287	301	679	98	1.38e-26	114	electrogenic aspartate/glutamate antiporter SLC25A12, mitochondrial isoform X1 [Myotis daubentonii]	98922
XP_036189517.1	XP_059560075	31.959	194	301	679	98	3.32e-17	87.0	electrogenic aspartate/glutamate antiporter SLC25A12, mitochondrial isoform X1 [Myotis daubentonii]	98922
XP_036189517.1	XP_015417471	31.010	287	301	679	98	1.38e-26	114	PREDICTED: calcium-binding mitochondrial carrier protein Aralar1 isoform X1 [Myotis davidii]	225400
XP_036189517.1	XP_015417471	31.959	194	301	679	98	3.32e-17	87.0	PREDICTED: calcium-binding mitochondrial carrier protein Aralar1 isoform X1 [Myotis davidii]	225400
XP_036189517.1	XP_014401309	31.010	287	301	679	98	1.38e-26	114	PREDICTED: calcium-binding mitochondrial carrier protein Aralar1 isoform X1 [Myotis brandtii]	109478
XP_036189517.1	XP_014401309	31.959	194	301	679	98	3.32e-17	87.0	PREDICTED: calcium-binding mitochondrial carrier protein Aralar1 isoform X1 [Myotis brandtii]	109478
XP_036189517.1	XP_036175940	31.010	287	301	679	98	1.38e-26	114	calcium-binding mitochondrial carrier protein Aralar1 isoform X1 [Myotis myotis]	51298
XP_036189517.1	XP_036175940	31.959	194	301	679	98	3.32e-17	87.0	calcium-binding mitochondrial carrier protein Aralar1 isoform X1 [Myotis myotis]	51298
XP_036189517.1	XP_080951769	31.010	287	301	679	98	1.38e-26	114	electrogenic aspartate/glutamate antiporter SLC25A12, mitochondrial isoform 1 [Myotis nattereri]	109481
XP_036189517.1	XP_080951769	31.959	194	301	679	98	3.32e-17	87.0	electrogenic aspartate/glutamate antiporter SLC25A12, mitochondrial isoform 1 [Myotis nattereri]	109481
XP_036189517.1	XP_066135457	30.662	287	301	586	94	1.41e-26	114	electrogenic aspartate/glutamate antiporter SLC25A12, mitochondrial isoform X4 [Saccopteryx bilineata]	59482
XP_036189517.1	XP_066135457	32.967	182	301	586	94	9.34e-17	85.9	electrogenic aspartate/glutamate antiporter SLC25A12, mitochondrial isoform X4 [Saccopteryx bilineata]	59482
XP_036189517.1	XP_024417363	30.662	287	301	679	94	1.41e-26	114	electrogenic aspartate/glutamate antiporter SLC25A12, mitochondrial isoform X1 [Desmodus rotundus]	9430
XP_036189517.1	XP_024417363	33.333	183	301	679	94	6.54e-18	89.4	electrogenic aspartate/glutamate antiporter SLC25A12, mitochondrial isoform X1 [Desmodus rotundus]	9430
XP_036189517.1	XP_024417364	30.662	287	301	677	94	1.47e-26	114	electrogenic aspartate/glutamate antiporter SLC25A12, mitochondrial isoform X3 [Desmodus rotundus]	9430
XP_036189517.1	XP_024417364	33.333	183	301	677	94	6.06e-18	89.4	electrogenic aspartate/glutamate antiporter SLC25A12, mitochondrial isoform X3 [Desmodus rotundus]	9430
XP_036189517.1	XP_019582990	31.010	287	301	586	98	1.61e-26	114	electrogenic aspartate/glutamate antiporter SLC25A12, mitochondrial isoform X2 [Rhinolophus sinicus]	89399
XP_036189517.1	XP_019582990	32.474	194	301	586	98	4.26e-18	89.7	electrogenic aspartate/glutamate antiporter SLC25A12, mitochondrial isoform X2 [Rhinolophus sinicus]	89399
XP_036189517.1	XP_066202678	30.662	287	301	677	94	1.68e-26	114	electrogenic aspartate/glutamate antiporter SLC25A12, mitochondrial isoform X2 [Saccopteryx leptura]	249018
XP_036189517.1	XP_066202678	32.967	182	301	677	94	1.24e-16	85.5	electrogenic aspartate/glutamate antiporter SLC25A12, mitochondrial isoform X2 [Saccopteryx leptura]	249018
XP_036189517.1	XP_066202679	30.662	287	301	644	94	1.73e-26	114	electrogenic aspartate/glutamate antiporter SLC25A12, mitochondrial isoform X3 [Saccopteryx leptura]	249018
XP_036189517.1	XP_066202679	32.967	182	301	644	94	1.14e-16	85.5	electrogenic aspartate/glutamate antiporter SLC25A12, mitochondrial isoform X3 [Saccopteryx leptura]	249018
XP_036189517.1	XP_015979345	31.010	287	301	677	94	1.85e-26	114	calcium-binding mitochondrial carrier protein Aralar1 isoform X2 [Rousettus aegyptiacus]	9407
XP_036189517.1	XP_015979345	33.516	182	301	677	94	8.29e-17	85.9	calcium-binding mitochondrial carrier protein Aralar1 isoform X2 [Rousettus aegyptiacus]	9407
XP_036189517.1	XP_066135456	30.662	287	301	644	94	1.85e-26	114	electrogenic aspartate/glutamate antiporter SLC25A12, mitochondrial isoform X3 [Saccopteryx bilineata]	59482
XP_036189517.1	XP_066135456	32.967	182	301	644	94	1.24e-16	85.5	electrogenic aspartate/glutamate antiporter SLC25A12, mitochondrial isoform X3 [Saccopteryx bilineata]	59482
XP_036189517.1	XP_066135455	30.662	287	301	644	94	1.85e-26	114	electrogenic aspartate/glutamate antiporter SLC25A12, mitochondrial isoform X3 [Saccopteryx bilineata]	59482
XP_036189517.1	XP_066135455	32.967	182	301	644	94	1.24e-16	85.5	electrogenic aspartate/glutamate antiporter SLC25A12, mitochondrial isoform X3 [Saccopteryx bilineata]	59482
XP_036189517.1	XP_059566096	37.056	197	301	297	62	1.91e-26	110	solute carrier family 25 member 45 isoform X2 [Myotis daubentonii]	98922
XP_036189517.1	XP_066135454	30.662	287	301	677	94	1.96e-26	114	electrogenic aspartate/glutamate antiporter SLC25A12, mitochondrial isoform X2 [Saccopteryx bilineata]	59482
XP_036189517.1	XP_066135454	32.967	182	301	677	94	1.25e-16	85.5	electrogenic aspartate/glutamate antiporter SLC25A12, mitochondrial isoform X2 [Saccopteryx bilineata]	59482
XP_036189517.1	XP_032967274	31.010	287	301	677	98	2.02e-26	114	electrogenic aspartate/glutamate antiporter SLC25A12, mitochondrial isoform X2 [Rhinolophus ferrumequinum]	59479
XP_036189517.1	XP_032967274	32.474	194	301	677	98	6.53e-18	89.4	electrogenic aspartate/glutamate antiporter SLC25A12, mitochondrial isoform X2 [Rhinolophus ferrumequinum]	59479
XP_036189517.1	XP_032967273	31.010	287	301	679	98	2.04e-26	114	electrogenic aspartate/glutamate antiporter SLC25A12, mitochondrial isoform X1 [Rhinolophus ferrumequinum]	59479
XP_036189517.1	XP_032967273	32.474	194	301	679	98	7.24e-18	89.4	electrogenic aspartate/glutamate antiporter SLC25A12, mitochondrial isoform X1 [Rhinolophus ferrumequinum]	59479
XP_036189517.1	XP_066202677	30.662	287	301	679	94	2.06e-26	114	electrogenic aspartate/glutamate antiporter SLC25A12, mitochondrial isoform X1 [Saccopteryx leptura]	249018
XP_036189517.1	XP_066202677	32.967	182	301	679	94	1.48e-16	85.1	electrogenic aspartate/glutamate antiporter SLC25A12, mitochondrial isoform X1 [Saccopteryx leptura]	249018
XP_036189517.1	XP_066135453	30.662	287	301	679	94	2.08e-26	114	electrogenic aspartate/glutamate antiporter SLC25A12, mitochondrial isoform X1 [Saccopteryx bilineata]	59482
XP_036189517.1	XP_066135453	32.967	182	301	679	94	1.36e-16	85.5	electrogenic aspartate/glutamate antiporter SLC25A12, mitochondrial isoform X1 [Saccopteryx bilineata]	59482
XP_036189517.1	XP_066200589	32.770	296	301	299	94	2.15e-26	110	mitochondrial 2-oxodicarboxylate carrier isoform X1 [Saccopteryx leptura]	249018
XP_036189517.1	XP_080908899	31.010	287	301	677	98	2.16e-26	114	electrogenic aspartate/glutamate antiporter SLC25A12, mitochondrial isoform 2 [Rhinolophus hipposideros]	77218
XP_036189517.1	XP_080908899	32.474	194	301	677	98	5.89e-18	89.4	electrogenic aspartate/glutamate antiporter SLC25A12, mitochondrial isoform 2 [Rhinolophus hipposideros]	77218
XP_036189517.1	XP_080908902	31.010	287	301	619	97	2.16e-26	114	electrogenic aspartate/glutamate antiporter SLC25A12, mitochondrial isoform 4 [Rhinolophus hipposideros]	77218
XP_036189517.1	XP_080908902	32.642	193	301	619	97	5.84e-18	89.4	electrogenic aspartate/glutamate antiporter SLC25A12, mitochondrial isoform 4 [Rhinolophus hipposideros]	77218
XP_036189517.1	XP_015979344	31.010	287	301	679	94	2.25e-26	114	calcium-binding mitochondrial carrier protein Aralar1 isoform X1 [Rousettus aegyptiacus]	9407
XP_036189517.1	XP_015979344	33.516	182	301	679	94	8.86e-17	85.9	calcium-binding mitochondrial carrier protein Aralar1 isoform X1 [Rousettus aegyptiacus]	9407
XP_036189517.1	XP_080908898	31.010	287	301	679	98	2.33e-26	114	electrogenic aspartate/glutamate antiporter SLC25A12, mitochondrial isoform 1 [Rhinolophus hipposideros]	77218
XP_036189517.1	XP_080908898	32.474	194	301	679	98	6.60e-18	89.4	electrogenic aspartate/glutamate antiporter SLC25A12, mitochondrial isoform 1 [Rhinolophus hipposideros]	77218
XP_036189517.1	XP_019582988	31.010	287	301	679	98	2.38e-26	114	electrogenic aspartate/glutamate antiporter SLC25A12, mitochondrial isoform X3 [Rhinolophus sinicus]	89399
XP_036189517.1	XP_019582988	32.474	194	301	679	98	7.11e-18	89.4	electrogenic aspartate/glutamate antiporter SLC25A12, mitochondrial isoform X3 [Rhinolophus sinicus]	89399
XP_036189517.1	XP_066133879	32.990	291	301	299	94	2.39e-26	110	mitochondrial 2-oxodicarboxylate carrier isoform X1 [Saccopteryx bilineata]	59482
XP_036189517.1	XP_053781725	29.795	292	301	311	94	2.50e-26	110	putative mitochondrial transporter UCP3 [Desmodus rotundus]	9430
XP_036189517.1	XP_053781725	31.053	190	301	311	94	6.87e-12	70.1	putative mitochondrial transporter UCP3 [Desmodus rotundus]	9430
XP_036189517.1	XP_080908901	31.010	287	301	644	98	2.52e-26	114	electrogenic aspartate/glutamate antiporter SLC25A12, mitochondrial isoform 3 [Rhinolophus hipposideros]	77218
XP_036189517.1	XP_080908901	32.474	194	301	644	98	6.13e-18	89.4	electrogenic aspartate/glutamate antiporter SLC25A12, mitochondrial isoform 3 [Rhinolophus hipposideros]	77218
XP_036189517.1	XP_080908900	31.010	287	301	644	98	2.52e-26	114	electrogenic aspartate/glutamate antiporter SLC25A12, mitochondrial isoform 3 [Rhinolophus hipposideros]	77218
XP_036189517.1	XP_080908900	32.474	194	301	644	98	6.13e-18	89.4	electrogenic aspartate/glutamate antiporter SLC25A12, mitochondrial isoform 3 [Rhinolophus hipposideros]	77218
XP_036189517.1	XP_019582989	31.010	287	301	677	98	2.69e-26	114	electrogenic aspartate/glutamate antiporter SLC25A12, mitochondrial isoform X1 [Rhinolophus sinicus]	89399
XP_036189517.1	XP_019582989	32.474	194	301	677	98	6.90e-18	89.4	electrogenic aspartate/glutamate antiporter SLC25A12, mitochondrial isoform X1 [Rhinolophus sinicus]	89399
XP_036189517.1	XP_054446333	28.374	289	301	315	97	2.98e-26	110	solute carrier family 25 member 32 [Pteronotus mesoamericanus]	1884717
XP_036189517.1	XP_054446333	30.151	199	301	315	97	2.72e-16	82.8	solute carrier family 25 member 32 [Pteronotus mesoamericanus]	1884717
XP_036189517.1	XP_054444842	32.776	299	301	299	95	3.12e-26	109	mitochondrial 2-oxodicarboxylate carrier isoform X2 [Pteronotus mesoamericanus]	1884717
XP_036189517.1	XP_054444782	32.776	299	301	299	95	3.12e-26	109	mitochondrial 2-oxodicarboxylate carrier isoform X1 [Pteronotus mesoamericanus]	1884717
XP_036189517.1	XP_080991504	28.803	309	301	301	95	3.63e-26	109	solute carrier family 25 member 48 isoform 2 [Miniopterus schreibersii]	9433
XP_036189517.1	XP_070278861	30.662	287	301	586	97	3.77e-26	113	electrogenic aspartate/glutamate antiporter SLC25A12, mitochondrial isoform X4 [Myotis yumanensis]	159337
XP_036189517.1	XP_070278861	32.642	193	301	586	97	5.54e-18	89.4	electrogenic aspartate/glutamate antiporter SLC25A12, mitochondrial isoform X4 [Myotis yumanensis]	159337
XP_036189517.1	XP_070278860	30.662	287	301	644	98	3.91e-26	113	electrogenic aspartate/glutamate antiporter SLC25A12, mitochondrial isoform X3 [Myotis yumanensis]	159337
XP_036189517.1	XP_070278860	32.474	194	301	644	98	6.13e-18	89.4	electrogenic aspartate/glutamate antiporter SLC25A12, mitochondrial isoform X3 [Myotis yumanensis]	159337
XP_036189517.1	XP_070278859	30.662	287	301	644	98	3.91e-26	113	electrogenic aspartate/glutamate antiporter SLC25A12, mitochondrial isoform X3 [Myotis yumanensis]	159337
XP_036189517.1	XP_070278859	32.474	194	301	644	98	6.13e-18	89.4	electrogenic aspartate/glutamate antiporter SLC25A12, mitochondrial isoform X3 [Myotis yumanensis]	159337
XP_036189517.1	XP_039702631	28.659	328	301	337	96	3.92e-26	110	mitochondrial glutathione transporter SLC25A39 isoform X4 [Pteropus medius]	143291
XP_036189517.1	XP_039702630	28.659	328	301	337	96	3.92e-26	110	mitochondrial glutathione transporter SLC25A39 isoform X4 [Pteropus medius]	143291
XP_036189517.1	XP_080497936	33.110	299	301	299	95	4.08e-26	109	mitochondrial 2-oxodicarboxylate carrier [Plecotus auritus]	61862
XP_036189517.1	XP_066094502	31.469	286	301	675	94	4.19e-26	113	electrogenic aspartate/glutamate antiporter SLC25A13, mitochondrial [Saccopteryx bilineata]	59482
XP_036189517.1	XP_066094502	30.435	184	301	675	94	1.57e-15	82.4	electrogenic aspartate/glutamate antiporter SLC25A13, mitochondrial [Saccopteryx bilineata]	59482
XP_036189517.1	XP_066200130	40.816	147	301	268	49	4.29e-26	108	solute carrier family 25 member 47 isoform X2 [Saccopteryx leptura]	249018
XP_036189517.1	XP_066200129	40.816	147	301	268	49	4.29e-26	108	solute carrier family 25 member 47 isoform X2 [Saccopteryx leptura]	249018
XP_036189517.1	XP_066200128	40.816	147	301	268	49	4.29e-26	108	solute carrier family 25 member 47 isoform X2 [Saccopteryx leptura]	249018
XP_036189517.1	XP_066200127	40.816	147	301	268	49	4.29e-26	108	solute carrier family 25 member 47 isoform X2 [Saccopteryx leptura]	249018
XP_036189517.1	XP_066200126	40.816	147	301	268	49	4.29e-26	108	solute carrier family 25 member 47 isoform X2 [Saccopteryx leptura]	249018
XP_036189517.1	XP_054420251	31.469	286	301	739	94	4.31e-26	113	LOW QUALITY PROTEIN: electrogenic aspartate/glutamate antiporter SLC25A13, mitochondrial [Pteronotus mesoamericanus]	1884717
XP_036189517.1	XP_054420251	30.435	184	301	739	94	6.87e-16	83.2	LOW QUALITY PROTEIN: electrogenic aspartate/glutamate antiporter SLC25A13, mitochondrial [Pteronotus mesoamericanus]	1884717
XP_036189517.1	XP_011374815	31.973	294	301	299	98	4.72e-26	109	mitochondrial 2-oxodicarboxylate carrier isoform X1 [Pteropus vampyrus]	132908
XP_036189517.1	XP_011374815	28.856	201	301	299	98	6.28e-12	70.1	mitochondrial 2-oxodicarboxylate carrier isoform X1 [Pteropus vampyrus]	132908
XP_036189517.1	XP_027996776	30.662	287	301	586	94	4.88e-26	112	electrogenic aspartate/glutamate antiporter SLC25A12, mitochondrial isoform X2 [Eptesicus fuscus]	29078
XP_036189517.1	XP_027996776	32.967	182	301	586	94	2.39e-17	87.4	electrogenic aspartate/glutamate antiporter SLC25A12, mitochondrial isoform X2 [Eptesicus fuscus]	29078
XP_036189517.1	XP_079638802	30.662	287	301	586	94	4.88e-26	112	electrogenic aspartate/glutamate antiporter SLC25A12, mitochondrial isoform 3 [Cnephaeus nilssonii]	3371016
XP_036189517.1	XP_079638802	32.967	182	301	586	94	2.39e-17	87.4	electrogenic aspartate/glutamate antiporter SLC25A12, mitochondrial isoform 3 [Cnephaeus nilssonii]	3371016
XP_036189517.1	XP_079638801	30.662	287	301	619	94	5.12e-26	112	electrogenic aspartate/glutamate antiporter SLC25A12, mitochondrial isoform 2 [Cnephaeus nilssonii]	3371016
XP_036189517.1	XP_079638801	32.967	182	301	619	94	2.63e-17	87.4	electrogenic aspartate/glutamate antiporter SLC25A12, mitochondrial isoform 2 [Cnephaeus nilssonii]	3371016
XP_036189517.1	XP_070278858	30.662	287	301	677	98	5.28e-26	113	electrogenic aspartate/glutamate antiporter SLC25A12, mitochondrial isoform X2 [Myotis yumanensis]	159337
XP_036189517.1	XP_070278858	32.474	194	301	677	98	7.44e-18	89.0	electrogenic aspartate/glutamate antiporter SLC25A12, mitochondrial isoform X2 [Myotis yumanensis]	159337
XP_036189517.1	XP_036119880	27.875	287	301	313	94	5.38e-26	109	mitochondrial folate transporter/carrier [Molossus molossus]	27622
XP_036189517.1	XP_070278857	30.662	287	301	679	98	6.11e-26	112	electrogenic aspartate/glutamate antiporter SLC25A12, mitochondrial isoform X1 [Myotis yumanensis]	159337
XP_036189517.1	XP_070278857	32.474	194	301	679	98	9.24e-18	89.0	electrogenic aspartate/glutamate antiporter SLC25A12, mitochondrial isoform X1 [Myotis yumanensis]	159337
XP_036189517.1	XP_008136786	30.662	287	301	677	94	6.21e-26	112	electrogenic aspartate/glutamate antiporter SLC25A12, mitochondrial isoform X1 [Eptesicus fuscus]	29078
XP_036189517.1	XP_008136786	32.967	182	301	677	94	3.14e-17	87.4	electrogenic aspartate/glutamate antiporter SLC25A12, mitochondrial isoform X1 [Eptesicus fuscus]	29078
XP_036189517.1	XP_079638800	30.662	287	301	677	94	6.21e-26	112	electrogenic aspartate/glutamate antiporter SLC25A12, mitochondrial isoform 1 [Cnephaeus nilssonii]	3371016
XP_036189517.1	XP_079638800	32.967	182	301	677	94	3.14e-17	87.4	electrogenic aspartate/glutamate antiporter SLC25A12, mitochondrial isoform 1 [Cnephaeus nilssonii]	3371016
XP_036189517.1	XP_036086270	32.639	288	301	567	94	6.45e-26	112	calcium-binding mitochondrial carrier protein Aralar2 isoform X4 [Rousettus aegyptiacus]	9407
XP_036189517.1	XP_036086270	30.435	184	301	567	94	1.32e-15	82.4	calcium-binding mitochondrial carrier protein Aralar2 isoform X4 [Rousettus aegyptiacus]	9407
XP_036189517.1	XP_059566838	32.776	299	301	299	95	6.49e-26	108	mitochondrial 2-oxodicarboxylate carrier isoform X1 [Myotis daubentonii]	98922
XP_036189517.1	XP_036915383	31.646	237	301	292	71	6.78e-26	108	solute carrier family 25 member 48 isoform X4 [Sturnira hondurensis]	192404
XP_036189517.1	XP_036915384	31.646	237	301	286	71	6.97e-26	108	solute carrier family 25 member 48 isoform X5 [Sturnira hondurensis]	192404
XP_036189517.1	XP_036086269	32.639	288	301	568	94	6.99e-26	112	calcium-binding mitochondrial carrier protein Aralar2 isoform X3 [Rousettus aegyptiacus]	9407
XP_036189517.1	XP_036086269	30.435	184	301	568	94	1.33e-15	82.4	calcium-binding mitochondrial carrier protein Aralar2 isoform X3 [Rousettus aegyptiacus]	9407
XP_036189517.1	XP_039712457	31.973	294	301	299	96	7.90e-26	108	mitochondrial 2-oxodicarboxylate carrier isoform X1 [Pteropus medius]	143291
XP_036189517.1	XP_039712457	29.744	195	301	299	96	6.04e-12	70.5	mitochondrial 2-oxodicarboxylate carrier isoform X1 [Pteropus medius]	143291
XP_036189517.1	XP_039712456	31.973	294	301	299	96	7.90e-26	108	mitochondrial 2-oxodicarboxylate carrier isoform X1 [Pteropus medius]	143291
XP_036189517.1	XP_039712456	29.744	195	301	299	96	6.04e-12	70.5	mitochondrial 2-oxodicarboxylate carrier isoform X1 [Pteropus medius]	143291
XP_036189517.1	XP_045043915	32.993	294	301	299	95	8.23e-26	108	mitochondrial 2-oxodicarboxylate carrier isoform X2 [Desmodus rotundus]	9430
XP_036189517.1	XP_039702629	28.869	336	301	345	96	8.56e-26	109	mitochondrial glutathione transporter SLC25A39 isoform X3 [Pteropus medius]	143291
XP_036189517.1	XP_036086268	32.639	288	301	675	94	8.56e-26	112	calcium-binding mitochondrial carrier protein Aralar2 isoform X2 [Rousettus aegyptiacus]	9407
XP_036189517.1	XP_036086268	30.435	184	301	675	94	1.33e-15	82.4	calcium-binding mitochondrial carrier protein Aralar2 isoform X2 [Rousettus aegyptiacus]	9407
XP_036189517.1	XP_036086267	32.639	288	301	676	94	8.65e-26	112	calcium-binding mitochondrial carrier protein Aralar2 isoform X1 [Rousettus aegyptiacus]	9407
XP_036189517.1	XP_036086267	30.435	184	301	676	94	1.34e-15	82.4	calcium-binding mitochondrial carrier protein Aralar2 isoform X1 [Rousettus aegyptiacus]	9407
XP_036189517.1	XP_008146704	28.374	289	301	315	97	8.85e-26	108	mitochondrial folate transporter/carrier [Eptesicus fuscus]	29078
XP_036189517.1	XP_008146704	31.658	199	301	315	97	1.93e-18	89.0	mitochondrial folate transporter/carrier [Eptesicus fuscus]	29078
XP_036189517.1	XP_008147054	31.469	286	301	675	94	9.06e-26	112	electrogenic aspartate/glutamate antiporter SLC25A13, mitochondrial [Eptesicus fuscus]	29078
XP_036189517.1	XP_008147054	30.601	183	301	675	94	9.78e-16	82.8	electrogenic aspartate/glutamate antiporter SLC25A13, mitochondrial [Eptesicus fuscus]	29078
XP_036189517.1	XP_079642924	32.292	288	301	675	94	9.06e-26	112	electrogenic aspartate/glutamate antiporter SLC25A13, mitochondrial [Cnephaeus nilssonii]	3371016
XP_036189517.1	XP_079642924	30.601	183	301	675	94	9.97e-16	82.8	electrogenic aspartate/glutamate antiporter SLC25A13, mitochondrial [Cnephaeus nilssonii]	3371016
XP_036189517.1	XP_006908693	28.428	299	301	308	98	9.41e-26	108	tricarboxylate transport protein, mitochondrial [Pteropus alecto]	9402
XP_036189517.1	XP_036305454	27.797	295	301	308	98	1.02e-25	108	tricarboxylate transport protein, mitochondrial isoform X2 [Pipistrellus kuhlii]	59472
XP_036189517.1	XP_080991506	30.488	246	301	250	97	1.04e-25	107	solute carrier family 25 member 48 isoform 3 [Miniopterus schreibersii]	9433
XP_036189517.1	XP_080991506	28.293	205	301	250	97	1.53e-15	79.7	solute carrier family 25 member 48 isoform 3 [Miniopterus schreibersii]	9433
XP_036189517.1	XP_080991505	30.488	246	301	250	97	1.04e-25	107	solute carrier family 25 member 48 isoform 3 [Miniopterus schreibersii]	9433
XP_036189517.1	XP_080991505	28.293	205	301	250	97	1.53e-15	79.7	solute carrier family 25 member 48 isoform 3 [Miniopterus schreibersii]	9433
XP_036189517.1	XP_081002813	31.944	288	301	676	94	1.14e-25	112	electrogenic aspartate/glutamate antiporter SLC25A13, mitochondrial isoform 1 [Miniopterus schreibersii]	9433
XP_036189517.1	XP_081002813	31.522	184	301	676	94	3.10e-15	81.3	electrogenic aspartate/glutamate antiporter SLC25A13, mitochondrial isoform 1 [Miniopterus schreibersii]	9433
XP_036189517.1	XP_081002815	31.944	288	301	642	94	1.14e-25	112	electrogenic aspartate/glutamate antiporter SLC25A13, mitochondrial isoform 3 [Miniopterus schreibersii]	9433
XP_036189517.1	XP_081002815	31.522	184	301	642	94	3.26e-15	81.3	electrogenic aspartate/glutamate antiporter SLC25A13, mitochondrial isoform 3 [Miniopterus schreibersii]	9433
XP_036189517.1	XP_036915382	31.646	237	301	304	71	1.24e-25	108	solute carrier family 25 member 48 isoform X3 [Sturnira hondurensis]	192404
XP_036189517.1	XP_081002814	31.119	286	301	675	94	1.25e-25	112	electrogenic aspartate/glutamate antiporter SLC25A13, mitochondrial isoform 2 [Miniopterus schreibersii]	9433
XP_036189517.1	XP_081002814	31.522	184	301	675	94	3.16e-15	81.3	electrogenic aspartate/glutamate antiporter SLC25A13, mitochondrial isoform 2 [Miniopterus schreibersii]	9433
XP_036189517.1	XP_006916688	28.028	289	301	315	94	1.28e-25	108	mitochondrial folate transporter/carrier [Pteropus alecto]	9402
XP_036189517.1	XP_039709854	28.028	289	301	315	94	1.28e-25	108	solute carrier family 25 member 32 [Pteropus medius]	143291
XP_036189517.1	XP_011371576	28.028	289	301	315	94	1.32e-25	108	mitochondrial folate transporter/carrier [Pteropus vampyrus]	132908
XP_036189517.1	XP_016074257	31.119	286	301	696	94	1.33e-25	112	PREDICTED: calcium-binding mitochondrial carrier protein Aralar2 [Miniopterus natalensis]	291302
XP_036189517.1	XP_016074257	31.522	184	301	696	94	3.32e-15	81.3	PREDICTED: calcium-binding mitochondrial carrier protein Aralar2 [Miniopterus natalensis]	291302
XP_036189517.1	XP_079652654	28.720	289	301	315	97	1.38e-25	108	solute carrier family 25 member 32 [Cnephaeus nilssonii]	3371016
XP_036189517.1	XP_079652654	31.658	199	301	315	97	1.83e-18	89.0	solute carrier family 25 member 32 [Cnephaeus nilssonii]	3371016
XP_036189517.1	XP_053528497	34.014	294	301	330	95	1.46e-25	108	mitochondrial 2-oxodicarboxylate carrier isoform X1 [Artibeus jamaicensis]	9417
XP_036189517.1	XP_019517614	31.469	286	301	657	94	1.61e-25	111	PREDICTED: calcium-binding mitochondrial carrier protein Aralar2 [Hipposideros armiger]	186990
XP_036189517.1	XP_019517614	30.435	184	301	657	94	1.70e-15	82.0	PREDICTED: calcium-binding mitochondrial carrier protein Aralar2 [Hipposideros armiger]	186990
XP_036189517.1	XP_035866482	32.292	288	301	568	94	1.62e-25	111	calcium-binding mitochondrial carrier protein Aralar2 isoform X3 [Phyllostomus discolor]	89673
XP_036189517.1	XP_035866482	30.435	184	301	568	94	1.88e-15	82.0	calcium-binding mitochondrial carrier protein Aralar2 isoform X3 [Phyllostomus discolor]	89673
XP_036189517.1	XP_039733978	31.469	286	301	567	94	1.68e-25	111	electrogenic aspartate/glutamate antiporter SLC25A13, mitochondrial isoform X5 [Pteropus medius]	143291
XP_036189517.1	XP_039733978	30.435	184	301	567	94	1.24e-15	82.4	electrogenic aspartate/glutamate antiporter SLC25A13, mitochondrial isoform X5 [Pteropus medius]	143291
XP_036189517.1	XP_024902604	31.469	286	301	568	94	1.68e-25	111	calcium-binding mitochondrial carrier protein Aralar2 isoform X5 [Pteropus alecto]	9402
XP_036189517.1	XP_024902604	30.435	184	301	568	94	1.25e-15	82.4	calcium-binding mitochondrial carrier protein Aralar2 isoform X5 [Pteropus alecto]	9402
XP_036189517.1	XP_080517873	31.298	262	301	271	84	1.75e-25	107	mitochondrial ornithine transporter 1 isoform 2 [Plecotus auritus]	61862
XP_036189517.1	XP_045684207	31.469	286	301	576	94	1.77e-25	111	calcium-binding mitochondrial carrier protein Aralar2 isoform X4 [Phyllostomus hastatus]	9423
XP_036189517.1	XP_045684207	30.435	184	301	576	94	2.20e-15	81.6	calcium-binding mitochondrial carrier protein Aralar2 isoform X4 [Phyllostomus hastatus]	9423
XP_036189517.1	XP_024433009	32.292	288	301	675	94	1.81e-25	111	electrogenic aspartate/glutamate antiporter SLC25A13, mitochondrial isoform X2 [Desmodus rotundus]	9430
XP_036189517.1	XP_024433009	30.601	183	301	675	94	1.89e-15	82.0	electrogenic aspartate/glutamate antiporter SLC25A13, mitochondrial isoform X2 [Desmodus rotundus]	9430
XP_036189517.1	XP_024902605	31.469	286	301	567	94	1.86e-25	111	calcium-binding mitochondrial carrier protein Aralar2 isoform X6 [Pteropus alecto]	9402
XP_036189517.1	XP_024902605	30.435	184	301	567	94	1.34e-15	82.4	calcium-binding mitochondrial carrier protein Aralar2 isoform X6 [Pteropus alecto]	9402
XP_036189517.1	XP_039733977	31.469	286	301	568	94	1.93e-25	111	electrogenic aspartate/glutamate antiporter SLC25A13, mitochondrial isoform X4 [Pteropus medius]	143291
XP_036189517.1	XP_039733977	30.435	184	301	568	94	1.38e-15	82.4	electrogenic aspartate/glutamate antiporter SLC25A13, mitochondrial isoform X4 [Pteropus medius]	143291
XP_036189517.1	XP_011354203	28.094	299	301	308	98	2.03e-25	107	tricarboxylate transport protein, mitochondrial [Pteropus vampyrus]	132908
XP_036189517.1	XP_024433008	32.292	288	301	676	94	2.06e-25	111	electrogenic aspartate/glutamate antiporter SLC25A13, mitochondrial isoform X1 [Desmodus rotundus]	9430
XP_036189517.1	XP_024433008	30.435	184	301	676	94	2.02e-15	82.0	electrogenic aspartate/glutamate antiporter SLC25A13, mitochondrial isoform X1 [Desmodus rotundus]	9430
XP_036189517.1	XP_070284331	32.776	299	301	299	95	2.10e-25	107	mitochondrial 2-oxodicarboxylate carrier isoform X1 [Myotis yumanensis]	159337
XP_036189517.1	XP_019585317	31.707	287	301	736	94	2.22e-25	111	electrogenic aspartate/glutamate antiporter SLC25A13, mitochondrial isoform X1 [Rhinolophus sinicus]	89399
XP_036189517.1	XP_019585317	30.435	184	301	736	94	1.79e-15	82.0	electrogenic aspartate/glutamate antiporter SLC25A13, mitochondrial isoform X1 [Rhinolophus sinicus]	89399
XP_036189517.1	XP_019585316	31.707	287	301	737	94	2.24e-25	111	electrogenic aspartate/glutamate antiporter SLC25A13, mitochondrial isoform X2 [Rhinolophus sinicus]	89399
XP_036189517.1	XP_019585316	30.435	184	301	737	94	1.81e-15	82.0	electrogenic aspartate/glutamate antiporter SLC25A13, mitochondrial isoform X2 [Rhinolophus sinicus]	89399
XP_036189517.1	XP_045684206	31.469	286	301	642	94	2.25e-25	111	calcium-binding mitochondrial carrier protein Aralar2 isoform X3 [Phyllostomus hastatus]	9423
XP_036189517.1	XP_045684206	30.601	183	301	642	94	2.17e-15	81.6	calcium-binding mitochondrial carrier protein Aralar2 isoform X3 [Phyllostomus hastatus]	9423
XP_036189517.1	XP_039733976	32.292	288	301	584	94	2.26e-25	110	electrogenic aspartate/glutamate antiporter SLC25A13, mitochondrial isoform X3 [Pteropus medius]	143291
XP_036189517.1	XP_039733976	30.435	184	301	584	94	1.52e-15	82.0	electrogenic aspartate/glutamate antiporter SLC25A13, mitochondrial isoform X3 [Pteropus medius]	143291
XP_036189517.1	XP_006911986	32.292	288	301	676	94	2.33e-25	111	calcium-binding mitochondrial carrier protein Aralar2 isoform X1 [Pteropus alecto]	9402
XP_036189517.1	XP_006911986	30.601	183	301	676	94	1.43e-15	82.4	calcium-binding mitochondrial carrier protein Aralar2 isoform X1 [Pteropus alecto]	9402
XP_036189517.1	XP_039733975	32.292	288	301	675	94	2.34e-25	111	electrogenic aspartate/glutamate antiporter SLC25A13, mitochondrial isoform X2 [Pteropus medius]	143291
XP_036189517.1	XP_039733975	30.601	183	301	675	94	1.38e-15	82.4	electrogenic aspartate/glutamate antiporter SLC25A13, mitochondrial isoform X2 [Pteropus medius]	143291
XP_036189517.1	XP_028381371	32.292	288	301	676	94	2.35e-25	111	calcium-binding mitochondrial carrier protein Aralar2 isoform X1 [Phyllostomus discolor]	89673
XP_036189517.1	XP_028381371	30.601	183	301	676	94	1.95e-15	82.0	calcium-binding mitochondrial carrier protein Aralar2 isoform X1 [Phyllostomus discolor]	89673
XP_036189517.1	XP_039733974	32.292	288	301	676	94	2.37e-25	111	electrogenic aspartate/glutamate antiporter SLC25A13, mitochondrial isoform X1 [Pteropus medius]	143291
XP_036189517.1	XP_039733974	30.601	183	301	676	94	1.43e-15	82.4	electrogenic aspartate/glutamate antiporter SLC25A13, mitochondrial isoform X1 [Pteropus medius]	143291
XP_036189517.1	XP_006911987	32.292	288	301	675	94	2.41e-25	111	calcium-binding mitochondrial carrier protein Aralar2 isoform X2 [Pteropus alecto]	9402
XP_036189517.1	XP_006911987	30.601	183	301	675	94	1.42e-15	82.4	calcium-binding mitochondrial carrier protein Aralar2 isoform X2 [Pteropus alecto]	9402
XP_036189517.1	XP_045684204	31.469	286	301	676	94	2.42e-25	111	calcium-binding mitochondrial carrier protein Aralar2 isoform X1 [Phyllostomus hastatus]	9423
XP_036189517.1	XP_045684204	30.601	183	301	676	94	1.97e-15	82.0	calcium-binding mitochondrial carrier protein Aralar2 isoform X1 [Phyllostomus hastatus]	9423
XP_036189517.1	XP_024902603	32.292	288	301	584	94	2.42e-25	110	calcium-binding mitochondrial carrier protein Aralar2 isoform X4 [Pteropus alecto]	9402
XP_036189517.1	XP_024902603	30.435	184	301	584	94	1.59e-15	82.0	calcium-binding mitochondrial carrier protein Aralar2 isoform X4 [Pteropus alecto]	9402
XP_036189517.1	XP_079623880	39.456	147	301	185	81	2.44e-25	104	solute carrier family 25 member 47 [Cnephaeus nilssonii]	3371016
XP_036189517.1	XP_079623880	31.724	145	301	185	81	2.59e-12	69.3	solute carrier family 25 member 47 [Cnephaeus nilssonii]	3371016
XP_036189517.1	XP_028381372	32.292	288	301	675	94	2.51e-25	111	calcium-binding mitochondrial carrier protein Aralar2 isoform X2 [Phyllostomus discolor]	89673
XP_036189517.1	XP_028381372	30.601	183	301	675	94	2.12e-15	82.0	calcium-binding mitochondrial carrier protein Aralar2 isoform X2 [Phyllostomus discolor]	89673
XP_036189517.1	XP_079623596	32.770	296	301	299	94	2.53e-25	107	mitochondrial 2-oxodicarboxylate carrier [Cnephaeus nilssonii]	3371016
XP_036189517.1	XP_045684205	31.469	286	301	675	94	2.55e-25	110	calcium-binding mitochondrial carrier protein Aralar2 isoform X2 [Phyllostomus hastatus]	9423
XP_036189517.1	XP_045684205	30.601	183	301	675	94	2.10e-15	82.0	calcium-binding mitochondrial carrier protein Aralar2 isoform X2 [Phyllostomus hastatus]	9423
XP_036189517.1	XP_024902602	32.292	288	301	642	94	2.65e-25	110	calcium-binding mitochondrial carrier protein Aralar2 isoform X3 [Pteropus alecto]	9402
XP_036189517.1	XP_024902602	30.601	183	301	642	94	1.54e-15	82.4	calcium-binding mitochondrial carrier protein Aralar2 isoform X3 [Pteropus alecto]	9402
XP_036189517.1	XP_059568363	31.119	286	301	567	97	2.74e-25	110	electrogenic aspartate/glutamate antiporter SLC25A13, mitochondrial isoform X2 [Myotis daubentonii]	98922
XP_036189517.1	XP_059568363	30.928	194	301	567	97	4.23e-16	84.0	electrogenic aspartate/glutamate antiporter SLC25A13, mitochondrial isoform X2 [Myotis daubentonii]	98922
XP_036189517.1	XP_015413802	31.119	286	301	567	97	2.74e-25	110	PREDICTED: calcium-binding mitochondrial carrier protein Aralar2 isoform X2 [Myotis davidii]	225400
XP_036189517.1	XP_015413802	30.928	194	301	567	97	4.23e-16	84.0	PREDICTED: calcium-binding mitochondrial carrier protein Aralar2 isoform X2 [Myotis davidii]	225400
XP_036189517.1	XP_080935660	31.469	286	301	736	94	2.76e-25	110	LOW QUALITY PROTEIN: electrogenic aspartate/glutamate antiporter SLC25A13, mitochondrial [Rhinolophus hipposideros]	77218
XP_036189517.1	XP_080935660	30.435	184	301	736	94	1.95e-15	82.0	LOW QUALITY PROTEIN: electrogenic aspartate/glutamate antiporter SLC25A13, mitochondrial [Rhinolophus hipposideros]	77218
XP_036189517.1	XP_080904440	32.046	259	301	266	93	2.83e-25	106	solute carrier family 25 member 47 isoform 4 [Rhinolophus hipposideros]	77218
XP_036189517.1	XP_080904440	31.683	202	301	266	93	2.69e-15	79.3	solute carrier family 25 member 47 isoform 4 [Rhinolophus hipposideros]	77218
XP_036189517.1	XP_023607264	32.776	299	301	299	95	2.83e-25	107	mitochondrial 2-oxodicarboxylate carrier [Myotis lucifugus]	59463
XP_036189517.1	XP_054432234	29.452	292	301	311	94	2.86e-25	107	putative mitochondrial transporter UCP3 isoform X1 [Pteronotus mesoamericanus]	1884717
XP_036189517.1	XP_036183996	31.119	286	301	567	97	2.88e-25	110	calcium-binding mitochondrial carrier protein Aralar2 isoform X3 [Myotis myotis]	51298
XP_036189517.1	XP_036183996	30.928	194	301	567	97	4.35e-16	84.0	calcium-binding mitochondrial carrier protein Aralar2 isoform X3 [Myotis myotis]	51298
XP_036189517.1	XP_080520991	31.944	288	301	641	94	2.88e-25	110	electrogenic aspartate/glutamate antiporter SLC25A13, mitochondrial isoform 2 [Plecotus auritus]	61862
XP_036189517.1	XP_080520991	31.148	183	301	641	94	2.13e-16	84.7	electrogenic aspartate/glutamate antiporter SLC25A13, mitochondrial isoform 2 [Plecotus auritus]	61862
XP_036189517.1	XP_015413801	31.119	286	301	641	97	2.99e-25	110	PREDICTED: calcium-binding mitochondrial carrier protein Aralar2 isoform X1 [Myotis davidii]	225400
XP_036189517.1	XP_015413801	30.928	194	301	641	97	3.80e-16	84.0	PREDICTED: calcium-binding mitochondrial carrier protein Aralar2 isoform X1 [Myotis davidii]	225400
XP_036189517.1	XP_036183995	31.119	286	301	641	97	2.99e-25	110	calcium-binding mitochondrial carrier protein Aralar2 isoform X2 [Myotis myotis]	51298
XP_036189517.1	XP_036183995	30.928	194	301	641	97	3.69e-16	84.0	calcium-binding mitochondrial carrier protein Aralar2 isoform X2 [Myotis myotis]	51298
XP_036189517.1	XP_036183994	31.119	286	301	675	97	3.09e-25	110	calcium-binding mitochondrial carrier protein Aralar2 isoform X1 [Myotis myotis]	51298
XP_036189517.1	XP_036183994	30.928	194	301	675	97	3.58e-16	84.3	calcium-binding mitochondrial carrier protein Aralar2 isoform X1 [Myotis myotis]	51298
XP_036189517.1	XP_036183992	31.119	286	301	675	97	3.09e-25	110	calcium-binding mitochondrial carrier protein Aralar2 isoform X1 [Myotis myotis]	51298
XP_036189517.1	XP_036183992	30.928	194	301	675	97	3.58e-16	84.3	calcium-binding mitochondrial carrier protein Aralar2 isoform X1 [Myotis myotis]	51298
XP_036189517.1	XP_059566842	32.226	301	301	298	96	3.41e-25	107	mitochondrial 2-oxodicarboxylate carrier isoform X2 [Myotis daubentonii]	98922
XP_036189517.1	XP_059568362	31.119	286	301	675	97	3.60e-25	110	electrogenic aspartate/glutamate antiporter SLC25A13, mitochondrial isoform X1 [Myotis daubentonii]	98922
XP_036189517.1	XP_059568362	30.928	194	301	675	97	3.89e-16	84.0	electrogenic aspartate/glutamate antiporter SLC25A13, mitochondrial isoform X1 [Myotis daubentonii]	98922
XP_036189517.1	XP_080958373	31.119	286	301	675	97	3.60e-25	110	electrogenic aspartate/glutamate antiporter SLC25A13, mitochondrial [Myotis nattereri]	109481
XP_036189517.1	XP_080958373	30.928	194	301	675	97	3.89e-16	84.0	electrogenic aspartate/glutamate antiporter SLC25A13, mitochondrial [Myotis nattereri]	109481
XP_036189517.1	XP_081011256	32.653	294	301	299	95	3.62e-25	107	mitochondrial 2-oxodicarboxylate carrier isoform 2 [Miniopterus schreibersii]	9433
XP_036189517.1	XP_019500273	32.313	294	301	299	95	3.66e-25	107	PREDICTED: mitochondrial 2-oxodicarboxylate carrier isoform X1 [Hipposideros armiger]	186990
XP_036189517.1	XP_080903591	32.993	294	301	299	96	3.77e-25	107	mitochondrial 2-oxodicarboxylate carrier [Rhinolophus hipposideros]	77218
XP_036189517.1	XP_080903591	30.890	191	301	299	96	1.58e-12	72.0	mitochondrial 2-oxodicarboxylate carrier [Rhinolophus hipposideros]	77218
XP_036189517.1	XP_054571750	39.456	147	301	181	84	3.87e-25	103	solute carrier family 25 member 47 isoform X2 [Eptesicus fuscus]	29078
XP_036189517.1	XP_054571750	31.447	159	301	181	84	3.29e-13	71.6	solute carrier family 25 member 47 isoform X2 [Eptesicus fuscus]	29078
XP_036189517.1	XP_036103213	31.944	288	301	675	94	3.92e-25	110	calcium-binding mitochondrial carrier protein Aralar2 isoform X1 [Molossus molossus]	27622
XP_036189517.1	XP_036103213	30.978	184	301	675	94	6.03e-16	83.6	calcium-binding mitochondrial carrier protein Aralar2 isoform X1 [Molossus molossus]	27622
XP_036189517.1	XP_080520990	31.119	286	301	675	94	3.95e-25	110	electrogenic aspartate/glutamate antiporter SLC25A13, mitochondrial isoform 1 [Plecotus auritus]	61862
XP_036189517.1	XP_080520990	31.148	183	301	675	94	2.56e-16	84.7	electrogenic aspartate/glutamate antiporter SLC25A13, mitochondrial isoform 1 [Plecotus auritus]	61862
XP_036189517.1	XP_036103214	31.944	288	301	674	94	4.03e-25	110	calcium-binding mitochondrial carrier protein Aralar2 isoform X2 [Molossus molossus]	27622
XP_036189517.1	XP_036103214	30.978	184	301	674	94	5.86e-16	83.6	calcium-binding mitochondrial carrier protein Aralar2 isoform X2 [Molossus molossus]	27622
XP_036189517.1	XP_053521972	39.865	148	301	178	87	4.15e-25	103	solute carrier family 25 member 47 isoform X2 [Artibeus jamaicensis]	9417
XP_036189517.1	XP_053521972	31.138	167	301	178	87	4.92e-11	65.9	solute carrier family 25 member 47 isoform X2 [Artibeus jamaicensis]	9417
XP_036189517.1	XP_054449009	26.571	350	301	351	98	4.32e-25	107	probable mitochondrial glutathione transporter SLC25A39 isoform X2 [Pteronotus mesoamericanus]	1884717
XP_036189517.1	XP_024903700	31.973	294	301	299	96	4.49e-25	106	mitochondrial 2-oxodicarboxylate carrier [Pteropus alecto]	9402
XP_036189517.1	XP_024903700	29.744	195	301	299	96	1.17e-11	69.3	mitochondrial 2-oxodicarboxylate carrier [Pteropus alecto]	9402
XP_036189517.1	XP_006913525	31.973	294	301	299	96	4.49e-25	106	mitochondrial 2-oxodicarboxylate carrier [Pteropus alecto]	9402
XP_036189517.1	XP_006913525	29.744	195	301	299	96	1.17e-11	69.3	mitochondrial 2-oxodicarboxylate carrier [Pteropus alecto]	9402
XP_036189517.1	XP_036292537	28.819	288	301	315	97	4.57e-25	107	mitochondrial folate transporter/carrier [Pipistrellus kuhlii]	59472
XP_036189517.1	XP_036292537	31.553	206	301	315	97	7.71e-19	90.1	mitochondrial folate transporter/carrier [Pipistrellus kuhlii]	59472
XP_036189517.1	XP_070280414	30.769	286	301	567	97	4.94e-25	110	electrogenic aspartate/glutamate antiporter SLC25A13, mitochondrial isoform X2 [Myotis yumanensis]	159337
XP_036189517.1	XP_070280414	30.928	194	301	567	97	2.04e-16	84.7	electrogenic aspartate/glutamate antiporter SLC25A13, mitochondrial isoform X2 [Myotis yumanensis]	159337
XP_036189517.1	XP_036112644	33.221	298	301	307	95	5.03e-25	106	mitochondrial 2-oxodicarboxylate carrier isoform X1 [Molossus molossus]	27622
XP_036189517.1	XP_036112633	33.221	298	301	307	95	5.03e-25	106	mitochondrial 2-oxodicarboxylate carrier isoform X1 [Molossus molossus]	27622
XP_036189517.1	XP_036112625	33.221	298	301	307	95	5.03e-25	106	mitochondrial 2-oxodicarboxylate carrier isoform X1 [Molossus molossus]	27622
XP_036189517.1	XP_036112618	33.221	298	301	307	95	5.03e-25	106	mitochondrial 2-oxodicarboxylate carrier isoform X1 [Molossus molossus]	27622
XP_036189517.1	XP_036112609	33.221	298	301	307	95	5.03e-25	106	mitochondrial 2-oxodicarboxylate carrier isoform X1 [Molossus molossus]	27622
XP_036189517.1	XP_036112602	33.221	298	301	307	95	5.03e-25	106	mitochondrial 2-oxodicarboxylate carrier isoform X1 [Molossus molossus]	27622
XP_036189517.1	XP_036112594	33.221	298	301	307	95	5.03e-25	106	mitochondrial 2-oxodicarboxylate carrier isoform X1 [Molossus molossus]	27622
XP_036189517.1	XP_036112586	33.221	298	301	307	95	5.03e-25	106	mitochondrial 2-oxodicarboxylate carrier isoform X1 [Molossus molossus]	27622
XP_036189517.1	XP_036112577	33.221	298	301	307	95	5.03e-25	106	mitochondrial 2-oxodicarboxylate carrier isoform X1 [Molossus molossus]	27622
XP_036189517.1	XP_036112569	33.221	298	301	307	95	5.03e-25	106	mitochondrial 2-oxodicarboxylate carrier isoform X1 [Molossus molossus]	27622
XP_036189517.1	XP_036112558	33.221	298	301	307	95	5.03e-25	106	mitochondrial 2-oxodicarboxylate carrier isoform X1 [Molossus molossus]	27622
XP_036189517.1	XP_036112549	33.221	298	301	307	95	5.03e-25	106	mitochondrial 2-oxodicarboxylate carrier isoform X1 [Molossus molossus]	27622
XP_036189517.1	XP_006085064	30.769	286	301	567	97	5.38e-25	109	calcium-binding mitochondrial carrier protein Aralar2 isoform X3 [Myotis lucifugus]	59463
XP_036189517.1	XP_006085064	30.928	194	301	567	97	2.08e-16	84.7	calcium-binding mitochondrial carrier protein Aralar2 isoform X3 [Myotis lucifugus]	59463
XP_036189517.1	XP_059532924	27.797	295	301	308	98	5.39e-25	106	tricarboxylate transport protein, mitochondrial [Myotis daubentonii]	98922
XP_036189517.1	XP_036210167	27.797	295	301	308	98	5.39e-25	106	tricarboxylate transport protein, mitochondrial [Myotis myotis]	51298
XP_036189517.1	XP_080970329	27.797	295	301	308	98	5.39e-25	106	tricarboxylate transport protein, mitochondrial isoform 1 [Myotis nattereri]	109481
XP_036189517.1	XP_080970328	27.797	295	301	308	98	5.39e-25	106	tricarboxylate transport protein, mitochondrial isoform 1 [Myotis nattereri]	109481
XP_036189517.1	XP_080929439	29.032	310	301	311	95	5.51e-25	106	solute carrier family 25 member 36 [Rhinolophus hipposideros]	77218
XP_036189517.1	XP_023606506	30.769	286	301	583	97	5.51e-25	109	calcium-binding mitochondrial carrier protein Aralar2 isoform X2 [Myotis lucifugus]	59463
XP_036189517.1	XP_023606506	30.928	194	301	583	97	2.06e-16	84.7	calcium-binding mitochondrial carrier protein Aralar2 isoform X2 [Myotis lucifugus]	59463
XP_036189517.1	XP_036902333	31.119	286	301	675	94	5.67e-25	110	electrogenic aspartate/glutamate antiporter SLC25A13, mitochondrial isoform X2 [Sturnira hondurensis]	192404
XP_036189517.1	XP_036902333	30.978	184	301	675	94	1.17e-15	82.8	electrogenic aspartate/glutamate antiporter SLC25A13, mitochondrial isoform X2 [Sturnira hondurensis]	192404
XP_036189517.1	XP_023606505	30.769	286	301	641	97	5.78e-25	110	calcium-binding mitochondrial carrier protein Aralar2 isoform X1 [Myotis lucifugus]	59463
XP_036189517.1	XP_023606505	30.928	194	301	641	97	1.90e-16	85.1	calcium-binding mitochondrial carrier protein Aralar2 isoform X1 [Myotis lucifugus]	59463
XP_036189517.1	XP_006085063	30.769	286	301	641	97	5.78e-25	110	calcium-binding mitochondrial carrier protein Aralar2 isoform X1 [Myotis lucifugus]	59463
XP_036189517.1	XP_006085063	30.928	194	301	641	97	1.90e-16	85.1	calcium-binding mitochondrial carrier protein Aralar2 isoform X1 [Myotis lucifugus]	59463
XP_036189517.1	XP_080527670	39.456	147	301	195	84	5.94e-25	103	solute carrier family 25 member 47 isoform 3 [Plecotus auritus]	61862
XP_036189517.1	XP_080527670	31.447	159	301	195	84	4.06e-13	72.0	solute carrier family 25 member 47 isoform 3 [Plecotus auritus]	61862
XP_036189517.1	XP_032944438	31.469	286	301	737	94	5.95e-25	110	electrogenic aspartate/glutamate antiporter SLC25A13, mitochondrial isoform X1 [Rhinolophus ferrumequinum]	59479
XP_036189517.1	XP_032944438	30.435	184	301	737	94	4.02e-15	81.3	electrogenic aspartate/glutamate antiporter SLC25A13, mitochondrial isoform X1 [Rhinolophus ferrumequinum]	59479
XP_036189517.1	XP_070280413	30.769	286	301	675	97	6.12e-25	110	electrogenic aspartate/glutamate antiporter SLC25A13, mitochondrial isoform X1 [Myotis yumanensis]	159337
XP_036189517.1	XP_070280413	30.928	194	301	675	97	1.93e-16	85.1	electrogenic aspartate/glutamate antiporter SLC25A13, mitochondrial isoform X1 [Myotis yumanensis]	159337
XP_036189517.1	XP_045434374	31.119	286	301	567	94	6.16e-25	109	calcium-binding mitochondrial carrier protein Aralar2 isoform X2 [Pipistrellus kuhlii]	59472
XP_036189517.1	XP_045434374	30.978	184	301	567	94	2.48e-16	84.3	calcium-binding mitochondrial carrier protein Aralar2 isoform X2 [Pipistrellus kuhlii]	59472
XP_036189517.1	XP_032944440	31.469	286	301	736	94	6.23e-25	110	electrogenic aspartate/glutamate antiporter SLC25A13, mitochondrial isoform X2 [Rhinolophus ferrumequinum]	59479
XP_036189517.1	XP_032944440	30.435	184	301	736	94	4.05e-15	80.9	electrogenic aspartate/glutamate antiporter SLC25A13, mitochondrial isoform X2 [Rhinolophus ferrumequinum]	59479
XP_036189517.1	XP_066119560	26.176	340	301	351	96	6.28e-25	107	mitochondrial glutathione transporter SLC25A39 isoform X2 [Saccopteryx bilineata]	59482
XP_036189517.1	XP_066220074	26.176	340	301	351	96	6.35e-25	107	mitochondrial glutathione transporter SLC25A39 isoform X2 [Saccopteryx leptura]	249018
XP_036189517.1	XP_053528498	33.446	296	301	329	96	6.39e-25	107	mitochondrial 2-oxodicarboxylate carrier isoform X2 [Artibeus jamaicensis]	9417
XP_036189517.1	XP_036902332	31.119	286	301	676	94	6.49e-25	109	electrogenic aspartate/glutamate antiporter SLC25A13, mitochondrial isoform X1 [Sturnira hondurensis]	192404
XP_036189517.1	XP_036902332	30.978	184	301	676	94	1.24e-15	82.4	electrogenic aspartate/glutamate antiporter SLC25A13, mitochondrial isoform X1 [Sturnira hondurensis]	192404
XP_036189517.1	XP_039695384	28.727	275	301	268	90	6.67e-25	105	mitochondrial ornithine transporter 1 isoform X3 [Pteropus medius]	143291
XP_036189517.1	XP_014403042	30.769	286	301	623	97	7.03e-25	109	PREDICTED: calcium-binding mitochondrial carrier protein Aralar2 [Myotis brandtii]	109478
XP_036189517.1	XP_014403042	31.088	193	301	623	97	3.08e-16	84.3	PREDICTED: calcium-binding mitochondrial carrier protein Aralar2 [Myotis brandtii]	109478
XP_036189517.1	XP_023388865	31.469	286	301	568	94	7.14e-25	109	calcium-binding mitochondrial carrier protein Aralar2 isoform X4 [Pteropus vampyrus]	132908
XP_036189517.1	XP_023388865	31.351	185	301	568	94	2.58e-15	81.6	calcium-binding mitochondrial carrier protein Aralar2 isoform X4 [Pteropus vampyrus]	132908
XP_036189517.1	XP_023388864	32.292	288	301	584	94	7.30e-25	109	calcium-binding mitochondrial carrier protein Aralar2 isoform X3 [Pteropus vampyrus]	132908
XP_036189517.1	XP_023388864	31.351	185	301	584	94	2.70e-15	81.3	calcium-binding mitochondrial carrier protein Aralar2 isoform X3 [Pteropus vampyrus]	132908
XP_036189517.1	XP_006760330	28.374	289	301	315	97	7.32e-25	106	PREDICTED: mitochondrial folate transporter/carrier [Myotis davidii]	225400
XP_036189517.1	XP_006760330	29.648	199	301	315	97	2.14e-15	80.5	PREDICTED: mitochondrial folate transporter/carrier [Myotis davidii]	225400
XP_036189517.1	XP_019604716	32.441	299	301	299	95	7.36e-25	106	mitochondrial 2-oxodicarboxylate carrier isoform X1 [Rhinolophus sinicus]	89399
XP_036189517.1	XP_045434373	31.944	288	301	675	94	7.47e-25	109	calcium-binding mitochondrial carrier protein Aralar2 isoform X1 [Pipistrellus kuhlii]	59472
XP_036189517.1	XP_045434373	30.978	184	301	675	94	2.49e-16	84.7	calcium-binding mitochondrial carrier protein Aralar2 isoform X1 [Pipistrellus kuhlii]	59472
XP_036189517.1	XP_054422492	29.617	287	301	677	94	7.63e-25	109	electrogenic aspartate/glutamate antiporter SLC25A12, mitochondrial-like [Pteronotus mesoamericanus]	1884717
XP_036189517.1	XP_054422492	32.787	183	301	677	94	5.10e-17	86.7	electrogenic aspartate/glutamate antiporter SLC25A12, mitochondrial-like [Pteronotus mesoamericanus]	1884717
XP_036189517.1	XP_011361631	32.292	288	301	675	94	7.76e-25	109	calcium-binding mitochondrial carrier protein Aralar2 isoform X2 [Pteropus vampyrus]	132908
XP_036189517.1	XP_011361631	31.522	184	301	675	94	2.55e-15	81.6	calcium-binding mitochondrial carrier protein Aralar2 isoform X2 [Pteropus vampyrus]	132908
XP_036189517.1	XP_080967855	28.374	289	301	315	97	8.89e-25	106	solute carrier family 25 member 32 [Myotis nattereri]	109481
XP_036189517.1	XP_080967855	30.151	199	301	315	97	2.19e-16	83.2	solute carrier family 25 member 32 [Myotis nattereri]	109481
XP_036189517.1	XP_032963001	40.136	147	301	221	93	9.28e-25	103	solute carrier family 25 member 47 isoform X5 [Rhinolophus ferrumequinum]	59479
XP_036189517.1	XP_032963001	33.333	213	301	221	93	9.95e-21	93.2	solute carrier family 25 member 47 isoform X5 [Rhinolophus ferrumequinum]	59479
XP_036189517.1	XP_011361623	32.292	288	301	676	94	9.31e-25	109	calcium-binding mitochondrial carrier protein Aralar2 isoform X1 [Pteropus vampyrus]	132908
XP_036189517.1	XP_011361623	31.522	184	301	676	94	2.67e-15	81.6	calcium-binding mitochondrial carrier protein Aralar2 isoform X1 [Pteropus vampyrus]	132908
XP_036189517.1	XP_036193876	28.374	289	301	315	97	9.55e-25	106	mitochondrial folate transporter/carrier isoform X1 [Myotis myotis]	51298
XP_036189517.1	XP_036193876	30.151	199	301	315	97	2.11e-16	83.2	mitochondrial folate transporter/carrier isoform X1 [Myotis myotis]	51298
XP_036189517.1	XP_080950937	32.441	299	301	299	96	1.01e-24	105	mitochondrial 2-oxodicarboxylate carrier [Myotis nattereri]	109481
XP_036189517.1	XP_080950937	30.457	197	301	299	96	1.04e-11	69.7	mitochondrial 2-oxodicarboxylate carrier [Myotis nattereri]	109481
XP_036189517.1	XP_070248264	28.374	289	301	314	97	1.02e-24	106	solute carrier family 25 member 32 [Myotis yumanensis]	159337
XP_036189517.1	XP_070248264	30.151	199	301	314	97	3.21e-16	82.8	solute carrier family 25 member 32 [Myotis yumanensis]	159337
XP_036189517.1	XP_036992606	31.119	286	301	736	94	1.08e-24	109	LOW QUALITY PROTEIN: electrogenic aspartate/glutamate antiporter SLC25A13, mitochondrial [Artibeus jamaicensis]	9417
XP_036189517.1	XP_036992606	30.978	184	301	736	94	4.64e-16	84.0	LOW QUALITY PROTEIN: electrogenic aspartate/glutamate antiporter SLC25A13, mitochondrial [Artibeus jamaicensis]	9417
XP_036189517.1	XP_016079784	28.720	289	301	315	97	1.08e-24	106	PREDICTED: mitochondrial folate transporter/carrier [Miniopterus natalensis]	291302
XP_036189517.1	XP_016079784	30.151	199	301	315	97	8.53e-17	84.3	PREDICTED: mitochondrial folate transporter/carrier [Miniopterus natalensis]	291302
XP_036189517.1	XP_080972996	28.720	289	301	315	97	1.08e-24	106	solute carrier family 25 member 32 [Miniopterus schreibersii]	9433
XP_036189517.1	XP_080972996	30.151	199	301	315	97	8.53e-17	84.3	solute carrier family 25 member 32 [Miniopterus schreibersii]	9433
XP_036189517.1	XP_019501571	29.032	310	301	311	95	1.09e-24	105	PREDICTED: solute carrier family 25 member 36 isoform X2 [Hipposideros armiger]	186990
XP_036189517.1	XP_054580869	32.886	298	301	323	87	1.10e-24	106	mitochondrial glutamate carrier 1 [Eptesicus fuscus]	29078
XP_036189517.1	XP_074183035	31.298	262	301	269	93	1.12e-24	105	solute carrier family 25 member 47 isoform X2 [Rhinolophus sinicus]	89399
XP_036189517.1	XP_074183035	31.220	205	301	269	93	8.48e-15	78.2	solute carrier family 25 member 47 isoform X2 [Rhinolophus sinicus]	89399
XP_036189517.1	XP_016002990	27.682	289	301	315	97	1.14e-24	105	mitochondrial folate transporter/carrier [Rousettus aegyptiacus]	9407
XP_036189517.1	XP_016002990	29.648	199	301	315	97	9.08e-16	81.3	mitochondrial folate transporter/carrier [Rousettus aegyptiacus]	9407
XP_036189517.1	XP_032952612	31.915	235	301	311	71	1.14e-24	105	solute carrier family 25 member 48 isoform X5 [Rhinolophus ferrumequinum]	59479
XP_036189517.1	XP_036169647	32.143	224	301	305	83	1.29e-24	105	solute carrier family 25 member 48 isoform X4 [Myotis myotis]	51298
XP_036189517.1	XP_036169647	29.282	181	301	305	83	2.92e-11	68.6	solute carrier family 25 member 48 isoform X4 [Myotis myotis]	51298
XP_036189517.1	XP_005879355	28.374	289	301	315	97	1.38e-24	105	PREDICTED: mitochondrial folate transporter/carrier [Myotis brandtii]	109478
XP_036189517.1	XP_005879355	30.151	199	301	315	97	2.28e-16	83.2	PREDICTED: mitochondrial folate transporter/carrier [Myotis brandtii]	109478
XP_036189517.1	XP_059527979	28.028	289	301	315	97	1.45e-24	105	mitochondrial folate transporter/carrier [Myotis daubentonii]	98922
XP_036189517.1	XP_059527979	29.648	199	301	315	97	1.28e-15	80.9	mitochondrial folate transporter/carrier [Myotis daubentonii]	98922
XP_036189517.1	XP_032952613	31.915	235	301	299	71	1.49e-24	105	solute carrier family 25 member 48 isoform X6 [Rhinolophus ferrumequinum]	59479
XP_036189517.1	XP_079618560	28.378	296	301	361	97	1.50e-24	106	tricarboxylate transport protein, mitochondrial isoform 2 [Cnephaeus nilssonii]	3371016
XP_036189517.1	XP_024413099	28.667	300	301	321	99	1.64e-24	105	tricarboxylate transport protein, mitochondrial [Desmodus rotundus]	9430
XP_036189517.1	XP_080506256	28.378	296	301	361	97	1.68e-24	106	tricarboxylate transport protein, mitochondrial isoform 1 [Plecotus auritus]	61862
XP_036189517.1	XP_080543845	32.886	298	301	323	87	1.82e-24	105	mitochondrial glutamate carrier 1 isoform 1 [Plecotus auritus]	61862
XP_036189517.1	XP_080543844	32.886	298	301	323	87	1.82e-24	105	mitochondrial glutamate carrier 1 isoform 1 [Plecotus auritus]	61862
XP_036189517.1	XP_080543843	32.886	298	301	323	87	1.82e-24	105	mitochondrial glutamate carrier 1 isoform 1 [Plecotus auritus]	61862
XP_036189517.1	XP_080543842	32.886	298	301	323	87	1.82e-24	105	mitochondrial glutamate carrier 1 isoform 1 [Plecotus auritus]	61862
XP_036189517.1	XP_080543841	32.886	298	301	323	87	1.82e-24	105	mitochondrial glutamate carrier 1 isoform 1 [Plecotus auritus]	61862
XP_036189517.1	XP_080543840	32.886	298	301	323	87	1.82e-24	105	mitochondrial glutamate carrier 1 isoform 1 [Plecotus auritus]	61862
XP_036189517.1	XP_080543839	32.886	298	301	323	87	1.82e-24	105	mitochondrial glutamate carrier 1 isoform 1 [Plecotus auritus]	61862
XP_036189517.1	XP_080543838	32.886	298	301	323	87	1.82e-24	105	mitochondrial glutamate carrier 1 isoform 1 [Plecotus auritus]	61862
XP_036189517.1	XP_080543837	32.886	298	301	323	87	1.82e-24	105	mitochondrial glutamate carrier 1 isoform 1 [Plecotus auritus]	61862
XP_036189517.1	XP_036308142	32.776	299	301	299	95	1.85e-24	105	mitochondrial 2-oxodicarboxylate carrier [Pipistrellus kuhlii]	59472
XP_036189517.1	XP_032952603	31.915	235	301	343	71	1.87e-24	105	solute carrier family 25 member 48 isoform X2 [Rhinolophus ferrumequinum]	59479
XP_036189517.1	XP_036904233	28.669	293	301	315	97	1.89e-24	105	solute carrier family 25 member 32 [Sturnira hondurensis]	192404
XP_036189517.1	XP_036904233	29.648	199	301	315	97	1.07e-15	81.3	solute carrier family 25 member 32 [Sturnira hondurensis]	192404
XP_036189517.1	XP_032987927	28.387	310	301	311	95	1.90e-24	105	solute carrier family 25 member 36 [Rhinolophus ferrumequinum]	59479
XP_036189517.1	XP_019602997	28.387	310	301	311	95	1.90e-24	105	solute carrier family 25 member 36 [Rhinolophus sinicus]	89399
XP_036189517.1	XP_036906336	28.276	290	301	477	96	1.93e-24	107	mitochondrial adenyl nucleotide antiporter SLC25A24 [Sturnira hondurensis]	192404
XP_036189517.1	XP_036906336	24.500	200	301	477	96	2.59e-11	69.3	mitochondrial adenyl nucleotide antiporter SLC25A24 [Sturnira hondurensis]	192404
XP_036189517.1	XP_039696877	33.333	195	301	266	61	1.96e-24	104	solute carrier family 25 member 45 isoform X4 [Pteropus medius]	143291
XP_036189517.1	XP_008140834	28.378	296	301	366	97	1.99e-24	106	tricarboxylate transport protein, mitochondrial [Eptesicus fuscus]	29078
XP_036189517.1	XP_015994092	32.971	276	301	334	89	2.02e-24	105	mitochondrial 2-oxodicarboxylate carrier isoform X2 [Rousettus aegyptiacus]	9407
XP_036189517.1	XP_032964403	32.441	299	301	299	95	2.03e-24	105	mitochondrial 2-oxodicarboxylate carrier isoform X1 [Rhinolophus ferrumequinum]	59479
XP_036189517.1	XP_079644639	32.886	298	301	323	89	2.18e-24	105	mitochondrial glutamate carrier 1 [Cnephaeus nilssonii]	3371016
XP_036189517.1	XP_079644639	26.168	214	301	323	89	9.70e-11	67.0	mitochondrial glutamate carrier 1 [Cnephaeus nilssonii]	3371016
XP_036189517.1	XP_006093410	28.374	289	301	315	94	2.18e-24	105	mitochondrial folate transporter/carrier [Myotis lucifugus]	59463
XP_036189517.1	XP_036267537	39.456	147	301	319	93	2.22e-24	105	solute carrier family 25 member 47 [Pipistrellus kuhlii]	59472
XP_036189517.1	XP_036267537	49.254	67	301	319	93	2.57e-11	68.6	solute carrier family 25 member 47 [Pipistrellus kuhlii]	59472
XP_036189517.1	XP_036267537	28.873	142	301	319	93	5.53e-11	67.8	solute carrier family 25 member 47 [Pipistrellus kuhlii]	59472
XP_036189517.1	XP_080921205	29.851	268	301	311	92	2.24e-24	105	putative mitochondrial transporter UCP3 isoform 1 [Rhinolophus hipposideros]	77218
XP_036189517.1	XP_080921205	28.108	185	301	311	92	3.58e-11	68.2	putative mitochondrial transporter UCP3 isoform 1 [Rhinolophus hipposideros]	77218
XP_036189517.1	XP_080921204	29.851	268	301	311	92	2.24e-24	105	putative mitochondrial transporter UCP3 isoform 1 [Rhinolophus hipposideros]	77218
XP_036189517.1	XP_080921204	28.108	185	301	311	92	3.58e-11	68.2	putative mitochondrial transporter UCP3 isoform 1 [Rhinolophus hipposideros]	77218
XP_036189517.1	XP_024428270	28.669	293	301	315	97	2.55e-24	105	solute carrier family 25 member 32 [Desmodus rotundus]	9430
XP_036189517.1	XP_024428270	30.151	199	301	315	97	7.25e-16	81.6	solute carrier family 25 member 32 [Desmodus rotundus]	9430
XP_036189517.1	XP_039702628	27.988	343	301	352	96	2.61e-24	105	mitochondrial glutathione transporter SLC25A39 isoform X2 [Pteropus medius]	143291
XP_036189517.1	XP_039702627	27.988	343	301	352	96	2.61e-24	105	mitochondrial glutathione transporter SLC25A39 isoform X2 [Pteropus medius]	143291
XP_036189517.1	XP_014309377	32.143	224	301	322	83	2.74e-24	105	solute carrier family 25 member 48 isoform X5 [Myotis lucifugus]	59463
XP_036189517.1	XP_014309377	29.609	179	301	322	83	1.55e-11	69.3	solute carrier family 25 member 48 isoform X5 [Myotis lucifugus]	59463
XP_036189517.1	XP_080502716	28.028	289	301	315	97	2.76e-24	105	solute carrier family 25 member 32 [Plecotus auritus]	61862
XP_036189517.1	XP_080502716	31.156	199	301	315	97	2.72e-17	85.9	solute carrier family 25 member 32 [Plecotus auritus]	61862
XP_036189517.1	XP_036923243	28.523	298	301	308	98	2.89e-24	104	tricarboxylate transport protein, mitochondrial [Sturnira hondurensis]	192404
XP_036189517.1	XP_036112653	32.653	294	301	303	95	2.91e-24	104	mitochondrial 2-oxodicarboxylate carrier isoform X2 [Molossus molossus]	27622
XP_036189517.1	XP_036997508	28.523	298	301	308	98	2.95e-24	104	tricarboxylate transport protein, mitochondrial [Artibeus jamaicensis]	9417
XP_036189517.1	XP_032952602	32.340	235	301	403	71	3.19e-24	106	solute carrier family 25 member 48 isoform X1 [Rhinolophus ferrumequinum]	59479
XP_036189517.1	XP_066221478	27.986	293	301	308	97	3.37e-24	104	tricarboxylate transport protein, mitochondrial [Saccopteryx leptura]	249018
XP_036189517.1	XP_080528689	30.804	224	301	275	83	3.45e-24	103	solute carrier family 25 member 48 isoform 3 [Plecotus auritus]	61862
XP_036189517.1	XP_080528689	32.402	179	301	275	83	6.22e-12	70.1	solute carrier family 25 member 48 isoform 3 [Plecotus auritus]	61862
XP_036189517.1	XP_080927034	28.028	289	301	315	97	3.46e-24	104	solute carrier family 25 member 32 isoform 1 [Rhinolophus hipposideros]	77218
XP_036189517.1	XP_080927034	30.151	199	301	315	97	2.42e-16	83.2	solute carrier family 25 member 32 isoform 1 [Rhinolophus hipposideros]	77218
XP_036189517.1	XP_015975687	28.000	300	301	321	99	3.63e-24	104	tricarboxylate transport protein, mitochondrial [Rousettus aegyptiacus]	9407
XP_036189517.1	XP_066115979	27.986	293	301	308	97	3.66e-24	104	tricarboxylate transport protein, mitochondrial [Saccopteryx bilineata]	59482
XP_036189517.1	XP_036094386	40.268	149	301	234	85	3.75e-24	102	solute carrier family 25 member 47 isoform X2 [Rousettus aegyptiacus]	9407
XP_036189517.1	XP_036094386	30.435	161	301	234	85	1.16e-11	68.6	solute carrier family 25 member 47 isoform X2 [Rousettus aegyptiacus]	9407
XP_036189517.1	XP_036094385	40.268	149	301	234	85	3.75e-24	102	solute carrier family 25 member 47 isoform X2 [Rousettus aegyptiacus]	9407
XP_036189517.1	XP_036094385	30.435	161	301	234	85	1.16e-11	68.6	solute carrier family 25 member 47 isoform X2 [Rousettus aegyptiacus]	9407
XP_036189517.1	XP_036915385	30.901	233	301	275	69	4.03e-24	103	solute carrier family 25 member 48 isoform X6 [Sturnira hondurensis]	192404
XP_036189517.1	XP_079618559	28.378	296	301	378	97	4.17e-24	105	tricarboxylate transport protein, mitochondrial isoform 1 [Cnephaeus nilssonii]	3371016
XP_036189517.1	XP_059566541	32.550	298	301	323	87	4.32e-24	104	mitochondrial glutamate carrier 1 isoform X1 [Myotis daubentonii]	98922
XP_036189517.1	XP_036151717	32.550	298	301	323	87	4.32e-24	104	mitochondrial glutamate carrier 1 [Myotis myotis]	51298
XP_036189517.1	XP_036151716	32.550	298	301	323	87	4.32e-24	104	mitochondrial glutamate carrier 1 [Myotis myotis]	51298
XP_036189517.1	XP_036151715	32.550	298	301	323	87	4.32e-24	104	mitochondrial glutamate carrier 1 [Myotis myotis]	51298
XP_036189517.1	XP_036151714	32.550	298	301	323	87	4.32e-24	104	mitochondrial glutamate carrier 1 [Myotis myotis]	51298
XP_036189517.1	XP_036151713	32.550	298	301	323	87	4.32e-24	104	mitochondrial glutamate carrier 1 [Myotis myotis]	51298
XP_036189517.1	XP_036151712	32.550	298	301	323	87	4.32e-24	104	mitochondrial glutamate carrier 1 [Myotis myotis]	51298
XP_036189517.1	XP_036151711	32.550	298	301	323	87	4.32e-24	104	mitochondrial glutamate carrier 1 [Myotis myotis]	51298
XP_036189517.1	XP_036151710	32.550	298	301	323	87	4.32e-24	104	mitochondrial glutamate carrier 1 [Myotis myotis]	51298
XP_036189517.1	XP_036151709	32.550	298	301	323	87	4.32e-24	104	mitochondrial glutamate carrier 1 [Myotis myotis]	51298
XP_036189517.1	XP_080954439	32.550	298	301	323	87	4.46e-24	104	mitochondrial glutamate carrier 1 isoform 1 [Myotis nattereri]	109481
XP_036189517.1	XP_080954438	32.550	298	301	323	87	4.46e-24	104	mitochondrial glutamate carrier 1 isoform 1 [Myotis nattereri]	109481
XP_036189517.1	XP_080954437	32.550	298	301	323	87	4.46e-24	104	mitochondrial glutamate carrier 1 isoform 1 [Myotis nattereri]	109481
XP_036189517.1	XP_070283275	32.550	298	301	323	87	4.55e-24	104	mitochondrial glutamate carrier 1 [Myotis yumanensis]	159337
XP_036189517.1	XP_070283274	32.550	298	301	323	87	4.55e-24	104	mitochondrial glutamate carrier 1 [Myotis yumanensis]	159337
XP_036189517.1	XP_070283273	32.550	298	301	323	87	4.55e-24	104	mitochondrial glutamate carrier 1 [Myotis yumanensis]	159337
XP_036189517.1	XP_019606194	28.179	291	301	315	97	5.05e-24	104	solute carrier family 25 member 32 [Rhinolophus sinicus]	89399
XP_036189517.1	XP_019606194	30.151	199	301	315	97	2.42e-16	83.2	solute carrier family 25 member 32 [Rhinolophus sinicus]	89399
XP_036189517.1	XP_036122604	28.065	310	301	311	95	5.07e-24	104	solute carrier family 25 member 36 isoform X1 [Molossus molossus]	27622
XP_036189517.1	XP_015997389	27.508	309	301	311	95	5.12e-24	104	solute carrier family 25 member 36 isoform X2 [Rousettus aegyptiacus]	9407
XP_036189517.1	XP_080979079	28.763	299	301	309	98	5.16e-24	103	tricarboxylate transport protein, mitochondrial isoform 1 [Miniopterus schreibersii]	9433
XP_036189517.1	XP_080979078	28.763	299	301	309	98	5.16e-24	103	tricarboxylate transport protein, mitochondrial isoform 1 [Miniopterus schreibersii]	9433
XP_036189517.1	XP_080979077	28.763	299	301	309	98	5.16e-24	103	tricarboxylate transport protein, mitochondrial isoform 1 [Miniopterus schreibersii]	9433
XP_036189517.1	XP_080979076	28.763	299	301	309	98	5.16e-24	103	tricarboxylate transport protein, mitochondrial isoform 1 [Miniopterus schreibersii]	9433
XP_036189517.1	XP_080979075	28.763	299	301	309	98	5.16e-24	103	tricarboxylate transport protein, mitochondrial isoform 1 [Miniopterus schreibersii]	9433
XP_036189517.1	XP_080979074	28.763	299	301	309	98	5.16e-24	103	tricarboxylate transport protein, mitochondrial isoform 1 [Miniopterus schreibersii]	9433
XP_036189517.1	XP_080979073	28.763	299	301	309	98	5.16e-24	103	tricarboxylate transport protein, mitochondrial isoform 1 [Miniopterus schreibersii]	9433
XP_036189517.1	XP_080527831	28.065	310	301	311	95	5.18e-24	104	solute carrier family 25 member 36 [Plecotus auritus]	61862
XP_036189517.1	XP_054424399	31.897	232	301	306	70	5.21e-24	103	solute carrier family 25 member 48 isoform X6 [Pteronotus mesoamericanus]	1884717
XP_036189517.1	XP_054573849	31.250	224	301	334	83	5.63e-24	104	solute carrier family 25 member 48 isoform X1 [Eptesicus fuscus]	29078
XP_036189517.1	XP_054573849	31.844	179	301	334	83	6.78e-11	67.4	solute carrier family 25 member 48 isoform X1 [Eptesicus fuscus]	29078
XP_036189517.1	XP_005863902	25.369	339	301	351	96	5.66e-24	104	PREDICTED: solute carrier family 25 member 39 isoform X2 [Myotis brandtii]	109478
XP_036189517.1	XP_054451491	28.065	310	301	311	95	5.85e-24	103	solute carrier family 25 member 36 isoform X1 [Pteronotus mesoamericanus]	1884717
XP_036189517.1	XP_059554422	30.566	265	301	309	83	6.20e-24	103	solute carrier family 25 member 48 isoform X3 [Myotis daubentonii]	98922
XP_036189517.1	XP_059554422	29.609	179	301	309	83	2.06e-11	68.9	solute carrier family 25 member 48 isoform X3 [Myotis daubentonii]	98922
XP_036189517.1	XP_066119559	25.648	347	301	358	96	6.24e-24	104	mitochondrial glutathione transporter SLC25A39 isoform X1 [Saccopteryx bilineata]	59482
XP_036189517.1	XP_066119558	25.648	347	301	358	96	6.24e-24	104	mitochondrial glutathione transporter SLC25A39 isoform X1 [Saccopteryx bilineata]	59482
XP_036189517.1	XP_070289609	28.065	310	301	311	95	6.28e-24	103	solute carrier family 25 member 36 [Myotis yumanensis]	159337
XP_036189517.1	XP_059519760	28.065	310	301	311	95	6.28e-24	103	solute carrier family 25 member 36 isoform X1 [Myotis daubentonii]	98922
XP_036189517.1	XP_008150800	28.065	310	301	311	95	6.28e-24	103	solute carrier family 25 member 36 isoform X1 [Eptesicus fuscus]	29078
XP_036189517.1	XP_036188284	28.065	310	301	311	95	6.28e-24	103	solute carrier family 25 member 36 isoform X1 [Myotis myotis]	51298
XP_036189517.1	XP_006083824	28.065	310	301	311	95	6.28e-24	103	solute carrier family 25 member 36 isoform X1 [Myotis lucifugus]	59463
XP_036189517.1	XP_080962664	28.065	310	301	311	95	6.28e-24	103	solute carrier family 25 member 36 [Myotis nattereri]	109481
XP_036189517.1	XP_079651387	28.065	310	301	311	95	6.28e-24	103	solute carrier family 25 member 36 [Cnephaeus nilssonii]	3371016
XP_036189517.1	XP_019565720	28.378	296	301	321	97	6.49e-24	103	tricarboxylate transport protein, mitochondrial [Rhinolophus sinicus]	89399
XP_036189517.1	XP_045692581	26.100	341	301	351	96	6.52e-24	104	solute carrier family 25 member 39 isoform X2 [Phyllostomus hastatus]	9423
XP_036189517.1	XP_036923567	25.439	342	301	351	96	6.52e-24	104	mitochondrial glutathione transporter SLC25A39 isoform X3 [Sturnira hondurensis]	192404
XP_036189517.1	XP_054449008	25.978	358	301	359	98	6.79e-24	104	probable mitochondrial glutathione transporter SLC25A39 isoform X1 [Pteronotus mesoamericanus]	1884717
XP_036189517.1	XP_054449007	25.978	358	301	359	98	6.79e-24	104	probable mitochondrial glutathione transporter SLC25A39 isoform X1 [Pteronotus mesoamericanus]	1884717
XP_036189517.1	XP_054449005	25.978	358	301	359	98	6.79e-24	104	probable mitochondrial glutathione transporter SLC25A39 isoform X1 [Pteronotus mesoamericanus]	1884717
XP_036189517.1	XP_054448763	28.669	293	301	321	96	6.82e-24	103	tricarboxylate transport protein, mitochondrial [Pteronotus mesoamericanus]	1884717
XP_036189517.1	XP_054448762	28.669	293	301	321	96	6.82e-24	103	tricarboxylate transport protein, mitochondrial [Pteronotus mesoamericanus]	1884717
XP_036189517.1	XP_054448761	28.669	293	301	321	96	6.82e-24	103	tricarboxylate transport protein, mitochondrial [Pteronotus mesoamericanus]	1884717
XP_036189517.1	XP_054448760	28.669	293	301	321	96	6.82e-24	103	tricarboxylate transport protein, mitochondrial [Pteronotus mesoamericanus]	1884717
XP_036189517.1	XP_066220073	25.648	347	301	358	96	7.26e-24	104	mitochondrial glutathione transporter SLC25A39 isoform X1 [Saccopteryx leptura]	249018
XP_036189517.1	XP_066220072	25.648	347	301	358	96	7.26e-24	104	mitochondrial glutathione transporter SLC25A39 isoform X1 [Saccopteryx leptura]	249018
XP_036189517.1	XP_032953409	27.946	297	301	308	97	7.40e-24	103	tricarboxylate transport protein, mitochondrial [Rhinolophus ferrumequinum]	59479
XP_036189517.1	XP_070255674	27.986	293	301	363	96	7.77e-24	104	tricarboxylate transport protein, mitochondrial [Myotis yumanensis]	159337
XP_036189517.1	XP_070255674	29.381	194	301	363	96	1.60e-11	69.7	tricarboxylate transport protein, mitochondrial [Myotis yumanensis]	159337
XP_036189517.1	XP_035869504	31.646	237	301	359	71	8.22e-24	104	solute carrier family 25 member 48 isoform X3 [Phyllostomus discolor]	89673
XP_036189517.1	XP_032976921	30.000	270	301	311	92	8.45e-24	103	mitochondrial uncoupling protein 3 [Rhinolophus ferrumequinum]	59479
XP_036189517.1	XP_032976921	28.108	185	301	311	92	6.15e-11	67.4	mitochondrial uncoupling protein 3 [Rhinolophus ferrumequinum]	59479
XP_036189517.1	XP_016065341	28.065	310	301	311	95	9.45e-24	103	PREDICTED: solute carrier family 25 member 36 isoform X1 [Miniopterus natalensis]	291302
XP_036189517.1	XP_081015784	28.065	310	301	311	95	9.45e-24	103	solute carrier family 25 member 36 [Miniopterus schreibersii]	9433
XP_036189517.1	XP_028384541	28.716	296	301	321	97	9.75e-24	103	tricarboxylate transport protein, mitochondrial [Phyllostomus discolor]	89673
XP_036189517.1	XP_045704545	32.313	294	301	299	96	9.84e-24	103	mitochondrial 2-oxodicarboxylate carrier [Phyllostomus hastatus]	9423
XP_036189517.1	XP_045704545	30.964	197	301	299	96	2.32e-12	71.6	mitochondrial 2-oxodicarboxylate carrier [Phyllostomus hastatus]	9423
XP_036189517.1	XP_080527669	39.456	147	301	327	93	9.88e-24	103	solute carrier family 25 member 47 isoform 2 [Plecotus auritus]	61862
XP_036189517.1	XP_080527669	31.447	159	301	327	93	4.01e-12	71.2	solute carrier family 25 member 47 isoform 2 [Plecotus auritus]	61862
XP_036189517.1	XP_080527669	49.254	67	301	327	93	2.98e-11	68.6	solute carrier family 25 member 47 isoform 2 [Plecotus auritus]	61862
XP_036189517.1	XP_080527668	39.456	147	301	327	93	9.88e-24	103	solute carrier family 25 member 47 isoform 2 [Plecotus auritus]	61862
XP_036189517.1	XP_080527668	31.447	159	301	327	93	4.01e-12	71.2	solute carrier family 25 member 47 isoform 2 [Plecotus auritus]	61862
XP_036189517.1	XP_080527668	49.254	67	301	327	93	2.98e-11	68.6	solute carrier family 25 member 47 isoform 2 [Plecotus auritus]	61862
XP_036189517.1	XP_039693240	27.184	309	301	311	95	1.00e-23	103	solute carrier family 25 member 36 isoform X1 [Pteropus medius]	143291
XP_036189517.1	XP_036123863	25.074	339	301	351	96	1.01e-23	103	solute carrier family 25 member 39 isoform X2 [Molossus molossus]	27622
XP_036189517.1	XP_019607865	25.797	345	301	351	96	1.03e-23	103	mitochondrial glutathione transporter SLC25A39 isoform X2 [Rhinolophus sinicus]	89399
XP_036189517.1	XP_070271054	30.566	265	301	350	81	1.04e-23	103	solute carrier family 25 member 48 isoform X2 [Myotis yumanensis]	159337
XP_036189517.1	XP_006092331	25.369	339	301	351	96	1.07e-23	103	solute carrier family 25 member 39 isoform X2 [Myotis lucifugus]	59463
XP_036189517.1	XP_080527667	39.456	147	301	336	84	1.11e-23	103	solute carrier family 25 member 47 isoform 1 [Plecotus auritus]	61862
XP_036189517.1	XP_080527667	31.447	159	301	336	84	3.73e-12	71.2	solute carrier family 25 member 47 isoform 1 [Plecotus auritus]	61862
XP_036189517.1	XP_011355753	27.184	309	301	311	95	1.28e-23	103	solute carrier family 25 member 36 isoform X1 [Pteropus vampyrus]	132908
XP_036189517.1	XP_037004604	29.110	292	301	311	94	1.30e-23	103	mitochondrial uncoupling protein 3 isoform X1 [Artibeus jamaicensis]	9417
XP_036189517.1	XP_037004604	29.348	184	301	311	94	9.31e-12	69.7	mitochondrial uncoupling protein 3 isoform X1 [Artibeus jamaicensis]	9417
XP_036189517.1	XP_037008362	27.586	290	301	477	96	1.32e-23	105	calcium-binding mitochondrial carrier protein SCaMC-1 isoform X1 [Artibeus jamaicensis]	9417
XP_036189517.1	XP_037008362	24.000	200	301	477	96	5.88e-11	68.2	calcium-binding mitochondrial carrier protein SCaMC-1 isoform X1 [Artibeus jamaicensis]	9417
XP_036189517.1	XP_066121995	28.028	289	301	315	97	1.38e-23	103	solute carrier family 25 member 32 [Saccopteryx bilineata]	59482
XP_036189517.1	XP_066121995	29.648	199	301	315	97	2.77e-16	82.8	solute carrier family 25 member 32 [Saccopteryx bilineata]	59482
XP_036189517.1	XP_019489713	28.378	296	301	321	97	1.43e-23	103	PREDICTED: tricarboxylate transport protein, mitochondrial [Hipposideros armiger]	186990
XP_036189517.1	XP_028362541	32.313	294	301	299	96	1.44e-23	102	mitochondrial 2-oxodicarboxylate carrier isoform X1 [Phyllostomus discolor]	89673
XP_036189517.1	XP_028362541	30.256	195	301	299	96	8.69e-12	69.7	mitochondrial 2-oxodicarboxylate carrier isoform X1 [Phyllostomus discolor]	89673
XP_036189517.1	XP_023607913	32.143	224	301	444	67	1.49e-23	104	solute carrier family 25 member 48 isoform X1 [Myotis lucifugus]	59463
XP_036189517.1	XP_066235382	28.028	289	301	315	97	1.60e-23	102	solute carrier family 25 member 32 [Saccopteryx leptura]	249018
XP_036189517.1	XP_066235382	29.648	199	301	315	97	3.00e-16	82.8	solute carrier family 25 member 32 [Saccopteryx leptura]	249018
XP_036189517.1	XP_070250134	25.588	340	301	351	96	1.60e-23	103	mitochondrial glutathione transporter SLC25A39 isoform X2 [Myotis yumanensis]	159337
XP_036189517.1	XP_054445092	32.414	290	301	278	96	1.66e-23	102	mitochondrial 2-oxodicarboxylate carrier isoform X4 [Pteronotus mesoamericanus]	1884717
XP_036189517.1	XP_054445092	30.769	195	301	278	96	4.57e-13	73.2	mitochondrial 2-oxodicarboxylate carrier isoform X4 [Pteronotus mesoamericanus]	1884717
XP_036189517.1	XP_006910188	27.744	328	301	337	96	1.72e-23	103	solute carrier family 25 member 39 isoform X4 [Pteropus alecto]	9402
XP_036189517.1	XP_006910187	27.744	328	301	337	96	1.72e-23	103	solute carrier family 25 member 39 isoform X4 [Pteropus alecto]	9402
XP_036189517.1	XP_036137065	32.095	296	301	323	87	1.74e-23	102	mitochondrial glutamate carrier 1 [Molossus molossus]	27622
XP_036189517.1	XP_036137064	32.095	296	301	323	87	1.74e-23	102	mitochondrial glutamate carrier 1 [Molossus molossus]	27622
XP_036189517.1	XP_036137063	32.095	296	301	323	87	1.74e-23	102	mitochondrial glutamate carrier 1 [Molossus molossus]	27622
XP_036189517.1	XP_045675871	28.378	296	301	321	97	1.79e-23	102	tricarboxylate transport protein, mitochondrial [Phyllostomus hastatus]	9423
XP_036189517.1	XP_036887593	29.588	267	301	274	93	1.83e-23	102	solute carrier family 25 member 47 isoform X2 [Sturnira hondurensis]	192404
XP_036189517.1	XP_036887593	28.571	210	301	274	93	2.43e-11	68.2	solute carrier family 25 member 47 isoform X2 [Sturnira hondurensis]	192404
XP_036189517.1	XP_015994091	32.281	285	301	315	96	1.86e-23	102	mitochondrial 2-oxodicarboxylate carrier isoform X3 [Rousettus aegyptiacus]	9407
XP_036189517.1	XP_015994091	29.949	197	301	315	96	1.14e-11	69.7	mitochondrial 2-oxodicarboxylate carrier isoform X3 [Rousettus aegyptiacus]	9407
XP_036189517.1	XP_036208872	32.143	308	301	352	98	1.87e-23	103	mitochondrial 2-oxodicarboxylate carrier isoform X4 [Myotis myotis]	51298
XP_036189517.1	XP_053512040	27.586	290	301	458	95	1.87e-23	104	calcium-binding mitochondrial carrier protein SCaMC-1 isoform X2 [Artibeus jamaicensis]	9417
XP_036189517.1	XP_054445006	32.414	290	301	283	96	1.88e-23	102	mitochondrial 2-oxodicarboxylate carrier isoform X3 [Pteronotus mesoamericanus]	1884717
XP_036189517.1	XP_054445006	30.964	197	301	283	96	4.56e-13	73.2	mitochondrial 2-oxodicarboxylate carrier isoform X3 [Pteronotus mesoamericanus]	1884717
XP_036189517.1	XP_054444922	32.414	290	301	283	96	1.88e-23	102	mitochondrial 2-oxodicarboxylate carrier isoform X3 [Pteronotus mesoamericanus]	1884717
XP_036189517.1	XP_054444922	30.964	197	301	283	96	4.56e-13	73.2	mitochondrial 2-oxodicarboxylate carrier isoform X3 [Pteronotus mesoamericanus]	1884717
XP_036189517.1	XP_080533420	26.284	331	301	343	96	1.92e-23	103	mitochondrial glutathione transporter SLC25A39 isoform 3 [Plecotus auritus]	61862
XP_036189517.1	XP_066133882	33.212	274	301	269	96	1.94e-23	101	mitochondrial 2-oxodicarboxylate carrier isoform X3 [Saccopteryx bilineata]	59482
XP_036189517.1	XP_066133882	29.474	190	301	269	96	1.09e-11	69.3	mitochondrial 2-oxodicarboxylate carrier isoform X3 [Saccopteryx bilineata]	59482
XP_036189517.1	XP_066133881	33.212	274	301	269	96	1.94e-23	101	mitochondrial 2-oxodicarboxylate carrier isoform X3 [Saccopteryx bilineata]	59482
XP_036189517.1	XP_066133881	29.474	190	301	269	96	1.09e-11	69.3	mitochondrial 2-oxodicarboxylate carrier isoform X3 [Saccopteryx bilineata]	59482
XP_036189517.1	XP_066200592	32.975	279	301	269	96	2.02e-23	101	mitochondrial 2-oxodicarboxylate carrier isoform X2 [Saccopteryx leptura]	249018
XP_036189517.1	XP_066200592	29.474	190	301	269	96	1.01e-11	69.3	mitochondrial 2-oxodicarboxylate carrier isoform X2 [Saccopteryx leptura]	249018
XP_036189517.1	XP_066200591	32.975	279	301	269	96	2.02e-23	101	mitochondrial 2-oxodicarboxylate carrier isoform X2 [Saccopteryx leptura]	249018
XP_036189517.1	XP_066200591	29.474	190	301	269	96	1.01e-11	69.3	mitochondrial 2-oxodicarboxylate carrier isoform X2 [Saccopteryx leptura]	249018
XP_036189517.1	XP_079654628	26.549	339	301	351	96	2.26e-23	103	mitochondrial glutathione transporter SLC25A39 isoform 2 [Cnephaeus nilssonii]	3371016
XP_036189517.1	XP_028003916	28.881	277	301	309	86	2.38e-23	102	solute carrier family 25 member 48 isoform X6 [Eptesicus fuscus]	29078
XP_036189517.1	XP_028003916	31.844	179	301	309	86	4.65e-11	67.8	solute carrier family 25 member 48 isoform X6 [Eptesicus fuscus]	29078
XP_036189517.1	XP_006752754	33.333	282	301	269	96	2.54e-23	101	PREDICTED: mitochondrial 2-oxodicarboxylate carrier [Myotis davidii]	225400
XP_036189517.1	XP_006752754	30.457	197	301	269	96	7.78e-12	69.7	PREDICTED: mitochondrial 2-oxodicarboxylate carrier [Myotis davidii]	225400
XP_036189517.1	XP_045716942	28.328	293	301	315	97	2.55e-23	102	mitochondrial folate transporter/carrier [Phyllostomus hastatus]	9423
XP_036189517.1	XP_045716942	29.146	199	301	315	97	1.36e-14	78.2	mitochondrial folate transporter/carrier [Phyllostomus hastatus]	9423
XP_036189517.1	XP_045043918	33.574	277	301	269	96	2.56e-23	101	mitochondrial 2-oxodicarboxylate carrier isoform X3 [Desmodus rotundus]	9430
XP_036189517.1	XP_045043918	30.256	195	301	269	96	4.36e-12	70.5	mitochondrial 2-oxodicarboxylate carrier isoform X3 [Desmodus rotundus]	9430
XP_036189517.1	XP_039702626	28.490	351	301	360	96	2.65e-23	103	mitochondrial glutathione transporter SLC25A39 isoform X1 [Pteropus medius]	143291
XP_036189517.1	XP_039702625	28.490	351	301	360	96	2.65e-23	103	mitochondrial glutathione transporter SLC25A39 isoform X1 [Pteropus medius]	143291
XP_036189517.1	XP_039702624	28.490	351	301	360	96	2.65e-23	103	mitochondrial glutathione transporter SLC25A39 isoform X1 [Pteropus medius]	143291
XP_036189517.1	XP_039702623	28.490	351	301	360	96	2.65e-23	103	mitochondrial glutathione transporter SLC25A39 isoform X1 [Pteropus medius]	143291
XP_036189517.1	XP_036133161	28.620	297	301	377	97	2.69e-23	103	tricarboxylate transport protein, mitochondrial [Molossus molossus]	27622
XP_036189517.1	XP_036112670	33.007	306	301	294	98	2.75e-23	102	mitochondrial 2-oxodicarboxylate carrier isoform X4 [Molossus molossus]	27622
XP_036189517.1	XP_036112664	33.007	306	301	294	98	2.75e-23	102	mitochondrial 2-oxodicarboxylate carrier isoform X4 [Molossus molossus]	27622
XP_036189517.1	XP_036989291	28.328	293	301	315	97	2.88e-23	102	mitochondrial folate transporter/carrier [Artibeus jamaicensis]	9417
XP_036189517.1	XP_036989291	29.146	199	301	315	97	1.12e-14	78.2	mitochondrial folate transporter/carrier [Artibeus jamaicensis]	9417
XP_036189517.1	XP_070284340	33.333	282	301	269	96	2.99e-23	101	mitochondrial 2-oxodicarboxylate carrier isoform X2 [Myotis yumanensis]	159337
XP_036189517.1	XP_070284340	30.457	197	301	269	96	2.96e-12	70.9	mitochondrial 2-oxodicarboxylate carrier isoform X2 [Myotis yumanensis]	159337
XP_036189517.1	XP_036079182	27.217	327	301	337	96	3.13e-23	102	solute carrier family 25 member 39 isoform X6 [Rousettus aegyptiacus]	9407
XP_036189517.1	XP_080972101	25.664	339	301	351	96	3.18e-23	102	mitochondrial glutathione transporter SLC25A39 isoform 2 [Miniopterus schreibersii]	9433
XP_036189517.1	XP_080972097	25.664	339	301	351	96	3.18e-23	102	mitochondrial glutathione transporter SLC25A39 isoform 2 [Miniopterus schreibersii]	9433
XP_036189517.1	XP_066207967	27.742	310	301	311	95	3.24e-23	102	solute carrier family 25 member 36 [Saccopteryx leptura]	249018
XP_036189517.1	XP_045688006	26.861	309	301	311	95	3.31e-23	102	solute carrier family 25 member 36 [Phyllostomus hastatus]	9423
XP_036189517.1	XP_028373814	26.861	309	301	311	95	3.31e-23	102	solute carrier family 25 member 36 [Phyllostomus discolor]	89673
XP_036189517.1	XP_070283585	41.304	138	301	381	44	3.41e-23	103	solute carrier family 25 member 45 isoform X2 [Myotis yumanensis]	159337
XP_036189517.1	XP_037018071	25.513	341	301	351	96	3.45e-23	102	probable mitochondrial glutathione transporter SLC25A39 isoform X2 [Artibeus jamaicensis]	9417
XP_036189517.1	XP_028389640	28.328	293	301	315	97	3.53e-23	102	mitochondrial folate transporter/carrier [Phyllostomus discolor]	89673
XP_036189517.1	XP_028389640	29.146	199	301	315	97	1.75e-14	77.8	mitochondrial folate transporter/carrier [Phyllostomus discolor]	89673
XP_036189517.1	XP_036907600	26.861	309	301	311	95	3.86e-23	101	solute carrier family 25 member 36 [Sturnira hondurensis]	192404
XP_036189517.1	XP_024426101	27.586	290	301	477	96	3.91e-23	103	mitochondrial adenyl nucleotide antiporter SLC25A24 [Desmodus rotundus]	9430
XP_036189517.1	XP_024426101	24.000	200	301	477	96	2.62e-11	69.3	mitochondrial adenyl nucleotide antiporter SLC25A24 [Desmodus rotundus]	9430
XP_036189517.1	XP_015443555	27.976	336	301	345	96	3.93e-23	102	solute carrier family 25 member 39 isoform X3 [Pteropus alecto]	9402
XP_036189517.1	XP_081009458	29.434	265	301	308	93	3.98e-23	101	putative mitochondrial transporter UCP3 isoform 1 [Miniopterus schreibersii]	9433
XP_036189517.1	XP_081009458	28.571	189	301	308	93	7.59e-12	70.1	putative mitochondrial transporter UCP3 isoform 1 [Miniopterus schreibersii]	9433
XP_036189517.1	XP_081009457	29.434	265	301	308	93	3.98e-23	101	putative mitochondrial transporter UCP3 isoform 1 [Miniopterus schreibersii]	9433
XP_036189517.1	XP_081009457	28.571	189	301	308	93	7.59e-12	70.1	putative mitochondrial transporter UCP3 isoform 1 [Miniopterus schreibersii]	9433
XP_036189517.1	XP_081009456	29.434	265	301	308	93	3.98e-23	101	putative mitochondrial transporter UCP3 isoform 1 [Miniopterus schreibersii]	9433
XP_036189517.1	XP_081009456	28.571	189	301	308	93	7.59e-12	70.1	putative mitochondrial transporter UCP3 isoform 1 [Miniopterus schreibersii]	9433
XP_036189517.1	XP_045043910	33.451	284	301	304	96	4.04e-23	101	mitochondrial 2-oxodicarboxylate carrier isoform X1 [Desmodus rotundus]	9430
XP_036189517.1	XP_045043910	30.457	197	301	304	96	8.98e-12	69.7	mitochondrial 2-oxodicarboxylate carrier isoform X1 [Desmodus rotundus]	9430
XP_036189517.1	XP_053785109	33.451	284	301	304	96	4.04e-23	101	mitochondrial 2-oxodicarboxylate carrier isoform X1 [Desmodus rotundus]	9430
XP_036189517.1	XP_053785109	30.457	197	301	304	96	8.98e-12	69.7	mitochondrial 2-oxodicarboxylate carrier isoform X1 [Desmodus rotundus]	9430
XP_036189517.1	XP_036079181	27.134	328	301	338	96	4.05e-23	102	solute carrier family 25 member 39 isoform X5 [Rousettus aegyptiacus]	9407
XP_036189517.1	XP_036912328	31.615	291	301	263	95	4.06e-23	100	mitochondrial 2-oxodicarboxylate carrier isoform X3 [Sturnira hondurensis]	192404
XP_036189517.1	XP_006907251	26.861	309	301	311	95	4.54e-23	101	solute carrier family 25 member 36 [Pteropus alecto]	9402
XP_036189517.1	XP_079645493	27.431	288	301	308	94	4.64e-23	101	putative mitochondrial transporter UCP3 isoform 1 [Cnephaeus nilssonii]	3371016
XP_036189517.1	XP_079645493	28.042	189	301	308	94	3.97e-11	68.2	putative mitochondrial transporter UCP3 isoform 1 [Cnephaeus nilssonii]	3371016
XP_036189517.1	XP_019487717	27.336	289	301	315	97	5.04e-23	101	PREDICTED: mitochondrial folate transporter/carrier [Hipposideros armiger]	186990
XP_036189517.1	XP_019487717	30.151	199	301	315	97	8.28e-17	84.3	PREDICTED: mitochondrial folate transporter/carrier [Hipposideros armiger]	186990
XP_036189517.1	XP_019521217	25.937	347	301	351	97	5.32e-23	102	PREDICTED: solute carrier family 25 member 39 isoform X2 [Hipposideros armiger]	186990
XP_036189517.1	XP_016057577	25.664	339	301	379	96	5.33e-23	102	PREDICTED: solute carrier family 25 member 39 isoform X2 [Miniopterus natalensis]	291302
XP_036189517.1	XP_024412165	27.419	310	301	311	95	5.45e-23	101	solute carrier family 25 member 36 [Desmodus rotundus]	9430
XP_036189517.1	XP_053767448	25.513	341	301	351	96	5.60e-23	102	mitochondrial glutathione transporter SLC25A39 isoform X4 [Desmodus rotundus]	9430
XP_036189517.1	XP_036112679	33.684	285	301	282	96	5.69e-23	100	mitochondrial 2-oxodicarboxylate carrier isoform X5 [Molossus molossus]	27622
XP_036189517.1	XP_036112679	29.949	197	301	282	96	2.39e-11	68.6	mitochondrial 2-oxodicarboxylate carrier isoform X5 [Molossus molossus]	27622
XP_036189517.1	XP_036112674	33.684	285	301	282	96	5.69e-23	100	mitochondrial 2-oxodicarboxylate carrier isoform X5 [Molossus molossus]	27622
XP_036189517.1	XP_036112674	29.949	197	301	282	96	2.39e-11	68.6	mitochondrial 2-oxodicarboxylate carrier isoform X5 [Molossus molossus]	27622
XP_036189517.1	XP_080972099	25.664	339	301	379	96	5.77e-23	102	mitochondrial glutathione transporter SLC25A39 isoform 4 [Miniopterus schreibersii]	9433
XP_036189517.1	XP_028375773	25.806	341	301	351	96	6.19e-23	102	solute carrier family 25 member 39 isoform X2 [Phyllostomus discolor]	89673
XP_036189517.1	XP_054424395	29.474	285	301	342	90	6.62e-23	101	solute carrier family 25 member 48 isoform X3 [Pteronotus mesoamericanus]	1884717
XP_036189517.1	XP_054424395	28.814	177	301	342	90	3.08e-11	68.6	solute carrier family 25 member 48 isoform X3 [Pteronotus mesoamericanus]	1884717
XP_036189517.1	XP_036112659	33.451	284	301	300	96	6.97e-23	100	mitochondrial 2-oxodicarboxylate carrier isoform X3 [Molossus molossus]	27622
XP_036189517.1	XP_036112659	29.949	197	301	300	96	2.09e-11	68.6	mitochondrial 2-oxodicarboxylate carrier isoform X3 [Molossus molossus]	27622
XP_036189517.1	XP_045437026	32.095	296	301	323	87	7.14e-23	101	mitochondrial glutamate carrier 1 [Pipistrellus kuhlii]	59472
XP_036189517.1	XP_045437025	32.095	296	301	323	87	7.14e-23	101	mitochondrial glutamate carrier 1 [Pipistrellus kuhlii]	59472
XP_036189517.1	XP_036292117	32.095	296	301	323	87	7.14e-23	101	mitochondrial glutamate carrier 1 [Pipistrellus kuhlii]	59472
XP_036189517.1	XP_045673110	27.931	290	301	477	95	7.22e-23	103	calcium-binding mitochondrial carrier protein SCaMC-1 [Phyllostomus hastatus]	9423
XP_036189517.1	XP_080893995	27.645	293	301	321	97	7.29e-23	101	tricarboxylate transport protein, mitochondrial [Rhinolophus hipposideros]	77218
XP_036189517.1	XP_032947667	25.364	343	301	351	96	7.49e-23	101	probable mitochondrial glutathione transporter SLC25A39 isoform X2 [Rhinolophus ferrumequinum]	59479
XP_036189517.1	XP_080882736	27.931	290	301	387	95	8.11e-23	102	mitochondrial adenyl nucleotide antiporter SLC25A24 isoform 2 [Rhinolophus hipposideros]	77218
XP_036189517.1	XP_036114516	29.008	262	301	303	86	8.20e-23	100	mitochondrial uncoupling protein 3 [Molossus molossus]	27622
XP_036189517.1	XP_036114515	29.008	262	301	303	86	8.20e-23	100	mitochondrial uncoupling protein 3 [Molossus molossus]	27622
XP_036189517.1	XP_016016934	28.378	296	301	311	95	8.27e-23	100	mitochondrial uncoupling protein 3 isoform X1 [Rousettus aegyptiacus]	9407
XP_036189517.1	XP_016016934	28.804	184	301	311	95	7.14e-12	70.1	mitochondrial uncoupling protein 3 isoform X1 [Rousettus aegyptiacus]	9407
XP_036189517.1	XP_036112728	33.574	277	301	269	96	8.44e-23	100	mitochondrial 2-oxodicarboxylate carrier isoform X6 [Molossus molossus]	27622
XP_036189517.1	XP_036112728	29.949	197	301	269	96	1.56e-11	68.6	mitochondrial 2-oxodicarboxylate carrier isoform X6 [Molossus molossus]	27622
XP_036189517.1	XP_036112723	33.574	277	301	269	96	8.44e-23	100	mitochondrial 2-oxodicarboxylate carrier isoform X6 [Molossus molossus]	27622
XP_036189517.1	XP_036112723	29.949	197	301	269	96	1.56e-11	68.6	mitochondrial 2-oxodicarboxylate carrier isoform X6 [Molossus molossus]	27622
XP_036189517.1	XP_036112717	33.574	277	301	269	96	8.44e-23	100	mitochondrial 2-oxodicarboxylate carrier isoform X6 [Molossus molossus]	27622
XP_036189517.1	XP_036112717	29.949	197	301	269	96	1.56e-11	68.6	mitochondrial 2-oxodicarboxylate carrier isoform X6 [Molossus molossus]	27622
XP_036189517.1	XP_036112712	33.574	277	301	269	96	8.44e-23	100	mitochondrial 2-oxodicarboxylate carrier isoform X6 [Molossus molossus]	27622
XP_036189517.1	XP_036112712	29.949	197	301	269	96	1.56e-11	68.6	mitochondrial 2-oxodicarboxylate carrier isoform X6 [Molossus molossus]	27622
XP_036189517.1	XP_036112705	33.574	277	301	269	96	8.44e-23	100	mitochondrial 2-oxodicarboxylate carrier isoform X6 [Molossus molossus]	27622
XP_036189517.1	XP_036112705	29.949	197	301	269	96	1.56e-11	68.6	mitochondrial 2-oxodicarboxylate carrier isoform X6 [Molossus molossus]	27622
XP_036189517.1	XP_036112701	33.574	277	301	269	96	8.44e-23	100	mitochondrial 2-oxodicarboxylate carrier isoform X6 [Molossus molossus]	27622
XP_036189517.1	XP_036112701	29.949	197	301	269	96	1.56e-11	68.6	mitochondrial 2-oxodicarboxylate carrier isoform X6 [Molossus molossus]	27622
XP_036189517.1	XP_036112700	33.574	277	301	269	96	8.44e-23	100	mitochondrial 2-oxodicarboxylate carrier isoform X6 [Molossus molossus]	27622
XP_036189517.1	XP_036112700	29.949	197	301	269	96	1.56e-11	68.6	mitochondrial 2-oxodicarboxylate carrier isoform X6 [Molossus molossus]	27622
XP_036189517.1	XP_036112693	33.574	277	301	269	96	8.44e-23	100	mitochondrial 2-oxodicarboxylate carrier isoform X6 [Molossus molossus]	27622
XP_036189517.1	XP_036112693	29.949	197	301	269	96	1.56e-11	68.6	mitochondrial 2-oxodicarboxylate carrier isoform X6 [Molossus molossus]	27622
XP_036189517.1	XP_036112690	33.574	277	301	269	96	8.44e-23	100	mitochondrial 2-oxodicarboxylate carrier isoform X6 [Molossus molossus]	27622
XP_036189517.1	XP_036112690	29.949	197	301	269	96	1.56e-11	68.6	mitochondrial 2-oxodicarboxylate carrier isoform X6 [Molossus molossus]	27622
XP_036189517.1	XP_036112686	33.574	277	301	269	96	8.44e-23	100	mitochondrial 2-oxodicarboxylate carrier isoform X6 [Molossus molossus]	27622
XP_036189517.1	XP_036112686	29.949	197	301	269	96	1.56e-11	68.6	mitochondrial 2-oxodicarboxylate carrier isoform X6 [Molossus molossus]	27622
XP_036189517.1	XP_036112683	33.574	277	301	269	96	8.44e-23	100	mitochondrial 2-oxodicarboxylate carrier isoform X6 [Molossus molossus]	27622
XP_036189517.1	XP_036112683	29.949	197	301	269	96	1.56e-11	68.6	mitochondrial 2-oxodicarboxylate carrier isoform X6 [Molossus molossus]	27622
XP_036189517.1	XP_036112681	33.574	277	301	269	96	8.44e-23	100	mitochondrial 2-oxodicarboxylate carrier isoform X6 [Molossus molossus]	27622
XP_036189517.1	XP_036112681	29.949	197	301	269	96	1.56e-11	68.6	mitochondrial 2-oxodicarboxylate carrier isoform X6 [Molossus molossus]	27622
XP_036189517.1	XP_005863901	24.784	347	301	359	96	8.49e-23	101	PREDICTED: solute carrier family 25 member 39 isoform X1 [Myotis brandtii]	109478
XP_036189517.1	XP_036287177	27.097	310	301	311	95	9.34e-23	100	solute carrier family 25 member 36 isoform X1 [Pipistrellus kuhlii]	59472
XP_036189517.1	XP_028012909	25.959	339	301	351	96	9.54e-23	101	probable mitochondrial glutathione transporter SLC25A39 isoform X2 [Eptesicus fuscus]	29078
XP_036189517.1	XP_081011257	32.847	274	301	283	89	9.97e-23	100	mitochondrial 2-oxodicarboxylate carrier isoform 3 [Miniopterus schreibersii]	9433
XP_036189517.1	XP_036279855	28.520	277	301	307	86	1.00e-22	100	solute carrier family 25 member 48 isoform X2 [Pipistrellus kuhlii]	59472
XP_036189517.1	XP_036279855	32.402	179	301	307	86	9.83e-12	69.7	solute carrier family 25 member 48 isoform X2 [Pipistrellus kuhlii]	59472
XP_036189517.1	XP_036995295	26.537	309	301	311	95	1.17e-22	100	solute carrier family 25 member 36 [Artibeus jamaicensis]	9417
XP_036189517.1	XP_045692579	25.501	349	301	359	96	1.17e-22	101	solute carrier family 25 member 39 isoform X1 [Phyllostomus hastatus]	9423
XP_036189517.1	XP_028371385	28.767	292	301	311	94	1.18e-22	100	mitochondrial uncoupling protein 3 isoform X4 [Phyllostomus discolor]	89673
XP_036189517.1	XP_028371385	28.804	184	301	311	94	3.94e-11	68.2	mitochondrial uncoupling protein 3 isoform X4 [Phyllostomus discolor]	89673
XP_036189517.1	XP_005865037	32.759	290	301	387	96	1.23e-22	101	PREDICTED: mitochondrial 2-oxodicarboxylate carrier isoform X1 [Myotis brandtii]	109478
XP_036189517.1	XP_005865037	30.256	195	301	387	96	1.19e-11	70.1	PREDICTED: mitochondrial 2-oxodicarboxylate carrier isoform X1 [Myotis brandtii]	109478
XP_036189517.1	XP_054571627	32.404	287	301	286	96	1.44e-22	99.8	mitochondrial 2-oxodicarboxylate carrier [Eptesicus fuscus]	29078
XP_036189517.1	XP_054571627	30.000	190	301	286	96	5.11e-12	70.5	mitochondrial 2-oxodicarboxylate carrier [Eptesicus fuscus]	29078
XP_036189517.1	XP_045673774	28.767	292	301	311	94	1.55e-22	100	mitochondrial uncoupling protein 3 [Phyllostomus hastatus]	9423
XP_036189517.1	XP_045673774	28.804	184	301	311	94	4.05e-11	68.2	mitochondrial uncoupling protein 3 [Phyllostomus hastatus]	9423
XP_036189517.1	XP_054420678	27.931	290	301	477	95	1.59e-22	102	mitochondrial adenyl nucleotide antiporter SLC25A24 [Pteronotus mesoamericanus]	1884717
XP_036189517.1	XP_024900529	32.948	173	301	236	56	1.61e-22	98.6	mitochondrial ornithine transporter 1 isoform X3 [Pteropus alecto]	9402
XP_036189517.1	XP_019607863	25.212	353	301	359	96	1.61e-22	100	mitochondrial glutathione transporter SLC25A39 isoform X1 [Rhinolophus sinicus]	89399
XP_036189517.1	XP_019607862	25.212	353	301	359	96	1.61e-22	100	mitochondrial glutathione transporter SLC25A39 isoform X1 [Rhinolophus sinicus]	89399
XP_036189517.1	XP_036306819	25.074	339	301	351	96	1.71e-22	100	solute carrier family 25 member 39 isoform X2 [Pipistrellus kuhlii]	59472
XP_036189517.1	XP_036123862	25.360	347	301	359	96	1.71e-22	100	solute carrier family 25 member 39 isoform X1 [Molossus molossus]	27622
XP_036189517.1	XP_081011255	32.616	279	301	303	89	1.87e-22	99.8	mitochondrial 2-oxodicarboxylate carrier isoform 1 [Miniopterus schreibersii]	9433
XP_036189517.1	XP_006092330	24.784	347	301	359	96	1.91e-22	100	solute carrier family 25 member 39 isoform X1 [Myotis lucifugus]	59463
XP_036189517.1	XP_080882735	27.931	290	301	477	95	1.94e-22	102	mitochondrial adenyl nucleotide antiporter SLC25A24 isoform 1 [Rhinolophus hipposideros]	77218
XP_036189517.1	XP_080533419	25.074	339	301	351	96	1.99e-22	100	mitochondrial glutathione transporter SLC25A39 isoform 2 [Plecotus auritus]	61862
XP_036189517.1	XP_080533418	25.074	339	301	351	96	1.99e-22	100	mitochondrial glutathione transporter SLC25A39 isoform 2 [Plecotus auritus]	61862
XP_036189517.1	XP_036196497	25.294	340	301	351	96	2.05e-22	100	solute carrier family 25 member 39 isoform X2 [Myotis myotis]	51298
XP_036189517.1	XP_032981976	27.336	289	301	315	97	2.20e-22	99.8	LOW QUALITY PROTEIN: mitochondrial folate transporter/carrier [Rhinolophus ferrumequinum]	59479
XP_036189517.1	XP_032981976	30.151	199	301	315	97	6.20e-16	82.0	LOW QUALITY PROTEIN: mitochondrial folate transporter/carrier [Rhinolophus ferrumequinum]	59479
XP_036189517.1	XP_059526368	25.220	341	301	351	96	2.20e-22	100	probable mitochondrial glutathione transporter SLC25A39 isoform X2 [Myotis daubentonii]	98922
XP_036189517.1	XP_066224157	28.679	265	301	308	86	2.29e-22	99.8	putative mitochondrial transporter UCP3 [Saccopteryx leptura]	249018
XP_036189517.1	XP_066106414	28.679	265	301	308	86	2.29e-22	99.8	putative mitochondrial transporter UCP3 [Saccopteryx bilineata]	59482
XP_036189517.1	XP_080885702	25.656	343	301	351	96	2.33e-22	100	mitochondrial glutathione transporter SLC25A39 isoform 3 [Rhinolophus hipposideros]	77218
XP_036189517.1	XP_019599976	29.630	270	301	311	92	2.40e-22	99.8	putative mitochondrial transporter UCP3 [Rhinolophus sinicus]	89399
XP_036189517.1	XP_019599976	28.649	185	301	311	92	1.81e-11	68.9	putative mitochondrial transporter UCP3 [Rhinolophus sinicus]	89399
XP_036189517.1	XP_079654627	26.012	346	301	358	96	2.60e-22	100	mitochondrial glutathione transporter SLC25A39 isoform 1 [Cnephaeus nilssonii]	3371016
XP_036189517.1	XP_074193075	31.419	296	301	322	87	2.73e-22	99.8	mitochondrial glutamate carrier 1 [Rhinolophus sinicus]	89399
XP_036189517.1	XP_074193074	31.419	296	301	322	87	2.73e-22	99.8	mitochondrial glutamate carrier 1 [Rhinolophus sinicus]	89399
XP_036189517.1	XP_019570353	31.419	296	301	322	87	2.73e-22	99.8	mitochondrial glutamate carrier 1 [Rhinolophus sinicus]	89399
XP_036189517.1	XP_074193073	31.419	296	301	322	87	2.73e-22	99.8	mitochondrial glutamate carrier 1 [Rhinolophus sinicus]	89399
XP_036189517.1	XP_019570352	31.419	296	301	322	87	2.73e-22	99.8	mitochondrial glutamate carrier 1 [Rhinolophus sinicus]	89399
XP_036189517.1	XP_019570348	31.419	296	301	322	87	2.73e-22	99.8	mitochondrial glutamate carrier 1 [Rhinolophus sinicus]	89399
XP_036189517.1	XP_019570349	31.419	296	301	322	87	2.73e-22	99.8	mitochondrial glutamate carrier 1 [Rhinolophus sinicus]	89399
XP_036189517.1	XP_080966062	25.294	340	301	351	96	2.74e-22	100	mitochondrial glutathione transporter SLC25A39 isoform 2 [Myotis nattereri]	109481
XP_036189517.1	XP_080966061	25.294	340	301	351	96	2.74e-22	100	mitochondrial glutathione transporter SLC25A39 isoform 2 [Myotis nattereri]	109481
XP_036189517.1	XP_054578914	25.141	354	301	358	98	2.88e-22	100	probable mitochondrial glutathione transporter SLC25A39 isoform X1 [Eptesicus fuscus]	29078
XP_036189517.1	XP_035884715	28.767	292	301	364	94	2.98e-22	100	mitochondrial uncoupling protein 3 isoform X3 [Phyllostomus discolor]	89673
XP_036189517.1	XP_035884715	28.804	184	301	364	94	3.12e-11	68.6	mitochondrial uncoupling protein 3 isoform X3 [Phyllostomus discolor]	89673
XP_036189517.1	XP_070250133	25.000	348	301	359	96	3.16e-22	100	mitochondrial glutathione transporter SLC25A39 isoform X1 [Myotis yumanensis]	159337
XP_036189517.1	XP_016063955	29.057	265	301	308	93	3.27e-22	99.4	PREDICTED: mitochondrial uncoupling protein 3 [Miniopterus natalensis]	291302
XP_036189517.1	XP_016063955	28.042	189	301	308	93	5.07e-11	67.8	PREDICTED: mitochondrial uncoupling protein 3 [Miniopterus natalensis]	291302
XP_036189517.1	XP_036099048	30.147	272	301	674	94	3.41e-22	102	LOW QUALITY PROTEIN: calcium-binding mitochondrial carrier protein Aralar2-like [Molossus molossus]	27622
XP_036189517.1	XP_036099048	29.891	184	301	674	94	3.27e-14	78.2	LOW QUALITY PROTEIN: calcium-binding mitochondrial carrier protein Aralar2-like [Molossus molossus]	27622
XP_036189517.1	XP_019484354	27.241	290	301	477	95	3.69e-22	101	PREDICTED: calcium-binding mitochondrial carrier protein SCaMC-1 [Hipposideros armiger]	186990
XP_036189517.1	XP_054432235	29.412	272	301	277	87	3.90e-22	98.2	putative mitochondrial transporter UCP3 isoform X2 [Pteronotus mesoamericanus]	1884717
XP_036189517.1	XP_066108528	30.584	291	301	323	87	3.91e-22	99.4	mitochondrial glutamate carrier 1 [Saccopteryx bilineata]	59482
XP_036189517.1	XP_066108527	30.584	291	301	323	87	3.91e-22	99.4	mitochondrial glutamate carrier 1 [Saccopteryx bilineata]	59482
XP_036189517.1	XP_036180896	27.835	291	301	311	94	3.95e-22	99.0	mitochondrial uncoupling protein 3 isoform X1 [Myotis myotis]	51298
XP_036189517.1	XP_045681407	31.250	224	301	339	67	4.06e-22	99.4	solute carrier family 25 member 48 isoform X2 [Phyllostomus hastatus]	9423
XP_036189517.1	XP_045681398	31.250	224	301	339	67	4.06e-22	99.4	solute carrier family 25 member 48 isoform X2 [Phyllostomus hastatus]	9423
XP_036189517.1	XP_045681388	31.250	224	301	339	67	4.06e-22	99.4	solute carrier family 25 member 48 isoform X2 [Phyllostomus hastatus]	9423
XP_036189517.1	XP_036294214	27.575	301	301	332	95	4.11e-22	99.4	graves disease carrier protein isoform X1 [Pipistrellus kuhlii]	59472
XP_036189517.1	XP_019486664	31.419	296	301	323	87	4.33e-22	99.0	PREDICTED: mitochondrial glutamate carrier 1 [Hipposideros armiger]	186990
XP_036189517.1	XP_019486663	31.419	296	301	323	87	4.33e-22	99.0	PREDICTED: mitochondrial glutamate carrier 1 [Hipposideros armiger]	186990
XP_036189517.1	XP_035884714	28.767	292	301	373	94	4.99e-22	99.8	mitochondrial uncoupling protein 3 isoform X2 [Phyllostomus discolor]	89673
XP_036189517.1	XP_035884714	28.804	184	301	373	94	3.59e-11	68.6	mitochondrial uncoupling protein 3 isoform X2 [Phyllostomus discolor]	89673
XP_036189517.1	XP_080972100	25.072	347	301	359	96	5.21e-22	99.4	mitochondrial glutathione transporter SLC25A39 isoform 5 [Miniopterus schreibersii]	9433
XP_036189517.1	XP_066227431	30.584	291	301	323	87	5.29e-22	99.0	mitochondrial glutamate carrier 1 [Saccopteryx leptura]	249018
XP_036189517.1	XP_066227344	30.584	291	301	323	87	5.29e-22	99.0	mitochondrial glutamate carrier 1 [Saccopteryx leptura]	249018
XP_036189517.1	XP_037018069	24.928	349	301	359	96	5.76e-22	99.4	probable mitochondrial glutathione transporter SLC25A39 isoform X1 [Artibeus jamaicensis]	9417
XP_036189517.1	XP_019501570	28.383	303	301	335	92	6.10e-22	99.0	PREDICTED: solute carrier family 25 member 36 isoform X1 [Hipposideros armiger]	186990
XP_036189517.1	XP_019504886	29.259	270	301	311	92	6.36e-22	98.6	PREDICTED: mitochondrial uncoupling protein 3 isoform X1 [Hipposideros armiger]	186990
XP_036189517.1	XP_019504886	28.108	185	301	311	92	4.85e-11	67.8	PREDICTED: mitochondrial uncoupling protein 3 isoform X1 [Hipposideros armiger]	186990
XP_036189517.1	XP_074184269	32.069	290	301	296	94	6.57e-22	98.2	mitochondrial 2-oxodicarboxylate carrier isoform X2 [Rhinolophus sinicus]	89399
XP_036189517.1	XP_074184269	30.220	182	301	296	94	4.81e-12	70.5	mitochondrial 2-oxodicarboxylate carrier isoform X2 [Rhinolophus sinicus]	89399
XP_036189517.1	XP_035884713	28.767	292	301	375	94	6.94e-22	99.4	mitochondrial uncoupling protein 3 isoform X1 [Phyllostomus discolor]	89673
XP_036189517.1	XP_035884713	28.804	184	301	375	94	2.94e-11	68.9	mitochondrial uncoupling protein 3 isoform X1 [Phyllostomus discolor]	89673
XP_036189517.1	XP_011355711	30.472	233	301	268	77	7.42e-22	97.4	solute carrier family 25 member 38 [Pteropus vampyrus]	132908
XP_036189517.1	XP_019521216	25.070	355	301	359	97	7.85e-22	99.0	PREDICTED: solute carrier family 25 member 39 isoform X1 [Hipposideros armiger]	186990
XP_036189517.1	XP_019521214	25.070	355	301	359	97	7.85e-22	99.0	PREDICTED: solute carrier family 25 member 39 isoform X1 [Hipposideros armiger]	186990
XP_036189517.1	XP_016015293	26.897	290	301	477	95	8.24e-22	100	calcium-binding mitochondrial carrier protein SCaMC-1 isoform X2 [Rousettus aegyptiacus]	9407
XP_036189517.1	XP_036923560	25.143	350	301	359	96	8.33e-22	99.0	mitochondrial glutathione transporter SLC25A39 isoform X2 [Sturnira hondurensis]	192404
XP_036189517.1	XP_036923553	25.143	350	301	359	96	8.33e-22	99.0	mitochondrial glutathione transporter SLC25A39 isoform X1 [Sturnira hondurensis]	192404
XP_036189517.1	XP_053767446	24.928	349	301	359	96	9.39e-22	99.0	mitochondrial glutathione transporter SLC25A39 isoform X2 [Desmodus rotundus]	9430
XP_036189517.1	XP_016057576	25.072	347	301	387	96	9.93e-22	99.0	PREDICTED: solute carrier family 25 member 39 isoform X1 [Miniopterus natalensis]	291302
XP_036189517.1	XP_028375771	25.215	349	301	359	96	1.04e-21	98.6	solute carrier family 25 member 39 isoform X1 [Phyllostomus discolor]	89673
XP_036189517.1	XP_080919416	31.419	296	301	322	87	1.05e-21	98.2	mitochondrial glutamate carrier 1 isoform 1 [Rhinolophus hipposideros]	77218
XP_036189517.1	XP_080919415	31.419	296	301	322	87	1.05e-21	98.2	mitochondrial glutamate carrier 1 isoform 1 [Rhinolophus hipposideros]	77218
XP_036189517.1	XP_080919414	31.419	296	301	322	87	1.05e-21	98.2	mitochondrial glutamate carrier 1 isoform 1 [Rhinolophus hipposideros]	77218
XP_036189517.1	XP_080919413	31.419	296	301	322	87	1.05e-21	98.2	mitochondrial glutamate carrier 1 isoform 1 [Rhinolophus hipposideros]	77218
XP_036189517.1	XP_080919412	31.419	296	301	322	87	1.05e-21	98.2	mitochondrial glutamate carrier 1 isoform 1 [Rhinolophus hipposideros]	77218
XP_036189517.1	XP_080919411	31.419	296	301	322	87	1.05e-21	98.2	mitochondrial glutamate carrier 1 isoform 1 [Rhinolophus hipposideros]	77218
XP_036189517.1	XP_080919410	31.419	296	301	322	87	1.05e-21	98.2	mitochondrial glutamate carrier 1 isoform 1 [Rhinolophus hipposideros]	77218
XP_036189517.1	XP_080919409	31.419	296	301	322	87	1.05e-21	98.2	mitochondrial glutamate carrier 1 isoform 1 [Rhinolophus hipposideros]	77218
XP_036189517.1	XP_080919407	31.419	296	301	322	87	1.05e-21	98.2	mitochondrial glutamate carrier 1 isoform 1 [Rhinolophus hipposideros]	77218
XP_036189517.1	XP_032947666	24.786	351	301	359	96	1.05e-21	98.6	probable mitochondrial glutathione transporter SLC25A39 isoform X1 [Rhinolophus ferrumequinum]	59479
XP_036189517.1	XP_016075098	31.544	298	301	323	87	1.06e-21	98.2	PREDICTED: mitochondrial glutamate carrier 1 [Miniopterus natalensis]	291302
XP_036189517.1	XP_081010470	31.544	298	301	323	87	1.06e-21	98.2	mitochondrial glutamate carrier 1 isoform 1 [Miniopterus schreibersii]	9433
XP_036189517.1	XP_081010469	31.544	298	301	323	87	1.06e-21	98.2	mitochondrial glutamate carrier 1 isoform 1 [Miniopterus schreibersii]	9433
XP_036189517.1	XP_081010468	31.544	298	301	323	87	1.06e-21	98.2	mitochondrial glutamate carrier 1 isoform 1 [Miniopterus schreibersii]	9433
XP_036189517.1	XP_081010467	31.544	298	301	323	87	1.06e-21	98.2	mitochondrial glutamate carrier 1 isoform 1 [Miniopterus schreibersii]	9433
XP_036189517.1	XP_081010466	31.544	298	301	323	87	1.06e-21	98.2	mitochondrial glutamate carrier 1 isoform 1 [Miniopterus schreibersii]	9433
XP_036189517.1	XP_081010465	31.544	298	301	323	87	1.06e-21	98.2	mitochondrial glutamate carrier 1 isoform 1 [Miniopterus schreibersii]	9433
XP_036189517.1	XP_081010464	31.544	298	301	323	87	1.06e-21	98.2	mitochondrial glutamate carrier 1 isoform 1 [Miniopterus schreibersii]	9433
XP_036189517.1	XP_081010463	31.544	298	301	323	87	1.06e-21	98.2	mitochondrial glutamate carrier 1 isoform 1 [Miniopterus schreibersii]	9433
XP_036189517.1	XP_081010478	31.544	298	301	323	87	1.06e-21	98.2	mitochondrial glutamate carrier 1 isoform 1 [Miniopterus schreibersii]	9433
XP_036189517.1	XP_081010477	31.544	298	301	323	87	1.06e-21	98.2	mitochondrial glutamate carrier 1 isoform 1 [Miniopterus schreibersii]	9433
XP_036189517.1	XP_081010476	31.544	298	301	323	87	1.06e-21	98.2	mitochondrial glutamate carrier 1 isoform 1 [Miniopterus schreibersii]	9433
XP_036189517.1	XP_081010475	31.544	298	301	323	87	1.06e-21	98.2	mitochondrial glutamate carrier 1 isoform 1 [Miniopterus schreibersii]	9433
XP_036189517.1	XP_081010474	31.544	298	301	323	87	1.06e-21	98.2	mitochondrial glutamate carrier 1 isoform 1 [Miniopterus schreibersii]	9433
XP_036189517.1	XP_081010473	31.544	298	301	323	87	1.06e-21	98.2	mitochondrial glutamate carrier 1 isoform 1 [Miniopterus schreibersii]	9433
XP_036189517.1	XP_081010472	31.544	298	301	323	87	1.06e-21	98.2	mitochondrial glutamate carrier 1 isoform 1 [Miniopterus schreibersii]	9433
XP_036189517.1	XP_081010471	31.544	298	301	323	87	1.06e-21	98.2	mitochondrial glutamate carrier 1 isoform 1 [Miniopterus schreibersii]	9433
XP_036189517.1	XP_081010462	31.544	298	301	323	87	1.06e-21	98.2	mitochondrial glutamate carrier 1 isoform 1 [Miniopterus schreibersii]	9433
XP_036189517.1	XP_054580867	27.491	291	301	311	94	1.07e-21	97.8	mitochondrial uncoupling protein 3 [Eptesicus fuscus]	29078
XP_036189517.1	XP_054580867	28.042	189	301	311	94	4.25e-11	67.8	mitochondrial uncoupling protein 3 [Eptesicus fuscus]	29078
XP_036189517.1	XP_054580866	27.491	291	301	311	94	1.07e-21	97.8	mitochondrial uncoupling protein 3 [Eptesicus fuscus]	29078
XP_036189517.1	XP_054580866	28.042	189	301	311	94	4.25e-11	67.8	mitochondrial uncoupling protein 3 [Eptesicus fuscus]	29078
XP_036189517.1	XP_006910186	27.114	343	301	352	96	1.07e-21	98.6	solute carrier family 25 member 39 isoform X2 [Pteropus alecto]	9402
XP_036189517.1	XP_006910185	27.114	343	301	352	96	1.07e-21	98.6	solute carrier family 25 member 39 isoform X2 [Pteropus alecto]	9402
XP_036189517.1	XP_016015294	26.897	290	301	458	95	1.09e-21	99.8	calcium-binding mitochondrial carrier protein SCaMC-1 isoform X1 [Rousettus aegyptiacus]	9407
XP_036189517.1	XP_080972098	25.072	347	301	387	96	1.11e-21	99.0	mitochondrial glutathione transporter SLC25A39 isoform 3 [Miniopterus schreibersii]	9433
XP_036189517.1	XP_080972096	25.072	347	301	400	96	1.21e-21	99.0	mitochondrial glutathione transporter SLC25A39 isoform 1 [Miniopterus schreibersii]	9433
XP_036189517.1	XP_016053871	27.243	301	301	329	95	1.24e-21	97.8	PREDICTED: graves disease carrier protein [Miniopterus natalensis]	291302
XP_036189517.1	XP_081014512	27.243	301	301	329	95	1.24e-21	97.8	solute carrier family 25 member 16 isoform 1 [Miniopterus schreibersii]	9433
XP_036189517.1	XP_036129202	26.552	290	301	477	95	1.25e-21	99.8	calcium-binding mitochondrial carrier protein SCaMC-1 [Molossus molossus]	27622
XP_036189517.1	XP_008147483	25.434	346	301	358	96	1.25e-21	98.6	probable mitochondrial glutathione transporter SLC25A39 isoform X1 [Eptesicus fuscus]	29078
XP_036189517.1	XP_036094624	32.584	267	301	337	86	1.29e-21	98.2	mitochondrial 2-oxodicarboxylate carrier isoform X1 [Rousettus aegyptiacus]	9407
XP_036189517.1	XP_036074739	26.537	309	301	321	95	1.30e-21	97.8	solute carrier family 25 member 36 isoform X1 [Rousettus aegyptiacus]	9407
XP_036189517.1	XP_039693311	30.472	233	301	305	77	1.59e-21	97.4	mitochondrial glycine transporter isoform X1 [Pteropus medius]	143291
XP_036189517.1	XP_066205075	27.243	301	301	331	95	1.71e-21	97.8	solute carrier family 25 member 16 isoform X1 [Saccopteryx leptura]	249018
XP_036189517.1	XP_024898700	27.148	291	301	311	94	1.71e-21	97.4	mitochondrial uncoupling protein 3 [Pteropus alecto]	9402
XP_036189517.1	XP_024898700	28.804	184	301	311	94	4.87e-12	70.9	mitochondrial uncoupling protein 3 [Pteropus alecto]	9402
XP_036189517.1	XP_036306818	24.566	346	301	358	96	1.83e-21	97.8	solute carrier family 25 member 39 isoform X1 [Pipistrellus kuhlii]	59472
XP_036189517.1	XP_019602075	26.897	290	301	477	95	1.84e-21	99.4	mitochondrial adenyl nucleotide antiporter SLC25A24 [Rhinolophus sinicus]	89399
XP_036189517.1	XP_032948932	27.402	281	301	477	92	1.91e-21	99.0	calcium-binding mitochondrial carrier protein SCaMC-1 [Rhinolophus ferrumequinum]	59479
XP_036189517.1	XP_036886429	29.310	232	301	287	77	1.95e-21	96.7	mitochondrial glycine transporter isoform X3 [Sturnira hondurensis]	192404
XP_036189517.1	XP_006777995	27.491	291	301	311	94	1.99e-21	97.1	PREDICTED: mitochondrial uncoupling protein 3 [Myotis davidii]	225400
XP_036189517.1	XP_036886427	29.289	239	301	335	79	2.12e-21	97.4	mitochondrial glycine transporter isoform X1 [Sturnira hondurensis]	192404
XP_036189517.1	XP_036282715	27.148	291	301	372	94	2.15e-21	97.8	mitochondrial uncoupling protein 3 [Pipistrellus kuhlii]	59472
XP_036189517.1	XP_036886428	29.310	232	301	304	77	2.26e-21	96.7	mitochondrial glycine transporter isoform X2 [Sturnira hondurensis]	192404
XP_036189517.1	XP_015995215	26.023	342	301	352	96	2.37e-21	97.4	solute carrier family 25 member 39 isoform X4 [Rousettus aegyptiacus]	9407
XP_036189517.1	XP_080533417	24.566	346	301	358	96	2.52e-21	97.4	mitochondrial glutathione transporter SLC25A39 isoform 1 [Plecotus auritus]	61862
XP_036189517.1	XP_080533416	24.566	346	301	358	96	2.52e-21	97.4	mitochondrial glutathione transporter SLC25A39 isoform 1 [Plecotus auritus]	61862
XP_036189517.1	XP_054451104	29.614	233	301	304	77	2.58e-21	96.7	mitochondrial glycine transporter [Pteronotus mesoamericanus]	1884717
XP_036189517.1	XP_054428681	26.910	301	301	331	95	2.58e-21	97.1	solute carrier family 25 member 16 isoform X1 [Pteronotus mesoamericanus]	1884717
XP_036189517.1	XP_080954845	27.491	291	301	311	94	2.62e-21	96.7	putative mitochondrial transporter UCP3 isoform 1 [Myotis nattereri]	109481
XP_036189517.1	XP_080954844	27.491	291	301	311	94	2.62e-21	96.7	putative mitochondrial transporter UCP3 isoform 1 [Myotis nattereri]	109481
XP_036189517.1	XP_080954842	27.491	291	301	311	94	2.62e-21	96.7	putative mitochondrial transporter UCP3 isoform 1 [Myotis nattereri]	109481
XP_036189517.1	XP_016073654	26.207	290	301	437	95	2.71e-21	98.6	PREDICTED: calcium-binding mitochondrial carrier protein SCaMC-1 [Miniopterus natalensis]	291302
XP_036189517.1	XP_006919642	25.862	290	301	477	95	2.73e-21	98.6	calcium-binding mitochondrial carrier protein SCaMC-1 [Pteropus alecto]	9402
XP_036189517.1	XP_032976373	31.081	296	301	322	87	2.81e-21	97.1	mitochondrial glutamate carrier 1 [Rhinolophus ferrumequinum]	59479
XP_036189517.1	XP_032976372	31.081	296	301	322	87	2.81e-21	97.1	mitochondrial glutamate carrier 1 [Rhinolophus ferrumequinum]	59479
XP_036189517.1	XP_032976371	31.081	296	301	322	87	2.81e-21	97.1	mitochondrial glutamate carrier 1 [Rhinolophus ferrumequinum]	59479
XP_036189517.1	XP_032976370	31.081	296	301	322	87	2.81e-21	97.1	mitochondrial glutamate carrier 1 [Rhinolophus ferrumequinum]	59479
XP_036189517.1	XP_036079180	25.948	343	301	353	96	2.92e-21	97.4	solute carrier family 25 member 39 isoform X3 [Rousettus aegyptiacus]	9407
XP_036189517.1	XP_039703968	28.358	268	301	311	91	2.93e-21	96.7	putative mitochondrial transporter UCP3 [Pteropus medius]	143291
XP_036189517.1	XP_039703968	28.804	184	301	311	91	4.31e-12	70.9	putative mitochondrial transporter UCP3 [Pteropus medius]	143291
XP_036189517.1	XP_053782955	25.155	322	301	336	96	2.93e-21	97.1	mitochondrial glutathione transporter SLC25A40 [Desmodus rotundus]	9430
XP_036189517.1	XP_024414911	25.155	322	301	336	96	2.93e-21	97.1	mitochondrial glutathione transporter SLC25A40 [Desmodus rotundus]	9430
XP_036189517.1	XP_080930321	27.243	301	301	330	95	3.18e-21	97.1	solute carrier family 25 member 16 isoform 1 [Rhinolophus hipposideros]	77218
XP_036189517.1	XP_019587452	27.243	301	301	331	95	3.22e-21	97.1	solute carrier family 25 member 16 [Rhinolophus sinicus]	89399
XP_036189517.1	XP_032987303	27.243	301	301	332	95	3.26e-21	97.1	solute carrier family 25 member 16 [Rhinolophus ferrumequinum]	59479
XP_036189517.1	XP_080885701	24.786	351	301	359	96	3.27e-21	97.4	mitochondrial glutathione transporter SLC25A39 isoform 2 [Rhinolophus hipposideros]	77218
XP_036189517.1	XP_080885700	24.786	351	301	359	96	3.27e-21	97.4	mitochondrial glutathione transporter SLC25A39 isoform 2 [Rhinolophus hipposideros]	77218
XP_036189517.1	XP_045712745	28.755	233	301	282	77	3.27e-21	95.9	mitochondrial glycine transporter isoform X4 [Phyllostomus hastatus]	9423
XP_036189517.1	XP_066099325	26.910	301	301	331	95	3.29e-21	97.1	solute carrier family 25 member 16 isoform X1 [Saccopteryx bilineata]	59482
XP_036189517.1	XP_015982821	27.243	301	301	327	95	3.30e-21	96.7	graves disease carrier protein isoform X1 [Rousettus aegyptiacus]	9407
XP_036189517.1	XP_080976677	26.690	281	301	477	92	3.35e-21	98.6	mitochondrial adenyl nucleotide antiporter SLC25A24 isoform 1 [Miniopterus schreibersii]	9433
XP_036189517.1	XP_070281708	27.491	291	301	311	94	3.55e-21	96.3	putative mitochondrial transporter UCP3 [Myotis yumanensis]	159337
XP_036189517.1	XP_036205595	26.332	319	301	321	98	3.79e-21	96.7	solute carrier family 25 member 33 isoform X2 [Myotis myotis]	51298
XP_036189517.1	XP_036196496	24.713	348	301	359	96	3.80e-21	97.1	solute carrier family 25 member 39 isoform X1 [Myotis myotis]	51298
XP_036189517.1	XP_039703955	27.835	291	301	309	94	3.81e-21	96.3	dicarboxylate carrier SLC25A8 [Pteropus medius]	143291
XP_036189517.1	XP_039703955	31.183	186	301	309	94	2.53e-13	74.3	dicarboxylate carrier SLC25A8 [Pteropus medius]	143291
XP_036189517.1	XP_059547330	26.332	319	301	321	98	3.86e-21	96.7	solute carrier family 25 member 33 [Myotis daubentonii]	98922
XP_036189517.1	XP_054419943	24.845	322	301	336	96	3.89e-21	96.7	probable mitochondrial glutathione transporter SLC25A40 [Pteronotus mesoamericanus]	1884717
XP_036189517.1	XP_054419942	24.845	322	301	336	96	3.89e-21	96.7	probable mitochondrial glutathione transporter SLC25A40 [Pteronotus mesoamericanus]	1884717
XP_036189517.1	XP_054419941	24.845	322	301	336	96	3.89e-21	96.7	probable mitochondrial glutathione transporter SLC25A40 [Pteronotus mesoamericanus]	1884717
XP_036189517.1	XP_080943123	26.332	319	301	321	98	3.90e-21	96.7	solute carrier family 25 member 33 [Myotis nattereri]	109481
XP_036189517.1	XP_011375671	27.835	291	301	309	94	4.00e-21	96.3	mitochondrial uncoupling protein 2 [Pteropus vampyrus]	132908
XP_036189517.1	XP_011375671	31.183	186	301	309	94	2.43e-13	74.3	mitochondrial uncoupling protein 2 [Pteropus vampyrus]	132908
XP_036189517.1	XP_053780718	32.432	296	301	323	87	4.06e-21	96.7	mitochondrial glutamate carrier 1 [Desmodus rotundus]	9430
XP_036189517.1	XP_059526367	24.642	349	301	359	96	4.15e-21	97.1	probable mitochondrial glutathione transporter SLC25A39 isoform X1 [Myotis daubentonii]	98922
XP_036189517.1	XP_080966060	25.287	348	301	359	96	4.15e-21	97.1	mitochondrial glutathione transporter SLC25A39 isoform 1 [Myotis nattereri]	109481
XP_036189517.1	XP_080966059	25.287	348	301	359	96	4.15e-21	97.1	mitochondrial glutathione transporter SLC25A39 isoform 1 [Myotis nattereri]	109481
XP_036189517.1	XP_054432236	27.241	290	301	309	94	4.43e-21	96.3	dicarboxylate carrier SLC25A8 [Pteronotus mesoamericanus]	1884717
XP_036189517.1	XP_045712742	28.755	233	301	304	77	4.73e-21	95.9	mitochondrial glycine transporter isoform X1 [Phyllostomus hastatus]	9423
XP_036189517.1	XP_080497298	26.910	301	301	330	95	4.79e-21	96.3	solute carrier family 25 member 16 isoform 1 [Plecotus auritus]	61862
XP_036189517.1	XP_080913590	26.282	312	301	321	95	4.87e-21	96.3	solute carrier family 25 member 33 [Rhinolophus hipposideros]	77218
XP_036189517.1	XP_070260130	26.019	319	301	321	98	4.92e-21	96.3	solute carrier family 25 member 33 [Myotis yumanensis]	159337
XP_036189517.1	XP_008149968	25.705	319	301	321	98	4.92e-21	96.3	solute carrier family 25 member 33 isoform X1 [Eptesicus fuscus]	29078
XP_036189517.1	XP_080512008	25.705	319	301	321	98	4.92e-21	96.3	solute carrier family 25 member 33 isoform 1 [Plecotus auritus]	61862
XP_036189517.1	XP_079634317	25.705	319	301	321	98	4.92e-21	96.3	solute carrier family 25 member 33 [Cnephaeus nilssonii]	3371016
XP_036189517.1	XP_008143665	26.910	301	301	332	95	4.93e-21	96.3	solute carrier family 25 member 16 isoform X1 [Eptesicus fuscus]	29078
XP_036189517.1	XP_006107130	26.910	301	301	330	95	4.99e-21	96.3	graves disease carrier protein [Myotis lucifugus]	59463
XP_036189517.1	XP_070288975	26.910	301	301	330	95	5.30e-21	96.3	solute carrier family 25 member 16 isoform X1 [Myotis yumanensis]	159337
XP_036189517.1	XP_059518514	26.910	301	301	330	95	5.30e-21	96.3	solute carrier family 25 member 16 isoform X1 [Myotis daubentonii]	98922
XP_036189517.1	XP_080961144	26.910	301	301	330	95	5.30e-21	96.3	solute carrier family 25 member 16 [Myotis nattereri]	109481
XP_036189517.1	XP_045712744	27.984	243	301	294	80	5.36e-21	95.5	mitochondrial glycine transporter isoform X3 [Phyllostomus hastatus]	9423
XP_036189517.1	XP_011366435	25.862	290	301	477	95	5.37e-21	97.8	calcium-binding mitochondrial carrier protein SCaMC-1 [Pteropus vampyrus]	132908
XP_036189517.1	XP_039696962	25.862	290	301	477	95	5.37e-21	97.8	mitochondrial adenyl nucleotide antiporter SLC25A24 [Pteropus medius]	143291
XP_036189517.1	XP_045712743	28.755	233	301	299	77	5.52e-21	95.5	mitochondrial glycine transporter isoform X2 [Phyllostomus hastatus]	9423
XP_036189517.1	XP_015979542	30.342	234	301	304	77	5.73e-21	95.9	mitochondrial glycine transporter isoform X3 [Rousettus aegyptiacus]	9407
XP_036189517.1	XP_015417584	26.910	301	301	353	95	5.82e-21	96.7	PREDICTED: graves disease carrier protein [Myotis davidii]	225400
XP_036189517.1	XP_023607915	32.227	211	301	347	63	6.04e-21	96.3	solute carrier family 25 member 48 isoform X4 [Myotis lucifugus]	59463
XP_036189517.1	XP_053767447	25.072	347	301	357	96	6.10e-21	96.7	mitochondrial glutathione transporter SLC25A39 isoform X3 [Desmodus rotundus]	9430
XP_036189517.1	XP_053525248	27.308	260	301	287	86	6.41e-21	95.1	mitochondrial glycine transporter isoform X2 [Artibeus jamaicensis]	9417
XP_036189517.1	XP_036994294	29.362	235	301	286	71	6.63e-21	95.1	solute carrier family 25 member 48 isoform X8 [Artibeus jamaicensis]	9417
XP_036189517.1	XP_032971072	25.962	312	301	321	95	6.72e-21	95.9	solute carrier family 25 member 33 isoform X1 [Rhinolophus ferrumequinum]	59479
XP_036189517.1	XP_019602324	25.962	312	301	321	95	6.72e-21	95.9	solute carrier family 25 member 33 isoform X1 [Rhinolophus sinicus]	89399
XP_036189517.1	XP_036316764	26.019	319	301	321	98	6.85e-21	95.9	solute carrier family 25 member 33 isoform X1 [Pipistrellus kuhlii]	59472
XP_036189517.1	XP_045426551	26.019	319	301	321	98	6.85e-21	95.9	solute carrier family 25 member 33 isoform X1 [Pipistrellus kuhlii]	59472
XP_036189517.1	XP_037004224	27.308	260	301	304	86	7.15e-21	95.5	mitochondrial glycine transporter isoform X1 [Artibeus jamaicensis]	9417
XP_036189517.1	XP_053528751	29.362	235	301	303	71	7.26e-21	95.5	solute carrier family 25 member 48 isoform X6 [Artibeus jamaicensis]	9417
XP_036189517.1	XP_006910184	27.350	351	301	360	96	7.79e-21	96.3	solute carrier family 25 member 39 isoform X1 [Pteropus alecto]	9402
XP_036189517.1	XP_024901406	27.350	351	301	360	96	7.79e-21	96.3	solute carrier family 25 member 39 isoform X1 [Pteropus alecto]	9402
XP_036189517.1	XP_015443554	27.350	351	301	360	96	7.79e-21	96.3	solute carrier family 25 member 39 isoform X1 [Pteropus alecto]	9402
XP_036189517.1	XP_015443553	27.350	351	301	360	96	7.79e-21	96.3	solute carrier family 25 member 39 isoform X1 [Pteropus alecto]	9402
XP_036189517.1	XP_015443552	27.350	351	301	360	96	7.79e-21	96.3	solute carrier family 25 member 39 isoform X1 [Pteropus alecto]	9402
XP_036189517.1	XP_006910183	27.350	351	301	360	96	7.79e-21	96.3	solute carrier family 25 member 39 isoform X1 [Pteropus alecto]	9402
XP_036189517.1	XP_036994293	29.362	235	301	292	71	8.02e-21	95.1	solute carrier family 25 member 48 isoform X7 [Artibeus jamaicensis]	9417
XP_036189517.1	XP_011375668	28.358	268	301	311	91	8.61e-21	95.5	mitochondrial uncoupling protein 3 [Pteropus vampyrus]	132908
XP_036189517.1	XP_011375668	28.804	184	301	311	91	2.57e-12	71.6	mitochondrial uncoupling protein 3 [Pteropus vampyrus]	132908
XP_036189517.1	XP_015415912	26.821	302	301	301	92	8.97e-21	95.1	PREDICTED: solute carrier family 25 member 36 [Myotis davidii]	225400
XP_036189517.1	XP_080543664	27.148	291	301	311	94	9.52e-21	95.1	putative mitochondrial transporter UCP3 isoform 2 [Plecotus auritus]	61862
XP_036189517.1	XP_080543663	27.148	291	301	311	94	9.52e-21	95.1	putative mitochondrial transporter UCP3 isoform 2 [Plecotus auritus]	61862
XP_036189517.1	XP_080954843	27.491	291	301	417	94	9.61e-21	96.7	putative mitochondrial transporter UCP3 isoform 2 [Myotis nattereri]	109481
XP_036189517.1	XP_045677095	31.271	291	301	323	87	1.04e-20	95.5	mitochondrial glutamate carrier 1 [Phyllostomus hastatus]	9423
XP_036189517.1	XP_045677094	31.271	291	301	323	87	1.04e-20	95.5	mitochondrial glutamate carrier 1 [Phyllostomus hastatus]	9423
XP_036189517.1	XP_014398172	27.243	301	301	370	92	1.19e-20	95.9	PREDICTED: solute carrier family 25 member 36 [Myotis brandtii]	109478
XP_036189517.1	XP_053519943	27.575	301	301	329	95	1.23e-20	95.1	solute carrier family 25 member 16 [Artibeus jamaicensis]	9417
XP_036189517.1	XP_019495366	25.641	312	301	321	95	1.28e-20	95.1	PREDICTED: solute carrier family 25 member 33 isoform X2 [Hipposideros armiger]	186990
XP_036189517.1	XP_024428449	28.044	271	301	309	92	1.41e-20	94.7	dicarboxylate carrier SLC25A8 [Desmodus rotundus]	9430
XP_036189517.1	XP_024428449	30.270	185	301	309	92	3.60e-11	68.2	dicarboxylate carrier SLC25A8 [Desmodus rotundus]	9430
XP_036189517.1	XP_053526867	29.044	272	301	274	87	1.51e-20	94.0	mitochondrial uncoupling protein 3 isoform X2 [Artibeus jamaicensis]	9417
XP_036189517.1	XP_037019012	31.757	296	301	323	87	1.56e-20	94.7	mitochondrial glutamate carrier 1 [Artibeus jamaicensis]	9417
XP_036189517.1	XP_037019010	31.757	296	301	323	87	1.56e-20	94.7	mitochondrial glutamate carrier 1 [Artibeus jamaicensis]	9417
XP_036189517.1	XP_037019009	31.757	296	301	323	87	1.56e-20	94.7	mitochondrial glutamate carrier 1 [Artibeus jamaicensis]	9417
XP_036189517.1	XP_037019008	31.757	296	301	323	87	1.56e-20	94.7	mitochondrial glutamate carrier 1 [Artibeus jamaicensis]	9417
XP_036189517.1	XP_066208806	25.862	290	301	477	96	1.56e-20	96.7	mitochondrial adenyl nucleotide antiporter SLC25A24 [Saccopteryx leptura]	249018
XP_036189517.1	XP_066208806	25.000	200	301	477	96	2.97e-12	72.0	mitochondrial adenyl nucleotide antiporter SLC25A24 [Saccopteryx leptura]	249018
XP_036189517.1	XP_005867145	27.148	291	301	311	94	1.59e-20	94.7	PREDICTED: mitochondrial uncoupling protein 3 isoform X1 [Myotis brandtii]	109478
XP_036189517.1	XP_014395917	27.148	291	301	311	94	1.59e-20	94.7	PREDICTED: mitochondrial uncoupling protein 3 isoform X1 [Myotis brandtii]	109478
XP_036189517.1	XP_006926669	27.491	291	301	309	94	1.61e-20	94.7	mitochondrial uncoupling protein 2 [Pteropus alecto]	9402
XP_036189517.1	XP_006926669	31.183	186	301	309	94	3.31e-13	73.9	mitochondrial uncoupling protein 2 [Pteropus alecto]	9402
XP_036189517.1	XP_066102802	25.862	290	301	477	96	1.64e-20	96.7	mitochondrial adenyl nucleotide antiporter SLC25A24 [Saccopteryx bilineata]	59482
XP_036189517.1	XP_066102802	25.000	200	301	477	96	2.94e-12	72.0	mitochondrial adenyl nucleotide antiporter SLC25A24 [Saccopteryx bilineata]	59482
XP_036189517.1	XP_024902126	32.095	296	301	323	87	1.65e-20	94.7	mitochondrial glutamate carrier 1 [Pteropus alecto]	9402
XP_036189517.1	XP_006911023	32.095	296	301	323	87	1.65e-20	94.7	mitochondrial glutamate carrier 1 [Pteropus alecto]	9402
XP_036189517.1	XP_011379097	32.095	296	301	323	87	1.65e-20	94.7	mitochondrial glutamate carrier 1 [Pteropus vampyrus]	132908
XP_036189517.1	XP_039696416	32.095	296	301	323	87	1.65e-20	94.7	mitochondrial glutamate carrier 1 [Pteropus medius]	143291
XP_036189517.1	XP_039696415	32.095	296	301	323	87	1.65e-20	94.7	mitochondrial glutamate carrier 1 [Pteropus medius]	143291
XP_036189517.1	XP_045055626	29.046	241	301	296	79	1.86e-20	94.4	mitochondrial glycine transporter isoform X3 [Desmodus rotundus]	9430
XP_036189517.1	XP_066096298	24.695	328	301	343	97	2.08e-20	94.7	mitochondrial glutathione transporter SLC25A40 isoform X1 [Saccopteryx bilineata]	59482
XP_036189517.1	XP_066210167	24.695	328	301	343	97	2.19e-20	94.7	mitochondrial glutathione transporter SLC25A40 isoform X1 [Saccopteryx leptura]	249018
XP_036189517.1	XP_016063954	28.179	291	301	309	94	2.20e-20	94.4	PREDICTED: mitochondrial uncoupling protein 2 [Miniopterus natalensis]	291302
XP_036189517.1	XP_016063954	30.811	185	301	309	94	1.65e-11	68.9	PREDICTED: mitochondrial uncoupling protein 2 [Miniopterus natalensis]	291302
XP_036189517.1	XP_081009151	28.179	291	301	309	94	2.20e-20	94.4	dicarboxylate carrier SLC25A8 isoform 1 [Miniopterus schreibersii]	9433
XP_036189517.1	XP_081009151	30.811	185	301	309	94	1.65e-11	68.9	dicarboxylate carrier SLC25A8 isoform 1 [Miniopterus schreibersii]	9433
XP_036189517.1	XP_081009150	28.179	291	301	309	94	2.20e-20	94.4	dicarboxylate carrier SLC25A8 isoform 1 [Miniopterus schreibersii]	9433
XP_036189517.1	XP_081009150	30.811	185	301	309	94	1.65e-11	68.9	dicarboxylate carrier SLC25A8 isoform 1 [Miniopterus schreibersii]	9433
XP_036189517.1	XP_006914869	30.043	233	301	305	77	2.36e-20	94.0	mitochondrial glycine transporter isoform X1 [Pteropus alecto]	9402
XP_036189517.1	XP_079650369	26.910	301	301	472	95	2.37e-20	95.9	solute carrier family 25 member 16 isoform 1 [Cnephaeus nilssonii]	3371016
XP_036189517.1	XP_054432789	32.432	296	301	323	87	2.40e-20	94.4	mitochondrial glutamate carrier 1 isoform X1 [Pteronotus mesoamericanus]	1884717
XP_036189517.1	XP_059564465	27.148	291	301	311	94	2.40e-20	94.0	putative mitochondrial transporter UCP3 isoform X1 [Myotis daubentonii]	98922
XP_036189517.1	XP_059564463	27.148	291	301	311	94	2.40e-20	94.0	putative mitochondrial transporter UCP3 isoform X1 [Myotis daubentonii]	98922
XP_036189517.1	XP_059564462	27.148	291	301	311	94	2.40e-20	94.0	putative mitochondrial transporter UCP3 isoform X1 [Myotis daubentonii]	98922
XP_036189517.1	XP_059564461	27.148	291	301	311	94	2.40e-20	94.0	putative mitochondrial transporter UCP3 isoform X1 [Myotis daubentonii]	98922
XP_036189517.1	XP_059564460	27.148	291	301	311	94	2.40e-20	94.0	putative mitochondrial transporter UCP3 isoform X1 [Myotis daubentonii]	98922
XP_036189517.1	XP_059564459	27.148	291	301	311	94	2.40e-20	94.0	putative mitochondrial transporter UCP3 isoform X1 [Myotis daubentonii]	98922
XP_036189517.1	XP_059564458	27.148	291	301	311	94	2.40e-20	94.0	putative mitochondrial transporter UCP3 isoform X1 [Myotis daubentonii]	98922
XP_036189517.1	XP_059564457	27.148	291	301	311	94	2.40e-20	94.0	putative mitochondrial transporter UCP3 isoform X1 [Myotis daubentonii]	98922
XP_036189517.1	XP_079617529	25.623	281	301	477	92	2.48e-20	95.9	mitochondrial adenyl nucleotide antiporter SLC25A24 isoform 1 [Cnephaeus nilssonii]	3371016
XP_036189517.1	XP_036308668	25.714	280	301	477	92	2.55e-20	95.9	calcium-binding mitochondrial carrier protein SCaMC-1 [Pipistrellus kuhlii]	59472
XP_036189517.1	XP_079617530	25.623	281	301	458	92	2.66e-20	95.9	mitochondrial adenyl nucleotide antiporter SLC25A24 isoform 2 [Cnephaeus nilssonii]	3371016
XP_036189517.1	XP_066106823	26.910	301	301	317	92	2.67e-20	94.0	solute carrier family 25 member 36 [Saccopteryx bilineata]	59482
XP_036189517.1	XP_024421850	29.060	234	301	304	77	2.76e-20	94.0	mitochondrial glycine transporter isoform X2 [Desmodus rotundus]	9430
XP_036189517.1	XP_011371900	25.874	286	301	464	94	2.82e-20	95.9	calcium-binding mitochondrial carrier protein SCaMC-3 isoform X3 [Pteropus vampyrus]	132908
XP_036189517.1	XP_045055625	29.046	241	301	333	79	2.85e-20	94.4	mitochondrial glycine transporter isoform X1 [Desmodus rotundus]	9430
XP_036189517.1	XP_016074357	24.695	328	301	337	97	2.94e-20	94.4	PREDICTED: solute carrier family 25 member 40 isoform X1 [Miniopterus natalensis]	291302
XP_036189517.1	XP_016074356	24.695	328	301	337	97	2.94e-20	94.4	PREDICTED: solute carrier family 25 member 40 isoform X1 [Miniopterus natalensis]	291302
XP_036189517.1	XP_014394098	32.963	270	301	370	86	3.12e-20	94.7	PREDICTED: mitochondrial 2-oxodicarboxylate carrier isoform X2 [Myotis brandtii]	109478
XP_036189517.1	XP_028371236	32.095	296	301	323	87	3.34e-20	94.0	mitochondrial glutamate carrier 1 [Phyllostomus discolor]	89673
XP_036189517.1	XP_016016936	27.491	291	301	309	94	3.39e-20	93.6	mitochondrial uncoupling protein 2 [Rousettus aegyptiacus]	9407
XP_036189517.1	XP_016016936	31.183	186	301	309	94	7.14e-13	73.2	mitochondrial uncoupling protein 2 [Rousettus aegyptiacus]	9407
XP_036189517.1	XP_019518350	28.099	242	301	299	79	3.68e-20	93.6	PREDICTED: solute carrier family 25 member 38 isoform X2 [Hipposideros armiger]	186990
XP_036189517.1	XP_054418256	25.676	296	301	533	96	3.79e-20	95.5	mitochondrial adenyl nucleotide antiporter SLC25A23 isoform X1 [Pteronotus mesoamericanus]	1884717
XP_036189517.1	XP_015995213	25.429	350	301	360	96	4.08e-20	94.4	solute carrier family 25 member 39 isoform X2 [Rousettus aegyptiacus]	9407
XP_036189517.1	XP_053528747	29.362	235	301	420	71	4.24e-20	94.7	solute carrier family 25 member 48 isoform X1 [Artibeus jamaicensis]	9417
XP_036189517.1	XP_054573851	31.797	217	301	310	83	4.37e-20	93.6	solute carrier family 25 member 48 isoform X5 [Eptesicus fuscus]	29078
XP_036189517.1	XP_054573851	31.844	179	301	310	83	5.40e-11	67.8	solute carrier family 25 member 48 isoform X5 [Eptesicus fuscus]	29078
XP_036189517.1	XP_005864933	24.484	339	301	351	96	4.46e-20	94.0	PREDICTED: solute carrier family 25 member 39 [Myotis brandtii]	109478
XP_036189517.1	XP_032976644	27.835	291	301	309	94	4.49e-20	93.2	mitochondrial uncoupling protein 2 [Rhinolophus ferrumequinum]	59479
XP_036189517.1	XP_032976644	30.811	185	301	309	94	2.63e-12	71.6	mitochondrial uncoupling protein 2 [Rhinolophus ferrumequinum]	59479
XP_036189517.1	XP_080921122	27.835	291	301	309	94	4.49e-20	93.2	dicarboxylate carrier SLC25A8 isoform 1 [Rhinolophus hipposideros]	77218
XP_036189517.1	XP_080921122	30.811	185	301	309	94	2.63e-12	71.6	dicarboxylate carrier SLC25A8 isoform 1 [Rhinolophus hipposideros]	77218
XP_036189517.1	XP_080921121	27.835	291	301	309	94	4.49e-20	93.2	dicarboxylate carrier SLC25A8 isoform 1 [Rhinolophus hipposideros]	77218
XP_036189517.1	XP_080921121	30.811	185	301	309	94	2.63e-12	71.6	dicarboxylate carrier SLC25A8 isoform 1 [Rhinolophus hipposideros]	77218
XP_036189517.1	XP_039696879	35.802	162	301	238	48	4.58e-20	92.0	solute carrier family 25 member 45 isoform X6 [Pteropus medius]	143291
XP_036189517.1	XP_036895053	31.757	296	301	323	87	4.74e-20	93.6	mitochondrial glutamate carrier 1 isoform X1 [Sturnira hondurensis]	192404
XP_036189517.1	XP_036895052	31.757	296	301	323	87	4.74e-20	93.6	mitochondrial glutamate carrier 1 isoform X1 [Sturnira hondurensis]	192404
XP_036189517.1	XP_036895051	31.757	296	301	323	87	4.74e-20	93.6	mitochondrial glutamate carrier 1 isoform X1 [Sturnira hondurensis]	192404
XP_036189517.1	XP_036895050	31.757	296	301	323	87	4.74e-20	93.6	mitochondrial glutamate carrier 1 isoform X1 [Sturnira hondurensis]	192404
XP_036189517.1	XP_036895049	31.757	296	301	323	87	4.74e-20	93.6	mitochondrial glutamate carrier 1 isoform X1 [Sturnira hondurensis]	192404
XP_036189517.1	XP_081003712	24.695	328	301	337	97	4.74e-20	93.6	mitochondrial glutathione transporter SLC25A40 isoform 1 [Miniopterus schreibersii]	9433
XP_036189517.1	XP_081003711	24.695	328	301	337	97	4.74e-20	93.6	mitochondrial glutathione transporter SLC25A40 isoform 1 [Miniopterus schreibersii]	9433
XP_036189517.1	XP_045684354	25.466	322	301	336	96	4.78e-20	93.6	solute carrier family 25 member 40 [Phyllostomus hastatus]	9423
XP_036189517.1	XP_045684353	25.466	322	301	336	96	4.78e-20	93.6	solute carrier family 25 member 40 [Phyllostomus hastatus]	9423
XP_036189517.1	XP_080928586	29.614	233	301	304	77	4.80e-20	93.2	mitochondrial glycine transporter isoform 1 [Rhinolophus hipposideros]	77218
XP_036189517.1	XP_024416804	26.578	301	301	330	95	4.84e-20	93.6	solute carrier family 25 member 16 [Desmodus rotundus]	9430
XP_036189517.1	XP_028369590	26.578	301	301	330	95	4.89e-20	93.6	graves disease carrier protein isoform X1 [Phyllostomus discolor]	89673
XP_036189517.1	XP_045697983	26.578	301	301	331	95	4.95e-20	93.6	graves disease carrier protein isoform X1 [Phyllostomus hastatus]	9423
XP_036189517.1	XP_036122605	28.346	254	301	261	80	5.04e-20	92.4	solute carrier family 25 member 36 isoform X2 [Molossus molossus]	27622
XP_036189517.1	XP_036079179	25.356	351	301	361	96	5.34e-20	94.0	solute carrier family 25 member 39 isoform X1 [Rousettus aegyptiacus]	9407
XP_036189517.1	XP_036912329	30.942	223	301	244	60	5.47e-20	91.7	mitochondrial 2-oxodicarboxylate carrier isoform X4 [Sturnira hondurensis]	192404
XP_036189517.1	XP_080505302	25.357	280	301	477	92	5.60e-20	95.1	mitochondrial adenyl nucleotide antiporter SLC25A24 isoform 1 [Plecotus auritus]	61862
XP_036189517.1	XP_039727899	26.910	301	301	328	95	5.88e-20	93.2	solute carrier family 25 member 16 isoform X1 [Pteropus medius]	143291
XP_036189517.1	XP_011370446	26.910	301	301	328	95	6.30e-20	93.2	graves disease carrier protein isoform X1 [Pteropus vampyrus]	132908
XP_036189517.1	XP_036282717	27.835	291	301	309	94	6.77e-20	92.8	mitochondrial uncoupling protein 2 [Pipistrellus kuhlii]	59472
XP_036189517.1	XP_036282717	31.183	186	301	309	94	5.43e-12	70.5	mitochondrial uncoupling protein 2 [Pipistrellus kuhlii]	59472
XP_036189517.1	XP_006779229	24.845	322	301	335	96	7.10e-20	93.2	PREDICTED: solute carrier family 25 member 40 isoform X5 [Myotis davidii]	225400
XP_036189517.1	XP_019583146	29.614	233	301	304	77	7.18e-20	92.8	mitochondrial glycine transporter isoform X1 [Rhinolophus sinicus]	89399
XP_036189517.1	XP_024899317	25.623	281	301	285	92	7.95e-20	92.4	calcium-binding mitochondrial carrier protein SCaMC-3 isoform X6 [Pteropus alecto]	9402
XP_036189517.1	XP_032988906	29.614	233	301	304	77	8.26e-20	92.4	mitochondrial glycine transporter isoform X1 [Rhinolophus ferrumequinum]	59479
XP_036189517.1	XP_006770611	28.926	242	301	294	79	8.53e-20	92.4	PREDICTED: solute carrier family 25 member 38 isoform X2 [Myotis davidii]	225400
XP_036189517.1	XP_059568199	24.845	322	301	335	96	9.20e-20	92.8	probable mitochondrial glutathione transporter SLC25A40 [Myotis daubentonii]	98922
XP_036189517.1	XP_059568198	24.845	322	301	335	96	9.20e-20	92.8	probable mitochondrial glutathione transporter SLC25A40 [Myotis daubentonii]	98922
XP_036189517.1	XP_019599948	27.835	291	301	309	94	9.34e-20	92.4	dicarboxylate carrier SLC25A8 [Rhinolophus sinicus]	89399
XP_036189517.1	XP_019599948	30.811	185	301	309	94	7.64e-13	73.2	dicarboxylate carrier SLC25A8 [Rhinolophus sinicus]	89399
XP_036189517.1	XP_081000111	25.641	312	301	321	95	9.67e-20	92.8	solute carrier family 25 member 33 isoform 1 [Miniopterus schreibersii]	9433
XP_036189517.1	XP_024899316	25.979	281	301	308	92	9.68e-20	92.4	calcium-binding mitochondrial carrier protein SCaMC-3 isoform X5 [Pteropus alecto]	9402
XP_036189517.1	XP_037021569	26.875	320	301	320	98	9.73e-20	92.8	solute carrier family 25 member 33 [Artibeus jamaicensis]	9417
XP_036189517.1	XP_053767445	24.507	355	301	365	96	9.78e-20	93.2	mitochondrial glutathione transporter SLC25A39 isoform X1 [Desmodus rotundus]	9430
XP_036189517.1	XP_016003492	25.000	328	301	338	97	1.00e-19	92.8	solute carrier family 25 member 40 isoform X1 [Rousettus aegyptiacus]	9407
XP_036189517.1	XP_016003491	25.000	328	301	338	97	1.00e-19	92.8	solute carrier family 25 member 40 isoform X1 [Rousettus aegyptiacus]	9407
XP_036189517.1	XP_016065342	28.346	254	301	261	80	1.04e-19	91.3	PREDICTED: solute carrier family 25 member 36 isoform X2 [Miniopterus natalensis]	291302
XP_036189517.1	XP_066126619	25.962	312	301	321	95	1.04e-19	92.4	solute carrier family 25 member 33 [Saccopteryx bilineata]	59482
XP_036189517.1	XP_035866556	26.087	322	301	336	96	1.07e-19	92.8	solute carrier family 25 member 40 [Phyllostomus discolor]	89673
XP_036189517.1	XP_035866555	26.087	322	301	336	96	1.07e-19	92.8	solute carrier family 25 member 40 [Phyllostomus discolor]	89673
XP_036189517.1	XP_035866554	26.087	322	301	336	96	1.07e-19	92.8	solute carrier family 25 member 40 [Phyllostomus discolor]	89673
XP_036189517.1	XP_039734444	25.623	281	301	344	92	1.11e-19	92.8	mitochondrial adenyl nucleotide antiporter SLC25A23 isoform X6 [Pteropus medius]	143291
XP_036189517.1	XP_006906290	26.207	290	301	305	95	1.14e-19	92.0	mitochondrial brown fat uncoupling protein 1 [Pteropus alecto]	9402
XP_036189517.1	XP_066130476	25.714	280	301	468	92	1.16e-19	94.0	mitochondrial adenyl nucleotide antiporter SLC25A23 [Saccopteryx bilineata]	59482
XP_036189517.1	XP_070280286	24.534	322	301	335	96	1.22e-19	92.4	mitochondrial glutathione transporter SLC25A40 [Myotis yumanensis]	159337
XP_036189517.1	XP_070280285	24.534	322	301	335	96	1.22e-19	92.4	mitochondrial glutathione transporter SLC25A40 [Myotis yumanensis]	159337
XP_036189517.1	XP_070280283	24.534	322	301	335	96	1.22e-19	92.4	mitochondrial glutathione transporter SLC25A40 [Myotis yumanensis]	159337
XP_036189517.1	XP_070280282	24.534	322	301	335	96	1.22e-19	92.4	mitochondrial glutathione transporter SLC25A40 [Myotis yumanensis]	159337
XP_036189517.1	XP_039734445	25.623	281	301	321	92	1.23e-19	92.4	mitochondrial adenyl nucleotide antiporter SLC25A23 isoform X7 [Pteropus medius]	143291
XP_036189517.1	XP_080528759	29.185	233	301	304	77	1.25e-19	92.0	mitochondrial glycine transporter [Plecotus auritus]	61862
XP_036189517.1	XP_066231078	25.641	312	301	321	95	1.27e-19	92.4	solute carrier family 25 member 33 [Saccopteryx leptura]	249018
XP_036189517.1	XP_059530950	25.000	280	301	478	92	1.35e-19	94.0	mitochondrial adenyl nucleotide antiporter SLC25A24 [Myotis daubentonii]	98922
XP_036189517.1	XP_014403087	24.534	322	301	335	96	1.37e-19	92.4	PREDICTED: solute carrier family 25 member 40 isoform X4 [Myotis brandtii]	109478
XP_036189517.1	XP_036184188	24.534	322	301	335	96	1.37e-19	92.4	solute carrier family 25 member 40 isoform X4 [Myotis myotis]	51298
XP_036189517.1	XP_080958703	24.534	322	301	335	96	1.37e-19	92.4	mitochondrial glutathione transporter SLC25A40 [Myotis nattereri]	109481
XP_036189517.1	XP_019518349	28.205	234	301	304	77	1.44e-19	92.0	PREDICTED: solute carrier family 25 member 38 isoform X1 [Hipposideros armiger]	186990
XP_036189517.1	XP_024899315	25.979	281	301	344	92	1.46e-19	92.4	calcium-binding mitochondrial carrier protein SCaMC-3 isoform X4 [Pteropus alecto]	9402
XP_036189517.1	XP_070247664	28.512	242	301	294	79	1.51e-19	91.7	mitochondrial glycine transporter isoform X2 [Myotis yumanensis]	159337
XP_036189517.1	XP_070247663	28.512	242	301	294	79	1.51e-19	91.7	mitochondrial glycine transporter isoform X2 [Myotis yumanensis]	159337
XP_036189517.1	XP_016016935	28.364	275	301	279	88	1.64e-19	91.3	mitochondrial uncoupling protein 3 isoform X2 [Rousettus aegyptiacus]	9407
XP_036189517.1	XP_023618492	24.534	322	301	335	96	1.65e-19	92.0	solute carrier family 25 member 40 [Myotis lucifugus]	59463
XP_036189517.1	XP_036901201	26.875	320	301	320	98	1.72e-19	92.0	solute carrier family 25 member 33 [Sturnira hondurensis]	192404
XP_036189517.1	XP_035886384	28.814	236	301	287	77	1.77e-19	91.3	mitochondrial glycine transporter isoform X2 [Phyllostomus discolor]	89673
XP_036189517.1	XP_036114068	27.491	291	301	309	94	1.79e-19	91.7	mitochondrial uncoupling protein 2 [Molossus molossus]	27622
XP_036189517.1	XP_036114068	31.351	185	301	309	94	3.00e-12	71.2	mitochondrial uncoupling protein 2 [Molossus molossus]	27622
XP_036189517.1	XP_039734443	25.979	281	301	380	92	1.91e-19	92.8	mitochondrial adenyl nucleotide antiporter SLC25A23 isoform X5 [Pteropus medius]	143291
XP_036189517.1	XP_039734442	25.979	281	301	380	92	1.91e-19	92.8	mitochondrial adenyl nucleotide antiporter SLC25A23 isoform X5 [Pteropus medius]	143291
XP_036189517.1	XP_066224432	27.491	291	301	309	94	1.94e-19	91.7	dicarboxylate carrier SLC25A8 [Saccopteryx leptura]	249018
XP_036189517.1	XP_066224432	30.270	185	301	309	94	1.73e-11	68.9	dicarboxylate carrier SLC25A8 [Saccopteryx leptura]	249018
XP_036189517.1	XP_028371384	27.491	291	301	309	94	2.17e-19	91.7	mitochondrial uncoupling protein 2 [Phyllostomus discolor]	89673
XP_036189517.1	XP_028371384	30.270	185	301	309	94	1.15e-11	69.7	mitochondrial uncoupling protein 2 [Phyllostomus discolor]	89673
XP_036189517.1	XP_005867146	27.835	291	301	309	94	2.21e-19	91.3	PREDICTED: mitochondrial uncoupling protein 2 [Myotis brandtii]	109478
XP_036189517.1	XP_005867146	30.270	185	301	309	94	2.12e-11	68.9	PREDICTED: mitochondrial uncoupling protein 2 [Myotis brandtii]	109478
XP_036189517.1	XP_054418257	25.714	280	301	479	92	2.37e-19	93.2	mitochondrial adenyl nucleotide antiporter SLC25A23 isoform X2 [Pteronotus mesoamericanus]	1884717
XP_036189517.1	XP_028373997	28.017	232	301	304	77	2.42e-19	91.3	mitochondrial glycine transporter isoform X1 [Phyllostomus discolor]	89673
XP_036189517.1	XP_054451492	27.953	254	301	261	80	2.50e-19	90.5	solute carrier family 25 member 36 isoform X2 [Pteronotus mesoamericanus]	1884717
XP_036189517.1	XP_015993803	32.095	296	301	322	87	2.58e-19	91.7	mitochondrial glutamate carrier 1 [Rousettus aegyptiacus]	9407
XP_036189517.1	XP_015993790	32.095	296	301	322	87	2.58e-19	91.7	mitochondrial glutamate carrier 1 [Rousettus aegyptiacus]	9407
XP_036189517.1	XP_059566542	32.016	253	301	279	72	2.68e-19	90.5	mitochondrial glutamate carrier 1 isoform X2 [Myotis daubentonii]	98922
XP_036189517.1	XP_059564471	27.491	291	301	309	94	2.90e-19	91.3	dicarboxylate carrier SLC25A8 [Myotis daubentonii]	98922
XP_036189517.1	XP_059564471	30.811	185	301	309	94	1.29e-11	69.3	dicarboxylate carrier SLC25A8 [Myotis daubentonii]	98922
XP_036189517.1	XP_080954440	32.016	253	301	279	72	2.91e-19	90.5	mitochondrial glutamate carrier 1 isoform 2 [Myotis nattereri]	109481
XP_036189517.1	XP_014320712	28.216	241	301	294	79	2.91e-19	90.9	solute carrier family 25 member 38 isoform X1 [Myotis lucifugus]	59463
XP_036189517.1	XP_006777996	27.491	291	301	309	94	2.95e-19	91.3	PREDICTED: mitochondrial uncoupling protein 2 [Myotis davidii]	225400
XP_036189517.1	XP_006777996	30.811	185	301	309	94	1.29e-11	69.3	PREDICTED: mitochondrial uncoupling protein 2 [Myotis davidii]	225400
XP_036189517.1	XP_036180913	27.491	291	301	309	94	2.95e-19	91.3	mitochondrial uncoupling protein 2 isoform X3 [Myotis myotis]	51298
XP_036189517.1	XP_036180913	30.811	185	301	309	94	1.29e-11	69.3	mitochondrial uncoupling protein 2 isoform X3 [Myotis myotis]	51298
XP_036189517.1	XP_080954841	27.491	291	301	309	94	2.95e-19	91.3	dicarboxylate carrier SLC25A8 [Myotis nattereri]	109481
XP_036189517.1	XP_080954841	30.811	185	301	309	94	1.29e-11	69.3	dicarboxylate carrier SLC25A8 [Myotis nattereri]	109481
XP_036189517.1	XP_066106399	27.148	291	301	309	94	3.01e-19	91.3	dicarboxylate carrier SLC25A8 [Saccopteryx bilineata]	59482
XP_036189517.1	XP_036994295	29.004	231	301	275	69	3.11e-19	90.5	solute carrier family 25 member 48 isoform X9 [Artibeus jamaicensis]	9417
XP_036189517.1	XP_006100518	27.491	291	301	309	94	3.30e-19	90.9	mitochondrial uncoupling protein 2 [Myotis lucifugus]	59463
XP_036189517.1	XP_006100518	31.183	186	301	309	94	3.74e-12	70.9	mitochondrial uncoupling protein 2 [Myotis lucifugus]	59463
XP_036189517.1	XP_054581858	27.491	291	301	309	94	3.37e-19	90.9	dicarboxylate carrier SLC25A8 [Eptesicus fuscus]	29078
XP_036189517.1	XP_054581858	30.811	185	301	309	94	1.45e-11	69.3	dicarboxylate carrier SLC25A8 [Eptesicus fuscus]	29078
XP_036189517.1	XP_080498281	27.491	291	301	309	94	3.37e-19	90.9	dicarboxylate carrier SLC25A8 [Plecotus auritus]	61862
XP_036189517.1	XP_080498281	30.811	185	301	309	94	1.45e-11	69.3	dicarboxylate carrier SLC25A8 [Plecotus auritus]	61862
XP_036189517.1	XP_079644585	27.491	291	301	309	94	3.37e-19	90.9	dicarboxylate carrier SLC25A8 [Cnephaeus nilssonii]	3371016
XP_036189517.1	XP_079644585	30.811	185	301	309	94	1.45e-11	69.3	dicarboxylate carrier SLC25A8 [Cnephaeus nilssonii]	3371016
XP_036189517.1	XP_070281707	27.491	291	301	309	94	3.40e-19	90.9	dicarboxylate carrier SLC25A8 [Myotis yumanensis]	159337
XP_036189517.1	XP_070281707	31.183	186	301	309	94	3.81e-12	70.9	dicarboxylate carrier SLC25A8 [Myotis yumanensis]	159337
XP_036189517.1	XP_016019093	25.321	312	301	321	95	3.57e-19	90.9	solute carrier family 25 member 33 [Rousettus aegyptiacus]	9407
XP_036189517.1	XP_032990429	26.165	279	301	306	92	3.60e-19	90.9	mitochondrial brown fat uncoupling protein 1 [Rhinolophus ferrumequinum]	59479
XP_036189517.1	XP_019586280	26.117	291	301	305	96	3.66e-19	90.9	mitochondrial brown fat uncoupling protein 1 [Rhinolophus sinicus]	89399
XP_036189517.1	XP_039698226	25.321	312	301	321	95	3.72e-19	90.9	solute carrier family 25 member 33 [Pteropus medius]	143291
XP_036189517.1	XP_054442668	31.541	279	301	302	91	3.73e-19	90.9	mitochondrial glutamate carrier 2 isoform X1 [Pteronotus mesoamericanus]	1884717
XP_036189517.1	XP_054442668	28.191	188	301	302	91	1.04e-11	69.7	mitochondrial glutamate carrier 2 isoform X1 [Pteronotus mesoamericanus]	1884717
XP_036189517.1	XP_054442668	27.568	185	301	302	91	2.49e-11	68.6	mitochondrial glutamate carrier 2 isoform X1 [Pteronotus mesoamericanus]	1884717
XP_036189517.1	XP_008153002	29.185	233	301	304	77	3.87e-19	90.9	mitochondrial glycine transporter isoform X1 [Eptesicus fuscus]	29078
XP_036189517.1	XP_039731761	26.207	290	301	305	95	4.01e-19	90.5	mitochondrial brown fat uncoupling protein 1 [Pteropus medius]	143291
XP_036189517.1	XP_036299408	24.484	339	301	351	96	4.02e-19	91.3	LOW QUALITY PROTEIN: solute carrier family 25 member 39-like [Pipistrellus kuhlii]	59472
XP_036189517.1	XP_037004559	26.897	290	301	309	94	4.07e-19	90.9	mitochondrial uncoupling protein 2 [Artibeus jamaicensis]	9417
XP_036189517.1	XP_037004559	30.890	191	301	309	94	1.42e-12	72.4	mitochondrial uncoupling protein 2 [Artibeus jamaicensis]	9417
XP_036189517.1	XP_015419263	24.927	341	301	351	96	4.18e-19	91.3	PREDICTED: LOW QUALITY PROTEIN: solute carrier family 25 member 39-like [Myotis davidii]	225400
XP_036189517.1	XP_079650772	29.185	233	301	304	77	4.24e-19	90.5	mitochondrial glycine transporter [Cnephaeus nilssonii]	3371016
XP_036189517.1	XP_036199308	24.643	280	301	478	92	4.44e-19	92.4	calcium-binding mitochondrial carrier protein SCaMC-1 [Myotis myotis]	51298
XP_036189517.1	XP_036103321	25.305	328	301	339	97	4.54e-19	90.9	solute carrier family 25 member 40 isoform X1 [Molossus molossus]	27622
XP_036189517.1	XP_045674120	27.491	291	301	309	94	4.59e-19	90.5	mitochondrial uncoupling protein 2 [Phyllostomus hastatus]	9423
XP_036189517.1	XP_045674120	30.366	191	301	309	94	2.58e-12	71.6	mitochondrial uncoupling protein 2 [Phyllostomus hastatus]	9423
XP_036189517.1	XP_039734438	25.979	281	301	504	92	4.62e-19	92.4	mitochondrial adenyl nucleotide antiporter SLC25A23 isoform X1 [Pteropus medius]	143291
XP_036189517.1	XP_015455313	25.000	328	301	338	97	4.63e-19	90.9	solute carrier family 25 member 40 isoform X1 [Pteropus alecto]	9402
XP_036189517.1	XP_006925778	25.000	328	301	338	97	4.63e-19	90.9	solute carrier family 25 member 40 isoform X1 [Pteropus alecto]	9402
XP_036189517.1	XP_011362376	25.000	328	301	338	97	4.63e-19	90.9	solute carrier family 25 member 40 isoform X1 [Pteropus vampyrus]	132908
XP_036189517.1	XP_011362366	25.000	328	301	338	97	4.63e-19	90.9	solute carrier family 25 member 40 isoform X1 [Pteropus vampyrus]	132908
XP_036189517.1	XP_039734138	25.000	328	301	338	97	4.63e-19	90.9	mitochondrial glutathione transporter SLC25A40 isoform X1 [Pteropus medius]	143291
XP_036189517.1	XP_039734137	25.000	328	301	338	97	4.63e-19	90.9	mitochondrial glutathione transporter SLC25A40 isoform X1 [Pteropus medius]	143291
XP_036189517.1	XP_006904205	25.979	281	301	468	92	4.74e-19	92.0	calcium-binding mitochondrial carrier protein SCaMC-3 isoform X1 [Pteropus alecto]	9402
XP_036189517.1	XP_080959987	25.357	280	301	344	92	4.81e-19	90.9	mitochondrial adenyl nucleotide antiporter SLC25A25 isoform 2 [Myotis nattereri]	109481
XP_036189517.1	XP_036885087	26.578	301	301	330	95	4.93e-19	90.9	mitochondrial coenzyme A transporter SLC25A16 [Sturnira hondurensis]	192404
XP_036189517.1	XP_005860478	28.512	242	301	294	79	5.01e-19	90.1	PREDICTED: solute carrier family 25 member 38 isoform X2 [Myotis brandtii]	109478
XP_036189517.1	XP_081016090	30.290	241	301	287	79	5.35e-19	90.1	mitochondrial glycine transporter isoform 2 [Miniopterus schreibersii]	9433
XP_036189517.1	XP_016009570	27.241	290	301	306	95	5.54e-19	90.1	mitochondrial brown fat uncoupling protein 1 isoform X1 [Rousettus aegyptiacus]	9407
XP_036189517.1	XP_011372612	26.207	290	301	305	95	5.74e-19	90.1	mitochondrial brown fat uncoupling protein 1 [Pteropus vampyrus]	132908
XP_036189517.1	XP_019504983	27.148	291	301	309	94	5.83e-19	90.1	PREDICTED: mitochondrial uncoupling protein 2 [Hipposideros armiger]	186990
XP_036189517.1	XP_019504983	30.435	184	301	309	94	1.49e-11	69.3	PREDICTED: mitochondrial uncoupling protein 2 [Hipposideros armiger]	186990
XP_036189517.1	XP_019504982	27.148	291	301	309	94	5.83e-19	90.1	PREDICTED: mitochondrial uncoupling protein 2 [Hipposideros armiger]	186990
XP_036189517.1	XP_019504982	30.435	184	301	309	94	1.49e-11	69.3	PREDICTED: mitochondrial uncoupling protein 2 [Hipposideros armiger]	186990
XP_036189517.1	XP_039734439	25.979	281	301	468	92	6.13e-19	92.0	mitochondrial adenyl nucleotide antiporter SLC25A23 isoform X2 [Pteropus medius]	143291
XP_036189517.1	XP_053528760	24.845	322	301	336	96	6.27e-19	90.5	probable mitochondrial glutathione transporter SLC25A40 [Artibeus jamaicensis]	9417
XP_036189517.1	XP_036985166	24.845	322	301	336	96	6.27e-19	90.5	probable mitochondrial glutathione transporter SLC25A40 [Artibeus jamaicensis]	9417
XP_036189517.1	XP_080530601	25.714	280	301	468	92	6.31e-19	91.7	mitochondrial adenyl nucleotide antiporter SLC25A23 isoform 1 [Plecotus auritus]	61862
XP_036189517.1	XP_080543662	27.240	279	301	319	90	6.72e-19	90.1	putative mitochondrial transporter UCP3 isoform 1 [Plecotus auritus]	61862
XP_036189517.1	XP_080543661	27.240	279	301	319	90	6.72e-19	90.1	putative mitochondrial transporter UCP3 isoform 1 [Plecotus auritus]	61862
XP_036189517.1	XP_066201339	24.643	280	301	468	92	7.14e-19	91.7	mitochondrial adenyl nucleotide antiporter SLC25A23 [Saccopteryx leptura]	249018
XP_036189517.1	XP_070252278	25.000	280	301	478	92	7.29e-19	91.7	mitochondrial adenyl nucleotide antiporter SLC25A24 [Myotis yumanensis]	159337
XP_036189517.1	XP_059520433	28.755	233	301	287	77	7.30e-19	89.7	mitochondrial glycine transporter isoform X2 [Myotis daubentonii]	98922
XP_036189517.1	XP_019584238	25.000	280	301	517	92	7.48e-19	91.7	mitochondrial adenyl nucleotide antiporter SLC25A25 isoform X1 [Rhinolophus sinicus]	89399
XP_036189517.1	XP_019584242	25.000	280	301	481	92	7.58e-19	91.7	mitochondrial adenyl nucleotide antiporter SLC25A25 isoform X5 [Rhinolophus sinicus]	89399
XP_036189517.1	XP_019584239	25.000	280	301	505	92	7.67e-19	91.7	mitochondrial adenyl nucleotide antiporter SLC25A25 isoform X2 [Rhinolophus sinicus]	89399
XP_036189517.1	XP_019584243	25.000	280	301	469	92	7.74e-19	91.7	mitochondrial adenyl nucleotide antiporter SLC25A25 isoform X6 [Rhinolophus sinicus]	89399
XP_036189517.1	XP_015423890	28.512	242	301	287	79	8.15e-19	89.4	PREDICTED: solute carrier family 25 member 38 isoform X3 [Myotis davidii]	225400
XP_036189517.1	XP_045692582	25.817	306	301	316	96	8.38e-19	90.1	solute carrier family 25 member 39 isoform X3 [Phyllostomus hastatus]	9423
XP_036189517.1	XP_019584241	25.000	280	301	489	92	8.41e-19	91.7	mitochondrial adenyl nucleotide antiporter SLC25A25 isoform X4 [Rhinolophus sinicus]	89399
XP_036189517.1	XP_005860148	25.623	281	301	458	92	8.77e-19	91.3	PREDICTED: calcium-binding mitochondrial carrier protein SCaMC-1 [Myotis brandtii]	109478
XP_036189517.1	XP_019584240	25.000	280	301	501	92	8.82e-19	91.7	mitochondrial adenyl nucleotide antiporter SLC25A25 isoform X3 [Rhinolophus sinicus]	89399
XP_036189517.1	XP_036123154	29.060	234	301	254	77	9.43e-19	88.6	mitochondrial glycine transporter isoform X2 [Molossus molossus]	27622
XP_036189517.1	XP_016074358	26.894	264	301	290	78	9.52e-19	89.4	PREDICTED: solute carrier family 25 member 40 isoform X2 [Miniopterus natalensis]	291302
XP_036189517.1	XP_059520432	28.755	233	301	304	77	9.82e-19	89.7	mitochondrial glycine transporter isoform X1 [Myotis daubentonii]	98922
XP_036189517.1	XP_032963553	26.552	290	301	302	91	1.03e-18	89.4	LOW QUALITY PROTEIN: mitochondrial folate transporter/carrier-like [Rhinolophus ferrumequinum]	59479
XP_036189517.1	XP_036180911	27.491	291	301	366	94	1.06e-18	90.5	mitochondrial uncoupling protein 2 isoform X1 [Myotis myotis]	51298
XP_036189517.1	XP_036180911	30.811	185	301	366	94	1.32e-11	69.7	mitochondrial uncoupling protein 2 isoform X1 [Myotis myotis]	51298
XP_036189517.1	XP_080969067	25.267	281	301	458	92	1.06e-18	91.3	mitochondrial adenyl nucleotide antiporter SLC25A24 isoform 2 [Myotis nattereri]	109481
XP_036189517.1	XP_080969066	24.643	280	301	478	92	1.07e-18	91.3	mitochondrial adenyl nucleotide antiporter SLC25A24 isoform 1 [Myotis nattereri]	109481
XP_036189517.1	XP_016051645	30.342	234	301	304	77	1.10e-18	89.4	PREDICTED: solute carrier family 25 member 38 isoform X1 [Miniopterus natalensis]	291302
XP_036189517.1	XP_006770610	28.755	233	301	304	77	1.10e-18	89.4	PREDICTED: solute carrier family 25 member 38 isoform X1 [Myotis davidii]	225400
XP_036189517.1	XP_081016089	30.342	234	301	304	77	1.10e-18	89.4	mitochondrial glycine transporter isoform 1 [Miniopterus schreibersii]	9433
XP_036189517.1	XP_054565357	26.855	283	301	334	77	1.11e-18	89.7	probable mitochondrial glutathione transporter SLC25A39 isoform X3 [Eptesicus fuscus]	29078
XP_036189517.1	XP_023619157	28.326	233	301	282	77	1.16e-18	89.0	solute carrier family 25 member 38 isoform X3 [Myotis lucifugus]	59463
XP_036189517.1	XP_036180897	27.675	271	301	373	87	1.18e-18	90.1	mitochondrial uncoupling protein 3 isoform X2 [Myotis myotis]	51298
XP_036189517.1	XP_070247665	28.099	242	301	287	79	1.28e-18	89.0	mitochondrial glycine transporter isoform X3 [Myotis yumanensis]	159337
XP_036189517.1	XP_054432818	29.478	268	301	676	88	1.29e-18	91.3	LOW QUALITY PROTEIN: electrogenic aspartate/glutamate antiporter SLC25A12, mitochondrial-like [Pteronotus mesoamericanus]	1884717
XP_036189517.1	XP_016000770	25.623	281	301	468	92	1.32e-18	90.9	calcium-binding mitochondrial carrier protein SCaMC-3 [Rousettus aegyptiacus]	9407
XP_036189517.1	XP_054582481	23.620	326	301	340	96	1.32e-18	89.7	probable mitochondrial glutathione transporter SLC25A40 isoform X1 [Eptesicus fuscus]	29078
XP_036189517.1	XP_054582480	23.620	326	301	340	96	1.32e-18	89.7	probable mitochondrial glutathione transporter SLC25A40 isoform X1 [Eptesicus fuscus]	29078
XP_036189517.1	XP_054582479	23.620	326	301	340	96	1.32e-18	89.7	probable mitochondrial glutathione transporter SLC25A40 isoform X1 [Eptesicus fuscus]	29078
XP_036189517.1	XP_054582478	23.620	326	301	340	96	1.32e-18	89.7	probable mitochondrial glutathione transporter SLC25A40 isoform X1 [Eptesicus fuscus]	29078
XP_036189517.1	XP_032989697	25.979	281	301	535	92	1.41e-18	90.9	calcium-binding mitochondrial carrier protein SCaMC-3 isoform X1 [Rhinolophus ferrumequinum]	59479
XP_036189517.1	XP_005884468	25.357	280	301	432	92	1.42e-18	90.5	PREDICTED: calcium-binding mitochondrial carrier protein SCaMC-3 [Myotis brandtii]	109478
XP_036189517.1	XP_053776273	25.000	280	301	378	92	1.43e-18	90.1	mitochondrial adenyl nucleotide antiporter SLC25A25 isoform X7 [Desmodus rotundus]	9430
XP_036189517.1	XP_006092679	24.643	280	301	458	92	1.44e-18	90.9	calcium-binding mitochondrial carrier protein SCaMC-1 [Myotis lucifugus]	59463
XP_036189517.1	XP_023619156	28.326	233	301	287	77	1.52e-18	88.6	solute carrier family 25 member 38 isoform X2 [Myotis lucifugus]	59463
XP_036189517.1	XP_059514129	25.357	280	301	500	92	1.55e-18	90.9	mitochondrial adenyl nucleotide antiporter SLC25A25 isoform X3 [Myotis daubentonii]	98922
XP_036189517.1	XP_036112153	25.559	313	301	321	95	1.57e-18	89.4	solute carrier family 25 member 33 [Molossus molossus]	27622
XP_036189517.1	XP_016069310	28.374	289	301	315	87	1.61e-18	89.4	PREDICTED: mitochondrial glutamate carrier 2 [Miniopterus natalensis]	291302
XP_036189517.1	XP_006768582	25.357	280	301	489	92	1.72e-18	90.5	PREDICTED: calcium-binding mitochondrial carrier protein SCaMC-2 isoform X4 [Myotis davidii]	225400
XP_036189517.1	XP_036287823	28.692	237	301	287	78	1.73e-18	88.6	mitochondrial glycine transporter isoform X3 [Pipistrellus kuhlii]	59472
XP_036189517.1	XP_019504887	29.200	250	301	296	79	1.75e-18	88.6	PREDICTED: mitochondrial uncoupling protein 3 isoform X2 [Hipposideros armiger]	186990
XP_036189517.1	XP_036287822	28.692	237	301	304	78	1.75e-18	89.0	mitochondrial glycine transporter isoform X2 [Pipistrellus kuhlii]	59472
XP_036189517.1	XP_070286686	25.357	280	301	500	92	1.77e-18	90.5	mitochondrial adenyl nucleotide antiporter SLC25A25 isoform X3 [Myotis yumanensis]	159337
XP_036189517.1	XP_006768581	25.357	280	301	500	92	1.77e-18	90.5	PREDICTED: calcium-binding mitochondrial carrier protein SCaMC-2 isoform X3 [Myotis davidii]	225400
XP_036189517.1	XP_036185439	25.357	280	301	500	92	1.77e-18	90.5	calcium-binding mitochondrial carrier protein SCaMC-2 isoform X3 [Myotis myotis]	51298
XP_036189517.1	XP_006102132	25.357	280	301	500	92	1.77e-18	90.5	calcium-binding mitochondrial carrier protein SCaMC-2 isoform X2 [Myotis lucifugus]	59463
XP_036189517.1	XP_080959986	25.357	280	301	500	92	1.77e-18	90.5	mitochondrial adenyl nucleotide antiporter SLC25A25 isoform 1 [Myotis nattereri]	109481
XP_036189517.1	XP_059514130	25.357	280	301	489	92	1.78e-18	90.5	mitochondrial adenyl nucleotide antiporter SLC25A25 isoform X4 [Myotis daubentonii]	98922
XP_036189517.1	XP_036185440	25.357	280	301	489	92	1.80e-18	90.5	calcium-binding mitochondrial carrier protein SCaMC-2 isoform X4 [Myotis myotis]	51298
XP_036189517.1	XP_080959989	25.357	280	301	489	92	1.80e-18	90.5	mitochondrial adenyl nucleotide antiporter SLC25A25 isoform 4 [Myotis nattereri]	109481
XP_036189517.1	XP_070247662	28.326	233	301	304	77	1.80e-18	89.0	mitochondrial glycine transporter isoform X1 [Myotis yumanensis]	159337
XP_036189517.1	XP_045046436	25.938	320	301	320	98	1.82e-18	89.0	solute carrier family 25 member 33 isoform X1 [Desmodus rotundus]	9430
XP_036189517.1	XP_059514127	25.357	280	301	512	92	1.85e-18	90.5	mitochondrial adenyl nucleotide antiporter SLC25A25 isoform X1 [Myotis daubentonii]	98922
XP_036189517.1	XP_059514132	25.357	280	301	469	92	1.88e-18	90.5	mitochondrial adenyl nucleotide antiporter SLC25A25 isoform X6 [Myotis daubentonii]	98922
XP_036189517.1	XP_036185438	25.357	280	301	501	92	1.94e-18	90.5	calcium-binding mitochondrial carrier protein SCaMC-2 isoform X2 [Myotis myotis]	51298
XP_036189517.1	XP_080959990	25.357	280	301	501	92	1.94e-18	90.5	mitochondrial adenyl nucleotide antiporter SLC25A25 isoform 5 [Myotis nattereri]	109481
XP_036189517.1	XP_059514131	25.357	280	301	481	92	1.95e-18	90.5	mitochondrial adenyl nucleotide antiporter SLC25A25 isoform X5 [Myotis daubentonii]	98922
XP_036189517.1	XP_070286689	25.357	280	301	469	92	1.95e-18	90.5	mitochondrial adenyl nucleotide antiporter SLC25A25 isoform X6 [Myotis yumanensis]	159337
XP_036189517.1	XP_006768584	25.357	280	301	469	92	1.95e-18	90.5	PREDICTED: calcium-binding mitochondrial carrier protein SCaMC-2 isoform X6 [Myotis davidii]	225400
XP_036189517.1	XP_005881490	25.357	280	301	469	92	1.95e-18	90.5	PREDICTED: calcium-binding mitochondrial carrier protein SCaMC-2 isoform X4 [Myotis brandtii]	109478
XP_036189517.1	XP_036185442	25.357	280	301	469	92	1.95e-18	90.5	calcium-binding mitochondrial carrier protein SCaMC-2 isoform X6 [Myotis myotis]	51298
XP_036189517.1	XP_006102135	25.357	280	301	469	92	1.95e-18	90.5	calcium-binding mitochondrial carrier protein SCaMC-2 isoform X4 [Myotis lucifugus]	59463
XP_036189517.1	XP_081003713	26.894	264	301	294	78	1.97e-18	88.6	mitochondrial glutathione transporter SLC25A40 isoform 2 [Miniopterus schreibersii]	9433
XP_036189517.1	XP_080932296	25.979	281	301	523	92	1.99e-18	90.5	mitochondrial adenyl nucleotide antiporter SLC25A23 [Rhinolophus hipposideros]	77218
XP_036189517.1	XP_059514128	25.357	280	301	501	92	1.99e-18	90.5	mitochondrial adenyl nucleotide antiporter SLC25A25 isoform X2 [Myotis daubentonii]	98922
XP_036189517.1	XP_070286685	25.357	280	301	501	92	2.07e-18	90.5	mitochondrial adenyl nucleotide antiporter SLC25A25 isoform X2 [Myotis yumanensis]	159337
XP_036189517.1	XP_006768580	25.357	280	301	501	92	2.07e-18	90.5	PREDICTED: calcium-binding mitochondrial carrier protein SCaMC-2 isoform X2 [Myotis davidii]	225400
XP_036189517.1	XP_070286687	25.357	280	301	489	92	2.11e-18	90.5	mitochondrial adenyl nucleotide antiporter SLC25A25 isoform X4 [Myotis yumanensis]	159337
XP_036189517.1	XP_070286690	25.357	280	301	429	92	2.11e-18	90.1	mitochondrial adenyl nucleotide antiporter SLC25A25 isoform X7 [Myotis yumanensis]	159337
XP_036189517.1	XP_006763178	25.267	281	301	379	92	2.14e-18	89.7	PREDICTED: calcium-binding mitochondrial carrier protein SCaMC-1 [Myotis davidii]	225400
XP_036189517.1	XP_070286688	25.357	280	301	481	92	2.14e-18	90.5	mitochondrial adenyl nucleotide antiporter SLC25A25 isoform X5 [Myotis yumanensis]	159337
XP_036189517.1	XP_006768583	25.357	280	301	481	92	2.14e-18	90.5	PREDICTED: calcium-binding mitochondrial carrier protein SCaMC-2 isoform X5 [Myotis davidii]	225400
XP_036189517.1	XP_005881489	25.357	280	301	481	92	2.14e-18	90.5	PREDICTED: calcium-binding mitochondrial carrier protein SCaMC-2 isoform X3 [Myotis brandtii]	109478
XP_036189517.1	XP_036185441	25.357	280	301	481	92	2.14e-18	90.5	calcium-binding mitochondrial carrier protein SCaMC-2 isoform X5 [Myotis myotis]	51298
XP_036189517.1	XP_006102134	25.357	280	301	481	92	2.14e-18	90.5	calcium-binding mitochondrial carrier protein SCaMC-2 isoform X3 [Myotis lucifugus]	59463
XP_036189517.1	XP_014385413	28.866	291	301	313	87	2.16e-18	89.0	PREDICTED: mitochondrial glutamate carrier 2 [Myotis brandtii]	109478
XP_036189517.1	XP_014385412	28.866	291	301	313	87	2.16e-18	89.0	PREDICTED: mitochondrial glutamate carrier 2 [Myotis brandtii]	109478
XP_036189517.1	XP_014385411	28.866	291	301	313	87	2.16e-18	89.0	PREDICTED: mitochondrial glutamate carrier 2 [Myotis brandtii]	109478
XP_036189517.1	XP_005882259	28.866	291	301	313	87	2.16e-18	89.0	PREDICTED: mitochondrial glutamate carrier 2 [Myotis brandtii]	109478
XP_036189517.1	XP_005882258	28.866	291	301	313	87	2.16e-18	89.0	PREDICTED: mitochondrial glutamate carrier 2 [Myotis brandtii]	109478
XP_036189517.1	XP_070265394	28.866	291	301	313	87	2.18e-18	88.6	mitochondrial glutamate carrier 2 [Myotis yumanensis]	159337
XP_036189517.1	XP_070265393	28.866	291	301	313	87	2.18e-18	88.6	mitochondrial glutamate carrier 2 [Myotis yumanensis]	159337
XP_036189517.1	XP_070265392	28.866	291	301	313	87	2.18e-18	88.6	mitochondrial glutamate carrier 2 [Myotis yumanensis]	159337
XP_036189517.1	XP_005881488	25.357	280	301	489	92	2.20e-18	90.5	PREDICTED: calcium-binding mitochondrial carrier protein SCaMC-2 isoform X2 [Myotis brandtii]	109478
XP_036189517.1	XP_080935587	25.610	328	301	339	97	2.25e-18	89.0	mitochondrial glutathione transporter SLC25A40 isoform 2 [Rhinolophus hipposideros]	77218
XP_036189517.1	XP_079646182	25.357	280	301	469	92	2.27e-18	90.1	mitochondrial adenyl nucleotide antiporter SLC25A25 isoform 2 [Cnephaeus nilssonii]	3371016
XP_036189517.1	XP_008150806	25.357	280	301	500	92	2.29e-18	90.5	calcium-binding mitochondrial carrier protein SCaMC-2 isoform X2 [Eptesicus fuscus]	29078
XP_036189517.1	XP_080524691	25.357	280	301	500	92	2.29e-18	90.5	mitochondrial adenyl nucleotide antiporter SLC25A25 isoform 2 [Plecotus auritus]	61862
XP_036189517.1	XP_079646181	25.357	280	301	500	92	2.29e-18	90.5	mitochondrial adenyl nucleotide antiporter SLC25A25 isoform 1 [Cnephaeus nilssonii]	3371016
XP_036189517.1	XP_070286684	25.357	280	301	512	92	2.30e-18	90.5	mitochondrial adenyl nucleotide antiporter SLC25A25 isoform X1 [Myotis yumanensis]	159337
XP_036189517.1	XP_006768579	25.357	280	301	512	92	2.30e-18	90.5	PREDICTED: calcium-binding mitochondrial carrier protein SCaMC-2 isoform X1 [Myotis davidii]	225400
XP_036189517.1	XP_036185437	25.357	280	301	512	92	2.30e-18	90.5	calcium-binding mitochondrial carrier protein SCaMC-2 isoform X1 [Myotis myotis]	51298
XP_036189517.1	XP_006102130	25.357	280	301	512	92	2.30e-18	90.5	calcium-binding mitochondrial carrier protein SCaMC-2 isoform X1 [Myotis lucifugus]	59463
XP_036189517.1	XP_080959988	25.357	280	301	512	92	2.30e-18	90.5	mitochondrial adenyl nucleotide antiporter SLC25A25 isoform 3 [Myotis nattereri]	109481
XP_036189517.1	XP_016053401	25.357	280	301	468	92	2.31e-18	90.1	PREDICTED: calcium-binding mitochondrial carrier protein SCaMC-3 [Miniopterus natalensis]	291302
XP_036189517.1	XP_080524694	25.357	280	301	501	92	2.32e-18	90.5	mitochondrial adenyl nucleotide antiporter SLC25A25 isoform 5 [Plecotus auritus]	61862
XP_036189517.1	XP_006764194	28.866	291	301	313	87	2.34e-18	88.6	PREDICTED: mitochondrial glutamate carrier 2 [Myotis davidii]	225400
XP_036189517.1	XP_080992606	25.357	280	301	468	92	2.35e-18	90.1	mitochondrial adenyl nucleotide antiporter SLC25A23 isoform 1 [Miniopterus schreibersii]	9433
XP_036189517.1	XP_036123153	29.060	234	301	287	77	2.36e-18	88.2	mitochondrial glycine transporter isoform X1 [Molossus molossus]	27622
XP_036189517.1	XP_053776248	25.000	280	301	500	92	2.38e-18	90.1	mitochondrial adenyl nucleotide antiporter SLC25A25 isoform X3 [Desmodus rotundus]	9430
XP_036189517.1	XP_036287821	28.692	237	301	308	78	2.42e-18	88.6	mitochondrial glycine transporter isoform X1 [Pipistrellus kuhlii]	59472
XP_036189517.1	XP_008150804	25.357	280	301	512	92	2.45e-18	90.1	calcium-binding mitochondrial carrier protein SCaMC-2 isoform X1 [Eptesicus fuscus]	29078
XP_036189517.1	XP_080524690	25.357	280	301	512	92	2.45e-18	90.1	mitochondrial adenyl nucleotide antiporter SLC25A25 isoform 1 [Plecotus auritus]	61862
XP_036189517.1	XP_080939658	29.452	292	301	313	87	2.46e-18	88.6	mitochondrial glutamate carrier 2 [Myotis nattereri]	109481
XP_036189517.1	XP_053776252	25.000	280	301	490	92	2.52e-18	90.1	mitochondrial adenyl nucleotide antiporter SLC25A25 isoform X4 [Desmodus rotundus]	9430
XP_036189517.1	XP_005881487	25.357	280	301	501	92	2.52e-18	90.1	PREDICTED: calcium-binding mitochondrial carrier protein SCaMC-2 isoform X1 [Myotis brandtii]	109478
XP_036189517.1	XP_080524695	25.357	280	301	489	92	2.56e-18	90.1	mitochondrial adenyl nucleotide antiporter SLC25A25 isoform 6 [Plecotus auritus]	61862
XP_036189517.1	XP_045715902	26.537	309	301	320	94	2.58e-18	88.6	solute carrier family 25 member 33 [Phyllostomus hastatus]	9423
XP_036189517.1	XP_023606980	29.758	289	301	313	87	2.61e-18	88.6	mitochondrial glutamate carrier 2 [Myotis lucifugus]	59463
XP_036189517.1	XP_036116752	25.000	280	301	500	92	2.61e-18	90.1	calcium-binding mitochondrial carrier protein SCaMC-2 isoform X3 [Molossus molossus]	27622
XP_036189517.1	XP_053776260	25.000	280	301	481	92	2.66e-18	90.1	mitochondrial adenyl nucleotide antiporter SLC25A25 isoform X5 [Desmodus rotundus]	9430
XP_036189517.1	XP_016019226	25.000	280	301	481	92	2.66e-18	90.1	calcium-binding mitochondrial carrier protein SCaMC-2 isoform X6 [Rousettus aegyptiacus]	9407
XP_036189517.1	XP_036205594	26.117	291	301	340	88	2.72e-18	89.0	solute carrier family 25 member 33 isoform X1 [Myotis myotis]	51298
XP_036189517.1	XP_053776270	25.000	280	301	469	92	2.75e-18	90.1	mitochondrial adenyl nucleotide antiporter SLC25A25 isoform X6 [Desmodus rotundus]	9430
XP_036189517.1	XP_008150807	25.357	280	301	489	92	2.76e-18	90.1	calcium-binding mitochondrial carrier protein SCaMC-2 isoform X6 [Eptesicus fuscus]	29078
XP_036189517.1	XP_053776236	25.000	280	301	512	92	2.78e-18	90.1	mitochondrial adenyl nucleotide antiporter SLC25A25 isoform X1 [Desmodus rotundus]	9430
XP_036189517.1	XP_053776243	25.000	280	301	502	92	2.78e-18	90.1	mitochondrial adenyl nucleotide antiporter SLC25A25 isoform X2 [Desmodus rotundus]	9430
XP_036189517.1	XP_005873528	25.773	291	301	304	88	2.83e-18	88.2	PREDICTED: solute carrier family 25 member 33 [Myotis brandtii]	109478
XP_036189517.1	XP_036094206	25.000	280	301	513	92	2.86e-18	90.1	calcium-binding mitochondrial carrier protein SCaMC-2 isoform X4 [Rousettus aegyptiacus]	9407
XP_036189517.1	XP_027983137	25.357	280	301	481	92	2.87e-18	90.1	calcium-binding mitochondrial carrier protein SCaMC-2 isoform X3 [Eptesicus fuscus]	29078
XP_036189517.1	XP_080524692	25.357	280	301	481	92	2.87e-18	90.1	mitochondrial adenyl nucleotide antiporter SLC25A25 isoform 3 [Plecotus auritus]	61862
XP_036189517.1	XP_036155335	28.866	291	301	313	87	2.88e-18	88.6	mitochondrial glutamate carrier 2 [Myotis myotis]	51298
XP_036189517.1	XP_036155334	28.866	291	301	313	87	2.88e-18	88.6	mitochondrial glutamate carrier 2 [Myotis myotis]	51298
XP_036189517.1	XP_036155333	28.866	291	301	313	87	2.88e-18	88.6	mitochondrial glutamate carrier 2 [Myotis myotis]	51298
XP_036189517.1	XP_016019225	25.000	280	301	489	92	2.92e-18	90.1	calcium-binding mitochondrial carrier protein SCaMC-2 isoform X2 [Rousettus aegyptiacus]	9407
XP_036189517.1	XP_016019224	25.000	280	301	501	92	2.94e-18	90.1	calcium-binding mitochondrial carrier protein SCaMC-2 isoform X5 [Rousettus aegyptiacus]	9407
XP_036189517.1	XP_016019227	25.000	280	301	469	92	2.97e-18	89.7	calcium-binding mitochondrial carrier protein SCaMC-2 isoform X3 [Rousettus aegyptiacus]	9407
XP_036189517.1	XP_008150805	25.357	280	301	501	92	2.99e-18	90.1	calcium-binding mitochondrial carrier protein SCaMC-2 isoform X5 [Eptesicus fuscus]	29078
XP_036189517.1	XP_008150808	25.357	280	301	469	92	3.00e-18	89.7	calcium-binding mitochondrial carrier protein SCaMC-2 isoform X4 [Eptesicus fuscus]	29078
XP_036189517.1	XP_080524693	25.357	280	301	469	92	3.00e-18	89.7	mitochondrial adenyl nucleotide antiporter SLC25A25 isoform 4 [Plecotus auritus]	61862
XP_036189517.1	XP_059540286	29.758	289	301	313	87	3.00e-18	88.2	mitochondrial glutamate carrier 2 isoform X1 [Myotis daubentonii]	98922
XP_036189517.1	XP_059540285	29.758	289	301	313	87	3.00e-18	88.2	mitochondrial glutamate carrier 2 isoform X1 [Myotis daubentonii]	98922
XP_036189517.1	XP_059540284	29.758	289	301	313	87	3.00e-18	88.2	mitochondrial glutamate carrier 2 isoform X1 [Myotis daubentonii]	98922
XP_036189517.1	XP_059540283	29.758	289	301	313	87	3.00e-18	88.2	mitochondrial glutamate carrier 2 isoform X1 [Myotis daubentonii]	98922
XP_036189517.1	XP_036116751	25.000	280	301	501	92	3.05e-18	90.1	calcium-binding mitochondrial carrier protein SCaMC-2 isoform X2 [Molossus molossus]	27622
XP_036189517.1	XP_016019228	25.000	280	301	501	92	3.08e-18	90.1	calcium-binding mitochondrial carrier protein SCaMC-2 isoform X1 [Rousettus aegyptiacus]	9407
XP_036189517.1	XP_059564466	27.206	272	301	291	87	3.09e-18	87.8	putative mitochondrial transporter UCP3 isoform X2 [Myotis daubentonii]	98922
XP_036189517.1	XP_036116756	25.000	280	301	469	92	3.14e-18	89.7	calcium-binding mitochondrial carrier protein SCaMC-2 isoform X6 [Molossus molossus]	27622
XP_036189517.1	XP_079646183	25.357	280	301	529	92	3.23e-18	90.1	mitochondrial adenyl nucleotide antiporter SLC25A25 isoform 3 [Cnephaeus nilssonii]	3371016
XP_036189517.1	XP_036116750	25.000	280	301	512	92	3.29e-18	90.1	calcium-binding mitochondrial carrier protein SCaMC-2 isoform X1 [Molossus molossus]	27622
XP_036189517.1	XP_036116754	25.000	280	301	489	92	3.30e-18	89.7	calcium-binding mitochondrial carrier protein SCaMC-2 isoform X4 [Molossus molossus]	27622
XP_036189517.1	XP_080985435	27.682	289	301	314	87	3.32e-18	88.2	mitochondrial glutamate carrier 2 isoform 4 [Miniopterus schreibersii]	9433
XP_036189517.1	XP_036116755	25.000	280	301	481	92	3.47e-18	89.7	calcium-binding mitochondrial carrier protein SCaMC-2 isoform X5 [Molossus molossus]	27622
XP_036189517.1	XP_036189119	28.099	242	301	287	79	3.59e-18	87.8	mitochondrial glycine transporter isoform X4 [Myotis myotis]	51298
XP_036189517.1	XP_036097447	25.357	280	301	468	92	3.61e-18	89.7	calcium-binding mitochondrial carrier protein SCaMC-3 isoform X1 [Molossus molossus]	27622
XP_036189517.1	XP_032971073	25.249	301	301	313	92	3.62e-18	88.2	solute carrier family 25 member 33 isoform X2 [Rhinolophus ferrumequinum]	59479
XP_036189517.1	XP_028379147	29.577	213	301	341	68	3.70e-18	88.6	solute carrier family 25 member 43 isoform X1 [Phyllostomus discolor]	89673
XP_036189517.1	XP_036892699	25.000	280	301	469	92	3.73e-18	89.7	mitochondrial adenyl nucleotide antiporter SLC25A25 isoform X6 [Sturnira hondurensis]	192404
XP_036189517.1	XP_036892698	25.000	280	301	481	92	3.75e-18	89.7	mitochondrial adenyl nucleotide antiporter SLC25A25 isoform X5 [Sturnira hondurensis]	192404
XP_036189517.1	XP_080941113	25.872	344	301	349	96	3.87e-18	88.6	LOW QUALITY PROTEIN: mitochondrial glutathione transporter SLC25A39-like [Myotis nattereri]	109481
XP_036189517.1	XP_014390403	28.099	242	301	287	79	4.01e-18	87.4	PREDICTED: solute carrier family 25 member 38 isoform X3 [Myotis brandtii]	109478
XP_036189517.1	XP_036892694	25.000	280	301	512	92	4.09e-18	89.7	mitochondrial adenyl nucleotide antiporter SLC25A25 isoform X1 [Sturnira hondurensis]	192404
XP_036189517.1	XP_036892695	25.000	280	301	501	92	4.09e-18	89.7	mitochondrial adenyl nucleotide antiporter SLC25A25 isoform X2 [Sturnira hondurensis]	192404
XP_036189517.1	XP_036189121	28.326	233	301	287	77	4.09e-18	87.4	mitochondrial glycine transporter isoform X5 [Myotis myotis]	51298
XP_036189517.1	XP_059520437	28.755	233	301	339	77	4.11e-18	88.2	mitochondrial glycine transporter isoform X6 [Myotis daubentonii]	98922
XP_036189517.1	XP_036892696	25.000	280	301	500	92	4.20e-18	89.7	mitochondrial adenyl nucleotide antiporter SLC25A25 isoform X3 [Sturnira hondurensis]	192404
XP_036189517.1	XP_070272049	25.357	280	301	468	92	4.29e-18	89.4	mitochondrial adenyl nucleotide antiporter SLC25A23 isoform X1 [Myotis yumanensis]	159337
XP_036189517.1	XP_023378078	31.008	258	301	263	98	4.34e-18	87.0	mitochondrial 2-oxodicarboxylate carrier isoform X3 [Pteropus vampyrus]	132908
XP_036189517.1	XP_023378078	29.064	203	301	263	98	2.98e-12	70.9	mitochondrial 2-oxodicarboxylate carrier isoform X3 [Pteropus vampyrus]	132908
XP_036189517.1	XP_037010382	25.000	280	301	469	92	4.34e-18	89.4	calcium-binding mitochondrial carrier protein SCaMC-2 isoform X3 [Artibeus jamaicensis]	9417
XP_036189517.1	XP_036892697	25.000	280	301	489	92	4.51e-18	89.4	mitochondrial adenyl nucleotide antiporter SLC25A25 isoform X4 [Sturnira hondurensis]	192404
XP_036189517.1	XP_037010126	25.000	280	301	501	92	4.58e-18	89.4	calcium-binding mitochondrial carrier protein SCaMC-2 isoform X1 [Artibeus jamaicensis]	9417
XP_036189517.1	XP_054440296	25.000	280	301	500	92	4.61e-18	89.4	mitochondrial adenyl nucleotide antiporter SLC25A25 isoform X3 [Pteronotus mesoamericanus]	1884717
XP_036189517.1	XP_011362386	27.652	264	301	283	78	4.67e-18	87.4	solute carrier family 25 member 40 isoform X2 [Pteropus vampyrus]	132908
XP_036189517.1	XP_039734139	27.652	264	301	283	78	4.67e-18	87.4	mitochondrial glutathione transporter SLC25A40 isoform X2 [Pteropus medius]	143291
XP_036189517.1	XP_054440294	25.000	280	301	512	92	4.80e-18	89.4	mitochondrial adenyl nucleotide antiporter SLC25A25 isoform X1 [Pteronotus mesoamericanus]	1884717
XP_036189517.1	XP_037010251	25.000	280	301	489	92	4.82e-18	89.4	calcium-binding mitochondrial carrier protein SCaMC-2 isoform X2 [Artibeus jamaicensis]	9417
XP_036189517.1	XP_054432790	32.095	296	301	322	87	4.84e-18	87.8	mitochondrial glutamate carrier 1 isoform X2 [Pteronotus mesoamericanus]	1884717
XP_036189517.1	XP_037010319	25.000	280	301	481	92	4.84e-18	89.4	calcium-binding mitochondrial carrier protein SCaMC-2 isoform X6 [Artibeus jamaicensis]	9417
XP_036189517.1	XP_037010188	25.000	280	301	501	92	4.85e-18	89.4	calcium-binding mitochondrial carrier protein SCaMC-2 isoform X5 [Artibeus jamaicensis]	9417
XP_036189517.1	XP_054440298	25.000	280	301	481	92	4.89e-18	89.4	mitochondrial adenyl nucleotide antiporter SLC25A25 isoform X5 [Pteronotus mesoamericanus]	1884717
XP_036189517.1	XP_015455314	27.652	264	301	283	78	4.96e-18	87.4	solute carrier family 25 member 40 isoform X2 [Pteropus alecto]	9402
XP_036189517.1	XP_036189118	28.326	233	301	304	77	4.99e-18	87.8	mitochondrial glycine transporter isoform X3 [Myotis myotis]	51298
XP_036189517.1	XP_037021194	25.000	280	301	468	92	4.99e-18	89.4	calcium-binding mitochondrial carrier protein SCaMC-3 isoform X2 [Artibeus jamaicensis]	9417
XP_036189517.1	XP_028378672	25.000	280	301	489	92	5.06e-18	89.4	calcium-binding mitochondrial carrier protein SCaMC-2 isoform X4 [Phyllostomus discolor]	89673
XP_036189517.1	XP_035878173	25.000	280	301	481	92	5.07e-18	89.4	calcium-binding mitochondrial carrier protein SCaMC-2 isoform X5 [Phyllostomus discolor]	89673
XP_036189517.1	XP_035878172	25.000	280	301	481	92	5.07e-18	89.4	calcium-binding mitochondrial carrier protein SCaMC-2 isoform X5 [Phyllostomus discolor]	89673
XP_036189517.1	XP_054440295	25.000	280	301	501	92	5.08e-18	89.4	mitochondrial adenyl nucleotide antiporter SLC25A25 isoform X2 [Pteronotus mesoamericanus]	1884717
XP_036189517.1	XP_045701924	25.000	280	301	500	92	5.12e-18	89.4	calcium-binding mitochondrial carrier protein SCaMC-2 isoform X3 [Phyllostomus hastatus]	9423
XP_036189517.1	XP_008148780	25.714	280	301	468	92	5.18e-18	89.4	calcium-binding mitochondrial carrier protein SCaMC-3 [Eptesicus fuscus]	29078
XP_036189517.1	XP_045701926	25.000	280	301	481	92	5.22e-18	89.4	calcium-binding mitochondrial carrier protein SCaMC-2 isoform X5 [Phyllostomus hastatus]	9423
XP_036189517.1	XP_028378663	25.000	280	301	501	92	5.23e-18	89.4	calcium-binding mitochondrial carrier protein SCaMC-2 isoform X2 [Phyllostomus discolor]	89673
XP_036189517.1	XP_037010052	25.000	280	301	513	92	5.24e-18	89.4	calcium-binding mitochondrial carrier protein SCaMC-2 isoform X4 [Artibeus jamaicensis]	9417
XP_036189517.1	XP_028378647	25.000	280	301	500	92	5.27e-18	89.4	calcium-binding mitochondrial carrier protein SCaMC-2 isoform X3 [Phyllostomus discolor]	89673
XP_036189517.1	XP_036308664	25.175	286	301	521	94	5.28e-18	89.4	calcium-binding mitochondrial carrier protein SCaMC-1-like [Pipistrellus kuhlii]	59472
XP_036189517.1	XP_066207063	27.897	233	301	304	77	5.29e-18	87.4	mitochondrial glycine transporter isoform X1 [Saccopteryx leptura]	249018
XP_036189517.1	XP_045701927	25.000	280	301	469	92	5.30e-18	89.4	calcium-binding mitochondrial carrier protein SCaMC-2 isoform X6 [Phyllostomus hastatus]	9423
XP_036189517.1	XP_005860477	28.326	233	301	304	77	5.35e-18	87.4	PREDICTED: solute carrier family 25 member 38 isoform X1 [Myotis brandtii]	109478
XP_036189517.1	XP_045701922	25.000	280	301	501	92	5.38e-18	89.4	calcium-binding mitochondrial carrier protein SCaMC-2 isoform X2 [Phyllostomus hastatus]	9423
XP_036189517.1	XP_028378655	25.000	280	301	469	92	5.51e-18	89.0	calcium-binding mitochondrial carrier protein SCaMC-2 isoform X6 [Phyllostomus discolor]	89673
XP_036189517.1	XP_054440297	25.000	280	301	489	92	5.56e-18	89.4	mitochondrial adenyl nucleotide antiporter SLC25A25 isoform X4 [Pteronotus mesoamericanus]	1884717
XP_036189517.1	XP_045701925	25.000	280	301	489	92	5.61e-18	89.4	calcium-binding mitochondrial carrier protein SCaMC-2 isoform X4 [Phyllostomus hastatus]	9423
XP_036189517.1	XP_032979023	24.643	280	301	471	92	5.65e-18	89.0	calcium-binding mitochondrial carrier protein SCaMC-2 isoform X6 [Rhinolophus ferrumequinum]	59479
XP_036189517.1	XP_045687299	24.643	280	301	416	92	5.70e-18	88.6	calcium-binding mitochondrial carrier protein SCaMC-3 isoform X4 [Phyllostomus hastatus]	9423
XP_036189517.1	XP_045441459	24.405	336	301	349	98	5.78e-18	88.2	tricarboxylate transport protein, mitochondrial isoform X1 [Pipistrellus kuhlii]	59472
XP_036189517.1	XP_028378639	25.000	280	301	512	92	5.80e-18	89.4	calcium-binding mitochondrial carrier protein SCaMC-2 isoform X1 [Phyllostomus discolor]	89673
XP_036189517.1	XP_019509062	25.357	280	301	468	92	5.87e-18	89.0	PREDICTED: calcium-binding mitochondrial carrier protein SCaMC-3 isoform X1 [Hipposideros armiger]	186990
XP_036189517.1	XP_006766694	29.694	229	301	328	89	5.90e-18	87.8	PREDICTED: mitochondrial basic amino acids transporter [Myotis davidii]	225400
XP_036189517.1	XP_006766694	30.806	211	301	328	89	9.46e-17	84.3	PREDICTED: mitochondrial basic amino acids transporter [Myotis davidii]	225400
XP_036189517.1	XP_080985430	27.682	289	301	351	87	5.96e-18	88.2	mitochondrial glutamate carrier 2 isoform 2 [Miniopterus schreibersii]	9433
XP_036189517.1	XP_054440299	25.000	280	301	469	92	6.00e-18	89.0	mitochondrial adenyl nucleotide antiporter SLC25A25 isoform X6 [Pteronotus mesoamericanus]	1884717
XP_036189517.1	XP_066207065	27.935	247	301	295	79	6.01e-18	87.4	mitochondrial glycine transporter isoform X3 [Saccopteryx leptura]	249018
XP_036189517.1	XP_045701921	25.000	280	301	512	92	6.02e-18	89.4	calcium-binding mitochondrial carrier protein SCaMC-2 isoform X1 [Phyllostomus hastatus]	9423
XP_036189517.1	XP_037021195	24.911	281	301	470	92	6.02e-18	89.0	calcium-binding mitochondrial carrier protein SCaMC-3 isoform X1 [Artibeus jamaicensis]	9417
XP_036189517.1	XP_037021195	26.875	160	301	470	92	4.53e-12	71.6	calcium-binding mitochondrial carrier protein SCaMC-3 isoform X1 [Artibeus jamaicensis]	9417
XP_036189517.1	XP_036922015	24.224	322	301	336	96	6.02e-18	87.8	mitochondrial glutathione transporter SLC25A40 [Sturnira hondurensis]	192404
XP_036189517.1	XP_036922014	24.224	322	301	336	96	6.02e-18	87.8	mitochondrial glutathione transporter SLC25A40 [Sturnira hondurensis]	192404
XP_036189517.1	XP_011362526	24.643	280	301	501	92	6.08e-18	89.0	calcium-binding mitochondrial carrier protein SCaMC-2 isoform X1 [Pteropus vampyrus]	132908
XP_036189517.1	XP_066207064	27.897	233	301	297	77	6.12e-18	87.4	mitochondrial glycine transporter isoform X2 [Saccopteryx leptura]	249018
XP_036189517.1	XP_015455315	27.652	264	301	278	78	6.34e-18	87.0	solute carrier family 25 member 40 isoform X3 [Pteropus alecto]	9402
XP_036189517.1	XP_011362393	27.652	264	301	278	78	6.34e-18	87.0	solute carrier family 25 member 40 isoform X3 [Pteropus vampyrus]	132908
XP_036189517.1	XP_039734140	27.652	264	301	278	78	6.34e-18	87.0	mitochondrial glutathione transporter SLC25A40 isoform X3 [Pteropus medius]	143291
XP_036189517.1	XP_011362529	24.643	280	301	469	92	6.35e-18	89.0	calcium-binding mitochondrial carrier protein SCaMC-2 isoform X2 [Pteropus vampyrus]	132908
XP_036189517.1	XP_024424937	25.000	280	301	468	92	6.45e-18	89.0	mitochondrial adenyl nucleotide antiporter SLC25A23 isoform X1 [Desmodus rotundus]	9430
XP_036189517.1	XP_011362530	24.643	280	301	417	92	6.57e-18	88.6	calcium-binding mitochondrial carrier protein SCaMC-2 isoform X3 [Pteropus vampyrus]	132908
XP_036189517.1	XP_032979024	24.643	280	301	469	92	6.79e-18	89.0	calcium-binding mitochondrial carrier protein SCaMC-2 isoform X7 [Rhinolophus ferrumequinum]	59479
XP_036189517.1	XP_079627935	25.357	280	301	468	92	6.83e-18	89.0	mitochondrial adenyl nucleotide antiporter SLC25A23 [Cnephaeus nilssonii]	3371016
XP_036189517.1	XP_039693241	27.459	244	301	256	77	7.00e-18	86.3	solute carrier family 25 member 36 isoform X2 [Pteropus medius]	143291
XP_036189517.1	XP_006918067	24.643	280	301	501	92	7.01e-18	89.0	calcium-binding mitochondrial carrier protein SCaMC-2 isoform X1 [Pteropus alecto]	9402
XP_036189517.1	XP_039717564	24.643	280	301	501	92	7.01e-18	89.0	mitochondrial adenyl nucleotide antiporter SLC25A25 isoform X1 [Pteropus medius]	143291
XP_036189517.1	XP_080962138	28.099	242	301	287	79	7.02e-18	87.0	mitochondrial glycine transporter isoform 2 [Myotis nattereri]	109481
XP_036189517.1	XP_080985434	28.276	290	301	315	87	7.07e-18	87.4	mitochondrial glutamate carrier 2 isoform 3 [Miniopterus schreibersii]	9433
XP_036189517.1	XP_080985433	28.276	290	301	315	87	7.07e-18	87.4	mitochondrial glutamate carrier 2 isoform 3 [Miniopterus schreibersii]	9433
XP_036189517.1	XP_080985432	28.276	290	301	315	87	7.07e-18	87.4	mitochondrial glutamate carrier 2 isoform 3 [Miniopterus schreibersii]	9433
XP_036189517.1	XP_080985431	28.276	290	301	315	87	7.07e-18	87.4	mitochondrial glutamate carrier 2 isoform 3 [Miniopterus schreibersii]	9433
XP_036189517.1	XP_036912327	30.612	294	301	271	95	7.09e-18	86.7	mitochondrial 2-oxodicarboxylate carrier isoform X2 [Sturnira hondurensis]	192404
XP_036189517.1	XP_015449833	24.643	280	301	469	92	7.19e-18	89.0	calcium-binding mitochondrial carrier protein SCaMC-2 isoform X2 [Pteropus alecto]	9402
XP_036189517.1	XP_039717565	24.643	280	301	469	92	7.19e-18	89.0	mitochondrial adenyl nucleotide antiporter SLC25A25 isoform X2 [Pteropus medius]	143291
XP_036189517.1	XP_006764286	25.000	280	301	432	92	7.27e-18	88.6	PREDICTED: calcium-binding mitochondrial carrier protein SCaMC-3 [Myotis davidii]	225400
XP_036189517.1	XP_032979019	24.643	280	301	501	92	7.28e-18	89.0	calcium-binding mitochondrial carrier protein SCaMC-2 isoform X2 [Rhinolophus ferrumequinum]	59479
XP_036189517.1	XP_039712459	31.008	258	301	263	96	7.33e-18	86.3	mitochondrial 2-oxodicarboxylate carrier isoform X3 [Pteropus medius]	143291
XP_036189517.1	XP_039712459	29.949	197	301	263	96	3.13e-12	70.5	mitochondrial 2-oxodicarboxylate carrier isoform X3 [Pteropus medius]	143291
XP_036189517.1	XP_032979021	24.643	280	301	489	92	7.38e-18	89.0	calcium-binding mitochondrial carrier protein SCaMC-2 isoform X4 [Rhinolophus ferrumequinum]	59479
XP_036189517.1	XP_054435775	26.250	320	301	320	98	7.67e-18	87.4	solute carrier family 25 member 33 isoform X1 [Pteronotus mesoamericanus]	1884717
XP_036189517.1	XP_032979020	24.643	280	301	501	92	7.70e-18	89.0	calcium-binding mitochondrial carrier protein SCaMC-2 isoform X3 [Rhinolophus ferrumequinum]	59479
XP_036189517.1	XP_032979022	24.643	280	301	481	92	7.77e-18	88.6	calcium-binding mitochondrial carrier protein SCaMC-2 isoform X5 [Rhinolophus ferrumequinum]	59479
XP_036189517.1	XP_035885015	30.435	230	301	244	61	7.78e-18	85.9	mitochondrial 2-oxodicarboxylate carrier isoform X4 [Phyllostomus discolor]	89673
XP_036189517.1	XP_081007314	25.000	280	301	500	92	7.90e-18	89.0	mitochondrial adenyl nucleotide antiporter SLC25A25 isoform 1 [Miniopterus schreibersii]	9433
XP_036189517.1	XP_019485543	29.655	290	301	314	87	8.03e-18	87.0	PREDICTED: mitochondrial glutamate carrier 2 isoform X2 [Hipposideros armiger]	186990
XP_036189517.1	XP_019566330	25.088	283	301	468	92	8.34e-18	88.6	mitochondrial adenyl nucleotide antiporter SLC25A23 isoform X4 [Rhinolophus sinicus]	89399
XP_036189517.1	XP_015449834	24.643	280	301	417	92	8.43e-18	88.2	calcium-binding mitochondrial carrier protein SCaMC-2 isoform X3 [Pteropus alecto]	9402
XP_036189517.1	XP_039717566	24.643	280	301	417	92	8.43e-18	88.2	mitochondrial adenyl nucleotide antiporter SLC25A25 isoform X3 [Pteropus medius]	143291
XP_036189517.1	XP_054573852	29.577	213	301	272	86	8.46e-18	86.3	solute carrier family 25 member 48 isoform X7 [Eptesicus fuscus]	29078
XP_036189517.1	XP_054573852	31.844	179	301	272	86	3.71e-11	67.8	solute carrier family 25 member 48 isoform X7 [Eptesicus fuscus]	29078
XP_036189517.1	XP_032979018	24.643	280	301	513	92	8.63e-18	88.6	calcium-binding mitochondrial carrier protein SCaMC-2 isoform X1 [Rhinolophus ferrumequinum]	59479
XP_036189517.1	XP_019485541	29.553	291	301	315	87	8.71e-18	87.0	PREDICTED: mitochondrial glutamate carrier 2 isoform X1 [Hipposideros armiger]	186990
XP_036189517.1	XP_019485540	29.553	291	301	315	87	8.71e-18	87.0	PREDICTED: mitochondrial glutamate carrier 2 isoform X1 [Hipposideros armiger]	186990
XP_036189517.1	XP_023384864	27.459	244	301	256	77	8.74e-18	86.3	solute carrier family 25 member 36 isoform X2 [Pteropus vampyrus]	132908
XP_036189517.1	XP_016066510	25.000	280	301	469	92	8.94e-18	88.6	PREDICTED: calcium-binding mitochondrial carrier protein SCaMC-2 isoform X2 [Miniopterus natalensis]	291302
XP_036189517.1	XP_081007315	25.000	280	301	469	92	8.94e-18	88.6	mitochondrial adenyl nucleotide antiporter SLC25A25 isoform 2 [Miniopterus schreibersii]	9433
XP_036189517.1	XP_080962137	28.326	233	301	304	77	9.24e-18	87.0	mitochondrial glycine transporter isoform 1 [Myotis nattereri]	109481
XP_036189517.1	XP_036112734	32.342	269	301	265	96	9.25e-18	86.3	mitochondrial 2-oxodicarboxylate carrier isoform X7 [Molossus molossus]	27622
XP_036189517.1	XP_036112734	29.949	197	301	265	96	1.90e-11	68.6	mitochondrial 2-oxodicarboxylate carrier isoform X7 [Molossus molossus]	27622
XP_036189517.1	XP_036272054	25.000	280	301	500	92	9.28e-18	88.6	calcium-binding mitochondrial carrier protein SCaMC-2 isoform X3 [Pipistrellus kuhlii]	59472
XP_036189517.1	XP_036272053	25.000	280	301	501	92	9.30e-18	88.6	calcium-binding mitochondrial carrier protein SCaMC-2 isoform X2 [Pipistrellus kuhlii]	59472
XP_036189517.1	XP_054567614	25.267	281	301	458	92	9.35e-18	88.6	calcium-binding mitochondrial carrier protein SCaMC-1 [Eptesicus fuscus]	29078
XP_036189517.1	XP_039717567	24.643	280	301	489	92	9.53e-18	88.6	mitochondrial adenyl nucleotide antiporter SLC25A25 isoform X4 [Pteropus medius]	143291
XP_036189517.1	XP_066223158	24.643	280	301	512	92	9.83e-18	88.6	mitochondrial adenyl nucleotide antiporter SLC25A25 isoform X4 [Saccopteryx leptura]	249018
XP_036189517.1	XP_016009571	26.990	289	301	285	94	9.88e-18	86.7	mitochondrial brown fat uncoupling protein 1 isoform X2 [Rousettus aegyptiacus]	9407
XP_036189517.1	XP_081007316	25.000	280	301	529	92	1.01e-17	88.6	mitochondrial adenyl nucleotide antiporter SLC25A25 isoform 3 [Miniopterus schreibersii]	9433
XP_036189517.1	XP_066112191	24.643	280	301	512	92	1.01e-17	88.6	mitochondrial adenyl nucleotide antiporter SLC25A25 isoform X4 [Saccopteryx bilineata]	59482
XP_036189517.1	XP_016066509	25.000	280	301	489	92	1.10e-17	88.2	PREDICTED: calcium-binding mitochondrial carrier protein SCaMC-2 isoform X1 [Miniopterus natalensis]	291302
XP_036189517.1	XP_081007317	25.000	280	301	489	92	1.10e-17	88.2	mitochondrial adenyl nucleotide antiporter SLC25A25 isoform 4 [Miniopterus schreibersii]	9433
XP_036189517.1	XP_014395918	26.937	271	301	274	87	1.11e-17	86.3	PREDICTED: mitochondrial uncoupling protein 3 isoform X2 [Myotis brandtii]	109478
XP_036189517.1	XP_036272052	25.000	280	301	512	92	1.13e-17	88.2	calcium-binding mitochondrial carrier protein SCaMC-2 isoform X1 [Pipistrellus kuhlii]	59472
XP_036189517.1	XP_080933954	25.806	279	301	306	92	1.13e-17	86.7	mitochondrial brown fat uncoupling protein 1 [Rhinolophus hipposideros]	77218
XP_036189517.1	XP_036272055	25.000	280	301	489	92	1.14e-17	88.2	calcium-binding mitochondrial carrier protein SCaMC-2 isoform X4 [Pipistrellus kuhlii]	59472
XP_036189517.1	XP_016015279	23.793	290	301	491	94	1.15e-17	88.2	calcium-binding mitochondrial carrier protein SCaMC-1 [Rousettus aegyptiacus]	9407
XP_036189517.1	XP_080922738	24.643	280	301	469	92	1.19e-17	88.2	mitochondrial adenyl nucleotide antiporter SLC25A25 isoform 9 [Rhinolophus hipposideros]	77218
XP_036189517.1	XP_066112189	24.643	280	301	500	92	1.22e-17	88.2	mitochondrial adenyl nucleotide antiporter SLC25A25 isoform X2 [Saccopteryx bilineata]	59482
XP_036189517.1	XP_080985429	28.276	290	301	352	87	1.23e-17	87.0	mitochondrial glutamate carrier 2 isoform 1 [Miniopterus schreibersii]	9433
XP_036189517.1	XP_080922736	24.643	280	301	501	92	1.25e-17	88.2	mitochondrial adenyl nucleotide antiporter SLC25A25 isoform 7 [Rhinolophus hipposideros]	77218
XP_036189517.1	XP_019492546	24.643	280	301	501	92	1.26e-17	88.2	PREDICTED: calcium-binding mitochondrial carrier protein SCaMC-2 isoform X2 [Hipposideros armiger]	186990
XP_036189517.1	XP_036272057	25.000	280	301	481	92	1.30e-17	88.2	calcium-binding mitochondrial carrier protein SCaMC-2 isoform X5 [Pipistrellus kuhlii]	59472
XP_036189517.1	XP_066112188	24.643	280	301	499	92	1.30e-17	88.2	mitochondrial adenyl nucleotide antiporter SLC25A25 isoform X1 [Saccopteryx bilineata]	59482
XP_036189517.1	XP_066223155	24.643	280	301	500	92	1.30e-17	88.2	mitochondrial adenyl nucleotide antiporter SLC25A25 isoform X1 [Saccopteryx leptura]	249018
XP_036189517.1	XP_066093390	31.058	293	301	333	87	1.31e-17	87.0	mitochondrial glutamate carrier 2 isoform X1 [Saccopteryx bilineata]	59482
XP_036189517.1	XP_066223159	24.643	280	301	501	92	1.31e-17	88.2	mitochondrial adenyl nucleotide antiporter SLC25A25 isoform X5 [Saccopteryx leptura]	249018
XP_036189517.1	XP_066112192	24.643	280	301	501	92	1.31e-17	88.2	mitochondrial adenyl nucleotide antiporter SLC25A25 isoform X5 [Saccopteryx bilineata]	59482
XP_036189517.1	XP_066237238	31.058	293	301	333	87	1.32e-17	87.0	mitochondrial glutamate carrier 2 isoform X1 [Saccopteryx leptura]	249018
XP_036189517.1	XP_080922728	24.643	280	301	489	92	1.35e-17	88.2	mitochondrial adenyl nucleotide antiporter SLC25A25 isoform 11 [Rhinolophus hipposideros]	77218
XP_036189517.1	XP_080922727	24.643	280	301	501	92	1.37e-17	88.2	mitochondrial adenyl nucleotide antiporter SLC25A25 isoform 10 [Rhinolophus hipposideros]	77218
XP_036189517.1	XP_019492579	24.643	280	301	469	92	1.37e-17	87.8	PREDICTED: calcium-binding mitochondrial carrier protein SCaMC-2 isoform X6 [Hipposideros armiger]	186990
XP_036189517.1	XP_066223157	24.643	280	301	469	92	1.38e-17	87.8	mitochondrial adenyl nucleotide antiporter SLC25A25 isoform X3 [Saccopteryx leptura]	249018
XP_036189517.1	XP_066223160	24.643	280	301	481	92	1.39e-17	87.8	mitochondrial adenyl nucleotide antiporter SLC25A25 isoform X6 [Saccopteryx leptura]	249018
XP_036189517.1	XP_019492587	24.643	280	301	459	92	1.39e-17	87.8	PREDICTED: calcium-binding mitochondrial carrier protein SCaMC-2 isoform X7 [Hipposideros armiger]	186990
XP_036189517.1	XP_066112193	24.643	280	301	519	92	1.40e-17	88.2	mitochondrial adenyl nucleotide antiporter SLC25A25 isoform X6 [Saccopteryx bilineata]	59482
XP_036189517.1	XP_019492570	24.643	280	301	481	92	1.41e-17	87.8	PREDICTED: calcium-binding mitochondrial carrier protein SCaMC-2 isoform X5 [Hipposideros armiger]	186990
XP_036189517.1	XP_036272058	25.000	280	301	469	92	1.42e-17	87.8	calcium-binding mitochondrial carrier protein SCaMC-2 isoform X6 [Pipistrellus kuhlii]	59472
XP_036189517.1	XP_036168730	25.000	280	301	468	92	1.43e-17	87.8	calcium-binding mitochondrial carrier protein SCaMC-3 [Myotis myotis]	51298
XP_036189517.1	XP_036307734	25.078	319	301	321	98	1.43e-17	86.7	LOW QUALITY PROTEIN: solute carrier family 25 member 33-like [Pipistrellus kuhlii]	59472
XP_036189517.1	XP_080922730	24.643	280	301	530	92	1.46e-17	88.2	mitochondrial adenyl nucleotide antiporter SLC25A25 isoform 13 [Rhinolophus hipposideros]	77218
XP_036189517.1	XP_019492537	24.643	280	301	513	92	1.46e-17	88.2	PREDICTED: calcium-binding mitochondrial carrier protein SCaMC-2 isoform X1 [Hipposideros armiger]	186990
XP_036189517.1	XP_066212228	30.047	213	301	339	68	1.46e-17	86.7	solute carrier family 25 member 43 isoform X1 [Saccopteryx leptura]	249018
XP_036189517.1	XP_019492552	24.643	280	301	501	92	1.46e-17	87.8	PREDICTED: calcium-binding mitochondrial carrier protein SCaMC-2 isoform X3 [Hipposideros armiger]	186990
XP_036189517.1	XP_036086207	26.894	264	301	282	78	1.47e-17	85.9	solute carrier family 25 member 40 isoform X4 [Rousettus aegyptiacus]	9407
XP_036189517.1	XP_066100993	27.935	247	301	295	79	1.49e-17	86.3	mitochondrial glycine transporter isoform X3 [Saccopteryx bilineata]	59482
XP_036189517.1	XP_066100991	27.897	233	301	304	77	1.49e-17	86.3	mitochondrial glycine transporter isoform X1 [Saccopteryx bilineata]	59482
XP_036189517.1	XP_019492561	24.643	280	301	489	92	1.51e-17	87.8	PREDICTED: calcium-binding mitochondrial carrier protein SCaMC-2 isoform X4 [Hipposideros armiger]	186990
XP_036189517.1	XP_080922735	24.643	280	301	513	92	1.52e-17	87.8	mitochondrial adenyl nucleotide antiporter SLC25A25 isoform 6 [Rhinolophus hipposideros]	77218
XP_036189517.1	XP_080922737	24.643	280	301	481	92	1.52e-17	87.8	mitochondrial adenyl nucleotide antiporter SLC25A25 isoform 8 [Rhinolophus hipposideros]	77218
XP_036189517.1	XP_059552924	25.000	280	301	468	92	1.56e-17	87.8	mitochondrial adenyl nucleotide antiporter SLC25A23 isoform X1 [Myotis daubentonii]	98922
XP_036189517.1	XP_080947635	25.000	280	301	468	92	1.56e-17	87.8	mitochondrial adenyl nucleotide antiporter SLC25A23 isoform 3 [Myotis nattereri]	109481
XP_036189517.1	XP_023378073	29.252	294	301	271	98	1.61e-17	85.5	mitochondrial 2-oxodicarboxylate carrier isoform X2 [Pteropus vampyrus]	132908
XP_036189517.1	XP_023378073	29.064	203	301	271	98	4.33e-12	70.5	mitochondrial 2-oxodicarboxylate carrier isoform X2 [Pteropus vampyrus]	132908
XP_036189517.1	XP_032973669	30.000	290	301	314	87	1.62e-17	86.3	mitochondrial glutamate carrier 2 isoform X5 [Rhinolophus ferrumequinum]	59479
XP_036189517.1	XP_006904779	29.577	213	301	244	68	1.63e-17	85.1	solute carrier family 25 member 43 [Pteropus alecto]	9402
XP_036189517.1	XP_036184186	25.177	282	301	353	91	1.63e-17	87.0	solute carrier family 25 member 40 isoform X2 [Myotis myotis]	51298
XP_036189517.1	XP_006915633	26.578	301	301	322	95	1.65e-17	86.3	graves disease carrier protein isoform X1 [Pteropus alecto]	9402
XP_036189517.1	XP_066223156	24.643	280	301	489	92	1.65e-17	87.8	mitochondrial adenyl nucleotide antiporter SLC25A25 isoform X2 [Saccopteryx leptura]	249018
XP_036189517.1	XP_066112190	24.643	280	301	489	92	1.65e-17	87.8	mitochondrial adenyl nucleotide antiporter SLC25A25 isoform X3 [Saccopteryx bilineata]	59482
XP_036189517.1	XP_014403085	25.177	282	301	353	91	1.75e-17	86.7	PREDICTED: solute carrier family 25 member 40 isoform X2 [Myotis brandtii]	109478
XP_036189517.1	XP_045687296	24.643	280	301	468	92	1.78e-17	87.8	calcium-binding mitochondrial carrier protein SCaMC-3 isoform X1 [Phyllostomus hastatus]	9423
XP_036189517.1	XP_028375932	24.643	280	301	468	92	1.78e-17	87.8	calcium-binding mitochondrial carrier protein SCaMC-3 isoform X2 [Phyllostomus discolor]	89673
XP_036189517.1	XP_059564467	26.937	271	301	276	87	1.81e-17	85.5	putative mitochondrial transporter UCP3 isoform X3 [Myotis daubentonii]	98922
XP_036189517.1	XP_036189116	28.326	233	301	339	77	1.83e-17	86.7	mitochondrial glycine transporter isoform X1 [Myotis myotis]	51298
XP_036189517.1	XP_080947634	25.000	280	301	485	92	1.86e-17	87.8	mitochondrial adenyl nucleotide antiporter SLC25A23 isoform 2 [Myotis nattereri]	109481
XP_036189517.1	XP_066237239	30.405	296	301	314	87	1.94e-17	86.3	mitochondrial glutamate carrier 2 isoform X2 [Saccopteryx leptura]	249018
XP_036189517.1	XP_066100992	27.897	233	301	297	77	1.94e-17	85.9	mitochondrial glycine transporter isoform X2 [Saccopteryx bilineata]	59482
XP_036189517.1	XP_016003496	27.273	264	301	278	78	2.00e-17	85.5	solute carrier family 25 member 40 isoform X5 [Rousettus aegyptiacus]	9407
XP_036189517.1	XP_019495365	24.917	301	301	368	92	2.12e-17	86.7	PREDICTED: solute carrier family 25 member 33 isoform X1 [Hipposideros armiger]	186990
XP_036189517.1	XP_016003494	27.273	264	301	311	78	2.17e-17	85.9	solute carrier family 25 member 40 isoform X2 [Rousettus aegyptiacus]	9407
XP_036189517.1	XP_014389667	29.108	213	301	252	68	2.19e-17	84.7	PREDICTED: solute carrier family 25 member 43 [Myotis brandtii]	109478
XP_036189517.1	XP_066093391	30.508	295	301	314	87	2.20e-17	85.9	mitochondrial glutamate carrier 2 isoform X2 [Saccopteryx bilineata]	59482
XP_036189517.1	XP_016003495	27.273	264	301	293	78	2.22e-17	85.5	solute carrier family 25 member 40 isoform X3 [Rousettus aegyptiacus]	9407
XP_036189517.1	XP_032973668	29.897	291	301	315	87	2.44e-17	85.9	mitochondrial glutamate carrier 2 isoform X4 [Rhinolophus ferrumequinum]	59479
XP_036189517.1	XP_019571748	25.000	328	301	339	97	2.46e-17	86.3	mitochondrial glutathione transporter SLC25A40 isoform X1 [Rhinolophus sinicus]	89399
XP_036189517.1	XP_036126929	29.108	213	301	341	68	2.54e-17	86.3	solute carrier family 25 member 43 [Molossus molossus]	27622
XP_036189517.1	XP_039712458	29.252	294	301	271	96	2.61e-17	85.1	mitochondrial 2-oxodicarboxylate carrier isoform X2 [Pteropus medius]	143291
XP_036189517.1	XP_039712458	30.102	196	301	271	96	4.41e-12	70.5	mitochondrial 2-oxodicarboxylate carrier isoform X2 [Pteropus medius]	143291
XP_036189517.1	XP_066106085	29.577	213	301	339	68	2.77e-17	85.9	solute carrier family 25 member 43 isoform X1 [Saccopteryx bilineata]	59482
XP_036189517.1	XP_019485897	25.392	319	301	330	97	2.81e-17	85.9	PREDICTED: solute carrier family 25 member 40 [Hipposideros armiger]	186990
XP_036189517.1	XP_036898603	24.643	280	301	468	92	3.00e-17	87.0	mitochondrial adenyl nucleotide antiporter SLC25A23 isoform X2 [Sturnira hondurensis]	192404
XP_036189517.1	XP_080962140	28.326	233	301	339	77	3.05e-17	85.9	mitochondrial glycine transporter isoform 4 [Myotis nattereri]	109481
XP_036189517.1	XP_079642309	23.006	326	301	340	96	3.12e-17	85.9	mitochondrial glutathione transporter SLC25A40 isoform 1 [Cnephaeus nilssonii]	3371016
XP_036189517.1	XP_079642308	23.006	326	301	340	96	3.12e-17	85.9	mitochondrial glutathione transporter SLC25A40 isoform 1 [Cnephaeus nilssonii]	3371016
XP_036189517.1	XP_036898602	23.929	280	301	470	92	3.41e-17	86.7	mitochondrial adenyl nucleotide antiporter SLC25A23 isoform X1 [Sturnira hondurensis]	192404
XP_036189517.1	XP_036898602	26.875	160	301	470	92	3.10e-12	72.0	mitochondrial adenyl nucleotide antiporter SLC25A23 isoform X1 [Sturnira hondurensis]	192404
XP_036189517.1	XP_045673516	29.108	213	301	341	68	3.72e-17	85.9	solute carrier family 25 member 43 isoform X1 [Phyllostomus hastatus]	9423
XP_036189517.1	XP_036193877	27.897	233	301	277	75	4.13e-17	84.7	mitochondrial folate transporter/carrier isoform X2 [Myotis myotis]	51298
XP_036189517.1	XP_016070040	25.086	291	301	311	88	4.24e-17	85.1	PREDICTED: solute carrier family 25 member 33, partial [Miniopterus natalensis]	291302
XP_036189517.1	XP_032944023	25.000	328	301	339	97	4.39e-17	85.5	probable mitochondrial glutathione transporter SLC25A40 isoform X2 [Rhinolophus ferrumequinum]	59479
XP_036189517.1	XP_053773213	29.108	213	301	341	68	4.57e-17	85.5	solute carrier family 25 member 43 isoform X2 [Desmodus rotundus]	9430
XP_036189517.1	XP_054436318	29.108	213	301	339	68	4.61e-17	85.5	solute carrier family 25 member 43 [Pteronotus mesoamericanus]	1884717
XP_036189517.1	XP_015418503	29.108	213	301	244	68	4.68e-17	84.0	PREDICTED: solute carrier family 25 member 43 [Myotis davidii]	225400
XP_036189517.1	XP_028368927	26.214	309	301	422	94	4.77e-17	86.3	solute carrier family 25 member 33 isoform X1 [Phyllostomus discolor]	89673
XP_036189517.1	XP_011378495	29.577	213	301	341	68	4.89e-17	85.5	solute carrier family 25 member 43 [Pteropus vampyrus]	132908
XP_036189517.1	XP_039698422	29.577	213	301	341	68	5.03e-17	85.5	solute carrier family 25 member 43 [Pteropus medius]	143291
XP_036189517.1	XP_079642311	23.006	326	301	375	96	5.11e-17	85.5	mitochondrial glutathione transporter SLC25A40 isoform 3 [Cnephaeus nilssonii]	3371016
XP_036189517.1	XP_066133880	29.553	291	301	271	94	6.16e-17	84.0	mitochondrial 2-oxodicarboxylate carrier isoform X2 [Saccopteryx bilineata]	59482
XP_036189517.1	XP_036208845	31.939	263	301	414	96	6.33e-17	85.9	mitochondrial 2-oxodicarboxylate carrier isoform X1 [Myotis myotis]	51298
XP_036189517.1	XP_036208845	30.457	197	301	414	96	1.40e-11	70.1	mitochondrial 2-oxodicarboxylate carrier isoform X1 [Myotis myotis]	51298
XP_036189517.1	XP_015979541	31.100	209	301	322	67	6.35e-17	84.7	mitochondrial glycine transporter isoform X2 [Rousettus aegyptiacus]	9407
XP_036189517.1	XP_045056440	30.450	289	301	308	87	6.57e-17	84.7	mitochondrial glutamate carrier 2 isoform X1 [Desmodus rotundus]	9430
XP_036189517.1	XP_045056434	30.450	289	301	308	87	6.57e-17	84.7	mitochondrial glutamate carrier 2 isoform X1 [Desmodus rotundus]	9430
XP_036189517.1	XP_019612787	29.310	290	301	314	87	6.65e-17	84.7	mitochondrial glutamate carrier 2 isoform X2 [Rhinolophus sinicus]	89399
XP_036189517.1	XP_032973667	30.282	284	301	339	85	6.68e-17	85.1	mitochondrial glutamate carrier 2 isoform X3 [Rhinolophus ferrumequinum]	59479
XP_036189517.1	XP_032973666	30.282	284	301	339	85	6.68e-17	85.1	mitochondrial glutamate carrier 2 isoform X3 [Rhinolophus ferrumequinum]	59479
XP_036189517.1	XP_032973665	30.282	284	301	339	85	6.68e-17	85.1	mitochondrial glutamate carrier 2 isoform X3 [Rhinolophus ferrumequinum]	59479
XP_036189517.1	XP_032973664	30.282	284	301	339	85	6.68e-17	85.1	mitochondrial glutamate carrier 2 isoform X3 [Rhinolophus ferrumequinum]	59479
XP_036189517.1	XP_032973663	30.282	284	301	339	85	6.68e-17	85.1	mitochondrial glutamate carrier 2 isoform X3 [Rhinolophus ferrumequinum]	59479
XP_036189517.1	XP_032973662	30.282	284	301	339	85	6.68e-17	85.1	mitochondrial glutamate carrier 2 isoform X3 [Rhinolophus ferrumequinum]	59479
XP_036189517.1	XP_032973661	30.282	284	301	339	85	6.68e-17	85.1	mitochondrial glutamate carrier 2 isoform X3 [Rhinolophus ferrumequinum]	59479
XP_036189517.1	XP_032973660	30.282	284	301	339	85	6.68e-17	85.1	mitochondrial glutamate carrier 2 isoform X3 [Rhinolophus ferrumequinum]	59479
XP_036189517.1	XP_032973659	30.282	284	301	339	85	6.68e-17	85.1	mitochondrial glutamate carrier 2 isoform X3 [Rhinolophus ferrumequinum]	59479
XP_036189517.1	XP_008155058	29.108	213	301	341	68	7.16e-17	84.7	solute carrier family 25 member 43 [Eptesicus fuscus]	29078
XP_036189517.1	XP_032973658	30.389	283	301	362	85	7.33e-17	85.1	mitochondrial glutamate carrier 2 isoform X2 [Rhinolophus ferrumequinum]	59479
XP_036189517.1	XP_036279895	26.619	278	301	305	91	7.35e-17	84.3	mitochondrial brown fat uncoupling protein 1 [Pipistrellus kuhlii]	59472
XP_036189517.1	XP_006082243	29.108	213	301	341	68	7.44e-17	84.7	solute carrier family 25 member 43 [Myotis lucifugus]	59463
XP_036189517.1	XP_036886430	30.159	189	301	237	62	7.51e-17	83.2	mitochondrial glycine transporter isoform X4 [Sturnira hondurensis]	192404
XP_036189517.1	XP_079621716	29.108	213	301	341	68	7.82e-17	84.7	solute carrier family 25 member 43 [Cnephaeus nilssonii]	3371016
XP_036189517.1	XP_059536479	29.108	213	301	341	68	7.89e-17	84.7	solute carrier family 25 member 43 isoform X1 [Myotis daubentonii]	98922
XP_036189517.1	XP_080937098	29.108	213	301	341	68	7.89e-17	84.7	solute carrier family 25 member 43 [Myotis nattereri]	109481
XP_036189517.1	XP_032971074	25.703	249	301	258	80	7.91e-17	83.6	solute carrier family 25 member 33 isoform X3 [Rhinolophus ferrumequinum]	59479
XP_036189517.1	XP_074190193	25.703	249	301	258	80	7.91e-17	83.6	solute carrier family 25 member 33 isoform X2 [Rhinolophus sinicus]	89399
XP_036189517.1	XP_036315959	25.000	280	301	468	92	8.17e-17	85.5	calcium-binding mitochondrial carrier protein SCaMC-3 [Pipistrellus kuhlii]	59472
XP_036189517.1	XP_059529229	23.958	288	301	543	92	8.21e-17	85.9	mitochondrial adenyl nucleotide antiporter SLC25A24-like [Myotis daubentonii]	98922
XP_036189517.1	XP_036299394	29.108	213	301	341	68	8.53e-17	84.7	solute carrier family 25 member 43 isoform X1 [Pipistrellus kuhlii]	59472
XP_036189517.1	XP_054424400	32.275	189	301	289	90	8.88e-17	84.0	solute carrier family 25 member 48 isoform X7 [Pteronotus mesoamericanus]	1884717
XP_036189517.1	XP_054424400	28.814	177	301	289	90	2.30e-11	68.6	solute carrier family 25 member 48 isoform X7 [Pteronotus mesoamericanus]	1884717
XP_036189517.1	XP_019505881	27.839	273	301	293	88	8.92e-17	84.0	PREDICTED: kidney mitochondrial carrier protein 1 [Hipposideros armiger]	186990
XP_036189517.1	XP_019505879	27.839	273	301	293	88	8.92e-17	84.0	PREDICTED: kidney mitochondrial carrier protein 1 [Hipposideros armiger]	186990
XP_036189517.1	XP_019505878	27.839	273	301	293	88	8.92e-17	84.0	PREDICTED: kidney mitochondrial carrier protein 1 [Hipposideros armiger]	186990
XP_036189517.1	XP_019505877	27.839	273	301	293	88	8.92e-17	84.0	PREDICTED: kidney mitochondrial carrier protein 1 [Hipposideros armiger]	186990
XP_036189517.1	XP_015992669	29.108	213	301	341	68	9.05e-17	84.7	solute carrier family 25 member 43 [Rousettus aegyptiacus]	9407
XP_036189517.1	XP_039696928	23.693	287	301	486	94	1.04e-16	85.5	calcium-binding mitochondrial carrier protein SCaMC-1-like [Pteropus medius]	143291
XP_036189517.1	XP_037013956	26.821	302	301	318	98	1.06e-16	84.0	mitochondrial thiamine pyrophosphate carrier isoform X3 [Artibeus jamaicensis]	9417
XP_036189517.1	XP_037013956	26.768	198	301	318	98	6.84e-15	79.0	mitochondrial thiamine pyrophosphate carrier isoform X3 [Artibeus jamaicensis]	9417
XP_036189517.1	XP_054442669	30.859	256	301	266	79	1.08e-16	83.2	mitochondrial glutamate carrier 2 isoform X2 [Pteronotus mesoamericanus]	1884717
XP_036189517.1	XP_032973657	30.282	284	301	363	85	1.09e-16	84.7	mitochondrial glutamate carrier 2 isoform X1 [Rhinolophus ferrumequinum]	59479
XP_036189517.1	XP_080885699	26.154	260	301	376	82	1.09e-16	84.7	mitochondrial glutathione transporter SLC25A39 isoform 1 [Rhinolophus hipposideros]	77218
XP_036189517.1	XP_016058188	28.638	213	301	244	68	1.25e-16	82.8	PREDICTED: solute carrier family 25 member 43 [Miniopterus natalensis]	291302
XP_036189517.1	XP_080935586	25.796	314	301	353	91	1.31e-16	84.3	mitochondrial glutathione transporter SLC25A40 isoform 1 [Rhinolophus hipposideros]	77218
XP_036189517.1	XP_080935585	25.796	314	301	353	91	1.31e-16	84.3	mitochondrial glutathione transporter SLC25A40 isoform 1 [Rhinolophus hipposideros]	77218
XP_036189517.1	XP_053521406	26.937	271	301	291	88	1.37e-16	83.6	kidney mitochondrial carrier protein 1 [Artibeus jamaicensis]	9417
XP_036189517.1	XP_053521405	26.937	271	301	291	88	1.37e-16	83.6	kidney mitochondrial carrier protein 1 [Artibeus jamaicensis]	9417
XP_036189517.1	XP_037003263	26.937	271	301	291	88	1.37e-16	83.6	kidney mitochondrial carrier protein 1 [Artibeus jamaicensis]	9417
XP_036189517.1	XP_037003262	26.937	271	301	291	88	1.37e-16	83.6	kidney mitochondrial carrier protein 1 [Artibeus jamaicensis]	9417
XP_036189517.1	XP_019495367	25.301	249	301	258	80	1.44e-16	82.8	PREDICTED: solute carrier family 25 member 33 isoform X3 [Hipposideros armiger]	186990
XP_036189517.1	XP_036180898	26.749	243	301	352	79	1.49e-16	84.0	mitochondrial uncoupling protein 3 isoform X3 [Myotis myotis]	51298
XP_036189517.1	XP_074193781	24.468	282	301	598	96	1.52e-16	85.1	mitochondrial adenyl nucleotide antiporter SLC25A23 isoform X3 [Rhinolophus sinicus]	89399
XP_036189517.1	XP_074193781	24.828	290	301	598	96	1.25e-13	76.6	mitochondrial adenyl nucleotide antiporter SLC25A23 isoform X3 [Rhinolophus sinicus]	89399
XP_036189517.1	XP_015994094	32.083	240	301	298	77	1.59e-16	83.2	mitochondrial 2-oxodicarboxylate carrier isoform X5 [Rousettus aegyptiacus]	9407
XP_036189517.1	XP_080919408	30.279	251	301	278	72	1.59e-16	83.2	mitochondrial glutamate carrier 1 isoform 2 [Rhinolophus hipposideros]	77218
XP_036189517.1	XP_036161524	29.108	213	301	372	68	1.62e-16	84.3	solute carrier family 25 member 43 isoform X2 [Myotis myotis]	51298
XP_036189517.1	XP_008145558	23.404	282	301	531	93	1.67e-16	85.1	calcium-binding mitochondrial carrier protein SCaMC-1-like isoform X3 [Eptesicus fuscus]	29078
XP_036189517.1	XP_045695135	26.937	271	301	291	88	1.69e-16	83.2	kidney mitochondrial carrier protein 1 [Phyllostomus hastatus]	9423
XP_036189517.1	XP_045695134	26.937	271	301	291	88	1.69e-16	83.2	kidney mitochondrial carrier protein 1 [Phyllostomus hastatus]	9423
XP_036189517.1	XP_045695133	26.937	271	301	291	88	1.69e-16	83.2	kidney mitochondrial carrier protein 1 [Phyllostomus hastatus]	9423
XP_036189517.1	XP_045695132	26.937	271	301	291	88	1.69e-16	83.2	kidney mitochondrial carrier protein 1 [Phyllostomus hastatus]	9423
XP_036189517.1	XP_035867238	26.937	271	301	291	88	1.69e-16	83.2	kidney mitochondrial carrier protein 1 [Phyllostomus discolor]	89673
XP_036189517.1	XP_035867237	26.937	271	301	291	88	1.69e-16	83.2	kidney mitochondrial carrier protein 1 [Phyllostomus discolor]	89673
XP_036189517.1	XP_028382511	26.937	271	301	291	88	1.69e-16	83.2	kidney mitochondrial carrier protein 1 [Phyllostomus discolor]	89673
XP_036189517.1	XP_035867236	26.937	271	301	291	88	1.69e-16	83.2	kidney mitochondrial carrier protein 1 [Phyllostomus discolor]	89673
XP_036189517.1	XP_054567625	23.404	282	301	549	93	1.96e-16	84.7	calcium-binding mitochondrial carrier protein SCaMC-1-like isoform X1 [Eptesicus fuscus]	29078
XP_036189517.1	XP_054567626	23.404	282	301	548	93	2.05e-16	84.7	calcium-binding mitochondrial carrier protein SCaMC-1-like isoform X2 [Eptesicus fuscus]	29078
XP_036189517.1	XP_036097117	26.027	292	301	315	94	2.07e-16	83.2	mitochondrial brown fat uncoupling protein 1 isoform X1 [Molossus molossus]	27622
XP_036189517.1	XP_036180912	27.675	271	301	357	87	2.17e-16	83.6	mitochondrial uncoupling protein 2 isoform X2 [Myotis myotis]	51298
XP_036189517.1	XP_080508721	29.108	213	301	341	68	2.20e-16	83.6	solute carrier family 25 member 43 [Plecotus auritus]	61862
XP_036189517.1	XP_066217010	26.923	286	301	304	92	2.21e-16	83.2	mitochondrial brown fat uncoupling protein 1 [Saccopteryx leptura]	249018
XP_036189517.1	XP_066109563	26.923	286	301	304	92	2.21e-16	83.2	mitochondrial brown fat uncoupling protein 1 [Saccopteryx bilineata]	59482
XP_036189517.1	XP_039693312	30.366	191	301	238	63	2.29e-16	81.6	mitochondrial glycine transporter isoform X2 [Pteropus medius]	143291
XP_036189517.1	XP_080927035	27.897	233	301	288	75	2.34e-16	82.8	solute carrier family 25 member 32 isoform 2 [Rhinolophus hipposideros]	77218
XP_036189517.1	XP_059566848	29.766	299	301	271	95	2.44e-16	82.4	mitochondrial 2-oxodicarboxylate carrier isoform X3 [Myotis daubentonii]	98922
XP_036189517.1	XP_059540287	28.889	270	301	267	82	2.47e-16	82.4	mitochondrial glutamate carrier 2 isoform X2 [Myotis daubentonii]	98922
XP_036189517.1	XP_045712746	29.101	189	301	237	62	2.49e-16	81.6	mitochondrial glycine transporter isoform X5 [Phyllostomus hastatus]	9423
XP_036189517.1	XP_019516588	26.481	287	301	305	94	2.62e-16	82.8	PREDICTED: mitochondrial brown fat uncoupling protein 1 [Hipposideros armiger]	186990
XP_036189517.1	XP_054572950	26.042	288	301	305	95	2.62e-16	82.8	mitochondrial brown fat uncoupling protein 1 [Eptesicus fuscus]	29078
XP_036189517.1	XP_015979539	31.000	200	301	339	64	2.65e-16	83.2	mitochondrial glycine transporter isoform X1 [Rousettus aegyptiacus]	9407
XP_036189517.1	XP_014404439	25.172	290	301	307	95	2.88e-16	82.8	PREDICTED: mitochondrial brown fat uncoupling protein 1 isoform X2 [Myotis brandtii]	109478
XP_036189517.1	XP_006763179	23.611	288	301	541	92	2.92e-16	84.3	PREDICTED: calcium-binding mitochondrial carrier protein SCaMC-1-like [Myotis davidii]	225400
XP_036189517.1	XP_079629434	26.042	288	301	305	95	3.13e-16	82.4	mitochondrial brown fat uncoupling protein 1 [Cnephaeus nilssonii]	3371016
XP_036189517.1	XP_024421851	29.474	190	301	237	62	3.20e-16	81.3	mitochondrial glycine transporter isoform X4 [Desmodus rotundus]	9430
XP_036189517.1	XP_080505303	23.843	281	301	460	92	3.22e-16	84.0	mitochondrial adenyl nucleotide antiporter SLC25A24 isoform 2 [Plecotus auritus]	61862
XP_036189517.1	XP_080935588	27.652	264	301	312	78	3.23e-16	82.8	mitochondrial glutathione transporter SLC25A40 isoform 3 [Rhinolophus hipposideros]	77218
XP_036189517.1	XP_006914444	25.301	249	301	258	80	3.24e-16	81.6	solute carrier family 25 member 33 [Pteropus alecto]	9402
XP_036189517.1	XP_080928587	30.769	208	301	237	68	3.50e-16	81.3	mitochondrial glycine transporter isoform 2 [Rhinolophus hipposideros]	77218
XP_036189517.1	XP_015982822	28.750	240	301	276	76	3.53e-16	82.0	graves disease carrier protein isoform X2 [Rousettus aegyptiacus]	9407
XP_036189517.1	XP_080981709	28.638	213	301	341	68	3.61e-16	82.8	solute carrier family 25 member 43 isoform 2 [Miniopterus schreibersii]	9433
XP_036189517.1	XP_036925026	28.169	213	301	341	95	4.10e-16	82.8	solute carrier family 25 member 43 [Sturnira hondurensis]	192404
XP_036189517.1	XP_036925026	25.087	287	301	341	95	1.84e-11	69.3	solute carrier family 25 member 43 [Sturnira hondurensis]	192404
XP_036189517.1	XP_081014515	28.750	240	301	328	76	4.19e-16	82.4	solute carrier family 25 member 16 isoform 4 [Miniopterus schreibersii]	9433
XP_036189517.1	XP_036896802	28.623	276	301	274	91	4.31e-16	81.6	mitochondrial S-adenosylmethionine carrier protein isoform X1 [Sturnira hondurensis]	192404
XP_036189517.1	XP_019570332	24.915	293	301	340	94	5.18e-16	82.4	mitoferrin-1 isoform X1 [Rhinolophus sinicus]	89399
XP_036189517.1	XP_045694979	30.314	287	301	308	87	5.35e-16	82.0	mitochondrial glutamate carrier 2 [Phyllostomus hastatus]	9423
XP_036189517.1	XP_016067943	26.333	300	301	320	98	5.43e-16	82.0	PREDICTED: mitochondrial thiamine pyrophosphate carrier [Miniopterus natalensis]	291302
XP_036189517.1	XP_016067943	24.020	204	301	320	98	2.22e-12	71.6	PREDICTED: mitochondrial thiamine pyrophosphate carrier [Miniopterus natalensis]	291302
XP_036189517.1	XP_016067942	26.333	300	301	320	98	5.43e-16	82.0	PREDICTED: mitochondrial thiamine pyrophosphate carrier [Miniopterus natalensis]	291302
XP_036189517.1	XP_016067942	24.020	204	301	320	98	2.22e-12	71.6	PREDICTED: mitochondrial thiamine pyrophosphate carrier [Miniopterus natalensis]	291302
XP_036189517.1	XP_016067941	26.333	300	301	320	98	5.43e-16	82.0	PREDICTED: mitochondrial thiamine pyrophosphate carrier [Miniopterus natalensis]	291302
XP_036189517.1	XP_016067941	24.020	204	301	320	98	2.22e-12	71.6	PREDICTED: mitochondrial thiamine pyrophosphate carrier [Miniopterus natalensis]	291302
XP_036189517.1	XP_080971968	26.333	300	301	320	98	5.43e-16	82.0	mitochondrial thiamine pyrophosphate carrier isoform 1 [Miniopterus schreibersii]	9433
XP_036189517.1	XP_080971968	24.020	204	301	320	98	2.22e-12	71.6	mitochondrial thiamine pyrophosphate carrier isoform 1 [Miniopterus schreibersii]	9433
XP_036189517.1	XP_080971967	26.333	300	301	320	98	5.43e-16	82.0	mitochondrial thiamine pyrophosphate carrier isoform 1 [Miniopterus schreibersii]	9433
XP_036189517.1	XP_080971967	24.020	204	301	320	98	2.22e-12	71.6	mitochondrial thiamine pyrophosphate carrier isoform 1 [Miniopterus schreibersii]	9433
XP_036189517.1	XP_080971966	26.333	300	301	320	98	5.43e-16	82.0	mitochondrial thiamine pyrophosphate carrier isoform 1 [Miniopterus schreibersii]	9433
XP_036189517.1	XP_080971966	24.020	204	301	320	98	2.22e-12	71.6	mitochondrial thiamine pyrophosphate carrier isoform 1 [Miniopterus schreibersii]	9433
XP_036189517.1	XP_080971965	26.333	300	301	320	98	5.43e-16	82.0	mitochondrial thiamine pyrophosphate carrier isoform 1 [Miniopterus schreibersii]	9433
XP_036189517.1	XP_080971965	24.020	204	301	320	98	2.22e-12	71.6	mitochondrial thiamine pyrophosphate carrier isoform 1 [Miniopterus schreibersii]	9433
XP_036189517.1	XP_032944024	27.273	264	301	311	78	5.54e-16	82.0	probable mitochondrial glutathione transporter SLC25A40 isoform X3 [Rhinolophus ferrumequinum]	59479
XP_036189517.1	XP_045681438	30.846	201	301	306	59	5.60e-16	82.0	solute carrier family 25 member 48 isoform X4 [Phyllostomus hastatus]	9423
XP_036189517.1	XP_045681428	30.846	201	301	306	59	5.60e-16	82.0	solute carrier family 25 member 48 isoform X4 [Phyllostomus hastatus]	9423
XP_036189517.1	XP_074168688	30.769	208	301	237	68	5.72e-16	80.9	mitochondrial glycine transporter isoform X2 [Rhinolophus sinicus]	89399
XP_036189517.1	XP_080976678	29.897	194	301	410	92	5.79e-16	82.8	mitochondrial adenyl nucleotide antiporter SLC25A24 isoform 2 [Miniopterus schreibersii]	9433
XP_036189517.1	XP_080976678	26.316	171	301	410	92	1.69e-12	72.8	mitochondrial adenyl nucleotide antiporter SLC25A24 isoform 2 [Miniopterus schreibersii]	9433
XP_036189517.1	XP_024425377	26.937	271	301	291	88	6.34e-16	81.6	kidney mitochondrial carrier protein 1 isoform X2 [Desmodus rotundus]	9430
XP_036189517.1	XP_024425372	26.937	271	301	291	88	6.34e-16	81.6	kidney mitochondrial carrier protein 1 isoform X2 [Desmodus rotundus]	9430
XP_036189517.1	XP_032988908	30.769	208	301	237	68	6.58e-16	80.5	mitochondrial glycine transporter isoform X2 [Rhinolophus ferrumequinum]	59479
XP_036189517.1	XP_036192804	28.333	240	301	279	76	7.15e-16	81.3	graves disease carrier protein isoform X2 [Myotis myotis]	51298
XP_036189517.1	XP_036106280	27.106	273	301	328	88	7.30e-16	82.0	kidney mitochondrial carrier protein 1 isoform X2 [Molossus molossus]	27622
XP_036189517.1	XP_028382746	29.553	291	301	308	87	7.47e-16	81.6	mitochondrial glutamate carrier 2 [Phyllostomus discolor]	89673
XP_036189517.1	XP_036294215	26.357	258	301	301	95	7.53e-16	81.6	graves disease carrier protein isoform X2 [Pipistrellus kuhlii]	59472
XP_036189517.1	XP_036294215	30.049	203	301	301	95	3.07e-13	73.9	graves disease carrier protein isoform X2 [Pipistrellus kuhlii]	59472
XP_036189517.1	XP_074185410	27.839	273	301	293	88	7.61e-16	81.3	kidney mitochondrial carrier protein 1 [Rhinolophus sinicus]	89399
XP_036189517.1	XP_074185409	27.839	273	301	293	88	7.61e-16	81.3	kidney mitochondrial carrier protein 1 [Rhinolophus sinicus]	89399
XP_036189517.1	XP_019612532	27.839	273	301	293	88	7.61e-16	81.3	kidney mitochondrial carrier protein 1 [Rhinolophus sinicus]	89399
XP_036189517.1	XP_074185408	27.839	273	301	293	88	7.61e-16	81.3	kidney mitochondrial carrier protein 1 [Rhinolophus sinicus]	89399
XP_036189517.1	XP_074185407	27.839	273	301	293	88	7.61e-16	81.3	kidney mitochondrial carrier protein 1 [Rhinolophus sinicus]	89399
XP_036189517.1	XP_074185406	27.839	273	301	293	88	7.61e-16	81.3	kidney mitochondrial carrier protein 1 [Rhinolophus sinicus]	89399
XP_036189517.1	XP_074185405	27.839	273	301	293	88	7.61e-16	81.3	kidney mitochondrial carrier protein 1 [Rhinolophus sinicus]	89399
XP_036189517.1	XP_074185404	27.839	273	301	293	88	7.61e-16	81.3	kidney mitochondrial carrier protein 1 [Rhinolophus sinicus]	89399
XP_036189517.1	XP_019612530	27.839	273	301	293	88	7.61e-16	81.3	kidney mitochondrial carrier protein 1 [Rhinolophus sinicus]	89399
XP_036189517.1	XP_074185402	27.839	273	301	293	88	7.61e-16	81.3	kidney mitochondrial carrier protein 1 [Rhinolophus sinicus]	89399
XP_036189517.1	XP_019612528	27.839	273	301	293	88	7.61e-16	81.3	kidney mitochondrial carrier protein 1 [Rhinolophus sinicus]	89399
XP_036189517.1	XP_036991411	28.261	276	301	274	94	7.90e-16	80.9	S-adenosylmethionine mitochondrial carrier protein isoform X1 [Artibeus jamaicensis]	9417
XP_036189517.1	XP_036991411	25.871	201	301	274	94	3.61e-11	67.8	S-adenosylmethionine mitochondrial carrier protein isoform X1 [Artibeus jamaicensis]	9417
XP_036189517.1	XP_032944021	27.273	264	301	360	78	8.27e-16	82.0	probable mitochondrial glutathione transporter SLC25A40 isoform X1 [Rhinolophus ferrumequinum]	59479
XP_036189517.1	XP_032944020	27.273	264	301	360	78	8.27e-16	82.0	probable mitochondrial glutathione transporter SLC25A40 isoform X1 [Rhinolophus ferrumequinum]	59479
XP_036189517.1	XP_032944019	27.273	264	301	360	78	8.27e-16	82.0	probable mitochondrial glutathione transporter SLC25A40 isoform X1 [Rhinolophus ferrumequinum]	59479
XP_036189517.1	XP_054428682	28.333	240	301	330	76	9.05e-16	81.6	solute carrier family 25 member 16 isoform X2 [Pteronotus mesoamericanus]	1884717
XP_036189517.1	XP_054572540	26.117	291	301	309	94	9.66e-16	81.3	dicarboxylate carrier SLC25A8-like [Eptesicus fuscus]	29078
XP_036189517.1	XP_028376345	26.578	301	301	318	98	1.03e-15	81.3	mitochondrial thiamine pyrophosphate carrier isoform X1 [Phyllostomus discolor]	89673
XP_036189517.1	XP_028376345	26.904	197	301	318	98	3.62e-13	73.9	mitochondrial thiamine pyrophosphate carrier isoform X1 [Phyllostomus discolor]	89673
XP_036189517.1	XP_035890008	26.578	301	301	318	98	1.03e-15	81.3	mitochondrial thiamine pyrophosphate carrier isoform X1 [Phyllostomus discolor]	89673
XP_036189517.1	XP_035890008	26.904	197	301	318	98	3.62e-13	73.9	mitochondrial thiamine pyrophosphate carrier isoform X1 [Phyllostomus discolor]	89673
XP_036189517.1	XP_035890007	26.578	301	301	318	98	1.03e-15	81.3	mitochondrial thiamine pyrophosphate carrier isoform X1 [Phyllostomus discolor]	89673
XP_036189517.1	XP_035890007	26.904	197	301	318	98	3.62e-13	73.9	mitochondrial thiamine pyrophosphate carrier isoform X1 [Phyllostomus discolor]	89673
XP_036189517.1	XP_024425365	26.937	271	301	322	88	1.07e-15	81.3	kidney mitochondrial carrier protein 1 isoform X1 [Desmodus rotundus]	9430
XP_036189517.1	XP_036108020	29.371	286	301	313	86	1.15e-15	81.3	mitochondrial glutamate carrier 2 isoform X2 [Molossus molossus]	27622
XP_036189517.1	XP_066205076	28.333	240	301	330	76	1.19e-15	81.3	solute carrier family 25 member 16 isoform X2 [Saccopteryx leptura]	249018
XP_036189517.1	XP_066099326	28.333	240	301	330	76	1.19e-15	81.3	solute carrier family 25 member 16 isoform X2 [Saccopteryx bilineata]	59482
XP_036189517.1	XP_080530094	25.090	279	301	305	92	1.19e-15	80.9	mitochondrial brown fat uncoupling protein 1 [Plecotus auritus]	61862
XP_036189517.1	XP_080992607	22.997	287	301	372	94	1.26e-15	81.6	mitochondrial carrier protein SCaMC-3L [Miniopterus schreibersii]	9433
XP_036189517.1	XP_045697986	28.333	240	301	330	76	1.30e-15	81.3	graves disease carrier protein isoform X3 [Phyllostomus hastatus]	9423
XP_036189517.1	XP_070252124	23.264	288	301	543	92	1.34e-15	82.4	mitochondrial adenyl nucleotide antiporter SLC25A24-like [Myotis yumanensis]	159337
XP_036189517.1	XP_016053472	22.997	287	301	370	94	1.35e-15	81.6	PREDICTED: solute carrier family 25 member 41 [Miniopterus natalensis]	291302
XP_036189517.1	XP_035885008	29.592	294	301	271	95	1.36e-15	80.1	mitochondrial 2-oxodicarboxylate carrier isoform X2 [Phyllostomus discolor]	89673
XP_036189517.1	XP_036897651	26.199	271	301	291	88	1.37e-15	80.5	kidney mitochondrial carrier protein 1 [Sturnira hondurensis]	192404
XP_036189517.1	XP_036897642	26.199	271	301	291	88	1.37e-15	80.5	kidney mitochondrial carrier protein 1 [Sturnira hondurensis]	192404
XP_036189517.1	XP_019522791	25.086	291	301	298	96	1.39e-15	80.5	PREDICTED: ADP/ATP translocase 1 [Hipposideros armiger]	186990
XP_036189517.1	XP_019522791	26.633	199	301	298	96	8.70e-12	69.7	PREDICTED: ADP/ATP translocase 1 [Hipposideros armiger]	186990
XP_036189517.1	XP_037019996	28.169	213	301	341	68	1.39e-15	81.3	solute carrier family 25 member 43 isoform X2 [Artibeus jamaicensis]	9417
XP_036189517.1	XP_036108019	29.268	287	301	314	86	1.42e-15	80.9	mitochondrial glutamate carrier 2 isoform X1 [Molossus molossus]	27622
XP_036189517.1	XP_080981708	27.111	225	301	353	68	1.48e-15	81.3	solute carrier family 25 member 43 isoform 1 [Miniopterus schreibersii]	9433
XP_036189517.1	XP_054584688	28.333	240	301	335	76	1.48e-15	81.3	solute carrier family 25 member 16 isoform X4 [Eptesicus fuscus]	29078
XP_036189517.1	XP_080497301	28.333	240	301	333	76	1.48e-15	80.9	solute carrier family 25 member 16 isoform 3 [Plecotus auritus]	61862
XP_036189517.1	XP_080930322	28.333	240	301	345	76	1.53e-15	81.3	solute carrier family 25 member 16 isoform 2 [Rhinolophus hipposideros]	77218
XP_036189517.1	XP_036294217	28.333	240	301	331	76	1.53e-15	80.9	graves disease carrier protein isoform X5 [Pipistrellus kuhlii]	59472
XP_036189517.1	XP_008149693	23.711	291	301	339	94	1.54e-15	81.3	mitoferrin-1 isoform X1 [Eptesicus fuscus]	29078
XP_036189517.1	XP_036192806	28.333	240	301	329	76	1.54e-15	80.9	graves disease carrier protein isoform X4 [Myotis myotis]	51298
XP_036189517.1	XP_045441820	25.086	291	301	318	97	1.59e-15	80.9	mitochondrial coenzyme A transporter SLC25A42 [Pipistrellus kuhlii]	59472
XP_036189517.1	XP_045441820	25.128	195	301	318	97	1.35e-14	78.2	mitochondrial coenzyme A transporter SLC25A42 [Pipistrellus kuhlii]	59472
XP_036189517.1	XP_080991545	25.000	288	301	305	95	1.66e-15	80.5	mitochondrial brown fat uncoupling protein 1 [Miniopterus schreibersii]	9433
XP_036189517.1	XP_070288978	28.333	240	301	329	76	1.69e-15	80.9	solute carrier family 25 member 16 isoform X4 [Myotis yumanensis]	159337
XP_036189517.1	XP_016062362	25.000	288	301	305	95	1.93e-15	80.5	PREDICTED: mitochondrial brown fat uncoupling protein 1 [Miniopterus natalensis]	291302
XP_036189517.1	XP_023390960	28.028	289	301	384	86	2.04e-15	81.3	mitochondrial glutamate carrier 2 [Pteropus vampyrus]	132908
XP_036189517.1	XP_032947038	25.667	300	301	318	98	2.07e-15	80.5	mitochondrial thiamine pyrophosphate carrier [Rhinolophus ferrumequinum]	59479
XP_036189517.1	XP_032947038	25.758	198	301	318	98	1.83e-13	74.7	mitochondrial thiamine pyrophosphate carrier [Rhinolophus ferrumequinum]	59479
XP_036189517.1	XP_032947037	25.667	300	301	318	98	2.07e-15	80.5	mitochondrial thiamine pyrophosphate carrier [Rhinolophus ferrumequinum]	59479
XP_036189517.1	XP_032947037	25.758	198	301	318	98	1.83e-13	74.7	mitochondrial thiamine pyrophosphate carrier [Rhinolophus ferrumequinum]	59479
XP_036189517.1	XP_032947036	25.667	300	301	318	98	2.07e-15	80.5	mitochondrial thiamine pyrophosphate carrier [Rhinolophus ferrumequinum]	59479
XP_036189517.1	XP_032947036	25.758	198	301	318	98	1.83e-13	74.7	mitochondrial thiamine pyrophosphate carrier [Rhinolophus ferrumequinum]	59479
XP_036189517.1	XP_032947035	25.667	300	301	318	98	2.07e-15	80.5	mitochondrial thiamine pyrophosphate carrier [Rhinolophus ferrumequinum]	59479
XP_036189517.1	XP_032947035	25.758	198	301	318	98	1.83e-13	74.7	mitochondrial thiamine pyrophosphate carrier [Rhinolophus ferrumequinum]	59479
XP_036189517.1	XP_032947034	25.667	300	301	318	98	2.07e-15	80.5	mitochondrial thiamine pyrophosphate carrier [Rhinolophus ferrumequinum]	59479
XP_036189517.1	XP_032947034	25.758	198	301	318	98	1.83e-13	74.7	mitochondrial thiamine pyrophosphate carrier [Rhinolophus ferrumequinum]	59479
XP_036189517.1	XP_032947033	25.667	300	301	318	98	2.07e-15	80.5	mitochondrial thiamine pyrophosphate carrier [Rhinolophus ferrumequinum]	59479
XP_036189517.1	XP_032947033	25.758	198	301	318	98	1.83e-13	74.7	mitochondrial thiamine pyrophosphate carrier [Rhinolophus ferrumequinum]	59479
XP_036189517.1	XP_032947032	25.667	300	301	318	98	2.07e-15	80.5	mitochondrial thiamine pyrophosphate carrier [Rhinolophus ferrumequinum]	59479
XP_036189517.1	XP_032947032	25.758	198	301	318	98	1.83e-13	74.7	mitochondrial thiamine pyrophosphate carrier [Rhinolophus ferrumequinum]	59479
XP_036189517.1	XP_032947031	25.667	300	301	318	98	2.07e-15	80.5	mitochondrial thiamine pyrophosphate carrier [Rhinolophus ferrumequinum]	59479
XP_036189517.1	XP_032947031	25.758	198	301	318	98	1.83e-13	74.7	mitochondrial thiamine pyrophosphate carrier [Rhinolophus ferrumequinum]	59479
XP_036189517.1	XP_081016091	30.698	215	301	281	70	2.11e-15	79.7	mitochondrial glycine transporter isoform 3 [Miniopterus schreibersii]	9433
XP_036189517.1	XP_024904720	30.570	193	301	279	63	2.29e-15	79.7	mitochondrial glycine transporter isoform X2 [Pteropus alecto]	9402
XP_036189517.1	XP_080931893	24.915	293	301	341	94	2.39e-15	80.5	mitoferrin-1 isoform 1 [Rhinolophus hipposideros]	77218
XP_036189517.1	XP_066239815	26.568	271	301	291	88	2.42e-15	79.7	kidney mitochondrial carrier protein 1 [Saccopteryx leptura]	249018
XP_036189517.1	XP_019484347	24.735	283	301	474	93	2.46e-15	81.3	PREDICTED: calcium-binding mitochondrial carrier protein SCaMC-1-like [Hipposideros armiger]	186990
XP_036189517.1	XP_028373998	29.101	189	301	237	62	2.52e-15	79.0	mitochondrial glycine transporter isoform X3 [Phyllostomus discolor]	89673
XP_036189517.1	XP_032990014	25.256	293	301	338	94	2.67e-15	80.5	mitoferrin-1 isoform X1 [Rhinolophus ferrumequinum]	59479
XP_036189517.1	XP_024416542	23.711	291	301	338	94	2.78e-15	80.5	mitoferrin-1 isoform X1 [Desmodus rotundus]	9430
XP_036189517.1	XP_039725174	27.491	291	301	316	87	2.82e-15	80.1	mitochondrial glutamate carrier 2 isoform X2 [Pteropus medius]	143291
XP_036189517.1	XP_037004225	29.101	189	301	237	62	2.86e-15	78.6	mitochondrial glycine transporter isoform X3 [Artibeus jamaicensis]	9417
XP_036189517.1	XP_079642310	24.615	260	301	311	77	2.95e-15	80.1	mitochondrial glutathione transporter SLC25A40 isoform 2 [Cnephaeus nilssonii]	3371016
XP_036189517.1	XP_045046028	26.490	302	301	318	98	3.05e-15	80.1	mitochondrial thiamine pyrophosphate carrier [Desmodus rotundus]	9430
XP_036189517.1	XP_045046028	26.263	198	301	318	98	5.81e-14	76.3	mitochondrial thiamine pyrophosphate carrier [Desmodus rotundus]	9430
XP_036189517.1	XP_024409424	26.490	302	301	318	98	3.05e-15	80.1	mitochondrial thiamine pyrophosphate carrier [Desmodus rotundus]	9430
XP_036189517.1	XP_024409424	26.263	198	301	318	98	5.81e-14	76.3	mitochondrial thiamine pyrophosphate carrier [Desmodus rotundus]	9430
XP_036189517.1	XP_045046027	26.490	302	301	318	98	3.05e-15	80.1	mitochondrial thiamine pyrophosphate carrier [Desmodus rotundus]	9430
XP_036189517.1	XP_045046027	26.263	198	301	318	98	5.81e-14	76.3	mitochondrial thiamine pyrophosphate carrier [Desmodus rotundus]	9430
XP_036189517.1	XP_024409426	26.490	302	301	318	98	3.05e-15	80.1	mitochondrial thiamine pyrophosphate carrier [Desmodus rotundus]	9430
XP_036189517.1	XP_024409426	26.263	198	301	318	98	5.81e-14	76.3	mitochondrial thiamine pyrophosphate carrier [Desmodus rotundus]	9430
XP_036189517.1	XP_024409425	26.490	302	301	318	98	3.05e-15	80.1	mitochondrial thiamine pyrophosphate carrier [Desmodus rotundus]	9430
XP_036189517.1	XP_024409425	26.263	198	301	318	98	5.81e-14	76.3	mitochondrial thiamine pyrophosphate carrier [Desmodus rotundus]	9430
XP_036189517.1	XP_045693506	25.667	300	301	318	98	3.40e-15	79.7	mitochondrial thiamine pyrophosphate carrier [Phyllostomus hastatus]	9423
XP_036189517.1	XP_045693506	26.396	197	301	318	98	8.98e-13	72.8	mitochondrial thiamine pyrophosphate carrier [Phyllostomus hastatus]	9423
XP_036189517.1	XP_045693506	25.641	195	301	318	98	4.50e-11	67.8	mitochondrial thiamine pyrophosphate carrier [Phyllostomus hastatus]	9423
XP_036189517.1	XP_045693505	25.667	300	301	318	98	3.40e-15	79.7	mitochondrial thiamine pyrophosphate carrier [Phyllostomus hastatus]	9423
XP_036189517.1	XP_045693505	26.396	197	301	318	98	8.98e-13	72.8	mitochondrial thiamine pyrophosphate carrier [Phyllostomus hastatus]	9423
XP_036189517.1	XP_045693505	25.641	195	301	318	98	4.50e-11	67.8	mitochondrial thiamine pyrophosphate carrier [Phyllostomus hastatus]	9423
XP_036189517.1	XP_045693504	25.667	300	301	318	98	3.40e-15	79.7	mitochondrial thiamine pyrophosphate carrier [Phyllostomus hastatus]	9423
XP_036189517.1	XP_045693504	26.396	197	301	318	98	8.98e-13	72.8	mitochondrial thiamine pyrophosphate carrier [Phyllostomus hastatus]	9423
XP_036189517.1	XP_045693504	25.641	195	301	318	98	4.50e-11	67.8	mitochondrial thiamine pyrophosphate carrier [Phyllostomus hastatus]	9423
XP_036189517.1	XP_036125347	26.000	300	301	320	98	3.40e-15	79.7	mitochondrial thiamine pyrophosphate carrier isoform X1 [Molossus molossus]	27622
XP_036189517.1	XP_036125347	25.789	190	301	320	98	2.39e-13	74.7	mitochondrial thiamine pyrophosphate carrier isoform X1 [Molossus molossus]	27622
XP_036189517.1	XP_036125346	26.000	300	301	320	98	3.40e-15	79.7	mitochondrial thiamine pyrophosphate carrier isoform X1 [Molossus molossus]	27622
XP_036189517.1	XP_036125346	25.789	190	301	320	98	2.39e-13	74.7	mitochondrial thiamine pyrophosphate carrier isoform X1 [Molossus molossus]	27622
XP_036189517.1	XP_080902111	27.473	273	301	293	88	3.74e-15	79.3	kidney mitochondrial carrier protein 1 isoform 1 [Rhinolophus hipposideros]	77218
XP_036189517.1	XP_080902110	27.473	273	301	293	88	3.74e-15	79.3	kidney mitochondrial carrier protein 1 isoform 1 [Rhinolophus hipposideros]	77218
XP_036189517.1	XP_039725173	27.397	292	301	317	87	3.81e-15	79.7	mitochondrial glutamate carrier 2 isoform X1 [Pteropus medius]	143291
XP_036189517.1	XP_039725172	27.397	292	301	317	87	3.81e-15	79.7	mitochondrial glutamate carrier 2 isoform X1 [Pteropus medius]	143291
XP_036189517.1	XP_039725171	27.397	292	301	317	87	3.81e-15	79.7	mitochondrial glutamate carrier 2 isoform X1 [Pteropus medius]	143291
XP_036189517.1	XP_080969374	24.138	290	301	525	92	4.32e-15	80.9	mitochondrial adenyl nucleotide antiporter SLC25A24-like [Myotis nattereri]	109481
XP_036189517.1	XP_079650370	28.333	240	301	475	76	4.32e-15	80.5	solute carrier family 25 member 16 isoform 2 [Cnephaeus nilssonii]	3371016
XP_036189517.1	XP_035890009	26.246	301	301	311	98	4.44e-15	79.3	mitochondrial thiamine pyrophosphate carrier isoform X2 [Phyllostomus discolor]	89673
XP_036189517.1	XP_035890009	27.411	197	301	311	98	2.83e-13	74.3	mitochondrial thiamine pyrophosphate carrier isoform X2 [Phyllostomus discolor]	89673
XP_036189517.1	XP_036994569	29.514	288	301	307	87	4.74e-15	79.3	mitochondrial glutamate carrier 2 isoform X4 [Artibeus jamaicensis]	9417
XP_036189517.1	XP_036994568	29.514	288	301	307	87	4.74e-15	79.3	mitochondrial glutamate carrier 2 isoform X4 [Artibeus jamaicensis]	9417
XP_036189517.1	XP_080503998	24.825	286	301	475	93	4.75e-15	80.5	mitochondrial adenyl nucleotide antiporter SLC25A24-like [Plecotus auritus]	61862
XP_036189517.1	XP_036306199	25.086	291	301	342	94	4.75e-15	79.7	mitoferrin-1 isoform X1 [Pipistrellus kuhlii]	59472
XP_036189517.1	XP_080530476	23.368	291	301	340	94	4.90e-15	79.7	mitoferrin-1 [Plecotus auritus]	61862
XP_036189517.1	XP_008153287	26.910	301	301	318	98	4.96e-15	79.3	mitochondrial thiamine pyrophosphate carrier [Eptesicus fuscus]	29078
XP_036189517.1	XP_008153287	24.510	204	301	318	98	2.33e-12	71.6	mitochondrial thiamine pyrophosphate carrier [Eptesicus fuscus]	29078
XP_036189517.1	XP_066237288	25.000	300	301	318	98	5.16e-15	79.3	mitochondrial thiamine pyrophosphate carrier isoform X1 [Saccopteryx leptura]	249018
XP_036189517.1	XP_066237288	25.263	190	301	318	98	2.88e-12	71.2	mitochondrial thiamine pyrophosphate carrier isoform X1 [Saccopteryx leptura]	249018
XP_036189517.1	XP_066237287	25.000	300	301	318	98	5.16e-15	79.3	mitochondrial thiamine pyrophosphate carrier isoform X1 [Saccopteryx leptura]	249018
XP_036189517.1	XP_066237287	25.263	190	301	318	98	2.88e-12	71.2	mitochondrial thiamine pyrophosphate carrier isoform X1 [Saccopteryx leptura]	249018
XP_036189517.1	XP_054442329	26.199	271	301	291	88	5.41e-15	79.0	kidney mitochondrial carrier protein 1 [Pteronotus mesoamericanus]	1884717
XP_036189517.1	XP_054442328	26.199	271	301	291	88	5.41e-15	79.0	kidney mitochondrial carrier protein 1 [Pteronotus mesoamericanus]	1884717
XP_036189517.1	XP_015413777	23.184	358	301	371	96	5.49e-15	79.7	PREDICTED: solute carrier family 25 member 40 isoform X3 [Myotis davidii]	225400
XP_036189517.1	XP_070250683	26.667	300	301	318	98	5.63e-15	79.3	mitochondrial thiamine pyrophosphate carrier [Myotis yumanensis]	159337
XP_036189517.1	XP_070250683	24.020	204	301	318	98	7.21e-13	73.2	mitochondrial thiamine pyrophosphate carrier [Myotis yumanensis]	159337
XP_036189517.1	XP_070250682	26.667	300	301	318	98	5.63e-15	79.3	mitochondrial thiamine pyrophosphate carrier [Myotis yumanensis]	159337
XP_036189517.1	XP_070250682	24.020	204	301	318	98	7.21e-13	73.2	mitochondrial thiamine pyrophosphate carrier [Myotis yumanensis]	159337
XP_036189517.1	XP_070250681	26.667	300	301	318	98	5.63e-15	79.3	mitochondrial thiamine pyrophosphate carrier [Myotis yumanensis]	159337
XP_036189517.1	XP_070250681	24.020	204	301	318	98	7.21e-13	73.2	mitochondrial thiamine pyrophosphate carrier [Myotis yumanensis]	159337
XP_036189517.1	XP_028009785	23.830	235	301	478	78	5.65e-15	80.1	calcium-binding mitochondrial carrier protein SCaMC-1-like isoform X6 [Eptesicus fuscus]	29078
XP_036189517.1	XP_005860183	23.264	288	301	577	92	5.80e-15	80.5	PREDICTED: calcium-binding mitochondrial carrier protein SCaMC-1 [Myotis brandtii]	109478
XP_036189517.1	XP_045688203	28.261	276	301	274	91	5.93e-15	78.6	S-adenosylmethionine mitochondrial carrier protein isoform X2 [Phyllostomus hastatus]	9423
XP_036189517.1	XP_036884564	23.711	291	301	338	94	6.14e-15	79.3	mitoferrin-1 isoform X1 [Sturnira hondurensis]	192404
XP_036189517.1	XP_006766147	25.000	288	301	305	95	6.16e-15	79.0	PREDICTED: mitochondrial brown fat uncoupling protein 1 [Myotis davidii]	225400
XP_036189517.1	XP_006766147	25.263	190	301	305	95	7.74e-11	67.0	PREDICTED: mitochondrial brown fat uncoupling protein 1 [Myotis davidii]	225400
XP_036189517.1	XP_006771986	23.711	291	301	338	94	6.25e-15	79.3	PREDICTED: mitoferrin-1 isoform X1 [Myotis davidii]	225400
XP_036189517.1	XP_054585296	26.556	241	301	267	92	6.32e-15	78.2	dicarboxylate carrier SLC25A8-like [Eptesicus fuscus]	29078
XP_036189517.1	XP_054585296	30.645	186	301	267	92	1.19e-11	68.9	dicarboxylate carrier SLC25A8-like [Eptesicus fuscus]	29078
XP_036189517.1	XP_045709357	23.711	291	301	338	94	6.38e-15	79.3	mitoferrin-1 [Phyllostomus hastatus]	9423
XP_036189517.1	XP_079628528	23.711	291	301	339	94	6.43e-15	79.3	mitoferrin-1 isoform 1 [Cnephaeus nilssonii]	3371016
XP_036189517.1	XP_028374703	28.261	276	301	274	91	7.15e-15	78.2	S-adenosylmethionine mitochondrial carrier protein isoform X1 [Phyllostomus discolor]	89673
XP_036189517.1	XP_054418259	25.833	240	301	417	79	7.23e-15	79.7	mitochondrial adenyl nucleotide antiporter SLC25A23 isoform X4 [Pteronotus mesoamericanus]	1884717
XP_036189517.1	XP_015418778	26.667	300	301	317	98	7.83e-15	79.0	PREDICTED: mitochondrial thiamine pyrophosphate carrier [Myotis davidii]	225400
XP_036189517.1	XP_015418778	24.020	204	301	317	98	3.69e-12	71.2	PREDICTED: mitochondrial thiamine pyrophosphate carrier [Myotis davidii]	225400
XP_036189517.1	XP_006762833	26.667	300	301	317	98	7.83e-15	79.0	PREDICTED: mitochondrial thiamine pyrophosphate carrier [Myotis davidii]	225400
XP_036189517.1	XP_006762833	24.020	204	301	317	98	3.69e-12	71.2	PREDICTED: mitochondrial thiamine pyrophosphate carrier [Myotis davidii]	225400
XP_036189517.1	XP_015418777	26.667	300	301	317	98	7.83e-15	79.0	PREDICTED: mitochondrial thiamine pyrophosphate carrier [Myotis davidii]	225400
XP_036189517.1	XP_015418777	24.020	204	301	317	98	3.69e-12	71.2	PREDICTED: mitochondrial thiamine pyrophosphate carrier [Myotis davidii]	225400
XP_036189517.1	XP_080533280	26.910	301	301	318	98	7.99e-15	79.0	mitochondrial thiamine pyrophosphate carrier isoform 1 [Plecotus auritus]	61862
XP_036189517.1	XP_080533280	24.510	204	301	318	98	8.01e-13	73.2	mitochondrial thiamine pyrophosphate carrier isoform 1 [Plecotus auritus]	61862
XP_036189517.1	XP_080533279	26.910	301	301	318	98	7.99e-15	79.0	mitochondrial thiamine pyrophosphate carrier isoform 1 [Plecotus auritus]	61862
XP_036189517.1	XP_080533279	24.510	204	301	318	98	8.01e-13	73.2	mitochondrial thiamine pyrophosphate carrier isoform 1 [Plecotus auritus]	61862
XP_036189517.1	XP_036096803	23.711	291	301	338	94	8.04e-15	79.0	mitoferrin-1 isoform X1 [Molossus molossus]	27622
XP_036189517.1	XP_070288976	25.581	258	301	299	95	8.28e-15	78.6	solute carrier family 25 member 16 isoform X2 [Myotis yumanensis]	159337
XP_036189517.1	XP_070288976	29.557	203	301	299	95	8.29e-13	72.8	solute carrier family 25 member 16 isoform X2 [Myotis yumanensis]	159337
XP_036189517.1	XP_059518515	25.581	258	301	299	95	8.28e-15	78.6	solute carrier family 25 member 16 isoform X2 [Myotis daubentonii]	98922
XP_036189517.1	XP_059518515	29.557	203	301	299	95	8.29e-13	72.8	solute carrier family 25 member 16 isoform X2 [Myotis daubentonii]	98922
XP_036189517.1	XP_036192802	25.581	258	301	299	95	8.28e-15	78.6	graves disease carrier protein isoform X1 [Myotis myotis]	51298
XP_036189517.1	XP_036192802	29.557	203	301	299	95	8.29e-13	72.8	graves disease carrier protein isoform X1 [Myotis myotis]	51298
XP_036189517.1	XP_054422143	25.086	291	301	298	96	8.60e-15	78.6	ADP/ATP translocase 1 [Pteronotus mesoamericanus]	1884717
XP_036189517.1	XP_054422143	26.263	198	301	298	96	6.80e-11	67.4	ADP/ATP translocase 1 [Pteronotus mesoamericanus]	1884717
XP_036189517.1	XP_015413776	24.038	312	301	383	91	8.64e-15	79.3	PREDICTED: solute carrier family 25 member 40 isoform X2 [Myotis davidii]	225400
XP_036189517.1	XP_028007235	25.581	258	301	301	95	8.80e-15	78.6	solute carrier family 25 member 16 isoform X2 [Eptesicus fuscus]	29078
XP_036189517.1	XP_028007235	29.557	203	301	301	95	8.13e-13	72.8	solute carrier family 25 member 16 isoform X2 [Eptesicus fuscus]	29078
XP_036189517.1	XP_019480962	23.711	291	301	339	94	9.64e-15	79.0	PREDICTED: mitoferrin-1 isoform X1 [Hipposideros armiger]	186990
XP_036189517.1	XP_079653440	27.243	301	301	318	98	9.89e-15	78.6	mitochondrial thiamine pyrophosphate carrier isoform 1 [Cnephaeus nilssonii]	3371016
XP_036189517.1	XP_079653440	25.000	204	301	318	98	7.14e-13	73.2	mitochondrial thiamine pyrophosphate carrier isoform 1 [Cnephaeus nilssonii]	3371016
XP_036189517.1	XP_079653439	27.243	301	301	318	98	9.89e-15	78.6	mitochondrial thiamine pyrophosphate carrier isoform 1 [Cnephaeus nilssonii]	3371016
XP_036189517.1	XP_079653439	25.000	204	301	318	98	7.14e-13	73.2	mitochondrial thiamine pyrophosphate carrier isoform 1 [Cnephaeus nilssonii]	3371016
XP_036189517.1	XP_079653438	27.243	301	301	318	98	9.89e-15	78.6	mitochondrial thiamine pyrophosphate carrier isoform 1 [Cnephaeus nilssonii]	3371016
XP_036189517.1	XP_079653438	25.000	204	301	318	98	7.14e-13	73.2	mitochondrial thiamine pyrophosphate carrier isoform 1 [Cnephaeus nilssonii]	3371016
XP_036189517.1	XP_027987651	30.049	203	301	237	67	1.03e-14	77.0	mitochondrial glycine transporter isoform X3 [Eptesicus fuscus]	29078
XP_036189517.1	XP_066090106	25.000	300	301	318	98	1.07e-14	78.6	mitochondrial thiamine pyrophosphate carrier isoform X1 [Saccopteryx bilineata]	59482
XP_036189517.1	XP_066090106	25.789	190	301	318	98	5.11e-13	73.6	mitochondrial thiamine pyrophosphate carrier isoform X1 [Saccopteryx bilineata]	59482
XP_036189517.1	XP_066090104	25.000	300	301	318	98	1.07e-14	78.6	mitochondrial thiamine pyrophosphate carrier isoform X1 [Saccopteryx bilineata]	59482
XP_036189517.1	XP_066090104	25.789	190	301	318	98	5.11e-13	73.6	mitochondrial thiamine pyrophosphate carrier isoform X1 [Saccopteryx bilineata]	59482
XP_036189517.1	XP_036184193	25.911	247	301	279	80	1.08e-14	77.8	solute carrier family 25 member 40 isoform X8 [Myotis myotis]	51298
XP_036189517.1	XP_015999338	26.568	271	301	293	88	1.11e-14	78.2	kidney mitochondrial carrier protein 1 isoform X1 [Rousettus aegyptiacus]	9407
XP_036189517.1	XP_015999337	26.568	271	301	293	88	1.11e-14	78.2	kidney mitochondrial carrier protein 1 isoform X1 [Rousettus aegyptiacus]	9407
XP_036189517.1	XP_036268015	26.910	301	301	318	98	1.14e-14	78.2	mitochondrial thiamine pyrophosphate carrier [Pipistrellus kuhlii]	59472
XP_036189517.1	XP_036268015	26.702	191	301	318	98	6.94e-13	73.2	mitochondrial thiamine pyrophosphate carrier [Pipistrellus kuhlii]	59472
XP_036189517.1	XP_066209884	26.761	284	301	328	89	1.16e-14	78.6	ADP/ATP translocase 3-like [Saccopteryx leptura]	249018
XP_036189517.1	XP_070247070	28.986	276	301	274	91	1.22e-14	77.8	mitochondrial S-adenosylmethionine carrier protein isoform X1 [Myotis yumanensis]	159337
XP_036189517.1	XP_079618147	24.476	286	301	487	93	1.30e-14	79.3	mitochondrial adenyl nucleotide antiporter SLC25A24-like [Cnephaeus nilssonii]	3371016
XP_036189517.1	XP_016060925	26.740	273	301	291	88	1.33e-14	77.8	PREDICTED: kidney mitochondrial carrier protein 1 [Miniopterus natalensis]	291302
XP_036189517.1	XP_080983501	26.740	273	301	291	88	1.33e-14	77.8	kidney mitochondrial carrier protein 1 isoform 1 [Miniopterus schreibersii]	9433
XP_036189517.1	XP_080983500	26.740	273	301	291	88	1.33e-14	77.8	kidney mitochondrial carrier protein 1 isoform 1 [Miniopterus schreibersii]	9433
XP_036189517.1	XP_053776425	26.087	253	301	258	80	1.34e-14	77.4	solute carrier family 25 member 33 isoform X2 [Desmodus rotundus]	9430
XP_036189517.1	XP_053771608	23.929	280	301	474	92	1.37e-14	79.0	mitochondrial adenyl nucleotide antiporter SLC25A24-like [Desmodus rotundus]	9430
XP_036189517.1	XP_059520436	30.052	193	301	237	63	1.40e-14	77.0	mitochondrial glycine transporter isoform X5 [Myotis daubentonii]	98922
XP_036189517.1	XP_036208852	32.099	243	301	400	77	1.40e-14	79.0	mitochondrial 2-oxodicarboxylate carrier isoform X2 [Myotis myotis]	51298
XP_036189517.1	XP_036106281	27.536	276	301	294	88	1.41e-14	77.8	kidney mitochondrial carrier protein 1 isoform X3 [Molossus molossus]	27622
XP_036189517.1	XP_053521559	29.514	288	301	421	87	1.42e-14	79.0	mitochondrial glutamate carrier 2 isoform X2 [Artibeus jamaicensis]	9417
XP_036189517.1	XP_080516723	26.568	271	301	291	88	1.46e-14	77.8	kidney mitochondrial carrier protein 1 [Plecotus auritus]	61862
XP_036189517.1	XP_054435776	26.506	249	301	258	80	1.47e-14	77.0	solute carrier family 25 member 33 isoform X2 [Pteronotus mesoamericanus]	1884717
XP_036189517.1	XP_036286480	29.348	276	301	274	91	1.54e-14	77.4	S-adenosylmethionine mitochondrial carrier protein isoform X1 [Pipistrellus kuhlii]	59472
XP_036189517.1	XP_028375468	24.399	291	301	338	94	1.55e-14	78.2	mitoferrin-1 [Phyllostomus discolor]	89673
XP_036189517.1	XP_053521558	29.514	288	301	425	87	1.57e-14	79.0	mitochondrial glutamate carrier 2 isoform X1 [Artibeus jamaicensis]	9417
XP_036189517.1	XP_036994570	29.514	288	301	425	87	1.57e-14	79.0	mitochondrial glutamate carrier 2 isoform X1 [Artibeus jamaicensis]	9417
XP_036189517.1	XP_036208862	32.099	243	301	397	77	1.72e-14	78.6	mitochondrial 2-oxodicarboxylate carrier isoform X3 [Myotis myotis]	51298
XP_036189517.1	XP_080903088	25.430	291	301	298	95	1.77e-14	77.4	ADP/ATP translocase 1 [Rhinolophus hipposideros]	77218
XP_036189517.1	XP_080903088	26.667	195	301	298	95	4.83e-11	67.8	ADP/ATP translocase 1 [Rhinolophus hipposideros]	77218
XP_036189517.1	XP_027984655	25.795	283	301	290	92	1.80e-14	77.4	brain mitochondrial carrier protein 1 isoform X1 [Eptesicus fuscus]	29078
XP_036189517.1	XP_008152114	25.795	283	301	290	92	1.80e-14	77.4	brain mitochondrial carrier protein 1 isoform X1 [Eptesicus fuscus]	29078
XP_036189517.1	XP_045439484	25.795	283	301	290	92	1.80e-14	77.4	brain mitochondrial carrier protein 1 isoform X4 [Pipistrellus kuhlii]	59472
XP_036189517.1	XP_036299306	25.795	283	301	290	92	1.80e-14	77.4	brain mitochondrial carrier protein 1 isoform X4 [Pipistrellus kuhlii]	59472
XP_036189517.1	XP_036299303	25.795	283	301	290	92	1.80e-14	77.4	brain mitochondrial carrier protein 1 isoform X4 [Pipistrellus kuhlii]	59472
XP_036189517.1	XP_080508221	25.795	283	301	290	92	1.80e-14	77.4	brain mitochondrial carrier protein 1 isoform 4 [Plecotus auritus]	61862
XP_036189517.1	XP_053517364	26.768	198	301	453	64	1.85e-14	78.6	uncharacterized protein LOC119058679 isoform X1 [Artibeus jamaicensis]	9417
XP_036189517.1	XP_037013954	26.768	198	301	453	64	1.85e-14	78.6	uncharacterized protein LOC119058679 isoform X1 [Artibeus jamaicensis]	9417
XP_036189517.1	XP_053517363	26.768	198	301	453	64	1.85e-14	78.6	uncharacterized protein LOC119058679 isoform X1 [Artibeus jamaicensis]	9417
XP_036189517.1	XP_053517362	26.768	198	301	453	64	1.85e-14	78.6	uncharacterized protein LOC119058679 isoform X1 [Artibeus jamaicensis]	9417
XP_036189517.1	XP_053517361	26.768	198	301	453	64	1.85e-14	78.6	uncharacterized protein LOC119058679 isoform X1 [Artibeus jamaicensis]	9417
XP_036189517.1	XP_036129045	25.606	289	301	474	94	1.92e-14	78.6	calcium-binding mitochondrial carrier protein SCaMC-1-like [Molossus molossus]	27622
XP_036189517.1	XP_019591636	25.430	291	301	298	95	1.95e-14	77.4	ADP/ATP translocase 1 [Rhinolophus sinicus]	89399
XP_036189517.1	XP_019591636	26.667	195	301	298	95	4.23e-11	67.8	ADP/ATP translocase 1 [Rhinolophus sinicus]	89399
XP_036189517.1	XP_045677677	24.742	291	301	298	98	2.01e-14	77.4	ADP/ATP translocase 1 [Phyllostomus hastatus]	9423
XP_036189517.1	XP_045677677	26.238	202	301	298	98	7.20e-11	67.0	ADP/ATP translocase 1 [Phyllostomus hastatus]	9423
XP_036189517.1	XP_028382636	24.742	291	301	298	98	2.01e-14	77.4	ADP/ATP translocase 1 [Phyllostomus discolor]	89673
XP_036189517.1	XP_028382636	26.238	202	301	298	98	7.20e-11	67.0	ADP/ATP translocase 1 [Phyllostomus discolor]	89673
XP_036189517.1	XP_080508218	25.795	283	301	344	92	2.04e-14	77.8	brain mitochondrial carrier protein 1 isoform 1 [Plecotus auritus]	61862
XP_036189517.1	XP_080508217	25.795	283	301	344	92	2.04e-14	77.8	brain mitochondrial carrier protein 1 isoform 1 [Plecotus auritus]	61862
XP_036189517.1	XP_005884348	26.667	300	301	318	98	2.13e-14	77.4	PREDICTED: mitochondrial thiamine pyrophosphate carrier [Myotis brandtii]	109478
XP_036189517.1	XP_005884348	24.020	204	301	318	98	3.65e-12	71.2	PREDICTED: mitochondrial thiamine pyrophosphate carrier [Myotis brandtii]	109478
XP_036189517.1	XP_005884346	26.667	300	301	318	98	2.13e-14	77.4	PREDICTED: mitochondrial thiamine pyrophosphate carrier [Myotis brandtii]	109478
XP_036189517.1	XP_005884346	24.020	204	301	318	98	3.65e-12	71.2	PREDICTED: mitochondrial thiamine pyrophosphate carrier [Myotis brandtii]	109478
XP_036189517.1	XP_005884347	26.667	300	301	318	98	2.13e-14	77.4	PREDICTED: mitochondrial thiamine pyrophosphate carrier [Myotis brandtii]	109478
XP_036189517.1	XP_005884347	24.020	204	301	318	98	3.65e-12	71.2	PREDICTED: mitochondrial thiamine pyrophosphate carrier [Myotis brandtii]	109478
XP_036189517.1	XP_037008572	23.711	291	301	338	94	2.17e-14	77.8	mitoferrin-1 isoform X1 [Artibeus jamaicensis]	9417
XP_036189517.1	XP_059527189	26.667	300	301	318	98	2.19e-14	77.4	mitochondrial thiamine pyrophosphate carrier [Myotis daubentonii]	98922
XP_036189517.1	XP_059527189	23.529	204	301	318	98	1.73e-11	69.3	mitochondrial thiamine pyrophosphate carrier [Myotis daubentonii]	98922
XP_036189517.1	XP_059527188	26.667	300	301	318	98	2.19e-14	77.4	mitochondrial thiamine pyrophosphate carrier [Myotis daubentonii]	98922
XP_036189517.1	XP_059527188	23.529	204	301	318	98	1.73e-11	69.3	mitochondrial thiamine pyrophosphate carrier [Myotis daubentonii]	98922
XP_036189517.1	XP_059527187	26.667	300	301	318	98	2.19e-14	77.4	mitochondrial thiamine pyrophosphate carrier [Myotis daubentonii]	98922
XP_036189517.1	XP_059527187	23.529	204	301	318	98	1.73e-11	69.3	mitochondrial thiamine pyrophosphate carrier [Myotis daubentonii]	98922
XP_036189517.1	XP_059527186	26.667	300	301	318	98	2.19e-14	77.4	mitochondrial thiamine pyrophosphate carrier [Myotis daubentonii]	98922
XP_036189517.1	XP_059527186	23.529	204	301	318	98	1.73e-11	69.3	mitochondrial thiamine pyrophosphate carrier [Myotis daubentonii]	98922
XP_036189517.1	XP_039720916	26.502	283	301	344	92	2.23e-14	77.8	brain mitochondrial carrier protein 1 isoform X1 [Pteropus medius]	143291
XP_036189517.1	XP_039720915	26.502	283	301	344	92	2.23e-14	77.8	brain mitochondrial carrier protein 1 isoform X1 [Pteropus medius]	143291
XP_036189517.1	XP_079621961	25.795	283	301	344	92	2.29e-14	77.8	brain mitochondrial carrier protein 1 isoform 1 [Cnephaeus nilssonii]	3371016
XP_036189517.1	XP_053517365	27.273	198	301	446	64	2.31e-14	78.6	uncharacterized protein LOC119058679 isoform X2 [Artibeus jamaicensis]	9417
XP_036189517.1	XP_036299300	25.795	283	301	344	92	2.32e-14	77.8	brain mitochondrial carrier protein 1 isoform X1 [Pipistrellus kuhlii]	59472
XP_036189517.1	XP_006912566	26.502	283	301	344	92	2.32e-14	77.8	brain mitochondrial carrier protein 1 isoform X1 [Pteropus alecto]	9402
XP_036189517.1	XP_011382537	26.502	283	301	344	92	2.32e-14	77.8	brain mitochondrial carrier protein 1 isoform X1 [Pteropus vampyrus]	132908
XP_036189517.1	XP_036196499	26.667	300	301	318	98	2.32e-14	77.4	mitochondrial thiamine pyrophosphate carrier [Myotis myotis]	51298
XP_036189517.1	XP_036196499	23.529	204	301	318	98	1.49e-11	69.3	mitochondrial thiamine pyrophosphate carrier [Myotis myotis]	51298
XP_036189517.1	XP_045708207	25.795	283	301	290	92	2.34e-14	77.0	brain mitochondrial carrier protein 1 isoform X1 [Phyllostomus hastatus]	9423
XP_036189517.1	XP_045708206	25.795	283	301	290	92	2.34e-14	77.0	brain mitochondrial carrier protein 1 isoform X1 [Phyllostomus hastatus]	9423
XP_036189517.1	XP_045708203	25.795	283	301	290	92	2.34e-14	77.0	brain mitochondrial carrier protein 1 isoform X1 [Phyllostomus hastatus]	9423
XP_036189517.1	XP_035872206	25.795	283	301	290	92	2.34e-14	77.0	brain mitochondrial carrier protein 1 isoform X4 [Phyllostomus discolor]	89673
XP_036189517.1	XP_015445344	26.502	283	301	322	92	2.38e-14	77.4	brain mitochondrial carrier protein 1 isoform X3 [Pteropus alecto]	9402
XP_036189517.1	XP_016008275	26.502	283	301	322	92	2.38e-14	77.4	brain mitochondrial carrier protein 1 isoform X3 [Rousettus aegyptiacus]	9407
XP_036189517.1	XP_036082895	26.502	283	301	322	92	2.38e-14	77.4	brain mitochondrial carrier protein 1 isoform X3 [Rousettus aegyptiacus]	9407
XP_036189517.1	XP_011382540	26.502	283	301	322	92	2.38e-14	77.4	brain mitochondrial carrier protein 1 isoform X3 [Pteropus vampyrus]	132908
XP_036189517.1	XP_039720918	26.502	283	301	322	92	2.38e-14	77.4	brain mitochondrial carrier protein 1 isoform X3 [Pteropus medius]	143291
XP_036189517.1	XP_080508220	25.795	283	301	322	92	2.41e-14	77.4	brain mitochondrial carrier protein 1 isoform 3 [Plecotus auritus]	61862
XP_036189517.1	XP_036299302	25.795	283	301	322	92	2.43e-14	77.4	brain mitochondrial carrier protein 1 isoform X3 [Pipistrellus kuhlii]	59472
XP_036189517.1	XP_036898595	22.837	289	301	376	94	2.43e-14	77.8	mitochondrial carrier protein SCaMC-3L [Sturnira hondurensis]	192404
XP_036189517.1	XP_054432937	25.795	283	301	290	92	2.44e-14	77.0	brain mitochondrial carrier protein 1 isoform X2 [Pteronotus mesoamericanus]	1884717
XP_036189517.1	XP_059536354	25.795	283	301	290	92	2.44e-14	77.0	brain mitochondrial carrier protein 1 isoform X4 [Myotis daubentonii]	98922
XP_036189517.1	XP_059536353	25.795	283	301	290	92	2.44e-14	77.0	brain mitochondrial carrier protein 1 isoform X4 [Myotis daubentonii]	98922
XP_036189517.1	XP_015423394	25.795	283	301	290	92	2.44e-14	77.0	PREDICTED: brain mitochondrial carrier protein 1 isoform X1 [Myotis davidii]	225400
XP_036189517.1	XP_006769940	25.795	283	301	290	92	2.44e-14	77.0	PREDICTED: brain mitochondrial carrier protein 1 isoform X1 [Myotis davidii]	225400
XP_036189517.1	XP_015423392	25.795	283	301	290	92	2.44e-14	77.0	PREDICTED: brain mitochondrial carrier protein 1 isoform X1 [Myotis davidii]	225400
XP_036189517.1	XP_006769939	25.795	283	301	290	92	2.44e-14	77.0	PREDICTED: brain mitochondrial carrier protein 1 isoform X1 [Myotis davidii]	225400
XP_036189517.1	XP_006769938	25.795	283	301	290	92	2.44e-14	77.0	PREDICTED: brain mitochondrial carrier protein 1 isoform X1 [Myotis davidii]	225400
XP_036189517.1	XP_006769934	25.795	283	301	290	92	2.44e-14	77.0	PREDICTED: brain mitochondrial carrier protein 1 isoform X1 [Myotis davidii]	225400
XP_036189517.1	XP_005872805	25.795	283	301	290	92	2.44e-14	77.0	PREDICTED: brain mitochondrial carrier protein 1 isoform X1 [Myotis brandtii]	109478
XP_036189517.1	XP_005872804	25.795	283	301	290	92	2.44e-14	77.0	PREDICTED: brain mitochondrial carrier protein 1 isoform X1 [Myotis brandtii]	109478
XP_036189517.1	XP_036161267	25.795	283	301	290	92	2.44e-14	77.0	brain mitochondrial carrier protein 1 isoform X4 [Myotis myotis]	51298
XP_036189517.1	XP_036161266	25.795	283	301	290	92	2.44e-14	77.0	brain mitochondrial carrier protein 1 isoform X4 [Myotis myotis]	51298
XP_036189517.1	XP_036161265	25.795	283	301	290	92	2.44e-14	77.0	brain mitochondrial carrier protein 1 isoform X4 [Myotis myotis]	51298
XP_036189517.1	XP_036161264	25.795	283	301	290	92	2.44e-14	77.0	brain mitochondrial carrier protein 1 isoform X4 [Myotis myotis]	51298
XP_036189517.1	XP_036161263	25.795	283	301	290	92	2.44e-14	77.0	brain mitochondrial carrier protein 1 isoform X4 [Myotis myotis]	51298
XP_036189517.1	XP_036161262	25.795	283	301	290	92	2.44e-14	77.0	brain mitochondrial carrier protein 1 isoform X4 [Myotis myotis]	51298
XP_036189517.1	XP_036161261	25.795	283	301	290	92	2.44e-14	77.0	brain mitochondrial carrier protein 1 isoform X4 [Myotis myotis]	51298
XP_036189517.1	XP_036161260	25.795	283	301	290	92	2.44e-14	77.0	brain mitochondrial carrier protein 1 isoform X4 [Myotis myotis]	51298
XP_036189517.1	XP_036126610	25.795	283	301	290	92	2.44e-14	77.0	brain mitochondrial carrier protein 1 isoform X1 [Molossus molossus]	27622
XP_036189517.1	XP_006082171	25.795	283	301	290	92	2.44e-14	77.0	brain mitochondrial carrier protein 1 isoform X4 [Myotis lucifugus]	59463
XP_036189517.1	XP_006082170	25.795	283	301	290	92	2.44e-14	77.0	brain mitochondrial carrier protein 1 isoform X4 [Myotis lucifugus]	59463
XP_036189517.1	XP_080971288	25.795	283	301	290	92	2.44e-14	77.0	brain mitochondrial carrier protein 1 isoform 3 [Myotis nattereri]	109481
XP_036189517.1	XP_036106279	27.536	276	301	331	88	2.46e-14	77.4	kidney mitochondrial carrier protein 1 isoform X1 [Molossus molossus]	27622
XP_036189517.1	XP_080966442	26.667	300	301	318	98	2.46e-14	77.4	mitochondrial thiamine pyrophosphate carrier isoform 1 [Myotis nattereri]	109481
XP_036189517.1	XP_080966442	23.529	204	301	318	98	1.64e-11	69.3	mitochondrial thiamine pyrophosphate carrier isoform 1 [Myotis nattereri]	109481
XP_036189517.1	XP_006103485	26.667	300	301	318	98	2.51e-14	77.4	mitochondrial thiamine pyrophosphate carrier isoform X2 [Myotis lucifugus]	59463
XP_036189517.1	XP_006103485	24.020	204	301	318	98	1.37e-11	69.3	mitochondrial thiamine pyrophosphate carrier isoform X2 [Myotis lucifugus]	59463
XP_036189517.1	XP_079621962	25.795	283	301	325	92	2.52e-14	77.4	brain mitochondrial carrier protein 1 isoform 2 [Cnephaeus nilssonii]	3371016
XP_036189517.1	XP_036299301	25.795	283	301	325	92	2.55e-14	77.4	brain mitochondrial carrier protein 1 isoform X2 [Pipistrellus kuhlii]	59472
XP_036189517.1	XP_045672996	23.214	280	301	476	92	2.56e-14	78.2	calcium-binding mitochondrial carrier protein SCaMC-1-like [Phyllostomus hastatus]	9423
XP_036189517.1	XP_024418442	24.742	291	301	298	98	2.56e-14	77.0	ADP/ATP translocase 1 [Desmodus rotundus]	9430
XP_036189517.1	XP_024418442	26.238	202	301	298	98	6.25e-11	67.4	ADP/ATP translocase 1 [Desmodus rotundus]	9430
XP_036189517.1	XP_080508219	25.795	283	301	325	92	2.59e-14	77.4	brain mitochondrial carrier protein 1 isoform 2 [Plecotus auritus]	61862
XP_036189517.1	XP_016008272	26.502	283	301	344	92	2.60e-14	77.4	brain mitochondrial carrier protein 1 isoform X1 [Rousettus aegyptiacus]	9407
XP_036189517.1	XP_066091296	26.199	271	301	291	88	2.67e-14	77.0	kidney mitochondrial carrier protein 1 isoform X1 [Saccopteryx bilineata]	59482
XP_036189517.1	XP_066091295	26.199	271	301	291	88	2.67e-14	77.0	kidney mitochondrial carrier protein 1 isoform X1 [Saccopteryx bilineata]	59482
XP_036189517.1	XP_024411523	25.000	284	301	364	92	2.71e-14	77.8	mitoferrin-2 [Desmodus rotundus]	9430
XP_036189517.1	XP_016067210	23.711	291	301	338	94	2.78e-14	77.4	PREDICTED: mitoferrin-1 isoform X1 [Miniopterus natalensis]	291302
XP_036189517.1	XP_080993547	23.711	291	301	338	94	2.78e-14	77.4	mitoferrin-1 isoform 1 [Miniopterus schreibersii]	9433
XP_036189517.1	XP_080977991	25.912	274	301	568	89	2.84e-14	78.6	LOW QUALITY PROTEIN: mitochondrial adenyl nucleotide antiporter SLC25A24-like [Miniopterus schreibersii]	9433
XP_036189517.1	XP_036913970	28.716	296	301	315	87	2.87e-14	77.0	mitochondrial glutamate carrier 2 [Sturnira hondurensis]	192404
XP_036189517.1	XP_036078782	25.333	300	301	320	98	2.90e-14	77.0	mitochondrial thiamine pyrophosphate carrier [Rousettus aegyptiacus]	9407
XP_036189517.1	XP_036078782	25.263	190	301	320	98	1.74e-11	69.3	mitochondrial thiamine pyrophosphate carrier [Rousettus aegyptiacus]	9407
XP_036189517.1	XP_036078782	26.020	196	301	320	98	7.89e-11	67.4	mitochondrial thiamine pyrophosphate carrier [Rousettus aegyptiacus]	9407
XP_036189517.1	XP_015988012	25.333	300	301	320	98	2.90e-14	77.0	mitochondrial thiamine pyrophosphate carrier [Rousettus aegyptiacus]	9407
XP_036189517.1	XP_015988012	25.263	190	301	320	98	1.74e-11	69.3	mitochondrial thiamine pyrophosphate carrier [Rousettus aegyptiacus]	9407
XP_036189517.1	XP_015988012	26.020	196	301	320	98	7.89e-11	67.4	mitochondrial thiamine pyrophosphate carrier [Rousettus aegyptiacus]	9407
XP_036189517.1	XP_036078781	25.333	300	301	320	98	2.90e-14	77.0	mitochondrial thiamine pyrophosphate carrier [Rousettus aegyptiacus]	9407
XP_036189517.1	XP_036078781	25.263	190	301	320	98	1.74e-11	69.3	mitochondrial thiamine pyrophosphate carrier [Rousettus aegyptiacus]	9407
XP_036189517.1	XP_036078781	26.020	196	301	320	98	7.89e-11	67.4	mitochondrial thiamine pyrophosphate carrier [Rousettus aegyptiacus]	9407
XP_036189517.1	XP_036078780	25.333	300	301	320	98	2.90e-14	77.0	mitochondrial thiamine pyrophosphate carrier [Rousettus aegyptiacus]	9407
XP_036189517.1	XP_036078780	25.263	190	301	320	98	1.74e-11	69.3	mitochondrial thiamine pyrophosphate carrier [Rousettus aegyptiacus]	9407
XP_036189517.1	XP_036078780	26.020	196	301	320	98	7.89e-11	67.4	mitochondrial thiamine pyrophosphate carrier [Rousettus aegyptiacus]	9407
XP_036189517.1	XP_015445343	26.502	283	301	325	92	2.94e-14	77.4	brain mitochondrial carrier protein 1 isoform X2 [Pteropus alecto]	9402
XP_036189517.1	XP_016008273	26.502	283	301	325	92	2.94e-14	77.4	brain mitochondrial carrier protein 1 isoform X2 [Rousettus aegyptiacus]	9407
XP_036189517.1	XP_016008274	26.502	283	301	325	92	2.94e-14	77.4	brain mitochondrial carrier protein 1 isoform X2 [Rousettus aegyptiacus]	9407
XP_036189517.1	XP_011382539	26.502	283	301	325	92	2.94e-14	77.4	brain mitochondrial carrier protein 1 isoform X2 [Pteropus vampyrus]	132908
XP_036189517.1	XP_039720917	26.502	283	301	325	92	2.94e-14	77.4	brain mitochondrial carrier protein 1 isoform X2 [Pteropus medius]	143291
XP_036189517.1	XP_005864641	23.368	291	301	338	94	2.98e-14	77.4	PREDICTED: mitoferrin-1 [Myotis brandtii]	109478
XP_036189517.1	XP_080971286	25.795	283	301	344	92	3.00e-14	77.4	brain mitochondrial carrier protein 1 isoform 1 [Myotis nattereri]	109481
XP_036189517.1	XP_036916731	33.191	235	301	357	72	3.11e-14	77.4	phosphate carrier protein, mitochondrial, partial [Sturnira hondurensis]	192404
XP_036189517.1	XP_059536350	25.795	283	301	344	92	3.12e-14	77.4	brain mitochondrial carrier protein 1 isoform X1 [Myotis daubentonii]	98922
XP_036189517.1	XP_036161257	25.795	283	301	344	92	3.12e-14	77.4	brain mitochondrial carrier protein 1 isoform X1 [Myotis myotis]	51298
XP_036189517.1	XP_080947633	26.271	236	301	489	78	3.16e-14	78.2	mitochondrial adenyl nucleotide antiporter SLC25A23 isoform 1 [Myotis nattereri]	109481
XP_036189517.1	XP_019601058	25.667	300	301	318	98	3.16e-14	77.0	mitochondrial thiamine pyrophosphate carrier [Rhinolophus sinicus]	89399
XP_036189517.1	XP_019601058	24.623	199	301	318	98	5.78e-13	73.6	mitochondrial thiamine pyrophosphate carrier [Rhinolophus sinicus]	89399
XP_036189517.1	XP_037003021	25.795	283	301	325	92	3.18e-14	77.0	brain mitochondrial carrier protein 1 isoform X2 [Artibeus jamaicensis]	9417
XP_036189517.1	XP_006082035	24.653	288	301	305	95	3.19e-14	77.0	mitochondrial brown fat uncoupling protein 1 [Myotis lucifugus]	59463
XP_036189517.1	XP_006082035	25.263	190	301	305	95	5.56e-11	67.4	mitochondrial brown fat uncoupling protein 1 [Myotis lucifugus]	59463
XP_036189517.1	XP_070272700	23.368	291	301	338	94	3.22e-14	77.4	mitoferrin-1 isoform X1 [Myotis yumanensis]	159337
XP_036189517.1	XP_036915227	25.795	283	301	325	92	3.24e-14	77.0	brain mitochondrial carrier protein 1 isoform X2 [Sturnira hondurensis]	192404
XP_036189517.1	XP_006100810	23.368	291	301	338	94	3.25e-14	77.4	mitoferrin-1 isoform X1 [Myotis lucifugus]	59463
XP_036189517.1	XP_036915228	25.795	283	301	322	92	3.25e-14	77.0	brain mitochondrial carrier protein 1 isoform X3 [Sturnira hondurensis]	192404
XP_036189517.1	XP_037003020	25.795	283	301	344	92	3.27e-14	77.4	brain mitochondrial carrier protein 1 isoform X1 [Artibeus jamaicensis]	9417
XP_036189517.1	XP_005877832	24.653	288	301	305	95	3.29e-14	77.0	PREDICTED: mitochondrial brown fat uncoupling protein 1 isoform X1 [Myotis brandtii]	109478
XP_036189517.1	XP_045056977	25.795	283	301	322	92	3.34e-14	77.0	brain mitochondrial carrier protein 1 isoform X3 [Desmodus rotundus]	9430
XP_036189517.1	XP_053518353	25.795	283	301	322	92	3.34e-14	77.0	brain mitochondrial carrier protein 1 isoform X3 [Artibeus jamaicensis]	9417
XP_036189517.1	XP_045708205	25.795	283	301	322	92	3.34e-14	77.0	brain mitochondrial carrier protein 1 isoform X3 [Phyllostomus hastatus]	9423
XP_036189517.1	XP_035872205	25.795	283	301	322	92	3.34e-14	77.0	brain mitochondrial carrier protein 1 isoform X3 [Phyllostomus discolor]	89673
XP_036189517.1	XP_036984796	24.742	291	301	298	98	3.40e-14	76.6	ADP/ATP translocase 1 [Artibeus jamaicensis]	9417
XP_036189517.1	XP_036984796	26.238	202	301	298	98	6.80e-11	67.4	ADP/ATP translocase 1 [Artibeus jamaicensis]	9417
XP_036189517.1	XP_036915225	25.795	283	301	344	92	3.40e-14	77.4	brain mitochondrial carrier protein 1 isoform X1 [Sturnira hondurensis]	192404
XP_036189517.1	XP_059553958	24.653	288	301	305	95	3.48e-14	76.6	mitochondrial brown fat uncoupling protein 1 [Myotis daubentonii]	98922
XP_036189517.1	XP_066213238	25.795	283	301	344	92	3.50e-14	77.4	brain mitochondrial carrier protein 1 isoform X1 [Saccopteryx leptura]	249018
XP_036189517.1	XP_066213237	25.795	283	301	344	92	3.50e-14	77.4	brain mitochondrial carrier protein 1 isoform X1 [Saccopteryx leptura]	249018
XP_036189517.1	XP_045708204	25.795	283	301	325	92	3.50e-14	77.0	brain mitochondrial carrier protein 1 isoform X2 [Phyllostomus hastatus]	9423
XP_036189517.1	XP_028378769	25.795	283	301	325	92	3.50e-14	77.0	brain mitochondrial carrier protein 1 isoform X2 [Phyllostomus discolor]	89673
XP_036189517.1	XP_066106047	25.795	283	301	322	92	3.51e-14	77.0	brain mitochondrial carrier protein 1 isoform X4 [Saccopteryx bilineata]	59482
XP_036189517.1	XP_039733185	26.199	271	301	293	88	3.55e-14	76.6	kidney mitochondrial carrier protein 1 isoform X2 [Pteropus medius]	143291
XP_036189517.1	XP_039733183	26.199	271	301	293	88	3.55e-14	76.6	kidney mitochondrial carrier protein 1 isoform X2 [Pteropus medius]	143291
XP_036189517.1	XP_066133884	31.760	233	301	241	75	3.56e-14	75.9	mitochondrial 2-oxodicarboxylate carrier isoform X4 [Saccopteryx bilineata]	59482
XP_036189517.1	XP_039734440	26.638	229	301	411	86	3.57e-14	77.8	mitochondrial adenyl nucleotide antiporter SLC25A23 isoform X3 [Pteropus medius]	143291
XP_036189517.1	XP_039734440	27.500	160	301	411	86	8.27e-11	67.8	mitochondrial adenyl nucleotide antiporter SLC25A23 isoform X3 [Pteropus medius]	143291
XP_036189517.1	XP_053773566	25.795	283	301	325	92	3.60e-14	77.0	brain mitochondrial carrier protein 1 isoform X2 [Desmodus rotundus]	9430
XP_036189517.1	XP_054432936	25.795	283	301	325	92	3.60e-14	77.0	brain mitochondrial carrier protein 1 isoform X1 [Pteronotus mesoamericanus]	1884717
XP_036189517.1	XP_066236273	24.742	291	301	298	96	3.64e-14	76.6	ADP/ATP translocase 1 [Saccopteryx leptura]	249018
XP_036189517.1	XP_066236273	26.263	198	301	298	96	6.19e-11	67.4	ADP/ATP translocase 1 [Saccopteryx leptura]	249018
XP_036189517.1	XP_066092407	24.742	291	301	298	96	3.64e-14	76.6	ADP/ATP translocase 1 [Saccopteryx bilineata]	59482
XP_036189517.1	XP_066092407	26.263	198	301	298	96	6.19e-11	67.4	ADP/ATP translocase 1 [Saccopteryx bilineata]	59482
XP_036189517.1	XP_066213242	25.795	283	301	322	92	3.68e-14	77.0	brain mitochondrial carrier protein 1 isoform X4 [Saccopteryx leptura]	249018
XP_036189517.1	XP_006082165	25.795	283	301	344	92	3.71e-14	77.0	brain mitochondrial carrier protein 1 isoform X1 [Myotis lucifugus]	59463
XP_036189517.1	XP_066213101	31.760	233	301	361	72	3.72e-14	77.4	solute carrier family 25 member 3 isoform X2 [Saccopteryx leptura]	249018
XP_036189517.1	XP_059536352	25.795	283	301	322	92	3.72e-14	77.0	brain mitochondrial carrier protein 1 isoform X3 [Myotis daubentonii]	98922
XP_036189517.1	XP_006769937	25.795	283	301	322	92	3.72e-14	77.0	PREDICTED: brain mitochondrial carrier protein 1 isoform X3 [Myotis davidii]	225400
XP_036189517.1	XP_014400455	25.795	283	301	322	92	3.72e-14	77.0	PREDICTED: brain mitochondrial carrier protein 1 isoform X3 [Myotis brandtii]	109478
XP_036189517.1	XP_036161259	25.795	283	301	322	92	3.72e-14	77.0	brain mitochondrial carrier protein 1 isoform X3 [Myotis myotis]	51298
XP_036189517.1	XP_006082168	25.795	283	301	322	92	3.72e-14	77.0	brain mitochondrial carrier protein 1 isoform X3 [Myotis lucifugus]	59463
XP_036189517.1	XP_028378768	25.795	283	301	344	92	3.74e-14	77.0	brain mitochondrial carrier protein 1 isoform X1 [Phyllostomus discolor]	89673
XP_036189517.1	XP_054417985	22.222	288	301	370	94	3.82e-14	77.4	mitochondrial carrier protein SCaMC-3L [Pteronotus mesoamericanus]	1884717
XP_036189517.1	XP_066106043	25.795	283	301	344	92	3.92e-14	77.0	brain mitochondrial carrier protein 1 isoform X1 [Saccopteryx bilineata]	59482
XP_036189517.1	XP_066106042	25.795	283	301	344	92	3.92e-14	77.0	brain mitochondrial carrier protein 1 isoform X1 [Saccopteryx bilineata]	59482
XP_036189517.1	XP_066106041	25.795	283	301	344	92	3.92e-14	77.0	brain mitochondrial carrier protein 1 isoform X1 [Saccopteryx bilineata]	59482
XP_036189517.1	XP_039715651	24.590	305	301	325	98	3.93e-14	77.0	mitochondrial thiamine pyrophosphate carrier isoform X1 [Pteropus medius]	143291
XP_036189517.1	XP_039715651	24.737	190	301	325	98	3.33e-11	68.6	mitochondrial thiamine pyrophosphate carrier isoform X1 [Pteropus medius]	143291
XP_036189517.1	XP_039715650	24.590	305	301	325	98	3.93e-14	77.0	mitochondrial thiamine pyrophosphate carrier isoform X1 [Pteropus medius]	143291
XP_036189517.1	XP_039715650	24.737	190	301	325	98	3.33e-11	68.6	mitochondrial thiamine pyrophosphate carrier isoform X1 [Pteropus medius]	143291
XP_036189517.1	XP_039715649	24.590	305	301	325	98	3.93e-14	77.0	mitochondrial thiamine pyrophosphate carrier isoform X1 [Pteropus medius]	143291
XP_036189517.1	XP_039715649	24.737	190	301	325	98	3.33e-11	68.6	mitochondrial thiamine pyrophosphate carrier isoform X1 [Pteropus medius]	143291
XP_036189517.1	XP_039715648	24.590	305	301	325	98	3.93e-14	77.0	mitochondrial thiamine pyrophosphate carrier isoform X1 [Pteropus medius]	143291
XP_036189517.1	XP_039715648	24.737	190	301	325	98	3.33e-11	68.6	mitochondrial thiamine pyrophosphate carrier isoform X1 [Pteropus medius]	143291
XP_036189517.1	XP_070271057	29.787	188	301	288	52	3.96e-14	76.3	solute carrier family 25 member 48 isoform X4 [Myotis yumanensis]	159337
XP_036189517.1	XP_036921740	26.768	198	301	318	98	3.99e-14	76.6	mitochondrial thiamine pyrophosphate carrier [Sturnira hondurensis]	192404
XP_036189517.1	XP_036921740	25.828	302	301	318	98	7.91e-14	75.9	mitochondrial thiamine pyrophosphate carrier [Sturnira hondurensis]	192404
XP_036189517.1	XP_036921734	26.768	198	301	318	98	3.99e-14	76.6	mitochondrial thiamine pyrophosphate carrier [Sturnira hondurensis]	192404
XP_036189517.1	XP_036921734	25.828	302	301	318	98	7.91e-14	75.9	mitochondrial thiamine pyrophosphate carrier [Sturnira hondurensis]	192404
XP_036189517.1	XP_036921731	26.768	198	301	318	98	3.99e-14	76.6	mitochondrial thiamine pyrophosphate carrier [Sturnira hondurensis]	192404
XP_036189517.1	XP_036921731	25.828	302	301	318	98	7.91e-14	75.9	mitochondrial thiamine pyrophosphate carrier [Sturnira hondurensis]	192404
XP_036189517.1	XP_036921720	26.768	198	301	318	98	3.99e-14	76.6	mitochondrial thiamine pyrophosphate carrier [Sturnira hondurensis]	192404
XP_036189517.1	XP_036921720	25.828	302	301	318	98	7.91e-14	75.9	mitochondrial thiamine pyrophosphate carrier [Sturnira hondurensis]	192404
XP_036189517.1	XP_036921709	26.768	198	301	318	98	3.99e-14	76.6	mitochondrial thiamine pyrophosphate carrier [Sturnira hondurensis]	192404
XP_036189517.1	XP_036921709	25.828	302	301	318	98	7.91e-14	75.9	mitochondrial thiamine pyrophosphate carrier [Sturnira hondurensis]	192404
XP_036189517.1	XP_053773564	25.795	283	301	344	92	4.00e-14	77.0	brain mitochondrial carrier protein 1 isoform X1 [Desmodus rotundus]	9430
XP_036189517.1	XP_024902827	24.590	305	301	325	98	4.01e-14	77.0	mitochondrial thiamine pyrophosphate carrier isoform X3 [Pteropus alecto]	9402
XP_036189517.1	XP_024902827	24.737	190	301	325	98	3.00e-11	68.6	mitochondrial thiamine pyrophosphate carrier isoform X3 [Pteropus alecto]	9402
XP_036189517.1	XP_024902826	24.590	305	301	325	98	4.01e-14	77.0	mitochondrial thiamine pyrophosphate carrier isoform X2 [Pteropus alecto]	9402
XP_036189517.1	XP_024902826	24.737	190	301	325	98	3.00e-11	68.6	mitochondrial thiamine pyrophosphate carrier isoform X2 [Pteropus alecto]	9402
XP_036189517.1	XP_015445255	24.590	305	301	325	98	4.01e-14	77.0	mitochondrial thiamine pyrophosphate carrier isoform X1 [Pteropus alecto]	9402
XP_036189517.1	XP_015445255	24.737	190	301	325	98	3.00e-11	68.6	mitochondrial thiamine pyrophosphate carrier isoform X1 [Pteropus alecto]	9402
XP_036189517.1	XP_066106046	25.795	283	301	325	92	4.04e-14	77.0	brain mitochondrial carrier protein 1 isoform X3 [Saccopteryx bilineata]	59482
XP_036189517.1	XP_080883491	25.333	300	301	318	98	4.14e-14	76.6	mitochondrial thiamine pyrophosphate carrier isoform 1 [Rhinolophus hipposideros]	77218
XP_036189517.1	XP_080883491	25.253	198	301	318	98	1.04e-12	72.8	mitochondrial thiamine pyrophosphate carrier isoform 1 [Rhinolophus hipposideros]	77218
XP_036189517.1	XP_080883490	25.333	300	301	318	98	4.14e-14	76.6	mitochondrial thiamine pyrophosphate carrier isoform 1 [Rhinolophus hipposideros]	77218
XP_036189517.1	XP_080883490	25.253	198	301	318	98	1.04e-12	72.8	mitochondrial thiamine pyrophosphate carrier isoform 1 [Rhinolophus hipposideros]	77218
XP_036189517.1	XP_080883489	25.333	300	301	318	98	4.14e-14	76.6	mitochondrial thiamine pyrophosphate carrier isoform 1 [Rhinolophus hipposideros]	77218
XP_036189517.1	XP_080883489	25.253	198	301	318	98	1.04e-12	72.8	mitochondrial thiamine pyrophosphate carrier isoform 1 [Rhinolophus hipposideros]	77218
XP_036189517.1	XP_080883488	25.333	300	301	318	98	4.14e-14	76.6	mitochondrial thiamine pyrophosphate carrier isoform 1 [Rhinolophus hipposideros]	77218
XP_036189517.1	XP_080883488	25.253	198	301	318	98	1.04e-12	72.8	mitochondrial thiamine pyrophosphate carrier isoform 1 [Rhinolophus hipposideros]	77218
XP_036189517.1	XP_080883487	25.333	300	301	318	98	4.14e-14	76.6	mitochondrial thiamine pyrophosphate carrier isoform 1 [Rhinolophus hipposideros]	77218
XP_036189517.1	XP_080883487	25.253	198	301	318	98	1.04e-12	72.8	mitochondrial thiamine pyrophosphate carrier isoform 1 [Rhinolophus hipposideros]	77218
XP_036189517.1	XP_080883484	25.333	300	301	318	98	4.14e-14	76.6	mitochondrial thiamine pyrophosphate carrier isoform 1 [Rhinolophus hipposideros]	77218
XP_036189517.1	XP_080883484	25.253	198	301	318	98	1.04e-12	72.8	mitochondrial thiamine pyrophosphate carrier isoform 1 [Rhinolophus hipposideros]	77218
XP_036189517.1	XP_080883473	25.333	300	301	318	98	4.14e-14	76.6	mitochondrial thiamine pyrophosphate carrier isoform 1 [Rhinolophus hipposideros]	77218
XP_036189517.1	XP_080883473	25.253	198	301	318	98	1.04e-12	72.8	mitochondrial thiamine pyrophosphate carrier isoform 1 [Rhinolophus hipposideros]	77218
XP_036189517.1	XP_036126611	25.795	283	301	325	92	4.16e-14	76.6	brain mitochondrial carrier protein 1 isoform X2 [Molossus molossus]	27622
XP_036189517.1	XP_066200593	31.513	238	301	241	75	4.17e-14	75.5	mitochondrial 2-oxodicarboxylate carrier isoform X3 [Saccopteryx leptura]	249018
XP_036189517.1	XP_066213240	25.795	283	301	325	92	4.20e-14	76.6	brain mitochondrial carrier protein 1 isoform X3 [Saccopteryx leptura]	249018
XP_036189517.1	XP_080971287	25.795	283	301	325	92	4.24e-14	76.6	brain mitochondrial carrier protein 1 isoform 2 [Myotis nattereri]	109481
XP_036189517.1	XP_059536351	25.795	283	301	325	92	4.37e-14	76.6	brain mitochondrial carrier protein 1 isoform X2 [Myotis daubentonii]	98922
XP_036189517.1	XP_006769936	25.795	283	301	325	92	4.37e-14	76.6	PREDICTED: brain mitochondrial carrier protein 1 isoform X2 [Myotis davidii]	225400
XP_036189517.1	XP_014400454	25.795	283	301	325	92	4.37e-14	76.6	PREDICTED: brain mitochondrial carrier protein 1 isoform X2 [Myotis brandtii]	109478
XP_036189517.1	XP_036161258	25.795	283	301	325	92	4.37e-14	76.6	brain mitochondrial carrier protein 1 isoform X2 [Myotis myotis]	51298
XP_036189517.1	XP_006082167	25.795	283	301	325	92	4.37e-14	76.6	brain mitochondrial carrier protein 1 isoform X2 [Myotis lucifugus]	59463
XP_036189517.1	XP_066118270	31.330	233	301	361	72	4.41e-14	77.0	solute carrier family 25 member 3 isoform X2 [Saccopteryx bilineata]	59482
XP_036189517.1	XP_005885518	25.000	288	301	313	92	4.44e-14	76.6	PREDICTED: mitoferrin-2, partial [Myotis brandtii]	109478
XP_036189517.1	XP_080948808	24.653	288	301	305	95	4.57e-14	76.6	mitochondrial brown fat uncoupling protein 1 [Myotis nattereri]	109481
XP_036189517.1	XP_036168981	23.024	291	301	338	94	4.63e-14	76.6	mitoferrin-1 isoform X1 [Myotis myotis]	51298
XP_036189517.1	XP_015992710	26.117	291	301	298	91	4.69e-14	76.3	ADP/ATP translocase 2 [Rousettus aegyptiacus]	9407
XP_036189517.1	XP_059551945	23.024	291	301	338	94	4.72e-14	76.6	mitoferrin-1 isoform X1 [Myotis daubentonii]	98922
XP_036189517.1	XP_079635736	26.199	271	301	291	88	4.74e-14	76.3	kidney mitochondrial carrier protein 1 isoform 1 [Cnephaeus nilssonii]	3371016
XP_036189517.1	XP_024908059	23.457	243	301	465	79	4.79e-14	77.4	calcium-binding mitochondrial carrier protein SCaMC-1 [Pteropus alecto]	9402
XP_036189517.1	XP_036170639	24.306	288	301	305	95	4.80e-14	76.3	mitochondrial brown fat uncoupling protein 1 [Myotis myotis]	51298
XP_036189517.1	XP_070273312	24.653	288	301	305	95	4.94e-14	76.3	mitochondrial brown fat uncoupling protein 1 [Myotis yumanensis]	159337
XP_036189517.1	XP_070273312	25.263	190	301	305	95	5.45e-11	67.4	mitochondrial brown fat uncoupling protein 1 [Myotis yumanensis]	159337
XP_036189517.1	XP_016073653	25.267	281	301	500	89	4.98e-14	77.4	PREDICTED: calcium-binding mitochondrial carrier protein SCaMC-1-like [Miniopterus natalensis]	291302
XP_036189517.1	XP_080947249	23.024	291	301	337	94	5.01e-14	76.6	mitoferrin-1 isoform 2 [Myotis nattereri]	109481
XP_036189517.1	XP_066213110	31.224	237	301	362	74	5.02e-14	77.0	solute carrier family 25 member 3 isoform X1 [Saccopteryx leptura]	249018
XP_036189517.1	XP_066213093	31.224	237	301	362	74	5.02e-14	77.0	solute carrier family 25 member 3 isoform X1 [Saccopteryx leptura]	249018
XP_036189517.1	XP_080981707	25.430	291	301	298	91	5.11e-14	76.3	ADP/ATP translocase 2 [Miniopterus schreibersii]	9433
XP_036189517.1	XP_059517008	25.000	288	301	364	92	5.39e-14	77.0	mitoferrin-2 isoform X1 [Myotis daubentonii]	98922
XP_036189517.1	XP_079632097	28.522	291	301	314	87	5.44e-14	76.3	mitochondrial glutamate carrier 2 [Cnephaeus nilssonii]	3371016
XP_036189517.1	XP_045688204	28.205	273	301	274	90	5.46e-14	75.9	S-adenosylmethionine mitochondrial carrier protein isoform X3 [Phyllostomus hastatus]	9423
XP_036189517.1	XP_036286481	29.197	274	301	264	90	5.68e-14	75.5	S-adenosylmethionine mitochondrial carrier protein isoform X2 [Pipistrellus kuhlii]	59472
XP_036189517.1	XP_066118265	30.802	237	301	362	74	6.02e-14	76.6	solute carrier family 25 member 3 isoform X1 [Saccopteryx bilineata]	59482
XP_036189517.1	XP_066118256	30.802	237	301	362	74	6.02e-14	76.6	solute carrier family 25 member 3 isoform X1 [Saccopteryx bilineata]	59482
XP_036189517.1	XP_059542076	28.374	289	301	329	90	6.03e-14	76.3	solute carrier family 25 member 3-like [Myotis daubentonii]	98922
XP_036189517.1	XP_054421050	24.074	270	301	473	89	6.10e-14	77.0	calcium-binding mitochondrial carrier protein SCaMC-1-like [Pteronotus mesoamericanus]	1884717
XP_036189517.1	XP_036911067	25.086	291	301	298	98	6.15e-14	75.9	ADP/ATP translocase 1 [Sturnira hondurensis]	192404
XP_036189517.1	XP_036911067	26.238	202	301	298	98	4.70e-11	67.8	ADP/ATP translocase 1 [Sturnira hondurensis]	192404
XP_036189517.1	XP_080932323	22.789	294	301	365	94	6.19e-14	76.6	mitochondrial carrier protein SCaMC-3L [Rhinolophus hipposideros]	77218
XP_036189517.1	XP_023610616	25.087	287	301	289	91	6.21e-14	75.9	mitoferrin-2 isoform X1 [Myotis lucifugus]	59463
XP_036189517.1	XP_070288644	25.000	288	301	364	92	6.33e-14	76.6	mitoferrin-2 [Myotis yumanensis]	159337
XP_036189517.1	XP_036192274	25.000	288	301	364	92	6.33e-14	76.6	mitoferrin-2 isoform X1 [Myotis myotis]	51298
XP_036189517.1	XP_036079044	30.348	201	301	234	61	6.39e-14	75.1	graves disease carrier protein isoform X3 [Rousettus aegyptiacus]	9407
XP_036189517.1	XP_036079043	30.348	201	301	234	61	6.39e-14	75.1	graves disease carrier protein isoform X3 [Rousettus aegyptiacus]	9407
XP_036189517.1	XP_036079042	30.348	201	301	234	61	6.39e-14	75.1	graves disease carrier protein isoform X3 [Rousettus aegyptiacus]	9407
XP_036189517.1	XP_045687617	22.491	289	301	378	94	6.41e-14	76.6	mitochondrial carrier protein SCaMC-3L [Phyllostomus hastatus]	9423
XP_036189517.1	XP_019501573	26.333	300	301	285	96	6.48e-14	75.9	PREDICTED: solute carrier family 25 member 36 isoform X4 [Hipposideros armiger]	186990
XP_036189517.1	XP_019501573	25.743	202	301	285	96	5.31e-12	70.5	PREDICTED: solute carrier family 25 member 36 isoform X4 [Hipposideros armiger]	186990
XP_036189517.1	XP_080961469	25.000	288	301	364	92	6.58e-14	76.6	mitoferrin-2 isoform 2 [Myotis nattereri]	109481
XP_036189517.1	XP_036923955	30.802	237	301	362	74	6.62e-14	76.6	solute carrier family 25 member 3 isoform X1 [Sturnira hondurensis]	192404
XP_036189517.1	XP_036923954	30.802	237	301	362	74	6.62e-14	76.6	solute carrier family 25 member 3 isoform X1 [Sturnira hondurensis]	192404
XP_036189517.1	XP_036923953	30.802	237	301	362	74	6.62e-14	76.6	solute carrier family 25 member 3 isoform X1 [Sturnira hondurensis]	192404
XP_036189517.1	XP_059520435	30.052	193	301	272	63	6.74e-14	75.5	mitochondrial glycine transporter isoform X4 [Myotis daubentonii]	98922
XP_036189517.1	XP_045688202	28.205	273	301	288	90	6.90e-14	75.9	S-adenosylmethionine mitochondrial carrier protein isoform X1 [Phyllostomus hastatus]	9423
XP_036189517.1	XP_019571759	24.453	274	301	277	88	6.96e-14	75.5	mitochondrial glutathione transporter SLC25A40 isoform X2 [Rhinolophus sinicus]	89399
XP_036189517.1	XP_006904765	25.773	291	301	298	91	6.98e-14	75.9	ADP/ATP translocase 2 [Pteropus alecto]	9402
XP_036189517.1	XP_036991413	27.668	253	301	239	83	6.98e-14	75.1	S-adenosylmethionine mitochondrial carrier protein isoform X3 [Artibeus jamaicensis]	9417
XP_036189517.1	XP_011378497	25.773	291	301	298	91	7.11e-14	75.9	ADP/ATP translocase 2 [Pteropus vampyrus]	132908
XP_036189517.1	XP_039698423	25.773	291	301	298	91	7.11e-14	75.9	ADP/ATP translocase 2 [Pteropus medius]	143291
XP_036189517.1	XP_066212230	25.773	291	301	298	91	7.25e-14	75.9	ADP/ATP translocase 2 [Saccopteryx leptura]	249018
XP_036189517.1	XP_066105870	25.773	291	301	298	91	7.25e-14	75.9	ADP/ATP translocase 2 [Saccopteryx bilineata]	59482
XP_036189517.1	XP_080532431	28.986	276	301	274	91	7.26e-14	75.5	mitochondrial S-adenosylmethionine carrier protein isoform 2 [Plecotus auritus]	61862
XP_036189517.1	XP_015999458	25.086	291	301	298	98	7.32e-14	75.9	ADP/ATP translocase 1 [Rousettus aegyptiacus]	9407
XP_036189517.1	XP_015999458	26.238	202	301	298	98	5.12e-11	67.4	ADP/ATP translocase 1 [Rousettus aegyptiacus]	9407
XP_036189517.1	XP_036096953	21.875	288	301	374	94	7.73e-14	76.6	solute carrier family 25 member 41 [Molossus molossus]	27622
XP_036189517.1	XP_008142392	25.000	288	301	369	92	7.74e-14	76.3	mitoferrin-2 isoform X1 [Eptesicus fuscus]	29078
XP_036189517.1	XP_079649281	25.000	288	301	369	92	7.74e-14	76.3	mitoferrin-2 [Cnephaeus nilssonii]	3371016
XP_036189517.1	XP_036294700	25.000	288	301	364	92	7.88e-14	76.3	mitoferrin-2 [Pipistrellus kuhlii]	59472
XP_036189517.1	XP_019492055	25.000	288	301	364	92	8.18e-14	76.3	PREDICTED: mitoferrin-2 isoform X1 [Hipposideros armiger]	186990
XP_036189517.1	XP_036923956	30.901	233	301	361	72	8.19e-14	76.3	solute carrier family 25 member 3 isoform X2 [Sturnira hondurensis]	192404
XP_036189517.1	XP_032963158	25.795	283	301	290	92	8.49e-14	75.5	brain mitochondrial carrier protein 1 isoform X3 [Rhinolophus ferrumequinum]	59479
XP_036189517.1	XP_080899366	25.795	283	301	290	92	8.49e-14	75.5	brain mitochondrial carrier protein 1 isoform 3 [Rhinolophus hipposideros]	77218
XP_036189517.1	XP_019509491	25.795	283	301	344	92	8.52e-14	76.3	PREDICTED: brain mitochondrial carrier protein 1 isoform X1 [Hipposideros armiger]	186990
XP_036189517.1	XP_006915025	25.830	271	301	293	88	8.60e-14	75.5	kidney mitochondrial carrier protein 1 isoform X1 [Pteropus alecto]	9402
XP_036189517.1	XP_054564161	28.986	276	301	274	91	8.74e-14	75.1	S-adenosylmethionine mitochondrial carrier protein isoform X1 [Eptesicus fuscus]	29078
XP_036189517.1	XP_079651906	28.986	276	301	274	91	8.74e-14	75.1	mitochondrial S-adenosylmethionine carrier protein isoform 1 [Cnephaeus nilssonii]	3371016
XP_036189517.1	XP_019572574	25.795	283	301	344	92	8.85e-14	75.9	brain mitochondrial carrier protein 1 isoform X1 [Rhinolophus sinicus]	89399
XP_036189517.1	XP_080962139	29.534	193	301	237	63	8.93e-14	74.7	mitochondrial glycine transporter isoform 3 [Myotis nattereri]	109481
XP_036189517.1	XP_036120977	25.000	288	301	364	92	9.00e-14	76.3	mitoferrin-2 [Molossus molossus]	27622
XP_036189517.1	XP_070247666	29.534	193	301	272	63	9.13e-14	75.1	mitochondrial glycine transporter isoform X4 [Myotis yumanensis]	159337
XP_036189517.1	XP_054575783	25.830	271	301	291	88	9.55e-14	75.5	kidney mitochondrial carrier protein 1 isoform X1 [Eptesicus fuscus]	29078
XP_036189517.1	XP_039715652	25.000	300	301	320	98	9.67e-14	75.9	mitochondrial thiamine pyrophosphate carrier isoform X2 [Pteropus medius]	143291
XP_036189517.1	XP_039715652	24.737	190	301	320	98	3.51e-11	68.2	mitochondrial thiamine pyrophosphate carrier isoform X2 [Pteropus medius]	143291
XP_036189517.1	XP_039715652	26.531	196	301	320	98	5.89e-11	67.8	mitochondrial thiamine pyrophosphate carrier isoform X2 [Pteropus medius]	143291
XP_036189517.1	XP_054434959	23.024	291	301	338	94	9.69e-14	75.9	mitoferrin-1 [Pteronotus mesoamericanus]	1884717
XP_036189517.1	XP_023619160	29.534	193	301	272	63	9.78e-14	75.1	solute carrier family 25 member 38 isoform X5 [Myotis lucifugus]	59463
XP_036189517.1	XP_070265147	25.830	271	301	291	88	9.83e-14	75.5	kidney mitochondrial carrier protein 1 [Myotis yumanensis]	159337
XP_036189517.1	XP_070265145	25.830	271	301	291	88	9.83e-14	75.5	kidney mitochondrial carrier protein 1 [Myotis yumanensis]	159337
XP_036189517.1	XP_059540647	25.830	271	301	291	88	9.83e-14	75.5	kidney mitochondrial carrier protein 1 isoform X1 [Myotis daubentonii]	98922
XP_036189517.1	XP_059540646	25.830	271	301	291	88	9.83e-14	75.5	kidney mitochondrial carrier protein 1 isoform X1 [Myotis daubentonii]	98922
XP_036189517.1	XP_059540645	25.830	271	301	291	88	9.83e-14	75.5	kidney mitochondrial carrier protein 1 isoform X1 [Myotis daubentonii]	98922
XP_036189517.1	XP_059540644	25.830	271	301	291	88	9.83e-14	75.5	kidney mitochondrial carrier protein 1 isoform X1 [Myotis daubentonii]	98922
XP_036189517.1	XP_059540643	25.830	271	301	291	88	9.83e-14	75.5	kidney mitochondrial carrier protein 1 isoform X1 [Myotis daubentonii]	98922
XP_036189517.1	XP_059540642	25.830	271	301	291	88	9.83e-14	75.5	kidney mitochondrial carrier protein 1 isoform X1 [Myotis daubentonii]	98922
XP_036189517.1	XP_005863281	25.830	271	301	291	88	9.83e-14	75.5	PREDICTED: kidney mitochondrial carrier protein 1 isoform X1 [Myotis brandtii]	109478
XP_036189517.1	XP_014392706	25.830	271	301	291	88	9.83e-14	75.5	PREDICTED: kidney mitochondrial carrier protein 1 isoform X1 [Myotis brandtii]	109478
XP_036189517.1	XP_005863279	25.830	271	301	291	88	9.83e-14	75.5	PREDICTED: kidney mitochondrial carrier protein 1 isoform X1 [Myotis brandtii]	109478
XP_036189517.1	XP_014392705	25.830	271	301	291	88	9.83e-14	75.5	PREDICTED: kidney mitochondrial carrier protein 1 isoform X1 [Myotis brandtii]	109478
XP_036189517.1	XP_005863282	25.830	271	301	291	88	9.83e-14	75.5	PREDICTED: kidney mitochondrial carrier protein 1 isoform X1 [Myotis brandtii]	109478
XP_036189517.1	XP_005863283	25.830	271	301	291	88	9.83e-14	75.5	PREDICTED: kidney mitochondrial carrier protein 1 isoform X1 [Myotis brandtii]	109478
XP_036189517.1	XP_036154548	25.830	271	301	291	88	9.83e-14	75.5	kidney mitochondrial carrier protein 1 isoform X1 [Myotis myotis]	51298
XP_036189517.1	XP_036154547	25.830	271	301	291	88	9.83e-14	75.5	kidney mitochondrial carrier protein 1 isoform X1 [Myotis myotis]	51298
XP_036189517.1	XP_080938903	25.830	271	301	291	88	9.83e-14	75.5	kidney mitochondrial carrier protein 1 [Myotis nattereri]	109481
XP_036189517.1	XP_011362315	24.399	291	301	298	98	9.89e-14	75.5	ADP/ATP translocase 1 [Pteropus vampyrus]	132908
XP_036189517.1	XP_011362315	26.238	202	301	298	98	5.57e-11	67.4	ADP/ATP translocase 1 [Pteropus vampyrus]	132908
XP_036189517.1	XP_039738614	24.399	291	301	298	98	9.89e-14	75.5	ADP/ATP translocase 1 [Pteropus medius]	143291
XP_036189517.1	XP_039738614	26.238	202	301	298	98	5.57e-11	67.4	ADP/ATP translocase 1 [Pteropus medius]	143291
XP_036189517.1	XP_016075554	25.352	284	301	289	91	1.04e-13	75.1	PREDICTED: mitoferrin-2 isoform X1 [Miniopterus natalensis]	291302
XP_036189517.1	XP_006916442	24.399	291	301	298	98	1.05e-13	75.5	ADP/ATP translocase 1 [Pteropus alecto]	9402
XP_036189517.1	XP_006916442	26.238	202	301	298	98	5.57e-11	67.4	ADP/ATP translocase 1 [Pteropus alecto]	9402
XP_036189517.1	XP_015979747	24.561	285	301	364	92	1.08e-13	75.9	mitoferrin-2 isoform X1 [Rousettus aegyptiacus]	9407
XP_036189517.1	XP_011377124	24.561	285	301	364	92	1.08e-13	75.9	mitoferrin-2 isoform X2 [Pteropus vampyrus]	132908
XP_036189517.1	XP_011377123	24.561	285	301	364	92	1.08e-13	75.9	mitoferrin-2 isoform X1 [Pteropus vampyrus]	132908
XP_036189517.1	XP_036315548	21.875	288	301	372	94	1.13e-13	75.9	mitochondrial carrier protein SCaMC-3L [Pipistrellus kuhlii]	59472
XP_036189517.1	XP_054449211	26.333	300	301	318	98	1.14e-13	75.5	mitochondrial thiamine pyrophosphate carrier [Pteronotus mesoamericanus]	1884717
XP_036189517.1	XP_054449211	24.873	197	301	318	98	7.35e-13	73.2	mitochondrial thiamine pyrophosphate carrier [Pteronotus mesoamericanus]	1884717
XP_036189517.1	XP_054449210	26.333	300	301	318	98	1.14e-13	75.5	mitochondrial thiamine pyrophosphate carrier [Pteronotus mesoamericanus]	1884717
XP_036189517.1	XP_054449210	24.873	197	301	318	98	7.35e-13	73.2	mitochondrial thiamine pyrophosphate carrier [Pteronotus mesoamericanus]	1884717
XP_036189517.1	XP_054449209	26.333	300	301	318	98	1.14e-13	75.5	mitochondrial thiamine pyrophosphate carrier [Pteronotus mesoamericanus]	1884717
XP_036189517.1	XP_054449209	24.873	197	301	318	98	7.35e-13	73.2	mitochondrial thiamine pyrophosphate carrier [Pteronotus mesoamericanus]	1884717
XP_036189517.1	XP_054449208	26.333	300	301	318	98	1.14e-13	75.5	mitochondrial thiamine pyrophosphate carrier [Pteronotus mesoamericanus]	1884717
XP_036189517.1	XP_054449208	24.873	197	301	318	98	7.35e-13	73.2	mitochondrial thiamine pyrophosphate carrier [Pteronotus mesoamericanus]	1884717
XP_036189517.1	XP_006914644	32.189	233	301	361	72	1.14e-13	75.9	phosphate carrier protein, mitochondrial isoform X1 [Pteropus alecto]	9402
XP_036189517.1	XP_024902828	25.000	300	301	320	98	1.15e-13	75.5	mitochondrial thiamine pyrophosphate carrier isoform X4 [Pteropus alecto]	9402
XP_036189517.1	XP_024902828	24.737	190	301	320	98	3.61e-11	68.2	mitochondrial thiamine pyrophosphate carrier isoform X4 [Pteropus alecto]	9402
XP_036189517.1	XP_024902828	26.531	196	301	320	98	5.41e-11	67.8	mitochondrial thiamine pyrophosphate carrier isoform X4 [Pteropus alecto]	9402
XP_036189517.1	XP_045682547	31.179	263	301	362	81	1.16e-13	75.9	phosphate carrier protein, mitochondrial isoform X1 [Phyllostomus hastatus]	9423
XP_036189517.1	XP_045682546	31.179	263	301	362	81	1.16e-13	75.9	phosphate carrier protein, mitochondrial isoform X1 [Phyllostomus hastatus]	9423
XP_036189517.1	XP_019566326	24.828	290	301	658	94	1.17e-13	76.6	mitochondrial adenyl nucleotide antiporter SLC25A23 isoform X1 [Rhinolophus sinicus]	89399
XP_036189517.1	XP_019566326	21.951	287	301	658	94	8.25e-13	73.9	mitochondrial adenyl nucleotide antiporter SLC25A23 isoform X1 [Rhinolophus sinicus]	89399
XP_036189517.1	XP_019509495	25.795	283	301	322	92	1.18e-13	75.5	PREDICTED: brain mitochondrial carrier protein 1 isoform X3 [Hipposideros armiger]	186990
XP_036189517.1	XP_019509494	25.795	283	301	322	92	1.18e-13	75.5	PREDICTED: brain mitochondrial carrier protein 1 isoform X3 [Hipposideros armiger]	186990
XP_036189517.1	XP_036086943	26.291	213	301	361	65	1.19e-13	75.9	ADP/ATP translocase 3-like [Rousettus aegyptiacus]	9407
XP_036189517.1	XP_032947898	22.963	270	301	625	89	1.19e-13	76.6	calcium-binding mitochondrial carrier protein SCaMC-1-like isoform X1 [Rhinolophus ferrumequinum]	59479
XP_036189517.1	XP_032963150	25.795	283	301	322	92	1.22e-13	75.5	brain mitochondrial carrier protein 1 isoform X2 [Rhinolophus ferrumequinum]	59479
XP_036189517.1	XP_080899365	25.795	283	301	322	92	1.22e-13	75.5	brain mitochondrial carrier protein 1 isoform 2 [Rhinolophus hipposideros]	77218
XP_036189517.1	XP_019572576	25.795	283	301	322	92	1.22e-13	75.5	brain mitochondrial carrier protein 1 isoform X3 [Rhinolophus sinicus]	89399
XP_036189517.1	XP_036312810	25.830	271	301	291	88	1.22e-13	75.1	kidney mitochondrial carrier protein 1 isoform X1 [Pipistrellus kuhlii]	59472
XP_036189517.1	XP_006925953	25.000	284	301	289	91	1.23e-13	75.1	mitoferrin-2 [Pteropus alecto]	9402
XP_036189517.1	XP_039727473	25.000	284	301	289	91	1.23e-13	75.1	mitoferrin-2 [Pteropus medius]	143291
XP_036189517.1	XP_054567993	25.000	284	301	335	88	1.25e-13	75.5	solute carrier family 25 member 44 isoform X3 [Eptesicus fuscus]	29078
XP_036189517.1	XP_019509493	25.795	283	301	325	92	1.26e-13	75.5	PREDICTED: brain mitochondrial carrier protein 1 isoform X2 [Hipposideros armiger]	186990
XP_036189517.1	XP_019509492	25.795	283	301	325	92	1.26e-13	75.5	PREDICTED: brain mitochondrial carrier protein 1 isoform X2 [Hipposideros armiger]	186990
XP_036189517.1	XP_016076996	25.263	285	301	314	88	1.27e-13	75.5	PREDICTED: solute carrier family 25 member 44 [Miniopterus natalensis]	291302
XP_036189517.1	XP_016076995	25.263	285	301	314	88	1.27e-13	75.5	PREDICTED: solute carrier family 25 member 44 [Miniopterus natalensis]	291302
XP_036189517.1	XP_006757246	25.830	271	301	291	88	1.30e-13	75.1	PREDICTED: kidney mitochondrial carrier protein 1 isoform X1 [Myotis davidii]	225400
XP_036189517.1	XP_006757245	25.830	271	301	291	88	1.30e-13	75.1	PREDICTED: kidney mitochondrial carrier protein 1 isoform X1 [Myotis davidii]	225400
XP_036189517.1	XP_015415170	25.830	271	301	291	88	1.30e-13	75.1	PREDICTED: kidney mitochondrial carrier protein 1 isoform X1 [Myotis davidii]	225400
XP_036189517.1	XP_006757243	25.830	271	301	291	88	1.30e-13	75.1	PREDICTED: kidney mitochondrial carrier protein 1 isoform X1 [Myotis davidii]	225400
XP_036189517.1	XP_006757242	25.830	271	301	291	88	1.30e-13	75.1	PREDICTED: kidney mitochondrial carrier protein 1 isoform X1 [Myotis davidii]	225400
XP_036189517.1	XP_006757241	25.830	271	301	291	88	1.30e-13	75.1	PREDICTED: kidney mitochondrial carrier protein 1 isoform X1 [Myotis davidii]	225400
XP_036189517.1	XP_036202979	27.600	250	301	329	77	1.31e-13	75.5	phosphate carrier protein, mitochondrial-like [Myotis myotis]	51298
XP_036189517.1	XP_019580426	25.000	288	301	369	92	1.32e-13	75.9	mitoferrin-2 isoform X1 [Rhinolophus sinicus]	89399
XP_036189517.1	XP_016013730	32.189	233	301	361	72	1.32e-13	75.9	phosphate carrier protein, mitochondrial isoform X2 [Rousettus aegyptiacus]	9407
XP_036189517.1	XP_035888171	25.210	238	301	418	79	1.33e-13	75.9	calcium-binding mitochondrial carrier protein SCaMC-3 isoform X6 [Phyllostomus discolor]	89673
XP_036189517.1	XP_032985884	25.000	288	301	369	92	1.35e-13	75.9	mitoferrin-2 isoform X1 [Rhinolophus ferrumequinum]	59479
XP_036189517.1	XP_019497242	31.760	233	301	361	72	1.37e-13	75.5	PREDICTED: phosphate carrier protein, mitochondrial isoform X2 [Hipposideros armiger]	186990
XP_036189517.1	XP_028368079	24.912	285	301	365	92	1.37e-13	75.5	LOW QUALITY PROTEIN: mitoferrin-2 [Phyllostomus discolor]	89673
XP_036189517.1	XP_032963139	25.795	283	301	325	92	1.39e-13	75.5	brain mitochondrial carrier protein 1 isoform X1 [Rhinolophus ferrumequinum]	59479
XP_036189517.1	XP_080899364	25.795	283	301	325	92	1.39e-13	75.5	brain mitochondrial carrier protein 1 isoform 1 [Rhinolophus hipposideros]	77218
XP_036189517.1	XP_019572575	25.795	283	301	325	92	1.39e-13	75.5	brain mitochondrial carrier protein 1 isoform X2 [Rhinolophus sinicus]	89399
XP_036189517.1	XP_045710415	25.263	285	301	364	92	1.39e-13	75.5	mitoferrin-2 [Phyllostomus hastatus]	9423
XP_036189517.1	XP_016071453	25.965	285	301	290	92	1.39e-13	74.7	PREDICTED: brain mitochondrial carrier protein 1 isoform X3 [Miniopterus natalensis]	291302
XP_036189517.1	XP_016071452	25.965	285	301	290	92	1.39e-13	74.7	PREDICTED: brain mitochondrial carrier protein 1 isoform X3 [Miniopterus natalensis]	291302
XP_036189517.1	XP_016071451	25.965	285	301	290	92	1.39e-13	74.7	PREDICTED: brain mitochondrial carrier protein 1 isoform X3 [Miniopterus natalensis]	291302
XP_036189517.1	XP_080981483	25.965	285	301	290	92	1.39e-13	74.7	brain mitochondrial carrier protein 1 isoform 4 [Miniopterus schreibersii]	9433
XP_036189517.1	XP_081015052	24.912	285	301	364	92	1.41e-13	75.5	mitoferrin-2 isoform 1 [Miniopterus schreibersii]	9433
XP_036189517.1	XP_019500057	25.258	194	301	275	98	1.43e-13	74.7	PREDICTED: mitochondrial thiamine pyrophosphate carrier [Hipposideros armiger]	186990
XP_036189517.1	XP_019500057	26.556	241	301	275	98	6.41e-11	67.0	PREDICTED: mitochondrial thiamine pyrophosphate carrier [Hipposideros armiger]	186990
XP_036189517.1	XP_019500056	25.258	194	301	275	98	1.43e-13	74.7	PREDICTED: mitochondrial thiamine pyrophosphate carrier [Hipposideros armiger]	186990
XP_036189517.1	XP_019500056	26.556	241	301	275	98	6.41e-11	67.0	PREDICTED: mitochondrial thiamine pyrophosphate carrier [Hipposideros armiger]	186990
XP_036189517.1	XP_019500055	25.258	194	301	275	98	1.43e-13	74.7	PREDICTED: mitochondrial thiamine pyrophosphate carrier [Hipposideros armiger]	186990
XP_036189517.1	XP_019500055	26.556	241	301	275	98	6.41e-11	67.0	PREDICTED: mitochondrial thiamine pyrophosphate carrier [Hipposideros armiger]	186990
XP_036189517.1	XP_019500054	25.258	194	301	275	98	1.43e-13	74.7	PREDICTED: mitochondrial thiamine pyrophosphate carrier [Hipposideros armiger]	186990
XP_036189517.1	XP_019500054	26.556	241	301	275	98	6.41e-11	67.0	PREDICTED: mitochondrial thiamine pyrophosphate carrier [Hipposideros armiger]	186990
XP_036189517.1	XP_019500053	25.258	194	301	275	98	1.43e-13	74.7	PREDICTED: mitochondrial thiamine pyrophosphate carrier [Hipposideros armiger]	186990
XP_036189517.1	XP_019500053	26.556	241	301	275	98	6.41e-11	67.0	PREDICTED: mitochondrial thiamine pyrophosphate carrier [Hipposideros armiger]	186990
XP_036189517.1	XP_019500052	25.258	194	301	275	98	1.43e-13	74.7	PREDICTED: mitochondrial thiamine pyrophosphate carrier [Hipposideros armiger]	186990
XP_036189517.1	XP_019500052	26.556	241	301	275	98	6.41e-11	67.0	PREDICTED: mitochondrial thiamine pyrophosphate carrier [Hipposideros armiger]	186990
XP_036189517.1	XP_019500051	25.258	194	301	275	98	1.43e-13	74.7	PREDICTED: mitochondrial thiamine pyrophosphate carrier [Hipposideros armiger]	186990
XP_036189517.1	XP_019500051	26.556	241	301	275	98	6.41e-11	67.0	PREDICTED: mitochondrial thiamine pyrophosphate carrier [Hipposideros armiger]	186990
XP_036189517.1	XP_019500050	25.258	194	301	275	98	1.43e-13	74.7	PREDICTED: mitochondrial thiamine pyrophosphate carrier [Hipposideros armiger]	186990
XP_036189517.1	XP_019500050	26.556	241	301	275	98	6.41e-11	67.0	PREDICTED: mitochondrial thiamine pyrophosphate carrier [Hipposideros armiger]	186990
XP_036189517.1	XP_019500049	25.258	194	301	275	98	1.43e-13	74.7	PREDICTED: mitochondrial thiamine pyrophosphate carrier [Hipposideros armiger]	186990
XP_036189517.1	XP_019500049	26.556	241	301	275	98	6.41e-11	67.0	PREDICTED: mitochondrial thiamine pyrophosphate carrier [Hipposideros armiger]	186990
XP_036189517.1	XP_054437313	24.912	285	301	364	92	1.43e-13	75.5	mitoferrin-2 isoform X1 [Pteronotus mesoamericanus]	1884717
XP_036189517.1	XP_036079045	30.457	197	301	198	60	1.45e-13	73.2	graves disease carrier protein isoform X4 [Rousettus aegyptiacus]	9407
XP_036189517.1	XP_053511841	23.214	280	301	568	92	1.46e-13	76.3	calcium-binding mitochondrial carrier protein SCaMC-1-like [Artibeus jamaicensis]	9417
XP_036189517.1	XP_066211643	25.000	288	301	364	92	1.49e-13	75.5	mitoferrin-2 [Saccopteryx leptura]	249018
XP_036189517.1	XP_066096236	25.000	288	301	364	92	1.49e-13	75.5	mitoferrin-2 [Saccopteryx bilineata]	59482
XP_036189517.1	XP_079616937	25.000	284	301	314	88	1.56e-13	75.1	solute carrier family 25 member 44 [Cnephaeus nilssonii]	3371016
XP_036189517.1	XP_039705111	25.352	213	301	294	65	1.73e-13	74.7	ADP/ATP translocase 3-like [Pteropus medius]	143291
XP_036189517.1	XP_080917415	30.901	233	301	361	72	1.78e-13	75.5	solute carrier family 25 member 3 isoform 2 [Rhinolophus hipposideros]	77218
XP_036189517.1	XP_080917414	30.901	233	301	361	72	1.78e-13	75.5	solute carrier family 25 member 3 isoform 2 [Rhinolophus hipposideros]	77218
XP_036189517.1	XP_080917413	30.901	233	301	361	72	1.78e-13	75.5	solute carrier family 25 member 3 isoform 2 [Rhinolophus hipposideros]	77218
XP_036189517.1	XP_080917412	30.901	233	301	361	72	1.78e-13	75.5	solute carrier family 25 member 3 isoform 2 [Rhinolophus hipposideros]	77218
XP_036189517.1	XP_036311533	27.491	291	301	313	87	1.82e-13	74.7	mitochondrial glutamate carrier 2 isoform X2 [Pipistrellus kuhlii]	59472
XP_036189517.1	XP_054567994	25.000	284	301	320	88	1.82e-13	75.1	solute carrier family 25 member 44 isoform X4 [Eptesicus fuscus]	29078
XP_036189517.1	XP_035881163	26.778	239	301	362	77	1.83e-13	75.1	solute carrier family 25 member 33 isoform X2 [Phyllostomus discolor]	89673
XP_036189517.1	XP_080497610	25.000	288	301	369	92	1.83e-13	75.5	mitoferrin-2 isoform 1 [Plecotus auritus]	61862
XP_036189517.1	XP_054430641	31.646	237	301	362	74	1.85e-13	75.1	solute carrier family 25 member 3 isoform X1 [Pteronotus mesoamericanus]	1884717
XP_036189517.1	XP_028369591	30.457	197	301	198	60	1.87e-13	72.8	graves disease carrier protein isoform X3 [Phyllostomus discolor]	89673
XP_036189517.1	XP_019587696	30.901	233	301	361	72	1.89e-13	75.1	solute carrier family 25 member 3 isoform X2 [Rhinolophus sinicus]	89399
XP_036189517.1	XP_019587695	30.901	233	301	361	72	1.89e-13	75.1	solute carrier family 25 member 3 isoform X2 [Rhinolophus sinicus]	89399
XP_036189517.1	XP_079622187	25.773	291	301	298	91	1.93e-13	74.7	ADP/ATP translocase 3 [Cnephaeus nilssonii]	3371016
XP_036189517.1	XP_016071450	25.965	285	301	322	92	1.95e-13	74.7	PREDICTED: brain mitochondrial carrier protein 1 isoform X2 [Miniopterus natalensis]	291302
XP_036189517.1	XP_080981482	25.965	285	301	322	92	1.95e-13	74.7	brain mitochondrial carrier protein 1 isoform 3 [Miniopterus schreibersii]	9433
XP_036189517.1	XP_008143004	32.189	233	301	361	72	1.98e-13	75.1	phosphate carrier protein, mitochondrial isoform X2 [Eptesicus fuscus]	29078
XP_036189517.1	XP_035888168	25.210	238	301	470	79	2.01e-13	75.5	calcium-binding mitochondrial carrier protein SCaMC-3 isoform X1 [Phyllostomus discolor]	89673
XP_036189517.1	XP_080981480	25.965	285	301	344	92	2.03e-13	75.1	brain mitochondrial carrier protein 1 isoform 1 [Miniopterus schreibersii]	9433
XP_036189517.1	XP_080981479	25.965	285	301	344	92	2.03e-13	75.1	brain mitochondrial carrier protein 1 isoform 1 [Miniopterus schreibersii]	9433
XP_036189517.1	XP_008148781	22.222	288	301	372	94	2.09e-13	75.1	mitochondrial carrier protein SCaMC-3L isoform X1 [Eptesicus fuscus]	29078
XP_036189517.1	XP_054430642	31.760	233	301	361	72	2.16e-13	75.1	solute carrier family 25 member 3 isoform X2 [Pteronotus mesoamericanus]	1884717
XP_036189517.1	XP_016071449	25.965	285	301	325	92	2.17e-13	74.7	PREDICTED: brain mitochondrial carrier protein 1 isoform X1 [Miniopterus natalensis]	291302
XP_036189517.1	XP_080981481	25.965	285	301	325	92	2.17e-13	74.7	brain mitochondrial carrier protein 1 isoform 2 [Miniopterus schreibersii]	9433
XP_036189517.1	XP_015425710	29.600	250	301	361	78	2.20e-13	75.1	PREDICTED: phosphate carrier protein, mitochondrial isoform X2 [Myotis davidii]	225400
XP_036189517.1	XP_019508918	21.951	287	301	365	94	2.21e-13	75.1	PREDICTED: solute carrier family 25 member 41 [Hipposideros armiger]	186990
XP_036189517.1	XP_080517566	30.901	233	301	361	72	2.22e-13	75.1	solute carrier family 25 member 3 isoform 1 [Plecotus auritus]	61862
XP_036189517.1	XP_080517565	30.901	233	301	361	72	2.22e-13	75.1	solute carrier family 25 member 3 isoform 1 [Plecotus auritus]	61862
XP_036189517.1	XP_032972719	25.430	291	301	298	91	2.28e-13	74.3	ADP/ATP translocase 2 [Rhinolophus ferrumequinum]	59479
XP_036189517.1	XP_011363521	25.714	210	301	294	64	2.34e-13	74.3	ADP/ATP translocase 3-like [Pteropus vampyrus]	132908
XP_036189517.1	XP_015425709	28.986	276	301	318	85	2.35e-13	74.7	PREDICTED: phosphate carrier protein, mitochondrial isoform X1 [Myotis davidii]	225400
XP_036189517.1	XP_036314858	30.901	233	301	361	72	2.37e-13	75.1	phosphate carrier protein, mitochondrial isoform X2 [Pipistrellus kuhlii]	59472
XP_036189517.1	XP_035875337	31.646	237	301	362	74	2.48e-13	74.7	phosphate carrier protein, mitochondrial isoform X1 [Phyllostomus discolor]	89673
XP_036189517.1	XP_035875336	31.646	237	301	362	74	2.48e-13	74.7	phosphate carrier protein, mitochondrial isoform X1 [Phyllostomus discolor]	89673
XP_036189517.1	XP_036314859	30.901	233	301	313	72	2.52e-13	74.3	phosphate carrier protein, mitochondrial isoform X3 [Pipistrellus kuhlii]	59472
XP_036189517.1	XP_045673043	26.224	286	301	314	88	2.54e-13	74.3	solute carrier family 25 member 44 [Phyllostomus hastatus]	9423
XP_036189517.1	XP_035871406	26.224	286	301	314	88	2.54e-13	74.3	solute carrier family 25 member 44 [Phyllostomus discolor]	89673
XP_036189517.1	XP_035871405	26.224	286	301	314	88	2.54e-13	74.3	solute carrier family 25 member 44 [Phyllostomus discolor]	89673
XP_036189517.1	XP_035871404	26.224	286	301	314	88	2.54e-13	74.3	solute carrier family 25 member 44 [Phyllostomus discolor]	89673
XP_036189517.1	XP_028358500	26.224	286	301	314	88	2.54e-13	74.3	solute carrier family 25 member 44 [Phyllostomus discolor]	89673
XP_036189517.1	XP_028376558	21.875	288	301	397	94	2.58e-13	75.1	solute carrier family 25 member 41 [Phyllostomus discolor]	89673
XP_036189517.1	XP_014385519	30.800	250	301	318	78	2.58e-13	74.3	PREDICTED: phosphate carrier protein, mitochondrial isoform X1 [Myotis brandtii]	109478
XP_036189517.1	XP_028006089	32.189	233	301	313	72	2.60e-13	74.3	phosphate carrier protein, mitochondrial isoform X3 [Eptesicus fuscus]	29078
XP_036189517.1	XP_036906664	24.561	285	301	364	92	2.60e-13	74.7	mitoferrin-2 isoform X1 [Sturnira hondurensis]	192404
XP_036189517.1	XP_080900208	25.430	291	301	298	91	2.61e-13	74.3	ADP/ATP translocase 2 [Rhinolophus hipposideros]	77218
XP_036189517.1	XP_019572606	25.430	291	301	298	91	2.61e-13	74.3	ADP/ATP translocase 2 [Rhinolophus sinicus]	89399
XP_036189517.1	XP_037016276	30.802	237	301	362	74	2.65e-13	74.7	phosphate carrier protein, mitochondrial isoform X1 [Artibeus jamaicensis]	9417
XP_036189517.1	XP_037016274	30.802	237	301	362	74	2.65e-13	74.7	phosphate carrier protein, mitochondrial isoform X1 [Artibeus jamaicensis]	9417
XP_036189517.1	XP_037016273	30.802	237	301	362	74	2.65e-13	74.7	phosphate carrier protein, mitochondrial isoform X1 [Artibeus jamaicensis]	9417
XP_036189517.1	XP_037016277	30.901	233	301	361	72	2.71e-13	74.7	phosphate carrier protein, mitochondrial isoform X2 [Artibeus jamaicensis]	9417
XP_036189517.1	XP_036156453	30.901	233	301	313	72	2.75e-13	74.3	phosphate carrier protein, mitochondrial isoform X3 [Myotis myotis]	51298
XP_036189517.1	XP_036156452	30.901	233	301	313	72	2.75e-13	74.3	phosphate carrier protein, mitochondrial isoform X3 [Myotis myotis]	51298
XP_036189517.1	XP_011384844	31.760	233	301	361	72	2.79e-13	74.7	phosphate carrier protein, mitochondrial isoform X1 [Pteropus vampyrus]	132908
XP_036189517.1	XP_039729971	31.760	233	301	361	72	2.79e-13	74.7	solute carrier family 25 member 3 [Pteropus medius]	143291
XP_036189517.1	XP_045444499	29.310	290	301	314	87	2.80e-13	74.3	mitochondrial glutamate carrier 2 isoform X1 [Pipistrellus kuhlii]	59472
XP_036189517.1	XP_045444498	29.310	290	301	314	87	2.80e-13	74.3	mitochondrial glutamate carrier 2 isoform X1 [Pipistrellus kuhlii]	59472
XP_036189517.1	XP_045444497	29.310	290	301	314	87	2.80e-13	74.3	mitochondrial glutamate carrier 2 isoform X1 [Pipistrellus kuhlii]	59472
XP_036189517.1	XP_079630155	32.189	233	301	361	72	2.84e-13	74.7	solute carrier family 25 member 3 isoform 1 [Cnephaeus nilssonii]	3371016
XP_036189517.1	XP_079630154	32.189	233	301	361	72	2.84e-13	74.7	solute carrier family 25 member 3 isoform 1 [Cnephaeus nilssonii]	3371016
XP_036189517.1	XP_054576111	24.742	291	301	298	96	2.84e-13	73.9	ADP/ATP translocase 1 [Eptesicus fuscus]	29078
XP_036189517.1	XP_054576111	26.263	198	301	298	96	1.48e-11	69.3	ADP/ATP translocase 1 [Eptesicus fuscus]	29078
XP_036189517.1	XP_036126606	25.430	291	301	298	91	2.84e-13	73.9	ADP/ATP translocase 2 [Molossus molossus]	27622
XP_036189517.1	XP_079635537	24.742	291	301	298	96	2.84e-13	73.9	ADP/ATP translocase 1 [Cnephaeus nilssonii]	3371016
XP_036189517.1	XP_079635537	26.263	198	301	298	96	1.48e-11	69.3	ADP/ATP translocase 1 [Cnephaeus nilssonii]	3371016
XP_036189517.1	XP_059537902	30.901	233	301	361	72	2.89e-13	74.7	solute carrier family 25 member 3 isoform X2 [Myotis daubentonii]	98922
XP_036189517.1	XP_036156451	30.901	233	301	361	72	2.89e-13	74.7	phosphate carrier protein, mitochondrial isoform X2 [Myotis myotis]	51298
XP_036189517.1	XP_080937027	30.901	233	301	361	72	2.89e-13	74.7	solute carrier family 25 member 3 isoform 1 [Myotis nattereri]	109481
XP_036189517.1	XP_080937026	30.901	233	301	361	72	2.89e-13	74.7	solute carrier family 25 member 3 isoform 1 [Myotis nattereri]	109481
XP_036189517.1	XP_074193782	21.951	287	301	367	94	2.91e-13	74.7	mitochondrial adenyl nucleotide antiporter SLC25A23 isoform X5 [Rhinolophus sinicus]	89399
XP_036189517.1	XP_014307048	32.189	233	301	301	72	3.01e-13	73.9	phosphate carrier protein, mitochondrial isoform X2 [Myotis lucifugus]	59463
XP_036189517.1	XP_081014513	29.851	201	301	234	61	3.08e-13	73.2	solute carrier family 25 member 16 isoform 2 [Miniopterus schreibersii]	9433
XP_036189517.1	XP_036294216	30.151	199	301	198	93	3.12e-13	72.4	graves disease carrier protein isoform X4 [Pipistrellus kuhlii]	59472
XP_036189517.1	XP_036294216	26.531	196	301	198	93	3.41e-11	66.6	graves disease carrier protein isoform X4 [Pipistrellus kuhlii]	59472
XP_036189517.1	XP_066207875	22.680	291	301	339	94	3.13e-13	74.3	mitoferrin-1 isoform X1 [Saccopteryx leptura]	249018
XP_036189517.1	XP_066123440	22.680	291	301	339	94	3.13e-13	74.3	mitoferrin-1 isoform X1 [Saccopteryx bilineata]	59482
XP_036189517.1	XP_080930283	25.000	288	301	369	92	3.20e-13	74.7	mitoferrin-2 isoform 1 [Rhinolophus hipposideros]	77218
XP_036189517.1	XP_014403667	29.851	201	301	234	61	3.20e-13	72.8	PREDICTED: graves disease carrier protein [Myotis brandtii]	109478
XP_036189517.1	XP_080497300	29.851	201	301	234	61	3.20e-13	72.8	solute carrier family 25 member 16 isoform 2 [Plecotus auritus]	61862
XP_036189517.1	XP_080497299	29.851	201	301	234	61	3.20e-13	72.8	solute carrier family 25 member 16 isoform 2 [Plecotus auritus]	61862
XP_036189517.1	XP_014307047	32.189	233	301	313	72	3.27e-13	73.9	phosphate carrier protein, mitochondrial isoform X1 [Myotis lucifugus]	59463
XP_036189517.1	XP_032989256	26.984	189	301	323	62	3.46e-13	74.3	ADP/ATP translocase 4 [Rhinolophus ferrumequinum]	59479
XP_036189517.1	XP_066090108	25.789	190	301	275	61	3.53e-13	73.6	mitochondrial thiamine pyrophosphate carrier isoform X2 [Saccopteryx bilineata]	59482
XP_036189517.1	XP_066090107	25.789	190	301	275	61	3.53e-13	73.6	mitochondrial thiamine pyrophosphate carrier isoform X2 [Saccopteryx bilineata]	59482
XP_036189517.1	XP_035866597	25.614	285	301	298	89	3.65e-13	73.9	ADP/ATP translocase 3-like [Phyllostomus discolor]	89673
XP_036189517.1	XP_066207066	27.895	190	301	237	62	3.66e-13	72.8	mitochondrial glycine transporter isoform X4 [Saccopteryx leptura]	249018
XP_036189517.1	XP_070266979	30.901	233	301	361	72	3.67e-13	74.3	solute carrier family 25 member 3 isoform X2 [Myotis yumanensis]	159337
XP_036189517.1	XP_054576220	25.086	291	301	298	98	3.69e-13	73.9	ADP/ATP translocase 3 [Eptesicus fuscus]	29078
XP_036189517.1	XP_054576220	25.871	201	301	298	98	3.81e-11	67.8	ADP/ATP translocase 3 [Eptesicus fuscus]	29078
XP_036189517.1	XP_016077347	30.116	259	301	361	79	3.70e-13	74.3	PREDICTED: phosphate carrier protein, mitochondrial isoform X1 [Miniopterus natalensis]	291302
XP_036189517.1	XP_053767316	21.875	288	301	370	94	3.75e-13	74.3	mitochondrial carrier protein SCaMC-3L [Desmodus rotundus]	9430
XP_036189517.1	XP_037021224	21.875	288	301	378	94	3.83e-13	74.3	mitochondrial carrier protein SCaMC-3L [Artibeus jamaicensis]	9417
XP_036189517.1	XP_036313539	25.850	294	301	307	93	3.83e-13	73.9	peroxisomal membrane protein PMP34 [Pipistrellus kuhlii]	59472
XP_036189517.1	XP_080983433	30.116	259	301	361	79	3.85e-13	74.3	solute carrier family 25 member 3 isoform 1 [Miniopterus schreibersii]	9433
XP_036189517.1	XP_080983432	30.116	259	301	361	79	3.85e-13	74.3	solute carrier family 25 member 3 isoform 1 [Miniopterus schreibersii]	9433
XP_036189517.1	XP_014319029	24.648	284	301	314	88	3.88e-13	73.9	solute carrier family 25 member 44 isoform X1 [Myotis lucifugus]	59463
XP_036189517.1	XP_036125348	25.789	190	301	280	61	3.89e-13	73.6	mitochondrial thiamine pyrophosphate carrier isoform X2 [Molossus molossus]	27622
XP_036189517.1	XP_023617309	24.648	284	301	313	88	4.12e-13	73.9	solute carrier family 25 member 44 isoform X2 [Myotis lucifugus]	59463
XP_036189517.1	XP_059519013	28.623	276	301	274	91	4.16e-13	73.2	mitochondrial S-adenosylmethionine carrier protein isoform X1 [Myotis daubentonii]	98922
XP_036189517.1	XP_005860857	28.623	276	301	274	91	4.16e-13	73.2	PREDICTED: S-adenosylmethionine mitochondrial carrier protein isoform X1 [Myotis brandtii]	109478
XP_036189517.1	XP_006089079	28.623	276	301	274	91	4.16e-13	73.2	S-adenosylmethionine mitochondrial carrier protein isoform X1 [Myotis lucifugus]	59463
XP_036189517.1	XP_019521525	28.159	277	301	300	86	4.22e-13	73.6	PREDICTED: solute carrier family 25 member 35 isoform X2 [Hipposideros armiger]	186990
XP_036189517.1	XP_032946751	28.044	271	301	300	86	4.22e-13	73.6	solute carrier family 25 member 35 isoform X1 [Rhinolophus ferrumequinum]	59479
XP_036189517.1	XP_080961574	28.623	276	301	274	91	4.28e-13	73.2	mitochondrial S-adenosylmethionine carrier protein isoform 1 [Myotis nattereri]	109481
XP_036189517.1	XP_036096998	24.503	302	301	318	96	4.46e-13	73.9	mitochondrial coenzyme A transporter SLC25A42 [Molossus molossus]	27622
XP_036189517.1	XP_036096997	24.503	302	301	318	96	4.46e-13	73.9	mitochondrial coenzyme A transporter SLC25A42 [Molossus molossus]	27622
XP_036189517.1	XP_045687297	25.439	228	301	434	86	4.48e-13	74.3	calcium-binding mitochondrial carrier protein SCaMC-3 isoform X2 [Phyllostomus hastatus]	9423
XP_036189517.1	XP_045687297	28.125	160	301	434	86	5.25e-11	68.2	calcium-binding mitochondrial carrier protein SCaMC-3 isoform X2 [Phyllostomus hastatus]	9423
XP_036189517.1	XP_080504420	24.648	284	301	308	88	4.51e-13	73.6	solute carrier family 25 member 44-like [Plecotus auritus]	61862
XP_036189517.1	XP_024422538	25.430	291	301	298	91	4.52e-13	73.6	ADP/ATP translocase 2 [Desmodus rotundus]	9430
XP_036189517.1	XP_037019997	25.430	291	301	298	91	4.52e-13	73.6	ADP/ATP translocase 2 [Artibeus jamaicensis]	9417
XP_036189517.1	XP_045673504	25.430	291	301	298	91	4.52e-13	73.6	ADP/ATP translocase 2 [Phyllostomus hastatus]	9423
XP_036189517.1	XP_028378359	25.430	291	301	298	91	4.52e-13	73.6	ADP/ATP translocase 2 [Phyllostomus discolor]	89673
XP_036189517.1	XP_035869506	34.400	125	301	294	42	4.60e-13	73.6	solute carrier family 25 member 48 isoform X6 [Phyllostomus discolor]	89673
XP_036189517.1	XP_053524143	25.086	291	301	318	95	4.64e-13	73.6	mitochondrial coenzyme A transporter SLC25A42 isoform X2 [Artibeus jamaicensis]	9417
XP_036189517.1	XP_036998024	25.086	291	301	318	95	4.64e-13	73.6	mitochondrial coenzyme A transporter SLC25A42 isoform X2 [Artibeus jamaicensis]	9417
XP_036189517.1	XP_015455292	25.352	213	301	294	65	4.78e-13	73.6	ADP/ATP translocase 3-like [Pteropus alecto]	9402
XP_036189517.1	XP_036121985	28.520	277	301	274	91	4.81e-13	73.2	S-adenosylmethionine mitochondrial carrier protein isoform X2 [Molossus molossus]	27622
XP_036189517.1	XP_054436316	25.430	291	301	298	91	4.88e-13	73.6	ADP/ATP translocase 2 [Pteronotus mesoamericanus]	1884717
XP_036189517.1	XP_079629504	21.875	288	301	372	94	4.97e-13	73.9	mitochondrial carrier protein SCaMC-3L [Cnephaeus nilssonii]	3371016
XP_036189517.1	XP_016053916	30.412	194	301	196	62	5.25e-13	71.6	PREDICTED: mitochondrial 2-oxodicarboxylate carrier [Miniopterus natalensis]	291302
XP_036189517.1	XP_035888170	25.439	228	301	425	86	5.26e-13	74.3	calcium-binding mitochondrial carrier protein SCaMC-3 isoform X5 [Phyllostomus discolor]	89673
XP_036189517.1	XP_035888170	28.125	160	301	425	86	5.44e-11	68.2	calcium-binding mitochondrial carrier protein SCaMC-3 isoform X5 [Phyllostomus discolor]	89673
XP_036189517.1	XP_036994889	24.912	285	301	364	92	5.29e-13	73.9	mitoferrin-2 isoform X1 [Artibeus jamaicensis]	9417
XP_036189517.1	XP_024435151	30.472	233	301	361	72	5.31e-13	73.9	solute carrier family 25 member 3 isoform X2 [Desmodus rotundus]	9430
XP_036189517.1	XP_080886322	26.042	288	301	315	92	5.32e-13	73.6	mitochondrial 2-oxoglutarate/malate carrier protein isoform 1 [Rhinolophus hipposideros]	77218
XP_036189517.1	XP_036123780	26.042	288	301	314	92	5.38e-13	73.6	mitochondrial 2-oxoglutarate/malate carrier protein isoform X1 [Molossus molossus]	27622
XP_036189517.1	XP_080977300	24.912	285	301	314	88	5.76e-13	73.6	solute carrier family 25 member 44 isoform 1 [Miniopterus schreibersii]	9433
XP_036189517.1	XP_080977299	24.912	285	301	314	88	5.76e-13	73.6	solute carrier family 25 member 44 isoform 1 [Miniopterus schreibersii]	9433
XP_036189517.1	XP_045042891	30.472	233	301	362	72	5.81e-13	73.9	solute carrier family 25 member 3 isoform X1 [Desmodus rotundus]	9430
XP_036189517.1	XP_045042890	30.472	233	301	362	72	5.81e-13	73.9	solute carrier family 25 member 3 isoform X1 [Desmodus rotundus]	9430
XP_036189517.1	XP_045042889	30.472	233	301	362	72	5.81e-13	73.9	solute carrier family 25 member 3 isoform X1 [Desmodus rotundus]	9430
XP_036189517.1	XP_016056481	26.042	288	301	314	92	6.10e-13	73.2	PREDICTED: mitochondrial 2-oxoglutarate/malate carrier protein isoform X1 [Miniopterus natalensis]	291302
XP_036189517.1	XP_080530608	21.875	288	301	372	94	6.30e-13	73.9	mitochondrial carrier protein SCaMC-3L [Plecotus auritus]	61862
XP_036189517.1	XP_036121218	29.949	197	301	198	60	6.38e-13	71.2	graves disease carrier protein [Molossus molossus]	27622
XP_036189517.1	XP_023393595	29.353	201	301	234	61	6.39e-13	72.0	graves disease carrier protein isoform X3 [Pteropus vampyrus]	132908
XP_036189517.1	XP_045682548	30.888	259	301	361	79	6.59e-13	73.6	phosphate carrier protein, mitochondrial isoform X2 [Phyllostomus hastatus]	9423
XP_036189517.1	XP_032946475	26.042	288	301	315	92	6.64e-13	73.2	mitochondrial 2-oxoglutarate/malate carrier protein [Rhinolophus ferrumequinum]	59479
XP_036189517.1	XP_019570684	26.042	288	301	315	92	6.64e-13	73.2	mitochondrial 2-oxoglutarate/malate carrier protein [Rhinolophus sinicus]	89399
XP_036189517.1	XP_039727901	29.353	201	301	234	61	6.64e-13	72.0	solute carrier family 25 member 16 isoform X3 [Pteropus medius]	143291
XP_036189517.1	XP_016058744	26.596	188	301	323	62	6.75e-13	73.2	PREDICTED: ADP/ATP translocase 4 [Miniopterus natalensis]	291302
XP_036189517.1	XP_080503619	24.648	284	301	314	88	6.77e-13	73.2	solute carrier family 25 member 44 isoform 1 [Plecotus auritus]	61862
XP_036189517.1	XP_005867633	24.648	284	301	319	88	7.20e-13	73.2	PREDICTED: solute carrier family 25 member 44 isoform X2 [Myotis brandtii]	109478
XP_036189517.1	XP_080992236	26.596	188	301	323	62	7.22e-13	73.2	ADP/ATP translocase 4 [Miniopterus schreibersii]	9433
XP_036189517.1	XP_005867634	24.648	284	301	314	88	7.38e-13	73.2	PREDICTED: solute carrier family 25 member 44 isoform X1 [Myotis brandtii]	109478
XP_036189517.1	XP_014396324	24.648	284	301	314	88	7.38e-13	73.2	PREDICTED: solute carrier family 25 member 44 isoform X1 [Myotis brandtii]	109478
XP_036189517.1	XP_015413775	23.585	318	301	389	91	7.41e-13	73.6	PREDICTED: solute carrier family 25 member 40 isoform X1 [Myotis davidii]	225400
XP_036189517.1	XP_015413773	23.585	318	301	389	91	7.41e-13	73.6	PREDICTED: solute carrier family 25 member 40 isoform X1 [Myotis davidii]	225400
XP_036189517.1	XP_015413772	23.585	318	301	389	91	7.41e-13	73.6	PREDICTED: solute carrier family 25 member 40 isoform X1 [Myotis davidii]	225400
XP_036189517.1	XP_015413771	23.585	318	301	389	91	7.41e-13	73.6	PREDICTED: solute carrier family 25 member 40 isoform X1 [Myotis davidii]	225400
XP_036189517.1	XP_019520438	26.042	288	301	314	92	7.46e-13	73.2	PREDICTED: mitochondrial 2-oxoglutarate/malate carrier protein [Hipposideros armiger]	186990
XP_036189517.1	XP_019520437	26.042	288	301	314	92	7.46e-13	73.2	PREDICTED: mitochondrial 2-oxoglutarate/malate carrier protein [Hipposideros armiger]	186990
XP_036189517.1	XP_019501574	29.897	194	301	275	60	7.47e-13	72.8	PREDICTED: solute carrier family 25 member 36 isoform X5 [Hipposideros armiger]	186990
XP_036189517.1	XP_019501572	30.058	173	301	309	96	7.49e-13	73.2	PREDICTED: solute carrier family 25 member 36 isoform X3 [Hipposideros armiger]	186990
XP_036189517.1	XP_019501572	26.238	202	301	309	96	1.73e-11	68.9	PREDICTED: solute carrier family 25 member 36 isoform X3 [Hipposideros armiger]	186990
XP_036189517.1	XP_027994133	27.491	291	301	313	87	7.54e-13	73.2	mitochondrial glutamate carrier 2 isoform X2 [Eptesicus fuscus]	29078
XP_036189517.1	XP_036094625	31.696	224	301	270	72	7.54e-13	72.4	mitochondrial 2-oxodicarboxylate carrier isoform X6 [Rousettus aegyptiacus]	9407
XP_036189517.1	XP_054434897	25.086	291	301	318	95	7.56e-13	73.2	mitochondrial coenzyme A transporter SLC25A42 [Pteronotus mesoamericanus]	1884717
XP_036189517.1	XP_015446986	31.760	233	301	362	72	7.71e-13	73.6	phosphate carrier protein, mitochondrial isoform X2 [Pteropus alecto]	9402
XP_036189517.1	XP_006911819	23.368	291	301	339	94	7.73e-13	73.2	mitoferrin-1 isoform X1 [Pteropus alecto]	9402
XP_036189517.1	XP_016000759	20.557	287	301	368	94	7.89e-13	73.6	solute carrier family 25 member 41 [Rousettus aegyptiacus]	9407
XP_036189517.1	XP_016010202	27.306	271	301	300	86	7.90e-13	72.8	solute carrier family 25 member 35 isoform X1 [Rousettus aegyptiacus]	9407
XP_036189517.1	XP_006101174	24.573	293	301	381	94	8.08e-13	73.6	solute carrier family 25 member 41 [Myotis lucifugus]	59463
XP_036189517.1	XP_070288977	29.949	197	301	198	60	8.35e-13	71.2	solute carrier family 25 member 16 isoform X3 [Myotis yumanensis]	159337
XP_036189517.1	XP_059518517	29.949	197	301	198	60	8.35e-13	71.2	solute carrier family 25 member 16 isoform X4 [Myotis daubentonii]	98922
XP_036189517.1	XP_028007236	29.949	197	301	198	60	8.35e-13	71.2	solute carrier family 25 member 16 isoform X3 [Eptesicus fuscus]	29078
XP_036189517.1	XP_036192805	29.949	197	301	198	60	8.35e-13	71.2	graves disease carrier protein isoform X3 [Myotis myotis]	51298
XP_036189517.1	XP_081014514	29.949	197	301	198	60	8.35e-13	71.2	solute carrier family 25 member 16 isoform 3 [Miniopterus schreibersii]	9433
XP_036189517.1	XP_066106045	25.818	275	301	334	89	8.53e-13	73.2	brain mitochondrial carrier protein 1 isoform X2 [Saccopteryx bilineata]	59482
XP_036189517.1	XP_066106044	25.818	275	301	334	89	8.53e-13	73.2	brain mitochondrial carrier protein 1 isoform X2 [Saccopteryx bilineata]	59482
XP_036189517.1	XP_011377280	23.368	291	301	338	94	8.94e-13	73.2	mitoferrin-1 isoform X1 [Pteropus vampyrus]	132908
XP_036189517.1	XP_039724073	23.368	291	301	338	94	8.94e-13	73.2	mitoferrin-1 isoform X1 [Pteropus medius]	143291
XP_036189517.1	XP_080538411	25.753	299	301	314	95	8.94e-13	72.8	mitochondrial 2-oxoglutarate/malate carrier protein [Plecotus auritus]	61862
XP_036189517.1	XP_053522253	24.912	285	301	318	88	9.42e-13	72.8	solute carrier family 25 member 44 isoform X3 [Artibeus jamaicensis]	9417
XP_036189517.1	XP_053522251	24.912	285	301	318	88	9.42e-13	72.8	solute carrier family 25 member 44 isoform X3 [Artibeus jamaicensis]	9417
XP_036189517.1	XP_036988484	24.912	285	301	318	88	9.42e-13	72.8	solute carrier family 25 member 44 isoform X3 [Artibeus jamaicensis]	9417
XP_036189517.1	XP_053522250	24.912	285	301	318	88	9.42e-13	72.8	solute carrier family 25 member 44 isoform X3 [Artibeus jamaicensis]	9417
XP_036189517.1	XP_053522249	24.912	285	301	318	88	9.42e-13	72.8	solute carrier family 25 member 44 isoform X3 [Artibeus jamaicensis]	9417
XP_036189517.1	XP_053522248	24.912	285	301	318	88	9.42e-13	72.8	solute carrier family 25 member 44 isoform X3 [Artibeus jamaicensis]	9417
XP_036189517.1	XP_005859507	24.828	290	301	297	91	9.58e-13	72.4	PREDICTED: LOW QUALITY PROTEIN: ADP/ATP translocase 2 [Myotis brandtii]	109478
XP_036189517.1	XP_045439255	24.296	284	301	314	88	9.84e-13	72.8	solute carrier family 25 member 44 isoform X1 [Pipistrellus kuhlii]	59472
XP_036189517.1	XP_036298294	24.296	284	301	314	88	9.84e-13	72.8	solute carrier family 25 member 44 isoform X1 [Pipistrellus kuhlii]	59472
XP_036189517.1	XP_066213239	25.818	275	301	334	89	1.01e-12	72.8	brain mitochondrial carrier protein 1 isoform X2 [Saccopteryx leptura]	249018
XP_036189517.1	XP_053522246	24.912	285	301	314	88	1.01e-12	72.8	solute carrier family 25 member 44 isoform X1 [Artibeus jamaicensis]	9417
XP_036189517.1	XP_080917411	30.472	233	301	362	72	1.07e-12	73.2	solute carrier family 25 member 3 isoform 1 [Rhinolophus hipposideros]	77218
XP_036189517.1	XP_080917410	30.472	233	301	362	72	1.07e-12	73.2	solute carrier family 25 member 3 isoform 1 [Rhinolophus hipposideros]	77218
XP_036189517.1	XP_080917409	30.472	233	301	362	72	1.07e-12	73.2	solute carrier family 25 member 3 isoform 1 [Rhinolophus hipposideros]	77218
XP_036189517.1	XP_080917408	30.472	233	301	362	72	1.07e-12	73.2	solute carrier family 25 member 3 isoform 1 [Rhinolophus hipposideros]	77218
XP_036189517.1	XP_059554423	30.047	213	301	267	63	1.11e-12	72.0	solute carrier family 25 member 48 isoform X4 [Myotis daubentonii]	98922
XP_036189517.1	XP_074182290	30.472	233	301	362	72	1.11e-12	73.2	solute carrier family 25 member 3 isoform X1 [Rhinolophus sinicus]	89399
XP_036189517.1	XP_019587694	30.472	233	301	362	72	1.11e-12	73.2	solute carrier family 25 member 3 isoform X1 [Rhinolophus sinicus]	89399
XP_036189517.1	XP_019587693	30.472	233	301	362	72	1.11e-12	73.2	solute carrier family 25 member 3 isoform X1 [Rhinolophus sinicus]	89399
XP_036189517.1	XP_016013729	31.760	233	301	362	72	1.12e-12	72.8	phosphate carrier protein, mitochondrial isoform X1 [Rousettus aegyptiacus]	9407
XP_036189517.1	XP_066100994	27.895	190	301	237	62	1.22e-12	71.2	mitochondrial glycine transporter isoform X4 [Saccopteryx bilineata]	59482
XP_036189517.1	XP_054567995	25.000	284	301	465	88	1.22e-12	73.2	solute carrier family 25 member 44 isoform X2 [Eptesicus fuscus]	29078
XP_036189517.1	XP_054567992	25.000	284	301	465	88	1.22e-12	73.2	solute carrier family 25 member 44 isoform X2 [Eptesicus fuscus]	29078
XP_036189517.1	XP_054567991	25.000	284	301	471	88	1.22e-12	73.2	solute carrier family 25 member 44 isoform X1 [Eptesicus fuscus]	29078
XP_036189517.1	XP_054438399	25.850	294	301	307	93	1.25e-12	72.4	peroxisomal membrane protein PMP34 [Pteronotus mesoamericanus]	1884717
XP_036189517.1	XP_032989700	21.603	287	301	293	94	1.27e-12	72.0	mitochondrial carrier protein SCaMC-3L isoform X1 [Rhinolophus ferrumequinum]	59479
XP_036189517.1	XP_006101175	25.877	228	301	435	75	1.33e-12	73.2	calcium-binding mitochondrial carrier protein SCaMC-3 isoform X1 [Myotis lucifugus]	59463
XP_036189517.1	XP_016003595	26.396	197	301	321	92	1.35e-12	72.4	ADP/ATP translocase 4 [Rousettus aegyptiacus]	9407
XP_036189517.1	XP_016003595	26.531	196	301	321	92	1.66e-11	69.3	ADP/ATP translocase 4 [Rousettus aegyptiacus]	9407
XP_036189517.1	XP_036985863	26.396	197	301	323	92	1.39e-12	72.4	ADP/ATP translocase 4 [Artibeus jamaicensis]	9417
XP_036189517.1	XP_036985863	26.042	192	301	323	92	9.26e-11	67.0	ADP/ATP translocase 4 [Artibeus jamaicensis]	9417
XP_036189517.1	XP_023609807	28.467	274	301	264	90	1.43e-12	71.6	S-adenosylmethionine mitochondrial carrier protein isoform X2 [Myotis lucifugus]	59463
XP_036189517.1	XP_023609806	28.467	274	301	264	90	1.43e-12	71.6	S-adenosylmethionine mitochondrial carrier protein isoform X2 [Myotis lucifugus]	59463
XP_036189517.1	XP_028387739	31.330	233	301	361	72	1.48e-12	72.8	phosphate carrier protein, mitochondrial isoform X2 [Phyllostomus discolor]	89673
XP_036189517.1	XP_028387738	31.330	233	301	361	72	1.48e-12	72.8	phosphate carrier protein, mitochondrial isoform X2 [Phyllostomus discolor]	89673
XP_036189517.1	XP_008154934	25.694	288	301	314	92	1.49e-12	72.4	mitochondrial 2-oxoglutarate/malate carrier protein [Eptesicus fuscus]	29078
XP_036189517.1	XP_079654062	25.694	288	301	314	92	1.49e-12	72.4	mitochondrial 2-oxoglutarate/malate carrier protein [Cnephaeus nilssonii]	3371016
XP_036189517.1	XP_036884637	25.086	291	301	318	95	1.49e-12	72.4	mitochondrial coenzyme A transporter SLC25A42 isoform X1 [Sturnira hondurensis]	192404
XP_036189517.1	XP_036884636	25.086	291	301	318	95	1.49e-12	72.4	mitochondrial coenzyme A transporter SLC25A42 isoform X1 [Sturnira hondurensis]	192404
XP_036189517.1	XP_019497241	30.901	233	301	362	72	1.49e-12	72.8	PREDICTED: phosphate carrier protein, mitochondrial isoform X1 [Hipposideros armiger]	186990
XP_036189517.1	XP_054575671	29.310	290	301	314	87	1.51e-12	72.0	mitochondrial glutamate carrier 2 isoform X1 [Eptesicus fuscus]	29078
XP_036189517.1	XP_036914109	26.531	196	301	323	92	1.52e-12	72.4	ADP/ATP translocase 4 [Sturnira hondurensis]	192404
XP_036189517.1	XP_036914109	25.871	201	301	323	92	2.13e-11	68.9	ADP/ATP translocase 4 [Sturnira hondurensis]	192404
XP_036189517.1	XP_045684270	25.263	285	301	298	89	1.52e-12	72.0	ADP/ATP translocase 3-like [Phyllostomus hastatus]	9423
XP_036189517.1	XP_005883910	24.399	291	301	298	91	1.56e-12	72.0	PREDICTED: ADP/ATP translocase 1 [Myotis brandtii]	109478
XP_036189517.1	XP_080883949	28.044	271	301	300	86	1.58e-12	72.0	solute carrier family 25 member 35 isoform 1 [Rhinolophus hipposideros]	77218
XP_036189517.1	XP_080883948	28.044	271	301	300	86	1.58e-12	72.0	solute carrier family 25 member 35 isoform 1 [Rhinolophus hipposideros]	77218
XP_036189517.1	XP_032944028	27.143	210	301	298	69	1.60e-12	72.0	probable mitochondrial glutathione transporter SLC25A40 isoform X5 [Rhinolophus ferrumequinum]	59479
XP_036189517.1	XP_032944027	27.143	210	301	298	69	1.60e-12	72.0	probable mitochondrial glutathione transporter SLC25A40 isoform X5 [Rhinolophus ferrumequinum]	59479
XP_036189517.1	XP_032944026	27.143	210	301	298	69	1.60e-12	72.0	probable mitochondrial glutathione transporter SLC25A40 isoform X5 [Rhinolophus ferrumequinum]	59479
XP_036189517.1	XP_045434907	29.825	228	301	234	76	1.71e-12	70.9	S-adenosylmethionine mitochondrial carrier protein isoform X4 [Pipistrellus kuhlii]	59472
XP_036189517.1	XP_011384849	31.330	233	301	362	72	1.72e-12	72.4	phosphate carrier protein, mitochondrial isoform X2 [Pteropus vampyrus]	132908
XP_036189517.1	XP_006917821	26.396	197	301	321	92	1.78e-12	72.0	ADP/ATP translocase 4 [Pteropus alecto]	9402
XP_036189517.1	XP_006917821	26.562	192	301	321	92	2.16e-11	68.9	ADP/ATP translocase 4 [Pteropus alecto]	9402
XP_036189517.1	XP_011360433	26.396	197	301	321	92	1.78e-12	72.0	ADP/ATP translocase 4 [Pteropus vampyrus]	132908
XP_036189517.1	XP_011360433	26.562	192	301	321	92	2.16e-11	68.9	ADP/ATP translocase 4 [Pteropus vampyrus]	132908
XP_036189517.1	XP_039735507	26.396	197	301	321	92	1.78e-12	72.0	ADP/ATP translocase 4 [Pteropus medius]	143291
XP_036189517.1	XP_039735507	26.562	192	301	321	92	2.16e-11	68.9	ADP/ATP translocase 4 [Pteropus medius]	143291
XP_036189517.1	XP_080514877	29.412	289	301	313	87	1.78e-12	72.0	mitochondrial glutamate carrier 2 isoform 2 [Plecotus auritus]	61862
XP_036189517.1	XP_080514876	29.412	289	301	313	87	1.78e-12	72.0	mitochondrial glutamate carrier 2 isoform 2 [Plecotus auritus]	61862
XP_036189517.1	XP_016066815	25.342	292	301	296	91	1.79e-12	71.6	PREDICTED: ADP/ATP translocase 1 [Miniopterus natalensis]	291302
XP_036189517.1	XP_053522247	24.912	285	301	339	88	1.80e-12	72.0	solute carrier family 25 member 44 isoform X2 [Artibeus jamaicensis]	9417
XP_036189517.1	XP_066219429	25.694	288	301	325	92	1.90e-12	72.0	mitochondrial 2-oxoglutarate/malate carrier protein [Saccopteryx leptura]	249018
XP_036189517.1	XP_066219428	25.694	288	301	325	92	1.90e-12	72.0	mitochondrial 2-oxoglutarate/malate carrier protein [Saccopteryx leptura]	249018
XP_036189517.1	XP_066118967	25.694	288	301	326	92	1.92e-12	72.0	mitochondrial 2-oxoglutarate/malate carrier protein [Saccopteryx bilineata]	59482
XP_036189517.1	XP_066118966	25.694	288	301	326	92	1.92e-12	72.0	mitochondrial 2-oxoglutarate/malate carrier protein [Saccopteryx bilineata]	59482
XP_036189517.1	XP_036308337	25.347	288	301	314	92	1.92e-12	72.0	mitochondrial 2-oxoglutarate/malate carrier protein [Pipistrellus kuhlii]	59472
XP_036189517.1	XP_036922139	25.694	288	301	314	92	2.02e-12	72.0	mitochondrial 2-oxoglutarate/malate carrier protein [Sturnira hondurensis]	192404
XP_036189517.1	XP_070252353	23.944	284	301	314	88	2.04e-12	71.6	solute carrier family 25 member 44 [Myotis yumanensis]	159337
XP_036189517.1	XP_070251593	25.694	288	301	314	92	2.08e-12	71.6	mitochondrial 2-oxoglutarate/malate carrier protein [Myotis yumanensis]	159337
XP_036189517.1	XP_059524941	25.694	288	301	314	92	2.08e-12	71.6	mitochondrial 2-oxoglutarate/malate carrier protein [Myotis daubentonii]	98922
XP_036189517.1	XP_036197030	25.694	288	301	314	92	2.08e-12	71.6	mitochondrial 2-oxoglutarate/malate carrier protein [Myotis myotis]	51298
XP_036189517.1	XP_006102821	25.694	288	301	314	92	2.08e-12	71.6	mitochondrial 2-oxoglutarate/malate carrier protein [Myotis lucifugus]	59463
XP_036189517.1	XP_080965159	25.694	288	301	314	92	2.08e-12	71.6	mitochondrial 2-oxoglutarate/malate carrier protein [Myotis nattereri]	109481
XP_036189517.1	XP_023604175	25.556	270	301	291	87	2.15e-12	71.6	kidney mitochondrial carrier protein 1 isoform X2 [Myotis lucifugus]	59463
XP_036189517.1	XP_023604172	25.556	270	301	291	87	2.15e-12	71.6	kidney mitochondrial carrier protein 1 isoform X2 [Myotis lucifugus]	59463
XP_036189517.1	XP_023604166	25.556	270	301	291	87	2.15e-12	71.6	kidney mitochondrial carrier protein 1 isoform X2 [Myotis lucifugus]	59463
XP_036189517.1	XP_023604162	25.556	270	301	291	87	2.15e-12	71.6	kidney mitochondrial carrier protein 1 isoform X2 [Myotis lucifugus]	59463
XP_036189517.1	XP_006083590	25.556	270	301	291	87	2.15e-12	71.6	kidney mitochondrial carrier protein 1 isoform X2 [Myotis lucifugus]	59463
XP_036189517.1	XP_081018436	25.694	288	301	314	92	2.18e-12	71.6	mitochondrial 2-oxoglutarate/malate carrier protein isoform 1 [Miniopterus schreibersii]	9433
XP_036189517.1	XP_016077348	29.658	263	301	362	81	2.20e-12	72.0	PREDICTED: phosphate carrier protein, mitochondrial isoform X2 [Miniopterus natalensis]	291302
XP_036189517.1	XP_045714266	27.740	292	301	335	90	2.24e-12	72.0	phosphate carrier protein, mitochondrial-like [Phyllostomus hastatus]	9423
XP_036189517.1	XP_053767476	26.455	189	301	323	92	2.33e-12	71.6	ADP/ATP translocase 4 [Desmodus rotundus]	9430
XP_036189517.1	XP_053767476	26.042	192	301	323	92	9.70e-11	67.0	ADP/ATP translocase 4 [Desmodus rotundus]	9430
XP_036189517.1	XP_080514875	29.310	290	301	314	87	2.35e-12	71.6	mitochondrial glutamate carrier 2 isoform 1 [Plecotus auritus]	61862
XP_036189517.1	XP_080514874	29.310	290	301	314	87	2.35e-12	71.6	mitochondrial glutamate carrier 2 isoform 1 [Plecotus auritus]	61862
XP_036189517.1	XP_080983434	29.658	263	301	362	81	2.41e-12	72.0	solute carrier family 25 member 3 isoform 2 [Miniopterus schreibersii]	9433
XP_036189517.1	XP_006904204	20.906	287	301	368	94	2.42e-12	72.0	solute carrier family 25 member 41 [Pteropus alecto]	9402
XP_036189517.1	XP_024425386	26.923	234	301	240	76	2.42e-12	70.5	kidney mitochondrial carrier protein 1 isoform X3 [Desmodus rotundus]	9430
XP_036189517.1	XP_036199648	24.296	284	301	314	88	2.44e-12	71.6	solute carrier family 25 member 44 isoform X1 [Myotis myotis]	51298
XP_036189517.1	XP_016014424	27.070	314	301	318	94	2.52e-12	71.6	mitochondrial uncoupling protein 4 isoform X4 [Rousettus aegyptiacus]	9407
XP_036189517.1	XP_037000130	25.694	288	301	314	92	2.56e-12	71.6	mitochondrial 2-oxoglutarate/malate carrier protein [Artibeus jamaicensis]	9417
XP_036189517.1	XP_045687589	26.455	189	301	323	86	2.59e-12	71.6	ADP/ATP translocase 4 [Phyllostomus hastatus]	9423
XP_036189517.1	XP_045687589	27.429	175	301	323	86	4.90e-12	70.9	ADP/ATP translocase 4 [Phyllostomus hastatus]	9423
XP_036189517.1	XP_024420969	25.694	288	301	314	92	2.66e-12	71.6	mitochondrial 2-oxoglutarate/malate carrier protein isoform X1 [Desmodus rotundus]	9430
XP_036189517.1	XP_054431792	25.694	288	301	314	92	2.66e-12	71.6	mitochondrial 2-oxoglutarate/malate carrier protein [Pteronotus mesoamericanus]	1884717
XP_036189517.1	XP_045680224	25.694	288	301	314	92	2.66e-12	71.6	mitochondrial 2-oxoglutarate/malate carrier protein [Phyllostomus hastatus]	9423
XP_036189517.1	XP_028389959	25.694	288	301	314	92	2.66e-12	71.6	mitochondrial 2-oxoglutarate/malate carrier protein [Phyllostomus discolor]	89673
XP_036189517.1	XP_080517567	30.472	233	301	362	72	2.75e-12	72.0	solute carrier family 25 member 3 isoform 2 [Plecotus auritus]	61862
XP_036189517.1	XP_036108570	31.330	233	301	361	72	2.79e-12	71.6	phosphate carrier protein, mitochondrial isoform X2 [Molossus molossus]	27622
XP_036189517.1	XP_006771958	25.694	288	301	314	92	2.82e-12	71.2	PREDICTED: mitochondrial 2-oxoglutarate/malate carrier protein [Myotis davidii]	225400
XP_036189517.1	XP_005882623	25.694	288	301	314	92	2.82e-12	71.2	PREDICTED: mitochondrial 2-oxoglutarate/malate carrier protein [Myotis brandtii]	109478
XP_036189517.1	XP_059531556	24.296	284	301	314	88	2.84e-12	71.2	solute carrier family 25 member 44 [Myotis daubentonii]	98922
XP_036189517.1	XP_080530504	30.472	233	301	361	72	2.90e-12	71.6	solute carrier family 25 member 3-like [Plecotus auritus]	61862
XP_036189517.1	XP_011358020	25.753	299	301	314	95	2.98e-12	71.2	mitochondrial 2-oxoglutarate/malate carrier protein [Pteropus vampyrus]	132908
XP_036189517.1	XP_039725597	25.753	299	301	314	95	2.98e-12	71.2	mitochondrial 2-oxoglutarate/malate carrier protein [Pteropus medius]	143291
XP_036189517.1	XP_015997014	23.024	291	301	338	94	3.04e-12	71.6	mitoferrin-1 isoform X1 [Rousettus aegyptiacus]	9407
XP_036189517.1	XP_006083588	25.556	270	301	313	87	3.07e-12	71.2	kidney mitochondrial carrier protein 1 isoform X1 [Myotis lucifugus]	59463
XP_036189517.1	XP_054417889	28.402	169	301	323	92	3.10e-12	71.2	ADP/ATP translocase 4 [Pteronotus mesoamericanus]	1884717
XP_036189517.1	XP_054417889	26.042	192	301	323	92	3.32e-11	68.6	ADP/ATP translocase 4 [Pteronotus mesoamericanus]	1884717
XP_036189517.1	XP_008143002	31.760	233	301	362	72	3.11e-12	71.6	phosphate carrier protein, mitochondrial isoform X1 [Eptesicus fuscus]	29078
XP_036189517.1	XP_019600765	27.675	271	301	300	86	3.24e-12	71.2	solute carrier family 25 member 35 isoform X1 [Rhinolophus sinicus]	89399
XP_036189517.1	XP_019600764	27.675	271	301	300	86	3.24e-12	71.2	solute carrier family 25 member 35 isoform X1 [Rhinolophus sinicus]	89399
XP_036189517.1	XP_074194792	26.455	189	301	307	62	3.41e-12	71.2	ADP/ATP translocase 4 isoform X2 [Rhinolophus sinicus]	89399
XP_036189517.1	XP_015413780	24.561	285	301	293	82	3.44e-12	70.9	PREDICTED: solute carrier family 25 member 40 isoform X7 [Myotis davidii]	225400
XP_036189517.1	XP_015987880	24.399	291	301	365	95	3.47e-12	71.6	mitochondrial coenzyme A transporter SLC25A42 isoform X1 [Rousettus aegyptiacus]	9407
XP_036189517.1	XP_036108569	31.224	237	301	362	74	3.48e-12	71.6	phosphate carrier protein, mitochondrial isoform X1 [Molossus molossus]	27622
XP_036189517.1	XP_036108568	31.224	237	301	362	74	3.48e-12	71.6	phosphate carrier protein, mitochondrial isoform X1 [Molossus molossus]	27622
XP_036189517.1	XP_070270000	23.024	291	301	372	94	3.76e-12	71.6	mitochondrial carrier protein SCaMC-3L [Myotis yumanensis]	159337
XP_036189517.1	XP_036314856	30.472	233	301	362	72	3.83e-12	71.2	phosphate carrier protein, mitochondrial isoform X1 [Pipistrellus kuhlii]	59472
XP_036189517.1	XP_036314857	30.472	233	301	362	72	3.83e-12	71.2	phosphate carrier protein, mitochondrial isoform X1 [Pipistrellus kuhlii]	59472
XP_036189517.1	XP_036314855	30.472	233	301	362	72	3.83e-12	71.2	phosphate carrier protein, mitochondrial isoform X1 [Pipistrellus kuhlii]	59472
XP_036189517.1	XP_037017962	27.397	292	301	334	90	3.90e-12	71.2	phosphate carrier protein, mitochondrial-like [Artibeus jamaicensis]	9417
XP_036189517.1	XP_080968390	24.296	284	301	343	88	3.93e-12	71.2	solute carrier family 25 member 44 isoform 2 [Myotis nattereri]	109481
XP_036189517.1	XP_059537901	30.472	233	301	362	72	3.94e-12	71.2	solute carrier family 25 member 3 isoform X1 [Myotis daubentonii]	98922
XP_036189517.1	XP_059537900	30.472	233	301	362	72	3.94e-12	71.2	solute carrier family 25 member 3 isoform X1 [Myotis daubentonii]	98922
XP_036189517.1	XP_059537899	30.472	233	301	362	72	3.94e-12	71.2	solute carrier family 25 member 3 isoform X1 [Myotis daubentonii]	98922
XP_036189517.1	XP_036156450	30.472	233	301	362	72	3.94e-12	71.2	phosphate carrier protein, mitochondrial isoform X1 [Myotis myotis]	51298
XP_036189517.1	XP_036156448	30.472	233	301	362	72	3.94e-12	71.2	phosphate carrier protein, mitochondrial isoform X1 [Myotis myotis]	51298
XP_036189517.1	XP_080937028	30.472	233	301	362	72	3.94e-12	71.2	solute carrier family 25 member 3 isoform 2 [Myotis nattereri]	109481
XP_036189517.1	XP_011375463	28.947	190	301	227	60	3.99e-12	69.7	solute carrier family 25 member 39 [Pteropus vampyrus]	132908
XP_036189517.1	XP_019604602	26.455	189	301	323	92	4.01e-12	70.9	ADP/ATP translocase 4 isoform X1 [Rhinolophus sinicus]	89399
XP_036189517.1	XP_019604602	25.654	191	301	323	92	1.94e-11	68.9	ADP/ATP translocase 4 isoform X1 [Rhinolophus sinicus]	89399
XP_036189517.1	XP_015987884	24.742	291	301	318	95	4.02e-12	70.9	mitochondrial coenzyme A transporter SLC25A42 isoform X2 [Rousettus aegyptiacus]	9407
XP_036189517.1	XP_015987883	24.742	291	301	318	95	4.02e-12	70.9	mitochondrial coenzyme A transporter SLC25A42 isoform X2 [Rousettus aegyptiacus]	9407
XP_036189517.1	XP_015987882	24.742	291	301	318	95	4.02e-12	70.9	mitochondrial coenzyme A transporter SLC25A42 isoform X2 [Rousettus aegyptiacus]	9407
XP_036189517.1	XP_015987881	24.742	291	301	318	95	4.02e-12	70.9	mitochondrial coenzyme A transporter SLC25A42 isoform X2 [Rousettus aegyptiacus]	9407
XP_036189517.1	XP_080932085	26.455	189	301	322	95	4.02e-12	70.9	ADP/ATP translocase 4 [Rhinolophus hipposideros]	77218
XP_036189517.1	XP_080932085	25.654	191	301	322	95	1.39e-11	69.3	ADP/ATP translocase 4 [Rhinolophus hipposideros]	77218
XP_036189517.1	XP_080932085	23.986	296	301	322	95	6.02e-11	67.8	ADP/ATP translocase 4 [Rhinolophus hipposideros]	77218
XP_036189517.1	XP_079630156	31.760	233	301	362	72	4.05e-12	71.2	solute carrier family 25 member 3 isoform 2 [Cnephaeus nilssonii]	3371016
XP_036189517.1	XP_006922312	25.418	299	301	314	95	4.12e-12	70.9	mitochondrial 2-oxoglutarate/malate carrier protein [Pteropus alecto]	9402
XP_036189517.1	XP_045709326	24.742	291	301	318	95	4.21e-12	70.9	mitochondrial coenzyme A transporter SLC25A42 [Phyllostomus hastatus]	9423
XP_036189517.1	XP_036187519	28.261	276	301	274	91	4.22e-12	70.5	S-adenosylmethionine mitochondrial carrier protein isoform X1 [Myotis myotis]	51298
XP_036189517.1	XP_037002156	25.436	287	301	298	90	4.33e-12	70.9	ADP/ATP translocase 3-like [Artibeus jamaicensis]	9417
XP_036189517.1	XP_035871114	24.352	193	301	219	64	4.34e-12	69.3	calcium-binding mitochondrial carrier protein SCaMC-1 [Phyllostomus discolor]	89673
XP_036189517.1	XP_036302723	26.644	289	301	330	90	4.42e-12	70.9	phosphate carrier protein, mitochondrial-like [Pipistrellus kuhlii]	59472
XP_036189517.1	XP_028376380	27.811	169	301	323	92	4.72e-12	70.9	ADP/ATP translocase 4 [Phyllostomus discolor]	89673
XP_036189517.1	XP_028376380	26.562	192	301	323	92	4.85e-12	70.9	ADP/ATP translocase 4 [Phyllostomus discolor]	89673
XP_036189517.1	XP_014389488	27.778	324	301	353	87	4.89e-12	70.9	PREDICTED: mitochondrial glutamate carrier 1 [Myotis brandtii]	109478
XP_036189517.1	XP_019523077	25.175	286	301	323	86	4.90e-12	70.9	PREDICTED: mitochondrial uncoupling protein 4 isoform X2 [Hipposideros armiger]	186990
XP_036189517.1	XP_070267284	25.510	294	301	307	93	4.90e-12	70.5	peroxisomal membrane protein PMP34 [Myotis yumanensis]	159337
XP_036189517.1	XP_006098603	25.510	294	301	307	93	4.90e-12	70.5	peroxisomal membrane protein PMP34 [Myotis lucifugus]	59463
XP_036189517.1	XP_036287178	25.743	202	301	285	63	5.01e-12	70.5	solute carrier family 25 member 36 isoform X2 [Pipistrellus kuhlii]	59472
XP_036189517.1	XP_008142810	25.510	294	301	307	93	5.04e-12	70.5	peroxisomal membrane protein PMP34 [Eptesicus fuscus]	29078
XP_036189517.1	XP_079629510	25.510	294	301	307	93	5.04e-12	70.5	peroxisomal membrane protein PMP34 [Cnephaeus nilssonii]	3371016
XP_036189517.1	XP_059537460	25.510	294	301	307	93	5.14e-12	70.5	peroxisomal membrane protein PMP34 [Myotis daubentonii]	98922
XP_036189517.1	XP_005871438	25.510	294	301	307	93	5.14e-12	70.5	PREDICTED: peroxisomal membrane protein PMP34 isoform X1 [Myotis brandtii]	109478
XP_036189517.1	XP_080939333	25.510	294	301	307	93	5.14e-12	70.5	peroxisomal membrane protein PMP34 isoform 1 [Myotis nattereri]	109481
XP_036189517.1	XP_080939332	25.510	294	301	307	93	5.14e-12	70.5	peroxisomal membrane protein PMP34 isoform 1 [Myotis nattereri]	109481
XP_036189517.1	XP_080968389	24.296	284	301	376	88	5.41e-12	70.9	solute carrier family 25 member 44 isoform 1 [Myotis nattereri]	109481
XP_036189517.1	XP_016021738	23.944	284	301	314	88	5.65e-12	70.5	solute carrier family 25 member 44 [Rousettus aegyptiacus]	9407
XP_036189517.1	XP_070266978	30.472	233	301	362	72	5.73e-12	70.9	solute carrier family 25 member 3 isoform X1 [Myotis yumanensis]	159337
XP_036189517.1	XP_070266977	30.472	233	301	362	72	5.73e-12	70.9	solute carrier family 25 member 3 isoform X1 [Myotis yumanensis]	159337
XP_036189517.1	XP_036097328	27.128	188	301	323	85	5.81e-12	70.5	ADP/ATP translocase 4 [Molossus molossus]	27622
XP_036189517.1	XP_036097328	27.429	175	301	323	85	2.93e-11	68.6	ADP/ATP translocase 4 [Molossus molossus]	27622
XP_036189517.1	XP_024905128	27.500	240	301	321	76	6.06e-12	70.5	graves disease carrier protein isoform X3 [Pteropus alecto]	9402
XP_036189517.1	XP_079642520	26.087	299	301	298	94	6.34e-12	70.1	ADP/ATP translocase 3-like [Cnephaeus nilssonii]	3371016
XP_036189517.1	XP_015442588	24.742	291	301	318	95	6.40e-12	70.5	mitochondrial coenzyme A transporter SLC25A42 isoform X3 [Pteropus alecto]	9402
XP_036189517.1	XP_015442584	24.742	291	301	318	95	6.40e-12	70.5	mitochondrial coenzyme A transporter SLC25A42 isoform X3 [Pteropus alecto]	9402
XP_036189517.1	XP_023390301	24.742	291	301	318	95	6.40e-12	70.5	mitochondrial coenzyme A transporter SLC25A42 isoform X3 [Pteropus vampyrus]	132908
XP_036189517.1	XP_011365031	24.742	291	301	318	95	6.40e-12	70.5	mitochondrial coenzyme A transporter SLC25A42 isoform X3 [Pteropus vampyrus]	132908
XP_036189517.1	XP_011365030	24.742	291	301	318	95	6.40e-12	70.5	mitochondrial coenzyme A transporter SLC25A42 isoform X3 [Pteropus vampyrus]	132908
XP_036189517.1	XP_011365029	24.742	291	301	318	95	6.40e-12	70.5	mitochondrial coenzyme A transporter SLC25A42 isoform X3 [Pteropus vampyrus]	132908
XP_036189517.1	XP_016014423	27.682	289	301	323	86	6.76e-12	70.5	mitochondrial uncoupling protein 4 isoform X3 [Rousettus aegyptiacus]	9407
XP_036189517.1	XP_016074359	25.108	231	301	273	66	6.90e-12	69.7	PREDICTED: solute carrier family 25 member 40 isoform X3 [Miniopterus natalensis]	291302
XP_036189517.1	XP_080941891	28.425	292	301	329	90	6.91e-12	70.5	solute carrier family 25 member 3-like [Myotis nattereri]	109481
XP_036189517.1	XP_036269097	24.752	303	301	323	92	7.03e-12	70.5	mitochondrial uncoupling protein 4 isoform X3 [Pipistrellus kuhlii]	59472
XP_036189517.1	XP_006775778	23.592	284	301	314	88	7.10e-12	70.1	PREDICTED: solute carrier family 25 member 44 [Myotis davidii]	225400
XP_036189517.1	XP_036123864	26.596	188	301	258	60	7.13e-12	69.7	solute carrier family 25 member 39 isoform X3 [Molossus molossus]	27622
XP_036189517.1	XP_006926539	26.990	289	301	323	86	7.23e-12	70.5	mitochondrial uncoupling protein 4 isoform X3 [Pteropus alecto]	9402
XP_036189517.1	XP_036899243	27.397	292	301	332	90	7.26e-12	70.5	phosphate carrier protein, mitochondrial-like [Sturnira hondurensis]	192404
XP_036189517.1	XP_019521122	27.083	192	301	320	92	7.49e-12	70.1	PREDICTED: ADP/ATP translocase 4 [Hipposideros armiger]	186990
XP_036189517.1	XP_019521122	25.397	189	301	320	92	1.12e-11	69.7	PREDICTED: ADP/ATP translocase 4 [Hipposideros armiger]	186990
XP_036189517.1	XP_032987558	27.174	276	301	274	91	7.53e-12	69.7	S-adenosylmethionine mitochondrial carrier protein isoform X3 [Rhinolophus ferrumequinum]	59479
XP_036189517.1	XP_015997515	25.694	288	301	314	92	7.59e-12	70.1	mitochondrial 2-oxoglutarate/malate carrier protein [Rousettus aegyptiacus]	9407
XP_036189517.1	XP_011353079	26.990	289	301	323	86	7.72e-12	70.1	mitochondrial uncoupling protein 4 isoform X3 [Pteropus vampyrus]	132908
XP_036189517.1	XP_036923807	25.850	294	301	307	93	7.97e-12	70.1	peroxisomal membrane protein PMP34 [Sturnira hondurensis]	192404
XP_036189517.1	XP_066095745	25.532	282	301	420	89	8.14e-12	70.9	ADP/ATP translocase 3-like [Saccopteryx bilineata]	59482
XP_036189517.1	XP_024416538	24.399	291	301	318	95	8.19e-12	70.1	mitochondrial coenzyme A transporter SLC25A42 isoform X1 [Desmodus rotundus]	9430
XP_036189517.1	XP_015413782	24.638	276	301	278	79	8.48e-12	69.7	PREDICTED: solute carrier family 25 member 40 isoform X9 [Myotis davidii]	225400
XP_036189517.1	XP_016014421	27.667	300	301	402	90	8.56e-12	70.5	mitochondrial uncoupling protein 4 isoform X1 [Rousettus aegyptiacus]	9407
XP_036189517.1	XP_019612734	27.174	276	301	274	91	8.62e-12	69.7	mitochondrial S-adenosylmethionine carrier protein isoform X1 [Rhinolophus sinicus]	89399
XP_036189517.1	XP_066208025	27.907	258	301	273	85	8.86e-12	69.3	mitochondrial S-adenosylmethionine carrier protein isoform X1 [Saccopteryx leptura]	249018
XP_036189517.1	XP_080516986	25.510	294	301	307	93	9.03e-12	69.7	peroxisomal membrane protein PMP34 [Plecotus auritus]	61862
XP_036189517.1	XP_032949257	24.648	284	301	334	88	9.05e-12	70.1	solute carrier family 25 member 44 isoform X1 [Rhinolophus ferrumequinum]	59479
XP_036189517.1	XP_032949256	24.648	284	301	334	88	9.05e-12	70.1	solute carrier family 25 member 44 isoform X1 [Rhinolophus ferrumequinum]	59479
XP_036189517.1	XP_032949258	24.912	285	301	314	88	9.09e-12	70.1	solute carrier family 25 member 44 isoform X2 [Rhinolophus ferrumequinum]	59479
XP_036189517.1	XP_011364688	23.944	284	301	417	88	9.37e-12	70.5	solute carrier family 25 member 44 isoform X1 [Pteropus vampyrus]	132908
XP_036189517.1	XP_039705722	23.944	284	301	417	88	9.37e-12	70.5	solute carrier family 25 member 44 isoform X1 [Pteropus medius]	143291
XP_036189517.1	XP_054449010	27.368	190	301	258	60	9.54e-12	69.3	probable mitochondrial glutathione transporter SLC25A39 isoform X3 [Pteronotus mesoamericanus]	1884717
XP_036189517.1	XP_024435040	25.510	294	301	307	93	9.74e-12	69.7	peroxisomal membrane protein PMP34 [Desmodus rotundus]	9430
XP_036189517.1	XP_006923571	23.944	284	301	417	88	1.02e-11	70.5	solute carrier family 25 member 44 isoform X1 [Pteropus alecto]	9402
XP_036189517.1	XP_016060796	25.510	294	301	307	93	1.04e-11	69.7	PREDICTED: peroxisomal membrane protein PMP34 isoform X1 [Miniopterus natalensis]	291302
XP_036189517.1	XP_036910189	26.644	289	301	323	86	1.05e-11	69.7	mitochondrial uncoupling protein 4 isoform X2 [Sturnira hondurensis]	192404
XP_036189517.1	XP_036107120	25.170	294	301	307	93	1.05e-11	69.7	peroxisomal membrane protein PMP34 isoform X1 [Molossus molossus]	27622
XP_036189517.1	XP_036107119	25.170	294	301	307	93	1.05e-11	69.7	peroxisomal membrane protein PMP34 isoform X1 [Molossus molossus]	27622
XP_036189517.1	XP_019497417	25.294	170	301	318	95	1.07e-11	69.7	PREDICTED: mitochondrial coenzyme A transporter SLC25A42 [Hipposideros armiger]	186990
XP_036189517.1	XP_019497417	23.891	293	301	318	95	1.50e-11	69.3	PREDICTED: mitochondrial coenzyme A transporter SLC25A42 [Hipposideros armiger]	186990
XP_036189517.1	XP_036269094	24.351	308	301	328	92	1.20e-11	69.7	mitochondrial uncoupling protein 4 isoform X1 [Pipistrellus kuhlii]	59472
XP_036189517.1	XP_036998459	26.298	289	301	323	86	1.21e-11	69.7	mitochondrial uncoupling protein 4 isoform X2 [Artibeus jamaicensis]	9417
XP_036189517.1	XP_019485545	29.461	241	301	268	71	1.25e-11	68.9	PREDICTED: mitochondrial glutamate carrier 2 isoform X4 [Hipposideros armiger]	186990
XP_036189517.1	XP_045051692	25.000	172	301	283	57	1.25e-11	69.3	mitochondrial coenzyme A transporter SLC25A42 isoform X2 [Desmodus rotundus]	9430
XP_036189517.1	XP_015999339	26.923	234	301	240	76	1.25e-11	68.6	kidney mitochondrial carrier protein 1 isoform X2 [Rousettus aegyptiacus]	9407
XP_036189517.1	XP_036169648	30.952	168	301	267	52	1.27e-11	68.9	solute carrier family 25 member 48 isoform X5 [Myotis myotis]	51298
XP_036189517.1	XP_066101995	27.519	258	301	273	85	1.29e-11	68.9	mitochondrial S-adenosylmethionine carrier protein isoform X1 [Saccopteryx bilineata]	59482
XP_036189517.1	XP_066208738	22.745	255	301	475	83	1.31e-11	70.1	mitochondrial adenyl nucleotide antiporter SLC25A24-like [Saccopteryx leptura]	249018
XP_036189517.1	XP_006774978	26.280	293	301	298	91	1.36e-11	69.3	PREDICTED: ADP/ATP translocase 3-like [Myotis davidii]	225400
XP_036189517.1	XP_066214585	25.170	294	301	307	93	1.37e-11	69.3	peroxisomal membrane protein PMP34 [Saccopteryx leptura]	249018
XP_036189517.1	XP_066113339	25.170	294	301	307	93	1.37e-11	69.3	peroxisomal membrane protein PMP34 [Saccopteryx bilineata]	59482
XP_036189517.1	XP_023600511	24.020	204	301	355	66	1.38e-11	69.7	mitochondrial thiamine pyrophosphate carrier isoform X1 [Myotis lucifugus]	59463
XP_036189517.1	XP_023600510	24.020	204	301	355	66	1.38e-11	69.7	mitochondrial thiamine pyrophosphate carrier isoform X1 [Myotis lucifugus]	59463
XP_036189517.1	XP_023600509	24.020	204	301	355	66	1.38e-11	69.7	mitochondrial thiamine pyrophosphate carrier isoform X1 [Myotis lucifugus]	59463
XP_036189517.1	XP_023600508	24.020	204	301	355	66	1.38e-11	69.7	mitochondrial thiamine pyrophosphate carrier isoform X1 [Myotis lucifugus]	59463
XP_036189517.1	XP_059551239	22.689	238	301	372	78	1.46e-11	69.7	mitochondrial carrier protein SCaMC-3L [Myotis daubentonii]	98922
XP_036189517.1	XP_037016165	25.850	294	301	307	93	1.47e-11	69.3	peroxisomal membrane protein PMP34 isoform X1 [Artibeus jamaicensis]	9417
XP_036189517.1	XP_032989698	25.134	187	301	484	61	1.47e-11	70.1	calcium-binding mitochondrial carrier protein SCaMC-3 isoform X2 [Rhinolophus ferrumequinum]	59479
XP_036189517.1	XP_080532432	29.386	228	301	234	76	1.47e-11	68.2	mitochondrial S-adenosylmethionine carrier protein isoform 3 [Plecotus auritus]	61862
XP_036189517.1	XP_080929365	27.174	276	301	274	91	1.48e-11	68.9	mitochondrial S-adenosylmethionine carrier protein isoform 1 [Rhinolophus hipposideros]	77218
XP_036189517.1	XP_028376614	25.000	172	301	264	57	1.49e-11	68.6	mitochondrial coenzyme A transporter SLC25A42 isoform X2 [Phyllostomus discolor]	89673
XP_036189517.1	XP_066217003	26.178	191	301	323	95	1.51e-11	69.3	ADP/ATP translocase 4 [Saccopteryx leptura]	249018
XP_036189517.1	XP_066217003	24.324	296	301	323	95	4.00e-11	68.2	ADP/ATP translocase 4 [Saccopteryx leptura]	249018
XP_036189517.1	XP_066217003	25.123	203	301	323	95	4.79e-11	67.8	ADP/ATP translocase 4 [Saccopteryx leptura]	249018
XP_036189517.1	XP_066109570	26.178	191	301	323	95	1.56e-11	69.3	ADP/ATP translocase 4 [Saccopteryx bilineata]	59482
XP_036189517.1	XP_066109570	24.324	296	301	323	95	3.82e-11	68.2	ADP/ATP translocase 4 [Saccopteryx bilineata]	59482
XP_036189517.1	XP_066109570	25.126	199	301	323	95	5.21e-11	67.8	ADP/ATP translocase 4 [Saccopteryx bilineata]	59482
XP_036189517.1	XP_054418258	28.125	160	301	421	86	1.56e-11	69.7	mitochondrial adenyl nucleotide antiporter SLC25A23 isoform X3 [Pteronotus mesoamericanus]	1884717
XP_036189517.1	XP_054418258	27.660	188	301	421	86	3.40e-11	68.9	mitochondrial adenyl nucleotide antiporter SLC25A23 isoform X3 [Pteronotus mesoamericanus]	1884717
XP_036189517.1	XP_080986517	25.510	294	301	307	93	1.64e-11	68.9	peroxisomal membrane protein PMP34 [Miniopterus schreibersii]	9433
XP_036189517.1	XP_014404534	48.571	70	301	163	23	1.66e-11	66.6	PREDICTED: mitochondrial basic amino acids transporter-like [Myotis brandtii]	109478
XP_036189517.1	XP_054564162	29.386	228	301	234	76	1.67e-11	68.2	S-adenosylmethionine mitochondrial carrier protein isoform X2 [Eptesicus fuscus]	29078
XP_036189517.1	XP_074193911	24.055	291	301	318	95	1.67e-11	69.3	mitochondrial coenzyme A transporter SLC25A42 isoform X1 [Rhinolophus sinicus]	89399
XP_036189517.1	XP_053524142	25.000	172	301	320	89	1.83e-11	68.9	mitochondrial coenzyme A transporter SLC25A42 isoform X1 [Artibeus jamaicensis]	9417
XP_036189517.1	XP_053524142	25.896	251	301	320	89	8.11e-11	67.0	mitochondrial coenzyme A transporter SLC25A42 isoform X1 [Artibeus jamaicensis]	9417
XP_036189517.1	XP_028374705	28.070	228	301	234	76	1.86e-11	68.2	S-adenosylmethionine mitochondrial carrier protein isoform X2 [Phyllostomus discolor]	89673
XP_036189517.1	XP_019485544	29.461	241	301	274	71	1.95e-11	68.6	PREDICTED: mitochondrial glutamate carrier 2 isoform X3 [Hipposideros armiger]	186990
XP_036189517.1	XP_053773212	26.374	182	301	391	58	2.13e-11	69.3	solute carrier family 25 member 43 isoform X1 [Desmodus rotundus]	9430
XP_036189517.1	XP_032964919	24.490	196	301	298	98	2.17e-11	68.6	LOW QUALITY PROTEIN: ADP/ATP translocase 2-like [Rhinolophus ferrumequinum]	59479
XP_036189517.1	XP_032964919	24.555	281	301	298	98	9.39e-11	66.6	LOW QUALITY PROTEIN: ADP/ATP translocase 2-like [Rhinolophus ferrumequinum]	59479
XP_036189517.1	XP_080882306	22.569	288	301	490	95	2.20e-11	69.7	mitochondrial adenyl nucleotide antiporter SLC25A24-like [Rhinolophus hipposideros]	77218
XP_036189517.1	XP_006099766	24.422	303	301	323	92	2.21e-11	68.9	mitochondrial uncoupling protein 4 isoform X2 [Myotis lucifugus]	59463
XP_036189517.1	XP_036884638	25.000	172	301	272	57	2.21e-11	68.2	mitochondrial coenzyme A transporter SLC25A42 isoform X2 [Sturnira hondurensis]	192404
XP_036189517.1	XP_036104842	26.042	288	301	323	95	2.36e-11	68.9	mitochondrial uncoupling protein 4 [Molossus molossus]	27622
XP_036189517.1	XP_036104842	24.878	205	301	323	95	2.88e-11	68.6	mitochondrial uncoupling protein 4 [Molossus molossus]	27622
XP_036189517.1	XP_035888518	25.000	172	301	318	57	2.46e-11	68.6	mitochondrial coenzyme A transporter SLC25A42 isoform X1 [Phyllostomus discolor]	89673
XP_036189517.1	XP_028376613	25.000	172	301	318	57	2.46e-11	68.6	mitochondrial coenzyme A transporter SLC25A42 isoform X1 [Phyllostomus discolor]	89673
XP_036189517.1	XP_080933450	25.294	170	301	318	56	2.51e-11	68.6	mitochondrial coenzyme A transporter SLC25A42 isoform 1 [Rhinolophus hipposideros]	77218
XP_036189517.1	XP_011365032	24.399	291	301	526	95	2.55e-11	69.3	mitochondrial coenzyme A transporter SLC25A42 isoform X1 [Pteropus vampyrus]	132908
XP_036189517.1	XP_080992674	24.828	290	301	320	95	2.57e-11	68.6	mitochondrial coenzyme A transporter SLC25A42 isoform 2 [Miniopterus schreibersii]	9433
XP_036189517.1	XP_039723886	24.399	291	301	526	95	2.57e-11	69.3	mitochondrial coenzyme A transporter SLC25A42 isoform X2 [Pteropus medius]	143291
XP_036189517.1	XP_080992673	24.399	291	301	304	95	2.58e-11	68.6	mitochondrial coenzyme A transporter SLC25A42 isoform 4 [Miniopterus schreibersii]	9433
XP_036189517.1	XP_080992678	24.399	291	301	304	95	2.58e-11	68.6	mitochondrial coenzyme A transporter SLC25A42 isoform 4 [Miniopterus schreibersii]	9433
XP_036189517.1	XP_080992672	24.828	290	301	335	95	2.59e-11	68.9	mitochondrial coenzyme A transporter SLC25A42 isoform 1 [Miniopterus schreibersii]	9433
XP_036189517.1	XP_045444500	28.413	271	301	268	82	2.67e-11	68.2	mitochondrial glutamate carrier 2 isoform X3 [Pipistrellus kuhlii]	59472
XP_036189517.1	XP_080882698	24.912	285	301	314	88	2.68e-11	68.6	solute carrier family 25 member 44 isoform 1 [Rhinolophus hipposideros]	77218
XP_036189517.1	XP_045691035	25.510	294	301	307	93	2.72e-11	68.6	peroxisomal membrane protein PMP34 isoform X1 [Phyllostomus hastatus]	9423
XP_036189517.1	XP_006904395	24.399	291	301	529	95	2.73e-11	69.3	mitochondrial coenzyme A transporter SLC25A42 isoform X1 [Pteropus alecto]	9402
XP_036189517.1	XP_024412386	27.536	276	301	274	91	2.76e-11	68.2	mitochondrial S-adenosylmethionine carrier protein isoform X1 [Desmodus rotundus]	9430
XP_036189517.1	XP_074175242	24.912	285	301	314	88	2.78e-11	68.6	solute carrier family 25 member 44 isoform X2 [Rhinolophus sinicus]	89399
XP_036189517.1	XP_019566679	24.296	284	301	334	88	2.91e-11	68.6	solute carrier family 25 member 44 isoform X1 [Rhinolophus sinicus]	89399
XP_036189517.1	XP_005878743	26.897	290	301	329	91	2.96e-11	68.6	PREDICTED: phosphate carrier protein, mitochondrial [Myotis brandtii]	109478
XP_036189517.1	XP_032974045	24.830	294	301	307	93	3.05e-11	68.2	peroxisomal membrane protein PMP34 [Rhinolophus ferrumequinum]	59479
XP_036189517.1	XP_016066259	24.399	291	301	318	95	3.09e-11	68.6	PREDICTED: mitochondrial coenzyme A transporter SLC25A42 isoform X4 [Miniopterus natalensis]	291302
XP_036189517.1	XP_080992677	24.399	291	301	318	95	3.09e-11	68.6	mitochondrial coenzyme A transporter SLC25A42 isoform 3 [Miniopterus schreibersii]	9433
XP_036189517.1	XP_080992676	24.399	291	301	318	95	3.09e-11	68.6	mitochondrial coenzyme A transporter SLC25A42 isoform 3 [Miniopterus schreibersii]	9433
XP_036189517.1	XP_080992675	24.399	291	301	318	95	3.09e-11	68.6	mitochondrial coenzyme A transporter SLC25A42 isoform 3 [Miniopterus schreibersii]	9433
XP_036189517.1	XP_053522252	25.095	263	301	273	81	3.12e-11	67.8	solute carrier family 25 member 44 isoform X5 [Artibeus jamaicensis]	9417
XP_036189517.1	XP_006776477	24.422	303	301	323	92	3.16e-11	68.6	PREDICTED: mitochondrial uncoupling protein 4 isoform X2 [Myotis davidii]	225400
XP_036189517.1	XP_070273304	23.986	296	301	320	94	3.19e-11	68.6	ADP/ATP translocase 4 [Myotis yumanensis]	159337
XP_036189517.1	XP_023390844	24.339	189	301	419	62	3.26e-11	68.9	calcium-binding mitochondrial carrier protein SCaMC-2-like [Pteropus vampyrus]	132908
XP_036189517.1	XP_066206720	25.294	170	301	318	95	3.52e-11	68.2	mitochondrial coenzyme A transporter SLC25A42 [Saccopteryx leptura]	249018
XP_036189517.1	XP_066206720	23.711	291	301	318	95	6.89e-11	67.4	mitochondrial coenzyme A transporter SLC25A42 [Saccopteryx leptura]	249018
XP_036189517.1	XP_066237240	30.738	244	301	276	70	3.65e-11	67.8	mitochondrial glutamate carrier 2 isoform X3 [Saccopteryx leptura]	249018
XP_036189517.1	XP_036097448	24.599	187	301	417	61	3.65e-11	68.9	calcium-binding mitochondrial carrier protein SCaMC-3 isoform X2 [Molossus molossus]	27622
XP_036189517.1	XP_019590095	24.830	294	301	307	93	3.72e-11	68.2	peroxisomal membrane protein PMP34 [Rhinolophus sinicus]	89399
XP_036189517.1	XP_032990413	25.294	170	301	533	56	3.74e-11	68.9	LOW QUALITY PROTEIN: mitochondrial coenzyme A transporter SLC25A42 [Rhinolophus ferrumequinum]	59479
XP_036189517.1	XP_016068283	24.830	294	301	308	89	3.75e-11	68.2	PREDICTED: mitochondrial uncoupling protein 4 isoform X1 [Miniopterus natalensis]	291302
XP_036189517.1	XP_070272600	25.294	170	301	318	56	3.80e-11	68.2	mitochondrial coenzyme A transporter SLC25A42 isoform X3 [Myotis yumanensis]	159337
XP_036189517.1	XP_028388984	25.170	294	301	307	93	3.86e-11	68.2	peroxisomal membrane protein PMP34 [Phyllostomus discolor]	89673
XP_036189517.1	XP_036102866	24.912	285	301	298	89	4.00e-11	67.8	ADP/ATP translocase 3-like [Molossus molossus]	27622
XP_036189517.1	XP_066093392	31.557	244	301	276	70	4.09e-11	67.8	mitochondrial glutamate carrier 2 isoform X3 [Saccopteryx bilineata]	59482
XP_036189517.1	XP_005862981	25.597	293	301	300	91	4.82e-11	67.8	PREDICTED: ADP/ATP translocase 3 [Myotis brandtii]	109478
XP_036189517.1	XP_045056456	30.242	248	301	270	74	4.94e-11	67.4	mitochondrial glutamate carrier 2 isoform X2 [Desmodus rotundus]	9430
XP_036189517.1	XP_045056450	30.242	248	301	270	74	4.94e-11	67.4	mitochondrial glutamate carrier 2 isoform X2 [Desmodus rotundus]	9430
XP_036189517.1	XP_016010200	27.778	270	301	296	86	5.13e-11	67.4	solute carrier family 25 member 35 isoform X2 [Rousettus aegyptiacus]	9407
XP_036189517.1	XP_070272599	25.294	170	301	339	56	5.31e-11	67.8	mitochondrial coenzyme A transporter SLC25A42 isoform X2 [Myotis yumanensis]	159337
XP_036189517.1	XP_070272598	25.294	170	301	340	56	5.44e-11	67.8	mitochondrial coenzyme A transporter SLC25A42 isoform X1 [Myotis yumanensis]	159337
XP_036189517.1	XP_008141618	24.333	300	301	323	96	5.73e-11	67.8	ADP/ATP translocase 4 [Eptesicus fuscus]	29078
XP_036189517.1	XP_008141618	25.131	191	301	323	96	8.04e-11	67.4	ADP/ATP translocase 4 [Eptesicus fuscus]	29078
XP_036189517.1	XP_045688205	26.740	273	301	273	90	5.88e-11	67.0	S-adenosylmethionine mitochondrial carrier protein isoform X4 [Phyllostomus hastatus]	9423
XP_036189517.1	XP_006922429	26.937	271	301	300	86	6.11e-11	67.4	solute carrier family 25 member 35 isoform X1 [Pteropus alecto]	9402
XP_036189517.1	XP_045699287	26.298	289	301	323	86	6.29e-11	67.4	mitochondrial uncoupling protein 4 isoform X2 [Phyllostomus hastatus]	9423
XP_036189517.1	XP_028365173	26.298	289	301	323	86	6.29e-11	67.4	mitochondrial uncoupling protein 4 isoform X2 [Phyllostomus discolor]	89673
XP_036189517.1	XP_080906905	24.000	200	301	301	63	6.58e-11	67.4	LOW QUALITY PROTEIN: ADP/ATP translocase 2-like [Rhinolophus hipposideros]	77218
XP_036189517.1	XP_006099765	24.026	308	301	328	92	7.06e-11	67.4	mitochondrial uncoupling protein 4 isoform X1 [Myotis lucifugus]	59463
XP_036189517.1	XP_006764315	21.757	239	301	372	79	7.31e-11	67.8	PREDICTED: solute carrier family 25 member 41 [Myotis davidii]	225400
XP_036189517.1	XP_023393594	29.016	193	301	262	59	7.35e-11	66.6	graves disease carrier protein isoform X2 [Pteropus vampyrus]	132908
XP_036189517.1	XP_039727900	29.016	193	301	262	59	7.35e-11	66.6	solute carrier family 25 member 16 isoform X2 [Pteropus medius]	143291
XP_036189517.1	XP_059552110	24.706	170	301	318	56	7.50e-11	67.4	mitochondrial coenzyme A transporter SLC25A42 [Myotis daubentonii]	98922
XP_036189517.1	XP_036171443	24.706	170	301	318	56	7.50e-11	67.4	mitochondrial coenzyme A transporter SLC25A42 [Myotis myotis]	51298
XP_036189517.1	XP_080948404	24.706	170	301	318	56	7.50e-11	67.4	mitochondrial coenzyme A transporter SLC25A42 [Myotis nattereri]	109481
XP_036189517.1	XP_066102779	23.438	256	301	476	83	7.53e-11	67.8	mitochondrial adenyl nucleotide antiporter SLC25A24-like [Saccopteryx bilineata]	59482
XP_036189517.1	XP_008151438	24.422	303	301	323	92	7.60e-11	67.4	mitochondrial uncoupling protein 4 isoform X1 [Eptesicus fuscus]	29078
XP_036189517.1	XP_079637110	24.422	303	301	323	92	7.60e-11	67.4	mitochondrial uncoupling protein 4 isoform 1 [Cnephaeus nilssonii]	3371016
XP_036189517.1	XP_080948010	23.649	296	301	320	94	7.74e-11	67.4	ADP/ATP translocase 4 [Myotis nattereri]	109481
XP_036189517.1	XP_080522587	24.422	303	301	323	92	7.74e-11	67.4	mitochondrial uncoupling protein 4 [Plecotus auritus]	61862
XP_036189517.1	XP_024905127	29.016	193	301	262	59	7.86e-11	66.6	graves disease carrier protein isoform X2 [Pteropus alecto]	9402
XP_036189517.1	XP_079628398	25.131	191	301	320	60	8.27e-11	67.0	ADP/ATP translocase 4 [Cnephaeus nilssonii]	3371016
XP_036189517.1	XP_080528892	25.131	191	301	323	60	8.35e-11	67.0	ADP/ATP translocase 4 [Plecotus auritus]	61862
XP_036189517.1	XP_080914480	24.830	294	301	307	93	8.88e-11	67.0	peroxisomal membrane protein PMP34 [Rhinolophus hipposideros]	77218
XP_036189517.1	XP_059551304	22.973	296	301	320	94	9.34e-11	67.0	ADP/ATP translocase 4 [Myotis daubentonii]	98922
XP_036189517.1	XP_054427994	29.461	241	301	346	74	9.39e-11	67.0	phosphate carrier protein, mitochondrial-like [Pteronotus mesoamericanus]	1884717
XP_036189517.1	XP_074193780	26.111	180	301	607	60	9.94e-11	67.8	mitochondrial adenyl nucleotide antiporter SLC25A23 isoform X2 [Rhinolophus sinicus]	89399
