XP_036190675.1	XP_036190675	100.000	1333	1333	1333	100	0.0	2746	son of sevenless homolog 1 isoform X1 [Myotis myotis]	51298
XP_036190675.1	XP_080956891	99.925	1333	1333	1333	100	0.0	2745	son of sevenless homolog 1 isoform 1 [Myotis nattereri]	109481
XP_036190675.1	XP_070285156	99.850	1333	1333	1333	100	0.0	2744	son of sevenless homolog 1 isoform X1 [Myotis yumanensis]	159337
XP_036190675.1	XP_059516032	99.850	1333	1333	1333	100	0.0	2741	son of sevenless homolog 1 isoform X1 [Myotis daubentonii]	98922
XP_036190675.1	XP_080539218	99.550	1333	1333	1332	100	0.0	2734	son of sevenless homolog 1 isoform 1 [Plecotus auritus]	61862
XP_036190675.1	XP_079648379	99.625	1333	1333	1332	100	0.0	2734	son of sevenless homolog 1 isoform 1 [Cnephaeus nilssonii]	3371016
XP_036190675.1	XP_081013220	99.325	1333	1333	1333	100	0.0	2731	son of sevenless homolog 1 isoform 1 [Miniopterus schreibersii]	9433
XP_036190675.1	XP_066234535	99.325	1333	1333	1333	100	0.0	2729	son of sevenless homolog 1 isoform X1 [Saccopteryx leptura]	249018
XP_036190675.1	XP_054584431	99.400	1333	1333	1332	100	0.0	2729	son of sevenless homolog 1 [Eptesicus fuscus]	29078
XP_036190675.1	XP_066123060	99.175	1333	1333	1333	100	0.0	2727	son of sevenless homolog 1 isoform X1 [Saccopteryx bilineata]	59482
XP_036190675.1	XP_036119131	99.175	1333	1333	1333	100	0.0	2726	son of sevenless homolog 1 isoform X1 [Molossus molossus]	27622
XP_036190675.1	XP_019597952	99.175	1333	1333	1333	100	0.0	2724	son of sevenless homolog 1 isoform X1 [Rhinolophus sinicus]	89399
XP_036190675.1	XP_032980400	99.100	1333	1333	1333	100	0.0	2724	son of sevenless homolog 1 isoform X1 [Rhinolophus ferrumequinum]	59479
XP_036190675.1	XP_036290966	99.100	1333	1333	1332	100	0.0	2724	son of sevenless homolog 1 isoform X1 [Pipistrellus kuhlii]	59472
XP_036190675.1	XP_080924805	99.025	1333	1333	1333	100	0.0	2723	son of sevenless homolog 1 isoform 1 [Rhinolophus hipposideros]	77218
XP_036190675.1	XP_019503342	99.100	1333	1333	1333	100	0.0	2721	PREDICTED: son of sevenless homolog 1 isoform X1 [Hipposideros armiger]	186990
XP_036190675.1	XP_016017653	98.650	1333	1333	1333	100	0.0	2716	son of sevenless homolog 1 isoform X1 [Rousettus aegyptiacus]	9407
XP_036190675.1	XP_080924806	98.950	1333	1333	1332	100	0.0	2716	son of sevenless homolog 1 isoform 2 [Rhinolophus hipposideros]	77218
XP_036190675.1	XP_054423545	98.500	1333	1333	1333	100	0.0	2713	son of sevenless homolog 1 isoform X1 [Pteronotus mesoamericanus]	1884717
XP_036190675.1	XP_011359678	98.650	1333	1333	1333	100	0.0	2713	son of sevenless homolog 1 isoform X1 [Pteropus vampyrus]	132908
XP_036190675.1	XP_039743294	98.650	1333	1333	1333	100	0.0	2713	son of sevenless homolog 1 isoform X1 [Pteropus medius]	143291
XP_036190675.1	XP_024408671	98.350	1333	1333	1333	100	0.0	2710	son of sevenless homolog 1 isoform X1 [Desmodus rotundus]	9430
XP_036190675.1	XP_080956892	98.800	1333	1333	1318	100	0.0	2706	son of sevenless homolog 1 isoform 2 [Myotis nattereri]	109481
XP_036190675.1	XP_036190676	98.875	1333	1333	1318	100	0.0	2706	son of sevenless homolog 1 isoform X2 [Myotis myotis]	51298
XP_036190675.1	XP_053522831	98.200	1333	1333	1333	100	0.0	2705	son of sevenless homolog 1 isoform X1 [Artibeus jamaicensis]	9417
XP_036190675.1	XP_028371033	98.125	1333	1333	1333	100	0.0	2704	son of sevenless homolog 1 isoform X1 [Phyllostomus discolor]	89673
XP_036190675.1	XP_070285157	98.725	1333	1333	1318	100	0.0	2704	son of sevenless homolog 1 isoform X2 [Myotis yumanensis]	159337
XP_036190675.1	XP_045683035	98.125	1333	1333	1333	100	0.0	2703	son of sevenless homolog 1 isoform X1 [Phyllostomus hastatus]	9423
XP_036190675.1	XP_059516033	98.725	1333	1333	1318	100	0.0	2701	son of sevenless homolog 1 isoform X2 [Myotis daubentonii]	98922
XP_036190675.1	XP_036922803	97.974	1333	1333	1333	100	0.0	2701	son of sevenless homolog 1 isoform X1 [Sturnira hondurensis]	192404
XP_036190675.1	XP_079648380	98.500	1333	1333	1317	100	0.0	2694	son of sevenless homolog 1 isoform 2 [Cnephaeus nilssonii]	3371016
XP_036190675.1	XP_080539219	98.425	1333	1333	1317	100	0.0	2694	son of sevenless homolog 1 isoform 2 [Plecotus auritus]	61862
XP_036190675.1	XP_066234536	98.200	1333	1333	1318	100	0.0	2693	son of sevenless homolog 1 isoform X2 [Saccopteryx leptura]	249018
XP_036190675.1	XP_081013221	98.200	1333	1333	1318	100	0.0	2691	son of sevenless homolog 1 isoform 2 [Miniopterus schreibersii]	9433
XP_036190675.1	XP_066123061	98.050	1333	1333	1318	100	0.0	2690	son of sevenless homolog 1 isoform X2 [Saccopteryx bilineata]	59482
XP_036190675.1	XP_036119132	98.125	1333	1333	1318	100	0.0	2689	son of sevenless homolog 1 isoform X2 [Molossus molossus]	27622
XP_036190675.1	XP_036290967	98.050	1333	1333	1317	100	0.0	2686	son of sevenless homolog 1 isoform X2 [Pipistrellus kuhlii]	59472
XP_036190675.1	XP_014393919	99.466	1310	1333	1321	98	0.0	2686	PREDICTED: son of sevenless homolog 1 [Myotis brandtii]	109478
XP_036190675.1	XP_019597961	98.050	1333	1333	1318	100	0.0	2685	son of sevenless homolog 1 isoform X2 [Rhinolophus sinicus]	89399
XP_036190675.1	XP_032980401	97.974	1333	1333	1318	100	0.0	2684	son of sevenless homolog 1 isoform X2 [Rhinolophus ferrumequinum]	59479
XP_036190675.1	XP_080924807	97.974	1333	1333	1318	100	0.0	2684	son of sevenless homolog 1 isoform 3 [Rhinolophus hipposideros]	77218
XP_036190675.1	XP_019503344	97.974	1333	1333	1318	100	0.0	2681	PREDICTED: son of sevenless homolog 1 isoform X2 [Hipposideros armiger]	186990
XP_036190675.1	XP_023601950	99.847	1304	1333	1311	98	0.0	2680	son of sevenless homolog 1 [Myotis lucifugus]	59463
XP_036190675.1	XP_011359679	97.674	1333	1333	1318	100	0.0	2676	son of sevenless homolog 1 isoform X2 [Pteropus vampyrus]	132908
XP_036190675.1	XP_039743296	97.674	1333	1333	1318	100	0.0	2676	son of sevenless homolog 1 isoform X2 [Pteropus medius]	143291
XP_036190675.1	XP_016017662	97.599	1333	1333	1318	100	0.0	2675	son of sevenless homolog 1 isoform X2 [Rousettus aegyptiacus]	9407
XP_036190675.1	XP_054423554	97.374	1333	1333	1318	100	0.0	2674	son of sevenless homolog 1 isoform X2 [Pteronotus mesoamericanus]	1884717
XP_036190675.1	XP_079648381	99.617	1305	1333	1316	98	0.0	2671	son of sevenless homolog 1 isoform 3 [Cnephaeus nilssonii]	3371016
XP_036190675.1	XP_024408672	97.224	1333	1333	1318	100	0.0	2670	son of sevenless homolog 1 isoform X2 [Desmodus rotundus]	9430
XP_036190675.1	XP_053522832	97.074	1333	1333	1318	100	0.0	2666	son of sevenless homolog 1 isoform X2 [Artibeus jamaicensis]	9417
XP_036190675.1	XP_028371034	96.999	1333	1333	1318	100	0.0	2664	son of sevenless homolog 1 isoform X2 [Phyllostomus discolor]	89673
XP_036190675.1	XP_045683036	96.999	1333	1333	1318	100	0.0	2663	son of sevenless homolog 1 isoform X2 [Phyllostomus hastatus]	9423
XP_036190675.1	XP_036922804	96.849	1333	1333	1318	100	0.0	2662	son of sevenless homolog 1 isoform X2 [Sturnira hondurensis]	192404
XP_036190675.1	XP_036190677	97.074	1333	1333	1294	100	0.0	2646	son of sevenless homolog 1 isoform X3 [Myotis myotis]	51298
XP_036190675.1	XP_059516034	96.924	1333	1333	1294	100	0.0	2642	son of sevenless homolog 1 isoform X3 [Myotis daubentonii]	98922
XP_036190675.1	XP_079648382	96.474	1333	1333	1290	100	0.0	2629	son of sevenless homolog 1 isoform 4 [Cnephaeus nilssonii]	3371016
XP_036190675.1	XP_015414361	99.843	1276	1333	1276	96	0.0	2628	PREDICTED: son of sevenless homolog 1 isoform X1 [Myotis davidii]	225400
XP_036190675.1	XP_016074427	99.451	1276	1333	1276	96	0.0	2619	PREDICTED: son of sevenless homolog 1 isoform X1 [Miniopterus natalensis]	291302
XP_036190675.1	XP_016017669	95.799	1333	1333	1294	100	0.0	2616	son of sevenless homolog 1 isoform X3 [Rousettus aegyptiacus]	9407
XP_036190675.1	XP_036119137	99.295	1276	1333	1276	96	0.0	2615	son of sevenless homolog 1 isoform X4 [Molossus molossus]	27622
XP_036190675.1	XP_036119136	99.295	1276	1333	1276	96	0.0	2615	son of sevenless homolog 1 isoform X4 [Molossus molossus]	27622
XP_036190675.1	XP_036119135	99.295	1276	1333	1276	96	0.0	2615	son of sevenless homolog 1 isoform X4 [Molossus molossus]	27622
XP_036190675.1	XP_036119134	99.295	1276	1333	1276	96	0.0	2615	son of sevenless homolog 1 isoform X4 [Molossus molossus]	27622
XP_036190675.1	XP_006909715	98.746	1276	1333	1276	96	0.0	2604	son of sevenless homolog 1 isoform X1 [Pteropus alecto]	9402
XP_036190675.1	XP_015443068	98.746	1276	1333	1276	96	0.0	2604	son of sevenless homolog 1 isoform X1 [Pteropus alecto]	9402
XP_036190675.1	XP_011359682	98.746	1276	1333	1276	96	0.0	2604	son of sevenless homolog 1 isoform X3 [Pteropus vampyrus]	132908
XP_036190675.1	XP_011359681	98.746	1276	1333	1276	96	0.0	2604	son of sevenless homolog 1 isoform X3 [Pteropus vampyrus]	132908
XP_036190675.1	XP_039743298	98.746	1276	1333	1276	96	0.0	2604	son of sevenless homolog 1 isoform X3 [Pteropus medius]	143291
XP_036190675.1	XP_039743297	98.746	1276	1333	1276	96	0.0	2604	son of sevenless homolog 1 isoform X3 [Pteropus medius]	143291
XP_036190675.1	XP_036081091	98.746	1276	1333	1276	96	0.0	2603	son of sevenless homolog 1 isoform X4 [Rousettus aegyptiacus]	9407
XP_036190675.1	XP_015414362	98.668	1276	1333	1261	96	0.0	2589	PREDICTED: son of sevenless homolog 1 isoform X2 [Myotis davidii]	225400
XP_036190675.1	XP_036290968	96.174	1333	1333	1293	100	0.0	2588	son of sevenless homolog 1 isoform X3 [Pipistrellus kuhlii]	59472
XP_036190675.1	XP_016074428	98.276	1276	1333	1261	96	0.0	2580	PREDICTED: son of sevenless homolog 1 isoform X2 [Miniopterus natalensis]	291302
XP_036190675.1	XP_015443069	97.727	1276	1333	1261	96	0.0	2566	son of sevenless homolog 1 isoform X2 [Pteropus alecto]	9402
XP_036190675.1	XP_036119133	96.249	1333	1333	1294	100	0.0	2553	son of sevenless homolog 1 isoform X3 [Molossus molossus]	27622
XP_036190675.1	XP_015414363	96.787	1276	1333	1237	96	0.0	2528	PREDICTED: son of sevenless homolog 1 isoform X3 [Myotis davidii]	225400
XP_036190675.1	XP_016074429	99.262	1220	1333	1234	92	0.0	2502	PREDICTED: son of sevenless homolog 1 isoform X3 [Miniopterus natalensis]	291302
XP_036190675.1	XP_019597979	99.227	1164	1333	1234	93	0.0	2384	son of sevenless homolog 1 isoform X3 [Rhinolophus sinicus]	89399
XP_036190675.1	XP_019597979	97.183	71	1333	1234	93	1.09e-32	144	son of sevenless homolog 1 isoform X3 [Rhinolophus sinicus]	89399
XP_036190675.1	XP_032980402	99.141	1164	1333	1234	93	0.0	2383	son of sevenless homolog 1 isoform X3 [Rhinolophus ferrumequinum]	59479
XP_036190675.1	XP_032980402	97.183	71	1333	1234	93	1.09e-32	144	son of sevenless homolog 1 isoform X3 [Rhinolophus ferrumequinum]	59479
XP_036190675.1	XP_019503345	99.141	1164	1333	1234	93	0.0	2381	PREDICTED: son of sevenless homolog 1 isoform X3 [Hipposideros armiger]	186990
XP_036190675.1	XP_019503345	97.183	71	1333	1234	93	1.08e-32	144	PREDICTED: son of sevenless homolog 1 isoform X3 [Hipposideros armiger]	186990
XP_036190675.1	XP_081013222	99.451	1093	1333	1164	88	0.0	2248	son of sevenless homolog 1 isoform 3 [Miniopterus schreibersii]	9433
XP_036190675.1	XP_081013222	86.747	83	1333	1164	88	4.06e-33	145	son of sevenless homolog 1 isoform 3 [Miniopterus schreibersii]	9433
XP_036190675.1	XP_016017680	98.949	1047	1333	1116	84	0.0	2142	son of sevenless homolog 1 isoform X5 [Rousettus aegyptiacus]	9407
XP_036190675.1	XP_016017680	95.833	72	1333	1116	84	9.93e-33	144	son of sevenless homolog 1 isoform X5 [Rousettus aegyptiacus]	9407
XP_036190675.1	XP_036293277	67.456	1352	1333	1332	99	0.0	1780	son of sevenless homolog 2 isoform X1 [Pipistrellus kuhlii]	59472
XP_036190675.1	XP_036293283	67.185	1350	1333	1318	99	0.0	1771	son of sevenless homolog 2 isoform X2 [Pipistrellus kuhlii]	59472
XP_036190675.1	XP_032963086	72.774	1179	1333	1168	88	0.0	1763	son of sevenless homolog 2 isoform X2 [Rhinolophus ferrumequinum]	59479
XP_036190675.1	XP_032963087	74.250	1134	1333	1131	85	0.0	1760	son of sevenless homolog 2 isoform X3 [Rhinolophus ferrumequinum]	59479
XP_036190675.1	XP_032963085	73.675	1151	1333	1332	86	0.0	1756	son of sevenless homolog 2 isoform X1 [Rhinolophus ferrumequinum]	59479
XP_036190675.1	XP_036098076	73.241	1151	1333	1259	86	0.0	1755	son of sevenless homolog 2 isoform X2 [Molossus molossus]	27622
XP_036190675.1	XP_036098078	73.241	1151	1333	1188	86	0.0	1753	son of sevenless homolog 2 isoform X3 [Molossus molossus]	27622
XP_036190675.1	XP_019581209	73.501	1151	1333	1332	86	0.0	1753	son of sevenless homolog 2 [Rhinolophus sinicus]	89399
XP_036190675.1	XP_080906577	73.414	1151	1333	1332	86	0.0	1750	son of sevenless homolog 2 isoform 1 [Rhinolophus hipposideros]	77218
XP_036190675.1	XP_036098075	73.241	1151	1333	1332	86	0.0	1749	son of sevenless homolog 2 isoform X1 [Molossus molossus]	27622
XP_036190675.1	XP_039721103	73.241	1151	1333	1332	86	0.0	1749	son of sevenless homolog 2 [Pteropus medius]	143291
XP_036190675.1	XP_054421185	73.588	1151	1333	1332	86	0.0	1749	son of sevenless homolog 2 isoform X1 [Pteronotus mesoamericanus]	1884717
XP_036190675.1	XP_011384025	73.241	1151	1333	1332	86	0.0	1749	son of sevenless homolog 2 [Pteropus vampyrus]	132908
XP_036190675.1	XP_016001254	73.154	1151	1333	1332	86	0.0	1748	son of sevenless homolog 2 [Rousettus aegyptiacus]	9407
XP_036190675.1	XP_036910146	73.374	1153	1333	1334	86	0.0	1746	son of sevenless homolog 2 [Sturnira hondurensis]	192404
XP_036190675.1	XP_070276206	72.980	1151	1333	1332	86	0.0	1745	son of sevenless homolog 2 isoform X1 [Myotis yumanensis]	159337
XP_036190675.1	XP_053783593	73.721	1134	1333	1131	85	0.0	1744	son of sevenless homolog 2 isoform X3 [Desmodus rotundus]	9430
XP_036190675.1	XP_037011493	73.287	1153	1333	1332	86	0.0	1744	son of sevenless homolog 2 isoform X1 [Artibeus jamaicensis]	9417
XP_036190675.1	XP_080975774	73.154	1151	1333	1332	86	0.0	1744	son of sevenless homolog 2 [Miniopterus schreibersii]	9433
XP_036190675.1	XP_053783591	73.154	1151	1333	1332	86	0.0	1743	son of sevenless homolog 2 isoform X1 [Desmodus rotundus]	9430
XP_036190675.1	XP_008137297	73.154	1151	1333	1332	86	0.0	1742	son of sevenless homolog 2 isoform X1 [Eptesicus fuscus]	29078
XP_036190675.1	XP_036162111	73.067	1151	1333	1332	86	0.0	1742	son of sevenless homolog 2 isoform X10 [Myotis myotis]	51298
XP_036190675.1	XP_080951006	73.067	1151	1333	1332	86	0.0	1742	son of sevenless homolog 2 [Myotis nattereri]	109481
XP_036190675.1	XP_080525553	73.154	1151	1333	1332	86	0.0	1742	son of sevenless homolog 2 isoform 1 [Plecotus auritus]	61862
XP_036190675.1	XP_054421186	75.022	1113	1333	1318	83	0.0	1742	son of sevenless homolog 2 isoform X2 [Pteronotus mesoamericanus]	1884717
XP_036190675.1	XP_045678086	73.328	1151	1333	1332	86	0.0	1742	son of sevenless homolog 2 isoform X1 [Phyllostomus hastatus]	9423
XP_036190675.1	XP_066200433	73.067	1151	1333	1332	86	0.0	1741	son of sevenless homolog 2 [Saccopteryx leptura]	249018
XP_036190675.1	XP_066128304	73.067	1151	1333	1332	86	0.0	1741	son of sevenless homolog 2 [Saccopteryx bilineata]	59482
XP_036190675.1	XP_079624539	73.067	1151	1333	1332	86	0.0	1741	son of sevenless homolog 2 [Cnephaeus nilssonii]	3371016
XP_036190675.1	XP_059552650	72.980	1151	1333	1332	86	0.0	1740	son of sevenless homolog 2 isoform X1 [Myotis daubentonii]	98922
XP_036190675.1	XP_028364119	73.241	1151	1333	1332	86	0.0	1740	LOW QUALITY PROTEIN: son of sevenless homolog 2 [Phyllostomus discolor]	89673
XP_036190675.1	XP_045678087	74.843	1113	1333	1318	83	0.0	1738	son of sevenless homolog 2 isoform X2 [Phyllostomus hastatus]	9423
XP_036190675.1	XP_070276214	74.394	1113	1333	1318	83	0.0	1736	son of sevenless homolog 2 isoform X2 [Myotis yumanensis]	159337
XP_036190675.1	XP_053783592	74.573	1113	1333	1318	83	0.0	1735	son of sevenless homolog 2 isoform X2 [Desmodus rotundus]	9430
XP_036190675.1	XP_059552655	74.394	1113	1333	1318	83	0.0	1734	son of sevenless homolog 2 isoform X2 [Myotis daubentonii]	98922
XP_036190675.1	XP_036162108	72.438	1161	1333	1342	86	0.0	1733	son of sevenless homolog 2 isoform X9 [Myotis myotis]	51298
XP_036190675.1	XP_036293288	66.198	1352	1333	1295	99	0.0	1723	son of sevenless homolog 2 isoform X4 [Pipistrellus kuhlii]	59472
XP_036190675.1	XP_036293285	65.533	1352	1333	1299	99	0.0	1705	son of sevenless homolog 2 isoform X3 [Pipistrellus kuhlii]	59472
XP_036190675.1	XP_005867967	72.889	1125	1333	1357	84	0.0	1697	PREDICTED: LOW QUALITY PROTEIN: son of sevenless homolog 2 [Myotis brandtii]	109478
XP_036190675.1	XP_054572060	72.913	1126	1333	1391	84	0.0	1696	son of sevenless homolog 2 isoform X6 [Eptesicus fuscus]	29078
XP_036190675.1	XP_015425975	72.800	1125	1333	1358	84	0.0	1695	PREDICTED: son of sevenless homolog 2 isoform X6 [Myotis davidii]	225400
XP_036190675.1	XP_036293293	65.015	1352	1333	1293	99	0.0	1695	son of sevenless homolog 2 isoform X5 [Pipistrellus kuhlii]	59472
XP_036190675.1	XP_036162062	72.800	1125	1333	1391	84	0.0	1691	son of sevenless homolog 2 isoform X2 [Myotis myotis]	51298
XP_036190675.1	XP_080525554	71.677	1151	1333	1295	86	0.0	1686	son of sevenless homolog 2 isoform 2 [Plecotus auritus]	61862
XP_036190675.1	XP_036162103	72.350	1132	1333	1347	84	0.0	1685	son of sevenless homolog 2 isoform X8 [Myotis myotis]	51298
XP_036190675.1	XP_036162055	72.159	1135	1333	1401	84	0.0	1684	son of sevenless homolog 2 isoform X1 [Myotis myotis]	51298
XP_036190675.1	XP_036162073	72.159	1135	1333	1387	84	0.0	1682	son of sevenless homolog 2 isoform X3 [Myotis myotis]	51298
XP_036190675.1	XP_036293300	64.571	1352	1333	1292	99	0.0	1680	son of sevenless homolog 2 isoform X6 [Pipistrellus kuhlii]	59472
XP_036190675.1	XP_036162081	73.564	1097	1333	1387	81	0.0	1676	son of sevenless homolog 2 isoform X4 [Myotis myotis]	51298
XP_036190675.1	XP_045436964	64.497	1352	1333	1284	99	0.0	1675	son of sevenless homolog 2 isoform X7 [Pipistrellus kuhlii]	59472
XP_036190675.1	XP_080906578	71.069	1151	1333	1299	86	0.0	1673	son of sevenless homolog 2 isoform 2 [Rhinolophus hipposideros]	77218
XP_036190675.1	XP_008137298	70.895	1151	1333	1299	86	0.0	1670	son of sevenless homolog 2 isoform X2 [Eptesicus fuscus]	29078
XP_036190675.1	XP_036162113	70.808	1151	1333	1299	86	0.0	1667	son of sevenless homolog 2 isoform X12 [Myotis myotis]	51298
XP_036190675.1	XP_059552664	70.721	1151	1333	1299	86	0.0	1667	son of sevenless homolog 2 isoform X3 [Myotis daubentonii]	98922
XP_036190675.1	XP_054572059	76.436	1027	1333	1070	77	0.0	1664	son of sevenless homolog 2 isoform X5 [Eptesicus fuscus]	29078
XP_036190675.1	XP_006920269	73.578	1090	1333	1272	81	0.0	1659	son of sevenless homolog 2 [Pteropus alecto]	9402
XP_036190675.1	XP_023619632	73.486	1090	1333	1272	81	0.0	1658	son of sevenless homolog 2 isoform X1 [Myotis lucifugus]	59463
XP_036190675.1	XP_016053574	73.486	1090	1333	1272	81	0.0	1654	PREDICTED: son of sevenless homolog 2 [Miniopterus natalensis]	291302
XP_036190675.1	XP_006773817	73.394	1090	1333	1272	81	0.0	1654	PREDICTED: son of sevenless homolog 2 isoform X1 [Myotis davidii]	225400
XP_036190675.1	XP_023619633	75.000	1052	1333	1258	79	0.0	1653	son of sevenless homolog 2 isoform X2 [Myotis lucifugus]	59463
XP_036190675.1	XP_006773818	74.905	1052	1333	1258	79	0.0	1648	PREDICTED: son of sevenless homolog 2 isoform X2 [Myotis davidii]	225400
XP_036190675.1	XP_019486008	69.939	1151	1333	1284	86	0.0	1645	PREDICTED: son of sevenless homolog 2 [Hipposideros armiger]	186990
XP_036190675.1	XP_027997624	69.765	1151	1333	1292	86	0.0	1644	son of sevenless homolog 2 isoform X3 [Eptesicus fuscus]	29078
XP_036190675.1	XP_059552673	69.592	1151	1333	1292	86	0.0	1641	son of sevenless homolog 2 isoform X4 [Myotis daubentonii]	98922
XP_036190675.1	XP_036293304	63.609	1352	1333	1277	99	0.0	1640	son of sevenless homolog 2 isoform X8 [Pipistrellus kuhlii]	59472
XP_036190675.1	XP_054572058	69.679	1151	1333	1284	86	0.0	1639	son of sevenless homolog 2 isoform X4 [Eptesicus fuscus]	29078
XP_036190675.1	XP_036162094	70.661	1135	1333	1364	84	0.0	1625	son of sevenless homolog 2 isoform X6 [Myotis myotis]	51298
XP_036190675.1	XP_036162089	69.868	1135	1333	1368	84	0.0	1608	son of sevenless homolog 2 isoform X5 [Myotis myotis]	51298
XP_036190675.1	XP_059552682	68.462	1151	1333	1277	86	0.0	1603	son of sevenless homolog 2 isoform X5 [Myotis daubentonii]	98922
XP_036190675.1	XP_023619635	71.927	1090	1333	1235	81	0.0	1602	son of sevenless homolog 2 isoform X4 [Myotis lucifugus]	59463
XP_036190675.1	XP_036162099	69.251	1135	1333	1362	84	0.0	1598	son of sevenless homolog 2 isoform X7 [Myotis myotis]	51298
XP_036190675.1	XP_023619634	71.101	1090	1333	1239	81	0.0	1584	son of sevenless homolog 2 isoform X3 [Myotis lucifugus]	59463
XP_036190675.1	XP_015425972	71.009	1090	1333	1239	81	0.0	1579	PREDICTED: son of sevenless homolog 2 isoform X3 [Myotis davidii]	225400
XP_036190675.1	XP_023619636	69.908	1090	1333	1232	81	0.0	1558	son of sevenless homolog 2 isoform X5 [Myotis lucifugus]	59463
XP_036190675.1	XP_015425973	69.817	1090	1333	1232	81	0.0	1552	PREDICTED: son of sevenless homolog 2 isoform X4 [Myotis davidii]	225400
XP_036190675.1	XP_023619637	68.716	1090	1333	1217	81	0.0	1521	son of sevenless homolog 2 isoform X6 [Myotis lucifugus]	59463
XP_036190675.1	XP_023619640	72.114	979	1333	1160	73	0.0	1461	son of sevenless homolog 2 isoform X9 [Myotis lucifugus]	59463
XP_036190675.1	XP_053525987	72.273	981	1333	1160	73	0.0	1457	son of sevenless homolog 2 isoform X2 [Artibeus jamaicensis]	9417
XP_036190675.1	XP_059552689	75.700	893	1333	1235	82	0.0	1433	son of sevenless homolog 2 isoform X6 [Myotis daubentonii]	98922
XP_036190675.1	XP_059552689	47.739	199	1333	1235	82	2.29e-37	159	son of sevenless homolog 2 isoform X6 [Myotis daubentonii]	98922
XP_036190675.1	XP_036293307	75.476	893	1333	1235	95	0.0	1426	son of sevenless homolog 2 isoform X10 [Pipistrellus kuhlii]	59472
XP_036190675.1	XP_036293307	43.500	400	1333	1235	95	1.48e-51	205	son of sevenless homolog 2 isoform X10 [Pipistrellus kuhlii]	59472
XP_036190675.1	XP_036190678	96.792	717	1333	1184	91	0.0	1419	son of sevenless homolog 1 isoform X4 [Myotis myotis]	51298
XP_036190675.1	XP_036190678	99.799	497	1333	1184	91	0.0	1018	son of sevenless homolog 1 isoform X4 [Myotis myotis]	51298
XP_036190675.1	XP_045436616	99.275	690	1333	1183	89	0.0	1414	son of sevenless homolog 1 isoform X4 [Pipistrellus kuhlii]	59472
XP_036190675.1	XP_045436616	98.189	497	1333	1183	89	0.0	1001	son of sevenless homolog 1 isoform X4 [Pipistrellus kuhlii]	59472
XP_036190675.1	XP_045436968	66.097	1112	1333	1264	96	0.0	1412	son of sevenless homolog 2 isoform X9 [Pipistrellus kuhlii]	59472
XP_036190675.1	XP_045436968	73.404	188	1333	1264	96	1.97e-78	289	son of sevenless homolog 2 isoform X9 [Pipistrellus kuhlii]	59472
XP_036190675.1	XP_023619638	72.887	911	1333	1204	77	0.0	1379	son of sevenless homolog 2 isoform X7 [Myotis lucifugus]	59463
XP_036190675.1	XP_023619638	76.378	127	1333	1204	77	2.09e-50	201	son of sevenless homolog 2 isoform X7 [Myotis lucifugus]	59463
XP_036190675.1	XP_036162112	74.686	877	1333	1304	80	0.0	1375	son of sevenless homolog 2 isoform X11 [Myotis myotis]	51298
XP_036190675.1	XP_036162112	47.739	199	1333	1304	80	2.79e-37	159	son of sevenless homolog 2 isoform X11 [Myotis myotis]	51298
XP_036190675.1	XP_023619639	76.562	832	1333	1175	76	0.0	1351	son of sevenless homolog 2 isoform X8 [Myotis lucifugus]	59463
XP_036190675.1	XP_023619639	51.648	182	1333	1175	76	3.11e-37	159	son of sevenless homolog 2 isoform X8 [Myotis lucifugus]	59463
XP_036190675.1	XP_015425974	76.442	832	1333	1175	77	0.0	1345	PREDICTED: son of sevenless homolog 2 isoform X5 [Myotis davidii]	225400
XP_036190675.1	XP_015425974	47.739	199	1333	1175	77	3.06e-37	159	PREDICTED: son of sevenless homolog 2 isoform X5 [Myotis davidii]	225400
XP_036190675.1	XP_054421646	78.824	170	1333	170	13	5.62e-87	285	son of sevenless homolog 2-like, partial [Pteronotus mesoamericanus]	1884717
XP_036190675.1	XP_039714356	28.986	345	1333	1257	25	2.48e-36	155	ras-specific guanine nucleotide-releasing factor 1 [Pteropus medius]	143291
XP_036190675.1	XP_015980995	28.986	345	1333	1257	25	2.72e-36	155	ras-specific guanine nucleotide-releasing factor 1 [Rousettus aegyptiacus]	9407
XP_036190675.1	XP_036292212	28.529	340	1333	802	25	2.95e-36	154	ras-specific guanine nucleotide-releasing factor 1 isoform X2 [Pipistrellus kuhlii]	59472
XP_036190675.1	XP_035869178	28.406	345	1333	1258	25	4.55e-36	155	ras-specific guanine nucleotide-releasing factor 1 isoform X1 [Phyllostomus discolor]	89673
XP_036190675.1	XP_028358214	28.406	345	1333	1257	25	4.86e-36	155	ras-specific guanine nucleotide-releasing factor 1 isoform X2 [Phyllostomus discolor]	89673
XP_036190675.1	XP_036909306	27.874	348	1333	1020	25	6.00e-36	154	ras-specific guanine nucleotide-releasing factor 1 isoform X1 [Sturnira hondurensis]	192404
XP_036190675.1	XP_045681068	27.874	348	1333	1257	25	6.90e-36	154	ras-specific guanine nucleotide-releasing factor 1 isoform X1 [Phyllostomus hastatus]	9423
XP_036190675.1	XP_037011824	27.874	348	1333	1257	25	7.33e-36	154	ras-specific guanine nucleotide-releasing factor 1 isoform X1 [Artibeus jamaicensis]	9417
XP_036190675.1	XP_074173471	28.080	349	1333	1357	25	8.47e-36	154	ras-specific guanine nucleotide-releasing factor 1 isoform X2 [Rhinolophus sinicus]	89399
XP_036190675.1	XP_032955862	28.080	349	1333	1363	25	9.50e-36	154	ras-specific guanine nucleotide-releasing factor 1 isoform X1 [Rhinolophus ferrumequinum]	59479
XP_036190675.1	XP_024417553	27.954	347	1333	1257	25	1.04e-35	154	ras-specific guanine nucleotide-releasing factor 1 isoform X2 [Desmodus rotundus]	9430
XP_036190675.1	XP_036909307	27.874	348	1333	1257	25	1.05e-35	154	ras-specific guanine nucleotide-releasing factor 1 isoform X2 [Sturnira hondurensis]	192404
XP_036190675.1	XP_080897546	28.080	349	1333	1363	25	1.05e-35	154	ras-specific guanine nucleotide-releasing factor 1 isoform 1 [Rhinolophus hipposideros]	77218
XP_036190675.1	XP_053769202	27.954	347	1333	1258	25	1.06e-35	154	ras-specific guanine nucleotide-releasing factor 1 isoform X1 [Desmodus rotundus]	9430
XP_036190675.1	XP_080507944	28.739	341	1333	1278	25	1.40e-35	153	ras-specific guanine nucleotide-releasing factor 1 [Plecotus auritus]	61862
XP_036190675.1	XP_059533934	28.235	340	1333	1281	25	1.61e-35	153	ras-specific guanine nucleotide-releasing factor 1 [Myotis daubentonii]	98922
XP_036190675.1	XP_054569390	27.874	348	1333	1258	25	1.71e-35	153	ras-specific guanine nucleotide-releasing factor 1 [Eptesicus fuscus]	29078
XP_036190675.1	XP_079620180	28.116	345	1333	1257	25	1.74e-35	153	LOW QUALITY PROTEIN: ras-specific guanine nucleotide-releasing factor 1 [Cnephaeus nilssonii]	3371016
XP_036190675.1	XP_066210655	27.586	348	1333	835	25	1.79e-35	152	ras-specific guanine nucleotide-releasing factor 1 isoform X2 [Saccopteryx leptura]	249018
XP_036190675.1	XP_080971041	28.235	340	1333	1281	25	1.82e-35	153	ras-specific guanine nucleotide-releasing factor 1 [Myotis nattereri]	109481
XP_036190675.1	XP_036211382	27.586	348	1333	1281	25	2.47e-35	152	ras-specific guanine nucleotide-releasing factor 1 isoform X3 [Myotis myotis]	51298
XP_036190675.1	XP_036292211	28.529	340	1333	1270	25	2.78e-35	152	ras-specific guanine nucleotide-releasing factor 1 isoform X1 [Pipistrellus kuhlii]	59472
XP_036190675.1	XP_036133838	28.902	346	1333	1257	25	3.10e-35	152	ras-specific guanine nucleotide-releasing factor 1 [Molossus molossus]	27622
XP_036190675.1	XP_054444331	28.613	346	1333	1257	25	4.51e-35	152	ras-specific guanine nucleotide-releasing factor 1 [Pteronotus mesoamericanus]	1884717
XP_036190675.1	XP_066210654	27.586	348	1333	1257	25	9.48e-35	150	ras-specific guanine nucleotide-releasing factor 1 isoform X1 [Saccopteryx leptura]	249018
XP_036190675.1	XP_066094382	28.116	345	1333	1257	25	1.01e-34	150	ras-specific guanine nucleotide-releasing factor 1 [Saccopteryx bilineata]	59482
XP_036190675.1	XP_080988365	29.155	343	1333	1239	25	1.11e-34	150	ras-specific guanine nucleotide-releasing factor 2 isoform 1 [Miniopterus schreibersii]	9433
XP_036190675.1	XP_070256581	27.941	340	1333	1281	25	1.25e-34	150	LOW QUALITY PROTEIN: ras-specific guanine nucleotide-releasing factor 1 [Myotis yumanensis]	159337
XP_036190675.1	XP_080988366	29.155	343	1333	1197	25	1.28e-34	150	ras-specific guanine nucleotide-releasing factor 2 isoform 2 [Miniopterus schreibersii]	9433
XP_036190675.1	XP_016065887	29.118	340	1333	1123	25	1.62e-34	150	PREDICTED: LOW QUALITY PROTEIN: ras-specific guanine nucleotide-releasing factor 2 [Miniopterus natalensis]	291302
XP_036190675.1	XP_066237861	28.863	343	1333	1157	25	1.64e-34	150	ras-specific guanine nucleotide-releasing factor 2 isoform X5 [Saccopteryx leptura]	249018
XP_036190675.1	XP_066129787	28.863	343	1333	1157	25	1.65e-34	150	ras-specific guanine nucleotide-releasing factor 2 isoform X5 [Saccopteryx bilineata]	59482
XP_036190675.1	XP_066237857	28.863	343	1333	1240	25	1.75e-34	150	ras-specific guanine nucleotide-releasing factor 2 isoform X1 [Saccopteryx leptura]	249018
XP_036190675.1	XP_066237858	28.863	343	1333	1239	25	1.94e-34	149	ras-specific guanine nucleotide-releasing factor 2 isoform X2 [Saccopteryx leptura]	249018
XP_036190675.1	XP_066129784	28.863	343	1333	1239	25	1.97e-34	149	ras-specific guanine nucleotide-releasing factor 2 isoform X2 [Saccopteryx bilineata]	59482
XP_036190675.1	XP_066129783	28.863	343	1333	1240	25	1.99e-34	149	ras-specific guanine nucleotide-releasing factor 2 isoform X1 [Saccopteryx bilineata]	59482
XP_036190675.1	XP_066237859	28.863	343	1333	1198	25	2.39e-34	149	ras-specific guanine nucleotide-releasing factor 2 isoform X3 [Saccopteryx leptura]	249018
XP_036190675.1	XP_066129785	28.863	343	1333	1198	25	2.39e-34	149	ras-specific guanine nucleotide-releasing factor 2 isoform X3 [Saccopteryx bilineata]	59482
XP_036190675.1	XP_066237860	28.863	343	1333	1197	25	2.69e-34	149	ras-specific guanine nucleotide-releasing factor 2 isoform X4 [Saccopteryx leptura]	249018
XP_036190675.1	XP_066129786	28.863	343	1333	1197	25	2.69e-34	149	ras-specific guanine nucleotide-releasing factor 2 isoform X4 [Saccopteryx bilineata]	59482
XP_036190675.1	XP_016073445	28.035	346	1333	1258	25	3.13e-34	149	PREDICTED: ras-specific guanine nucleotide-releasing factor 1 [Miniopterus natalensis]	291302
XP_036190675.1	XP_080980747	28.035	346	1333	1258	25	3.32e-34	149	ras-specific guanine nucleotide-releasing factor 1 [Miniopterus schreibersii]	9433
XP_036190675.1	XP_006913250	28.863	343	1333	1241	25	4.97e-34	148	ras-specific guanine nucleotide-releasing factor 2 [Pteropus alecto]	9402
XP_036190675.1	XP_039730890	28.863	343	1333	1242	25	5.19e-34	148	ras-specific guanine nucleotide-releasing factor 2 isoform X1 [Pteropus medius]	143291
XP_036190675.1	XP_011375883	28.863	343	1333	1241	25	5.46e-34	148	ras-specific guanine nucleotide-releasing factor 2 [Pteropus vampyrus]	132908
XP_036190675.1	XP_039730891	28.863	343	1333	1241	25	5.46e-34	148	ras-specific guanine nucleotide-releasing factor 2 isoform X2 [Pteropus medius]	143291
XP_036190675.1	XP_074184876	28.863	343	1333	1253	25	5.71e-34	148	ras-specific guanine nucleotide-releasing factor 2 isoform X2 [Rhinolophus sinicus]	89399
XP_036190675.1	XP_074184875	28.863	343	1333	1254	25	6.07e-34	148	ras-specific guanine nucleotide-releasing factor 2 isoform X1 [Rhinolophus sinicus]	89399
XP_036190675.1	XP_074184880	28.824	340	1333	1211	25	6.19e-34	148	ras-specific guanine nucleotide-releasing factor 2 isoform X6 [Rhinolophus sinicus]	89399
XP_036190675.1	XP_074184878	28.863	343	1333	1239	25	6.19e-34	148	ras-specific guanine nucleotide-releasing factor 2 isoform X4 [Rhinolophus sinicus]	89399
XP_036190675.1	XP_074184877	28.863	343	1333	1240	25	6.47e-34	148	ras-specific guanine nucleotide-releasing factor 2 isoform X3 [Rhinolophus sinicus]	89399
XP_036190675.1	XP_015978892	28.863	343	1333	1242	25	6.54e-34	148	ras-specific guanine nucleotide-releasing factor 2 isoform X2 [Rousettus aegyptiacus]	9407
XP_036190675.1	XP_015978901	28.863	343	1333	1241	25	6.64e-34	148	ras-specific guanine nucleotide-releasing factor 2 isoform X3 [Rousettus aegyptiacus]	9407
XP_036190675.1	XP_074184881	28.863	343	1333	1198	25	6.65e-34	148	ras-specific guanine nucleotide-releasing factor 2 isoform X7 [Rhinolophus sinicus]	89399
XP_036190675.1	XP_074184879	28.824	340	1333	1212	25	6.75e-34	148	ras-specific guanine nucleotide-releasing factor 2 isoform X5 [Rhinolophus sinicus]	89399
XP_036190675.1	XP_074184882	28.863	343	1333	1197	25	6.82e-34	148	ras-specific guanine nucleotide-releasing factor 2 isoform X8 [Rhinolophus sinicus]	89399
XP_036190675.1	XP_015978881	28.863	343	1333	1270	25	7.61e-34	148	ras-specific guanine nucleotide-releasing factor 2 isoform X1 [Rousettus aegyptiacus]	9407
XP_036190675.1	XP_045703852	28.739	341	1333	1116	25	9.21e-34	147	ras-specific guanine nucleotide-releasing factor 2 isoform X6 [Phyllostomus hastatus]	9423
XP_036190675.1	XP_036888044	28.739	341	1333	1240	25	9.74e-34	147	ras-specific guanine nucleotide-releasing factor 2 isoform X1 [Sturnira hondurensis]	192404
XP_036190675.1	XP_036888045	28.739	341	1333	1239	25	9.99e-34	147	ras-specific guanine nucleotide-releasing factor 2 isoform X2 [Sturnira hondurensis]	192404
XP_036190675.1	XP_035876372	28.739	341	1333	1240	25	1.01e-33	147	ras-specific guanine nucleotide-releasing factor 2 isoform X1 [Phyllostomus discolor]	89673
XP_036190675.1	XP_028387908	28.739	341	1333	1239	25	1.03e-33	147	ras-specific guanine nucleotide-releasing factor 2 isoform X2 [Phyllostomus discolor]	89673
XP_036190675.1	XP_053520455	28.739	341	1333	1164	25	1.18e-33	147	ras-specific guanine nucleotide-releasing factor 2 isoform X6 [Artibeus jamaicensis]	9417
XP_036190675.1	XP_037015208	28.739	341	1333	1240	25	1.23e-33	147	ras-specific guanine nucleotide-releasing factor 2 isoform X1 [Artibeus jamaicensis]	9417
XP_036190675.1	XP_045703847	28.739	341	1333	1240	25	1.24e-33	147	ras-specific guanine nucleotide-releasing factor 2 isoform X1 [Phyllostomus hastatus]	9423
XP_036190675.1	XP_035876374	28.739	341	1333	1197	25	1.27e-33	147	ras-specific guanine nucleotide-releasing factor 2 isoform X4 [Phyllostomus discolor]	89673
XP_036190675.1	XP_035876373	28.739	341	1333	1198	25	1.27e-33	147	ras-specific guanine nucleotide-releasing factor 2 isoform X3 [Phyllostomus discolor]	89673
XP_036190675.1	XP_036888046	28.739	341	1333	1197	25	1.28e-33	147	ras-specific guanine nucleotide-releasing factor 2 isoform X3 [Sturnira hondurensis]	192404
XP_036190675.1	XP_037015209	28.739	341	1333	1239	25	1.32e-33	147	ras-specific guanine nucleotide-releasing factor 2 isoform X2 [Artibeus jamaicensis]	9417
XP_036190675.1	XP_045703848	28.739	341	1333	1239	25	1.33e-33	147	ras-specific guanine nucleotide-releasing factor 2 isoform X2 [Phyllostomus hastatus]	9423
XP_036190675.1	XP_053768154	28.739	341	1333	1116	25	1.44e-33	147	ras-specific guanine nucleotide-releasing factor 2 isoform X8 [Desmodus rotundus]	9430
XP_036190675.1	XP_045703851	28.739	341	1333	1197	25	1.48e-33	147	ras-specific guanine nucleotide-releasing factor 2 isoform X5 [Phyllostomus hastatus]	9423
XP_036190675.1	XP_045703850	28.739	341	1333	1198	25	1.48e-33	147	ras-specific guanine nucleotide-releasing factor 2 isoform X4 [Phyllostomus hastatus]	9423
XP_036190675.1	XP_037015211	28.739	341	1333	1197	25	1.53e-33	147	ras-specific guanine nucleotide-releasing factor 2 isoform X3 [Artibeus jamaicensis]	9417
XP_036190675.1	XP_032966392	29.395	347	1333	1254	25	1.76e-33	146	ras-specific guanine nucleotide-releasing factor 2 isoform X1 [Rhinolophus ferrumequinum]	59479
XP_036190675.1	XP_032966394	29.395	347	1333	1240	25	1.80e-33	146	ras-specific guanine nucleotide-releasing factor 2 isoform X3 [Rhinolophus ferrumequinum]	59479
XP_036190675.1	XP_032966393	29.395	347	1333	1253	25	1.84e-33	146	ras-specific guanine nucleotide-releasing factor 2 isoform X2 [Rhinolophus ferrumequinum]	59479
XP_036190675.1	XP_036888047	28.739	341	1333	1197	25	1.87e-33	146	ras-specific guanine nucleotide-releasing factor 2 isoform X4 [Sturnira hondurensis]	192404
XP_036190675.1	XP_032966395	29.395	347	1333	1239	25	1.88e-33	146	ras-specific guanine nucleotide-releasing factor 2 isoform X4 [Rhinolophus ferrumequinum]	59479
XP_036190675.1	XP_035876375	28.739	341	1333	1197	25	1.88e-33	146	ras-specific guanine nucleotide-releasing factor 2 isoform X5 [Phyllostomus discolor]	89673
XP_036190675.1	XP_032966398	29.395	347	1333	1197	25	1.90e-33	146	ras-specific guanine nucleotide-releasing factor 2 isoform X7 [Rhinolophus ferrumequinum]	59479
XP_036190675.1	XP_054434522	29.275	345	1333	1268	25	2.03e-33	146	LOW QUALITY PROTEIN: ras-specific guanine nucleotide-releasing factor 2 [Pteronotus mesoamericanus]	1884717
XP_036190675.1	XP_037015212	28.739	341	1333	1197	25	2.05e-33	146	ras-specific guanine nucleotide-releasing factor 2 isoform X4 [Artibeus jamaicensis]	9417
XP_036190675.1	XP_053768148	28.739	341	1333	1239	25	2.12e-33	146	ras-specific guanine nucleotide-releasing factor 2 isoform X2 [Desmodus rotundus]	9430
XP_036190675.1	XP_053768147	28.739	341	1333	1240	25	2.14e-33	146	ras-specific guanine nucleotide-releasing factor 2 isoform X1 [Desmodus rotundus]	9430
XP_036190675.1	XP_032966397	29.395	347	1333	1211	25	2.24e-33	146	ras-specific guanine nucleotide-releasing factor 2 isoform X6 [Rhinolophus ferrumequinum]	59479
XP_036190675.1	XP_053768150	28.739	341	1333	1198	25	2.31e-33	146	ras-specific guanine nucleotide-releasing factor 2 isoform X4 [Desmodus rotundus]	9430
XP_036190675.1	XP_053768151	28.698	338	1333	1197	25	2.33e-33	146	ras-specific guanine nucleotide-releasing factor 2 isoform X5 [Desmodus rotundus]	9430
XP_036190675.1	XP_032966396	29.395	347	1333	1212	25	2.34e-33	146	ras-specific guanine nucleotide-releasing factor 2 isoform X5 [Rhinolophus ferrumequinum]	59479
XP_036190675.1	XP_035876376	28.698	338	1333	1155	25	2.67e-33	146	ras-specific guanine nucleotide-releasing factor 2 isoform X6 [Phyllostomus discolor]	89673
XP_036190675.1	XP_053520456	28.698	338	1333	1155	25	3.11e-33	145	ras-specific guanine nucleotide-releasing factor 2 isoform X7 [Artibeus jamaicensis]	9417
XP_036190675.1	XP_037015213	28.698	338	1333	1167	25	3.23e-33	145	ras-specific guanine nucleotide-releasing factor 2 isoform X5 [Artibeus jamaicensis]	9417
XP_036190675.1	XP_053768152	28.739	341	1333	1197	25	3.79e-33	145	ras-specific guanine nucleotide-releasing factor 2 isoform X6 [Desmodus rotundus]	9430
XP_036190675.1	XP_053768153	28.698	338	1333	1155	25	4.13e-33	145	ras-specific guanine nucleotide-releasing factor 2 isoform X7 [Desmodus rotundus]	9430
XP_036190675.1	XP_080909010	29.395	347	1333	1253	25	4.38e-33	145	ras-specific guanine nucleotide-releasing factor 2 isoform 2 [Rhinolophus hipposideros]	77218
XP_036190675.1	XP_080909009	29.395	347	1333	1254	25	4.39e-33	145	ras-specific guanine nucleotide-releasing factor 2 isoform 1 [Rhinolophus hipposideros]	77218
XP_036190675.1	XP_036265075	27.273	341	1333	1239	25	4.40e-33	145	ras-specific guanine nucleotide-releasing factor 2 isoform X2 [Pipistrellus kuhlii]	59472
XP_036190675.1	XP_045427629	27.273	341	1333	1198	25	4.46e-33	145	ras-specific guanine nucleotide-releasing factor 2 isoform X3 [Pipistrellus kuhlii]	59472
XP_036190675.1	XP_036265077	27.273	341	1333	1197	25	4.54e-33	145	ras-specific guanine nucleotide-releasing factor 2 isoform X4 [Pipistrellus kuhlii]	59472
XP_036190675.1	XP_080909011	29.395	347	1333	1240	25	4.60e-33	145	ras-specific guanine nucleotide-releasing factor 2 isoform 3 [Rhinolophus hipposideros]	77218
XP_036190675.1	XP_045427628	27.273	341	1333	1240	25	4.64e-33	145	ras-specific guanine nucleotide-releasing factor 2 isoform X1 [Pipistrellus kuhlii]	59472
XP_036190675.1	XP_080909012	29.395	347	1333	1239	25	4.76e-33	145	ras-specific guanine nucleotide-releasing factor 2 isoform 4 [Rhinolophus hipposideros]	77218
XP_036190675.1	XP_080909015	29.360	344	1333	1197	25	5.29e-33	145	ras-specific guanine nucleotide-releasing factor 2 isoform 7 [Rhinolophus hipposideros]	77218
XP_036190675.1	XP_080909014	29.360	344	1333	1211	25	5.31e-33	145	ras-specific guanine nucleotide-releasing factor 2 isoform 6 [Rhinolophus hipposideros]	77218
XP_036190675.1	XP_080909013	29.360	344	1333	1212	25	5.41e-33	145	ras-specific guanine nucleotide-releasing factor 2 isoform 5 [Rhinolophus hipposideros]	77218
XP_036190675.1	XP_036134445	28.529	340	1333	1239	25	5.45e-33	145	ras-specific guanine nucleotide-releasing factor 2 isoform X2 [Molossus molossus]	27622
XP_036190675.1	XP_036134447	28.529	340	1333	1197	25	5.52e-33	145	ras-specific guanine nucleotide-releasing factor 2 isoform X4 [Molossus molossus]	27622
XP_036190675.1	XP_036134446	28.529	340	1333	1198	25	5.52e-33	145	ras-specific guanine nucleotide-releasing factor 2 isoform X3 [Molossus molossus]	27622
XP_036190675.1	XP_036134444	28.529	340	1333	1240	25	5.64e-33	145	ras-specific guanine nucleotide-releasing factor 2 isoform X1 [Molossus molossus]	27622
XP_036190675.1	XP_079654484	28.530	347	1333	1240	25	1.77e-32	143	ras-specific guanine nucleotide-releasing factor 2 isoform 1 [Cnephaeus nilssonii]	3371016
XP_036190675.1	XP_079654485	28.488	344	1333	1198	25	2.24e-32	143	ras-specific guanine nucleotide-releasing factor 2 isoform 2 [Cnephaeus nilssonii]	3371016
XP_036190675.1	XP_054571094	27.405	343	1333	1239	25	2.28e-32	143	ras-specific guanine nucleotide-releasing factor 2 [Eptesicus fuscus]	29078
XP_036190675.1	XP_059550177	27.405	343	1333	1239	25	2.49e-32	143	ras-specific guanine nucleotide-releasing factor 2 isoform X2 [Myotis daubentonii]	98922
XP_036190675.1	XP_059550176	27.405	343	1333	1240	25	2.49e-32	143	ras-specific guanine nucleotide-releasing factor 2 isoform X1 [Myotis daubentonii]	98922
XP_036190675.1	XP_023606087	27.405	343	1333	1115	25	2.63e-32	142	ras-specific guanine nucleotide-releasing factor 2 isoform X2 [Myotis lucifugus]	59463
XP_036190675.1	XP_080536093	27.405	343	1333	1239	25	2.66e-32	142	ras-specific guanine nucleotide-releasing factor 2 isoform 1 [Plecotus auritus]	61862
XP_036190675.1	XP_070268363	27.353	340	1333	1239	25	2.85e-32	142	ras-specific guanine nucleotide-releasing factor 2 isoform X1 [Myotis yumanensis]	159337
XP_036190675.1	XP_080536095	27.353	340	1333	1197	25	2.99e-32	142	ras-specific guanine nucleotide-releasing factor 2 isoform 3 [Plecotus auritus]	61862
XP_036190675.1	XP_080536094	27.353	340	1333	1198	25	3.07e-32	142	ras-specific guanine nucleotide-releasing factor 2 isoform 2 [Plecotus auritus]	61862
XP_036190675.1	XP_015423350	26.781	407	1333	1236	30	3.09e-32	142	PREDICTED: rap guanine nucleotide exchange factor 1 isoform X7 [Myotis davidii]	225400
XP_036190675.1	XP_023606078	27.353	340	1333	1122	25	3.17e-32	142	ras-specific guanine nucleotide-releasing factor 2 isoform X1 [Myotis lucifugus]	59463
XP_036190675.1	XP_059550178	27.353	340	1333	1197	25	3.20e-32	142	ras-specific guanine nucleotide-releasing factor 2 isoform X3 [Myotis daubentonii]	98922
XP_036190675.1	XP_015423357	26.781	407	1333	1229	30	3.32e-32	142	PREDICTED: rap guanine nucleotide exchange factor 1 isoform X8 [Myotis davidii]	225400
XP_036190675.1	XP_070268366	27.353	340	1333	1197	25	3.43e-32	142	ras-specific guanine nucleotide-releasing factor 2 isoform X3 [Myotis yumanensis]	159337
XP_036190675.1	XP_070268365	27.353	340	1333	1198	25	3.52e-32	142	ras-specific guanine nucleotide-releasing factor 2 isoform X2 [Myotis yumanensis]	159337
XP_036190675.1	XP_006754242	26.781	407	1333	1267	30	3.58e-32	142	PREDICTED: rap guanine nucleotide exchange factor 1 isoform X6 [Myotis davidii]	225400
XP_036190675.1	XP_080944773	27.114	343	1333	1239	25	3.74e-32	142	ras-specific guanine nucleotide-releasing factor 2 isoform 2 [Myotis nattereri]	109481
XP_036190675.1	XP_080944772	27.059	340	1333	1288	25	4.35e-32	142	ras-specific guanine nucleotide-releasing factor 2 isoform 1 [Myotis nattereri]	109481
XP_036190675.1	XP_036166111	27.114	343	1333	1239	25	4.71e-32	142	ras-specific guanine nucleotide-releasing factor 2 isoform X1 [Myotis myotis]	51298
XP_036190675.1	XP_015427148	27.059	340	1333	1123	25	4.82e-32	142	PREDICTED: ras-specific guanine nucleotide-releasing factor 2 [Myotis davidii]	225400
XP_036190675.1	XP_014405680	27.353	340	1333	1123	25	5.16e-32	142	PREDICTED: ras-specific guanine nucleotide-releasing factor 2 [Myotis brandtii]	109478
XP_036190675.1	XP_080944774	27.059	340	1333	1197	25	5.48e-32	142	ras-specific guanine nucleotide-releasing factor 2 isoform 3 [Myotis nattereri]	109481
XP_036190675.1	XP_006754244	26.781	407	1333	1092	30	5.85e-32	141	PREDICTED: rap guanine nucleotide exchange factor 1 isoform X10 [Myotis davidii]	225400
XP_036190675.1	XP_036166112	27.059	340	1333	1197	25	6.38e-32	141	ras-specific guanine nucleotide-releasing factor 2 isoform X2 [Myotis myotis]	51298
XP_036190675.1	XP_036276353	27.723	404	1333	1257	30	6.61e-32	141	rap guanine nucleotide exchange factor 1 isoform X5 [Pipistrellus kuhlii]	59472
XP_036190675.1	XP_036276350	27.723	404	1333	1294	30	6.62e-32	141	rap guanine nucleotide exchange factor 1 isoform X2 [Pipistrellus kuhlii]	59472
XP_036190675.1	XP_036276354	27.723	404	1333	1254	30	6.65e-32	141	rap guanine nucleotide exchange factor 1 isoform X6 [Pipistrellus kuhlii]	59472
XP_036190675.1	XP_036276349	27.723	404	1333	1295	30	6.80e-32	141	rap guanine nucleotide exchange factor 1 isoform X1 [Pipistrellus kuhlii]	59472
XP_036190675.1	XP_036276348	27.723	404	1333	1295	30	6.80e-32	141	rap guanine nucleotide exchange factor 1 isoform X1 [Pipistrellus kuhlii]	59472
XP_036190675.1	XP_036276355	27.723	404	1333	1242	30	6.87e-32	141	rap guanine nucleotide exchange factor 1 isoform X7 [Pipistrellus kuhlii]	59472
XP_036190675.1	XP_070268367	27.907	344	1333	1125	25	6.92e-32	141	ras-specific guanine nucleotide-releasing factor 2 isoform X4 [Myotis yumanensis]	159337
XP_036190675.1	XP_036276356	27.723	404	1333	1225	30	8.24e-32	141	rap guanine nucleotide exchange factor 1 isoform X8 [Pipistrellus kuhlii]	59472
XP_036190675.1	XP_036276352	27.723	404	1333	1264	30	8.36e-32	141	rap guanine nucleotide exchange factor 1 isoform X4 [Pipistrellus kuhlii]	59472
XP_036190675.1	XP_036276351	27.723	404	1333	1267	30	8.97e-32	141	rap guanine nucleotide exchange factor 1 isoform X3 [Pipistrellus kuhlii]	59472
XP_036190675.1	XP_014385373	26.733	404	1333	1305	30	1.07e-31	140	PREDICTED: rap guanine nucleotide exchange factor 1 isoform X4 [Myotis brandtii]	109478
XP_036190675.1	XP_036276359	27.723	404	1333	1080	30	1.11e-31	140	rap guanine nucleotide exchange factor 1 isoform X12 [Pipistrellus kuhlii]	59472
XP_036190675.1	XP_037014413	26.733	404	1333	1231	30	1.12e-31	140	rap guanine nucleotide exchange factor 1 isoform X4 [Artibeus jamaicensis]	9417
XP_036190675.1	XP_036276358	27.723	404	1333	1118	30	1.18e-31	140	rap guanine nucleotide exchange factor 1 isoform X11 [Pipistrellus kuhlii]	59472
XP_036190675.1	XP_039718843	26.733	404	1333	1229	30	1.28e-31	140	rap guanine nucleotide exchange factor 1 isoform X7 [Pteropus medius]	143291
XP_036190675.1	XP_036276357	27.723	404	1333	1171	30	1.31e-31	140	rap guanine nucleotide exchange factor 1 isoform X10 [Pipistrellus kuhlii]	59472
XP_036190675.1	XP_053523606	26.733	404	1333	1318	30	1.40e-31	140	rap guanine nucleotide exchange factor 1 isoform X1 [Artibeus jamaicensis]	9417
XP_036190675.1	XP_023603561	26.733	404	1333	1262	30	1.40e-31	140	rap guanine nucleotide exchange factor 1 isoform X1 [Myotis lucifugus]	59463
XP_036190675.1	XP_053523607	26.733	404	1333	1294	30	1.41e-31	140	rap guanine nucleotide exchange factor 1 isoform X2 [Artibeus jamaicensis]	9417
XP_036190675.1	XP_019584445	26.733	404	1333	1223	30	1.42e-31	140	rap guanine nucleotide exchange factor 1 isoform X5 [Rhinolophus sinicus]	89399
XP_036190675.1	XP_039718842	26.733	404	1333	1267	30	1.45e-31	140	rap guanine nucleotide exchange factor 1 isoform X6 [Pteropus medius]	143291
XP_036190675.1	XP_037014412	26.733	404	1333	1268	30	1.46e-31	140	rap guanine nucleotide exchange factor 1 isoform X3 [Artibeus jamaicensis]	9417
XP_036190675.1	XP_074187329	26.733	404	1333	1270	30	1.47e-31	140	rap guanine nucleotide exchange factor 1 isoform X4 [Rhinolophus sinicus]	89399
XP_036190675.1	XP_059514345	27.475	404	1333	1266	30	1.49e-31	140	rap guanine nucleotide exchange factor 1 isoform X3 [Myotis daubentonii]	98922
XP_036190675.1	XP_037014404	26.733	404	1333	1147	30	1.50e-31	140	rap guanine nucleotide exchange factor 1 isoform X5 [Artibeus jamaicensis]	9417
XP_036190675.1	XP_074187331	26.733	404	1333	1233	30	1.59e-31	140	rap guanine nucleotide exchange factor 1 isoform X7 [Rhinolophus sinicus]	89399
XP_036190675.1	XP_074187328	26.733	404	1333	1271	30	1.62e-31	140	rap guanine nucleotide exchange factor 1 isoform X3 [Rhinolophus sinicus]	89399
XP_036190675.1	XP_053775460	26.733	404	1333	1231	30	1.64e-31	140	rap guanine nucleotide exchange factor 1 isoform X8 [Desmodus rotundus]	9430
XP_036190675.1	XP_074187327	26.733	404	1333	1297	30	1.67e-31	140	rap guanine nucleotide exchange factor 1 isoform X1 [Rhinolophus sinicus]	89399
XP_036190675.1	XP_037014411	26.733	404	1333	1056	30	1.68e-31	140	rap guanine nucleotide exchange factor 1 isoform X7 [Artibeus jamaicensis]	9417
XP_036190675.1	XP_036892259	26.485	404	1333	1226	30	1.72e-31	140	rap guanine nucleotide exchange factor 1 isoform X2 [Sturnira hondurensis]	192404
XP_036190675.1	XP_005882200	26.733	404	1333	1093	30	1.72e-31	140	PREDICTED: rap guanine nucleotide exchange factor 1 isoform X6 [Myotis brandtii]	109478
XP_036190675.1	XP_074187332	26.733	404	1333	1191	30	1.74e-31	140	rap guanine nucleotide exchange factor 1 isoform X8 [Rhinolophus sinicus]	89399
XP_036190675.1	XP_037014410	26.733	404	1333	1094	30	1.74e-31	140	rap guanine nucleotide exchange factor 1 isoform X6 [Artibeus jamaicensis]	9417
XP_036190675.1	XP_039718836	26.733	404	1333	1106	30	1.76e-31	140	rap guanine nucleotide exchange factor 1 isoform X1 [Pteropus medius]	143291
XP_036190675.1	XP_039718838	26.733	404	1333	1092	30	1.76e-31	140	rap guanine nucleotide exchange factor 1 isoform X3 [Pteropus medius]	143291
XP_036190675.1	XP_019584442	26.733	404	1333	1272	30	1.77e-31	140	rap guanine nucleotide exchange factor 1 isoform X2 [Rhinolophus sinicus]	89399
XP_036190675.1	XP_039718841	26.733	404	1333	1054	30	1.81e-31	140	rap guanine nucleotide exchange factor 1 isoform X5 [Pteropus medius]	143291
XP_036190675.1	XP_036073974	26.733	404	1333	1053	30	1.84e-31	140	rap guanine nucleotide exchange factor 1 isoform X10 [Rousettus aegyptiacus]	9407
XP_036190675.1	XP_045052923	26.733	404	1333	1269	30	1.85e-31	140	rap guanine nucleotide exchange factor 1 isoform X3 [Desmodus rotundus]	9430
XP_036190675.1	XP_039718839	26.733	404	1333	1068	30	1.86e-31	140	rap guanine nucleotide exchange factor 1 isoform X4 [Pteropus medius]	143291
XP_036190675.1	XP_036073973	26.733	404	1333	1085	30	1.87e-31	140	rap guanine nucleotide exchange factor 1 isoform X8 [Rousettus aegyptiacus]	9407
XP_036190675.1	XP_015449724	26.733	404	1333	1106	30	1.89e-31	140	rap guanine nucleotide exchange factor 1 [Pteropus alecto]	9402
XP_036190675.1	XP_036892262	26.485	404	1333	1219	30	1.96e-31	140	rap guanine nucleotide exchange factor 1 isoform X3 [Sturnira hondurensis]	192404
XP_036190675.1	XP_036892258	26.485	404	1333	1257	30	1.98e-31	140	rap guanine nucleotide exchange factor 1 isoform X1 [Sturnira hondurensis]	192404
XP_036190675.1	XP_032978626	26.733	404	1333	1271	30	1.99e-31	140	rap guanine nucleotide exchange factor 1 isoform X4 [Rhinolophus ferrumequinum]	59479
XP_036190675.1	XP_035878281	26.733	404	1333	1268	30	2.03e-31	140	rap guanine nucleotide exchange factor 1 isoform X1 [Phyllostomus discolor]	89673
XP_036190675.1	XP_015989360	26.733	404	1333	1091	30	2.04e-31	139	rap guanine nucleotide exchange factor 1 isoform X9 [Rousettus aegyptiacus]	9407
XP_036190675.1	XP_045052922	26.733	404	1333	1269	30	2.07e-31	140	rap guanine nucleotide exchange factor 1 isoform X4 [Desmodus rotundus]	9430
XP_036190675.1	XP_032978627	26.733	404	1333	1270	30	2.07e-31	140	rap guanine nucleotide exchange factor 1 isoform X5 [Rhinolophus ferrumequinum]	59479
XP_036190675.1	XP_045701942	26.733	404	1333	1238	30	2.13e-31	140	rap guanine nucleotide exchange factor 1 isoform X7 [Phyllostomus hastatus]	9423
XP_036190675.1	XP_036073969	26.733	404	1333	1228	30	2.13e-31	140	rap guanine nucleotide exchange factor 1 isoform X4 [Rousettus aegyptiacus]	9407
XP_036190675.1	XP_045052921	26.733	404	1333	1270	30	2.14e-31	140	rap guanine nucleotide exchange factor 1 isoform X1 [Desmodus rotundus]	9430
XP_036190675.1	XP_045701941	26.733	404	1333	1239	30	2.16e-31	140	rap guanine nucleotide exchange factor 1 isoform X6 [Phyllostomus hastatus]	9423
XP_036190675.1	XP_036116528	26.733	404	1333	1231	30	2.17e-31	140	rap guanine nucleotide exchange factor 1 isoform X3 [Molossus molossus]	27622
XP_036190675.1	XP_053775450	26.733	404	1333	1268	30	2.20e-31	140	rap guanine nucleotide exchange factor 1 isoform X5 [Desmodus rotundus]	9430
XP_036190675.1	XP_015989354	26.733	404	1333	1252	30	2.23e-31	140	rap guanine nucleotide exchange factor 1 isoform X3 [Rousettus aegyptiacus]	9407
XP_036190675.1	XP_045701945	26.733	404	1333	1231	30	2.23e-31	140	rap guanine nucleotide exchange factor 1 isoform X9 [Phyllostomus hastatus]	9423
XP_036190675.1	XP_019494394	27.475	404	1333	1269	30	2.24e-31	140	PREDICTED: rap guanine nucleotide exchange factor 1 isoform X4 [Hipposideros armiger]	186990
XP_036190675.1	XP_035878282	26.733	404	1333	1231	30	2.24e-31	140	rap guanine nucleotide exchange factor 1 isoform X2 [Phyllostomus discolor]	89673
XP_036190675.1	XP_019494403	27.475	404	1333	1265	30	2.25e-31	140	PREDICTED: rap guanine nucleotide exchange factor 1 isoform X5 [Hipposideros armiger]	186990
XP_036190675.1	XP_053775446	26.733	404	1333	1269	30	2.25e-31	140	rap guanine nucleotide exchange factor 1 isoform X2 [Desmodus rotundus]	9430
XP_036190675.1	XP_054440171	26.733	404	1333	1238	30	2.26e-31	140	rap guanine nucleotide exchange factor 1 isoform X3 [Pteronotus mesoamericanus]	1884717
XP_036190675.1	XP_074187330	26.733	404	1333	1240	30	2.26e-31	140	rap guanine nucleotide exchange factor 1 isoform X6 [Rhinolophus sinicus]	89399
XP_036190675.1	XP_015989353	26.733	404	1333	1266	30	2.27e-31	140	rap guanine nucleotide exchange factor 1 isoform X2 [Rousettus aegyptiacus]	9407
XP_036190675.1	XP_074187335	26.733	404	1333	1096	30	2.29e-31	139	rap guanine nucleotide exchange factor 1 isoform X12 [Rhinolophus sinicus]	89399
XP_036190675.1	XP_036073972	26.733	404	1333	1092	30	2.30e-31	139	rap guanine nucleotide exchange factor 1 isoform X7 [Rousettus aegyptiacus]	9407
XP_036190675.1	XP_081006638	26.733	404	1333	1256	30	2.35e-31	139	rap guanine nucleotide exchange factor 1 isoform 1 [Miniopterus schreibersii]	9433
XP_036190675.1	XP_019494375	27.475	404	1333	1295	30	2.36e-31	140	PREDICTED: rap guanine nucleotide exchange factor 1 isoform X2 [Hipposideros armiger]	186990
XP_036190675.1	XP_036073971	26.733	404	1333	1123	30	2.38e-31	139	rap guanine nucleotide exchange factor 1 isoform X6 [Rousettus aegyptiacus]	9407
XP_036190675.1	XP_071076986	26.733	404	1333	1231	30	2.38e-31	139	rap guanine nucleotide exchange factor 1 isoform X9 [Desmodus rotundus]	9430
XP_036190675.1	XP_045052925	26.733	404	1333	1232	30	2.38e-31	139	rap guanine nucleotide exchange factor 1 isoform X7 [Desmodus rotundus]	9430
XP_036190675.1	XP_015989352	26.733	404	1333	1267	30	2.39e-31	139	rap guanine nucleotide exchange factor 1 isoform X1 [Rousettus aegyptiacus]	9407
XP_036190675.1	XP_019494412	27.475	404	1333	1258	30	2.39e-31	139	PREDICTED: rap guanine nucleotide exchange factor 1 isoform X6 [Hipposideros armiger]	186990
XP_036190675.1	XP_045701936	26.733	404	1333	1270	30	2.39e-31	139	rap guanine nucleotide exchange factor 1 isoform X1 [Phyllostomus hastatus]	9423
XP_036190675.1	XP_074187336	26.733	404	1333	1058	30	2.40e-31	139	rap guanine nucleotide exchange factor 1 isoform X13 [Rhinolophus sinicus]	89399
XP_036190675.1	XP_039718837	26.733	404	1333	1093	30	2.40e-31	139	rap guanine nucleotide exchange factor 1 isoform X2 [Pteropus medius]	143291
XP_036190675.1	XP_019584447	26.733	404	1333	1086	30	2.44e-31	139	rap guanine nucleotide exchange factor 1 isoform X9 [Rhinolophus sinicus]	89399
XP_036190675.1	XP_036073970	26.733	404	1333	1145	30	2.46e-31	139	rap guanine nucleotide exchange factor 1 isoform X5 [Rousettus aegyptiacus]	9407
XP_036190675.1	XP_054440170	26.733	404	1333	1268	30	2.47e-31	139	rap guanine nucleotide exchange factor 1 isoform X2 [Pteronotus mesoamericanus]	1884717
XP_036190675.1	XP_023603563	26.733	404	1333	1087	30	2.49e-31	139	rap guanine nucleotide exchange factor 1 isoform X2 [Myotis lucifugus]	59463
XP_036190675.1	XP_054440169	26.733	404	1333	1269	30	2.50e-31	139	rap guanine nucleotide exchange factor 1 isoform X1 [Pteronotus mesoamericanus]	1884717
XP_036190675.1	XP_054440172	26.733	404	1333	1231	30	2.51e-31	139	rap guanine nucleotide exchange factor 1 isoform X4 [Pteronotus mesoamericanus]	1884717
XP_036190675.1	XP_036116527	26.733	404	1333	1268	30	2.52e-31	139	rap guanine nucleotide exchange factor 1 isoform X2 [Molossus molossus]	27622
XP_036190675.1	XP_045701938	26.733	404	1333	1269	30	2.52e-31	139	rap guanine nucleotide exchange factor 1 isoform X3 [Phyllostomus hastatus]	9423
XP_036190675.1	XP_019494365	27.475	404	1333	1296	30	2.52e-31	139	PREDICTED: rap guanine nucleotide exchange factor 1 isoform X1 [Hipposideros armiger]	186990
XP_036190675.1	XP_045701939	26.733	404	1333	1268	30	2.54e-31	139	rap guanine nucleotide exchange factor 1 isoform X4 [Phyllostomus hastatus]	9423
XP_036190675.1	XP_045052924	26.733	404	1333	1239	30	2.55e-31	139	rap guanine nucleotide exchange factor 1 isoform X6 [Desmodus rotundus]	9430
XP_036190675.1	XP_054440174	26.733	404	1333	1230	30	2.55e-31	139	rap guanine nucleotide exchange factor 1 isoform X5 [Pteronotus mesoamericanus]	1884717
XP_036190675.1	XP_053775492	26.733	404	1333	1056	30	2.56e-31	139	rap guanine nucleotide exchange factor 1 isoform X15 [Desmodus rotundus]	9430
XP_036190675.1	XP_045701940	26.733	404	1333	1263	30	2.57e-31	139	rap guanine nucleotide exchange factor 1 isoform X5 [Phyllostomus hastatus]	9423
XP_036190675.1	XP_074187333	26.733	404	1333	1079	30	2.57e-31	139	rap guanine nucleotide exchange factor 1 isoform X10 [Rhinolophus sinicus]	89399
XP_036190675.1	XP_032978629	26.733	404	1333	1267	30	2.58e-31	139	rap guanine nucleotide exchange factor 1 isoform X6 [Rhinolophus ferrumequinum]	59479
XP_036190675.1	XP_081006639	26.733	404	1333	1186	30	2.58e-31	139	rap guanine nucleotide exchange factor 1 isoform 2 [Miniopterus schreibersii]	9433
XP_036190675.1	XP_032978632	26.733	404	1333	1233	30	2.60e-31	139	rap guanine nucleotide exchange factor 1 isoform X9 [Rhinolophus ferrumequinum]	59479
XP_036190675.1	XP_019494384	27.475	404	1333	1270	30	2.61e-31	139	PREDICTED: rap guanine nucleotide exchange factor 1 isoform X3 [Hipposideros armiger]	186990
XP_036190675.1	XP_045701937	26.733	404	1333	1269	30	2.63e-31	139	rap guanine nucleotide exchange factor 1 isoform X2 [Phyllostomus hastatus]	9423
XP_036190675.1	XP_080921946	26.733	404	1333	1271	30	2.63e-31	139	rap guanine nucleotide exchange factor 1 [Rhinolophus hipposideros]	77218
XP_036190675.1	XP_045701944	26.733	404	1333	1232	30	2.64e-31	139	rap guanine nucleotide exchange factor 1 isoform X8 [Phyllostomus hastatus]	9423
XP_036190675.1	XP_036116525	26.733	404	1333	1269	30	2.65e-31	139	rap guanine nucleotide exchange factor 1 isoform X1 [Molossus molossus]	27622
XP_036190675.1	XP_019494454	27.475	404	1333	1094	30	2.69e-31	139	PREDICTED: rap guanine nucleotide exchange factor 1 isoform X12 [Hipposideros armiger]	186990
XP_036190675.1	XP_035878283	26.733	404	1333	1056	30	2.74e-31	139	rap guanine nucleotide exchange factor 1 isoform X4 [Phyllostomus discolor]	89673
XP_036190675.1	XP_036116529	26.733	404	1333	1094	30	2.80e-31	139	rap guanine nucleotide exchange factor 1 isoform X4 [Molossus molossus]	27622
XP_036190675.1	XP_019584448	26.733	404	1333	1097	30	2.84e-31	139	rap guanine nucleotide exchange factor 1 isoform X11 [Rhinolophus sinicus]	89399
XP_036190675.1	XP_019494438	27.475	404	1333	1173	30	2.85e-31	139	PREDICTED: rap guanine nucleotide exchange factor 1 isoform X9 [Hipposideros armiger]	186990
XP_036190675.1	XP_036892264	26.485	404	1333	1082	30	2.86e-31	139	rap guanine nucleotide exchange factor 1 isoform X5 [Sturnira hondurensis]	192404
XP_036190675.1	XP_019508128	29.530	298	1333	1231	22	2.87e-31	139	PREDICTED: ras-specific guanine nucleotide-releasing factor 2 [Hipposideros armiger]	186990
XP_036190675.1	XP_066222946	26.733	404	1333	1146	30	2.89e-31	139	rap guanine nucleotide exchange factor 1 isoform X10 [Saccopteryx leptura]	249018
XP_036190675.1	XP_028378218	26.733	404	1333	1094	30	3.00e-31	139	rap guanine nucleotide exchange factor 1 isoform X3 [Phyllostomus discolor]	89673
XP_036190675.1	XP_036116530	26.733	404	1333	1056	30	3.01e-31	139	rap guanine nucleotide exchange factor 1 isoform X5 [Molossus molossus]	27622
XP_036190675.1	XP_019494430	27.475	404	1333	1174	30	3.03e-31	139	PREDICTED: rap guanine nucleotide exchange factor 1 isoform X8 [Hipposideros armiger]	186990
XP_036190675.1	XP_045052926	26.733	404	1333	1148	30	3.03e-31	139	rap guanine nucleotide exchange factor 1 isoform X10 [Desmodus rotundus]	9430
XP_036190675.1	XP_024418184	26.733	404	1333	1088	30	3.03e-31	139	rap guanine nucleotide exchange factor 1 isoform X14 [Desmodus rotundus]	9430
XP_036190675.1	XP_036892263	26.485	404	1333	1135	30	3.04e-31	139	rap guanine nucleotide exchange factor 1 isoform X4 [Sturnira hondurensis]	192404
XP_036190675.1	XP_032978625	26.733	404	1333	1272	30	3.04e-31	139	rap guanine nucleotide exchange factor 1 isoform X3 [Rhinolophus ferrumequinum]	59479
XP_036190675.1	XP_066222942	26.733	404	1333	1199	30	3.07e-31	139	rap guanine nucleotide exchange factor 1 isoform X6 [Saccopteryx leptura]	249018
XP_036190675.1	XP_032978638	26.733	404	1333	1058	30	3.07e-31	139	rap guanine nucleotide exchange factor 1 isoform X15 [Rhinolophus ferrumequinum]	59479
XP_036190675.1	XP_032978637	26.733	404	1333	1096	30	3.09e-31	139	rap guanine nucleotide exchange factor 1 isoform X14 [Rhinolophus ferrumequinum]	59479
XP_036190675.1	XP_024418183	26.733	404	1333	1095	30	3.14e-31	139	rap guanine nucleotide exchange factor 1 isoform X12 [Desmodus rotundus]	9430
XP_036190675.1	XP_066222939	26.733	404	1333	1237	30	3.14e-31	139	rap guanine nucleotide exchange factor 1 isoform X3 [Saccopteryx leptura]	249018
XP_036190675.1	XP_032978623	26.733	404	1333	1298	30	3.15e-31	139	rap guanine nucleotide exchange factor 1 isoform X1 [Rhinolophus ferrumequinum]	59479
XP_036190675.1	XP_032978631	26.733	404	1333	1245	30	3.19e-31	139	rap guanine nucleotide exchange factor 1 isoform X8 [Rhinolophus ferrumequinum]	59479
XP_036190675.1	XP_032978624	26.733	404	1333	1297	30	3.21e-31	139	rap guanine nucleotide exchange factor 1 isoform X2 [Rhinolophus ferrumequinum]	59479
XP_036190675.1	XP_053775484	26.733	404	1333	1094	30	3.22e-31	139	rap guanine nucleotide exchange factor 1 isoform X13 [Desmodus rotundus]	9430
XP_036190675.1	XP_066222944	26.733	404	1333	1185	30	3.22e-31	139	rap guanine nucleotide exchange factor 1 isoform X8 [Saccopteryx leptura]	249018
XP_036190675.1	XP_066112015	26.733	404	1333	1185	30	3.22e-31	139	rap guanine nucleotide exchange factor 1 isoform X8 [Saccopteryx bilineata]	59482
XP_036190675.1	XP_016052085	26.733	404	1333	1100	30	3.27e-31	139	PREDICTED: rap guanine nucleotide exchange factor 1 isoform X2 [Miniopterus natalensis]	291302
XP_036190675.1	XP_045701947	26.733	404	1333	1094	30	3.27e-31	139	rap guanine nucleotide exchange factor 1 isoform X11 [Phyllostomus hastatus]	9423
XP_036190675.1	XP_066222937	26.733	404	1333	1238	30	3.28e-31	139	rap guanine nucleotide exchange factor 1 isoform X1 [Saccopteryx leptura]	249018
XP_036190675.1	XP_024418181	26.733	404	1333	1126	30	3.33e-31	139	rap guanine nucleotide exchange factor 1 isoform X11 [Desmodus rotundus]	9430
XP_036190675.1	XP_066112011	26.733	404	1333	1236	30	3.33e-31	139	rap guanine nucleotide exchange factor 1 isoform X4 [Saccopteryx bilineata]	59482
XP_036190675.1	XP_066112013	26.733	404	1333	1199	30	3.34e-31	139	rap guanine nucleotide exchange factor 1 isoform X6 [Saccopteryx bilineata]	59482
XP_036190675.1	XP_045701946	26.733	404	1333	1095	30	3.36e-31	139	rap guanine nucleotide exchange factor 1 isoform X10 [Phyllostomus hastatus]	9423
XP_036190675.1	XP_054440176	26.733	404	1333	1056	30	3.37e-31	139	rap guanine nucleotide exchange factor 1 isoform X7 [Pteronotus mesoamericanus]	1884717
XP_036190675.1	XP_066112014	26.733	404	1333	1199	30	3.37e-31	139	rap guanine nucleotide exchange factor 1 isoform X7 [Saccopteryx bilineata]	59482
XP_036190675.1	XP_066222949	26.733	404	1333	1093	30	3.38e-31	139	rap guanine nucleotide exchange factor 1 isoform X12 [Saccopteryx leptura]	249018
XP_036190675.1	XP_066112008	26.733	404	1333	1237	30	3.39e-31	139	rap guanine nucleotide exchange factor 1 isoform X2 [Saccopteryx bilineata]	59482
XP_036190675.1	XP_066222940	26.733	404	1333	1236	30	3.45e-31	139	rap guanine nucleotide exchange factor 1 isoform X4 [Saccopteryx leptura]	249018
XP_036190675.1	XP_019494446	27.475	404	1333	1121	30	3.46e-31	139	PREDICTED: rap guanine nucleotide exchange factor 1 isoform X11 [Hipposideros armiger]	186990
XP_036190675.1	XP_070286504	26.485	404	1333	1259	30	3.51e-31	139	rap guanine nucleotide exchange factor 1 isoform X1 [Myotis yumanensis]	159337
XP_036190675.1	XP_045701948	26.733	404	1333	1056	30	3.55e-31	139	rap guanine nucleotide exchange factor 1 isoform X12 [Phyllostomus hastatus]	9423
XP_036190675.1	XP_019494440	27.475	404	1333	1152	30	3.57e-31	139	PREDICTED: rap guanine nucleotide exchange factor 1 isoform X10 [Hipposideros armiger]	186990
XP_036190675.1	XP_032978630	26.733	404	1333	1260	30	3.61e-31	139	rap guanine nucleotide exchange factor 1 isoform X7 [Rhinolophus ferrumequinum]	59479
XP_036190675.1	XP_066112012	26.733	404	1333	1200	30	3.61e-31	139	rap guanine nucleotide exchange factor 1 isoform X5 [Saccopteryx bilineata]	59482
XP_036190675.1	XP_066112019	26.733	404	1333	1055	30	3.63e-31	139	rap guanine nucleotide exchange factor 1 isoform X12 [Saccopteryx bilineata]	59482
XP_036190675.1	XP_066222938	26.733	404	1333	1237	30	3.63e-31	139	rap guanine nucleotide exchange factor 1 isoform X2 [Saccopteryx leptura]	249018
XP_036190675.1	XP_066112016	26.733	404	1333	1147	30	3.65e-31	139	rap guanine nucleotide exchange factor 1 isoform X9 [Saccopteryx bilineata]	59482
XP_036190675.1	XP_066222950	26.733	404	1333	1055	30	3.70e-31	139	rap guanine nucleotide exchange factor 1 isoform X13 [Saccopteryx leptura]	249018
XP_036190675.1	XP_066112018	26.733	404	1333	1093	30	3.71e-31	139	rap guanine nucleotide exchange factor 1 isoform X11 [Saccopteryx bilineata]	59482
XP_036190675.1	XP_054440175	26.733	404	1333	1094	30	3.78e-31	139	rap guanine nucleotide exchange factor 1 isoform X6 [Pteronotus mesoamericanus]	1884717
XP_036190675.1	XP_066222945	26.733	404	1333	1147	30	3.87e-31	139	rap guanine nucleotide exchange factor 1 isoform X9 [Saccopteryx leptura]	249018
XP_036190675.1	XP_066222947	26.733	404	1333	1094	30	3.88e-31	139	rap guanine nucleotide exchange factor 1 isoform X11 [Saccopteryx leptura]	249018
XP_036190675.1	XP_066112009	26.733	404	1333	1237	30	3.89e-31	139	rap guanine nucleotide exchange factor 1 isoform X3 [Saccopteryx bilineata]	59482
XP_036190675.1	XP_016052084	26.733	404	1333	1146	30	3.90e-31	139	PREDICTED: rap guanine nucleotide exchange factor 1 isoform X1 [Miniopterus natalensis]	291302
XP_036190675.1	XP_079646252	26.485	404	1333	1080	30	3.91e-31	139	rap guanine nucleotide exchange factor 1 isoform 2 [Cnephaeus nilssonii]	3371016
XP_036190675.1	XP_079646253	26.485	404	1333	1055	30	3.92e-31	139	rap guanine nucleotide exchange factor 1 isoform 3 [Cnephaeus nilssonii]	3371016
XP_036190675.1	XP_066222943	26.733	404	1333	1199	30	3.93e-31	139	rap guanine nucleotide exchange factor 1 isoform X7 [Saccopteryx leptura]	249018
XP_036190675.1	XP_032978636	26.733	404	1333	1097	30	4.00e-31	139	rap guanine nucleotide exchange factor 1 isoform X13 [Rhinolophus ferrumequinum]	59479
XP_036190675.1	XP_019494421	27.475	404	1333	1205	30	4.06e-31	139	PREDICTED: rap guanine nucleotide exchange factor 1 isoform X7 [Hipposideros armiger]	186990
XP_036190675.1	XP_066112017	26.733	404	1333	1094	30	4.08e-31	139	rap guanine nucleotide exchange factor 1 isoform X10 [Saccopteryx bilineata]	59482
XP_036190675.1	XP_036185187	26.485	404	1333	1236	30	4.09e-31	139	rap guanine nucleotide exchange factor 1 isoform X5 [Myotis myotis]	51298
XP_036190675.1	XP_066222941	26.733	404	1333	1200	30	4.14e-31	139	rap guanine nucleotide exchange factor 1 isoform X5 [Saccopteryx leptura]	249018
XP_036190675.1	XP_032978635	26.733	404	1333	1116	30	4.19e-31	139	rap guanine nucleotide exchange factor 1 isoform X12 [Rhinolophus ferrumequinum]	59479
XP_036190675.1	XP_079646251	26.485	404	1333	1093	30	4.22e-31	139	rap guanine nucleotide exchange factor 1 isoform 1 [Cnephaeus nilssonii]	3371016
XP_036190675.1	XP_066112007	26.733	404	1333	1238	30	4.35e-31	139	rap guanine nucleotide exchange factor 1 isoform X1 [Saccopteryx bilineata]	59482
XP_036190675.1	XP_036185188	26.485	404	1333	1229	30	4.87e-31	139	rap guanine nucleotide exchange factor 1 isoform X6 [Myotis myotis]	51298
XP_036190675.1	XP_032978634	26.733	404	1333	1123	30	5.09e-31	138	rap guanine nucleotide exchange factor 1 isoform X11 [Rhinolophus ferrumequinum]	59479
XP_036190675.1	XP_023392325	26.485	404	1333	1391	30	5.12e-31	139	rap guanine nucleotide exchange factor 1 [Pteropus vampyrus]	132908
XP_036190675.1	XP_032978633	26.733	404	1333	1154	30	5.17e-31	138	rap guanine nucleotide exchange factor 1 isoform X10 [Rhinolophus ferrumequinum]	59479
XP_036190675.1	XP_054583105	26.485	404	1333	1254	30	5.40e-31	138	rap guanine nucleotide exchange factor 1 [Eptesicus fuscus]	29078
XP_036190675.1	XP_070286505	26.781	407	1333	1084	30	6.08e-31	138	rap guanine nucleotide exchange factor 1 isoform X2 [Myotis yumanensis]	159337
XP_036190675.1	XP_070286506	26.781	407	1333	1046	30	7.00e-31	138	rap guanine nucleotide exchange factor 1 isoform X3 [Myotis yumanensis]	159337
XP_036190675.1	XP_015414462	28.571	245	1333	1136	18	8.12e-31	138	PREDICTED: LOW QUALITY PROTEIN: ras-specific guanine nucleotide-releasing factor 1 [Myotis davidii]	225400
XP_036190675.1	XP_036185193	26.485	404	1333	1054	30	8.32e-31	137	rap guanine nucleotide exchange factor 1 isoform X10 [Myotis myotis]	51298
XP_036190675.1	XP_036185192	26.485	404	1333	1092	30	9.10e-31	137	rap guanine nucleotide exchange factor 1 isoform X9 [Myotis myotis]	51298
XP_036190675.1	XP_059514344	27.273	407	1333	1267	30	1.39e-30	137	rap guanine nucleotide exchange factor 1 isoform X2 [Myotis daubentonii]	98922
XP_036190675.1	XP_080959303	26.980	404	1333	1528	30	1.99e-30	137	rap guanine nucleotide exchange factor 1 [Myotis nattereri]	109481
XP_036190675.1	XP_080524469	26.980	404	1333	1439	30	4.36e-30	135	rap guanine nucleotide exchange factor 1 [Plecotus auritus]	61862
XP_036190675.1	XP_015423341	25.397	441	1333	1277	30	1.86e-29	133	PREDICTED: rap guanine nucleotide exchange factor 1 isoform X4 [Myotis davidii]	225400
XP_036190675.1	XP_015423343	25.397	441	1333	1271	30	2.02e-29	133	PREDICTED: rap guanine nucleotide exchange factor 1 isoform X5 [Myotis davidii]	225400
XP_036190675.1	XP_015423322	25.397	441	1333	1309	30	2.09e-29	133	PREDICTED: rap guanine nucleotide exchange factor 1 isoform X1 [Myotis davidii]	225400
XP_036190675.1	XP_006754241	25.397	441	1333	1308	30	2.12e-29	133	PREDICTED: rap guanine nucleotide exchange factor 1 isoform X2 [Myotis davidii]	225400
XP_036190675.1	XP_015423333	25.397	441	1333	1278	30	2.33e-29	133	PREDICTED: rap guanine nucleotide exchange factor 1 isoform X3 [Myotis davidii]	225400
XP_036190675.1	XP_015423359	25.397	441	1333	1134	30	3.61e-29	132	PREDICTED: rap guanine nucleotide exchange factor 1 isoform X9 [Myotis davidii]	225400
XP_036190675.1	XP_014385374	25.342	438	1333	1278	30	5.13e-29	132	PREDICTED: rap guanine nucleotide exchange factor 1 isoform X5 [Myotis brandtii]	109478
XP_036190675.1	XP_005882201	25.342	438	1333	1310	30	5.37e-29	132	PREDICTED: rap guanine nucleotide exchange factor 1 isoform X3 [Myotis brandtii]	109478
XP_036190675.1	XP_014385371	25.342	438	1333	1346	30	7.58e-29	131	PREDICTED: rap guanine nucleotide exchange factor 1 isoform X1 [Myotis brandtii]	109478
XP_036190675.1	XP_045703849	29.474	285	1333	1217	21	8.40e-29	131	ras-specific guanine nucleotide-releasing factor 2 isoform X3 [Phyllostomus hastatus]	9423
XP_036190675.1	XP_014385372	25.342	438	1333	1332	30	8.61e-29	131	PREDICTED: rap guanine nucleotide exchange factor 1 isoform X2 [Myotis brandtii]	109478
XP_036190675.1	XP_053768149	29.474	285	1333	1217	21	8.99e-29	131	ras-specific guanine nucleotide-releasing factor 2 isoform X3 [Desmodus rotundus]	9430
XP_036190675.1	XP_014384694	29.245	212	1333	1092	16	1.01e-28	131	PREDICTED: ras-specific guanine nucleotide-releasing factor 1, partial [Myotis brandtii]	109478
XP_036190675.1	XP_059514343	25.850	441	1333	1296	30	8.51e-28	128	rap guanine nucleotide exchange factor 1 isoform X1 [Myotis daubentonii]	98922
XP_036190675.1	XP_036185184	24.886	438	1333	1296	30	3.02e-27	126	rap guanine nucleotide exchange factor 1 isoform X2 [Myotis myotis]	51298
XP_036190675.1	XP_036185186	24.886	438	1333	1271	30	3.41e-27	126	rap guanine nucleotide exchange factor 1 isoform X4 [Myotis myotis]	51298
XP_036190675.1	XP_036185183	24.886	438	1333	1309	30	3.58e-27	126	rap guanine nucleotide exchange factor 1 isoform X1 [Myotis myotis]	51298
XP_036190675.1	XP_036185185	24.886	438	1333	1278	30	3.89e-27	126	rap guanine nucleotide exchange factor 1 isoform X3 [Myotis myotis]	51298
XP_036190675.1	XP_036185190	24.886	438	1333	1187	30	6.05e-27	125	rap guanine nucleotide exchange factor 1 isoform X7 [Myotis myotis]	51298
XP_036190675.1	XP_036185191	24.886	438	1333	1134	30	7.17e-27	125	rap guanine nucleotide exchange factor 1 isoform X8 [Myotis myotis]	51298
XP_036190675.1	XP_036211380	24.181	397	1333	1338	25	3.42e-26	123	ras-specific guanine nucleotide-releasing factor 1 isoform X1 [Myotis myotis]	51298
XP_036190675.1	XP_045694479	23.810	441	1333	803	30	2.04e-25	119	ral guanine nucleotide dissociation stimulator-like 1 isoform X1 [Phyllostomus hastatus]	9423
XP_036190675.1	XP_045694478	23.810	441	1333	803	30	2.04e-25	119	ral guanine nucleotide dissociation stimulator-like 1 isoform X1 [Phyllostomus hastatus]	9423
XP_036190675.1	XP_045694480	23.810	441	1333	768	30	2.12e-25	119	ral guanine nucleotide dissociation stimulator-like 1 isoform X2 [Phyllostomus hastatus]	9423
XP_036190675.1	XP_028386637	23.583	441	1333	766	30	2.88e-25	119	ral guanine nucleotide dissociation stimulator-like 1 isoform X3 [Phyllostomus discolor]	89673
XP_036190675.1	XP_028386635	23.583	441	1333	803	30	4.43e-25	118	ral guanine nucleotide dissociation stimulator-like 1 isoform X1 [Phyllostomus discolor]	89673
XP_036190675.1	XP_028386636	23.810	441	1333	768	30	5.59e-25	118	ral guanine nucleotide dissociation stimulator-like 1 isoform X2 [Phyllostomus discolor]	89673
XP_036190675.1	XP_053771535	24.036	441	1333	896	30	5.61e-25	118	ral guanine nucleotide dissociation stimulator-like 1 isoform X2 [Desmodus rotundus]	9430
XP_036190675.1	XP_053776568	31.250	176	1333	347	13	8.92e-25	112	ras-specific guanine nucleotide-releasing factor RalGPS1 isoform X6 [Desmodus rotundus]	9430
XP_036190675.1	XP_032978461	31.250	176	1333	347	13	9.26e-25	112	ras-specific guanine nucleotide-releasing factor RalGPS1 isoform X10 [Rhinolophus ferrumequinum]	59479
XP_036190675.1	XP_036074199	31.250	176	1333	347	13	9.70e-25	112	ras-specific guanine nucleotide-releasing factor RalGPS1 isoform X8 [Rousettus aegyptiacus]	9407
XP_036190675.1	XP_024408509	24.036	441	1333	803	30	1.08e-24	117	ral guanine nucleotide dissociation stimulator-like 1 isoform X1 [Desmodus rotundus]	9430
XP_036190675.1	XP_032978460	31.250	176	1333	352	13	1.14e-24	112	ras-specific guanine nucleotide-releasing factor RalGPS1 isoform X9 [Rhinolophus ferrumequinum]	59479
XP_036190675.1	XP_074187151	31.250	176	1333	352	13	1.15e-24	112	ras-specific guanine nucleotide-releasing factor RalGPS1 isoform X10 [Rhinolophus sinicus]	89399
XP_036190675.1	XP_059514062	31.250	176	1333	347	13	1.17e-24	112	ras-specific guanine nucleotide-releasing factor RalGPS1 isoform X10 [Myotis daubentonii]	98922
XP_036190675.1	XP_045427996	31.250	176	1333	304	13	1.32e-24	111	ras-specific guanine nucleotide-releasing factor RalGPS1 isoform X9 [Pipistrellus kuhlii]	59472
XP_036190675.1	XP_006768614	31.250	176	1333	362	13	1.34e-24	112	PREDICTED: ras-specific guanine nucleotide-releasing factor RalGPS1 isoform X5 [Myotis davidii]	225400
XP_036190675.1	XP_070286744	31.250	176	1333	357	13	1.44e-24	112	ras-specific guanine nucleotide-releasing factor RalGPS1 isoform X5 [Myotis yumanensis]	159337
XP_036190675.1	XP_080923378	31.250	176	1333	315	13	1.52e-24	111	ras-specific guanine nucleotide-releasing factor RalGPS1 isoform 5 [Rhinolophus hipposideros]	77218
XP_036190675.1	XP_066217805	23.810	546	1333	767	37	1.59e-24	117	ral guanine nucleotide dissociation stimulator-like 1 isoform X2 [Saccopteryx leptura]	249018
XP_036190675.1	XP_045427995	31.250	176	1333	353	13	1.81e-24	112	ras-specific guanine nucleotide-releasing factor RalGPS1 isoform X8 [Pipistrellus kuhlii]	59472
XP_036190675.1	XP_066217804	23.810	546	1333	802	37	2.07e-24	116	ral guanine nucleotide dissociation stimulator-like 1 isoform X1 [Saccopteryx leptura]	249018
XP_036190675.1	XP_074187149	31.250	176	1333	447	13	2.34e-24	113	ras-specific guanine nucleotide-releasing factor RalGPS1 isoform X8 [Rhinolophus sinicus]	89399
XP_036190675.1	XP_036892868	31.250	176	1333	448	13	2.90e-24	113	ras-specific guanine nucleotide-releasing factor RalGPS1 isoform X8 [Sturnira hondurensis]	192404
XP_036190675.1	XP_032978459	31.250	176	1333	428	13	3.17e-24	112	ras-specific guanine nucleotide-releasing factor RalGPS1 isoform X8 [Rhinolophus ferrumequinum]	59479
XP_036190675.1	XP_066112289	31.250	176	1333	447	13	3.22e-24	113	ras-specific guanine nucleotide-releasing factor RalGPS1 isoform X8 [Saccopteryx bilineata]	59482
XP_036190675.1	XP_070286743	31.250	176	1333	449	13	3.33e-24	113	ras-specific guanine nucleotide-releasing factor RalGPS1 isoform X4 [Myotis yumanensis]	159337
XP_036190675.1	XP_074178544	28.846	260	1333	575	19	3.86e-24	114	ras-specific guanine nucleotide-releasing factor RalGPS2 [Rhinolophus sinicus]	89399
XP_036190675.1	XP_080882129	22.978	544	1333	765	37	4.05e-24	115	ral guanine nucleotide dissociation stimulator-like 1 isoform 3 [Rhinolophus hipposideros]	77218
XP_036190675.1	XP_080882128	22.610	544	1333	767	37	4.10e-24	115	ral guanine nucleotide dissociation stimulator-like 1 isoform 2 [Rhinolophus hipposideros]	77218
XP_036190675.1	XP_036891223	24.719	445	1333	766	30	4.13e-24	115	ral guanine nucleotide dissociation stimulator-like 1 isoform X5 [Sturnira hondurensis]	192404
XP_036190675.1	XP_036117830	27.431	288	1333	515	21	4.21e-24	113	ras-specific guanine nucleotide-releasing factor RalGPS1 isoform X1 [Molossus molossus]	27622
XP_036190675.1	XP_032978457	31.429	175	1333	434	13	4.36e-24	112	ras-specific guanine nucleotide-releasing factor RalGPS1 isoform X7 [Rhinolophus ferrumequinum]	59479
XP_036190675.1	XP_054443647	23.409	440	1333	766	30	4.62e-24	115	ral guanine nucleotide dissociation stimulator-like 1 isoform X3 [Pteronotus mesoamericanus]	1884717
XP_036190675.1	XP_080882127	22.978	544	1333	802	37	4.93e-24	115	ral guanine nucleotide dissociation stimulator-like 1 isoform 1 [Rhinolophus hipposideros]	77218
XP_036190675.1	XP_037001578	24.263	441	1333	763	30	4.99e-24	115	ral guanine nucleotide dissociation stimulator-like 1 isoform X4 [Artibeus jamaicensis]	9417
XP_036190675.1	XP_054443693	27.027	259	1333	513	19	5.18e-24	113	ras-specific guanine nucleotide-releasing factor RalGPS2 isoform X4 [Pteronotus mesoamericanus]	1884717
XP_036190675.1	XP_015987185	31.429	175	1333	539	13	5.37e-24	113	ras-specific guanine nucleotide-releasing factor RalGPS1 isoform X5 [Rousettus aegyptiacus]	9407
XP_036190675.1	XP_037014915	31.429	175	1333	512	13	5.51e-24	113	ras-specific guanine nucleotide-releasing factor RalGPS1 isoform X5 [Artibeus jamaicensis]	9417
XP_036190675.1	XP_053772035	27.308	260	1333	582	19	5.52e-24	114	ras-specific guanine nucleotide-releasing factor RalGPS2 isoform X1 [Desmodus rotundus]	9430
XP_036190675.1	XP_028386747	27.308	260	1333	582	19	5.52e-24	114	ras-specific guanine nucleotide-releasing factor RalGPS2 isoform X1 [Phyllostomus discolor]	89673
XP_036190675.1	XP_045694328	27.308	260	1333	556	19	5.60e-24	114	ras-specific guanine nucleotide-releasing factor RalGPS2 isoform X2 [Phyllostomus hastatus]	9423
XP_036190675.1	XP_028386748	27.308	260	1333	556	19	5.60e-24	114	ras-specific guanine nucleotide-releasing factor RalGPS2 isoform X2 [Phyllostomus discolor]	89673
XP_036190675.1	XP_053519679	26.923	260	1333	582	19	5.62e-24	114	ras-specific guanine nucleotide-releasing factor RalGPS2 isoform X1 [Artibeus jamaicensis]	9417
XP_036190675.1	XP_074187150	31.429	175	1333	440	13	5.65e-24	112	ras-specific guanine nucleotide-releasing factor RalGPS1 isoform X9 [Rhinolophus sinicus]	89399
XP_036190675.1	XP_037014855	31.429	175	1333	513	13	5.87e-24	113	ras-specific guanine nucleotide-releasing factor RalGPS1 isoform X4 [Artibeus jamaicensis]	9417
XP_036190675.1	XP_053772036	27.308	260	1333	556	19	6.07e-24	113	ras-specific guanine nucleotide-releasing factor RalGPS2 isoform X2 [Desmodus rotundus]	9430
XP_036190675.1	XP_036891221	24.719	445	1333	769	30	6.08e-24	115	ral guanine nucleotide dissociation stimulator-like 1 isoform X3 [Sturnira hondurensis]	192404
XP_036190675.1	XP_053776567	31.250	176	1333	514	13	6.20e-24	113	ras-specific guanine nucleotide-releasing factor RalGPS1 isoform X5 [Desmodus rotundus]	9430
XP_036190675.1	XP_053519680	26.923	260	1333	556	19	6.35e-24	113	ras-specific guanine nucleotide-releasing factor RalGPS2 isoform X2 [Artibeus jamaicensis]	9417
XP_036190675.1	XP_036891128	26.923	260	1333	556	19	6.35e-24	113	ras-specific guanine nucleotide-releasing factor RalGPS2 isoform X2 [Sturnira hondurensis]	192404
XP_036190675.1	XP_045694327	27.308	260	1333	582	19	6.36e-24	114	ras-specific guanine nucleotide-releasing factor RalGPS2 isoform X1 [Phyllostomus hastatus]	9423
XP_036190675.1	XP_045694326	27.308	260	1333	582	19	6.36e-24	114	ras-specific guanine nucleotide-releasing factor RalGPS2 isoform X1 [Phyllostomus hastatus]	9423
XP_036190675.1	XP_045694324	27.308	260	1333	582	19	6.36e-24	114	ras-specific guanine nucleotide-releasing factor RalGPS2 isoform X1 [Phyllostomus hastatus]	9423
XP_036190675.1	XP_080923376	31.429	175	1333	514	13	6.49e-24	113	ras-specific guanine nucleotide-releasing factor RalGPS1 isoform 3 [Rhinolophus hipposideros]	77218
XP_036190675.1	XP_080923375	31.429	175	1333	514	13	6.49e-24	113	ras-specific guanine nucleotide-releasing factor RalGPS1 isoform 3 [Rhinolophus hipposideros]	77218
XP_036190675.1	XP_066223229	31.429	175	1333	626	13	6.52e-24	114	ras-specific guanine nucleotide-releasing factor RalGPS1 isoform X8 [Saccopteryx leptura]	249018
XP_036190675.1	XP_036891127	26.923	260	1333	582	19	6.53e-24	114	ras-specific guanine nucleotide-releasing factor RalGPS2 isoform X1 [Sturnira hondurensis]	192404
XP_036190675.1	XP_066112285	31.250	176	1333	514	13	6.54e-24	113	ras-specific guanine nucleotide-releasing factor RalGPS1 isoform X5 [Saccopteryx bilineata]	59482
XP_036190675.1	XP_032978455	31.429	175	1333	514	13	6.66e-24	113	ras-specific guanine nucleotide-releasing factor RalGPS1 isoform X5 [Rhinolophus ferrumequinum]	59479
XP_036190675.1	XP_081007000	31.429	175	1333	514	13	6.72e-24	113	ras-specific guanine nucleotide-releasing factor RalGPS1 isoform 4 [Miniopterus schreibersii]	9433
XP_036190675.1	XP_053776563	31.429	175	1333	515	13	6.72e-24	113	ras-specific guanine nucleotide-releasing factor RalGPS1 isoform X4 [Desmodus rotundus]	9430
XP_036190675.1	XP_053776556	31.429	175	1333	515	13	6.72e-24	113	ras-specific guanine nucleotide-releasing factor RalGPS1 isoform X4 [Desmodus rotundus]	9430
XP_036190675.1	XP_036128203	26.923	260	1333	361	19	6.74e-24	110	ras-specific guanine nucleotide-releasing factor RalGPS2 isoform X4 [Molossus molossus]	27622
XP_036190675.1	XP_036128202	26.923	260	1333	397	19	6.84e-24	111	ras-specific guanine nucleotide-releasing factor RalGPS2 isoform X3 [Molossus molossus]	27622
XP_036190675.1	XP_054443645	23.409	440	1333	803	30	6.97e-24	114	ral guanine nucleotide dissociation stimulator-like 1 isoform X1 [Pteronotus mesoamericanus]	1884717
XP_036190675.1	XP_039737191	24.099	444	1333	767	30	7.06e-24	114	ral guanine nucleotide dissociation stimulator-like 1 isoform X3 [Pteropus medius]	143291
XP_036190675.1	XP_066112284	31.250	176	1333	515	13	7.10e-24	113	ras-specific guanine nucleotide-releasing factor RalGPS1 isoform X4 [Saccopteryx bilineata]	59482
XP_036190675.1	XP_074187148	31.429	175	1333	514	13	7.16e-24	113	ras-specific guanine nucleotide-releasing factor RalGPS1 isoform X7 [Rhinolophus sinicus]	89399
XP_036190675.1	XP_016066471	31.429	175	1333	515	13	7.16e-24	113	PREDICTED: ras-specific guanine nucleotide-releasing factor RalGPS1 isoform X1 [Miniopterus natalensis]	291302
XP_036190675.1	XP_081006999	31.429	175	1333	515	13	7.16e-24	113	ras-specific guanine nucleotide-releasing factor RalGPS1 isoform 3 [Miniopterus schreibersii]	9433
XP_036190675.1	XP_081006998	31.429	175	1333	515	13	7.16e-24	113	ras-specific guanine nucleotide-releasing factor RalGPS1 isoform 3 [Miniopterus schreibersii]	9433
XP_036190675.1	XP_036267936	31.250	176	1333	514	13	7.29e-24	112	ras-specific guanine nucleotide-releasing factor RalGPS1 isoform X7 [Pipistrellus kuhlii]	59472
XP_036190675.1	XP_036892865	31.250	176	1333	514	13	7.29e-24	112	ras-specific guanine nucleotide-releasing factor RalGPS1 isoform X5 [Sturnira hondurensis]	192404
XP_036190675.1	XP_037001577	24.263	441	1333	768	30	7.33e-24	114	ral guanine nucleotide dissociation stimulator-like 1 isoform X3 [Artibeus jamaicensis]	9417
XP_036190675.1	XP_059514059	31.250	176	1333	514	13	7.36e-24	112	ras-specific guanine nucleotide-releasing factor RalGPS1 isoform X9 [Myotis daubentonii]	98922
XP_036190675.1	XP_006768613	31.250	176	1333	514	13	7.36e-24	112	PREDICTED: ras-specific guanine nucleotide-releasing factor RalGPS1 isoform X4 [Myotis davidii]	225400
XP_036190675.1	XP_028368687	31.250	176	1333	514	13	7.36e-24	112	ras-specific guanine nucleotide-releasing factor RalGPS1 isoform X5 [Phyllostomus discolor]	89673
XP_036190675.1	XP_015987184	31.429	175	1333	515	13	7.36e-24	112	ras-specific guanine nucleotide-releasing factor RalGPS1 isoform X6 [Rousettus aegyptiacus]	9407
XP_036190675.1	XP_036892864	31.250	176	1333	515	13	7.42e-24	112	ras-specific guanine nucleotide-releasing factor RalGPS1 isoform X4 [Sturnira hondurensis]	192404
XP_036190675.1	XP_036891222	24.719	445	1333	768	30	7.46e-24	114	ral guanine nucleotide dissociation stimulator-like 1 isoform X4 [Sturnira hondurensis]	192404
XP_036190675.1	XP_036891219	24.719	445	1333	803	30	7.47e-24	114	ral guanine nucleotide dissociation stimulator-like 1 isoform X1 [Sturnira hondurensis]	192404
XP_036190675.1	XP_080524633	31.250	176	1333	514	13	7.49e-24	112	ras-specific guanine nucleotide-releasing factor RalGPS1 isoform 5 [Plecotus auritus]	61862
XP_036190675.1	XP_081007001	31.429	175	1333	507	13	7.55e-24	112	ras-specific guanine nucleotide-releasing factor RalGPS1 isoform 5 [Miniopterus schreibersii]	9433
XP_036190675.1	XP_070286742	31.250	176	1333	515	13	7.63e-24	112	ras-specific guanine nucleotide-releasing factor RalGPS1 isoform X3 [Myotis yumanensis]	159337
XP_036190675.1	XP_080524632	31.250	176	1333	515	13	7.69e-24	112	ras-specific guanine nucleotide-releasing factor RalGPS1 isoform 4 [Plecotus auritus]	61862
XP_036190675.1	XP_080524631	31.250	176	1333	515	13	7.69e-24	112	ras-specific guanine nucleotide-releasing factor RalGPS1 isoform 4 [Plecotus auritus]	61862
XP_036190675.1	XP_079646546	31.250	176	1333	515	13	7.69e-24	112	ras-specific guanine nucleotide-releasing factor RalGPS1 isoform 10 [Cnephaeus nilssonii]	3371016
XP_036190675.1	XP_037001574	24.036	441	1333	803	30	7.80e-24	114	ral guanine nucleotide dissociation stimulator-like 1 isoform X1 [Artibeus jamaicensis]	9417
XP_036190675.1	XP_039717501	31.250	176	1333	541	13	7.80e-24	113	ras-specific guanine nucleotide-releasing factor RalGPS1 [Pteropus medius]	143291
XP_036190675.1	XP_036267934	31.250	176	1333	515	13	7.83e-24	112	ras-specific guanine nucleotide-releasing factor RalGPS1 isoform X6 [Pipistrellus kuhlii]	59472
XP_036190675.1	XP_028368679	31.250	176	1333	515	13	7.83e-24	112	ras-specific guanine nucleotide-releasing factor RalGPS1 isoform X4 [Phyllostomus discolor]	89673
XP_036190675.1	XP_066223227	31.429	175	1333	693	13	7.89e-24	114	ras-specific guanine nucleotide-releasing factor RalGPS1 isoform X6 [Saccopteryx leptura]	249018
XP_036190675.1	XP_023389012	24.099	444	1333	767	30	7.97e-24	114	ral guanine nucleotide dissociation stimulator-like 1 isoform X3 [Pteropus vampyrus]	132908
XP_036190675.1	XP_059514058	31.250	176	1333	515	13	8.19e-24	112	ras-specific guanine nucleotide-releasing factor RalGPS1 isoform X8 [Myotis daubentonii]	98922
XP_036190675.1	XP_006768612	31.250	176	1333	515	13	8.19e-24	112	PREDICTED: ras-specific guanine nucleotide-releasing factor RalGPS1 isoform X3 [Myotis davidii]	225400
XP_036190675.1	XP_014384826	31.250	176	1333	515	13	8.19e-24	112	PREDICTED: ras-specific guanine nucleotide-releasing factor RalGPS1 isoform X4 [Myotis brandtii]	109478
XP_036190675.1	XP_045702440	31.250	176	1333	515	13	8.27e-24	112	ras-specific guanine nucleotide-releasing factor RalGPS1 isoform X3 [Phyllostomus hastatus]	9423
XP_036190675.1	XP_066223226	31.429	175	1333	694	13	8.34e-24	114	ras-specific guanine nucleotide-releasing factor RalGPS1 isoform X5 [Saccopteryx leptura]	249018
XP_036190675.1	XP_039737190	24.099	444	1333	769	30	8.51e-24	114	ral guanine nucleotide dissociation stimulator-like 1 isoform X2 [Pteropus medius]	143291
XP_036190675.1	XP_011362852	24.099	444	1333	769	30	8.73e-24	114	ral guanine nucleotide dissociation stimulator-like 1 isoform X2 [Pteropus vampyrus]	132908
XP_036190675.1	XP_054443691	27.132	258	1333	582	19	8.91e-24	113	ras-specific guanine nucleotide-releasing factor RalGPS2 isoform X2 [Pteronotus mesoamericanus]	1884717
XP_036190675.1	XP_054443692	27.132	258	1333	556	19	9.39e-24	113	ras-specific guanine nucleotide-releasing factor RalGPS2 isoform X3 [Pteronotus mesoamericanus]	1884717
XP_036190675.1	XP_036074196	31.429	175	1333	609	13	9.58e-24	113	ras-specific guanine nucleotide-releasing factor RalGPS1 isoform X1 [Rousettus aegyptiacus]	9407
XP_036190675.1	XP_015987183	31.429	175	1333	609	13	9.58e-24	113	ras-specific guanine nucleotide-releasing factor RalGPS1 isoform X1 [Rousettus aegyptiacus]	9407
XP_036190675.1	XP_015987182	31.429	175	1333	609	13	9.58e-24	113	ras-specific guanine nucleotide-releasing factor RalGPS1 isoform X1 [Rousettus aegyptiacus]	9407
XP_036190675.1	XP_079646545	31.429	175	1333	570	13	9.65e-24	113	ras-specific guanine nucleotide-releasing factor RalGPS1 isoform 9 [Cnephaeus nilssonii]	3371016
XP_036190675.1	XP_054443646	23.409	440	1333	768	30	9.74e-24	114	ral guanine nucleotide dissociation stimulator-like 1 isoform X2 [Pteronotus mesoamericanus]	1884717
XP_036190675.1	XP_054443690	27.132	258	1333	597	19	9.77e-24	113	ras-specific guanine nucleotide-releasing factor RalGPS2 isoform X1 [Pteronotus mesoamericanus]	1884717
XP_036190675.1	XP_015987180	31.429	175	1333	608	13	9.78e-24	113	ras-specific guanine nucleotide-releasing factor RalGPS1 isoform X2 [Rousettus aegyptiacus]	9407
XP_036190675.1	XP_032948423	23.162	544	1333	731	37	9.80e-24	114	ral guanine nucleotide dissociation stimulator-like 1 isoform X4 [Rhinolophus ferrumequinum]	59479
XP_036190675.1	XP_066112282	31.429	175	1333	575	13	1.03e-23	113	ras-specific guanine nucleotide-releasing factor RalGPS1 isoform X2 [Saccopteryx bilineata]	59482
XP_036190675.1	XP_053776540	31.429	175	1333	584	13	1.06e-23	113	ras-specific guanine nucleotide-releasing factor RalGPS1 isoform X2 [Desmodus rotundus]	9430
XP_036190675.1	XP_032948421	22.794	544	1333	768	37	1.07e-23	114	ral guanine nucleotide dissociation stimulator-like 1 isoform X2 [Rhinolophus ferrumequinum]	59479
XP_036190675.1	XP_037014654	31.429	175	1333	583	13	1.09e-23	113	ras-specific guanine nucleotide-releasing factor RalGPS1 isoform X1 [Artibeus jamaicensis]	9417
XP_036190675.1	XP_037014585	31.429	175	1333	583	13	1.09e-23	113	ras-specific guanine nucleotide-releasing factor RalGPS1 isoform X1 [Artibeus jamaicensis]	9417
XP_036190675.1	XP_037014527	31.429	175	1333	583	13	1.09e-23	113	ras-specific guanine nucleotide-releasing factor RalGPS1 isoform X1 [Artibeus jamaicensis]	9417
XP_036190675.1	XP_053776536	31.429	175	1333	585	13	1.09e-23	113	ras-specific guanine nucleotide-releasing factor RalGPS1 isoform X1 [Desmodus rotundus]	9430
XP_036190675.1	XP_045052738	31.429	175	1333	585	13	1.09e-23	113	ras-specific guanine nucleotide-releasing factor RalGPS1 isoform X1 [Desmodus rotundus]	9430
XP_036190675.1	XP_053776532	31.429	175	1333	585	13	1.09e-23	113	ras-specific guanine nucleotide-releasing factor RalGPS1 isoform X1 [Desmodus rotundus]	9430
XP_036190675.1	XP_024417933	31.429	175	1333	585	13	1.09e-23	113	ras-specific guanine nucleotide-releasing factor RalGPS1 isoform X1 [Desmodus rotundus]	9430
XP_036190675.1	XP_053776526	31.429	175	1333	585	13	1.09e-23	113	ras-specific guanine nucleotide-releasing factor RalGPS1 isoform X1 [Desmodus rotundus]	9430
XP_036190675.1	XP_045052737	31.429	175	1333	585	13	1.09e-23	113	ras-specific guanine nucleotide-releasing factor RalGPS1 isoform X1 [Desmodus rotundus]	9430
XP_036190675.1	XP_053776521	31.429	175	1333	585	13	1.09e-23	113	ras-specific guanine nucleotide-releasing factor RalGPS1 isoform X1 [Desmodus rotundus]	9430
XP_036190675.1	XP_037014728	31.429	175	1333	582	13	1.10e-23	113	ras-specific guanine nucleotide-releasing factor RalGPS1 isoform X2 [Artibeus jamaicensis]	9417
XP_036190675.1	XP_059514053	31.250	176	1333	549	13	1.10e-23	112	ras-specific guanine nucleotide-releasing factor RalGPS1 isoform X4 [Myotis daubentonii]	98922
XP_036190675.1	XP_059514055	31.250	176	1333	548	13	1.14e-23	112	ras-specific guanine nucleotide-releasing factor RalGPS1 isoform X6 [Myotis daubentonii]	98922
XP_036190675.1	XP_019497119	31.429	175	1333	643	13	1.15e-23	113	PREDICTED: ras-specific guanine nucleotide-releasing factor RalGPS1 [Hipposideros armiger]	186990
XP_036190675.1	XP_015987181	31.429	175	1333	585	13	1.15e-23	113	ras-specific guanine nucleotide-releasing factor RalGPS1 isoform X3 [Rousettus aegyptiacus]	9407
XP_036190675.1	XP_032978454	31.429	175	1333	584	13	1.16e-23	113	ras-specific guanine nucleotide-releasing factor RalGPS1 isoform X4 [Rhinolophus ferrumequinum]	59479
XP_036190675.1	XP_032978453	31.429	175	1333	584	13	1.16e-23	113	ras-specific guanine nucleotide-releasing factor RalGPS1 isoform X4 [Rhinolophus ferrumequinum]	59479
XP_036190675.1	XP_032978452	31.429	175	1333	584	13	1.16e-23	113	ras-specific guanine nucleotide-releasing factor RalGPS1 isoform X4 [Rhinolophus ferrumequinum]	59479
XP_036190675.1	XP_074187145	31.429	175	1333	584	13	1.16e-23	113	ras-specific guanine nucleotide-releasing factor RalGPS1 isoform X4 [Rhinolophus sinicus]	89399
XP_036190675.1	XP_024906963	31.250	176	1333	619	13	1.17e-23	113	ras-specific guanine nucleotide-releasing factor RalGPS1 [Pteropus alecto]	9402
XP_036190675.1	XP_036074197	31.429	175	1333	584	13	1.18e-23	113	ras-specific guanine nucleotide-releasing factor RalGPS1 isoform X4 [Rousettus aegyptiacus]	9407
XP_036190675.1	XP_080923373	31.429	175	1333	584	13	1.18e-23	113	ras-specific guanine nucleotide-releasing factor RalGPS1 isoform 1 [Rhinolophus hipposideros]	77218
XP_036190675.1	XP_080923372	31.429	175	1333	584	13	1.18e-23	113	ras-specific guanine nucleotide-releasing factor RalGPS1 isoform 1 [Rhinolophus hipposideros]	77218
XP_036190675.1	XP_036117831	27.431	288	1333	671	21	1.19e-23	113	ras-specific guanine nucleotide-releasing factor RalGPS1 isoform X2 [Molossus molossus]	27622
XP_036190675.1	XP_066223224	31.429	175	1333	754	13	1.20e-23	114	ras-specific guanine nucleotide-releasing factor RalGPS1 isoform X3 [Saccopteryx leptura]	249018
XP_036190675.1	XP_016066472	31.429	175	1333	585	13	1.21e-23	113	PREDICTED: ras-specific guanine nucleotide-releasing factor RalGPS1 isoform X2 [Miniopterus natalensis]	291302
XP_036190675.1	XP_081007002	31.429	175	1333	585	13	1.21e-23	113	ras-specific guanine nucleotide-releasing factor RalGPS1 isoform 1 [Miniopterus schreibersii]	9433
XP_036190675.1	XP_081006996	31.429	175	1333	585	13	1.21e-23	113	ras-specific guanine nucleotide-releasing factor RalGPS1 isoform 1 [Miniopterus schreibersii]	9433
XP_036190675.1	XP_081006995	31.429	175	1333	585	13	1.21e-23	113	ras-specific guanine nucleotide-releasing factor RalGPS1 isoform 1 [Miniopterus schreibersii]	9433
XP_036190675.1	XP_081006994	31.429	175	1333	585	13	1.21e-23	113	ras-specific guanine nucleotide-releasing factor RalGPS1 isoform 1 [Miniopterus schreibersii]	9433
XP_036190675.1	XP_066223223	31.429	175	1333	762	13	1.21e-23	114	ras-specific guanine nucleotide-releasing factor RalGPS1 isoform X2 [Saccopteryx leptura]	249018
XP_036190675.1	XP_035878141	31.429	175	1333	585	13	1.22e-23	113	ras-specific guanine nucleotide-releasing factor RalGPS1 isoform X1 [Phyllostomus discolor]	89673
XP_036190675.1	XP_035878140	31.429	175	1333	585	13	1.22e-23	113	ras-specific guanine nucleotide-releasing factor RalGPS1 isoform X1 [Phyllostomus discolor]	89673
XP_036190675.1	XP_028368647	31.429	175	1333	585	13	1.22e-23	113	ras-specific guanine nucleotide-releasing factor RalGPS1 isoform X1 [Phyllostomus discolor]	89673
XP_036190675.1	XP_080959523	31.429	175	1333	585	13	1.22e-23	113	ras-specific guanine nucleotide-releasing factor RalGPS1 [Myotis nattereri]	109481
XP_036190675.1	XP_066223222	31.429	175	1333	763	13	1.23e-23	114	ras-specific guanine nucleotide-releasing factor RalGPS1 isoform X1 [Saccopteryx leptura]	249018
XP_036190675.1	XP_036892861	31.429	175	1333	585	13	1.24e-23	113	ras-specific guanine nucleotide-releasing factor RalGPS1 isoform X1 [Sturnira hondurensis]	192404
XP_036190675.1	XP_036892860	31.429	175	1333	585	13	1.24e-23	113	ras-specific guanine nucleotide-releasing factor RalGPS1 isoform X1 [Sturnira hondurensis]	192404
XP_036190675.1	XP_036892859	31.429	175	1333	585	13	1.24e-23	113	ras-specific guanine nucleotide-releasing factor RalGPS1 isoform X1 [Sturnira hondurensis]	192404
XP_036190675.1	XP_045702439	31.250	176	1333	584	13	1.24e-23	112	ras-specific guanine nucleotide-releasing factor RalGPS1 isoform X2 [Phyllostomus hastatus]	9423
XP_036190675.1	XP_045427992	31.429	175	1333	585	13	1.25e-23	112	ras-specific guanine nucleotide-releasing factor RalGPS1 isoform X1 [Pipistrellus kuhlii]	59472
XP_036190675.1	XP_045427991	31.429	175	1333	585	13	1.25e-23	112	ras-specific guanine nucleotide-releasing factor RalGPS1 isoform X1 [Pipistrellus kuhlii]	59472
XP_036190675.1	XP_045427990	31.429	175	1333	585	13	1.25e-23	112	ras-specific guanine nucleotide-releasing factor RalGPS1 isoform X1 [Pipistrellus kuhlii]	59472
XP_036190675.1	XP_036267929	31.429	175	1333	585	13	1.25e-23	112	ras-specific guanine nucleotide-releasing factor RalGPS1 isoform X1 [Pipistrellus kuhlii]	59472
XP_036190675.1	XP_036267930	31.429	175	1333	584	13	1.25e-23	112	ras-specific guanine nucleotide-releasing factor RalGPS1 isoform X2 [Pipistrellus kuhlii]	59472
XP_036190675.1	XP_080524635	31.429	175	1333	584	13	1.25e-23	112	ras-specific guanine nucleotide-releasing factor RalGPS1 isoform 2 [Plecotus auritus]	61862
XP_036190675.1	XP_080524629	31.429	175	1333	584	13	1.25e-23	112	ras-specific guanine nucleotide-releasing factor RalGPS1 isoform 2 [Plecotus auritus]	61862
XP_036190675.1	XP_080524642	31.429	175	1333	584	13	1.25e-23	112	ras-specific guanine nucleotide-releasing factor RalGPS1 isoform 2 [Plecotus auritus]	61862
XP_036190675.1	XP_079646550	31.429	175	1333	584	13	1.25e-23	112	ras-specific guanine nucleotide-releasing factor RalGPS1 isoform 12 [Cnephaeus nilssonii]	3371016
XP_036190675.1	XP_014384824	31.429	175	1333	586	13	1.26e-23	112	PREDICTED: ras-specific guanine nucleotide-releasing factor RalGPS1 isoform X2 [Myotis brandtii]	109478
XP_036190675.1	XP_070286741	31.429	175	1333	585	13	1.26e-23	112	ras-specific guanine nucleotide-releasing factor RalGPS1 isoform X2 [Myotis yumanensis]	159337
XP_036190675.1	XP_054583666	31.429	175	1333	585	13	1.27e-23	112	ras-specific guanine nucleotide-releasing factor RalGPS1 isoform X1 [Eptesicus fuscus]	29078
XP_036190675.1	XP_054583665	31.429	175	1333	585	13	1.27e-23	112	ras-specific guanine nucleotide-releasing factor RalGPS1 isoform X1 [Eptesicus fuscus]	29078
XP_036190675.1	XP_054583664	31.429	175	1333	585	13	1.27e-23	112	ras-specific guanine nucleotide-releasing factor RalGPS1 isoform X1 [Eptesicus fuscus]	29078
XP_036190675.1	XP_080524641	31.429	175	1333	585	13	1.27e-23	112	ras-specific guanine nucleotide-releasing factor RalGPS1 isoform 1 [Plecotus auritus]	61862
XP_036190675.1	XP_080524640	31.429	175	1333	585	13	1.27e-23	112	ras-specific guanine nucleotide-releasing factor RalGPS1 isoform 1 [Plecotus auritus]	61862
XP_036190675.1	XP_080524639	31.429	175	1333	585	13	1.27e-23	112	ras-specific guanine nucleotide-releasing factor RalGPS1 isoform 1 [Plecotus auritus]	61862
XP_036190675.1	XP_080524638	31.429	175	1333	585	13	1.27e-23	112	ras-specific guanine nucleotide-releasing factor RalGPS1 isoform 1 [Plecotus auritus]	61862
XP_036190675.1	XP_080524637	31.429	175	1333	585	13	1.27e-23	112	ras-specific guanine nucleotide-releasing factor RalGPS1 isoform 1 [Plecotus auritus]	61862
XP_036190675.1	XP_080524636	31.429	175	1333	585	13	1.27e-23	112	ras-specific guanine nucleotide-releasing factor RalGPS1 isoform 1 [Plecotus auritus]	61862
XP_036190675.1	XP_080524628	31.429	175	1333	585	13	1.27e-23	112	ras-specific guanine nucleotide-releasing factor RalGPS1 isoform 1 [Plecotus auritus]	61862
XP_036190675.1	XP_079646543	31.429	175	1333	585	13	1.27e-23	112	ras-specific guanine nucleotide-releasing factor RalGPS1 isoform 7 [Cnephaeus nilssonii]	3371016
XP_036190675.1	XP_074187147	31.429	175	1333	549	13	1.27e-23	112	ras-specific guanine nucleotide-releasing factor RalGPS1 isoform X6 [Rhinolophus sinicus]	89399
XP_036190675.1	XP_032948422	23.162	544	1333	766	37	1.28e-23	114	ral guanine nucleotide dissociation stimulator-like 1 isoform X3 [Rhinolophus ferrumequinum]	59479
XP_036190675.1	XP_070286740	31.429	175	1333	586	13	1.28e-23	112	ras-specific guanine nucleotide-releasing factor RalGPS1 isoform X1 [Myotis yumanensis]	159337
XP_036190675.1	XP_070286739	31.429	175	1333	586	13	1.28e-23	112	ras-specific guanine nucleotide-releasing factor RalGPS1 isoform X1 [Myotis yumanensis]	159337
XP_036190675.1	XP_045702437	31.429	175	1333	585	13	1.30e-23	112	ras-specific guanine nucleotide-releasing factor RalGPS1 isoform X1 [Phyllostomus hastatus]	9423
XP_036190675.1	XP_045702436	31.429	175	1333	585	13	1.30e-23	112	ras-specific guanine nucleotide-releasing factor RalGPS1 isoform X1 [Phyllostomus hastatus]	9423
XP_036190675.1	XP_045702435	31.429	175	1333	585	13	1.30e-23	112	ras-specific guanine nucleotide-releasing factor RalGPS1 isoform X1 [Phyllostomus hastatus]	9423
XP_036190675.1	XP_054440335	31.429	175	1333	584	13	1.31e-23	112	ras-specific guanine nucleotide-releasing factor RalGPS1 isoform X2 [Pteronotus mesoamericanus]	1884717
XP_036190675.1	XP_059514061	31.429	175	1333	584	13	1.32e-23	112	ras-specific guanine nucleotide-releasing factor RalGPS1 isoform X2 [Myotis daubentonii]	98922
XP_036190675.1	XP_059514051	31.429	175	1333	584	13	1.32e-23	112	ras-specific guanine nucleotide-releasing factor RalGPS1 isoform X2 [Myotis daubentonii]	98922
XP_036190675.1	XP_006768611	31.429	175	1333	584	13	1.32e-23	112	PREDICTED: ras-specific guanine nucleotide-releasing factor RalGPS1 isoform X2 [Myotis davidii]	225400
XP_036190675.1	XP_028368655	31.429	175	1333	584	13	1.32e-23	112	ras-specific guanine nucleotide-releasing factor RalGPS1 isoform X2 [Phyllostomus discolor]	89673
XP_036190675.1	XP_066112287	31.429	175	1333	583	13	1.34e-23	112	ras-specific guanine nucleotide-releasing factor RalGPS1 isoform X6 [Saccopteryx bilineata]	59482
XP_036190675.1	XP_059514060	31.429	175	1333	585	13	1.34e-23	112	ras-specific guanine nucleotide-releasing factor RalGPS1 isoform X1 [Myotis daubentonii]	98922
XP_036190675.1	XP_059514050	31.429	175	1333	585	13	1.34e-23	112	ras-specific guanine nucleotide-releasing factor RalGPS1 isoform X1 [Myotis daubentonii]	98922
XP_036190675.1	XP_059514049	31.429	175	1333	585	13	1.34e-23	112	ras-specific guanine nucleotide-releasing factor RalGPS1 isoform X1 [Myotis daubentonii]	98922
XP_036190675.1	XP_059514048	31.429	175	1333	585	13	1.34e-23	112	ras-specific guanine nucleotide-releasing factor RalGPS1 isoform X1 [Myotis daubentonii]	98922
XP_036190675.1	XP_059514047	31.429	175	1333	585	13	1.34e-23	112	ras-specific guanine nucleotide-releasing factor RalGPS1 isoform X1 [Myotis daubentonii]	98922
XP_036190675.1	XP_059514045	31.429	175	1333	585	13	1.34e-23	112	ras-specific guanine nucleotide-releasing factor RalGPS1 isoform X1 [Myotis daubentonii]	98922
XP_036190675.1	XP_006768608	31.429	175	1333	585	13	1.34e-23	112	PREDICTED: ras-specific guanine nucleotide-releasing factor RalGPS1 isoform X1 [Myotis davidii]	225400
XP_036190675.1	XP_006768607	31.429	175	1333	585	13	1.34e-23	112	PREDICTED: ras-specific guanine nucleotide-releasing factor RalGPS1 isoform X1 [Myotis davidii]	225400
XP_036190675.1	XP_066223234	31.429	175	1333	584	13	1.34e-23	112	ras-specific guanine nucleotide-releasing factor RalGPS1 isoform X9 [Saccopteryx leptura]	249018
XP_036190675.1	XP_066223233	31.429	175	1333	584	13	1.34e-23	112	ras-specific guanine nucleotide-releasing factor RalGPS1 isoform X9 [Saccopteryx leptura]	249018
XP_036190675.1	XP_066223232	31.429	175	1333	584	13	1.34e-23	112	ras-specific guanine nucleotide-releasing factor RalGPS1 isoform X9 [Saccopteryx leptura]	249018
XP_036190675.1	XP_066223231	31.429	175	1333	584	13	1.34e-23	112	ras-specific guanine nucleotide-releasing factor RalGPS1 isoform X9 [Saccopteryx leptura]	249018
XP_036190675.1	XP_066223230	31.429	175	1333	584	13	1.34e-23	112	ras-specific guanine nucleotide-releasing factor RalGPS1 isoform X9 [Saccopteryx leptura]	249018
XP_036190675.1	XP_066112286	31.429	175	1333	584	13	1.34e-23	112	ras-specific guanine nucleotide-releasing factor RalGPS1 isoform X1 [Saccopteryx bilineata]	59482
XP_036190675.1	XP_066112281	31.429	175	1333	584	13	1.34e-23	112	ras-specific guanine nucleotide-releasing factor RalGPS1 isoform X1 [Saccopteryx bilineata]	59482
XP_036190675.1	XP_066112280	31.429	175	1333	584	13	1.34e-23	112	ras-specific guanine nucleotide-releasing factor RalGPS1 isoform X1 [Saccopteryx bilineata]	59482
XP_036190675.1	XP_066112278	31.429	175	1333	584	13	1.34e-23	112	ras-specific guanine nucleotide-releasing factor RalGPS1 isoform X1 [Saccopteryx bilineata]	59482
XP_036190675.1	XP_066112277	31.429	175	1333	584	13	1.34e-23	112	ras-specific guanine nucleotide-releasing factor RalGPS1 isoform X1 [Saccopteryx bilineata]	59482
XP_036190675.1	XP_066112276	31.429	175	1333	584	13	1.34e-23	112	ras-specific guanine nucleotide-releasing factor RalGPS1 isoform X1 [Saccopteryx bilineata]	59482
XP_036190675.1	XP_032978449	31.429	175	1333	612	13	1.35e-23	113	ras-specific guanine nucleotide-releasing factor RalGPS1 isoform X1 [Rhinolophus ferrumequinum]	59479
XP_036190675.1	XP_023599281	31.429	175	1333	586	13	1.35e-23	112	ras-specific guanine nucleotide-releasing factor RalGPS1 [Myotis lucifugus]	59463
XP_036190675.1	XP_023599280	31.429	175	1333	586	13	1.35e-23	112	ras-specific guanine nucleotide-releasing factor RalGPS1 [Myotis lucifugus]	59463
XP_036190675.1	XP_011362851	24.099	444	1333	804	30	1.37e-23	114	ral guanine nucleotide dissociation stimulator-like 1 isoform X1 [Pteropus vampyrus]	132908
XP_036190675.1	XP_039737189	24.099	444	1333	804	30	1.38e-23	114	ral guanine nucleotide dissociation stimulator-like 1 isoform X1 [Pteropus medius]	143291
XP_036190675.1	XP_032978450	31.429	175	1333	610	13	1.39e-23	113	ras-specific guanine nucleotide-releasing factor RalGPS1 isoform X2 [Rhinolophus ferrumequinum]	59479
XP_036190675.1	XP_032948420	22.794	544	1333	803	37	1.40e-23	114	ral guanine nucleotide dissociation stimulator-like 1 isoform X1 [Rhinolophus ferrumequinum]	59479
XP_036190675.1	XP_081006997	31.429	175	1333	577	13	1.40e-23	112	ras-specific guanine nucleotide-releasing factor RalGPS1 isoform 2 [Miniopterus schreibersii]	9433
XP_036190675.1	XP_079646548	31.429	175	1333	640	13	1.55e-23	113	ras-specific guanine nucleotide-releasing factor RalGPS1 isoform 2 [Cnephaeus nilssonii]	3371016
XP_036190675.1	XP_079646554	31.429	175	1333	640	13	1.55e-23	113	ras-specific guanine nucleotide-releasing factor RalGPS1 isoform 2 [Cnephaeus nilssonii]	3371016
XP_036190675.1	XP_032948582	27.132	258	1333	488	19	1.77e-23	111	ras-specific guanine nucleotide-releasing factor RalGPS2 isoform X2 [Rhinolophus ferrumequinum]	59479
XP_036190675.1	XP_024899650	24.153	443	1333	800	30	1.82e-23	113	LOW QUALITY PROTEIN: ral guanine nucleotide dissociation stimulator-like 1 [Pteropus alecto]	9402
XP_036190675.1	XP_032948581	27.132	258	1333	514	19	1.82e-23	111	ras-specific guanine nucleotide-releasing factor RalGPS2 isoform X1 [Rhinolophus ferrumequinum]	59479
XP_036190675.1	XP_066217721	27.519	258	1333	556	19	1.85e-23	112	ras-specific guanine nucleotide-releasing factor RalGPS2 isoform X4 [Saccopteryx leptura]	249018
XP_036190675.1	XP_066117331	27.519	258	1333	556	19	1.85e-23	112	ras-specific guanine nucleotide-releasing factor RalGPS2 isoform X4 [Saccopteryx bilineata]	59482
XP_036190675.1	XP_066117329	27.519	258	1333	603	19	1.89e-23	112	ras-specific guanine nucleotide-releasing factor RalGPS2 isoform X2 [Saccopteryx bilineata]	59482
XP_036190675.1	XP_024899742	27.132	258	1333	514	19	1.94e-23	111	ras-specific guanine nucleotide-releasing factor RalGPS2 isoform X2 [Pteropus alecto]	9402
XP_036190675.1	XP_066217719	27.519	258	1333	603	19	2.05e-23	112	ras-specific guanine nucleotide-releasing factor RalGPS2 isoform X2 [Saccopteryx leptura]	249018
XP_036190675.1	XP_066217720	27.519	258	1333	582	19	2.24e-23	112	ras-specific guanine nucleotide-releasing factor RalGPS2 isoform X3 [Saccopteryx leptura]	249018
XP_036190675.1	XP_066117330	27.519	258	1333	582	19	2.24e-23	112	ras-specific guanine nucleotide-releasing factor RalGPS2 isoform X3 [Saccopteryx bilineata]	59482
XP_036190675.1	XP_074187142	31.429	175	1333	619	13	2.25e-23	112	ras-specific guanine nucleotide-releasing factor RalGPS1 isoform X1 [Rhinolophus sinicus]	89399
XP_036190675.1	XP_074187141	31.429	175	1333	619	13	2.25e-23	112	ras-specific guanine nucleotide-releasing factor RalGPS1 isoform X1 [Rhinolophus sinicus]	89399
XP_036190675.1	XP_074187140	31.429	175	1333	619	13	2.25e-23	112	ras-specific guanine nucleotide-releasing factor RalGPS1 isoform X1 [Rhinolophus sinicus]	89399
XP_036190675.1	XP_074187139	31.429	175	1333	619	13	2.25e-23	112	ras-specific guanine nucleotide-releasing factor RalGPS1 isoform X1 [Rhinolophus sinicus]	89399
XP_036190675.1	XP_036185511	31.429	175	1333	626	13	2.27e-23	112	ras-specific guanine nucleotide-releasing factor RalGPS1 isoform X4 [Myotis myotis]	51298
XP_036190675.1	XP_024899741	27.132	258	1333	540	19	2.32e-23	111	ras-specific guanine nucleotide-releasing factor RalGPS2 isoform X1 [Pteropus alecto]	9402
XP_036190675.1	XP_036185510	31.429	175	1333	627	13	2.45e-23	112	ras-specific guanine nucleotide-releasing factor RalGPS1 isoform X3 [Myotis myotis]	51298
XP_036190675.1	XP_066117419	23.626	546	1333	767	37	2.49e-23	113	ral guanine nucleotide dissociation stimulator-like 1 isoform X2 [Saccopteryx bilineata]	59482
XP_036190675.1	XP_066217717	27.519	258	1333	629	19	2.49e-23	112	ras-specific guanine nucleotide-releasing factor RalGPS2 isoform X1 [Saccopteryx leptura]	249018
XP_036190675.1	XP_019502058	27.132	258	1333	557	19	2.54e-23	111	PREDICTED: ras-specific guanine nucleotide-releasing factor RalGPS2 isoform X2 [Hipposideros armiger]	186990
XP_036190675.1	XP_016001084	24.099	444	1333	767	30	2.60e-23	112	ral guanine nucleotide dissociation stimulator-like 1 isoform X5 [Rousettus aegyptiacus]	9407
XP_036190675.1	XP_066117328	27.519	258	1333	629	19	2.63e-23	112	ras-specific guanine nucleotide-releasing factor RalGPS2 isoform X1 [Saccopteryx bilineata]	59482
XP_036190675.1	XP_080882259	27.132	258	1333	557	19	2.63e-23	111	ras-specific guanine nucleotide-releasing factor RalGPS2 isoform 2 [Rhinolophus hipposideros]	77218
XP_036190675.1	XP_080882258	27.132	258	1333	583	19	2.73e-23	112	ras-specific guanine nucleotide-releasing factor RalGPS2 isoform 1 [Rhinolophus hipposideros]	77218
XP_036190675.1	XP_019502052	27.132	258	1333	583	19	2.81e-23	112	PREDICTED: ras-specific guanine nucleotide-releasing factor RalGPS2 isoform X1 [Hipposideros armiger]	186990
XP_036190675.1	XP_019502044	27.132	258	1333	583	19	2.81e-23	112	PREDICTED: ras-specific guanine nucleotide-releasing factor RalGPS2 isoform X1 [Hipposideros armiger]	186990
XP_036190675.1	XP_019502039	27.132	258	1333	583	19	2.81e-23	112	PREDICTED: ras-specific guanine nucleotide-releasing factor RalGPS2 isoform X1 [Hipposideros armiger]	186990
XP_036190675.1	XP_015996686	27.132	258	1333	557	19	2.90e-23	111	ras-specific guanine nucleotide-releasing factor RalGPS2 isoform X2 [Rousettus aegyptiacus]	9407
XP_036190675.1	XP_036185508	31.429	175	1333	697	13	2.92e-23	112	ras-specific guanine nucleotide-releasing factor RalGPS1 isoform X1 [Myotis myotis]	51298
XP_036190675.1	XP_066117418	23.626	546	1333	802	37	3.08e-23	112	ral guanine nucleotide dissociation stimulator-like 1 isoform X1 [Saccopteryx bilineata]	59482
XP_036190675.1	XP_059529711	27.132	258	1333	555	19	3.10e-23	111	ras-specific guanine nucleotide-releasing factor RalGPS2 isoform X2 [Myotis daubentonii]	98922
XP_036190675.1	XP_039737321	27.132	258	1333	557	19	3.50e-23	111	ras-specific guanine nucleotide-releasing factor RalGPS2 isoform X2 [Pteropus medius]	143291
XP_036190675.1	XP_036185509	31.429	175	1333	669	13	3.65e-23	112	ras-specific guanine nucleotide-releasing factor RalGPS1 isoform X2 [Myotis myotis]	51298
XP_036190675.1	XP_059529710	27.132	258	1333	581	19	3.68e-23	111	ras-specific guanine nucleotide-releasing factor RalGPS2 isoform X1 [Myotis daubentonii]	98922
XP_036190675.1	XP_059529709	27.132	258	1333	581	19	3.68e-23	111	ras-specific guanine nucleotide-releasing factor RalGPS2 isoform X1 [Myotis daubentonii]	98922
XP_036190675.1	XP_059529708	27.132	258	1333	581	19	3.68e-23	111	ras-specific guanine nucleotide-releasing factor RalGPS2 isoform X1 [Myotis daubentonii]	98922
XP_036190675.1	XP_079617671	27.027	259	1333	555	19	3.80e-23	111	ras-specific guanine nucleotide-releasing factor RalGPS2 isoform 2 [Cnephaeus nilssonii]	3371016
XP_036190675.1	XP_015996684	27.132	258	1333	583	19	3.86e-23	111	ras-specific guanine nucleotide-releasing factor RalGPS2 isoform X1 [Rousettus aegyptiacus]	9407
XP_036190675.1	XP_036090469	27.132	258	1333	583	19	3.86e-23	111	ras-specific guanine nucleotide-releasing factor RalGPS2 isoform X1 [Rousettus aegyptiacus]	9407
XP_036190675.1	XP_015996683	27.132	258	1333	583	19	3.86e-23	111	ras-specific guanine nucleotide-releasing factor RalGPS2 isoform X1 [Rousettus aegyptiacus]	9407
XP_036190675.1	XP_015996682	27.132	258	1333	583	19	3.86e-23	111	ras-specific guanine nucleotide-releasing factor RalGPS2 isoform X1 [Rousettus aegyptiacus]	9407
XP_036190675.1	XP_016060525	27.027	259	1333	556	19	3.90e-23	111	PREDICTED: ras-specific guanine nucleotide-releasing factor RalGPS2 isoform X2 [Miniopterus natalensis]	291302
XP_036190675.1	XP_080978112	27.027	259	1333	556	19	3.90e-23	111	ras-specific guanine nucleotide-releasing factor RalGPS2 isoform 2 [Miniopterus schreibersii]	9433
XP_036190675.1	XP_016001082	24.099	444	1333	783	30	3.94e-23	112	ral guanine nucleotide dissociation stimulator-like 1 isoform X3 [Rousettus aegyptiacus]	9407
XP_036190675.1	XP_016001083	24.099	444	1333	769	30	3.98e-23	112	ral guanine nucleotide dissociation stimulator-like 1 isoform X4 [Rousettus aegyptiacus]	9407
XP_036190675.1	XP_036297814	27.027	259	1333	555	19	4.05e-23	111	ras-specific guanine nucleotide-releasing factor RalGPS2 isoform X2 [Pipistrellus kuhlii]	59472
XP_036190675.1	XP_019491091	21.869	535	1333	616	36	4.06e-23	111	PREDICTED: ral guanine nucleotide dissociation stimulator-like 1 [Hipposideros armiger]	186990
XP_036190675.1	XP_005880320	27.027	259	1333	581	19	4.09e-23	111	PREDICTED: ras-specific guanine nucleotide-releasing factor RalGPS2 isoform X1 [Myotis brandtii]	109478
XP_036190675.1	XP_006089018	27.027	259	1333	581	19	4.17e-23	111	LOW QUALITY PROTEIN: ras-specific guanine nucleotide-releasing factor RalGPS2 [Myotis lucifugus]	59463
XP_036190675.1	XP_054568147	27.027	259	1333	555	19	4.23e-23	110	ras-specific guanine nucleotide-releasing factor RalGPS2 isoform X2 [Eptesicus fuscus]	29078
XP_036190675.1	XP_080504476	27.027	259	1333	581	19	4.28e-23	111	ras-specific guanine nucleotide-releasing factor RalGPS2 isoform 1 [Plecotus auritus]	61862
XP_036190675.1	XP_039737320	27.132	258	1333	583	19	4.29e-23	111	ras-specific guanine nucleotide-releasing factor RalGPS2 isoform X1 [Pteropus medius]	143291
XP_036190675.1	XP_039737319	27.132	258	1333	583	19	4.29e-23	111	ras-specific guanine nucleotide-releasing factor RalGPS2 isoform X1 [Pteropus medius]	143291
XP_036190675.1	XP_036128201	27.027	259	1333	556	19	4.42e-23	110	ras-specific guanine nucleotide-releasing factor RalGPS2 isoform X2 [Molossus molossus]	27622
XP_036190675.1	XP_036198136	27.027	259	1333	573	19	4.49e-23	111	ras-specific guanine nucleotide-releasing factor RalGPS2 isoform X3 [Myotis myotis]	51298
XP_036190675.1	XP_070253280	27.027	259	1333	555	19	4.51e-23	110	ras-specific guanine nucleotide-releasing factor RalGPS2 isoform X2 [Myotis yumanensis]	159337
XP_036190675.1	XP_036198140	27.027	259	1333	555	19	4.51e-23	110	ras-specific guanine nucleotide-releasing factor RalGPS2 isoform X6 [Myotis myotis]	51298
XP_036190675.1	XP_080968252	27.027	259	1333	555	19	4.51e-23	110	ras-specific guanine nucleotide-releasing factor RalGPS2 isoform 2 [Myotis nattereri]	109481
XP_036190675.1	XP_005880321	27.027	259	1333	555	19	4.55e-23	110	PREDICTED: ras-specific guanine nucleotide-releasing factor RalGPS2 isoform X2 [Myotis brandtii]	109478
XP_036190675.1	XP_006754596	31.073	177	1333	572	13	4.74e-23	110	PREDICTED: ras-specific guanine nucleotide-releasing factor RalGPS2 [Myotis davidii]	225400
XP_036190675.1	XP_016060524	31.073	177	1333	582	13	4.74e-23	111	PREDICTED: ras-specific guanine nucleotide-releasing factor RalGPS2 isoform X1 [Miniopterus natalensis]	291302
XP_036190675.1	XP_036128200	31.073	177	1333	582	13	4.74e-23	111	ras-specific guanine nucleotide-releasing factor RalGPS2 isoform X1 [Molossus molossus]	27622
XP_036190675.1	XP_036128199	31.073	177	1333	582	13	4.74e-23	111	ras-specific guanine nucleotide-releasing factor RalGPS2 isoform X1 [Molossus molossus]	27622
XP_036190675.1	XP_080978111	31.073	177	1333	582	13	4.74e-23	111	ras-specific guanine nucleotide-releasing factor RalGPS2 isoform 1 [Miniopterus schreibersii]	9433
XP_036190675.1	XP_079617670	27.027	259	1333	581	19	4.93e-23	111	ras-specific guanine nucleotide-releasing factor RalGPS2 isoform 1 [Cnephaeus nilssonii]	3371016
XP_036190675.1	XP_036297812	27.027	259	1333	581	19	5.06e-23	110	ras-specific guanine nucleotide-releasing factor RalGPS2 isoform X1 [Pipistrellus kuhlii]	59472
XP_036190675.1	XP_080504477	27.027	259	1333	555	19	5.10e-23	110	ras-specific guanine nucleotide-releasing factor RalGPS2 isoform 2 [Plecotus auritus]	61862
XP_036190675.1	XP_054568146	27.027	259	1333	581	19	5.15e-23	110	ras-specific guanine nucleotide-releasing factor RalGPS2 isoform X1 [Eptesicus fuscus]	29078
XP_036190675.1	XP_054568145	27.027	259	1333	581	19	5.15e-23	110	ras-specific guanine nucleotide-releasing factor RalGPS2 isoform X1 [Eptesicus fuscus]	29078
XP_036190675.1	XP_054568144	27.027	259	1333	581	19	5.15e-23	110	ras-specific guanine nucleotide-releasing factor RalGPS2 isoform X1 [Eptesicus fuscus]	29078
XP_036190675.1	XP_070253278	27.027	259	1333	581	19	5.20e-23	110	ras-specific guanine nucleotide-releasing factor RalGPS2 isoform X1 [Myotis yumanensis]	159337
XP_036190675.1	XP_070253277	27.027	259	1333	581	19	5.20e-23	110	ras-specific guanine nucleotide-releasing factor RalGPS2 isoform X1 [Myotis yumanensis]	159337
XP_036190675.1	XP_036198135	27.027	259	1333	581	19	5.20e-23	110	ras-specific guanine nucleotide-releasing factor RalGPS2 isoform X2 [Myotis myotis]	51298
XP_036190675.1	XP_080968251	27.027	259	1333	581	19	5.20e-23	110	ras-specific guanine nucleotide-releasing factor RalGPS2 isoform 1 [Myotis nattereri]	109481
XP_036190675.1	XP_080968250	27.027	259	1333	581	19	5.20e-23	110	ras-specific guanine nucleotide-releasing factor RalGPS2 isoform 1 [Myotis nattereri]	109481
XP_036190675.1	XP_054567429	22.676	441	1333	723	30	5.50e-23	111	ral guanine nucleotide dissociation stimulator-like 1 isoform X2 [Eptesicus fuscus]	29078
XP_036190675.1	XP_016001081	24.099	444	1333	804	30	5.70e-23	112	ral guanine nucleotide dissociation stimulator-like 1 isoform X2 [Rousettus aegyptiacus]	9407
XP_036190675.1	XP_036090417	24.099	444	1333	818	30	5.95e-23	112	ral guanine nucleotide dissociation stimulator-like 1 isoform X1 [Rousettus aegyptiacus]	9407
XP_036190675.1	XP_016001078	24.099	444	1333	818	30	5.95e-23	112	ral guanine nucleotide dissociation stimulator-like 1 isoform X1 [Rousettus aegyptiacus]	9407
XP_036190675.1	XP_016001080	24.099	444	1333	818	30	5.95e-23	112	ral guanine nucleotide dissociation stimulator-like 1 isoform X1 [Rousettus aegyptiacus]	9407
XP_036190675.1	XP_036198134	27.027	259	1333	596	19	6.47e-23	110	ras-specific guanine nucleotide-releasing factor RalGPS2 isoform X1 [Myotis myotis]	51298
XP_036190675.1	XP_036198133	27.027	259	1333	596	19	6.47e-23	110	ras-specific guanine nucleotide-releasing factor RalGPS2 isoform X1 [Myotis myotis]	51298
XP_036190675.1	XP_036198132	27.027	259	1333	596	19	6.47e-23	110	ras-specific guanine nucleotide-releasing factor RalGPS2 isoform X1 [Myotis myotis]	51298
XP_036190675.1	XP_036198131	27.027	259	1333	596	19	6.47e-23	110	ras-specific guanine nucleotide-releasing factor RalGPS2 isoform X1 [Myotis myotis]	51298
XP_036190675.1	XP_036198130	27.027	259	1333	596	19	6.47e-23	110	ras-specific guanine nucleotide-releasing factor RalGPS2 isoform X1 [Myotis myotis]	51298
XP_036190675.1	XP_036198137	27.027	259	1333	570	19	6.92e-23	110	ras-specific guanine nucleotide-releasing factor RalGPS2 isoform X4 [Myotis myotis]	51298
XP_036190675.1	XP_006773019	21.910	534	1333	768	36	7.52e-23	111	PREDICTED: ral guanine nucleotide dissociation stimulator-like 1 isoform X2 [Myotis davidii]	225400
XP_036190675.1	XP_008144167	22.727	440	1333	768	30	7.85e-23	111	ral guanine nucleotide dissociation stimulator-like 1 isoform X1 [Eptesicus fuscus]	29078
XP_036190675.1	XP_006773018	21.869	535	1333	803	36	8.30e-23	111	PREDICTED: ral guanine nucleotide dissociation stimulator-like 1 isoform X1 [Myotis davidii]	225400
XP_036190675.1	XP_008144166	22.676	441	1333	803	30	9.20e-23	111	ral guanine nucleotide dissociation stimulator-like 1 isoform X3 [Eptesicus fuscus]	29078
XP_036190675.1	XP_079616960	22.727	440	1333	768	30	9.41e-23	111	ral guanine nucleotide dissociation stimulator-like 1 isoform 2 [Cnephaeus nilssonii]	3371016
XP_036190675.1	XP_006905435	29.907	214	1333	1150	16	9.58e-23	111	ras-specific guanine nucleotide-releasing factor 1 [Pteropus alecto]	9402
XP_036190675.1	XP_045690503	24.894	470	1333	708	32	1.07e-22	110	ral guanine nucleotide dissociation stimulator-like 2 isoform X3 [Phyllostomus hastatus]	9423
XP_036190675.1	XP_045690496	24.894	470	1333	708	32	1.07e-22	110	ral guanine nucleotide dissociation stimulator-like 2 isoform X3 [Phyllostomus hastatus]	9423
XP_036190675.1	XP_079616959	22.676	441	1333	803	30	1.08e-22	111	ral guanine nucleotide dissociation stimulator-like 1 isoform 1 [Cnephaeus nilssonii]	3371016
XP_036190675.1	XP_036198595	22.727	440	1333	807	30	1.13e-22	110	ral guanine nucleotide dissociation stimulator-like 1 isoform X1 [Myotis myotis]	51298
XP_036190675.1	XP_080978506	22.727	440	1333	768	30	1.23e-22	110	ral guanine nucleotide dissociation stimulator-like 1 isoform 2 [Miniopterus schreibersii]	9433
XP_036190675.1	XP_016080096	22.727	440	1333	766	30	1.23e-22	110	PREDICTED: ral guanine nucleotide dissociation stimulator-like 1 isoform X3 [Miniopterus natalensis]	291302
XP_036190675.1	XP_016080095	22.727	440	1333	768	30	1.25e-22	110	PREDICTED: ral guanine nucleotide dissociation stimulator-like 1 isoform X2 [Miniopterus natalensis]	291302
XP_036190675.1	XP_036198599	22.727	440	1333	761	30	1.42e-22	110	ral guanine nucleotide dissociation stimulator-like 1 isoform X4 [Myotis myotis]	51298
XP_036190675.1	XP_023610495	22.676	441	1333	803	30	1.50e-22	110	ral guanine nucleotide dissociation stimulator-like 1 isoform X1 [Myotis lucifugus]	59463
XP_036190675.1	XP_080504730	22.676	441	1333	768	30	1.52e-22	110	ral guanine nucleotide dissociation stimulator-like 1 isoform 2 [Plecotus auritus]	61862
XP_036190675.1	XP_070253046	22.676	441	1333	768	30	1.55e-22	110	ral guanine nucleotide dissociation stimulator-like 1 isoform X2 [Myotis yumanensis]	159337
XP_036190675.1	XP_059529752	22.727	440	1333	768	30	1.66e-22	110	ral guanine nucleotide dissociation stimulator-like 1 isoform X2 [Myotis daubentonii]	98922
XP_036190675.1	XP_036198598	22.727	440	1333	768	30	1.66e-22	110	ral guanine nucleotide dissociation stimulator-like 1 isoform X3 [Myotis myotis]	51298
XP_036190675.1	XP_014312291	22.727	440	1333	768	30	1.72e-22	110	ral guanine nucleotide dissociation stimulator-like 1 isoform X2 [Myotis lucifugus]	59463
XP_036190675.1	XP_070253045	22.676	441	1333	803	30	1.72e-22	110	ral guanine nucleotide dissociation stimulator-like 1 isoform X1 [Myotis yumanensis]	159337
XP_036190675.1	XP_080978505	22.727	440	1333	803	30	1.81e-22	110	ral guanine nucleotide dissociation stimulator-like 1 isoform 1 [Miniopterus schreibersii]	9433
XP_036190675.1	XP_059529751	22.676	441	1333	803	30	1.89e-22	110	ral guanine nucleotide dissociation stimulator-like 1 isoform X1 [Myotis daubentonii]	98922
XP_036190675.1	XP_036198597	22.676	441	1333	803	30	1.89e-22	110	ral guanine nucleotide dissociation stimulator-like 1 isoform X2 [Myotis myotis]	51298
XP_036190675.1	XP_036198596	22.676	441	1333	803	30	1.89e-22	110	ral guanine nucleotide dissociation stimulator-like 1 isoform X2 [Myotis myotis]	51298
XP_036190675.1	XP_080504729	22.676	441	1333	803	30	1.93e-22	110	ral guanine nucleotide dissociation stimulator-like 1 isoform 1 [Plecotus auritus]	61862
XP_036190675.1	XP_016080094	22.727	440	1333	803	30	2.06e-22	110	PREDICTED: ral guanine nucleotide dissociation stimulator-like 1 isoform X1 [Miniopterus natalensis]	291302
XP_036190675.1	XP_035879817	24.681	470	1333	708	32	2.16e-22	109	ral guanine nucleotide dissociation stimulator-like 2 isoform X3 [Phyllostomus discolor]	89673
XP_036190675.1	XP_035879816	24.681	470	1333	708	32	2.16e-22	109	ral guanine nucleotide dissociation stimulator-like 2 isoform X3 [Phyllostomus discolor]	89673
XP_036190675.1	XP_019594345	22.794	544	1333	768	37	2.21e-22	110	ral guanine nucleotide dissociation stimulator-like 1 isoform X3 [Rhinolophus sinicus]	89399
XP_036190675.1	XP_019594429	23.162	544	1333	766	37	2.37e-22	109	ral guanine nucleotide dissociation stimulator-like 1 isoform X2 [Rhinolophus sinicus]	89399
XP_036190675.1	XP_036298398	22.676	441	1333	768	30	2.93e-22	109	ral guanine nucleotide dissociation stimulator-like 1 isoform X2 [Pipistrellus kuhlii]	59472
XP_036190675.1	XP_019594262	22.794	544	1333	803	37	2.93e-22	109	ral guanine nucleotide dissociation stimulator-like 1 isoform X1 [Rhinolophus sinicus]	89399
XP_036190675.1	XP_036298397	22.676	441	1333	803	30	3.06e-22	109	ral guanine nucleotide dissociation stimulator-like 1 isoform X1 [Pipistrellus kuhlii]	59472
XP_036190675.1	XP_080969344	23.182	440	1333	768	30	3.20e-22	109	ral guanine nucleotide dissociation stimulator-like 1 isoform 2 [Myotis nattereri]	109481
XP_036190675.1	XP_080969343	23.129	441	1333	803	30	3.31e-22	109	ral guanine nucleotide dissociation stimulator-like 1 isoform 1 [Myotis nattereri]	109481
XP_036190675.1	XP_053770083	24.426	479	1333	720	32	1.19e-21	107	ral guanine nucleotide dissociation stimulator-like 2 isoform X3 [Desmodus rotundus]	9430
XP_036190675.1	XP_053770082	24.426	479	1333	720	32	1.19e-21	107	ral guanine nucleotide dissociation stimulator-like 2 isoform X3 [Desmodus rotundus]	9430
XP_036190675.1	XP_036128494	23.905	548	1333	768	37	1.28e-21	107	ral guanine nucleotide dissociation stimulator-like 1 isoform X2 [Molossus molossus]	27622
XP_036190675.1	XP_036908637	25.054	467	1333	778	31	1.60e-21	107	ral guanine nucleotide dissociation stimulator-like 2 isoform X1 [Sturnira hondurensis]	192404
XP_036190675.1	XP_036128493	24.088	548	1333	803	37	1.71e-21	107	ral guanine nucleotide dissociation stimulator-like 1 isoform X1 [Molossus molossus]	27622
XP_036190675.1	XP_014384825	28.646	192	1333	531	13	1.00e-20	103	PREDICTED: ras-specific guanine nucleotide-releasing factor RalGPS1 isoform X3 [Myotis brandtii]	109478
XP_036190675.1	XP_014384823	28.796	191	1333	602	13	1.48e-20	103	PREDICTED: ras-specific guanine nucleotide-releasing factor RalGPS1 isoform X1 [Myotis brandtii]	109478
XP_036190675.1	XP_014384822	28.796	191	1333	602	13	1.48e-20	103	PREDICTED: ras-specific guanine nucleotide-releasing factor RalGPS1 isoform X1 [Myotis brandtii]	109478
XP_036190675.1	XP_014384821	28.796	191	1333	602	13	1.48e-20	103	PREDICTED: ras-specific guanine nucleotide-releasing factor RalGPS1 isoform X1 [Myotis brandtii]	109478
XP_036190675.1	XP_014384820	28.796	191	1333	602	13	1.48e-20	103	PREDICTED: ras-specific guanine nucleotide-releasing factor RalGPS1 isoform X1 [Myotis brandtii]	109478
XP_036190675.1	XP_014384819	28.796	191	1333	602	13	1.48e-20	103	PREDICTED: ras-specific guanine nucleotide-releasing factor RalGPS1 isoform X1 [Myotis brandtii]	109478
XP_036190675.1	XP_036908638	24.731	465	1333	771	31	2.33e-20	103	ral guanine nucleotide dissociation stimulator-like 2 isoform X2 [Sturnira hondurensis]	192404
XP_036190675.1	XP_037001575	22.222	441	1333	777	30	2.70e-20	103	ral guanine nucleotide dissociation stimulator-like 1 isoform X2 [Artibeus jamaicensis]	9417
XP_036190675.1	XP_079646549	28.061	196	1333	468	13	2.81e-20	101	ras-specific guanine nucleotide-releasing factor RalGPS1 isoform 11 [Cnephaeus nilssonii]	3371016
XP_036190675.1	XP_039712164	23.690	477	1333	746	32	3.08e-20	103	ral guanine nucleotide dissociation stimulator-like 2 isoform X3 [Pteropus medius]	143291
XP_036190675.1	XP_059514054	30.247	162	1333	549	12	3.16e-20	102	ras-specific guanine nucleotide-releasing factor RalGPS1 isoform X5 [Myotis daubentonii]	98922
XP_036190675.1	XP_036267931	30.247	162	1333	549	12	3.16e-20	102	ras-specific guanine nucleotide-releasing factor RalGPS1 isoform X4 [Pipistrellus kuhlii]	59472
XP_036190675.1	XP_039712163	23.690	477	1333	778	32	3.21e-20	103	ral guanine nucleotide dissociation stimulator-like 2 isoform X2 [Pteropus medius]	143291
XP_036190675.1	XP_039712162	23.640	478	1333	787	32	3.71e-20	102	ral guanine nucleotide dissociation stimulator-like 2 isoform X1 [Pteropus medius]	143291
XP_036190675.1	XP_036891220	23.198	444	1333	777	30	5.70e-20	102	ral guanine nucleotide dissociation stimulator-like 1 isoform X2 [Sturnira hondurensis]	192404
XP_036190675.1	XP_079646558	28.061	196	1333	590	13	5.94e-20	101	ras-specific guanine nucleotide-releasing factor RalGPS1 isoform 6 [Cnephaeus nilssonii]	3371016
XP_036190675.1	XP_079646557	28.061	196	1333	605	13	6.67e-20	101	ras-specific guanine nucleotide-releasing factor RalGPS1 isoform 5 [Cnephaeus nilssonii]	3371016
XP_036190675.1	XP_079646547	28.205	195	1333	660	13	7.21e-20	101	ras-specific guanine nucleotide-releasing factor RalGPS1 isoform 1 [Cnephaeus nilssonii]	3371016
XP_036190675.1	XP_079646553	28.205	195	1333	660	13	7.21e-20	101	ras-specific guanine nucleotide-releasing factor RalGPS1 isoform 1 [Cnephaeus nilssonii]	3371016
XP_036190675.1	XP_079646552	28.205	195	1333	660	13	7.21e-20	101	ras-specific guanine nucleotide-releasing factor RalGPS1 isoform 1 [Cnephaeus nilssonii]	3371016
XP_036190675.1	XP_079646551	28.205	195	1333	660	13	7.21e-20	101	ras-specific guanine nucleotide-releasing factor RalGPS1 isoform 1 [Cnephaeus nilssonii]	3371016
XP_036190675.1	XP_079646542	28.205	195	1333	660	13	7.21e-20	101	ras-specific guanine nucleotide-releasing factor RalGPS1 isoform 1 [Cnephaeus nilssonii]	3371016
XP_036190675.1	XP_066217108	25.234	428	1333	780	29	3.13e-19	99.8	LOW QUALITY PROTEIN: ral guanine nucleotide dissociation stimulator-like 3 [Saccopteryx leptura]	249018
XP_036190675.1	XP_066109451	24.884	430	1333	700	29	3.76e-19	99.4	ral guanine nucleotide dissociation stimulator-like 3 [Saccopteryx bilineata]	59482
XP_036190675.1	XP_053769203	26.939	245	1333	1235	17	4.30e-19	100	ras-specific guanine nucleotide-releasing factor 1 isoform X3 [Desmodus rotundus]	9430
XP_036190675.1	XP_028358215	26.639	244	1333	1230	17	5.82e-19	99.4	ras-specific guanine nucleotide-releasing factor 1 isoform X3 [Phyllostomus discolor]	89673
XP_036190675.1	XP_053776545	29.870	154	1333	525	11	1.60e-18	96.7	ras-specific guanine nucleotide-releasing factor RalGPS1 isoform X3 [Desmodus rotundus]	9430
XP_036190675.1	XP_036211381	26.749	243	1333	1300	18	1.71e-18	98.2	ras-specific guanine nucleotide-releasing factor 1 isoform X2 [Myotis myotis]	51298
XP_036190675.1	XP_074194244	26.097	433	1333	576	28	1.79e-18	96.7	ral guanine nucleotide dissociation stimulator-like 3 isoform X8 [Rhinolophus sinicus]	89399
XP_036190675.1	XP_074194243	26.097	433	1333	576	28	1.79e-18	96.7	ral guanine nucleotide dissociation stimulator-like 3 isoform X8 [Rhinolophus sinicus]	89399
XP_036190675.1	XP_074194242	26.097	433	1333	576	28	1.79e-18	96.7	ral guanine nucleotide dissociation stimulator-like 3 isoform X8 [Rhinolophus sinicus]	89399
XP_036190675.1	XP_059514056	29.870	154	1333	525	11	1.86e-18	96.3	ras-specific guanine nucleotide-releasing factor RalGPS1 isoform X7 [Myotis daubentonii]	98922
XP_036190675.1	XP_054583667	29.870	154	1333	525	11	1.88e-18	96.3	ras-specific guanine nucleotide-releasing factor RalGPS1 isoform X2 [Eptesicus fuscus]	29078
XP_036190675.1	XP_045427994	29.870	154	1333	525	11	1.93e-18	96.3	ras-specific guanine nucleotide-releasing factor RalGPS1 isoform X5 [Pipistrellus kuhlii]	59472
XP_036190675.1	XP_019600493	26.097	433	1333	701	28	1.94e-18	97.1	ral guanine nucleotide dissociation stimulator-like 3 isoform X4 [Rhinolophus sinicus]	89399
XP_036190675.1	XP_036089572	27.966	236	1333	632	16	1.97e-18	97.1	ral guanine nucleotide dissociation stimulator-like 3 isoform X7 [Rousettus aegyptiacus]	9407
XP_036190675.1	XP_074173475	26.531	245	1333	1333	17	2.07e-18	97.8	ras-specific guanine nucleotide-releasing factor 1 isoform X6 [Rhinolophus sinicus]	89399
XP_036190675.1	XP_074173474	26.891	238	1333	1336	17	2.39e-18	97.4	ras-specific guanine nucleotide-releasing factor 1 isoform X5 [Rhinolophus sinicus]	89399
XP_036190675.1	XP_036089567	25.349	430	1333	723	28	2.64e-18	96.7	ral guanine nucleotide dissociation stimulator-like 3 isoform X2 [Rousettus aegyptiacus]	9407
XP_036190675.1	XP_036089569	25.349	430	1333	705	28	2.90e-18	96.7	ral guanine nucleotide dissociation stimulator-like 3 isoform X4 [Rousettus aegyptiacus]	9407
XP_036190675.1	XP_032955863	26.531	245	1333	1358	17	2.93e-18	97.4	ras-specific guanine nucleotide-releasing factor 1 isoform X2 [Rhinolophus ferrumequinum]	59479
XP_036190675.1	XP_019600495	26.097	433	1333	633	28	2.94e-18	96.3	ral guanine nucleotide dissociation stimulator-like 3 isoform X7 [Rhinolophus sinicus]	89399
XP_036190675.1	XP_036089568	25.349	430	1333	717	28	3.21e-18	96.3	ral guanine nucleotide dissociation stimulator-like 3 isoform X3 [Rousettus aegyptiacus]	9407
XP_036190675.1	XP_080897547	26.531	245	1333	1339	17	3.45e-18	97.1	ras-specific guanine nucleotide-releasing factor 1 isoform 2 [Rhinolophus hipposideros]	77218
XP_036190675.1	XP_036089570	27.966	236	1333	699	16	3.55e-18	96.3	ral guanine nucleotide dissociation stimulator-like 3 isoform X5 [Rousettus aegyptiacus]	9407
XP_036190675.1	XP_059539985	25.260	384	1333	1222	28	3.62e-18	97.1	spermatogenesis-associated protein 13 isoform X3 [Myotis daubentonii]	98922
XP_036190675.1	XP_024895829	26.450	431	1333	705	28	3.69e-18	96.3	ral guanine nucleotide dissociation stimulator-like 3 isoform X1 [Pteropus alecto]	9402
XP_036190675.1	XP_024895830	26.450	431	1333	689	28	4.20e-18	95.9	ral guanine nucleotide dissociation stimulator-like 3 isoform X3 [Pteropus alecto]	9402
XP_036190675.1	XP_059538838	25.260	384	1333	1222	28	4.37e-18	96.7	spermatogenesis-associated protein 13-like [Myotis daubentonii]	98922
XP_036190675.1	XP_015453892	26.450	431	1333	699	28	4.72e-18	95.9	ral guanine nucleotide dissociation stimulator-like 3 isoform X2 [Pteropus alecto]	9402
XP_036190675.1	XP_011359582	29.487	156	1333	502	11	5.66e-18	94.7	ras-specific guanine nucleotide-releasing factor RalGPS2 [Pteropus vampyrus]	132908
XP_036190675.1	XP_074194238	26.097	433	1333	716	28	6.54e-18	95.5	ral guanine nucleotide dissociation stimulator-like 3 isoform X1 [Rhinolophus sinicus]	89399
XP_036190675.1	XP_059552722	24.476	429	1333	831	28	6.95e-18	95.5	LOW QUALITY PROTEIN: ral guanine nucleotide dissociation stimulator-like 3 [Myotis daubentonii]	98922
XP_036190675.1	XP_036920647	24.034	466	1333	1218	33	7.07e-18	95.9	spermatogenesis-associated protein 13 isoform X1 [Sturnira hondurensis]	192404
XP_036190675.1	XP_054574730	25.131	382	1333	1228	28	7.86e-18	95.9	spermatogenesis-associated protein 13 [Eptesicus fuscus]	29078
XP_036190675.1	XP_019600492	26.097	433	1333	709	28	8.07e-18	95.1	ral guanine nucleotide dissociation stimulator-like 3 isoform X2 [Rhinolophus sinicus]	89399
XP_036190675.1	XP_036315626	24.374	439	1333	741	29	8.26e-18	95.1	LOW QUALITY PROTEIN: ral guanine nucleotide dissociation stimulator-like 3 [Pipistrellus kuhlii]	59472
XP_036190675.1	XP_039729061	26.744	430	1333	705	28	8.73e-18	95.1	ral guanine nucleotide dissociation stimulator-like 3 isoform X1 [Pteropus medius]	143291
XP_036190675.1	XP_080948833	24.027	437	1333	703	29	8.84e-18	95.1	ral guanine nucleotide dissociation stimulator-like 3 [Myotis nattereri]	109481
XP_036190675.1	XP_080531492	24.256	437	1333	702	29	1.00e-17	94.7	ral guanine nucleotide dissociation stimulator-like 3 isoform 1 [Plecotus auritus]	61862
XP_036190675.1	XP_074173470	28.000	225	1333	1361	16	1.05e-17	95.5	ras-specific guanine nucleotide-releasing factor 1 isoform X1 [Rhinolophus sinicus]	89399
XP_036190675.1	XP_039729062	26.744	430	1333	699	28	1.08e-17	94.7	ral guanine nucleotide dissociation stimulator-like 3 isoform X2 [Pteropus medius]	143291
XP_036190675.1	XP_070265569	25.260	384	1333	1098	28	1.13e-17	95.1	spermatogenesis-associated protein 13 isoform X2 [Myotis yumanensis]	159337
XP_036190675.1	XP_074173473	28.000	225	1333	1340	16	1.16e-17	95.5	ras-specific guanine nucleotide-releasing factor 1 isoform X4 [Rhinolophus sinicus]	89399
XP_036190675.1	XP_070265568	25.260	384	1333	1220	28	1.18e-17	95.1	spermatogenesis-associated protein 13 isoform X1 [Myotis yumanensis]	159337
XP_036190675.1	XP_070265567	25.260	384	1333	1220	28	1.18e-17	95.1	spermatogenesis-associated protein 13 isoform X1 [Myotis yumanensis]	159337
XP_036190675.1	XP_070265566	25.260	384	1333	1220	28	1.18e-17	95.1	spermatogenesis-associated protein 13 isoform X1 [Myotis yumanensis]	159337
XP_036190675.1	XP_070265565	25.260	384	1333	1220	28	1.18e-17	95.1	spermatogenesis-associated protein 13 isoform X1 [Myotis yumanensis]	159337
XP_036190675.1	XP_070265564	25.260	384	1333	1220	28	1.18e-17	95.1	spermatogenesis-associated protein 13 isoform X1 [Myotis yumanensis]	159337
XP_036190675.1	XP_036155554	25.260	384	1333	1278	28	1.21e-17	95.1	spermatogenesis-associated protein 13 isoform X1 [Myotis myotis]	51298
XP_036190675.1	XP_014391216	24.429	438	1333	749	29	1.33e-17	94.7	PREDICTED: ral guanine nucleotide dissociation stimulator-like 3 [Myotis brandtii]	109478
XP_036190675.1	XP_074173472	28.440	218	1333	1349	16	1.40e-17	95.1	ras-specific guanine nucleotide-releasing factor 1 isoform X3 [Rhinolophus sinicus]	89399
XP_036190675.1	XP_045431115	26.692	266	1333	1219	20	1.43e-17	95.1	rap guanine nucleotide exchange factor 1 isoform X9 [Pipistrellus kuhlii]	59472
XP_036190675.1	XP_074173476	28.000	225	1333	1321	16	1.55e-17	94.7	ras-specific guanine nucleotide-releasing factor 1 isoform X7 [Rhinolophus sinicus]	89399
XP_036190675.1	XP_039729063	29.536	237	1333	689	16	1.61e-17	94.0	ral guanine nucleotide dissociation stimulator-like 3 isoform X3 [Pteropus medius]	143291
XP_036190675.1	XP_036170269	24.027	437	1333	703	29	1.81e-17	94.0	ral guanine nucleotide dissociation stimulator-like 3 isoform X2 [Myotis myotis]	51298
XP_036190675.1	XP_066225238	25.916	382	1333	1231	28	1.87e-17	94.7	spermatogenesis-associated protein 13 isoform X1 [Saccopteryx leptura]	249018
XP_036190675.1	XP_066225237	25.916	382	1333	1231	28	1.87e-17	94.7	spermatogenesis-associated protein 13 isoform X1 [Saccopteryx leptura]	249018
XP_036190675.1	XP_032989332	26.218	431	1333	824	28	1.87e-17	94.4	LOW QUALITY PROTEIN: ral guanine nucleotide dissociation stimulator-like 3 [Rhinolophus ferrumequinum]	59479
XP_036190675.1	XP_054433176	24.297	391	1333	1233	28	1.93e-17	94.7	spermatogenesis-associated protein 13 [Pteronotus mesoamericanus]	1884717
XP_036190675.1	XP_036155555	25.260	384	1333	1223	28	2.26e-17	94.4	spermatogenesis-associated protein 13 isoform X2 [Myotis myotis]	51298
XP_036190675.1	XP_079630219	25.131	382	1333	1225	28	2.34e-17	94.4	spermatogenesis-associated protein 13 isoform 1 [Cnephaeus nilssonii]	3371016
XP_036190675.1	XP_079630218	25.131	382	1333	1225	28	2.34e-17	94.4	spermatogenesis-associated protein 13 isoform 1 [Cnephaeus nilssonii]	3371016
XP_036190675.1	XP_079630217	25.131	382	1333	1225	28	2.34e-17	94.4	spermatogenesis-associated protein 13 isoform 1 [Cnephaeus nilssonii]	3371016
XP_036190675.1	XP_032955865	28.440	218	1333	1334	16	2.46e-17	94.4	ras-specific guanine nucleotide-releasing factor 1 isoform X4 [Rhinolophus ferrumequinum]	59479
XP_036190675.1	XP_045686384	25.066	379	1333	1235	28	2.50e-17	94.4	spermatogenesis-associated protein 13 isoform X1 [Phyllostomus hastatus]	9423
XP_036190675.1	XP_066114396	25.916	382	1333	1231	28	2.51e-17	94.4	spermatogenesis-associated protein 13 isoform X2 [Saccopteryx bilineata]	59482
XP_036190675.1	XP_066114395	25.916	382	1333	1231	28	2.51e-17	94.4	spermatogenesis-associated protein 13 isoform X2 [Saccopteryx bilineata]	59482
XP_036190675.1	XP_032955864	28.000	225	1333	1350	16	2.53e-17	94.4	ras-specific guanine nucleotide-releasing factor 1 isoform X3 [Rhinolophus ferrumequinum]	59479
XP_036190675.1	XP_066114394	25.916	382	1333	1290	28	3.40e-17	94.0	spermatogenesis-associated protein 13 isoform X1 [Saccopteryx bilineata]	59482
XP_036190675.1	XP_014302357	24.027	437	1333	672	29	3.52e-17	92.8	LOW QUALITY PROTEIN: ral guanine nucleotide dissociation stimulator-like 3 [Myotis lucifugus]	59463
XP_036190675.1	XP_080986701	25.131	382	1333	1246	28	3.73e-17	93.6	spermatogenesis-associated protein 13 isoform 4 [Miniopterus schreibersii]	9433
XP_036190675.1	XP_080986699	25.131	382	1333	1355	28	3.75e-17	93.6	spermatogenesis-associated protein 13 isoform 2 [Miniopterus schreibersii]	9433
XP_036190675.1	XP_074194240	29.536	237	1333	698	16	3.91e-17	92.8	ral guanine nucleotide dissociation stimulator-like 3 isoform X5 [Rhinolophus sinicus]	89399
XP_036190675.1	XP_045050442	25.278	360	1333	1304	26	4.05e-17	93.6	spermatogenesis-associated protein 13 isoform X3 [Desmodus rotundus]	9430
XP_036190675.1	XP_005865973	25.450	389	1333	652	28	4.14e-17	92.8	PREDICTED: spermatogenesis-associated protein 13 isoform X1 [Myotis brandtii]	109478
XP_036190675.1	XP_045050459	25.278	360	1333	1301	26	4.15e-17	93.6	spermatogenesis-associated protein 13 isoform X4 [Desmodus rotundus]	9430
XP_036190675.1	XP_080986698	25.131	382	1333	1379	28	4.18e-17	93.6	spermatogenesis-associated protein 13 isoform 1 [Miniopterus schreibersii]	9433
XP_036190675.1	XP_080531493	27.426	237	1333	684	16	4.18e-17	92.8	ral guanine nucleotide dissociation stimulator-like 3 isoform 2 [Plecotus auritus]	61862
XP_036190675.1	XP_045444391	25.131	382	1333	1101	28	4.22e-17	93.2	spermatogenesis-associated protein 13 isoform X3 [Pipistrellus kuhlii]	59472
XP_036190675.1	XP_036313601	25.131	382	1333	1223	28	4.42e-17	93.2	spermatogenesis-associated protein 13 isoform X1 [Pipistrellus kuhlii]	59472
XP_036190675.1	XP_045444390	25.131	382	1333	1219	28	4.45e-17	93.2	spermatogenesis-associated protein 13 isoform X2 [Pipistrellus kuhlii]	59472
XP_036190675.1	XP_053776851	25.278	360	1333	1309	26	4.49e-17	93.6	spermatogenesis-associated protein 13 isoform X2 [Desmodus rotundus]	9430
XP_036190675.1	XP_028387760	25.066	379	1333	1233	28	4.71e-17	93.2	spermatogenesis-associated protein 13 isoform X3 [Phyllostomus discolor]	89673
XP_036190675.1	XP_045050363	25.278	360	1333	1312	26	4.77e-17	93.2	spermatogenesis-associated protein 13 isoform X1 [Desmodus rotundus]	9430
XP_036190675.1	XP_053776853	25.278	360	1333	1233	26	4.83e-17	93.2	spermatogenesis-associated protein 13 isoform X5 [Desmodus rotundus]	9430
XP_036190675.1	XP_045050508	25.278	360	1333	1233	26	4.83e-17	93.2	spermatogenesis-associated protein 13 isoform X5 [Desmodus rotundus]	9430
XP_036190675.1	XP_024420972	25.278	360	1333	1233	26	4.83e-17	93.2	spermatogenesis-associated protein 13 isoform X5 [Desmodus rotundus]	9430
XP_036190675.1	XP_080986700	25.131	382	1333	1316	28	4.85e-17	93.2	spermatogenesis-associated protein 13 isoform 3 [Miniopterus schreibersii]	9433
XP_036190675.1	XP_045050549	25.278	360	1333	1188	26	4.99e-17	93.2	spermatogenesis-associated protein 13 isoform X6 [Desmodus rotundus]	9430
XP_036190675.1	XP_028387762	25.066	379	1333	1109	28	5.80e-17	92.8	spermatogenesis-associated protein 13 isoform X5 [Phyllostomus discolor]	89673
XP_036190675.1	XP_035874335	24.093	386	1333	1304	28	5.82e-17	93.2	spermatogenesis-associated protein 13 isoform X1 [Phyllostomus discolor]	89673
XP_036190675.1	XP_035874338	24.093	386	1333	1180	28	5.99e-17	92.8	spermatogenesis-associated protein 13 isoform X4 [Phyllostomus discolor]	89673
XP_036190675.1	XP_066225239	25.781	384	1333	749	28	6.17e-17	92.4	spermatogenesis-associated protein 13 isoform X2 [Saccopteryx leptura]	249018
XP_036190675.1	XP_015419855	25.193	389	1333	652	28	6.77e-17	92.0	PREDICTED: spermatogenesis-associated protein 13 isoform X1 [Myotis davidii]	225400
XP_036190675.1	XP_006753748	25.193	389	1333	652	28	6.77e-17	92.0	PREDICTED: spermatogenesis-associated protein 13 isoform X1 [Myotis davidii]	225400
XP_036190675.1	XP_080931988	29.114	237	1333	660	16	6.78e-17	92.0	ral guanine nucleotide dissociation stimulator-like 3 isoform 5 [Rhinolophus hipposideros]	77218
XP_036190675.1	XP_080931992	29.114	237	1333	605	16	8.52e-17	91.7	ral guanine nucleotide dissociation stimulator-like 3 isoform 9 [Rhinolophus hipposideros]	77218
XP_036190675.1	XP_066114397	25.781	384	1333	749	28	8.54e-17	92.0	spermatogenesis-associated protein 13 isoform X3 [Saccopteryx bilineata]	59482
XP_036190675.1	XP_023612471	25.000	384	1333	1220	28	8.63e-17	92.4	spermatogenesis-associated protein 13 isoform X1 [Myotis lucifugus]	59463
XP_036190675.1	XP_006092175	25.000	384	1333	1220	28	8.63e-17	92.4	spermatogenesis-associated protein 13 isoform X1 [Myotis lucifugus]	59463
XP_036190675.1	XP_080931987	29.114	237	1333	673	16	8.80e-17	91.7	ral guanine nucleotide dissociation stimulator-like 3 isoform 4 [Rhinolophus hipposideros]	77218
XP_036190675.1	XP_080931990	29.114	237	1333	633	16	8.90e-17	91.7	ral guanine nucleotide dissociation stimulator-like 3 isoform 7 [Rhinolophus hipposideros]	77218
XP_036190675.1	XP_035874336	24.093	386	1333	1298	28	8.95e-17	92.4	spermatogenesis-associated protein 13 isoform X2 [Phyllostomus discolor]	89673
XP_036190675.1	XP_036987256	27.119	236	1333	881	16	9.00e-17	92.0	ral guanine nucleotide dissociation stimulator-like 3 [Artibeus jamaicensis]	9417
XP_036190675.1	XP_080931983	29.114	237	1333	701	16	9.13e-17	91.7	ral guanine nucleotide dissociation stimulator-like 3 isoform 1 [Rhinolophus hipposideros]	77218
XP_036190675.1	XP_036084346	23.907	389	1333	1211	28	9.52e-17	92.4	spermatogenesis-associated protein 13 isoform X4 [Rousettus aegyptiacus]	9407
XP_036190675.1	XP_036084345	23.907	389	1333	1211	28	9.52e-17	92.4	spermatogenesis-associated protein 13 isoform X4 [Rousettus aegyptiacus]	9407
XP_036190675.1	XP_019506986	24.936	389	1333	1234	28	9.60e-17	92.4	PREDICTED: spermatogenesis-associated protein 13 isoform X1 [Hipposideros armiger]	186990
XP_036190675.1	XP_019506988	24.936	389	1333	1112	28	9.91e-17	92.0	PREDICTED: spermatogenesis-associated protein 13 isoform X2 [Hipposideros armiger]	186990
XP_036190675.1	XP_019514869	28.936	235	1333	622	16	1.01e-16	91.3	PREDICTED: ral guanine nucleotide dissociation stimulator-like 3 isoform X2 [Hipposideros armiger]	186990
XP_036190675.1	XP_015973836	30.583	206	1333	1606	15	1.07e-16	92.4	rap guanine nucleotide exchange factor 6 isoform X2 [Rousettus aegyptiacus]	9407
XP_036190675.1	XP_045444392	24.936	389	1333	749	28	1.11e-16	91.7	spermatogenesis-associated protein 13 isoform X4 [Pipistrellus kuhlii]	59472
XP_036190675.1	XP_066225240	25.781	384	1333	652	28	1.15e-16	91.3	spermatogenesis-associated protein 13 isoform X3 [Saccopteryx leptura]	249018
XP_036190675.1	XP_036080917	30.583	206	1333	1614	15	1.15e-16	92.0	rap guanine nucleotide exchange factor 6 isoform X1 [Rousettus aegyptiacus]	9407
XP_036190675.1	XP_036080916	30.583	206	1333	1614	15	1.15e-16	92.0	rap guanine nucleotide exchange factor 6 isoform X1 [Rousettus aegyptiacus]	9407
XP_036190675.1	XP_036080915	30.583	206	1333	1614	15	1.15e-16	92.0	rap guanine nucleotide exchange factor 6 isoform X1 [Rousettus aegyptiacus]	9407
XP_036190675.1	XP_036080914	30.583	206	1333	1614	15	1.15e-16	92.0	rap guanine nucleotide exchange factor 6 isoform X1 [Rousettus aegyptiacus]	9407
XP_036190675.1	XP_036080913	30.583	206	1333	1614	15	1.15e-16	92.0	rap guanine nucleotide exchange factor 6 isoform X1 [Rousettus aegyptiacus]	9407
XP_036190675.1	XP_036080912	30.583	206	1333	1614	15	1.15e-16	92.0	rap guanine nucleotide exchange factor 6 isoform X1 [Rousettus aegyptiacus]	9407
XP_036190675.1	XP_036080918	30.583	206	1333	1498	15	1.17e-16	92.0	rap guanine nucleotide exchange factor 6 isoform X7 [Rousettus aegyptiacus]	9407
XP_036190675.1	XP_053518802	25.066	379	1333	1228	28	1.17e-16	92.0	spermatogenesis-associated protein 13 isoform X1 [Artibeus jamaicensis]	9417
XP_036190675.1	XP_053518800	25.066	379	1333	1228	28	1.17e-16	92.0	spermatogenesis-associated protein 13 isoform X1 [Artibeus jamaicensis]	9417
XP_036190675.1	XP_053518795	25.066	379	1333	1228	28	1.17e-16	92.0	spermatogenesis-associated protein 13 isoform X1 [Artibeus jamaicensis]	9417
XP_036190675.1	XP_053518788	25.066	379	1333	1228	28	1.17e-16	92.0	spermatogenesis-associated protein 13 isoform X1 [Artibeus jamaicensis]	9417
XP_036190675.1	XP_053518785	25.066	379	1333	1228	28	1.17e-16	92.0	spermatogenesis-associated protein 13 isoform X1 [Artibeus jamaicensis]	9417
XP_036190675.1	XP_053518782	25.066	379	1333	1228	28	1.17e-16	92.0	spermatogenesis-associated protein 13 isoform X1 [Artibeus jamaicensis]	9417
XP_036190675.1	XP_036084344	23.907	389	1333	1282	28	1.20e-16	92.0	spermatogenesis-associated protein 13 isoform X3 [Rousettus aegyptiacus]	9407
XP_036190675.1	XP_053518812	25.000	384	1333	1104	28	1.20e-16	92.0	spermatogenesis-associated protein 13 isoform X5 [Artibeus jamaicensis]	9417
XP_036190675.1	XP_015973839	30.583	206	1333	1580	15	1.21e-16	92.0	rap guanine nucleotide exchange factor 6 isoform X4 [Rousettus aegyptiacus]	9407
XP_036190675.1	XP_053518805	25.124	402	1333	1222	29	1.24e-16	92.0	spermatogenesis-associated protein 13 isoform X2 [Artibeus jamaicensis]	9417
XP_036190675.1	XP_015973841	30.583	206	1333	1519	15	1.25e-16	92.0	rap guanine nucleotide exchange factor 6 isoform X6 [Rousettus aegyptiacus]	9407
XP_036190675.1	XP_036084342	23.907	389	1333	1291	28	1.25e-16	92.0	spermatogenesis-associated protein 13 isoform X1 [Rousettus aegyptiacus]	9407
XP_036190675.1	XP_019514868	28.936	235	1333	706	16	1.29e-16	91.3	PREDICTED: ral guanine nucleotide dissociation stimulator-like 3 isoform X1 [Hipposideros armiger]	186990
XP_036190675.1	XP_066114398	25.781	384	1333	652	28	1.30e-16	91.3	spermatogenesis-associated protein 13 isoform X4 [Saccopteryx bilineata]	59482
XP_036190675.1	XP_015973840	30.583	206	1333	1570	15	1.34e-16	92.0	rap guanine nucleotide exchange factor 6 isoform X5 [Rousettus aegyptiacus]	9407
XP_036190675.1	XP_036084343	23.907	389	1333	1285	28	1.35e-16	91.7	spermatogenesis-associated protein 13 isoform X2 [Rousettus aegyptiacus]	9407
XP_036190675.1	XP_015973837	30.583	206	1333	1585	15	1.38e-16	92.0	rap guanine nucleotide exchange factor 6 isoform X3 [Rousettus aegyptiacus]	9407
XP_036190675.1	XP_079627535	27.426	237	1333	702	16	1.41e-16	91.3	ral guanine nucleotide dissociation stimulator-like 3 isoform 3 [Cnephaeus nilssonii]	3371016
XP_036190675.1	XP_027990522	27.426	237	1333	702	16	1.42e-16	91.3	ral guanine nucleotide dissociation stimulator-like 3 [Eptesicus fuscus]	29078
XP_036190675.1	XP_019514870	28.936	235	1333	700	16	1.49e-16	90.9	PREDICTED: ral guanine nucleotide dissociation stimulator-like 3 isoform X3 [Hipposideros armiger]	186990
XP_036190675.1	XP_015420848	24.027	437	1333	722	29	1.56e-16	90.9	PREDICTED: LOW QUALITY PROTEIN: ral guanine nucleotide dissociation stimulator-like 3 [Myotis davidii]	225400
XP_036190675.1	XP_045050653	26.420	352	1333	751	26	1.64e-16	90.9	spermatogenesis-associated protein 13 isoform X7 [Desmodus rotundus]	9430
XP_036190675.1	XP_054418599	24.638	276	1333	867	20	1.68e-16	91.3	rap guanine nucleotide exchange factor 4 isoform X4 [Pteronotus mesoamericanus]	1884717
XP_036190675.1	XP_016080359	25.131	382	1333	652	28	1.79e-16	90.5	PREDICTED: spermatogenesis-associated protein 13 [Miniopterus natalensis]	291302
XP_036190675.1	XP_011360564	30.583	206	1333	1570	15	1.82e-16	91.7	rap guanine nucleotide exchange factor 6 isoform X4 [Pteropus vampyrus]	132908
XP_036190675.1	XP_015973845	30.583	206	1333	1421	15	1.86e-16	91.3	rap guanine nucleotide exchange factor 6 isoform X8 [Rousettus aegyptiacus]	9407
XP_036190675.1	XP_054418602	25.180	278	1333	858	20	1.86e-16	90.9	rap guanine nucleotide exchange factor 4 isoform X6 [Pteronotus mesoamericanus]	1884717
XP_036190675.1	XP_006923228	30.583	206	1333	1606	15	1.91e-16	91.3	rap guanine nucleotide exchange factor 6 isoform X2 [Pteropus alecto]	9402
XP_036190675.1	XP_015453587	30.583	206	1333	1570	15	1.91e-16	91.3	rap guanine nucleotide exchange factor 6 isoform X4 [Pteropus alecto]	9402
XP_036190675.1	XP_080518475	24.869	382	1333	1109	28	1.92e-16	91.3	spermatogenesis-associated protein 13 isoform 2 [Plecotus auritus]	61862
XP_036190675.1	XP_039735932	30.583	206	1333	1606	15	1.93e-16	91.3	rap guanine nucleotide exchange factor 6 isoform X2 [Pteropus medius]	143291
XP_036190675.1	XP_011360561	30.583	206	1333	1614	15	1.93e-16	91.3	rap guanine nucleotide exchange factor 6 isoform X1 [Pteropus vampyrus]	132908
XP_036190675.1	XP_011360562	30.583	206	1333	1606	15	1.98e-16	91.3	rap guanine nucleotide exchange factor 6 isoform X2 [Pteropus vampyrus]	132908
XP_036190675.1	XP_039735931	30.583	206	1333	1614	15	1.98e-16	91.3	rap guanine nucleotide exchange factor 6 isoform X1 [Pteropus medius]	143291
XP_036190675.1	XP_011360563	30.583	206	1333	1585	15	1.98e-16	91.3	rap guanine nucleotide exchange factor 6 isoform X3 [Pteropus vampyrus]	132908
XP_036190675.1	XP_070272188	27.426	237	1333	703	16	2.02e-16	90.5	ral guanine nucleotide dissociation stimulator-like 3 isoform X2 [Myotis yumanensis]	159337
XP_036190675.1	XP_015453586	30.583	206	1333	1585	15	2.03e-16	91.3	rap guanine nucleotide exchange factor 6 isoform X3 [Pteropus alecto]	9402
XP_036190675.1	XP_053766422	28.870	239	1333	735	16	2.06e-16	90.5	ral guanine nucleotide dissociation stimulator-like 3 isoform X3 [Desmodus rotundus]	9430
XP_036190675.1	XP_015453585	30.583	206	1333	1614	15	2.10e-16	91.3	rap guanine nucleotide exchange factor 6 isoform X1 [Pteropus alecto]	9402
XP_036190675.1	XP_015973846	30.583	206	1333	1413	15	2.20e-16	91.3	rap guanine nucleotide exchange factor 6 isoform X9 [Rousettus aegyptiacus]	9407
XP_036190675.1	XP_054418600	25.180	278	1333	865	20	2.23e-16	90.9	rap guanine nucleotide exchange factor 4 isoform X5 [Pteronotus mesoamericanus]	1884717
XP_036190675.1	XP_015973847	30.583	206	1333	1392	15	2.24e-16	91.3	rap guanine nucleotide exchange factor 6 isoform X10 [Rousettus aegyptiacus]	9407
XP_036190675.1	XP_045673950	24.275	276	1333	877	20	2.27e-16	90.9	rap guanine nucleotide exchange factor 4 isoform X3 [Phyllostomus hastatus]	9423
XP_036190675.1	XP_035879177	24.275	276	1333	877	20	2.29e-16	90.9	rap guanine nucleotide exchange factor 4 isoform X3 [Phyllostomus discolor]	89673
XP_036190675.1	XP_080518474	24.869	382	1333	1231	28	2.38e-16	90.9	spermatogenesis-associated protein 13 isoform 1 [Plecotus auritus]	61862
XP_036190675.1	XP_005865974	25.450	389	1333	597	28	2.48e-16	90.1	PREDICTED: spermatogenesis-associated protein 13 isoform X2 [Myotis brandtii]	109478
XP_036190675.1	XP_053766421	28.870	239	1333	809	16	2.60e-16	90.5	ral guanine nucleotide dissociation stimulator-like 3 isoform X1 [Desmodus rotundus]	9430
XP_036190675.1	XP_045052185	24.275	276	1333	877	20	2.62e-16	90.5	rap guanine nucleotide exchange factor 4 isoform X3 [Desmodus rotundus]	9430
XP_036190675.1	XP_035879179	24.275	276	1333	867	20	2.67e-16	90.5	rap guanine nucleotide exchange factor 4 isoform X5 [Phyllostomus discolor]	89673
XP_036190675.1	XP_059560044	24.275	276	1333	900	20	2.68e-16	90.5	rap guanine nucleotide exchange factor 4 isoform X3 [Myotis daubentonii]	98922
XP_036190675.1	XP_045686385	25.000	384	1333	751	28	2.70e-16	90.5	spermatogenesis-associated protein 13 isoform X2 [Phyllostomus hastatus]	9423
XP_036190675.1	XP_045052186	24.275	276	1333	867	20	2.78e-16	90.5	rap guanine nucleotide exchange factor 4 isoform X4 [Desmodus rotundus]	9430
XP_036190675.1	XP_054418603	25.180	278	1333	840	20	2.81e-16	90.5	rap guanine nucleotide exchange factor 4 isoform X7 [Pteronotus mesoamericanus]	1884717
XP_036190675.1	XP_045674114	24.820	278	1333	867	20	2.83e-16	90.5	rap guanine nucleotide exchange factor 4 isoform X5 [Phyllostomus hastatus]	9423
XP_036190675.1	XP_039735933	30.583	206	1333	1410	15	2.86e-16	90.9	rap guanine nucleotide exchange factor 6 isoform X3 [Pteropus medius]	143291
XP_036190675.1	XP_035879184	24.820	278	1333	847	20	2.95e-16	90.5	rap guanine nucleotide exchange factor 4 isoform X9 [Phyllostomus discolor]	89673
XP_036190675.1	XP_045674398	24.820	278	1333	858	20	2.96e-16	90.5	rap guanine nucleotide exchange factor 4 isoform X7 [Phyllostomus hastatus]	9423
XP_036190675.1	XP_045674317	24.820	278	1333	858	20	2.96e-16	90.5	rap guanine nucleotide exchange factor 4 isoform X7 [Phyllostomus hastatus]	9423
XP_036190675.1	XP_045674256	24.820	278	1333	858	20	2.96e-16	90.5	rap guanine nucleotide exchange factor 4 isoform X7 [Phyllostomus hastatus]	9423
XP_036190675.1	XP_045674033	24.820	278	1333	873	20	2.97e-16	90.5	rap guanine nucleotide exchange factor 4 isoform X4 [Phyllostomus hastatus]	9423
XP_036190675.1	XP_045052189	24.820	278	1333	865	20	2.98e-16	90.5	rap guanine nucleotide exchange factor 4 isoform X6 [Desmodus rotundus]	9430
XP_036190675.1	XP_054579365	24.275	276	1333	809	20	2.98e-16	90.1	rap guanine nucleotide exchange factor 4 isoform X3 [Eptesicus fuscus]	29078
XP_036190675.1	XP_011360566	30.583	206	1333	1410	15	3.03e-16	90.9	rap guanine nucleotide exchange factor 6 isoform X6 [Pteropus vampyrus]	132908
XP_036190675.1	XP_080999516	24.275	276	1333	867	20	3.03e-16	90.5	rap guanine nucleotide exchange factor 4 isoform 2 [Miniopterus schreibersii]	9433
XP_036190675.1	XP_035879182	24.820	278	1333	858	20	3.03e-16	90.5	rap guanine nucleotide exchange factor 4 isoform X7 [Phyllostomus discolor]	89673
XP_036190675.1	XP_035879181	24.820	278	1333	858	20	3.03e-16	90.5	rap guanine nucleotide exchange factor 4 isoform X7 [Phyllostomus discolor]	89673
XP_036190675.1	XP_059560045	24.275	276	1333	867	20	3.06e-16	90.5	rap guanine nucleotide exchange factor 4 isoform X4 [Myotis daubentonii]	98922
XP_036190675.1	XP_011360565	30.583	206	1333	1418	15	3.06e-16	90.9	rap guanine nucleotide exchange factor 6 isoform X5 [Pteropus vampyrus]	132908
XP_036190675.1	XP_019509255	24.275	276	1333	865	20	3.08e-16	90.5	PREDICTED: rap guanine nucleotide exchange factor 4 isoform X4 [Hipposideros armiger]	186990
XP_036190675.1	XP_053774759	24.820	278	1333	858	20	3.11e-16	90.1	rap guanine nucleotide exchange factor 4 isoform X7 [Desmodus rotundus]	9430
XP_036190675.1	XP_059560051	24.275	276	1333	855	20	3.18e-16	90.1	rap guanine nucleotide exchange factor 4 isoform X7 [Myotis daubentonii]	98922
XP_036190675.1	XP_019506989	26.234	385	1333	748	28	3.19e-16	90.1	PREDICTED: spermatogenesis-associated protein 13 isoform X3 [Hipposideros armiger]	186990
XP_036190675.1	XP_035879185	24.820	278	1333	843	20	3.20e-16	90.1	rap guanine nucleotide exchange factor 4 isoform X4 [Phyllostomus discolor]	89673
XP_036190675.1	XP_035879178	24.820	278	1333	843	20	3.20e-16	90.1	rap guanine nucleotide exchange factor 4 isoform X4 [Phyllostomus discolor]	89673
XP_036190675.1	XP_045674192	24.820	278	1333	866	20	3.22e-16	90.1	rap guanine nucleotide exchange factor 4 isoform X6 [Phyllostomus hastatus]	9423
XP_036190675.1	XP_054418604	25.180	278	1333	791	20	3.23e-16	90.1	rap guanine nucleotide exchange factor 4 isoform X8 [Pteronotus mesoamericanus]	1884717
XP_036190675.1	XP_016060619	24.275	276	1333	867	20	3.25e-16	90.1	PREDICTED: rap guanine nucleotide exchange factor 4 isoform X1 [Miniopterus natalensis]	291302
XP_036190675.1	XP_019509254	24.275	276	1333	867	20	3.27e-16	90.1	PREDICTED: rap guanine nucleotide exchange factor 4 isoform X3 [Hipposideros armiger]	186990
XP_036190675.1	XP_054579370	24.275	276	1333	858	20	3.33e-16	90.1	rap guanine nucleotide exchange factor 4 isoform X8 [Eptesicus fuscus]	29078
XP_036190675.1	XP_006760679	24.275	276	1333	858	20	3.36e-16	90.1	PREDICTED: rap guanine nucleotide exchange factor 4 isoform X1 [Myotis davidii]	225400
XP_036190675.1	XP_015417467	24.275	276	1333	858	20	3.36e-16	90.1	PREDICTED: rap guanine nucleotide exchange factor 4 isoform X1 [Myotis davidii]	225400
XP_036190675.1	XP_006760678	24.275	276	1333	858	20	3.36e-16	90.1	PREDICTED: rap guanine nucleotide exchange factor 4 isoform X1 [Myotis davidii]	225400
XP_036190675.1	XP_006760677	24.275	276	1333	858	20	3.36e-16	90.1	PREDICTED: rap guanine nucleotide exchange factor 4 isoform X1 [Myotis davidii]	225400
XP_036190675.1	XP_039711448	24.275	276	1333	880	20	3.37e-16	90.1	rap guanine nucleotide exchange factor 4 isoform X2 [Pteropus medius]	143291
XP_036190675.1	XP_079638264	24.275	276	1333	867	20	3.39e-16	90.1	rap guanine nucleotide exchange factor 4 isoform 5 [Cnephaeus nilssonii]	3371016
XP_036190675.1	XP_054418596	25.180	278	1333	1011	20	3.41e-16	90.5	rap guanine nucleotide exchange factor 4 isoform X1 [Pteronotus mesoamericanus]	1884717
XP_036190675.1	XP_070278846	24.275	276	1333	867	20	3.42e-16	90.1	rap guanine nucleotide exchange factor 4 isoform X4 [Myotis yumanensis]	159337
XP_036190675.1	XP_036175432	24.275	276	1333	867	20	3.45e-16	90.1	rap guanine nucleotide exchange factor 4 isoform X5 [Myotis myotis]	51298
XP_036190675.1	XP_023387661	30.583	206	1333	1389	15	3.45e-16	90.5	rap guanine nucleotide exchange factor 6 isoform X7 [Pteropus vampyrus]	132908
XP_036190675.1	XP_070278845	24.275	276	1333	858	20	3.48e-16	90.1	rap guanine nucleotide exchange factor 4 isoform X3 [Myotis yumanensis]	159337
XP_036190675.1	XP_024417245	24.820	278	1333	847	20	3.50e-16	90.1	rap guanine nucleotide exchange factor 4 isoform X8 [Desmodus rotundus]	9430
XP_036190675.1	XP_045052188	24.820	278	1333	866	20	3.50e-16	90.1	rap guanine nucleotide exchange factor 4 isoform X5 [Desmodus rotundus]	9430
XP_036190675.1	XP_005865976	25.450	389	1333	561	28	3.52e-16	89.4	PREDICTED: spermatogenesis-associated protein 13 isoform X4 [Myotis brandtii]	109478
XP_036190675.1	XP_006760681	24.275	276	1333	838	20	3.56e-16	90.1	PREDICTED: rap guanine nucleotide exchange factor 4 isoform X3 [Myotis davidii]	225400
XP_036190675.1	XP_066201820	24.275	276	1333	867	20	3.57e-16	90.1	rap guanine nucleotide exchange factor 4 isoform X8 [Saccopteryx leptura]	249018
XP_036190675.1	XP_059560050	24.275	276	1333	858	20	3.57e-16	90.1	rap guanine nucleotide exchange factor 4 isoform X6 [Myotis daubentonii]	98922
XP_036190675.1	XP_059560049	24.275	276	1333	858	20	3.57e-16	90.1	rap guanine nucleotide exchange factor 4 isoform X6 [Myotis daubentonii]	98922
XP_036190675.1	XP_059560048	24.275	276	1333	858	20	3.57e-16	90.1	rap guanine nucleotide exchange factor 4 isoform X6 [Myotis daubentonii]	98922
XP_036190675.1	XP_059560047	24.275	276	1333	858	20	3.57e-16	90.1	rap guanine nucleotide exchange factor 4 isoform X6 [Myotis daubentonii]	98922
XP_036190675.1	XP_080527141	24.275	276	1333	858	20	3.57e-16	90.1	rap guanine nucleotide exchange factor 4 isoform 3 [Plecotus auritus]	61862
XP_036190675.1	XP_080527143	24.275	276	1333	855	20	3.59e-16	90.1	rap guanine nucleotide exchange factor 4 isoform 5 [Plecotus auritus]	61862
XP_036190675.1	XP_036175433	24.275	276	1333	858	20	3.60e-16	90.1	rap guanine nucleotide exchange factor 4 isoform X6 [Myotis myotis]	51298
XP_036190675.1	XP_079638267	24.275	276	1333	858	20	3.60e-16	90.1	rap guanine nucleotide exchange factor 4 isoform 6 [Cnephaeus nilssonii]	3371016
XP_036190675.1	XP_079638266	24.275	276	1333	858	20	3.60e-16	90.1	rap guanine nucleotide exchange factor 4 isoform 6 [Cnephaeus nilssonii]	3371016
XP_036190675.1	XP_079638265	24.275	276	1333	858	20	3.60e-16	90.1	rap guanine nucleotide exchange factor 4 isoform 6 [Cnephaeus nilssonii]	3371016
XP_036190675.1	XP_054418597	25.180	278	1333	993	20	3.61e-16	90.1	rap guanine nucleotide exchange factor 4 isoform X2 [Pteronotus mesoamericanus]	1884717
XP_036190675.1	XP_006753749	25.193	389	1333	597	28	3.64e-16	89.4	PREDICTED: spermatogenesis-associated protein 13 isoform X2 [Myotis davidii]	225400
XP_036190675.1	XP_071076773	24.820	278	1333	840	20	3.66e-16	90.1	rap guanine nucleotide exchange factor 4 isoform X9 [Desmodus rotundus]	9430
XP_036190675.1	XP_079638262	24.275	276	1333	871	20	3.67e-16	90.1	rap guanine nucleotide exchange factor 4 isoform 3 [Cnephaeus nilssonii]	3371016
XP_036190675.1	XP_045444394	25.193	389	1333	492	28	3.73e-16	89.0	spermatogenesis-associated protein 13 isoform X6 [Pipistrellus kuhlii]	59472
XP_036190675.1	XP_054579363	24.275	276	1333	847	20	3.74e-16	90.1	rap guanine nucleotide exchange factor 4 isoform X1 [Eptesicus fuscus]	29078
XP_036190675.1	XP_066201821	24.275	276	1333	866	20	3.75e-16	90.1	rap guanine nucleotide exchange factor 4 isoform X9 [Saccopteryx leptura]	249018
XP_036190675.1	XP_015990544	24.275	276	1333	867	20	3.75e-16	90.1	rap guanine nucleotide exchange factor 4 isoform X3 [Rousettus aegyptiacus]	9407
XP_036190675.1	XP_066201819	24.275	276	1333	869	20	3.76e-16	90.1	rap guanine nucleotide exchange factor 4 isoform X7 [Saccopteryx leptura]	249018
XP_036190675.1	XP_036175431	24.275	276	1333	869	20	3.76e-16	90.1	rap guanine nucleotide exchange factor 4 isoform X4 [Myotis myotis]	51298
XP_036190675.1	XP_079638268	24.275	276	1333	843	20	3.76e-16	90.1	rap guanine nucleotide exchange factor 4 isoform 7 [Cnephaeus nilssonii]	3371016
XP_036190675.1	XP_079638263	24.275	276	1333	869	20	3.82e-16	90.1	rap guanine nucleotide exchange factor 4 isoform 4 [Cnephaeus nilssonii]	3371016
XP_036190675.1	XP_015990571	24.275	276	1333	858	20	3.85e-16	90.1	rap guanine nucleotide exchange factor 4 isoform X4 [Rousettus aegyptiacus]	9407
XP_036190675.1	XP_015990561	24.275	276	1333	858	20	3.85e-16	90.1	rap guanine nucleotide exchange factor 4 isoform X4 [Rousettus aegyptiacus]	9407
XP_036190675.1	XP_015990552	24.275	276	1333	858	20	3.85e-16	90.1	rap guanine nucleotide exchange factor 4 isoform X4 [Rousettus aegyptiacus]	9407
XP_036190675.1	XP_053766424	28.814	236	1333	580	16	3.90e-16	89.4	ral guanine nucleotide dissociation stimulator-like 3 isoform X5 [Desmodus rotundus]	9430
XP_036190675.1	XP_019509257	24.275	276	1333	858	20	3.92e-16	90.1	PREDICTED: rap guanine nucleotide exchange factor 4 isoform X5 [Hipposideros armiger]	186990
XP_036190675.1	XP_019509256	24.275	276	1333	858	20	3.92e-16	90.1	PREDICTED: rap guanine nucleotide exchange factor 4 isoform X5 [Hipposideros armiger]	186990
XP_036190675.1	XP_024895325	24.275	276	1333	858	20	3.95e-16	90.1	rap guanine nucleotide exchange factor 4 [Pteropus alecto]	9402
XP_036190675.1	XP_039711452	24.275	276	1333	858	20	3.95e-16	90.1	rap guanine nucleotide exchange factor 4 isoform X3 [Pteropus medius]	143291
XP_036190675.1	XP_039711451	24.275	276	1333	858	20	3.95e-16	90.1	rap guanine nucleotide exchange factor 4 isoform X3 [Pteropus medius]	143291
XP_036190675.1	XP_039711450	24.275	276	1333	858	20	3.95e-16	90.1	rap guanine nucleotide exchange factor 4 isoform X3 [Pteropus medius]	143291
XP_036190675.1	XP_039711449	24.275	276	1333	858	20	3.95e-16	90.1	rap guanine nucleotide exchange factor 4 isoform X3 [Pteropus medius]	143291
XP_036190675.1	XP_080999517	24.275	276	1333	855	20	3.97e-16	90.1	rap guanine nucleotide exchange factor 4 isoform 3 [Miniopterus schreibersii]	9433
XP_036190675.1	XP_079638259	24.275	276	1333	838	20	3.97e-16	90.1	rap guanine nucleotide exchange factor 4 isoform 8 [Cnephaeus nilssonii]	3371016
XP_036190675.1	XP_016060698	24.275	276	1333	858	20	3.98e-16	90.1	PREDICTED: rap guanine nucleotide exchange factor 4 isoform X2 [Miniopterus natalensis]	291302
XP_036190675.1	XP_080951767	24.275	276	1333	1011	20	4.01e-16	90.1	rap guanine nucleotide exchange factor 4 [Myotis nattereri]	109481
XP_036190675.1	XP_080527142	24.275	276	1333	838	20	4.04e-16	89.7	rap guanine nucleotide exchange factor 4 isoform 4 [Plecotus auritus]	61862
XP_036190675.1	XP_023600598	24.275	276	1333	1041	20	4.04e-16	90.1	rap guanine nucleotide exchange factor 4 [Myotis lucifugus]	59463
XP_036190675.1	XP_054579368	24.275	276	1333	791	20	4.11e-16	89.7	rap guanine nucleotide exchange factor 4 isoform X6 [Eptesicus fuscus]	29078
XP_036190675.1	XP_059560055	24.275	276	1333	838	20	4.11e-16	89.7	rap guanine nucleotide exchange factor 4 isoform X10 [Myotis daubentonii]	98922
XP_036190675.1	XP_036110165	24.275	276	1333	858	20	4.12e-16	89.7	rap guanine nucleotide exchange factor 4 isoform X3 [Molossus molossus]	27622
XP_036190675.1	XP_036110164	24.275	276	1333	858	20	4.12e-16	89.7	rap guanine nucleotide exchange factor 4 isoform X3 [Molossus molossus]	27622
XP_036190675.1	XP_070278847	24.275	276	1333	838	20	4.15e-16	89.7	rap guanine nucleotide exchange factor 4 isoform X5 [Myotis yumanensis]	159337
XP_036190675.1	XP_035879183	24.820	278	1333	825	20	4.16e-16	89.7	rap guanine nucleotide exchange factor 4 isoform X8 [Phyllostomus discolor]	89673
XP_036190675.1	XP_080907221	24.275	276	1333	838	20	4.18e-16	89.7	rap guanine nucleotide exchange factor 4 isoform 3 [Rhinolophus hipposideros]	77218
XP_036190675.1	XP_036110163	24.275	276	1333	880	20	4.21e-16	89.7	rap guanine nucleotide exchange factor 4 isoform X2 [Molossus molossus]	27622
XP_036190675.1	XP_019509259	24.275	276	1333	838	20	4.25e-16	89.7	PREDICTED: rap guanine nucleotide exchange factor 4 isoform X7 [Hipposideros armiger]	186990
XP_036190675.1	XP_006760682	24.275	276	1333	840	20	4.26e-16	89.7	PREDICTED: rap guanine nucleotide exchange factor 4 isoform X2 [Myotis davidii]	225400
XP_036190675.1	XP_006760680	24.275	276	1333	840	20	4.26e-16	89.7	PREDICTED: rap guanine nucleotide exchange factor 4 isoform X2 [Myotis davidii]	225400
XP_036190675.1	XP_066201828	24.275	276	1333	858	20	4.27e-16	89.7	rap guanine nucleotide exchange factor 4 isoform X12 [Saccopteryx leptura]	249018
XP_036190675.1	XP_066201827	24.275	276	1333	858	20	4.27e-16	89.7	rap guanine nucleotide exchange factor 4 isoform X12 [Saccopteryx leptura]	249018
XP_036190675.1	XP_066201826	24.275	276	1333	858	20	4.27e-16	89.7	rap guanine nucleotide exchange factor 4 isoform X12 [Saccopteryx leptura]	249018
XP_036190675.1	XP_036175435	24.275	276	1333	838	20	4.29e-16	89.7	rap guanine nucleotide exchange factor 4 isoform X8 [Myotis myotis]	51298
XP_036190675.1	XP_080907222	24.275	276	1333	834	20	4.31e-16	89.7	rap guanine nucleotide exchange factor 4 isoform 4 [Rhinolophus hipposideros]	77218
XP_036190675.1	XP_045052191	24.820	278	1333	791	20	4.33e-16	89.7	rap guanine nucleotide exchange factor 4 isoform X10 [Desmodus rotundus]	9430
XP_036190675.1	XP_045052190	24.820	278	1333	791	20	4.33e-16	89.7	rap guanine nucleotide exchange factor 4 isoform X10 [Desmodus rotundus]	9430
XP_036190675.1	XP_036175434	24.275	276	1333	851	20	4.35e-16	89.7	rap guanine nucleotide exchange factor 4 isoform X7 [Myotis myotis]	51298
XP_036190675.1	XP_005865975	25.450	389	1333	574	28	4.39e-16	89.0	PREDICTED: spermatogenesis-associated protein 13 isoform X3 [Myotis brandtii]	109478
XP_036190675.1	XP_054579364	24.275	276	1333	840	20	4.41e-16	89.7	rap guanine nucleotide exchange factor 4 isoform X2 [Eptesicus fuscus]	29078
XP_036190675.1	XP_028365218	24.820	278	1333	1011	20	4.47e-16	90.1	rap guanine nucleotide exchange factor 4 isoform X1 [Phyllostomus discolor]	89673
XP_036190675.1	XP_066201829	24.275	276	1333	843	20	4.54e-16	89.7	rap guanine nucleotide exchange factor 4 isoform X13 [Saccopteryx leptura]	249018
XP_036190675.1	XP_036106707	24.679	389	1333	750	28	4.55e-16	89.7	spermatogenesis-associated protein 13 isoform X1 [Molossus molossus]	27622
XP_036190675.1	XP_045674636	24.820	278	1333	791	20	4.63e-16	89.7	rap guanine nucleotide exchange factor 4 isoform X8 [Phyllostomus hastatus]	9423
XP_036190675.1	XP_045674551	24.820	278	1333	791	20	4.63e-16	89.7	rap guanine nucleotide exchange factor 4 isoform X8 [Phyllostomus hastatus]	9423
XP_036190675.1	XP_045674475	24.820	278	1333	791	20	4.63e-16	89.7	rap guanine nucleotide exchange factor 4 isoform X8 [Phyllostomus hastatus]	9423
XP_036190675.1	XP_045431207	24.275	276	1333	875	20	4.68e-16	89.7	rap guanine nucleotide exchange factor 4 isoform X5 [Pipistrellus kuhlii]	59472
XP_036190675.1	XP_059560046	24.275	276	1333	863	20	4.71e-16	89.7	rap guanine nucleotide exchange factor 4 isoform X5 [Myotis daubentonii]	98922
XP_036190675.1	XP_019509258	24.275	276	1333	840	20	4.76e-16	89.7	PREDICTED: rap guanine nucleotide exchange factor 4 isoform X6 [Hipposideros armiger]	186990
XP_036190675.1	XP_045673781	24.820	278	1333	1011	20	4.79e-16	89.7	rap guanine nucleotide exchange factor 4 isoform X1 [Phyllostomus hastatus]	9423
XP_036190675.1	XP_066201817	24.275	276	1333	881	20	4.95e-16	89.7	rap guanine nucleotide exchange factor 4 isoform X5 [Saccopteryx leptura]	249018
XP_036190675.1	XP_011355737	24.275	276	1333	1011	20	4.96e-16	89.7	rap guanine nucleotide exchange factor 4 [Pteropus vampyrus]	132908
XP_036190675.1	XP_039711447	24.275	276	1333	1011	20	4.96e-16	89.7	rap guanine nucleotide exchange factor 4 isoform X1 [Pteropus medius]	143291
XP_036190675.1	XP_015990578	24.275	276	1333	840	20	4.97e-16	89.7	rap guanine nucleotide exchange factor 4 isoform X5 [Rousettus aegyptiacus]	9407
XP_036190675.1	XP_024417242	24.820	278	1333	1011	20	5.00e-16	89.7	rap guanine nucleotide exchange factor 4 isoform X1 [Desmodus rotundus]	9430
XP_036190675.1	XP_080527139	24.275	276	1333	791	20	5.09e-16	89.4	rap guanine nucleotide exchange factor 4 isoform 6 [Plecotus auritus]	61862
XP_036190675.1	XP_080527138	24.275	276	1333	791	20	5.09e-16	89.4	rap guanine nucleotide exchange factor 4 isoform 6 [Plecotus auritus]	61862
XP_036190675.1	XP_080527137	24.275	276	1333	791	20	5.09e-16	89.4	rap guanine nucleotide exchange factor 4 isoform 6 [Plecotus auritus]	61862
XP_036190675.1	XP_080527147	24.275	276	1333	791	20	5.09e-16	89.4	rap guanine nucleotide exchange factor 4 isoform 6 [Plecotus auritus]	61862
XP_036190675.1	XP_080527146	24.275	276	1333	791	20	5.09e-16	89.4	rap guanine nucleotide exchange factor 4 isoform 6 [Plecotus auritus]	61862
XP_036190675.1	XP_080527145	24.275	276	1333	791	20	5.09e-16	89.4	rap guanine nucleotide exchange factor 4 isoform 6 [Plecotus auritus]	61862
XP_036190675.1	XP_080527144	24.275	276	1333	791	20	5.09e-16	89.4	rap guanine nucleotide exchange factor 4 isoform 6 [Plecotus auritus]	61862
XP_036190675.1	XP_079638260	24.275	276	1333	791	20	5.09e-16	89.4	rap guanine nucleotide exchange factor 4 isoform 9 [Cnephaeus nilssonii]	3371016
XP_036190675.1	XP_036095968	23.982	442	1333	707	29	5.10e-16	89.4	ral guanine nucleotide dissociation stimulator-like 3 isoform X2 [Molossus molossus]	27622
XP_036190675.1	XP_035879180	24.820	278	1333	861	20	5.12e-16	89.7	rap guanine nucleotide exchange factor 4 isoform X6 [Phyllostomus discolor]	89673
XP_036190675.1	XP_079638261	24.275	276	1333	873	20	5.13e-16	89.7	rap guanine nucleotide exchange factor 4 isoform 2 [Cnephaeus nilssonii]	3371016
XP_036190675.1	XP_036920653	25.905	359	1333	489	26	5.17e-16	88.2	spermatogenesis-associated protein 13 isoform X5 [Sturnira hondurensis]	192404
XP_036190675.1	XP_036920652	25.905	359	1333	489	26	5.17e-16	88.2	spermatogenesis-associated protein 13 isoform X5 [Sturnira hondurensis]	192404
XP_036190675.1	XP_045048512	28.814	236	1333	701	16	5.22e-16	89.4	ral guanine nucleotide dissociation stimulator-like 3 isoform X4 [Desmodus rotundus]	9430
XP_036190675.1	XP_024905280	23.907	389	1333	1054	28	5.34e-16	89.7	spermatogenesis-associated protein 13 [Pteropus alecto]	9402
XP_036190675.1	XP_080907224	24.275	276	1333	791	20	5.36e-16	89.4	rap guanine nucleotide exchange factor 4 isoform 5 [Rhinolophus hipposideros]	77218
XP_036190675.1	XP_080907223	24.275	276	1333	791	20	5.36e-16	89.4	rap guanine nucleotide exchange factor 4 isoform 5 [Rhinolophus hipposideros]	77218
XP_036190675.1	XP_066201815	24.275	276	1333	962	20	5.36e-16	89.7	rap guanine nucleotide exchange factor 4 isoform X3 [Saccopteryx leptura]	249018
XP_036190675.1	XP_059560054	24.275	276	1333	843	20	5.38e-16	89.4	rap guanine nucleotide exchange factor 4 isoform X9 [Myotis daubentonii]	98922
XP_036190675.1	XP_066201825	24.275	276	1333	861	20	5.38e-16	89.4	rap guanine nucleotide exchange factor 4 isoform X11 [Saccopteryx leptura]	249018
XP_036190675.1	XP_066201824	24.275	276	1333	861	20	5.38e-16	89.4	rap guanine nucleotide exchange factor 4 isoform X11 [Saccopteryx leptura]	249018
XP_036190675.1	XP_045673859	24.820	278	1333	993	20	5.43e-16	89.7	rap guanine nucleotide exchange factor 4 isoform X2 [Phyllostomus hastatus]	9423
XP_036190675.1	XP_066201816	24.275	276	1333	914	20	5.45e-16	89.7	rap guanine nucleotide exchange factor 4 isoform X4 [Saccopteryx leptura]	249018
XP_036190675.1	XP_036900339	23.913	276	1333	867	20	5.46e-16	89.4	rap guanine nucleotide exchange factor 4 isoform X4 [Sturnira hondurensis]	192404
XP_036190675.1	XP_036277277	24.275	276	1333	867	20	5.55e-16	89.4	rap guanine nucleotide exchange factor 4 isoform X6 [Pipistrellus kuhlii]	59472
XP_036190675.1	XP_028365219	24.820	278	1333	993	20	5.57e-16	89.7	rap guanine nucleotide exchange factor 4 isoform X2 [Phyllostomus discolor]	89673
XP_036190675.1	XP_019509251	24.275	276	1333	1011	20	5.58e-16	89.7	PREDICTED: rap guanine nucleotide exchange factor 4 isoform X1 [Hipposideros armiger]	186990
XP_036190675.1	XP_080527136	24.275	276	1333	1011	20	5.58e-16	89.7	rap guanine nucleotide exchange factor 4 isoform 1 [Plecotus auritus]	61862
XP_036190675.1	XP_036106708	24.679	389	1333	652	28	5.70e-16	89.0	spermatogenesis-associated protein 13 isoform X2 [Molossus molossus]	27622
XP_036190675.1	XP_079638258	24.275	276	1333	1011	20	5.73e-16	89.7	rap guanine nucleotide exchange factor 4 isoform 1 [Cnephaeus nilssonii]	3371016
XP_036190675.1	XP_024417243	24.820	278	1333	993	20	5.81e-16	89.7	rap guanine nucleotide exchange factor 4 isoform X2 [Desmodus rotundus]	9430
XP_036190675.1	XP_066201813	24.275	276	1333	1011	20	5.82e-16	89.7	rap guanine nucleotide exchange factor 4 isoform X1 [Saccopteryx leptura]	249018
XP_036190675.1	XP_036900342	24.460	278	1333	858	20	5.85e-16	89.4	rap guanine nucleotide exchange factor 4 isoform X6 [Sturnira hondurensis]	192404
XP_036190675.1	XP_036900341	24.460	278	1333	858	20	5.85e-16	89.4	rap guanine nucleotide exchange factor 4 isoform X6 [Sturnira hondurensis]	192404
XP_036190675.1	XP_036277274	24.275	276	1333	869	20	5.86e-16	89.4	rap guanine nucleotide exchange factor 4 isoform X3 [Pipistrellus kuhlii]	59472
XP_036190675.1	XP_070278843	24.275	276	1333	1011	20	5.87e-16	89.7	rap guanine nucleotide exchange factor 4 isoform X1 [Myotis yumanensis]	159337
XP_036190675.1	XP_019509260	24.275	276	1333	791	20	5.88e-16	89.4	PREDICTED: rap guanine nucleotide exchange factor 4 isoform X8 [Hipposideros armiger]	186990
XP_036190675.1	XP_059560042	24.275	276	1333	1011	20	5.97e-16	89.7	rap guanine nucleotide exchange factor 4 isoform X1 [Myotis daubentonii]	98922
XP_036190675.1	XP_036175428	24.275	276	1333	1011	20	5.97e-16	89.7	rap guanine nucleotide exchange factor 4 isoform X1 [Myotis myotis]	51298
XP_036190675.1	XP_059560053	24.275	276	1333	855	20	5.98e-16	89.4	rap guanine nucleotide exchange factor 4 isoform X8 [Myotis daubentonii]	98922
XP_036190675.1	XP_066201822	24.275	276	1333	863	20	6.03e-16	89.4	rap guanine nucleotide exchange factor 4 isoform X10 [Saccopteryx leptura]	249018
XP_036190675.1	XP_080527140	24.275	276	1333	993	20	6.06e-16	89.4	rap guanine nucleotide exchange factor 4 isoform 2 [Plecotus auritus]	61862
XP_036190675.1	XP_080907219	24.275	276	1333	1011	20	6.08e-16	89.4	rap guanine nucleotide exchange factor 4 isoform 1 [Rhinolophus hipposideros]	77218
XP_036190675.1	XP_066201818	24.275	276	1333	875	20	6.09e-16	89.4	rap guanine nucleotide exchange factor 4 isoform X6 [Saccopteryx leptura]	249018
XP_036190675.1	XP_036110162	24.275	276	1333	1011	20	6.13e-16	89.4	rap guanine nucleotide exchange factor 4 isoform X1 [Molossus molossus]	27622
XP_036190675.1	XP_036095967	23.982	442	1333	701	29	6.15e-16	89.0	ral guanine nucleotide dissociation stimulator-like 3 isoform X1 [Molossus molossus]	27622
XP_036190675.1	XP_066225242	25.781	384	1333	504	28	6.17e-16	88.2	spermatogenesis-associated protein 13 isoform X5 [Saccopteryx leptura]	249018
XP_036190675.1	XP_036900345	24.460	278	1333	847	20	6.30e-16	89.4	rap guanine nucleotide exchange factor 4 isoform X8 [Sturnira hondurensis]	192404
XP_036190675.1	XP_036277279	24.275	276	1333	858	20	6.37e-16	89.4	rap guanine nucleotide exchange factor 4 isoform X7 [Pipistrellus kuhlii]	59472
XP_036190675.1	XP_015990535	24.275	276	1333	993	20	6.38e-16	89.4	rap guanine nucleotide exchange factor 4 isoform X2 [Rousettus aegyptiacus]	9407
XP_036190675.1	XP_080999515	24.275	276	1333	1011	20	6.45e-16	89.4	rap guanine nucleotide exchange factor 4 isoform 1 [Miniopterus schreibersii]	9433
XP_036190675.1	XP_070278844	24.275	276	1333	993	20	6.49e-16	89.4	rap guanine nucleotide exchange factor 4 isoform X2 [Myotis yumanensis]	159337
XP_036190675.1	XP_015990526	24.275	276	1333	1011	20	6.50e-16	89.4	rap guanine nucleotide exchange factor 4 isoform X1 [Rousettus aegyptiacus]	9407
XP_036190675.1	XP_039728983	23.907	389	1333	1296	28	6.55e-16	89.7	spermatogenesis-associated protein 13 isoform X2 [Pteropus medius]	143291
XP_036190675.1	XP_006753750	25.193	389	1333	574	28	6.66e-16	88.6	PREDICTED: spermatogenesis-associated protein 13 isoform X3 [Myotis davidii]	225400
XP_036190675.1	XP_059560043	24.275	276	1333	993	20	6.77e-16	89.4	rap guanine nucleotide exchange factor 4 isoform X2 [Myotis daubentonii]	98922
XP_036190675.1	XP_080907220	24.275	276	1333	993	20	6.77e-16	89.4	rap guanine nucleotide exchange factor 4 isoform 2 [Rhinolophus hipposideros]	77218
XP_036190675.1	XP_019509253	24.275	276	1333	993	20	6.94e-16	89.4	PREDICTED: rap guanine nucleotide exchange factor 4 isoform X2 [Hipposideros armiger]	186990
XP_036190675.1	XP_036277284	24.275	276	1333	838	20	6.98e-16	89.0	rap guanine nucleotide exchange factor 4 isoform X9 [Pipistrellus kuhlii]	59472
XP_036190675.1	XP_036175429	24.275	276	1333	993	20	7.00e-16	89.4	rap guanine nucleotide exchange factor 4 isoform X2 [Myotis myotis]	51298
XP_036190675.1	XP_066201814	24.275	276	1333	993	20	7.18e-16	89.4	rap guanine nucleotide exchange factor 4 isoform X2 [Saccopteryx leptura]	249018
XP_036190675.1	XP_036277275	24.275	276	1333	851	20	7.25e-16	89.0	rap guanine nucleotide exchange factor 4 isoform X4 [Pipistrellus kuhlii]	59472
XP_036190675.1	XP_036084349	24.869	382	1333	613	28	7.53e-16	88.6	spermatogenesis-associated protein 13 isoform X7 [Rousettus aegyptiacus]	9407
XP_036190675.1	XP_070265570	25.193	389	1333	574	28	7.72e-16	88.2	spermatogenesis-associated protein 13 isoform X3 [Myotis yumanensis]	159337
XP_036190675.1	XP_036155558	25.193	389	1333	574	28	7.72e-16	88.2	spermatogenesis-associated protein 13 isoform X4 [Myotis myotis]	51298
XP_036190675.1	XP_080999519	24.275	276	1333	791	20	7.87e-16	89.0	rap guanine nucleotide exchange factor 4 isoform 4 [Miniopterus schreibersii]	9433
XP_036190675.1	XP_080999518	24.275	276	1333	791	20	7.87e-16	89.0	rap guanine nucleotide exchange factor 4 isoform 4 [Miniopterus schreibersii]	9433
XP_036190675.1	XP_066201830	24.275	276	1333	834	20	7.97e-16	89.0	rap guanine nucleotide exchange factor 4 isoform X14 [Saccopteryx leptura]	249018
XP_036190675.1	XP_036277283	24.275	276	1333	840	20	8.36e-16	89.0	rap guanine nucleotide exchange factor 4 isoform X8 [Pipistrellus kuhlii]	59472
XP_036190675.1	XP_036900338	24.460	278	1333	868	20	8.44e-16	89.0	rap guanine nucleotide exchange factor 4 isoform X3 [Sturnira hondurensis]	192404
XP_036190675.1	XP_066114402	25.781	384	1333	504	28	9.17e-16	87.8	spermatogenesis-associated protein 13 isoform X6 [Saccopteryx bilineata]	59482
XP_036190675.1	XP_066114401	25.781	384	1333	504	28	9.17e-16	87.8	spermatogenesis-associated protein 13 isoform X6 [Saccopteryx bilineata]	59482
XP_036190675.1	XP_036900340	24.460	278	1333	861	20	9.21e-16	89.0	rap guanine nucleotide exchange factor 4 isoform X5 [Sturnira hondurensis]	192404
XP_036190675.1	XP_036900346	24.460	278	1333	791	20	9.26e-16	88.6	rap guanine nucleotide exchange factor 4 isoform X9 [Sturnira hondurensis]	192404
XP_036190675.1	XP_045444393	24.936	389	1333	574	28	9.27e-16	88.2	spermatogenesis-associated protein 13 isoform X5 [Pipistrellus kuhlii]	59472
XP_036190675.1	XP_080891452	30.583	206	1333	1498	15	9.46e-16	89.0	rap guanine nucleotide exchange factor 6 isoform 9 [Rhinolophus hipposideros]	77218
XP_036190675.1	XP_032952253	30.583	206	1333	1623	15	9.55e-16	89.4	rap guanine nucleotide exchange factor 6 isoform X1 [Rhinolophus ferrumequinum]	59479
XP_036190675.1	XP_019611585	30.583	206	1333	1619	15	9.62e-16	89.4	rap guanine nucleotide exchange factor 6 isoform X1 [Rhinolophus sinicus]	89399
XP_036190675.1	XP_066201831	24.275	276	1333	814	20	9.66e-16	88.6	rap guanine nucleotide exchange factor 4 isoform X15 [Saccopteryx leptura]	249018
XP_036190675.1	XP_080891460	30.583	206	1333	1503	15	9.72e-16	89.0	rap guanine nucleotide exchange factor 6 isoform 8 [Rhinolophus hipposideros]	77218
XP_036190675.1	XP_036900336	24.460	278	1333	1011	20	9.86e-16	89.0	rap guanine nucleotide exchange factor 4 isoform X1 [Sturnira hondurensis]	192404
XP_036190675.1	XP_032952258	30.583	206	1333	1611	15	9.94e-16	89.0	rap guanine nucleotide exchange factor 6 isoform X6 [Rhinolophus ferrumequinum]	59479
XP_036190675.1	XP_019611590	30.583	206	1333	1611	15	9.94e-16	89.0	rap guanine nucleotide exchange factor 6 isoform X3 [Rhinolophus sinicus]	89399
XP_036190675.1	XP_080891453	30.583	206	1333	1472	15	1.01e-15	89.0	rap guanine nucleotide exchange factor 6 isoform 10 [Rhinolophus hipposideros]	77218
XP_036190675.1	XP_036277272	24.275	276	1333	1011	20	1.01e-15	89.0	rap guanine nucleotide exchange factor 4 isoform X1 [Pipistrellus kuhlii]	59472
XP_036190675.1	XP_032952254	30.583	206	1333	1619	15	1.01e-15	89.0	rap guanine nucleotide exchange factor 6 isoform X2 [Rhinolophus ferrumequinum]	59479
XP_036190675.1	XP_080891455	30.583	206	1333	1611	15	1.03e-15	89.0	rap guanine nucleotide exchange factor 6 isoform 3 [Rhinolophus hipposideros]	77218
XP_036190675.1	XP_019611591	30.583	206	1333	1606	15	1.04e-15	89.0	rap guanine nucleotide exchange factor 6 isoform X4 [Rhinolophus sinicus]	89399
XP_036190675.1	XP_019611589	30.583	206	1333	1614	15	1.05e-15	89.0	rap guanine nucleotide exchange factor 6 isoform X2 [Rhinolophus sinicus]	89399
XP_036190675.1	XP_074169578	30.583	206	1333	1472	15	1.05e-15	89.0	rap guanine nucleotide exchange factor 6 isoform X11 [Rhinolophus sinicus]	89399
XP_036190675.1	XP_032952263	30.583	206	1333	1528	15	1.05e-15	89.0	rap guanine nucleotide exchange factor 6 isoform X9 [Rhinolophus ferrumequinum]	59479
XP_036190675.1	XP_032952256	30.583	206	1333	1615	15	1.06e-15	89.0	rap guanine nucleotide exchange factor 6 isoform X4 [Rhinolophus ferrumequinum]	59479
XP_036190675.1	XP_032952257	30.583	206	1333	1614	15	1.06e-15	89.0	rap guanine nucleotide exchange factor 6 isoform X5 [Rhinolophus ferrumequinum]	59479
XP_036190675.1	XP_080939256	25.193	389	1333	574	28	1.07e-15	87.8	spermatogenesis-associated protein 13 [Myotis nattereri]	109481
XP_036190675.1	XP_032952264	30.583	206	1333	1507	15	1.07e-15	89.0	rap guanine nucleotide exchange factor 6 isoform X10 [Rhinolophus ferrumequinum]	59479
XP_036190675.1	XP_032952261	30.583	206	1333	1606	15	1.08e-15	89.0	rap guanine nucleotide exchange factor 6 isoform X7 [Rhinolophus ferrumequinum]	59479
XP_036190675.1	XP_080891456	30.583	206	1333	1606	15	1.08e-15	89.0	rap guanine nucleotide exchange factor 6 isoform 4 [Rhinolophus hipposideros]	77218
XP_036190675.1	XP_074169576	30.583	206	1333	1524	15	1.10e-15	89.0	rap guanine nucleotide exchange factor 6 isoform X7 [Rhinolophus sinicus]	89399
XP_036190675.1	XP_032952255	30.583	206	1333	1618	15	1.10e-15	89.0	rap guanine nucleotide exchange factor 6 isoform X3 [Rhinolophus ferrumequinum]	59479
XP_036190675.1	XP_080891451	30.583	206	1333	1619	15	1.10e-15	89.0	rap guanine nucleotide exchange factor 6 isoform 1 [Rhinolophus hipposideros]	77218
XP_036190675.1	XP_036277273	24.275	276	1333	993	20	1.13e-15	88.6	rap guanine nucleotide exchange factor 4 isoform X2 [Pipistrellus kuhlii]	59472
XP_036190675.1	XP_080891457	30.583	206	1333	1524	15	1.14e-15	89.0	rap guanine nucleotide exchange factor 6 isoform 5 [Rhinolophus hipposideros]	77218
XP_036190675.1	XP_074169575	30.583	206	1333	1575	15	1.15e-15	89.0	rap guanine nucleotide exchange factor 6 isoform X6 [Rhinolophus sinicus]	89399
XP_036190675.1	XP_080891454	30.583	206	1333	1614	15	1.16e-15	89.0	rap guanine nucleotide exchange factor 6 isoform 2 [Rhinolophus hipposideros]	77218
XP_036190675.1	XP_036900343	24.460	278	1333	850	20	1.16e-15	88.6	rap guanine nucleotide exchange factor 4 isoform X7 [Sturnira hondurensis]	192404
XP_036190675.1	XP_074169574	30.583	206	1333	1591	15	1.19e-15	89.0	rap guanine nucleotide exchange factor 6 isoform X5 [Rhinolophus sinicus]	89399
XP_036190675.1	XP_045427993	28.000	175	1333	568	13	1.24e-15	87.8	ras-specific guanine nucleotide-releasing factor RalGPS1 isoform X3 [Pipistrellus kuhlii]	59472
XP_036190675.1	XP_035878142	28.000	175	1333	568	13	1.24e-15	87.8	ras-specific guanine nucleotide-releasing factor RalGPS1 isoform X3 [Phyllostomus discolor]	89673
XP_036190675.1	XP_032952262	30.583	206	1333	1595	15	1.26e-15	89.0	rap guanine nucleotide exchange factor 6 isoform X8 [Rhinolophus ferrumequinum]	59479
XP_036190675.1	XP_074169577	30.583	206	1333	1522	15	1.26e-15	88.6	rap guanine nucleotide exchange factor 6 isoform X8 [Rhinolophus sinicus]	89399
XP_036190675.1	XP_045050735	26.420	352	1333	561	26	1.27e-15	87.4	spermatogenesis-associated protein 13 isoform X9 [Desmodus rotundus]	9430
XP_036190675.1	XP_036900337	24.460	278	1333	993	20	1.27e-15	88.6	rap guanine nucleotide exchange factor 4 isoform X2 [Sturnira hondurensis]	192404
XP_036190675.1	XP_059514052	28.000	175	1333	568	13	1.31e-15	87.4	ras-specific guanine nucleotide-releasing factor RalGPS1 isoform X3 [Myotis daubentonii]	98922
XP_036190675.1	XP_045708765	28.814	236	1333	574	16	1.35e-15	87.4	ral guanine nucleotide dissociation stimulator-like 3 isoform X2 [Phyllostomus hastatus]	9423
XP_036190675.1	XP_045686388	25.000	384	1333	561	28	1.38e-15	87.4	spermatogenesis-associated protein 13 isoform X4 [Phyllostomus hastatus]	9423
XP_036190675.1	XP_066136232	23.913	276	1333	877	20	1.39e-15	88.2	rap guanine nucleotide exchange factor 4 isoform X5 [Saccopteryx bilineata]	59482
XP_036190675.1	XP_066136231	23.913	276	1333	877	20	1.39e-15	88.2	rap guanine nucleotide exchange factor 4 isoform X5 [Saccopteryx bilineata]	59482
XP_036190675.1	XP_066136230	23.913	276	1333	877	20	1.39e-15	88.2	rap guanine nucleotide exchange factor 4 isoform X5 [Saccopteryx bilineata]	59482
XP_036190675.1	XP_066136229	23.913	276	1333	877	20	1.39e-15	88.2	rap guanine nucleotide exchange factor 4 isoform X5 [Saccopteryx bilineata]	59482
XP_036190675.1	XP_074194225	23.913	276	1333	867	20	1.41e-15	88.2	rap guanine nucleotide exchange factor 4 isoform X6 [Rhinolophus sinicus]	89399
XP_036190675.1	XP_032968635	23.913	276	1333	867	20	1.43e-15	88.2	rap guanine nucleotide exchange factor 4 isoform X5 [Rhinolophus ferrumequinum]	59479
XP_036190675.1	XP_066225241	25.781	384	1333	581	28	1.45e-15	87.4	spermatogenesis-associated protein 13 isoform X4 [Saccopteryx leptura]	249018
XP_036190675.1	XP_036920651	26.050	357	1333	571	26	1.49e-15	87.4	spermatogenesis-associated protein 13 isoform X4 [Sturnira hondurensis]	192404
XP_036190675.1	XP_080891459	30.583	206	1333	1509	15	1.50e-15	88.6	rap guanine nucleotide exchange factor 6 isoform 7 [Rhinolophus hipposideros]	77218
XP_036190675.1	XP_019611595	30.583	206	1333	1514	15	1.50e-15	88.6	rap guanine nucleotide exchange factor 6 isoform X9 [Rhinolophus sinicus]	89399
XP_036190675.1	XP_019611596	30.583	206	1333	1509	15	1.54e-15	88.6	rap guanine nucleotide exchange factor 6 isoform X10 [Rhinolophus sinicus]	89399
XP_036190675.1	XP_066136237	23.913	276	1333	866	20	1.54e-15	88.2	rap guanine nucleotide exchange factor 4 isoform X9 [Saccopteryx bilineata]	59482
XP_036190675.1	XP_066136235	23.913	276	1333	869	20	1.55e-15	88.2	rap guanine nucleotide exchange factor 4 isoform X7 [Saccopteryx bilineata]	59482
XP_036190675.1	XP_080891458	30.583	206	1333	1514	15	1.56e-15	88.6	rap guanine nucleotide exchange factor 6 isoform 6 [Rhinolophus hipposideros]	77218
XP_036190675.1	XP_036084348	24.740	384	1333	617	28	1.57e-15	87.4	spermatogenesis-associated protein 13 isoform X6 [Rousettus aegyptiacus]	9407
XP_036190675.1	XP_045050689	26.420	352	1333	574	26	1.57e-15	87.4	spermatogenesis-associated protein 13 isoform X8 [Desmodus rotundus]	9430
XP_036190675.1	XP_066136236	23.913	276	1333	867	20	1.58e-15	88.2	rap guanine nucleotide exchange factor 4 isoform X8 [Saccopteryx bilineata]	59482
XP_036190675.1	XP_066114400	25.781	384	1333	581	28	1.70e-15	87.4	spermatogenesis-associated protein 13 isoform X5 [Saccopteryx bilineata]	59482
XP_036190675.1	XP_032968638	23.913	276	1333	858	20	1.74e-15	87.8	rap guanine nucleotide exchange factor 4 isoform X7 [Rhinolophus ferrumequinum]	59479
XP_036190675.1	XP_035874339	25.000	384	1333	492	28	1.74e-15	86.7	spermatogenesis-associated protein 13 isoform X7 [Phyllostomus discolor]	89673
XP_036190675.1	XP_019583011	23.913	276	1333	840	20	1.76e-15	87.8	rap guanine nucleotide exchange factor 4 isoform X8 [Rhinolophus sinicus]	89399
XP_036190675.1	XP_074187143	28.000	175	1333	602	13	1.77e-15	87.4	ras-specific guanine nucleotide-releasing factor RalGPS1 isoform X2 [Rhinolophus sinicus]	89399
XP_036190675.1	XP_019583009	23.913	276	1333	858	20	1.82e-15	87.8	rap guanine nucleotide exchange factor 4 isoform X7 [Rhinolophus sinicus]	89399
XP_036190675.1	XP_019583008	23.913	276	1333	858	20	1.82e-15	87.8	rap guanine nucleotide exchange factor 4 isoform X7 [Rhinolophus sinicus]	89399
XP_036190675.1	XP_053521162	23.913	276	1333	865	20	1.83e-15	87.8	rap guanine nucleotide exchange factor 4 isoform X7 [Artibeus jamaicensis]	9417
XP_036190675.1	XP_074194235	23.913	276	1333	838	20	1.86e-15	87.8	rap guanine nucleotide exchange factor 4 isoform X9 [Rhinolophus sinicus]	89399
XP_036190675.1	XP_080986702	25.131	382	1333	574	28	1.91e-15	87.0	spermatogenesis-associated protein 13 isoform 5 [Miniopterus schreibersii]	9433
XP_036190675.1	XP_045708764	28.814	236	1333	700	16	1.94e-15	87.4	ral guanine nucleotide dissociation stimulator-like 3 isoform X1 [Phyllostomus hastatus]	9423
XP_036190675.1	XP_045686386	25.000	384	1333	574	28	1.94e-15	87.0	spermatogenesis-associated protein 13 isoform X3 [Phyllostomus hastatus]	9423
XP_036190675.1	XP_032952265	30.583	206	1333	1297	15	2.00e-15	88.2	rap guanine nucleotide exchange factor 6 isoform X11 [Rhinolophus ferrumequinum]	59479
XP_036190675.1	XP_066136243	23.913	276	1333	843	20	2.02e-15	87.8	rap guanine nucleotide exchange factor 4 isoform X13 [Saccopteryx bilineata]	59482
XP_036190675.1	XP_053528723	29.612	206	1333	1467	15	2.03e-15	88.2	rap guanine nucleotide exchange factor 6 isoform X6 [Artibeus jamaicensis]	9417
XP_036190675.1	XP_053521161	23.913	276	1333	867	20	2.03e-15	87.8	rap guanine nucleotide exchange factor 4 isoform X6 [Artibeus jamaicensis]	9417
XP_036190675.1	XP_032952267	30.583	206	1333	1409	15	2.03e-15	88.2	rap guanine nucleotide exchange factor 6 isoform X13 [Rhinolophus ferrumequinum]	59479
XP_036190675.1	XP_053528721	28.641	206	1333	1566	15	2.04e-15	88.2	rap guanine nucleotide exchange factor 6 isoform X4 [Artibeus jamaicensis]	9417
XP_036190675.1	XP_019611600	30.583	206	1333	1409	15	2.07e-15	88.2	rap guanine nucleotide exchange factor 6 isoform X12 [Rhinolophus sinicus]	89399
XP_036190675.1	XP_019583012	23.913	276	1333	834	20	2.07e-15	87.4	rap guanine nucleotide exchange factor 4 isoform X10 [Rhinolophus sinicus]	89399
XP_036190675.1	XP_032968639	23.913	276	1333	840	20	2.08e-15	87.4	rap guanine nucleotide exchange factor 4 isoform X8 [Rhinolophus ferrumequinum]	59479
XP_036190675.1	XP_066136242	23.913	276	1333	858	20	2.12e-15	87.4	rap guanine nucleotide exchange factor 4 isoform X12 [Saccopteryx bilineata]	59482
XP_036190675.1	XP_053521163	23.913	276	1333	864	20	2.13e-15	87.4	rap guanine nucleotide exchange factor 4 isoform X8 [Artibeus jamaicensis]	9417
XP_036190675.1	XP_053521158	23.913	276	1333	864	20	2.13e-15	87.4	rap guanine nucleotide exchange factor 4 isoform X3 [Artibeus jamaicensis]	9417
XP_036190675.1	XP_066136228	23.913	276	1333	881	20	2.14e-15	87.4	rap guanine nucleotide exchange factor 4 isoform X4 [Saccopteryx bilineata]	59482
XP_036190675.1	XP_053521170	23.913	276	1333	847	20	2.15e-15	87.4	rap guanine nucleotide exchange factor 4 isoform X12 [Artibeus jamaicensis]	9417
XP_036190675.1	XP_074194216	23.913	276	1333	881	20	2.18e-15	87.4	rap guanine nucleotide exchange factor 4 isoform X4 [Rhinolophus sinicus]	89399
XP_036190675.1	XP_019583013	23.913	276	1333	791	20	2.19e-15	87.4	rap guanine nucleotide exchange factor 4 isoform X11 [Rhinolophus sinicus]	89399
XP_036190675.1	XP_074194247	23.913	276	1333	791	20	2.19e-15	87.4	rap guanine nucleotide exchange factor 4 isoform X11 [Rhinolophus sinicus]	89399
XP_036190675.1	XP_045678744	29.612	206	1333	1606	15	2.20e-15	87.8	rap guanine nucleotide exchange factor 6 isoform X2 [Phyllostomus hastatus]	9423
XP_036190675.1	XP_059553727	29.231	195	1333	1659	14	2.20e-15	87.8	rap guanine nucleotide exchange factor 2 isoform X7 [Myotis daubentonii]	98922
XP_036190675.1	XP_074187365	25.993	277	1333	888	18	2.21e-15	87.4	ral guanine nucleotide dissociation stimulator isoform X8 [Rhinolophus sinicus]	89399
XP_036190675.1	XP_053528722	28.641	206	1333	1519	15	2.21e-15	87.8	rap guanine nucleotide exchange factor 6 isoform X5 [Artibeus jamaicensis]	9417
XP_036190675.1	XP_035870736	29.612	206	1333	1616	15	2.22e-15	87.8	rap guanine nucleotide exchange factor 6 isoform X3 [Phyllostomus discolor]	89673
XP_036190675.1	XP_005857649	23.913	276	1333	858	20	2.23e-15	87.4	PREDICTED: rap guanine nucleotide exchange factor 4 isoform X1 [Myotis brandtii]	109478
XP_036190675.1	XP_016063300	24.263	441	1333	714	29	2.24e-15	87.4	PREDICTED: LOW QUALITY PROTEIN: ral guanine nucleotide dissociation stimulator-like 3 [Miniopterus natalensis]	291302
XP_036190675.1	XP_036170701	29.231	195	1333	1659	14	2.24e-15	87.8	rap guanine nucleotide exchange factor 2 isoform X7 [Myotis myotis]	51298
XP_036190675.1	XP_028383314	29.612	206	1333	1603	15	2.27e-15	87.8	rap guanine nucleotide exchange factor 6 isoform X2 [Phyllostomus discolor]	89673
XP_036190675.1	XP_032968633	23.913	276	1333	881	20	2.27e-15	87.4	rap guanine nucleotide exchange factor 4 isoform X3 [Rhinolophus ferrumequinum]	59479
XP_036190675.1	XP_036089895	29.231	195	1333	1493	14	2.28e-15	87.8	rap guanine nucleotide exchange factor 2 isoform X12 [Rousettus aegyptiacus]	9407
XP_036190675.1	XP_080933970	29.231	195	1333	1494	14	2.28e-15	87.8	rap guanine nucleotide exchange factor 2 isoform 9 [Rhinolophus hipposideros]	77218
XP_036190675.1	XP_019523051	29.231	195	1333	1649	14	2.29e-15	87.8	PREDICTED: rap guanine nucleotide exchange factor 2 isoform X7 [Hipposideros armiger]	186990
XP_036190675.1	XP_019523048	29.231	195	1333	1657	14	2.29e-15	87.8	PREDICTED: rap guanine nucleotide exchange factor 2 isoform X5 [Hipposideros armiger]	186990
XP_036190675.1	XP_059553729	29.231	195	1333	1653	14	2.31e-15	87.8	rap guanine nucleotide exchange factor 2 isoform X8 [Myotis daubentonii]	98922
XP_036190675.1	XP_053528720	28.641	206	1333	1570	15	2.32e-15	87.8	rap guanine nucleotide exchange factor 6 isoform X3 [Artibeus jamaicensis]	9417
XP_036190675.1	XP_054424477	28.641	206	1333	1614	15	2.32e-15	87.8	rap guanine nucleotide exchange factor 6 isoform X2 [Pteronotus mesoamericanus]	1884717
XP_036190675.1	XP_036914204	29.231	195	1333	1651	14	2.33e-15	87.8	rap guanine nucleotide exchange factor 2 isoform X8 [Sturnira hondurensis]	192404
XP_036190675.1	XP_036170703	29.231	195	1333	1653	14	2.33e-15	87.8	rap guanine nucleotide exchange factor 2 isoform X9 [Myotis myotis]	51298
XP_036190675.1	XP_036089886	29.231	195	1333	1687	14	2.35e-15	87.8	rap guanine nucleotide exchange factor 2 isoform X3 [Rousettus aegyptiacus]	9407
XP_036190675.1	XP_074194221	23.913	276	1333	873	20	2.36e-15	87.4	rap guanine nucleotide exchange factor 4 isoform X5 [Rhinolophus sinicus]	89399
XP_036190675.1	XP_080529839	29.231	195	1333	1682	14	2.36e-15	87.8	rap guanine nucleotide exchange factor 2 isoform 2 [Plecotus auritus]	61862
XP_036190675.1	XP_036981593	28.205	195	1333	1683	14	2.36e-15	87.8	rap guanine nucleotide exchange factor 2 isoform X4 [Artibeus jamaicensis]	9417
XP_036190675.1	XP_036985714	28.641	206	1333	1614	15	2.38e-15	87.8	rap guanine nucleotide exchange factor 6 isoform X1 [Artibeus jamaicensis]	9417
XP_036190675.1	XP_080529843	29.231	195	1333	1530	14	2.38e-15	87.8	rap guanine nucleotide exchange factor 2 isoform 6 [Plecotus auritus]	61862
XP_036190675.1	XP_080933962	29.231	195	1333	1492	14	2.38e-15	87.8	rap guanine nucleotide exchange factor 2 isoform 10 [Rhinolophus hipposideros]	77218
XP_036190675.1	XP_054424475	29.612	206	1333	1619	15	2.38e-15	87.8	rap guanine nucleotide exchange factor 6 isoform X1 [Pteronotus mesoamericanus]	1884717
XP_036190675.1	XP_080529845	29.231	195	1333	1505	14	2.38e-15	87.8	rap guanine nucleotide exchange factor 2 isoform 8 [Plecotus auritus]	61862
XP_036190675.1	XP_036914203	29.231	195	1333	1653	14	2.39e-15	87.8	rap guanine nucleotide exchange factor 2 isoform X7 [Sturnira hondurensis]	192404
XP_036190675.1	XP_028383313	29.612	206	1333	1611	15	2.39e-15	87.8	rap guanine nucleotide exchange factor 6 isoform X1 [Phyllostomus discolor]	89673
XP_036190675.1	XP_045678734	28.641	206	1333	1614	15	2.40e-15	87.8	rap guanine nucleotide exchange factor 6 isoform X1 [Phyllostomus hastatus]	9423
XP_036190675.1	XP_032968636	23.913	276	1333	863	20	2.40e-15	87.4	rap guanine nucleotide exchange factor 4 isoform X6 [Rhinolophus ferrumequinum]	59479
XP_036190675.1	XP_036170716	29.231	195	1333	1498	14	2.40e-15	87.8	rap guanine nucleotide exchange factor 2 isoform X21 [Myotis myotis]	51298
XP_036190675.1	XP_070271489	28.205	195	1333	1594	14	2.41e-15	87.8	rap guanine nucleotide exchange factor 2 isoform X5 [Myotis yumanensis]	159337
XP_036190675.1	XP_036914199	28.205	195	1333	1692	14	2.41e-15	87.8	rap guanine nucleotide exchange factor 2 isoform X3 [Sturnira hondurensis]	192404
XP_036190675.1	XP_028008118	29.231	195	1333	1656	14	2.41e-15	87.8	rap guanine nucleotide exchange factor 2 isoform X1 [Eptesicus fuscus]	29078
XP_036190675.1	XP_070271488	29.231	195	1333	1659	14	2.44e-15	87.8	rap guanine nucleotide exchange factor 2 isoform X4 [Myotis yumanensis]	159337
XP_036190675.1	XP_015448783	29.231	195	1333	1659	14	2.44e-15	87.8	rap guanine nucleotide exchange factor 2 isoform X6 [Pteropus alecto]	9402
XP_036190675.1	XP_074194486	29.231	195	1333	1496	14	2.44e-15	87.8	rap guanine nucleotide exchange factor 2 isoform X15 [Rhinolophus sinicus]	89399
XP_036190675.1	XP_036089891	28.205	195	1333	1626	14	2.44e-15	87.8	rap guanine nucleotide exchange factor 2 isoform X8 [Rousettus aegyptiacus]	9407
XP_036190675.1	XP_080529837	28.205	195	1333	1692	14	2.45e-15	87.8	rap guanine nucleotide exchange factor 2 isoform 1 [Plecotus auritus]	61862
XP_036190675.1	XP_079627663	29.231	195	1333	1656	14	2.45e-15	87.8	rap guanine nucleotide exchange factor 2 isoform 5 [Cnephaeus nilssonii]	3371016
XP_036190675.1	XP_054432078	29.231	195	1333	1659	14	2.46e-15	87.8	rap guanine nucleotide exchange factor 2 isoform X5 [Pteronotus mesoamericanus]	1884717
XP_036190675.1	XP_080949257	29.231	195	1333	1659	14	2.46e-15	87.8	rap guanine nucleotide exchange factor 2 isoform 2 [Myotis nattereri]	109481
XP_036190675.1	XP_066136227	23.913	276	1333	962	20	2.46e-15	87.4	rap guanine nucleotide exchange factor 4 isoform X3 [Saccopteryx bilineata]	59482
XP_036190675.1	XP_014390490	29.231	195	1333	1537	14	2.46e-15	87.8	PREDICTED: rap guanine nucleotide exchange factor 2 isoform X10 [Myotis brandtii]	109478
XP_036190675.1	XP_070271495	29.231	195	1333	1498	14	2.46e-15	87.8	rap guanine nucleotide exchange factor 2 isoform X10 [Myotis yumanensis]	159337
XP_036190675.1	XP_045678763	29.612	206	1333	1467	15	2.46e-15	87.8	rap guanine nucleotide exchange factor 6 isoform X4 [Phyllostomus hastatus]	9423
XP_036190675.1	XP_036920649	25.137	366	1333	1165	27	2.46e-15	87.8	spermatogenesis-associated protein 13 isoform X2 [Sturnira hondurensis]	192404
XP_036190675.1	XP_070271485	29.231	195	1333	1684	14	2.47e-15	87.8	rap guanine nucleotide exchange factor 2 isoform X1 [Myotis yumanensis]	159337
XP_036190675.1	XP_053521169	23.913	276	1333	858	20	2.47e-15	87.4	rap guanine nucleotide exchange factor 4 isoform X11 [Artibeus jamaicensis]	9417
XP_036190675.1	XP_053521168	23.913	276	1333	858	20	2.47e-15	87.4	rap guanine nucleotide exchange factor 4 isoform X11 [Artibeus jamaicensis]	9417
XP_036190675.1	XP_053521167	23.913	276	1333	858	20	2.47e-15	87.4	rap guanine nucleotide exchange factor 4 isoform X11 [Artibeus jamaicensis]	9417
XP_036190675.1	XP_053521166	23.913	276	1333	858	20	2.47e-15	87.4	rap guanine nucleotide exchange factor 4 isoform X11 [Artibeus jamaicensis]	9417
XP_036190675.1	XP_074194482	29.231	195	1333	1651	14	2.47e-15	87.8	rap guanine nucleotide exchange factor 2 isoform X8 [Rhinolophus sinicus]	89399
XP_036190675.1	XP_036985715	28.641	206	1333	1606	15	2.47e-15	87.8	rap guanine nucleotide exchange factor 6 isoform X2 [Artibeus jamaicensis]	9417
XP_036190675.1	XP_005856719	21.083	351	1333	634	23	2.48e-15	87.0	PREDICTED: ral guanine nucleotide dissociation stimulator-like 1 [Myotis brandtii]	109478
XP_036190675.1	XP_023611113	29.231	195	1333	1619	14	2.48e-15	87.8	rap guanine nucleotide exchange factor 2 isoform X6 [Myotis lucifugus]	59463
XP_036190675.1	XP_080529842	29.231	195	1333	1535	14	2.48e-15	87.8	rap guanine nucleotide exchange factor 2 isoform 5 [Plecotus auritus]	61862
XP_036190675.1	XP_036981601	29.231	195	1333	1497	14	2.48e-15	87.8	rap guanine nucleotide exchange factor 2 isoform X11 [Artibeus jamaicensis]	9417
XP_036190675.1	XP_036089887	29.231	195	1333	1679	14	2.49e-15	87.8	rap guanine nucleotide exchange factor 2 isoform X4 [Rousettus aegyptiacus]	9407
XP_036190675.1	XP_080529844	29.231	195	1333	1546	14	2.49e-15	87.8	rap guanine nucleotide exchange factor 2 isoform 7 [Plecotus auritus]	61862
XP_036190675.1	XP_019523045	28.205	195	1333	1692	14	2.49e-15	87.8	PREDICTED: rap guanine nucleotide exchange factor 2 isoform X2 [Hipposideros armiger]	186990
XP_036190675.1	XP_036089884	29.231	195	1333	1695	14	2.49e-15	87.8	rap guanine nucleotide exchange factor 2 isoform X1 [Rousettus aegyptiacus]	9407
XP_036190675.1	XP_014390487	29.231	195	1333	1648	14	2.49e-15	87.8	PREDICTED: rap guanine nucleotide exchange factor 2 isoform X7 [Myotis brandtii]	109478
XP_036190675.1	XP_019523044	28.205	195	1333	1698	14	2.49e-15	87.8	PREDICTED: rap guanine nucleotide exchange factor 2 isoform X1 [Hipposideros armiger]	186990
XP_036190675.1	XP_059553730	29.231	195	1333	1651	14	2.49e-15	87.8	rap guanine nucleotide exchange factor 2 isoform X9 [Myotis daubentonii]	98922
XP_036190675.1	XP_070271494	28.205	195	1333	1523	14	2.50e-15	87.8	rap guanine nucleotide exchange factor 2 isoform X9 [Myotis yumanensis]	159337
XP_036190675.1	XP_039732201	29.231	195	1333	1659	14	2.50e-15	87.8	rap guanine nucleotide exchange factor 2 isoform X6 [Pteropus medius]	143291
XP_036190675.1	XP_032989796	29.231	195	1333	1498	14	2.50e-15	87.8	rap guanine nucleotide exchange factor 2 isoform X10 [Rhinolophus ferrumequinum]	59479
XP_036190675.1	XP_079627658	29.231	195	1333	1504	14	2.51e-15	87.8	rap guanine nucleotide exchange factor 2 isoform 10 [Cnephaeus nilssonii]	3371016
XP_036190675.1	XP_080992874	25.058	431	1333	701	29	2.51e-15	87.0	ral guanine nucleotide dissociation stimulator-like 3 isoform 2 [Miniopterus schreibersii]	9433
XP_036190675.1	XP_045678753	28.641	206	1333	1519	15	2.51e-15	87.8	rap guanine nucleotide exchange factor 6 isoform X3 [Phyllostomus hastatus]	9423
XP_036190675.1	XP_023611106	28.205	195	1333	1650	14	2.52e-15	87.8	rap guanine nucleotide exchange factor 2 isoform X4 [Myotis lucifugus]	59463
XP_036190675.1	XP_032968640	23.913	276	1333	791	20	2.52e-15	87.4	rap guanine nucleotide exchange factor 4 isoform X9 [Rhinolophus ferrumequinum]	59479
XP_036190675.1	XP_019523049	29.231	195	1333	1651	14	2.52e-15	87.8	PREDICTED: rap guanine nucleotide exchange factor 2 isoform X6 [Hipposideros armiger]	186990
XP_036190675.1	XP_070271491	28.205	195	1333	1568	14	2.52e-15	87.8	rap guanine nucleotide exchange factor 2 isoform X6 [Myotis yumanensis]	159337
XP_036190675.1	XP_036170700	28.205	195	1333	1664	14	2.52e-15	87.8	rap guanine nucleotide exchange factor 2 isoform X6 [Myotis myotis]	51298
XP_036190675.1	XP_036914209	29.231	195	1333	1498	14	2.52e-15	87.8	rap guanine nucleotide exchange factor 2 isoform X12 [Sturnira hondurensis]	192404
XP_036190675.1	XP_023611110	29.231	195	1333	1625	14	2.53e-15	87.8	rap guanine nucleotide exchange factor 2 isoform X5 [Myotis lucifugus]	59463
XP_036190675.1	XP_079627665	28.205	195	1333	1581	14	2.53e-15	87.8	rap guanine nucleotide exchange factor 2 isoform 7 [Cnephaeus nilssonii]	3371016
XP_036190675.1	XP_036914200	28.205	195	1333	1684	14	2.53e-15	87.8	rap guanine nucleotide exchange factor 2 isoform X4 [Sturnira hondurensis]	192404
XP_036190675.1	XP_036089894	29.231	195	1333	1518	14	2.54e-15	87.8	rap guanine nucleotide exchange factor 2 isoform X11 [Rousettus aegyptiacus]	9407
XP_036190675.1	XP_080529841	28.205	195	1333	1698	14	2.54e-15	87.8	rap guanine nucleotide exchange factor 2 isoform 4 [Plecotus auritus]	61862
XP_036190675.1	XP_032989793	29.231	195	1333	1653	14	2.54e-15	87.8	rap guanine nucleotide exchange factor 2 isoform X7 [Rhinolophus ferrumequinum]	59479
XP_036190675.1	XP_036170715	28.205	195	1333	1523	14	2.54e-15	87.8	rap guanine nucleotide exchange factor 2 isoform X20 [Myotis myotis]	51298
XP_036190675.1	XP_036914202	29.231	195	1333	1659	14	2.54e-15	87.8	rap guanine nucleotide exchange factor 2 isoform X6 [Sturnira hondurensis]	192404
XP_036190675.1	XP_023611098	29.231	195	1333	1660	14	2.54e-15	87.8	rap guanine nucleotide exchange factor 2 isoform X2 [Myotis lucifugus]	59463
XP_036190675.1	XP_005860587	29.231	195	1333	1498	14	2.55e-15	87.8	PREDICTED: rap guanine nucleotide exchange factor 2 isoform X11 [Myotis brandtii]	109478
XP_036190675.1	XP_066136091	29.231	195	1333	1585	14	2.55e-15	87.8	rap guanine nucleotide exchange factor 2 isoform X7 [Saccopteryx bilineata]	59482
XP_036190675.1	XP_066136089	29.231	195	1333	1585	14	2.55e-15	87.8	rap guanine nucleotide exchange factor 2 isoform X7 [Saccopteryx bilineata]	59482
XP_036190675.1	XP_054432077	28.205	195	1333	1684	14	2.55e-15	87.8	rap guanine nucleotide exchange factor 2 isoform X4 [Pteronotus mesoamericanus]	1884717
XP_036190675.1	XP_014390485	29.231	195	1333	1687	14	2.55e-15	87.8	PREDICTED: rap guanine nucleotide exchange factor 2 isoform X4 [Myotis brandtii]	109478
XP_036190675.1	XP_080933969	29.231	195	1333	1519	14	2.56e-15	87.8	rap guanine nucleotide exchange factor 2 isoform 8 [Rhinolophus hipposideros]	77218
XP_036190675.1	XP_036981598	29.231	195	1333	1652	14	2.56e-15	87.8	rap guanine nucleotide exchange factor 2 isoform X7 [Artibeus jamaicensis]	9417
XP_036190675.1	XP_074194485	29.231	195	1333	1523	14	2.56e-15	87.8	rap guanine nucleotide exchange factor 2 isoform X13 [Rhinolophus sinicus]	89399
XP_036190675.1	XP_036089888	29.231	195	1333	1654	14	2.56e-15	87.8	rap guanine nucleotide exchange factor 2 isoform X5 [Rousettus aegyptiacus]	9407
XP_036190675.1	XP_036981597	29.231	195	1333	1658	14	2.56e-15	87.8	rap guanine nucleotide exchange factor 2 isoform X6 [Artibeus jamaicensis]	9417
XP_036190675.1	XP_024906182	29.231	195	1333	1569	14	2.56e-15	87.8	rap guanine nucleotide exchange factor 2 isoform X10 [Pteropus alecto]	9402
XP_036190675.1	XP_059553731	28.205	195	1333	1613	14	2.56e-15	87.8	rap guanine nucleotide exchange factor 2 isoform X10 [Myotis daubentonii]	98922
XP_036190675.1	XP_066136241	23.913	276	1333	861	20	2.56e-15	87.4	rap guanine nucleotide exchange factor 4 isoform X11 [Saccopteryx bilineata]	59482
XP_036190675.1	XP_066136240	23.913	276	1333	861	20	2.56e-15	87.4	rap guanine nucleotide exchange factor 4 isoform X11 [Saccopteryx bilineata]	59482
XP_036190675.1	XP_080933965	29.231	195	1333	1666	14	2.57e-15	87.8	rap guanine nucleotide exchange factor 2 isoform 4 [Rhinolophus hipposideros]	77218
XP_036190675.1	XP_036089893	29.231	195	1333	1534	14	2.57e-15	87.8	rap guanine nucleotide exchange factor 2 isoform X10 [Rousettus aegyptiacus]	9407
XP_036190675.1	XP_080949259	29.231	195	1333	1498	14	2.57e-15	87.8	rap guanine nucleotide exchange factor 2 isoform 4 [Myotis nattereri]	109481
XP_036190675.1	XP_019588707	29.231	195	1333	1498	14	2.57e-15	87.8	rap guanine nucleotide exchange factor 2 isoform X14 [Rhinolophus sinicus]	89399
XP_036190675.1	XP_059553733	28.205	195	1333	1584	14	2.57e-15	87.8	rap guanine nucleotide exchange factor 2 isoform X12 [Myotis daubentonii]	98922
XP_036190675.1	XP_019523047	28.205	195	1333	1682	14	2.57e-15	87.8	PREDICTED: rap guanine nucleotide exchange factor 2 isoform X4 [Hipposideros armiger]	186990
XP_036190675.1	XP_036089885	28.205	195	1333	1689	14	2.58e-15	87.8	rap guanine nucleotide exchange factor 2 isoform X2 [Rousettus aegyptiacus]	9407
XP_036190675.1	XP_079627661	28.205	195	1333	1689	14	2.58e-15	87.8	rap guanine nucleotide exchange factor 2 isoform 3 [Cnephaeus nilssonii]	3371016
XP_036190675.1	XP_059529712	25.214	234	1333	529	17	2.58e-15	86.3	ras-specific guanine nucleotide-releasing factor RalGPS2 isoform X3 [Myotis daubentonii]	98922
XP_036190675.1	XP_059553721	28.205	195	1333	1694	14	2.58e-15	87.8	rap guanine nucleotide exchange factor 2 isoform X1 [Myotis daubentonii]	98922
XP_036190675.1	XP_039732203	29.231	195	1333	1651	14	2.58e-15	87.8	rap guanine nucleotide exchange factor 2 isoform X8 [Pteropus medius]	143291
XP_036190675.1	XP_036170704	28.205	195	1333	1652	14	2.58e-15	87.8	rap guanine nucleotide exchange factor 2 isoform X10 [Myotis myotis]	51298
XP_036190675.1	XP_015448784	29.231	195	1333	1653	14	2.58e-15	87.8	rap guanine nucleotide exchange factor 2 isoform X7 [Pteropus alecto]	9402
XP_036190675.1	XP_079627664	28.205	195	1333	1607	14	2.58e-15	87.8	rap guanine nucleotide exchange factor 2 isoform 6 [Cnephaeus nilssonii]	3371016
XP_036190675.1	XP_080933966	29.231	195	1333	1655	14	2.58e-15	87.8	rap guanine nucleotide exchange factor 2 isoform 5 [Rhinolophus hipposideros]	77218
XP_036190675.1	XP_080529840	29.231	195	1333	1657	14	2.58e-15	87.8	rap guanine nucleotide exchange factor 2 isoform 3 [Plecotus auritus]	61862
XP_036190675.1	XP_079630220	24.936	389	1333	574	28	2.58e-15	86.7	spermatogenesis-associated protein 13 isoform 2 [Cnephaeus nilssonii]	3371016
XP_036190675.1	XP_070271486	28.205	195	1333	1678	14	2.59e-15	87.8	rap guanine nucleotide exchange factor 2 isoform X2 [Myotis yumanensis]	159337
XP_036190675.1	XP_005860586	29.231	195	1333	1679	14	2.59e-15	87.8	PREDICTED: rap guanine nucleotide exchange factor 2 isoform X5 [Myotis brandtii]	109478
XP_036190675.1	XP_028008116	29.231	195	1333	1681	14	2.59e-15	87.8	rap guanine nucleotide exchange factor 2 isoform X2 [Eptesicus fuscus]	29078
XP_036190675.1	XP_059553725	28.205	195	1333	1684	14	2.60e-15	87.8	rap guanine nucleotide exchange factor 2 isoform X5 [Myotis daubentonii]	98922
XP_036190675.1	XP_036170697	28.205	195	1333	1684	14	2.60e-15	87.8	rap guanine nucleotide exchange factor 2 isoform X4 [Myotis myotis]	51298
XP_036190675.1	XP_080949256	29.231	195	1333	1684	14	2.60e-15	87.8	rap guanine nucleotide exchange factor 2 isoform 1 [Myotis nattereri]	109481
XP_036190675.1	XP_019523046	28.205	195	1333	1690	14	2.60e-15	87.8	PREDICTED: rap guanine nucleotide exchange factor 2 isoform X3 [Hipposideros armiger]	186990
XP_036190675.1	XP_019583004	23.913	276	1333	1011	20	2.60e-15	87.4	rap guanine nucleotide exchange factor 4 isoform X1 [Rhinolophus sinicus]	89399
XP_036190675.1	XP_054432076	28.205	195	1333	1692	14	2.60e-15	87.8	rap guanine nucleotide exchange factor 2 isoform X3 [Pteronotus mesoamericanus]	1884717
XP_036190675.1	XP_036089890	29.231	195	1333	1648	14	2.60e-15	87.8	rap guanine nucleotide exchange factor 2 isoform X7 [Rousettus aegyptiacus]	9407
XP_036190675.1	XP_014390486	29.231	195	1333	1654	14	2.60e-15	87.8	PREDICTED: rap guanine nucleotide exchange factor 2 isoform X6 [Myotis brandtii]	109478
XP_036190675.1	XP_032989791	29.231	195	1333	1659	14	2.61e-15	87.8	rap guanine nucleotide exchange factor 2 isoform X6 [Rhinolophus ferrumequinum]	59479
XP_036190675.1	XP_039732206	29.231	195	1333	1569	14	2.61e-15	87.8	rap guanine nucleotide exchange factor 2 isoform X11 [Pteropus medius]	143291
XP_036190675.1	XP_045058436	28.205	195	1333	1665	14	2.61e-15	87.8	rap guanine nucleotide exchange factor 2 isoform X5 [Desmodus rotundus]	9430
XP_036190675.1	XP_019523053	28.205	195	1333	1582	14	2.61e-15	87.8	PREDICTED: rap guanine nucleotide exchange factor 2 isoform X8 [Hipposideros armiger]	186990
XP_036190675.1	XP_019523052	28.205	195	1333	1582	14	2.61e-15	87.8	PREDICTED: rap guanine nucleotide exchange factor 2 isoform X8 [Hipposideros armiger]	186990
XP_036190675.1	XP_080536096	24.686	239	1333	1164	17	2.61e-15	87.4	ras-specific guanine nucleotide-releasing factor 2 isoform 4 [Plecotus auritus]	61862
XP_036190675.1	XP_066136225	23.913	276	1333	1011	20	2.62e-15	87.4	rap guanine nucleotide exchange factor 4 isoform X1 [Saccopteryx bilineata]	59482
XP_036190675.1	XP_036089892	28.205	195	1333	1605	14	2.62e-15	87.8	rap guanine nucleotide exchange factor 2 isoform X9 [Rousettus aegyptiacus]	9407
XP_036190675.1	XP_054432079	29.231	195	1333	1653	14	2.63e-15	87.8	rap guanine nucleotide exchange factor 2 isoform X6 [Pteronotus mesoamericanus]	1884717
XP_036190675.1	XP_036089889	28.205	195	1333	1654	14	2.63e-15	87.8	rap guanine nucleotide exchange factor 2 isoform X6 [Rousettus aegyptiacus]	9407
XP_036190675.1	XP_053768174	28.155	206	1333	1524	15	2.63e-15	87.8	rap guanine nucleotide exchange factor 6 isoform X5 [Desmodus rotundus]	9430
XP_036190675.1	XP_045686793	29.231	195	1333	1668	14	2.63e-15	87.8	rap guanine nucleotide exchange factor 2 isoform X5 [Phyllostomus hastatus]	9423
XP_036190675.1	XP_019523054	29.231	195	1333	1537	14	2.63e-15	87.8	PREDICTED: rap guanine nucleotide exchange factor 2 isoform X9 [Hipposideros armiger]	186990
XP_036190675.1	XP_070271487	29.231	195	1333	1676	14	2.64e-15	87.8	rap guanine nucleotide exchange factor 2 isoform X3 [Myotis yumanensis]	159337
XP_036190675.1	XP_024424549	28.205	195	1333	1683	14	2.64e-15	87.8	rap guanine nucleotide exchange factor 2 isoform X4 [Desmodus rotundus]	9430
XP_036190675.1	XP_032989788	29.231	195	1333	1684	14	2.64e-15	87.8	rap guanine nucleotide exchange factor 2 isoform X4 [Rhinolophus ferrumequinum]	59479
XP_036190675.1	XP_015448782	29.231	195	1333	1684	14	2.64e-15	87.8	rap guanine nucleotide exchange factor 2 isoform X4 [Pteropus alecto]	9402
XP_036190675.1	XP_023388487	29.231	195	1333	1684	14	2.64e-15	87.8	rap guanine nucleotide exchange factor 2 isoform X4 [Pteropus vampyrus]	132908
XP_036190675.1	XP_028377341	28.205	195	1333	1691	14	2.64e-15	87.8	rap guanine nucleotide exchange factor 2 isoform X6 [Phyllostomus discolor]	89673
XP_036190675.1	XP_054432074	28.205	195	1333	1700	14	2.65e-15	87.8	rap guanine nucleotide exchange factor 2 isoform X1 [Pteronotus mesoamericanus]	1884717
XP_036190675.1	XP_024424551	29.231	195	1333	1652	14	2.65e-15	87.8	rap guanine nucleotide exchange factor 2 isoform X7 [Desmodus rotundus]	9430
XP_036190675.1	XP_019588704	29.231	195	1333	1653	14	2.65e-15	87.8	rap guanine nucleotide exchange factor 2 isoform X7 [Rhinolophus sinicus]	89399
XP_036190675.1	XP_066243388	29.231	195	1333	1654	14	2.65e-15	87.8	rap guanine nucleotide exchange factor 2 isoform X6 [Saccopteryx leptura]	249018
XP_036190675.1	XP_066136084	29.231	195	1333	1654	14	2.65e-15	87.8	rap guanine nucleotide exchange factor 2 isoform X6 [Saccopteryx bilineata]	59482
XP_036190675.1	XP_066243378	29.231	195	1333	1660	14	2.65e-15	87.8	rap guanine nucleotide exchange factor 2 isoform X5 [Saccopteryx leptura]	249018
XP_036190675.1	XP_079627667	29.231	195	1333	1529	14	2.65e-15	87.8	rap guanine nucleotide exchange factor 2 isoform 9 [Cnephaeus nilssonii]	3371016
XP_036190675.1	XP_036170702	28.205	195	1333	1666	14	2.65e-15	87.8	rap guanine nucleotide exchange factor 2 isoform X8 [Myotis myotis]	51298
XP_036190675.1	XP_023611094	28.205	195	1333	1666	14	2.65e-15	87.8	rap guanine nucleotide exchange factor 2 isoform X1 [Myotis lucifugus]	59463
XP_036190675.1	XP_032968634	23.913	276	1333	873	20	2.66e-15	87.4	rap guanine nucleotide exchange factor 4 isoform X4 [Rhinolophus ferrumequinum]	59479
XP_036190675.1	XP_014390484	28.205	195	1333	1687	14	2.66e-15	87.8	PREDICTED: rap guanine nucleotide exchange factor 2 isoform X3 [Myotis brandtii]	109478
XP_036190675.1	XP_032968631	23.913	276	1333	1011	20	2.67e-15	87.4	rap guanine nucleotide exchange factor 4 isoform X1 [Rhinolophus ferrumequinum]	59479
XP_036190675.1	XP_054432075	28.205	195	1333	1694	14	2.67e-15	87.8	rap guanine nucleotide exchange factor 2 isoform X2 [Pteronotus mesoamericanus]	1884717
XP_036190675.1	XP_024424548	28.205	195	1333	1699	14	2.67e-15	87.8	rap guanine nucleotide exchange factor 2 isoform X1 [Desmodus rotundus]	9430
XP_036190675.1	XP_024424554	29.231	195	1333	1522	14	2.67e-15	87.8	rap guanine nucleotide exchange factor 2 isoform X10 [Desmodus rotundus]	9430
XP_036190675.1	XP_053768173	29.126	206	1333	1606	15	2.67e-15	87.8	rap guanine nucleotide exchange factor 6 isoform X4 [Desmodus rotundus]	9430
XP_036190675.1	XP_039732202	29.231	195	1333	1653	14	2.67e-15	87.8	rap guanine nucleotide exchange factor 2 isoform X7 [Pteropus medius]	143291
XP_036190675.1	XP_080949258	29.231	195	1333	1523	14	2.67e-15	87.8	rap guanine nucleotide exchange factor 2 isoform 3 [Myotis nattereri]	109481
XP_036190675.1	XP_039732208	29.231	195	1333	1523	14	2.67e-15	87.8	rap guanine nucleotide exchange factor 2 isoform X13 [Pteropus medius]	143291
XP_036190675.1	XP_036914208	29.231	195	1333	1496	14	2.68e-15	87.8	rap guanine nucleotide exchange factor 2 isoform X11 [Sturnira hondurensis]	192404
XP_036190675.1	XP_080949260	29.231	195	1333	1496	14	2.68e-15	87.8	rap guanine nucleotide exchange factor 2 isoform 5 [Myotis nattereri]	109481
XP_036190675.1	XP_006752719	29.231	195	1333	1625	14	2.68e-15	87.8	PREDICTED: LOW QUALITY PROTEIN: rap guanine nucleotide exchange factor 2 [Myotis davidii]	225400
XP_036190675.1	XP_039732200	29.231	195	1333	1676	14	2.68e-15	87.8	rap guanine nucleotide exchange factor 2 isoform X5 [Pteropus medius]	143291
XP_036190675.1	XP_036170705	28.205	195	1333	1584	14	2.68e-15	87.8	rap guanine nucleotide exchange factor 2 isoform X11 [Myotis myotis]	51298
XP_036190675.1	XP_028377345	29.231	195	1333	1505	14	2.68e-15	87.8	rap guanine nucleotide exchange factor 2 isoform X13 [Phyllostomus discolor]	89673
XP_036190675.1	XP_079627660	28.205	195	1333	1691	14	2.69e-15	87.8	rap guanine nucleotide exchange factor 2 isoform 2 [Cnephaeus nilssonii]	3371016
XP_036190675.1	XP_059553724	28.205	195	1333	1695	14	2.69e-15	87.8	rap guanine nucleotide exchange factor 2 isoform X4 [Myotis daubentonii]	98922
XP_036190675.1	XP_036981589	28.205	195	1333	1699	14	2.69e-15	87.8	rap guanine nucleotide exchange factor 2 isoform X1 [Artibeus jamaicensis]	9417
XP_036190675.1	XP_036095848	29.231	195	1333	1655	14	2.69e-15	87.8	rap guanine nucleotide exchange factor 2 isoform X13 [Molossus molossus]	27622
XP_036190675.1	XP_015448785	28.205	195	1333	1610	14	2.69e-15	87.8	rap guanine nucleotide exchange factor 2 isoform X8 [Pteropus alecto]	9402
XP_036190675.1	XP_053768171	28.155	206	1333	1611	15	2.69e-15	87.8	rap guanine nucleotide exchange factor 6 isoform X3 [Desmodus rotundus]	9430
XP_036190675.1	XP_028377344	29.231	195	1333	1530	14	2.70e-15	87.8	rap guanine nucleotide exchange factor 2 isoform X12 [Phyllostomus discolor]	89673
XP_036190675.1	XP_053521159	23.913	276	1333	881	20	2.70e-15	87.4	rap guanine nucleotide exchange factor 4 isoform X4 [Artibeus jamaicensis]	9417
XP_036190675.1	XP_019523055	29.231	195	1333	1496	14	2.70e-15	87.8	PREDICTED: rap guanine nucleotide exchange factor 2 isoform X10 [Hipposideros armiger]	186990
XP_036190675.1	XP_024424553	28.205	195	1333	1538	14	2.70e-15	87.8	rap guanine nucleotide exchange factor 2 isoform X9 [Desmodus rotundus]	9430
XP_036190675.1	XP_036280312	29.231	195	1333	1582	14	2.70e-15	87.8	rap guanine nucleotide exchange factor 2 isoform X12 [Pipistrellus kuhlii]	59472
XP_036190675.1	XP_036170706	29.231	195	1333	1467	14	2.70e-15	87.8	rap guanine nucleotide exchange factor 2 isoform X12 [Myotis myotis]	51298
XP_036190675.1	XP_035887845	29.231	195	1333	1632	14	2.71e-15	87.8	rap guanine nucleotide exchange factor 2 isoform X7 [Phyllostomus discolor]	89673
XP_036190675.1	XP_019588702	29.231	195	1333	1684	14	2.71e-15	87.8	rap guanine nucleotide exchange factor 2 isoform X4 [Rhinolophus sinicus]	89399
XP_036190675.1	XP_074187370	25.271	277	1333	908	18	2.71e-15	87.4	ral guanine nucleotide dissociation stimulator isoform X12 [Rhinolophus sinicus]	89399
XP_036190675.1	XP_080933963	29.231	195	1333	1690	14	2.71e-15	87.8	rap guanine nucleotide exchange factor 2 isoform 2 [Rhinolophus hipposideros]	77218
XP_036190675.1	XP_036170695	28.205	195	1333	1694	14	2.71e-15	87.8	rap guanine nucleotide exchange factor 2 isoform X2 [Myotis myotis]	51298
XP_036190675.1	XP_036914198	28.205	195	1333	1694	14	2.71e-15	87.8	rap guanine nucleotide exchange factor 2 isoform X2 [Sturnira hondurensis]	192404
XP_036190675.1	XP_015448779	29.231	195	1333	1700	14	2.71e-15	87.8	rap guanine nucleotide exchange factor 2 isoform X1 [Pteropus alecto]	9402
XP_036190675.1	XP_023388486	29.231	195	1333	1700	14	2.71e-15	87.8	rap guanine nucleotide exchange factor 2 isoform X3 [Pteropus vampyrus]	132908
XP_036190675.1	XP_036914197	28.205	195	1333	1700	14	2.71e-15	87.8	rap guanine nucleotide exchange factor 2 isoform X1 [Sturnira hondurensis]	192404
XP_036190675.1	XP_059553732	28.205	195	1333	1610	14	2.72e-15	87.8	rap guanine nucleotide exchange factor 2 isoform X11 [Myotis daubentonii]	98922
XP_036190675.1	XP_039732204	28.205	195	1333	1610	14	2.72e-15	87.8	rap guanine nucleotide exchange factor 2 isoform X9 [Pteropus medius]	143291
XP_036190675.1	XP_024424550	29.231	195	1333	1658	14	2.72e-15	87.8	rap guanine nucleotide exchange factor 2 isoform X6 [Desmodus rotundus]	9430
XP_036190675.1	XP_024424555	29.231	195	1333	1497	14	2.72e-15	87.8	rap guanine nucleotide exchange factor 2 isoform X11 [Desmodus rotundus]	9430
XP_036190675.1	XP_036170713	28.205	195	1333	1539	14	2.72e-15	87.8	rap guanine nucleotide exchange factor 2 isoform X19 [Myotis myotis]	51298
XP_036190675.1	XP_014390483	29.231	195	1333	1689	14	2.73e-15	87.8	PREDICTED: rap guanine nucleotide exchange factor 2 isoform X2 [Myotis brandtii]	109478
XP_036190675.1	XP_045058435	28.205	195	1333	1691	14	2.73e-15	87.8	rap guanine nucleotide exchange factor 2 isoform X3 [Desmodus rotundus]	9430
XP_036190675.1	XP_036170696	28.205	195	1333	1692	14	2.73e-15	87.8	rap guanine nucleotide exchange factor 2 isoform X3 [Myotis myotis]	51298
XP_036190675.1	XP_014390482	29.231	195	1333	1695	14	2.74e-15	87.8	PREDICTED: rap guanine nucleotide exchange factor 2 isoform X1 [Myotis brandtii]	109478
XP_036190675.1	XP_079627657	28.205	195	1333	1697	14	2.74e-15	87.8	rap guanine nucleotide exchange factor 2 isoform 1 [Cnephaeus nilssonii]	3371016
XP_036190675.1	XP_039732195	29.231	195	1333	1700	14	2.74e-15	87.8	rap guanine nucleotide exchange factor 2 isoform X1 [Pteropus medius]	143291
XP_036190675.1	XP_019588703	29.231	195	1333	1659	14	2.74e-15	87.8	rap guanine nucleotide exchange factor 2 isoform X6 [Rhinolophus sinicus]	89399
XP_036190675.1	XP_045432235	29.231	195	1333	1662	14	2.74e-15	87.8	rap guanine nucleotide exchange factor 2 isoform X7 [Pipistrellus kuhlii]	59472
XP_036190675.1	XP_080933968	29.231	195	1333	1533	14	2.74e-15	87.8	rap guanine nucleotide exchange factor 2 isoform 7 [Rhinolophus hipposideros]	77218
XP_036190675.1	XP_036914201	28.205	195	1333	1666	14	2.74e-15	87.8	rap guanine nucleotide exchange factor 2 isoform X5 [Sturnira hondurensis]	192404
XP_036190675.1	XP_059553726	28.205	195	1333	1672	14	2.75e-15	87.8	rap guanine nucleotide exchange factor 2 isoform X6 [Myotis daubentonii]	98922
XP_036190675.1	XP_080933964	29.231	195	1333	1680	14	2.75e-15	87.8	rap guanine nucleotide exchange factor 2 isoform 3 [Rhinolophus hipposideros]	77218
XP_036190675.1	XP_059553722	28.205	195	1333	1692	14	2.76e-15	87.8	rap guanine nucleotide exchange factor 2 isoform X2 [Myotis daubentonii]	98922
XP_036190675.1	XP_032989785	29.231	195	1333	1700	14	2.76e-15	87.8	rap guanine nucleotide exchange factor 2 isoform X1 [Rhinolophus ferrumequinum]	59479
XP_036190675.1	XP_032989795	29.231	195	1333	1523	14	2.76e-15	87.8	rap guanine nucleotide exchange factor 2 isoform X9 [Rhinolophus ferrumequinum]	59479
XP_036190675.1	XP_023611104	29.231	195	1333	1658	14	2.76e-15	87.8	rap guanine nucleotide exchange factor 2 isoform X3 [Myotis lucifugus]	59463
XP_036190675.1	XP_045686794	29.231	195	1333	1662	14	2.77e-15	87.8	rap guanine nucleotide exchange factor 2 isoform X6 [Phyllostomus hastatus]	9423
XP_036190675.1	XP_036914206	28.205	195	1333	1539	14	2.77e-15	87.8	rap guanine nucleotide exchange factor 2 isoform X9 [Sturnira hondurensis]	192404
XP_036190675.1	XP_036280315	29.231	195	1333	1505	14	2.77e-15	87.8	rap guanine nucleotide exchange factor 2 isoform X15 [Pipistrellus kuhlii]	59472
XP_036190675.1	XP_032968632	23.913	276	1333	993	20	2.77e-15	87.4	rap guanine nucleotide exchange factor 4 isoform X2 [Rhinolophus ferrumequinum]	59479
XP_036190675.1	XP_039732199	29.231	195	1333	1684	14	2.78e-15	87.8	rap guanine nucleotide exchange factor 2 isoform X4 [Pteropus medius]	143291
XP_036190675.1	XP_066136078	29.231	195	1333	1660	14	2.79e-15	87.8	rap guanine nucleotide exchange factor 2 isoform X5 [Saccopteryx bilineata]	59482
XP_036190675.1	XP_036981596	28.205	195	1333	1665	14	2.79e-15	87.8	rap guanine nucleotide exchange factor 2 isoform X5 [Artibeus jamaicensis]	9417
XP_036190675.1	XP_066136238	23.913	276	1333	863	20	2.80e-15	87.0	rap guanine nucleotide exchange factor 4 isoform X10 [Saccopteryx bilineata]	59482
XP_036190675.1	XP_019588705	28.205	195	1333	1584	14	2.80e-15	87.8	rap guanine nucleotide exchange factor 2 isoform X9 [Rhinolophus sinicus]	89399
XP_036190675.1	XP_079627662	28.205	195	1333	1681	14	2.80e-15	87.8	rap guanine nucleotide exchange factor 2 isoform 4 [Cnephaeus nilssonii]	3371016
XP_036190675.1	XP_045686799	29.231	195	1333	1507	14	2.80e-15	87.4	rap guanine nucleotide exchange factor 2 isoform X10 [Phyllostomus hastatus]	9423
XP_036190675.1	XP_036280305	29.231	195	1333	1690	14	2.80e-15	87.8	rap guanine nucleotide exchange factor 2 isoform X3 [Pipistrellus kuhlii]	59472
XP_036190675.1	XP_080529846	29.231	195	1333	1494	14	2.82e-15	87.4	rap guanine nucleotide exchange factor 2 isoform 9 [Plecotus auritus]	61862
XP_036190675.1	XP_032989790	29.231	195	1333	1666	14	2.82e-15	87.8	rap guanine nucleotide exchange factor 2 isoform X5 [Rhinolophus ferrumequinum]	59479
XP_036190675.1	XP_032989789	29.231	195	1333	1666	14	2.82e-15	87.8	rap guanine nucleotide exchange factor 2 isoform X5 [Rhinolophus ferrumequinum]	59479
XP_036190675.1	XP_035887846	29.231	195	1333	1626	14	2.82e-15	87.8	rap guanine nucleotide exchange factor 2 isoform X8 [Phyllostomus discolor]	89673
XP_036190675.1	XP_080529838	29.231	195	1333	1465	14	2.82e-15	87.4	rap guanine nucleotide exchange factor 2 isoform 10 [Plecotus auritus]	61862
XP_036190675.1	XP_019588701	29.231	195	1333	1692	14	2.83e-15	87.8	rap guanine nucleotide exchange factor 2 isoform X3 [Rhinolophus sinicus]	89399
XP_036190675.1	XP_036170694	28.205	195	1333	1700	14	2.83e-15	87.8	rap guanine nucleotide exchange factor 2 isoform X1 [Myotis myotis]	51298
XP_036190675.1	XP_066136058	29.231	195	1333	1701	14	2.83e-15	87.8	rap guanine nucleotide exchange factor 2 isoform X1 [Saccopteryx bilineata]	59482
XP_036190675.1	XP_036981600	29.231	195	1333	1522	14	2.83e-15	87.4	rap guanine nucleotide exchange factor 2 isoform X10 [Artibeus jamaicensis]	9417
XP_036190675.1	XP_014390488	28.205	195	1333	1610	14	2.83e-15	87.8	PREDICTED: rap guanine nucleotide exchange factor 2 isoform X8 [Myotis brandtii]	109478
XP_036190675.1	XP_039732207	29.231	195	1333	1539	14	2.84e-15	87.4	rap guanine nucleotide exchange factor 2 isoform X12 [Pteropus medius]	143291
XP_036190675.1	XP_023611119	28.205	195	1333	1584	14	2.84e-15	87.4	rap guanine nucleotide exchange factor 2 isoform X7 [Myotis lucifugus]	59463
XP_036190675.1	XP_079627666	29.231	195	1333	1545	14	2.85e-15	87.4	rap guanine nucleotide exchange factor 2 isoform 8 [Cnephaeus nilssonii]	3371016
XP_036190675.1	XP_032989787	29.231	195	1333	1692	14	2.85e-15	87.8	rap guanine nucleotide exchange factor 2 isoform X3 [Rhinolophus ferrumequinum]	59479
XP_036190675.1	XP_066136063	29.231	195	1333	1693	14	2.85e-15	87.8	rap guanine nucleotide exchange factor 2 isoform X3 [Saccopteryx bilineata]	59482
XP_036190675.1	XP_032989786	29.231	195	1333	1694	14	2.85e-15	87.8	rap guanine nucleotide exchange factor 2 isoform X2 [Rhinolophus ferrumequinum]	59479
XP_036190675.1	XP_080933961	29.231	195	1333	1696	14	2.85e-15	87.8	rap guanine nucleotide exchange factor 2 isoform 1 [Rhinolophus hipposideros]	77218
XP_036190675.1	XP_036280303	29.231	195	1333	1698	14	2.85e-15	87.8	rap guanine nucleotide exchange factor 2 isoform X1 [Pipistrellus kuhlii]	59472
XP_036190675.1	XP_019588699	28.205	195	1333	1700	14	2.86e-15	87.8	rap guanine nucleotide exchange factor 2 isoform X1 [Rhinolophus sinicus]	89399
XP_036190675.1	XP_035887844	28.205	195	1333	1657	14	2.86e-15	87.8	rap guanine nucleotide exchange factor 2 isoform X5 [Phyllostomus discolor]	89673
XP_036190675.1	XP_079627659	29.231	195	1333	1493	14	2.86e-15	87.4	rap guanine nucleotide exchange factor 2 isoform 11 [Cnephaeus nilssonii]	3371016
XP_036190675.1	XP_053768168	28.155	206	1333	1619	15	2.86e-15	87.4	rap guanine nucleotide exchange factor 6 isoform X1 [Desmodus rotundus]	9430
XP_036190675.1	XP_053768169	28.155	206	1333	1619	15	2.86e-15	87.4	rap guanine nucleotide exchange factor 6 isoform X1 [Desmodus rotundus]	9430
XP_036190675.1	XP_053768167	28.155	206	1333	1619	15	2.86e-15	87.4	rap guanine nucleotide exchange factor 6 isoform X1 [Desmodus rotundus]	9430
XP_036190675.1	XP_080933967	29.231	195	1333	1535	14	2.86e-15	87.4	rap guanine nucleotide exchange factor 2 isoform 6 [Rhinolophus hipposideros]	77218
XP_036190675.1	XP_036095841	29.231	195	1333	1669	14	2.86e-15	87.8	rap guanine nucleotide exchange factor 2 isoform X10 [Molossus molossus]	27622
XP_036190675.1	XP_036981599	29.231	195	1333	1538	14	2.87e-15	87.4	rap guanine nucleotide exchange factor 2 isoform X9 [Artibeus jamaicensis]	9417
XP_036190675.1	XP_036095857	29.231	195	1333	1500	14	2.87e-15	87.4	rap guanine nucleotide exchange factor 2 isoform X21 [Molossus molossus]	27622
XP_036190675.1	XP_036280306	29.231	195	1333	1682	14	2.87e-15	87.8	rap guanine nucleotide exchange factor 2 isoform X4 [Pipistrellus kuhlii]	59472
XP_036190675.1	XP_035887848	28.205	195	1333	1591	14	2.87e-15	87.4	rap guanine nucleotide exchange factor 2 isoform X10 [Phyllostomus discolor]	89673
XP_036190675.1	XP_066136234	23.913	276	1333	875	20	2.87e-15	87.0	rap guanine nucleotide exchange factor 4 isoform X6 [Saccopteryx bilineata]	59482
XP_036190675.1	XP_045058434	28.205	195	1333	1693	14	2.88e-15	87.8	rap guanine nucleotide exchange factor 2 isoform X2 [Desmodus rotundus]	9430
XP_036190675.1	XP_036095830	29.231	195	1333	1694	14	2.88e-15	87.8	rap guanine nucleotide exchange factor 2 isoform X5 [Molossus molossus]	27622
XP_036190675.1	XP_059553723	28.205	195	1333	1700	14	2.88e-15	87.8	rap guanine nucleotide exchange factor 2 isoform X3 [Myotis daubentonii]	98922
XP_036190675.1	XP_066243339	29.231	195	1333	1701	14	2.88e-15	87.8	rap guanine nucleotide exchange factor 2 isoform X1 [Saccopteryx leptura]	249018
XP_036190675.1	XP_074194484	29.231	195	1333	1537	14	2.89e-15	87.4	rap guanine nucleotide exchange factor 2 isoform X12 [Rhinolophus sinicus]	89399
XP_036190675.1	XP_039732210	29.231	195	1333	1498	14	2.89e-15	87.4	rap guanine nucleotide exchange factor 2 isoform X15 [Pteropus medius]	143291
XP_036190675.1	XP_036981590	28.205	195	1333	1693	14	2.90e-15	87.4	rap guanine nucleotide exchange factor 2 isoform X2 [Artibeus jamaicensis]	9417
XP_036190675.1	XP_019588700	28.205	195	1333	1694	14	2.90e-15	87.4	rap guanine nucleotide exchange factor 2 isoform X2 [Rhinolophus sinicus]	89399
XP_036190675.1	XP_036280310	29.231	195	1333	1649	14	2.90e-15	87.4	rap guanine nucleotide exchange factor 2 isoform X10 [Pipistrellus kuhlii]	59472
XP_036190675.1	XP_036914207	28.205	195	1333	1523	14	2.91e-15	87.4	rap guanine nucleotide exchange factor 2 isoform X10 [Sturnira hondurensis]	192404
XP_036190675.1	XP_053768170	28.155	206	1333	1614	15	2.91e-15	87.4	rap guanine nucleotide exchange factor 6 isoform X2 [Desmodus rotundus]	9430
XP_036190675.1	XP_074194483	28.205	195	1333	1578	14	2.91e-15	87.4	rap guanine nucleotide exchange factor 2 isoform X10 [Rhinolophus sinicus]	89399
XP_036190675.1	XP_024906181	29.231	195	1333	1672	14	2.92e-15	87.4	rap guanine nucleotide exchange factor 2 isoform X5 [Pteropus alecto]	9402
XP_036190675.1	XP_045058438	28.205	195	1333	1583	14	2.92e-15	87.4	rap guanine nucleotide exchange factor 2 isoform X8 [Desmodus rotundus]	9430
XP_036190675.1	XP_053767609	28.205	195	1333	1583	14	2.92e-15	87.4	rap guanine nucleotide exchange factor 2 isoform X8 [Desmodus rotundus]	9430
XP_036190675.1	XP_036095852	29.231	195	1333	1586	14	2.92e-15	87.4	rap guanine nucleotide exchange factor 2 isoform X17 [Molossus molossus]	27622
XP_036190675.1	XP_066243369	29.231	195	1333	1685	14	2.92e-15	87.4	rap guanine nucleotide exchange factor 2 isoform X4 [Saccopteryx leptura]	249018
XP_036190675.1	XP_036170708	28.205	195	1333	1373	14	2.92e-15	87.4	rap guanine nucleotide exchange factor 2 isoform X14 [Myotis myotis]	51298
XP_036190675.1	XP_045432236	29.231	195	1333	1617	14	2.94e-15	87.4	rap guanine nucleotide exchange factor 2 isoform X11 [Pipistrellus kuhlii]	59472
XP_036190675.1	XP_045432234	29.231	195	1333	1670	14	2.94e-15	87.4	rap guanine nucleotide exchange factor 2 isoform X5 [Pipistrellus kuhlii]	59472
XP_036190675.1	XP_036170699	28.205	195	1333	1672	14	2.94e-15	87.4	rap guanine nucleotide exchange factor 2 isoform X5 [Myotis myotis]	51298
XP_036190675.1	XP_019588706	29.231	195	1333	1539	14	2.94e-15	87.4	rap guanine nucleotide exchange factor 2 isoform X11 [Rhinolophus sinicus]	89399
XP_036190675.1	XP_036095854	29.231	195	1333	1541	14	2.94e-15	87.4	rap guanine nucleotide exchange factor 2 isoform X19 [Molossus molossus]	27622
XP_036190675.1	XP_019583005	23.913	276	1333	993	20	2.94e-15	87.4	rap guanine nucleotide exchange factor 4 isoform X3 [Rhinolophus sinicus]	89399
XP_036190675.1	XP_036981591	28.205	195	1333	1691	14	2.95e-15	87.4	rap guanine nucleotide exchange factor 2 isoform X3 [Artibeus jamaicensis]	9417
XP_036190675.1	XP_015448781	29.231	195	1333	1692	14	2.95e-15	87.4	rap guanine nucleotide exchange factor 2 isoform X3 [Pteropus alecto]	9402
XP_036190675.1	XP_066136060	29.231	195	1333	1695	14	2.95e-15	87.4	rap guanine nucleotide exchange factor 2 isoform X2 [Saccopteryx bilineata]	59482
XP_036190675.1	XP_036095855	29.231	195	1333	1525	14	2.96e-15	87.4	rap guanine nucleotide exchange factor 2 isoform X20 [Molossus molossus]	27622
XP_036190675.1	XP_045686798	28.205	195	1333	1532	14	2.96e-15	87.4	rap guanine nucleotide exchange factor 2 isoform X9 [Phyllostomus hastatus]	9423
XP_036190675.1	XP_035887841	28.205	195	1333	1667	14	2.96e-15	87.4	rap guanine nucleotide exchange factor 2 isoform X2 [Phyllostomus discolor]	89673
XP_036190675.1	XP_039732209	29.231	195	1333	1496	14	2.96e-15	87.4	rap guanine nucleotide exchange factor 2 isoform X14 [Pteropus medius]	143291
XP_036190675.1	XP_053514476	28.205	195	1333	1583	14	2.97e-15	87.4	rap guanine nucleotide exchange factor 2 isoform X8 [Artibeus jamaicensis]	9417
XP_036190675.1	XP_036095832	29.231	195	1333	1686	14	2.97e-15	87.4	rap guanine nucleotide exchange factor 2 isoform X7 [Molossus molossus]	27622
XP_036190675.1	XP_045686792	28.205	195	1333	1693	14	2.98e-15	87.4	rap guanine nucleotide exchange factor 2 isoform X4 [Phyllostomus hastatus]	9423
XP_036190675.1	XP_015448780	29.231	195	1333	1694	14	2.98e-15	87.4	rap guanine nucleotide exchange factor 2 isoform X2 [Pteropus alecto]	9402
XP_036190675.1	XP_039732196	29.231	195	1333	1694	14	2.98e-15	87.4	rap guanine nucleotide exchange factor 2 isoform X2 [Pteropus medius]	143291
XP_036190675.1	XP_036280309	29.231	195	1333	1651	14	2.98e-15	87.4	rap guanine nucleotide exchange factor 2 isoform X9 [Pipistrellus kuhlii]	59472
XP_036190675.1	XP_045686791	28.205	195	1333	1701	14	2.98e-15	87.4	rap guanine nucleotide exchange factor 2 isoform X3 [Phyllostomus hastatus]	9423
XP_036190675.1	XP_045686789	28.205	195	1333	1709	14	2.98e-15	87.4	rap guanine nucleotide exchange factor 2 isoform X1 [Phyllostomus hastatus]	9423
XP_036190675.1	XP_036095826	29.231	195	1333	1710	14	2.98e-15	87.4	rap guanine nucleotide exchange factor 2 isoform X1 [Molossus molossus]	27622
XP_036190675.1	XP_035887842	28.205	195	1333	1665	14	2.99e-15	87.4	rap guanine nucleotide exchange factor 2 isoform X3 [Phyllostomus discolor]	89673
XP_036190675.1	XP_014390489	29.231	195	1333	1539	14	2.99e-15	87.4	PREDICTED: rap guanine nucleotide exchange factor 2 isoform X9 [Myotis brandtii]	109478
XP_036190675.1	XP_015448786	29.231	195	1333	1584	14	2.99e-15	87.4	rap guanine nucleotide exchange factor 2 isoform X9 [Pteropus alecto]	9402
XP_036190675.1	XP_066243407	29.231	195	1333	1585	14	2.99e-15	87.4	rap guanine nucleotide exchange factor 2 isoform X7 [Saccopteryx leptura]	249018
XP_036190675.1	XP_066243398	29.231	195	1333	1585	14	2.99e-15	87.4	rap guanine nucleotide exchange factor 2 isoform X7 [Saccopteryx leptura]	249018
XP_036190675.1	XP_066243349	29.231	195	1333	1695	14	3.00e-15	87.4	rap guanine nucleotide exchange factor 2 isoform X2 [Saccopteryx leptura]	249018
XP_036190675.1	XP_036095827	29.231	195	1333	1704	14	3.01e-15	87.4	rap guanine nucleotide exchange factor 2 isoform X2 [Molossus molossus]	27622
XP_036190675.1	XP_036280308	29.231	195	1333	1657	14	3.01e-15	87.4	rap guanine nucleotide exchange factor 2 isoform X8 [Pipistrellus kuhlii]	59472
XP_036190675.1	XP_066136071	29.231	195	1333	1685	14	3.02e-15	87.4	rap guanine nucleotide exchange factor 2 isoform X4 [Saccopteryx bilineata]	59482
XP_036190675.1	XP_066134537	28.780	205	1333	1642	15	3.02e-15	87.4	rap guanine nucleotide exchange factor 6 isoform X2 [Saccopteryx bilineata]	59482
XP_036190675.1	XP_036095839	28.205	195	1333	1676	14	3.04e-15	87.4	rap guanine nucleotide exchange factor 2 isoform X8 [Molossus molossus]	27622
XP_036190675.1	XP_036095838	28.205	195	1333	1676	14	3.04e-15	87.4	rap guanine nucleotide exchange factor 2 isoform X8 [Molossus molossus]	27622
XP_036190675.1	XP_036095837	28.205	195	1333	1676	14	3.04e-15	87.4	rap guanine nucleotide exchange factor 2 isoform X8 [Molossus molossus]	27622
XP_036190675.1	XP_036095836	28.205	195	1333	1676	14	3.04e-15	87.4	rap guanine nucleotide exchange factor 2 isoform X8 [Molossus molossus]	27622
XP_036190675.1	XP_036095835	28.205	195	1333	1676	14	3.04e-15	87.4	rap guanine nucleotide exchange factor 2 isoform X8 [Molossus molossus]	27622
XP_036190675.1	XP_036095833	28.205	195	1333	1676	14	3.04e-15	87.4	rap guanine nucleotide exchange factor 2 isoform X8 [Molossus molossus]	27622
XP_036190675.1	XP_045686797	29.231	195	1333	1548	14	3.05e-15	87.4	rap guanine nucleotide exchange factor 2 isoform X8 [Phyllostomus hastatus]	9423
XP_036190675.1	XP_036280304	29.231	195	1333	1692	14	3.05e-15	87.4	rap guanine nucleotide exchange factor 2 isoform X2 [Pipistrellus kuhlii]	59472
XP_036190675.1	XP_039732197	29.231	195	1333	1692	14	3.05e-15	87.4	rap guanine nucleotide exchange factor 2 isoform X3 [Pteropus medius]	143291
XP_036190675.1	XP_066134536	28.780	205	1333	1650	15	3.05e-15	87.4	rap guanine nucleotide exchange factor 6 isoform X1 [Saccopteryx bilineata]	59482
XP_036190675.1	XP_036095844	28.205	195	1333	1668	14	3.06e-15	87.4	rap guanine nucleotide exchange factor 2 isoform X11 [Molossus molossus]	27622
XP_036190675.1	XP_036095843	28.205	195	1333	1668	14	3.06e-15	87.4	rap guanine nucleotide exchange factor 2 isoform X11 [Molossus molossus]	27622
XP_036190675.1	XP_036095842	28.205	195	1333	1668	14	3.06e-15	87.4	rap guanine nucleotide exchange factor 2 isoform X11 [Molossus molossus]	27622
XP_036190675.1	XP_053521171	24.460	278	1333	843	20	3.07e-15	87.0	rap guanine nucleotide exchange factor 4 isoform X13 [Artibeus jamaicensis]	9417
XP_036190675.1	XP_036089566	26.606	218	1333	750	14	3.07e-15	87.0	ral guanine nucleotide dissociation stimulator-like 3 isoform X1 [Rousettus aegyptiacus]	9407
XP_036190675.1	XP_035887840	28.205	195	1333	1673	14	3.07e-15	87.4	rap guanine nucleotide exchange factor 2 isoform X1 [Phyllostomus discolor]	89673
XP_036190675.1	XP_036280313	29.231	195	1333	1546	14	3.07e-15	87.4	rap guanine nucleotide exchange factor 2 isoform X13 [Pipistrellus kuhlii]	59472
XP_036190675.1	XP_066243360	29.231	195	1333	1693	14	3.08e-15	87.4	rap guanine nucleotide exchange factor 2 isoform X3 [Saccopteryx leptura]	249018
XP_036190675.1	XP_045686790	28.205	195	1333	1703	14	3.08e-15	87.4	rap guanine nucleotide exchange factor 2 isoform X2 [Phyllostomus hastatus]	9423
XP_036190675.1	XP_035887843	28.205	195	1333	1707	14	3.08e-15	87.4	rap guanine nucleotide exchange factor 2 isoform X4 [Phyllostomus discolor]	89673
XP_036190675.1	XP_066134538	28.780	205	1333	1622	15	3.09e-15	87.4	rap guanine nucleotide exchange factor 6 isoform X3 [Saccopteryx bilineata]	59482
XP_036190675.1	XP_014390491	29.231	195	1333	1410	14	3.11e-15	87.4	PREDICTED: rap guanine nucleotide exchange factor 2 isoform X12 [Myotis brandtii]	109478
XP_036190675.1	XP_032989794	29.231	195	1333	1539	14	3.12e-15	87.4	rap guanine nucleotide exchange factor 2 isoform X8 [Rhinolophus ferrumequinum]	59479
XP_036190675.1	XP_039732205	28.205	195	1333	1584	14	3.12e-15	87.4	rap guanine nucleotide exchange factor 2 isoform X10 [Pteropus medius]	143291
XP_036190675.1	XP_028377343	28.205	195	1333	1546	14	3.12e-15	87.4	rap guanine nucleotide exchange factor 2 isoform X11 [Phyllostomus discolor]	89673
XP_036190675.1	XP_005857650	23.913	276	1333	840	20	3.16e-15	87.0	PREDICTED: rap guanine nucleotide exchange factor 4 isoform X2 [Myotis brandtii]	109478
XP_036190675.1	XP_036280314	29.231	195	1333	1530	14	3.17e-15	87.4	rap guanine nucleotide exchange factor 2 isoform X14 [Pipistrellus kuhlii]	59472
XP_036190675.1	XP_036095850	28.205	195	1333	1622	14	3.17e-15	87.4	rap guanine nucleotide exchange factor 2 isoform X15 [Molossus molossus]	27622
XP_036190675.1	XP_036095840	29.231	195	1333	1674	14	3.17e-15	87.4	rap guanine nucleotide exchange factor 2 isoform X9 [Molossus molossus]	27622
XP_036190675.1	XP_053521164	23.913	276	1333	863	20	3.18e-15	87.0	rap guanine nucleotide exchange factor 4 isoform X9 [Artibeus jamaicensis]	9417
XP_036190675.1	XP_035887847	29.231	195	1333	1544	14	3.20e-15	87.4	rap guanine nucleotide exchange factor 2 isoform X9 [Phyllostomus discolor]	89673
XP_036190675.1	XP_036095847	28.205	195	1333	1662	14	3.22e-15	87.4	rap guanine nucleotide exchange factor 2 isoform X12 [Molossus molossus]	27622
XP_036190675.1	XP_036095846	28.205	195	1333	1662	14	3.22e-15	87.4	rap guanine nucleotide exchange factor 2 isoform X12 [Molossus molossus]	27622
XP_036190675.1	XP_036170707	29.231	195	1333	1410	14	3.24e-15	87.4	rap guanine nucleotide exchange factor 2 isoform X13 [Myotis myotis]	51298
XP_036190675.1	XP_036095828	29.231	195	1333	1702	14	3.24e-15	87.4	rap guanine nucleotide exchange factor 2 isoform X3 [Molossus molossus]	27622
XP_036190675.1	XP_074194481	28.205	195	1333	1672	14	3.25e-15	87.4	rap guanine nucleotide exchange factor 2 isoform X5 [Rhinolophus sinicus]	89399
XP_036190675.1	XP_045686796	28.205	195	1333	1593	14	3.26e-15	87.4	rap guanine nucleotide exchange factor 2 isoform X7 [Phyllostomus hastatus]	9423
XP_036190675.1	XP_036095829	29.231	195	1333	1696	14	3.27e-15	87.4	rap guanine nucleotide exchange factor 2 isoform X4 [Molossus molossus]	27622
XP_036190675.1	XP_036095831	29.231	195	1333	1690	14	3.29e-15	87.4	rap guanine nucleotide exchange factor 2 isoform X6 [Molossus molossus]	27622
XP_036190675.1	XP_036280307	29.231	195	1333	1664	14	3.30e-15	87.4	rap guanine nucleotide exchange factor 2 isoform X6 [Pipistrellus kuhlii]	59472
XP_036190675.1	XP_066136226	23.913	276	1333	993	20	3.35e-15	87.0	rap guanine nucleotide exchange factor 4 isoform X2 [Saccopteryx bilineata]	59482
XP_036190675.1	XP_023379170	25.000	452	1333	720	28	3.35e-15	86.7	ral guanine nucleotide dissociation stimulator-like 3 [Pteropus vampyrus]	132908
XP_036190675.1	XP_059539984	25.064	391	1333	437	28	3.36e-15	85.5	spermatogenesis-associated protein 13 isoform X2 [Myotis daubentonii]	98922
XP_036190675.1	XP_053521165	24.460	278	1333	861	20	3.42e-15	87.0	rap guanine nucleotide exchange factor 4 isoform X10 [Artibeus jamaicensis]	9417
XP_036190675.1	XP_080992873	25.058	431	1333	702	29	3.43e-15	86.7	ral guanine nucleotide dissociation stimulator-like 3 isoform 1 [Miniopterus schreibersii]	9433
XP_036190675.1	XP_066134541	28.780	205	1333	1606	15	3.47e-15	87.4	rap guanine nucleotide exchange factor 6 isoform X5 [Saccopteryx bilineata]	59482
XP_036190675.1	XP_053521172	24.460	278	1333	791	20	3.48e-15	86.7	rap guanine nucleotide exchange factor 4 isoform X14 [Artibeus jamaicensis]	9417
XP_036190675.1	XP_045439138	28.387	155	1333	529	11	3.50e-15	85.9	ras-specific guanine nucleotide-releasing factor RalGPS2 isoform X4 [Pipistrellus kuhlii]	59472
XP_036190675.1	XP_066134540	28.780	205	1333	1614	15	3.50e-15	87.4	rap guanine nucleotide exchange factor 6 isoform X4 [Saccopteryx bilineata]	59482
XP_036190675.1	XP_037004471	26.331	357	1333	489	26	3.57e-15	85.9	spermatogenesis-associated protein 13 isoform X7 [Artibeus jamaicensis]	9417
XP_036190675.1	XP_037004470	26.331	357	1333	489	26	3.57e-15	85.9	spermatogenesis-associated protein 13 isoform X7 [Artibeus jamaicensis]	9417
XP_036190675.1	XP_066136244	23.913	276	1333	834	20	3.70e-15	86.7	rap guanine nucleotide exchange factor 4 isoform X14 [Saccopteryx bilineata]	59482
XP_036190675.1	XP_066136245	23.913	276	1333	814	20	3.72e-15	86.7	rap guanine nucleotide exchange factor 4 isoform X15 [Saccopteryx bilineata]	59482
XP_036190675.1	XP_036280470	29.126	206	1333	1605	15	3.74e-15	87.0	rap guanine nucleotide exchange factor 6 isoform X7 [Pipistrellus kuhlii]	59472
XP_036190675.1	XP_053521156	24.460	278	1333	1011	20	3.78e-15	87.0	rap guanine nucleotide exchange factor 4 isoform X1 [Artibeus jamaicensis]	9417
XP_036190675.1	XP_045432273	29.126	206	1333	1473	15	3.86e-15	87.0	rap guanine nucleotide exchange factor 6 isoform X10 [Pipistrellus kuhlii]	59472
XP_036190675.1	XP_053528725	29.612	206	1333	1408	15	3.90e-15	87.0	rap guanine nucleotide exchange factor 6 isoform X8 [Artibeus jamaicensis]	9417
XP_036190675.1	XP_053521160	24.460	278	1333	868	20	3.98e-15	86.7	rap guanine nucleotide exchange factor 4 isoform X5 [Artibeus jamaicensis]	9417
XP_036190675.1	XP_045432271	29.126	206	1333	1614	15	4.01e-15	87.0	rap guanine nucleotide exchange factor 6 isoform X4 [Pipistrellus kuhlii]	59472
XP_036190675.1	XP_036280464	29.126	206	1333	1620	15	4.02e-15	87.0	rap guanine nucleotide exchange factor 6 isoform X2 [Pipistrellus kuhlii]	59472
XP_036190675.1	XP_066134542	28.780	205	1333	1545	15	4.03e-15	87.0	rap guanine nucleotide exchange factor 6 isoform X6 [Saccopteryx bilineata]	59482
XP_036190675.1	XP_080528997	29.126	206	1333	1583	15	4.06e-15	87.0	rap guanine nucleotide exchange factor 6 isoform 5 [Plecotus auritus]	61862
XP_036190675.1	XP_053528724	28.641	206	1333	1416	15	4.08e-15	87.0	rap guanine nucleotide exchange factor 6 isoform X7 [Artibeus jamaicensis]	9417
XP_036190675.1	XP_036095858	29.231	195	1333	1578	14	4.09e-15	87.0	rap guanine nucleotide exchange factor 2 isoform X22 [Molossus molossus]	27622
XP_036190675.1	XP_028387763	25.000	384	1333	574	28	4.09e-15	85.9	spermatogenesis-associated protein 13 isoform X6 [Phyllostomus discolor]	89673
XP_036190675.1	XP_080903145	25.450	389	1333	1307	28	4.13e-15	87.0	spermatogenesis-associated protein 13 isoform 1 [Rhinolophus hipposideros]	77218
XP_036190675.1	XP_066199481	28.780	205	1333	1650	15	4.14e-15	87.0	rap guanine nucleotide exchange factor 6 isoform X1 [Saccopteryx leptura]	249018
XP_036190675.1	XP_080528995	29.126	206	1333	1611	15	4.18e-15	87.0	rap guanine nucleotide exchange factor 6 isoform 3 [Plecotus auritus]	61862
XP_036190675.1	XP_036095851	29.231	195	1333	1586	14	4.20e-15	87.0	rap guanine nucleotide exchange factor 2 isoform X16 [Molossus molossus]	27622
XP_036190675.1	XP_080528996	29.126	206	1333	1606	15	4.25e-15	87.0	rap guanine nucleotide exchange factor 6 isoform 4 [Plecotus auritus]	61862
XP_036190675.1	XP_066199483	28.780	205	1333	1622	15	4.26e-15	87.0	rap guanine nucleotide exchange factor 6 isoform X3 [Saccopteryx leptura]	249018
XP_036190675.1	XP_045432270	29.126	206	1333	1622	15	4.26e-15	87.0	rap guanine nucleotide exchange factor 6 isoform X1 [Pipistrellus kuhlii]	59472
XP_036190675.1	XP_045678772	29.612	206	1333	1409	15	4.28e-15	87.0	rap guanine nucleotide exchange factor 6 isoform X5 [Phyllostomus hastatus]	9423
XP_036190675.1	XP_036280469	29.126	206	1333	1610	15	4.29e-15	87.0	rap guanine nucleotide exchange factor 6 isoform X6 [Pipistrellus kuhlii]	59472
XP_036190675.1	XP_080992736	29.126	206	1333	1606	15	4.32e-15	87.0	rap guanine nucleotide exchange factor 6 isoform 2 [Miniopterus schreibersii]	9433
XP_036190675.1	XP_036280465	29.126	206	1333	1618	15	4.33e-15	87.0	rap guanine nucleotide exchange factor 6 isoform X3 [Pipistrellus kuhlii]	59472
XP_036190675.1	XP_080529000	29.126	206	1333	1540	15	4.38e-15	87.0	rap guanine nucleotide exchange factor 6 isoform 8 [Plecotus auritus]	61862
XP_036190675.1	XP_080528999	29.126	206	1333	1545	15	4.42e-15	87.0	rap guanine nucleotide exchange factor 6 isoform 7 [Plecotus auritus]	61862
XP_036190675.1	XP_053768175	29.126	206	1333	1409	15	4.43e-15	87.0	rap guanine nucleotide exchange factor 6 isoform X7 [Desmodus rotundus]	9430
XP_036190675.1	XP_066199485	28.780	205	1333	1606	15	4.43e-15	87.0	rap guanine nucleotide exchange factor 6 isoform X5 [Saccopteryx leptura]	249018
XP_036190675.1	XP_036280468	29.126	206	1333	1613	15	4.44e-15	87.0	rap guanine nucleotide exchange factor 6 isoform X5 [Pipistrellus kuhlii]	59472
XP_036190675.1	XP_080528993	29.126	206	1333	1472	15	4.46e-15	87.0	rap guanine nucleotide exchange factor 6 isoform 13 [Plecotus auritus]	61862
XP_036190675.1	XP_066199482	28.780	205	1333	1642	15	4.46e-15	87.0	rap guanine nucleotide exchange factor 6 isoform X2 [Saccopteryx leptura]	249018
XP_036190675.1	XP_008140891	29.126	206	1333	1606	15	4.51e-15	87.0	rap guanine nucleotide exchange factor 6 isoform X1 [Eptesicus fuscus]	29078
XP_036190675.1	XP_016052580	29.126	206	1333	1606	15	4.55e-15	87.0	PREDICTED: rap guanine nucleotide exchange factor 6 isoform X2 [Miniopterus natalensis]	291302
XP_036190675.1	XP_079629328	29.126	206	1333	1651	15	4.58e-15	87.0	rap guanine nucleotide exchange factor 6 isoform 5 [Cnephaeus nilssonii]	3371016
XP_036190675.1	XP_080528989	29.126	206	1333	1619	15	4.64e-15	87.0	rap guanine nucleotide exchange factor 6 isoform 1 [Plecotus auritus]	61862
XP_036190675.1	XP_070271493	29.231	195	1333	1304	14	4.64e-15	86.7	rap guanine nucleotide exchange factor 2 isoform X8 [Myotis yumanensis]	159337
XP_036190675.1	XP_036170709	29.231	195	1333	1304	14	4.64e-15	86.7	rap guanine nucleotide exchange factor 2 isoform X15 [Myotis myotis]	51298
XP_036190675.1	XP_079629325	29.126	206	1333	1606	15	4.66e-15	87.0	rap guanine nucleotide exchange factor 6 isoform 2 [Cnephaeus nilssonii]	3371016
XP_036190675.1	XP_011361989	29.231	195	1333	1296	14	4.67e-15	86.7	rap guanine nucleotide exchange factor 2 isoform X2 [Pteropus vampyrus]	132908
XP_036190675.1	XP_036095849	29.231	195	1333	1627	14	4.68e-15	87.0	rap guanine nucleotide exchange factor 2 isoform X14 [Molossus molossus]	27622
XP_036190675.1	XP_053521157	24.460	278	1333	993	20	4.70e-15	86.7	rap guanine nucleotide exchange factor 4 isoform X2 [Artibeus jamaicensis]	9417
XP_036190675.1	XP_016052579	29.126	206	1333	1614	15	4.71e-15	87.0	PREDICTED: rap guanine nucleotide exchange factor 6 isoform X1 [Miniopterus natalensis]	291302
XP_036190675.1	XP_080528994	29.126	206	1333	1614	15	4.75e-15	87.0	rap guanine nucleotide exchange factor 6 isoform 2 [Plecotus auritus]	61862
XP_036190675.1	XP_080528998	29.126	206	1333	1581	15	4.76e-15	87.0	rap guanine nucleotide exchange factor 6 isoform 6 [Plecotus auritus]	61862
XP_036190675.1	XP_036280316	29.231	195	1333	1302	14	4.80e-15	86.7	rap guanine nucleotide exchange factor 2 isoform X16 [Pipistrellus kuhlii]	59472
XP_036190675.1	XP_066199484	28.780	205	1333	1614	15	4.83e-15	87.0	rap guanine nucleotide exchange factor 6 isoform X4 [Saccopteryx leptura]	249018
XP_036190675.1	XP_080992735	29.126	206	1333	1614	15	4.83e-15	87.0	rap guanine nucleotide exchange factor 6 isoform 1 [Miniopterus schreibersii]	9433
XP_036190675.1	XP_079629324	29.126	206	1333	1614	15	4.83e-15	87.0	rap guanine nucleotide exchange factor 6 isoform 1 [Cnephaeus nilssonii]	3371016
XP_036190675.1	XP_070271492	29.231	195	1333	1329	14	4.84e-15	86.7	rap guanine nucleotide exchange factor 2 isoform X7 [Myotis yumanensis]	159337
XP_036190675.1	XP_066134543	28.780	205	1333	1509	15	4.85e-15	86.7	rap guanine nucleotide exchange factor 6 isoform X7 [Saccopteryx bilineata]	59482
XP_036190675.1	XP_014390492	29.231	195	1333	1299	14	4.88e-15	86.7	PREDICTED: rap guanine nucleotide exchange factor 2 isoform X13 [Myotis brandtii]	109478
XP_036190675.1	XP_016052583	29.126	206	1333	1519	15	4.95e-15	86.7	PREDICTED: rap guanine nucleotide exchange factor 6 isoform X4 [Miniopterus natalensis]	291302
XP_036190675.1	XP_066199486	28.780	205	1333	1545	15	5.02e-15	86.7	rap guanine nucleotide exchange factor 6 isoform X6 [Saccopteryx leptura]	249018
XP_036190675.1	XP_023611121	29.231	195	1333	1270	14	5.04e-15	86.7	rap guanine nucleotide exchange factor 2 isoform X8 [Myotis lucifugus]	59463
XP_036190675.1	XP_080992737	29.126	206	1333	1576	15	5.09e-15	86.7	rap guanine nucleotide exchange factor 6 isoform 3 [Miniopterus schreibersii]	9433
XP_036190675.1	XP_036106711	24.679	389	1333	561	28	5.14e-15	85.5	spermatogenesis-associated protein 13 isoform X3 [Molossus molossus]	27622
XP_036190675.1	XP_036106710	24.679	389	1333	561	28	5.14e-15	85.5	spermatogenesis-associated protein 13 isoform X3 [Molossus molossus]	27622
XP_036190675.1	XP_036106709	24.679	389	1333	561	28	5.14e-15	85.5	spermatogenesis-associated protein 13 isoform X3 [Molossus molossus]	27622
XP_036190675.1	XP_036137829	29.126	206	1333	1575	15	5.17e-15	86.7	rap guanine nucleotide exchange factor 6 isoform X10 [Molossus molossus]	27622
XP_036190675.1	XP_036137828	29.126	206	1333	1575	15	5.17e-15	86.7	rap guanine nucleotide exchange factor 6 isoform X10 [Molossus molossus]	27622
XP_036190675.1	XP_036137827	29.126	206	1333	1575	15	5.17e-15	86.7	rap guanine nucleotide exchange factor 6 isoform X10 [Molossus molossus]	27622
XP_036190675.1	XP_016052581	29.126	206	1333	1576	15	5.18e-15	86.7	PREDICTED: rap guanine nucleotide exchange factor 6 isoform X3 [Miniopterus natalensis]	291302
XP_036190675.1	XP_036280477	29.126	206	1333	1513	15	5.20e-15	86.7	rap guanine nucleotide exchange factor 6 isoform X8 [Pipistrellus kuhlii]	59472
XP_036190675.1	XP_080903146	25.450	389	1333	1236	28	5.20e-15	86.7	spermatogenesis-associated protein 13 isoform 2 [Rhinolophus hipposideros]	77218
XP_036190675.1	XP_079629326	29.126	206	1333	1576	15	5.22e-15	86.7	rap guanine nucleotide exchange factor 6 isoform 3 [Cnephaeus nilssonii]	3371016
XP_036190675.1	XP_036095853	29.231	195	1333	1296	14	5.40e-15	86.7	rap guanine nucleotide exchange factor 2 isoform X18 [Molossus molossus]	27622
XP_036190675.1	XP_059539983	25.193	389	1333	519	28	5.43e-15	85.5	spermatogenesis-associated protein 13 isoform X1 [Myotis daubentonii]	98922
XP_036190675.1	XP_036106712	24.679	389	1333	574	28	5.45e-15	85.5	spermatogenesis-associated protein 13 isoform X4 [Molossus molossus]	27622
XP_036190675.1	XP_080990305	28.718	195	1333	1522	14	5.52e-15	86.7	rap guanine nucleotide exchange factor 2 isoform 11 [Miniopterus schreibersii]	9433
XP_036190675.1	XP_036137832	29.126	206	1333	1568	15	5.53e-15	86.7	rap guanine nucleotide exchange factor 6 isoform X11 [Molossus molossus]	27622
XP_036190675.1	XP_036137831	29.126	206	1333	1568	15	5.53e-15	86.7	rap guanine nucleotide exchange factor 6 isoform X11 [Molossus molossus]	27622
XP_036190675.1	XP_036137830	29.126	206	1333	1568	15	5.53e-15	86.7	rap guanine nucleotide exchange factor 6 isoform X11 [Molossus molossus]	27622
XP_036190675.1	XP_066134544	28.780	205	1333	1392	15	5.54e-15	86.7	rap guanine nucleotide exchange factor 6 isoform X8 [Saccopteryx bilineata]	59482
XP_036190675.1	XP_019506990	26.234	385	1333	574	28	5.54e-15	85.5	PREDICTED: spermatogenesis-associated protein 13 isoform X4 [Hipposideros armiger]	186990
XP_036190675.1	XP_036280479	29.126	206	1333	1508	15	5.55e-15	86.7	rap guanine nucleotide exchange factor 6 isoform X9 [Pipistrellus kuhlii]	59472
XP_036190675.1	XP_080903147	25.450	389	1333	1185	28	5.65e-15	86.7	spermatogenesis-associated protein 13 isoform 3 [Rhinolophus hipposideros]	77218
XP_036190675.1	XP_036137822	29.126	206	1333	1603	15	5.66e-15	86.7	rap guanine nucleotide exchange factor 6 isoform X7 [Molossus molossus]	27622
XP_036190675.1	XP_080990311	28.718	195	1333	1683	14	5.69e-15	86.7	rap guanine nucleotide exchange factor 2 isoform 5 [Miniopterus schreibersii]	9433
XP_036190675.1	XP_080990306	28.718	195	1333	1497	14	5.73e-15	86.7	rap guanine nucleotide exchange factor 2 isoform 12 [Miniopterus schreibersii]	9433
XP_036190675.1	XP_023388485	29.231	195	1333	1298	14	5.78e-15	86.7	rap guanine nucleotide exchange factor 2 isoform X1 [Pteropus vampyrus]	132908
XP_036190675.1	XP_080990307	28.718	195	1333	1495	14	5.78e-15	86.7	rap guanine nucleotide exchange factor 2 isoform 13 [Miniopterus schreibersii]	9433
XP_036190675.1	XP_080990312	28.718	195	1333	1658	14	5.81e-15	86.7	rap guanine nucleotide exchange factor 2 isoform 6 [Miniopterus schreibersii]	9433
XP_036190675.1	XP_014314127	24.936	389	1333	574	28	5.84e-15	85.5	spermatogenesis-associated protein 13 isoform X2 [Myotis lucifugus]	59463
XP_036190675.1	XP_036137824	29.126	206	1333	1600	15	5.85e-15	86.7	rap guanine nucleotide exchange factor 6 isoform X8 [Molossus molossus]	27622
XP_036190675.1	XP_036137823	29.126	206	1333	1600	15	5.85e-15	86.7	rap guanine nucleotide exchange factor 6 isoform X8 [Molossus molossus]	27622
XP_036190675.1	XP_080922994	24.910	277	1333	898	18	5.94e-15	86.3	ral guanine nucleotide dissociation stimulator isoform 2 [Rhinolophus hipposideros]	77218
XP_036190675.1	XP_036983621	23.827	277	1333	905	18	6.02e-15	86.3	ral guanine nucleotide dissociation stimulator isoform X2 [Artibeus jamaicensis]	9417
XP_036190675.1	XP_080931984	28.512	242	1333	706	16	6.07e-15	85.9	ral guanine nucleotide dissociation stimulator-like 3 isoform 10 [Rhinolophus hipposideros]	77218
XP_036190675.1	XP_036137818	29.126	206	1333	1619	15	6.08e-15	86.7	rap guanine nucleotide exchange factor 6 isoform X3 [Molossus molossus]	27622
XP_036190675.1	XP_080992738	29.126	206	1333	1509	15	6.10e-15	86.7	rap guanine nucleotide exchange factor 6 isoform 4 [Miniopterus schreibersii]	9433
XP_036190675.1	XP_080990303	28.718	195	1333	1699	14	6.11e-15	86.7	rap guanine nucleotide exchange factor 2 isoform 1 [Miniopterus schreibersii]	9433
XP_036190675.1	XP_080990313	28.718	195	1333	1658	14	6.12e-15	86.7	rap guanine nucleotide exchange factor 2 isoform 7 [Miniopterus schreibersii]	9433
XP_036190675.1	XP_023619527	28.641	206	1333	1611	15	6.12e-15	86.7	rap guanine nucleotide exchange factor 6 isoform X3 [Myotis lucifugus]	59463
XP_036190675.1	XP_080528991	29.126	206	1333	1506	15	6.15e-15	86.7	rap guanine nucleotide exchange factor 6 isoform 11 [Plecotus auritus]	61862
XP_036190675.1	XP_036084350	25.770	357	1333	574	26	6.15e-15	85.5	spermatogenesis-associated protein 13 isoform X8 [Rousettus aegyptiacus]	9407
XP_036190675.1	XP_023619532	28.641	206	1333	1568	15	6.22e-15	86.7	rap guanine nucleotide exchange factor 6 isoform X8 [Myotis lucifugus]	59463
XP_036190675.1	XP_036280317	29.231	195	1333	1086	14	6.32e-15	86.3	rap guanine nucleotide exchange factor 2 isoform X17 [Pipistrellus kuhlii]	59472
XP_036190675.1	XP_036170710	29.231	195	1333	1086	14	6.32e-15	86.3	rap guanine nucleotide exchange factor 2 isoform X16 [Myotis myotis]	51298
XP_036190675.1	XP_080931986	28.512	242	1333	678	16	6.33e-15	85.9	ral guanine nucleotide dissociation stimulator-like 3 isoform 3 [Rhinolophus hipposideros]	77218
XP_036190675.1	XP_066199487	28.780	205	1333	1509	15	6.36e-15	86.3	rap guanine nucleotide exchange factor 6 isoform X7 [Saccopteryx leptura]	249018
XP_036190675.1	XP_080529001	29.126	206	1333	1514	15	6.37e-15	86.3	rap guanine nucleotide exchange factor 6 isoform 9 [Plecotus auritus]	61862
XP_036190675.1	XP_080990308	28.718	195	1333	1699	14	6.37e-15	86.7	rap guanine nucleotide exchange factor 2 isoform 2 [Miniopterus schreibersii]	9433
XP_036190675.1	XP_016055743	28.718	195	1333	1665	14	6.39e-15	86.7	PREDICTED: rap guanine nucleotide exchange factor 2 [Miniopterus natalensis]	291302
XP_036190675.1	XP_036137816	29.126	206	1333	1639	15	6.41e-15	86.7	rap guanine nucleotide exchange factor 6 isoform X1 [Molossus molossus]	27622
XP_036190675.1	XP_080528990	29.126	206	1333	1509	15	6.41e-15	86.3	rap guanine nucleotide exchange factor 6 isoform 10 [Plecotus auritus]	61862
XP_036190675.1	XP_080990309	28.718	195	1333	1693	14	6.42e-15	86.7	rap guanine nucleotide exchange factor 2 isoform 3 [Miniopterus schreibersii]	9433
XP_036190675.1	XP_059554287	28.641	206	1333	1444	15	6.43e-15	86.3	rap guanine nucleotide exchange factor 6 isoform X17 [Myotis daubentonii]	98922
XP_036190675.1	XP_036137821	29.126	206	1333	1606	15	6.48e-15	86.3	rap guanine nucleotide exchange factor 6 isoform X6 [Molossus molossus]	27622
XP_036190675.1	XP_036137817	29.126	206	1333	1613	15	6.49e-15	86.3	rap guanine nucleotide exchange factor 6 isoform X2 [Molossus molossus]	27622
XP_036190675.1	XP_036137840	29.126	206	1333	1572	15	6.50e-15	86.3	rap guanine nucleotide exchange factor 6 isoform X15 [Molossus molossus]	27622
XP_036190675.1	XP_036137839	29.126	206	1333	1572	15	6.50e-15	86.3	rap guanine nucleotide exchange factor 6 isoform X15 [Molossus molossus]	27622
XP_036190675.1	XP_036137838	29.126	206	1333	1572	15	6.50e-15	86.3	rap guanine nucleotide exchange factor 6 isoform X15 [Molossus molossus]	27622
XP_036190675.1	XP_036137837	29.126	206	1333	1572	15	6.50e-15	86.3	rap guanine nucleotide exchange factor 6 isoform X15 [Molossus molossus]	27622
XP_036190675.1	XP_080990304	28.718	195	1333	1538	14	6.51e-15	86.3	rap guanine nucleotide exchange factor 2 isoform 10 [Miniopterus schreibersii]	9433
XP_036190675.1	XP_059554285	28.641	206	1333	1469	15	6.52e-15	86.3	rap guanine nucleotide exchange factor 6 isoform X15 [Myotis daubentonii]	98922
XP_036190675.1	XP_059554277	28.641	206	1333	1550	15	6.52e-15	86.3	rap guanine nucleotide exchange factor 6 isoform X9 [Myotis daubentonii]	98922
XP_036190675.1	XP_080990310	28.718	195	1333	1691	14	6.53e-15	86.3	rap guanine nucleotide exchange factor 2 isoform 4 [Miniopterus schreibersii]	9433
XP_036190675.1	XP_080990315	28.718	195	1333	1577	14	6.56e-15	86.3	rap guanine nucleotide exchange factor 2 isoform 9 [Miniopterus schreibersii]	9433
XP_036190675.1	XP_036137835	29.126	206	1333	1512	15	6.58e-15	86.3	rap guanine nucleotide exchange factor 6 isoform X14 [Molossus molossus]	27622
XP_036190675.1	XP_036137820	29.126	206	1333	1611	15	6.66e-15	86.3	rap guanine nucleotide exchange factor 6 isoform X5 [Molossus molossus]	27622
XP_036190675.1	XP_070271154	28.641	206	1333	1606	15	6.76e-15	86.3	rap guanine nucleotide exchange factor 6 isoform X4 [Myotis yumanensis]	159337
XP_036190675.1	XP_036137834	29.126	206	1333	1523	15	6.77e-15	86.3	rap guanine nucleotide exchange factor 6 isoform X13 [Molossus molossus]	27622
XP_036190675.1	XP_036983622	23.827	277	1333	893	18	6.77e-15	85.9	ral guanine nucleotide dissociation stimulator isoform X3 [Artibeus jamaicensis]	9417
XP_036190675.1	XP_080990314	28.718	195	1333	1609	14	6.83e-15	86.3	rap guanine nucleotide exchange factor 2 isoform 8 [Miniopterus schreibersii]	9433
XP_036190675.1	XP_023619531	28.641	206	1333	1569	15	6.83e-15	86.3	rap guanine nucleotide exchange factor 6 isoform X7 [Myotis lucifugus]	59463
XP_036190675.1	XP_023619530	28.641	206	1333	1582	15	6.85e-15	86.3	rap guanine nucleotide exchange factor 6 isoform X6 [Myotis lucifugus]	59463
XP_036190675.1	XP_023619529	28.641	206	1333	1582	15	6.85e-15	86.3	rap guanine nucleotide exchange factor 6 isoform X6 [Myotis lucifugus]	59463
XP_036190675.1	XP_066117420	22.271	458	1333	653	30	6.88e-15	85.5	ral guanine nucleotide dissociation stimulator-like 1 isoform X3 [Saccopteryx bilineata]	59482
XP_036190675.1	XP_036137819	29.126	206	1333	1615	15	6.89e-15	86.3	rap guanine nucleotide exchange factor 6 isoform X4 [Molossus molossus]	27622
XP_036190675.1	XP_059554278	28.641	206	1333	1588	15	6.92e-15	86.3	rap guanine nucleotide exchange factor 6 isoform X10 [Myotis daubentonii]	98922
XP_036190675.1	XP_070271153	28.641	206	1333	1611	15	6.94e-15	86.3	rap guanine nucleotide exchange factor 6 isoform X3 [Myotis yumanensis]	159337
XP_036190675.1	XP_023619534	28.641	206	1333	1535	15	6.96e-15	86.3	rap guanine nucleotide exchange factor 6 isoform X10 [Myotis lucifugus]	59463
XP_036190675.1	XP_036137833	29.126	206	1333	1543	15	6.97e-15	86.3	rap guanine nucleotide exchange factor 6 isoform X12 [Molossus molossus]	27622
XP_036190675.1	XP_070271156	28.641	206	1333	1472	15	6.98e-15	86.3	rap guanine nucleotide exchange factor 6 isoform X6 [Myotis yumanensis]	159337
XP_036190675.1	XP_036280481	29.126	206	1333	1409	15	7.00e-15	86.3	rap guanine nucleotide exchange factor 6 isoform X11 [Pipistrellus kuhlii]	59472
XP_036190675.1	XP_070271152	28.641	206	1333	1614	15	7.07e-15	86.3	rap guanine nucleotide exchange factor 6 isoform X2 [Myotis yumanensis]	159337
XP_036190675.1	XP_059554273	28.641	206	1333	1616	15	7.07e-15	86.3	rap guanine nucleotide exchange factor 6 isoform X5 [Myotis daubentonii]	98922
XP_036190675.1	XP_023619526	28.641	206	1333	1616	15	7.07e-15	86.3	rap guanine nucleotide exchange factor 6 isoform X1 [Myotis lucifugus]	59463
XP_036190675.1	XP_036137826	29.126	206	1333	1595	15	7.10e-15	86.3	rap guanine nucleotide exchange factor 6 isoform X9 [Molossus molossus]	27622
XP_036190675.1	XP_023619540	28.641	206	1333	1339	15	7.10e-15	86.3	rap guanine nucleotide exchange factor 6 isoform X14 [Myotis lucifugus]	59463
XP_036190675.1	XP_023619528	28.641	206	1333	1597	15	7.10e-15	86.3	rap guanine nucleotide exchange factor 6 isoform X5 [Myotis lucifugus]	59463
XP_036190675.1	XP_006100199	28.641	206	1333	1606	15	7.12e-15	86.3	rap guanine nucleotide exchange factor 6 isoform X4 [Myotis lucifugus]	59463
XP_036190675.1	XP_059554281	28.641	206	1333	1522	15	7.12e-15	86.3	rap guanine nucleotide exchange factor 6 isoform X12 [Myotis daubentonii]	98922
XP_036190675.1	XP_059554275	28.641	206	1333	1606	15	7.18e-15	86.3	rap guanine nucleotide exchange factor 6 isoform X7 [Myotis daubentonii]	98922
XP_036190675.1	XP_037004469	26.331	357	1333	571	26	7.19e-15	85.1	spermatogenesis-associated protein 13 isoform X6 [Artibeus jamaicensis]	9417
XP_036190675.1	XP_023619533	28.641	206	1333	1563	15	7.24e-15	86.3	rap guanine nucleotide exchange factor 6 isoform X9 [Myotis lucifugus]	59463
XP_036190675.1	XP_059554268	28.641	206	1333	1598	15	7.29e-15	86.3	rap guanine nucleotide exchange factor 6 isoform X1 [Myotis daubentonii]	98922
XP_036190675.1	XP_059554270	28.641	206	1333	1588	15	7.46e-15	86.3	rap guanine nucleotide exchange factor 6 isoform X3 [Myotis daubentonii]	98922
XP_036190675.1	XP_059554272	28.641	206	1333	1570	15	7.50e-15	86.3	rap guanine nucleotide exchange factor 6 isoform X4 [Myotis daubentonii]	98922
XP_036190675.1	XP_005865589	28.641	206	1333	1614	15	7.56e-15	86.3	PREDICTED: LOW QUALITY PROTEIN: rap guanine nucleotide exchange factor 6 [Myotis brandtii]	109478
XP_036190675.1	XP_070271151	28.641	206	1333	1619	15	7.57e-15	86.3	rap guanine nucleotide exchange factor 6 isoform X1 [Myotis yumanensis]	159337
XP_036190675.1	XP_023619537	28.641	206	1333	1521	15	7.62e-15	86.3	rap guanine nucleotide exchange factor 6 isoform X11 [Myotis lucifugus]	59463
XP_036190675.1	XP_023619536	28.641	206	1333	1521	15	7.62e-15	86.3	rap guanine nucleotide exchange factor 6 isoform X11 [Myotis lucifugus]	59463
XP_036190675.1	XP_023619535	28.641	206	1333	1521	15	7.62e-15	86.3	rap guanine nucleotide exchange factor 6 isoform X11 [Myotis lucifugus]	59463
XP_036190675.1	XP_066199488	28.780	205	1333	1392	15	7.65e-15	86.3	rap guanine nucleotide exchange factor 6 isoform X8 [Saccopteryx leptura]	249018
XP_036190675.1	XP_070271155	28.641	206	1333	1524	15	7.75e-15	86.3	rap guanine nucleotide exchange factor 6 isoform X5 [Myotis yumanensis]	159337
XP_036190675.1	XP_059554274	28.641	206	1333	1614	15	7.76e-15	86.3	rap guanine nucleotide exchange factor 6 isoform X6 [Myotis daubentonii]	98922
XP_036190675.1	XP_059554280	28.641	206	1333	1582	15	7.77e-15	86.3	rap guanine nucleotide exchange factor 6 isoform X11 [Myotis daubentonii]	98922
XP_036190675.1	XP_059554279	28.641	206	1333	1582	15	7.77e-15	86.3	rap guanine nucleotide exchange factor 6 isoform X11 [Myotis daubentonii]	98922
XP_036190675.1	XP_006100197	28.641	206	1333	1614	15	7.89e-15	86.3	rap guanine nucleotide exchange factor 6 isoform X2 [Myotis lucifugus]	59463
XP_036190675.1	XP_059554269	28.641	206	1333	1596	15	8.13e-15	86.3	rap guanine nucleotide exchange factor 6 isoform X2 [Myotis daubentonii]	98922
XP_036190675.1	XP_059554276	28.641	206	1333	1554	15	8.20e-15	86.3	rap guanine nucleotide exchange factor 6 isoform X8 [Myotis daubentonii]	98922
XP_036190675.1	XP_028004819	29.126	206	1333	1409	15	8.43e-15	85.9	rap guanine nucleotide exchange factor 6 isoform X2 [Eptesicus fuscus]	29078
XP_036190675.1	XP_080923377	28.571	175	1333	484	13	8.70e-15	84.3	ras-specific guanine nucleotide-releasing factor RalGPS1 isoform 4 [Rhinolophus hipposideros]	77218
XP_036190675.1	XP_066112288	28.571	175	1333	485	13	8.90e-15	84.3	ras-specific guanine nucleotide-releasing factor RalGPS1 isoform X7 [Saccopteryx bilineata]	59482
XP_036190675.1	XP_079629327	29.126	206	1333	1409	15	9.02e-15	85.9	rap guanine nucleotide exchange factor 6 isoform 4 [Cnephaeus nilssonii]	3371016
XP_036190675.1	XP_059554284	28.641	206	1333	1509	15	9.23e-15	85.9	rap guanine nucleotide exchange factor 6 isoform X14 [Myotis daubentonii]	98922
XP_036190675.1	XP_036892866	28.571	175	1333	485	13	9.55e-15	84.3	ras-specific guanine nucleotide-releasing factor RalGPS1 isoform X6 [Sturnira hondurensis]	192404
XP_036190675.1	XP_059554283	28.641	206	1333	1493	15	1.00e-14	85.9	rap guanine nucleotide exchange factor 6 isoform X13 [Myotis daubentonii]	98922
XP_036190675.1	XP_036906413	28.155	206	1333	1566	15	1.02e-14	85.9	rap guanine nucleotide exchange factor 6 isoform X3 [Sturnira hondurensis]	192404
XP_036190675.1	XP_070271157	28.641	206	1333	1409	15	1.05e-14	85.9	rap guanine nucleotide exchange factor 6 isoform X7 [Myotis yumanensis]	159337
XP_036190675.1	XP_011362572	28.571	175	1333	586	13	1.07e-14	84.7	LOW QUALITY PROTEIN: ras-specific guanine nucleotide-releasing factor RalGPS1 [Pteropus vampyrus]	132908
XP_036190675.1	XP_023619538	28.641	206	1333	1419	15	1.07e-14	85.5	rap guanine nucleotide exchange factor 6 isoform X12 [Myotis lucifugus]	59463
XP_036190675.1	XP_036137841	29.126	206	1333	1404	15	1.09e-14	85.5	rap guanine nucleotide exchange factor 6 isoform X16 [Molossus molossus]	27622
XP_036190675.1	XP_066223228	28.571	175	1333	664	13	1.10e-14	85.1	ras-specific guanine nucleotide-releasing factor RalGPS1 isoform X7 [Saccopteryx leptura]	249018
XP_036190675.1	XP_032978451	28.571	175	1333	554	13	1.10e-14	84.7	ras-specific guanine nucleotide-releasing factor RalGPS1 isoform X3 [Rhinolophus ferrumequinum]	59479
XP_036190675.1	XP_036892862	28.571	175	1333	555	13	1.10e-14	84.7	ras-specific guanine nucleotide-releasing factor RalGPS1 isoform X2 [Sturnira hondurensis]	192404
XP_036190675.1	XP_080923374	28.571	175	1333	554	13	1.11e-14	84.7	ras-specific guanine nucleotide-releasing factor RalGPS1 isoform 2 [Rhinolophus hipposideros]	77218
XP_036190675.1	XP_066223225	28.571	175	1333	733	13	1.12e-14	85.1	ras-specific guanine nucleotide-releasing factor RalGPS1 isoform X4 [Saccopteryx leptura]	249018
XP_036190675.1	XP_023619539	28.641	206	1333	1409	15	1.14e-14	85.5	rap guanine nucleotide exchange factor 6 isoform X13 [Myotis lucifugus]	59463
XP_036190675.1	XP_079627534	26.180	233	1333	704	15	1.16e-14	85.1	ral guanine nucleotide dissociation stimulator-like 3 isoform 2 [Cnephaeus nilssonii]	3371016
XP_036190675.1	XP_066112283	28.571	175	1333	554	13	1.17e-14	84.3	ras-specific guanine nucleotide-releasing factor RalGPS1 isoform X3 [Saccopteryx bilineata]	59482
XP_036190675.1	XP_006759227	28.641	206	1333	1611	15	1.19e-14	85.5	PREDICTED: rap guanine nucleotide exchange factor 6 isoform X3 [Myotis davidii]	225400
XP_036190675.1	XP_006759228	28.641	206	1333	1606	15	1.21e-14	85.5	PREDICTED: rap guanine nucleotide exchange factor 6 isoform X4 [Myotis davidii]	225400
XP_036190675.1	XP_080948730	28.641	206	1333	1614	15	1.21e-14	85.5	rap guanine nucleotide exchange factor 6 isoform 4 [Myotis nattereri]	109481
XP_036190675.1	XP_080948731	28.641	206	1333	1611	15	1.22e-14	85.5	rap guanine nucleotide exchange factor 6 isoform 5 [Myotis nattereri]	109481
XP_036190675.1	XP_036906414	28.155	206	1333	1519	15	1.23e-14	85.5	rap guanine nucleotide exchange factor 6 isoform X4 [Sturnira hondurensis]	192404
XP_036190675.1	XP_036906411	28.155	206	1333	1614	15	1.26e-14	85.5	rap guanine nucleotide exchange factor 6 isoform X1 [Sturnira hondurensis]	192404
XP_036190675.1	XP_080948732	28.641	206	1333	1606	15	1.26e-14	85.5	rap guanine nucleotide exchange factor 6 isoform 6 [Myotis nattereri]	109481
XP_036190675.1	XP_015416423	28.641	206	1333	1619	15	1.27e-14	85.5	PREDICTED: rap guanine nucleotide exchange factor 6 isoform X1 [Myotis davidii]	225400
XP_036190675.1	XP_036906412	28.155	206	1333	1606	15	1.28e-14	85.5	rap guanine nucleotide exchange factor 6 isoform X2 [Sturnira hondurensis]	192404
XP_036190675.1	XP_036906416	28.155	206	1333	1467	15	1.28e-14	85.5	rap guanine nucleotide exchange factor 6 isoform X5 [Sturnira hondurensis]	192404
XP_036190675.1	XP_080948727	28.641	206	1333	1621	15	1.30e-14	85.5	rap guanine nucleotide exchange factor 6 isoform 1 [Myotis nattereri]	109481
XP_036190675.1	XP_080948729	28.641	206	1333	1616	15	1.31e-14	85.5	rap guanine nucleotide exchange factor 6 isoform 3 [Myotis nattereri]	109481
XP_036190675.1	XP_079627533	26.087	230	1333	729	15	1.32e-14	84.7	ral guanine nucleotide dissociation stimulator-like 3 isoform 1 [Cnephaeus nilssonii]	3371016
XP_036190675.1	XP_006759229	28.641	206	1333	1524	15	1.33e-14	85.5	PREDICTED: rap guanine nucleotide exchange factor 6 isoform X5 [Myotis davidii]	225400
XP_036190675.1	XP_006759226	28.641	206	1333	1614	15	1.37e-14	85.5	PREDICTED: rap guanine nucleotide exchange factor 6 isoform X2 [Myotis davidii]	225400
XP_036190675.1	XP_045052669	23.466	277	1333	889	18	1.42e-14	85.1	ral guanine nucleotide dissociation stimulator isoform X3 [Desmodus rotundus]	9430
XP_036190675.1	XP_080948728	28.641	206	1333	1619	15	1.43e-14	85.5	rap guanine nucleotide exchange factor 6 isoform 2 [Myotis nattereri]	109481
XP_036190675.1	XP_011360120	25.915	355	1333	492	26	1.43e-14	84.0	spermatogenesis-associated protein 13 isoform X3 [Pteropus vampyrus]	132908
XP_036190675.1	XP_039728982	25.915	355	1333	492	26	1.43e-14	84.0	spermatogenesis-associated protein 13 isoform X1 [Pteropus medius]	143291
XP_036190675.1	XP_074187144	28.571	175	1333	589	13	1.44e-14	84.3	ras-specific guanine nucleotide-releasing factor RalGPS1 isoform X3 [Rhinolophus sinicus]	89399
XP_036190675.1	XP_059554288	28.641	206	1333	1409	15	1.46e-14	85.1	rap guanine nucleotide exchange factor 6 isoform X18 [Myotis daubentonii]	98922
XP_036190675.1	XP_006759231	28.641	206	1333	1509	15	1.51e-14	85.1	PREDICTED: rap guanine nucleotide exchange factor 6 isoform X7 [Myotis davidii]	225400
XP_036190675.1	XP_059554286	28.641	206	1333	1401	15	1.52e-14	85.1	rap guanine nucleotide exchange factor 6 isoform X16 [Myotis daubentonii]	98922
XP_036190675.1	XP_080948733	28.641	206	1333	1514	15	1.57e-14	85.1	rap guanine nucleotide exchange factor 6 isoform 7 [Myotis nattereri]	109481
XP_036190675.1	XP_006759230	28.641	206	1333	1514	15	1.63e-14	85.1	PREDICTED: rap guanine nucleotide exchange factor 6 isoform X6 [Myotis davidii]	225400
XP_036190675.1	XP_080948734	28.641	206	1333	1509	15	1.65e-14	85.1	rap guanine nucleotide exchange factor 6 isoform 8 [Myotis nattereri]	109481
XP_036190675.1	XP_053518808	25.137	366	1333	1169	27	1.76e-14	84.7	spermatogenesis-associated protein 13 isoform X3 [Artibeus jamaicensis]	9417
XP_036190675.1	XP_036168219	28.641	206	1333	1599	15	1.94e-14	84.7	rap guanine nucleotide exchange factor 6 isoform X11 [Myotis myotis]	51298
XP_036190675.1	XP_080518476	24.679	389	1333	574	28	1.95e-14	84.0	spermatogenesis-associated protein 13 isoform 3 [Plecotus auritus]	61862
XP_036190675.1	XP_036168213	28.641	206	1333	1640	15	1.96e-14	84.7	rap guanine nucleotide exchange factor 6 isoform X5 [Myotis myotis]	51298
XP_036190675.1	XP_036168212	28.641	206	1333	1643	15	2.01e-14	84.7	rap guanine nucleotide exchange factor 6 isoform X4 [Myotis myotis]	51298
XP_036190675.1	XP_036168214	28.641	206	1333	1622	15	2.02e-14	84.7	rap guanine nucleotide exchange factor 6 isoform X6 [Myotis myotis]	51298
XP_036190675.1	XP_036168226	28.641	206	1333	1469	15	2.03e-14	84.7	rap guanine nucleotide exchange factor 6 isoform X17 [Myotis myotis]	51298
XP_036190675.1	XP_036170268	23.150	419	1333	730	28	2.05e-14	84.3	ral guanine nucleotide dissociation stimulator-like 3 isoform X1 [Myotis myotis]	51298
XP_036190675.1	XP_036168225	28.641	206	1333	1472	15	2.06e-14	84.7	rap guanine nucleotide exchange factor 6 isoform X16 [Myotis myotis]	51298
XP_036190675.1	XP_036168223	28.641	206	1333	1545	15	2.11e-14	84.7	rap guanine nucleotide exchange factor 6 isoform X14 [Myotis myotis]	51298
XP_036190675.1	XP_016080097	20.690	348	1333	631	23	2.14e-14	84.0	PREDICTED: ral guanine nucleotide dissociation stimulator-like 1 isoform X4 [Miniopterus natalensis]	291302
XP_036190675.1	XP_036168217	28.641	206	1333	1606	15	2.15e-14	84.7	rap guanine nucleotide exchange factor 6 isoform X9 [Myotis myotis]	51298
XP_036190675.1	XP_036168220	28.641	206	1333	1581	15	2.22e-14	84.7	rap guanine nucleotide exchange factor 6 isoform X12 [Myotis myotis]	51298
XP_036190675.1	XP_036168209	28.641	206	1333	1661	15	2.23e-14	84.7	rap guanine nucleotide exchange factor 6 isoform X2 [Myotis myotis]	51298
XP_036190675.1	XP_036168215	28.641	206	1333	1616	15	2.23e-14	84.7	rap guanine nucleotide exchange factor 6 isoform X7 [Myotis myotis]	51298
XP_036190675.1	XP_036168210	28.641	206	1333	1647	15	2.24e-14	84.7	rap guanine nucleotide exchange factor 6 isoform X3 [Myotis myotis]	51298
XP_036190675.1	XP_054565255	23.923	209	1333	602	16	2.30e-14	83.6	rap guanine nucleotide exchange factor-like 1 isoform X2 [Eptesicus fuscus]	29078
XP_036190675.1	XP_036168208	28.641	206	1333	1671	15	2.33e-14	84.7	rap guanine nucleotide exchange factor 6 isoform X1 [Myotis myotis]	51298
XP_036190675.1	XP_011360116	25.634	355	1333	561	26	2.35e-14	83.6	spermatogenesis-associated protein 13 isoform X1 [Pteropus vampyrus]	132908
XP_036190675.1	XP_036168216	28.641	206	1333	1614	15	2.41e-14	84.7	rap guanine nucleotide exchange factor 6 isoform X8 [Myotis myotis]	51298
XP_036190675.1	XP_036906417	28.155	206	1333	1390	15	2.44e-14	84.3	rap guanine nucleotide exchange factor 6 isoform X6 [Sturnira hondurensis]	192404
XP_036190675.1	XP_036168218	28.641	206	1333	1603	15	2.46e-14	84.7	rap guanine nucleotide exchange factor 6 isoform X10 [Myotis myotis]	51298
XP_036190675.1	XP_036168224	28.641	206	1333	1509	15	2.70e-14	84.3	rap guanine nucleotide exchange factor 6 isoform X15 [Myotis myotis]	51298
XP_036190675.1	XP_011360119	25.634	355	1333	574	26	2.78e-14	83.2	spermatogenesis-associated protein 13 isoform X2 [Pteropus vampyrus]	132908
XP_036190675.1	XP_011360118	25.634	355	1333	574	26	2.78e-14	83.2	spermatogenesis-associated protein 13 isoform X2 [Pteropus vampyrus]	132908
XP_036190675.1	XP_036168221	28.641	206	1333	1566	15	2.95e-14	84.3	rap guanine nucleotide exchange factor 6 isoform X13 [Myotis myotis]	51298
XP_036190675.1	XP_045426753	23.923	209	1333	639	16	3.07e-14	83.6	rap guanine nucleotide exchange factor-like 1 isoform X5 [Pipistrellus kuhlii]	59472
XP_036190675.1	XP_036892377	23.827	277	1333	881	18	3.22e-14	84.0	ral guanine nucleotide dissociation stimulator isoform X3 [Sturnira hondurensis]	192404
XP_036190675.1	XP_036892376	23.827	277	1333	893	18	3.30e-14	83.6	ral guanine nucleotide dissociation stimulator isoform X2 [Sturnira hondurensis]	192404
XP_036190675.1	XP_036263726	23.923	209	1333	665	16	3.89e-14	83.2	rap guanine nucleotide exchange factor-like 1 isoform X2 [Pipistrellus kuhlii]	59472
XP_036190675.1	XP_054440149	24.364	275	1333	876	18	3.93e-14	83.6	ral guanine nucleotide dissociation stimulator isoform X2 [Pteronotus mesoamericanus]	1884717
XP_036190675.1	XP_036263725	23.923	209	1333	670	16	3.95e-14	83.2	rap guanine nucleotide exchange factor-like 1 isoform X1 [Pipistrellus kuhlii]	59472
XP_036190675.1	XP_036168227	28.641	206	1333	1409	15	4.17e-14	83.6	rap guanine nucleotide exchange factor 6 isoform X18 [Myotis myotis]	51298
XP_036190675.1	XP_023387351	25.634	355	1333	594	26	4.32e-14	82.8	spermatogenesis-associated protein 13 isoform X4 [Pteropus vampyrus]	132908
XP_036190675.1	XP_059526915	23.923	209	1333	645	16	4.61e-14	82.8	rap guanine nucleotide exchange factor-like 1 isoform X5 [Myotis daubentonii]	98922
XP_036190675.1	XP_080936404	22.800	250	1333	881	18	4.84e-14	83.2	rap guanine nucleotide exchange factor 5 isoform 2 [Rhinolophus hipposideros]	77218
XP_036190675.1	XP_036263727	23.923	209	1333	662	16	4.88e-14	82.8	rap guanine nucleotide exchange factor-like 1 isoform X3 [Pipistrellus kuhlii]	59472
XP_036190675.1	XP_016052141	23.636	275	1333	964	18	4.90e-14	83.2	PREDICTED: ral guanine nucleotide dissociation stimulator [Miniopterus natalensis]	291302
XP_036190675.1	XP_036263728	23.923	209	1333	657	16	4.96e-14	82.8	rap guanine nucleotide exchange factor-like 1 isoform X4 [Pipistrellus kuhlii]	59472
XP_036190675.1	XP_080936403	22.800	250	1333	882	18	5.01e-14	83.2	rap guanine nucleotide exchange factor 5 isoform 1 [Rhinolophus hipposideros]	77218
XP_036190675.1	XP_054420154	25.389	193	1333	729	14	5.03e-14	82.8	rap guanine nucleotide exchange factor 5 [Pteronotus mesoamericanus]	1884717
XP_036190675.1	XP_036089571	27.149	221	1333	694	16	5.04e-14	82.8	ral guanine nucleotide dissociation stimulator-like 3 isoform X6 [Rousettus aegyptiacus]	9407
XP_036190675.1	XP_080903149	25.765	392	1333	733	28	5.05e-14	82.8	spermatogenesis-associated protein 13 isoform 5 [Rhinolophus hipposideros]	77218
XP_036190675.1	XP_059526911	23.923	209	1333	671	16	5.54e-14	82.8	rap guanine nucleotide exchange factor-like 1 isoform X2 [Myotis daubentonii]	98922
XP_036190675.1	XP_036889299	23.923	209	1333	662	16	5.55e-14	82.8	rap guanine nucleotide exchange factor-like 1 [Sturnira hondurensis]	192404
XP_036190675.1	XP_036124815	24.402	209	1333	663	16	5.56e-14	82.8	rap guanine nucleotide exchange factor-like 1 [Molossus molossus]	27622
XP_036190675.1	XP_036194955	23.923	209	1333	637	16	5.63e-14	82.4	rap guanine nucleotide exchange factor-like 1 isoform X3 [Myotis myotis]	51298
XP_036190675.1	XP_059526910	23.923	209	1333	676	16	5.73e-14	82.8	rap guanine nucleotide exchange factor-like 1 isoform X1 [Myotis daubentonii]	98922
XP_036190675.1	XP_081006672	23.636	275	1333	925	18	5.82e-14	82.8	ral guanine nucleotide dissociation stimulator isoform 1 [Miniopterus schreibersii]	9433
XP_036190675.1	XP_079646556	26.857	175	1333	612	13	5.84e-14	82.4	ras-specific guanine nucleotide-releasing factor RalGPS1 isoform 4 [Cnephaeus nilssonii]	3371016
XP_036190675.1	XP_036985699	23.923	209	1333	663	16	5.85e-14	82.4	rap guanine nucleotide exchange factor-like 1 [Artibeus jamaicensis]	9417
XP_036190675.1	XP_036194953	23.923	209	1333	668	16	6.05e-14	82.4	rap guanine nucleotide exchange factor-like 1 isoform X1 [Myotis myotis]	51298
XP_036190675.1	XP_080966069	23.923	209	1333	662	16	6.37e-14	82.4	rap guanine nucleotide exchange factor-like 1 [Myotis nattereri]	109481
XP_036190675.1	XP_036183821	24.870	193	1333	580	14	6.43e-14	82.0	rap guanine nucleotide exchange factor 5 isoform X7 [Myotis myotis]	51298
XP_036190675.1	XP_036194954	23.923	209	1333	663	16	6.54e-14	82.4	rap guanine nucleotide exchange factor-like 1 isoform X2 [Myotis myotis]	51298
XP_036190675.1	XP_080535235	23.923	209	1333	664	16	6.55e-14	82.4	rap guanine nucleotide exchange factor-like 1 [Plecotus auritus]	61862
XP_036190675.1	XP_080903148	25.765	392	1333	748	28	6.59e-14	82.4	spermatogenesis-associated protein 13 isoform 4 [Rhinolophus hipposideros]	77218
XP_036190675.1	XP_028377924	23.923	209	1333	663	16	6.77e-14	82.4	rap guanine nucleotide exchange factor-like 1 [Phyllostomus discolor]	89673
XP_036190675.1	XP_006100876	23.923	209	1333	663	16	6.95e-14	82.4	LOW QUALITY PROTEIN: rap guanine nucleotide exchange factor-like 1 [Myotis lucifugus]	59463
XP_036190675.1	XP_059526913	23.923	209	1333	663	16	7.13e-14	82.4	rap guanine nucleotide exchange factor-like 1 isoform X4 [Myotis daubentonii]	98922
XP_036190675.1	XP_079642410	24.870	193	1333	839	14	7.22e-14	82.4	rap guanine nucleotide exchange factor 5 isoform 4 [Cnephaeus nilssonii]	3371016
XP_036190675.1	XP_045692894	23.923	209	1333	662	16	7.24e-14	82.4	rap guanine nucleotide exchange factor-like 1 isoform X1 [Phyllostomus hastatus]	9423
XP_036190675.1	XP_079642409	24.870	193	1333	840	14	7.42e-14	82.4	rap guanine nucleotide exchange factor 5 isoform 3 [Cnephaeus nilssonii]	3371016
XP_036190675.1	XP_080936406	22.800	250	1333	589	18	7.42e-14	82.0	rap guanine nucleotide exchange factor 5 isoform 4 [Rhinolophus hipposideros]	77218
XP_036190675.1	XP_059526912	23.923	209	1333	668	16	7.57e-14	82.4	rap guanine nucleotide exchange factor-like 1 isoform X3 [Myotis daubentonii]	98922
XP_036190675.1	XP_079653220	24.155	207	1333	662	15	7.69e-14	82.0	rap guanine nucleotide exchange factor-like 1 [Cnephaeus nilssonii]	3371016
XP_036190675.1	XP_008143043	23.923	209	1333	663	16	8.25e-14	82.0	rap guanine nucleotide exchange factor-like 1 isoform X1 [Eptesicus fuscus]	29078
XP_036190675.1	XP_015426388	24.155	207	1333	540	15	8.25e-14	81.6	PREDICTED: rap guanine nucleotide exchange factor-like 1 isoform X1 [Myotis davidii]	225400
XP_036190675.1	XP_036285094	24.870	193	1333	836	14	8.69e-14	82.4	rap guanine nucleotide exchange factor 5 isoform X4 [Pipistrellus kuhlii]	59472
XP_036190675.1	XP_059568526	24.870	193	1333	469	14	8.85e-14	81.3	rap guanine nucleotide exchange factor 5 isoform X10 [Myotis daubentonii]	98922
XP_036190675.1	XP_059568525	24.870	193	1333	469	14	8.85e-14	81.3	rap guanine nucleotide exchange factor 5 isoform X10 [Myotis daubentonii]	98922
XP_036190675.1	XP_036183823	24.870	193	1333	469	14	8.85e-14	81.3	rap guanine nucleotide exchange factor 5 isoform X8 [Myotis myotis]	51298
XP_036190675.1	XP_036183822	24.870	193	1333	469	14	8.85e-14	81.3	rap guanine nucleotide exchange factor 5 isoform X8 [Myotis myotis]	51298
XP_036190675.1	XP_066220344	23.923	209	1333	662	16	8.90e-14	82.0	rap guanine nucleotide exchange factor-like 1 [Saccopteryx leptura]	249018
XP_036190675.1	XP_079642408	24.870	193	1333	881	14	8.93e-14	82.4	rap guanine nucleotide exchange factor 5 isoform 2 [Cnephaeus nilssonii]	3371016
XP_036190675.1	XP_079642407	24.870	193	1333	882	14	8.94e-14	82.4	rap guanine nucleotide exchange factor 5 isoform 1 [Cnephaeus nilssonii]	3371016
XP_036190675.1	XP_035890373	27.119	236	1333	710	16	9.00e-14	82.0	LOW QUALITY PROTEIN: ral guanine nucleotide dissociation stimulator-like 3 [Phyllostomus discolor]	89673
XP_036190675.1	XP_054582548	24.870	193	1333	881	14	9.01e-14	82.4	rap guanine nucleotide exchange factor 5 [Eptesicus fuscus]	29078
XP_036190675.1	XP_070249326	23.923	209	1333	663	16	9.07e-14	82.0	rap guanine nucleotide exchange factor-like 1 [Myotis yumanensis]	159337
XP_036190675.1	XP_081018190	23.923	209	1333	661	16	9.12e-14	82.0	rap guanine nucleotide exchange factor-like 1 [Miniopterus schreibersii]	9433
XP_036190675.1	XP_066239961	22.738	431	1333	560	30	9.23e-14	81.6	ras-GEF domain-containing family member 1B isoform X3 [Saccopteryx leptura]	249018
XP_036190675.1	XP_066135022	22.738	431	1333	560	30	9.23e-14	81.6	ras-GEF domain-containing family member 1B isoform X1 [Saccopteryx bilineata]	59482
XP_036190675.1	XP_081006675	24.364	275	1333	870	18	9.24e-14	82.4	ral guanine nucleotide dissociation stimulator isoform 4 [Miniopterus schreibersii]	9433
XP_036190675.1	XP_019507547	23.301	206	1333	881	15	9.40e-14	82.4	PREDICTED: rap guanine nucleotide exchange factor 5 isoform X2 [Hipposideros armiger]	186990
XP_036190675.1	XP_019507546	23.301	206	1333	882	15	9.65e-14	82.4	PREDICTED: rap guanine nucleotide exchange factor 5 isoform X1 [Hipposideros armiger]	186990
XP_036190675.1	XP_036285092	24.870	193	1333	885	14	9.84e-14	82.0	rap guanine nucleotide exchange factor 5 isoform X2 [Pipistrellus kuhlii]	59472
XP_036190675.1	XP_032947364	23.445	209	1333	662	16	1.01e-13	81.6	rap guanine nucleotide exchange factor-like 1 [Rhinolophus ferrumequinum]	59479
XP_036190675.1	XP_066119793	23.923	209	1333	662	16	1.02e-13	81.6	rap guanine nucleotide exchange factor-like 1 [Saccopteryx bilineata]	59482
XP_036190675.1	XP_032944201	24.870	193	1333	882	14	1.03e-13	82.0	rap guanine nucleotide exchange factor 5 isoform X1 [Rhinolophus ferrumequinum]	59479
XP_036190675.1	XP_036285091	24.870	193	1333	886	14	1.04e-13	82.0	rap guanine nucleotide exchange factor 5 isoform X1 [Pipistrellus kuhlii]	59472
XP_036190675.1	XP_070280522	24.870	193	1333	881	14	1.04e-13	82.0	rap guanine nucleotide exchange factor 5 isoform X1 [Myotis yumanensis]	159337
XP_036190675.1	XP_032944202	24.870	193	1333	881	14	1.04e-13	82.0	rap guanine nucleotide exchange factor 5 isoform X2 [Rhinolophus ferrumequinum]	59479
XP_036190675.1	XP_059568520	24.870	193	1333	831	14	1.05e-13	82.0	rap guanine nucleotide exchange factor 5 isoform X6 [Myotis daubentonii]	98922
XP_036190675.1	XP_074196942	24.870	193	1333	881	14	1.06e-13	82.0	rap guanine nucleotide exchange factor 5 isoform X4 [Rhinolophus sinicus]	89399
XP_036190675.1	XP_019583102	24.870	193	1333	882	14	1.06e-13	82.0	rap guanine nucleotide exchange factor 5 isoform X3 [Rhinolophus sinicus]	89399
XP_036190675.1	XP_014400123	24.870	193	1333	832	14	1.08e-13	82.0	PREDICTED: rap guanine nucleotide exchange factor 5 [Myotis brandtii]	109478
XP_036190675.1	XP_059568515	24.870	193	1333	881	14	1.09e-13	82.0	rap guanine nucleotide exchange factor 5 isoform X1 [Myotis daubentonii]	98922
XP_036190675.1	XP_059568519	24.870	193	1333	832	14	1.09e-13	82.0	rap guanine nucleotide exchange factor 5 isoform X5 [Myotis daubentonii]	98922
XP_036190675.1	XP_006774498	24.155	207	1333	535	15	1.09e-13	81.3	PREDICTED: rap guanine nucleotide exchange factor-like 1 isoform X2 [Myotis davidii]	225400
XP_036190675.1	XP_036183816	24.870	193	1333	830	14	1.12e-13	82.0	rap guanine nucleotide exchange factor 5 isoform X3 [Myotis myotis]	51298
XP_036190675.1	XP_036183814	24.870	193	1333	880	14	1.13e-13	82.0	rap guanine nucleotide exchange factor 5 isoform X1 [Myotis myotis]	51298
XP_036190675.1	XP_080958147	24.870	193	1333	880	14	1.13e-13	82.0	rap guanine nucleotide exchange factor 5 [Myotis nattereri]	109481
XP_036190675.1	XP_059568516	24.870	193	1333	880	14	1.16e-13	82.0	rap guanine nucleotide exchange factor 5 isoform X2 [Myotis daubentonii]	98922
XP_036190675.1	XP_080886011	23.445	209	1333	662	16	1.17e-13	81.6	rap guanine nucleotide exchange factor-like 1 [Rhinolophus hipposideros]	77218
XP_036190675.1	XP_080936405	22.800	250	1333	806	18	1.19e-13	82.0	rap guanine nucleotide exchange factor 5 isoform 3 [Rhinolophus hipposideros]	77218
XP_036190675.1	XP_074196941	24.870	193	1333	905	14	1.21e-13	82.0	rap guanine nucleotide exchange factor 5 isoform X2 [Rhinolophus sinicus]	89399
XP_036190675.1	XP_045038441	23.445	209	1333	662	16	1.23e-13	81.6	rap guanine nucleotide exchange factor-like 1 isoform X1 [Desmodus rotundus]	9430
XP_036190675.1	XP_079642411	24.870	193	1333	589	14	1.25e-13	81.3	rap guanine nucleotide exchange factor 5 isoform 5 [Cnephaeus nilssonii]	3371016
XP_036190675.1	XP_036183820	24.870	193	1333	621	14	1.26e-13	81.3	rap guanine nucleotide exchange factor 5 isoform X6 [Myotis myotis]	51298
XP_036190675.1	XP_053783335	24.870	193	1333	864	14	1.34e-13	81.6	rap guanine nucleotide exchange factor 5 isoform X2 [Desmodus rotundus]	9430
XP_036190675.1	XP_053783334	24.870	193	1333	865	14	1.41e-13	81.6	rap guanine nucleotide exchange factor 5 isoform X1 [Desmodus rotundus]	9430
XP_036190675.1	XP_054449800	23.923	209	1333	662	16	1.41e-13	81.3	rap guanine nucleotide exchange factor-like 1 [Pteronotus mesoamericanus]	1884717
XP_036190675.1	XP_045692895	23.923	209	1333	577	16	1.44e-13	81.3	rap guanine nucleotide exchange factor-like 1 isoform X2 [Phyllostomus hastatus]	9423
XP_036190675.1	XP_036992178	24.870	193	1333	864	14	1.46e-13	81.6	rap guanine nucleotide exchange factor 5 [Artibeus jamaicensis]	9417
XP_036190675.1	XP_080522572	24.352	193	1333	838	14	1.54e-13	81.6	rap guanine nucleotide exchange factor 5 isoform 2 [Plecotus auritus]	61862
XP_036190675.1	XP_059568524	24.870	193	1333	588	14	1.54e-13	80.9	rap guanine nucleotide exchange factor 5 isoform X9 [Myotis daubentonii]	98922
XP_036190675.1	XP_024895831	25.183	409	1333	676	28	1.58e-13	81.3	ral guanine nucleotide dissociation stimulator-like 3 isoform X4 [Pteropus alecto]	9402
XP_036190675.1	XP_080510659	23.600	250	1333	620	16	1.76e-13	80.9	LOW QUALITY PROTEIN: ral guanine nucleotide dissociation stimulator-like 1 [Plecotus auritus]	61862
XP_036190675.1	XP_074196943	24.870	193	1333	880	14	1.76e-13	81.3	rap guanine nucleotide exchange factor 5 isoform X5 [Rhinolophus sinicus]	89399
XP_036190675.1	XP_080931989	27.234	235	1333	651	16	1.77e-13	80.9	ral guanine nucleotide dissociation stimulator-like 3 isoform 6 [Rhinolophus hipposideros]	77218
XP_036190675.1	XP_081004011	24.870	193	1333	805	14	1.78e-13	81.3	rap guanine nucleotide exchange factor 5 [Miniopterus schreibersii]	9433
XP_036190675.1	XP_074196948	24.870	193	1333	728	14	1.81e-13	81.3	rap guanine nucleotide exchange factor 5 isoform X1 [Rhinolophus sinicus]	89399
XP_036190675.1	XP_074196940	24.870	193	1333	728	14	1.81e-13	81.3	rap guanine nucleotide exchange factor 5 isoform X1 [Rhinolophus sinicus]	89399
XP_036190675.1	XP_074196945	24.870	193	1333	810	14	1.85e-13	81.3	rap guanine nucleotide exchange factor 5 isoform X7 [Rhinolophus sinicus]	89399
XP_036190675.1	XP_080991703	23.515	404	1333	476	28	1.85e-13	80.1	ras-GEF domain-containing family member 1C isoform 2 [Miniopterus schreibersii]	9433
XP_036190675.1	XP_074196944	24.870	193	1333	846	14	1.87e-13	81.3	rap guanine nucleotide exchange factor 5 isoform X6 [Rhinolophus sinicus]	89399
XP_036190675.1	XP_015413617	24.870	193	1333	812	14	1.88e-13	81.3	PREDICTED: rap guanine nucleotide exchange factor 5 [Myotis davidii]	225400
XP_036190675.1	XP_074196947	24.870	193	1333	729	14	1.93e-13	80.9	rap guanine nucleotide exchange factor 5 isoform X8 [Rhinolophus sinicus]	89399
XP_036190675.1	XP_074196946	24.870	193	1333	729	14	1.93e-13	80.9	rap guanine nucleotide exchange factor 5 isoform X8 [Rhinolophus sinicus]	89399
XP_036190675.1	XP_016072521	24.870	193	1333	729	14	1.96e-13	80.9	PREDICTED: rap guanine nucleotide exchange factor 5 [Miniopterus natalensis]	291302
XP_036190675.1	XP_080522571	24.352	193	1333	880	14	1.97e-13	81.3	rap guanine nucleotide exchange factor 5 isoform 1 [Plecotus auritus]	61862
XP_036190675.1	XP_039712165	24.579	297	1333	650	19	2.01e-13	80.9	ral guanine nucleotide dissociation stimulator-like 2 isoform X4 [Pteropus medius]	143291
XP_036190675.1	XP_059514397	24.000	275	1333	900	18	2.10e-13	81.3	ral guanine nucleotide dissociation stimulator isoform X3 [Myotis daubentonii]	98922
XP_036190675.1	XP_080931991	27.234	235	1333	624	16	2.14e-13	80.5	ral guanine nucleotide dissociation stimulator-like 3 isoform 8 [Rhinolophus hipposideros]	77218
XP_036190675.1	XP_070272187	23.150	419	1333	730	28	2.19e-13	80.9	ral guanine nucleotide dissociation stimulator-like 3 isoform X1 [Myotis yumanensis]	159337
XP_036190675.1	XP_059514405	24.000	275	1333	926	18	2.19e-13	81.3	ral guanine nucleotide dissociation stimulator isoform X10 [Myotis daubentonii]	98922
XP_036190675.1	XP_036103407	24.870	193	1333	882	14	2.20e-13	80.9	rap guanine nucleotide exchange factor 5 isoform X1 [Molossus molossus]	27622
XP_036190675.1	XP_028378355	23.827	277	1333	883	18	2.22e-13	80.9	ral guanine nucleotide dissociation stimulator isoform X2 [Phyllostomus discolor]	89673
XP_036190675.1	XP_066239960	22.738	431	1333	473	30	2.23e-13	80.1	ras-GEF domain-containing family member 1B isoform X2 [Saccopteryx leptura]	249018
XP_036190675.1	XP_066239959	22.738	431	1333	473	30	2.23e-13	80.1	ras-GEF domain-containing family member 1B isoform X2 [Saccopteryx leptura]	249018
XP_036190675.1	XP_066239958	22.738	431	1333	473	30	2.23e-13	80.1	ras-GEF domain-containing family member 1B isoform X2 [Saccopteryx leptura]	249018
XP_036190675.1	XP_066239957	22.738	431	1333	473	30	2.23e-13	80.1	ras-GEF domain-containing family member 1B isoform X2 [Saccopteryx leptura]	249018
XP_036190675.1	XP_066135028	22.738	431	1333	473	30	2.23e-13	80.1	ras-GEF domain-containing family member 1B isoform X3 [Saccopteryx bilineata]	59482
XP_036190675.1	XP_066135027	22.738	431	1333	473	30	2.23e-13	80.1	ras-GEF domain-containing family member 1B isoform X3 [Saccopteryx bilineata]	59482
XP_036190675.1	XP_066135026	22.738	431	1333	473	30	2.23e-13	80.1	ras-GEF domain-containing family member 1B isoform X3 [Saccopteryx bilineata]	59482
XP_036190675.1	XP_066135025	22.738	431	1333	473	30	2.23e-13	80.1	ras-GEF domain-containing family member 1B isoform X3 [Saccopteryx bilineata]	59482
XP_036190675.1	XP_066135024	22.738	431	1333	473	30	2.23e-13	80.1	ras-GEF domain-containing family member 1B isoform X3 [Saccopteryx bilineata]	59482
XP_036190675.1	XP_045702205	23.827	277	1333	881	18	2.24e-13	80.9	ral guanine nucleotide dissociation stimulator isoform X3 [Phyllostomus hastatus]	9423
XP_036190675.1	XP_080991702	23.515	404	1333	484	28	2.25e-13	80.1	ras-GEF domain-containing family member 1C isoform 1 [Miniopterus schreibersii]	9433
XP_036190675.1	XP_053767735	23.445	209	1333	574	16	2.26e-13	80.5	rap guanine nucleotide exchange factor-like 1 isoform X2 [Desmodus rotundus]	9430
XP_036190675.1	XP_036113656	24.928	349	1333	793	26	2.35e-13	80.9	RAS guanyl-releasing protein 1 [Molossus molossus]	27622
XP_036190675.1	XP_080931985	27.234	235	1333	692	16	2.46e-13	80.5	ral guanine nucleotide dissociation stimulator-like 3 isoform 2 [Rhinolophus hipposideros]	77218
XP_036190675.1	XP_066210593	22.816	206	1333	881	15	2.50e-13	80.9	rap guanine nucleotide exchange factor 5 isoform X2 [Saccopteryx leptura]	249018
XP_036190675.1	XP_066095608	24.352	193	1333	882	14	2.52e-13	80.9	rap guanine nucleotide exchange factor 5 isoform X1 [Saccopteryx bilineata]	59482
XP_036190675.1	XP_080959901	24.000	275	1333	924	18	2.55e-13	80.9	ral guanine nucleotide dissociation stimulator [Myotis nattereri]	109481
XP_036190675.1	XP_066095610	24.352	193	1333	881	14	2.57e-13	80.9	rap guanine nucleotide exchange factor 5 isoform X2 [Saccopteryx bilineata]	59482
XP_036190675.1	XP_066210592	24.352	193	1333	882	14	2.66e-13	80.9	rap guanine nucleotide exchange factor 5 isoform X1 [Saccopteryx leptura]	249018
XP_036190675.1	XP_028381959	24.870	193	1333	864	14	2.71e-13	80.9	rap guanine nucleotide exchange factor 5 [Phyllostomus discolor]	89673
XP_036190675.1	XP_045683578	24.870	193	1333	864	14	2.76e-13	80.9	rap guanine nucleotide exchange factor 5 [Phyllostomus hastatus]	9423
XP_036190675.1	XP_036185120	23.827	277	1333	925	18	2.78e-13	80.9	ral guanine nucleotide dissociation stimulator isoform X8 [Myotis myotis]	51298
XP_036190675.1	XP_016015010	23.301	206	1333	882	15	2.80e-13	80.9	rap guanine nucleotide exchange factor 5 [Rousettus aegyptiacus]	9407
XP_036190675.1	XP_036185115	23.105	277	1333	930	18	2.91e-13	80.9	ral guanine nucleotide dissociation stimulator isoform X3 [Myotis myotis]	51298
XP_036190675.1	XP_066210594	24.352	193	1333	819	14	3.00e-13	80.5	rap guanine nucleotide exchange factor 5 isoform X3 [Saccopteryx leptura]	249018
XP_036190675.1	XP_066095611	24.352	193	1333	819	14	3.02e-13	80.5	rap guanine nucleotide exchange factor 5 isoform X3 [Saccopteryx bilineata]	59482
XP_036190675.1	XP_039718454	24.870	193	1333	881	14	3.34e-13	80.5	rap guanine nucleotide exchange factor 5 isoform X1 [Pteropus medius]	143291
XP_036190675.1	XP_036173986	23.273	275	1333	625	18	3.50e-13	80.1	LOW QUALITY PROTEIN: ral guanine nucleotide dissociation stimulator-like [Myotis myotis]	51298
XP_036190675.1	XP_036103408	24.870	193	1333	728	14	3.59e-13	80.1	rap guanine nucleotide exchange factor 5 isoform X2 [Molossus molossus]	27622
XP_036190675.1	XP_080522573	24.352	193	1333	812	14	3.63e-13	80.1	rap guanine nucleotide exchange factor 5 isoform 3 [Plecotus auritus]	61862
XP_036190675.1	XP_016056978	23.892	406	1333	466	28	4.33e-13	79.0	PREDICTED: ras-GEF domain-containing family member 1C [Miniopterus natalensis]	291302
XP_036190675.1	XP_035878467	23.691	401	1333	559	28	4.42e-13	79.3	ras-GEF domain-containing family member 1B isoform X1 [Phyllostomus discolor]	89673
XP_036190675.1	XP_015413065	24.148	352	1333	600	26	4.74e-13	79.3	PREDICTED: RAS guanyl-releasing protein 1 isoform X4 [Myotis davidii]	225400
XP_036190675.1	XP_054417976	23.023	430	1333	718	28	5.08e-13	79.7	ral guanine nucleotide dissociation stimulator-like 3 isoform X2 [Pteronotus mesoamericanus]	1884717
XP_036190675.1	XP_054417975	23.023	430	1333	712	28	5.09e-13	79.7	ral guanine nucleotide dissociation stimulator-like 3 isoform X1 [Pteronotus mesoamericanus]	1884717
XP_036190675.1	XP_024897603	23.671	207	1333	645	15	5.43e-13	79.3	LOW QUALITY PROTEIN: rap guanine nucleotide exchange factor-like 1 [Pteropus alecto]	9402
XP_036190675.1	XP_074175761	23.445	209	1333	662	16	5.49e-13	79.3	rap guanine nucleotide exchange factor-like 1 [Rhinolophus sinicus]	89399
XP_036190675.1	XP_039718455	24.870	193	1333	615	14	5.52e-13	79.3	rap guanine nucleotide exchange factor 5 isoform X2 [Pteropus medius]	143291
XP_036190675.1	XP_039718456	24.870	193	1333	588	14	5.78e-13	79.3	rap guanine nucleotide exchange factor 5 isoform X3 [Pteropus medius]	143291
XP_036190675.1	XP_023387258	24.870	193	1333	728	14	5.90e-13	79.3	rap guanine nucleotide exchange factor 5 [Pteropus vampyrus]	132908
XP_036190675.1	XP_023387257	24.870	193	1333	728	14	5.90e-13	79.3	rap guanine nucleotide exchange factor 5 [Pteropus vampyrus]	132908
XP_036190675.1	XP_023387256	24.870	193	1333	728	14	5.90e-13	79.3	rap guanine nucleotide exchange factor 5 [Pteropus vampyrus]	132908
XP_036190675.1	XP_023387255	24.870	193	1333	728	14	5.90e-13	79.3	rap guanine nucleotide exchange factor 5 [Pteropus vampyrus]	132908
XP_036190675.1	XP_023387254	24.870	193	1333	728	14	5.90e-13	79.3	rap guanine nucleotide exchange factor 5 [Pteropus vampyrus]	132908
XP_036190675.1	XP_023387253	24.870	193	1333	728	14	5.90e-13	79.3	rap guanine nucleotide exchange factor 5 [Pteropus vampyrus]	132908
XP_036190675.1	XP_023387252	24.870	193	1333	728	14	5.90e-13	79.3	rap guanine nucleotide exchange factor 5 [Pteropus vampyrus]	132908
XP_036190675.1	XP_023387251	24.870	193	1333	728	14	5.90e-13	79.3	rap guanine nucleotide exchange factor 5 [Pteropus vampyrus]	132908
XP_036190675.1	XP_023387250	24.870	193	1333	728	14	5.90e-13	79.3	rap guanine nucleotide exchange factor 5 [Pteropus vampyrus]	132908
XP_036190675.1	XP_023387249	24.870	193	1333	728	14	5.90e-13	79.3	rap guanine nucleotide exchange factor 5 [Pteropus vampyrus]	132908
XP_036190675.1	XP_036118485	24.436	266	1333	693	18	6.81e-13	79.3	ral guanine nucleotide dissociation stimulator-like [Molossus molossus]	27622
XP_036190675.1	XP_074180469	23.210	405	1333	559	28	6.99e-13	79.0	ras-GEF domain-containing family member 1B isoform X1 [Rhinolophus sinicus]	89399
XP_036190675.1	XP_024902579	24.870	193	1333	864	14	7.16e-13	79.3	rap guanine nucleotide exchange factor 5 [Pteropus alecto]	9402
XP_036190675.1	XP_080991704	23.515	404	1333	443	28	7.39e-13	78.2	ras-GEF domain-containing family member 1C isoform 3 [Miniopterus schreibersii]	9433
XP_036190675.1	XP_066239956	22.738	431	1333	559	30	7.56e-13	78.6	ras-GEF domain-containing family member 1B isoform X1 [Saccopteryx leptura]	249018
XP_036190675.1	XP_066135023	22.738	431	1333	559	30	7.56e-13	78.6	ras-GEF domain-containing family member 1B isoform X2 [Saccopteryx bilineata]	59482
XP_036190675.1	XP_074180472	23.210	405	1333	531	28	7.82e-13	78.6	ras-GEF domain-containing family member 1B isoform X2 [Rhinolophus sinicus]	89399
XP_036190675.1	XP_011381356	23.671	207	1333	606	15	7.85e-13	79.0	rap guanine nucleotide exchange factor-like 1 isoform X2 [Pteropus vampyrus]	132908
XP_036190675.1	XP_039729508	23.671	207	1333	606	15	7.85e-13	79.0	rap guanine nucleotide exchange factor-like 1 isoform X2 [Pteropus medius]	143291
XP_036190675.1	XP_019493988	22.967	209	1333	662	16	8.22e-13	79.0	PREDICTED: rap guanine nucleotide exchange factor-like 1 [Hipposideros armiger]	186990
XP_036190675.1	XP_028361779	23.691	401	1333	472	28	8.23e-13	78.2	ras-GEF domain-containing family member 1B isoform X2 [Phyllostomus discolor]	89673
XP_036190675.1	XP_080903150	25.765	392	1333	592	28	8.98e-13	78.6	spermatogenesis-associated protein 13 isoform 6 [Rhinolophus hipposideros]	77218
XP_036190675.1	XP_011381355	23.671	207	1333	662	15	9.19e-13	78.6	rap guanine nucleotide exchange factor-like 1 isoform X1 [Pteropus vampyrus]	132908
XP_036190675.1	XP_039729507	23.671	207	1333	662	15	9.19e-13	78.6	rap guanine nucleotide exchange factor-like 1 isoform X1 [Pteropus medius]	143291
XP_036190675.1	XP_045431131	23.827	277	1333	931	18	9.74e-13	79.0	ral guanine nucleotide dissociation stimulator isoform X12 [Pipistrellus kuhlii]	59472
XP_036190675.1	XP_036276291	23.827	277	1333	897	18	1.06e-12	79.0	ral guanine nucleotide dissociation stimulator isoform X8 [Pipistrellus kuhlii]	59472
XP_036190675.1	XP_074187360	26.244	221	1333	907	14	1.07e-12	79.0	ral guanine nucleotide dissociation stimulator isoform X3 [Rhinolophus sinicus]	89399
XP_036190675.1	XP_024407022	23.020	404	1333	466	28	1.08e-12	77.8	ras-GEF domain-containing family member 1C isoform X1 [Desmodus rotundus]	9430
XP_036190675.1	XP_074187371	26.244	221	1333	900	14	1.14e-12	78.6	ral guanine nucleotide dissociation stimulator isoform X13 [Rhinolophus sinicus]	89399
XP_036190675.1	XP_016020187	22.967	209	1333	662	16	1.19e-12	78.2	rap guanine nucleotide exchange factor-like 1 [Rousettus aegyptiacus]	9407
XP_036190675.1	XP_074180473	23.210	405	1333	478	28	1.19e-12	77.8	ras-GEF domain-containing family member 1B isoform X3 [Rhinolophus sinicus]	89399
XP_036190675.1	XP_074180474	23.210	405	1333	472	28	1.27e-12	77.4	ras-GEF domain-containing family member 1B isoform X4 [Rhinolophus sinicus]	89399
XP_036190675.1	XP_019575655	23.210	405	1333	472	28	1.27e-12	77.4	ras-GEF domain-containing family member 1B isoform X4 [Rhinolophus sinicus]	89399
XP_036190675.1	XP_019575661	23.210	405	1333	472	28	1.27e-12	77.4	ras-GEF domain-containing family member 1B isoform X4 [Rhinolophus sinicus]	89399
XP_036190675.1	XP_024434833	22.970	431	1333	559	30	1.30e-12	77.8	ras-GEF domain-containing family member 1B isoform X1 [Desmodus rotundus]	9430
XP_036190675.1	XP_059568521	21.158	449	1333	790	31	1.33e-12	78.6	rap guanine nucleotide exchange factor 5 isoform X7 [Myotis daubentonii]	98922
XP_036190675.1	XP_053511622	22.943	401	1333	559	28	1.37e-12	77.8	ras-GEF domain-containing family member 1B isoform X1 [Artibeus jamaicensis]	9417
XP_036190675.1	XP_074187364	25.339	221	1333	927	14	1.39e-12	78.6	ral guanine nucleotide dissociation stimulator isoform X7 [Rhinolophus sinicus]	89399
XP_036190675.1	XP_080947193	26.316	380	1333	451	27	1.55e-12	77.0	LOW QUALITY PROTEIN: ras-GEF domain-containing family member 1C [Myotis nattereri]	109481
XP_036190675.1	XP_045438338	23.989	371	1333	1068	27	1.78e-12	78.2	rho guanine nucleotide exchange factor 9 isoform X1 [Pipistrellus kuhlii]	59472
XP_036190675.1	XP_066106237	23.989	371	1333	1117	27	1.82e-12	78.2	rho guanine nucleotide exchange factor 9 isoform X1 [Saccopteryx bilineata]	59482
XP_036190675.1	XP_045041396	26.087	345	1333	1345	25	1.85e-12	78.2	pleckstrin homology domain-containing family G member 2 isoform X4 [Desmodus rotundus]	9430
XP_036190675.1	XP_045041394	26.087	345	1333	1345	25	1.85e-12	78.2	pleckstrin homology domain-containing family G member 2 isoform X4 [Desmodus rotundus]	9430
XP_036190675.1	XP_070272189	25.909	220	1333	674	16	1.90e-12	77.8	ral guanine nucleotide dissociation stimulator-like 3 isoform X3 [Myotis yumanensis]	159337
XP_036190675.1	XP_045041392	26.087	345	1333	1374	25	1.93e-12	78.2	pleckstrin homology domain-containing family G member 2 isoform X3 [Desmodus rotundus]	9430
XP_036190675.1	XP_036913923	24.190	401	1333	466	28	2.14e-12	77.0	ras-GEF domain-containing family member 1C [Sturnira hondurensis]	192404
XP_036190675.1	XP_016007660	23.230	452	1333	811	32	2.17e-12	77.8	RAS guanyl-releasing protein 1 isoform X3 [Rousettus aegyptiacus]	9407
XP_036190675.1	XP_080982137	23.989	371	1333	1110	27	2.22e-12	77.8	rho guanine nucleotide exchange factor 9 isoform 1 [Miniopterus schreibersii]	9433
XP_036190675.1	XP_045040742	23.192	401	1333	472	28	2.32e-12	76.6	ras-GEF domain-containing family member 1B isoform X3 [Desmodus rotundus]	9430
XP_036190675.1	XP_045040752	23.192	401	1333	472	28	2.32e-12	76.6	ras-GEF domain-containing family member 1B isoform X3 [Desmodus rotundus]	9430
XP_036190675.1	XP_024434840	23.192	401	1333	472	28	2.32e-12	76.6	ras-GEF domain-containing family member 1B isoform X3 [Desmodus rotundus]	9430
XP_036190675.1	XP_037011499	22.943	401	1333	472	28	2.62e-12	76.6	ras-GEF domain-containing family member 1B isoform X2 [Artibeus jamaicensis]	9417
XP_036190675.1	XP_036906936	22.943	401	1333	472	28	2.62e-12	76.6	ras-GEF domain-containing family member 1B [Sturnira hondurensis]	192404
XP_036190675.1	XP_045040750	23.192	401	1333	475	28	2.68e-12	76.6	ras-GEF domain-containing family member 1B isoform X2 [Desmodus rotundus]	9430
XP_036190675.1	XP_024433492	25.937	347	1333	1388	25	2.73e-12	77.8	pleckstrin homology domain-containing family G member 2 isoform X2 [Desmodus rotundus]	9430
XP_036190675.1	XP_045041391	25.937	347	1333	1389	25	2.83e-12	77.8	pleckstrin homology domain-containing family G member 2 isoform X1 [Desmodus rotundus]	9430
XP_036190675.1	XP_045041390	25.937	347	1333	1389	25	2.83e-12	77.8	pleckstrin homology domain-containing family G member 2 isoform X1 [Desmodus rotundus]	9430
XP_036190675.1	XP_080531494	23.571	420	1333	673	29	2.84e-12	77.0	ral guanine nucleotide dissociation stimulator-like 3 isoform 3 [Plecotus auritus]	61862
XP_036190675.1	XP_053773146	23.889	360	1333	806	26	2.89e-12	77.4	rho guanine nucleotide exchange factor 9 isoform X2 [Desmodus rotundus]	9430
XP_036190675.1	XP_036903394	25.797	345	1333	1372	25	3.09e-12	77.4	pleckstrin homology domain-containing family G member 2 isoform X4 [Sturnira hondurensis]	192404
XP_036190675.1	XP_053773145	23.889	360	1333	826	26	3.17e-12	77.4	rho guanine nucleotide exchange factor 9 isoform X1 [Desmodus rotundus]	9430
XP_036190675.1	XP_036903389	25.797	345	1333	1387	25	3.35e-12	77.4	pleckstrin homology domain-containing family G member 2 isoform X1 [Sturnira hondurensis]	192404
XP_036190675.1	XP_079620496	23.989	371	1333	639	27	3.35e-12	77.0	rho guanine nucleotide exchange factor 9 isoform 1 [Cnephaeus nilssonii]	3371016
XP_036190675.1	XP_036989212	25.797	345	1333	1359	25	3.44e-12	77.4	pleckstrin homology domain-containing family G member 2 isoform X4 [Artibeus jamaicensis]	9417
XP_036190675.1	XP_036903390	25.797	345	1333	1386	25	3.46e-12	77.4	pleckstrin homology domain-containing family G member 2 isoform X2 [Sturnira hondurensis]	192404
XP_036190675.1	XP_036903399	25.797	345	1333	1344	25	3.49e-12	77.4	pleckstrin homology domain-containing family G member 2 isoform X5 [Sturnira hondurensis]	192404
XP_036190675.1	XP_036903398	25.797	345	1333	1344	25	3.49e-12	77.4	pleckstrin homology domain-containing family G member 2 isoform X5 [Sturnira hondurensis]	192404
XP_036190675.1	XP_036903397	25.797	345	1333	1344	25	3.49e-12	77.4	pleckstrin homology domain-containing family G member 2 isoform X5 [Sturnira hondurensis]	192404
XP_036190675.1	XP_036903396	25.797	345	1333	1344	25	3.49e-12	77.4	pleckstrin homology domain-containing family G member 2 isoform X5 [Sturnira hondurensis]	192404
XP_036190675.1	XP_036183818	25.773	194	1333	789	14	3.49e-12	77.0	rap guanine nucleotide exchange factor 5 isoform X4 [Myotis myotis]	51298
XP_036190675.1	XP_036989205	25.797	345	1333	1360	25	3.50e-12	77.4	pleckstrin homology domain-containing family G member 2 isoform X3 [Artibeus jamaicensis]	9417
XP_036190675.1	XP_053523515	25.797	345	1333	1360	25	3.50e-12	77.4	pleckstrin homology domain-containing family G member 2 isoform X3 [Artibeus jamaicensis]	9417
XP_036190675.1	XP_036989194	25.797	345	1333	1360	25	3.50e-12	77.4	pleckstrin homology domain-containing family G member 2 isoform X3 [Artibeus jamaicensis]	9417
XP_036190675.1	XP_053523517	25.797	345	1333	1342	25	3.51e-12	77.4	pleckstrin homology domain-containing family G member 2 isoform X5 [Artibeus jamaicensis]	9417
XP_036190675.1	XP_053523516	25.797	345	1333	1342	25	3.51e-12	77.4	pleckstrin homology domain-containing family G member 2 isoform X5 [Artibeus jamaicensis]	9417
XP_036190675.1	XP_036989220	25.797	345	1333	1342	25	3.51e-12	77.4	pleckstrin homology domain-containing family G member 2 isoform X5 [Artibeus jamaicensis]	9417
XP_036190675.1	XP_023609625	25.773	194	1333	820	14	3.55e-12	77.0	rap guanine nucleotide exchange factor 5 isoform X1 [Myotis lucifugus]	59463
XP_036190675.1	XP_036903393	25.797	345	1333	1373	25	3.66e-12	77.4	pleckstrin homology domain-containing family G member 2 isoform X3 [Sturnira hondurensis]	192404
XP_036190675.1	XP_036903392	25.797	345	1333	1373	25	3.66e-12	77.4	pleckstrin homology domain-containing family G member 2 isoform X3 [Sturnira hondurensis]	192404
XP_036190675.1	XP_036903391	25.797	345	1333	1373	25	3.66e-12	77.4	pleckstrin homology domain-containing family G member 2 isoform X3 [Sturnira hondurensis]	192404
XP_036190675.1	XP_059568517	25.773	194	1333	840	14	3.70e-12	77.0	rap guanine nucleotide exchange factor 5 isoform X3 [Myotis daubentonii]	98922
XP_036190675.1	XP_066213534	23.889	360	1333	842	26	3.74e-12	77.0	rho guanine nucleotide exchange factor 9 isoform X1 [Saccopteryx leptura]	249018
XP_036190675.1	XP_016057683	22.967	209	1333	620	16	3.92e-12	76.6	PREDICTED: rap guanine nucleotide exchange factor-like 1, partial [Miniopterus natalensis]	291302
XP_036190675.1	XP_036183815	25.773	194	1333	839	14	3.92e-12	77.0	rap guanine nucleotide exchange factor 5 isoform X2 [Myotis myotis]	51298
XP_036190675.1	XP_014311402	25.773	194	1333	791	14	3.94e-12	77.0	rap guanine nucleotide exchange factor 5 isoform X2 [Myotis lucifugus]	59463
XP_036190675.1	XP_036185114	23.592	284	1333	932	18	4.13e-12	77.0	ral guanine nucleotide dissociation stimulator isoform X2 [Myotis myotis]	51298
XP_036190675.1	XP_054430213	23.889	360	1333	639	26	4.15e-12	76.6	rho guanine nucleotide exchange factor 9 isoform X1 [Pteronotus mesoamericanus]	1884717
XP_036190675.1	XP_036285095	21.429	448	1333	795	31	4.16e-12	76.6	rap guanine nucleotide exchange factor 5 isoform X5 [Pipistrellus kuhlii]	59472
XP_036190675.1	XP_036185117	23.592	284	1333	910	18	4.22e-12	77.0	ral guanine nucleotide dissociation stimulator isoform X5 [Myotis myotis]	51298
XP_036190675.1	XP_080898664	23.889	360	1333	1029	26	4.34e-12	77.0	rho guanine nucleotide exchange factor 9 isoform 1 [Rhinolophus hipposideros]	77218
XP_036190675.1	XP_080898658	23.889	360	1333	1029	26	4.34e-12	77.0	rho guanine nucleotide exchange factor 9 isoform 1 [Rhinolophus hipposideros]	77218
XP_036190675.1	XP_036989189	25.797	345	1333	1384	25	4.46e-12	77.0	pleckstrin homology domain-containing family G member 2 isoform X2 [Artibeus jamaicensis]	9417
XP_036190675.1	XP_036989186	25.797	345	1333	1385	25	4.46e-12	77.0	pleckstrin homology domain-containing family G member 2 isoform X1 [Artibeus jamaicensis]	9417
XP_036190675.1	XP_036185119	23.592	284	1333	882	18	4.71e-12	76.6	ral guanine nucleotide dissociation stimulator isoform X7 [Myotis myotis]	51298
XP_036190675.1	XP_036185113	22.887	284	1333	937	18	5.00e-12	76.6	ral guanine nucleotide dissociation stimulator isoform X1 [Myotis myotis]	51298
XP_036190675.1	XP_036193446	22.943	401	1333	495	28	5.01e-12	75.9	ras-GEF domain-containing family member 1B isoform X1 [Myotis myotis]	51298
XP_036190675.1	XP_054572344	23.864	352	1333	767	26	5.15e-12	76.6	RAS guanyl-releasing protein 1 isoform X4 [Eptesicus fuscus]	29078
XP_036190675.1	XP_035867720	25.797	345	1333	1374	25	5.31e-12	76.6	pleckstrin homology domain-containing family G member 2 isoform X3 [Phyllostomus discolor]	89673
XP_036190675.1	XP_059534462	23.989	371	1333	1031	27	5.33e-12	76.6	rho guanine nucleotide exchange factor 9 isoform X1 [Myotis daubentonii]	98922
XP_036190675.1	XP_036170575	26.396	394	1333	480	27	5.50e-12	75.5	LOW QUALITY PROTEIN: ras-GEF domain-containing family member 1C [Myotis myotis]	51298
XP_036190675.1	XP_080504465	23.864	352	1333	775	26	5.56e-12	76.3	RAS guanyl-releasing protein 1 isoform 2 [Plecotus auritus]	61862
XP_036190675.1	XP_015413064	24.355	349	1333	733	26	5.57e-12	76.3	PREDICTED: RAS guanyl-releasing protein 1 isoform X3 [Myotis davidii]	225400
XP_036190675.1	XP_053521499	22.851	442	1333	811	32	5.63e-12	76.3	RAS guanyl-releasing protein 1 isoform X1 [Artibeus jamaicensis]	9417
XP_036190675.1	XP_006778161	24.355	349	1333	749	26	5.76e-12	76.3	PREDICTED: RAS guanyl-releasing protein 1 isoform X1 [Myotis davidii]	225400
XP_036190675.1	XP_045714025	23.192	401	1333	472	28	5.87e-12	75.5	ras-GEF domain-containing family member 1B isoform X2 [Phyllostomus hastatus]	9423
XP_036190675.1	XP_045714024	23.192	401	1333	472	28	5.87e-12	75.5	ras-GEF domain-containing family member 1B isoform X2 [Phyllostomus hastatus]	9423
XP_036190675.1	XP_054447977	22.943	401	1333	472	28	6.08e-12	75.5	ras-GEF domain-containing family member 1B isoform X1 [Pteronotus mesoamericanus]	1884717
XP_036190675.1	XP_054447975	22.943	401	1333	472	28	6.08e-12	75.5	ras-GEF domain-containing family member 1B isoform X1 [Pteronotus mesoamericanus]	1884717
XP_036190675.1	XP_054447972	22.943	401	1333	472	28	6.08e-12	75.5	ras-GEF domain-containing family member 1B isoform X1 [Pteronotus mesoamericanus]	1884717
XP_036190675.1	XP_045702849	25.797	345	1333	1375	25	6.24e-12	76.6	pleckstrin homology domain-containing family G member 2 isoform X3 [Phyllostomus hastatus]	9423
XP_036190675.1	XP_035867722	25.797	345	1333	1346	25	6.25e-12	76.6	pleckstrin homology domain-containing family G member 2 isoform X5 [Phyllostomus discolor]	89673
XP_036190675.1	XP_015413063	24.355	349	1333	735	26	6.29e-12	76.3	PREDICTED: RAS guanyl-releasing protein 1 isoform X2 [Myotis davidii]	225400
XP_036190675.1	XP_054572343	24.355	349	1333	802	26	6.58e-12	76.3	RAS guanyl-releasing protein 1 isoform X2 [Eptesicus fuscus]	29078
XP_036190675.1	XP_079620497	23.989	371	1333	629	27	6.67e-12	75.9	rho guanine nucleotide exchange factor 9 isoform 2 [Cnephaeus nilssonii]	3371016
XP_036190675.1	XP_035867719	25.797	345	1333	1388	25	6.75e-12	76.6	pleckstrin homology domain-containing family G member 2 isoform X2 [Phyllostomus discolor]	89673
XP_036190675.1	XP_045714023	23.192	401	1333	475	28	6.77e-12	75.5	ras-GEF domain-containing family member 1B isoform X1 [Phyllostomus hastatus]	9423
XP_036190675.1	XP_035867718	25.797	345	1333	1389	25	7.10e-12	76.3	pleckstrin homology domain-containing family G member 2 isoform X1 [Phyllostomus discolor]	89673
XP_036190675.1	XP_035867717	25.797	345	1333	1389	25	7.10e-12	76.3	pleckstrin homology domain-containing family G member 2 isoform X1 [Phyllostomus discolor]	89673
XP_036190675.1	XP_036992276	24.000	400	1333	466	28	7.38e-12	75.1	ras-GEF domain-containing family member 1C [Artibeus jamaicensis]	9417
XP_036190675.1	XP_079625039	24.355	349	1333	735	26	7.52e-12	75.9	RAS guanyl-releasing protein 1 isoform 2 [Cnephaeus nilssonii]	3371016
XP_036190675.1	XP_080504464	24.355	349	1333	797	26	7.57e-12	75.9	RAS guanyl-releasing protein 1 isoform 1 [Plecotus auritus]	61862
XP_036190675.1	XP_079620498	23.989	371	1333	606	27	7.75e-12	75.5	rho guanine nucleotide exchange factor 9 isoform 3 [Cnephaeus nilssonii]	3371016
XP_036190675.1	XP_014405793	23.580	352	1333	600	26	7.79e-12	75.5	PREDICTED: RAS guanyl-releasing protein 1 isoform X5 [Myotis brandtii]	109478
XP_036190675.1	XP_053521509	22.851	442	1333	797	32	7.90e-12	75.9	RAS guanyl-releasing protein 1 isoform X2 [Artibeus jamaicensis]	9417
XP_036190675.1	XP_016068583	23.192	401	1333	472	28	7.90e-12	75.1	PREDICTED: ras-GEF domain-containing family member 1B [Miniopterus natalensis]	291302
XP_036190675.1	XP_016068582	23.192	401	1333	472	28	7.90e-12	75.1	PREDICTED: ras-GEF domain-containing family member 1B [Miniopterus natalensis]	291302
XP_036190675.1	XP_045702848	25.797	345	1333	1389	25	7.93e-12	76.3	pleckstrin homology domain-containing family G member 2 isoform X2 [Phyllostomus hastatus]	9423
XP_036190675.1	XP_035867721	25.797	345	1333	1355	25	8.00e-12	76.3	pleckstrin homology domain-containing family G member 2 isoform X4 [Phyllostomus discolor]	89673
XP_036190675.1	XP_036193468	22.943	401	1333	472	28	8.11e-12	75.1	ras-GEF domain-containing family member 1B isoform X3 [Myotis myotis]	51298
XP_036190675.1	XP_036193461	22.943	401	1333	472	28	8.11e-12	75.1	ras-GEF domain-containing family member 1B isoform X3 [Myotis myotis]	51298
XP_036190675.1	XP_036193455	22.943	401	1333	472	28	8.11e-12	75.1	ras-GEF domain-containing family member 1B isoform X3 [Myotis myotis]	51298
XP_036190675.1	XP_080898665	23.889	360	1333	543	26	8.11e-12	75.5	rho guanine nucleotide exchange factor 9 isoform 2 [Rhinolophus hipposideros]	77218
XP_036190675.1	XP_070273138	24.181	397	1333	466	28	8.12e-12	75.1	ras-GEF domain-containing family member 1C [Myotis yumanensis]	159337
XP_036190675.1	XP_045702847	25.797	345	1333	1390	25	8.14e-12	76.3	pleckstrin homology domain-containing family G member 2 isoform X1 [Phyllostomus hastatus]	9423
XP_036190675.1	XP_045702846	25.797	345	1333	1390	25	8.14e-12	76.3	pleckstrin homology domain-containing family G member 2 isoform X1 [Phyllostomus hastatus]	9423
XP_036190675.1	XP_008141202	24.355	349	1333	797	26	8.38e-12	75.9	RAS guanyl-releasing protein 1 isoform X3 [Eptesicus fuscus]	29078
XP_036190675.1	XP_079625038	24.355	349	1333	797	26	8.38e-12	75.9	RAS guanyl-releasing protein 1 isoform 1 [Cnephaeus nilssonii]	3371016
XP_036190675.1	XP_014385755	23.889	360	1333	456	26	8.65e-12	74.7	PREDICTED: rho guanine nucleotide exchange factor 9 isoform X6 [Myotis brandtii]	109478
XP_036190675.1	XP_080509165	23.889	360	1333	456	26	8.65e-12	74.7	rho guanine nucleotide exchange factor 9 isoform 13 [Plecotus auritus]	61862
XP_036190675.1	XP_054430216	23.889	360	1333	495	26	8.91e-12	75.1	rho guanine nucleotide exchange factor 9 isoform X4 [Pteronotus mesoamericanus]	1884717
XP_036190675.1	XP_036290668	22.689	357	1333	692	26	9.03e-12	75.5	ras guanyl-releasing protein 3 isoform X1 [Pipistrellus kuhlii]	59472
XP_036190675.1	XP_045436489	22.689	357	1333	692	26	9.03e-12	75.5	ras guanyl-releasing protein 3 isoform X1 [Pipistrellus kuhlii]	59472
XP_036190675.1	XP_036290666	22.689	357	1333	692	26	9.03e-12	75.5	ras guanyl-releasing protein 3 isoform X1 [Pipistrellus kuhlii]	59472
XP_036190675.1	XP_028378605	23.889	360	1333	475	26	9.11e-12	74.7	rho guanine nucleotide exchange factor 9 isoform X8 [Phyllostomus discolor]	89673
XP_036190675.1	XP_039706462	23.889	360	1333	456	26	9.28e-12	74.7	rho guanine nucleotide exchange factor 9 isoform X4 [Pteropus medius]	143291
XP_036190675.1	XP_005882673	23.889	360	1333	463	26	9.48e-12	74.7	PREDICTED: rho guanine nucleotide exchange factor 9 isoform X5 [Myotis brandtii]	109478
XP_036190675.1	XP_036127045	23.889	360	1333	463	26	9.48e-12	74.7	rho guanine nucleotide exchange factor 9 isoform X3 [Molossus molossus]	27622
XP_036190675.1	XP_080509164	23.889	360	1333	463	26	9.48e-12	74.7	rho guanine nucleotide exchange factor 9 isoform 12 [Plecotus auritus]	61862
XP_036190675.1	XP_032963859	22.472	445	1333	793	32	9.66e-12	75.5	RAS guanyl-releasing protein 1 [Rhinolophus ferrumequinum]	59479
XP_036190675.1	XP_080522216	22.693	401	1333	541	28	9.68e-12	75.1	ras-GEF domain-containing family member 1B isoform 3 [Plecotus auritus]	61862
XP_036190675.1	XP_036302383	24.355	349	1333	797	26	9.69e-12	75.5	RAS guanyl-releasing protein 1 isoform X1 [Pipistrellus kuhlii]	59472
XP_036190675.1	XP_036082632	23.889	360	1333	463	26	9.82e-12	74.7	rho guanine nucleotide exchange factor 9 isoform X7 [Rousettus aegyptiacus]	9407
XP_036190675.1	XP_032967330	23.889	360	1333	732	26	9.85e-12	75.5	rho guanine nucleotide exchange factor 9 isoform X1 [Rhinolophus ferrumequinum]	59479
XP_036190675.1	XP_019507740	22.963	405	1333	561	28	9.98e-12	75.1	PREDICTED: ras-GEF domain-containing family member 1B isoform X1 [Hipposideros armiger]	186990
XP_036190675.1	XP_054572342	24.355	349	1333	806	26	1.01e-11	75.5	RAS guanyl-releasing protein 1 isoform X1 [Eptesicus fuscus]	29078
XP_036190675.1	XP_081011975	22.697	445	1333	806	32	1.07e-11	75.5	RAS guanyl-releasing protein 1 [Miniopterus schreibersii]	9433
XP_036190675.1	XP_036285093	27.041	196	1333	845	14	1.08e-11	75.5	rap guanine nucleotide exchange factor 5 isoform X3 [Pipistrellus kuhlii]	59472
XP_036190675.1	XP_028378600	23.889	360	1333	496	26	1.09e-11	74.7	rho guanine nucleotide exchange factor 9 isoform X5 [Phyllostomus discolor]	89673
XP_036190675.1	XP_070250194	22.693	401	1333	559	28	1.11e-11	75.1	ras-GEF domain-containing family member 1B isoform X1 [Myotis yumanensis]	159337
XP_036190675.1	XP_005857476	22.693	401	1333	559	28	1.11e-11	75.1	PREDICTED: ras-GEF domain-containing family member 1B isoform X1 [Myotis brandtii]	109478
XP_036190675.1	XP_059534464	23.889	360	1333	516	26	1.11e-11	74.7	rho guanine nucleotide exchange factor 9 isoform X3 [Myotis daubentonii]	98922
XP_036190675.1	XP_054572152	23.889	360	1333	516	26	1.11e-11	74.7	rho guanine nucleotide exchange factor 9 isoform X1 [Eptesicus fuscus]	29078
XP_036190675.1	XP_032967344	23.889	360	1333	516	26	1.11e-11	74.7	rho guanine nucleotide exchange factor 9 isoform X3 [Rhinolophus ferrumequinum]	59479
XP_036190675.1	XP_014385752	23.889	360	1333	516	26	1.11e-11	74.7	PREDICTED: rho guanine nucleotide exchange factor 9 isoform X2 [Myotis brandtii]	109478
XP_036190675.1	XP_036161450	23.889	360	1333	516	26	1.11e-11	74.7	rho guanine nucleotide exchange factor 9 isoform X2 [Myotis myotis]	51298
XP_036190675.1	XP_036127043	23.889	360	1333	516	26	1.11e-11	74.7	rho guanine nucleotide exchange factor 9 isoform X1 [Molossus molossus]	27622
XP_036190675.1	XP_080936919	23.889	360	1333	516	26	1.11e-11	74.7	rho guanine nucleotide exchange factor 9 isoform 2 [Myotis nattereri]	109481
XP_036190675.1	XP_080898668	23.889	360	1333	516	26	1.11e-11	74.7	rho guanine nucleotide exchange factor 9 isoform 5 [Rhinolophus hipposideros]	77218
XP_036190675.1	XP_080509173	23.889	360	1333	516	26	1.11e-11	74.7	rho guanine nucleotide exchange factor 9 isoform 7 [Plecotus auritus]	61862
XP_036190675.1	XP_019571311	23.889	360	1333	516	26	1.11e-11	74.7	rho guanine nucleotide exchange factor 9 isoform X3 [Rhinolophus sinicus]	89399
XP_036190675.1	XP_028003253	24.355	349	1333	829	26	1.12e-11	75.5	RAS guanyl-releasing protein 1 isoform X5 [Eptesicus fuscus]	29078
XP_036190675.1	XP_036134322	22.943	401	1333	472	28	1.13e-11	74.7	ras-GEF domain-containing family member 1B [Molossus molossus]	27622
XP_036190675.1	XP_036134315	22.943	401	1333	472	28	1.13e-11	74.7	ras-GEF domain-containing family member 1B [Molossus molossus]	27622
XP_036190675.1	XP_080982140	23.889	360	1333	463	26	1.14e-11	74.7	rho guanine nucleotide exchange factor 9 isoform 9 [Miniopterus schreibersii]	9433
XP_036190675.1	XP_045044216	23.136	389	1333	420	27	1.14e-11	74.3	ras-GEF domain-containing family member 1C isoform X2 [Desmodus rotundus]	9430
XP_036190675.1	XP_028378601	23.889	360	1333	496	26	1.16e-11	74.7	rho guanine nucleotide exchange factor 9 isoform X6 [Phyllostomus discolor]	89673
XP_036190675.1	XP_015978093	23.889	360	1333	516	26	1.17e-11	74.7	rho guanine nucleotide exchange factor 9 isoform X4 [Rousettus aegyptiacus]	9407
XP_036190675.1	XP_080509175	23.889	360	1333	499	26	1.19e-11	74.7	rho guanine nucleotide exchange factor 9 isoform 9 [Plecotus auritus]	61862
XP_036190675.1	XP_080509163	23.889	360	1333	484	26	1.19e-11	74.7	rho guanine nucleotide exchange factor 9 isoform 11 [Plecotus auritus]	61862
XP_036190675.1	XP_036127047	23.889	360	1333	556	26	1.20e-11	74.7	rho guanine nucleotide exchange factor 9 isoform X5 [Molossus molossus]	27622
XP_036190675.1	XP_036295796	23.889	360	1333	456	26	1.21e-11	74.3	rho guanine nucleotide exchange factor 9 isoform X8 [Pipistrellus kuhlii]	59472
XP_036190675.1	XP_080522214	22.693	401	1333	559	28	1.21e-11	74.7	ras-GEF domain-containing family member 1B isoform 1 [Plecotus auritus]	61862
XP_036190675.1	XP_080969874	22.851	442	1333	797	32	1.24e-11	75.1	RAS guanyl-releasing protein 1 [Myotis nattereri]	109481
XP_036190675.1	XP_045678183	24.355	349	1333	797	26	1.26e-11	75.1	RAS guanyl-releasing protein 1 isoform X1 [Phyllostomus hastatus]	9423
XP_036190675.1	XP_039706426	23.889	360	1333	516	26	1.28e-11	74.7	rho guanine nucleotide exchange factor 9 isoform X1 [Pteropus medius]	143291
XP_036190675.1	XP_024424254	24.355	349	1333	797	26	1.29e-11	75.1	RAS guanyl-releasing protein 1 isoform X2 [Desmodus rotundus]	9430
XP_036190675.1	XP_080912726	23.020	404	1333	559	28	1.31e-11	74.7	ras-GEF domain-containing family member 1B isoform 1 [Rhinolophus hipposideros]	77218
XP_036190675.1	XP_015978094	23.889	360	1333	516	26	1.31e-11	74.7	rho guanine nucleotide exchange factor 9 isoform X5 [Rousettus aegyptiacus]	9407
XP_036190675.1	XP_015978096	23.889	360	1333	495	26	1.32e-11	74.3	rho guanine nucleotide exchange factor 9 isoform X6 [Rousettus aegyptiacus]	9407
XP_036190675.1	XP_036082631	23.889	360	1333	495	26	1.32e-11	74.3	rho guanine nucleotide exchange factor 9 isoform X6 [Rousettus aegyptiacus]	9407
XP_036190675.1	XP_015978095	23.889	360	1333	495	26	1.32e-11	74.3	rho guanine nucleotide exchange factor 9 isoform X6 [Rousettus aegyptiacus]	9407
XP_036190675.1	XP_016007658	23.580	352	1333	848	26	1.32e-11	75.1	RAS guanyl-releasing protein 1 isoform X1 [Rousettus aegyptiacus]	9407
XP_036190675.1	XP_080982148	23.889	360	1333	495	26	1.35e-11	74.3	rho guanine nucleotide exchange factor 9 isoform 7 [Miniopterus schreibersii]	9433
XP_036190675.1	XP_080982147	23.889	360	1333	495	26	1.35e-11	74.3	rho guanine nucleotide exchange factor 9 isoform 7 [Miniopterus schreibersii]	9433
XP_036190675.1	XP_080982146	23.889	360	1333	495	26	1.35e-11	74.3	rho guanine nucleotide exchange factor 9 isoform 7 [Miniopterus schreibersii]	9433
XP_036190675.1	XP_054420047	24.069	349	1333	889	26	1.36e-11	75.1	RAS guanyl-releasing protein 1 [Pteronotus mesoamericanus]	1884717
XP_036190675.1	XP_053773148	23.889	360	1333	516	26	1.37e-11	74.7	rho guanine nucleotide exchange factor 9 isoform X4 [Desmodus rotundus]	9430
XP_036190675.1	XP_059534465	23.889	360	1333	516	26	1.37e-11	74.7	rho guanine nucleotide exchange factor 9 isoform X4 [Myotis daubentonii]	98922
XP_036190675.1	XP_032967351	23.889	360	1333	516	26	1.37e-11	74.7	rho guanine nucleotide exchange factor 9 isoform X4 [Rhinolophus ferrumequinum]	59479
XP_036190675.1	XP_014385753	23.889	360	1333	516	26	1.37e-11	74.7	PREDICTED: rho guanine nucleotide exchange factor 9 isoform X3 [Myotis brandtii]	109478
XP_036190675.1	XP_036161451	23.889	360	1333	516	26	1.37e-11	74.7	rho guanine nucleotide exchange factor 9 isoform X3 [Myotis myotis]	51298
XP_036190675.1	XP_080898669	23.889	360	1333	516	26	1.37e-11	74.7	rho guanine nucleotide exchange factor 9 isoform 6 [Rhinolophus hipposideros]	77218
XP_036190675.1	XP_080509174	23.889	360	1333	516	26	1.37e-11	74.7	rho guanine nucleotide exchange factor 9 isoform 8 [Plecotus auritus]	61862
XP_036190675.1	XP_019571312	23.889	360	1333	516	26	1.37e-11	74.7	rho guanine nucleotide exchange factor 9 isoform X4 [Rhinolophus sinicus]	89399
XP_036190675.1	XP_080982143	23.889	360	1333	516	26	1.38e-11	74.3	rho guanine nucleotide exchange factor 9 isoform 4 [Miniopterus schreibersii]	9433
XP_036190675.1	XP_045686195	23.267	404	1333	466	28	1.39e-11	74.3	ras-GEF domain-containing family member 1C isoform X2 [Phyllostomus hastatus]	9423
XP_036190675.1	XP_028362924	24.355	349	1333	798	26	1.40e-11	75.1	RAS guanyl-releasing protein 1 isoform X1 [Phyllostomus discolor]	89673
XP_036190675.1	XP_023380781	23.889	360	1333	516	26	1.41e-11	74.3	rho guanine nucleotide exchange factor 9 isoform X2 [Pteropus vampyrus]	132908
XP_036190675.1	XP_014400143	22.693	401	1333	495	28	1.41e-11	74.3	PREDICTED: ras-GEF domain-containing family member 1B isoform X2 [Myotis brandtii]	109478
XP_036190675.1	XP_074179295	23.889	360	1333	519	26	1.42e-11	74.3	rho guanine nucleotide exchange factor 9 isoform X1 [Rhinolophus sinicus]	89399
XP_036190675.1	XP_053773151	23.889	360	1333	495	26	1.43e-11	74.3	rho guanine nucleotide exchange factor 9 isoform X5 [Desmodus rotundus]	9430
XP_036190675.1	XP_053773150	23.889	360	1333	495	26	1.43e-11	74.3	rho guanine nucleotide exchange factor 9 isoform X5 [Desmodus rotundus]	9430
XP_036190675.1	XP_053773149	23.889	360	1333	495	26	1.43e-11	74.3	rho guanine nucleotide exchange factor 9 isoform X5 [Desmodus rotundus]	9430
XP_036190675.1	XP_059534468	23.889	360	1333	495	26	1.43e-11	74.3	rho guanine nucleotide exchange factor 9 isoform X5 [Myotis daubentonii]	98922
XP_036190675.1	XP_059534467	23.889	360	1333	495	26	1.43e-11	74.3	rho guanine nucleotide exchange factor 9 isoform X5 [Myotis daubentonii]	98922
XP_036190675.1	XP_059534466	23.889	360	1333	495	26	1.43e-11	74.3	rho guanine nucleotide exchange factor 9 isoform X5 [Myotis daubentonii]	98922
XP_036190675.1	XP_032967354	23.889	360	1333	495	26	1.43e-11	74.3	rho guanine nucleotide exchange factor 9 isoform X5 [Rhinolophus ferrumequinum]	59479
XP_036190675.1	XP_032967353	23.889	360	1333	495	26	1.43e-11	74.3	rho guanine nucleotide exchange factor 9 isoform X5 [Rhinolophus ferrumequinum]	59479
XP_036190675.1	XP_005882672	23.889	360	1333	495	26	1.43e-11	74.3	PREDICTED: rho guanine nucleotide exchange factor 9 isoform X4 [Myotis brandtii]	109478
XP_036190675.1	XP_036161455	23.889	360	1333	495	26	1.43e-11	74.3	rho guanine nucleotide exchange factor 9 isoform X4 [Myotis myotis]	51298
XP_036190675.1	XP_036161453	23.889	360	1333	495	26	1.43e-11	74.3	rho guanine nucleotide exchange factor 9 isoform X4 [Myotis myotis]	51298
XP_036190675.1	XP_036161452	23.889	360	1333	495	26	1.43e-11	74.3	rho guanine nucleotide exchange factor 9 isoform X4 [Myotis myotis]	51298
XP_036190675.1	XP_036127044	23.889	360	1333	495	26	1.43e-11	74.3	rho guanine nucleotide exchange factor 9 isoform X2 [Molossus molossus]	27622
XP_036190675.1	XP_023619478	23.889	360	1333	495	26	1.43e-11	74.3	rho guanine nucleotide exchange factor 9 isoform X1 [Myotis lucifugus]	59463
XP_036190675.1	XP_080936922	23.889	360	1333	495	26	1.43e-11	74.3	rho guanine nucleotide exchange factor 9 isoform 3 [Myotis nattereri]	109481
XP_036190675.1	XP_080936921	23.889	360	1333	495	26	1.43e-11	74.3	rho guanine nucleotide exchange factor 9 isoform 3 [Myotis nattereri]	109481
XP_036190675.1	XP_080936920	23.889	360	1333	495	26	1.43e-11	74.3	rho guanine nucleotide exchange factor 9 isoform 3 [Myotis nattereri]	109481
XP_036190675.1	XP_080898663	23.889	360	1333	495	26	1.43e-11	74.3	rho guanine nucleotide exchange factor 9 isoform 7 [Rhinolophus hipposideros]	77218
XP_036190675.1	XP_080898662	23.889	360	1333	495	26	1.43e-11	74.3	rho guanine nucleotide exchange factor 9 isoform 7 [Rhinolophus hipposideros]	77218
XP_036190675.1	XP_080898661	23.889	360	1333	495	26	1.43e-11	74.3	rho guanine nucleotide exchange factor 9 isoform 7 [Rhinolophus hipposideros]	77218
XP_036190675.1	XP_080898660	23.889	360	1333	495	26	1.43e-11	74.3	rho guanine nucleotide exchange factor 9 isoform 7 [Rhinolophus hipposideros]	77218
XP_036190675.1	XP_080898659	23.889	360	1333	495	26	1.43e-11	74.3	rho guanine nucleotide exchange factor 9 isoform 7 [Rhinolophus hipposideros]	77218
XP_036190675.1	XP_080898671	23.889	360	1333	495	26	1.43e-11	74.3	rho guanine nucleotide exchange factor 9 isoform 7 [Rhinolophus hipposideros]	77218
XP_036190675.1	XP_080898670	23.889	360	1333	495	26	1.43e-11	74.3	rho guanine nucleotide exchange factor 9 isoform 7 [Rhinolophus hipposideros]	77218
XP_036190675.1	XP_080509162	23.889	360	1333	495	26	1.43e-11	74.3	rho guanine nucleotide exchange factor 9 isoform 10 [Plecotus auritus]	61862
XP_036190675.1	XP_028378598	23.889	360	1333	516	26	1.43e-11	74.3	rho guanine nucleotide exchange factor 9 isoform X2 [Phyllostomus discolor]	89673
XP_036190675.1	XP_036901868	23.889	360	1333	516	26	1.43e-11	74.3	rho guanine nucleotide exchange factor 9 isoform X2 [Sturnira hondurensis]	192404
XP_036190675.1	XP_011381666	23.889	360	1333	495	26	1.45e-11	74.3	rho guanine nucleotide exchange factor 9 isoform X3 [Pteropus vampyrus]	132908
XP_036190675.1	XP_011381665	23.889	360	1333	495	26	1.45e-11	74.3	rho guanine nucleotide exchange factor 9 isoform X3 [Pteropus vampyrus]	132908
XP_036190675.1	XP_011381663	23.889	360	1333	495	26	1.45e-11	74.3	rho guanine nucleotide exchange factor 9 isoform X3 [Pteropus vampyrus]	132908
XP_036190675.1	XP_059566490	23.636	275	1333	624	18	1.47e-11	74.7	LOW QUALITY PROTEIN: ral guanine nucleotide dissociation stimulator-like [Myotis daubentonii]	98922
XP_036190675.1	XP_079620500	23.889	360	1333	495	26	1.49e-11	74.3	rho guanine nucleotide exchange factor 9 isoform 5 [Cnephaeus nilssonii]	3371016
XP_036190675.1	XP_080951553	22.693	401	1333	559	28	1.49e-11	74.7	ras-GEF domain-containing family member 1B isoform 2 [Myotis nattereri]	109481
XP_036190675.1	XP_019511658	23.889	360	1333	516	26	1.50e-11	74.3	PREDICTED: rho guanine nucleotide exchange factor 9 isoform X2 [Hipposideros armiger]	186990
XP_036190675.1	XP_016007659	23.580	352	1333	830	26	1.50e-11	75.1	RAS guanyl-releasing protein 1 isoform X2 [Rousettus aegyptiacus]	9407
XP_036190675.1	XP_053521514	22.851	442	1333	749	32	1.50e-11	75.1	RAS guanyl-releasing protein 1 isoform X3 [Artibeus jamaicensis]	9417
XP_036190675.1	XP_045703430	23.889	360	1333	503	26	1.51e-11	74.3	rho guanine nucleotide exchange factor 9 isoform X2 [Phyllostomus hastatus]	9423
XP_036190675.1	XP_028378599	23.889	360	1333	503	26	1.51e-11	74.3	rho guanine nucleotide exchange factor 9 isoform X4 [Phyllostomus discolor]	89673
XP_036190675.1	XP_024894243	23.889	360	1333	495	26	1.52e-11	74.3	rho guanine nucleotide exchange factor 9 isoform X2 [Pteropus alecto]	9402
XP_036190675.1	XP_039706454	23.889	360	1333	495	26	1.52e-11	74.3	rho guanine nucleotide exchange factor 9 isoform X3 [Pteropus medius]	143291
XP_036190675.1	XP_039706446	23.889	360	1333	495	26	1.52e-11	74.3	rho guanine nucleotide exchange factor 9 isoform X3 [Pteropus medius]	143291
XP_036190675.1	XP_080522215	22.693	401	1333	547	28	1.53e-11	74.3	ras-GEF domain-containing family member 1B isoform 2 [Plecotus auritus]	61862
XP_036190675.1	XP_039706436	23.889	360	1333	516	26	1.55e-11	74.3	rho guanine nucleotide exchange factor 9 isoform X2 [Pteropus medius]	143291
XP_036190675.1	XP_079620499	23.889	360	1333	516	26	1.59e-11	74.3	rho guanine nucleotide exchange factor 9 isoform 4 [Cnephaeus nilssonii]	3371016
XP_036190675.1	XP_023380780	23.889	360	1333	516	26	1.60e-11	74.3	rho guanine nucleotide exchange factor 9 isoform X1 [Pteropus vampyrus]	132908
XP_036190675.1	XP_032981452	22.129	357	1333	692	26	1.62e-11	74.7	ras guanyl-releasing protein 3 isoform X1 [Rhinolophus ferrumequinum]	59479
XP_036190675.1	XP_032981451	22.129	357	1333	692	26	1.62e-11	74.7	ras guanyl-releasing protein 3 isoform X1 [Rhinolophus ferrumequinum]	59479
XP_036190675.1	XP_032981450	22.129	357	1333	692	26	1.62e-11	74.7	ras guanyl-releasing protein 3 isoform X1 [Rhinolophus ferrumequinum]	59479
XP_036190675.1	XP_032981449	22.129	357	1333	692	26	1.62e-11	74.7	ras guanyl-releasing protein 3 isoform X1 [Rhinolophus ferrumequinum]	59479
XP_036190675.1	XP_054582935	24.188	277	1333	902	18	1.62e-11	75.1	ral guanine nucleotide dissociation stimulator isoform X3 [Eptesicus fuscus]	29078
XP_036190675.1	XP_081006265	24.590	366	1333	1657	25	1.63e-11	75.5	phosphatidylinositol 3,4,5-trisphosphate-dependent Rac exchanger 1 protein [Miniopterus schreibersii]	9433
XP_036190675.1	XP_015978090	23.889	360	1333	523	26	1.63e-11	74.3	rho guanine nucleotide exchange factor 9 isoform X3 [Rousettus aegyptiacus]	9407
XP_036190675.1	XP_036295795	23.889	360	1333	463	26	1.65e-11	73.9	rho guanine nucleotide exchange factor 9 isoform X7 [Pipistrellus kuhlii]	59472
XP_036190675.1	XP_019507743	22.963	405	1333	474	28	1.66e-11	73.9	PREDICTED: ras-GEF domain-containing family member 1B isoform X3 [Hipposideros armiger]	186990
XP_036190675.1	XP_019507742	22.963	405	1333	474	28	1.66e-11	73.9	PREDICTED: ras-GEF domain-containing family member 1B isoform X3 [Hipposideros armiger]	186990
XP_036190675.1	XP_032967337	23.889	360	1333	523	26	1.66e-11	74.3	rho guanine nucleotide exchange factor 9 isoform X2 [Rhinolophus ferrumequinum]	59479
XP_036190675.1	XP_080898667	23.889	360	1333	523	26	1.66e-11	74.3	rho guanine nucleotide exchange factor 9 isoform 4 [Rhinolophus hipposideros]	77218
XP_036190675.1	XP_019571310	23.889	360	1333	523	26	1.66e-11	74.3	rho guanine nucleotide exchange factor 9 isoform X2 [Rhinolophus sinicus]	89399
XP_036190675.1	XP_019597450	22.129	357	1333	692	26	1.67e-11	74.7	ras guanyl-releasing protein 3 isoform X1 [Rhinolophus sinicus]	89399
XP_036190675.1	XP_074187993	22.129	357	1333	692	26	1.67e-11	74.7	ras guanyl-releasing protein 3 isoform X1 [Rhinolophus sinicus]	89399
XP_036190675.1	XP_019597434	22.129	357	1333	692	26	1.67e-11	74.7	ras guanyl-releasing protein 3 isoform X1 [Rhinolophus sinicus]	89399
XP_036190675.1	XP_019597398	22.129	357	1333	692	26	1.67e-11	74.7	ras guanyl-releasing protein 3 isoform X1 [Rhinolophus sinicus]	89399
XP_036190675.1	XP_019597443	22.129	357	1333	692	26	1.67e-11	74.7	ras guanyl-releasing protein 3 isoform X1 [Rhinolophus sinicus]	89399
XP_036190675.1	XP_074187992	22.129	357	1333	692	26	1.67e-11	74.7	ras guanyl-releasing protein 3 isoform X1 [Rhinolophus sinicus]	89399
XP_036190675.1	XP_019597408	22.129	357	1333	692	26	1.67e-11	74.7	ras guanyl-releasing protein 3 isoform X1 [Rhinolophus sinicus]	89399
XP_036190675.1	XP_019597389	22.129	357	1333	692	26	1.67e-11	74.7	ras guanyl-releasing protein 3 isoform X1 [Rhinolophus sinicus]	89399
XP_036190675.1	XP_080951555	22.693	401	1333	495	28	1.68e-11	74.3	ras-GEF domain-containing family member 1B isoform 4 [Myotis nattereri]	109481
XP_036190675.1	XP_045438339	23.889	360	1333	556	26	1.69e-11	74.3	rho guanine nucleotide exchange factor 9 isoform X2 [Pipistrellus kuhlii]	59472
XP_036190675.1	XP_035872890	23.889	360	1333	495	26	1.70e-11	74.3	rho guanine nucleotide exchange factor 9 isoform X7 [Phyllostomus discolor]	89673
XP_036190675.1	XP_028378604	23.889	360	1333	495	26	1.70e-11	74.3	rho guanine nucleotide exchange factor 9 isoform X7 [Phyllostomus discolor]	89673
XP_036190675.1	XP_035872889	23.889	360	1333	495	26	1.70e-11	74.3	rho guanine nucleotide exchange factor 9 isoform X7 [Phyllostomus discolor]	89673
XP_036190675.1	XP_028378603	23.889	360	1333	495	26	1.70e-11	74.3	rho guanine nucleotide exchange factor 9 isoform X7 [Phyllostomus discolor]	89673
XP_036190675.1	XP_036901871	23.889	360	1333	495	26	1.70e-11	74.3	rho guanine nucleotide exchange factor 9 isoform X4 [Sturnira hondurensis]	192404
XP_036190675.1	XP_036901870	23.889	360	1333	495	26	1.70e-11	74.3	rho guanine nucleotide exchange factor 9 isoform X4 [Sturnira hondurensis]	192404
XP_036190675.1	XP_053773147	23.889	360	1333	523	26	1.72e-11	74.3	rho guanine nucleotide exchange factor 9 isoform X3 [Desmodus rotundus]	9430
XP_036190675.1	XP_059534463	23.889	360	1333	523	26	1.72e-11	74.3	rho guanine nucleotide exchange factor 9 isoform X2 [Myotis daubentonii]	98922
XP_036190675.1	XP_005882671	23.889	360	1333	523	26	1.72e-11	74.3	PREDICTED: rho guanine nucleotide exchange factor 9 isoform X1 [Myotis brandtii]	109478
XP_036190675.1	XP_036161449	23.889	360	1333	523	26	1.72e-11	74.3	rho guanine nucleotide exchange factor 9 isoform X1 [Myotis myotis]	51298
XP_036190675.1	XP_080936918	23.889	360	1333	523	26	1.72e-11	74.3	rho guanine nucleotide exchange factor 9 isoform 1 [Myotis nattereri]	109481
XP_036190675.1	XP_080509172	23.889	360	1333	523	26	1.72e-11	74.3	rho guanine nucleotide exchange factor 9 isoform 6 [Plecotus auritus]	61862
XP_036190675.1	XP_019507741	22.444	401	1333	559	28	1.73e-11	74.3	PREDICTED: ras-GEF domain-containing family member 1B isoform X2 [Hipposideros armiger]	186990
XP_036190675.1	XP_035872887	23.889	360	1333	516	26	1.73e-11	74.3	rho guanine nucleotide exchange factor 9 isoform X3 [Phyllostomus discolor]	89673
XP_036190675.1	XP_036901869	23.889	360	1333	516	26	1.73e-11	74.3	rho guanine nucleotide exchange factor 9 isoform X3 [Sturnira hondurensis]	192404
XP_036190675.1	XP_080522218	22.943	401	1333	508	28	1.75e-11	74.3	ras-GEF domain-containing family member 1B isoform 5 [Plecotus auritus]	61862
XP_036190675.1	XP_080982144	23.889	360	1333	516	26	1.78e-11	74.3	rho guanine nucleotide exchange factor 9 isoform 5 [Miniopterus schreibersii]	9433
XP_036190675.1	XP_019511664	23.889	360	1333	495	26	1.79e-11	73.9	PREDICTED: rho guanine nucleotide exchange factor 9 isoform X4 [Hipposideros armiger]	186990
XP_036190675.1	XP_019511663	23.889	360	1333	495	26	1.79e-11	73.9	PREDICTED: rho guanine nucleotide exchange factor 9 isoform X4 [Hipposideros armiger]	186990
XP_036190675.1	XP_019511662	23.889	360	1333	495	26	1.79e-11	73.9	PREDICTED: rho guanine nucleotide exchange factor 9 isoform X4 [Hipposideros armiger]	186990
XP_036190675.1	XP_019511661	23.889	360	1333	495	26	1.79e-11	73.9	PREDICTED: rho guanine nucleotide exchange factor 9 isoform X4 [Hipposideros armiger]	186990
XP_036190675.1	XP_019511660	23.889	360	1333	495	26	1.79e-11	73.9	PREDICTED: rho guanine nucleotide exchange factor 9 isoform X4 [Hipposideros armiger]	186990
XP_036190675.1	XP_080898666	23.889	360	1333	531	26	1.81e-11	74.3	rho guanine nucleotide exchange factor 9 isoform 3 [Rhinolophus hipposideros]	77218
XP_036190675.1	XP_080522217	22.693	401	1333	531	28	1.81e-11	74.3	ras-GEF domain-containing family member 1B isoform 4 [Plecotus auritus]	61862
XP_036190675.1	XP_015978091	23.889	360	1333	489	26	1.81e-11	73.9	rho guanine nucleotide exchange factor 9 isoform X1 [Rousettus aegyptiacus]	9407
XP_036190675.1	XP_059523350	22.943	401	1333	444	28	1.82e-11	73.9	ras-GEF domain-containing family member 1B isoform X2 [Myotis daubentonii]	98922
XP_036190675.1	XP_036161456	23.889	360	1333	556	26	1.82e-11	74.3	rho guanine nucleotide exchange factor 9 isoform X5 [Myotis myotis]	51298
XP_036190675.1	XP_019511659	23.889	360	1333	516	26	1.83e-11	73.9	PREDICTED: rho guanine nucleotide exchange factor 9 isoform X3 [Hipposideros armiger]	186990
XP_036190675.1	XP_019519067	23.580	352	1333	664	26	1.83e-11	74.7	PREDICTED: RAS guanyl-releasing protein 1 isoform X4 [Hipposideros armiger]	186990
XP_036190675.1	XP_080982145	23.889	360	1333	510	26	1.84e-11	73.9	rho guanine nucleotide exchange factor 9 isoform 6 [Miniopterus schreibersii]	9433
XP_036190675.1	XP_006778258	22.693	401	1333	559	28	1.87e-11	74.3	PREDICTED: ras-GEF domain-containing family member 1B isoform X1 [Myotis davidii]	225400
XP_036190675.1	XP_066213536	23.889	360	1333	529	26	1.88e-11	74.3	rho guanine nucleotide exchange factor 9 isoform X3 [Saccopteryx leptura]	249018
XP_036190675.1	XP_066106239	23.889	360	1333	529	26	1.88e-11	74.3	rho guanine nucleotide exchange factor 9 isoform X3 [Saccopteryx bilineata]	59482
XP_036190675.1	XP_080951554	22.693	401	1333	508	28	1.88e-11	73.9	ras-GEF domain-containing family member 1B isoform 3 [Myotis nattereri]	109481
XP_036190675.1	XP_066122984	22.129	357	1333	692	26	1.88e-11	74.7	ras guanyl-releasing protein 3 isoform X3 [Saccopteryx bilineata]	59482
XP_036190675.1	XP_074179296	23.889	360	1333	510	26	1.89e-11	73.9	rho guanine nucleotide exchange factor 9 isoform X5 [Rhinolophus sinicus]	89399
XP_036190675.1	XP_080951552	22.943	401	1333	563	28	1.90e-11	74.3	ras-GEF domain-containing family member 1B isoform 1 [Myotis nattereri]	109481
XP_036190675.1	XP_036295790	23.889	360	1333	516	26	1.91e-11	73.9	rho guanine nucleotide exchange factor 9 isoform X4 [Pipistrellus kuhlii]	59472
XP_036190675.1	XP_016011655	22.693	401	1333	559	28	1.92e-11	74.3	ras-GEF domain-containing family member 1B isoform X1 [Rousettus aegyptiacus]	9407
XP_036190675.1	XP_080982139	23.889	360	1333	489	26	1.93e-11	73.9	rho guanine nucleotide exchange factor 9 isoform 8 [Miniopterus schreibersii]	9433
XP_036190675.1	XP_080982138	23.889	360	1333	489	26	1.93e-11	73.9	rho guanine nucleotide exchange factor 9 isoform 8 [Miniopterus schreibersii]	9433
XP_036190675.1	XP_066213545	23.889	360	1333	495	26	1.93e-11	73.9	rho guanine nucleotide exchange factor 9 isoform X7 [Saccopteryx leptura]	249018
XP_036190675.1	XP_066213544	23.889	360	1333	495	26	1.93e-11	73.9	rho guanine nucleotide exchange factor 9 isoform X7 [Saccopteryx leptura]	249018
XP_036190675.1	XP_066213543	23.889	360	1333	495	26	1.93e-11	73.9	rho guanine nucleotide exchange factor 9 isoform X7 [Saccopteryx leptura]	249018
XP_036190675.1	XP_066213541	23.889	360	1333	495	26	1.93e-11	73.9	rho guanine nucleotide exchange factor 9 isoform X7 [Saccopteryx leptura]	249018
XP_036190675.1	XP_066106248	23.889	360	1333	495	26	1.93e-11	73.9	rho guanine nucleotide exchange factor 9 isoform X7 [Saccopteryx bilineata]	59482
XP_036190675.1	XP_066106247	23.889	360	1333	495	26	1.93e-11	73.9	rho guanine nucleotide exchange factor 9 isoform X7 [Saccopteryx bilineata]	59482
XP_036190675.1	XP_066106246	23.889	360	1333	495	26	1.93e-11	73.9	rho guanine nucleotide exchange factor 9 isoform X7 [Saccopteryx bilineata]	59482
XP_036190675.1	XP_066106245	23.889	360	1333	495	26	1.93e-11	73.9	rho guanine nucleotide exchange factor 9 isoform X7 [Saccopteryx bilineata]	59482
XP_036190675.1	XP_016007663	23.580	352	1333	801	26	1.96e-11	74.7	RAS guanyl-releasing protein 1 isoform X4 [Rousettus aegyptiacus]	9407
XP_036190675.1	XP_016007661	23.580	352	1333	801	26	1.96e-11	74.7	RAS guanyl-releasing protein 1 isoform X4 [Rousettus aegyptiacus]	9407
XP_036190675.1	XP_080509170	23.889	360	1333	544	26	1.97e-11	73.9	rho guanine nucleotide exchange factor 9 isoform 4 [Plecotus auritus]	61862
XP_036190675.1	XP_066213540	23.889	360	1333	516	26	1.97e-11	73.9	rho guanine nucleotide exchange factor 9 isoform X6 [Saccopteryx leptura]	249018
XP_036190675.1	XP_066106244	23.889	360	1333	516	26	1.97e-11	73.9	rho guanine nucleotide exchange factor 9 isoform X6 [Saccopteryx bilineata]	59482
XP_036190675.1	XP_080524630	24.855	173	1333	554	13	2.01e-11	73.9	ras-specific guanine nucleotide-releasing factor RalGPS1 isoform 3 [Plecotus auritus]	61862
XP_036190675.1	XP_016072447	23.889	360	1333	523	26	2.01e-11	73.9	PREDICTED: rho guanine nucleotide exchange factor 9 [Miniopterus natalensis]	291302
XP_036190675.1	XP_080982141	23.889	360	1333	523	26	2.01e-11	73.9	rho guanine nucleotide exchange factor 9 isoform 2 [Miniopterus schreibersii]	9433
XP_036190675.1	XP_036295794	23.889	360	1333	495	26	2.02e-11	73.9	rho guanine nucleotide exchange factor 9 isoform X6 [Pipistrellus kuhlii]	59472
XP_036190675.1	XP_036295792	23.889	360	1333	495	26	2.02e-11	73.9	rho guanine nucleotide exchange factor 9 isoform X6 [Pipistrellus kuhlii]	59472
XP_036190675.1	XP_028378597	23.889	360	1333	523	26	2.08e-11	73.9	rho guanine nucleotide exchange factor 9 isoform X1 [Phyllostomus discolor]	89673
XP_036190675.1	XP_036901867	23.889	360	1333	523	26	2.08e-11	73.9	rho guanine nucleotide exchange factor 9 isoform X1 [Sturnira hondurensis]	192404
XP_036190675.1	XP_036119837	24.294	354	1333	1598	25	2.16e-11	74.7	phosphatidylinositol 3,4,5-trisphosphate-dependent Rac exchanger 2 protein [Molossus molossus]	27622
XP_036190675.1	XP_080509161	23.889	360	1333	559	26	2.16e-11	73.9	rho guanine nucleotide exchange factor 9 isoform 1 [Plecotus auritus]	61862
XP_036190675.1	XP_019511657	23.889	360	1333	523	26	2.18e-11	73.9	PREDICTED: rho guanine nucleotide exchange factor 9 isoform X1 [Hipposideros armiger]	186990
XP_036190675.1	XP_081004440	22.943	401	1333	472	28	2.18e-11	73.6	ras-GEF domain-containing family member 1B [Miniopterus schreibersii]	9433
XP_036190675.1	XP_032962019	23.020	404	1333	559	28	2.20e-11	73.9	ras-GEF domain-containing family member 1B isoform X1 [Rhinolophus ferrumequinum]	59479
XP_036190675.1	XP_015451384	22.624	442	1333	804	32	2.21e-11	74.3	RAS guanyl-releasing protein 1 isoform X1 [Pteropus alecto]	9402
XP_036190675.1	XP_015451382	22.624	442	1333	804	32	2.21e-11	74.3	RAS guanyl-releasing protein 1 isoform X1 [Pteropus alecto]	9402
XP_036190675.1	XP_015451383	22.624	442	1333	804	32	2.21e-11	74.3	RAS guanyl-releasing protein 1 isoform X1 [Pteropus alecto]	9402
XP_036190675.1	XP_054430215	23.889	360	1333	499	26	2.25e-11	73.9	rho guanine nucleotide exchange factor 9 isoform X3 [Pteronotus mesoamericanus]	1884717
XP_036190675.1	XP_066099171	25.937	347	1333	1363	25	2.29e-11	74.7	pleckstrin homology domain-containing family G member 2 isoform X3 [Saccopteryx bilineata]	59482
XP_036190675.1	XP_080924592	22.129	357	1333	700	26	2.29e-11	74.3	ras guanyl-releasing protein 3 isoform 2 [Rhinolophus hipposideros]	77218
XP_036190675.1	XP_019509372	22.409	357	1333	692	26	2.31e-11	74.3	PREDICTED: ras guanyl-releasing protein 3 isoform X1 [Hipposideros armiger]	186990
XP_036190675.1	XP_019509371	22.409	357	1333	692	26	2.31e-11	74.3	PREDICTED: ras guanyl-releasing protein 3 isoform X1 [Hipposideros armiger]	186990
XP_036190675.1	XP_019509369	22.409	357	1333	692	26	2.31e-11	74.3	PREDICTED: ras guanyl-releasing protein 3 isoform X1 [Hipposideros armiger]	186990
XP_036190675.1	XP_019509368	22.409	357	1333	692	26	2.31e-11	74.3	PREDICTED: ras guanyl-releasing protein 3 isoform X1 [Hipposideros armiger]	186990
XP_036190675.1	XP_019509367	22.409	357	1333	692	26	2.31e-11	74.3	PREDICTED: ras guanyl-releasing protein 3 isoform X1 [Hipposideros armiger]	186990
XP_036190675.1	XP_019509366	22.409	357	1333	692	26	2.31e-11	74.3	PREDICTED: ras guanyl-releasing protein 3 isoform X1 [Hipposideros armiger]	186990
XP_036190675.1	XP_019509365	22.409	357	1333	692	26	2.31e-11	74.3	PREDICTED: ras guanyl-releasing protein 3 isoform X1 [Hipposideros armiger]	186990
XP_036190675.1	XP_080956737	22.817	355	1333	692	26	2.31e-11	74.3	ras guanyl-releasing protein 3 isoform 1 [Myotis nattereri]	109481
XP_036190675.1	XP_054583905	22.693	401	1333	472	28	2.32e-11	73.6	ras-GEF domain-containing family member 1B isoform X1 [Eptesicus fuscus]	29078
XP_036190675.1	XP_054583902	22.693	401	1333	472	28	2.32e-11	73.6	ras-GEF domain-containing family member 1B isoform X1 [Eptesicus fuscus]	29078
XP_036190675.1	XP_008141850	22.693	401	1333	472	28	2.32e-11	73.6	ras-GEF domain-containing family member 1B isoform X1 [Eptesicus fuscus]	29078
XP_036190675.1	XP_059523356	22.693	401	1333	472	28	2.34e-11	73.6	ras-GEF domain-containing family member 1B isoform X1 [Myotis daubentonii]	98922
XP_036190675.1	XP_059523343	22.693	401	1333	472	28	2.34e-11	73.6	ras-GEF domain-containing family member 1B isoform X1 [Myotis daubentonii]	98922
XP_036190675.1	XP_080912732	23.020	404	1333	472	28	2.34e-11	73.6	ras-GEF domain-containing family member 1B isoform 2 [Rhinolophus hipposideros]	77218
XP_036190675.1	XP_080912731	23.020	404	1333	472	28	2.34e-11	73.6	ras-GEF domain-containing family member 1B isoform 2 [Rhinolophus hipposideros]	77218
XP_036190675.1	XP_080912730	23.020	404	1333	472	28	2.34e-11	73.6	ras-GEF domain-containing family member 1B isoform 2 [Rhinolophus hipposideros]	77218
XP_036190675.1	XP_080912729	23.020	404	1333	472	28	2.34e-11	73.6	ras-GEF domain-containing family member 1B isoform 2 [Rhinolophus hipposideros]	77218
XP_036190675.1	XP_080912728	23.020	404	1333	472	28	2.34e-11	73.6	ras-GEF domain-containing family member 1B isoform 2 [Rhinolophus hipposideros]	77218
XP_036190675.1	XP_080912727	23.020	404	1333	472	28	2.34e-11	73.6	ras-GEF domain-containing family member 1B isoform 2 [Rhinolophus hipposideros]	77218
XP_036190675.1	XP_080522221	22.693	401	1333	472	28	2.34e-11	73.6	ras-GEF domain-containing family member 1B isoform 6 [Plecotus auritus]	61862
XP_036190675.1	XP_080522220	22.693	401	1333	472	28	2.34e-11	73.6	ras-GEF domain-containing family member 1B isoform 6 [Plecotus auritus]	61862
XP_036190675.1	XP_080522219	22.693	401	1333	472	28	2.34e-11	73.6	ras-GEF domain-containing family member 1B isoform 6 [Plecotus auritus]	61862
XP_036190675.1	XP_079629708	22.693	401	1333	472	28	2.34e-11	73.6	ras-GEF domain-containing family member 1B [Cnephaeus nilssonii]	3371016
XP_036190675.1	XP_016007664	22.247	445	1333	793	32	2.34e-11	74.3	RAS guanyl-releasing protein 1 isoform X5 [Rousettus aegyptiacus]	9407
XP_036190675.1	XP_066197970	22.676	441	1333	764	32	2.35e-11	74.3	RAS guanyl-releasing protein 1 isoform X2 [Saccopteryx leptura]	249018
XP_036190675.1	XP_070250203	22.693	401	1333	472	28	2.36e-11	73.6	ras-GEF domain-containing family member 1B isoform X2 [Myotis yumanensis]	159337
XP_036190675.1	XP_014400147	22.693	401	1333	472	28	2.36e-11	73.6	PREDICTED: ras-GEF domain-containing family member 1B isoform X3 [Myotis brandtii]	109478
XP_036190675.1	XP_006084594	22.693	401	1333	472	28	2.36e-11	73.6	ras-GEF domain-containing family member 1B isoform X1 [Myotis lucifugus]	59463
XP_036190675.1	XP_028384249	23.750	400	1333	466	28	2.36e-11	73.6	ras-GEF domain-containing family member 1C [Phyllostomus discolor]	89673
XP_036190675.1	XP_019509374	22.409	357	1333	688	26	2.38e-11	74.3	PREDICTED: ras guanyl-releasing protein 3 isoform X3 [Hipposideros armiger]	186990
XP_036190675.1	XP_023606098	22.693	401	1333	444	28	2.39e-11	73.6	ras-GEF domain-containing family member 1B isoform X3 [Myotis lucifugus]	59463
XP_036190675.1	XP_066099172	26.087	345	1333	1363	25	2.41e-11	74.7	pleckstrin homology domain-containing family G member 2 isoform X4 [Saccopteryx bilineata]	59482
XP_036190675.1	XP_045426838	24.384	365	1333	1373	26	2.41e-11	74.7	pleckstrin homology domain-containing family G member 2 isoform X2 [Pipistrellus kuhlii]	59472
XP_036190675.1	XP_045426837	24.384	365	1333	1373	26	2.41e-11	74.7	pleckstrin homology domain-containing family G member 2 isoform X2 [Pipistrellus kuhlii]	59472
XP_036190675.1	XP_054430214	23.889	360	1333	520	26	2.42e-11	73.9	rho guanine nucleotide exchange factor 9 isoform X2 [Pteronotus mesoamericanus]	1884717
XP_036190675.1	XP_045678184	24.355	349	1333	737	26	2.43e-11	74.3	RAS guanyl-releasing protein 1 isoform X2 [Phyllostomus hastatus]	9423
XP_036190675.1	XP_066099170	25.937	347	1333	1375	25	2.46e-11	74.7	pleckstrin homology domain-containing family G member 2 isoform X2 [Saccopteryx bilineata]	59482
XP_036190675.1	XP_036295791	23.889	360	1333	516	26	2.47e-11	73.6	rho guanine nucleotide exchange factor 9 isoform X5 [Pipistrellus kuhlii]	59472
XP_036190675.1	XP_039699869	22.624	442	1333	804	32	2.49e-11	74.3	RAS guanyl-releasing protein 1 isoform X1 [Pteropus medius]	143291
XP_036190675.1	XP_039699868	22.624	442	1333	804	32	2.49e-11	74.3	RAS guanyl-releasing protein 1 isoform X1 [Pteropus medius]	143291
XP_036190675.1	XP_039699867	22.624	442	1333	804	32	2.49e-11	74.3	RAS guanyl-releasing protein 1 isoform X1 [Pteropus medius]	143291
XP_036190675.1	XP_080509168	23.889	360	1333	559	26	2.53e-11	73.9	rho guanine nucleotide exchange factor 9 isoform 2 [Plecotus auritus]	61862
XP_036190675.1	XP_080951557	22.693	401	1333	472	28	2.53e-11	73.6	ras-GEF domain-containing family member 1B isoform 5 [Myotis nattereri]	109481
XP_036190675.1	XP_080951556	22.693	401	1333	472	28	2.53e-11	73.6	ras-GEF domain-containing family member 1B isoform 5 [Myotis nattereri]	109481
XP_036190675.1	XP_080509171	23.889	360	1333	538	26	2.53e-11	73.9	rho guanine nucleotide exchange factor 9 isoform 5 [Plecotus auritus]	61862
XP_036190675.1	XP_036290670	22.535	355	1333	691	26	2.54e-11	73.9	ras guanyl-releasing protein 3 isoform X2 [Pipistrellus kuhlii]	59472
XP_036190675.1	XP_066099169	25.937	347	1333	1376	25	2.54e-11	74.7	pleckstrin homology domain-containing family G member 2 isoform X1 [Saccopteryx bilineata]	59482
XP_036190675.1	XP_066099168	25.937	347	1333	1376	25	2.54e-11	74.7	pleckstrin homology domain-containing family G member 2 isoform X1 [Saccopteryx bilineata]	59482
XP_036190675.1	XP_035887497	24.355	349	1333	750	26	2.57e-11	74.3	RAS guanyl-releasing protein 1 isoform X2 [Phyllostomus discolor]	89673
XP_036190675.1	XP_035887490	24.355	349	1333	750	26	2.57e-11	74.3	RAS guanyl-releasing protein 1 isoform X2 [Phyllostomus discolor]	89673
XP_036190675.1	XP_066213539	23.889	360	1333	523	26	2.57e-11	73.6	rho guanine nucleotide exchange factor 9 isoform X5 [Saccopteryx leptura]	249018
XP_036190675.1	XP_066106243	23.889	360	1333	523	26	2.57e-11	73.6	rho guanine nucleotide exchange factor 9 isoform X5 [Saccopteryx bilineata]	59482
XP_036190675.1	XP_045703431	23.889	360	1333	499	26	2.59e-11	73.6	rho guanine nucleotide exchange factor 9 isoform X3 [Phyllostomus hastatus]	9423
XP_036190675.1	XP_080982142	23.889	360	1333	517	26	2.64e-11	73.6	rho guanine nucleotide exchange factor 9 isoform 3 [Miniopterus schreibersii]	9433
XP_036190675.1	XP_015991523	22.535	355	1333	692	26	2.65e-11	73.9	ras guanyl-releasing protein 3 isoform X5 [Rousettus aegyptiacus]	9407
XP_036190675.1	XP_015991522	22.535	355	1333	692	26	2.65e-11	73.9	ras guanyl-releasing protein 3 isoform X5 [Rousettus aegyptiacus]	9407
XP_036190675.1	XP_015991520	22.535	355	1333	692	26	2.65e-11	73.9	ras guanyl-releasing protein 3 isoform X5 [Rousettus aegyptiacus]	9407
XP_036190675.1	XP_015991519	22.535	355	1333	692	26	2.65e-11	73.9	ras guanyl-releasing protein 3 isoform X5 [Rousettus aegyptiacus]	9407
XP_036190675.1	XP_015991518	22.535	355	1333	692	26	2.65e-11	73.9	ras guanyl-releasing protein 3 isoform X5 [Rousettus aegyptiacus]	9407
XP_036190675.1	XP_015991517	22.535	355	1333	692	26	2.65e-11	73.9	ras guanyl-releasing protein 3 isoform X5 [Rousettus aegyptiacus]	9407
XP_036190675.1	XP_039699870	22.624	442	1333	796	32	2.69e-11	74.3	RAS guanyl-releasing protein 1 isoform X2 [Pteropus medius]	143291
XP_036190675.1	XP_080509169	23.889	360	1333	553	26	2.69e-11	73.6	rho guanine nucleotide exchange factor 9 isoform 3 [Plecotus auritus]	61862
XP_036190675.1	XP_066133249	22.676	441	1333	797	32	2.69e-11	74.3	RAS guanyl-releasing protein 1 isoform X1 [Saccopteryx bilineata]	59482
XP_036190675.1	XP_036295789	23.889	360	1333	523	26	2.75e-11	73.6	rho guanine nucleotide exchange factor 9 isoform X3 [Pipistrellus kuhlii]	59472
XP_036190675.1	XP_006910442	22.535	355	1333	692	26	2.77e-11	73.9	ras guanyl-releasing protein 3 [Pteropus alecto]	9402
XP_036190675.1	XP_039743367	22.535	355	1333	692	26	2.77e-11	73.9	ras guanyl-releasing protein 3 isoform X1 [Pteropus medius]	143291
XP_036190675.1	XP_039743366	22.535	355	1333	692	26	2.77e-11	73.9	ras guanyl-releasing protein 3 isoform X1 [Pteropus medius]	143291
XP_036190675.1	XP_039743365	22.535	355	1333	692	26	2.77e-11	73.9	ras guanyl-releasing protein 3 isoform X1 [Pteropus medius]	143291
XP_036190675.1	XP_039743364	22.535	355	1333	692	26	2.77e-11	73.9	ras guanyl-releasing protein 3 isoform X1 [Pteropus medius]	143291
XP_036190675.1	XP_039743363	22.535	355	1333	692	26	2.77e-11	73.9	ras guanyl-releasing protein 3 isoform X1 [Pteropus medius]	143291
XP_036190675.1	XP_039743362	22.535	355	1333	692	26	2.77e-11	73.9	ras guanyl-releasing protein 3 isoform X1 [Pteropus medius]	143291
XP_036190675.1	XP_015991513	22.535	355	1333	700	26	2.79e-11	73.9	ras guanyl-releasing protein 3 isoform X1 [Rousettus aegyptiacus]	9407
XP_036190675.1	XP_080926419	24.148	352	1333	1597	25	2.85e-11	74.3	phosphatidylinositol 3,4,5-trisphosphate-dependent Rac exchanger 2 protein [Rhinolophus hipposideros]	77218
XP_036190675.1	XP_015413150	22.693	401	1333	495	28	2.89e-11	73.6	PREDICTED: ras-GEF domain-containing family member 1B isoform X2 [Myotis davidii]	225400
XP_036190675.1	XP_036297815	23.346	257	1333	550	19	2.89e-11	73.6	ras-specific guanine nucleotide-releasing factor RalGPS2 isoform X3 [Pipistrellus kuhlii]	59472
XP_036190675.1	XP_045426839	24.384	365	1333	1362	26	2.90e-11	74.3	pleckstrin homology domain-containing family G member 2 isoform X3 [Pipistrellus kuhlii]	59472
XP_036190675.1	XP_066205134	25.937	347	1333	1414	25	2.91e-11	74.3	pleckstrin homology domain-containing family G member 2 isoform X1 [Saccopteryx leptura]	249018
XP_036190675.1	XP_045426836	24.384	365	1333	1374	26	2.93e-11	74.3	pleckstrin homology domain-containing family G member 2 isoform X1 [Pipistrellus kuhlii]	59472
XP_036190675.1	XP_024894536	22.624	442	1333	796	32	2.93e-11	73.9	RAS guanyl-releasing protein 1 isoform X2 [Pteropus alecto]	9402
XP_036190675.1	XP_019507744	22.222	405	1333	472	28	2.96e-11	73.2	PREDICTED: ras-GEF domain-containing family member 1B isoform X4 [Hipposideros armiger]	186990
XP_036190675.1	XP_015991516	22.535	355	1333	696	26	2.98e-11	73.9	ras guanyl-releasing protein 3 isoform X4 [Rousettus aegyptiacus]	9407
XP_036190675.1	XP_066197969	22.676	441	1333	797	32	2.98e-11	73.9	RAS guanyl-releasing protein 1 isoform X1 [Saccopteryx leptura]	249018
XP_036190675.1	XP_066133250	23.851	348	1333	764	26	3.00e-11	73.9	RAS guanyl-releasing protein 1 isoform X2 [Saccopteryx bilineata]	59482
XP_036190675.1	XP_037004830	24.432	352	1333	1605	25	3.00e-11	74.3	phosphatidylinositol 3,4,5-trisphosphate-dependent Rac exchanger 2 protein [Artibeus jamaicensis]	9417
XP_036190675.1	XP_032962020	23.020	404	1333	495	28	3.01e-11	73.2	ras-GEF domain-containing family member 1B isoform X2 [Rhinolophus ferrumequinum]	59479
XP_036190675.1	XP_015978098	24.000	350	1333	414	25	3.06e-11	72.8	rho guanine nucleotide exchange factor 9 isoform X8 [Rousettus aegyptiacus]	9407
XP_036190675.1	XP_039701494	22.693	401	1333	509	28	3.12e-11	73.2	ras-GEF domain-containing family member 1B isoform X2 [Pteropus medius]	143291
XP_036190675.1	XP_016008461	24.148	352	1333	1598	25	3.16e-11	74.3	phosphatidylinositol 3,4,5-trisphosphate-dependent Rac exchanger 2 protein [Rousettus aegyptiacus]	9407
XP_036190675.1	XP_066213535	23.889	360	1333	538	26	3.17e-11	73.6	rho guanine nucleotide exchange factor 9 isoform X2 [Saccopteryx leptura]	249018
XP_036190675.1	XP_066106238	23.889	360	1333	538	26	3.17e-11	73.6	rho guanine nucleotide exchange factor 9 isoform X2 [Saccopteryx bilineata]	59482
XP_036190675.1	XP_014385756	24.000	350	1333	414	25	3.22e-11	72.8	PREDICTED: rho guanine nucleotide exchange factor 9 isoform X7 [Myotis brandtii]	109478
XP_036190675.1	XP_015451748	24.000	350	1333	414	25	3.22e-11	72.8	rho guanine nucleotide exchange factor 9 isoform X1 [Pteropus alecto]	9402
XP_036190675.1	XP_036127046	24.000	350	1333	414	25	3.22e-11	72.8	rho guanine nucleotide exchange factor 9 isoform X4 [Molossus molossus]	27622
XP_036190675.1	XP_014320816	24.000	350	1333	414	25	3.22e-11	72.8	rho guanine nucleotide exchange factor 9 isoform X2 [Myotis lucifugus]	59463
XP_036190675.1	XP_080509167	24.000	350	1333	414	25	3.22e-11	72.8	rho guanine nucleotide exchange factor 9 isoform 14 [Plecotus auritus]	61862
XP_036190675.1	XP_080509166	24.000	350	1333	414	25	3.22e-11	72.8	rho guanine nucleotide exchange factor 9 isoform 14 [Plecotus auritus]	61862
XP_036190675.1	XP_039706470	24.000	350	1333	414	25	3.22e-11	72.8	rho guanine nucleotide exchange factor 9 isoform X5 [Pteropus medius]	143291
XP_036190675.1	XP_023383471	23.864	352	1333	960	26	3.22e-11	73.9	RAS guanyl-releasing protein 1 [Pteropus vampyrus]	132908
XP_036190675.1	XP_039743369	22.535	355	1333	688	26	3.27e-11	73.9	ras guanyl-releasing protein 3 isoform X3 [Pteropus medius]	143291
XP_036190675.1	XP_036263844	24.384	365	1333	1345	26	3.28e-11	74.3	pleckstrin homology domain-containing family G member 2 isoform X4 [Pipistrellus kuhlii]	59472
XP_036190675.1	XP_036263845	24.384	365	1333	1345	26	3.28e-11	74.3	pleckstrin homology domain-containing family G member 2 isoform X4 [Pipistrellus kuhlii]	59472
XP_036190675.1	XP_045426840	24.384	365	1333	1345	26	3.28e-11	74.3	pleckstrin homology domain-containing family G member 2 isoform X4 [Pipistrellus kuhlii]	59472
XP_036190675.1	XP_016011657	22.693	401	1333	472	28	3.29e-11	73.2	ras-GEF domain-containing family member 1B isoform X2 [Rousettus aegyptiacus]	9407
XP_036190675.1	XP_016011656	22.693	401	1333	472	28	3.29e-11	73.2	ras-GEF domain-containing family member 1B isoform X2 [Rousettus aegyptiacus]	9407
XP_036190675.1	XP_011358898	22.693	401	1333	472	28	3.29e-11	73.2	ras-GEF domain-containing family member 1B isoform X2 [Pteropus vampyrus]	132908
XP_036190675.1	XP_011358897	22.693	401	1333	472	28	3.29e-11	73.2	ras-GEF domain-containing family member 1B isoform X1 [Pteropus vampyrus]	132908
XP_036190675.1	XP_039701495	22.693	401	1333	472	28	3.29e-11	73.2	ras-GEF domain-containing family member 1B isoform X3 [Pteropus medius]	143291
XP_036190675.1	XP_036922484	22.409	357	1333	688	26	3.44e-11	73.6	ras guanyl-releasing protein 3 isoform X3 [Sturnira hondurensis]	192404
XP_036190675.1	XP_059561136	23.782	349	1333	797	26	3.48e-11	73.9	RAS guanyl-releasing protein 1 isoform X4 [Myotis daubentonii]	98922
XP_036190675.1	XP_036263846	24.384	365	1333	1393	26	3.49e-11	74.3	pleckstrin homology domain-containing family G member 2 isoform X6 [Pipistrellus kuhlii]	59472
XP_036190675.1	XP_032962022	23.020	404	1333	472	28	3.49e-11	73.2	ras-GEF domain-containing family member 1B isoform X4 [Rhinolophus ferrumequinum]	59479
XP_036190675.1	XP_023380782	24.000	350	1333	414	25	3.52e-11	72.8	rho guanine nucleotide exchange factor 9 isoform X4 [Pteropus vampyrus]	132908
XP_036190675.1	XP_019581805	24.148	352	1333	1605	25	3.53e-11	74.3	phosphatidylinositol 3,4,5-trisphosphate-dependent Rac exchanger 2 protein [Rhinolophus sinicus]	89399
XP_036190675.1	XP_054422213	22.943	401	1333	466	28	3.54e-11	73.2	ras-GEF domain-containing family member 1C isoform X2 [Pteronotus mesoamericanus]	1884717
XP_036190675.1	XP_054422212	22.943	401	1333	466	28	3.54e-11	73.2	ras-GEF domain-containing family member 1C isoform X2 [Pteronotus mesoamericanus]	1884717
XP_036190675.1	XP_045427268	22.750	400	1333	559	28	3.57e-11	73.2	ras-GEF domain-containing family member 1B isoform X1 [Pipistrellus kuhlii]	59472
XP_036190675.1	XP_039697745	24.148	352	1333	1598	25	3.61e-11	74.3	phosphatidylinositol 3,4,5-trisphosphate-dependent Rac exchanger 2 protein isoform X1 [Pteropus medius]	143291
XP_036190675.1	XP_045703429	23.889	360	1333	527	26	3.70e-11	73.2	rho guanine nucleotide exchange factor 9 isoform X1 [Phyllostomus hastatus]	9423
XP_036190675.1	XP_036198139	25.714	175	1333	565	13	3.71e-11	73.2	ras-specific guanine nucleotide-releasing factor RalGPS2 isoform X5 [Myotis myotis]	51298
XP_036190675.1	XP_039701493	22.693	401	1333	545	28	3.74e-11	73.2	ras-GEF domain-containing family member 1B isoform X1 [Pteropus medius]	143291
XP_036190675.1	XP_024899607	22.693	401	1333	465	28	3.78e-11	72.8	ras-GEF domain-containing family member 1B [Pteropus alecto]	9402
XP_036190675.1	XP_016007665	24.069	349	1333	701	26	3.84e-11	73.6	RAS guanyl-releasing protein 1 isoform X6 [Rousettus aegyptiacus]	9407
XP_036190675.1	XP_066213538	23.889	360	1333	525	26	3.84e-11	73.2	rho guanine nucleotide exchange factor 9 isoform X4 [Saccopteryx leptura]	249018
XP_036190675.1	XP_066213537	23.889	360	1333	525	26	3.84e-11	73.2	rho guanine nucleotide exchange factor 9 isoform X4 [Saccopteryx leptura]	249018
XP_036190675.1	XP_066106241	23.889	360	1333	525	26	3.84e-11	73.2	rho guanine nucleotide exchange factor 9 isoform X4 [Saccopteryx bilineata]	59482
XP_036190675.1	XP_066106240	23.889	360	1333	525	26	3.84e-11	73.2	rho guanine nucleotide exchange factor 9 isoform X4 [Saccopteryx bilineata]	59482
XP_036190675.1	XP_016075862	23.295	352	1333	858	26	3.86e-11	73.6	PREDICTED: RAS guanyl-releasing protein 1 [Miniopterus natalensis]	291302
XP_036190675.1	XP_023608673	23.782	349	1333	783	26	3.91e-11	73.6	RAS guanyl-releasing protein 1 isoform X4 [Myotis lucifugus]	59463
XP_036190675.1	XP_019511665	24.000	350	1333	414	25	4.13e-11	72.4	PREDICTED: rho guanine nucleotide exchange factor 9 isoform X5 [Hipposideros armiger]	186990
XP_036190675.1	XP_066205135	25.937	347	1333	1302	25	4.19e-11	73.9	pleckstrin homology domain-containing family G member 2 isoform X2 [Saccopteryx leptura]	249018
XP_036190675.1	XP_036922481	22.409	357	1333	692	26	4.25e-11	73.6	ras guanyl-releasing protein 3 isoform X1 [Sturnira hondurensis]	192404
XP_036190675.1	XP_036922480	22.409	357	1333	692	26	4.25e-11	73.6	ras guanyl-releasing protein 3 isoform X1 [Sturnira hondurensis]	192404
XP_036190675.1	XP_036922479	22.409	357	1333	692	26	4.25e-11	73.6	ras guanyl-releasing protein 3 isoform X1 [Sturnira hondurensis]	192404
XP_036190675.1	XP_036922478	22.409	357	1333	692	26	4.25e-11	73.6	ras guanyl-releasing protein 3 isoform X1 [Sturnira hondurensis]	192404
XP_036190675.1	XP_036922477	22.409	357	1333	692	26	4.25e-11	73.6	ras guanyl-releasing protein 3 isoform X1 [Sturnira hondurensis]	192404
XP_036190675.1	XP_081012253	22.129	357	1333	692	26	4.39e-11	73.2	ras guanyl-releasing protein 3 isoform 1 [Miniopterus schreibersii]	9433
XP_036190675.1	XP_081012252	22.129	357	1333	692	26	4.39e-11	73.2	ras guanyl-releasing protein 3 isoform 1 [Miniopterus schreibersii]	9433
XP_036190675.1	XP_006778257	22.693	401	1333	472	28	4.42e-11	72.8	PREDICTED: ras-GEF domain-containing family member 1B isoform X3 [Myotis davidii]	225400
XP_036190675.1	XP_054423893	22.409	357	1333	698	26	4.58e-11	73.2	ras guanyl-releasing protein 3 isoform X6 [Pteronotus mesoamericanus]	1884717
XP_036190675.1	XP_059561126	23.782	349	1333	829	26	4.76e-11	73.6	RAS guanyl-releasing protein 1 isoform X3 [Myotis daubentonii]	98922
XP_036190675.1	XP_036295797	24.000	350	1333	414	25	4.80e-11	72.4	rho guanine nucleotide exchange factor 9 isoform X9 [Pipistrellus kuhlii]	59472
XP_036190675.1	XP_023608672	23.295	352	1333	801	26	4.87e-11	73.2	RAS guanyl-releasing protein 1 isoform X3 [Myotis lucifugus]	59463
XP_036190675.1	XP_019581073	22.851	442	1333	793	32	4.92e-11	73.2	RAS guanyl-releasing protein 1 isoform X1 [Rhinolophus sinicus]	89399
XP_036190675.1	XP_016074490	22.129	357	1333	692	26	4.99e-11	73.2	PREDICTED: ras guanyl-releasing protein 3 isoform X1 [Miniopterus natalensis]	291302
XP_036190675.1	XP_032962021	23.020	404	1333	478	28	5.06e-11	72.4	ras-GEF domain-containing family member 1B isoform X3 [Rhinolophus ferrumequinum]	59479
XP_036190675.1	XP_019597456	21.972	355	1333	691	26	5.07e-11	73.2	ras guanyl-releasing protein 3 isoform X2 [Rhinolophus sinicus]	89399
XP_036190675.1	XP_032982277	24.148	352	1333	1605	25	5.16e-11	73.6	phosphatidylinositol 3,4,5-trisphosphate-dependent Rac exchanger 2 protein isoform X1 [Rhinolophus ferrumequinum]	59479
XP_036190675.1	XP_054422211	22.943	401	1333	491	28	5.19e-11	72.4	ras-GEF domain-containing family member 1C isoform X1 [Pteronotus mesoamericanus]	1884717
XP_036190675.1	XP_045045255	22.409	357	1333	692	26	5.21e-11	73.2	ras guanyl-releasing protein 3 isoform X3 [Desmodus rotundus]	9430
XP_036190675.1	XP_015451388	24.069	349	1333	709	26	5.27e-11	73.2	RAS guanyl-releasing protein 1 isoform X4 [Pteropus alecto]	9402
XP_036190675.1	XP_015451387	24.069	349	1333	709	26	5.27e-11	73.2	RAS guanyl-releasing protein 1 isoform X4 [Pteropus alecto]	9402
XP_036190675.1	XP_080974125	26.184	359	1333	1368	26	5.34e-11	73.6	pleckstrin homology domain-containing family G member 2 isoform 4 [Miniopterus schreibersii]	9433
XP_036190675.1	XP_039699875	24.069	349	1333	709	26	5.36e-11	73.2	RAS guanyl-releasing protein 1 isoform X4 [Pteropus medius]	143291
XP_036190675.1	XP_039699874	24.069	349	1333	709	26	5.36e-11	73.2	RAS guanyl-releasing protein 1 isoform X4 [Pteropus medius]	143291
XP_036190675.1	XP_036152718	23.782	349	1333	797	26	5.37e-11	73.2	RAS guanyl-releasing protein 1 isoform X2 [Myotis myotis]	51298
XP_036190675.1	XP_070285101	22.129	357	1333	553	26	5.47e-11	72.8	ras guanyl-releasing protein 3 isoform X5 [Myotis yumanensis]	159337
XP_036190675.1	XP_080974124	26.184	359	1333	1369	26	5.48e-11	73.6	pleckstrin homology domain-containing family G member 2 isoform 3 [Miniopterus schreibersii]	9433
XP_036190675.1	XP_039699873	22.624	442	1333	749	32	5.52e-11	73.2	RAS guanyl-releasing protein 1 isoform X3 [Pteropus medius]	143291
XP_036190675.1	XP_039699872	22.624	442	1333	749	32	5.52e-11	73.2	RAS guanyl-releasing protein 1 isoform X3 [Pteropus medius]	143291
XP_036190675.1	XP_039699871	22.624	442	1333	749	32	5.52e-11	73.2	RAS guanyl-releasing protein 1 isoform X3 [Pteropus medius]	143291
XP_036190675.1	XP_032981453	21.972	355	1333	691	26	5.57e-11	73.2	ras guanyl-releasing protein 3 isoform X2 [Rhinolophus ferrumequinum]	59479
XP_036190675.1	XP_015451386	22.624	442	1333	749	32	5.67e-11	73.2	RAS guanyl-releasing protein 1 isoform X3 [Pteropus alecto]	9402
XP_036190675.1	XP_024894538	22.624	442	1333	749	32	5.67e-11	73.2	RAS guanyl-releasing protein 1 isoform X3 [Pteropus alecto]	9402
XP_036190675.1	XP_024894537	22.624	442	1333	749	32	5.67e-11	73.2	RAS guanyl-releasing protein 1 isoform X3 [Pteropus alecto]	9402
XP_036190675.1	XP_016064683	26.184	359	1333	1368	26	5.71e-11	73.6	PREDICTED: pleckstrin homology domain-containing family G member 2 isoform X4 [Miniopterus natalensis]	291302
XP_036190675.1	XP_014310241	23.782	349	1333	826	26	5.73e-11	73.2	RAS guanyl-releasing protein 1 isoform X1 [Myotis lucifugus]	59463
XP_036190675.1	XP_070281358	23.782	349	1333	797	26	5.80e-11	73.2	RAS guanyl-releasing protein 1 isoform X1 [Myotis yumanensis]	159337
XP_036190675.1	XP_016064682	26.184	359	1333	1369	26	5.86e-11	73.6	PREDICTED: pleckstrin homology domain-containing family G member 2 isoform X3 [Miniopterus natalensis]	291302
XP_036190675.1	XP_023608671	23.782	349	1333	818	26	5.94e-11	73.2	RAS guanyl-releasing protein 1 isoform X2 [Myotis lucifugus]	59463
XP_036190675.1	XP_036914572	24.148	352	1333	1605	25	6.06e-11	73.6	phosphatidylinositol 3,4,5-trisphosphate-dependent Rac exchanger 2 protein [Sturnira hondurensis]	192404
XP_036190675.1	XP_019519064	22.624	442	1333	793	32	6.24e-11	73.2	PREDICTED: RAS guanyl-releasing protein 1 isoform X1 [Hipposideros armiger]	186990
XP_036190675.1	XP_019481383	26.601	203	1333	570	15	6.33e-11	72.4	PREDICTED: rap guanine nucleotide exchange factor 3 [Hipposideros armiger]	186990
XP_036190675.1	XP_028389462	24.148	352	1333	1605	25	6.37e-11	73.2	LOW QUALITY PROTEIN: phosphatidylinositol 3,4,5-trisphosphate-dependent Rac exchanger 2 protein [Phyllostomus discolor]	89673
XP_036190675.1	XP_036920650	25.170	294	1333	1164	21	6.59e-11	73.2	spermatogenesis-associated protein 13 isoform X3 [Sturnira hondurensis]	192404
XP_036190675.1	XP_059561116	24.069	349	1333	862	26	6.61e-11	72.8	RAS guanyl-releasing protein 1 isoform X2 [Myotis daubentonii]	98922
XP_036190675.1	XP_045717025	24.148	352	1333	1605	25	6.65e-11	73.2	phosphatidylinositol 3,4,5-trisphosphate-dependent Rac exchanger 2 protein isoform X2 [Phyllostomus hastatus]	9423
XP_036190675.1	XP_036118286	22.409	357	1333	692	26	6.68e-11	72.8	ras guanyl-releasing protein 3 isoform X1 [Molossus molossus]	27622
XP_036190675.1	XP_036118284	22.409	357	1333	692	26	6.68e-11	72.8	ras guanyl-releasing protein 3 isoform X1 [Molossus molossus]	27622
XP_036190675.1	XP_036118283	22.409	357	1333	692	26	6.68e-11	72.8	ras guanyl-releasing protein 3 isoform X1 [Molossus molossus]	27622
XP_036190675.1	XP_036118282	22.409	357	1333	692	26	6.68e-11	72.8	ras guanyl-releasing protein 3 isoform X1 [Molossus molossus]	27622
XP_036190675.1	XP_036118281	22.409	357	1333	692	26	6.68e-11	72.8	ras guanyl-releasing protein 3 isoform X1 [Molossus molossus]	27622
XP_036190675.1	XP_054446208	24.148	352	1333	1606	25	6.70e-11	73.2	phosphatidylinositol 3,4,5-trisphosphate-dependent Rac exchanger 2 protein [Pteronotus mesoamericanus]	1884717
XP_036190675.1	XP_080904352	22.851	442	1333	793	32	6.74e-11	72.8	RAS guanyl-releasing protein 1 isoform 1 [Rhinolophus hipposideros]	77218
XP_036190675.1	XP_036911999	24.355	349	1333	797	26	6.76e-11	72.8	RAS guanyl-releasing protein 1 [Sturnira hondurensis]	192404
XP_036190675.1	XP_066122983	24.014	279	1333	611	20	6.81e-11	72.4	ras guanyl-releasing protein 3 isoform X2 [Saccopteryx bilineata]	59482
XP_036190675.1	XP_045695021	21.717	396	1333	646	28	6.81e-11	72.8	rho guanine nucleotide exchange factor 4 isoform X4 [Phyllostomus hastatus]	9423
XP_036190675.1	XP_035883739	22.923	349	1333	692	25	6.85e-11	72.8	ras guanyl-releasing protein 3 isoform X1 [Phyllostomus discolor]	89673
XP_036190675.1	XP_028372733	22.923	349	1333	692	25	6.85e-11	72.8	ras guanyl-releasing protein 3 isoform X1 [Phyllostomus discolor]	89673
XP_036190675.1	XP_035883738	22.923	349	1333	692	25	6.85e-11	72.8	ras guanyl-releasing protein 3 isoform X1 [Phyllostomus discolor]	89673
XP_036190675.1	XP_035883737	22.923	349	1333	692	25	6.85e-11	72.8	ras guanyl-releasing protein 3 isoform X1 [Phyllostomus discolor]	89673
XP_036190675.1	XP_035883736	22.923	349	1333	692	25	6.85e-11	72.8	ras guanyl-releasing protein 3 isoform X1 [Phyllostomus discolor]	89673
XP_036190675.1	XP_035883735	22.923	349	1333	692	25	6.85e-11	72.8	ras guanyl-releasing protein 3 isoform X1 [Phyllostomus discolor]	89673
XP_036190675.1	XP_028372732	22.923	349	1333	692	25	6.85e-11	72.8	ras guanyl-releasing protein 3 isoform X1 [Phyllostomus discolor]	89673
XP_036190675.1	XP_036118289	22.409	357	1333	586	26	6.88e-11	72.4	ras guanyl-releasing protein 3 isoform X4 [Molossus molossus]	27622
XP_036190675.1	XP_066234625	21.972	355	1333	691	26	6.90e-11	72.8	ras guanyl-releasing protein 3 isoform X3 [Saccopteryx leptura]	249018
XP_036190675.1	XP_036118288	23.039	408	1333	612	29	7.06e-11	72.4	ras guanyl-releasing protein 3 isoform X3 [Molossus molossus]	27622
XP_036190675.1	XP_014396121	22.817	355	1333	692	26	7.09e-11	72.8	PREDICTED: ras guanyl-releasing protein 3 isoform X1 [Myotis brandtii]	109478
XP_036190675.1	XP_014396120	22.817	355	1333	692	26	7.09e-11	72.8	PREDICTED: ras guanyl-releasing protein 3 isoform X1 [Myotis brandtii]	109478
XP_036190675.1	XP_014396118	22.817	355	1333	692	26	7.09e-11	72.8	PREDICTED: ras guanyl-releasing protein 3 isoform X1 [Myotis brandtii]	109478
XP_036190675.1	XP_014396117	22.817	355	1333	692	26	7.09e-11	72.8	PREDICTED: ras guanyl-releasing protein 3 isoform X1 [Myotis brandtii]	109478
XP_036190675.1	XP_005867400	22.817	355	1333	692	26	7.09e-11	72.8	PREDICTED: ras guanyl-releasing protein 3 isoform X1 [Myotis brandtii]	109478
XP_036190675.1	XP_066234622	24.014	279	1333	615	20	7.16e-11	72.4	ras guanyl-releasing protein 3 isoform X1 [Saccopteryx leptura]	249018
XP_036190675.1	XP_036152708	23.782	349	1333	829	26	7.16e-11	72.8	RAS guanyl-releasing protein 1 isoform X1 [Myotis myotis]	51298
XP_036190675.1	XP_070285099	21.849	357	1333	641	26	7.57e-11	72.4	ras guanyl-releasing protein 3 isoform X3 [Myotis yumanensis]	159337
XP_036190675.1	XP_080956738	22.663	353	1333	691	26	7.58e-11	72.4	ras guanyl-releasing protein 3 isoform 2 [Myotis nattereri]	109481
XP_036190675.1	XP_045683789	22.129	357	1333	727	26	7.61e-11	72.8	ras guanyl-releasing protein 3 isoform X1 [Phyllostomus hastatus]	9423
XP_036190675.1	XP_045683788	22.129	357	1333	727	26	7.61e-11	72.8	ras guanyl-releasing protein 3 isoform X1 [Phyllostomus hastatus]	9423
XP_036190675.1	XP_045683787	22.129	357	1333	727	26	7.61e-11	72.8	ras guanyl-releasing protein 3 isoform X1 [Phyllostomus hastatus]	9423
XP_036190675.1	XP_045683786	22.129	357	1333	727	26	7.61e-11	72.8	ras guanyl-releasing protein 3 isoform X1 [Phyllostomus hastatus]	9423
XP_036190675.1	XP_045683785	22.129	357	1333	727	26	7.61e-11	72.8	ras guanyl-releasing protein 3 isoform X1 [Phyllostomus hastatus]	9423
XP_036190675.1	XP_045683784	22.129	357	1333	727	26	7.61e-11	72.8	ras guanyl-releasing protein 3 isoform X1 [Phyllostomus hastatus]	9423
XP_036190675.1	XP_045683783	22.129	357	1333	727	26	7.61e-11	72.8	ras guanyl-releasing protein 3 isoform X1 [Phyllostomus hastatus]	9423
XP_036190675.1	XP_045683782	22.129	357	1333	727	26	7.61e-11	72.8	ras guanyl-releasing protein 3 isoform X1 [Phyllostomus hastatus]	9423
XP_036190675.1	XP_045683781	22.129	357	1333	727	26	7.61e-11	72.8	ras guanyl-releasing protein 3 isoform X1 [Phyllostomus hastatus]	9423
XP_036190675.1	XP_066234624	24.014	279	1333	611	20	7.75e-11	72.4	ras guanyl-releasing protein 3 isoform X2 [Saccopteryx leptura]	249018
XP_036190675.1	XP_080974122	26.184	359	1333	1383	26	7.90e-11	73.2	pleckstrin homology domain-containing family G member 2 isoform 1 [Miniopterus schreibersii]	9433
XP_036190675.1	XP_080974121	26.184	359	1333	1383	26	7.90e-11	73.2	pleckstrin homology domain-containing family G member 2 isoform 1 [Miniopterus schreibersii]	9433
XP_036190675.1	XP_080974120	26.184	359	1333	1383	26	7.90e-11	73.2	pleckstrin homology domain-containing family G member 2 isoform 1 [Miniopterus schreibersii]	9433
XP_036190675.1	XP_036268439	22.750	400	1333	472	28	8.00e-11	72.0	ras-GEF domain-containing family member 1B isoform X2 [Pipistrellus kuhlii]	59472
XP_036190675.1	XP_036268437	22.750	400	1333	472	28	8.00e-11	72.0	ras-GEF domain-containing family member 1B isoform X2 [Pipistrellus kuhlii]	59472
XP_036190675.1	XP_024428109	23.864	352	1333	1605	25	8.14e-11	73.2	phosphatidylinositol 3,4,5-trisphosphate-dependent Rac exchanger 2 protein [Desmodus rotundus]	9430
XP_036190675.1	XP_080974123	26.184	359	1333	1382	26	8.17e-11	72.8	pleckstrin homology domain-containing family G member 2 isoform 2 [Miniopterus schreibersii]	9433
XP_036190675.1	XP_015421813	22.129	357	1333	692	26	8.20e-11	72.4	PREDICTED: ras guanyl-releasing protein 3 isoform X1 [Myotis davidii]	225400
XP_036190675.1	XP_006767472	22.129	357	1333	692	26	8.20e-11	72.4	PREDICTED: ras guanyl-releasing protein 3 isoform X1 [Myotis davidii]	225400
XP_036190675.1	XP_015421812	22.129	357	1333	692	26	8.20e-11	72.4	PREDICTED: ras guanyl-releasing protein 3 isoform X1 [Myotis davidii]	225400
XP_036190675.1	XP_015421811	22.129	357	1333	692	26	8.20e-11	72.4	PREDICTED: ras guanyl-releasing protein 3 isoform X1 [Myotis davidii]	225400
XP_036190675.1	XP_015421810	22.129	357	1333	692	26	8.20e-11	72.4	PREDICTED: ras guanyl-releasing protein 3 isoform X1 [Myotis davidii]	225400
XP_036190675.1	XP_015421809	22.129	357	1333	692	26	8.20e-11	72.4	PREDICTED: ras guanyl-releasing protein 3 isoform X1 [Myotis davidii]	225400
XP_036190675.1	XP_019519066	24.069	349	1333	688	26	8.23e-11	72.4	PREDICTED: RAS guanyl-releasing protein 1 isoform X3 [Hipposideros armiger]	186990
XP_036190675.1	XP_015454090	24.528	318	1333	1586	23	8.25e-11	72.8	phosphatidylinositol 3,4,5-trisphosphate-dependent Rac exchanger 2 protein [Pteropus alecto]	9402
XP_036190675.1	XP_059561107	24.069	349	1333	894	26	8.48e-11	72.8	RAS guanyl-releasing protein 1 isoform X1 [Myotis daubentonii]	98922
XP_036190675.1	XP_015991514	22.380	353	1333	699	26	8.48e-11	72.4	ras guanyl-releasing protein 3 isoform X2 [Rousettus aegyptiacus]	9407
XP_036190675.1	XP_080924591	22.449	343	1333	615	25	8.50e-11	72.4	ras guanyl-releasing protein 3 isoform 1 [Rhinolophus hipposideros]	77218
XP_036190675.1	XP_039743368	22.380	353	1333	691	26	8.55e-11	72.4	ras guanyl-releasing protein 3 isoform X2 [Pteropus medius]	143291
XP_036190675.1	XP_019509373	22.254	355	1333	691	26	8.62e-11	72.4	PREDICTED: ras guanyl-releasing protein 3 isoform X2 [Hipposideros armiger]	186990
XP_036190675.1	XP_016064681	26.184	359	1333	1382	26	8.74e-11	72.8	PREDICTED: pleckstrin homology domain-containing family G member 2 isoform X2 [Miniopterus natalensis]	291302
XP_036190675.1	XP_016064680	26.184	359	1333	1383	26	9.20e-11	72.8	PREDICTED: pleckstrin homology domain-containing family G member 2 isoform X1 [Miniopterus natalensis]	291302
XP_036190675.1	XP_059516137	21.680	369	1333	692	27	9.65e-11	72.4	ras guanyl-releasing protein 3 isoform X1 [Myotis daubentonii]	98922
XP_036190675.1	XP_059516136	21.680	369	1333	692	27	9.65e-11	72.4	ras guanyl-releasing protein 3 isoform X1 [Myotis daubentonii]	98922
XP_036190675.1	XP_059516135	21.680	369	1333	692	27	9.65e-11	72.4	ras guanyl-releasing protein 3 isoform X1 [Myotis daubentonii]	98922
XP_036190675.1	XP_059516134	21.680	369	1333	692	27	9.65e-11	72.4	ras guanyl-releasing protein 3 isoform X1 [Myotis daubentonii]	98922
XP_036190675.1	XP_059516133	21.680	369	1333	692	27	9.65e-11	72.4	ras guanyl-releasing protein 3 isoform X1 [Myotis daubentonii]	98922
XP_036190675.1	XP_070285097	22.129	357	1333	692	26	9.73e-11	72.4	ras guanyl-releasing protein 3 isoform X1 [Myotis yumanensis]	159337
XP_036190675.1	XP_070285096	22.129	357	1333	692	26	9.73e-11	72.4	ras guanyl-releasing protein 3 isoform X1 [Myotis yumanensis]	159337
XP_036190675.1	XP_070285095	22.129	357	1333	692	26	9.73e-11	72.4	ras guanyl-releasing protein 3 isoform X1 [Myotis yumanensis]	159337
XP_036190675.1	XP_070285094	22.129	357	1333	692	26	9.73e-11	72.4	ras guanyl-releasing protein 3 isoform X1 [Myotis yumanensis]	159337
XP_036190675.1	XP_070285093	22.129	357	1333	692	26	9.73e-11	72.4	ras guanyl-releasing protein 3 isoform X1 [Myotis yumanensis]	159337
XP_036190675.1	XP_070285091	22.129	357	1333	692	26	9.73e-11	72.4	ras guanyl-releasing protein 3 isoform X1 [Myotis yumanensis]	159337
XP_036190675.1	XP_070285090	22.129	357	1333	692	26	9.73e-11	72.4	ras guanyl-releasing protein 3 isoform X1 [Myotis yumanensis]	159337
XP_036190675.1	XP_074184021	22.851	442	1333	746	32	9.76e-11	72.4	RAS guanyl-releasing protein 1 isoform X2 [Rhinolophus sinicus]	89399
XP_036190675.1	XP_015991524	22.380	353	1333	691	26	9.89e-11	72.0	ras guanyl-releasing protein 3 isoform X6 [Rousettus aegyptiacus]	9407
XP_036190675.1	XP_080542009	22.129	357	1333	692	26	9.90e-11	72.0	ras guanyl-releasing protein 3 isoform 1 [Plecotus auritus]	61862
