XP_036170639.1	XP_036170639	100.000	305	305	305	100	0.0	632	mitochondrial brown fat uncoupling protein 1 [Myotis myotis]	51298
XP_036170639.1	XP_059553958	99.016	305	305	305	100	0.0	626	mitochondrial brown fat uncoupling protein 1 [Myotis daubentonii]	98922
XP_036170639.1	XP_005877832	98.689	305	305	305	100	0.0	624	PREDICTED: mitochondrial brown fat uncoupling protein 1 isoform X1 [Myotis brandtii]	109478
XP_036170639.1	XP_080948808	98.689	305	305	305	100	0.0	623	mitochondrial brown fat uncoupling protein 1 [Myotis nattereri]	109481
XP_036170639.1	XP_006082035	98.033	305	305	305	100	0.0	622	mitochondrial brown fat uncoupling protein 1 [Myotis lucifugus]	59463
XP_036170639.1	XP_006766147	98.033	305	305	305	100	0.0	620	PREDICTED: mitochondrial brown fat uncoupling protein 1 [Myotis davidii]	225400
XP_036170639.1	XP_014404439	98.046	307	305	307	100	0.0	619	PREDICTED: mitochondrial brown fat uncoupling protein 1 isoform X2 [Myotis brandtii]	109478
XP_036170639.1	XP_070273312	97.377	305	305	305	100	0.0	619	mitochondrial brown fat uncoupling protein 1 [Myotis yumanensis]	159337
XP_036170639.1	XP_054572950	93.115	305	305	305	100	0.0	603	mitochondrial brown fat uncoupling protein 1 [Eptesicus fuscus]	29078
XP_036170639.1	XP_080530094	92.787	305	305	305	100	0.0	603	mitochondrial brown fat uncoupling protein 1 [Plecotus auritus]	61862
XP_036170639.1	XP_079629434	92.787	305	305	305	100	0.0	601	mitochondrial brown fat uncoupling protein 1 [Cnephaeus nilssonii]	3371016
XP_036170639.1	XP_036279895	90.492	305	305	305	100	0.0	590	mitochondrial brown fat uncoupling protein 1 [Pipistrellus kuhlii]	59472
XP_036170639.1	XP_080991545	83.279	305	305	305	100	0.0	533	mitochondrial brown fat uncoupling protein 1 [Miniopterus schreibersii]	9433
XP_036170639.1	XP_016062362	82.623	305	305	305	100	0.0	529	PREDICTED: mitochondrial brown fat uncoupling protein 1 [Miniopterus natalensis]	291302
XP_036170639.1	XP_019586280	80.656	305	305	305	100	0.0	516	mitochondrial brown fat uncoupling protein 1 [Rhinolophus sinicus]	89399
XP_036170639.1	XP_032990429	80.719	306	305	306	100	0.0	513	mitochondrial brown fat uncoupling protein 1 [Rhinolophus ferrumequinum]	59479
XP_036170639.1	XP_036097118	81.000	300	305	306	98	0.0	512	mitochondrial brown fat uncoupling protein 1 isoform X2 [Molossus molossus]	27622
XP_036170639.1	XP_080933954	80.065	306	305	306	100	0.0	509	mitochondrial brown fat uncoupling protein 1 [Rhinolophus hipposideros]	77218
XP_036170639.1	XP_036097117	78.641	309	305	315	98	1.51e-180	504	mitochondrial brown fat uncoupling protein 1 isoform X1 [Molossus molossus]	27622
XP_036170639.1	XP_019516588	77.377	305	305	305	100	3.13e-176	493	PREDICTED: mitochondrial brown fat uncoupling protein 1 [Hipposideros armiger]	186990
XP_036170639.1	XP_011372612	75.738	305	305	305	100	1.19e-175	492	mitochondrial brown fat uncoupling protein 1 [Pteropus vampyrus]	132908
XP_036170639.1	XP_039731761	75.410	305	305	305	100	1.12e-174	489	mitochondrial brown fat uncoupling protein 1 [Pteropus medius]	143291
XP_036170639.1	XP_006906290	75.082	305	305	305	100	9.88e-174	487	mitochondrial brown fat uncoupling protein 1 [Pteropus alecto]	9402
XP_036170639.1	XP_016009570	75.163	306	305	306	100	3.26e-171	481	mitochondrial brown fat uncoupling protein 1 isoform X1 [Rousettus aegyptiacus]	9407
XP_036170639.1	XP_066217010	74.172	302	305	304	99	1.25e-167	471	mitochondrial brown fat uncoupling protein 1 [Saccopteryx leptura]	249018
XP_036170639.1	XP_066109563	74.172	302	305	304	99	1.25e-167	471	mitochondrial brown fat uncoupling protein 1 [Saccopteryx bilineata]	59482
XP_036170639.1	XP_016009571	75.746	268	305	285	88	1.28e-150	428	mitochondrial brown fat uncoupling protein 1 isoform X2 [Rousettus aegyptiacus]	9407
XP_036170639.1	XP_054581858	57.285	302	305	309	97	6.77e-126	366	dicarboxylate carrier SLC25A8 [Eptesicus fuscus]	29078
XP_036170639.1	XP_080498281	57.285	302	305	309	97	6.77e-126	366	dicarboxylate carrier SLC25A8 [Plecotus auritus]	61862
XP_036170639.1	XP_079644585	57.285	302	305	309	97	6.77e-126	366	dicarboxylate carrier SLC25A8 [Cnephaeus nilssonii]	3371016
XP_036170639.1	XP_019504983	57.947	302	305	309	99	6.92e-126	366	PREDICTED: mitochondrial uncoupling protein 2 [Hipposideros armiger]	186990
XP_036170639.1	XP_019504983	28.788	198	305	309	99	5.29e-11	67.8	PREDICTED: mitochondrial uncoupling protein 2 [Hipposideros armiger]	186990
XP_036170639.1	XP_019504982	57.947	302	305	309	99	6.92e-126	366	PREDICTED: mitochondrial uncoupling protein 2 [Hipposideros armiger]	186990
XP_036170639.1	XP_019504982	28.788	198	305	309	99	5.29e-11	67.8	PREDICTED: mitochondrial uncoupling protein 2 [Hipposideros armiger]	186990
XP_036170639.1	XP_054432236	56.954	302	305	309	97	1.21e-125	365	dicarboxylate carrier SLC25A8 [Pteronotus mesoamericanus]	1884717
XP_036170639.1	XP_059564471	56.954	302	305	309	97	2.51e-125	365	dicarboxylate carrier SLC25A8 [Myotis daubentonii]	98922
XP_036170639.1	XP_006777996	56.954	302	305	309	97	4.34e-125	364	PREDICTED: mitochondrial uncoupling protein 2 [Myotis davidii]	225400
XP_036170639.1	XP_036180913	56.954	302	305	309	97	4.34e-125	364	mitochondrial uncoupling protein 2 isoform X3 [Myotis myotis]	51298
XP_036170639.1	XP_080954841	56.954	302	305	309	97	4.34e-125	364	dicarboxylate carrier SLC25A8 [Myotis nattereri]	109481
XP_036170639.1	XP_019599948	57.616	302	305	309	97	5.05e-125	364	dicarboxylate carrier SLC25A8 [Rhinolophus sinicus]	89399
XP_036170639.1	XP_005867146	56.954	302	305	309	97	5.83e-125	363	PREDICTED: mitochondrial uncoupling protein 2 [Myotis brandtii]	109478
XP_036170639.1	XP_016063954	56.954	302	305	309	97	6.15e-125	363	PREDICTED: mitochondrial uncoupling protein 2 [Miniopterus natalensis]	291302
XP_036170639.1	XP_081009151	56.954	302	305	309	97	6.15e-125	363	dicarboxylate carrier SLC25A8 isoform 1 [Miniopterus schreibersii]	9433
XP_036170639.1	XP_081009150	56.954	302	305	309	97	6.15e-125	363	dicarboxylate carrier SLC25A8 isoform 1 [Miniopterus schreibersii]	9433
XP_036170639.1	XP_028371384	57.237	304	305	309	97	8.45e-125	363	mitochondrial uncoupling protein 2 [Phyllostomus discolor]	89673
XP_036170639.1	XP_024428449	56.954	302	305	309	97	8.64e-125	363	dicarboxylate carrier SLC25A8 [Desmodus rotundus]	9430
XP_036170639.1	XP_036282717	57.525	299	305	309	96	8.92e-125	363	mitochondrial uncoupling protein 2 [Pipistrellus kuhlii]	59472
XP_036170639.1	XP_066224432	56.954	302	305	309	97	9.63e-125	363	dicarboxylate carrier SLC25A8 [Saccopteryx leptura]	249018
XP_036170639.1	XP_036114068	56.954	302	305	309	97	1.02e-124	363	mitochondrial uncoupling protein 2 [Molossus molossus]	27622
XP_036170639.1	XP_011375671	57.191	299	305	309	99	1.40e-124	363	mitochondrial uncoupling protein 2 [Pteropus vampyrus]	132908
XP_036170639.1	XP_011375671	27.778	198	305	309	99	6.64e-11	67.4	mitochondrial uncoupling protein 2 [Pteropus vampyrus]	132908
XP_036170639.1	XP_006926669	57.191	299	305	309	99	1.61e-124	362	mitochondrial uncoupling protein 2 [Pteropus alecto]	9402
XP_036170639.1	XP_006926669	27.778	198	305	309	99	7.02e-11	67.4	mitochondrial uncoupling protein 2 [Pteropus alecto]	9402
XP_036170639.1	XP_039703955	57.191	299	305	309	99	1.65e-124	362	dicarboxylate carrier SLC25A8 [Pteropus medius]	143291
XP_036170639.1	XP_039703955	27.778	198	305	309	99	6.58e-11	67.4	dicarboxylate carrier SLC25A8 [Pteropus medius]	143291
XP_036170639.1	XP_016016936	57.191	299	305	309	99	2.44e-124	362	mitochondrial uncoupling protein 2 [Rousettus aegyptiacus]	9407
XP_036170639.1	XP_016016936	28.788	198	305	309	99	3.49e-11	68.2	mitochondrial uncoupling protein 2 [Rousettus aegyptiacus]	9407
XP_036170639.1	XP_066106399	56.623	302	305	309	97	2.81e-124	362	dicarboxylate carrier SLC25A8 [Saccopteryx bilineata]	59482
XP_036170639.1	XP_006100518	57.191	299	305	309	96	3.99e-124	362	mitochondrial uncoupling protein 2 [Myotis lucifugus]	59463
XP_036170639.1	XP_032976644	57.285	302	305	309	97	4.70e-124	361	mitochondrial uncoupling protein 2 [Rhinolophus ferrumequinum]	59479
XP_036170639.1	XP_080921122	57.285	302	305	309	97	4.70e-124	361	dicarboxylate carrier SLC25A8 isoform 1 [Rhinolophus hipposideros]	77218
XP_036170639.1	XP_080921121	57.285	302	305	309	97	4.70e-124	361	dicarboxylate carrier SLC25A8 isoform 1 [Rhinolophus hipposideros]	77218
XP_036170639.1	XP_070281707	57.191	299	305	309	96	4.75e-124	361	dicarboxylate carrier SLC25A8 [Myotis yumanensis]	159337
XP_036170639.1	XP_037004559	56.291	302	305	309	97	1.69e-123	360	mitochondrial uncoupling protein 2 [Artibeus jamaicensis]	9417
XP_036170639.1	XP_036180911	56.954	302	305	366	97	1.95e-123	362	mitochondrial uncoupling protein 2 isoform X1 [Myotis myotis]	51298
XP_036170639.1	XP_045674120	56.908	304	305	309	97	1.99e-123	360	mitochondrial uncoupling protein 2 [Phyllostomus hastatus]	9423
XP_036170639.1	XP_066224157	55.333	300	305	308	97	1.56e-119	350	putative mitochondrial transporter UCP3 [Saccopteryx leptura]	249018
XP_036170639.1	XP_066106414	55.333	300	305	308	97	1.56e-119	350	putative mitochondrial transporter UCP3 [Saccopteryx bilineata]	59482
XP_036170639.1	XP_054572540	54.636	302	305	309	97	3.44e-118	347	dicarboxylate carrier SLC25A8-like [Eptesicus fuscus]	29078
XP_036170639.1	XP_036114516	54.027	298	305	303	97	3.11e-116	341	mitochondrial uncoupling protein 3 [Molossus molossus]	27622
XP_036170639.1	XP_036114515	54.027	298	305	303	97	3.11e-116	341	mitochondrial uncoupling protein 3 [Molossus molossus]	27622
XP_036170639.1	XP_019504886	54.125	303	305	311	97	4.65e-116	341	PREDICTED: mitochondrial uncoupling protein 3 isoform X1 [Hipposideros armiger]	186990
XP_036170639.1	XP_016063955	54.667	300	305	308	97	6.86e-116	340	PREDICTED: mitochondrial uncoupling protein 3 [Miniopterus natalensis]	291302
XP_036170639.1	XP_011375668	53.642	302	305	311	97	1.58e-115	340	mitochondrial uncoupling protein 3 [Pteropus vampyrus]	132908
XP_036170639.1	XP_037004604	54.605	304	305	311	97	2.39e-115	339	mitochondrial uncoupling protein 3 isoform X1 [Artibeus jamaicensis]	9417
XP_036170639.1	XP_039703968	53.642	302	305	311	97	3.25e-115	339	putative mitochondrial transporter UCP3 [Pteropus medius]	143291
XP_036170639.1	XP_081009458	54.333	300	305	308	97	4.11e-115	338	putative mitochondrial transporter UCP3 isoform 1 [Miniopterus schreibersii]	9433
XP_036170639.1	XP_081009457	54.333	300	305	308	97	4.11e-115	338	putative mitochondrial transporter UCP3 isoform 1 [Miniopterus schreibersii]	9433
XP_036170639.1	XP_081009456	54.333	300	305	308	97	4.11e-115	338	putative mitochondrial transporter UCP3 isoform 1 [Miniopterus schreibersii]	9433
XP_036170639.1	XP_080921205	54.125	303	305	311	97	5.85e-115	338	putative mitochondrial transporter UCP3 isoform 1 [Rhinolophus hipposideros]	77218
XP_036170639.1	XP_080921204	54.125	303	305	311	97	5.85e-115	338	putative mitochondrial transporter UCP3 isoform 1 [Rhinolophus hipposideros]	77218
XP_036170639.1	XP_054432234	53.311	302	305	311	97	6.60e-115	338	putative mitochondrial transporter UCP3 isoform X1 [Pteronotus mesoamericanus]	1884717
XP_036170639.1	XP_079645493	53.846	299	305	308	97	1.32e-114	337	putative mitochondrial transporter UCP3 isoform 1 [Cnephaeus nilssonii]	3371016
XP_036170639.1	XP_006777995	53.465	303	305	311	97	1.51e-114	337	PREDICTED: mitochondrial uncoupling protein 3 [Myotis davidii]	225400
XP_036170639.1	XP_053781725	54.305	302	305	311	97	1.65e-114	337	putative mitochondrial transporter UCP3 [Desmodus rotundus]	9430
XP_036170639.1	XP_032976921	53.795	303	305	311	97	1.82e-114	337	mitochondrial uncoupling protein 3 [Rhinolophus ferrumequinum]	59479
XP_036170639.1	XP_024898700	53.311	302	305	311	97	5.08e-114	336	mitochondrial uncoupling protein 3 [Pteropus alecto]	9402
XP_036170639.1	XP_036180896	53.465	303	305	311	97	5.43e-114	336	mitochondrial uncoupling protein 3 isoform X1 [Myotis myotis]	51298
XP_036170639.1	XP_016016934	52.980	302	305	311	97	6.61e-114	336	mitochondrial uncoupling protein 3 isoform X1 [Rousettus aegyptiacus]	9407
XP_036170639.1	XP_059564465	53.465	303	305	311	97	8.40e-114	335	putative mitochondrial transporter UCP3 isoform X1 [Myotis daubentonii]	98922
XP_036170639.1	XP_059564463	53.465	303	305	311	97	8.40e-114	335	putative mitochondrial transporter UCP3 isoform X1 [Myotis daubentonii]	98922
XP_036170639.1	XP_059564462	53.465	303	305	311	97	8.40e-114	335	putative mitochondrial transporter UCP3 isoform X1 [Myotis daubentonii]	98922
XP_036170639.1	XP_059564461	53.465	303	305	311	97	8.40e-114	335	putative mitochondrial transporter UCP3 isoform X1 [Myotis daubentonii]	98922
XP_036170639.1	XP_059564460	53.465	303	305	311	97	8.40e-114	335	putative mitochondrial transporter UCP3 isoform X1 [Myotis daubentonii]	98922
XP_036170639.1	XP_059564459	53.465	303	305	311	97	8.40e-114	335	putative mitochondrial transporter UCP3 isoform X1 [Myotis daubentonii]	98922
XP_036170639.1	XP_059564458	53.465	303	305	311	97	8.40e-114	335	putative mitochondrial transporter UCP3 isoform X1 [Myotis daubentonii]	98922
XP_036170639.1	XP_059564457	53.465	303	305	311	97	8.40e-114	335	putative mitochondrial transporter UCP3 isoform X1 [Myotis daubentonii]	98922
XP_036170639.1	XP_045673774	53.947	304	305	311	97	8.97e-114	335	mitochondrial uncoupling protein 3 [Phyllostomus hastatus]	9423
XP_036170639.1	XP_028371385	53.947	304	305	311	97	1.15e-113	335	mitochondrial uncoupling protein 3 isoform X4 [Phyllostomus discolor]	89673
XP_036170639.1	XP_054580867	53.974	302	305	311	97	1.80e-113	335	mitochondrial uncoupling protein 3 [Eptesicus fuscus]	29078
XP_036170639.1	XP_054580866	53.974	302	305	311	97	1.80e-113	335	mitochondrial uncoupling protein 3 [Eptesicus fuscus]	29078
XP_036170639.1	XP_080543664	53.795	303	305	311	97	2.82e-113	334	putative mitochondrial transporter UCP3 isoform 2 [Plecotus auritus]	61862
XP_036170639.1	XP_080543663	53.795	303	305	311	97	2.82e-113	334	putative mitochondrial transporter UCP3 isoform 2 [Plecotus auritus]	61862
XP_036170639.1	XP_080954845	53.311	302	305	311	97	4.32e-113	333	putative mitochondrial transporter UCP3 isoform 1 [Myotis nattereri]	109481
XP_036170639.1	XP_080954844	53.311	302	305	311	97	4.32e-113	333	putative mitochondrial transporter UCP3 isoform 1 [Myotis nattereri]	109481
XP_036170639.1	XP_080954842	53.311	302	305	311	97	4.32e-113	333	putative mitochondrial transporter UCP3 isoform 1 [Myotis nattereri]	109481
XP_036170639.1	XP_070281708	52.805	303	305	311	97	1.79e-112	332	putative mitochondrial transporter UCP3 [Myotis yumanensis]	159337
XP_036170639.1	XP_035884715	53.947	304	305	364	97	1.90e-112	334	mitochondrial uncoupling protein 3 isoform X3 [Phyllostomus discolor]	89673
XP_036170639.1	XP_035884714	53.947	304	305	373	97	1.90e-112	334	mitochondrial uncoupling protein 3 isoform X2 [Phyllostomus discolor]	89673
XP_036170639.1	XP_005867145	52.805	303	305	311	97	2.32e-112	332	PREDICTED: mitochondrial uncoupling protein 3 isoform X1 [Myotis brandtii]	109478
XP_036170639.1	XP_014395917	52.805	303	305	311	97	2.32e-112	332	PREDICTED: mitochondrial uncoupling protein 3 isoform X1 [Myotis brandtii]	109478
XP_036170639.1	XP_035884713	53.947	304	305	375	97	2.87e-112	334	mitochondrial uncoupling protein 3 isoform X1 [Phyllostomus discolor]	89673
XP_036170639.1	XP_019599976	52.805	303	305	311	97	8.41e-112	330	putative mitochondrial transporter UCP3 [Rhinolophus sinicus]	89399
XP_036170639.1	XP_036282715	54.636	302	305	372	97	9.74e-112	332	mitochondrial uncoupling protein 3 [Pipistrellus kuhlii]	59472
XP_036170639.1	XP_080954843	53.311	302	305	417	97	2.11e-111	333	putative mitochondrial transporter UCP3 isoform 2 [Myotis nattereri]	109481
XP_036170639.1	XP_079621942	52.333	300	305	299	97	2.15e-107	319	LOW QUALITY PROTEIN: dicarboxylate carrier SLC25A8-like [Cnephaeus nilssonii]	3371016
XP_036170639.1	XP_054585296	58.367	245	305	267	80	7.78e-107	316	dicarboxylate carrier SLC25A8-like [Eptesicus fuscus]	29078
XP_036170639.1	XP_036180912	56.410	273	305	357	88	2.29e-106	318	mitochondrial uncoupling protein 2 isoform X2 [Myotis myotis]	51298
XP_036170639.1	XP_059564466	52.669	281	305	291	90	7.87e-100	299	putative mitochondrial transporter UCP3 isoform X2 [Myotis daubentonii]	98922
XP_036170639.1	XP_019504887	53.069	277	305	296	89	1.64e-99	298	PREDICTED: mitochondrial uncoupling protein 3 isoform X2 [Hipposideros armiger]	186990
XP_036170639.1	XP_053526867	53.261	276	305	274	88	1.23e-98	295	mitochondrial uncoupling protein 3 isoform X2 [Artibeus jamaicensis]	9417
XP_036170639.1	XP_059564467	52.727	275	305	276	88	1.92e-98	295	putative mitochondrial transporter UCP3 isoform X3 [Myotis daubentonii]	98922
XP_036170639.1	XP_080543662	53.069	277	305	319	89	4.10e-98	296	putative mitochondrial transporter UCP3 isoform 1 [Plecotus auritus]	61862
XP_036170639.1	XP_080543661	53.069	277	305	319	89	4.10e-98	296	putative mitochondrial transporter UCP3 isoform 1 [Plecotus auritus]	61862
XP_036170639.1	XP_054432235	51.825	274	305	277	88	6.39e-98	294	putative mitochondrial transporter UCP3 isoform X2 [Pteronotus mesoamericanus]	1884717
XP_036170639.1	XP_016016935	52.190	274	305	279	88	9.07e-98	293	mitochondrial uncoupling protein 3 isoform X2 [Rousettus aegyptiacus]	9407
XP_036170639.1	XP_036180897	52.727	275	305	373	88	3.38e-97	295	mitochondrial uncoupling protein 3 isoform X2 [Myotis myotis]	51298
XP_036170639.1	XP_014395918	52.000	275	305	274	88	5.18e-97	291	PREDICTED: mitochondrial uncoupling protein 3 isoform X2 [Myotis brandtii]	109478
XP_036170639.1	XP_036180898	52.874	261	305	352	83	7.20e-95	289	mitochondrial uncoupling protein 3 isoform X3 [Myotis myotis]	51298
XP_036170639.1	XP_079645494	48.495	299	305	274	97	8.29e-93	281	putative mitochondrial transporter UCP3 isoform 2 [Cnephaeus nilssonii]	3371016
XP_036170639.1	XP_016014423	32.881	295	305	323	90	8.90e-53	180	mitochondrial uncoupling protein 4 isoform X3 [Rousettus aegyptiacus]	9407
XP_036170639.1	XP_006926539	32.881	295	305	323	90	9.91e-53	180	mitochondrial uncoupling protein 4 isoform X3 [Pteropus alecto]	9402
XP_036170639.1	XP_011353079	32.881	295	305	323	90	1.01e-52	180	mitochondrial uncoupling protein 4 isoform X3 [Pteropus vampyrus]	132908
XP_036170639.1	XP_019523077	32.095	296	305	323	91	1.29e-52	179	PREDICTED: mitochondrial uncoupling protein 4 isoform X2 [Hipposideros armiger]	186990
XP_036170639.1	XP_016071453	34.875	281	305	290	90	2.13e-52	178	PREDICTED: brain mitochondrial carrier protein 1 isoform X3 [Miniopterus natalensis]	291302
XP_036170639.1	XP_016071452	34.875	281	305	290	90	2.13e-52	178	PREDICTED: brain mitochondrial carrier protein 1 isoform X3 [Miniopterus natalensis]	291302
XP_036170639.1	XP_016071451	34.875	281	305	290	90	2.13e-52	178	PREDICTED: brain mitochondrial carrier protein 1 isoform X3 [Miniopterus natalensis]	291302
XP_036170639.1	XP_080981483	34.875	281	305	290	90	2.13e-52	178	brain mitochondrial carrier protein 1 isoform 4 [Miniopterus schreibersii]	9433
XP_036170639.1	XP_027984655	34.875	281	305	290	90	2.70e-52	177	brain mitochondrial carrier protein 1 isoform X1 [Eptesicus fuscus]	29078
XP_036170639.1	XP_008152114	34.875	281	305	290	90	2.70e-52	177	brain mitochondrial carrier protein 1 isoform X1 [Eptesicus fuscus]	29078
XP_036170639.1	XP_045439484	34.875	281	305	290	90	2.70e-52	177	brain mitochondrial carrier protein 1 isoform X4 [Pipistrellus kuhlii]	59472
XP_036170639.1	XP_036299306	34.875	281	305	290	90	2.70e-52	177	brain mitochondrial carrier protein 1 isoform X4 [Pipistrellus kuhlii]	59472
XP_036170639.1	XP_036299303	34.875	281	305	290	90	2.70e-52	177	brain mitochondrial carrier protein 1 isoform X4 [Pipistrellus kuhlii]	59472
XP_036170639.1	XP_080508221	34.875	281	305	290	90	2.70e-52	177	brain mitochondrial carrier protein 1 isoform 4 [Plecotus auritus]	61862
XP_036170639.1	XP_045708207	34.875	281	305	290	90	2.97e-52	177	brain mitochondrial carrier protein 1 isoform X1 [Phyllostomus hastatus]	9423
XP_036170639.1	XP_045708206	34.875	281	305	290	90	2.97e-52	177	brain mitochondrial carrier protein 1 isoform X1 [Phyllostomus hastatus]	9423
XP_036170639.1	XP_045708203	34.875	281	305	290	90	2.97e-52	177	brain mitochondrial carrier protein 1 isoform X1 [Phyllostomus hastatus]	9423
XP_036170639.1	XP_035872206	34.875	281	305	290	90	2.97e-52	177	brain mitochondrial carrier protein 1 isoform X4 [Phyllostomus discolor]	89673
XP_036170639.1	XP_016071450	35.000	280	305	322	89	3.41e-52	178	PREDICTED: brain mitochondrial carrier protein 1 isoform X2 [Miniopterus natalensis]	291302
XP_036170639.1	XP_080981482	35.000	280	305	322	89	3.41e-52	178	brain mitochondrial carrier protein 1 isoform 3 [Miniopterus schreibersii]	9433
XP_036170639.1	XP_019590244	32.542	295	305	323	90	3.54e-52	178	mitochondrial uncoupling protein 4 isoform X1 [Rhinolophus sinicus]	89399
XP_036170639.1	XP_080891378	32.542	295	305	323	90	3.86e-52	178	mitochondrial uncoupling protein 4 isoform 3 [Rhinolophus hipposideros]	77218
XP_036170639.1	XP_054432937	34.875	281	305	290	90	3.88e-52	177	brain mitochondrial carrier protein 1 isoform X2 [Pteronotus mesoamericanus]	1884717
XP_036170639.1	XP_059536354	34.875	281	305	290	90	3.88e-52	177	brain mitochondrial carrier protein 1 isoform X4 [Myotis daubentonii]	98922
XP_036170639.1	XP_059536353	34.875	281	305	290	90	3.88e-52	177	brain mitochondrial carrier protein 1 isoform X4 [Myotis daubentonii]	98922
XP_036170639.1	XP_015423394	34.875	281	305	290	90	3.88e-52	177	PREDICTED: brain mitochondrial carrier protein 1 isoform X1 [Myotis davidii]	225400
XP_036170639.1	XP_006769940	34.875	281	305	290	90	3.88e-52	177	PREDICTED: brain mitochondrial carrier protein 1 isoform X1 [Myotis davidii]	225400
XP_036170639.1	XP_015423392	34.875	281	305	290	90	3.88e-52	177	PREDICTED: brain mitochondrial carrier protein 1 isoform X1 [Myotis davidii]	225400
XP_036170639.1	XP_006769939	34.875	281	305	290	90	3.88e-52	177	PREDICTED: brain mitochondrial carrier protein 1 isoform X1 [Myotis davidii]	225400
XP_036170639.1	XP_006769938	34.875	281	305	290	90	3.88e-52	177	PREDICTED: brain mitochondrial carrier protein 1 isoform X1 [Myotis davidii]	225400
XP_036170639.1	XP_006769934	34.875	281	305	290	90	3.88e-52	177	PREDICTED: brain mitochondrial carrier protein 1 isoform X1 [Myotis davidii]	225400
XP_036170639.1	XP_005872805	34.875	281	305	290	90	3.88e-52	177	PREDICTED: brain mitochondrial carrier protein 1 isoform X1 [Myotis brandtii]	109478
XP_036170639.1	XP_005872804	34.875	281	305	290	90	3.88e-52	177	PREDICTED: brain mitochondrial carrier protein 1 isoform X1 [Myotis brandtii]	109478
XP_036170639.1	XP_036161267	34.875	281	305	290	90	3.88e-52	177	brain mitochondrial carrier protein 1 isoform X4 [Myotis myotis]	51298
XP_036170639.1	XP_036161266	34.875	281	305	290	90	3.88e-52	177	brain mitochondrial carrier protein 1 isoform X4 [Myotis myotis]	51298
XP_036170639.1	XP_036161265	34.875	281	305	290	90	3.88e-52	177	brain mitochondrial carrier protein 1 isoform X4 [Myotis myotis]	51298
XP_036170639.1	XP_036161264	34.875	281	305	290	90	3.88e-52	177	brain mitochondrial carrier protein 1 isoform X4 [Myotis myotis]	51298
XP_036170639.1	XP_036161263	34.875	281	305	290	90	3.88e-52	177	brain mitochondrial carrier protein 1 isoform X4 [Myotis myotis]	51298
XP_036170639.1	XP_036161262	34.875	281	305	290	90	3.88e-52	177	brain mitochondrial carrier protein 1 isoform X4 [Myotis myotis]	51298
XP_036170639.1	XP_036161261	34.875	281	305	290	90	3.88e-52	177	brain mitochondrial carrier protein 1 isoform X4 [Myotis myotis]	51298
XP_036170639.1	XP_036161260	34.875	281	305	290	90	3.88e-52	177	brain mitochondrial carrier protein 1 isoform X4 [Myotis myotis]	51298
XP_036170639.1	XP_036126610	34.875	281	305	290	90	3.88e-52	177	brain mitochondrial carrier protein 1 isoform X1 [Molossus molossus]	27622
XP_036170639.1	XP_006082171	34.875	281	305	290	90	3.88e-52	177	brain mitochondrial carrier protein 1 isoform X4 [Myotis lucifugus]	59463
XP_036170639.1	XP_006082170	34.875	281	305	290	90	3.88e-52	177	brain mitochondrial carrier protein 1 isoform X4 [Myotis lucifugus]	59463
XP_036170639.1	XP_080971288	34.875	281	305	290	90	3.88e-52	177	brain mitochondrial carrier protein 1 isoform 3 [Myotis nattereri]	109481
XP_036170639.1	XP_016071449	35.000	280	305	325	89	4.53e-52	178	PREDICTED: brain mitochondrial carrier protein 1 isoform X1 [Miniopterus natalensis]	291302
XP_036170639.1	XP_080981481	35.000	280	305	325	89	4.53e-52	178	brain mitochondrial carrier protein 1 isoform 2 [Miniopterus schreibersii]	9433
XP_036170639.1	XP_006099766	33.103	290	305	323	89	4.94e-52	178	mitochondrial uncoupling protein 4 isoform X2 [Myotis lucifugus]	59463
XP_036170639.1	XP_045708205	35.000	280	305	322	89	5.90e-52	178	brain mitochondrial carrier protein 1 isoform X3 [Phyllostomus hastatus]	9423
XP_036170639.1	XP_035872205	35.000	280	305	322	89	5.90e-52	178	brain mitochondrial carrier protein 1 isoform X3 [Phyllostomus discolor]	89673
XP_036170639.1	XP_059536352	34.875	281	305	322	90	6.02e-52	178	brain mitochondrial carrier protein 1 isoform X3 [Myotis daubentonii]	98922
XP_036170639.1	XP_006769937	34.875	281	305	322	90	6.02e-52	178	PREDICTED: brain mitochondrial carrier protein 1 isoform X3 [Myotis davidii]	225400
XP_036170639.1	XP_014400455	34.875	281	305	322	90	6.02e-52	178	PREDICTED: brain mitochondrial carrier protein 1 isoform X3 [Myotis brandtii]	109478
XP_036170639.1	XP_036161259	34.875	281	305	322	90	6.02e-52	178	brain mitochondrial carrier protein 1 isoform X3 [Myotis myotis]	51298
XP_036170639.1	XP_006082168	34.875	281	305	322	90	6.02e-52	178	brain mitochondrial carrier protein 1 isoform X3 [Myotis lucifugus]	59463
XP_036170639.1	XP_080508219	34.875	281	305	325	90	6.05e-52	178	brain mitochondrial carrier protein 1 isoform 2 [Plecotus auritus]	61862
XP_036170639.1	XP_080508220	34.875	281	305	322	90	6.15e-52	178	brain mitochondrial carrier protein 1 isoform 3 [Plecotus auritus]	61862
XP_036170639.1	XP_079621962	34.875	281	305	325	90	6.18e-52	178	brain mitochondrial carrier protein 1 isoform 2 [Cnephaeus nilssonii]	3371016
XP_036170639.1	XP_036299301	34.875	281	305	325	90	6.52e-52	178	brain mitochondrial carrier protein 1 isoform X2 [Pipistrellus kuhlii]	59472
XP_036170639.1	XP_036299302	34.875	281	305	322	90	6.56e-52	177	brain mitochondrial carrier protein 1 isoform X3 [Pipistrellus kuhlii]	59472
XP_036170639.1	XP_053518353	35.000	280	305	322	89	6.78e-52	177	brain mitochondrial carrier protein 1 isoform X3 [Artibeus jamaicensis]	9417
XP_036170639.1	XP_037003021	35.000	280	305	325	89	6.81e-52	177	brain mitochondrial carrier protein 1 isoform X2 [Artibeus jamaicensis]	9417
XP_036170639.1	XP_059536351	34.875	281	305	325	90	6.88e-52	177	brain mitochondrial carrier protein 1 isoform X2 [Myotis daubentonii]	98922
XP_036170639.1	XP_006769936	34.875	281	305	325	90	6.88e-52	177	PREDICTED: brain mitochondrial carrier protein 1 isoform X2 [Myotis davidii]	225400
XP_036170639.1	XP_014400454	34.875	281	305	325	90	6.88e-52	177	PREDICTED: brain mitochondrial carrier protein 1 isoform X2 [Myotis brandtii]	109478
XP_036170639.1	XP_036161258	34.875	281	305	325	90	6.88e-52	177	brain mitochondrial carrier protein 1 isoform X2 [Myotis myotis]	51298
XP_036170639.1	XP_006082167	34.875	281	305	325	90	6.88e-52	177	brain mitochondrial carrier protein 1 isoform X2 [Myotis lucifugus]	59463
XP_036170639.1	XP_036915227	35.000	280	305	325	89	6.88e-52	177	brain mitochondrial carrier protein 1 isoform X2 [Sturnira hondurensis]	192404
XP_036170639.1	XP_036915228	35.000	280	305	322	89	7.00e-52	177	brain mitochondrial carrier protein 1 isoform X3 [Sturnira hondurensis]	192404
XP_036170639.1	XP_036104842	32.313	294	305	323	90	7.03e-52	177	mitochondrial uncoupling protein 4 [Molossus molossus]	27622
XP_036170639.1	XP_045056977	35.000	280	305	322	89	7.07e-52	177	brain mitochondrial carrier protein 1 isoform X3 [Desmodus rotundus]	9430
XP_036170639.1	XP_036126611	35.000	280	305	325	89	7.49e-52	177	brain mitochondrial carrier protein 1 isoform X2 [Molossus molossus]	27622
XP_036170639.1	XP_080971287	34.875	281	305	325	90	7.82e-52	177	brain mitochondrial carrier protein 1 isoform 2 [Myotis nattereri]	109481
XP_036170639.1	XP_036910189	32.653	294	305	323	90	8.17e-52	177	mitochondrial uncoupling protein 4 isoform X2 [Sturnira hondurensis]	192404
XP_036170639.1	XP_053773566	35.000	280	305	325	89	8.25e-52	177	brain mitochondrial carrier protein 1 isoform X2 [Desmodus rotundus]	9430
XP_036170639.1	XP_054432936	35.000	280	305	325	89	8.25e-52	177	brain mitochondrial carrier protein 1 isoform X1 [Pteronotus mesoamericanus]	1884717
XP_036170639.1	XP_045708204	35.000	280	305	325	89	8.25e-52	177	brain mitochondrial carrier protein 1 isoform X2 [Phyllostomus hastatus]	9423
XP_036170639.1	XP_028378769	35.000	280	305	325	89	8.25e-52	177	brain mitochondrial carrier protein 1 isoform X2 [Phyllostomus discolor]	89673
XP_036170639.1	XP_024413557	32.313	294	305	323	90	9.91e-52	177	mitochondrial uncoupling protein 4 isoform X2 [Desmodus rotundus]	9430
XP_036170639.1	XP_032963158	34.752	282	305	290	90	9.99e-52	176	brain mitochondrial carrier protein 1 isoform X3 [Rhinolophus ferrumequinum]	59479
XP_036170639.1	XP_080899366	34.752	282	305	290	90	9.99e-52	176	brain mitochondrial carrier protein 1 isoform 3 [Rhinolophus hipposideros]	77218
XP_036170639.1	XP_080981480	34.643	280	305	344	89	1.23e-51	177	brain mitochondrial carrier protein 1 isoform 1 [Miniopterus schreibersii]	9433
XP_036170639.1	XP_080981479	34.643	280	305	344	89	1.23e-51	177	brain mitochondrial carrier protein 1 isoform 1 [Miniopterus schreibersii]	9433
XP_036170639.1	XP_066106047	34.643	280	305	322	89	1.30e-51	177	brain mitochondrial carrier protein 1 isoform X4 [Saccopteryx bilineata]	59482
XP_036170639.1	XP_066213240	34.643	280	305	325	89	1.35e-51	177	brain mitochondrial carrier protein 1 isoform X3 [Saccopteryx leptura]	249018
XP_036170639.1	XP_066106046	34.643	280	305	325	89	1.41e-51	177	brain mitochondrial carrier protein 1 isoform X3 [Saccopteryx bilineata]	59482
XP_036170639.1	XP_037003020	35.000	280	305	344	89	1.49e-51	177	brain mitochondrial carrier protein 1 isoform X1 [Artibeus jamaicensis]	9417
XP_036170639.1	XP_036269097	32.759	290	305	323	89	1.52e-51	177	mitochondrial uncoupling protein 4 isoform X3 [Pipistrellus kuhlii]	59472
XP_036170639.1	XP_036998459	32.653	294	305	323	90	1.62e-51	177	mitochondrial uncoupling protein 4 isoform X2 [Artibeus jamaicensis]	9417
XP_036170639.1	XP_032956999	32.203	295	305	323	90	1.64e-51	177	mitochondrial uncoupling protein 4 isoform X2 [Rhinolophus ferrumequinum]	59479
XP_036170639.1	XP_036299300	34.875	281	305	344	90	1.67e-51	177	brain mitochondrial carrier protein 1 isoform X1 [Pipistrellus kuhlii]	59472
XP_036170639.1	XP_080508218	34.520	281	305	344	90	1.69e-51	177	brain mitochondrial carrier protein 1 isoform 1 [Plecotus auritus]	61862
XP_036170639.1	XP_080508217	34.520	281	305	344	90	1.69e-51	177	brain mitochondrial carrier protein 1 isoform 1 [Plecotus auritus]	61862
XP_036170639.1	XP_066213242	34.643	280	305	322	89	1.83e-51	176	brain mitochondrial carrier protein 1 isoform X4 [Saccopteryx leptura]	249018
XP_036170639.1	XP_059536350	34.875	281	305	344	90	1.88e-51	177	brain mitochondrial carrier protein 1 isoform X1 [Myotis daubentonii]	98922
XP_036170639.1	XP_036161257	34.875	281	305	344	90	1.88e-51	177	brain mitochondrial carrier protein 1 isoform X1 [Myotis myotis]	51298
XP_036170639.1	XP_080971286	34.875	281	305	344	90	1.88e-51	177	brain mitochondrial carrier protein 1 isoform 1 [Myotis nattereri]	109481
XP_036170639.1	XP_032963139	34.752	282	305	325	90	1.90e-51	176	brain mitochondrial carrier protein 1 isoform X1 [Rhinolophus ferrumequinum]	59479
XP_036170639.1	XP_080899364	34.752	282	305	325	90	1.90e-51	176	brain mitochondrial carrier protein 1 isoform 1 [Rhinolophus hipposideros]	77218
XP_036170639.1	XP_019572575	34.752	282	305	325	90	1.90e-51	176	brain mitochondrial carrier protein 1 isoform X2 [Rhinolophus sinicus]	89399
XP_036170639.1	XP_045699287	32.313	294	305	323	90	1.92e-51	176	mitochondrial uncoupling protein 4 isoform X2 [Phyllostomus hastatus]	9423
XP_036170639.1	XP_028365173	32.313	294	305	323	90	1.92e-51	176	mitochondrial uncoupling protein 4 isoform X2 [Phyllostomus discolor]	89673
XP_036170639.1	XP_079621961	34.520	281	305	344	90	1.98e-51	177	brain mitochondrial carrier protein 1 isoform 1 [Cnephaeus nilssonii]	3371016
XP_036170639.1	XP_032963150	34.752	282	305	322	90	2.30e-51	176	brain mitochondrial carrier protein 1 isoform X2 [Rhinolophus ferrumequinum]	59479
XP_036170639.1	XP_080899365	34.752	282	305	322	90	2.30e-51	176	brain mitochondrial carrier protein 1 isoform 2 [Rhinolophus hipposideros]	77218
XP_036170639.1	XP_019572576	34.752	282	305	322	90	2.30e-51	176	brain mitochondrial carrier protein 1 isoform X3 [Rhinolophus sinicus]	89399
XP_036170639.1	XP_006082165	34.520	281	305	344	90	2.30e-51	177	brain mitochondrial carrier protein 1 isoform X1 [Myotis lucifugus]	59463
XP_036170639.1	XP_028378768	34.643	280	305	344	89	2.35e-51	177	brain mitochondrial carrier protein 1 isoform X1 [Phyllostomus discolor]	89673
XP_036170639.1	XP_036915225	34.643	280	305	344	89	2.38e-51	177	brain mitochondrial carrier protein 1 isoform X1 [Sturnira hondurensis]	192404
XP_036170639.1	XP_053773564	34.643	280	305	344	89	2.54e-51	177	brain mitochondrial carrier protein 1 isoform X1 [Desmodus rotundus]	9430
XP_036170639.1	XP_015445343	35.000	280	305	325	89	3.32e-51	176	brain mitochondrial carrier protein 1 isoform X2 [Pteropus alecto]	9402
XP_036170639.1	XP_016008273	35.000	280	305	325	89	3.32e-51	176	brain mitochondrial carrier protein 1 isoform X2 [Rousettus aegyptiacus]	9407
XP_036170639.1	XP_016008274	35.000	280	305	325	89	3.32e-51	176	brain mitochondrial carrier protein 1 isoform X2 [Rousettus aegyptiacus]	9407
XP_036170639.1	XP_011382539	35.000	280	305	325	89	3.32e-51	176	brain mitochondrial carrier protein 1 isoform X2 [Pteropus vampyrus]	132908
XP_036170639.1	XP_039720917	35.000	280	305	325	89	3.32e-51	176	brain mitochondrial carrier protein 1 isoform X2 [Pteropus medius]	143291
XP_036170639.1	XP_015445344	35.000	280	305	322	89	3.84e-51	176	brain mitochondrial carrier protein 1 isoform X3 [Pteropus alecto]	9402
XP_036170639.1	XP_016008275	35.000	280	305	322	89	3.84e-51	176	brain mitochondrial carrier protein 1 isoform X3 [Rousettus aegyptiacus]	9407
XP_036170639.1	XP_036082895	35.000	280	305	322	89	3.84e-51	176	brain mitochondrial carrier protein 1 isoform X3 [Rousettus aegyptiacus]	9407
XP_036170639.1	XP_011382540	35.000	280	305	322	89	3.84e-51	176	brain mitochondrial carrier protein 1 isoform X3 [Pteropus vampyrus]	132908
XP_036170639.1	XP_039720918	35.000	280	305	322	89	3.84e-51	176	brain mitochondrial carrier protein 1 isoform X3 [Pteropus medius]	143291
XP_036170639.1	XP_070274565	32.414	290	305	323	89	3.98e-51	176	mitochondrial uncoupling protein 4 isoform X1 [Myotis yumanensis]	159337
XP_036170639.1	XP_066106043	34.286	280	305	344	89	4.10e-51	176	brain mitochondrial carrier protein 1 isoform X1 [Saccopteryx bilineata]	59482
XP_036170639.1	XP_066106042	34.286	280	305	344	89	4.10e-51	176	brain mitochondrial carrier protein 1 isoform X1 [Saccopteryx bilineata]	59482
XP_036170639.1	XP_066106041	34.286	280	305	344	89	4.10e-51	176	brain mitochondrial carrier protein 1 isoform X1 [Saccopteryx bilineata]	59482
XP_036170639.1	XP_019509493	34.397	282	305	325	90	4.11e-51	176	PREDICTED: brain mitochondrial carrier protein 1 isoform X2 [Hipposideros armiger]	186990
XP_036170639.1	XP_019509492	34.397	282	305	325	90	4.11e-51	176	PREDICTED: brain mitochondrial carrier protein 1 isoform X2 [Hipposideros armiger]	186990
XP_036170639.1	XP_005860993	32.759	290	305	323	89	4.93e-51	176	PREDICTED: mitochondrial uncoupling protein 4 isoform X2 [Myotis brandtii]	109478
XP_036170639.1	XP_066213238	34.286	280	305	344	89	5.24e-51	176	brain mitochondrial carrier protein 1 isoform X1 [Saccopteryx leptura]	249018
XP_036170639.1	XP_066213237	34.286	280	305	344	89	5.24e-51	176	brain mitochondrial carrier protein 1 isoform X1 [Saccopteryx leptura]	249018
XP_036170639.1	XP_054425432	32.203	295	305	323	90	5.32e-51	175	mitochondrial uncoupling protein 4 isoform X1 [Pteronotus mesoamericanus]	1884717
XP_036170639.1	XP_019509495	34.397	282	305	322	90	5.41e-51	175	PREDICTED: brain mitochondrial carrier protein 1 isoform X3 [Hipposideros armiger]	186990
XP_036170639.1	XP_019509494	34.397	282	305	322	90	5.41e-51	175	PREDICTED: brain mitochondrial carrier protein 1 isoform X3 [Hipposideros armiger]	186990
XP_036170639.1	XP_019572574	34.752	282	305	344	90	7.87e-51	176	brain mitochondrial carrier protein 1 isoform X1 [Rhinolophus sinicus]	89399
XP_036170639.1	XP_006912566	35.000	280	305	344	89	1.03e-50	175	brain mitochondrial carrier protein 1 isoform X1 [Pteropus alecto]	9402
XP_036170639.1	XP_011382537	35.000	280	305	344	89	1.03e-50	175	brain mitochondrial carrier protein 1 isoform X1 [Pteropus vampyrus]	132908
XP_036170639.1	XP_039720916	35.000	280	305	344	89	1.04e-50	175	brain mitochondrial carrier protein 1 isoform X1 [Pteropus medius]	143291
XP_036170639.1	XP_039720915	35.000	280	305	344	89	1.04e-50	175	brain mitochondrial carrier protein 1 isoform X1 [Pteropus medius]	143291
XP_036170639.1	XP_016008272	35.000	280	305	344	89	1.11e-50	175	brain mitochondrial carrier protein 1 isoform X1 [Rousettus aegyptiacus]	9407
XP_036170639.1	XP_080522587	32.302	291	305	323	89	1.52e-50	174	mitochondrial uncoupling protein 4 [Plecotus auritus]	61862
XP_036170639.1	XP_008151438	32.302	291	305	323	89	1.63e-50	174	mitochondrial uncoupling protein 4 isoform X1 [Eptesicus fuscus]	29078
XP_036170639.1	XP_079637110	32.302	291	305	323	89	1.63e-50	174	mitochondrial uncoupling protein 4 isoform 1 [Cnephaeus nilssonii]	3371016
XP_036170639.1	XP_036172059	32.069	290	305	323	89	1.80e-50	174	mitochondrial uncoupling protein 4 isoform X5 [Myotis myotis]	51298
XP_036170639.1	XP_019509491	34.397	282	305	344	90	1.85e-50	174	PREDICTED: brain mitochondrial carrier protein 1 isoform X1 [Hipposideros armiger]	186990
XP_036170639.1	XP_080950061	31.724	290	305	323	89	2.40e-50	174	mitochondrial uncoupling protein 4 [Myotis nattereri]	109481
XP_036170639.1	XP_080996474	32.203	295	305	323	90	3.24e-50	173	mitochondrial uncoupling protein 4 isoform 2 [Miniopterus schreibersii]	9433
XP_036170639.1	XP_059557493	31.724	290	305	323	89	5.53e-50	172	mitochondrial uncoupling protein 4 isoform X1 [Myotis daubentonii]	98922
XP_036170639.1	XP_006776477	32.069	290	305	323	89	5.53e-50	172	PREDICTED: mitochondrial uncoupling protein 4 isoform X2 [Myotis davidii]	225400
XP_036170639.1	XP_006099765	31.864	295	305	328	89	9.76e-50	172	mitochondrial uncoupling protein 4 isoform X1 [Myotis lucifugus]	59463
XP_036170639.1	XP_059564468	42.857	203	305	244	97	1.23e-49	169	putative mitochondrial transporter UCP3 isoform X4 [Myotis daubentonii]	98922
XP_036170639.1	XP_059564468	33.333	246	305	244	97	9.20e-32	123	putative mitochondrial transporter UCP3 isoform X4 [Myotis daubentonii]	98922
XP_036170639.1	XP_023619814	54.198	131	305	173	43	2.21e-49	166	mitochondrial uncoupling protein 3-like [Myotis lucifugus]	59463
XP_036170639.1	XP_066091296	33.688	282	305	291	90	2.99e-49	170	kidney mitochondrial carrier protein 1 isoform X1 [Saccopteryx bilineata]	59482
XP_036170639.1	XP_066091295	33.688	282	305	291	90	2.99e-49	170	kidney mitochondrial carrier protein 1 isoform X1 [Saccopteryx bilineata]	59482
XP_036170639.1	XP_036269094	31.525	295	305	328	89	3.23e-49	171	mitochondrial uncoupling protein 4 isoform X1 [Pipistrellus kuhlii]	59472
XP_036170639.1	XP_016014424	32.192	292	305	318	90	3.55e-49	171	mitochondrial uncoupling protein 4 isoform X4 [Rousettus aegyptiacus]	9407
XP_036170639.1	XP_066239815	33.808	281	305	291	89	3.55e-49	170	kidney mitochondrial carrier protein 1 [Saccopteryx leptura]	249018
XP_036170639.1	XP_016060925	33.688	282	305	291	90	3.66e-49	169	PREDICTED: kidney mitochondrial carrier protein 1 [Miniopterus natalensis]	291302
XP_036170639.1	XP_080983501	33.688	282	305	291	90	3.66e-49	169	kidney mitochondrial carrier protein 1 isoform 1 [Miniopterus schreibersii]	9433
XP_036170639.1	XP_080983500	33.688	282	305	291	90	3.66e-49	169	kidney mitochondrial carrier protein 1 isoform 1 [Miniopterus schreibersii]	9433
XP_036170639.1	XP_066215367	31.633	294	305	323	90	7.83e-49	170	mitochondrial uncoupling protein 4 isoform X3 [Saccopteryx leptura]	249018
XP_036170639.1	XP_005860992	31.525	295	305	328	89	1.00e-48	169	PREDICTED: mitochondrial uncoupling protein 4 isoform X1 [Myotis brandtii]	109478
XP_036170639.1	XP_054442329	32.979	282	305	291	90	2.68e-48	167	kidney mitochondrial carrier protein 1 [Pteronotus mesoamericanus]	1884717
XP_036170639.1	XP_054442328	32.979	282	305	291	90	2.68e-48	167	kidney mitochondrial carrier protein 1 [Pteronotus mesoamericanus]	1884717
XP_036170639.1	XP_066108035	31.973	294	305	323	90	3.07e-48	168	mitochondrial uncoupling protein 4 isoform X3 [Saccopteryx bilineata]	59482
XP_036170639.1	XP_036172056	30.847	295	305	328	89	3.27e-48	168	mitochondrial uncoupling protein 4 isoform X3 [Myotis myotis]	51298
XP_036170639.1	XP_019505881	33.452	281	305	293	89	3.29e-48	167	PREDICTED: kidney mitochondrial carrier protein 1 [Hipposideros armiger]	186990
XP_036170639.1	XP_019505879	33.452	281	305	293	89	3.29e-48	167	PREDICTED: kidney mitochondrial carrier protein 1 [Hipposideros armiger]	186990
XP_036170639.1	XP_019505878	33.452	281	305	293	89	3.29e-48	167	PREDICTED: kidney mitochondrial carrier protein 1 [Hipposideros armiger]	186990
XP_036170639.1	XP_019505877	33.452	281	305	293	89	3.29e-48	167	PREDICTED: kidney mitochondrial carrier protein 1 [Hipposideros armiger]	186990
XP_036170639.1	XP_036312810	33.688	282	305	291	90	3.86e-48	167	kidney mitochondrial carrier protein 1 isoform X1 [Pipistrellus kuhlii]	59472
XP_036170639.1	XP_024898396	33.688	282	305	322	86	3.99e-48	168	mitochondrial uncoupling protein 4 isoform X4 [Pteropus alecto]	9402
XP_036170639.1	XP_015455848	33.688	282	305	322	86	3.99e-48	168	mitochondrial uncoupling protein 4 isoform X4 [Pteropus alecto]	9402
XP_036170639.1	XP_015455847	33.688	282	305	322	86	3.99e-48	168	mitochondrial uncoupling protein 4 isoform X4 [Pteropus alecto]	9402
XP_036170639.1	XP_023383443	33.688	282	305	322	86	4.12e-48	168	mitochondrial uncoupling protein 4 isoform X4 [Pteropus vampyrus]	132908
XP_036170639.1	XP_054575783	33.688	282	305	291	90	4.39e-48	167	kidney mitochondrial carrier protein 1 isoform X1 [Eptesicus fuscus]	29078
XP_036170639.1	XP_024898398	33.688	282	305	304	86	5.64e-48	167	mitochondrial uncoupling protein 4 isoform X8 [Pteropus alecto]	9402
XP_036170639.1	XP_080516723	33.688	282	305	291	90	5.87e-48	166	kidney mitochondrial carrier protein 1 [Plecotus auritus]	61862
XP_036170639.1	XP_023383445	33.688	282	305	304	86	6.14e-48	167	mitochondrial uncoupling protein 4 isoform X7 [Pteropus vampyrus]	132908
XP_036170639.1	XP_079635736	33.688	282	305	291	90	6.81e-48	166	kidney mitochondrial carrier protein 1 isoform 1 [Cnephaeus nilssonii]	3371016
XP_036170639.1	XP_016014421	32.500	280	305	402	86	6.97e-48	169	mitochondrial uncoupling protein 4 isoform X1 [Rousettus aegyptiacus]	9407
XP_036170639.1	XP_053521406	33.569	283	305	291	90	9.80e-48	166	kidney mitochondrial carrier protein 1 [Artibeus jamaicensis]	9417
XP_036170639.1	XP_053521405	33.569	283	305	291	90	9.80e-48	166	kidney mitochondrial carrier protein 1 [Artibeus jamaicensis]	9417
XP_036170639.1	XP_037003263	33.569	283	305	291	90	9.80e-48	166	kidney mitochondrial carrier protein 1 [Artibeus jamaicensis]	9417
XP_036170639.1	XP_037003262	33.569	283	305	291	90	9.80e-48	166	kidney mitochondrial carrier protein 1 [Artibeus jamaicensis]	9417
XP_036170639.1	XP_070265147	33.333	282	305	291	90	1.01e-47	166	kidney mitochondrial carrier protein 1 [Myotis yumanensis]	159337
XP_036170639.1	XP_070265145	33.333	282	305	291	90	1.01e-47	166	kidney mitochondrial carrier protein 1 [Myotis yumanensis]	159337
XP_036170639.1	XP_059540647	33.333	282	305	291	90	1.01e-47	166	kidney mitochondrial carrier protein 1 isoform X1 [Myotis daubentonii]	98922
XP_036170639.1	XP_059540646	33.333	282	305	291	90	1.01e-47	166	kidney mitochondrial carrier protein 1 isoform X1 [Myotis daubentonii]	98922
XP_036170639.1	XP_059540645	33.333	282	305	291	90	1.01e-47	166	kidney mitochondrial carrier protein 1 isoform X1 [Myotis daubentonii]	98922
XP_036170639.1	XP_059540644	33.333	282	305	291	90	1.01e-47	166	kidney mitochondrial carrier protein 1 isoform X1 [Myotis daubentonii]	98922
XP_036170639.1	XP_059540643	33.333	282	305	291	90	1.01e-47	166	kidney mitochondrial carrier protein 1 isoform X1 [Myotis daubentonii]	98922
XP_036170639.1	XP_059540642	33.333	282	305	291	90	1.01e-47	166	kidney mitochondrial carrier protein 1 isoform X1 [Myotis daubentonii]	98922
XP_036170639.1	XP_005863281	33.333	282	305	291	90	1.01e-47	166	PREDICTED: kidney mitochondrial carrier protein 1 isoform X1 [Myotis brandtii]	109478
XP_036170639.1	XP_014392706	33.333	282	305	291	90	1.01e-47	166	PREDICTED: kidney mitochondrial carrier protein 1 isoform X1 [Myotis brandtii]	109478
XP_036170639.1	XP_005863279	33.333	282	305	291	90	1.01e-47	166	PREDICTED: kidney mitochondrial carrier protein 1 isoform X1 [Myotis brandtii]	109478
XP_036170639.1	XP_014392705	33.333	282	305	291	90	1.01e-47	166	PREDICTED: kidney mitochondrial carrier protein 1 isoform X1 [Myotis brandtii]	109478
XP_036170639.1	XP_005863282	33.333	282	305	291	90	1.01e-47	166	PREDICTED: kidney mitochondrial carrier protein 1 isoform X1 [Myotis brandtii]	109478
XP_036170639.1	XP_005863283	33.333	282	305	291	90	1.01e-47	166	PREDICTED: kidney mitochondrial carrier protein 1 isoform X1 [Myotis brandtii]	109478
XP_036170639.1	XP_036154548	33.333	282	305	291	90	1.01e-47	166	kidney mitochondrial carrier protein 1 isoform X1 [Myotis myotis]	51298
XP_036170639.1	XP_036154547	33.333	282	305	291	90	1.01e-47	166	kidney mitochondrial carrier protein 1 isoform X1 [Myotis myotis]	51298
XP_036170639.1	XP_080938903	33.333	282	305	291	90	1.01e-47	166	kidney mitochondrial carrier protein 1 [Myotis nattereri]	109481
XP_036170639.1	XP_006757246	33.333	282	305	291	90	1.05e-47	166	PREDICTED: kidney mitochondrial carrier protein 1 isoform X1 [Myotis davidii]	225400
XP_036170639.1	XP_006757245	33.333	282	305	291	90	1.05e-47	166	PREDICTED: kidney mitochondrial carrier protein 1 isoform X1 [Myotis davidii]	225400
XP_036170639.1	XP_015415170	33.333	282	305	291	90	1.05e-47	166	PREDICTED: kidney mitochondrial carrier protein 1 isoform X1 [Myotis davidii]	225400
XP_036170639.1	XP_006757243	33.333	282	305	291	90	1.05e-47	166	PREDICTED: kidney mitochondrial carrier protein 1 isoform X1 [Myotis davidii]	225400
XP_036170639.1	XP_006757242	33.333	282	305	291	90	1.05e-47	166	PREDICTED: kidney mitochondrial carrier protein 1 isoform X1 [Myotis davidii]	225400
XP_036170639.1	XP_006757241	33.333	282	305	291	90	1.05e-47	166	PREDICTED: kidney mitochondrial carrier protein 1 isoform X1 [Myotis davidii]	225400
XP_036170639.1	XP_011353078	33.688	282	305	328	86	1.07e-47	167	mitochondrial uncoupling protein 4 isoform X1 [Pteropus vampyrus]	132908
XP_036170639.1	XP_015427692	31.864	295	305	328	89	1.20e-47	167	PREDICTED: mitochondrial uncoupling protein 4 isoform X1 [Myotis davidii]	225400
XP_036170639.1	XP_080902111	33.688	282	305	293	90	1.23e-47	166	kidney mitochondrial carrier protein 1 isoform 1 [Rhinolophus hipposideros]	77218
XP_036170639.1	XP_080902110	33.688	282	305	293	90	1.23e-47	166	kidney mitochondrial carrier protein 1 isoform 1 [Rhinolophus hipposideros]	77218
XP_036170639.1	XP_024425377	33.333	282	305	291	90	1.47e-47	166	kidney mitochondrial carrier protein 1 isoform X2 [Desmodus rotundus]	9430
XP_036170639.1	XP_024425372	33.333	282	305	291	90	1.47e-47	166	kidney mitochondrial carrier protein 1 isoform X2 [Desmodus rotundus]	9430
XP_036170639.1	XP_015455846	33.688	282	305	328	86	1.50e-47	166	mitochondrial uncoupling protein 4 isoform X1 [Pteropus alecto]	9402
XP_036170639.1	XP_015455850	33.333	282	305	307	86	1.63e-47	166	mitochondrial uncoupling protein 4 isoform X7 [Pteropus alecto]	9402
XP_036170639.1	XP_045695135	33.333	282	305	291	90	1.80e-47	165	kidney mitochondrial carrier protein 1 [Phyllostomus hastatus]	9423
XP_036170639.1	XP_045695134	33.333	282	305	291	90	1.80e-47	165	kidney mitochondrial carrier protein 1 [Phyllostomus hastatus]	9423
XP_036170639.1	XP_045695133	33.333	282	305	291	90	1.80e-47	165	kidney mitochondrial carrier protein 1 [Phyllostomus hastatus]	9423
XP_036170639.1	XP_045695132	33.333	282	305	291	90	1.80e-47	165	kidney mitochondrial carrier protein 1 [Phyllostomus hastatus]	9423
XP_036170639.1	XP_035867238	33.333	282	305	291	90	1.80e-47	165	kidney mitochondrial carrier protein 1 [Phyllostomus discolor]	89673
XP_036170639.1	XP_035867237	33.333	282	305	291	90	1.80e-47	165	kidney mitochondrial carrier protein 1 [Phyllostomus discolor]	89673
XP_036170639.1	XP_028382511	33.333	282	305	291	90	1.80e-47	165	kidney mitochondrial carrier protein 1 [Phyllostomus discolor]	89673
XP_036170639.1	XP_035867236	33.333	282	305	291	90	1.80e-47	165	kidney mitochondrial carrier protein 1 [Phyllostomus discolor]	89673
XP_036170639.1	XP_011353082	33.333	282	305	307	86	1.93e-47	166	mitochondrial uncoupling protein 4 isoform X6 [Pteropus vampyrus]	132908
XP_036170639.1	XP_019523076	32.979	282	305	326	86	2.49e-47	166	PREDICTED: mitochondrial uncoupling protein 4 isoform X1 [Hipposideros armiger]	186990
XP_036170639.1	XP_074185410	33.452	281	305	293	89	2.57e-47	165	kidney mitochondrial carrier protein 1 [Rhinolophus sinicus]	89399
XP_036170639.1	XP_074185409	33.452	281	305	293	89	2.57e-47	165	kidney mitochondrial carrier protein 1 [Rhinolophus sinicus]	89399
XP_036170639.1	XP_019612532	33.452	281	305	293	89	2.57e-47	165	kidney mitochondrial carrier protein 1 [Rhinolophus sinicus]	89399
XP_036170639.1	XP_074185408	33.452	281	305	293	89	2.57e-47	165	kidney mitochondrial carrier protein 1 [Rhinolophus sinicus]	89399
XP_036170639.1	XP_074185407	33.452	281	305	293	89	2.57e-47	165	kidney mitochondrial carrier protein 1 [Rhinolophus sinicus]	89399
XP_036170639.1	XP_074185406	33.452	281	305	293	89	2.57e-47	165	kidney mitochondrial carrier protein 1 [Rhinolophus sinicus]	89399
XP_036170639.1	XP_074185405	33.452	281	305	293	89	2.57e-47	165	kidney mitochondrial carrier protein 1 [Rhinolophus sinicus]	89399
XP_036170639.1	XP_074185404	33.452	281	305	293	89	2.57e-47	165	kidney mitochondrial carrier protein 1 [Rhinolophus sinicus]	89399
XP_036170639.1	XP_019612530	33.452	281	305	293	89	2.57e-47	165	kidney mitochondrial carrier protein 1 [Rhinolophus sinicus]	89399
XP_036170639.1	XP_074185402	33.452	281	305	293	89	2.57e-47	165	kidney mitochondrial carrier protein 1 [Rhinolophus sinicus]	89399
XP_036170639.1	XP_019612528	33.452	281	305	293	89	2.57e-47	165	kidney mitochondrial carrier protein 1 [Rhinolophus sinicus]	89399
XP_036170639.1	XP_023383444	33.571	280	305	311	86	2.57e-47	166	mitochondrial uncoupling protein 4 isoform X5 [Pteropus vampyrus]	132908
XP_036170639.1	XP_015455849	33.571	280	305	311	86	2.66e-47	166	mitochondrial uncoupling protein 4 isoform X6 [Pteropus alecto]	9402
XP_036170639.1	XP_019590245	33.333	282	305	318	86	3.11e-47	166	mitochondrial uncoupling protein 4 isoform X2 [Rhinolophus sinicus]	89399
XP_036170639.1	XP_024898397	33.571	280	305	320	86	3.60e-47	165	mitochondrial uncoupling protein 4 isoform X5 [Pteropus alecto]	9402
XP_036170639.1	XP_080891376	33.333	282	305	328	86	3.97e-47	166	mitochondrial uncoupling protein 4 isoform 1 [Rhinolophus hipposideros]	77218
XP_036170639.1	XP_036897651	33.922	283	305	291	90	4.16e-47	164	kidney mitochondrial carrier protein 1 [Sturnira hondurensis]	192404
XP_036170639.1	XP_036897642	33.922	283	305	291	90	4.16e-47	164	kidney mitochondrial carrier protein 1 [Sturnira hondurensis]	192404
XP_036170639.1	XP_019523079	32.857	280	305	311	86	4.43e-47	165	PREDICTED: mitochondrial uncoupling protein 4 isoform X3 [Hipposideros armiger]	186990
XP_036170639.1	XP_019590246	33.214	280	305	311	86	8.32e-47	164	mitochondrial uncoupling protein 4 isoform X3 [Rhinolophus sinicus]	89399
XP_036170639.1	XP_080891379	33.214	280	305	311	86	9.98e-47	164	mitochondrial uncoupling protein 4 isoform 4 [Rhinolophus hipposideros]	77218
XP_036170639.1	XP_045699288	33.096	281	305	322	86	1.08e-46	164	mitochondrial uncoupling protein 4 isoform X3 [Phyllostomus hastatus]	9423
XP_036170639.1	XP_066106045	34.545	275	305	334	88	1.15e-46	164	brain mitochondrial carrier protein 1 isoform X2 [Saccopteryx bilineata]	59482
XP_036170639.1	XP_066106044	34.545	275	305	334	88	1.15e-46	164	brain mitochondrial carrier protein 1 isoform X2 [Saccopteryx bilineata]	59482
XP_036170639.1	XP_066213239	34.545	275	305	334	88	1.35e-46	164	brain mitochondrial carrier protein 1 isoform X2 [Saccopteryx leptura]	249018
XP_036170639.1	XP_032957006	32.292	288	305	311	88	1.76e-46	163	mitochondrial uncoupling protein 4 isoform X3 [Rhinolophus ferrumequinum]	59479
XP_036170639.1	XP_006915025	33.569	283	305	293	90	1.86e-46	162	kidney mitochondrial carrier protein 1 isoform X1 [Pteropus alecto]	9402
XP_036170639.1	XP_032956991	32.979	282	305	328	86	1.98e-46	164	mitochondrial uncoupling protein 4 isoform X1 [Rhinolophus ferrumequinum]	59479
XP_036170639.1	XP_036910199	33.214	280	305	318	86	2.05e-46	163	mitochondrial uncoupling protein 4 isoform X3 [Sturnira hondurensis]	192404
XP_036170639.1	XP_045049244	32.975	279	305	301	86	2.41e-46	162	mitochondrial uncoupling protein 4 isoform X4 [Desmodus rotundus]	9430
XP_036170639.1	XP_036910205	33.333	279	305	311	86	2.61e-46	163	mitochondrial uncoupling protein 4 isoform X4 [Sturnira hondurensis]	192404
XP_036170639.1	XP_016068283	31.541	279	305	308	86	2.92e-46	162	PREDICTED: mitochondrial uncoupling protein 4 isoform X1 [Miniopterus natalensis]	291302
XP_036170639.1	XP_024413558	32.975	279	305	311	86	3.37e-46	162	mitochondrial uncoupling protein 4 isoform X3 [Desmodus rotundus]	9430
XP_036170639.1	XP_036998460	33.214	280	305	318	86	3.39e-46	163	mitochondrial uncoupling protein 4 isoform X3 [Artibeus jamaicensis]	9417
XP_036170639.1	XP_045699286	32.740	281	305	324	86	3.54e-46	163	mitochondrial uncoupling protein 4 isoform X1 [Phyllostomus hastatus]	9423
XP_036170639.1	XP_036106280	33.333	282	305	328	90	3.79e-46	163	kidney mitochondrial carrier protein 1 isoform X2 [Molossus molossus]	27622
XP_036170639.1	XP_015999338	33.096	281	305	293	89	4.05e-46	162	kidney mitochondrial carrier protein 1 isoform X1 [Rousettus aegyptiacus]	9407
XP_036170639.1	XP_015999337	33.096	281	305	293	89	4.05e-46	162	kidney mitochondrial carrier protein 1 isoform X1 [Rousettus aegyptiacus]	9407
XP_036170639.1	XP_035880078	32.740	281	305	324	86	4.34e-46	162	mitochondrial uncoupling protein 4 isoform X1 [Phyllostomus discolor]	89673
XP_036170639.1	XP_045049243	32.740	281	305	339	86	5.02e-46	163	mitochondrial uncoupling protein 4 isoform X1 [Desmodus rotundus]	9430
XP_036170639.1	XP_045699289	32.975	279	305	311	86	5.56e-46	162	mitochondrial uncoupling protein 4 isoform X4 [Phyllostomus hastatus]	9423
XP_036170639.1	XP_036998461	33.333	279	305	311	86	5.68e-46	162	mitochondrial uncoupling protein 4 isoform X4 [Artibeus jamaicensis]	9417
XP_036170639.1	XP_054425434	32.384	281	305	305	86	5.96e-46	162	mitochondrial uncoupling protein 4 isoform X3 [Pteronotus mesoamericanus]	1884717
XP_036170639.1	XP_028365174	32.975	279	305	311	86	5.99e-46	162	mitochondrial uncoupling protein 4 isoform X3 [Phyllostomus discolor]	89673
XP_036170639.1	XP_036998458	33.333	279	305	326	86	7.29e-46	162	mitochondrial uncoupling protein 4 isoform X1 [Artibeus jamaicensis]	9417
XP_036170639.1	XP_080996475	32.979	282	305	322	86	1.36e-45	161	mitochondrial uncoupling protein 4 isoform 3 [Miniopterus schreibersii]	9433
XP_036170639.1	XP_039733185	32.979	282	305	293	90	1.77e-45	160	kidney mitochondrial carrier protein 1 isoform X2 [Pteropus medius]	143291
XP_036170639.1	XP_039733183	32.979	282	305	293	90	1.77e-45	160	kidney mitochondrial carrier protein 1 isoform X2 [Pteropus medius]	143291
XP_036170639.1	XP_036910178	33.333	279	305	366	86	1.80e-45	162	mitochondrial uncoupling protein 4 isoform X1 [Sturnira hondurensis]	192404
XP_036170639.1	XP_054425433	32.616	279	305	311	86	1.87e-45	160	mitochondrial uncoupling protein 4 isoform X2 [Pteronotus mesoamericanus]	1884717
XP_036170639.1	XP_066215370	30.479	292	305	320	90	1.94e-45	161	mitochondrial uncoupling protein 4 isoform X5 [Saccopteryx leptura]	249018
XP_036170639.1	XP_059557494	32.491	277	305	322	85	2.52e-45	160	mitochondrial uncoupling protein 4 isoform X2 [Myotis daubentonii]	98922
XP_036170639.1	XP_066108055	31.058	293	305	320	90	3.17e-45	160	mitochondrial uncoupling protein 4 isoform X5 [Saccopteryx bilineata]	59482
XP_036170639.1	XP_036172055	32.384	281	305	331	86	4.06e-45	160	mitochondrial uncoupling protein 4 isoform X2 [Myotis myotis]	51298
XP_036170639.1	XP_054578178	32.971	276	305	311	84	4.21e-45	160	mitochondrial uncoupling protein 4 isoform X2 [Eptesicus fuscus]	29078
XP_036170639.1	XP_080996477	32.857	280	305	307	86	5.47e-45	159	mitochondrial uncoupling protein 4 isoform 5 [Miniopterus schreibersii]	9433
XP_036170639.1	XP_024425365	33.210	271	305	322	86	5.54e-45	160	kidney mitochondrial carrier protein 1 isoform X1 [Desmodus rotundus]	9430
XP_036170639.1	XP_080996476	32.857	280	305	311	86	7.98e-45	159	mitochondrial uncoupling protein 4 isoform 4 [Miniopterus schreibersii]	9433
XP_036170639.1	XP_066215365	31.183	279	305	340	86	8.41e-45	160	mitochondrial uncoupling protein 4 isoform X1 [Saccopteryx leptura]	249018
XP_036170639.1	XP_023383442	31.208	298	305	326	89	1.29e-44	159	mitochondrial uncoupling protein 4 isoform X2 [Pteropus vampyrus]	132908
XP_036170639.1	XP_036269095	32.270	282	305	327	85	1.39e-44	159	mitochondrial uncoupling protein 4 isoform X2 [Pipistrellus kuhlii]	59472
XP_036170639.1	XP_036106281	33.916	286	305	294	90	1.58e-44	158	kidney mitochondrial carrier protein 1 isoform X3 [Molossus molossus]	27622
XP_036170639.1	XP_024898395	31.208	298	305	326	89	1.83e-44	158	mitochondrial uncoupling protein 4 isoform X2 [Pteropus alecto]	9402
XP_036170639.1	XP_066108013	31.541	279	305	340	86	1.90e-44	159	mitochondrial uncoupling protein 4 isoform X1 [Saccopteryx bilineata]	59482
XP_036170639.1	XP_036106279	33.916	286	305	331	90	3.06e-44	158	kidney mitochondrial carrier protein 1 isoform X1 [Molossus molossus]	27622
XP_036170639.1	XP_019591283	33.688	282	305	287	91	3.10e-44	157	mitochondrial dicarboxylate carrier isoform X1 [Rhinolophus sinicus]	89399
XP_036170639.1	XP_080996473	32.616	279	305	346	86	4.96e-44	158	mitochondrial uncoupling protein 4 isoform 1 [Miniopterus schreibersii]	9433
XP_036170639.1	XP_080884589	33.688	282	305	287	91	6.82e-44	156	mitochondrial dicarboxylate carrier isoform 2 [Rhinolophus hipposideros]	77218
XP_036170639.1	XP_016014425	31.395	258	305	275	81	7.71e-44	155	mitochondrial uncoupling protein 4 isoform X5 [Rousettus aegyptiacus]	9407
XP_036170639.1	XP_066215376	32.384	281	305	331	86	1.06e-43	157	mitochondrial uncoupling protein 4 isoform X11 [Saccopteryx leptura]	249018
XP_036170639.1	XP_023604175	33.574	277	305	291	88	1.24e-43	155	kidney mitochondrial carrier protein 1 isoform X2 [Myotis lucifugus]	59463
XP_036170639.1	XP_023604172	33.574	277	305	291	88	1.24e-43	155	kidney mitochondrial carrier protein 1 isoform X2 [Myotis lucifugus]	59463
XP_036170639.1	XP_023604166	33.574	277	305	291	88	1.24e-43	155	kidney mitochondrial carrier protein 1 isoform X2 [Myotis lucifugus]	59463
XP_036170639.1	XP_023604162	33.574	277	305	291	88	1.24e-43	155	kidney mitochondrial carrier protein 1 isoform X2 [Myotis lucifugus]	59463
XP_036170639.1	XP_006083590	33.574	277	305	291	88	1.24e-43	155	kidney mitochondrial carrier protein 1 isoform X2 [Myotis lucifugus]	59463
XP_036170639.1	XP_036172058	31.560	282	305	327	85	1.38e-43	156	mitochondrial uncoupling protein 4 isoform X4 [Myotis myotis]	51298
XP_036170639.1	XP_054449224	34.247	292	305	287	95	1.47e-43	155	mitochondrial dicarboxylate carrier [Pteronotus mesoamericanus]	1884717
XP_036170639.1	XP_006083588	33.574	277	305	313	88	1.84e-43	155	kidney mitochondrial carrier protein 1 isoform X1 [Myotis lucifugus]	59463
XP_036170639.1	XP_070274569	31.008	258	305	275	81	2.06e-43	154	mitochondrial uncoupling protein 4 isoform X4 [Myotis yumanensis]	159337
XP_036170639.1	XP_036924799	34.043	282	305	287	91	2.37e-43	154	mitochondrial dicarboxylate carrier [Sturnira hondurensis]	192404
XP_036170639.1	XP_045692105	34.247	292	305	287	95	2.73e-43	154	mitochondrial dicarboxylate carrier [Phyllostomus hastatus]	9423
XP_036170639.1	XP_028376674	34.247	292	305	287	95	3.20e-43	154	mitochondrial dicarboxylate carrier [Phyllostomus discolor]	89673
XP_036170639.1	XP_080891377	32.959	267	305	326	81	3.32e-43	155	mitochondrial uncoupling protein 4 isoform 2 [Rhinolophus hipposideros]	77218
XP_036170639.1	XP_032947247	33.333	282	305	287	91	3.34e-43	154	mitochondrial dicarboxylate carrier [Rhinolophus ferrumequinum]	59479
XP_036170639.1	XP_016014422	33.333	267	305	401	81	3.87e-43	157	mitochondrial uncoupling protein 4 isoform X2 [Rousettus aegyptiacus]	9407
XP_036170639.1	XP_066108107	32.740	281	305	331	86	4.58e-43	155	mitochondrial uncoupling protein 4 isoform X10 [Saccopteryx bilineata]	59482
XP_036170639.1	XP_036268238	33.929	280	305	287	91	4.75e-43	154	mitochondrial dicarboxylate carrier isoform X1 [Pipistrellus kuhlii]	59472
XP_036170639.1	XP_080886322	32.517	286	305	315	91	5.29e-43	154	mitochondrial 2-oxoglutarate/malate carrier protein isoform 1 [Rhinolophus hipposideros]	77218
XP_036170639.1	XP_036123780	32.517	286	305	314	91	5.33e-43	154	mitochondrial 2-oxoglutarate/malate carrier protein isoform X1 [Molossus molossus]	27622
XP_036170639.1	XP_036922139	32.517	286	305	314	91	6.06e-43	154	mitochondrial 2-oxoglutarate/malate carrier protein [Sturnira hondurensis]	192404
XP_036170639.1	XP_066237614	33.688	282	305	287	91	6.26e-43	153	mitochondrial dicarboxylate carrier isoform X1 [Saccopteryx leptura]	249018
XP_036170639.1	XP_066092513	33.688	282	305	287	91	6.26e-43	153	mitochondrial dicarboxylate carrier isoform X1 [Saccopteryx bilineata]	59482
XP_036170639.1	XP_036172054	31.119	286	305	336	86	6.31e-43	155	mitochondrial uncoupling protein 4 isoform X1 [Myotis myotis]	51298
XP_036170639.1	XP_053767369	33.904	292	305	287	95	6.40e-43	153	mitochondrial dicarboxylate carrier isoform X1 [Desmodus rotundus]	9430
XP_036170639.1	XP_081017891	34.138	290	305	287	94	6.89e-43	153	mitochondrial dicarboxylate carrier [Miniopterus schreibersii]	9433
XP_036170639.1	XP_066215375	32.258	279	305	359	86	6.93e-43	155	mitochondrial uncoupling protein 4 isoform X10 [Saccopteryx leptura]	249018
XP_036170639.1	XP_066219429	32.517	286	305	325	91	7.91e-43	154	mitochondrial 2-oxoglutarate/malate carrier protein [Saccopteryx leptura]	249018
XP_036170639.1	XP_066219428	32.517	286	305	325	91	7.91e-43	154	mitochondrial 2-oxoglutarate/malate carrier protein [Saccopteryx leptura]	249018
XP_036170639.1	XP_066118967	32.517	286	305	326	91	8.10e-43	154	mitochondrial 2-oxoglutarate/malate carrier protein [Saccopteryx bilineata]	59482
XP_036170639.1	XP_066118966	32.517	286	305	326	91	8.10e-43	154	mitochondrial 2-oxoglutarate/malate carrier protein [Saccopteryx bilineata]	59482
XP_036170639.1	XP_019517355	34.035	285	305	287	91	9.39e-43	153	PREDICTED: mitochondrial dicarboxylate carrier [Hipposideros armiger]	186990
XP_036170639.1	XP_032946475	32.168	286	305	315	91	1.80e-42	153	mitochondrial 2-oxoglutarate/malate carrier protein [Rhinolophus ferrumequinum]	59479
XP_036170639.1	XP_019570684	32.168	286	305	315	91	1.80e-42	153	mitochondrial 2-oxoglutarate/malate carrier protein [Rhinolophus sinicus]	89399
XP_036170639.1	XP_037013835	33.904	292	305	287	95	2.02e-42	152	mitochondrial dicarboxylate carrier [Artibeus jamaicensis]	9417
XP_036170639.1	XP_019520438	32.168	286	305	314	91	2.38e-42	152	PREDICTED: mitochondrial 2-oxoglutarate/malate carrier protein [Hipposideros armiger]	186990
XP_036170639.1	XP_019520437	32.168	286	305	314	91	2.38e-42	152	PREDICTED: mitochondrial 2-oxoglutarate/malate carrier protein [Hipposideros armiger]	186990
XP_036170639.1	XP_036124520	33.562	292	305	287	95	2.93e-42	152	mitochondrial dicarboxylate carrier [Molossus molossus]	27622
XP_036170639.1	XP_024420969	32.168	286	305	314	91	3.08e-42	152	mitochondrial 2-oxoglutarate/malate carrier protein isoform X1 [Desmodus rotundus]	9430
XP_036170639.1	XP_054431792	32.168	286	305	314	91	3.08e-42	152	mitochondrial 2-oxoglutarate/malate carrier protein [Pteronotus mesoamericanus]	1884717
XP_036170639.1	XP_045680224	32.168	286	305	314	91	3.08e-42	152	mitochondrial 2-oxoglutarate/malate carrier protein [Phyllostomus hastatus]	9423
XP_036170639.1	XP_028389959	32.168	286	305	314	91	3.08e-42	152	mitochondrial 2-oxoglutarate/malate carrier protein [Phyllostomus discolor]	89673
XP_036170639.1	XP_037000130	32.168	286	305	314	91	3.17e-42	152	mitochondrial 2-oxoglutarate/malate carrier protein [Artibeus jamaicensis]	9417
XP_036170639.1	XP_059557502	30.233	258	305	275	81	3.33e-42	151	mitochondrial uncoupling protein 4 isoform X5 [Myotis daubentonii]	98922
XP_036170639.1	XP_059557501	30.233	258	305	275	81	3.33e-42	151	mitochondrial uncoupling protein 4 isoform X5 [Myotis daubentonii]	98922
XP_036170639.1	XP_059557500	30.233	258	305	275	81	3.33e-42	151	mitochondrial uncoupling protein 4 isoform X5 [Myotis daubentonii]	98922
XP_036170639.1	XP_006922312	31.818	286	305	314	91	3.68e-42	152	mitochondrial 2-oxoglutarate/malate carrier protein [Pteropus alecto]	9402
XP_036170639.1	XP_016019354	33.333	282	305	287	91	4.17e-42	151	mitochondrial dicarboxylate carrier [Rousettus aegyptiacus]	9407
XP_036170639.1	XP_011358020	31.818	286	305	314	91	4.55e-42	152	mitochondrial 2-oxoglutarate/malate carrier protein [Pteropus vampyrus]	132908
XP_036170639.1	XP_039725597	31.818	286	305	314	91	4.55e-42	152	mitochondrial 2-oxoglutarate/malate carrier protein [Pteropus medius]	143291
XP_036170639.1	XP_070251593	32.168	286	305	314	91	5.12e-42	152	mitochondrial 2-oxoglutarate/malate carrier protein [Myotis yumanensis]	159337
XP_036170639.1	XP_059524941	32.168	286	305	314	91	5.12e-42	152	mitochondrial 2-oxoglutarate/malate carrier protein [Myotis daubentonii]	98922
XP_036170639.1	XP_016056481	32.168	286	305	314	91	5.12e-42	152	PREDICTED: mitochondrial 2-oxoglutarate/malate carrier protein isoform X1 [Miniopterus natalensis]	291302
XP_036170639.1	XP_036197030	32.168	286	305	314	91	5.12e-42	152	mitochondrial 2-oxoglutarate/malate carrier protein [Myotis myotis]	51298
XP_036170639.1	XP_006102821	32.168	286	305	314	91	5.12e-42	152	mitochondrial 2-oxoglutarate/malate carrier protein [Myotis lucifugus]	59463
XP_036170639.1	XP_080965159	32.168	286	305	314	91	5.12e-42	152	mitochondrial 2-oxoglutarate/malate carrier protein [Myotis nattereri]	109481
XP_036170639.1	XP_079653734	33.904	292	305	287	95	5.68e-42	151	mitochondrial dicarboxylate carrier [Cnephaeus nilssonii]	3371016
XP_036170639.1	XP_081018436	32.168	286	305	314	91	6.46e-42	151	mitochondrial 2-oxoglutarate/malate carrier protein isoform 1 [Miniopterus schreibersii]	9433
XP_036170639.1	XP_006912220	33.333	282	305	287	91	7.02e-42	150	mitochondrial dicarboxylate carrier [Pteropus alecto]	9402
XP_036170639.1	XP_015997515	32.168	286	305	314	91	7.42e-42	151	mitochondrial 2-oxoglutarate/malate carrier protein [Rousettus aegyptiacus]	9407
XP_036170639.1	XP_006771958	32.168	286	305	314	91	1.25e-41	150	PREDICTED: mitochondrial 2-oxoglutarate/malate carrier protein [Myotis davidii]	225400
XP_036170639.1	XP_005882623	32.168	286	305	314	91	1.25e-41	150	PREDICTED: mitochondrial 2-oxoglutarate/malate carrier protein [Myotis brandtii]	109478
XP_036170639.1	XP_059527518	33.688	282	305	287	91	1.26e-41	150	mitochondrial dicarboxylate carrier isoform X1 [Myotis daubentonii]	98922
XP_036170639.1	XP_059527517	33.688	282	305	287	91	1.26e-41	150	mitochondrial dicarboxylate carrier isoform X1 [Myotis daubentonii]	98922
XP_036170639.1	XP_080537364	33.562	292	305	287	95	1.33e-41	150	mitochondrial dicarboxylate carrier isoform 1 [Plecotus auritus]	61862
XP_036170639.1	XP_054565615	33.562	292	305	287	95	2.10e-41	149	mitochondrial dicarboxylate carrier [Eptesicus fuscus]	29078
XP_036170639.1	XP_080899369	33.471	242	305	239	77	5.10e-41	147	brain mitochondrial carrier protein 1 isoform 4 [Rhinolophus hipposideros]	77218
XP_036170639.1	XP_080899368	33.471	242	305	239	77	5.10e-41	147	brain mitochondrial carrier protein 1 isoform 4 [Rhinolophus hipposideros]	77218
XP_036170639.1	XP_080899367	33.471	242	305	239	77	5.10e-41	147	brain mitochondrial carrier protein 1 isoform 4 [Rhinolophus hipposideros]	77218
XP_036170639.1	XP_074179745	33.471	242	305	239	77	5.10e-41	147	brain mitochondrial carrier protein 1 isoform X4 [Rhinolophus sinicus]	89399
XP_036170639.1	XP_016068284	32.197	264	305	296	81	7.31e-41	148	PREDICTED: mitochondrial uncoupling protein 4 isoform X2 [Miniopterus natalensis]	291302
XP_036170639.1	XP_036198052	33.688	282	305	287	91	7.37e-41	148	mitochondrial dicarboxylate carrier [Myotis myotis]	51298
XP_036170639.1	XP_080966565	33.688	282	305	287	91	7.37e-41	148	mitochondrial dicarboxylate carrier isoform 1 [Myotis nattereri]	109481
XP_036170639.1	XP_070250305	33.562	292	305	287	95	7.77e-41	148	LOW QUALITY PROTEIN: mitochondrial dicarboxylate carrier [Myotis yumanensis]	159337
XP_036170639.1	XP_036123781	32.117	274	305	282	87	8.47e-41	147	mitochondrial 2-oxoglutarate/malate carrier protein isoform X2 [Molossus molossus]	27622
XP_036170639.1	XP_080886323	32.117	274	305	282	87	8.47e-41	147	mitochondrial 2-oxoglutarate/malate carrier protein isoform 2 [Rhinolophus hipposideros]	77218
XP_036170639.1	XP_039710770	30.464	302	305	330	90	8.83e-41	149	mitochondrial uncoupling protein 4 [Pteropus medius]	143291
XP_036170639.1	XP_080538411	31.561	301	305	314	95	9.76e-41	148	mitochondrial 2-oxoglutarate/malate carrier protein [Plecotus auritus]	61862
XP_036170639.1	XP_036308337	31.818	286	305	314	91	1.05e-40	148	mitochondrial 2-oxoglutarate/malate carrier protein [Pipistrellus kuhlii]	59472
XP_036170639.1	XP_008154934	31.818	286	305	314	91	1.62e-40	148	mitochondrial 2-oxoglutarate/malate carrier protein [Eptesicus fuscus]	29078
XP_036170639.1	XP_079654062	31.818	286	305	314	91	1.62e-40	148	mitochondrial 2-oxoglutarate/malate carrier protein [Cnephaeus nilssonii]	3371016
XP_036170639.1	XP_045429275	29.572	257	305	280	79	1.62e-40	147	mitochondrial uncoupling protein 4 isoform X4 [Pipistrellus kuhlii]	59472
XP_036170639.1	XP_036269100	29.572	257	305	280	79	1.62e-40	147	mitochondrial uncoupling protein 4 isoform X4 [Pipistrellus kuhlii]	59472
XP_036170639.1	XP_066215374	30.233	258	305	275	81	2.26e-40	146	mitochondrial uncoupling protein 4 isoform X9 [Saccopteryx leptura]	249018
XP_036170639.1	XP_011371996	32.979	282	305	287	91	2.30e-40	147	mitochondrial dicarboxylate carrier [Pteropus vampyrus]	132908
XP_036170639.1	XP_039715610	32.979	282	305	287	91	2.30e-40	147	mitochondrial dicarboxylate carrier [Pteropus medius]	143291
XP_036170639.1	XP_014390844	29.644	253	305	280	78	2.79e-40	146	PREDICTED: mitochondrial uncoupling protein 4 isoform X5 [Myotis brandtii]	109478
XP_036170639.1	XP_066108099	30.620	258	305	275	81	3.80e-40	145	mitochondrial uncoupling protein 4 isoform X9 [Saccopteryx bilineata]	59482
XP_036170639.1	XP_011353083	33.891	239	305	289	74	4.77e-40	146	mitochondrial uncoupling protein 4 isoform X8 [Pteropus vampyrus]	132908
XP_036170639.1	XP_024898399	33.891	239	305	289	74	5.19e-40	146	mitochondrial uncoupling protein 4 isoform X9 [Pteropus alecto]	9402
XP_036170639.1	XP_045054825	31.868	273	305	282	87	5.50e-40	145	mitochondrial 2-oxoglutarate/malate carrier protein isoform X2 [Desmodus rotundus]	9430
XP_036170639.1	XP_015427695	30.435	253	305	280	78	9.58e-40	145	PREDICTED: mitochondrial uncoupling protein 4 isoform X5 [Myotis davidii]	225400
XP_036170639.1	XP_081018437	31.752	274	305	282	87	1.09e-39	145	mitochondrial 2-oxoglutarate/malate carrier protein isoform 2 [Miniopterus schreibersii]	9433
XP_036170639.1	XP_045049247	33.193	238	305	268	74	1.47e-39	144	mitochondrial uncoupling protein 4 isoform X5 [Desmodus rotundus]	9430
XP_036170639.1	XP_016056482	31.868	273	305	298	87	1.72e-39	145	PREDICTED: mitochondrial 2-oxoglutarate/malate carrier protein isoform X2 [Miniopterus natalensis]	291302
XP_036170639.1	XP_036910211	33.613	238	305	268	74	1.82e-39	144	mitochondrial uncoupling protein 4 isoform X5 [Sturnira hondurensis]	192404
XP_036170639.1	XP_066215366	31.818	264	305	325	81	1.89e-39	145	mitochondrial uncoupling protein 4 isoform X2 [Saccopteryx leptura]	249018
XP_036170639.1	XP_066215368	31.818	264	305	323	81	1.91e-39	145	mitochondrial uncoupling protein 4 isoform X4 [Saccopteryx leptura]	249018
XP_036170639.1	XP_032960579	29.524	315	305	327	89	2.13e-39	145	LOW QUALITY PROTEIN: kidney mitochondrial carrier protein 1 [Rhinolophus ferrumequinum]	59479
XP_036170639.1	XP_035880079	33.193	238	305	268	74	2.97e-39	143	mitochondrial uncoupling protein 4 isoform X4 [Phyllostomus discolor]	89673
XP_036170639.1	XP_036998462	33.613	238	305	268	74	3.33e-39	143	mitochondrial uncoupling protein 4 isoform X5 [Artibeus jamaicensis]	9417
XP_036170639.1	XP_066108045	32.453	265	305	323	81	3.34e-39	145	mitochondrial uncoupling protein 4 isoform X4 [Saccopteryx bilineata]	59482
XP_036170639.1	XP_066108024	32.453	265	305	325	81	3.84e-39	144	mitochondrial uncoupling protein 4 isoform X2 [Saccopteryx bilineata]	59482
XP_036170639.1	XP_074176429	34.468	235	305	264	76	8.99e-39	142	mitochondrial dicarboxylate carrier isoform X2 [Rhinolophus sinicus]	89399
XP_036170639.1	XP_036283303	30.619	307	305	315	94	1.18e-38	143	mitochondrial 2-oxoglutarate/malate carrier protein-like [Pipistrellus kuhlii]	59472
XP_036170639.1	XP_054582025	31.379	290	305	337	92	1.25e-38	144	mitochondrial 2-oxoglutarate/malate carrier protein-like [Eptesicus fuscus]	29078
XP_036170639.1	XP_054564279	35.268	224	305	252	72	1.68e-38	141	brain mitochondrial carrier protein 1 isoform X2 [Eptesicus fuscus]	29078
XP_036170639.1	XP_070274570	32.773	238	305	268	74	2.97e-38	140	mitochondrial uncoupling protein 4 isoform X5 [Myotis yumanensis]	159337
XP_036170639.1	XP_059527519	32.384	281	305	273	91	4.49e-38	140	mitochondrial dicarboxylate carrier isoform X2 [Myotis daubentonii]	98922
XP_036170639.1	XP_036153846	33.813	278	305	335	90	4.73e-38	142	LOW QUALITY PROTEIN: mitochondrial dicarboxylate carrier-like [Myotis myotis]	51298
XP_036170639.1	XP_045699290	31.020	245	305	276	77	7.80e-38	140	mitochondrial uncoupling protein 4 isoform X5 [Phyllostomus hastatus]	9423
XP_036170639.1	XP_080966566	34.468	235	305	246	76	8.47e-38	139	mitochondrial dicarboxylate carrier isoform 2 [Myotis nattereri]	109481
XP_036170639.1	XP_053767372	34.043	235	305	244	76	8.66e-38	139	mitochondrial dicarboxylate carrier isoform X2 [Desmodus rotundus]	9430
XP_036170639.1	XP_053767370	34.043	235	305	244	76	8.66e-38	139	mitochondrial dicarboxylate carrier isoform X2 [Desmodus rotundus]	9430
XP_036170639.1	XP_079642157	31.752	274	305	282	87	1.24e-37	139	mitochondrial 2-oxoglutarate/malate carrier protein-like [Cnephaeus nilssonii]	3371016
XP_036170639.1	XP_028007394	32.231	242	305	240	77	1.26e-37	138	kidney mitochondrial carrier protein 1 isoform X4 [Eptesicus fuscus]	29078
XP_036170639.1	XP_036312813	32.231	242	305	240	77	1.46e-37	138	kidney mitochondrial carrier protein 1 isoform X3 [Pipistrellus kuhlii]	59472
XP_036170639.1	XP_059557503	32.479	234	305	268	73	1.57e-37	139	mitochondrial uncoupling protein 4 isoform X6 [Myotis daubentonii]	98922
XP_036170639.1	XP_066106048	34.529	223	305	310	72	1.78e-37	140	brain mitochondrial carrier protein 1 isoform X5 [Saccopteryx bilineata]	59482
XP_036170639.1	XP_016070907	34.335	233	305	299	75	3.24e-37	139	PREDICTED: mitochondrial dicarboxylate carrier [Miniopterus natalensis]	291302
XP_036170639.1	XP_024425386	31.818	242	305	240	77	3.46e-37	137	kidney mitochondrial carrier protein 1 isoform X3 [Desmodus rotundus]	9430
XP_036170639.1	XP_015415171	31.818	242	305	240	77	3.64e-37	137	PREDICTED: kidney mitochondrial carrier protein 1 isoform X2 [Myotis davidii]	225400
XP_036170639.1	XP_014392707	31.818	242	305	240	77	4.14e-37	137	PREDICTED: kidney mitochondrial carrier protein 1 isoform X2 [Myotis brandtii]	109478
XP_036170639.1	XP_036154550	31.818	242	305	240	77	4.14e-37	137	kidney mitochondrial carrier protein 1 isoform X3 [Myotis myotis]	51298
XP_036170639.1	XP_080884591	30.063	316	305	321	91	6.28e-37	139	mitochondrial dicarboxylate carrier isoform 4 [Rhinolophus hipposideros]	77218
XP_036170639.1	XP_015423393	33.482	224	305	248	71	7.25e-37	136	PREDICTED: brain mitochondrial carrier protein 1 isoform X4 [Myotis davidii]	225400
XP_036170639.1	XP_019509496	34.667	225	305	308	72	8.18e-37	138	PREDICTED: brain mitochondrial carrier protein 1 isoform X4 [Hipposideros armiger]	186990
XP_036170639.1	XP_080884590	33.333	255	305	265	83	2.42e-36	135	mitochondrial dicarboxylate carrier isoform 3 [Rhinolophus hipposideros]	77218
XP_036170639.1	XP_019523080	30.435	276	305	295	86	4.59e-36	135	PREDICTED: mitochondrial uncoupling protein 4 isoform X4 [Hipposideros armiger]	186990
XP_036170639.1	XP_066091297	34.375	224	305	270	72	5.63e-36	135	kidney mitochondrial carrier protein 1 isoform X2 [Saccopteryx bilineata]	59482
XP_036170639.1	XP_080996478	31.760	233	305	298	73	6.40e-36	135	mitochondrial uncoupling protein 4 isoform 6 [Miniopterus schreibersii]	9433
XP_036170639.1	XP_015999339	31.405	242	305	240	77	8.02e-36	134	kidney mitochondrial carrier protein 1 isoform X2 [Rousettus aegyptiacus]	9407
XP_036170639.1	XP_036172066	29.134	254	305	288	78	7.31e-35	132	mitochondrial uncoupling protein 4 isoform X8 [Myotis myotis]	51298
XP_036170639.1	XP_036172065	29.134	254	305	288	78	7.31e-35	132	mitochondrial uncoupling protein 4 isoform X8 [Myotis myotis]	51298
XP_036170639.1	XP_036172064	29.134	254	305	288	78	7.31e-35	132	mitochondrial uncoupling protein 4 isoform X8 [Myotis myotis]	51298
XP_036170639.1	XP_023377572	29.893	281	305	275	89	2.28e-34	130	kidney mitochondrial carrier protein 1 [Pteropus vampyrus]	132908
XP_036170639.1	XP_054575784	33.929	224	305	251	72	2.55e-34	130	kidney mitochondrial carrier protein 1 isoform X3 [Eptesicus fuscus]	29078
XP_036170639.1	XP_036312812	33.778	225	305	260	73	3.02e-34	130	kidney mitochondrial carrier protein 1 isoform X2 [Pipistrellus kuhlii]	59472
XP_036170639.1	XP_028007392	33.929	224	305	260	72	3.70e-34	130	kidney mitochondrial carrier protein 1 isoform X2 [Eptesicus fuscus]	29078
XP_036170639.1	XP_066215371	29.304	273	305	309	86	5.39e-34	130	mitochondrial uncoupling protein 4 isoform X6 [Saccopteryx leptura]	249018
XP_036170639.1	XP_079635737	33.929	224	305	265	72	5.67e-34	129	kidney mitochondrial carrier protein 1 isoform 2 [Cnephaeus nilssonii]	3371016
XP_036170639.1	XP_070274567	31.754	211	305	293	66	8.04e-34	130	mitochondrial uncoupling protein 4 isoform X3 [Myotis yumanensis]	159337
XP_036170639.1	XP_070274566	31.754	211	305	306	66	8.17e-34	130	mitochondrial uncoupling protein 4 isoform X2 [Myotis yumanensis]	159337
XP_036170639.1	XP_059540648	33.333	225	305	260	73	8.79e-34	129	kidney mitochondrial carrier protein 1 isoform X2 [Myotis daubentonii]	98922
XP_036170639.1	XP_036154549	33.333	225	305	260	73	8.79e-34	129	kidney mitochondrial carrier protein 1 isoform X2 [Myotis myotis]	51298
XP_036170639.1	XP_023604179	33.482	224	305	282	72	1.20e-33	129	kidney mitochondrial carrier protein 1 isoform X3 [Myotis lucifugus]	59463
XP_036170639.1	XP_066108064	29.670	273	305	309	86	1.29e-33	129	mitochondrial uncoupling protein 4 isoform X6 [Saccopteryx bilineata]	59482
XP_036170639.1	XP_024904792	31.679	262	305	293	85	3.89e-33	128	kidney mitochondrial carrier protein 1 isoform X2 [Pteropus alecto]	9402
XP_036170639.1	XP_023604182	32.068	237	305	240	75	4.25e-33	126	kidney mitochondrial carrier protein 1 isoform X4 [Myotis lucifugus]	59463
XP_036170639.1	XP_059557499	31.280	211	305	293	66	4.90e-33	127	mitochondrial uncoupling protein 4 isoform X4 [Myotis daubentonii]	98922
XP_036170639.1	XP_059557498	31.280	211	305	293	66	4.90e-33	127	mitochondrial uncoupling protein 4 isoform X4 [Myotis daubentonii]	98922
XP_036170639.1	XP_059557497	31.280	211	305	293	66	4.90e-33	127	mitochondrial uncoupling protein 4 isoform X4 [Myotis daubentonii]	98922
XP_036170639.1	XP_059557496	31.280	211	305	306	66	4.91e-33	128	mitochondrial uncoupling protein 4 isoform X3 [Myotis daubentonii]	98922
XP_036170639.1	XP_011353084	33.333	216	305	237	67	2.16e-32	124	mitochondrial uncoupling protein 4 isoform X9 [Pteropus vampyrus]	132908
XP_036170639.1	XP_024898400	33.333	216	305	237	67	2.18e-32	124	mitochondrial uncoupling protein 4 isoform X10 [Pteropus alecto]	9402
XP_036170639.1	XP_039733182	31.034	261	305	293	85	2.76e-32	125	kidney mitochondrial carrier protein 1 isoform X1 [Pteropus medius]	143291
XP_036170639.1	XP_036106282	33.484	221	305	222	70	2.14e-31	121	kidney mitochondrial carrier protein 1 isoform X4 [Molossus molossus]	27622
XP_036170639.1	XP_036106283	32.870	216	305	216	69	2.79e-31	121	kidney mitochondrial carrier protein 1 isoform X5 [Molossus molossus]	27622
XP_036170639.1	XP_014390843	29.630	216	305	298	66	5.24e-31	122	PREDICTED: mitochondrial uncoupling protein 4 isoform X4 [Myotis brandtii]	109478
XP_036170639.1	XP_006099767	29.630	216	305	311	66	5.93e-31	122	mitochondrial uncoupling protein 4 isoform X3 [Myotis lucifugus]	59463
XP_036170639.1	XP_005860994	29.630	216	305	311	66	6.72e-31	122	PREDICTED: mitochondrial uncoupling protein 4 isoform X3 [Myotis brandtii]	109478
XP_036170639.1	XP_015427694	31.019	216	305	298	66	7.96e-31	122	PREDICTED: mitochondrial uncoupling protein 4 isoform X4 [Myotis davidii]	225400
XP_036170639.1	XP_015427693	31.019	216	305	311	66	9.78e-31	122	PREDICTED: mitochondrial uncoupling protein 4 isoform X3 [Myotis davidii]	225400
XP_036170639.1	XP_070274571	32.857	210	305	247	65	5.80e-30	118	mitochondrial uncoupling protein 4 isoform X6 [Myotis yumanensis]	159337
XP_036170639.1	XP_059557505	32.075	212	305	237	65	6.53e-30	118	mitochondrial uncoupling protein 4 isoform X7 [Myotis daubentonii]	98922
XP_036170639.1	XP_080884588	29.412	289	305	299	83	1.95e-29	118	mitochondrial dicarboxylate carrier isoform 1 [Rhinolophus hipposideros]	77218
XP_036170639.1	XP_066237615	33.495	206	305	247	67	4.93e-29	116	mitochondrial dicarboxylate carrier isoform X2 [Saccopteryx leptura]	249018
XP_036170639.1	XP_066092514	33.495	206	305	247	67	4.93e-29	116	mitochondrial dicarboxylate carrier isoform X2 [Saccopteryx bilineata]	59482
XP_036170639.1	XP_066215373	29.845	258	305	292	81	9.20e-29	116	mitochondrial uncoupling protein 4 isoform X8 [Saccopteryx leptura]	249018
XP_036170639.1	XP_045428262	33.333	204	305	247	66	9.75e-29	115	mitochondrial dicarboxylate carrier isoform X3 [Pipistrellus kuhlii]	59472
XP_036170639.1	XP_066215372	29.845	258	305	294	81	9.78e-29	116	mitochondrial uncoupling protein 4 isoform X7 [Saccopteryx leptura]	249018
XP_036170639.1	XP_066108083	30.502	259	305	292	81	1.81e-28	115	mitochondrial uncoupling protein 4 isoform X8 [Saccopteryx bilineata]	59482
XP_036170639.1	XP_066108073	30.502	259	305	294	81	2.27e-28	115	mitochondrial uncoupling protein 4 isoform X7 [Saccopteryx bilineata]	59482
XP_036170639.1	XP_016010202	29.965	287	305	300	89	7.14e-28	114	solute carrier family 25 member 35 isoform X1 [Rousettus aegyptiacus]	9407
XP_036170639.1	XP_045428261	29.286	280	305	261	91	9.84e-28	113	mitochondrial dicarboxylate carrier isoform X2 [Pipistrellus kuhlii]	59472
XP_036170639.1	XP_036109903	30.032	313	305	307	91	2.07e-26	110	solute carrier family 25 member 47 [Molossus molossus]	27622
XP_036170639.1	XP_032946751	29.617	287	305	300	89	2.42e-26	110	solute carrier family 25 member 35 isoform X1 [Rhinolophus ferrumequinum]	59479
XP_036170639.1	XP_080883949	29.268	287	305	300	89	5.35e-26	109	solute carrier family 25 member 35 isoform 1 [Rhinolophus hipposideros]	77218
XP_036170639.1	XP_080883948	29.268	287	305	300	89	5.35e-26	109	solute carrier family 25 member 35 isoform 1 [Rhinolophus hipposideros]	77218
XP_036170639.1	XP_032962996	29.299	314	305	306	91	8.39e-26	108	solute carrier family 25 member 47 isoform X1 [Rhinolophus ferrumequinum]	59479
XP_036170639.1	XP_036172063	29.952	207	305	306	63	1.07e-25	108	mitochondrial uncoupling protein 4 isoform X7 [Myotis myotis]	51298
XP_036170639.1	XP_036172062	29.952	207	305	306	63	1.07e-25	108	mitochondrial uncoupling protein 4 isoform X7 [Myotis myotis]	51298
XP_036170639.1	XP_036172061	29.952	207	305	306	63	1.07e-25	108	mitochondrial uncoupling protein 4 isoform X7 [Myotis myotis]	51298
XP_036170639.1	XP_036172060	29.952	207	305	319	63	1.26e-25	108	mitochondrial uncoupling protein 4 isoform X6 [Myotis myotis]	51298
XP_036170639.1	XP_016010200	29.553	291	305	296	89	2.74e-25	107	solute carrier family 25 member 35 isoform X2 [Rousettus aegyptiacus]	9407
XP_036170639.1	XP_019600765	28.920	287	305	300	89	4.32e-25	107	solute carrier family 25 member 35 isoform X1 [Rhinolophus sinicus]	89399
XP_036170639.1	XP_019600764	28.920	287	305	300	89	4.32e-25	107	solute carrier family 25 member 35 isoform X1 [Rhinolophus sinicus]	89399
XP_036170639.1	XP_036887592	28.882	322	305	316	91	6.27e-25	106	solute carrier family 25 member 47 isoform X1 [Sturnira hondurensis]	192404
XP_036170639.1	XP_019521525	28.328	293	305	300	89	6.64e-25	106	PREDICTED: solute carrier family 25 member 35 isoform X2 [Hipposideros armiger]	186990
XP_036170639.1	XP_053773858	29.524	315	305	310	91	1.82e-24	105	solute carrier family 25 member 47 [Desmodus rotundus]	9430
XP_036170639.1	XP_080939658	29.964	277	305	313	83	2.14e-24	105	mitochondrial glutamate carrier 2 [Myotis nattereri]	109481
XP_036170639.1	XP_014385413	29.964	277	305	313	83	2.39e-24	105	PREDICTED: mitochondrial glutamate carrier 2 [Myotis brandtii]	109478
XP_036170639.1	XP_014385412	29.964	277	305	313	83	2.39e-24	105	PREDICTED: mitochondrial glutamate carrier 2 [Myotis brandtii]	109478
XP_036170639.1	XP_014385411	29.964	277	305	313	83	2.39e-24	105	PREDICTED: mitochondrial glutamate carrier 2 [Myotis brandtii]	109478
XP_036170639.1	XP_005882259	29.964	277	305	313	83	2.39e-24	105	PREDICTED: mitochondrial glutamate carrier 2 [Myotis brandtii]	109478
XP_036170639.1	XP_005882258	29.964	277	305	313	83	2.39e-24	105	PREDICTED: mitochondrial glutamate carrier 2 [Myotis brandtii]	109478
XP_036170639.1	XP_070265394	29.964	277	305	313	83	2.47e-24	105	mitochondrial glutamate carrier 2 [Myotis yumanensis]	159337
XP_036170639.1	XP_070265393	29.964	277	305	313	83	2.47e-24	105	mitochondrial glutamate carrier 2 [Myotis yumanensis]	159337
XP_036170639.1	XP_070265392	29.964	277	305	313	83	2.47e-24	105	mitochondrial glutamate carrier 2 [Myotis yumanensis]	159337
XP_036170639.1	XP_019510448	29.310	290	305	318	89	2.50e-24	105	PREDICTED: solute carrier family 25 member 34 [Hipposideros armiger]	186990
XP_036170639.1	XP_014405383	28.472	288	305	300	89	2.57e-24	104	PREDICTED: solute carrier family 25 member 35 isoform X1 [Myotis brandtii]	109478
XP_036170639.1	XP_005878851	28.472	288	305	300	89	2.57e-24	104	PREDICTED: solute carrier family 25 member 35 isoform X1 [Myotis brandtii]	109478
XP_036170639.1	XP_014405382	28.472	288	305	300	89	2.57e-24	104	PREDICTED: solute carrier family 25 member 35 isoform X1 [Myotis brandtii]	109478
XP_036170639.1	XP_006764194	29.964	277	305	313	83	2.57e-24	105	PREDICTED: mitochondrial glutamate carrier 2 [Myotis davidii]	225400
XP_036170639.1	XP_059540286	29.964	277	305	313	83	3.91e-24	104	mitochondrial glutamate carrier 2 isoform X1 [Myotis daubentonii]	98922
XP_036170639.1	XP_059540285	29.964	277	305	313	83	3.91e-24	104	mitochondrial glutamate carrier 2 isoform X1 [Myotis daubentonii]	98922
XP_036170639.1	XP_059540284	29.964	277	305	313	83	3.91e-24	104	mitochondrial glutamate carrier 2 isoform X1 [Myotis daubentonii]	98922
XP_036170639.1	XP_059540283	29.964	277	305	313	83	3.91e-24	104	mitochondrial glutamate carrier 2 isoform X1 [Myotis daubentonii]	98922
XP_036170639.1	XP_054442668	28.571	266	305	302	83	4.09e-24	104	mitochondrial glutamate carrier 2 isoform X1 [Pteronotus mesoamericanus]	1884717
XP_036170639.1	XP_016074229	29.393	313	305	307	91	4.20e-24	104	PREDICTED: solute carrier family 25 member 47 [Miniopterus natalensis]	291302
XP_036170639.1	XP_036301862	28.421	285	305	460	89	4.39e-24	106	LOW QUALITY PROTEIN: solute carrier family 25 member 34 [Pipistrellus kuhlii]	59472
XP_036170639.1	XP_019612787	29.749	279	305	314	83	4.53e-24	104	mitochondrial glutamate carrier 2 isoform X2 [Rhinolophus sinicus]	89399
XP_036170639.1	XP_023606980	29.964	277	305	313	83	4.69e-24	104	mitochondrial glutamate carrier 2 [Myotis lucifugus]	59463
XP_036170639.1	XP_024410477	29.153	295	305	318	92	4.80e-24	104	solute carrier family 25 member 34 [Desmodus rotundus]	9430
XP_036170639.1	XP_036197555	28.125	288	305	300	89	5.00e-24	103	solute carrier family 25 member 35 isoform X1 [Myotis myotis]	51298
XP_036170639.1	XP_036197554	28.125	288	305	300	89	5.00e-24	103	solute carrier family 25 member 35 isoform X1 [Myotis myotis]	51298
XP_036170639.1	XP_036197553	28.125	288	305	300	89	5.00e-24	103	solute carrier family 25 member 35 isoform X1 [Myotis myotis]	51298
XP_036170639.1	XP_036197552	28.125	288	305	300	89	5.00e-24	103	solute carrier family 25 member 35 isoform X1 [Myotis myotis]	51298
XP_036170639.1	XP_080966227	28.125	288	305	300	89	5.00e-24	103	solute carrier family 25 member 35 isoform 1 [Myotis nattereri]	109481
XP_036170639.1	XP_080966226	28.125	288	305	300	89	5.00e-24	103	solute carrier family 25 member 35 isoform 1 [Myotis nattereri]	109481
XP_036170639.1	XP_080966225	28.125	288	305	300	89	5.00e-24	103	solute carrier family 25 member 35 isoform 1 [Myotis nattereri]	109481
XP_036170639.1	XP_059524646	28.125	288	305	300	89	5.31e-24	103	solute carrier family 25 member 35 isoform X1 [Myotis daubentonii]	98922
XP_036170639.1	XP_059524645	28.125	288	305	300	89	5.31e-24	103	solute carrier family 25 member 35 isoform X1 [Myotis daubentonii]	98922
XP_036170639.1	XP_059524644	28.125	288	305	300	89	5.31e-24	103	solute carrier family 25 member 35 isoform X1 [Myotis daubentonii]	98922
XP_036170639.1	XP_066133666	28.387	310	305	338	91	5.41e-24	104	solute carrier family 25 member 47 isoform X1 [Saccopteryx bilineata]	59482
XP_036170639.1	XP_070249941	28.125	288	305	300	89	5.65e-24	103	solute carrier family 25 member 35 isoform X1 [Myotis yumanensis]	159337
XP_036170639.1	XP_074181233	29.643	280	305	315	83	6.26e-24	103	mitochondrial glutamate carrier 2 isoform X1 [Rhinolophus sinicus]	89399
XP_036170639.1	XP_074181232	29.643	280	305	315	83	6.26e-24	103	mitochondrial glutamate carrier 2 isoform X1 [Rhinolophus sinicus]	89399
XP_036170639.1	XP_019612789	29.643	280	305	315	83	6.26e-24	103	mitochondrial glutamate carrier 2 isoform X1 [Rhinolophus sinicus]	89399
XP_036170639.1	XP_005886259	28.772	285	305	311	89	6.82e-24	103	PREDICTED: solute carrier family 25 member 34 [Myotis brandtii]	109478
XP_036170639.1	XP_036108020	28.975	283	305	313	85	7.20e-24	103	mitochondrial glutamate carrier 2 isoform X2 [Molossus molossus]	27622
XP_036170639.1	XP_066133667	28.428	299	305	306	87	8.01e-24	103	solute carrier family 25 member 47 isoform X2 [Saccopteryx bilineata]	59482
XP_036170639.1	XP_080915551	29.496	278	305	314	83	8.62e-24	103	mitochondrial glutamate carrier 2 isoform 5 [Rhinolophus hipposideros]	77218
XP_036170639.1	XP_036155335	29.964	277	305	313	83	9.48e-24	103	mitochondrial glutamate carrier 2 [Myotis myotis]	51298
XP_036170639.1	XP_036155334	29.964	277	305	313	83	9.48e-24	103	mitochondrial glutamate carrier 2 [Myotis myotis]	51298
XP_036170639.1	XP_036155333	29.964	277	305	313	83	9.48e-24	103	mitochondrial glutamate carrier 2 [Myotis myotis]	51298
XP_036170639.1	XP_080915559	29.391	279	305	315	83	1.14e-23	103	mitochondrial glutamate carrier 2 isoform 4 [Rhinolophus hipposideros]	77218
XP_036170639.1	XP_080915558	29.391	279	305	315	83	1.14e-23	103	mitochondrial glutamate carrier 2 isoform 4 [Rhinolophus hipposideros]	77218
XP_036170639.1	XP_080915557	29.391	279	305	315	83	1.14e-23	103	mitochondrial glutamate carrier 2 isoform 4 [Rhinolophus hipposideros]	77218
XP_036170639.1	XP_080915556	29.391	279	305	315	83	1.14e-23	103	mitochondrial glutamate carrier 2 isoform 4 [Rhinolophus hipposideros]	77218
XP_036170639.1	XP_080915555	29.391	279	305	315	83	1.14e-23	103	mitochondrial glutamate carrier 2 isoform 4 [Rhinolophus hipposideros]	77218
XP_036170639.1	XP_080915554	29.391	279	305	315	83	1.14e-23	103	mitochondrial glutamate carrier 2 isoform 4 [Rhinolophus hipposideros]	77218
XP_036170639.1	XP_036108019	28.873	284	305	314	85	1.17e-23	103	mitochondrial glutamate carrier 2 isoform X1 [Molossus molossus]	27622
XP_036170639.1	XP_036305454	27.273	297	305	308	94	1.22e-23	103	tricarboxylate transport protein, mitochondrial isoform X2 [Pipistrellus kuhlii]	59472
XP_036170639.1	XP_053521971	28.571	322	305	316	91	1.27e-23	103	solute carrier family 25 member 47 isoform X1 [Artibeus jamaicensis]	9417
XP_036170639.1	XP_080536678	27.778	288	305	300	89	1.32e-23	102	solute carrier family 25 member 35 isoform 1 [Plecotus auritus]	61862
XP_036170639.1	XP_080536677	27.778	288	305	300	89	1.32e-23	102	solute carrier family 25 member 35 isoform 1 [Plecotus auritus]	61862
XP_036170639.1	XP_080536676	27.778	288	305	300	89	1.32e-23	102	solute carrier family 25 member 35 isoform 1 [Plecotus auritus]	61862
XP_036170639.1	XP_008151697	27.778	288	305	300	89	1.48e-23	102	solute carrier family 25 member 35 isoform X1 [Eptesicus fuscus]	29078
XP_036170639.1	XP_054565582	27.778	288	305	300	89	1.48e-23	102	solute carrier family 25 member 35 isoform X1 [Eptesicus fuscus]	29078
XP_036170639.1	XP_079654135	27.778	288	305	300	89	1.48e-23	102	solute carrier family 25 member 35 isoform 1 [Cnephaeus nilssonii]	3371016
XP_036170639.1	XP_079654134	27.778	288	305	300	89	1.48e-23	102	solute carrier family 25 member 35 isoform 1 [Cnephaeus nilssonii]	3371016
XP_036170639.1	XP_080915552	29.496	278	305	360	83	1.56e-23	103	mitochondrial glutamate carrier 2 isoform 2 [Rhinolophus hipposideros]	77218
XP_036170639.1	XP_019494708	28.931	318	305	310	91	1.71e-23	102	PREDICTED: solute carrier family 25 member 47 isoform X2 [Hipposideros armiger]	186990
XP_036170639.1	XP_059547122	28.772	285	305	311	89	1.85e-23	102	solute carrier family 25 member 34 [Myotis daubentonii]	98922
XP_036170639.1	XP_019485543	28.417	278	305	314	83	2.03e-23	102	PREDICTED: mitochondrial glutamate carrier 2 isoform X2 [Hipposideros armiger]	186990
XP_036170639.1	XP_080915553	29.391	279	305	358	83	2.10e-23	103	mitochondrial glutamate carrier 2 isoform 3 [Rhinolophus hipposideros]	77218
XP_036170639.1	XP_036124401	28.920	287	305	300	89	2.31e-23	102	solute carrier family 25 member 35 isoform X1 [Molossus molossus]	27622
XP_036170639.1	XP_080915550	29.391	279	305	361	83	2.36e-23	103	mitochondrial glutamate carrier 2 isoform 1 [Rhinolophus hipposideros]	77218
XP_036170639.1	XP_036901050	29.831	295	305	318	92	2.39e-23	102	solute carrier family 25 member 34 isoform X1 [Sturnira hondurensis]	192404
XP_036170639.1	XP_080904439	29.316	307	305	341	88	2.58e-23	102	solute carrier family 25 member 47 isoform 3 [Rhinolophus hipposideros]	77218
XP_036170639.1	XP_080904438	29.316	307	305	341	88	2.58e-23	102	solute carrier family 25 member 47 isoform 3 [Rhinolophus hipposideros]	77218
XP_036170639.1	XP_019489713	27.609	297	305	321	94	2.89e-23	102	PREDICTED: tricarboxylate transport protein, mitochondrial [Hipposideros armiger]	186990
XP_036170639.1	XP_036208376	28.772	285	305	311	89	3.34e-23	102	solute carrier family 25 member 34 [Myotis myotis]	51298
XP_036170639.1	XP_081016408	29.073	313	305	307	91	3.43e-23	102	solute carrier family 25 member 47 [Miniopterus schreibersii]	9433
XP_036170639.1	XP_080904437	29.043	303	305	374	88	3.51e-23	103	solute carrier family 25 member 47 isoform 2 [Rhinolophus hipposideros]	77218
XP_036170639.1	XP_006922429	28.571	287	305	300	89	3.78e-23	101	solute carrier family 25 member 35 isoform X1 [Pteropus alecto]	9402
XP_036170639.1	XP_036287823	26.829	287	305	287	93	4.04e-23	101	mitochondrial glycine transporter isoform X3 [Pipistrellus kuhlii]	59472
XP_036170639.1	XP_039740156	27.950	322	305	314	91	4.05e-23	102	solute carrier family 25 member 47 [Pteropus medius]	143291
XP_036170639.1	XP_019565720	27.517	298	305	321	94	4.13e-23	102	tricarboxylate transport protein, mitochondrial [Rhinolophus sinicus]	89399
XP_036170639.1	XP_045675871	27.852	298	305	321	94	4.39e-23	102	tricarboxylate transport protein, mitochondrial [Phyllostomus hastatus]	9423
XP_036170639.1	XP_008140834	27.667	300	305	366	95	4.60e-23	102	tricarboxylate transport protein, mitochondrial [Eptesicus fuscus]	29078
XP_036170639.1	XP_036923243	27.483	302	305	308	95	4.68e-23	101	tricarboxylate transport protein, mitochondrial [Sturnira hondurensis]	192404
XP_036170639.1	XP_080904436	29.316	307	305	402	88	4.71e-23	103	solute carrier family 25 member 47 isoform 1 [Rhinolophus hipposideros]	77218
XP_036170639.1	XP_019494707	28.525	305	305	347	88	4.79e-23	102	PREDICTED: solute carrier family 25 member 47 isoform X1 [Hipposideros armiger]	186990
XP_036170639.1	XP_079618560	27.667	300	305	361	95	5.02e-23	102	tricarboxylate transport protein, mitochondrial isoform 2 [Cnephaeus nilssonii]	3371016
XP_036170639.1	XP_036997508	27.483	302	305	308	95	5.13e-23	101	tricarboxylate transport protein, mitochondrial [Artibeus jamaicensis]	9417
XP_036170639.1	XP_036287821	26.829	287	305	308	93	5.35e-23	101	mitochondrial glycine transporter isoform X1 [Pipistrellus kuhlii]	59472
XP_036170639.1	XP_036287822	26.829	287	305	304	93	5.37e-23	101	mitochondrial glycine transporter isoform X2 [Pipistrellus kuhlii]	59472
XP_036170639.1	XP_080506256	27.667	300	305	361	95	5.44e-23	102	tricarboxylate transport protein, mitochondrial isoform 1 [Plecotus auritus]	61862
XP_036170639.1	XP_066220931	28.920	287	305	300	89	5.45e-23	101	solute carrier family 25 member 35 [Saccopteryx leptura]	249018
XP_036170639.1	XP_066220930	28.920	287	305	300	89	5.45e-23	101	solute carrier family 25 member 35 [Saccopteryx leptura]	249018
XP_036170639.1	XP_066220929	28.920	287	305	300	89	5.45e-23	101	solute carrier family 25 member 35 [Saccopteryx leptura]	249018
XP_036170639.1	XP_066120319	28.920	287	305	300	89	5.45e-23	101	solute carrier family 25 member 35 [Saccopteryx bilineata]	59482
XP_036170639.1	XP_066120318	28.920	287	305	300	89	5.45e-23	101	solute carrier family 25 member 35 [Saccopteryx bilineata]	59482
XP_036170639.1	XP_066120317	28.920	287	305	300	89	5.45e-23	101	solute carrier family 25 member 35 [Saccopteryx bilineata]	59482
XP_036170639.1	XP_054423699	28.261	322	305	319	92	5.94e-23	101	solute carrier family 25 member 47 [Pteronotus mesoamericanus]	1884717
XP_036170639.1	XP_059532924	27.273	297	305	308	94	6.04e-23	101	tricarboxylate transport protein, mitochondrial [Myotis daubentonii]	98922
XP_036170639.1	XP_036210167	27.273	297	305	308	94	6.04e-23	101	tricarboxylate transport protein, mitochondrial [Myotis myotis]	51298
XP_036170639.1	XP_080970329	27.273	297	305	308	94	6.04e-23	101	tricarboxylate transport protein, mitochondrial isoform 1 [Myotis nattereri]	109481
XP_036170639.1	XP_080970328	27.273	297	305	308	94	6.04e-23	101	tricarboxylate transport protein, mitochondrial isoform 1 [Myotis nattereri]	109481
XP_036170639.1	XP_080971290	32.804	189	305	203	90	6.84e-23	98.6	brain mitochondrial carrier protein 1 isoform 5 [Myotis nattereri]	109481
XP_036170639.1	XP_080971290	29.213	178	305	203	90	1.11e-15	79.3	brain mitochondrial carrier protein 1 isoform 5 [Myotis nattereri]	109481
XP_036170639.1	XP_074169641	26.837	313	305	327	93	6.99e-23	101	solute carrier family 25 member 48 [Rhinolophus sinicus]	89399
XP_036170639.1	XP_019595922	26.837	313	305	327	93	6.99e-23	101	solute carrier family 25 member 48 [Rhinolophus sinicus]	89399
XP_036170639.1	XP_019595921	26.837	313	305	327	93	6.99e-23	101	solute carrier family 25 member 48 [Rhinolophus sinicus]	89399
XP_036170639.1	XP_036279854	27.609	297	305	311	89	7.09e-23	101	solute carrier family 25 member 48 isoform X1 [Pipistrellus kuhlii]	59472
XP_036170639.1	XP_032973669	29.032	279	305	314	83	7.15e-23	101	mitochondrial glutamate carrier 2 isoform X5 [Rhinolophus ferrumequinum]	59479
XP_036170639.1	XP_006761735	27.431	288	305	300	89	7.18e-23	100	PREDICTED: solute carrier family 25 member 35 isoform X1 [Myotis davidii]	225400
XP_036170639.1	XP_015418074	27.431	288	305	300	89	7.18e-23	100	PREDICTED: solute carrier family 25 member 35 isoform X1 [Myotis davidii]	225400
XP_036170639.1	XP_015418073	27.431	288	305	300	89	7.18e-23	100	PREDICTED: solute carrier family 25 member 35 isoform X1 [Myotis davidii]	225400
XP_036170639.1	XP_080942058	28.421	285	305	311	89	7.24e-23	101	solute carrier family 25 member 34 [Myotis nattereri]	109481
XP_036170639.1	XP_036308029	27.431	288	305	300	89	7.47e-23	100	solute carrier family 25 member 35 isoform X1 [Pipistrellus kuhlii]	59472
XP_036170639.1	XP_036308028	27.431	288	305	300	89	7.47e-23	100	solute carrier family 25 member 35 isoform X1 [Pipistrellus kuhlii]	59472
XP_036170639.1	XP_036308027	27.431	288	305	300	89	7.47e-23	100	solute carrier family 25 member 35 isoform X1 [Pipistrellus kuhlii]	59472
XP_036170639.1	XP_039703229	28.571	287	305	300	89	7.55e-23	100	solute carrier family 25 member 35 isoform X1 [Pteropus medius]	143291
XP_036170639.1	XP_036172958	29.338	317	305	311	91	7.93e-23	100	solute carrier family 25 member 47 [Myotis myotis]	51298
XP_036170639.1	XP_045680514	27.431	288	305	300	89	8.36e-23	100	solute carrier family 25 member 35 isoform X1 [Phyllostomus hastatus]	9423
XP_036170639.1	XP_070255674	27.333	300	305	363	95	8.68e-23	101	tricarboxylate transport protein, mitochondrial [Myotis yumanensis]	159337
XP_036170639.1	XP_037020881	28.125	288	305	300	89	8.71e-23	100	solute carrier family 25 member 35 isoform X1 [Artibeus jamaicensis]	9417
XP_036170639.1	XP_032952607	26.837	313	305	327	93	8.74e-23	101	solute carrier family 25 member 48 isoform X3 [Rhinolophus ferrumequinum]	59479
XP_036170639.1	XP_032952606	26.837	313	305	327	93	8.74e-23	101	solute carrier family 25 member 48 isoform X3 [Rhinolophus ferrumequinum]	59479
XP_036170639.1	XP_032952605	26.837	313	305	327	93	8.74e-23	101	solute carrier family 25 member 48 isoform X3 [Rhinolophus ferrumequinum]	59479
XP_036170639.1	XP_032952604	26.837	313	305	327	93	8.74e-23	101	solute carrier family 25 member 48 isoform X3 [Rhinolophus ferrumequinum]	59479
XP_036170639.1	XP_032973668	28.929	280	305	315	83	9.36e-23	100	mitochondrial glutamate carrier 2 isoform X4 [Rhinolophus ferrumequinum]	59479
XP_036170639.1	XP_080893995	27.243	301	305	321	95	1.05e-22	100	tricarboxylate transport protein, mitochondrial [Rhinolophus hipposideros]	77218
XP_036170639.1	XP_045708208	32.979	188	305	238	89	1.13e-22	99.0	brain mitochondrial carrier protein 1 isoform X4 [Phyllostomus hastatus]	9423
XP_036170639.1	XP_045708208	29.213	178	305	238	89	2.00e-15	79.3	brain mitochondrial carrier protein 1 isoform X4 [Phyllostomus hastatus]	9423
XP_036170639.1	XP_070260265	28.421	285	305	311	89	1.17e-22	100	solute carrier family 25 member 34 [Myotis yumanensis]	159337
XP_036170639.1	XP_024413099	27.483	302	305	321	95	1.21e-22	100	tricarboxylate transport protein, mitochondrial [Desmodus rotundus]	9430
XP_036170639.1	XP_080899372	32.804	189	305	203	90	1.26e-22	97.8	brain mitochondrial carrier protein 1 isoform 7 [Rhinolophus hipposideros]	77218
XP_036170639.1	XP_080899372	28.249	177	305	203	90	2.75e-16	80.9	brain mitochondrial carrier protein 1 isoform 7 [Rhinolophus hipposideros]	77218
XP_036170639.1	XP_006908693	26.471	306	305	308	97	1.29e-22	100	tricarboxylate transport protein, mitochondrial [Pteropus alecto]	9402
XP_036170639.1	XP_028384541	27.517	298	305	321	94	1.30e-22	100	tricarboxylate transport protein, mitochondrial [Phyllostomus discolor]	89673
XP_036170639.1	XP_066128629	26.537	309	305	320	93	1.30e-22	100	solute carrier family 25 member 48 [Saccopteryx bilineata]	59482
XP_036170639.1	XP_080971289	32.804	189	305	238	90	1.32e-22	99.0	brain mitochondrial carrier protein 1 isoform 4 [Myotis nattereri]	109481
XP_036170639.1	XP_080971289	29.213	178	305	238	90	1.87e-15	79.3	brain mitochondrial carrier protein 1 isoform 4 [Myotis nattereri]	109481
XP_036170639.1	XP_066197957	26.537	309	305	320	93	1.40e-22	100	solute carrier family 25 member 48 isoform X2 [Saccopteryx leptura]	249018
XP_036170639.1	XP_019607128	28.526	312	305	311	90	1.52e-22	100	solute carrier family 25 member 47 isoform X1 [Rhinolophus sinicus]	89399
XP_036170639.1	XP_032973667	28.929	280	305	339	83	1.56e-22	100	mitochondrial glutamate carrier 2 isoform X3 [Rhinolophus ferrumequinum]	59479
XP_036170639.1	XP_032973666	28.929	280	305	339	83	1.56e-22	100	mitochondrial glutamate carrier 2 isoform X3 [Rhinolophus ferrumequinum]	59479
XP_036170639.1	XP_032973665	28.929	280	305	339	83	1.56e-22	100	mitochondrial glutamate carrier 2 isoform X3 [Rhinolophus ferrumequinum]	59479
XP_036170639.1	XP_032973664	28.929	280	305	339	83	1.56e-22	100	mitochondrial glutamate carrier 2 isoform X3 [Rhinolophus ferrumequinum]	59479
XP_036170639.1	XP_032973663	28.929	280	305	339	83	1.56e-22	100	mitochondrial glutamate carrier 2 isoform X3 [Rhinolophus ferrumequinum]	59479
XP_036170639.1	XP_032973662	28.929	280	305	339	83	1.56e-22	100	mitochondrial glutamate carrier 2 isoform X3 [Rhinolophus ferrumequinum]	59479
XP_036170639.1	XP_032973661	28.929	280	305	339	83	1.56e-22	100	mitochondrial glutamate carrier 2 isoform X3 [Rhinolophus ferrumequinum]	59479
XP_036170639.1	XP_032973660	28.929	280	305	339	83	1.56e-22	100	mitochondrial glutamate carrier 2 isoform X3 [Rhinolophus ferrumequinum]	59479
XP_036170639.1	XP_032973659	28.929	280	305	339	83	1.56e-22	100	mitochondrial glutamate carrier 2 isoform X3 [Rhinolophus ferrumequinum]	59479
XP_036170639.1	XP_011357234	28.223	287	305	300	89	1.79e-22	99.8	solute carrier family 25 member 35 isoform X1 [Pteropus vampyrus]	132908
XP_036170639.1	XP_080891073	26.923	312	305	332	93	1.80e-22	100	solute carrier family 25 member 48 isoform 1 [Rhinolophus hipposideros]	77218
XP_036170639.1	XP_080891072	26.923	312	305	332	93	1.80e-22	100	solute carrier family 25 member 48 isoform 1 [Rhinolophus hipposideros]	77218
XP_036170639.1	XP_080891071	26.923	312	305	332	93	1.80e-22	100	solute carrier family 25 member 48 isoform 1 [Rhinolophus hipposideros]	77218
XP_036170639.1	XP_011354203	26.471	306	305	308	97	1.90e-22	100	tricarboxylate transport protein, mitochondrial [Pteropus vampyrus]	132908
XP_036170639.1	XP_080899371	32.804	189	305	235	90	1.91e-22	98.2	brain mitochondrial carrier protein 1 isoform 6 [Rhinolophus hipposideros]	77218
XP_036170639.1	XP_080899371	28.889	180	305	235	90	5.04e-16	80.9	brain mitochondrial carrier protein 1 isoform 6 [Rhinolophus hipposideros]	77218
XP_036170639.1	XP_032973658	29.032	279	305	362	83	1.95e-22	100	mitochondrial glutamate carrier 2 isoform X2 [Rhinolophus ferrumequinum]	59479
XP_036170639.1	XP_080514091	28.421	285	305	311	89	1.96e-22	100	solute carrier family 25 member 34 [Plecotus auritus]	61862
XP_036170639.1	XP_032953409	27.181	298	305	308	94	2.04e-22	99.8	tricarboxylate transport protein, mitochondrial [Rhinolophus ferrumequinum]	59479
XP_036170639.1	XP_037002022	29.682	283	305	318	88	2.05e-22	100	solute carrier family 25 member 34 isoform X1 [Artibeus jamaicensis]	9417
XP_036170639.1	XP_079618559	27.667	300	305	378	95	2.22e-22	100	tricarboxylate transport protein, mitochondrial isoform 1 [Cnephaeus nilssonii]	3371016
XP_036170639.1	XP_019485541	28.571	280	305	315	83	2.26e-22	99.8	PREDICTED: mitochondrial glutamate carrier 2 isoform X1 [Hipposideros armiger]	186990
XP_036170639.1	XP_019485540	28.571	280	305	315	83	2.26e-22	99.8	PREDICTED: mitochondrial glutamate carrier 2 isoform X1 [Hipposideros armiger]	186990
XP_036170639.1	XP_080899370	32.804	189	305	238	90	2.28e-22	98.2	brain mitochondrial carrier protein 1 isoform 5 [Rhinolophus hipposideros]	77218
XP_036170639.1	XP_080899370	28.889	180	305	238	90	4.95e-16	80.9	brain mitochondrial carrier protein 1 isoform 5 [Rhinolophus hipposideros]	77218
XP_036170639.1	XP_054431661	28.571	287	305	300	89	2.41e-22	99.4	solute carrier family 25 member 35 isoform X1 [Pteronotus mesoamericanus]	1884717
XP_036170639.1	XP_081017565	27.431	288	305	300	89	2.53e-22	99.4	solute carrier family 25 member 35 isoform 1 [Miniopterus schreibersii]	9433
XP_036170639.1	XP_081017564	27.431	288	305	300	89	2.53e-22	99.4	solute carrier family 25 member 35 isoform 1 [Miniopterus schreibersii]	9433
XP_036170639.1	XP_008146477	28.070	285	305	311	89	2.55e-22	99.8	solute carrier family 25 member 34 [Eptesicus fuscus]	29078
XP_036170639.1	XP_079634572	28.070	285	305	311	89	2.55e-22	99.8	solute carrier family 25 member 34 [Cnephaeus nilssonii]	3371016
XP_036170639.1	XP_032973657	28.929	280	305	363	83	3.06e-22	100	mitochondrial glutamate carrier 2 isoform X1 [Rhinolophus ferrumequinum]	59479
XP_036170639.1	XP_080911526	28.772	285	305	304	89	3.45e-22	99.4	solute carrier family 25 member 34 isoform 2 [Rhinolophus hipposideros]	77218
XP_036170639.1	XP_016077990	27.083	288	305	300	89	3.73e-22	99.0	PREDICTED: solute carrier family 25 member 35 [Miniopterus natalensis]	291302
XP_036170639.1	XP_080985435	27.660	282	305	314	83	3.80e-22	99.4	mitochondrial glutamate carrier 2 isoform 4 [Miniopterus schreibersii]	9433
XP_036170639.1	XP_080959513	29.022	317	305	311	91	3.82e-22	99.4	solute carrier family 25 member 47 [Myotis nattereri]	109481
XP_036170639.1	XP_080991503	26.710	307	305	311	91	3.94e-22	99.0	solute carrier family 25 member 48 isoform 1 [Miniopterus schreibersii]	9433
XP_036170639.1	XP_080991502	26.710	307	305	311	91	3.94e-22	99.0	solute carrier family 25 member 48 isoform 1 [Miniopterus schreibersii]	9433
XP_036170639.1	XP_024420896	28.571	287	305	300	89	4.43e-22	99.0	solute carrier family 25 member 35 [Desmodus rotundus]	9430
XP_036170639.1	XP_024420895	28.571	287	305	300	89	4.43e-22	99.0	solute carrier family 25 member 35 [Desmodus rotundus]	9430
XP_036170639.1	XP_039698069	30.169	295	305	318	92	4.85e-22	99.0	solute carrier family 25 member 34 [Pteropus medius]	143291
XP_036170639.1	XP_008140302	27.070	314	305	311	93	4.97e-22	99.0	solute carrier family 25 member 48 isoform X4 [Eptesicus fuscus]	29078
XP_036170639.1	XP_011361803	30.169	295	305	318	92	5.21e-22	99.0	solute carrier family 25 member 34 [Pteropus vampyrus]	132908
XP_036170639.1	XP_028363628	28.571	322	305	316	91	5.59e-22	99.0	solute carrier family 25 member 47 [Phyllostomus discolor]	89673
XP_036170639.1	XP_080985434	27.660	282	305	315	83	5.67e-22	99.0	mitochondrial glutamate carrier 2 isoform 3 [Miniopterus schreibersii]	9433
XP_036170639.1	XP_080985433	27.660	282	305	315	83	5.67e-22	99.0	mitochondrial glutamate carrier 2 isoform 3 [Miniopterus schreibersii]	9433
XP_036170639.1	XP_080985432	27.660	282	305	315	83	5.67e-22	99.0	mitochondrial glutamate carrier 2 isoform 3 [Miniopterus schreibersii]	9433
XP_036170639.1	XP_080985431	27.660	282	305	315	83	5.67e-22	99.0	mitochondrial glutamate carrier 2 isoform 3 [Miniopterus schreibersii]	9433
XP_036170639.1	XP_059542438	28.707	317	305	311	91	5.73e-22	98.6	solute carrier family 25 member 47 [Myotis daubentonii]	98922
XP_036170639.1	XP_032969699	28.772	285	305	304	89	6.54e-22	98.6	solute carrier family 25 member 34 [Rhinolophus ferrumequinum]	59479
XP_036170639.1	XP_028390296	27.431	288	305	300	89	6.58e-22	98.2	solute carrier family 25 member 35 isoform X1 [Phyllostomus discolor]	89673
XP_036170639.1	XP_066207065	25.087	287	305	295	93	6.64e-22	98.2	mitochondrial glycine transporter isoform X3 [Saccopteryx leptura]	249018
XP_036170639.1	XP_080985430	27.660	282	305	351	83	6.81e-22	99.4	mitochondrial glutamate carrier 2 isoform 2 [Miniopterus schreibersii]	9433
XP_036170639.1	XP_080528759	25.087	287	305	304	93	7.31e-22	98.2	mitochondrial glycine transporter [Plecotus auritus]	61862
XP_036170639.1	XP_066115979	26.871	294	305	308	93	7.48e-22	98.2	tricarboxylate transport protein, mitochondrial [Saccopteryx bilineata]	59482
XP_036170639.1	XP_066207064	25.442	283	305	297	92	7.60e-22	98.2	mitochondrial glycine transporter isoform X2 [Saccopteryx leptura]	249018
XP_036170639.1	XP_005877939	28.972	321	305	315	91	7.68e-22	98.6	PREDICTED: solute carrier family 25 member 47 [Myotis brandtii]	109478
XP_036170639.1	XP_054448763	27.181	298	305	321	94	7.99e-22	98.6	tricarboxylate transport protein, mitochondrial [Pteronotus mesoamericanus]	1884717
XP_036170639.1	XP_054448762	27.181	298	305	321	94	7.99e-22	98.6	tricarboxylate transport protein, mitochondrial [Pteronotus mesoamericanus]	1884717
XP_036170639.1	XP_054448761	27.181	298	305	321	94	7.99e-22	98.6	tricarboxylate transport protein, mitochondrial [Pteronotus mesoamericanus]	1884717
XP_036170639.1	XP_054448760	27.181	298	305	321	94	7.99e-22	98.6	tricarboxylate transport protein, mitochondrial [Pteronotus mesoamericanus]	1884717
XP_036170639.1	XP_080528688	27.389	314	305	311	93	8.24e-22	98.2	solute carrier family 25 member 48 isoform 2 [Plecotus auritus]	61862
XP_036170639.1	XP_080528687	27.389	314	305	311	93	8.24e-22	98.2	solute carrier family 25 member 48 isoform 2 [Plecotus auritus]	61862
XP_036170639.1	XP_054451104	27.083	288	305	304	93	9.32e-22	97.8	mitochondrial glycine transporter [Pteronotus mesoamericanus]	1884717
XP_036170639.1	XP_054424397	26.019	319	305	327	94	9.84e-22	98.2	solute carrier family 25 member 48 isoform X5 [Pteronotus mesoamericanus]	1884717
XP_036170639.1	XP_039692015	26.154	325	305	326	96	9.90e-22	98.2	solute carrier family 25 member 48 [Pteropus medius]	143291
XP_036170639.1	XP_039692014	26.154	325	305	326	96	9.90e-22	98.2	solute carrier family 25 member 48 [Pteropus medius]	143291
XP_036170639.1	XP_039692013	26.154	325	305	326	96	9.90e-22	98.2	solute carrier family 25 member 48 [Pteropus medius]	143291
XP_036170639.1	XP_039692012	26.154	325	305	326	96	9.90e-22	98.2	solute carrier family 25 member 48 [Pteropus medius]	143291
XP_036170639.1	XP_024896498	26.462	325	305	326	96	1.00e-21	98.2	solute carrier family 25 member 48 [Pteropus alecto]	9402
XP_036170639.1	XP_081016090	26.316	285	305	287	93	1.04e-21	97.4	mitochondrial glycine transporter isoform 2 [Miniopterus schreibersii]	9433
XP_036170639.1	XP_066207063	25.442	283	305	304	92	1.08e-21	97.8	mitochondrial glycine transporter isoform X1 [Saccopteryx leptura]	249018
XP_036170639.1	XP_080985429	27.660	282	305	352	83	1.10e-21	98.6	mitochondrial glutamate carrier 2 isoform 1 [Miniopterus schreibersii]	9433
XP_036170639.1	XP_023387784	26.462	325	305	326	96	1.24e-21	98.2	solute carrier family 25 member 48 [Pteropus vampyrus]	132908
XP_036170639.1	XP_080966228	27.740	292	305	296	89	1.32e-21	97.4	solute carrier family 25 member 35 isoform 2 [Myotis nattereri]	109481
XP_036170639.1	XP_008153002	26.148	283	305	304	92	1.34e-21	97.4	mitochondrial glycine transporter isoform X1 [Eptesicus fuscus]	29078
XP_036170639.1	XP_039725174	27.758	281	305	316	83	1.47e-21	97.8	mitochondrial glutamate carrier 2 isoform X2 [Pteropus medius]	143291
XP_036170639.1	XP_079628703	26.752	314	305	311	93	1.64e-21	97.4	solute carrier family 25 member 48 isoform 2 [Cnephaeus nilssonii]	3371016
XP_036170639.1	XP_066221478	26.871	294	305	308	93	1.68e-21	97.4	tricarboxylate transport protein, mitochondrial [Saccopteryx leptura]	249018
XP_036170639.1	XP_016051645	26.502	283	305	304	92	1.73e-21	97.4	PREDICTED: solute carrier family 25 member 38 isoform X1 [Miniopterus natalensis]	291302
XP_036170639.1	XP_081016089	26.502	283	305	304	92	1.73e-21	97.4	mitochondrial glycine transporter isoform 1 [Miniopterus schreibersii]	9433
XP_036170639.1	XP_015975687	26.144	306	305	321	97	1.79e-21	97.4	tricarboxylate transport protein, mitochondrial [Rousettus aegyptiacus]	9407
XP_036170639.1	XP_066093391	29.391	279	305	314	83	1.94e-21	97.4	mitochondrial glutamate carrier 2 isoform X2 [Saccopteryx bilineata]	59482
XP_036170639.1	XP_036884084	27.586	290	305	300	89	2.01e-21	97.1	solute carrier family 25 member 35 isoform X1 [Sturnira hondurensis]	192404
XP_036170639.1	XP_070259397	28.660	321	305	315	91	2.07e-21	97.4	solute carrier family 25 member 47-like [Myotis yumanensis]	159337
XP_036170639.1	XP_070259136	28.660	321	305	315	91	2.15e-21	97.1	solute carrier family 25 member 47-like [Myotis yumanensis]	159337
XP_036170639.1	XP_015993186	25.846	325	305	326	96	2.19e-21	97.4	solute carrier family 25 member 48 isoform X3 [Rousettus aegyptiacus]	9407
XP_036170639.1	XP_066200125	28.053	303	305	310	87	2.67e-21	96.7	solute carrier family 25 member 47 isoform X1 [Saccopteryx leptura]	249018
XP_036170639.1	XP_006770611	26.298	289	305	294	94	2.73e-21	96.7	PREDICTED: solute carrier family 25 member 38 isoform X2 [Myotis davidii]	225400
XP_036170639.1	XP_039725173	27.660	282	305	317	83	3.00e-21	96.7	mitochondrial glutamate carrier 2 isoform X1 [Pteropus medius]	143291
XP_036170639.1	XP_039725172	27.660	282	305	317	83	3.00e-21	96.7	mitochondrial glutamate carrier 2 isoform X1 [Pteropus medius]	143291
XP_036170639.1	XP_039725171	27.660	282	305	317	83	3.00e-21	96.7	mitochondrial glutamate carrier 2 isoform X1 [Pteropus medius]	143291
XP_036170639.1	XP_079650772	26.148	283	305	304	92	3.07e-21	96.7	mitochondrial glycine transporter [Cnephaeus nilssonii]	3371016
XP_036170639.1	XP_070247664	25.952	289	305	294	94	3.08e-21	96.3	mitochondrial glycine transporter isoform X2 [Myotis yumanensis]	159337
XP_036170639.1	XP_070247663	25.952	289	305	294	94	3.08e-21	96.3	mitochondrial glycine transporter isoform X2 [Myotis yumanensis]	159337
XP_036170639.1	XP_014320712	25.952	289	305	294	94	3.11e-21	96.3	solute carrier family 25 member 38 isoform X1 [Myotis lucifugus]	59463
XP_036170639.1	XP_081000505	29.123	285	305	311	89	3.16e-21	96.7	solute carrier family 25 member 34 [Miniopterus schreibersii]	9433
XP_036170639.1	XP_066093390	29.391	279	305	333	83	3.26e-21	97.1	mitochondrial glutamate carrier 2 isoform X1 [Saccopteryx bilineata]	59482
XP_036170639.1	XP_080979079	26.821	302	305	309	95	3.67e-21	96.3	tricarboxylate transport protein, mitochondrial isoform 1 [Miniopterus schreibersii]	9433
XP_036170639.1	XP_080979078	26.821	302	305	309	95	3.67e-21	96.3	tricarboxylate transport protein, mitochondrial isoform 1 [Miniopterus schreibersii]	9433
XP_036170639.1	XP_080979077	26.821	302	305	309	95	3.67e-21	96.3	tricarboxylate transport protein, mitochondrial isoform 1 [Miniopterus schreibersii]	9433
XP_036170639.1	XP_080979076	26.821	302	305	309	95	3.67e-21	96.3	tricarboxylate transport protein, mitochondrial isoform 1 [Miniopterus schreibersii]	9433
XP_036170639.1	XP_080979075	26.821	302	305	309	95	3.67e-21	96.3	tricarboxylate transport protein, mitochondrial isoform 1 [Miniopterus schreibersii]	9433
XP_036170639.1	XP_080979074	26.821	302	305	309	95	3.67e-21	96.3	tricarboxylate transport protein, mitochondrial isoform 1 [Miniopterus schreibersii]	9433
XP_036170639.1	XP_080979073	26.821	302	305	309	95	3.67e-21	96.3	tricarboxylate transport protein, mitochondrial isoform 1 [Miniopterus schreibersii]	9433
XP_036170639.1	XP_023390960	27.660	282	305	384	83	3.73e-21	97.4	mitochondrial glutamate carrier 2 [Pteropus vampyrus]	132908
XP_036170639.1	XP_016069310	27.305	282	305	315	83	4.44e-21	96.3	PREDICTED: mitochondrial glutamate carrier 2 [Miniopterus natalensis]	291302
XP_036170639.1	XP_016053057	26.102	295	305	404	87	4.60e-21	97.4	PREDICTED: solute carrier family 25 member 48 [Miniopterus natalensis]	291302
XP_036170639.1	XP_016061134	29.123	285	305	311	89	4.68e-21	96.3	PREDICTED: solute carrier family 25 member 34 [Miniopterus natalensis]	291302
XP_036170639.1	XP_066100992	25.087	287	305	297	93	4.90e-21	95.9	mitochondrial glycine transporter isoform X2 [Saccopteryx bilineata]	59482
XP_036170639.1	XP_066100993	25.087	287	305	295	93	4.94e-21	95.9	mitochondrial glycine transporter isoform X3 [Saccopteryx bilineata]	59482
XP_036170639.1	XP_006103168	28.660	321	305	315	91	5.33e-21	96.3	solute carrier family 25 member 47 [Myotis lucifugus]	59463
XP_036170639.1	XP_005860478	25.952	289	305	294	94	5.89e-21	95.5	PREDICTED: solute carrier family 25 member 38 isoform X2 [Myotis brandtii]	109478
XP_036170639.1	XP_066197956	26.263	297	305	394	90	5.98e-21	97.1	solute carrier family 25 member 48 isoform X1 [Saccopteryx leptura]	249018
XP_036170639.1	XP_036267537	28.615	325	305	319	91	6.56e-21	95.9	solute carrier family 25 member 47 [Pipistrellus kuhlii]	59472
XP_036170639.1	XP_028369439	28.000	300	305	318	92	7.01e-21	95.9	solute carrier family 25 member 34 isoform X1 [Phyllostomus discolor]	89673
XP_036170639.1	XP_015423890	25.862	290	305	287	94	7.64e-21	95.1	PREDICTED: solute carrier family 25 member 38 isoform X3 [Myotis davidii]	225400
XP_036170639.1	XP_066100991	25.087	287	305	304	93	8.78e-21	95.5	mitochondrial glycine transporter isoform X1 [Saccopteryx bilineata]	59482
XP_036170639.1	XP_080962138	25.517	290	305	287	94	9.08e-21	95.1	mitochondrial glycine transporter isoform 2 [Myotis nattereri]	109481
XP_036170639.1	XP_066237239	29.032	279	305	314	83	9.22e-21	95.5	mitochondrial glutamate carrier 2 isoform X2 [Saccopteryx leptura]	249018
XP_036170639.1	XP_070247665	25.172	290	305	287	94	9.55e-21	94.7	mitochondrial glycine transporter isoform X3 [Myotis yumanensis]	159337
XP_036170639.1	XP_045678130	27.950	322	305	316	91	9.68e-21	95.5	solute carrier family 25 member 47 [Phyllostomus hastatus]	9423
XP_036170639.1	XP_006770610	26.132	287	305	304	93	1.02e-20	95.1	PREDICTED: solute carrier family 25 member 38 isoform X1 [Myotis davidii]	225400
XP_036170639.1	XP_081016091	26.538	260	305	281	85	1.07e-20	94.7	mitochondrial glycine transporter isoform 3 [Miniopterus schreibersii]	9433
XP_036170639.1	XP_024895964	28.179	291	305	296	89	1.12e-20	94.7	solute carrier family 25 member 35 isoform X2 [Pteropus alecto]	9402
XP_036170639.1	XP_036189119	25.517	290	305	287	94	1.29e-20	94.4	mitochondrial glycine transporter isoform X4 [Myotis myotis]	51298
XP_036170639.1	XP_080962140	25.874	286	305	339	93	1.32e-20	95.5	mitochondrial glycine transporter isoform 4 [Myotis nattereri]	109481
XP_036170639.1	XP_032962997	30.918	207	305	282	59	1.35e-20	94.4	solute carrier family 25 member 47 isoform X2 [Rhinolophus ferrumequinum]	59479
XP_036170639.1	XP_080962137	25.784	287	305	304	93	1.37e-20	94.7	mitochondrial glycine transporter isoform 1 [Myotis nattereri]	109481
XP_036170639.1	XP_028384198	26.537	309	305	311	91	1.40e-20	94.7	solute carrier family 25 member 48 isoform X5 [Phyllostomus discolor]	89673
XP_036170639.1	XP_023619156	25.436	287	305	287	93	1.40e-20	94.4	solute carrier family 25 member 38 isoform X2 [Myotis lucifugus]	59463
XP_036170639.1	XP_032962998	30.918	207	305	264	59	1.40e-20	94.0	solute carrier family 25 member 47 isoform X3 [Rhinolophus ferrumequinum]	59479
XP_036170639.1	XP_023619157	25.436	287	305	282	93	1.47e-20	94.4	solute carrier family 25 member 38 isoform X3 [Myotis lucifugus]	59463
XP_036170639.1	XP_036189121	25.784	287	305	287	93	1.49e-20	94.4	mitochondrial glycine transporter isoform X5 [Myotis myotis]	51298
XP_036170639.1	XP_045694979	28.309	272	305	308	83	1.54e-20	94.7	mitochondrial glutamate carrier 2 [Phyllostomus hastatus]	9423
XP_036170639.1	XP_070247662	25.436	287	305	304	93	1.56e-20	94.7	mitochondrial glycine transporter isoform X1 [Myotis yumanensis]	159337
XP_036170639.1	XP_059520433	25.784	287	305	287	93	1.57e-20	94.4	mitochondrial glycine transporter isoform X2 [Myotis daubentonii]	98922
XP_036170639.1	XP_066237238	29.032	279	305	333	83	1.59e-20	95.1	mitochondrial glutamate carrier 2 isoform X1 [Saccopteryx leptura]	249018
XP_036170639.1	XP_059520432	25.784	287	305	304	93	1.73e-20	94.4	mitochondrial glycine transporter isoform X1 [Myotis daubentonii]	98922
XP_036170639.1	XP_036189118	25.784	287	305	304	93	1.78e-20	94.4	mitochondrial glycine transporter isoform X3 [Myotis myotis]	51298
XP_036170639.1	XP_036189116	25.874	286	305	339	93	1.99e-20	94.7	mitochondrial glycine transporter isoform X1 [Myotis myotis]	51298
XP_036170639.1	XP_070271056	27.070	314	305	311	93	2.01e-20	94.4	solute carrier family 25 member 48 isoform X3 [Myotis yumanensis]	159337
XP_036170639.1	XP_014390403	25.172	290	305	287	94	2.04e-20	94.0	PREDICTED: solute carrier family 25 member 38 isoform X3 [Myotis brandtii]	109478
XP_036170639.1	XP_059520437	25.874	286	305	339	93	2.11e-20	94.7	mitochondrial glycine transporter isoform X6 [Myotis daubentonii]	98922
XP_036170639.1	XP_006925723	27.019	322	305	314	91	2.32e-20	94.4	solute carrier family 25 member 47 [Pteropus alecto]	9402
XP_036170639.1	XP_054435671	29.110	292	305	318	91	2.48e-20	94.4	solute carrier family 25 member 34 [Pteronotus mesoamericanus]	1884717
XP_036170639.1	XP_080903591	27.891	294	305	299	94	2.90e-20	94.0	mitochondrial 2-oxodicarboxylate carrier [Rhinolophus hipposideros]	77218
XP_036170639.1	XP_045055626	26.552	290	305	296	94	2.91e-20	93.6	mitochondrial glycine transporter isoform X3 [Desmodus rotundus]	9430
XP_036170639.1	XP_005860477	25.436	287	305	304	93	2.91e-20	94.0	PREDICTED: solute carrier family 25 member 38 isoform X1 [Myotis brandtii]	109478
XP_036170639.1	XP_006086625	27.070	314	305	311	93	3.13e-20	94.0	solute carrier family 25 member 48 isoform X6 [Myotis lucifugus]	59463
XP_036170639.1	XP_036123153	26.056	284	305	287	92	3.28e-20	93.6	mitochondrial glycine transporter isoform X1 [Molossus molossus]	27622
XP_036170639.1	XP_006766673	28.840	319	305	313	91	3.29e-20	94.0	PREDICTED: solute carrier family 25 member 47 [Myotis davidii]	225400
XP_036170639.1	XP_006766672	28.840	319	305	313	91	3.29e-20	94.0	PREDICTED: solute carrier family 25 member 47 [Myotis davidii]	225400
XP_036170639.1	XP_080527669	27.628	333	305	327	91	3.29e-20	94.0	solute carrier family 25 member 47 isoform 2 [Plecotus auritus]	61862
XP_036170639.1	XP_080527668	27.628	333	305	327	91	3.29e-20	94.0	solute carrier family 25 member 47 isoform 2 [Plecotus auritus]	61862
XP_036170639.1	XP_023385697	28.169	284	305	296	89	3.38e-20	93.6	solute carrier family 25 member 35 isoform X2 [Pteropus vampyrus]	132908
XP_036170639.1	XP_036119880	26.923	286	305	313	90	3.56e-20	94.0	mitochondrial folate transporter/carrier [Molossus molossus]	27622
XP_036170639.1	XP_059554421	26.433	314	305	311	93	3.75e-20	93.6	solute carrier family 25 member 48 isoform X2 [Myotis daubentonii]	98922
XP_036170639.1	XP_027985845	28.840	319	305	313	91	3.94e-20	93.6	solute carrier family 25 member 47 isoform X1 [Eptesicus fuscus]	29078
XP_036170639.1	XP_028382746	27.941	272	305	308	83	4.26e-20	93.6	mitochondrial glutamate carrier 2 [Phyllostomus discolor]	89673
XP_036170639.1	XP_036112653	28.014	282	305	303	90	4.33e-20	93.6	mitochondrial 2-oxodicarboxylate carrier isoform X2 [Molossus molossus]	27622
XP_036170639.1	XP_045055625	26.552	290	305	333	94	4.35e-20	94.0	mitochondrial glycine transporter isoform X1 [Desmodus rotundus]	9430
XP_036170639.1	XP_045681416	25.625	320	305	327	95	4.36e-20	94.0	solute carrier family 25 member 48 isoform X3 [Phyllostomus hastatus]	9423
XP_036170639.1	XP_045056440	28.309	272	305	308	83	5.26e-20	93.2	mitochondrial glutamate carrier 2 isoform X1 [Desmodus rotundus]	9430
XP_036170639.1	XP_045056434	28.309	272	305	308	83	5.26e-20	93.2	mitochondrial glutamate carrier 2 isoform X1 [Desmodus rotundus]	9430
XP_036170639.1	XP_019518350	25.087	287	305	299	93	6.10e-20	92.8	PREDICTED: solute carrier family 25 member 38 isoform X2 [Hipposideros armiger]	186990
XP_036170639.1	XP_024421850	26.736	288	305	304	93	6.25e-20	92.8	mitochondrial glycine transporter isoform X2 [Desmodus rotundus]	9430
XP_036170639.1	XP_045715953	29.153	295	305	318	92	6.36e-20	93.2	solute carrier family 25 member 34 isoform X1 [Phyllostomus hastatus]	9423
XP_036170639.1	XP_019518349	25.087	287	305	304	93	6.44e-20	92.8	PREDICTED: solute carrier family 25 member 38 isoform X1 [Hipposideros armiger]	186990
XP_036170639.1	XP_019500273	27.046	281	305	299	90	6.61e-20	92.8	PREDICTED: mitochondrial 2-oxodicarboxylate carrier isoform X1 [Hipposideros armiger]	186990
XP_036170639.1	XP_039693311	25.784	287	305	305	93	6.74e-20	92.8	mitochondrial glycine transporter isoform X1 [Pteropus medius]	143291
XP_036170639.1	XP_080950937	27.758	281	305	299	90	6.81e-20	92.8	mitochondrial 2-oxodicarboxylate carrier [Myotis nattereri]	109481
XP_036170639.1	XP_032988906	25.087	287	305	304	93	6.84e-20	92.8	mitochondrial glycine transporter isoform X1 [Rhinolophus ferrumequinum]	59479
XP_036170639.1	XP_059566842	27.758	281	305	298	90	7.13e-20	92.8	mitochondrial 2-oxodicarboxylate carrier isoform X2 [Myotis daubentonii]	98922
XP_036170639.1	XP_045687589	25.510	294	305	323	93	7.37e-20	93.2	ADP/ATP translocase 4 [Phyllostomus hastatus]	9423
XP_036170639.1	XP_006914869	25.784	287	305	305	93	7.99e-20	92.8	mitochondrial glycine transporter isoform X1 [Pteropus alecto]	9402
XP_036170639.1	XP_036169646	26.433	314	305	311	93	8.03e-20	92.8	solute carrier family 25 member 48 isoform X3 [Myotis myotis]	51298
XP_036170639.1	XP_024903700	27.562	283	305	299	90	8.17e-20	92.4	mitochondrial 2-oxodicarboxylate carrier [Pteropus alecto]	9402
XP_036170639.1	XP_006913525	27.562	283	305	299	90	8.17e-20	92.4	mitochondrial 2-oxodicarboxylate carrier [Pteropus alecto]	9402
XP_036170639.1	XP_080948812	26.115	314	305	311	93	8.20e-20	92.8	solute carrier family 25 member 48 [Myotis nattereri]	109481
XP_036170639.1	XP_059566838	27.758	281	305	299	90	8.67e-20	92.4	mitochondrial 2-oxodicarboxylate carrier isoform X1 [Myotis daubentonii]	98922
XP_036170639.1	XP_019583146	25.087	287	305	304	93	9.62e-20	92.4	mitochondrial glycine transporter isoform X1 [Rhinolophus sinicus]	89399
XP_036170639.1	XP_080527667	27.410	332	305	336	91	1.01e-19	92.8	solute carrier family 25 member 47 isoform 1 [Plecotus auritus]	61862
XP_036170639.1	XP_053525248	25.694	288	305	287	93	1.18e-19	92.0	mitochondrial glycine transporter isoform X2 [Artibeus jamaicensis]	9417
XP_036170639.1	XP_039712457	26.786	280	305	299	90	1.18e-19	92.0	mitochondrial 2-oxodicarboxylate carrier isoform X1 [Pteropus medius]	143291
XP_036170639.1	XP_039712456	26.786	280	305	299	90	1.18e-19	92.0	mitochondrial 2-oxodicarboxylate carrier isoform X1 [Pteropus medius]	143291
XP_036170639.1	XP_036112730	29.123	285	305	335	89	1.32e-19	92.4	LOW QUALITY PROTEIN: solute carrier family 25 member 34 [Molossus molossus]	27622
XP_036170639.1	XP_066231256	28.421	285	305	320	89	1.38e-19	92.4	solute carrier family 25 member 34 [Saccopteryx leptura]	249018
XP_036170639.1	XP_028362541	27.143	280	305	299	90	1.42e-19	92.0	mitochondrial 2-oxodicarboxylate carrier isoform X1 [Phyllostomus discolor]	89673
XP_036170639.1	XP_037004224	25.694	288	305	304	93	1.47e-19	92.0	mitochondrial glycine transporter isoform X1 [Artibeus jamaicensis]	9417
XP_036170639.1	XP_066133879	27.305	282	305	299	90	1.51e-19	91.7	mitochondrial 2-oxodicarboxylate carrier isoform X1 [Saccopteryx bilineata]	59482
XP_036170639.1	XP_036915381	26.019	319	305	327	96	1.58e-19	92.4	solute carrier family 25 member 48 isoform X2 [Sturnira hondurensis]	192404
XP_036170639.1	XP_036915380	26.198	313	305	329	94	1.68e-19	92.0	solute carrier family 25 member 48 isoform X1 [Sturnira hondurensis]	192404
XP_036170639.1	XP_036112659	27.027	296	305	300	93	1.76e-19	91.7	mitochondrial 2-oxodicarboxylate carrier isoform X3 [Molossus molossus]	27622
XP_036170639.1	XP_011374815	27.562	283	305	299	90	1.77e-19	91.7	mitochondrial 2-oxodicarboxylate carrier isoform X1 [Pteropus vampyrus]	132908
XP_036170639.1	XP_066200589	27.148	291	305	299	92	1.92e-19	91.7	mitochondrial 2-oxodicarboxylate carrier isoform X1 [Saccopteryx leptura]	249018
XP_036170639.1	XP_036133161	26.510	298	305	377	94	1.99e-19	92.8	tricarboxylate transport protein, mitochondrial [Molossus molossus]	27622
XP_036170639.1	XP_036914109	25.170	294	305	323	93	2.08e-19	91.7	ADP/ATP translocase 4 [Sturnira hondurensis]	192404
XP_036170639.1	XP_032963001	30.653	199	305	221	57	2.20e-19	89.7	solute carrier family 25 member 47 isoform X5 [Rhinolophus ferrumequinum]	59479
XP_036170639.1	XP_019487717	26.452	310	305	315	96	2.52e-19	91.7	PREDICTED: mitochondrial folate transporter/carrier [Hipposideros armiger]	186990
XP_036170639.1	XP_081011256	27.336	289	305	299	92	2.75e-19	91.3	mitochondrial 2-oxodicarboxylate carrier isoform 2 [Miniopterus schreibersii]	9433
XP_036170639.1	XP_037013956	30.256	195	305	318	95	2.82e-19	91.3	mitochondrial thiamine pyrophosphate carrier isoform X3 [Artibeus jamaicensis]	9417
XP_036170639.1	XP_037013956	29.775	178	305	318	95	3.52e-11	68.2	mitochondrial thiamine pyrophosphate carrier isoform X3 [Artibeus jamaicensis]	9417
XP_036170639.1	XP_079623596	27.660	282	305	299	90	2.86e-19	90.9	mitochondrial 2-oxodicarboxylate carrier [Cnephaeus nilssonii]	3371016
XP_036170639.1	XP_080497936	27.660	282	305	299	90	2.95e-19	90.9	mitochondrial 2-oxodicarboxylate carrier [Plecotus auritus]	61862
XP_036170639.1	XP_045680515	27.046	281	305	278	89	3.01e-19	90.5	solute carrier family 25 member 35 isoform X2 [Phyllostomus hastatus]	9423
XP_036170639.1	XP_036985863	25.170	294	305	323	93	3.04e-19	91.3	ADP/ATP translocase 4 [Artibeus jamaicensis]	9417
XP_036170639.1	XP_028376380	25.086	291	305	323	92	3.29e-19	91.3	ADP/ATP translocase 4 [Phyllostomus discolor]	89673
XP_036170639.1	XP_066126459	28.421	285	305	320	89	3.39e-19	91.3	solute carrier family 25 member 34 [Saccopteryx bilineata]	59482
XP_036170639.1	XP_032989256	24.830	294	305	323	93	3.97e-19	90.9	ADP/ATP translocase 4 [Rhinolophus ferrumequinum]	59479
XP_036170639.1	XP_032964403	27.305	282	305	299	90	4.15e-19	90.5	mitochondrial 2-oxodicarboxylate carrier isoform X1 [Rhinolophus ferrumequinum]	59479
XP_036170639.1	XP_019607130	30.682	264	305	306	91	4.27e-19	90.9	mitochondrial basic amino acids transporter [Rhinolophus sinicus]	89399
XP_036170639.1	XP_019607130	28.108	185	305	306	91	1.19e-13	75.5	mitochondrial basic amino acids transporter [Rhinolophus sinicus]	89399
XP_036170639.1	XP_032964251	30.798	263	305	306	91	4.31e-19	90.5	mitochondrial basic amino acids transporter [Rhinolophus ferrumequinum]	59479
XP_036170639.1	XP_032964251	28.108	185	305	306	91	5.43e-13	73.6	mitochondrial basic amino acids transporter [Rhinolophus ferrumequinum]	59479
XP_036170639.1	XP_080945592	30.038	263	305	302	91	4.33e-19	90.5	mitochondrial basic amino acids transporter isoform 2 [Myotis nattereri]	109481
XP_036170639.1	XP_080945592	27.568	185	305	302	91	9.77e-13	72.8	mitochondrial basic amino acids transporter isoform 2 [Myotis nattereri]	109481
XP_036170639.1	XP_045704545	27.143	280	305	299	90	4.36e-19	90.5	mitochondrial 2-oxodicarboxylate carrier [Phyllostomus hastatus]	9423
XP_036170639.1	XP_080928586	25.087	287	305	304	93	4.59e-19	90.5	mitochondrial glycine transporter isoform 1 [Rhinolophus hipposideros]	77218
XP_036170639.1	XP_036112644	27.622	286	305	307	90	4.69e-19	90.5	mitochondrial 2-oxodicarboxylate carrier isoform X1 [Molossus molossus]	27622
XP_036170639.1	XP_036112633	27.622	286	305	307	90	4.69e-19	90.5	mitochondrial 2-oxodicarboxylate carrier isoform X1 [Molossus molossus]	27622
XP_036170639.1	XP_036112625	27.622	286	305	307	90	4.69e-19	90.5	mitochondrial 2-oxodicarboxylate carrier isoform X1 [Molossus molossus]	27622
XP_036170639.1	XP_036112618	27.622	286	305	307	90	4.69e-19	90.5	mitochondrial 2-oxodicarboxylate carrier isoform X1 [Molossus molossus]	27622
XP_036170639.1	XP_036112609	27.622	286	305	307	90	4.69e-19	90.5	mitochondrial 2-oxodicarboxylate carrier isoform X1 [Molossus molossus]	27622
XP_036170639.1	XP_036112602	27.622	286	305	307	90	4.69e-19	90.5	mitochondrial 2-oxodicarboxylate carrier isoform X1 [Molossus molossus]	27622
XP_036170639.1	XP_036112594	27.622	286	305	307	90	4.69e-19	90.5	mitochondrial 2-oxodicarboxylate carrier isoform X1 [Molossus molossus]	27622
XP_036170639.1	XP_036112586	27.622	286	305	307	90	4.69e-19	90.5	mitochondrial 2-oxodicarboxylate carrier isoform X1 [Molossus molossus]	27622
XP_036170639.1	XP_036112577	27.622	286	305	307	90	4.69e-19	90.5	mitochondrial 2-oxodicarboxylate carrier isoform X1 [Molossus molossus]	27622
XP_036170639.1	XP_036112569	27.622	286	305	307	90	4.69e-19	90.5	mitochondrial 2-oxodicarboxylate carrier isoform X1 [Molossus molossus]	27622
XP_036170639.1	XP_036112558	27.622	286	305	307	90	4.69e-19	90.5	mitochondrial 2-oxodicarboxylate carrier isoform X1 [Molossus molossus]	27622
XP_036170639.1	XP_036112549	27.622	286	305	307	90	4.69e-19	90.5	mitochondrial 2-oxodicarboxylate carrier isoform X1 [Molossus molossus]	27622
XP_036170639.1	XP_019604716	27.143	280	305	299	90	4.77e-19	90.5	mitochondrial 2-oxodicarboxylate carrier isoform X1 [Rhinolophus sinicus]	89399
XP_036170639.1	XP_054444842	27.402	281	305	299	90	5.27e-19	90.5	mitochondrial 2-oxodicarboxylate carrier isoform X2 [Pteronotus mesoamericanus]	1884717
XP_036170639.1	XP_054444782	27.402	281	305	299	90	5.27e-19	90.5	mitochondrial 2-oxodicarboxylate carrier isoform X1 [Pteronotus mesoamericanus]	1884717
XP_036170639.1	XP_036080673	24.585	301	305	389	90	5.45e-19	91.7	solute carrier family 25 member 48 isoform X1 [Rousettus aegyptiacus]	9407
XP_036170639.1	XP_036912326	27.305	282	305	299	90	5.60e-19	90.1	mitochondrial 2-oxodicarboxylate carrier isoform X1 [Sturnira hondurensis]	192404
XP_036170639.1	XP_028376345	28.866	194	305	318	95	6.77e-19	90.5	mitochondrial thiamine pyrophosphate carrier isoform X1 [Phyllostomus discolor]	89673
XP_036170639.1	XP_028376345	27.692	195	305	318	95	1.29e-11	69.7	mitochondrial thiamine pyrophosphate carrier isoform X1 [Phyllostomus discolor]	89673
XP_036170639.1	XP_035890008	28.866	194	305	318	95	6.77e-19	90.5	mitochondrial thiamine pyrophosphate carrier isoform X1 [Phyllostomus discolor]	89673
XP_036170639.1	XP_035890008	27.692	195	305	318	95	1.29e-11	69.7	mitochondrial thiamine pyrophosphate carrier isoform X1 [Phyllostomus discolor]	89673
XP_036170639.1	XP_035890007	28.866	194	305	318	95	6.77e-19	90.5	mitochondrial thiamine pyrophosphate carrier isoform X1 [Phyllostomus discolor]	89673
XP_036170639.1	XP_035890007	27.692	195	305	318	95	1.29e-11	69.7	mitochondrial thiamine pyrophosphate carrier isoform X1 [Phyllostomus discolor]	89673
XP_036170639.1	XP_070284331	27.660	282	305	299	90	6.98e-19	90.1	mitochondrial 2-oxodicarboxylate carrier isoform X1 [Myotis yumanensis]	159337
XP_036170639.1	XP_023607264	27.500	280	305	299	90	7.05e-19	90.1	mitochondrial 2-oxodicarboxylate carrier [Myotis lucifugus]	59463
XP_036170639.1	XP_053767476	24.830	294	305	323	93	8.05e-19	90.1	ADP/ATP translocase 4 [Desmodus rotundus]	9430
XP_036170639.1	XP_036112679	27.636	275	305	282	87	9.59e-19	89.4	mitochondrial 2-oxodicarboxylate carrier isoform X5 [Molossus molossus]	27622
XP_036170639.1	XP_036112674	27.636	275	305	282	87	9.59e-19	89.4	mitochondrial 2-oxodicarboxylate carrier isoform X5 [Molossus molossus]	27622
XP_036170639.1	XP_045043915	27.305	282	305	299	90	9.61e-19	89.7	mitochondrial 2-oxodicarboxylate carrier isoform X2 [Desmodus rotundus]	9430
XP_036170639.1	XP_015975013	28.467	274	305	302	91	9.73e-19	89.7	mitochondrial basic amino acids transporter isoform X2 [Rousettus aegyptiacus]	9407
XP_036170639.1	XP_015975013	28.804	184	305	302	91	2.06e-13	74.7	mitochondrial basic amino acids transporter isoform X2 [Rousettus aegyptiacus]	9407
XP_036170639.1	XP_039740143	29.278	263	305	302	91	9.73e-19	89.7	mitochondrial basic amino acids transporter [Pteropus medius]	143291
XP_036170639.1	XP_039740143	28.804	184	305	302	91	2.72e-13	74.3	mitochondrial basic amino acids transporter [Pteropus medius]	143291
XP_036170639.1	XP_024897925	29.278	263	305	303	91	9.77e-19	89.7	LOW QUALITY PROTEIN: mitochondrial basic amino acids transporter [Pteropus alecto]	9402
XP_036170639.1	XP_024897925	28.804	184	305	303	91	2.80e-13	74.3	LOW QUALITY PROTEIN: mitochondrial basic amino acids transporter [Pteropus alecto]	9402
XP_036170639.1	XP_080891074	27.368	285	305	303	84	1.02e-18	89.7	solute carrier family 25 member 48 isoform 2 [Rhinolophus hipposideros]	77218
XP_036170639.1	XP_080927034	26.736	288	305	315	90	1.04e-18	89.7	solute carrier family 25 member 32 isoform 1 [Rhinolophus hipposideros]	77218
XP_036170639.1	XP_053517364	30.256	195	305	453	62	1.08e-18	91.3	uncharacterized protein LOC119058679 isoform X1 [Artibeus jamaicensis]	9417
XP_036170639.1	XP_037013954	30.256	195	305	453	62	1.08e-18	91.3	uncharacterized protein LOC119058679 isoform X1 [Artibeus jamaicensis]	9417
XP_036170639.1	XP_053517363	30.256	195	305	453	62	1.08e-18	91.3	uncharacterized protein LOC119058679 isoform X1 [Artibeus jamaicensis]	9417
XP_036170639.1	XP_053517362	30.256	195	305	453	62	1.08e-18	91.3	uncharacterized protein LOC119058679 isoform X1 [Artibeus jamaicensis]	9417
XP_036170639.1	XP_053517361	30.256	195	305	453	62	1.08e-18	91.3	uncharacterized protein LOC119058679 isoform X1 [Artibeus jamaicensis]	9417
XP_036170639.1	XP_019606194	26.129	310	305	315	96	1.09e-18	89.7	solute carrier family 25 member 32 [Rhinolophus sinicus]	89399
XP_036170639.1	XP_015983802	29.492	295	305	318	92	1.20e-18	89.7	solute carrier family 25 member 34 isoform X2 [Rousettus aegyptiacus]	9407
XP_036170639.1	XP_066090108	27.979	193	305	275	62	1.27e-18	89.0	mitochondrial thiamine pyrophosphate carrier isoform X2 [Saccopteryx bilineata]	59482
XP_036170639.1	XP_066090107	27.979	193	305	275	62	1.27e-18	89.0	mitochondrial thiamine pyrophosphate carrier isoform X2 [Saccopteryx bilineata]	59482
XP_036170639.1	XP_080905941	30.682	264	305	305	91	1.30e-18	89.4	mitochondrial basic amino acids transporter [Rhinolophus hipposideros]	77218
XP_036170639.1	XP_080905941	28.108	185	305	305	91	3.05e-13	74.3	mitochondrial basic amino acids transporter [Rhinolophus hipposideros]	77218
XP_036170639.1	XP_015994093	27.143	280	305	299	90	1.38e-18	89.4	mitochondrial 2-oxodicarboxylate carrier isoform X4 [Rousettus aegyptiacus]	9407
XP_036170639.1	XP_019494812	30.682	264	305	306	91	1.53e-18	89.4	PREDICTED: mitochondrial basic amino acids transporter [Hipposideros armiger]	186990
XP_036170639.1	XP_019494812	28.108	185	305	306	91	4.27e-13	73.9	PREDICTED: mitochondrial basic amino acids transporter [Hipposideros armiger]	186990
XP_036170639.1	XP_032962999	30.457	197	305	245	56	1.74e-18	87.8	solute carrier family 25 member 47 isoform X4 [Rhinolophus ferrumequinum]	59479
XP_036170639.1	XP_054446333	27.372	274	305	315	86	2.00e-18	89.0	solute carrier family 25 member 32 [Pteronotus mesoamericanus]	1884717
XP_036170639.1	XP_036173007	29.658	263	305	302	91	2.10e-18	88.6	mitochondrial basic amino acids transporter isoform X3 [Myotis myotis]	51298
XP_036170639.1	XP_036173007	27.568	185	305	302	91	1.01e-12	72.8	mitochondrial basic amino acids transporter isoform X3 [Myotis myotis]	51298
XP_036170639.1	XP_006917821	24.752	303	305	321	96	2.14e-18	89.0	ADP/ATP translocase 4 [Pteropus alecto]	9402
XP_036170639.1	XP_011360433	24.752	303	305	321	96	2.14e-18	89.0	ADP/ATP translocase 4 [Pteropus vampyrus]	132908
XP_036170639.1	XP_039735507	24.752	303	305	321	96	2.14e-18	89.0	ADP/ATP translocase 4 [Pteropus medius]	143291
XP_036170639.1	XP_066237288	27.979	193	305	318	91	2.25e-18	89.0	mitochondrial thiamine pyrophosphate carrier isoform X1 [Saccopteryx leptura]	249018
XP_036170639.1	XP_066237288	29.213	178	305	318	91	8.94e-11	67.0	mitochondrial thiamine pyrophosphate carrier isoform X1 [Saccopteryx leptura]	249018
XP_036170639.1	XP_066237287	27.979	193	305	318	91	2.25e-18	89.0	mitochondrial thiamine pyrophosphate carrier isoform X1 [Saccopteryx leptura]	249018
XP_036170639.1	XP_066237287	29.213	178	305	318	91	8.94e-11	67.0	mitochondrial thiamine pyrophosphate carrier isoform X1 [Saccopteryx leptura]	249018
XP_036170639.1	XP_036308142	27.660	282	305	299	90	2.29e-18	88.6	mitochondrial 2-oxodicarboxylate carrier [Pipistrellus kuhlii]	59472
XP_036170639.1	XP_066109570	24.830	294	305	323	93	2.44e-18	89.0	ADP/ATP translocase 4 [Saccopteryx bilineata]	59482
XP_036170639.1	XP_079632097	30.108	279	305	314	83	2.53e-18	88.6	mitochondrial glutamate carrier 2 [Cnephaeus nilssonii]	3371016
XP_036170639.1	XP_080528690	28.102	274	305	274	80	2.55e-18	87.8	solute carrier family 25 member 48 isoform 4 [Plecotus auritus]	61862
XP_036170639.1	XP_015979542	26.056	284	305	304	92	2.68e-18	88.6	mitochondrial glycine transporter isoform X3 [Rousettus aegyptiacus]	9407
XP_036170639.1	XP_066217003	24.830	294	305	323	93	2.70e-18	88.6	ADP/ATP translocase 4 [Saccopteryx leptura]	249018
XP_036170639.1	XP_035886384	26.042	288	305	287	93	2.71e-18	88.2	mitochondrial glycine transporter isoform X2 [Phyllostomus discolor]	89673
XP_036170639.1	XP_036886429	26.056	284	305	287	92	2.79e-18	88.2	mitochondrial glycine transporter isoform X3 [Sturnira hondurensis]	192404
XP_036170639.1	XP_028003903	27.737	274	305	333	80	2.80e-18	89.0	solute carrier family 25 member 48 isoform X2 [Eptesicus fuscus]	29078
XP_036170639.1	XP_015975024	27.302	315	305	314	90	3.03e-18	88.6	solute carrier family 25 member 47 isoform X1 [Rousettus aegyptiacus]	9407
XP_036170639.1	XP_006752754	28.030	264	305	269	84	3.03e-18	87.8	PREDICTED: mitochondrial 2-oxodicarboxylate carrier [Myotis davidii]	225400
XP_036170639.1	XP_080932085	24.490	294	305	322	93	3.15e-18	88.6	ADP/ATP translocase 4 [Rhinolophus hipposideros]	77218
XP_036170639.1	XP_079625588	29.389	262	305	302	91	3.19e-18	88.2	mitochondrial basic amino acids transporter isoform 2 [Cnephaeus nilssonii]	3371016
XP_036170639.1	XP_079625588	27.568	185	305	302	91	2.78e-12	71.2	mitochondrial basic amino acids transporter isoform 2 [Cnephaeus nilssonii]	3371016
XP_036170639.1	XP_036886428	26.056	284	305	304	92	3.21e-18	88.2	mitochondrial glycine transporter isoform X2 [Sturnira hondurensis]	192404
XP_036170639.1	XP_080539970	29.278	263	305	302	91	3.28e-18	88.2	mitochondrial basic amino acids transporter isoform 1 [Plecotus auritus]	61862
XP_036170639.1	XP_080539970	27.568	185	305	302	91	3.46e-12	71.2	mitochondrial basic amino acids transporter isoform 1 [Plecotus auritus]	61862
XP_036170639.1	XP_054424393	26.599	297	305	366	85	3.36e-18	89.0	solute carrier family 25 member 48 isoform X1 [Pteronotus mesoamericanus]	1884717
XP_036170639.1	XP_028373997	26.042	288	305	304	93	3.41e-18	88.2	mitochondrial glycine transporter isoform X1 [Phyllostomus discolor]	89673
XP_036170639.1	XP_059542324	29.278	263	305	302	91	3.59e-18	88.2	mitochondrial basic amino acids transporter isoform X3 [Myotis daubentonii]	98922
XP_036170639.1	XP_059542324	27.568	185	305	302	91	9.49e-13	72.8	mitochondrial basic amino acids transporter isoform X3 [Myotis daubentonii]	98922
XP_036170639.1	XP_036112728	28.302	265	305	269	84	3.60e-18	87.4	mitochondrial 2-oxodicarboxylate carrier isoform X6 [Molossus molossus]	27622
XP_036170639.1	XP_036112723	28.302	265	305	269	84	3.60e-18	87.4	mitochondrial 2-oxodicarboxylate carrier isoform X6 [Molossus molossus]	27622
XP_036170639.1	XP_036112717	28.302	265	305	269	84	3.60e-18	87.4	mitochondrial 2-oxodicarboxylate carrier isoform X6 [Molossus molossus]	27622
XP_036170639.1	XP_036112712	28.302	265	305	269	84	3.60e-18	87.4	mitochondrial 2-oxodicarboxylate carrier isoform X6 [Molossus molossus]	27622
XP_036170639.1	XP_036112705	28.302	265	305	269	84	3.60e-18	87.4	mitochondrial 2-oxodicarboxylate carrier isoform X6 [Molossus molossus]	27622
XP_036170639.1	XP_036112701	28.302	265	305	269	84	3.60e-18	87.4	mitochondrial 2-oxodicarboxylate carrier isoform X6 [Molossus molossus]	27622
XP_036170639.1	XP_036112700	28.302	265	305	269	84	3.60e-18	87.4	mitochondrial 2-oxodicarboxylate carrier isoform X6 [Molossus molossus]	27622
XP_036170639.1	XP_036112693	28.302	265	305	269	84	3.60e-18	87.4	mitochondrial 2-oxodicarboxylate carrier isoform X6 [Molossus molossus]	27622
XP_036170639.1	XP_036112690	28.302	265	305	269	84	3.60e-18	87.4	mitochondrial 2-oxodicarboxylate carrier isoform X6 [Molossus molossus]	27622
XP_036170639.1	XP_036112686	28.302	265	305	269	84	3.60e-18	87.4	mitochondrial 2-oxodicarboxylate carrier isoform X6 [Molossus molossus]	27622
XP_036170639.1	XP_036112683	28.302	265	305	269	84	3.60e-18	87.4	mitochondrial 2-oxodicarboxylate carrier isoform X6 [Molossus molossus]	27622
XP_036170639.1	XP_036112681	28.302	265	305	269	84	3.60e-18	87.4	mitochondrial 2-oxodicarboxylate carrier isoform X6 [Molossus molossus]	27622
XP_036170639.1	XP_008152994	29.389	262	305	302	91	3.81e-18	87.8	mitochondrial basic amino acids transporter isoform X2 [Eptesicus fuscus]	29078
XP_036170639.1	XP_008152994	27.568	185	305	302	91	3.21e-12	71.2	mitochondrial basic amino acids transporter isoform X2 [Eptesicus fuscus]	29078
XP_036170639.1	XP_037020658	27.305	282	305	299	90	3.96e-18	87.8	mitochondrial 2-oxodicarboxylate carrier isoform X3 [Artibeus jamaicensis]	9417
XP_036170639.1	XP_054573850	26.087	276	305	312	81	4.02e-18	88.2	solute carrier family 25 member 48 isoform X3 [Eptesicus fuscus]	29078
XP_036170639.1	XP_080904440	30.622	209	305	266	59	4.10e-18	87.4	solute carrier family 25 member 47 isoform 4 [Rhinolophus hipposideros]	77218
XP_036170639.1	XP_036886427	25.874	286	305	335	93	4.13e-18	88.6	mitochondrial glycine transporter isoform X1 [Sturnira hondurensis]	192404
XP_036170639.1	XP_019521122	24.490	294	305	320	93	4.27e-18	88.2	PREDICTED: ADP/ATP translocase 4 [Hipposideros armiger]	186990
XP_036170639.1	XP_036112670	28.302	265	305	294	84	4.33e-18	87.8	mitochondrial 2-oxodicarboxylate carrier isoform X4 [Molossus molossus]	27622
XP_036170639.1	XP_036112664	28.302	265	305	294	84	4.33e-18	87.8	mitochondrial 2-oxodicarboxylate carrier isoform X4 [Molossus molossus]	27622
XP_036170639.1	XP_036887594	29.389	262	305	303	91	4.40e-18	87.8	mitochondrial basic amino acids transporter [Sturnira hondurensis]	192404
XP_036170639.1	XP_036887594	27.027	185	305	303	91	5.63e-12	70.5	mitochondrial basic amino acids transporter [Sturnira hondurensis]	192404
XP_036170639.1	XP_066090106	27.979	193	305	318	62	4.55e-18	88.2	mitochondrial thiamine pyrophosphate carrier isoform X1 [Saccopteryx bilineata]	59482
XP_036170639.1	XP_066090104	27.979	193	305	318	62	4.55e-18	88.2	mitochondrial thiamine pyrophosphate carrier isoform X1 [Saccopteryx bilineata]	59482
XP_036170639.1	XP_036137557	30.303	264	305	302	93	4.61e-18	87.8	mitochondrial basic amino acids transporter [Molossus molossus]	27622
XP_036170639.1	XP_036137557	27.461	193	305	302	93	1.30e-12	72.4	mitochondrial basic amino acids transporter [Molossus molossus]	27622
XP_036170639.1	XP_027994133	29.964	277	305	313	83	4.72e-18	87.8	mitochondrial glutamate carrier 2 isoform X2 [Eptesicus fuscus]	29078
XP_036170639.1	XP_016003595	24.422	303	305	321	96	4.82e-18	88.2	ADP/ATP translocase 4 [Rousettus aegyptiacus]	9407
XP_036170639.1	XP_024428270	26.568	271	305	315	86	4.94e-18	87.8	solute carrier family 25 member 32 [Desmodus rotundus]	9430
XP_036170639.1	XP_036311533	29.964	277	305	313	83	4.96e-18	87.8	mitochondrial glutamate carrier 2 isoform X2 [Pipistrellus kuhlii]	59472
XP_036170639.1	XP_045712745	26.042	288	305	282	93	5.11e-18	87.4	mitochondrial glycine transporter isoform X4 [Phyllostomus hastatus]	9423
XP_036170639.1	XP_045712742	26.042	288	305	304	93	5.71e-18	87.4	mitochondrial glycine transporter isoform X1 [Phyllostomus hastatus]	9423
XP_036170639.1	XP_015993185	26.441	295	305	357	86	5.83e-18	88.2	solute carrier family 25 member 48 isoform X2 [Rousettus aegyptiacus]	9407
XP_036170639.1	XP_036097328	24.399	291	305	323	92	5.84e-18	87.8	ADP/ATP translocase 4 [Molossus molossus]	27622
XP_036170639.1	XP_036887593	30.415	217	305	274	59	6.11e-18	87.0	solute carrier family 25 member 47 isoform X2 [Sturnira hondurensis]	192404
XP_036170639.1	XP_070270196	29.278	263	305	302	91	6.21e-18	87.4	mitochondrial basic amino acids transporter [Myotis yumanensis]	159337
XP_036170639.1	XP_070270196	27.568	185	305	302	91	2.70e-12	71.2	mitochondrial basic amino acids transporter [Myotis yumanensis]	159337
XP_036170639.1	XP_070269140	29.278	263	305	302	91	6.21e-18	87.4	mitochondrial basic amino acids transporter [Myotis yumanensis]	159337
XP_036170639.1	XP_070269140	27.568	185	305	302	91	2.70e-12	71.2	mitochondrial basic amino acids transporter [Myotis yumanensis]	159337
XP_036170639.1	XP_006103169	29.278	263	305	302	91	6.21e-18	87.4	mitochondrial basic amino acids transporter isoform X2 [Myotis lucifugus]	59463
XP_036170639.1	XP_006103169	27.568	185	305	302	91	2.70e-12	71.2	mitochondrial basic amino acids transporter isoform X2 [Myotis lucifugus]	59463
XP_036170639.1	XP_045712744	26.042	288	305	294	93	6.39e-18	87.4	mitochondrial glycine transporter isoform X3 [Phyllostomus hastatus]	9423
XP_036170639.1	XP_054575671	29.856	278	305	314	83	6.76e-18	87.4	mitochondrial glutamate carrier 2 isoform X1 [Eptesicus fuscus]	29078
XP_036170639.1	XP_045444499	29.856	278	305	314	83	6.90e-18	87.4	mitochondrial glutamate carrier 2 isoform X1 [Pipistrellus kuhlii]	59472
XP_036170639.1	XP_045444498	29.856	278	305	314	83	6.90e-18	87.4	mitochondrial glutamate carrier 2 isoform X1 [Pipistrellus kuhlii]	59472
XP_036170639.1	XP_045444497	29.856	278	305	314	83	6.90e-18	87.4	mitochondrial glutamate carrier 2 isoform X1 [Pipistrellus kuhlii]	59472
XP_036170639.1	XP_066133882	27.547	265	305	269	84	7.04e-18	86.7	mitochondrial 2-oxodicarboxylate carrier isoform X3 [Saccopteryx bilineata]	59482
XP_036170639.1	XP_066133881	27.547	265	305	269	84	7.04e-18	86.7	mitochondrial 2-oxodicarboxylate carrier isoform X3 [Saccopteryx bilineata]	59482
XP_036170639.1	XP_074194792	24.490	294	305	307	93	7.18e-18	87.4	ADP/ATP translocase 4 isoform X2 [Rhinolophus sinicus]	89399
XP_036170639.1	XP_045712743	25.676	296	305	299	96	7.72e-18	87.0	mitochondrial glycine transporter isoform X2 [Phyllostomus hastatus]	9423
XP_036170639.1	XP_045437026	24.771	327	305	323	96	7.77e-18	87.4	mitochondrial glutamate carrier 1 [Pipistrellus kuhlii]	59472
XP_036170639.1	XP_045437025	24.771	327	305	323	96	7.77e-18	87.4	mitochondrial glutamate carrier 1 [Pipistrellus kuhlii]	59472
XP_036170639.1	XP_036292117	24.771	327	305	323	96	7.77e-18	87.4	mitochondrial glutamate carrier 1 [Pipistrellus kuhlii]	59472
XP_036170639.1	XP_019604602	24.490	294	305	323	93	7.85e-18	87.4	ADP/ATP translocase 4 isoform X1 [Rhinolophus sinicus]	89399
XP_036170639.1	XP_016079784	26.389	288	305	315	90	7.87e-18	87.4	PREDICTED: mitochondrial folate transporter/carrier [Miniopterus natalensis]	291302
XP_036170639.1	XP_080972996	26.389	288	305	315	90	7.87e-18	87.4	solute carrier family 25 member 32 [Miniopterus schreibersii]	9433
XP_036170639.1	XP_066200592	27.372	274	305	269	87	7.87e-18	86.7	mitochondrial 2-oxodicarboxylate carrier isoform X2 [Saccopteryx leptura]	249018
XP_036170639.1	XP_066200591	27.372	274	305	269	87	7.87e-18	86.7	mitochondrial 2-oxodicarboxylate carrier isoform X2 [Saccopteryx leptura]	249018
XP_036170639.1	XP_080528686	26.449	276	305	312	81	7.88e-18	87.4	solute carrier family 25 member 48 isoform 1 [Plecotus auritus]	61862
XP_036170639.1	XP_079628702	27.372	274	305	333	80	7.97e-18	87.4	solute carrier family 25 member 48 isoform 1 [Cnephaeus nilssonii]	3371016
XP_036170639.1	XP_036189125	25.000	248	305	248	81	8.13e-18	86.3	mitochondrial glycine transporter isoform X7 [Myotis myotis]	51298
XP_036170639.1	XP_036189124	25.000	248	305	248	81	8.13e-18	86.3	mitochondrial glycine transporter isoform X7 [Myotis myotis]	51298
XP_036170639.1	XP_036189123	25.000	248	305	248	81	8.13e-18	86.3	mitochondrial glycine transporter isoform X7 [Myotis myotis]	51298
XP_036170639.1	XP_036986154	28.626	262	305	303	91	8.56e-18	87.0	mitochondrial basic amino acids transporter [Artibeus jamaicensis]	9417
XP_036170639.1	XP_036986154	27.568	185	305	303	91	1.52e-12	72.0	mitochondrial basic amino acids transporter [Artibeus jamaicensis]	9417
XP_036170639.1	XP_054417889	24.055	291	305	323	92	8.92e-18	87.4	ADP/ATP translocase 4 [Pteronotus mesoamericanus]	1884717
XP_036170639.1	XP_054424394	26.573	286	305	344	83	9.41e-18	87.4	solute carrier family 25 member 48 isoform X2 [Pteronotus mesoamericanus]	1884717
XP_036170639.1	XP_036267544	29.389	262	305	303	91	9.64e-18	87.0	mitochondrial basic amino acids transporter isoform X2 [Pipistrellus kuhlii]	59472
XP_036170639.1	XP_036267544	28.108	185	305	303	91	1.49e-12	72.0	mitochondrial basic amino acids transporter isoform X2 [Pipistrellus kuhlii]	59472
XP_036170639.1	XP_045693506	28.497	193	305	318	62	9.65e-18	87.0	mitochondrial thiamine pyrophosphate carrier [Phyllostomus hastatus]	9423
XP_036170639.1	XP_045693505	28.497	193	305	318	62	9.65e-18	87.0	mitochondrial thiamine pyrophosphate carrier [Phyllostomus hastatus]	9423
XP_036170639.1	XP_045693504	28.497	193	305	318	62	9.65e-18	87.0	mitochondrial thiamine pyrophosphate carrier [Phyllostomus hastatus]	9423
XP_036170639.1	XP_054442669	28.017	232	305	266	73	1.03e-17	86.3	mitochondrial glutamate carrier 2 isoform X2 [Pteronotus mesoamericanus]	1884717
XP_036170639.1	XP_036913970	27.240	279	305	315	83	1.07e-17	87.0	mitochondrial glutamate carrier 2 [Sturnira hondurensis]	192404
XP_036170639.1	XP_036904233	26.199	271	305	315	86	1.11e-17	87.0	solute carrier family 25 member 32 [Sturnira hondurensis]	192404
XP_036170639.1	XP_054449211	28.497	193	305	318	62	1.18e-17	87.0	mitochondrial thiamine pyrophosphate carrier [Pteronotus mesoamericanus]	1884717
XP_036170639.1	XP_054449210	28.497	193	305	318	62	1.18e-17	87.0	mitochondrial thiamine pyrophosphate carrier [Pteronotus mesoamericanus]	1884717
XP_036170639.1	XP_054449209	28.497	193	305	318	62	1.18e-17	87.0	mitochondrial thiamine pyrophosphate carrier [Pteronotus mesoamericanus]	1884717
XP_036170639.1	XP_054449208	28.497	193	305	318	62	1.18e-17	87.0	mitochondrial thiamine pyrophosphate carrier [Pteronotus mesoamericanus]	1884717
XP_036170639.1	XP_081011257	28.044	271	305	283	86	1.23e-17	86.3	mitochondrial 2-oxodicarboxylate carrier isoform 3 [Miniopterus schreibersii]	9433
XP_036170639.1	XP_070284340	27.925	265	305	269	84	1.25e-17	85.9	mitochondrial 2-oxodicarboxylate carrier isoform X2 [Myotis yumanensis]	159337
XP_036170639.1	XP_036989291	26.199	271	305	315	86	1.29e-17	86.7	mitochondrial folate transporter/carrier [Artibeus jamaicensis]	9417
XP_036170639.1	XP_036097373	26.282	312	305	323	92	1.30e-17	86.7	solute carrier family 25 member 48 [Molossus molossus]	27622
XP_036170639.1	XP_039715651	26.471	204	305	325	65	1.32e-17	86.7	mitochondrial thiamine pyrophosphate carrier isoform X1 [Pteropus medius]	143291
XP_036170639.1	XP_039715650	26.471	204	305	325	65	1.32e-17	86.7	mitochondrial thiamine pyrophosphate carrier isoform X1 [Pteropus medius]	143291
XP_036170639.1	XP_039715649	26.471	204	305	325	65	1.32e-17	86.7	mitochondrial thiamine pyrophosphate carrier isoform X1 [Pteropus medius]	143291
XP_036170639.1	XP_039715648	26.471	204	305	325	65	1.32e-17	86.7	mitochondrial thiamine pyrophosphate carrier isoform X1 [Pteropus medius]	143291
XP_036170639.1	XP_036125348	28.125	192	305	280	61	1.33e-17	86.3	mitochondrial thiamine pyrophosphate carrier isoform X2 [Molossus molossus]	27622
XP_036170639.1	XP_036078782	26.471	204	305	320	65	1.36e-17	86.7	mitochondrial thiamine pyrophosphate carrier [Rousettus aegyptiacus]	9407
XP_036170639.1	XP_015988012	26.471	204	305	320	65	1.36e-17	86.7	mitochondrial thiamine pyrophosphate carrier [Rousettus aegyptiacus]	9407
XP_036170639.1	XP_036078781	26.471	204	305	320	65	1.36e-17	86.7	mitochondrial thiamine pyrophosphate carrier [Rousettus aegyptiacus]	9407
XP_036170639.1	XP_036078780	26.471	204	305	320	65	1.36e-17	86.7	mitochondrial thiamine pyrophosphate carrier [Rousettus aegyptiacus]	9407
XP_036170639.1	XP_039715652	26.471	204	305	320	65	1.47e-17	86.7	mitochondrial thiamine pyrophosphate carrier isoform X2 [Pteropus medius]	143291
XP_036170639.1	XP_054571627	27.174	276	305	286	88	1.47e-17	86.3	mitochondrial 2-oxodicarboxylate carrier [Eptesicus fuscus]	29078
XP_036170639.1	XP_045046028	28.866	194	305	318	95	1.49e-17	86.7	mitochondrial thiamine pyrophosphate carrier [Desmodus rotundus]	9430
XP_036170639.1	XP_045046028	30.337	178	305	318	95	3.11e-11	68.6	mitochondrial thiamine pyrophosphate carrier [Desmodus rotundus]	9430
XP_036170639.1	XP_024409424	28.866	194	305	318	95	1.49e-17	86.7	mitochondrial thiamine pyrophosphate carrier [Desmodus rotundus]	9430
XP_036170639.1	XP_024409424	30.337	178	305	318	95	3.11e-11	68.6	mitochondrial thiamine pyrophosphate carrier [Desmodus rotundus]	9430
XP_036170639.1	XP_045046027	28.866	194	305	318	95	1.49e-17	86.7	mitochondrial thiamine pyrophosphate carrier [Desmodus rotundus]	9430
XP_036170639.1	XP_045046027	30.337	178	305	318	95	3.11e-11	68.6	mitochondrial thiamine pyrophosphate carrier [Desmodus rotundus]	9430
XP_036170639.1	XP_024409426	28.866	194	305	318	95	1.49e-17	86.7	mitochondrial thiamine pyrophosphate carrier [Desmodus rotundus]	9430
XP_036170639.1	XP_024409426	30.337	178	305	318	95	3.11e-11	68.6	mitochondrial thiamine pyrophosphate carrier [Desmodus rotundus]	9430
XP_036170639.1	XP_024409425	28.866	194	305	318	95	1.49e-17	86.7	mitochondrial thiamine pyrophosphate carrier [Desmodus rotundus]	9430
XP_036170639.1	XP_024409425	30.337	178	305	318	95	3.11e-11	68.6	mitochondrial thiamine pyrophosphate carrier [Desmodus rotundus]	9430
XP_036170639.1	XP_024423753	29.008	262	305	303	91	1.54e-17	86.3	mitochondrial basic amino acids transporter [Desmodus rotundus]	9430
XP_036170639.1	XP_024423753	27.568	185	305	303	91	9.96e-13	72.8	mitochondrial basic amino acids transporter [Desmodus rotundus]	9430
XP_036170639.1	XP_032981976	26.042	288	305	315	90	1.59e-17	86.7	LOW QUALITY PROTEIN: mitochondrial folate transporter/carrier [Rhinolophus ferrumequinum]	59479
XP_036170639.1	XP_081011255	28.044	271	305	303	86	1.62e-17	86.3	mitochondrial 2-oxodicarboxylate carrier isoform 1 [Miniopterus schreibersii]	9433
XP_036170639.1	XP_080967855	26.736	288	305	315	90	1.77e-17	86.3	solute carrier family 25 member 32 [Myotis nattereri]	109481
XP_036170639.1	XP_024902827	26.471	204	305	325	65	1.80e-17	86.3	mitochondrial thiamine pyrophosphate carrier isoform X3 [Pteropus alecto]	9402
XP_036170639.1	XP_024902826	26.471	204	305	325	65	1.80e-17	86.3	mitochondrial thiamine pyrophosphate carrier isoform X2 [Pteropus alecto]	9402
XP_036170639.1	XP_015445255	26.471	204	305	325	65	1.80e-17	86.3	mitochondrial thiamine pyrophosphate carrier isoform X1 [Pteropus alecto]	9402
XP_036170639.1	XP_045039841	26.646	319	305	327	94	1.83e-17	86.7	solute carrier family 25 member 48 [Desmodus rotundus]	9430
XP_036170639.1	XP_024430882	26.646	319	305	327	94	1.83e-17	86.7	solute carrier family 25 member 48 [Desmodus rotundus]	9430
XP_036170639.1	XP_054445006	26.786	280	305	283	89	1.84e-17	85.9	mitochondrial 2-oxodicarboxylate carrier isoform X3 [Pteronotus mesoamericanus]	1884717
XP_036170639.1	XP_054444922	26.786	280	305	283	89	1.84e-17	85.9	mitochondrial 2-oxodicarboxylate carrier isoform X3 [Pteronotus mesoamericanus]	1884717
XP_036170639.1	XP_036193876	26.335	281	305	315	89	1.88e-17	86.3	mitochondrial folate transporter/carrier isoform X1 [Myotis myotis]	51298
XP_036170639.1	XP_024902828	26.471	204	305	320	65	1.92e-17	86.3	mitochondrial thiamine pyrophosphate carrier isoform X4 [Pteropus alecto]	9402
XP_036170639.1	XP_066133675	30.435	207	305	264	59	2.12e-17	85.1	solute carrier family 25 member 47 isoform X3 [Saccopteryx bilineata]	59482
XP_036170639.1	XP_066133673	30.435	207	305	264	59	2.12e-17	85.1	solute carrier family 25 member 47 isoform X3 [Saccopteryx bilineata]	59482
XP_036170639.1	XP_066133672	30.435	207	305	264	59	2.12e-17	85.1	solute carrier family 25 member 47 isoform X3 [Saccopteryx bilineata]	59482
XP_036170639.1	XP_066133671	30.435	207	305	264	59	2.12e-17	85.1	solute carrier family 25 member 47 isoform X3 [Saccopteryx bilineata]	59482
XP_036170639.1	XP_066133670	30.435	207	305	264	59	2.12e-17	85.1	solute carrier family 25 member 47 isoform X3 [Saccopteryx bilineata]	59482
XP_036170639.1	XP_066133669	30.435	207	305	264	59	2.12e-17	85.1	solute carrier family 25 member 47 isoform X3 [Saccopteryx bilineata]	59482
XP_036170639.1	XP_066133668	30.435	207	305	264	59	2.12e-17	85.1	solute carrier family 25 member 47 isoform X3 [Saccopteryx bilineata]	59482
XP_036170639.1	XP_039711869	29.856	278	305	570	89	2.13e-17	87.8	electrogenic aspartate/glutamate antiporter SLC25A12, mitochondrial isoform X2 [Pteropus medius]	143291
XP_036170639.1	XP_054445092	26.909	275	305	278	88	2.16e-17	85.5	mitochondrial 2-oxodicarboxylate carrier isoform X4 [Pteronotus mesoamericanus]	1884717
XP_036170639.1	XP_036125347	27.979	193	305	320	91	2.31e-17	86.3	mitochondrial thiamine pyrophosphate carrier isoform X1 [Molossus molossus]	27622
XP_036170639.1	XP_036125347	29.775	178	305	320	91	1.87e-12	72.0	mitochondrial thiamine pyrophosphate carrier isoform X1 [Molossus molossus]	27622
XP_036170639.1	XP_036125346	27.979	193	305	320	91	2.31e-17	86.3	mitochondrial thiamine pyrophosphate carrier isoform X1 [Molossus molossus]	27622
XP_036170639.1	XP_036125346	29.775	178	305	320	91	1.87e-12	72.0	mitochondrial thiamine pyrophosphate carrier isoform X1 [Molossus molossus]	27622
XP_036170639.1	XP_006921250	29.856	278	305	677	89	2.35e-17	87.8	calcium-binding mitochondrial carrier protein Aralar1 [Pteropus alecto]	9402
XP_036170639.1	XP_011355888	29.856	278	305	677	89	2.35e-17	87.8	calcium-binding mitochondrial carrier protein Aralar1 [Pteropus vampyrus]	132908
XP_036170639.1	XP_039711868	29.856	278	305	677	89	2.35e-17	87.8	electrogenic aspartate/glutamate antiporter SLC25A12, mitochondrial isoform X1 [Pteropus medius]	143291
XP_036170639.1	XP_036208872	27.675	271	305	352	86	2.41e-17	86.3	mitochondrial 2-oxodicarboxylate carrier isoform X4 [Myotis myotis]	51298
XP_036170639.1	XP_066235382	26.042	288	305	315	90	2.63e-17	85.9	solute carrier family 25 member 32 [Saccopteryx leptura]	249018
XP_036170639.1	XP_005879355	26.736	288	305	315	90	2.63e-17	85.9	PREDICTED: mitochondrial folate transporter/carrier [Myotis brandtii]	109478
XP_036170639.1	XP_080945591	27.863	262	305	312	87	2.66e-17	85.9	mitochondrial basic amino acids transporter isoform 1 [Myotis nattereri]	109481
XP_036170639.1	XP_080945591	27.374	179	305	312	87	7.05e-12	70.5	mitochondrial basic amino acids transporter isoform 1 [Myotis nattereri]	109481
XP_036170639.1	XP_080502716	25.979	281	305	315	89	2.81e-17	85.9	solute carrier family 25 member 32 [Plecotus auritus]	61862
XP_036170639.1	XP_036994569	27.306	271	305	307	83	2.87e-17	85.5	mitochondrial glutamate carrier 2 isoform X4 [Artibeus jamaicensis]	9417
XP_036170639.1	XP_036994568	27.306	271	305	307	83	2.87e-17	85.5	mitochondrial glutamate carrier 2 isoform X4 [Artibeus jamaicensis]	9417
XP_036170639.1	XP_080514877	28.417	278	305	313	83	2.97e-17	85.5	mitochondrial glutamate carrier 2 isoform 2 [Plecotus auritus]	61862
XP_036170639.1	XP_080514876	28.417	278	305	313	83	2.97e-17	85.5	mitochondrial glutamate carrier 2 isoform 2 [Plecotus auritus]	61862
XP_036170639.1	XP_015979345	29.496	278	305	677	89	3.05e-17	87.4	calcium-binding mitochondrial carrier protein Aralar1 isoform X2 [Rousettus aegyptiacus]	9407
XP_036170639.1	XP_059540287	28.244	262	305	267	78	3.07e-17	84.7	mitochondrial glutamate carrier 2 isoform X2 [Myotis daubentonii]	98922
XP_036170639.1	XP_028389640	26.199	271	305	315	86	3.17e-17	85.5	mitochondrial folate transporter/carrier [Phyllostomus discolor]	89673
XP_036170639.1	XP_066121995	26.042	288	305	315	90	3.20e-17	85.5	solute carrier family 25 member 32 [Saccopteryx bilineata]	59482
XP_036170639.1	XP_045043918	27.547	265	305	269	84	3.23e-17	84.7	mitochondrial 2-oxodicarboxylate carrier isoform X3 [Desmodus rotundus]	9430
XP_036170639.1	XP_015979346	29.496	278	305	586	89	3.30e-17	87.0	calcium-binding mitochondrial carrier protein Aralar1 isoform X3 [Rousettus aegyptiacus]	9407
XP_036170639.1	XP_070248264	26.736	288	305	314	90	3.32e-17	85.5	solute carrier family 25 member 32 [Myotis yumanensis]	159337
XP_036170639.1	XP_079652654	26.736	288	305	315	90	3.39e-17	85.5	solute carrier family 25 member 32 [Cnephaeus nilssonii]	3371016
XP_036170639.1	XP_015994092	27.737	274	305	334	87	3.59e-17	85.9	mitochondrial 2-oxodicarboxylate carrier isoform X2 [Rousettus aegyptiacus]	9407
XP_036170639.1	XP_045678131	28.626	262	305	303	91	3.60e-17	85.1	mitochondrial basic amino acids transporter [Phyllostomus hastatus]	9423
XP_036170639.1	XP_045678131	28.261	184	305	303	91	5.38e-13	73.6	mitochondrial basic amino acids transporter [Phyllostomus hastatus]	9423
XP_036170639.1	XP_006093410	26.736	288	305	315	90	3.67e-17	85.5	mitochondrial folate transporter/carrier [Myotis lucifugus]	59463
XP_036170639.1	XP_015979344	29.496	278	305	679	89	3.93e-17	87.0	calcium-binding mitochondrial carrier protein Aralar1 isoform X1 [Rousettus aegyptiacus]	9407
XP_036170639.1	XP_079644639	23.939	330	305	323	96	3.99e-17	85.5	mitochondrial glutamate carrier 1 [Cnephaeus nilssonii]	3371016
XP_036170639.1	XP_045716942	26.199	271	305	315	86	4.05e-17	85.5	mitochondrial folate transporter/carrier [Phyllostomus hastatus]	9423
XP_036170639.1	XP_011371576	25.979	281	305	315	89	4.38e-17	85.1	mitochondrial folate transporter/carrier [Pteropus vampyrus]	132908
XP_036170639.1	XP_066108528	24.159	327	305	323	96	4.40e-17	85.5	mitochondrial glutamate carrier 1 [Saccopteryx bilineata]	59482
XP_036170639.1	XP_066108527	24.159	327	305	323	96	4.40e-17	85.5	mitochondrial glutamate carrier 1 [Saccopteryx bilineata]	59482
XP_036170639.1	XP_080991506	26.496	234	305	250	67	4.42e-17	84.0	solute carrier family 25 member 48 isoform 3 [Miniopterus schreibersii]	9433
XP_036170639.1	XP_080991505	26.496	234	305	250	67	4.42e-17	84.0	solute carrier family 25 member 48 isoform 3 [Miniopterus schreibersii]	9433
XP_036170639.1	XP_036155365	25.159	314	305	311	93	4.44e-17	85.1	LOW QUALITY PROTEIN: solute carrier family 25 member 48-like [Myotis myotis]	51298
XP_036170639.1	XP_036172997	28.269	283	305	312	93	4.49e-17	85.1	mitochondrial basic amino acids transporter isoform X2 [Myotis myotis]	51298
XP_036170639.1	XP_036172997	27.374	179	305	312	93	7.68e-12	70.1	mitochondrial basic amino acids transporter isoform X2 [Myotis myotis]	51298
XP_036170639.1	XP_036172988	28.269	283	305	312	93	4.49e-17	85.1	mitochondrial basic amino acids transporter isoform X2 [Myotis myotis]	51298
XP_036170639.1	XP_036172988	27.374	179	305	312	93	7.68e-12	70.1	mitochondrial basic amino acids transporter isoform X2 [Myotis myotis]	51298
XP_036170639.1	XP_036172979	28.269	283	305	312	93	4.49e-17	85.1	mitochondrial basic amino acids transporter isoform X2 [Myotis myotis]	51298
XP_036170639.1	XP_036172979	27.374	179	305	312	93	7.68e-12	70.1	mitochondrial basic amino acids transporter isoform X2 [Myotis myotis]	51298
XP_036170639.1	XP_074184269	26.812	276	305	296	88	4.52e-17	84.7	mitochondrial 2-oxodicarboxylate carrier isoform X2 [Rhinolophus sinicus]	89399
XP_036170639.1	XP_036921740	28.866	194	305	318	95	4.59e-17	85.1	mitochondrial thiamine pyrophosphate carrier [Sturnira hondurensis]	192404
XP_036170639.1	XP_036921740	28.205	195	305	318	95	1.78e-11	69.3	mitochondrial thiamine pyrophosphate carrier [Sturnira hondurensis]	192404
XP_036170639.1	XP_036921734	28.866	194	305	318	95	4.59e-17	85.1	mitochondrial thiamine pyrophosphate carrier [Sturnira hondurensis]	192404
XP_036170639.1	XP_036921734	28.205	195	305	318	95	1.78e-11	69.3	mitochondrial thiamine pyrophosphate carrier [Sturnira hondurensis]	192404
XP_036170639.1	XP_036921731	28.866	194	305	318	95	4.59e-17	85.1	mitochondrial thiamine pyrophosphate carrier [Sturnira hondurensis]	192404
XP_036170639.1	XP_036921731	28.205	195	305	318	95	1.78e-11	69.3	mitochondrial thiamine pyrophosphate carrier [Sturnira hondurensis]	192404
XP_036170639.1	XP_036921720	28.866	194	305	318	95	4.59e-17	85.1	mitochondrial thiamine pyrophosphate carrier [Sturnira hondurensis]	192404
XP_036170639.1	XP_036921720	28.205	195	305	318	95	1.78e-11	69.3	mitochondrial thiamine pyrophosphate carrier [Sturnira hondurensis]	192404
XP_036170639.1	XP_036921709	28.866	194	305	318	95	4.59e-17	85.1	mitochondrial thiamine pyrophosphate carrier [Sturnira hondurensis]	192404
XP_036170639.1	XP_036921709	28.205	195	305	318	95	1.78e-11	69.3	mitochondrial thiamine pyrophosphate carrier [Sturnira hondurensis]	192404
XP_036170639.1	XP_059527979	26.389	288	305	315	90	4.65e-17	85.1	mitochondrial folate transporter/carrier [Myotis daubentonii]	98922
XP_036170639.1	XP_080514875	28.315	279	305	314	83	4.97e-17	85.1	mitochondrial glutamate carrier 2 isoform 1 [Plecotus auritus]	61862
XP_036170639.1	XP_080514874	28.315	279	305	314	83	4.97e-17	85.1	mitochondrial glutamate carrier 2 isoform 1 [Plecotus auritus]	61862
XP_036170639.1	XP_053526917	30.539	167	305	306	54	4.98e-17	85.1	LOW QUALITY PROTEIN: mitochondrial 2-oxoglutarate/malate carrier protein-like [Artibeus jamaicensis]	9417
XP_036170639.1	XP_006916688	25.979	281	305	315	89	5.45e-17	85.1	mitochondrial folate transporter/carrier [Pteropus alecto]	9402
XP_036170639.1	XP_039709854	25.979	281	305	315	89	5.45e-17	85.1	solute carrier family 25 member 32 [Pteropus medius]	143291
XP_036170639.1	XP_023599707	31.122	196	305	301	61	5.54e-17	84.7	LOW QUALITY PROTEIN: solute carrier family 25 member 35 [Myotis lucifugus]	59463
XP_036170639.1	XP_081016347	28.137	263	305	302	93	5.89e-17	84.7	mitochondrial basic amino acids transporter isoform 1 [Miniopterus schreibersii]	9433
XP_036170639.1	XP_081016347	27.461	193	305	302	93	1.41e-12	72.4	mitochondrial basic amino acids transporter isoform 1 [Miniopterus schreibersii]	9433
XP_036170639.1	XP_081016346	28.137	263	305	302	93	5.89e-17	84.7	mitochondrial basic amino acids transporter isoform 1 [Miniopterus schreibersii]	9433
XP_036170639.1	XP_081016346	27.461	193	305	302	93	1.41e-12	72.4	mitochondrial basic amino acids transporter isoform 1 [Miniopterus schreibersii]	9433
XP_036170639.1	XP_016002990	25.979	281	305	315	89	6.19e-17	84.7	mitochondrial folate transporter/carrier [Rousettus aegyptiacus]	9407
XP_036170639.1	XP_053521559	28.309	272	305	421	83	6.20e-17	85.9	mitochondrial glutamate carrier 2 isoform X2 [Artibeus jamaicensis]	9417
XP_036170639.1	XP_045043910	26.838	272	305	304	87	6.47e-17	84.7	mitochondrial 2-oxodicarboxylate carrier isoform X1 [Desmodus rotundus]	9430
XP_036170639.1	XP_053785109	26.838	272	305	304	87	6.47e-17	84.7	mitochondrial 2-oxodicarboxylate carrier isoform X1 [Desmodus rotundus]	9430
XP_036170639.1	XP_054423693	28.517	263	305	303	91	6.72e-17	84.3	mitochondrial basic amino acids transporter [Pteronotus mesoamericanus]	1884717
XP_036170639.1	XP_054423693	27.717	184	305	303	91	2.10e-12	71.6	mitochondrial basic amino acids transporter [Pteronotus mesoamericanus]	1884717
XP_036170639.1	XP_019566326	26.421	299	305	658	94	6.96e-17	86.3	mitochondrial adenyl nucleotide antiporter SLC25A23 isoform X1 [Rhinolophus sinicus]	89399
XP_036170639.1	XP_019566326	25.389	193	305	658	94	1.62e-11	70.1	mitochondrial adenyl nucleotide antiporter SLC25A23 isoform X1 [Rhinolophus sinicus]	89399
XP_036170639.1	XP_019566326	21.479	284	305	658	94	2.78e-11	69.7	mitochondrial adenyl nucleotide antiporter SLC25A23 isoform X1 [Rhinolophus sinicus]	89399
XP_036170639.1	XP_053521558	28.309	272	305	425	83	7.30e-17	85.9	mitochondrial glutamate carrier 2 isoform X1 [Artibeus jamaicensis]	9417
XP_036170639.1	XP_036994570	28.309	272	305	425	83	7.30e-17	85.9	mitochondrial glutamate carrier 2 isoform X1 [Artibeus jamaicensis]	9417
XP_036170639.1	XP_016075098	24.465	327	305	323	96	7.48e-17	84.7	PREDICTED: mitochondrial glutamate carrier 1 [Miniopterus natalensis]	291302
XP_036170639.1	XP_081010470	24.465	327	305	323	96	7.48e-17	84.7	mitochondrial glutamate carrier 1 isoform 1 [Miniopterus schreibersii]	9433
XP_036170639.1	XP_081010469	24.465	327	305	323	96	7.48e-17	84.7	mitochondrial glutamate carrier 1 isoform 1 [Miniopterus schreibersii]	9433
XP_036170639.1	XP_081010468	24.465	327	305	323	96	7.48e-17	84.7	mitochondrial glutamate carrier 1 isoform 1 [Miniopterus schreibersii]	9433
XP_036170639.1	XP_081010467	24.465	327	305	323	96	7.48e-17	84.7	mitochondrial glutamate carrier 1 isoform 1 [Miniopterus schreibersii]	9433
XP_036170639.1	XP_081010466	24.465	327	305	323	96	7.48e-17	84.7	mitochondrial glutamate carrier 1 isoform 1 [Miniopterus schreibersii]	9433
XP_036170639.1	XP_081010465	24.465	327	305	323	96	7.48e-17	84.7	mitochondrial glutamate carrier 1 isoform 1 [Miniopterus schreibersii]	9433
XP_036170639.1	XP_081010464	24.465	327	305	323	96	7.48e-17	84.7	mitochondrial glutamate carrier 1 isoform 1 [Miniopterus schreibersii]	9433
XP_036170639.1	XP_081010463	24.465	327	305	323	96	7.48e-17	84.7	mitochondrial glutamate carrier 1 isoform 1 [Miniopterus schreibersii]	9433
XP_036170639.1	XP_081010478	24.465	327	305	323	96	7.48e-17	84.7	mitochondrial glutamate carrier 1 isoform 1 [Miniopterus schreibersii]	9433
XP_036170639.1	XP_081010477	24.465	327	305	323	96	7.48e-17	84.7	mitochondrial glutamate carrier 1 isoform 1 [Miniopterus schreibersii]	9433
XP_036170639.1	XP_081010476	24.465	327	305	323	96	7.48e-17	84.7	mitochondrial glutamate carrier 1 isoform 1 [Miniopterus schreibersii]	9433
XP_036170639.1	XP_081010475	24.465	327	305	323	96	7.48e-17	84.7	mitochondrial glutamate carrier 1 isoform 1 [Miniopterus schreibersii]	9433
XP_036170639.1	XP_081010474	24.465	327	305	323	96	7.48e-17	84.7	mitochondrial glutamate carrier 1 isoform 1 [Miniopterus schreibersii]	9433
XP_036170639.1	XP_081010473	24.465	327	305	323	96	7.48e-17	84.7	mitochondrial glutamate carrier 1 isoform 1 [Miniopterus schreibersii]	9433
XP_036170639.1	XP_081010472	24.465	327	305	323	96	7.48e-17	84.7	mitochondrial glutamate carrier 1 isoform 1 [Miniopterus schreibersii]	9433
XP_036170639.1	XP_081010471	24.465	327	305	323	96	7.48e-17	84.7	mitochondrial glutamate carrier 1 isoform 1 [Miniopterus schreibersii]	9433
XP_036170639.1	XP_081010462	24.465	327	305	323	96	7.48e-17	84.7	mitochondrial glutamate carrier 1 isoform 1 [Miniopterus schreibersii]	9433
XP_036170639.1	XP_080543845	24.159	327	305	323	96	7.78e-17	84.7	mitochondrial glutamate carrier 1 isoform 1 [Plecotus auritus]	61862
XP_036170639.1	XP_080543844	24.159	327	305	323	96	7.78e-17	84.7	mitochondrial glutamate carrier 1 isoform 1 [Plecotus auritus]	61862
XP_036170639.1	XP_080543843	24.159	327	305	323	96	7.78e-17	84.7	mitochondrial glutamate carrier 1 isoform 1 [Plecotus auritus]	61862
XP_036170639.1	XP_080543842	24.159	327	305	323	96	7.78e-17	84.7	mitochondrial glutamate carrier 1 isoform 1 [Plecotus auritus]	61862
XP_036170639.1	XP_080543841	24.159	327	305	323	96	7.78e-17	84.7	mitochondrial glutamate carrier 1 isoform 1 [Plecotus auritus]	61862
XP_036170639.1	XP_080543840	24.159	327	305	323	96	7.78e-17	84.7	mitochondrial glutamate carrier 1 isoform 1 [Plecotus auritus]	61862
XP_036170639.1	XP_080543839	24.159	327	305	323	96	7.78e-17	84.7	mitochondrial glutamate carrier 1 isoform 1 [Plecotus auritus]	61862
XP_036170639.1	XP_080543838	24.159	327	305	323	96	7.78e-17	84.7	mitochondrial glutamate carrier 1 isoform 1 [Plecotus auritus]	61862
XP_036170639.1	XP_080543837	24.159	327	305	323	96	7.78e-17	84.7	mitochondrial glutamate carrier 1 isoform 1 [Plecotus auritus]	61862
XP_036170639.1	XP_053517365	32.653	196	305	446	62	7.79e-17	85.9	uncharacterized protein LOC119058679 isoform X2 [Artibeus jamaicensis]	9417
XP_036170639.1	XP_036172972	28.287	251	305	317	87	8.18e-17	84.3	mitochondrial basic amino acids transporter isoform X1 [Myotis myotis]	51298
XP_036170639.1	XP_036172972	27.374	179	305	317	87	4.73e-12	70.9	mitochondrial basic amino acids transporter isoform X1 [Myotis myotis]	51298
XP_036170639.1	XP_059542314	27.915	283	305	312	93	8.27e-17	84.3	mitochondrial basic amino acids transporter isoform X2 [Myotis daubentonii]	98922
XP_036170639.1	XP_059542314	27.374	179	305	312	93	7.91e-12	70.1	mitochondrial basic amino acids transporter isoform X2 [Myotis daubentonii]	98922
XP_036170639.1	XP_059542304	27.915	283	305	312	93	8.27e-17	84.3	mitochondrial basic amino acids transporter isoform X2 [Myotis daubentonii]	98922
XP_036170639.1	XP_059542304	27.374	179	305	312	93	7.91e-12	70.1	mitochondrial basic amino acids transporter isoform X2 [Myotis daubentonii]	98922
XP_036170639.1	XP_074193781	26.421	299	305	598	93	8.27e-17	85.9	mitochondrial adenyl nucleotide antiporter SLC25A23 isoform X3 [Rhinolophus sinicus]	89399
XP_036170639.1	XP_074193781	25.389	193	305	598	93	1.60e-11	70.1	mitochondrial adenyl nucleotide antiporter SLC25A23 isoform X3 [Rhinolophus sinicus]	89399
XP_036170639.1	XP_080528892	22.867	293	305	323	93	8.58e-17	84.3	ADP/ATP translocase 4 [Plecotus auritus]	61862
XP_036170639.1	XP_006760330	26.335	281	305	315	89	8.73e-17	84.3	PREDICTED: mitochondrial folate transporter/carrier [Myotis davidii]	225400
XP_036170639.1	XP_035890009	30.570	193	305	311	95	9.38e-17	84.3	mitochondrial thiamine pyrophosphate carrier isoform X2 [Phyllostomus discolor]	89673
XP_036170639.1	XP_035890009	26.259	278	305	311	95	4.11e-12	70.9	mitochondrial thiamine pyrophosphate carrier isoform X2 [Phyllostomus discolor]	89673
XP_036170639.1	XP_035890009	27.692	195	305	311	95	1.15e-11	69.7	mitochondrial thiamine pyrophosphate carrier isoform X2 [Phyllostomus discolor]	89673
XP_036170639.1	XP_054424396	25.641	273	305	341	79	9.55e-17	84.7	solute carrier family 25 member 48 isoform X4 [Pteronotus mesoamericanus]	1884717
XP_036170639.1	XP_008153287	27.604	192	305	318	95	9.68e-17	84.3	mitochondrial thiamine pyrophosphate carrier [Eptesicus fuscus]	29078
XP_036170639.1	XP_008153287	27.835	194	305	318	95	3.39e-12	71.2	mitochondrial thiamine pyrophosphate carrier [Eptesicus fuscus]	29078
XP_036170639.1	XP_036292537	26.132	287	305	315	90	9.92e-17	84.3	mitochondrial folate transporter/carrier [Pipistrellus kuhlii]	59472
XP_036170639.1	XP_036994291	26.059	307	305	327	91	1.09e-16	84.3	solute carrier family 25 member 48 isoform X4 [Artibeus jamaicensis]	9417
XP_036170639.1	XP_036994292	26.059	307	305	327	91	1.09e-16	84.3	solute carrier family 25 member 48 isoform X4 [Artibeus jamaicensis]	9417
XP_036170639.1	XP_080911525	25.532	329	305	348	89	1.09e-16	84.3	solute carrier family 25 member 34 isoform 1 [Rhinolophus hipposideros]	77218
XP_036170639.1	XP_079653440	28.177	181	305	318	91	1.10e-16	84.0	mitochondrial thiamine pyrophosphate carrier isoform 1 [Cnephaeus nilssonii]	3371016
XP_036170639.1	XP_079653440	27.835	194	305	318	91	3.32e-12	71.2	mitochondrial thiamine pyrophosphate carrier isoform 1 [Cnephaeus nilssonii]	3371016
XP_036170639.1	XP_079653439	28.177	181	305	318	91	1.10e-16	84.0	mitochondrial thiamine pyrophosphate carrier isoform 1 [Cnephaeus nilssonii]	3371016
XP_036170639.1	XP_079653439	27.835	194	305	318	91	3.32e-12	71.2	mitochondrial thiamine pyrophosphate carrier isoform 1 [Cnephaeus nilssonii]	3371016
XP_036170639.1	XP_079653438	28.177	181	305	318	91	1.10e-16	84.0	mitochondrial thiamine pyrophosphate carrier isoform 1 [Cnephaeus nilssonii]	3371016
XP_036170639.1	XP_079653438	27.835	194	305	318	91	3.32e-12	71.2	mitochondrial thiamine pyrophosphate carrier isoform 1 [Cnephaeus nilssonii]	3371016
XP_036170639.1	XP_008146704	26.389	288	305	315	90	1.11e-16	84.0	mitochondrial folate transporter/carrier [Eptesicus fuscus]	29078
XP_036170639.1	XP_080533280	28.022	182	305	318	91	1.17e-16	84.0	mitochondrial thiamine pyrophosphate carrier isoform 1 [Plecotus auritus]	61862
XP_036170639.1	XP_080533280	29.213	178	305	318	91	3.83e-11	68.2	mitochondrial thiamine pyrophosphate carrier isoform 1 [Plecotus auritus]	61862
XP_036170639.1	XP_080533279	28.022	182	305	318	91	1.17e-16	84.0	mitochondrial thiamine pyrophosphate carrier isoform 1 [Plecotus auritus]	61862
XP_036170639.1	XP_080533279	29.213	178	305	318	91	3.83e-11	68.2	mitochondrial thiamine pyrophosphate carrier isoform 1 [Plecotus auritus]	61862
XP_036170639.1	XP_014301032	27.737	274	305	312	90	1.19e-16	84.0	mitochondrial basic amino acids transporter isoform X1 [Myotis lucifugus]	59463
XP_036170639.1	XP_014301032	27.374	179	305	312	90	2.10e-11	68.9	mitochondrial basic amino acids transporter isoform X1 [Myotis lucifugus]	59463
XP_036170639.1	XP_070283275	24.159	327	305	323	96	1.21e-16	84.0	mitochondrial glutamate carrier 1 [Myotis yumanensis]	159337
XP_036170639.1	XP_070283274	24.159	327	305	323	96	1.21e-16	84.0	mitochondrial glutamate carrier 1 [Myotis yumanensis]	159337
XP_036170639.1	XP_070283273	24.159	327	305	323	96	1.21e-16	84.0	mitochondrial glutamate carrier 1 [Myotis yumanensis]	159337
XP_036170639.1	XP_036123154	27.165	254	305	254	82	1.26e-16	82.8	mitochondrial glycine transporter isoform X2 [Molossus molossus]	27622
XP_036170639.1	XP_066135457	29.137	278	305	586	89	1.29e-16	85.5	electrogenic aspartate/glutamate antiporter SLC25A12, mitochondrial isoform X4 [Saccopteryx bilineata]	59482
XP_036170639.1	XP_015994091	27.376	263	305	315	84	1.29e-16	84.0	mitochondrial 2-oxodicarboxylate carrier isoform X3 [Rousettus aegyptiacus]	9407
XP_036170639.1	XP_070250683	27.473	182	305	318	91	1.31e-16	84.0	mitochondrial thiamine pyrophosphate carrier [Myotis yumanensis]	159337
XP_036170639.1	XP_070250683	29.775	178	305	318	91	1.56e-11	69.3	mitochondrial thiamine pyrophosphate carrier [Myotis yumanensis]	159337
XP_036170639.1	XP_070250682	27.473	182	305	318	91	1.31e-16	84.0	mitochondrial thiamine pyrophosphate carrier [Myotis yumanensis]	159337
XP_036170639.1	XP_070250682	29.775	178	305	318	91	1.56e-11	69.3	mitochondrial thiamine pyrophosphate carrier [Myotis yumanensis]	159337
XP_036170639.1	XP_070250681	27.473	182	305	318	91	1.31e-16	84.0	mitochondrial thiamine pyrophosphate carrier [Myotis yumanensis]	159337
XP_036170639.1	XP_070250681	29.775	178	305	318	91	1.56e-11	69.3	mitochondrial thiamine pyrophosphate carrier [Myotis yumanensis]	159337
XP_036170639.1	XP_059551304	22.759	290	305	320	92	1.32e-16	84.0	ADP/ATP translocase 4 [Myotis daubentonii]	98922
XP_036170639.1	XP_066202679	29.137	278	305	644	89	1.36e-16	85.5	electrogenic aspartate/glutamate antiporter SLC25A12, mitochondrial isoform X3 [Saccopteryx leptura]	249018
XP_036170639.1	XP_036171368	23.232	297	305	320	94	1.40e-16	84.0	ADP/ATP translocase 4 [Myotis myotis]	51298
XP_036170639.1	XP_079625587	28.000	250	305	311	81	1.42e-16	83.6	mitochondrial basic amino acids transporter isoform 1 [Cnephaeus nilssonii]	3371016
XP_036170639.1	XP_066135454	29.137	278	305	677	89	1.42e-16	85.5	electrogenic aspartate/glutamate antiporter SLC25A12, mitochondrial isoform X2 [Saccopteryx bilineata]	59482
XP_036170639.1	XP_036994290	26.246	301	305	329	89	1.42e-16	84.0	solute carrier family 25 member 48 isoform X3 [Artibeus jamaicensis]	9417
XP_036170639.1	XP_066227431	24.159	327	305	323	96	1.46e-16	84.0	mitochondrial glutamate carrier 1 [Saccopteryx leptura]	249018
XP_036170639.1	XP_066227344	24.159	327	305	323	96	1.46e-16	84.0	mitochondrial glutamate carrier 1 [Saccopteryx leptura]	249018
XP_036170639.1	XP_035869505	27.018	285	305	336	82	1.47e-16	84.0	solute carrier family 25 member 48 isoform X4 [Phyllostomus discolor]	89673
XP_036170639.1	XP_066202677	29.137	278	305	679	89	1.48e-16	85.5	electrogenic aspartate/glutamate antiporter SLC25A12, mitochondrial isoform X1 [Saccopteryx leptura]	249018
XP_036170639.1	XP_066135456	29.137	278	305	644	89	1.49e-16	85.5	electrogenic aspartate/glutamate antiporter SLC25A12, mitochondrial isoform X3 [Saccopteryx bilineata]	59482
XP_036170639.1	XP_066135455	29.137	278	305	644	89	1.49e-16	85.5	electrogenic aspartate/glutamate antiporter SLC25A12, mitochondrial isoform X3 [Saccopteryx bilineata]	59482
XP_036170639.1	XP_080954439	23.547	327	305	323	96	1.50e-16	84.0	mitochondrial glutamate carrier 1 isoform 1 [Myotis nattereri]	109481
XP_036170639.1	XP_080954438	23.547	327	305	323	96	1.50e-16	84.0	mitochondrial glutamate carrier 1 isoform 1 [Myotis nattereri]	109481
XP_036170639.1	XP_080954437	23.547	327	305	323	96	1.50e-16	84.0	mitochondrial glutamate carrier 1 isoform 1 [Myotis nattereri]	109481
XP_036170639.1	XP_066202678	29.137	278	305	677	89	1.50e-16	85.5	electrogenic aspartate/glutamate antiporter SLC25A12, mitochondrial isoform X2 [Saccopteryx leptura]	249018
XP_036170639.1	XP_059566541	23.547	327	305	323	96	1.54e-16	84.0	mitochondrial glutamate carrier 1 isoform X1 [Myotis daubentonii]	98922
XP_036170639.1	XP_036151717	23.547	327	305	323	96	1.54e-16	84.0	mitochondrial glutamate carrier 1 [Myotis myotis]	51298
XP_036170639.1	XP_036151716	23.547	327	305	323	96	1.54e-16	84.0	mitochondrial glutamate carrier 1 [Myotis myotis]	51298
XP_036170639.1	XP_036151715	23.547	327	305	323	96	1.54e-16	84.0	mitochondrial glutamate carrier 1 [Myotis myotis]	51298
XP_036170639.1	XP_036151714	23.547	327	305	323	96	1.54e-16	84.0	mitochondrial glutamate carrier 1 [Myotis myotis]	51298
XP_036170639.1	XP_036151713	23.547	327	305	323	96	1.54e-16	84.0	mitochondrial glutamate carrier 1 [Myotis myotis]	51298
XP_036170639.1	XP_036151712	23.547	327	305	323	96	1.54e-16	84.0	mitochondrial glutamate carrier 1 [Myotis myotis]	51298
XP_036170639.1	XP_036151711	23.547	327	305	323	96	1.54e-16	84.0	mitochondrial glutamate carrier 1 [Myotis myotis]	51298
XP_036170639.1	XP_036151710	23.547	327	305	323	96	1.54e-16	84.0	mitochondrial glutamate carrier 1 [Myotis myotis]	51298
XP_036170639.1	XP_036151709	23.547	327	305	323	96	1.54e-16	84.0	mitochondrial glutamate carrier 1 [Myotis myotis]	51298
XP_036170639.1	XP_066135453	29.137	278	305	679	89	1.56e-16	85.5	electrogenic aspartate/glutamate antiporter SLC25A12, mitochondrial isoform X1 [Saccopteryx bilineata]	59482
XP_036170639.1	XP_059542295	27.888	251	305	317	87	1.61e-16	83.6	mitochondrial basic amino acids transporter isoform X1 [Myotis daubentonii]	98922
XP_036170639.1	XP_059542295	27.374	179	305	317	87	5.06e-12	70.9	mitochondrial basic amino acids transporter isoform X1 [Myotis daubentonii]	98922
XP_036170639.1	XP_070273304	22.759	290	305	320	92	1.80e-16	83.6	ADP/ATP translocase 4 [Myotis yumanensis]	159337
XP_036170639.1	XP_074183035	29.268	205	305	269	58	1.81e-16	82.8	solute carrier family 25 member 47 isoform X2 [Rhinolophus sinicus]	89399
XP_036170639.1	XP_032967275	29.137	278	305	586	89	1.82e-16	85.1	electrogenic aspartate/glutamate antiporter SLC25A12, mitochondrial isoform X3 [Rhinolophus ferrumequinum]	59479
XP_036170639.1	XP_023619159	24.790	238	305	235	78	1.87e-16	82.0	solute carrier family 25 member 38 isoform X4 [Myotis lucifugus]	59463
XP_036170639.1	XP_023619158	24.790	238	305	235	78	1.87e-16	82.0	solute carrier family 25 member 38 isoform X4 [Myotis lucifugus]	59463
XP_036170639.1	XP_005865655	26.087	276	305	283	81	1.98e-16	82.8	PREDICTED: solute carrier family 25 member 48 [Myotis brandtii]	109478
XP_036170639.1	XP_054580869	23.636	330	305	323	96	1.99e-16	83.6	mitochondrial glutamate carrier 1 [Eptesicus fuscus]	29078
XP_036170639.1	XP_053528497	27.547	265	305	330	84	2.02e-16	83.6	mitochondrial 2-oxodicarboxylate carrier isoform X1 [Artibeus jamaicensis]	9417
XP_036170639.1	XP_028362785	28.244	262	305	303	91	2.05e-16	83.2	mitochondrial basic amino acids transporter isoform X2 [Phyllostomus discolor]	89673
XP_036170639.1	XP_028362785	28.261	184	305	303	91	3.39e-13	73.9	mitochondrial basic amino acids transporter isoform X2 [Phyllostomus discolor]	89673
XP_036170639.1	XP_053528498	27.547	265	305	329	84	2.06e-16	83.6	mitochondrial 2-oxodicarboxylate carrier isoform X2 [Artibeus jamaicensis]	9417
XP_036170639.1	XP_019500057	25.907	193	305	275	62	2.16e-16	82.8	PREDICTED: mitochondrial thiamine pyrophosphate carrier [Hipposideros armiger]	186990
XP_036170639.1	XP_019500056	25.907	193	305	275	62	2.16e-16	82.8	PREDICTED: mitochondrial thiamine pyrophosphate carrier [Hipposideros armiger]	186990
XP_036170639.1	XP_019500055	25.907	193	305	275	62	2.16e-16	82.8	PREDICTED: mitochondrial thiamine pyrophosphate carrier [Hipposideros armiger]	186990
XP_036170639.1	XP_019500054	25.907	193	305	275	62	2.16e-16	82.8	PREDICTED: mitochondrial thiamine pyrophosphate carrier [Hipposideros armiger]	186990
XP_036170639.1	XP_019500053	25.907	193	305	275	62	2.16e-16	82.8	PREDICTED: mitochondrial thiamine pyrophosphate carrier [Hipposideros armiger]	186990
XP_036170639.1	XP_019500052	25.907	193	305	275	62	2.16e-16	82.8	PREDICTED: mitochondrial thiamine pyrophosphate carrier [Hipposideros armiger]	186990
XP_036170639.1	XP_019500051	25.907	193	305	275	62	2.16e-16	82.8	PREDICTED: mitochondrial thiamine pyrophosphate carrier [Hipposideros armiger]	186990
XP_036170639.1	XP_019500050	25.907	193	305	275	62	2.16e-16	82.8	PREDICTED: mitochondrial thiamine pyrophosphate carrier [Hipposideros armiger]	186990
XP_036170639.1	XP_019500049	25.907	193	305	275	62	2.16e-16	82.8	PREDICTED: mitochondrial thiamine pyrophosphate carrier [Hipposideros armiger]	186990
XP_036170639.1	XP_053528748	26.246	301	305	392	89	2.21e-16	84.0	solute carrier family 25 member 48 isoform X2 [Artibeus jamaicensis]	9417
XP_036170639.1	XP_059554420	27.007	274	305	333	80	2.27e-16	83.6	solute carrier family 25 member 48 isoform X1 [Myotis daubentonii]	98922
XP_036170639.1	XP_005877839	23.103	290	305	430	92	2.32e-16	84.3	PREDICTED: ADP/ATP translocase 4 [Myotis brandtii]	109478
XP_036170639.1	XP_005865037	27.574	272	305	387	86	2.38e-16	84.0	PREDICTED: mitochondrial 2-oxodicarboxylate carrier isoform X1 [Myotis brandtii]	109478
XP_036170639.1	XP_045681448	26.014	296	305	304	86	2.40e-16	82.8	solute carrier family 25 member 48 isoform X5 [Phyllostomus hastatus]	9423
XP_036170639.1	XP_045681460	25.952	289	305	299	85	2.62e-16	82.8	solute carrier family 25 member 48 isoform X6 [Phyllostomus hastatus]	9423
XP_036170639.1	XP_019582990	29.137	278	305	586	89	2.64e-16	84.7	electrogenic aspartate/glutamate antiporter SLC25A12, mitochondrial isoform X2 [Rhinolophus sinicus]	89399
XP_036170639.1	XP_080928163	25.862	290	305	299	97	2.70e-16	82.8	mitochondrial carnitine/acylcarnitine carrier protein isoform 2 [Rhinolophus hipposideros]	77218
XP_036170639.1	XP_080928163	25.263	190	305	299	97	1.57e-11	69.3	mitochondrial carnitine/acylcarnitine carrier protein isoform 2 [Rhinolophus hipposideros]	77218
XP_036170639.1	XP_032967273	29.137	278	305	679	89	2.83e-16	84.7	electrogenic aspartate/glutamate antiporter SLC25A12, mitochondrial isoform X1 [Rhinolophus ferrumequinum]	59479
XP_036170639.1	XP_006766753	26.224	286	305	312	89	2.97e-16	82.8	PREDICTED: LOW QUALITY PROTEIN: solute carrier family 25 member 34 [Myotis davidii]	225400
XP_036170639.1	XP_032967274	29.137	278	305	677	89	3.02e-16	84.3	electrogenic aspartate/glutamate antiporter SLC25A12, mitochondrial isoform X2 [Rhinolophus ferrumequinum]	59479
XP_036170639.1	XP_080908902	29.137	278	305	619	89	3.17e-16	84.3	electrogenic aspartate/glutamate antiporter SLC25A12, mitochondrial isoform 4 [Rhinolophus hipposideros]	77218
XP_036170639.1	XP_080908899	29.137	278	305	677	89	3.19e-16	84.3	electrogenic aspartate/glutamate antiporter SLC25A12, mitochondrial isoform 2 [Rhinolophus hipposideros]	77218
XP_036170639.1	XP_080908898	29.137	278	305	679	89	3.20e-16	84.3	electrogenic aspartate/glutamate antiporter SLC25A12, mitochondrial isoform 1 [Rhinolophus hipposideros]	77218
XP_036170639.1	XP_036277787	29.496	278	305	550	89	3.20e-16	84.3	calcium-binding mitochondrial carrier protein Aralar1 isoform X4 [Pipistrellus kuhlii]	59472
XP_036170639.1	XP_070271053	27.737	274	305	374	80	3.29e-16	83.6	solute carrier family 25 member 48 isoform X1 [Myotis yumanensis]	159337
XP_036170639.1	XP_008141618	22.867	293	305	323	93	3.35e-16	82.8	ADP/ATP translocase 4 [Eptesicus fuscus]	29078
XP_036170639.1	XP_080523783	29.496	278	305	619	89	3.38e-16	84.3	electrogenic aspartate/glutamate antiporter SLC25A12, mitochondrial isoform 3 [Plecotus auritus]	61862
XP_036170639.1	XP_036110028	28.881	277	305	586	89	3.40e-16	84.3	calcium-binding mitochondrial carrier protein Aralar1 isoform X2 [Molossus molossus]	27622
XP_036170639.1	XP_059560079	29.496	278	305	588	89	3.54e-16	84.3	electrogenic aspartate/glutamate antiporter SLC25A12, mitochondrial isoform X4 [Myotis daubentonii]	98922
XP_036170639.1	XP_080951773	29.496	278	305	588	89	3.54e-16	84.3	electrogenic aspartate/glutamate antiporter SLC25A12, mitochondrial isoform 4 [Myotis nattereri]	109481
XP_036170639.1	XP_080908901	29.137	278	305	644	89	3.55e-16	84.3	electrogenic aspartate/glutamate antiporter SLC25A12, mitochondrial isoform 3 [Rhinolophus hipposideros]	77218
XP_036170639.1	XP_080908900	29.137	278	305	644	89	3.55e-16	84.3	electrogenic aspartate/glutamate antiporter SLC25A12, mitochondrial isoform 3 [Rhinolophus hipposideros]	77218
XP_036170639.1	XP_019512352	29.137	278	305	596	89	3.60e-16	84.3	PREDICTED: calcium-binding mitochondrial carrier protein Aralar1 isoform X2 [Hipposideros armiger]	186990
XP_036170639.1	XP_019582988	29.137	278	305	679	89	3.61e-16	84.3	electrogenic aspartate/glutamate antiporter SLC25A12, mitochondrial isoform X3 [Rhinolophus sinicus]	89399
XP_036170639.1	XP_070278861	29.496	278	305	586	89	3.63e-16	84.0	electrogenic aspartate/glutamate antiporter SLC25A12, mitochondrial isoform X4 [Myotis yumanensis]	159337
XP_036170639.1	XP_019512353	29.137	278	305	586	89	3.77e-16	84.0	PREDICTED: calcium-binding mitochondrial carrier protein Aralar1 isoform X3 [Hipposideros armiger]	186990
XP_036170639.1	XP_070278858	29.496	278	305	677	89	3.77e-16	84.3	electrogenic aspartate/glutamate antiporter SLC25A12, mitochondrial isoform X2 [Myotis yumanensis]	159337
XP_036170639.1	XP_059560080	29.496	278	305	586	89	3.80e-16	84.0	electrogenic aspartate/glutamate antiporter SLC25A12, mitochondrial isoform X5 [Myotis daubentonii]	98922
XP_036170639.1	XP_006760694	29.496	278	305	586	89	3.80e-16	84.0	PREDICTED: calcium-binding mitochondrial carrier protein Aralar1 isoform X4 [Myotis davidii]	225400
XP_036170639.1	XP_005857643	29.496	278	305	586	89	3.80e-16	84.0	PREDICTED: calcium-binding mitochondrial carrier protein Aralar1 isoform X4 [Myotis brandtii]	109478
XP_036170639.1	XP_036175942	29.496	278	305	586	89	3.80e-16	84.0	calcium-binding mitochondrial carrier protein Aralar1 isoform X3 [Myotis myotis]	51298
XP_036170639.1	XP_006083199	29.496	278	305	586	89	3.80e-16	84.0	calcium-binding mitochondrial carrier protein Aralar1 isoform X3 [Myotis lucifugus]	59463
XP_036170639.1	XP_080951775	29.496	278	305	586	89	3.80e-16	84.0	electrogenic aspartate/glutamate antiporter SLC25A12, mitochondrial isoform 5 [Myotis nattereri]	109481
XP_036170639.1	XP_080951774	29.496	278	305	586	89	3.80e-16	84.0	electrogenic aspartate/glutamate antiporter SLC25A12, mitochondrial isoform 5 [Myotis nattereri]	109481
XP_036170639.1	XP_019582989	29.137	278	305	677	89	3.84e-16	84.3	electrogenic aspartate/glutamate antiporter SLC25A12, mitochondrial isoform X1 [Rhinolophus sinicus]	89399
XP_036170639.1	XP_036169644	27.007	274	305	333	80	3.85e-16	82.8	solute carrier family 25 member 48 isoform X1 [Myotis myotis]	51298
XP_036170639.1	XP_036268015	26.562	192	305	318	61	3.86e-16	82.4	mitochondrial thiamine pyrophosphate carrier [Pipistrellus kuhlii]	59472
XP_036170639.1	XP_036277784	29.496	278	305	679	89	3.89e-16	84.0	calcium-binding mitochondrial carrier protein Aralar1 isoform X1 [Pipistrellus kuhlii]	59472
XP_036170639.1	XP_019512351	29.137	278	305	677	89	3.95e-16	84.0	PREDICTED: calcium-binding mitochondrial carrier protein Aralar1 isoform X1 [Hipposideros armiger]	186990
XP_036170639.1	XP_036288247	25.180	278	305	301	94	3.98e-16	82.4	mitochondrial carnitine/acylcarnitine carrier protein isoform X1 [Pipistrellus kuhlii]	59472
XP_036170639.1	XP_036288247	25.521	192	305	301	94	4.32e-11	67.8	mitochondrial carnitine/acylcarnitine carrier protein isoform X1 [Pipistrellus kuhlii]	59472
XP_036170639.1	XP_045427942	27.881	269	305	306	90	3.98e-16	82.4	mitochondrial basic amino acids transporter isoform X1 [Pipistrellus kuhlii]	59472
XP_036170639.1	XP_045427942	27.778	180	305	306	90	6.98e-12	70.1	mitochondrial basic amino acids transporter isoform X1 [Pipistrellus kuhlii]	59472
XP_036170639.1	XP_006086624	26.087	276	305	361	81	3.98e-16	83.2	solute carrier family 25 member 48 isoform X3 [Myotis lucifugus]	59463
XP_036170639.1	XP_080523782	29.496	278	305	677	89	3.99e-16	84.0	electrogenic aspartate/glutamate antiporter SLC25A12, mitochondrial isoform 2 [Plecotus auritus]	61862
XP_036170639.1	XP_080523781	29.496	278	305	679	89	4.00e-16	84.0	electrogenic aspartate/glutamate antiporter SLC25A12, mitochondrial isoform 1 [Plecotus auritus]	61862
XP_036170639.1	XP_070278860	29.496	278	305	644	89	4.01e-16	84.0	electrogenic aspartate/glutamate antiporter SLC25A12, mitochondrial isoform X3 [Myotis yumanensis]	159337
XP_036170639.1	XP_070278859	29.496	278	305	644	89	4.01e-16	84.0	electrogenic aspartate/glutamate antiporter SLC25A12, mitochondrial isoform X3 [Myotis yumanensis]	159337
XP_036170639.1	XP_036277786	29.496	278	305	586	89	4.14e-16	84.0	calcium-binding mitochondrial carrier protein Aralar1 isoform X3 [Pipistrellus kuhlii]	59472
XP_036170639.1	XP_070278857	29.496	278	305	679	89	4.15e-16	84.0	electrogenic aspartate/glutamate antiporter SLC25A12, mitochondrial isoform X1 [Myotis yumanensis]	159337
XP_036170639.1	XP_019497699	27.632	228	305	323	65	4.15e-16	82.4	PREDICTED: solute carrier family 25 member 48 [Hipposideros armiger]	186990
XP_036170639.1	XP_059560078	29.496	278	305	644	89	4.20e-16	84.0	electrogenic aspartate/glutamate antiporter SLC25A12, mitochondrial isoform X3 [Myotis daubentonii]	98922
XP_036170639.1	XP_006760692	29.496	278	305	644	89	4.20e-16	84.0	PREDICTED: calcium-binding mitochondrial carrier protein Aralar1 isoform X3 [Myotis davidii]	225400
XP_036170639.1	XP_006760693	29.496	278	305	644	89	4.20e-16	84.0	PREDICTED: calcium-binding mitochondrial carrier protein Aralar1 isoform X3 [Myotis davidii]	225400
XP_036170639.1	XP_014401318	29.496	278	305	644	89	4.20e-16	84.0	PREDICTED: calcium-binding mitochondrial carrier protein Aralar1 isoform X3 [Myotis brandtii]	109478
XP_036170639.1	XP_023600643	29.496	278	305	644	89	4.20e-16	84.0	calcium-binding mitochondrial carrier protein Aralar1 isoform X2 [Myotis lucifugus]	59463
XP_036170639.1	XP_006083197	29.496	278	305	644	89	4.20e-16	84.0	calcium-binding mitochondrial carrier protein Aralar1 isoform X2 [Myotis lucifugus]	59463
XP_036170639.1	XP_080951772	29.496	278	305	644	89	4.20e-16	84.0	electrogenic aspartate/glutamate antiporter SLC25A12, mitochondrial isoform 3 [Myotis nattereri]	109481
XP_036170639.1	XP_080951771	29.496	278	305	644	89	4.20e-16	84.0	electrogenic aspartate/glutamate antiporter SLC25A12, mitochondrial isoform 3 [Myotis nattereri]	109481
XP_036170639.1	XP_059560077	29.496	278	305	677	89	4.22e-16	84.0	electrogenic aspartate/glutamate antiporter SLC25A12, mitochondrial isoform X2 [Myotis daubentonii]	98922
XP_036170639.1	XP_006760691	29.496	278	305	677	89	4.22e-16	84.0	PREDICTED: calcium-binding mitochondrial carrier protein Aralar1 isoform X2 [Myotis davidii]	225400
XP_036170639.1	XP_005857642	29.496	278	305	677	89	4.22e-16	84.0	PREDICTED: calcium-binding mitochondrial carrier protein Aralar1 isoform X2 [Myotis brandtii]	109478
XP_036170639.1	XP_036175941	29.496	278	305	677	89	4.22e-16	84.0	calcium-binding mitochondrial carrier protein Aralar1 isoform X2 [Myotis myotis]	51298
XP_036170639.1	XP_006083196	29.496	278	305	677	89	4.22e-16	84.0	calcium-binding mitochondrial carrier protein Aralar1 isoform X1 [Myotis lucifugus]	59463
XP_036170639.1	XP_080951770	29.496	278	305	677	89	4.22e-16	84.0	electrogenic aspartate/glutamate antiporter SLC25A12, mitochondrial isoform 2 [Myotis nattereri]	109481
XP_036170639.1	XP_036137065	24.465	327	305	323	96	4.23e-16	82.4	mitochondrial glutamate carrier 1 [Molossus molossus]	27622
XP_036170639.1	XP_036137064	24.465	327	305	323	96	4.23e-16	82.4	mitochondrial glutamate carrier 1 [Molossus molossus]	27622
XP_036170639.1	XP_036137063	24.465	327	305	323	96	4.23e-16	82.4	mitochondrial glutamate carrier 1 [Molossus molossus]	27622
XP_036170639.1	XP_036110027	28.881	277	305	677	89	4.30e-16	84.0	calcium-binding mitochondrial carrier protein Aralar1 isoform X1 [Molossus molossus]	27622
XP_036170639.1	XP_016067943	27.473	182	305	320	92	4.30e-16	82.4	PREDICTED: mitochondrial thiamine pyrophosphate carrier [Miniopterus natalensis]	291302
XP_036170639.1	XP_016067943	28.333	180	305	320	92	8.08e-12	70.1	PREDICTED: mitochondrial thiamine pyrophosphate carrier [Miniopterus natalensis]	291302
XP_036170639.1	XP_016067942	27.473	182	305	320	92	4.30e-16	82.4	PREDICTED: mitochondrial thiamine pyrophosphate carrier [Miniopterus natalensis]	291302
XP_036170639.1	XP_016067942	28.333	180	305	320	92	8.08e-12	70.1	PREDICTED: mitochondrial thiamine pyrophosphate carrier [Miniopterus natalensis]	291302
XP_036170639.1	XP_016067941	27.473	182	305	320	92	4.30e-16	82.4	PREDICTED: mitochondrial thiamine pyrophosphate carrier [Miniopterus natalensis]	291302
XP_036170639.1	XP_016067941	28.333	180	305	320	92	8.08e-12	70.1	PREDICTED: mitochondrial thiamine pyrophosphate carrier [Miniopterus natalensis]	291302
XP_036170639.1	XP_080971968	27.473	182	305	320	92	4.30e-16	82.4	mitochondrial thiamine pyrophosphate carrier isoform 1 [Miniopterus schreibersii]	9433
XP_036170639.1	XP_080971968	28.333	180	305	320	92	8.08e-12	70.1	mitochondrial thiamine pyrophosphate carrier isoform 1 [Miniopterus schreibersii]	9433
XP_036170639.1	XP_080971967	27.473	182	305	320	92	4.30e-16	82.4	mitochondrial thiamine pyrophosphate carrier isoform 1 [Miniopterus schreibersii]	9433
XP_036170639.1	XP_080971967	28.333	180	305	320	92	8.08e-12	70.1	mitochondrial thiamine pyrophosphate carrier isoform 1 [Miniopterus schreibersii]	9433
XP_036170639.1	XP_080971966	27.473	182	305	320	92	4.30e-16	82.4	mitochondrial thiamine pyrophosphate carrier isoform 1 [Miniopterus schreibersii]	9433
XP_036170639.1	XP_080971966	28.333	180	305	320	92	8.08e-12	70.1	mitochondrial thiamine pyrophosphate carrier isoform 1 [Miniopterus schreibersii]	9433
XP_036170639.1	XP_080971965	27.473	182	305	320	92	4.30e-16	82.4	mitochondrial thiamine pyrophosphate carrier isoform 1 [Miniopterus schreibersii]	9433
XP_036170639.1	XP_080971965	28.333	180	305	320	92	8.08e-12	70.1	mitochondrial thiamine pyrophosphate carrier isoform 1 [Miniopterus schreibersii]	9433
XP_036170639.1	XP_059560075	29.496	278	305	679	89	4.34e-16	84.0	electrogenic aspartate/glutamate antiporter SLC25A12, mitochondrial isoform X1 [Myotis daubentonii]	98922
XP_036170639.1	XP_015417471	29.496	278	305	679	89	4.34e-16	84.0	PREDICTED: calcium-binding mitochondrial carrier protein Aralar1 isoform X1 [Myotis davidii]	225400
XP_036170639.1	XP_014401309	29.496	278	305	679	89	4.34e-16	84.0	PREDICTED: calcium-binding mitochondrial carrier protein Aralar1 isoform X1 [Myotis brandtii]	109478
XP_036170639.1	XP_036175940	29.496	278	305	679	89	4.34e-16	84.0	calcium-binding mitochondrial carrier protein Aralar1 isoform X1 [Myotis myotis]	51298
XP_036170639.1	XP_080951769	29.496	278	305	679	89	4.34e-16	84.0	electrogenic aspartate/glutamate antiporter SLC25A12, mitochondrial isoform 1 [Myotis nattereri]	109481
XP_036170639.1	XP_035869502	27.018	285	305	419	82	4.45e-16	83.2	solute carrier family 25 member 48 isoform X1 [Phyllostomus discolor]	89673
XP_036170639.1	XP_036277785	29.496	278	305	677	89	4.46e-16	84.0	calcium-binding mitochondrial carrier protein Aralar1 isoform X2 [Pipistrellus kuhlii]	59472
XP_036170639.1	XP_011373687	25.862	290	305	301	93	4.57e-16	82.0	mitochondrial carnitine/acylcarnitine carrier protein [Pteropus vampyrus]	132908
XP_036170639.1	XP_039693620	25.862	290	305	301	93	4.57e-16	82.0	mitochondrial carnitine/acylcarnitine carrier protein [Pteropus medius]	143291
XP_036170639.1	XP_079628398	23.129	294	305	320	93	4.65e-16	82.4	ADP/ATP translocase 4 [Cnephaeus nilssonii]	3371016
XP_036170639.1	XP_059527189	27.869	183	305	318	91	4.83e-16	82.4	mitochondrial thiamine pyrophosphate carrier [Myotis daubentonii]	98922
XP_036170639.1	XP_059527189	29.775	178	305	318	91	1.98e-11	68.9	mitochondrial thiamine pyrophosphate carrier [Myotis daubentonii]	98922
XP_036170639.1	XP_059527188	27.869	183	305	318	91	4.83e-16	82.4	mitochondrial thiamine pyrophosphate carrier [Myotis daubentonii]	98922
XP_036170639.1	XP_059527188	29.775	178	305	318	91	1.98e-11	68.9	mitochondrial thiamine pyrophosphate carrier [Myotis daubentonii]	98922
XP_036170639.1	XP_059527187	27.869	183	305	318	91	4.83e-16	82.4	mitochondrial thiamine pyrophosphate carrier [Myotis daubentonii]	98922
XP_036170639.1	XP_059527187	29.775	178	305	318	91	1.98e-11	68.9	mitochondrial thiamine pyrophosphate carrier [Myotis daubentonii]	98922
XP_036170639.1	XP_059527186	27.869	183	305	318	91	4.83e-16	82.4	mitochondrial thiamine pyrophosphate carrier [Myotis daubentonii]	98922
XP_036170639.1	XP_059527186	29.775	178	305	318	91	1.98e-11	68.9	mitochondrial thiamine pyrophosphate carrier [Myotis daubentonii]	98922
XP_036170639.1	XP_024417366	28.520	277	305	586	89	4.98e-16	83.6	electrogenic aspartate/glutamate antiporter SLC25A12, mitochondrial isoform X2 [Desmodus rotundus]	9430
XP_036170639.1	XP_015418778	27.869	183	305	317	91	5.12e-16	82.4	PREDICTED: mitochondrial thiamine pyrophosphate carrier [Myotis davidii]	225400
XP_036170639.1	XP_015418778	29.775	178	305	317	91	8.06e-12	70.1	PREDICTED: mitochondrial thiamine pyrophosphate carrier [Myotis davidii]	225400
XP_036170639.1	XP_006762833	27.869	183	305	317	91	5.12e-16	82.4	PREDICTED: mitochondrial thiamine pyrophosphate carrier [Myotis davidii]	225400
XP_036170639.1	XP_006762833	29.775	178	305	317	91	8.06e-12	70.1	PREDICTED: mitochondrial thiamine pyrophosphate carrier [Myotis davidii]	225400
XP_036170639.1	XP_015418777	27.869	183	305	317	91	5.12e-16	82.4	PREDICTED: mitochondrial thiamine pyrophosphate carrier [Myotis davidii]	225400
XP_036170639.1	XP_015418777	29.775	178	305	317	91	8.06e-12	70.1	PREDICTED: mitochondrial thiamine pyrophosphate carrier [Myotis davidii]	225400
XP_036170639.1	XP_024417363	28.520	277	305	679	89	5.18e-16	84.0	electrogenic aspartate/glutamate antiporter SLC25A12, mitochondrial isoform X1 [Desmodus rotundus]	9430
XP_036170639.1	XP_032947038	27.835	194	305	318	90	5.38e-16	82.0	mitochondrial thiamine pyrophosphate carrier [Rhinolophus ferrumequinum]	59479
XP_036170639.1	XP_032947038	26.174	298	305	318	90	5.30e-12	70.9	mitochondrial thiamine pyrophosphate carrier [Rhinolophus ferrumequinum]	59479
XP_036170639.1	XP_032947037	27.835	194	305	318	90	5.38e-16	82.0	mitochondrial thiamine pyrophosphate carrier [Rhinolophus ferrumequinum]	59479
XP_036170639.1	XP_032947037	26.174	298	305	318	90	5.30e-12	70.9	mitochondrial thiamine pyrophosphate carrier [Rhinolophus ferrumequinum]	59479
XP_036170639.1	XP_032947036	27.835	194	305	318	90	5.38e-16	82.0	mitochondrial thiamine pyrophosphate carrier [Rhinolophus ferrumequinum]	59479
XP_036170639.1	XP_032947036	26.174	298	305	318	90	5.30e-12	70.9	mitochondrial thiamine pyrophosphate carrier [Rhinolophus ferrumequinum]	59479
XP_036170639.1	XP_032947035	27.835	194	305	318	90	5.38e-16	82.0	mitochondrial thiamine pyrophosphate carrier [Rhinolophus ferrumequinum]	59479
XP_036170639.1	XP_032947035	26.174	298	305	318	90	5.30e-12	70.9	mitochondrial thiamine pyrophosphate carrier [Rhinolophus ferrumequinum]	59479
XP_036170639.1	XP_032947034	27.835	194	305	318	90	5.38e-16	82.0	mitochondrial thiamine pyrophosphate carrier [Rhinolophus ferrumequinum]	59479
XP_036170639.1	XP_032947034	26.174	298	305	318	90	5.30e-12	70.9	mitochondrial thiamine pyrophosphate carrier [Rhinolophus ferrumequinum]	59479
XP_036170639.1	XP_032947033	27.835	194	305	318	90	5.38e-16	82.0	mitochondrial thiamine pyrophosphate carrier [Rhinolophus ferrumequinum]	59479
XP_036170639.1	XP_032947033	26.174	298	305	318	90	5.30e-12	70.9	mitochondrial thiamine pyrophosphate carrier [Rhinolophus ferrumequinum]	59479
XP_036170639.1	XP_032947032	27.835	194	305	318	90	5.38e-16	82.0	mitochondrial thiamine pyrophosphate carrier [Rhinolophus ferrumequinum]	59479
XP_036170639.1	XP_032947032	26.174	298	305	318	90	5.30e-12	70.9	mitochondrial thiamine pyrophosphate carrier [Rhinolophus ferrumequinum]	59479
XP_036170639.1	XP_032947031	27.835	194	305	318	90	5.38e-16	82.0	mitochondrial thiamine pyrophosphate carrier [Rhinolophus ferrumequinum]	59479
XP_036170639.1	XP_032947031	26.174	298	305	318	90	5.30e-12	70.9	mitochondrial thiamine pyrophosphate carrier [Rhinolophus ferrumequinum]	59479
XP_036170639.1	XP_079638801	29.242	277	305	619	89	5.49e-16	83.6	electrogenic aspartate/glutamate antiporter SLC25A12, mitochondrial isoform 2 [Cnephaeus nilssonii]	3371016
XP_036170639.1	XP_006082032	23.103	290	305	526	92	5.61e-16	83.6	ADP/ATP translocase 4 [Myotis lucifugus]	59463
XP_036170639.1	XP_024417364	28.520	277	305	677	89	5.79e-16	83.6	electrogenic aspartate/glutamate antiporter SLC25A12, mitochondrial isoform X3 [Desmodus rotundus]	9430
XP_036170639.1	XP_027996776	29.242	277	305	586	89	6.06e-16	83.6	electrogenic aspartate/glutamate antiporter SLC25A12, mitochondrial isoform X2 [Eptesicus fuscus]	29078
XP_036170639.1	XP_079638802	29.242	277	305	586	89	6.06e-16	83.6	electrogenic aspartate/glutamate antiporter SLC25A12, mitochondrial isoform 3 [Cnephaeus nilssonii]	3371016
XP_036170639.1	XP_011355711	27.706	231	305	268	75	6.31e-16	81.3	solute carrier family 25 member 38 [Pteropus vampyrus]	132908
XP_036170639.1	XP_080928162	25.517	290	305	301	97	6.70e-16	81.6	mitochondrial carnitine/acylcarnitine carrier protein isoform 1 [Rhinolophus hipposideros]	77218
XP_036170639.1	XP_080928162	25.000	192	305	301	97	2.42e-11	68.6	mitochondrial carnitine/acylcarnitine carrier protein isoform 1 [Rhinolophus hipposideros]	77218
XP_036170639.1	XP_008136786	29.242	277	305	677	89	6.78e-16	83.6	electrogenic aspartate/glutamate antiporter SLC25A12, mitochondrial isoform X1 [Eptesicus fuscus]	29078
XP_036170639.1	XP_079638800	29.242	277	305	677	89	6.78e-16	83.6	electrogenic aspartate/glutamate antiporter SLC25A12, mitochondrial isoform 1 [Cnephaeus nilssonii]	3371016
XP_036170639.1	XP_023607914	27.737	274	305	394	80	7.25e-16	82.4	solute carrier family 25 member 48 isoform X2 [Myotis lucifugus]	59463
XP_036170639.1	XP_080948010	22.414	290	305	320	92	7.51e-16	81.6	ADP/ATP translocase 4 [Myotis nattereri]	109481
XP_036170639.1	XP_080883491	27.835	194	305	318	91	8.43e-16	81.6	mitochondrial thiamine pyrophosphate carrier isoform 1 [Rhinolophus hipposideros]	77218
XP_036170639.1	XP_080883491	27.528	178	305	318	91	3.87e-11	68.2	mitochondrial thiamine pyrophosphate carrier isoform 1 [Rhinolophus hipposideros]	77218
XP_036170639.1	XP_080883490	27.835	194	305	318	91	8.43e-16	81.6	mitochondrial thiamine pyrophosphate carrier isoform 1 [Rhinolophus hipposideros]	77218
XP_036170639.1	XP_080883490	27.528	178	305	318	91	3.87e-11	68.2	mitochondrial thiamine pyrophosphate carrier isoform 1 [Rhinolophus hipposideros]	77218
XP_036170639.1	XP_080883489	27.835	194	305	318	91	8.43e-16	81.6	mitochondrial thiamine pyrophosphate carrier isoform 1 [Rhinolophus hipposideros]	77218
XP_036170639.1	XP_080883489	27.528	178	305	318	91	3.87e-11	68.2	mitochondrial thiamine pyrophosphate carrier isoform 1 [Rhinolophus hipposideros]	77218
XP_036170639.1	XP_080883488	27.835	194	305	318	91	8.43e-16	81.6	mitochondrial thiamine pyrophosphate carrier isoform 1 [Rhinolophus hipposideros]	77218
XP_036170639.1	XP_080883488	27.528	178	305	318	91	3.87e-11	68.2	mitochondrial thiamine pyrophosphate carrier isoform 1 [Rhinolophus hipposideros]	77218
XP_036170639.1	XP_080883487	27.835	194	305	318	91	8.43e-16	81.6	mitochondrial thiamine pyrophosphate carrier isoform 1 [Rhinolophus hipposideros]	77218
XP_036170639.1	XP_080883487	27.528	178	305	318	91	3.87e-11	68.2	mitochondrial thiamine pyrophosphate carrier isoform 1 [Rhinolophus hipposideros]	77218
XP_036170639.1	XP_080883484	27.835	194	305	318	91	8.43e-16	81.6	mitochondrial thiamine pyrophosphate carrier isoform 1 [Rhinolophus hipposideros]	77218
XP_036170639.1	XP_080883484	27.528	178	305	318	91	3.87e-11	68.2	mitochondrial thiamine pyrophosphate carrier isoform 1 [Rhinolophus hipposideros]	77218
XP_036170639.1	XP_080883473	27.835	194	305	318	91	8.43e-16	81.6	mitochondrial thiamine pyrophosphate carrier isoform 1 [Rhinolophus hipposideros]	77218
XP_036170639.1	XP_080883473	27.528	178	305	318	91	3.87e-11	68.2	mitochondrial thiamine pyrophosphate carrier isoform 1 [Rhinolophus hipposideros]	77218
XP_036170639.1	XP_054418645	28.159	277	305	619	89	8.66e-16	83.2	electrogenic aspartate/glutamate antiporter SLC25A12, mitochondrial isoform X1 [Pteronotus mesoamericanus]	1884717
XP_036170639.1	XP_054418646	28.159	277	305	586	89	8.87e-16	82.8	electrogenic aspartate/glutamate antiporter SLC25A12, mitochondrial isoform X2 [Pteronotus mesoamericanus]	1884717
XP_036170639.1	XP_005864297	26.351	296	305	351	91	9.93e-16	81.6	PREDICTED: solute carrier family 25 member 45 isoform X2 [Myotis brandtii]	109478
XP_036170639.1	XP_019601058	25.907	193	305	318	92	1.00e-15	81.3	mitochondrial thiamine pyrophosphate carrier [Rhinolophus sinicus]	89399
XP_036170639.1	XP_019601058	27.778	180	305	318	92	1.12e-11	69.7	mitochondrial thiamine pyrophosphate carrier [Rhinolophus sinicus]	89399
XP_036170639.1	XP_028366168	28.159	277	305	585	89	1.02e-15	82.8	calcium-binding mitochondrial carrier protein Aralar1 isoform X2 [Phyllostomus discolor]	89673
XP_036170639.1	XP_045698881	28.159	277	305	585	89	1.08e-15	82.8	calcium-binding mitochondrial carrier protein Aralar1 isoform X5 [Phyllostomus hastatus]	9423
XP_036170639.1	XP_045698237	28.159	277	305	676	89	1.10e-15	82.8	calcium-binding mitochondrial carrier protein Aralar1 isoform X4 [Phyllostomus hastatus]	9423
XP_036170639.1	XP_045697437	28.159	277	305	676	89	1.12e-15	82.8	calcium-binding mitochondrial carrier protein Aralar1 isoform X3 [Phyllostomus hastatus]	9423
XP_036170639.1	XP_028366164	28.159	277	305	676	89	1.16e-15	82.8	calcium-binding mitochondrial carrier protein Aralar1 isoform X1 [Phyllostomus discolor]	89673
XP_036170639.1	XP_045696021	28.159	277	305	694	89	1.24e-15	82.8	calcium-binding mitochondrial carrier protein Aralar1 isoform X1 [Phyllostomus hastatus]	9423
XP_036170639.1	XP_071076388	23.358	274	305	298	85	1.29e-15	80.9	ADP/ATP translocase 3 [Desmodus rotundus]	9430
XP_036170639.1	XP_024425709	23.358	274	305	298	85	1.29e-15	80.9	ADP/ATP translocase 3 [Desmodus rotundus]	9430
XP_036170639.1	XP_054440998	23.024	291	305	298	90	1.29e-15	80.9	ADP/ATP translocase 3 [Pteronotus mesoamericanus]	1884717
XP_036170639.1	XP_054440998	25.683	183	305	298	90	8.11e-11	67.0	ADP/ATP translocase 3 [Pteronotus mesoamericanus]	1884717
XP_036170639.1	XP_032987988	26.027	292	305	301	97	1.29e-15	80.9	mitochondrial carnitine/acylcarnitine carrier protein [Rhinolophus ferrumequinum]	59479
XP_036170639.1	XP_032987988	25.521	192	305	301	97	5.12e-12	70.5	mitochondrial carnitine/acylcarnitine carrier protein [Rhinolophus ferrumequinum]	59479
XP_036170639.1	XP_045696767	28.159	277	305	678	89	1.30e-15	82.4	calcium-binding mitochondrial carrier protein Aralar1 isoform X2 [Phyllostomus hastatus]	9423
XP_036170639.1	XP_028366163	28.159	277	305	678	89	1.31e-15	82.4	calcium-binding mitochondrial carrier protein Aralar1 isoform X3 [Phyllostomus discolor]	89673
XP_036170639.1	XP_005884348	26.923	182	305	318	91	1.32e-15	81.3	PREDICTED: mitochondrial thiamine pyrophosphate carrier [Myotis brandtii]	109478
XP_036170639.1	XP_005884348	29.775	178	305	318	91	1.32e-11	69.7	PREDICTED: mitochondrial thiamine pyrophosphate carrier [Myotis brandtii]	109478
XP_036170639.1	XP_005884346	26.923	182	305	318	91	1.32e-15	81.3	PREDICTED: mitochondrial thiamine pyrophosphate carrier [Myotis brandtii]	109478
XP_036170639.1	XP_005884346	29.775	178	305	318	91	1.32e-11	69.7	PREDICTED: mitochondrial thiamine pyrophosphate carrier [Myotis brandtii]	109478
XP_036170639.1	XP_005884347	26.923	182	305	318	91	1.32e-15	81.3	PREDICTED: mitochondrial thiamine pyrophosphate carrier [Myotis brandtii]	109478
XP_036170639.1	XP_005884347	29.775	178	305	318	91	1.32e-11	69.7	PREDICTED: mitochondrial thiamine pyrophosphate carrier [Myotis brandtii]	109478
XP_036170639.1	XP_080999300	28.520	277	305	644	89	1.34e-15	82.4	electrogenic aspartate/glutamate antiporter SLC25A12, mitochondrial isoform 4 [Miniopterus schreibersii]	9433
XP_036170639.1	XP_080999299	28.520	277	305	644	89	1.34e-15	82.4	electrogenic aspartate/glutamate antiporter SLC25A12, mitochondrial isoform 4 [Miniopterus schreibersii]	9433
XP_036170639.1	XP_080966442	27.072	181	305	318	91	1.37e-15	80.9	mitochondrial thiamine pyrophosphate carrier isoform 1 [Myotis nattereri]	109481
XP_036170639.1	XP_080966442	29.775	178	305	318	91	1.80e-11	69.3	mitochondrial thiamine pyrophosphate carrier isoform 1 [Myotis nattereri]	109481
XP_036170639.1	XP_054418647	28.159	277	305	677	89	1.37e-15	82.4	electrogenic aspartate/glutamate antiporter SLC25A12, mitochondrial isoform X3 [Pteronotus mesoamericanus]	1884717
XP_036170639.1	XP_015418946	25.940	266	305	264	78	1.45e-15	80.1	PREDICTED: solute carrier family 25 member 48 [Myotis davidii]	225400
XP_036170639.1	XP_080999296	28.520	277	305	701	89	1.46e-15	82.4	electrogenic aspartate/glutamate antiporter SLC25A12, mitochondrial isoform 1 [Miniopterus schreibersii]	9433
XP_036170639.1	XP_080999295	28.520	277	305	701	89	1.46e-15	82.4	electrogenic aspartate/glutamate antiporter SLC25A12, mitochondrial isoform 1 [Miniopterus schreibersii]	9433
XP_036170639.1	XP_080999294	28.520	277	305	701	89	1.46e-15	82.4	electrogenic aspartate/glutamate antiporter SLC25A12, mitochondrial isoform 1 [Miniopterus schreibersii]	9433
XP_036170639.1	XP_045677095	23.313	326	305	323	96	1.56e-15	80.9	mitochondrial glutamate carrier 1 [Phyllostomus hastatus]	9423
XP_036170639.1	XP_045677094	23.313	326	305	323	96	1.56e-15	80.9	mitochondrial glutamate carrier 1 [Phyllostomus hastatus]	9423
XP_036170639.1	XP_053521031	28.269	283	305	677	89	1.58e-15	82.4	electrogenic aspartate/glutamate antiporter SLC25A12, mitochondrial [Artibeus jamaicensis]	9417
XP_036170639.1	XP_016059954	28.520	277	305	701	89	1.65e-15	82.4	PREDICTED: calcium-binding mitochondrial carrier protein Aralar1 isoform X1 [Miniopterus natalensis]	291302
XP_036170639.1	XP_014394098	27.969	261	305	370	83	1.67e-15	81.3	PREDICTED: mitochondrial 2-oxodicarboxylate carrier isoform X2 [Myotis brandtii]	109478
XP_036170639.1	XP_045681379	25.965	285	305	383	84	1.68e-15	81.3	solute carrier family 25 member 48 isoform X1 [Phyllostomus hastatus]	9423
XP_036170639.1	XP_016060031	28.520	277	305	677	89	1.70e-15	82.4	PREDICTED: calcium-binding mitochondrial carrier protein Aralar1 isoform X2 [Miniopterus natalensis]	291302
XP_036170639.1	XP_080999298	28.520	277	305	677	89	1.80e-15	82.0	electrogenic aspartate/glutamate antiporter SLC25A12, mitochondrial isoform 3 [Miniopterus schreibersii]	9433
XP_036170639.1	XP_006762941	23.358	274	305	439	87	1.90e-15	81.6	PREDICTED: ADP/ATP translocase 4 [Myotis davidii]	225400
XP_036170639.1	XP_080999297	28.520	277	305	679	89	1.94e-15	82.0	electrogenic aspartate/glutamate antiporter SLC25A12, mitochondrial isoform 2 [Miniopterus schreibersii]	9433
XP_036170639.1	XP_016074257	27.174	276	305	696	89	1.94e-15	82.0	PREDICTED: calcium-binding mitochondrial carrier protein Aralar2 [Miniopterus natalensis]	291302
XP_036170639.1	XP_081002815	27.174	276	305	642	89	1.96e-15	82.0	electrogenic aspartate/glutamate antiporter SLC25A13, mitochondrial isoform 3 [Miniopterus schreibersii]	9433
XP_036170639.1	XP_081002813	27.174	276	305	676	89	1.99e-15	82.0	electrogenic aspartate/glutamate antiporter SLC25A13, mitochondrial isoform 1 [Miniopterus schreibersii]	9433
XP_036170639.1	XP_081002814	27.174	276	305	675	89	2.01e-15	82.0	electrogenic aspartate/glutamate antiporter SLC25A13, mitochondrial isoform 2 [Miniopterus schreibersii]	9433
XP_036170639.1	XP_036308668	27.619	210	305	477	92	2.05e-15	81.6	calcium-binding mitochondrial carrier protein SCaMC-1 [Pipistrellus kuhlii]	59472
XP_036170639.1	XP_036308668	24.055	291	305	477	92	2.19e-11	69.7	calcium-binding mitochondrial carrier protein SCaMC-1 [Pipistrellus kuhlii]	59472
XP_036170639.1	XP_036279855	29.389	262	305	307	80	2.07e-15	80.5	solute carrier family 25 member 48 isoform X2 [Pipistrellus kuhlii]	59472
XP_036170639.1	XP_036094624	28.016	257	305	337	81	2.10e-15	80.9	mitochondrial 2-oxodicarboxylate carrier isoform X1 [Rousettus aegyptiacus]	9407
XP_036170639.1	XP_036895053	24.465	327	305	323	96	2.11e-15	80.5	mitochondrial glutamate carrier 1 isoform X1 [Sturnira hondurensis]	192404
XP_036170639.1	XP_036895052	24.465	327	305	323	96	2.11e-15	80.5	mitochondrial glutamate carrier 1 isoform X1 [Sturnira hondurensis]	192404
XP_036170639.1	XP_036895051	24.465	327	305	323	96	2.11e-15	80.5	mitochondrial glutamate carrier 1 isoform X1 [Sturnira hondurensis]	192404
XP_036170639.1	XP_036895050	24.465	327	305	323	96	2.11e-15	80.5	mitochondrial glutamate carrier 1 isoform X1 [Sturnira hondurensis]	192404
XP_036170639.1	XP_036895049	24.465	327	305	323	96	2.11e-15	80.5	mitochondrial glutamate carrier 1 isoform X1 [Sturnira hondurensis]	192404
XP_036170639.1	XP_066244109	28.626	262	305	302	93	2.11e-15	80.1	mitochondrial basic amino acids transporter isoform X2 [Saccopteryx leptura]	249018
XP_036170639.1	XP_066244109	27.604	192	305	302	93	2.80e-13	74.3	mitochondrial basic amino acids transporter isoform X2 [Saccopteryx leptura]	249018
XP_036170639.1	XP_006103485	26.923	182	305	318	91	2.13e-15	80.5	mitochondrial thiamine pyrophosphate carrier isoform X2 [Myotis lucifugus]	59463
XP_036170639.1	XP_006103485	29.775	178	305	318	91	1.53e-11	69.3	mitochondrial thiamine pyrophosphate carrier isoform X2 [Myotis lucifugus]	59463
XP_036170639.1	XP_035869503	26.502	283	305	410	82	2.22e-15	81.3	solute carrier family 25 member 48 isoform X2 [Phyllostomus discolor]	89673
XP_036170639.1	XP_036196499	26.923	182	305	318	91	2.32e-15	80.5	mitochondrial thiamine pyrophosphate carrier [Myotis myotis]	51298
XP_036170639.1	XP_036196499	29.775	178	305	318	91	1.55e-11	69.3	mitochondrial thiamine pyrophosphate carrier [Myotis myotis]	51298
XP_036170639.1	XP_066101425	25.694	288	305	301	97	2.37e-15	80.1	mitochondrial carnitine/acylcarnitine carrier protein [Saccopteryx bilineata]	59482
XP_036170639.1	XP_066101425	26.042	192	305	301	97	5.97e-12	70.5	mitochondrial carnitine/acylcarnitine carrier protein [Saccopteryx bilineata]	59482
XP_036170639.1	XP_066132352	28.626	262	305	302	93	2.40e-15	80.1	mitochondrial basic amino acids transporter [Saccopteryx bilineata]	59482
XP_036170639.1	XP_066132352	27.461	193	305	302	93	4.99e-13	73.6	mitochondrial basic amino acids transporter [Saccopteryx bilineata]	59482
XP_036170639.1	XP_045712887	25.694	288	305	301	97	2.59e-15	80.1	mitochondrial carnitine/acylcarnitine carrier protein [Phyllostomus hastatus]	9423
XP_036170639.1	XP_045712887	25.000	192	305	301	97	3.64e-11	68.2	mitochondrial carnitine/acylcarnitine carrier protein [Phyllostomus hastatus]	9423
XP_036170639.1	XP_036287825	25.806	217	305	254	71	2.69e-15	79.3	mitochondrial glycine transporter isoform X5 [Pipistrellus kuhlii]	59472
XP_036170639.1	XP_054576220	23.529	289	305	298	89	2.87e-15	79.7	ADP/ATP translocase 3 [Eptesicus fuscus]	29078
XP_036170639.1	XP_054576220	26.776	183	305	298	89	4.90e-12	70.5	ADP/ATP translocase 3 [Eptesicus fuscus]	29078
XP_036170639.1	XP_023600511	26.923	182	305	355	58	2.87e-15	80.5	mitochondrial thiamine pyrophosphate carrier isoform X1 [Myotis lucifugus]	59463
XP_036170639.1	XP_023600510	26.923	182	305	355	58	2.87e-15	80.5	mitochondrial thiamine pyrophosphate carrier isoform X1 [Myotis lucifugus]	59463
XP_036170639.1	XP_023600509	26.923	182	305	355	58	2.87e-15	80.5	mitochondrial thiamine pyrophosphate carrier isoform X1 [Myotis lucifugus]	59463
XP_036170639.1	XP_023600508	26.923	182	305	355	58	2.87e-15	80.5	mitochondrial thiamine pyrophosphate carrier isoform X1 [Myotis lucifugus]	59463
XP_036170639.1	XP_016005364	25.517	290	305	301	97	2.91e-15	79.7	mitochondrial carnitine/acylcarnitine carrier protein isoform X1 [Rousettus aegyptiacus]	9407
XP_036170639.1	XP_016005364	25.521	192	305	301	97	8.42e-12	70.1	mitochondrial carnitine/acylcarnitine carrier protein isoform X1 [Rousettus aegyptiacus]	9407
XP_036170639.1	XP_037019012	24.159	327	305	323	96	2.94e-15	80.1	mitochondrial glutamate carrier 1 [Artibeus jamaicensis]	9417
XP_036170639.1	XP_037019010	24.159	327	305	323	96	2.94e-15	80.1	mitochondrial glutamate carrier 1 [Artibeus jamaicensis]	9417
XP_036170639.1	XP_037019009	24.159	327	305	323	96	2.94e-15	80.1	mitochondrial glutamate carrier 1 [Artibeus jamaicensis]	9417
XP_036170639.1	XP_037019008	24.159	327	305	323	96	2.94e-15	80.1	mitochondrial glutamate carrier 1 [Artibeus jamaicensis]	9417
XP_036170639.1	XP_081010310	26.027	292	305	288	91	2.98e-15	79.7	solute carrier family 25 member 45 isoform 1 [Miniopterus schreibersii]	9433
XP_036170639.1	XP_080982979	22.993	274	305	298	85	2.98e-15	79.7	ADP/ATP translocase 3 [Miniopterus schreibersii]	9433
XP_036170639.1	XP_080982979	26.776	183	305	298	85	3.12e-12	71.2	ADP/ATP translocase 3 [Miniopterus schreibersii]	9433
XP_036170639.1	XP_080981673	22.993	274	305	298	85	2.98e-15	79.7	ADP/ATP translocase 3 [Miniopterus schreibersii]	9433
XP_036170639.1	XP_080981673	26.776	183	305	298	85	3.12e-12	71.2	ADP/ATP translocase 3 [Miniopterus schreibersii]	9433
XP_036170639.1	XP_036287824	25.806	217	305	261	71	3.04e-15	79.3	mitochondrial glycine transporter isoform X4 [Pipistrellus kuhlii]	59472
XP_036170639.1	XP_028371236	23.853	327	305	323	96	3.21e-15	80.1	mitochondrial glutamate carrier 1 [Phyllostomus discolor]	89673
XP_036170639.1	XP_028374688	25.694	288	305	301	97	3.31e-15	79.7	mitochondrial carnitine/acylcarnitine carrier protein isoform X1 [Phyllostomus discolor]	89673
XP_036170639.1	XP_028374688	25.521	192	305	301	97	6.89e-12	70.1	mitochondrial carnitine/acylcarnitine carrier protein isoform X1 [Phyllostomus discolor]	89673
XP_036170639.1	XP_006909126	25.667	300	305	309	96	3.34e-15	79.7	mitochondrial carnitine/acylcarnitine carrier protein [Pteropus alecto]	9402
XP_036170639.1	XP_006909126	24.868	189	305	309	96	9.15e-11	67.0	mitochondrial carnitine/acylcarnitine carrier protein [Pteropus alecto]	9402
XP_036170639.1	XP_080992236	24.815	270	305	323	85	3.78e-15	79.7	ADP/ATP translocase 4 [Miniopterus schreibersii]	9433
XP_036170639.1	XP_079623880	31.169	154	305	185	49	4.19e-15	77.0	solute carrier family 25 member 47 [Cnephaeus nilssonii]	3371016
XP_036170639.1	XP_066212243	22.680	291	305	298	90	4.37e-15	79.3	ADP/ATP translocase 3 [Saccopteryx leptura]	249018
XP_036170639.1	XP_066212243	26.230	183	305	298	90	2.23e-11	68.6	ADP/ATP translocase 3 [Saccopteryx leptura]	249018
XP_036170639.1	XP_066132093	22.680	291	305	298	90	4.37e-15	79.3	ADP/ATP translocase 3 [Saccopteryx bilineata]	59482
XP_036170639.1	XP_066132093	26.230	183	305	298	90	2.23e-11	68.6	ADP/ATP translocase 3 [Saccopteryx bilineata]	59482
XP_036170639.1	XP_016058744	24.815	270	305	323	85	4.42e-15	79.7	PREDICTED: ADP/ATP translocase 4 [Miniopterus natalensis]	291302
XP_036170639.1	XP_080520991	26.812	276	305	641	89	4.56e-15	80.9	electrogenic aspartate/glutamate antiporter SLC25A13, mitochondrial isoform 2 [Plecotus auritus]	61862
XP_036170639.1	XP_011382002	22.993	274	305	298	85	4.59e-15	79.3	ADP/ATP translocase 3 [Pteropus vampyrus]	132908
XP_036170639.1	XP_011382002	26.776	183	305	298	85	7.67e-12	70.1	ADP/ATP translocase 3 [Pteropus vampyrus]	132908
XP_036170639.1	XP_006916188	22.680	291	305	298	90	4.77e-15	79.3	ADP/ATP translocase 3 [Pteropus alecto]	9402
XP_036170639.1	XP_006916188	26.776	183	305	298	90	1.10e-11	69.7	ADP/ATP translocase 3 [Pteropus alecto]	9402
XP_036170639.1	XP_019486664	24.465	327	305	323	96	5.01e-15	79.3	PREDICTED: mitochondrial glutamate carrier 1 [Hipposideros armiger]	186990
XP_036170639.1	XP_019486663	24.465	327	305	323	96	5.01e-15	79.3	PREDICTED: mitochondrial glutamate carrier 1 [Hipposideros armiger]	186990
XP_036170639.1	XP_066244108	27.839	273	305	391	93	5.02e-15	80.1	mitochondrial basic amino acids transporter isoform X1 [Saccopteryx leptura]	249018
XP_036170639.1	XP_066244108	27.461	193	305	391	93	5.36e-13	74.3	mitochondrial basic amino acids transporter isoform X1 [Saccopteryx leptura]	249018
XP_036170639.1	XP_053780718	23.547	327	305	323	96	5.06e-15	79.3	mitochondrial glutamate carrier 1 [Desmodus rotundus]	9430
XP_036170639.1	XP_036911067	25.632	277	305	298	86	5.06e-15	79.3	ADP/ATP translocase 1 [Sturnira hondurensis]	192404
XP_036170639.1	XP_019490042	25.172	290	305	301	97	5.14e-15	79.3	PREDICTED: mitochondrial carnitine/acylcarnitine carrier protein [Hipposideros armiger]	186990
XP_036170639.1	XP_019490042	25.521	192	305	301	97	4.75e-12	70.9	PREDICTED: mitochondrial carnitine/acylcarnitine carrier protein [Hipposideros armiger]	186990
XP_036170639.1	XP_080520990	26.812	276	305	675	89	5.18e-15	80.9	electrogenic aspartate/glutamate antiporter SLC25A13, mitochondrial isoform 1 [Plecotus auritus]	61862
XP_036170639.1	XP_036169645	25.954	262	305	326	76	5.25e-15	79.3	solute carrier family 25 member 48 isoform X2 [Myotis myotis]	51298
XP_036170639.1	XP_036182576	26.014	296	305	351	91	5.26e-15	79.7	solute carrier family 25 member 45 isoform X2 [Myotis myotis]	51298
XP_036170639.1	XP_036112734	27.519	258	305	265	82	5.28e-15	78.6	mitochondrial 2-oxodicarboxylate carrier isoform X7 [Molossus molossus]	27622
XP_036170639.1	XP_079649146	24.382	283	305	297	88	5.41e-15	79.0	LOW QUALITY PROTEIN: ADP/ATP translocase 2-like [Cnephaeus nilssonii]	3371016
XP_036170639.1	XP_019579475	25.172	290	305	301	97	5.45e-15	79.0	mitochondrial carnitine/acylcarnitine carrier protein [Rhinolophus sinicus]	89399
XP_036170639.1	XP_019579475	25.000	192	305	301	97	1.98e-11	68.9	mitochondrial carnitine/acylcarnitine carrier protein [Rhinolophus sinicus]	89399
XP_036170639.1	XP_036984796	25.632	277	305	298	86	5.75e-15	79.0	ADP/ATP translocase 1 [Artibeus jamaicensis]	9417
XP_036170639.1	XP_011367112	25.763	295	305	288	91	5.86e-15	79.0	solute carrier family 25 member 45 isoform X2 [Pteropus vampyrus]	132908
XP_036170639.1	XP_039696875	25.763	295	305	288	91	5.86e-15	79.0	solute carrier family 25 member 45 isoform X2 [Pteropus medius]	143291
XP_036170639.1	XP_079642924	26.812	276	305	675	89	5.95e-15	80.5	electrogenic aspartate/glutamate antiporter SLC25A13, mitochondrial [Cnephaeus nilssonii]	3371016
XP_036170639.1	XP_006919642	24.662	296	305	477	92	6.01e-15	80.1	calcium-binding mitochondrial carrier protein SCaMC-1 [Pteropus alecto]	9402
XP_036170639.1	XP_006919642	28.095	210	305	477	92	1.27e-13	76.3	calcium-binding mitochondrial carrier protein SCaMC-1 [Pteropus alecto]	9402
XP_036170639.1	XP_008147054	26.812	276	305	675	89	6.12e-15	80.5	electrogenic aspartate/glutamate antiporter SLC25A13, mitochondrial [Eptesicus fuscus]	29078
XP_036170639.1	XP_045710870	24.407	295	305	288	96	6.22e-15	79.0	solute carrier family 25 member 45 isoform X1 [Phyllostomus hastatus]	9423
XP_036170639.1	XP_045710870	25.728	206	305	288	96	9.20e-11	66.6	solute carrier family 25 member 45 isoform X1 [Phyllostomus hastatus]	9423
XP_036170639.1	XP_032988054	22.628	274	305	298	85	6.40e-15	79.0	ADP/ATP translocase 3 [Rhinolophus ferrumequinum]	59479
XP_036170639.1	XP_032988054	26.230	183	305	298	85	5.05e-11	67.8	ADP/ATP translocase 3 [Rhinolophus ferrumequinum]	59479
XP_036170639.1	XP_036272470	25.763	295	305	288	91	6.66e-15	78.6	solute carrier family 25 member 45 isoform X1 [Pipistrellus kuhlii]	59472
XP_036170639.1	XP_036900355	27.915	283	305	677	89	6.66e-15	80.5	electrogenic aspartate/glutamate antiporter SLC25A12, mitochondrial isoform X1 [Sturnira hondurensis]	192404
XP_036170639.1	XP_036900356	27.915	283	305	586	89	6.73e-15	80.5	electrogenic aspartate/glutamate antiporter SLC25A12, mitochondrial isoform X2 [Sturnira hondurensis]	192404
XP_036170639.1	XP_080919416	24.138	290	305	322	86	6.77e-15	79.0	mitochondrial glutamate carrier 1 isoform 1 [Rhinolophus hipposideros]	77218
XP_036170639.1	XP_080919415	24.138	290	305	322	86	6.77e-15	79.0	mitochondrial glutamate carrier 1 isoform 1 [Rhinolophus hipposideros]	77218
XP_036170639.1	XP_080919414	24.138	290	305	322	86	6.77e-15	79.0	mitochondrial glutamate carrier 1 isoform 1 [Rhinolophus hipposideros]	77218
XP_036170639.1	XP_080919413	24.138	290	305	322	86	6.77e-15	79.0	mitochondrial glutamate carrier 1 isoform 1 [Rhinolophus hipposideros]	77218
XP_036170639.1	XP_080919412	24.138	290	305	322	86	6.77e-15	79.0	mitochondrial glutamate carrier 1 isoform 1 [Rhinolophus hipposideros]	77218
XP_036170639.1	XP_080919411	24.138	290	305	322	86	6.77e-15	79.0	mitochondrial glutamate carrier 1 isoform 1 [Rhinolophus hipposideros]	77218
XP_036170639.1	XP_080919410	24.138	290	305	322	86	6.77e-15	79.0	mitochondrial glutamate carrier 1 isoform 1 [Rhinolophus hipposideros]	77218
XP_036170639.1	XP_080919409	24.138	290	305	322	86	6.77e-15	79.0	mitochondrial glutamate carrier 1 isoform 1 [Rhinolophus hipposideros]	77218
XP_036170639.1	XP_080919407	24.138	290	305	322	86	6.77e-15	79.0	mitochondrial glutamate carrier 1 isoform 1 [Rhinolophus hipposideros]	77218
XP_036170639.1	XP_074193075	25.430	291	305	322	86	6.90e-15	79.0	mitochondrial glutamate carrier 1 [Rhinolophus sinicus]	89399
XP_036170639.1	XP_074193074	25.430	291	305	322	86	6.90e-15	79.0	mitochondrial glutamate carrier 1 [Rhinolophus sinicus]	89399
XP_036170639.1	XP_019570353	25.430	291	305	322	86	6.90e-15	79.0	mitochondrial glutamate carrier 1 [Rhinolophus sinicus]	89399
XP_036170639.1	XP_074193073	25.430	291	305	322	86	6.90e-15	79.0	mitochondrial glutamate carrier 1 [Rhinolophus sinicus]	89399
XP_036170639.1	XP_019570352	25.430	291	305	322	86	6.90e-15	79.0	mitochondrial glutamate carrier 1 [Rhinolophus sinicus]	89399
XP_036170639.1	XP_019570348	25.430	291	305	322	86	6.90e-15	79.0	mitochondrial glutamate carrier 1 [Rhinolophus sinicus]	89399
XP_036170639.1	XP_019570349	25.430	291	305	322	86	6.90e-15	79.0	mitochondrial glutamate carrier 1 [Rhinolophus sinicus]	89399
XP_036170639.1	XP_015999458	25.632	277	305	298	86	6.92e-15	79.0	ADP/ATP translocase 1 [Rousettus aegyptiacus]	9407
XP_036170639.1	XP_070283588	25.342	292	305	288	94	6.92e-15	78.6	solute carrier family 25 member 45 isoform X5 [Myotis yumanensis]	159337
XP_036170639.1	XP_070283588	25.616	203	305	288	94	1.61e-11	68.9	solute carrier family 25 member 45 isoform X5 [Myotis yumanensis]	159337
XP_036170639.1	XP_006101174	21.908	283	305	381	91	7.35e-15	79.7	solute carrier family 25 member 41 [Myotis lucifugus]	59463
XP_036170639.1	XP_079617529	27.619	210	305	477	92	7.52e-15	80.1	mitochondrial adenyl nucleotide antiporter SLC25A24 isoform 1 [Cnephaeus nilssonii]	3371016
XP_036170639.1	XP_079617529	23.448	290	305	477	92	3.13e-12	72.0	mitochondrial adenyl nucleotide antiporter SLC25A24 isoform 1 [Cnephaeus nilssonii]	3371016
XP_036170639.1	XP_054422143	24.632	272	305	298	84	7.70e-15	78.6	ADP/ATP translocase 1 [Pteronotus mesoamericanus]	1884717
XP_036170639.1	XP_006104424	25.342	292	305	288	94	7.79e-15	78.6	solute carrier family 25 member 45 isoform X5 [Myotis lucifugus]	59463
XP_036170639.1	XP_006104424	26.000	200	305	288	94	5.45e-11	67.4	solute carrier family 25 member 45 isoform X5 [Myotis lucifugus]	59463
XP_036170639.1	XP_036906336	26.667	210	305	477	92	7.87e-15	80.1	mitochondrial adenyl nucleotide antiporter SLC25A24 [Sturnira hondurensis]	192404
XP_036170639.1	XP_036906336	23.973	292	305	477	92	6.39e-13	74.3	mitochondrial adenyl nucleotide antiporter SLC25A24 [Sturnira hondurensis]	192404
XP_036170639.1	XP_036123197	25.347	288	305	301	97	7.89e-15	78.6	mitochondrial carnitine/acylcarnitine carrier protein isoform X1 [Molossus molossus]	27622
XP_036170639.1	XP_036123197	25.521	192	305	301	97	7.58e-12	70.1	mitochondrial carnitine/acylcarnitine carrier protein isoform X1 [Molossus molossus]	27622
XP_036170639.1	XP_011362315	25.632	277	305	298	86	8.01e-15	78.6	ADP/ATP translocase 1 [Pteropus vampyrus]	132908
XP_036170639.1	XP_039738614	25.632	277	305	298	86	8.01e-15	78.6	ADP/ATP translocase 1 [Pteropus medius]	143291
XP_036170639.1	XP_016063901	26.182	275	305	308	86	8.02e-15	78.6	PREDICTED: LOW QUALITY PROTEIN: solute carrier family 25 member 45 [Miniopterus natalensis]	291302
XP_036170639.1	XP_079651077	24.820	278	305	300	94	8.11e-15	78.6	mitochondrial carnitine/acylcarnitine carrier protein [Cnephaeus nilssonii]	3371016
XP_036170639.1	XP_079651077	25.521	192	305	300	94	1.77e-11	68.9	mitochondrial carnitine/acylcarnitine carrier protein [Cnephaeus nilssonii]	3371016
XP_036170639.1	XP_066207387	25.347	288	305	301	97	8.20e-15	78.6	mitochondrial carnitine/acylcarnitine carrier protein [Saccopteryx leptura]	249018
XP_036170639.1	XP_066207387	26.042	192	305	301	97	6.32e-12	70.5	mitochondrial carnitine/acylcarnitine carrier protein [Saccopteryx leptura]	249018
XP_036170639.1	XP_080962716	24.653	288	305	301	92	8.20e-15	78.6	mitochondrial carnitine/acylcarnitine carrier protein isoform 1 [Myotis nattereri]	109481
XP_036170639.1	XP_066236273	24.453	274	305	298	85	8.25e-15	78.6	ADP/ATP translocase 1 [Saccopteryx leptura]	249018
XP_036170639.1	XP_066092407	24.453	274	305	298	85	8.25e-15	78.6	ADP/ATP translocase 1 [Saccopteryx bilineata]	59482
XP_036170639.1	XP_036996438	22.867	293	305	298	91	8.49e-15	78.6	ADP/ATP translocase 3 [Artibeus jamaicensis]	9417
XP_036170639.1	XP_036909080	25.839	298	305	288	91	8.59e-15	78.2	solute carrier family 25 member 45 isoform X1 [Sturnira hondurensis]	192404
XP_036170639.1	XP_032976373	25.430	291	305	322	86	8.70e-15	79.0	mitochondrial glutamate carrier 1 [Rhinolophus ferrumequinum]	59479
XP_036170639.1	XP_032976372	25.430	291	305	322	86	8.70e-15	79.0	mitochondrial glutamate carrier 1 [Rhinolophus ferrumequinum]	59479
XP_036170639.1	XP_032976371	25.430	291	305	322	86	8.70e-15	79.0	mitochondrial glutamate carrier 1 [Rhinolophus ferrumequinum]	59479
XP_036170639.1	XP_032976370	25.430	291	305	322	86	8.70e-15	79.0	mitochondrial glutamate carrier 1 [Rhinolophus ferrumequinum]	59479
XP_036170639.1	XP_006916442	25.632	277	305	298	86	8.75e-15	78.6	ADP/ATP translocase 1 [Pteropus alecto]	9402
XP_036170639.1	XP_045434374	26.812	276	305	567	89	8.96e-15	80.1	calcium-binding mitochondrial carrier protein Aralar2 isoform X2 [Pipistrellus kuhlii]	59472
XP_036170639.1	XP_059568363	26.449	276	305	567	89	9.48e-15	79.7	electrogenic aspartate/glutamate antiporter SLC25A13, mitochondrial isoform X2 [Myotis daubentonii]	98922
XP_036170639.1	XP_015413802	26.449	276	305	567	89	9.48e-15	79.7	PREDICTED: calcium-binding mitochondrial carrier protein Aralar2 isoform X2 [Myotis davidii]	225400
XP_036170639.1	XP_024418442	25.632	277	305	298	86	9.55e-15	78.6	ADP/ATP translocase 1 [Desmodus rotundus]	9430
XP_036170639.1	XP_015415303	30.660	212	305	312	67	9.77e-15	78.6	PREDICTED: mitochondrial dicarboxylate carrier, partial [Myotis davidii]	225400
XP_036170639.1	XP_036883621	22.993	274	305	298	85	9.83e-15	78.2	ADP/ATP translocase 3 [Sturnira hondurensis]	192404
XP_036170639.1	XP_036883621	25.137	183	305	298	85	8.19e-11	67.0	ADP/ATP translocase 3 [Sturnira hondurensis]	192404
XP_036170639.1	XP_045677677	24.453	274	305	298	85	1.01e-14	78.2	ADP/ATP translocase 1 [Phyllostomus hastatus]	9423
XP_036170639.1	XP_028382636	24.453	274	305	298	85	1.01e-14	78.2	ADP/ATP translocase 1 [Phyllostomus discolor]	89673
XP_036170639.1	XP_054420678	26.667	210	305	477	92	1.04e-14	79.7	mitochondrial adenyl nucleotide antiporter SLC25A24 [Pteronotus mesoamericanus]	1884717
XP_036170639.1	XP_054420678	23.973	292	305	477	92	6.57e-13	74.3	mitochondrial adenyl nucleotide antiporter SLC25A24 [Pteronotus mesoamericanus]	1884717
XP_036170639.1	XP_066094502	26.812	276	305	675	89	1.05e-14	79.7	electrogenic aspartate/glutamate antiporter SLC25A13, mitochondrial [Saccopteryx bilineata]	59482
XP_036170639.1	XP_006085064	26.449	276	305	567	89	1.08e-14	79.7	calcium-binding mitochondrial carrier protein Aralar2 isoform X3 [Myotis lucifugus]	59463
XP_036170639.1	XP_045434373	26.812	276	305	675	89	1.11e-14	79.7	calcium-binding mitochondrial carrier protein Aralar2 isoform X1 [Pipistrellus kuhlii]	59472
XP_036170639.1	XP_070280414	26.449	276	305	567	89	1.13e-14	79.7	electrogenic aspartate/glutamate antiporter SLC25A13, mitochondrial isoform X2 [Myotis yumanensis]	159337
XP_036170639.1	XP_081017566	30.612	196	305	255	61	1.16e-14	77.4	solute carrier family 25 member 35 isoform 2 [Miniopterus schreibersii]	9433
XP_036170639.1	XP_080527670	31.169	154	305	195	49	1.16e-14	76.3	solute carrier family 25 member 47 isoform 3 [Plecotus auritus]	61862
XP_036170639.1	XP_023388864	26.449	276	305	584	89	1.18e-14	79.7	calcium-binding mitochondrial carrier protein Aralar2 isoform X3 [Pteropus vampyrus]	132908
XP_036170639.1	XP_036183996	26.449	276	305	567	89	1.18e-14	79.7	calcium-binding mitochondrial carrier protein Aralar2 isoform X3 [Myotis myotis]	51298
XP_036170639.1	XP_023606506	26.449	276	305	583	89	1.20e-14	79.7	calcium-binding mitochondrial carrier protein Aralar2 isoform X2 [Myotis lucifugus]	59463
XP_036170639.1	XP_066210170	26.812	276	305	675	89	1.23e-14	79.7	electrogenic aspartate/glutamate antiporter SLC25A13, mitochondrial [Saccopteryx leptura]	249018
XP_036170639.1	XP_023388865	26.449	276	305	568	89	1.24e-14	79.7	calcium-binding mitochondrial carrier protein Aralar2 isoform X4 [Pteropus vampyrus]	132908
XP_036170639.1	XP_019602075	25.170	294	305	477	92	1.26e-14	79.3	mitochondrial adenyl nucleotide antiporter SLC25A24 [Rhinolophus sinicus]	89399
XP_036170639.1	XP_019602075	28.095	210	305	477	92	6.17e-14	77.4	mitochondrial adenyl nucleotide antiporter SLC25A24 [Rhinolophus sinicus]	89399
XP_036170639.1	XP_006763178	24.658	292	305	379	92	1.26e-14	79.0	PREDICTED: calcium-binding mitochondrial carrier protein SCaMC-1 [Myotis davidii]	225400
XP_036170639.1	XP_006763178	27.619	210	305	379	92	2.42e-13	75.1	PREDICTED: calcium-binding mitochondrial carrier protein SCaMC-1 [Myotis davidii]	225400
XP_036170639.1	XP_059530950	24.828	290	305	478	92	1.28e-14	79.3	mitochondrial adenyl nucleotide antiporter SLC25A24 [Myotis daubentonii]	98922
XP_036170639.1	XP_059530950	27.619	210	305	478	92	1.36e-13	76.3	mitochondrial adenyl nucleotide antiporter SLC25A24 [Myotis daubentonii]	98922
XP_036170639.1	XP_070247322	24.653	288	305	301	92	1.28e-14	78.2	mitochondrial carnitine/acylcarnitine carrier protein [Myotis yumanensis]	159337
XP_036170639.1	XP_059520793	24.653	288	305	301	92	1.28e-14	78.2	mitochondrial carnitine/acylcarnitine carrier protein [Myotis daubentonii]	98922
XP_036170639.1	XP_019485545	26.891	238	305	268	69	1.31e-14	77.4	PREDICTED: mitochondrial glutamate carrier 2 isoform X4 [Hipposideros armiger]	186990
XP_036170639.1	XP_037008362	26.190	210	305	477	92	1.32e-14	79.3	calcium-binding mitochondrial carrier protein SCaMC-1 isoform X1 [Artibeus jamaicensis]	9417
XP_036170639.1	XP_037008362	23.973	292	305	477	92	4.06e-13	74.7	calcium-binding mitochondrial carrier protein SCaMC-1 isoform X1 [Artibeus jamaicensis]	9417
XP_036170639.1	XP_045673110	26.190	210	305	477	92	1.32e-14	79.3	calcium-binding mitochondrial carrier protein SCaMC-1 [Phyllostomus hastatus]	9423
XP_036170639.1	XP_045673110	24.150	294	305	477	92	5.57e-14	77.4	calcium-binding mitochondrial carrier protein SCaMC-1 [Phyllostomus hastatus]	9423
XP_036170639.1	XP_079617530	27.619	210	305	458	92	1.35e-14	79.3	mitochondrial adenyl nucleotide antiporter SLC25A24 isoform 2 [Cnephaeus nilssonii]	3371016
XP_036170639.1	XP_079617530	23.448	290	305	458	92	4.22e-12	71.6	mitochondrial adenyl nucleotide antiporter SLC25A24 isoform 2 [Cnephaeus nilssonii]	3371016
XP_036170639.1	XP_006911384	25.763	295	305	288	91	1.36e-14	77.8	solute carrier family 25 member 45 isoform X2 [Pteropus alecto]	9402
XP_036170639.1	XP_074179926	22.263	274	305	298	85	1.42e-14	77.8	ADP/ATP translocase 3 [Rhinolophus sinicus]	89399
XP_036170639.1	XP_074179926	26.230	183	305	298	85	4.73e-11	67.8	ADP/ATP translocase 3 [Rhinolophus sinicus]	89399
XP_036170639.1	XP_015413801	26.449	276	305	641	89	1.44e-14	79.3	PREDICTED: calcium-binding mitochondrial carrier protein Aralar2 isoform X1 [Myotis davidii]	225400
XP_036170639.1	XP_036183995	26.449	276	305	641	89	1.45e-14	79.3	calcium-binding mitochondrial carrier protein Aralar2 isoform X2 [Myotis myotis]	51298
XP_036170639.1	XP_032948932	25.170	294	305	477	92	1.46e-14	79.3	calcium-binding mitochondrial carrier protein SCaMC-1 [Rhinolophus ferrumequinum]	59479
XP_036170639.1	XP_032948932	28.095	210	305	477	92	1.93e-13	75.9	calcium-binding mitochondrial carrier protein SCaMC-1 [Rhinolophus ferrumequinum]	59479
XP_036170639.1	XP_066200130	29.858	211	305	268	59	1.47e-14	77.4	solute carrier family 25 member 47 isoform X2 [Saccopteryx leptura]	249018
XP_036170639.1	XP_066200129	29.858	211	305	268	59	1.47e-14	77.4	solute carrier family 25 member 47 isoform X2 [Saccopteryx leptura]	249018
XP_036170639.1	XP_066200128	29.858	211	305	268	59	1.47e-14	77.4	solute carrier family 25 member 47 isoform X2 [Saccopteryx leptura]	249018
XP_036170639.1	XP_066200127	29.858	211	305	268	59	1.47e-14	77.4	solute carrier family 25 member 47 isoform X2 [Saccopteryx leptura]	249018
XP_036170639.1	XP_066200126	29.858	211	305	268	59	1.47e-14	77.4	solute carrier family 25 member 47 isoform X2 [Saccopteryx leptura]	249018
XP_036170639.1	XP_080882736	25.170	294	305	387	92	1.48e-14	78.6	mitochondrial adenyl nucleotide antiporter SLC25A24 isoform 2 [Rhinolophus hipposideros]	77218
XP_036170639.1	XP_080882736	28.095	210	305	387	92	1.20e-13	75.9	mitochondrial adenyl nucleotide antiporter SLC25A24 isoform 2 [Rhinolophus hipposideros]	77218
XP_036170639.1	XP_014403042	26.449	276	305	623	89	1.49e-14	79.3	PREDICTED: calcium-binding mitochondrial carrier protein Aralar2 [Myotis brandtii]	109478
XP_036170639.1	XP_045711939	22.993	274	305	298	85	1.51e-14	77.8	ADP/ATP translocase 3 [Phyllostomus hastatus]	9423
XP_036170639.1	XP_045711939	25.137	183	305	298	85	8.75e-11	67.0	ADP/ATP translocase 3 [Phyllostomus hastatus]	9423
XP_036170639.1	XP_028359546	22.993	274	305	298	85	1.51e-14	77.8	ADP/ATP translocase 3 [Phyllostomus discolor]	89673
XP_036170639.1	XP_028359546	25.137	183	305	298	85	8.75e-11	67.0	ADP/ATP translocase 3 [Phyllostomus discolor]	89673
XP_036170639.1	XP_016015293	28.571	210	305	477	92	1.53e-14	79.0	calcium-binding mitochondrial carrier protein SCaMC-1 isoform X2 [Rousettus aegyptiacus]	9407
XP_036170639.1	XP_016015293	24.315	292	305	477	92	1.10e-13	76.6	calcium-binding mitochondrial carrier protein SCaMC-1 isoform X2 [Rousettus aegyptiacus]	9407
XP_036170639.1	XP_036992606	26.449	276	305	736	89	1.53e-14	79.3	LOW QUALITY PROTEIN: electrogenic aspartate/glutamate antiporter SLC25A13, mitochondrial [Artibeus jamaicensis]	9417
XP_036170639.1	XP_036183994	26.449	276	305	675	89	1.53e-14	79.3	calcium-binding mitochondrial carrier protein Aralar2 isoform X1 [Myotis myotis]	51298
XP_036170639.1	XP_036183992	26.449	276	305	675	89	1.53e-14	79.3	calcium-binding mitochondrial carrier protein Aralar2 isoform X1 [Myotis myotis]	51298
XP_036170639.1	XP_016003701	22.526	293	305	298	91	1.55e-14	77.8	ADP/ATP translocase 3 [Rousettus aegyptiacus]	9407
XP_036170639.1	XP_035866482	26.449	276	305	568	89	1.58e-14	79.3	calcium-binding mitochondrial carrier protein Aralar2 isoform X3 [Phyllostomus discolor]	89673
XP_036170639.1	XP_070258790	22.491	289	305	298	90	1.59e-14	77.8	ADP/ATP translocase 3 [Myotis yumanensis]	159337
XP_036170639.1	XP_070258790	26.230	183	305	298	90	9.93e-12	69.7	ADP/ATP translocase 3 [Myotis yumanensis]	159337
XP_036170639.1	XP_059535996	22.491	289	305	298	90	1.59e-14	77.8	ADP/ATP translocase 3 [Myotis daubentonii]	98922
XP_036170639.1	XP_059535996	26.230	183	305	298	90	9.93e-12	69.7	ADP/ATP translocase 3 [Myotis daubentonii]	98922
XP_036170639.1	XP_059535995	22.491	289	305	298	90	1.59e-14	77.8	ADP/ATP translocase 3 [Myotis daubentonii]	98922
XP_036170639.1	XP_059535995	26.230	183	305	298	90	9.93e-12	69.7	ADP/ATP translocase 3 [Myotis daubentonii]	98922
XP_036170639.1	XP_059535994	22.491	289	305	298	90	1.59e-14	77.8	ADP/ATP translocase 3 [Myotis daubentonii]	98922
XP_036170639.1	XP_059535994	26.230	183	305	298	90	9.93e-12	69.7	ADP/ATP translocase 3 [Myotis daubentonii]	98922
XP_036170639.1	XP_036167016	22.491	289	305	298	90	1.59e-14	77.8	ADP/ATP translocase 3 [Myotis myotis]	51298
XP_036170639.1	XP_036167016	26.230	183	305	298	90	9.93e-12	69.7	ADP/ATP translocase 3 [Myotis myotis]	51298
XP_036170639.1	XP_080938329	22.491	289	305	298	90	1.59e-14	77.8	ADP/ATP translocase 3 [Myotis nattereri]	109481
XP_036170639.1	XP_080938329	26.230	183	305	298	90	9.65e-12	69.7	ADP/ATP translocase 3 [Myotis nattereri]	109481
XP_036170639.1	XP_080937296	22.491	289	305	298	90	1.59e-14	77.8	ADP/ATP translocase 3 [Myotis nattereri]	109481
XP_036170639.1	XP_080937296	26.230	183	305	298	90	9.65e-12	69.7	ADP/ATP translocase 3 [Myotis nattereri]	109481
XP_036170639.1	XP_080509502	22.491	289	305	298	90	1.59e-14	77.8	ADP/ATP translocase 3 [Plecotus auritus]	61862
XP_036170639.1	XP_080509502	26.230	183	305	298	90	8.94e-12	69.7	ADP/ATP translocase 3 [Plecotus auritus]	61862
XP_036170639.1	XP_045684207	26.449	276	305	576	89	1.61e-14	79.3	calcium-binding mitochondrial carrier protein Aralar2 isoform X4 [Phyllostomus hastatus]	9423
XP_036170639.1	XP_008155059	23.675	283	305	298	88	1.63e-14	77.8	ADP/ATP translocase 2 [Eptesicus fuscus]	29078
XP_036170639.1	XP_080508976	23.675	283	305	298	88	1.63e-14	77.8	ADP/ATP translocase 2 [Plecotus auritus]	61862
XP_036170639.1	XP_079621307	23.675	283	305	298	88	1.63e-14	77.8	ADP/ATP translocase 2 [Cnephaeus nilssonii]	3371016
XP_036170639.1	XP_036103214	26.259	278	305	674	89	1.63e-14	79.3	calcium-binding mitochondrial carrier protein Aralar2 isoform X2 [Molossus molossus]	27622
XP_036170639.1	XP_059568362	26.449	276	305	675	89	1.63e-14	79.3	electrogenic aspartate/glutamate antiporter SLC25A13, mitochondrial isoform X1 [Myotis daubentonii]	98922
XP_036170639.1	XP_080958373	26.449	276	305	675	89	1.63e-14	79.3	electrogenic aspartate/glutamate antiporter SLC25A13, mitochondrial [Myotis nattereri]	109481
XP_036170639.1	XP_080529683	24.653	288	305	301	97	1.64e-14	77.8	mitochondrial carnitine/acylcarnitine carrier protein [Plecotus auritus]	61862
XP_036170639.1	XP_080529683	25.521	192	305	301	97	1.44e-11	69.3	mitochondrial carnitine/acylcarnitine carrier protein [Plecotus auritus]	61862
XP_036170639.1	XP_054420251	26.259	278	305	739	89	1.65e-14	79.3	LOW QUALITY PROTEIN: electrogenic aspartate/glutamate antiporter SLC25A13, mitochondrial [Pteronotus mesoamericanus]	1884717
XP_036170639.1	XP_070270000	22.887	284	305	372	91	1.66e-14	78.6	mitochondrial carrier protein SCaMC-3L [Myotis yumanensis]	159337
XP_036170639.1	XP_011366435	24.662	296	305	477	92	1.68e-14	79.0	calcium-binding mitochondrial carrier protein SCaMC-1 [Pteropus vampyrus]	132908
XP_036170639.1	XP_011366435	28.095	210	305	477	92	1.31e-13	76.3	calcium-binding mitochondrial carrier protein SCaMC-1 [Pteropus vampyrus]	132908
XP_036170639.1	XP_039696962	24.662	296	305	477	92	1.68e-14	79.0	mitochondrial adenyl nucleotide antiporter SLC25A24 [Pteropus medius]	143291
XP_036170639.1	XP_039696962	28.095	210	305	477	92	1.31e-13	76.3	mitochondrial adenyl nucleotide antiporter SLC25A24 [Pteropus medius]	143291
XP_036170639.1	XP_080984404	24.453	274	305	298	85	1.68e-14	77.8	ADP/ATP translocase 1 [Miniopterus schreibersii]	9433
XP_036170639.1	XP_039702955	22.337	291	305	299	90	1.68e-14	77.8	ADP/ATP translocase 3 [Pteropus medius]	143291
XP_036170639.1	XP_079622187	22.145	289	305	298	89	1.75e-14	77.8	ADP/ATP translocase 3 [Cnephaeus nilssonii]	3371016
XP_036170639.1	XP_079622187	26.230	183	305	298	89	1.47e-11	69.3	ADP/ATP translocase 3 [Cnephaeus nilssonii]	3371016
XP_036170639.1	XP_023606505	26.449	276	305	641	89	1.77e-14	79.3	calcium-binding mitochondrial carrier protein Aralar2 isoform X1 [Myotis lucifugus]	59463
XP_036170639.1	XP_006085063	26.449	276	305	641	89	1.77e-14	79.3	calcium-binding mitochondrial carrier protein Aralar2 isoform X1 [Myotis lucifugus]	59463
XP_036170639.1	XP_011361631	26.449	276	305	675	89	1.79e-14	79.3	calcium-binding mitochondrial carrier protein Aralar2 isoform X2 [Pteropus vampyrus]	132908
XP_036170639.1	XP_066213840	24.658	292	305	290	91	1.81e-14	77.4	solute carrier family 25 member 45 isoform X1 [Saccopteryx leptura]	249018
XP_036170639.1	XP_036103213	26.259	278	305	675	89	1.84e-14	79.0	calcium-binding mitochondrial carrier protein Aralar2 isoform X1 [Molossus molossus]	27622
XP_036170639.1	XP_019522791	24.453	274	305	298	85	1.85e-14	77.4	PREDICTED: ADP/ATP translocase 1 [Hipposideros armiger]	186990
XP_036170639.1	XP_011361623	26.449	276	305	676	89	1.90e-14	79.0	calcium-binding mitochondrial carrier protein Aralar2 isoform X1 [Pteropus vampyrus]	132908
XP_036170639.1	XP_019485544	27.350	234	305	274	68	1.94e-14	77.0	PREDICTED: mitochondrial glutamate carrier 2 isoform X3 [Hipposideros armiger]	186990
XP_036170639.1	XP_008154062	24.653	288	305	301	97	1.97e-14	77.4	mitochondrial carnitine/acylcarnitine carrier protein [Eptesicus fuscus]	29078
XP_036170639.1	XP_008154062	25.521	192	305	301	97	1.20e-11	69.3	mitochondrial carnitine/acylcarnitine carrier protein [Eptesicus fuscus]	29078
XP_036170639.1	XP_036105858	24.632	272	305	298	84	2.00e-14	77.4	ADP/ATP translocase 1 [Molossus molossus]	27622
XP_036170639.1	XP_036299385	23.675	283	305	298	88	2.02e-14	77.4	ADP/ATP translocase 2 [Pipistrellus kuhlii]	59472
XP_036170639.1	XP_070280413	26.449	276	305	675	89	2.04e-14	79.0	electrogenic aspartate/glutamate antiporter SLC25A13, mitochondrial isoform X1 [Myotis yumanensis]	159337
XP_036170639.1	XP_024433008	26.449	276	305	676	89	2.06e-14	79.0	electrogenic aspartate/glutamate antiporter SLC25A13, mitochondrial isoform X1 [Desmodus rotundus]	9430
XP_036170639.1	XP_053512040	26.190	210	305	458	92	2.06e-14	78.6	calcium-binding mitochondrial carrier protein SCaMC-1 isoform X2 [Artibeus jamaicensis]	9417
XP_036170639.1	XP_053512040	23.973	292	305	458	92	5.26e-13	74.3	calcium-binding mitochondrial carrier protein SCaMC-1 isoform X2 [Artibeus jamaicensis]	9417
XP_036170639.1	XP_036314419	24.088	274	305	298	85	2.08e-14	77.4	ADP/ATP translocase 1 [Pipistrellus kuhlii]	59472
XP_036170639.1	XP_006771652	25.676	296	305	351	91	2.15e-14	77.8	PREDICTED: solute carrier family 25 member 45 isoform X1 [Myotis davidii]	225400
XP_036170639.1	XP_054573849	26.695	236	305	334	68	2.16e-14	77.8	solute carrier family 25 member 48 isoform X1 [Eptesicus fuscus]	29078
XP_036170639.1	XP_054567614	27.619	210	305	458	92	2.18e-14	78.6	calcium-binding mitochondrial carrier protein SCaMC-1 [Eptesicus fuscus]	29078
XP_036170639.1	XP_054567614	23.103	290	305	458	92	1.48e-11	70.1	calcium-binding mitochondrial carrier protein SCaMC-1 [Eptesicus fuscus]	29078
XP_036170639.1	XP_080528689	27.119	236	305	275	68	2.19e-14	77.0	solute carrier family 25 member 48 isoform 3 [Plecotus auritus]	61862
XP_036170639.1	XP_024433009	26.449	276	305	675	89	2.20e-14	79.0	electrogenic aspartate/glutamate antiporter SLC25A13, mitochondrial isoform X2 [Desmodus rotundus]	9430
XP_036170639.1	XP_024421920	25.000	288	305	301	97	2.24e-14	77.4	mitochondrial carnitine/acylcarnitine carrier protein [Desmodus rotundus]	9430
XP_036170639.1	XP_024421920	25.521	192	305	301	97	4.44e-12	70.9	mitochondrial carnitine/acylcarnitine carrier protein [Desmodus rotundus]	9430
XP_036170639.1	XP_053521972	30.519	154	305	178	49	2.25e-14	75.1	solute carrier family 25 member 47 isoform X2 [Artibeus jamaicensis]	9417
XP_036170639.1	XP_028381371	26.449	276	305	676	89	2.26e-14	79.0	calcium-binding mitochondrial carrier protein Aralar2 isoform X1 [Phyllostomus discolor]	89673
XP_036170639.1	XP_006106178	24.653	288	305	301	92	2.28e-14	77.4	mitochondrial carnitine/acylcarnitine carrier protein isoform X1 [Myotis lucifugus]	59463
XP_036170639.1	XP_054432789	23.620	326	305	323	96	2.29e-14	77.8	mitochondrial glutamate carrier 1 isoform X1 [Pteronotus mesoamericanus]	1884717
XP_036170639.1	XP_015993187	25.306	245	305	314	71	2.32e-14	77.4	solute carrier family 25 member 48 isoform X4 [Rousettus aegyptiacus]	9407
XP_036170639.1	XP_080882735	25.170	294	305	477	92	2.34e-14	78.6	mitochondrial adenyl nucleotide antiporter SLC25A24 isoform 1 [Rhinolophus hipposideros]	77218
XP_036170639.1	XP_080882735	28.095	210	305	477	92	1.40e-13	76.3	mitochondrial adenyl nucleotide antiporter SLC25A24 isoform 1 [Rhinolophus hipposideros]	77218
XP_036170639.1	XP_045684206	26.449	276	305	642	89	2.40e-14	79.0	calcium-binding mitochondrial carrier protein Aralar2 isoform X3 [Phyllostomus hastatus]	9423
XP_036170639.1	XP_005859507	23.759	282	305	297	88	2.45e-14	77.0	PREDICTED: LOW QUALITY PROTEIN: ADP/ATP translocase 2 [Myotis brandtii]	109478
XP_036170639.1	XP_028381372	26.449	276	305	675	89	2.46e-14	79.0	calcium-binding mitochondrial carrier protein Aralar2 isoform X2 [Phyllostomus discolor]	89673
XP_036170639.1	XP_036285428	24.127	315	305	338	89	2.50e-14	77.8	solute carrier family 25 member 40 isoform X2 [Pipistrellus kuhlii]	59472
XP_036170639.1	XP_080505302	28.095	210	305	477	92	2.50e-14	78.6	mitochondrial adenyl nucleotide antiporter SLC25A24 isoform 1 [Plecotus auritus]	61862
XP_036170639.1	XP_080505302	24.138	290	305	477	92	9.69e-13	73.6	mitochondrial adenyl nucleotide antiporter SLC25A24 isoform 1 [Plecotus auritus]	61862
XP_036170639.1	XP_045684204	26.449	276	305	676	89	2.62e-14	78.6	calcium-binding mitochondrial carrier protein Aralar2 isoform X1 [Phyllostomus hastatus]	9423
XP_036170639.1	XP_080899606	22.263	274	305	298	85	2.63e-14	77.0	ADP/ATP translocase 3 isoform 1 [Rhinolophus hipposideros]	77218
XP_036170639.1	XP_080899606	26.230	183	305	298	85	2.97e-11	68.2	ADP/ATP translocase 3 isoform 1 [Rhinolophus hipposideros]	77218
XP_036170639.1	XP_036315548	22.968	283	305	372	91	2.64e-14	77.8	mitochondrial carrier protein SCaMC-3L [Pipistrellus kuhlii]	59472
XP_036170639.1	XP_016015294	28.571	210	305	458	92	2.65e-14	78.2	calcium-binding mitochondrial carrier protein SCaMC-1 isoform X1 [Rousettus aegyptiacus]	9407
XP_036170639.1	XP_016015294	24.315	292	305	458	92	1.52e-13	76.3	calcium-binding mitochondrial carrier protein SCaMC-1 isoform X1 [Rousettus aegyptiacus]	9407
XP_036170639.1	XP_036905683	25.000	288	305	301	92	2.66e-14	77.0	mitochondrial carnitine/acylcarnitine carrier protein [Sturnira hondurensis]	192404
XP_036170639.1	XP_024426101	26.316	209	305	477	92	2.67e-14	78.2	mitochondrial adenyl nucleotide antiporter SLC25A24 [Desmodus rotundus]	9430
XP_036170639.1	XP_024426101	23.973	292	305	477	92	1.40e-12	73.2	mitochondrial adenyl nucleotide antiporter SLC25A24 [Desmodus rotundus]	9430
XP_036170639.1	XP_019591636	24.453	274	305	298	85	2.79e-14	77.0	ADP/ATP translocase 1 [Rhinolophus sinicus]	89399
XP_036170639.1	XP_045684205	26.449	276	305	675	89	2.80e-14	78.6	calcium-binding mitochondrial carrier protein Aralar2 isoform X2 [Phyllostomus hastatus]	9423
XP_036170639.1	XP_054422492	27.798	277	305	677	89	2.80e-14	78.6	electrogenic aspartate/glutamate antiporter SLC25A12, mitochondrial-like [Pteronotus mesoamericanus]	1884717
XP_036170639.1	XP_080976678	27.619	210	305	410	69	2.82e-14	78.2	mitochondrial adenyl nucleotide antiporter SLC25A24 isoform 2 [Miniopterus schreibersii]	9433
XP_036170639.1	XP_028371364	24.161	298	305	288	92	2.86e-14	77.0	solute carrier family 25 member 45 isoform X2 [Phyllostomus discolor]	89673
XP_036170639.1	XP_036902332	26.449	276	305	676	89	2.96e-14	78.6	electrogenic aspartate/glutamate antiporter SLC25A13, mitochondrial isoform X1 [Sturnira hondurensis]	192404
XP_036170639.1	XP_080976677	27.619	210	305	477	92	3.01e-14	78.2	mitochondrial adenyl nucleotide antiporter SLC25A24 isoform 1 [Miniopterus schreibersii]	9433
XP_036170639.1	XP_080976677	23.973	292	305	477	92	9.78e-13	73.6	mitochondrial adenyl nucleotide antiporter SLC25A24 isoform 1 [Miniopterus schreibersii]	9433
XP_036170639.1	XP_054571750	30.519	154	305	181	49	3.07e-14	74.7	solute carrier family 25 member 47 isoform X2 [Eptesicus fuscus]	29078
XP_036170639.1	XP_054576111	24.088	274	305	298	85	3.10e-14	77.0	ADP/ATP translocase 1 [Eptesicus fuscus]	29078
XP_036170639.1	XP_079635537	24.088	274	305	298	85	3.10e-14	77.0	ADP/ATP translocase 1 [Cnephaeus nilssonii]	3371016
XP_036170639.1	XP_080986517	24.828	290	305	307	89	3.15e-14	77.0	peroxisomal membrane protein PMP34 [Miniopterus schreibersii]	9433
XP_036170639.1	XP_036902333	26.449	276	305	675	89	3.16e-14	78.6	electrogenic aspartate/glutamate antiporter SLC25A13, mitochondrial isoform X2 [Sturnira hondurensis]	192404
XP_036170639.1	XP_036208845	26.882	279	305	414	88	3.18e-14	77.8	mitochondrial 2-oxodicarboxylate carrier isoform X1 [Myotis myotis]	51298
XP_036170639.1	XP_039712459	25.984	254	305	263	81	3.24e-14	76.3	mitochondrial 2-oxodicarboxylate carrier isoform X3 [Pteropus medius]	143291
XP_036170639.1	XP_066212228	24.315	292	305	339	91	3.49e-14	77.4	solute carrier family 25 member 43 isoform X1 [Saccopteryx leptura]	249018
XP_036170639.1	XP_059551239	22.615	283	305	372	91	3.51e-14	77.4	mitochondrial carrier protein SCaMC-3L [Myotis daubentonii]	98922
XP_036170639.1	XP_059566106	25.424	295	305	288	94	3.57e-14	76.6	solute carrier family 25 member 45 isoform X7 [Myotis daubentonii]	98922
XP_036170639.1	XP_059566106	26.000	200	305	288	94	5.72e-11	67.4	solute carrier family 25 member 45 isoform X7 [Myotis daubentonii]	98922
XP_036170639.1	XP_036898602	26.630	184	305	470	60	3.71e-14	77.8	mitochondrial adenyl nucleotide antiporter SLC25A23 isoform X1 [Sturnira hondurensis]	192404
XP_036170639.1	XP_036129202	28.774	212	305	477	92	3.80e-14	77.8	calcium-binding mitochondrial carrier protein SCaMC-1 [Molossus molossus]	27622
XP_036170639.1	XP_036129202	24.150	294	305	477	92	1.33e-12	73.2	calcium-binding mitochondrial carrier protein SCaMC-1 [Molossus molossus]	27622
XP_036170639.1	XP_036984365	25.000	288	305	301	97	3.81e-14	76.6	mitochondrial carnitine/acylcarnitine carrier protein isoform X1 [Artibeus jamaicensis]	9417
XP_036170639.1	XP_036984365	26.042	192	305	301	97	2.32e-12	71.6	mitochondrial carnitine/acylcarnitine carrier protein isoform X1 [Artibeus jamaicensis]	9417
XP_036170639.1	XP_036107120	24.490	294	305	307	90	3.94e-14	76.6	peroxisomal membrane protein PMP34 isoform X1 [Molossus molossus]	27622
XP_036170639.1	XP_036107119	24.490	294	305	307	90	3.94e-14	76.6	peroxisomal membrane protein PMP34 isoform X1 [Molossus molossus]	27622
XP_036170639.1	XP_016073654	27.619	210	305	437	92	4.07e-14	77.8	PREDICTED: calcium-binding mitochondrial carrier protein SCaMC-1 [Miniopterus natalensis]	291302
XP_036170639.1	XP_016073654	23.973	292	305	437	92	1.05e-12	73.6	PREDICTED: calcium-binding mitochondrial carrier protein SCaMC-1 [Miniopterus natalensis]	291302
XP_036170639.1	XP_015992710	23.322	283	305	298	88	4.23e-14	76.6	ADP/ATP translocase 2 [Rousettus aegyptiacus]	9407
XP_036170639.1	XP_015992710	26.667	180	305	298	88	5.35e-11	67.4	ADP/ATP translocase 2 [Rousettus aegyptiacus]	9407
XP_036170639.1	XP_016060797	25.263	285	305	298	88	4.32e-14	76.6	PREDICTED: peroxisomal membrane protein PMP34 isoform X2 [Miniopterus natalensis]	291302
XP_036170639.1	XP_070264277	24.265	272	305	298	84	4.40e-14	76.6	ADP/ATP translocase 1 [Myotis yumanensis]	159337
XP_036170639.1	XP_059541666	24.265	272	305	298	84	4.40e-14	76.6	ADP/ATP translocase 1 [Myotis daubentonii]	98922
XP_036170639.1	XP_036156123	24.265	272	305	298	84	4.40e-14	76.6	ADP/ATP translocase 1 [Myotis myotis]	51298
XP_036170639.1	XP_006092739	24.265	272	305	298	84	4.40e-14	76.6	ADP/ATP translocase 1 [Myotis lucifugus]	59463
XP_036170639.1	XP_080940237	24.265	272	305	298	84	4.40e-14	76.6	ADP/ATP translocase 1 [Myotis nattereri]	109481
XP_036170639.1	XP_080517689	24.265	272	305	298	84	4.44e-14	76.6	ADP/ATP translocase 1 [Plecotus auritus]	61862
XP_036170639.1	XP_037021195	26.630	184	305	470	60	4.52e-14	77.8	calcium-binding mitochondrial carrier protein SCaMC-3 isoform X1 [Artibeus jamaicensis]	9417
XP_036170639.1	XP_080497456	25.424	295	305	288	91	4.52e-14	76.3	solute carrier family 25 member 45 isoform 1 [Plecotus auritus]	61862
XP_036170639.1	XP_036102866	24.221	289	305	298	90	4.57e-14	76.3	ADP/ATP translocase 3-like [Molossus molossus]	27622
XP_036170639.1	XP_036102866	25.683	183	305	298	90	2.15e-11	68.6	ADP/ATP translocase 3-like [Molossus molossus]	27622
XP_036170639.1	XP_036189517	24.306	288	305	301	92	4.86e-14	76.3	mitochondrial carnitine/acylcarnitine carrier protein [Myotis myotis]	51298
XP_036170639.1	XP_036199308	24.483	290	305	478	92	4.90e-14	77.4	calcium-binding mitochondrial carrier protein SCaMC-1 [Myotis myotis]	51298
XP_036170639.1	XP_036199308	27.619	210	305	478	92	9.39e-14	76.6	calcium-binding mitochondrial carrier protein SCaMC-1 [Myotis myotis]	51298
XP_036170639.1	XP_023378078	26.848	257	305	263	81	4.95e-14	75.9	mitochondrial 2-oxodicarboxylate carrier isoform X3 [Pteropus vampyrus]	132908
XP_036170639.1	XP_032972719	23.322	283	305	298	88	5.09e-14	76.3	ADP/ATP translocase 2 [Rhinolophus ferrumequinum]	59479
XP_036170639.1	XP_036077310	25.424	295	305	288	96	5.13e-14	76.3	solute carrier family 25 member 45 isoform X1 [Rousettus aegyptiacus]	9407
XP_036170639.1	XP_036077310	25.728	206	305	288	96	8.37e-11	67.0	solute carrier family 25 member 45 isoform X1 [Rousettus aegyptiacus]	9407
XP_036170639.1	XP_080900208	23.322	283	305	298	88	5.34e-14	76.3	ADP/ATP translocase 2 [Rhinolophus hipposideros]	77218
XP_036170639.1	XP_019572606	23.322	283	305	298	88	5.34e-14	76.3	ADP/ATP translocase 2 [Rhinolophus sinicus]	89399
XP_036170639.1	XP_016058316	25.000	288	305	301	92	5.41e-14	76.3	PREDICTED: mitochondrial carnitine/acylcarnitine carrier protein isoform X1 [Miniopterus natalensis]	291302
XP_036170639.1	XP_081016794	25.000	288	305	301	92	5.41e-14	76.3	mitochondrial carnitine/acylcarnitine carrier protein [Miniopterus schreibersii]	9433
XP_036170639.1	XP_070252278	24.828	290	305	478	92	5.43e-14	77.4	mitochondrial adenyl nucleotide antiporter SLC25A24 [Myotis yumanensis]	159337
XP_036170639.1	XP_070252278	27.619	210	305	478	92	1.15e-13	76.6	mitochondrial adenyl nucleotide antiporter SLC25A24 [Myotis yumanensis]	159337
XP_036170639.1	XP_014393526	25.899	278	305	371	86	5.61e-14	77.0	PREDICTED: solute carrier family 25 member 45 isoform X1 [Myotis brandtii]	109478
XP_036170639.1	XP_014394433	24.306	288	305	301	92	5.68e-14	76.3	PREDICTED: mitochondrial carnitine/acylcarnitine carrier protein [Myotis brandtii]	109478
XP_036170639.1	XP_039733976	26.087	276	305	584	89	5.82e-14	77.4	electrogenic aspartate/glutamate antiporter SLC25A13, mitochondrial isoform X3 [Pteropus medius]	143291
XP_036170639.1	XP_024902603	26.087	276	305	584	89	5.88e-14	77.4	calcium-binding mitochondrial carrier protein Aralar2 isoform X4 [Pteropus alecto]	9402
XP_036170639.1	XP_024902605	26.087	276	305	567	89	6.00e-14	77.4	calcium-binding mitochondrial carrier protein Aralar2 isoform X6 [Pteropus alecto]	9402
XP_036170639.1	XP_039733977	26.087	276	305	568	89	6.06e-14	77.4	electrogenic aspartate/glutamate antiporter SLC25A13, mitochondrial isoform X4 [Pteropus medius]	143291
XP_036170639.1	XP_006904765	23.322	283	305	298	88	6.36e-14	75.9	ADP/ATP translocase 2 [Pteropus alecto]	9402
XP_036170639.1	XP_011378497	23.322	283	305	298	88	6.55e-14	75.9	ADP/ATP translocase 2 [Pteropus vampyrus]	132908
XP_036170639.1	XP_011378497	26.667	180	305	298	88	6.84e-11	67.4	ADP/ATP translocase 2 [Pteropus vampyrus]	132908
XP_036170639.1	XP_039698423	23.322	283	305	298	88	6.55e-14	75.9	ADP/ATP translocase 2 [Pteropus medius]	143291
XP_036170639.1	XP_039698423	26.667	180	305	298	88	6.84e-11	67.4	ADP/ATP translocase 2 [Pteropus medius]	143291
XP_036170639.1	XP_024902604	26.087	276	305	568	89	6.58e-14	77.4	calcium-binding mitochondrial carrier protein Aralar2 isoform X5 [Pteropus alecto]	9402
XP_036170639.1	XP_024902602	26.087	276	305	642	89	6.58e-14	77.4	calcium-binding mitochondrial carrier protein Aralar2 isoform X3 [Pteropus alecto]	9402
XP_036170639.1	XP_066212230	23.322	283	305	298	88	6.61e-14	75.9	ADP/ATP translocase 2 [Saccopteryx leptura]	249018
XP_036170639.1	XP_066105870	23.322	283	305	298	88	6.61e-14	75.9	ADP/ATP translocase 2 [Saccopteryx bilineata]	59482
XP_036170639.1	XP_011373559	28.646	192	305	241	93	6.66e-14	75.1	mitochondrial basic amino acids transporter [Pteropus vampyrus]	132908
XP_036170639.1	XP_011373559	30.256	195	305	241	93	6.16e-13	72.4	mitochondrial basic amino acids transporter [Pteropus vampyrus]	132908
XP_036170639.1	XP_039733978	26.087	276	305	567	89	6.76e-14	77.4	electrogenic aspartate/glutamate antiporter SLC25A13, mitochondrial isoform X5 [Pteropus medius]	143291
XP_036170639.1	XP_080903088	24.088	274	305	298	85	7.22e-14	75.9	ADP/ATP translocase 1 [Rhinolophus hipposideros]	77218
XP_036170639.1	XP_080911527	29.515	227	305	270	71	7.27e-14	75.5	solute carrier family 25 member 34 isoform 3 [Rhinolophus hipposideros]	77218
XP_036170639.1	XP_066102802	27.692	195	305	477	92	7.30e-14	77.0	mitochondrial adenyl nucleotide antiporter SLC25A24 [Saccopteryx bilineata]	59482
XP_036170639.1	XP_066102802	23.973	292	305	477	92	1.18e-13	76.3	mitochondrial adenyl nucleotide antiporter SLC25A24 [Saccopteryx bilineata]	59482
XP_036170639.1	XP_024422538	23.322	283	305	298	88	7.43e-14	75.9	ADP/ATP translocase 2 [Desmodus rotundus]	9430
XP_036170639.1	XP_037019997	23.322	283	305	298	88	7.43e-14	75.9	ADP/ATP translocase 2 [Artibeus jamaicensis]	9417
XP_036170639.1	XP_045673504	23.322	283	305	298	88	7.43e-14	75.9	ADP/ATP translocase 2 [Phyllostomus hastatus]	9423
XP_036170639.1	XP_028378359	23.322	283	305	298	88	7.43e-14	75.9	ADP/ATP translocase 2 [Phyllostomus discolor]	89673
XP_036170639.1	XP_070289440	23.404	282	305	297	88	7.50e-14	75.9	ADP/ATP translocase 2 [Myotis yumanensis]	159337
XP_036170639.1	XP_070289440	26.667	180	305	297	88	9.73e-11	66.6	ADP/ATP translocase 2 [Myotis yumanensis]	159337
XP_036170639.1	XP_059536296	23.404	282	305	297	88	7.50e-14	75.9	ADP/ATP translocase 2 [Myotis daubentonii]	98922
XP_036170639.1	XP_059536296	26.667	180	305	297	88	9.73e-11	66.6	ADP/ATP translocase 2 [Myotis daubentonii]	98922
XP_036170639.1	XP_036161329	23.404	282	305	297	88	7.50e-14	75.9	ADP/ATP translocase 2 [Myotis myotis]	51298
XP_036170639.1	XP_036161329	26.667	180	305	297	88	9.73e-11	66.6	ADP/ATP translocase 2 [Myotis myotis]	51298
XP_036170639.1	XP_006082242	23.404	282	305	297	88	7.50e-14	75.9	ADP/ATP translocase 2 [Myotis lucifugus]	59463
XP_036170639.1	XP_006082242	26.667	180	305	297	88	9.73e-11	66.6	ADP/ATP translocase 2 [Myotis lucifugus]	59463
XP_036170639.1	XP_080937337	23.404	282	305	297	88	7.50e-14	75.9	ADP/ATP translocase 2 [Myotis nattereri]	109481
XP_036170639.1	XP_080937337	26.667	180	305	297	88	9.73e-11	66.6	ADP/ATP translocase 2 [Myotis nattereri]	109481
XP_036170639.1	XP_016075047	24.000	300	305	298	94	7.80e-14	75.9	PREDICTED: ADP/ATP translocase 3-like [Miniopterus natalensis]	291302
XP_036170639.1	XP_016075047	25.137	183	305	298	94	3.66e-11	68.2	PREDICTED: ADP/ATP translocase 3-like [Miniopterus natalensis]	291302
XP_036170639.1	XP_054436316	23.322	283	305	298	88	7.88e-14	75.9	ADP/ATP translocase 2 [Pteronotus mesoamericanus]	1884717
XP_036170639.1	XP_054436316	27.222	180	305	298	88	6.22e-11	67.4	ADP/ATP translocase 2 [Pteronotus mesoamericanus]	1884717
XP_036170639.1	XP_066208806	27.692	195	305	477	92	7.93e-14	77.0	mitochondrial adenyl nucleotide antiporter SLC25A24 [Saccopteryx leptura]	249018
XP_036170639.1	XP_066208806	23.973	292	305	477	92	1.30e-13	76.3	mitochondrial adenyl nucleotide antiporter SLC25A24 [Saccopteryx leptura]	249018
XP_036170639.1	XP_036313539	24.828	290	305	307	89	8.06e-14	75.9	peroxisomal membrane protein PMP34 [Pipistrellus kuhlii]	59472
XP_036170639.1	XP_006911986	26.087	276	305	676	89	8.26e-14	77.0	calcium-binding mitochondrial carrier protein Aralar2 isoform X1 [Pteropus alecto]	9402
XP_036170639.1	XP_039733974	26.087	276	305	676	89	8.26e-14	77.0	electrogenic aspartate/glutamate antiporter SLC25A13, mitochondrial isoform X1 [Pteropus medius]	143291
XP_036170639.1	XP_024899317	26.630	184	305	285	60	8.30e-14	75.5	calcium-binding mitochondrial carrier protein SCaMC-3 isoform X6 [Pteropus alecto]	9402
XP_036170639.1	XP_006911987	26.087	276	305	675	89	8.33e-14	77.0	calcium-binding mitochondrial carrier protein Aralar2 isoform X2 [Pteropus alecto]	9402
XP_036170639.1	XP_036094386	27.885	208	305	234	58	8.36e-14	74.7	solute carrier family 25 member 47 isoform X2 [Rousettus aegyptiacus]	9407
XP_036170639.1	XP_036094385	27.885	208	305	234	58	8.36e-14	74.7	solute carrier family 25 member 47 isoform X2 [Rousettus aegyptiacus]	9407
XP_036170639.1	XP_039733975	26.087	276	305	675	89	8.41e-14	77.0	electrogenic aspartate/glutamate antiporter SLC25A13, mitochondrial isoform X2 [Pteropus medius]	143291
XP_036170639.1	XP_024430230	25.503	298	305	288	96	9.19e-14	75.5	solute carrier family 25 member 45 isoform X1 [Desmodus rotundus]	9430
XP_036170639.1	XP_024430230	26.214	206	305	288	96	1.13e-11	69.3	solute carrier family 25 member 45 isoform X1 [Desmodus rotundus]	9430
XP_036170639.1	XP_079629504	22.968	283	305	372	91	9.23e-14	76.3	mitochondrial carrier protein SCaMC-3L [Cnephaeus nilssonii]	3371016
XP_036170639.1	XP_032952612	27.391	230	305	311	68	9.40e-14	75.9	solute carrier family 25 member 48 isoform X5 [Rhinolophus ferrumequinum]	59479
XP_036170639.1	XP_036127447	22.263	274	305	298	85	9.47e-14	75.5	ADP/ATP translocase 3 [Molossus molossus]	27622
XP_036170639.1	XP_036127447	27.322	183	305	298	85	1.27e-12	72.4	ADP/ATP translocase 3 [Molossus molossus]	27622
XP_036170639.1	XP_023601408	25.091	275	305	354	86	9.64e-14	76.3	solute carrier family 25 member 45 isoform X1 [Myotis lucifugus]	59463
XP_036170639.1	XP_019484354	24.830	294	305	477	92	9.73e-14	76.6	PREDICTED: calcium-binding mitochondrial carrier protein SCaMC-1 [Hipposideros armiger]	186990
XP_036170639.1	XP_019484354	27.692	195	305	477	92	2.14e-13	75.5	PREDICTED: calcium-binding mitochondrial carrier protein SCaMC-1 [Hipposideros armiger]	186990
XP_036170639.1	XP_036126606	22.968	283	305	298	88	1.00e-13	75.5	ADP/ATP translocase 2 [Molossus molossus]	27622
XP_036170639.1	XP_066106085	23.958	288	305	339	91	1.01e-13	75.9	solute carrier family 25 member 43 isoform X1 [Saccopteryx bilineata]	59482
XP_036170639.1	XP_024899316	26.630	184	305	308	60	1.05e-13	75.5	calcium-binding mitochondrial carrier protein SCaMC-3 isoform X5 [Pteropus alecto]	9402
XP_036170639.1	XP_054424395	25.589	297	305	342	85	1.05e-13	75.9	solute carrier family 25 member 48 isoform X3 [Pteronotus mesoamericanus]	1884717
XP_036170639.1	XP_036103321	22.892	332	305	339	93	1.11e-13	75.9	solute carrier family 25 member 40 isoform X1 [Molossus molossus]	27622
XP_036170639.1	XP_032952603	27.273	231	305	343	68	1.12e-13	75.9	solute carrier family 25 member 48 isoform X2 [Rhinolophus ferrumequinum]	59479
XP_036170639.1	XP_019517614	26.087	276	305	657	89	1.14e-13	76.6	PREDICTED: calcium-binding mitochondrial carrier protein Aralar2 [Hipposideros armiger]	186990
XP_036170639.1	XP_070267284	24.483	290	305	307	89	1.14e-13	75.5	peroxisomal membrane protein PMP34 [Myotis yumanensis]	159337
XP_036170639.1	XP_006098603	24.483	290	305	307	89	1.14e-13	75.5	peroxisomal membrane protein PMP34 [Myotis lucifugus]	59463
XP_036170639.1	XP_080969066	27.619	210	305	478	92	1.14e-13	76.6	mitochondrial adenyl nucleotide antiporter SLC25A24 isoform 1 [Myotis nattereri]	109481
XP_036170639.1	XP_080969066	24.483	290	305	478	92	1.22e-13	76.3	mitochondrial adenyl nucleotide antiporter SLC25A24 isoform 1 [Myotis nattereri]	109481
XP_036170639.1	XP_032975847	24.324	296	305	329	96	1.14e-13	75.5	solute carrier family 25 member 45 isoform X1 [Rhinolophus ferrumequinum]	59479
XP_036170639.1	XP_032975847	25.728	206	305	329	96	2.19e-11	68.9	solute carrier family 25 member 45 isoform X1 [Rhinolophus ferrumequinum]	59479
XP_036170639.1	XP_032952613	27.273	231	305	299	68	1.17e-13	75.1	solute carrier family 25 member 48 isoform X6 [Rhinolophus ferrumequinum]	59479
XP_036170639.1	XP_032944438	26.087	276	305	737	89	1.18e-13	76.6	electrogenic aspartate/glutamate antiporter SLC25A13, mitochondrial isoform X1 [Rhinolophus ferrumequinum]	59479
XP_036170639.1	XP_032952602	27.391	230	305	403	68	1.20e-13	76.3	solute carrier family 25 member 48 isoform X1 [Rhinolophus ferrumequinum]	59479
XP_036170639.1	XP_032944440	26.087	276	305	736	89	1.21e-13	76.6	electrogenic aspartate/glutamate antiporter SLC25A13, mitochondrial isoform X2 [Rhinolophus ferrumequinum]	59479
XP_036170639.1	XP_036086269	25.725	276	305	568	89	1.22e-13	76.6	calcium-binding mitochondrial carrier protein Aralar2 isoform X3 [Rousettus aegyptiacus]	9407
XP_036170639.1	XP_016053916	29.570	186	305	196	60	1.23e-13	73.6	PREDICTED: mitochondrial 2-oxodicarboxylate carrier [Miniopterus natalensis]	291302
XP_036170639.1	XP_036086270	25.725	276	305	567	89	1.26e-13	76.6	calcium-binding mitochondrial carrier protein Aralar2 isoform X4 [Rousettus aegyptiacus]	9407
XP_036170639.1	XP_005860148	24.483	290	305	458	92	1.31e-13	76.3	PREDICTED: calcium-binding mitochondrial carrier protein SCaMC-1 [Myotis brandtii]	109478
XP_036170639.1	XP_005860148	27.619	210	305	458	92	3.13e-13	75.1	PREDICTED: calcium-binding mitochondrial carrier protein SCaMC-1 [Myotis brandtii]	109478
XP_036170639.1	XP_036923807	25.862	290	305	307	89	1.34e-13	75.1	peroxisomal membrane protein PMP34 [Sturnira hondurensis]	192404
XP_036170639.1	XP_023601410	25.091	275	305	322	86	1.38e-13	75.5	solute carrier family 25 member 45 isoform X3 [Myotis lucifugus]	59463
XP_036170639.1	XP_079644078	25.424	295	305	288	91	1.41e-13	75.1	solute carrier family 25 member 45 [Cnephaeus nilssonii]	3371016
XP_036170639.1	XP_080946817	22.968	283	305	372	91	1.44e-13	75.9	mitochondrial carrier protein SCaMC-3L [Myotis nattereri]	109481
XP_036170639.1	XP_080969067	24.483	290	305	458	92	1.47e-13	76.3	mitochondrial adenyl nucleotide antiporter SLC25A24 isoform 2 [Myotis nattereri]	109481
XP_036170639.1	XP_080969067	27.619	210	305	458	92	2.02e-13	75.9	mitochondrial adenyl nucleotide antiporter SLC25A24 isoform 2 [Myotis nattereri]	109481
XP_036170639.1	XP_035886116	24.188	277	305	314	86	1.52e-13	75.1	solute carrier family 25 member 45 isoform X1 [Phyllostomus discolor]	89673
XP_036170639.1	XP_036094308	27.668	253	305	356	81	1.54e-13	75.5	mitochondrial basic amino acids transporter isoform X1 [Rousettus aegyptiacus]	9407
XP_036170639.1	XP_016000770	27.907	215	305	468	69	1.55e-13	76.3	calcium-binding mitochondrial carrier protein SCaMC-3 [Rousettus aegyptiacus]	9407
XP_036170639.1	XP_039734440	27.568	185	305	411	60	1.59e-13	75.9	mitochondrial adenyl nucleotide antiporter SLC25A23 isoform X3 [Pteropus medius]	143291
XP_036170639.1	XP_059566848	30.726	179	305	271	57	1.61e-13	74.3	mitochondrial 2-oxodicarboxylate carrier isoform X3 [Myotis daubentonii]	98922
XP_036170639.1	XP_036086267	25.725	276	305	676	89	1.62e-13	76.3	calcium-binding mitochondrial carrier protein Aralar2 isoform X1 [Rousettus aegyptiacus]	9407
XP_036170639.1	XP_036086268	25.725	276	305	675	89	1.68e-13	76.3	calcium-binding mitochondrial carrier protein Aralar2 isoform X2 [Rousettus aegyptiacus]	9407
XP_036170639.1	XP_006092679	24.483	290	305	458	92	1.69e-13	75.9	calcium-binding mitochondrial carrier protein SCaMC-1 [Myotis lucifugus]	59463
XP_036170639.1	XP_006092679	27.619	210	305	458	92	1.79e-13	75.9	calcium-binding mitochondrial carrier protein SCaMC-1 [Myotis lucifugus]	59463
XP_036170639.1	XP_037016165	25.862	290	305	307	89	1.71e-13	75.1	peroxisomal membrane protein PMP34 isoform X1 [Artibeus jamaicensis]	9417
XP_036170639.1	XP_023391510	24.911	281	305	337	87	1.80e-13	75.1	solute carrier family 25 member 45 isoform X1 [Pteropus vampyrus]	132908
XP_036170639.1	XP_066093392	28.326	233	305	276	68	1.81e-13	74.3	mitochondrial glutamate carrier 2 isoform X3 [Saccopteryx bilineata]	59482
XP_036170639.1	XP_066108108	24.658	292	305	290	91	1.82e-13	74.7	solute carrier family 25 member 45 isoform X1 [Saccopteryx bilineata]	59482
XP_036170639.1	XP_080981707	23.322	283	305	298	88	1.83e-13	74.7	ADP/ATP translocase 2 [Miniopterus schreibersii]	9433
XP_036170639.1	XP_039734439	26.630	184	305	468	60	1.83e-13	75.9	mitochondrial adenyl nucleotide antiporter SLC25A23 isoform X2 [Pteropus medius]	143291
XP_036170639.1	XP_019483928	22.968	283	305	298	88	1.85e-13	74.7	PREDICTED: ADP/ATP translocase 2 [Hipposideros armiger]	186990
XP_036170639.1	XP_006904205	26.630	184	305	468	60	1.85e-13	75.9	calcium-binding mitochondrial carrier protein SCaMC-3 isoform X1 [Pteropus alecto]	9402
XP_036170639.1	XP_036925027	22.968	283	305	298	88	1.86e-13	74.7	ADP/ATP translocase 2 [Sturnira hondurensis]	192404
XP_036170639.1	XP_036925027	26.667	180	305	298	88	4.02e-11	67.8	ADP/ATP translocase 2 [Sturnira hondurensis]	192404
XP_036170639.1	XP_024899315	27.358	212	305	344	69	1.93e-13	75.1	calcium-binding mitochondrial carrier protein SCaMC-3 isoform X4 [Pteropus alecto]	9402
XP_036170639.1	XP_011371900	26.630	184	305	464	60	2.07e-13	75.9	calcium-binding mitochondrial carrier protein SCaMC-3 isoform X3 [Pteropus vampyrus]	132908
XP_036170639.1	XP_028003916	28.195	266	305	309	80	2.07e-13	74.7	solute carrier family 25 member 48 isoform X6 [Eptesicus fuscus]	29078
XP_036170639.1	XP_036280274	23.129	294	305	318	93	2.12e-13	74.7	ADP/ATP translocase 4 [Pipistrellus kuhlii]	59472
XP_036170639.1	XP_053517695	24.913	289	305	301	89	2.16e-13	74.7	peroxisomal membrane protein PMP34 isoform X2 [Artibeus jamaicensis]	9417
XP_036170639.1	XP_005883910	23.723	274	305	298	85	2.22e-13	74.3	PREDICTED: ADP/ATP translocase 1 [Myotis brandtii]	109478
XP_036170639.1	XP_036898603	26.087	184	305	468	60	2.25e-13	75.5	mitochondrial adenyl nucleotide antiporter SLC25A23 isoform X2 [Sturnira hondurensis]	192404
XP_036170639.1	XP_054438399	24.490	294	305	307	90	2.35e-13	74.3	peroxisomal membrane protein PMP34 [Pteronotus mesoamericanus]	1884717
XP_036170639.1	XP_039734438	27.103	214	305	504	69	2.44e-13	75.5	mitochondrial adenyl nucleotide antiporter SLC25A23 isoform X1 [Pteropus medius]	143291
XP_036170639.1	XP_045687617	22.968	283	305	378	91	2.47e-13	75.1	mitochondrial carrier protein SCaMC-3L [Phyllostomus hastatus]	9423
XP_036170639.1	XP_045691035	24.490	294	305	307	90	2.54e-13	74.3	peroxisomal membrane protein PMP34 isoform X1 [Phyllostomus hastatus]	9423
XP_036170639.1	XP_008148781	22.615	283	305	372	91	2.56e-13	75.1	mitochondrial carrier protein SCaMC-3L isoform X1 [Eptesicus fuscus]	29078
XP_036170639.1	XP_024435040	24.490	294	305	307	90	2.59e-13	74.3	peroxisomal membrane protein PMP34 [Desmodus rotundus]	9430
XP_036170639.1	XP_024424937	26.087	184	305	468	60	2.65e-13	75.5	mitochondrial adenyl nucleotide antiporter SLC25A23 isoform X1 [Desmodus rotundus]	9430
XP_036170639.1	XP_037021194	26.087	184	305	468	60	2.68e-13	75.5	calcium-binding mitochondrial carrier protein SCaMC-3 isoform X2 [Artibeus jamaicensis]	9417
XP_036170639.1	XP_039734445	26.776	183	305	321	60	2.69e-13	74.3	mitochondrial adenyl nucleotide antiporter SLC25A23 isoform X7 [Pteropus medius]	143291
XP_036170639.1	XP_059566105	24.832	298	305	308	92	2.74e-13	74.3	solute carrier family 25 member 45 isoform X6 [Myotis daubentonii]	98922
XP_036170639.1	XP_005884467	21.908	283	305	372	91	2.82e-13	74.7	PREDICTED: solute carrier family 25 member 41 [Myotis brandtii]	109478
XP_036170639.1	XP_080917719	24.407	295	305	288	96	2.86e-13	73.9	solute carrier family 25 member 45 isoform 4 [Rhinolophus hipposideros]	77218
XP_036170639.1	XP_080917719	25.728	206	305	288	96	3.91e-11	67.8	solute carrier family 25 member 45 isoform 4 [Rhinolophus hipposideros]	77218
XP_036170639.1	XP_039725175	26.840	231	305	265	66	2.87e-13	73.6	mitochondrial glutamate carrier 2 isoform X3 [Pteropus medius]	143291
XP_036170639.1	XP_080530608	22.615	283	305	372	91	2.93e-13	74.7	mitochondrial carrier protein SCaMC-3L [Plecotus auritus]	61862
XP_036170639.1	XP_054424399	26.957	230	305	306	67	3.05e-13	74.3	solute carrier family 25 member 48 isoform X6 [Pteronotus mesoamericanus]	1884717
XP_036170639.1	XP_016053472	22.968	283	305	370	91	3.06e-13	74.7	PREDICTED: solute carrier family 25 member 41 [Miniopterus natalensis]	291302
XP_036170639.1	XP_054424400	25.943	212	305	289	59	3.12e-13	73.9	solute carrier family 25 member 48 isoform X7 [Pteronotus mesoamericanus]	1884717
XP_036170639.1	XP_039734444	27.143	210	305	344	68	3.13e-13	74.7	mitochondrial adenyl nucleotide antiporter SLC25A23 isoform X6 [Pteropus medius]	143291
XP_036170639.1	XP_080992607	22.968	283	305	372	91	3.18e-13	74.7	mitochondrial carrier protein SCaMC-3L [Miniopterus schreibersii]	9433
XP_036170639.1	XP_008159662	25.253	297	305	288	92	3.24e-13	73.9	solute carrier family 25 member 45 [Eptesicus fuscus]	29078
XP_036170639.1	XP_036123155	23.963	217	305	237	71	3.25e-13	73.2	mitochondrial glycine transporter isoform X3 [Molossus molossus]	27622
XP_036170639.1	XP_015993803	25.172	290	305	322	86	3.28e-13	74.3	mitochondrial glutamate carrier 1 [Rousettus aegyptiacus]	9407
XP_036170639.1	XP_015993790	25.172	290	305	322	86	3.28e-13	74.3	mitochondrial glutamate carrier 1 [Rousettus aegyptiacus]	9407
XP_036170639.1	XP_028376558	22.968	283	305	397	91	3.31e-13	74.7	solute carrier family 25 member 41 [Phyllostomus discolor]	89673
XP_036170639.1	XP_039734443	27.358	212	305	380	69	3.31e-13	74.7	mitochondrial adenyl nucleotide antiporter SLC25A23 isoform X5 [Pteropus medius]	143291
XP_036170639.1	XP_039734442	27.358	212	305	380	69	3.31e-13	74.7	mitochondrial adenyl nucleotide antiporter SLC25A23 isoform X5 [Pteropus medius]	143291
XP_036170639.1	XP_036208852	27.239	268	305	400	84	3.42e-13	74.7	mitochondrial 2-oxodicarboxylate carrier isoform X2 [Myotis myotis]	51298
XP_036170639.1	XP_028388984	24.483	290	305	307	89	3.42e-13	73.9	peroxisomal membrane protein PMP34 [Phyllostomus discolor]	89673
XP_036170639.1	XP_036208862	27.239	268	305	397	84	3.44e-13	74.7	mitochondrial 2-oxodicarboxylate carrier isoform X3 [Myotis myotis]	51298
XP_036170639.1	XP_054419862	22.945	292	305	298	90	3.59e-13	73.9	ADP/ATP translocase 3-like [Pteronotus mesoamericanus]	1884717
XP_036170639.1	XP_023601409	25.455	275	305	346	86	3.59e-13	74.3	solute carrier family 25 member 45 isoform X2 [Myotis lucifugus]	59463
XP_036170639.1	XP_053528749	26.642	274	305	309	80	3.62e-13	73.9	solute carrier family 25 member 48 isoform X5 [Artibeus jamaicensis]	9417
XP_036170639.1	XP_080954953	25.180	278	305	307	86	3.73e-13	73.9	LOW QUALITY PROTEIN: solute carrier family 25 member 45 [Myotis nattereri]	109481
XP_036170639.1	XP_035888168	26.636	214	305	470	69	3.76e-13	75.1	calcium-binding mitochondrial carrier protein SCaMC-3 isoform X1 [Phyllostomus discolor]	89673
XP_036170639.1	XP_036285784	23.322	283	305	298	88	3.77e-13	73.9	ADP/ATP translocase 2-like [Pipistrellus kuhlii]	59472
XP_036170639.1	XP_036096953	22.615	283	305	374	91	3.81e-13	74.3	solute carrier family 25 member 41 [Molossus molossus]	27622
XP_036170639.1	XP_039712458	28.814	177	305	271	57	3.98e-13	73.6	mitochondrial 2-oxodicarboxylate carrier isoform X2 [Pteropus medius]	143291
XP_036170639.1	XP_016066815	23.810	273	305	296	85	4.03e-13	73.6	PREDICTED: ADP/ATP translocase 1 [Miniopterus natalensis]	291302
XP_036170639.1	XP_035888170	26.087	184	305	425	60	4.09e-13	74.7	calcium-binding mitochondrial carrier protein SCaMC-3 isoform X5 [Phyllostomus discolor]	89673
XP_036170639.1	XP_054418259	26.087	184	305	417	60	4.10e-13	74.7	mitochondrial adenyl nucleotide antiporter SLC25A23 isoform X4 [Pteronotus mesoamericanus]	1884717
XP_036170639.1	XP_066130476	26.087	184	305	468	60	4.10e-13	74.7	mitochondrial adenyl nucleotide antiporter SLC25A23 [Saccopteryx bilineata]	59482
XP_036170639.1	XP_045687296	26.087	184	305	468	60	4.10e-13	74.7	calcium-binding mitochondrial carrier protein SCaMC-3 isoform X1 [Phyllostomus hastatus]	9423
XP_036170639.1	XP_028375932	26.087	184	305	468	60	4.10e-13	74.7	calcium-binding mitochondrial carrier protein SCaMC-3 isoform X2 [Phyllostomus discolor]	89673
XP_036170639.1	XP_037021224	22.968	283	305	378	91	4.11e-13	74.3	mitochondrial carrier protein SCaMC-3L [Artibeus jamaicensis]	9417
XP_036170639.1	XP_036912327	30.168	179	305	271	57	4.14e-13	73.2	mitochondrial 2-oxodicarboxylate carrier isoform X2 [Sturnira hondurensis]	192404
XP_036170639.1	XP_053767316	23.345	287	305	370	91	4.18e-13	74.3	mitochondrial carrier protein SCaMC-3L [Desmodus rotundus]	9430
XP_036170639.1	XP_006101175	27.174	184	305	435	60	4.41e-13	74.7	calcium-binding mitochondrial carrier protein SCaMC-3 isoform X1 [Myotis lucifugus]	59463
XP_036170639.1	XP_054418257	26.087	184	305	479	60	4.68e-13	74.7	mitochondrial adenyl nucleotide antiporter SLC25A23 isoform X2 [Pteronotus mesoamericanus]	1884717
XP_036170639.1	XP_036097447	26.087	184	305	468	60	4.72e-13	74.7	calcium-binding mitochondrial carrier protein SCaMC-3 isoform X1 [Molossus molossus]	27622
XP_036170639.1	XP_019585317	25.725	276	305	736	89	4.86e-13	75.1	electrogenic aspartate/glutamate antiporter SLC25A13, mitochondrial isoform X1 [Rhinolophus sinicus]	89399
XP_036170639.1	XP_070271054	28.947	266	305	350	80	5.00e-13	73.9	solute carrier family 25 member 48 isoform X2 [Myotis yumanensis]	159337
XP_036170639.1	XP_032975851	24.068	295	305	288	96	5.06e-13	73.2	solute carrier family 25 member 45 isoform X2 [Rhinolophus ferrumequinum]	59479
XP_036170639.1	XP_032975851	25.728	206	305	288	96	2.16e-11	68.6	solute carrier family 25 member 45 isoform X2 [Rhinolophus ferrumequinum]	59479
XP_036170639.1	XP_032975850	24.068	295	305	288	96	5.06e-13	73.2	solute carrier family 25 member 45 isoform X2 [Rhinolophus ferrumequinum]	59479
XP_036170639.1	XP_032975850	25.728	206	305	288	96	2.16e-11	68.6	solute carrier family 25 member 45 isoform X2 [Rhinolophus ferrumequinum]	59479
XP_036170639.1	XP_032975849	24.068	295	305	288	96	5.06e-13	73.2	solute carrier family 25 member 45 isoform X2 [Rhinolophus ferrumequinum]	59479
XP_036170639.1	XP_032975849	25.728	206	305	288	96	2.16e-11	68.6	solute carrier family 25 member 45 isoform X2 [Rhinolophus ferrumequinum]	59479
XP_036170639.1	XP_032975848	24.068	295	305	288	96	5.06e-13	73.2	solute carrier family 25 member 45 isoform X2 [Rhinolophus ferrumequinum]	59479
XP_036170639.1	XP_032975848	25.728	206	305	288	96	2.16e-11	68.6	solute carrier family 25 member 45 isoform X2 [Rhinolophus ferrumequinum]	59479
XP_036170639.1	XP_019585316	25.725	276	305	737	89	5.09e-13	74.7	electrogenic aspartate/glutamate antiporter SLC25A13, mitochondrial isoform X2 [Rhinolophus sinicus]	89399
XP_036170639.1	XP_066201339	26.087	184	305	468	60	5.22e-13	74.3	mitochondrial adenyl nucleotide antiporter SLC25A23 [Saccopteryx leptura]	249018
XP_036170639.1	XP_024902126	25.430	291	305	323	86	5.28e-13	73.6	mitochondrial glutamate carrier 1 [Pteropus alecto]	9402
XP_036170639.1	XP_006911023	25.430	291	305	323	86	5.28e-13	73.6	mitochondrial glutamate carrier 1 [Pteropus alecto]	9402
XP_036170639.1	XP_011379097	25.430	291	305	323	86	5.28e-13	73.6	mitochondrial glutamate carrier 1 [Pteropus vampyrus]	132908
XP_036170639.1	XP_039696416	25.430	291	305	323	86	5.28e-13	73.6	mitochondrial glutamate carrier 1 [Pteropus medius]	143291
XP_036170639.1	XP_039696415	25.430	291	305	323	86	5.28e-13	73.6	mitochondrial glutamate carrier 1 [Pteropus medius]	143291
XP_036170639.1	XP_054418256	26.636	214	305	533	69	5.31e-13	74.7	mitochondrial adenyl nucleotide antiporter SLC25A23 isoform X1 [Pteronotus mesoamericanus]	1884717
XP_036170639.1	XP_066209884	21.927	301	305	328	95	5.39e-13	73.6	ADP/ATP translocase 3-like [Saccopteryx leptura]	249018
XP_036170639.1	XP_066209884	25.946	185	305	328	95	6.18e-11	67.8	ADP/ATP translocase 3-like [Saccopteryx leptura]	249018
XP_036170639.1	XP_080935660	25.725	276	305	736	89	5.73e-13	74.7	LOW QUALITY PROTEIN: electrogenic aspartate/glutamate antiporter SLC25A13, mitochondrial [Rhinolophus hipposideros]	77218
XP_036170639.1	XP_054417985	22.968	283	305	370	91	5.76e-13	73.9	mitochondrial carrier protein SCaMC-3L [Pteronotus mesoamericanus]	1884717
XP_036170639.1	XP_066133884	29.609	179	305	241	57	5.86e-13	72.4	mitochondrial 2-oxodicarboxylate carrier isoform X4 [Saccopteryx bilineata]	59482
XP_036170639.1	XP_080927035	26.255	259	305	288	81	5.96e-13	73.2	solute carrier family 25 member 32 isoform 2 [Rhinolophus hipposideros]	77218
XP_036170639.1	XP_019571748	23.492	315	305	339	88	6.06e-13	73.6	mitochondrial glutathione transporter SLC25A40 isoform X1 [Rhinolophus sinicus]	89399
XP_036170639.1	XP_035885008	29.944	177	305	271	57	6.11e-13	72.8	mitochondrial 2-oxodicarboxylate carrier isoform X2 [Phyllostomus discolor]	89673
XP_036170639.1	XP_045687297	26.087	184	305	434	60	6.15e-13	74.3	calcium-binding mitochondrial carrier protein SCaMC-3 isoform X2 [Phyllostomus hastatus]	9423
XP_036170639.1	XP_037002156	26.776	183	305	298	90	6.16e-13	73.2	ADP/ATP translocase 3-like [Artibeus jamaicensis]	9417
XP_036170639.1	XP_037002156	21.875	288	305	298	90	3.29e-11	68.2	ADP/ATP translocase 3-like [Artibeus jamaicensis]	9417
XP_036170639.1	XP_066133880	29.609	179	305	271	57	6.17e-13	72.8	mitochondrial 2-oxodicarboxylate carrier isoform X2 [Saccopteryx bilineata]	59482
XP_036170639.1	XP_016003492	22.930	314	305	338	88	6.32e-13	73.6	solute carrier family 25 member 40 isoform X1 [Rousettus aegyptiacus]	9407
XP_036170639.1	XP_016003491	22.930	314	305	338	88	6.32e-13	73.6	solute carrier family 25 member 40 isoform X1 [Rousettus aegyptiacus]	9407
XP_036170639.1	XP_066200593	29.609	179	305	241	57	6.34e-13	72.4	mitochondrial 2-oxodicarboxylate carrier isoform X3 [Saccopteryx leptura]	249018
XP_036170639.1	XP_074192773	24.068	295	305	288	96	6.70e-13	72.8	solute carrier family 25 member 45 isoform X1 [Rhinolophus sinicus]	89399
XP_036170639.1	XP_074192773	25.243	206	305	288	96	5.01e-11	67.4	solute carrier family 25 member 45 isoform X1 [Rhinolophus sinicus]	89399
XP_036170639.1	XP_074192772	24.068	295	305	288	96	6.70e-13	72.8	solute carrier family 25 member 45 isoform X1 [Rhinolophus sinicus]	89399
XP_036170639.1	XP_074192772	25.243	206	305	288	96	5.01e-11	67.4	solute carrier family 25 member 45 isoform X1 [Rhinolophus sinicus]	89399
XP_036170639.1	XP_019593503	24.068	295	305	288	96	6.70e-13	72.8	solute carrier family 25 member 45 isoform X1 [Rhinolophus sinicus]	89399
XP_036170639.1	XP_019593503	25.243	206	305	288	96	5.01e-11	67.4	solute carrier family 25 member 45 isoform X1 [Rhinolophus sinicus]	89399
XP_036170639.1	XP_036898595	22.615	283	305	376	91	6.84e-13	73.9	mitochondrial carrier protein SCaMC-3L [Sturnira hondurensis]	192404
XP_036170639.1	XP_036315959	27.174	184	305	468	60	7.02e-13	73.9	calcium-binding mitochondrial carrier protein SCaMC-3 [Pipistrellus kuhlii]	59472
XP_036170639.1	XP_023378073	29.379	177	305	271	57	7.49e-13	72.8	mitochondrial 2-oxodicarboxylate carrier isoform X2 [Pteropus vampyrus]	132908
XP_036170639.1	XP_080530601	26.630	184	305	468	60	7.78e-13	73.9	mitochondrial adenyl nucleotide antiporter SLC25A23 isoform 1 [Plecotus auritus]	61862
XP_036170639.1	XP_024902136	24.911	281	305	337	87	7.88e-13	73.2	solute carrier family 25 member 45 isoform X1 [Pteropus alecto]	9402
XP_036170639.1	XP_005884468	26.630	184	305	432	60	8.23e-13	73.9	PREDICTED: calcium-binding mitochondrial carrier protein SCaMC-3 [Myotis brandtii]	109478
XP_036170639.1	XP_080981709	23.711	291	305	341	92	8.33e-13	73.2	solute carrier family 25 member 43 isoform 2 [Miniopterus schreibersii]	9433
XP_036170639.1	XP_036168730	26.630	184	305	468	60	8.45e-13	73.9	calcium-binding mitochondrial carrier protein SCaMC-3 [Myotis myotis]	51298
XP_036170639.1	XP_066237240	27.897	233	305	276	68	8.65e-13	72.4	mitochondrial glutamate carrier 2 isoform X3 [Saccopteryx leptura]	249018
XP_036170639.1	XP_059552924	26.630	184	305	468	60	8.69e-13	73.9	mitochondrial adenyl nucleotide antiporter SLC25A23 isoform X1 [Myotis daubentonii]	98922
XP_036170639.1	XP_080947635	26.630	184	305	468	60	8.69e-13	73.9	mitochondrial adenyl nucleotide antiporter SLC25A23 isoform 3 [Myotis nattereri]	109481
XP_036170639.1	XP_014309377	26.695	236	305	322	68	8.70e-13	73.2	solute carrier family 25 member 48 isoform X5 [Myotis lucifugus]	59463
XP_036170639.1	XP_036189117	24.885	217	305	324	71	9.18e-13	73.2	mitochondrial glycine transporter isoform X2 [Myotis myotis]	51298
XP_036170639.1	XP_016053401	26.066	211	305	468	69	9.80e-13	73.6	PREDICTED: calcium-binding mitochondrial carrier protein SCaMC-3 [Miniopterus natalensis]	291302
XP_036170639.1	XP_054573852	27.363	201	305	272	56	9.94e-13	72.4	solute carrier family 25 member 48 isoform X7 [Eptesicus fuscus]	29078
XP_036170639.1	XP_080992606	26.066	211	305	468	69	1.02e-12	73.6	mitochondrial adenyl nucleotide antiporter SLC25A23 isoform 1 [Miniopterus schreibersii]	9433
XP_036170639.1	XP_054573851	27.363	201	305	310	56	1.06e-12	72.8	solute carrier family 25 member 48 isoform X5 [Eptesicus fuscus]	29078
XP_036170639.1	XP_080947633	26.630	184	305	489	60	1.07e-12	73.6	mitochondrial adenyl nucleotide antiporter SLC25A23 isoform 1 [Myotis nattereri]	109481
XP_036170639.1	XP_080947634	26.630	184	305	485	60	1.15e-12	73.6	mitochondrial adenyl nucleotide antiporter SLC25A23 isoform 2 [Myotis nattereri]	109481
XP_036170639.1	XP_045056456	27.434	226	305	270	68	1.24e-12	72.0	mitochondrial glutamate carrier 2 isoform X2 [Desmodus rotundus]	9430
XP_036170639.1	XP_045056450	27.434	226	305	270	68	1.24e-12	72.0	mitochondrial glutamate carrier 2 isoform X2 [Desmodus rotundus]	9430
XP_036170639.1	XP_006764286	26.630	184	305	432	60	1.25e-12	73.2	PREDICTED: calcium-binding mitochondrial carrier protein SCaMC-3 [Myotis davidii]	225400
XP_036170639.1	XP_070272049	26.630	184	305	468	60	1.33e-12	73.2	mitochondrial adenyl nucleotide antiporter SLC25A23 isoform X1 [Myotis yumanensis]	159337
XP_036170639.1	XP_015455313	22.540	315	305	338	88	1.34e-12	72.8	solute carrier family 25 member 40 isoform X1 [Pteropus alecto]	9402
XP_036170639.1	XP_006925778	22.540	315	305	338	88	1.34e-12	72.8	solute carrier family 25 member 40 isoform X1 [Pteropus alecto]	9402
XP_036170639.1	XP_011362376	22.540	315	305	338	88	1.34e-12	72.8	solute carrier family 25 member 40 isoform X1 [Pteropus vampyrus]	132908
XP_036170639.1	XP_011362366	22.540	315	305	338	88	1.34e-12	72.8	solute carrier family 25 member 40 isoform X1 [Pteropus vampyrus]	132908
XP_036170639.1	XP_039734138	22.540	315	305	338	88	1.34e-12	72.8	mitochondrial glutathione transporter SLC25A40 isoform X1 [Pteropus medius]	143291
XP_036170639.1	XP_039734137	22.540	315	305	338	88	1.34e-12	72.8	mitochondrial glutathione transporter SLC25A40 isoform X1 [Pteropus medius]	143291
XP_036170639.1	XP_032989697	25.543	184	305	535	60	1.42e-12	73.2	calcium-binding mitochondrial carrier protein SCaMC-3 isoform X1 [Rhinolophus ferrumequinum]	59479
XP_036170639.1	XP_036079182	24.051	316	305	337	90	1.42e-12	72.4	solute carrier family 25 member 39 isoform X6 [Rousettus aegyptiacus]	9407
XP_036170639.1	XP_008148780	26.630	184	305	468	60	1.47e-12	73.2	calcium-binding mitochondrial carrier protein SCaMC-3 [Eptesicus fuscus]	29078
XP_036170639.1	XP_032944023	23.175	315	305	339	88	1.51e-12	72.4	probable mitochondrial glutathione transporter SLC25A40 isoform X2 [Rhinolophus ferrumequinum]	59479
XP_036170639.1	XP_079627935	26.630	184	305	468	60	1.53e-12	73.2	mitochondrial adenyl nucleotide antiporter SLC25A23 [Cnephaeus nilssonii]	3371016
XP_036170639.1	XP_036170977	22.968	283	305	372	91	1.55e-12	72.8	solute carrier family 25 member 41 [Myotis myotis]	51298
XP_036170639.1	XP_080917716	24.101	278	305	300	91	1.55e-12	72.0	solute carrier family 25 member 45 isoform 1 [Rhinolophus hipposideros]	77218
XP_036170639.1	XP_080917716	25.581	215	305	300	91	6.09e-11	67.4	solute carrier family 25 member 45 isoform 1 [Rhinolophus hipposideros]	77218
XP_036170639.1	XP_080932296	25.543	184	305	523	60	1.57e-12	73.2	mitochondrial adenyl nucleotide antiporter SLC25A23 [Rhinolophus hipposideros]	77218
XP_036170639.1	XP_045687299	27.014	211	305	416	69	1.59e-12	72.8	calcium-binding mitochondrial carrier protein SCaMC-3 isoform X4 [Phyllostomus hastatus]	9423
XP_036170639.1	XP_036169647	25.847	236	305	305	68	1.61e-12	72.0	solute carrier family 25 member 48 isoform X4 [Myotis myotis]	51298
XP_036170639.1	XP_054436318	22.917	288	305	339	93	1.63e-12	72.4	solute carrier family 25 member 43 [Pteronotus mesoamericanus]	1884717
XP_036170639.1	XP_054436318	28.415	183	305	339	93	7.95e-12	70.5	solute carrier family 25 member 43 [Pteronotus mesoamericanus]	1884717
XP_036170639.1	XP_006762396	23.050	282	305	297	88	1.64e-12	72.0	PREDICTED: ADP/ATP translocase 2 [Myotis davidii]	225400
XP_036170639.1	XP_016077192	26.776	183	305	244	60	1.73e-12	71.2	PREDICTED: ADP/ATP translocase 3 [Miniopterus natalensis]	291302
XP_036170639.1	XP_036086943	21.479	284	305	361	89	1.77e-12	72.4	ADP/ATP translocase 3-like [Rousettus aegyptiacus]	9407
XP_036170639.1	XP_035888171	27.014	211	305	418	69	1.91e-12	72.8	calcium-binding mitochondrial carrier protein SCaMC-3 isoform X6 [Phyllostomus discolor]	89673
XP_036170639.1	XP_054419943	23.313	326	305	336	91	1.93e-12	72.0	probable mitochondrial glutathione transporter SLC25A40 [Pteronotus mesoamericanus]	1884717
XP_036170639.1	XP_054419942	23.313	326	305	336	91	1.93e-12	72.0	probable mitochondrial glutathione transporter SLC25A40 [Pteronotus mesoamericanus]	1884717
XP_036170639.1	XP_054419941	23.313	326	305	336	91	1.93e-12	72.0	probable mitochondrial glutathione transporter SLC25A40 [Pteronotus mesoamericanus]	1884717
XP_036170639.1	XP_035881246	25.086	291	305	273	92	2.08e-12	71.2	solute carrier family 25 member 34 isoform X2 [Phyllostomus discolor]	89673
XP_036170639.1	XP_019566330	25.543	184	305	468	60	2.15e-12	72.8	mitochondrial adenyl nucleotide antiporter SLC25A23 isoform X4 [Rhinolophus sinicus]	89399
XP_036170639.1	XP_080935587	23.492	315	305	339	88	2.16e-12	72.0	mitochondrial glutathione transporter SLC25A40 isoform 2 [Rhinolophus hipposideros]	77218
XP_036170639.1	XP_054582481	23.676	321	305	340	89	2.37e-12	72.0	probable mitochondrial glutathione transporter SLC25A40 isoform X1 [Eptesicus fuscus]	29078
XP_036170639.1	XP_054582480	23.676	321	305	340	89	2.37e-12	72.0	probable mitochondrial glutathione transporter SLC25A40 isoform X1 [Eptesicus fuscus]	29078
XP_036170639.1	XP_054582479	23.676	321	305	340	89	2.37e-12	72.0	probable mitochondrial glutathione transporter SLC25A40 isoform X1 [Eptesicus fuscus]	29078
XP_036170639.1	XP_054582478	23.676	321	305	340	89	2.37e-12	72.0	probable mitochondrial glutathione transporter SLC25A40 isoform X1 [Eptesicus fuscus]	29078
XP_036170639.1	XP_011371898	29.012	162	305	390	53	2.48e-12	72.0	calcium-binding mitochondrial carrier protein SCaMC-3 isoform X2 [Pteropus vampyrus]	132908
XP_036170639.1	XP_039734441	29.012	162	305	390	53	2.48e-12	72.0	mitochondrial adenyl nucleotide antiporter SLC25A23 isoform X4 [Pteropus medius]	143291
XP_036170639.1	XP_019508918	21.479	284	305	365	91	2.55e-12	72.0	PREDICTED: solute carrier family 25 member 41 [Hipposideros armiger]	186990
XP_036170639.1	XP_024413293	22.069	290	305	298	90	2.58e-12	71.2	ADP/ATP translocase 3-like [Desmodus rotundus]	9430
XP_036170639.1	XP_024413293	26.230	183	305	298	90	1.10e-11	69.7	ADP/ATP translocase 3-like [Desmodus rotundus]	9430
XP_036170639.1	XP_045434432	23.482	247	305	356	77	2.63e-12	72.0	solute carrier family 25 member 40 isoform X1 [Pipistrellus kuhlii]	59472
XP_036170639.1	XP_045434431	23.482	247	305	356	77	2.63e-12	72.0	solute carrier family 25 member 40 isoform X1 [Pipistrellus kuhlii]	59472
XP_036170639.1	XP_045434430	23.482	247	305	356	77	2.63e-12	72.0	solute carrier family 25 member 40 isoform X1 [Pipistrellus kuhlii]	59472
XP_036170639.1	XP_035886250	25.521	192	305	250	62	2.63e-12	70.9	mitochondrial carnitine/acylcarnitine carrier protein isoform X2 [Phyllostomus discolor]	89673
XP_036170639.1	XP_015441202	29.012	162	305	390	53	2.80e-12	72.0	calcium-binding mitochondrial carrier protein SCaMC-3 isoform X3 [Pteropus alecto]	9402
XP_036170639.1	XP_023607913	26.695	236	305	444	68	2.81e-12	72.4	solute carrier family 25 member 48 isoform X1 [Myotis lucifugus]	59463
XP_036170639.1	XP_039705111	21.561	269	305	294	84	2.84e-12	71.2	ADP/ATP translocase 3-like [Pteropus medius]	143291
XP_036170639.1	XP_028379147	28.962	183	305	341	93	2.88e-12	71.6	solute carrier family 25 member 43 isoform X1 [Phyllostomus discolor]	89673
XP_036170639.1	XP_028379147	23.611	288	305	341	93	2.73e-11	68.9	solute carrier family 25 member 43 isoform X1 [Phyllostomus discolor]	89673
XP_036170639.1	XP_080966443	29.444	180	305	217	55	2.91e-12	70.1	mitochondrial thiamine pyrophosphate carrier isoform 2 [Myotis nattereri]	109481
XP_036170639.1	XP_053782955	23.323	313	305	336	88	2.95e-12	71.6	mitochondrial glutathione transporter SLC25A40 [Desmodus rotundus]	9430
XP_036170639.1	XP_024414911	23.323	313	305	336	88	2.95e-12	71.6	mitochondrial glutathione transporter SLC25A40 [Desmodus rotundus]	9430
XP_036170639.1	XP_054426582	24.573	293	305	284	90	3.03e-12	70.9	solute carrier family 25 member 45 isoform X2 [Pteronotus mesoamericanus]	1884717
XP_036170639.1	XP_054450481	25.521	192	305	301	62	3.06e-12	71.2	mitochondrial carnitine/acylcarnitine carrier protein [Pteronotus mesoamericanus]	1884717
XP_036170639.1	XP_070247070	22.896	297	305	274	95	3.22e-12	70.9	mitochondrial S-adenosylmethionine carrier protein isoform X1 [Myotis yumanensis]	159337
XP_036170639.1	XP_035869504	27.189	217	305	359	64	3.31e-12	71.6	solute carrier family 25 member 48 isoform X3 [Phyllostomus discolor]	89673
XP_036170639.1	XP_016058317	25.521	192	305	250	62	3.42e-12	70.5	PREDICTED: mitochondrial carnitine/acylcarnitine carrier protein isoform X2 [Miniopterus natalensis]	291302
XP_036170639.1	XP_019501025	24.068	295	305	288	96	3.61e-12	70.9	PREDICTED: solute carrier family 25 member 45 isoform X4 [Hipposideros armiger]	186990
XP_036170639.1	XP_019501025	25.728	206	305	288	96	4.68e-11	67.8	PREDICTED: solute carrier family 25 member 45 isoform X4 [Hipposideros armiger]	186990
XP_036170639.1	XP_015994094	27.016	248	305	298	78	3.71e-12	70.9	mitochondrial 2-oxodicarboxylate carrier isoform X5 [Rousettus aegyptiacus]	9407
XP_036170639.1	XP_024899312	29.012	162	305	404	53	4.60e-12	71.6	calcium-binding mitochondrial carrier protein SCaMC-3 isoform X2 [Pteropus alecto]	9402
XP_036170639.1	XP_045046436	24.845	322	305	320	92	4.84e-12	70.9	solute carrier family 25 member 33 isoform X1 [Desmodus rotundus]	9430
XP_036170639.1	XP_023394324	29.012	162	305	424	53	5.25e-12	71.2	calcium-binding mitochondrial carrier protein SCaMC-3 isoform X1 [Pteropus vampyrus]	132908
XP_036170639.1	XP_039702631	23.175	315	305	337	90	5.49e-12	70.9	mitochondrial glutathione transporter SLC25A39 isoform X4 [Pteropus medius]	143291
XP_036170639.1	XP_039702630	23.175	315	305	337	90	5.49e-12	70.9	mitochondrial glutathione transporter SLC25A39 isoform X4 [Pteropus medius]	143291
XP_036170639.1	XP_032963553	26.971	241	305	302	73	5.53e-12	70.5	LOW QUALITY PROTEIN: mitochondrial folate transporter/carrier-like [Rhinolophus ferrumequinum]	59479
XP_036170639.1	XP_032946752	24.735	283	305	249	89	5.60e-12	69.7	solute carrier family 25 member 35 isoform X2 [Rhinolophus ferrumequinum]	59479
XP_036170639.1	XP_053773213	23.264	288	305	341	93	5.84e-12	70.9	solute carrier family 25 member 43 isoform X2 [Desmodus rotundus]	9430
XP_036170639.1	XP_053773213	28.415	183	305	341	93	8.68e-12	70.1	solute carrier family 25 member 43 isoform X2 [Desmodus rotundus]	9430
XP_036170639.1	XP_079642520	23.154	298	305	298	92	5.99e-12	70.5	ADP/ATP translocase 3-like [Cnephaeus nilssonii]	3371016
XP_036170639.1	XP_023607915	30.814	172	305	347	50	6.11e-12	70.9	solute carrier family 25 member 48 isoform X4 [Myotis lucifugus]	59463
XP_036170639.1	XP_070283587	25.616	203	305	239	61	6.38e-12	69.3	solute carrier family 25 member 45 isoform X4 [Myotis yumanensis]	159337
XP_036170639.1	XP_032989700	21.127	284	305	293	91	6.86e-12	70.1	mitochondrial carrier protein SCaMC-3L isoform X1 [Rhinolophus ferrumequinum]	59479
XP_036170639.1	XP_074193782	21.479	284	305	367	94	6.90e-12	70.9	mitochondrial adenyl nucleotide antiporter SLC25A23 isoform X5 [Rhinolophus sinicus]	89399
XP_036170639.1	XP_074193782	26.214	206	305	367	94	9.65e-11	67.4	mitochondrial adenyl nucleotide antiporter SLC25A23 isoform X5 [Rhinolophus sinicus]	89399
XP_036170639.1	XP_019571759	23.108	251	305	277	77	6.97e-12	70.1	mitochondrial glutathione transporter SLC25A40 isoform X2 [Rhinolophus sinicus]	89399
XP_036170639.1	XP_036099048	25.418	299	305	674	95	7.21e-12	71.2	LOW QUALITY PROTEIN: calcium-binding mitochondrial carrier protein Aralar2-like [Molossus molossus]	27622
XP_036170639.1	XP_019509062	25.000	184	305	468	60	7.55e-12	70.9	PREDICTED: calcium-binding mitochondrial carrier protein SCaMC-3 isoform X1 [Hipposideros armiger]	186990
XP_036170639.1	XP_054426581	24.324	296	305	288	90	7.63e-12	70.1	solute carrier family 25 member 45 isoform X1 [Pteronotus mesoamericanus]	1884717
XP_036170639.1	XP_005862981	22.744	277	305	300	86	7.88e-12	70.1	PREDICTED: ADP/ATP translocase 3 [Myotis brandtii]	109478
XP_036170639.1	XP_054418258	27.329	161	305	421	53	8.36e-12	70.9	mitochondrial adenyl nucleotide antiporter SLC25A23 isoform X3 [Pteronotus mesoamericanus]	1884717
XP_036170639.1	XP_036921938	22.145	289	305	298	90	9.29e-12	69.7	ADP/ATP translocase 3-like [Sturnira hondurensis]	192404
XP_036170639.1	XP_036921938	26.230	183	305	298	90	1.66e-11	68.9	ADP/ATP translocase 3-like [Sturnira hondurensis]	192404
XP_036170639.1	XP_037019996	28.415	183	305	341	93	9.72e-12	70.1	solute carrier family 25 member 43 isoform X2 [Artibeus jamaicensis]	9417
XP_036170639.1	XP_037019996	23.611	288	305	341	93	1.68e-11	69.3	solute carrier family 25 member 43 isoform X2 [Artibeus jamaicensis]	9417
XP_036170639.1	XP_037021569	24.534	322	305	320	92	9.86e-12	70.1	solute carrier family 25 member 33 [Artibeus jamaicensis]	9417
XP_036170639.1	XP_036116751	21.831	284	305	501	90	1.04e-11	70.5	calcium-binding mitochondrial carrier protein SCaMC-2 isoform X2 [Molossus molossus]	27622
XP_036170639.1	XP_080932323	21.479	284	305	365	91	1.04e-11	70.1	mitochondrial carrier protein SCaMC-3L [Rhinolophus hipposideros]	77218
XP_036170639.1	XP_045673516	28.415	183	305	341	93	1.05e-11	70.1	solute carrier family 25 member 43 isoform X1 [Phyllostomus hastatus]	9423
XP_036170639.1	XP_045673516	23.611	288	305	341	93	1.74e-11	69.3	solute carrier family 25 member 43 isoform X1 [Phyllostomus hastatus]	9423
XP_036170639.1	XP_014403086	23.529	323	305	341	89	1.06e-11	70.1	PREDICTED: solute carrier family 25 member 40 isoform X3 [Myotis brandtii]	109478
XP_036170639.1	XP_036184187	23.529	323	305	341	89	1.06e-11	70.1	solute carrier family 25 member 40 isoform X3 [Myotis myotis]	51298
XP_036170639.1	XP_054428697	22.968	283	305	298	88	1.11e-11	69.7	ADP/ATP translocase 2-like [Pteronotus mesoamericanus]	1884717
XP_036170639.1	XP_036116754	21.831	284	305	489	90	1.17e-11	70.5	calcium-binding mitochondrial carrier protein SCaMC-2 isoform X4 [Molossus molossus]	27622
XP_036170639.1	XP_006768898	26.705	176	305	208	88	1.25e-11	68.2	PREDICTED: tricarboxylate transport protein, mitochondrial [Myotis davidii]	225400
XP_036170639.1	XP_006768898	27.869	183	305	208	88	3.27e-11	67.0	PREDICTED: tricarboxylate transport protein, mitochondrial [Myotis davidii]	225400
XP_036170639.1	XP_014402616	26.705	176	305	208	88	1.25e-11	68.2	PREDICTED: tricarboxylate transport protein, mitochondrial [Myotis brandtii]	109478
XP_036170639.1	XP_014402616	27.869	183	305	208	88	3.27e-11	67.0	PREDICTED: tricarboxylate transport protein, mitochondrial [Myotis brandtii]	109478
XP_036170639.1	XP_080959987	21.831	284	305	344	90	1.31e-11	69.7	mitochondrial adenyl nucleotide antiporter SLC25A25 isoform 2 [Myotis nattereri]	109481
XP_036170639.1	XP_036079181	23.659	317	305	338	90	1.31e-11	69.7	solute carrier family 25 member 39 isoform X5 [Rousettus aegyptiacus]	9407
XP_036170639.1	XP_080883477	27.528	178	305	250	55	1.39e-11	68.6	mitochondrial thiamine pyrophosphate carrier isoform 3 [Rhinolophus hipposideros]	77218
XP_036170639.1	XP_080883476	27.528	178	305	250	55	1.39e-11	68.6	mitochondrial thiamine pyrophosphate carrier isoform 3 [Rhinolophus hipposideros]	77218
XP_036170639.1	XP_036892697	21.831	284	305	489	90	1.40e-11	70.1	mitochondrial adenyl nucleotide antiporter SLC25A25 isoform X4 [Sturnira hondurensis]	192404
XP_036170639.1	XP_080506257	26.705	176	305	208	88	1.42e-11	67.8	tricarboxylate transport protein, mitochondrial isoform 2 [Plecotus auritus]	61862
XP_036170639.1	XP_080506257	27.322	183	305	208	88	7.22e-11	65.9	tricarboxylate transport protein, mitochondrial isoform 2 [Plecotus auritus]	61862
XP_036170639.1	XP_036892695	21.831	284	305	501	90	1.43e-11	70.1	mitochondrial adenyl nucleotide antiporter SLC25A25 isoform X2 [Sturnira hondurensis]	192404
XP_036170639.1	XP_059514130	21.831	284	305	489	90	1.46e-11	70.1	mitochondrial adenyl nucleotide antiporter SLC25A25 isoform X4 [Myotis daubentonii]	98922
XP_036170639.1	XP_036116750	21.831	284	305	512	90	1.47e-11	70.1	calcium-binding mitochondrial carrier protein SCaMC-2 isoform X1 [Molossus molossus]	27622
XP_036170639.1	XP_014320523	26.705	176	305	208	88	1.48e-11	67.8	LOW QUALITY PROTEIN: tricarboxylate transport protein, mitochondrial [Myotis lucifugus]	59463
XP_036170639.1	XP_014320523	28.415	183	305	208	88	1.83e-11	67.4	LOW QUALITY PROTEIN: tricarboxylate transport protein, mitochondrial [Myotis lucifugus]	59463
XP_036170639.1	XP_019507291	26.111	180	305	301	57	1.49e-11	69.3	PREDICTED: mitochondrial ornithine transporter 1 [Hipposideros armiger]	186990
XP_036170639.1	XP_019507290	26.111	180	305	301	57	1.49e-11	69.3	PREDICTED: mitochondrial ornithine transporter 1 [Hipposideros armiger]	186990
XP_036170639.1	XP_019507289	26.111	180	305	301	57	1.49e-11	69.3	PREDICTED: mitochondrial ornithine transporter 1 [Hipposideros armiger]	186990
XP_036170639.1	XP_074193780	25.389	193	305	607	62	1.50e-11	70.5	mitochondrial adenyl nucleotide antiporter SLC25A23 isoform X2 [Rhinolophus sinicus]	89399
XP_036170639.1	XP_006910188	22.857	315	305	337	90	1.51e-11	69.7	solute carrier family 25 member 39 isoform X4 [Pteropus alecto]	9402
XP_036170639.1	XP_006910187	22.857	315	305	337	90	1.51e-11	69.7	solute carrier family 25 member 39 isoform X4 [Pteropus alecto]	9402
XP_036170639.1	XP_080520788	22.794	272	305	298	84	1.54e-11	69.3	ADP/ATP translocase 3-like [Plecotus auritus]	61862
XP_036170639.1	XP_080899609	26.230	183	305	244	60	1.56e-11	68.6	ADP/ATP translocase 3 isoform 2 [Rhinolophus hipposideros]	77218
XP_036170639.1	XP_080899608	26.230	183	305	244	60	1.56e-11	68.6	ADP/ATP translocase 3 isoform 2 [Rhinolophus hipposideros]	77218
XP_036170639.1	XP_080899607	26.230	183	305	244	60	1.56e-11	68.6	ADP/ATP translocase 3 isoform 2 [Rhinolophus hipposideros]	77218
XP_036170639.1	XP_036901201	24.845	322	305	320	92	1.58e-11	69.3	solute carrier family 25 member 33 [Sturnira hondurensis]	192404
XP_036170639.1	XP_036205595	24.000	325	305	321	92	1.59e-11	69.3	solute carrier family 25 member 33 isoform X2 [Myotis myotis]	51298
XP_036170639.1	XP_035866597	21.528	288	305	298	90	1.61e-11	68.9	ADP/ATP translocase 3-like [Phyllostomus discolor]	89673
XP_036170639.1	XP_035866597	25.683	183	305	298	90	8.59e-11	67.0	ADP/ATP translocase 3-like [Phyllostomus discolor]	89673
XP_036170639.1	XP_059514128	21.831	284	305	501	90	1.61e-11	70.1	mitochondrial adenyl nucleotide antiporter SLC25A25 isoform X2 [Myotis daubentonii]	98922
XP_036170639.1	XP_036185440	21.831	284	305	489	90	1.65e-11	70.1	calcium-binding mitochondrial carrier protein SCaMC-2 isoform X4 [Myotis myotis]	51298
XP_036170639.1	XP_080959989	21.831	284	305	489	90	1.65e-11	70.1	mitochondrial adenyl nucleotide antiporter SLC25A25 isoform 4 [Myotis nattereri]	109481
XP_036170639.1	XP_045701922	21.831	284	305	501	90	1.66e-11	70.1	calcium-binding mitochondrial carrier protein SCaMC-2 isoform X2 [Phyllostomus hastatus]	9423
XP_036170639.1	XP_045701925	21.831	284	305	489	90	1.68e-11	70.1	calcium-binding mitochondrial carrier protein SCaMC-2 isoform X4 [Phyllostomus hastatus]	9423
XP_036170639.1	XP_070286687	21.831	284	305	489	90	1.69e-11	70.1	mitochondrial adenyl nucleotide antiporter SLC25A25 isoform X4 [Myotis yumanensis]	159337
XP_036170639.1	XP_011385495	33.333	138	305	186	45	1.71e-11	67.4	kidney mitochondrial carrier protein 1-like, partial [Pteropus vampyrus]	132908
XP_036170639.1	XP_045715954	26.224	286	305	273	92	1.72e-11	68.6	solute carrier family 25 member 34 isoform X2 [Phyllostomus hastatus]	9423
XP_036170639.1	XP_019485897	22.112	303	305	330	88	1.74e-11	69.3	PREDICTED: solute carrier family 25 member 40 [Hipposideros armiger]	186990
XP_036170639.1	XP_006768582	21.831	284	305	489	90	1.74e-11	70.1	PREDICTED: calcium-binding mitochondrial carrier protein SCaMC-2 isoform X4 [Myotis davidii]	225400
XP_036170639.1	XP_053776243	21.479	284	305	502	90	1.81e-11	70.1	mitochondrial adenyl nucleotide antiporter SLC25A25 isoform X2 [Desmodus rotundus]	9430
XP_036170639.1	XP_036116752	21.831	284	305	500	90	1.83e-11	70.1	calcium-binding mitochondrial carrier protein SCaMC-2 isoform X3 [Molossus molossus]	27622
XP_036170639.1	XP_079642309	23.053	321	305	340	89	1.88e-11	69.3	mitochondrial glutathione transporter SLC25A40 isoform 1 [Cnephaeus nilssonii]	3371016
XP_036170639.1	XP_079642308	23.053	321	305	340	89	1.88e-11	69.3	mitochondrial glutathione transporter SLC25A40 isoform 1 [Cnephaeus nilssonii]	3371016
XP_036170639.1	XP_070281281	23.466	277	305	298	86	1.90e-11	68.9	ADP/ATP translocase 3-like [Myotis yumanensis]	159337
XP_036170639.1	XP_070286685	21.831	284	305	501	90	1.91e-11	69.7	mitochondrial adenyl nucleotide antiporter SLC25A25 isoform X2 [Myotis yumanensis]	159337
XP_036170639.1	XP_008149968	24.308	325	305	321	92	1.91e-11	68.9	solute carrier family 25 member 33 isoform X1 [Eptesicus fuscus]	29078
XP_036170639.1	XP_080512008	24.308	325	305	321	92	1.91e-11	68.9	solute carrier family 25 member 33 isoform 1 [Plecotus auritus]	61862
XP_036170639.1	XP_079634317	24.308	325	305	321	92	1.91e-11	68.9	solute carrier family 25 member 33 [Cnephaeus nilssonii]	3371016
XP_036170639.1	XP_006768580	21.831	284	305	501	90	1.94e-11	69.7	PREDICTED: calcium-binding mitochondrial carrier protein SCaMC-2 isoform X2 [Myotis davidii]	225400
XP_036170639.1	XP_005881488	21.831	284	305	489	90	1.94e-11	69.7	PREDICTED: calcium-binding mitochondrial carrier protein SCaMC-2 isoform X2 [Myotis brandtii]	109478
XP_036170639.1	XP_053776273	21.479	284	305	378	90	1.94e-11	69.3	mitochondrial adenyl nucleotide antiporter SLC25A25 isoform X7 [Desmodus rotundus]	9430
XP_036170639.1	XP_036185438	21.831	284	305	501	90	1.96e-11	69.7	calcium-binding mitochondrial carrier protein SCaMC-2 isoform X2 [Myotis myotis]	51298
XP_036170639.1	XP_080959990	21.831	284	305	501	90	1.96e-11	69.7	mitochondrial adenyl nucleotide antiporter SLC25A25 isoform 5 [Myotis nattereri]	109481
XP_036170639.1	XP_005881487	21.831	284	305	501	90	2.01e-11	69.7	PREDICTED: calcium-binding mitochondrial carrier protein SCaMC-2 isoform X1 [Myotis brandtii]	109478
XP_036170639.1	XP_053776252	21.479	284	305	490	90	2.04e-11	69.7	mitochondrial adenyl nucleotide antiporter SLC25A25 isoform X4 [Desmodus rotundus]	9430
XP_036170639.1	XP_059514127	21.831	284	305	512	90	2.08e-11	69.7	mitochondrial adenyl nucleotide antiporter SLC25A25 isoform X1 [Myotis daubentonii]	98922
XP_036170639.1	XP_036925026	23.264	288	305	341	93	2.08e-11	69.3	solute carrier family 25 member 43 [Sturnira hondurensis]	192404
XP_036170639.1	XP_036925026	28.090	178	305	341	93	4.41e-11	68.2	solute carrier family 25 member 43 [Sturnira hondurensis]	192404
XP_036170639.1	XP_028378663	21.831	284	305	501	90	2.15e-11	69.7	calcium-binding mitochondrial carrier protein SCaMC-2 isoform X2 [Phyllostomus discolor]	89673
XP_036170639.1	XP_080922728	21.831	284	305	489	90	2.17e-11	69.7	mitochondrial adenyl nucleotide antiporter SLC25A25 isoform 11 [Rhinolophus hipposideros]	77218
XP_036170639.1	XP_032979021	21.831	284	305	489	90	2.19e-11	69.7	calcium-binding mitochondrial carrier protein SCaMC-2 isoform X4 [Rhinolophus ferrumequinum]	59479
XP_036170639.1	XP_080922727	21.831	284	305	501	90	2.21e-11	69.7	mitochondrial adenyl nucleotide antiporter SLC25A25 isoform 10 [Rhinolophus hipposideros]	77218
XP_036170639.1	XP_036193877	26.667	225	305	277	70	2.23e-11	68.6	mitochondrial folate transporter/carrier isoform X2 [Myotis myotis]	51298
XP_036170639.1	XP_045701921	21.831	284	305	512	90	2.24e-11	69.7	calcium-binding mitochondrial carrier protein SCaMC-2 isoform X1 [Phyllostomus hastatus]	9423
XP_036170639.1	XP_028378639	21.831	284	305	512	90	2.28e-11	69.7	calcium-binding mitochondrial carrier protein SCaMC-2 isoform X1 [Phyllostomus discolor]	89673
XP_036170639.1	XP_036126929	27.869	183	305	341	57	2.29e-11	68.9	solute carrier family 25 member 43 [Molossus molossus]	27622
XP_036170639.1	XP_045701924	21.831	284	305	500	90	2.33e-11	69.7	calcium-binding mitochondrial carrier protein SCaMC-2 isoform X3 [Phyllostomus hastatus]	9423
XP_036170639.1	XP_019492552	21.831	284	305	501	90	2.33e-11	69.7	PREDICTED: calcium-binding mitochondrial carrier protein SCaMC-2 isoform X3 [Hipposideros armiger]	186990
XP_036170639.1	XP_032979020	21.831	284	305	501	90	2.33e-11	69.7	calcium-binding mitochondrial carrier protein SCaMC-2 isoform X3 [Rhinolophus ferrumequinum]	59479
XP_036170639.1	XP_006774978	22.794	272	305	298	84	2.36e-11	68.6	PREDICTED: ADP/ATP translocase 3-like [Myotis davidii]	225400
XP_036170639.1	XP_054435775	24.534	322	305	320	92	2.38e-11	68.9	solute carrier family 25 member 33 isoform X1 [Pteronotus mesoamericanus]	1884717
XP_036170639.1	XP_028378672	21.831	284	305	489	90	2.38e-11	69.7	calcium-binding mitochondrial carrier protein SCaMC-2 isoform X4 [Phyllostomus discolor]	89673
XP_036170639.1	XP_059514129	21.831	284	305	500	90	2.39e-11	69.7	mitochondrial adenyl nucleotide antiporter SLC25A25 isoform X3 [Myotis daubentonii]	98922
XP_036170639.1	XP_016066509	21.831	284	305	489	90	2.42e-11	69.7	PREDICTED: calcium-binding mitochondrial carrier protein SCaMC-2 isoform X1 [Miniopterus natalensis]	291302
XP_036170639.1	XP_081007317	21.831	284	305	489	90	2.42e-11	69.7	mitochondrial adenyl nucleotide antiporter SLC25A25 isoform 4 [Miniopterus schreibersii]	9433
XP_036170639.1	XP_036116755	21.831	284	305	481	90	2.44e-11	69.3	calcium-binding mitochondrial carrier protein SCaMC-2 isoform X5 [Molossus molossus]	27622
XP_036170639.1	XP_035866556	23.220	323	305	336	91	2.44e-11	68.9	solute carrier family 25 member 40 [Phyllostomus discolor]	89673
XP_036170639.1	XP_035866555	23.220	323	305	336	91	2.44e-11	68.9	solute carrier family 25 member 40 [Phyllostomus discolor]	89673
XP_036170639.1	XP_035866554	23.220	323	305	336	91	2.44e-11	68.9	solute carrier family 25 member 40 [Phyllostomus discolor]	89673
XP_036170639.1	XP_032979023	21.831	284	305	471	90	2.45e-11	69.3	calcium-binding mitochondrial carrier protein SCaMC-2 isoform X6 [Rhinolophus ferrumequinum]	59479
XP_036170639.1	XP_019492561	21.831	284	305	489	90	2.47e-11	69.3	PREDICTED: calcium-binding mitochondrial carrier protein SCaMC-2 isoform X4 [Hipposideros armiger]	186990
XP_036170639.1	XP_036116756	21.831	284	305	469	90	2.53e-11	69.3	calcium-binding mitochondrial carrier protein SCaMC-2 isoform X6 [Molossus molossus]	27622
XP_036170639.1	XP_079642311	23.053	321	305	375	89	2.56e-11	68.9	mitochondrial glutathione transporter SLC25A40 isoform 3 [Cnephaeus nilssonii]	3371016
XP_036170639.1	XP_070286684	21.831	284	305	512	90	2.64e-11	69.3	mitochondrial adenyl nucleotide antiporter SLC25A25 isoform X1 [Myotis yumanensis]	159337
XP_036170639.1	XP_006768579	21.831	284	305	512	90	2.64e-11	69.3	PREDICTED: calcium-binding mitochondrial carrier protein SCaMC-2 isoform X1 [Myotis davidii]	225400
XP_036170639.1	XP_036185437	21.831	284	305	512	90	2.64e-11	69.3	calcium-binding mitochondrial carrier protein SCaMC-2 isoform X1 [Myotis myotis]	51298
XP_036170639.1	XP_006102130	21.831	284	305	512	90	2.64e-11	69.3	calcium-binding mitochondrial carrier protein SCaMC-2 isoform X1 [Myotis lucifugus]	59463
XP_036170639.1	XP_080959988	21.831	284	305	512	90	2.64e-11	69.3	mitochondrial adenyl nucleotide antiporter SLC25A25 isoform 3 [Myotis nattereri]	109481
XP_036170639.1	XP_019492587	21.831	284	305	459	90	2.70e-11	69.3	PREDICTED: calcium-binding mitochondrial carrier protein SCaMC-2 isoform X7 [Hipposideros armiger]	186990
XP_036170639.1	XP_019492537	21.831	284	305	513	90	2.72e-11	69.3	PREDICTED: calcium-binding mitochondrial carrier protein SCaMC-2 isoform X1 [Hipposideros armiger]	186990
XP_036170639.1	XP_008147864	21.993	291	305	298	90	2.75e-11	68.6	ADP/ATP translocase 3-like [Eptesicus fuscus]	29078
XP_036170639.1	XP_080922735	21.831	284	305	513	90	2.80e-11	69.3	mitochondrial adenyl nucleotide antiporter SLC25A25 isoform 6 [Rhinolophus hipposideros]	77218
XP_036170639.1	XP_066237289	29.213	178	305	266	55	2.81e-11	68.2	mitochondrial thiamine pyrophosphate carrier isoform X2 [Saccopteryx leptura]	249018
XP_036170639.1	XP_079618147	22.222	288	305	487	91	2.88e-11	69.3	mitochondrial adenyl nucleotide antiporter SLC25A24-like [Cnephaeus nilssonii]	3371016
XP_036170639.1	XP_036892696	21.831	284	305	500	90	2.90e-11	69.3	mitochondrial adenyl nucleotide antiporter SLC25A25 isoform X3 [Sturnira hondurensis]	192404
XP_036170639.1	XP_037010188	21.831	284	305	501	90	2.91e-11	69.3	calcium-binding mitochondrial carrier protein SCaMC-2 isoform X5 [Artibeus jamaicensis]	9417
XP_036170639.1	XP_036892694	21.831	284	305	512	90	2.92e-11	69.3	mitochondrial adenyl nucleotide antiporter SLC25A25 isoform X1 [Sturnira hondurensis]	192404
XP_036170639.1	XP_045691036	25.108	231	305	268	73	3.04e-11	67.8	peroxisomal membrane protein PMP34 isoform X2 [Phyllostomus hastatus]	9423
XP_036170639.1	XP_059514131	21.831	284	305	481	90	3.13e-11	69.3	mitochondrial adenyl nucleotide antiporter SLC25A25 isoform X5 [Myotis daubentonii]	98922
XP_036170639.1	XP_080922736	21.831	284	305	501	90	3.16e-11	69.3	mitochondrial adenyl nucleotide antiporter SLC25A25 isoform 7 [Rhinolophus hipposideros]	77218
XP_036170639.1	XP_028378647	21.831	284	305	500	90	3.18e-11	69.3	calcium-binding mitochondrial carrier protein SCaMC-2 isoform X3 [Phyllostomus discolor]	89673
XP_036170639.1	XP_037010251	21.831	284	305	489	90	3.19e-11	69.3	calcium-binding mitochondrial carrier protein SCaMC-2 isoform X2 [Artibeus jamaicensis]	9417
XP_036170639.1	XP_053776236	21.479	284	305	512	90	3.23e-11	69.3	mitochondrial adenyl nucleotide antiporter SLC25A25 isoform X1 [Desmodus rotundus]	9430
XP_036170639.1	XP_045701926	21.831	284	305	481	90	3.24e-11	69.3	calcium-binding mitochondrial carrier protein SCaMC-2 isoform X5 [Phyllostomus hastatus]	9423
XP_036170639.1	XP_080922730	21.831	284	305	530	90	3.24e-11	69.3	mitochondrial adenyl nucleotide antiporter SLC25A25 isoform 13 [Rhinolophus hipposideros]	77218
XP_036170639.1	XP_037010052	21.831	284	305	513	90	3.27e-11	69.3	calcium-binding mitochondrial carrier protein SCaMC-2 isoform X4 [Artibeus jamaicensis]	9417
XP_036170639.1	XP_053776248	21.479	284	305	500	90	3.30e-11	69.3	mitochondrial adenyl nucleotide antiporter SLC25A25 isoform X3 [Desmodus rotundus]	9430
XP_036170639.1	XP_039717567	21.831	284	305	489	90	3.31e-11	68.9	mitochondrial adenyl nucleotide antiporter SLC25A25 isoform X4 [Pteropus medius]	143291
XP_036170639.1	XP_070286690	21.831	284	305	429	90	3.35e-11	68.9	mitochondrial adenyl nucleotide antiporter SLC25A25 isoform X7 [Myotis yumanensis]	159337
XP_036170639.1	XP_032979018	21.831	284	305	513	90	3.42e-11	68.9	calcium-binding mitochondrial carrier protein SCaMC-2 isoform X1 [Rhinolophus ferrumequinum]	59479
XP_036170639.1	XP_019492546	21.831	284	305	501	90	3.43e-11	68.9	PREDICTED: calcium-binding mitochondrial carrier protein SCaMC-2 isoform X2 [Hipposideros armiger]	186990
XP_036170639.1	XP_066090109	29.213	178	305	266	55	3.43e-11	67.8	mitochondrial thiamine pyrophosphate carrier isoform X3 [Saccopteryx bilineata]	59482
XP_036170639.1	XP_080943123	24.000	325	305	321	92	3.46e-11	68.2	solute carrier family 25 member 33 [Myotis nattereri]	109481
XP_036170639.1	XP_059514132	21.831	284	305	469	90	3.49e-11	68.9	mitochondrial adenyl nucleotide antiporter SLC25A25 isoform X6 [Myotis daubentonii]	98922
XP_036170639.1	XP_081007314	21.831	284	305	500	90	3.49e-11	68.9	mitochondrial adenyl nucleotide antiporter SLC25A25 isoform 1 [Miniopterus schreibersii]	9433
XP_036170639.1	XP_011378495	22.997	287	305	341	91	3.55e-11	68.6	solute carrier family 25 member 43 [Pteropus vampyrus]	132908
XP_036170639.1	XP_045701927	21.831	284	305	469	90	3.55e-11	68.9	calcium-binding mitochondrial carrier protein SCaMC-2 isoform X6 [Phyllostomus hastatus]	9423
XP_036170639.1	XP_045444500	28.137	263	305	268	78	3.58e-11	67.8	mitochondrial glutamate carrier 2 isoform X3 [Pipistrellus kuhlii]	59472
XP_036170639.1	XP_070286686	21.831	284	305	500	90	3.59e-11	68.9	mitochondrial adenyl nucleotide antiporter SLC25A25 isoform X3 [Myotis yumanensis]	159337
XP_036170639.1	XP_006768581	21.831	284	305	500	90	3.59e-11	68.9	PREDICTED: calcium-binding mitochondrial carrier protein SCaMC-2 isoform X3 [Myotis davidii]	225400
XP_036170639.1	XP_036185439	21.831	284	305	500	90	3.59e-11	68.9	calcium-binding mitochondrial carrier protein SCaMC-2 isoform X3 [Myotis myotis]	51298
XP_036170639.1	XP_006102132	21.831	284	305	500	90	3.59e-11	68.9	calcium-binding mitochondrial carrier protein SCaMC-2 isoform X2 [Myotis lucifugus]	59463
XP_036170639.1	XP_080959986	21.831	284	305	500	90	3.59e-11	68.9	mitochondrial adenyl nucleotide antiporter SLC25A25 isoform 1 [Myotis nattereri]	109481
XP_036170639.1	XP_035878173	21.831	284	305	481	90	3.59e-11	68.9	calcium-binding mitochondrial carrier protein SCaMC-2 isoform X5 [Phyllostomus discolor]	89673
XP_036170639.1	XP_035878172	21.831	284	305	481	90	3.59e-11	68.9	calcium-binding mitochondrial carrier protein SCaMC-2 isoform X5 [Phyllostomus discolor]	89673
XP_036170639.1	XP_070260130	24.000	325	305	321	92	3.62e-11	68.2	solute carrier family 25 member 33 [Myotis yumanensis]	159337
XP_036170639.1	XP_039698422	22.997	287	305	341	91	3.90e-11	68.2	solute carrier family 25 member 43 [Pteropus medius]	143291
XP_036170639.1	XP_054445310	24.364	275	305	297	85	3.91e-11	67.8	LOW QUALITY PROTEIN: ADP/ATP translocase 2-like [Pteronotus mesoamericanus]	1884717
XP_036170639.1	XP_081007316	21.831	284	305	529	90	3.93e-11	68.9	mitochondrial adenyl nucleotide antiporter SLC25A25 isoform 3 [Miniopterus schreibersii]	9433
XP_036170639.1	XP_036892699	21.831	284	305	469	90	3.93e-11	68.9	mitochondrial adenyl nucleotide antiporter SLC25A25 isoform X6 [Sturnira hondurensis]	192404
XP_036170639.1	XP_036892698	21.831	284	305	481	90	3.93e-11	68.9	mitochondrial adenyl nucleotide antiporter SLC25A25 isoform X5 [Sturnira hondurensis]	192404
XP_036170639.1	XP_037010126	21.831	284	305	501	90	3.97e-11	68.9	calcium-binding mitochondrial carrier protein SCaMC-2 isoform X1 [Artibeus jamaicensis]	9417
XP_036170639.1	XP_019521217	23.263	331	305	351	90	4.00e-11	68.6	PREDICTED: solute carrier family 25 member 39 isoform X2 [Hipposideros armiger]	186990
XP_036170639.1	XP_032979019	21.831	284	305	501	90	4.01e-11	68.9	calcium-binding mitochondrial carrier protein SCaMC-2 isoform X2 [Rhinolophus ferrumequinum]	59479
XP_036170639.1	XP_080922738	21.831	284	305	469	90	4.04e-11	68.9	mitochondrial adenyl nucleotide antiporter SLC25A25 isoform 9 [Rhinolophus hipposideros]	77218
XP_036170639.1	XP_028378655	21.831	284	305	469	90	4.08e-11	68.9	calcium-binding mitochondrial carrier protein SCaMC-2 isoform X6 [Phyllostomus discolor]	89673
XP_036170639.1	XP_045435566	25.521	192	305	287	62	4.10e-11	67.8	mitochondrial carnitine/acylcarnitine carrier protein isoform X2 [Pipistrellus kuhlii]	59472
XP_036170639.1	XP_016058188	27.322	183	305	244	57	4.15e-11	67.4	PREDICTED: solute carrier family 25 member 43 [Miniopterus natalensis]	291302
XP_036170639.1	XP_070286689	21.831	284	305	469	90	4.19e-11	68.9	mitochondrial adenyl nucleotide antiporter SLC25A25 isoform X6 [Myotis yumanensis]	159337
XP_036170639.1	XP_006768584	21.831	284	305	469	90	4.19e-11	68.9	PREDICTED: calcium-binding mitochondrial carrier protein SCaMC-2 isoform X6 [Myotis davidii]	225400
XP_036170639.1	XP_005881490	21.831	284	305	469	90	4.19e-11	68.9	PREDICTED: calcium-binding mitochondrial carrier protein SCaMC-2 isoform X4 [Myotis brandtii]	109478
XP_036170639.1	XP_036185442	21.831	284	305	469	90	4.19e-11	68.9	calcium-binding mitochondrial carrier protein SCaMC-2 isoform X6 [Myotis myotis]	51298
XP_036170639.1	XP_006102135	21.831	284	305	469	90	4.19e-11	68.9	calcium-binding mitochondrial carrier protein SCaMC-2 isoform X4 [Myotis lucifugus]	59463
XP_036170639.1	XP_019492570	21.831	284	305	481	90	4.20e-11	68.9	PREDICTED: calcium-binding mitochondrial carrier protein SCaMC-2 isoform X5 [Hipposideros armiger]	186990
XP_036170639.1	XP_080922737	21.831	284	305	481	90	4.27e-11	68.9	mitochondrial adenyl nucleotide antiporter SLC25A25 isoform 8 [Rhinolophus hipposideros]	77218
XP_036170639.1	XP_028373998	30.000	190	305	237	60	4.38e-11	67.0	mitochondrial glycine transporter isoform X3 [Phyllostomus discolor]	89673
XP_036170639.1	XP_006918067	21.831	284	305	501	90	4.40e-11	68.9	calcium-binding mitochondrial carrier protein SCaMC-2 isoform X1 [Pteropus alecto]	9402
XP_036170639.1	XP_039717564	21.831	284	305	501	90	4.40e-11	68.9	mitochondrial adenyl nucleotide antiporter SLC25A25 isoform X1 [Pteropus medius]	143291
XP_036170639.1	XP_019501022	24.373	279	305	344	86	4.52e-11	68.2	PREDICTED: solute carrier family 25 member 45 isoform X1 [Hipposideros armiger]	186990
XP_036170639.1	XP_036094625	30.409	171	305	270	54	4.60e-11	67.4	mitochondrial 2-oxodicarboxylate carrier isoform X6 [Rousettus aegyptiacus]	9407
XP_036170639.1	XP_070286688	21.831	284	305	481	90	4.60e-11	68.6	mitochondrial adenyl nucleotide antiporter SLC25A25 isoform X5 [Myotis yumanensis]	159337
XP_036170639.1	XP_006768583	21.831	284	305	481	90	4.60e-11	68.6	PREDICTED: calcium-binding mitochondrial carrier protein SCaMC-2 isoform X5 [Myotis davidii]	225400
XP_036170639.1	XP_005881489	21.831	284	305	481	90	4.60e-11	68.6	PREDICTED: calcium-binding mitochondrial carrier protein SCaMC-2 isoform X3 [Myotis brandtii]	109478
XP_036170639.1	XP_036185441	21.831	284	305	481	90	4.60e-11	68.6	calcium-binding mitochondrial carrier protein SCaMC-2 isoform X5 [Myotis myotis]	51298
XP_036170639.1	XP_006102134	21.831	284	305	481	90	4.60e-11	68.6	calcium-binding mitochondrial carrier protein SCaMC-2 isoform X3 [Myotis lucifugus]	59463
XP_036170639.1	XP_066223159	21.831	284	305	501	90	4.65e-11	68.6	mitochondrial adenyl nucleotide antiporter SLC25A25 isoform X5 [Saccopteryx leptura]	249018
XP_036170639.1	XP_066112192	21.831	284	305	501	90	4.65e-11	68.6	mitochondrial adenyl nucleotide antiporter SLC25A25 isoform X5 [Saccopteryx bilineata]	59482
XP_036170639.1	XP_053776260	21.479	284	305	481	90	4.68e-11	68.6	mitochondrial adenyl nucleotide antiporter SLC25A25 isoform X5 [Desmodus rotundus]	9430
XP_036170639.1	XP_054440295	21.479	284	305	501	90	4.73e-11	68.6	mitochondrial adenyl nucleotide antiporter SLC25A25 isoform X2 [Pteronotus mesoamericanus]	1884717
XP_036170639.1	XP_066223156	21.831	284	305	489	90	4.74e-11	68.6	mitochondrial adenyl nucleotide antiporter SLC25A25 isoform X2 [Saccopteryx leptura]	249018
XP_036170639.1	XP_066112190	21.831	284	305	489	90	4.74e-11	68.6	mitochondrial adenyl nucleotide antiporter SLC25A25 isoform X3 [Saccopteryx bilineata]	59482
XP_036170639.1	XP_070283586	25.616	203	305	439	61	4.86e-11	68.6	solute carrier family 25 member 45 isoform X3 [Myotis yumanensis]	159337
XP_036170639.1	XP_019492579	21.831	284	305	469	90	4.90e-11	68.6	PREDICTED: calcium-binding mitochondrial carrier protein SCaMC-2 isoform X6 [Hipposideros armiger]	186990
XP_036170639.1	XP_016066510	21.831	284	305	469	90	4.95e-11	68.6	PREDICTED: calcium-binding mitochondrial carrier protein SCaMC-2 isoform X2 [Miniopterus natalensis]	291302
XP_036170639.1	XP_032979024	21.831	284	305	469	90	4.95e-11	68.6	calcium-binding mitochondrial carrier protein SCaMC-2 isoform X7 [Rhinolophus ferrumequinum]	59479
XP_036170639.1	XP_081007315	21.831	284	305	469	90	4.95e-11	68.6	mitochondrial adenyl nucleotide antiporter SLC25A25 isoform 2 [Miniopterus schreibersii]	9433
XP_036170639.1	XP_070283584	25.616	203	305	431	61	5.00e-11	68.6	solute carrier family 25 member 45 isoform X1 [Myotis yumanensis]	159337
XP_036170639.1	XP_032979022	21.831	284	305	481	90	5.04e-11	68.6	calcium-binding mitochondrial carrier protein SCaMC-2 isoform X5 [Rhinolophus ferrumequinum]	59479
XP_036170639.1	XP_054440297	21.479	284	305	489	90	5.24e-11	68.6	mitochondrial adenyl nucleotide antiporter SLC25A25 isoform X4 [Pteronotus mesoamericanus]	1884717
XP_036170639.1	XP_036886430	28.947	190	305	237	60	5.27e-11	66.6	mitochondrial glycine transporter isoform X4 [Sturnira hondurensis]	192404
XP_036170639.1	XP_037010382	21.831	284	305	469	90	5.28e-11	68.6	calcium-binding mitochondrial carrier protein SCaMC-2 isoform X3 [Artibeus jamaicensis]	9417
XP_036170639.1	XP_059512155	22.794	272	305	298	84	5.29e-11	67.8	ADP/ATP translocase 3-like [Myotis daubentonii]	98922
XP_036170639.1	XP_036272053	21.479	284	305	501	92	5.33e-11	68.6	calcium-binding mitochondrial carrier protein SCaMC-2 isoform X2 [Pipistrellus kuhlii]	59472
XP_036170639.1	XP_036272053	25.888	197	305	501	92	7.35e-11	68.2	calcium-binding mitochondrial carrier protein SCaMC-2 isoform X2 [Pipistrellus kuhlii]	59472
XP_036170639.1	XP_059529229	24.231	260	305	543	82	5.35e-11	68.6	mitochondrial adenyl nucleotide antiporter SLC25A24-like [Myotis daubentonii]	98922
XP_036170639.1	XP_053776270	21.479	284	305	469	90	5.42e-11	68.6	mitochondrial adenyl nucleotide antiporter SLC25A25 isoform X6 [Desmodus rotundus]	9430
XP_036170639.1	XP_037010319	21.831	284	305	481	90	5.43e-11	68.6	calcium-binding mitochondrial carrier protein SCaMC-2 isoform X6 [Artibeus jamaicensis]	9417
XP_036170639.1	XP_016019224	21.479	284	305	501	90	5.48e-11	68.6	calcium-binding mitochondrial carrier protein SCaMC-2 isoform X5 [Rousettus aegyptiacus]	9407
XP_036170639.1	XP_054442484	29.282	181	305	301	58	5.53e-11	67.4	mitochondrial ornithine transporter 1 [Pteronotus mesoamericanus]	1884717
XP_036170639.1	XP_015449834	21.831	284	305	417	90	5.55e-11	68.2	calcium-binding mitochondrial carrier protein SCaMC-2 isoform X3 [Pteropus alecto]	9402
XP_036170639.1	XP_039717566	21.831	284	305	417	90	5.55e-11	68.2	mitochondrial adenyl nucleotide antiporter SLC25A25 isoform X3 [Pteropus medius]	143291
XP_036170639.1	XP_054440294	21.479	284	305	512	90	5.93e-11	68.6	mitochondrial adenyl nucleotide antiporter SLC25A25 isoform X1 [Pteronotus mesoamericanus]	1884717
XP_036170639.1	XP_066112189	21.831	284	305	500	90	5.94e-11	68.6	mitochondrial adenyl nucleotide antiporter SLC25A25 isoform X2 [Saccopteryx bilineata]	59482
XP_036170639.1	XP_066112191	21.831	284	305	512	90	6.09e-11	68.6	mitochondrial adenyl nucleotide antiporter SLC25A25 isoform X4 [Saccopteryx bilineata]	59482
XP_036170639.1	XP_066223155	21.831	284	305	500	90	6.11e-11	68.2	mitochondrial adenyl nucleotide antiporter SLC25A25 isoform X1 [Saccopteryx leptura]	249018
XP_036170639.1	XP_054440296	21.479	284	305	500	90	6.34e-11	68.2	mitochondrial adenyl nucleotide antiporter SLC25A25 isoform X3 [Pteronotus mesoamericanus]	1884717
XP_036170639.1	XP_008150805	21.479	284	305	501	90	6.46e-11	68.2	calcium-binding mitochondrial carrier protein SCaMC-2 isoform X5 [Eptesicus fuscus]	29078
XP_036170639.1	XP_036272055	21.479	284	305	489	92	6.54e-11	68.2	calcium-binding mitochondrial carrier protein SCaMC-2 isoform X4 [Pipistrellus kuhlii]	59472
XP_036170639.1	XP_036272055	25.888	197	305	489	92	6.72e-11	68.2	calcium-binding mitochondrial carrier protein SCaMC-2 isoform X4 [Pipistrellus kuhlii]	59472
XP_036170639.1	XP_045684270	21.107	289	305	298	90	6.65e-11	67.4	ADP/ATP translocase 3-like [Phyllostomus hastatus]	9423
XP_036170639.1	XP_066223158	21.831	284	305	512	90	6.74e-11	68.2	mitochondrial adenyl nucleotide antiporter SLC25A25 isoform X4 [Saccopteryx leptura]	249018
XP_036170639.1	XP_015449833	21.831	284	305	469	90	6.95e-11	68.2	calcium-binding mitochondrial carrier protein SCaMC-2 isoform X2 [Pteropus alecto]	9402
XP_036170639.1	XP_039717565	21.831	284	305	469	90	6.95e-11	68.2	mitochondrial adenyl nucleotide antiporter SLC25A25 isoform X2 [Pteropus medius]	143291
XP_036170639.1	XP_016019225	21.479	284	305	489	90	6.97e-11	68.2	calcium-binding mitochondrial carrier protein SCaMC-2 isoform X2 [Rousettus aegyptiacus]	9407
XP_036170639.1	XP_080883950	24.382	283	305	249	89	7.00e-11	66.6	solute carrier family 25 member 35 isoform 2 [Rhinolophus hipposideros]	77218
XP_036170639.1	XP_036184193	24.481	241	305	279	74	7.02e-11	67.0	solute carrier family 25 member 40 isoform X8 [Myotis myotis]	51298
XP_036170639.1	XP_080906905	22.695	282	305	301	88	7.07e-11	67.4	LOW QUALITY PROTEIN: ADP/ATP translocase 2-like [Rhinolophus hipposideros]	77218
XP_036170639.1	XP_070289609	23.026	304	305	311	90	7.19e-11	67.4	solute carrier family 25 member 36 [Myotis yumanensis]	159337
XP_036170639.1	XP_059519760	23.026	304	305	311	90	7.19e-11	67.4	solute carrier family 25 member 36 isoform X1 [Myotis daubentonii]	98922
XP_036170639.1	XP_008150800	23.026	304	305	311	90	7.19e-11	67.4	solute carrier family 25 member 36 isoform X1 [Eptesicus fuscus]	29078
XP_036170639.1	XP_036188284	23.026	304	305	311	90	7.19e-11	67.4	solute carrier family 25 member 36 isoform X1 [Myotis myotis]	51298
XP_036170639.1	XP_006083824	23.026	304	305	311	90	7.19e-11	67.4	solute carrier family 25 member 36 isoform X1 [Myotis lucifugus]	59463
XP_036170639.1	XP_080962664	23.026	304	305	311	90	7.19e-11	67.4	solute carrier family 25 member 36 [Myotis nattereri]	109481
XP_036170639.1	XP_079651387	23.026	304	305	311	90	7.19e-11	67.4	solute carrier family 25 member 36 [Cnephaeus nilssonii]	3371016
XP_036170639.1	XP_080527831	22.222	306	305	311	90	7.26e-11	67.4	solute carrier family 25 member 36 [Plecotus auritus]	61862
XP_036170639.1	XP_080524694	21.479	284	305	501	90	7.28e-11	68.2	mitochondrial adenyl nucleotide antiporter SLC25A25 isoform 5 [Plecotus auritus]	61862
XP_036170639.1	XP_036122604	23.026	304	305	311	90	7.33e-11	67.4	solute carrier family 25 member 36 isoform X1 [Molossus molossus]	27622
XP_036170639.1	XP_080991504	27.545	167	305	301	52	7.34e-11	67.4	solute carrier family 25 member 48 isoform 2 [Miniopterus schreibersii]	9433
XP_036170639.1	XP_036287177	23.026	304	305	311	90	7.68e-11	67.4	solute carrier family 25 member 36 isoform X1 [Pipistrellus kuhlii]	59472
XP_036170639.1	XP_045715902	24.224	322	305	320	92	7.72e-11	67.4	solute carrier family 25 member 33 [Phyllostomus hastatus]	9423
XP_036170639.1	XP_019501024	24.373	279	305	328	86	7.74e-11	67.4	PREDICTED: solute carrier family 25 member 45 isoform X3 [Hipposideros armiger]	186990
XP_036170639.1	XP_036094206	21.479	284	305	513	90	7.74e-11	68.2	calcium-binding mitochondrial carrier protein SCaMC-2 isoform X4 [Rousettus aegyptiacus]	9407
XP_036170639.1	XP_008150807	21.479	284	305	489	90	8.07e-11	67.8	calcium-binding mitochondrial carrier protein SCaMC-2 isoform X6 [Eptesicus fuscus]	29078
XP_036170639.1	XP_045684354	22.291	323	305	336	91	8.11e-11	67.4	solute carrier family 25 member 40 [Phyllostomus hastatus]	9423
XP_036170639.1	XP_045684353	22.291	323	305	336	91	8.11e-11	67.4	solute carrier family 25 member 40 [Phyllostomus hastatus]	9423
XP_036170639.1	XP_066112193	21.831	284	305	519	90	8.32e-11	67.8	mitochondrial adenyl nucleotide antiporter SLC25A25 isoform X6 [Saccopteryx bilineata]	59482
XP_036170639.1	XP_008155058	22.997	287	305	341	91	8.33e-11	67.4	solute carrier family 25 member 43 [Eptesicus fuscus]	29078
XP_036170639.1	XP_019521216	24.906	265	305	359	79	8.43e-11	67.4	PREDICTED: solute carrier family 25 member 39 isoform X1 [Hipposideros armiger]	186990
XP_036170639.1	XP_019521214	24.906	265	305	359	79	8.43e-11	67.4	PREDICTED: solute carrier family 25 member 39 isoform X1 [Hipposideros armiger]	186990
XP_036170639.1	XP_054440298	21.479	284	305	481	90	8.75e-11	67.8	mitochondrial adenyl nucleotide antiporter SLC25A25 isoform X5 [Pteronotus mesoamericanus]	1884717
XP_036170639.1	XP_036272054	25.888	197	305	500	92	8.82e-11	67.8	calcium-binding mitochondrial carrier protein SCaMC-2 isoform X3 [Pipistrellus kuhlii]	59472
XP_036170639.1	XP_036272054	21.479	284	305	500	92	9.67e-11	67.8	calcium-binding mitochondrial carrier protein SCaMC-2 isoform X3 [Pipistrellus kuhlii]	59472
XP_036170639.1	XP_066223160	21.831	284	305	481	90	8.99e-11	67.8	mitochondrial adenyl nucleotide antiporter SLC25A25 isoform X6 [Saccopteryx leptura]	249018
XP_036170639.1	XP_036272052	21.479	284	305	512	92	9.04e-11	67.8	calcium-binding mitochondrial carrier protein SCaMC-2 isoform X1 [Pipistrellus kuhlii]	59472
XP_036170639.1	XP_036272052	25.888	197	305	512	92	9.29e-11	67.8	calcium-binding mitochondrial carrier protein SCaMC-2 isoform X1 [Pipistrellus kuhlii]	59472
XP_036170639.1	XP_054440299	21.479	284	305	469	90	9.07e-11	67.8	mitochondrial adenyl nucleotide antiporter SLC25A25 isoform X6 [Pteronotus mesoamericanus]	1884717
XP_036170639.1	XP_080524695	21.479	284	305	489	90	9.10e-11	67.8	mitochondrial adenyl nucleotide antiporter SLC25A25 isoform 6 [Plecotus auritus]	61862
XP_036170639.1	XP_019584241	21.831	284	305	489	90	9.10e-11	67.8	mitochondrial adenyl nucleotide antiporter SLC25A25 isoform X4 [Rhinolophus sinicus]	89399
XP_036170639.1	XP_059547330	23.692	325	305	321	92	9.20e-11	67.0	solute carrier family 25 member 33 [Myotis daubentonii]	98922
XP_036170639.1	XP_011362526	21.831	284	305	501	90	9.33e-11	67.8	calcium-binding mitochondrial carrier protein SCaMC-2 isoform X1 [Pteropus vampyrus]	132908
XP_036170639.1	XP_019584240	21.831	284	305	501	90	9.50e-11	67.8	mitochondrial adenyl nucleotide antiporter SLC25A25 isoform X3 [Rhinolophus sinicus]	89399
XP_036170639.1	XP_015413778	24.481	241	305	359	74	9.78e-11	67.4	PREDICTED: solute carrier family 25 member 40 isoform X4 [Myotis davidii]	225400
XP_036170639.1	XP_016019226	21.479	284	305	481	90	9.95e-11	67.8	calcium-binding mitochondrial carrier protein SCaMC-2 isoform X6 [Rousettus aegyptiacus]	9407
