ACSL1	site	M0	/scratch/project_2004342/everything/paml_clean/FINAL_refseq_ftp_pipeline/11_paml_nuclear_final/results/ACSL1/site_models/M0	/scratch/project_2004342/everything/paml_clean/FINAL_refseq_ftp_pipeline/11_paml_nuclear_final/ctl/ACSL1/site_models/ACSL1.M0.ctl
ACSL1	site	M1a	/scratch/project_2004342/everything/paml_clean/FINAL_refseq_ftp_pipeline/11_paml_nuclear_final/results/ACSL1/site_models/M1a	/scratch/project_2004342/everything/paml_clean/FINAL_refseq_ftp_pipeline/11_paml_nuclear_final/ctl/ACSL1/site_models/ACSL1.M1a.ctl
ACSL1	site	M2a	/scratch/project_2004342/everything/paml_clean/FINAL_refseq_ftp_pipeline/11_paml_nuclear_final/results/ACSL1/site_models/M2a	/scratch/project_2004342/everything/paml_clean/FINAL_refseq_ftp_pipeline/11_paml_nuclear_final/ctl/ACSL1/site_models/ACSL1.M2a.ctl
ACSL1	site	M7	/scratch/project_2004342/everything/paml_clean/FINAL_refseq_ftp_pipeline/11_paml_nuclear_final/results/ACSL1/site_models/M7	/scratch/project_2004342/everything/paml_clean/FINAL_refseq_ftp_pipeline/11_paml_nuclear_final/ctl/ACSL1/site_models/ACSL1.M7.ctl
ACSL1	site	M8	/scratch/project_2004342/everything/paml_clean/FINAL_refseq_ftp_pipeline/11_paml_nuclear_final/results/ACSL1/site_models/M8	/scratch/project_2004342/everything/paml_clean/FINAL_refseq_ftp_pipeline/11_paml_nuclear_final/ctl/ACSL1/site_models/ACSL1.M8.ctl
ACSL1	site	M8a	/scratch/project_2004342/everything/paml_clean/FINAL_refseq_ftp_pipeline/11_paml_nuclear_final/results/ACSL1/site_models/M8a	/scratch/project_2004342/everything/paml_clean/FINAL_refseq_ftp_pipeline/11_paml_nuclear_final/ctl/ACSL1/site_models/ACSL1.M8a.ctl
ADCY3	site	M0	/scratch/project_2004342/everything/paml_clean/FINAL_refseq_ftp_pipeline/11_paml_nuclear_final/results/ADCY3/site_models/M0	/scratch/project_2004342/everything/paml_clean/FINAL_refseq_ftp_pipeline/11_paml_nuclear_final/ctl/ADCY3/site_models/ADCY3.M0.ctl
ADCY3	site	M1a	/scratch/project_2004342/everything/paml_clean/FINAL_refseq_ftp_pipeline/11_paml_nuclear_final/results/ADCY3/site_models/M1a	/scratch/project_2004342/everything/paml_clean/FINAL_refseq_ftp_pipeline/11_paml_nuclear_final/ctl/ADCY3/site_models/ADCY3.M1a.ctl
ADCY3	site	M2a	/scratch/project_2004342/everything/paml_clean/FINAL_refseq_ftp_pipeline/11_paml_nuclear_final/results/ADCY3/site_models/M2a	/scratch/project_2004342/everything/paml_clean/FINAL_refseq_ftp_pipeline/11_paml_nuclear_final/ctl/ADCY3/site_models/ADCY3.M2a.ctl
ADCY3	site	M7	/scratch/project_2004342/everything/paml_clean/FINAL_refseq_ftp_pipeline/11_paml_nuclear_final/results/ADCY3/site_models/M7	/scratch/project_2004342/everything/paml_clean/FINAL_refseq_ftp_pipeline/11_paml_nuclear_final/ctl/ADCY3/site_models/ADCY3.M7.ctl
ADCY3	site	M8	/scratch/project_2004342/everything/paml_clean/FINAL_refseq_ftp_pipeline/11_paml_nuclear_final/results/ADCY3/site_models/M8	/scratch/project_2004342/everything/paml_clean/FINAL_refseq_ftp_pipeline/11_paml_nuclear_final/ctl/ADCY3/site_models/ADCY3.M8.ctl
ADCY3	site	M8a	/scratch/project_2004342/everything/paml_clean/FINAL_refseq_ftp_pipeline/11_paml_nuclear_final/results/ADCY3/site_models/M8a	/scratch/project_2004342/everything/paml_clean/FINAL_refseq_ftp_pipeline/11_paml_nuclear_final/ctl/ADCY3/site_models/ADCY3.M8a.ctl
ADCY7	site	M0	/scratch/project_2004342/everything/paml_clean/FINAL_refseq_ftp_pipeline/11_paml_nuclear_final/results/ADCY7/site_models/M0	/scratch/project_2004342/everything/paml_clean/FINAL_refseq_ftp_pipeline/11_paml_nuclear_final/ctl/ADCY7/site_models/ADCY7.M0.ctl
ADCY7	site	M1a	/scratch/project_2004342/everything/paml_clean/FINAL_refseq_ftp_pipeline/11_paml_nuclear_final/results/ADCY7/site_models/M1a	/scratch/project_2004342/everything/paml_clean/FINAL_refseq_ftp_pipeline/11_paml_nuclear_final/ctl/ADCY7/site_models/ADCY7.M1a.ctl
ADCY7	site	M2a	/scratch/project_2004342/everything/paml_clean/FINAL_refseq_ftp_pipeline/11_paml_nuclear_final/results/ADCY7/site_models/M2a	/scratch/project_2004342/everything/paml_clean/FINAL_refseq_ftp_pipeline/11_paml_nuclear_final/ctl/ADCY7/site_models/ADCY7.M2a.ctl
ADCY7	site	M7	/scratch/project_2004342/everything/paml_clean/FINAL_refseq_ftp_pipeline/11_paml_nuclear_final/results/ADCY7/site_models/M7	/scratch/project_2004342/everything/paml_clean/FINAL_refseq_ftp_pipeline/11_paml_nuclear_final/ctl/ADCY7/site_models/ADCY7.M7.ctl
ADCY7	site	M8	/scratch/project_2004342/everything/paml_clean/FINAL_refseq_ftp_pipeline/11_paml_nuclear_final/results/ADCY7/site_models/M8	/scratch/project_2004342/everything/paml_clean/FINAL_refseq_ftp_pipeline/11_paml_nuclear_final/ctl/ADCY7/site_models/ADCY7.M8.ctl
ADCY7	site	M8a	/scratch/project_2004342/everything/paml_clean/FINAL_refseq_ftp_pipeline/11_paml_nuclear_final/results/ADCY7/site_models/M8a	/scratch/project_2004342/everything/paml_clean/FINAL_refseq_ftp_pipeline/11_paml_nuclear_final/ctl/ADCY7/site_models/ADCY7.M8a.ctl
ADCY8	site	M0	/scratch/project_2004342/everything/paml_clean/FINAL_refseq_ftp_pipeline/11_paml_nuclear_final/results/ADCY8/site_models/M0	/scratch/project_2004342/everything/paml_clean/FINAL_refseq_ftp_pipeline/11_paml_nuclear_final/ctl/ADCY8/site_models/ADCY8.M0.ctl
ADCY8	site	M1a	/scratch/project_2004342/everything/paml_clean/FINAL_refseq_ftp_pipeline/11_paml_nuclear_final/results/ADCY8/site_models/M1a	/scratch/project_2004342/everything/paml_clean/FINAL_refseq_ftp_pipeline/11_paml_nuclear_final/ctl/ADCY8/site_models/ADCY8.M1a.ctl
ADCY8	site	M2a	/scratch/project_2004342/everything/paml_clean/FINAL_refseq_ftp_pipeline/11_paml_nuclear_final/results/ADCY8/site_models/M2a	/scratch/project_2004342/everything/paml_clean/FINAL_refseq_ftp_pipeline/11_paml_nuclear_final/ctl/ADCY8/site_models/ADCY8.M2a.ctl
ADCY8	site	M7	/scratch/project_2004342/everything/paml_clean/FINAL_refseq_ftp_pipeline/11_paml_nuclear_final/results/ADCY8/site_models/M7	/scratch/project_2004342/everything/paml_clean/FINAL_refseq_ftp_pipeline/11_paml_nuclear_final/ctl/ADCY8/site_models/ADCY8.M7.ctl
ADCY8	site	M8	/scratch/project_2004342/everything/paml_clean/FINAL_refseq_ftp_pipeline/11_paml_nuclear_final/results/ADCY8/site_models/M8	/scratch/project_2004342/everything/paml_clean/FINAL_refseq_ftp_pipeline/11_paml_nuclear_final/ctl/ADCY8/site_models/ADCY8.M8.ctl
ADCY8	site	M8a	/scratch/project_2004342/everything/paml_clean/FINAL_refseq_ftp_pipeline/11_paml_nuclear_final/results/ADCY8/site_models/M8a	/scratch/project_2004342/everything/paml_clean/FINAL_refseq_ftp_pipeline/11_paml_nuclear_final/ctl/ADCY8/site_models/ADCY8.M8a.ctl
ATP5F1A	site	M0	/scratch/project_2004342/everything/paml_clean/FINAL_refseq_ftp_pipeline/11_paml_nuclear_final/results/ATP5F1A/site_models/M0	/scratch/project_2004342/everything/paml_clean/FINAL_refseq_ftp_pipeline/11_paml_nuclear_final/ctl/ATP5F1A/site_models/ATP5F1A.M0.ctl
ATP5F1A	site	M1a	/scratch/project_2004342/everything/paml_clean/FINAL_refseq_ftp_pipeline/11_paml_nuclear_final/results/ATP5F1A/site_models/M1a	/scratch/project_2004342/everything/paml_clean/FINAL_refseq_ftp_pipeline/11_paml_nuclear_final/ctl/ATP5F1A/site_models/ATP5F1A.M1a.ctl
ATP5F1A	site	M2a	/scratch/project_2004342/everything/paml_clean/FINAL_refseq_ftp_pipeline/11_paml_nuclear_final/results/ATP5F1A/site_models/M2a	/scratch/project_2004342/everything/paml_clean/FINAL_refseq_ftp_pipeline/11_paml_nuclear_final/ctl/ATP5F1A/site_models/ATP5F1A.M2a.ctl
ATP5F1A	site	M7	/scratch/project_2004342/everything/paml_clean/FINAL_refseq_ftp_pipeline/11_paml_nuclear_final/results/ATP5F1A/site_models/M7	/scratch/project_2004342/everything/paml_clean/FINAL_refseq_ftp_pipeline/11_paml_nuclear_final/ctl/ATP5F1A/site_models/ATP5F1A.M7.ctl
ATP5F1A	site	M8	/scratch/project_2004342/everything/paml_clean/FINAL_refseq_ftp_pipeline/11_paml_nuclear_final/results/ATP5F1A/site_models/M8	/scratch/project_2004342/everything/paml_clean/FINAL_refseq_ftp_pipeline/11_paml_nuclear_final/ctl/ATP5F1A/site_models/ATP5F1A.M8.ctl
ATP5F1A	site	M8a	/scratch/project_2004342/everything/paml_clean/FINAL_refseq_ftp_pipeline/11_paml_nuclear_final/results/ATP5F1A/site_models/M8a	/scratch/project_2004342/everything/paml_clean/FINAL_refseq_ftp_pipeline/11_paml_nuclear_final/ctl/ATP5F1A/site_models/ATP5F1A.M8a.ctl
ATP5F1B	site	M0	/scratch/project_2004342/everything/paml_clean/FINAL_refseq_ftp_pipeline/11_paml_nuclear_final/results/ATP5F1B/site_models/M0	/scratch/project_2004342/everything/paml_clean/FINAL_refseq_ftp_pipeline/11_paml_nuclear_final/ctl/ATP5F1B/site_models/ATP5F1B.M0.ctl
ATP5F1B	site	M1a	/scratch/project_2004342/everything/paml_clean/FINAL_refseq_ftp_pipeline/11_paml_nuclear_final/results/ATP5F1B/site_models/M1a	/scratch/project_2004342/everything/paml_clean/FINAL_refseq_ftp_pipeline/11_paml_nuclear_final/ctl/ATP5F1B/site_models/ATP5F1B.M1a.ctl
ATP5F1B	site	M2a	/scratch/project_2004342/everything/paml_clean/FINAL_refseq_ftp_pipeline/11_paml_nuclear_final/results/ATP5F1B/site_models/M2a	/scratch/project_2004342/everything/paml_clean/FINAL_refseq_ftp_pipeline/11_paml_nuclear_final/ctl/ATP5F1B/site_models/ATP5F1B.M2a.ctl
ATP5F1B	site	M7	/scratch/project_2004342/everything/paml_clean/FINAL_refseq_ftp_pipeline/11_paml_nuclear_final/results/ATP5F1B/site_models/M7	/scratch/project_2004342/everything/paml_clean/FINAL_refseq_ftp_pipeline/11_paml_nuclear_final/ctl/ATP5F1B/site_models/ATP5F1B.M7.ctl
ATP5F1B	site	M8	/scratch/project_2004342/everything/paml_clean/FINAL_refseq_ftp_pipeline/11_paml_nuclear_final/results/ATP5F1B/site_models/M8	/scratch/project_2004342/everything/paml_clean/FINAL_refseq_ftp_pipeline/11_paml_nuclear_final/ctl/ATP5F1B/site_models/ATP5F1B.M8.ctl
ATP5F1B	site	M8a	/scratch/project_2004342/everything/paml_clean/FINAL_refseq_ftp_pipeline/11_paml_nuclear_final/results/ATP5F1B/site_models/M8a	/scratch/project_2004342/everything/paml_clean/FINAL_refseq_ftp_pipeline/11_paml_nuclear_final/ctl/ATP5F1B/site_models/ATP5F1B.M8a.ctl
ATP5MC1	site	M0	/scratch/project_2004342/everything/paml_clean/FINAL_refseq_ftp_pipeline/11_paml_nuclear_final/results/ATP5MC1/site_models/M0	/scratch/project_2004342/everything/paml_clean/FINAL_refseq_ftp_pipeline/11_paml_nuclear_final/ctl/ATP5MC1/site_models/ATP5MC1.M0.ctl
ATP5MC1	site	M1a	/scratch/project_2004342/everything/paml_clean/FINAL_refseq_ftp_pipeline/11_paml_nuclear_final/results/ATP5MC1/site_models/M1a	/scratch/project_2004342/everything/paml_clean/FINAL_refseq_ftp_pipeline/11_paml_nuclear_final/ctl/ATP5MC1/site_models/ATP5MC1.M1a.ctl
ATP5MC1	site	M2a	/scratch/project_2004342/everything/paml_clean/FINAL_refseq_ftp_pipeline/11_paml_nuclear_final/results/ATP5MC1/site_models/M2a	/scratch/project_2004342/everything/paml_clean/FINAL_refseq_ftp_pipeline/11_paml_nuclear_final/ctl/ATP5MC1/site_models/ATP5MC1.M2a.ctl
ATP5MC1	site	M7	/scratch/project_2004342/everything/paml_clean/FINAL_refseq_ftp_pipeline/11_paml_nuclear_final/results/ATP5MC1/site_models/M7	/scratch/project_2004342/everything/paml_clean/FINAL_refseq_ftp_pipeline/11_paml_nuclear_final/ctl/ATP5MC1/site_models/ATP5MC1.M7.ctl
ATP5MC1	site	M8	/scratch/project_2004342/everything/paml_clean/FINAL_refseq_ftp_pipeline/11_paml_nuclear_final/results/ATP5MC1/site_models/M8	/scratch/project_2004342/everything/paml_clean/FINAL_refseq_ftp_pipeline/11_paml_nuclear_final/ctl/ATP5MC1/site_models/ATP5MC1.M8.ctl
ATP5MC1	site	M8a	/scratch/project_2004342/everything/paml_clean/FINAL_refseq_ftp_pipeline/11_paml_nuclear_final/results/ATP5MC1/site_models/M8a	/scratch/project_2004342/everything/paml_clean/FINAL_refseq_ftp_pipeline/11_paml_nuclear_final/ctl/ATP5MC1/site_models/ATP5MC1.M8a.ctl
COX4I1	site	M0	/scratch/project_2004342/everything/paml_clean/FINAL_refseq_ftp_pipeline/11_paml_nuclear_final/results/COX4I1/site_models/M0	/scratch/project_2004342/everything/paml_clean/FINAL_refseq_ftp_pipeline/11_paml_nuclear_final/ctl/COX4I1/site_models/COX4I1.M0.ctl
COX4I1	site	M1a	/scratch/project_2004342/everything/paml_clean/FINAL_refseq_ftp_pipeline/11_paml_nuclear_final/results/COX4I1/site_models/M1a	/scratch/project_2004342/everything/paml_clean/FINAL_refseq_ftp_pipeline/11_paml_nuclear_final/ctl/COX4I1/site_models/COX4I1.M1a.ctl
COX4I1	site	M2a	/scratch/project_2004342/everything/paml_clean/FINAL_refseq_ftp_pipeline/11_paml_nuclear_final/results/COX4I1/site_models/M2a	/scratch/project_2004342/everything/paml_clean/FINAL_refseq_ftp_pipeline/11_paml_nuclear_final/ctl/COX4I1/site_models/COX4I1.M2a.ctl
COX4I1	site	M7	/scratch/project_2004342/everything/paml_clean/FINAL_refseq_ftp_pipeline/11_paml_nuclear_final/results/COX4I1/site_models/M7	/scratch/project_2004342/everything/paml_clean/FINAL_refseq_ftp_pipeline/11_paml_nuclear_final/ctl/COX4I1/site_models/COX4I1.M7.ctl
COX4I1	site	M8	/scratch/project_2004342/everything/paml_clean/FINAL_refseq_ftp_pipeline/11_paml_nuclear_final/results/COX4I1/site_models/M8	/scratch/project_2004342/everything/paml_clean/FINAL_refseq_ftp_pipeline/11_paml_nuclear_final/ctl/COX4I1/site_models/COX4I1.M8.ctl
COX4I1	site	M8a	/scratch/project_2004342/everything/paml_clean/FINAL_refseq_ftp_pipeline/11_paml_nuclear_final/results/COX4I1/site_models/M8a	/scratch/project_2004342/everything/paml_clean/FINAL_refseq_ftp_pipeline/11_paml_nuclear_final/ctl/COX4I1/site_models/COX4I1.M8a.ctl
COX7A1	site	M0	/scratch/project_2004342/everything/paml_clean/FINAL_refseq_ftp_pipeline/11_paml_nuclear_final/results/COX7A1/site_models/M0	/scratch/project_2004342/everything/paml_clean/FINAL_refseq_ftp_pipeline/11_paml_nuclear_final/ctl/COX7A1/site_models/COX7A1.M0.ctl
COX7A1	site	M1a	/scratch/project_2004342/everything/paml_clean/FINAL_refseq_ftp_pipeline/11_paml_nuclear_final/results/COX7A1/site_models/M1a	/scratch/project_2004342/everything/paml_clean/FINAL_refseq_ftp_pipeline/11_paml_nuclear_final/ctl/COX7A1/site_models/COX7A1.M1a.ctl
COX7A1	site	M2a	/scratch/project_2004342/everything/paml_clean/FINAL_refseq_ftp_pipeline/11_paml_nuclear_final/results/COX7A1/site_models/M2a	/scratch/project_2004342/everything/paml_clean/FINAL_refseq_ftp_pipeline/11_paml_nuclear_final/ctl/COX7A1/site_models/COX7A1.M2a.ctl
COX7A1	site	M7	/scratch/project_2004342/everything/paml_clean/FINAL_refseq_ftp_pipeline/11_paml_nuclear_final/results/COX7A1/site_models/M7	/scratch/project_2004342/everything/paml_clean/FINAL_refseq_ftp_pipeline/11_paml_nuclear_final/ctl/COX7A1/site_models/COX7A1.M7.ctl
COX7A1	site	M8	/scratch/project_2004342/everything/paml_clean/FINAL_refseq_ftp_pipeline/11_paml_nuclear_final/results/COX7A1/site_models/M8	/scratch/project_2004342/everything/paml_clean/FINAL_refseq_ftp_pipeline/11_paml_nuclear_final/ctl/COX7A1/site_models/COX7A1.M8.ctl
COX7A1	site	M8a	/scratch/project_2004342/everything/paml_clean/FINAL_refseq_ftp_pipeline/11_paml_nuclear_final/results/COX7A1/site_models/M8a	/scratch/project_2004342/everything/paml_clean/FINAL_refseq_ftp_pipeline/11_paml_nuclear_final/ctl/COX7A1/site_models/COX7A1.M8a.ctl
CPT1A	site	M0	/scratch/project_2004342/everything/paml_clean/FINAL_refseq_ftp_pipeline/11_paml_nuclear_final/results/CPT1A/site_models/M0	/scratch/project_2004342/everything/paml_clean/FINAL_refseq_ftp_pipeline/11_paml_nuclear_final/ctl/CPT1A/site_models/CPT1A.M0.ctl
CPT1A	site	M1a	/scratch/project_2004342/everything/paml_clean/FINAL_refseq_ftp_pipeline/11_paml_nuclear_final/results/CPT1A/site_models/M1a	/scratch/project_2004342/everything/paml_clean/FINAL_refseq_ftp_pipeline/11_paml_nuclear_final/ctl/CPT1A/site_models/CPT1A.M1a.ctl
CPT1A	site	M2a	/scratch/project_2004342/everything/paml_clean/FINAL_refseq_ftp_pipeline/11_paml_nuclear_final/results/CPT1A/site_models/M2a	/scratch/project_2004342/everything/paml_clean/FINAL_refseq_ftp_pipeline/11_paml_nuclear_final/ctl/CPT1A/site_models/CPT1A.M2a.ctl
CPT1A	site	M7	/scratch/project_2004342/everything/paml_clean/FINAL_refseq_ftp_pipeline/11_paml_nuclear_final/results/CPT1A/site_models/M7	/scratch/project_2004342/everything/paml_clean/FINAL_refseq_ftp_pipeline/11_paml_nuclear_final/ctl/CPT1A/site_models/CPT1A.M7.ctl
CPT1A	site	M8	/scratch/project_2004342/everything/paml_clean/FINAL_refseq_ftp_pipeline/11_paml_nuclear_final/results/CPT1A/site_models/M8	/scratch/project_2004342/everything/paml_clean/FINAL_refseq_ftp_pipeline/11_paml_nuclear_final/ctl/CPT1A/site_models/CPT1A.M8.ctl
CPT1A	site	M8a	/scratch/project_2004342/everything/paml_clean/FINAL_refseq_ftp_pipeline/11_paml_nuclear_final/results/CPT1A/site_models/M8a	/scratch/project_2004342/everything/paml_clean/FINAL_refseq_ftp_pipeline/11_paml_nuclear_final/ctl/CPT1A/site_models/CPT1A.M8a.ctl
CPT1B	site	M0	/scratch/project_2004342/everything/paml_clean/FINAL_refseq_ftp_pipeline/11_paml_nuclear_final/results/CPT1B/site_models/M0	/scratch/project_2004342/everything/paml_clean/FINAL_refseq_ftp_pipeline/11_paml_nuclear_final/ctl/CPT1B/site_models/CPT1B.M0.ctl
CPT1B	site	M1a	/scratch/project_2004342/everything/paml_clean/FINAL_refseq_ftp_pipeline/11_paml_nuclear_final/results/CPT1B/site_models/M1a	/scratch/project_2004342/everything/paml_clean/FINAL_refseq_ftp_pipeline/11_paml_nuclear_final/ctl/CPT1B/site_models/CPT1B.M1a.ctl
CPT1B	site	M2a	/scratch/project_2004342/everything/paml_clean/FINAL_refseq_ftp_pipeline/11_paml_nuclear_final/results/CPT1B/site_models/M2a	/scratch/project_2004342/everything/paml_clean/FINAL_refseq_ftp_pipeline/11_paml_nuclear_final/ctl/CPT1B/site_models/CPT1B.M2a.ctl
CPT1B	site	M7	/scratch/project_2004342/everything/paml_clean/FINAL_refseq_ftp_pipeline/11_paml_nuclear_final/results/CPT1B/site_models/M7	/scratch/project_2004342/everything/paml_clean/FINAL_refseq_ftp_pipeline/11_paml_nuclear_final/ctl/CPT1B/site_models/CPT1B.M7.ctl
CPT1B	site	M8	/scratch/project_2004342/everything/paml_clean/FINAL_refseq_ftp_pipeline/11_paml_nuclear_final/results/CPT1B/site_models/M8	/scratch/project_2004342/everything/paml_clean/FINAL_refseq_ftp_pipeline/11_paml_nuclear_final/ctl/CPT1B/site_models/CPT1B.M8.ctl
CPT1B	site	M8a	/scratch/project_2004342/everything/paml_clean/FINAL_refseq_ftp_pipeline/11_paml_nuclear_final/results/CPT1B/site_models/M8a	/scratch/project_2004342/everything/paml_clean/FINAL_refseq_ftp_pipeline/11_paml_nuclear_final/ctl/CPT1B/site_models/CPT1B.M8a.ctl
CPT2	site	M0	/scratch/project_2004342/everything/paml_clean/FINAL_refseq_ftp_pipeline/11_paml_nuclear_final/results/CPT2/site_models/M0	/scratch/project_2004342/everything/paml_clean/FINAL_refseq_ftp_pipeline/11_paml_nuclear_final/ctl/CPT2/site_models/CPT2.M0.ctl
CPT2	site	M1a	/scratch/project_2004342/everything/paml_clean/FINAL_refseq_ftp_pipeline/11_paml_nuclear_final/results/CPT2/site_models/M1a	/scratch/project_2004342/everything/paml_clean/FINAL_refseq_ftp_pipeline/11_paml_nuclear_final/ctl/CPT2/site_models/CPT2.M1a.ctl
CPT2	site	M2a	/scratch/project_2004342/everything/paml_clean/FINAL_refseq_ftp_pipeline/11_paml_nuclear_final/results/CPT2/site_models/M2a	/scratch/project_2004342/everything/paml_clean/FINAL_refseq_ftp_pipeline/11_paml_nuclear_final/ctl/CPT2/site_models/CPT2.M2a.ctl
CPT2	site	M7	/scratch/project_2004342/everything/paml_clean/FINAL_refseq_ftp_pipeline/11_paml_nuclear_final/results/CPT2/site_models/M7	/scratch/project_2004342/everything/paml_clean/FINAL_refseq_ftp_pipeline/11_paml_nuclear_final/ctl/CPT2/site_models/CPT2.M7.ctl
CPT2	site	M8	/scratch/project_2004342/everything/paml_clean/FINAL_refseq_ftp_pipeline/11_paml_nuclear_final/results/CPT2/site_models/M8	/scratch/project_2004342/everything/paml_clean/FINAL_refseq_ftp_pipeline/11_paml_nuclear_final/ctl/CPT2/site_models/CPT2.M8.ctl
CPT2	site	M8a	/scratch/project_2004342/everything/paml_clean/FINAL_refseq_ftp_pipeline/11_paml_nuclear_final/results/CPT2/site_models/M8a	/scratch/project_2004342/everything/paml_clean/FINAL_refseq_ftp_pipeline/11_paml_nuclear_final/ctl/CPT2/site_models/CPT2.M8a.ctl
CREB3L1	site	M0	/scratch/project_2004342/everything/paml_clean/FINAL_refseq_ftp_pipeline/11_paml_nuclear_final/results/CREB3L1/site_models/M0	/scratch/project_2004342/everything/paml_clean/FINAL_refseq_ftp_pipeline/11_paml_nuclear_final/ctl/CREB3L1/site_models/CREB3L1.M0.ctl
CREB3L1	site	M1a	/scratch/project_2004342/everything/paml_clean/FINAL_refseq_ftp_pipeline/11_paml_nuclear_final/results/CREB3L1/site_models/M1a	/scratch/project_2004342/everything/paml_clean/FINAL_refseq_ftp_pipeline/11_paml_nuclear_final/ctl/CREB3L1/site_models/CREB3L1.M1a.ctl
CREB3L1	site	M2a	/scratch/project_2004342/everything/paml_clean/FINAL_refseq_ftp_pipeline/11_paml_nuclear_final/results/CREB3L1/site_models/M2a	/scratch/project_2004342/everything/paml_clean/FINAL_refseq_ftp_pipeline/11_paml_nuclear_final/ctl/CREB3L1/site_models/CREB3L1.M2a.ctl
CREB3L1	site	M7	/scratch/project_2004342/everything/paml_clean/FINAL_refseq_ftp_pipeline/11_paml_nuclear_final/results/CREB3L1/site_models/M7	/scratch/project_2004342/everything/paml_clean/FINAL_refseq_ftp_pipeline/11_paml_nuclear_final/ctl/CREB3L1/site_models/CREB3L1.M7.ctl
CREB3L1	site	M8	/scratch/project_2004342/everything/paml_clean/FINAL_refseq_ftp_pipeline/11_paml_nuclear_final/results/CREB3L1/site_models/M8	/scratch/project_2004342/everything/paml_clean/FINAL_refseq_ftp_pipeline/11_paml_nuclear_final/ctl/CREB3L1/site_models/CREB3L1.M8.ctl
CREB3L1	site	M8a	/scratch/project_2004342/everything/paml_clean/FINAL_refseq_ftp_pipeline/11_paml_nuclear_final/results/CREB3L1/site_models/M8a	/scratch/project_2004342/everything/paml_clean/FINAL_refseq_ftp_pipeline/11_paml_nuclear_final/ctl/CREB3L1/site_models/CREB3L1.M8a.ctl
CREB3L4	site	M0	/scratch/project_2004342/everything/paml_clean/FINAL_refseq_ftp_pipeline/11_paml_nuclear_final/results/CREB3L4/site_models/M0	/scratch/project_2004342/everything/paml_clean/FINAL_refseq_ftp_pipeline/11_paml_nuclear_final/ctl/CREB3L4/site_models/CREB3L4.M0.ctl
CREB3L4	site	M1a	/scratch/project_2004342/everything/paml_clean/FINAL_refseq_ftp_pipeline/11_paml_nuclear_final/results/CREB3L4/site_models/M1a	/scratch/project_2004342/everything/paml_clean/FINAL_refseq_ftp_pipeline/11_paml_nuclear_final/ctl/CREB3L4/site_models/CREB3L4.M1a.ctl
CREB3L4	site	M2a	/scratch/project_2004342/everything/paml_clean/FINAL_refseq_ftp_pipeline/11_paml_nuclear_final/results/CREB3L4/site_models/M2a	/scratch/project_2004342/everything/paml_clean/FINAL_refseq_ftp_pipeline/11_paml_nuclear_final/ctl/CREB3L4/site_models/CREB3L4.M2a.ctl
CREB3L4	site	M7	/scratch/project_2004342/everything/paml_clean/FINAL_refseq_ftp_pipeline/11_paml_nuclear_final/results/CREB3L4/site_models/M7	/scratch/project_2004342/everything/paml_clean/FINAL_refseq_ftp_pipeline/11_paml_nuclear_final/ctl/CREB3L4/site_models/CREB3L4.M7.ctl
CREB3L4	site	M8	/scratch/project_2004342/everything/paml_clean/FINAL_refseq_ftp_pipeline/11_paml_nuclear_final/results/CREB3L4/site_models/M8	/scratch/project_2004342/everything/paml_clean/FINAL_refseq_ftp_pipeline/11_paml_nuclear_final/ctl/CREB3L4/site_models/CREB3L4.M8.ctl
CREB3L4	site	M8a	/scratch/project_2004342/everything/paml_clean/FINAL_refseq_ftp_pipeline/11_paml_nuclear_final/results/CREB3L4/site_models/M8a	/scratch/project_2004342/everything/paml_clean/FINAL_refseq_ftp_pipeline/11_paml_nuclear_final/ctl/CREB3L4/site_models/CREB3L4.M8a.ctl
CREB5	site	M0	/scratch/project_2004342/everything/paml_clean/FINAL_refseq_ftp_pipeline/11_paml_nuclear_final/results/CREB5/site_models/M0	/scratch/project_2004342/everything/paml_clean/FINAL_refseq_ftp_pipeline/11_paml_nuclear_final/ctl/CREB5/site_models/CREB5.M0.ctl
CREB5	site	M1a	/scratch/project_2004342/everything/paml_clean/FINAL_refseq_ftp_pipeline/11_paml_nuclear_final/results/CREB5/site_models/M1a	/scratch/project_2004342/everything/paml_clean/FINAL_refseq_ftp_pipeline/11_paml_nuclear_final/ctl/CREB5/site_models/CREB5.M1a.ctl
CREB5	site	M2a	/scratch/project_2004342/everything/paml_clean/FINAL_refseq_ftp_pipeline/11_paml_nuclear_final/results/CREB5/site_models/M2a	/scratch/project_2004342/everything/paml_clean/FINAL_refseq_ftp_pipeline/11_paml_nuclear_final/ctl/CREB5/site_models/CREB5.M2a.ctl
CREB5	site	M7	/scratch/project_2004342/everything/paml_clean/FINAL_refseq_ftp_pipeline/11_paml_nuclear_final/results/CREB5/site_models/M7	/scratch/project_2004342/everything/paml_clean/FINAL_refseq_ftp_pipeline/11_paml_nuclear_final/ctl/CREB5/site_models/CREB5.M7.ctl
CREB5	site	M8	/scratch/project_2004342/everything/paml_clean/FINAL_refseq_ftp_pipeline/11_paml_nuclear_final/results/CREB5/site_models/M8	/scratch/project_2004342/everything/paml_clean/FINAL_refseq_ftp_pipeline/11_paml_nuclear_final/ctl/CREB5/site_models/CREB5.M8.ctl
CREB5	site	M8a	/scratch/project_2004342/everything/paml_clean/FINAL_refseq_ftp_pipeline/11_paml_nuclear_final/results/CREB5/site_models/M8a	/scratch/project_2004342/everything/paml_clean/FINAL_refseq_ftp_pipeline/11_paml_nuclear_final/ctl/CREB5/site_models/CREB5.M8a.ctl
FGFR1	site	M0	/scratch/project_2004342/everything/paml_clean/FINAL_refseq_ftp_pipeline/11_paml_nuclear_final/results/FGFR1/site_models/M0	/scratch/project_2004342/everything/paml_clean/FINAL_refseq_ftp_pipeline/11_paml_nuclear_final/ctl/FGFR1/site_models/FGFR1.M0.ctl
FGFR1	site	M1a	/scratch/project_2004342/everything/paml_clean/FINAL_refseq_ftp_pipeline/11_paml_nuclear_final/results/FGFR1/site_models/M1a	/scratch/project_2004342/everything/paml_clean/FINAL_refseq_ftp_pipeline/11_paml_nuclear_final/ctl/FGFR1/site_models/FGFR1.M1a.ctl
FGFR1	site	M2a	/scratch/project_2004342/everything/paml_clean/FINAL_refseq_ftp_pipeline/11_paml_nuclear_final/results/FGFR1/site_models/M2a	/scratch/project_2004342/everything/paml_clean/FINAL_refseq_ftp_pipeline/11_paml_nuclear_final/ctl/FGFR1/site_models/FGFR1.M2a.ctl
FGFR1	site	M7	/scratch/project_2004342/everything/paml_clean/FINAL_refseq_ftp_pipeline/11_paml_nuclear_final/results/FGFR1/site_models/M7	/scratch/project_2004342/everything/paml_clean/FINAL_refseq_ftp_pipeline/11_paml_nuclear_final/ctl/FGFR1/site_models/FGFR1.M7.ctl
FGFR1	site	M8	/scratch/project_2004342/everything/paml_clean/FINAL_refseq_ftp_pipeline/11_paml_nuclear_final/results/FGFR1/site_models/M8	/scratch/project_2004342/everything/paml_clean/FINAL_refseq_ftp_pipeline/11_paml_nuclear_final/ctl/FGFR1/site_models/FGFR1.M8.ctl
FGFR1	site	M8a	/scratch/project_2004342/everything/paml_clean/FINAL_refseq_ftp_pipeline/11_paml_nuclear_final/results/FGFR1/site_models/M8a	/scratch/project_2004342/everything/paml_clean/FINAL_refseq_ftp_pipeline/11_paml_nuclear_final/ctl/FGFR1/site_models/FGFR1.M8a.ctl
NDUFA1	site	M0	/scratch/project_2004342/everything/paml_clean/FINAL_refseq_ftp_pipeline/11_paml_nuclear_final/results/NDUFA1/site_models/M0	/scratch/project_2004342/everything/paml_clean/FINAL_refseq_ftp_pipeline/11_paml_nuclear_final/ctl/NDUFA1/site_models/NDUFA1.M0.ctl
NDUFA1	site	M1a	/scratch/project_2004342/everything/paml_clean/FINAL_refseq_ftp_pipeline/11_paml_nuclear_final/results/NDUFA1/site_models/M1a	/scratch/project_2004342/everything/paml_clean/FINAL_refseq_ftp_pipeline/11_paml_nuclear_final/ctl/NDUFA1/site_models/NDUFA1.M1a.ctl
NDUFA1	site	M2a	/scratch/project_2004342/everything/paml_clean/FINAL_refseq_ftp_pipeline/11_paml_nuclear_final/results/NDUFA1/site_models/M2a	/scratch/project_2004342/everything/paml_clean/FINAL_refseq_ftp_pipeline/11_paml_nuclear_final/ctl/NDUFA1/site_models/NDUFA1.M2a.ctl
NDUFA1	site	M7	/scratch/project_2004342/everything/paml_clean/FINAL_refseq_ftp_pipeline/11_paml_nuclear_final/results/NDUFA1/site_models/M7	/scratch/project_2004342/everything/paml_clean/FINAL_refseq_ftp_pipeline/11_paml_nuclear_final/ctl/NDUFA1/site_models/NDUFA1.M7.ctl
NDUFA1	site	M8	/scratch/project_2004342/everything/paml_clean/FINAL_refseq_ftp_pipeline/11_paml_nuclear_final/results/NDUFA1/site_models/M8	/scratch/project_2004342/everything/paml_clean/FINAL_refseq_ftp_pipeline/11_paml_nuclear_final/ctl/NDUFA1/site_models/NDUFA1.M8.ctl
NDUFA1	site	M8a	/scratch/project_2004342/everything/paml_clean/FINAL_refseq_ftp_pipeline/11_paml_nuclear_final/results/NDUFA1/site_models/M8a	/scratch/project_2004342/everything/paml_clean/FINAL_refseq_ftp_pipeline/11_paml_nuclear_final/ctl/NDUFA1/site_models/NDUFA1.M8a.ctl
NDUFB8	site	M0	/scratch/project_2004342/everything/paml_clean/FINAL_refseq_ftp_pipeline/11_paml_nuclear_final/results/NDUFB8/site_models/M0	/scratch/project_2004342/everything/paml_clean/FINAL_refseq_ftp_pipeline/11_paml_nuclear_final/ctl/NDUFB8/site_models/NDUFB8.M0.ctl
NDUFB8	site	M1a	/scratch/project_2004342/everything/paml_clean/FINAL_refseq_ftp_pipeline/11_paml_nuclear_final/results/NDUFB8/site_models/M1a	/scratch/project_2004342/everything/paml_clean/FINAL_refseq_ftp_pipeline/11_paml_nuclear_final/ctl/NDUFB8/site_models/NDUFB8.M1a.ctl
NDUFB8	site	M2a	/scratch/project_2004342/everything/paml_clean/FINAL_refseq_ftp_pipeline/11_paml_nuclear_final/results/NDUFB8/site_models/M2a	/scratch/project_2004342/everything/paml_clean/FINAL_refseq_ftp_pipeline/11_paml_nuclear_final/ctl/NDUFB8/site_models/NDUFB8.M2a.ctl
NDUFB8	site	M7	/scratch/project_2004342/everything/paml_clean/FINAL_refseq_ftp_pipeline/11_paml_nuclear_final/results/NDUFB8/site_models/M7	/scratch/project_2004342/everything/paml_clean/FINAL_refseq_ftp_pipeline/11_paml_nuclear_final/ctl/NDUFB8/site_models/NDUFB8.M7.ctl
NDUFB8	site	M8	/scratch/project_2004342/everything/paml_clean/FINAL_refseq_ftp_pipeline/11_paml_nuclear_final/results/NDUFB8/site_models/M8	/scratch/project_2004342/everything/paml_clean/FINAL_refseq_ftp_pipeline/11_paml_nuclear_final/ctl/NDUFB8/site_models/NDUFB8.M8.ctl
NDUFB8	site	M8a	/scratch/project_2004342/everything/paml_clean/FINAL_refseq_ftp_pipeline/11_paml_nuclear_final/results/NDUFB8/site_models/M8a	/scratch/project_2004342/everything/paml_clean/FINAL_refseq_ftp_pipeline/11_paml_nuclear_final/ctl/NDUFB8/site_models/NDUFB8.M8a.ctl
NDUFS2	site	M0	/scratch/project_2004342/everything/paml_clean/FINAL_refseq_ftp_pipeline/11_paml_nuclear_final/results/NDUFS2/site_models/M0	/scratch/project_2004342/everything/paml_clean/FINAL_refseq_ftp_pipeline/11_paml_nuclear_final/ctl/NDUFS2/site_models/NDUFS2.M0.ctl
NDUFS2	site	M1a	/scratch/project_2004342/everything/paml_clean/FINAL_refseq_ftp_pipeline/11_paml_nuclear_final/results/NDUFS2/site_models/M1a	/scratch/project_2004342/everything/paml_clean/FINAL_refseq_ftp_pipeline/11_paml_nuclear_final/ctl/NDUFS2/site_models/NDUFS2.M1a.ctl
NDUFS2	site	M2a	/scratch/project_2004342/everything/paml_clean/FINAL_refseq_ftp_pipeline/11_paml_nuclear_final/results/NDUFS2/site_models/M2a	/scratch/project_2004342/everything/paml_clean/FINAL_refseq_ftp_pipeline/11_paml_nuclear_final/ctl/NDUFS2/site_models/NDUFS2.M2a.ctl
NDUFS2	site	M7	/scratch/project_2004342/everything/paml_clean/FINAL_refseq_ftp_pipeline/11_paml_nuclear_final/results/NDUFS2/site_models/M7	/scratch/project_2004342/everything/paml_clean/FINAL_refseq_ftp_pipeline/11_paml_nuclear_final/ctl/NDUFS2/site_models/NDUFS2.M7.ctl
NDUFS2	site	M8	/scratch/project_2004342/everything/paml_clean/FINAL_refseq_ftp_pipeline/11_paml_nuclear_final/results/NDUFS2/site_models/M8	/scratch/project_2004342/everything/paml_clean/FINAL_refseq_ftp_pipeline/11_paml_nuclear_final/ctl/NDUFS2/site_models/NDUFS2.M8.ctl
NDUFS2	site	M8a	/scratch/project_2004342/everything/paml_clean/FINAL_refseq_ftp_pipeline/11_paml_nuclear_final/results/NDUFS2/site_models/M8a	/scratch/project_2004342/everything/paml_clean/FINAL_refseq_ftp_pipeline/11_paml_nuclear_final/ctl/NDUFS2/site_models/NDUFS2.M8a.ctl
NDUFV2	site	M0	/scratch/project_2004342/everything/paml_clean/FINAL_refseq_ftp_pipeline/11_paml_nuclear_final/results/NDUFV2/site_models/M0	/scratch/project_2004342/everything/paml_clean/FINAL_refseq_ftp_pipeline/11_paml_nuclear_final/ctl/NDUFV2/site_models/NDUFV2.M0.ctl
NDUFV2	site	M1a	/scratch/project_2004342/everything/paml_clean/FINAL_refseq_ftp_pipeline/11_paml_nuclear_final/results/NDUFV2/site_models/M1a	/scratch/project_2004342/everything/paml_clean/FINAL_refseq_ftp_pipeline/11_paml_nuclear_final/ctl/NDUFV2/site_models/NDUFV2.M1a.ctl
NDUFV2	site	M2a	/scratch/project_2004342/everything/paml_clean/FINAL_refseq_ftp_pipeline/11_paml_nuclear_final/results/NDUFV2/site_models/M2a	/scratch/project_2004342/everything/paml_clean/FINAL_refseq_ftp_pipeline/11_paml_nuclear_final/ctl/NDUFV2/site_models/NDUFV2.M2a.ctl
NDUFV2	site	M7	/scratch/project_2004342/everything/paml_clean/FINAL_refseq_ftp_pipeline/11_paml_nuclear_final/results/NDUFV2/site_models/M7	/scratch/project_2004342/everything/paml_clean/FINAL_refseq_ftp_pipeline/11_paml_nuclear_final/ctl/NDUFV2/site_models/NDUFV2.M7.ctl
NDUFV2	site	M8	/scratch/project_2004342/everything/paml_clean/FINAL_refseq_ftp_pipeline/11_paml_nuclear_final/results/NDUFV2/site_models/M8	/scratch/project_2004342/everything/paml_clean/FINAL_refseq_ftp_pipeline/11_paml_nuclear_final/ctl/NDUFV2/site_models/NDUFV2.M8.ctl
NDUFV2	site	M8a	/scratch/project_2004342/everything/paml_clean/FINAL_refseq_ftp_pipeline/11_paml_nuclear_final/results/NDUFV2/site_models/M8a	/scratch/project_2004342/everything/paml_clean/FINAL_refseq_ftp_pipeline/11_paml_nuclear_final/ctl/NDUFV2/site_models/NDUFV2.M8a.ctl
PLIN1	site	M0	/scratch/project_2004342/everything/paml_clean/FINAL_refseq_ftp_pipeline/11_paml_nuclear_final/results/PLIN1/site_models/M0	/scratch/project_2004342/everything/paml_clean/FINAL_refseq_ftp_pipeline/11_paml_nuclear_final/ctl/PLIN1/site_models/PLIN1.M0.ctl
PLIN1	site	M1a	/scratch/project_2004342/everything/paml_clean/FINAL_refseq_ftp_pipeline/11_paml_nuclear_final/results/PLIN1/site_models/M1a	/scratch/project_2004342/everything/paml_clean/FINAL_refseq_ftp_pipeline/11_paml_nuclear_final/ctl/PLIN1/site_models/PLIN1.M1a.ctl
PLIN1	site	M2a	/scratch/project_2004342/everything/paml_clean/FINAL_refseq_ftp_pipeline/11_paml_nuclear_final/results/PLIN1/site_models/M2a	/scratch/project_2004342/everything/paml_clean/FINAL_refseq_ftp_pipeline/11_paml_nuclear_final/ctl/PLIN1/site_models/PLIN1.M2a.ctl
PLIN1	site	M7	/scratch/project_2004342/everything/paml_clean/FINAL_refseq_ftp_pipeline/11_paml_nuclear_final/results/PLIN1/site_models/M7	/scratch/project_2004342/everything/paml_clean/FINAL_refseq_ftp_pipeline/11_paml_nuclear_final/ctl/PLIN1/site_models/PLIN1.M7.ctl
PLIN1	site	M8	/scratch/project_2004342/everything/paml_clean/FINAL_refseq_ftp_pipeline/11_paml_nuclear_final/results/PLIN1/site_models/M8	/scratch/project_2004342/everything/paml_clean/FINAL_refseq_ftp_pipeline/11_paml_nuclear_final/ctl/PLIN1/site_models/PLIN1.M8.ctl
PLIN1	site	M8a	/scratch/project_2004342/everything/paml_clean/FINAL_refseq_ftp_pipeline/11_paml_nuclear_final/results/PLIN1/site_models/M8a	/scratch/project_2004342/everything/paml_clean/FINAL_refseq_ftp_pipeline/11_paml_nuclear_final/ctl/PLIN1/site_models/PLIN1.M8a.ctl
PPARG	site	M0	/scratch/project_2004342/everything/paml_clean/FINAL_refseq_ftp_pipeline/11_paml_nuclear_final/results/PPARG/site_models/M0	/scratch/project_2004342/everything/paml_clean/FINAL_refseq_ftp_pipeline/11_paml_nuclear_final/ctl/PPARG/site_models/PPARG.M0.ctl
PPARG	site	M1a	/scratch/project_2004342/everything/paml_clean/FINAL_refseq_ftp_pipeline/11_paml_nuclear_final/results/PPARG/site_models/M1a	/scratch/project_2004342/everything/paml_clean/FINAL_refseq_ftp_pipeline/11_paml_nuclear_final/ctl/PPARG/site_models/PPARG.M1a.ctl
PPARG	site	M2a	/scratch/project_2004342/everything/paml_clean/FINAL_refseq_ftp_pipeline/11_paml_nuclear_final/results/PPARG/site_models/M2a	/scratch/project_2004342/everything/paml_clean/FINAL_refseq_ftp_pipeline/11_paml_nuclear_final/ctl/PPARG/site_models/PPARG.M2a.ctl
PPARG	site	M7	/scratch/project_2004342/everything/paml_clean/FINAL_refseq_ftp_pipeline/11_paml_nuclear_final/results/PPARG/site_models/M7	/scratch/project_2004342/everything/paml_clean/FINAL_refseq_ftp_pipeline/11_paml_nuclear_final/ctl/PPARG/site_models/PPARG.M7.ctl
PPARG	site	M8	/scratch/project_2004342/everything/paml_clean/FINAL_refseq_ftp_pipeline/11_paml_nuclear_final/results/PPARG/site_models/M8	/scratch/project_2004342/everything/paml_clean/FINAL_refseq_ftp_pipeline/11_paml_nuclear_final/ctl/PPARG/site_models/PPARG.M8.ctl
PPARG	site	M8a	/scratch/project_2004342/everything/paml_clean/FINAL_refseq_ftp_pipeline/11_paml_nuclear_final/results/PPARG/site_models/M8a	/scratch/project_2004342/everything/paml_clean/FINAL_refseq_ftp_pipeline/11_paml_nuclear_final/ctl/PPARG/site_models/PPARG.M8a.ctl
PPARGC1A	site	M0	/scratch/project_2004342/everything/paml_clean/FINAL_refseq_ftp_pipeline/11_paml_nuclear_final/results/PPARGC1A/site_models/M0	/scratch/project_2004342/everything/paml_clean/FINAL_refseq_ftp_pipeline/11_paml_nuclear_final/ctl/PPARGC1A/site_models/PPARGC1A.M0.ctl
PPARGC1A	site	M1a	/scratch/project_2004342/everything/paml_clean/FINAL_refseq_ftp_pipeline/11_paml_nuclear_final/results/PPARGC1A/site_models/M1a	/scratch/project_2004342/everything/paml_clean/FINAL_refseq_ftp_pipeline/11_paml_nuclear_final/ctl/PPARGC1A/site_models/PPARGC1A.M1a.ctl
PPARGC1A	site	M2a	/scratch/project_2004342/everything/paml_clean/FINAL_refseq_ftp_pipeline/11_paml_nuclear_final/results/PPARGC1A/site_models/M2a	/scratch/project_2004342/everything/paml_clean/FINAL_refseq_ftp_pipeline/11_paml_nuclear_final/ctl/PPARGC1A/site_models/PPARGC1A.M2a.ctl
PPARGC1A	site	M7	/scratch/project_2004342/everything/paml_clean/FINAL_refseq_ftp_pipeline/11_paml_nuclear_final/results/PPARGC1A/site_models/M7	/scratch/project_2004342/everything/paml_clean/FINAL_refseq_ftp_pipeline/11_paml_nuclear_final/ctl/PPARGC1A/site_models/PPARGC1A.M7.ctl
PPARGC1A	site	M8	/scratch/project_2004342/everything/paml_clean/FINAL_refseq_ftp_pipeline/11_paml_nuclear_final/results/PPARGC1A/site_models/M8	/scratch/project_2004342/everything/paml_clean/FINAL_refseq_ftp_pipeline/11_paml_nuclear_final/ctl/PPARGC1A/site_models/PPARGC1A.M8.ctl
PPARGC1A	site	M8a	/scratch/project_2004342/everything/paml_clean/FINAL_refseq_ftp_pipeline/11_paml_nuclear_final/results/PPARGC1A/site_models/M8a	/scratch/project_2004342/everything/paml_clean/FINAL_refseq_ftp_pipeline/11_paml_nuclear_final/ctl/PPARGC1A/site_models/PPARGC1A.M8a.ctl
PRDM16	site	M0	/scratch/project_2004342/everything/paml_clean/FINAL_refseq_ftp_pipeline/11_paml_nuclear_final/results/PRDM16/site_models/M0	/scratch/project_2004342/everything/paml_clean/FINAL_refseq_ftp_pipeline/11_paml_nuclear_final/ctl/PRDM16/site_models/PRDM16.M0.ctl
PRDM16	site	M1a	/scratch/project_2004342/everything/paml_clean/FINAL_refseq_ftp_pipeline/11_paml_nuclear_final/results/PRDM16/site_models/M1a	/scratch/project_2004342/everything/paml_clean/FINAL_refseq_ftp_pipeline/11_paml_nuclear_final/ctl/PRDM16/site_models/PRDM16.M1a.ctl
PRDM16	site	M2a	/scratch/project_2004342/everything/paml_clean/FINAL_refseq_ftp_pipeline/11_paml_nuclear_final/results/PRDM16/site_models/M2a	/scratch/project_2004342/everything/paml_clean/FINAL_refseq_ftp_pipeline/11_paml_nuclear_final/ctl/PRDM16/site_models/PRDM16.M2a.ctl
PRDM16	site	M7	/scratch/project_2004342/everything/paml_clean/FINAL_refseq_ftp_pipeline/11_paml_nuclear_final/results/PRDM16/site_models/M7	/scratch/project_2004342/everything/paml_clean/FINAL_refseq_ftp_pipeline/11_paml_nuclear_final/ctl/PRDM16/site_models/PRDM16.M7.ctl
PRDM16	site	M8	/scratch/project_2004342/everything/paml_clean/FINAL_refseq_ftp_pipeline/11_paml_nuclear_final/results/PRDM16/site_models/M8	/scratch/project_2004342/everything/paml_clean/FINAL_refseq_ftp_pipeline/11_paml_nuclear_final/ctl/PRDM16/site_models/PRDM16.M8.ctl
PRDM16	site	M8a	/scratch/project_2004342/everything/paml_clean/FINAL_refseq_ftp_pipeline/11_paml_nuclear_final/results/PRDM16/site_models/M8a	/scratch/project_2004342/everything/paml_clean/FINAL_refseq_ftp_pipeline/11_paml_nuclear_final/ctl/PRDM16/site_models/PRDM16.M8a.ctl
PRKAA1	site	M0	/scratch/project_2004342/everything/paml_clean/FINAL_refseq_ftp_pipeline/11_paml_nuclear_final/results/PRKAA1/site_models/M0	/scratch/project_2004342/everything/paml_clean/FINAL_refseq_ftp_pipeline/11_paml_nuclear_final/ctl/PRKAA1/site_models/PRKAA1.M0.ctl
PRKAA1	site	M1a	/scratch/project_2004342/everything/paml_clean/FINAL_refseq_ftp_pipeline/11_paml_nuclear_final/results/PRKAA1/site_models/M1a	/scratch/project_2004342/everything/paml_clean/FINAL_refseq_ftp_pipeline/11_paml_nuclear_final/ctl/PRKAA1/site_models/PRKAA1.M1a.ctl
PRKAA1	site	M2a	/scratch/project_2004342/everything/paml_clean/FINAL_refseq_ftp_pipeline/11_paml_nuclear_final/results/PRKAA1/site_models/M2a	/scratch/project_2004342/everything/paml_clean/FINAL_refseq_ftp_pipeline/11_paml_nuclear_final/ctl/PRKAA1/site_models/PRKAA1.M2a.ctl
PRKAA1	site	M7	/scratch/project_2004342/everything/paml_clean/FINAL_refseq_ftp_pipeline/11_paml_nuclear_final/results/PRKAA1/site_models/M7	/scratch/project_2004342/everything/paml_clean/FINAL_refseq_ftp_pipeline/11_paml_nuclear_final/ctl/PRKAA1/site_models/PRKAA1.M7.ctl
PRKAA1	site	M8	/scratch/project_2004342/everything/paml_clean/FINAL_refseq_ftp_pipeline/11_paml_nuclear_final/results/PRKAA1/site_models/M8	/scratch/project_2004342/everything/paml_clean/FINAL_refseq_ftp_pipeline/11_paml_nuclear_final/ctl/PRKAA1/site_models/PRKAA1.M8.ctl
PRKAA1	site	M8a	/scratch/project_2004342/everything/paml_clean/FINAL_refseq_ftp_pipeline/11_paml_nuclear_final/results/PRKAA1/site_models/M8a	/scratch/project_2004342/everything/paml_clean/FINAL_refseq_ftp_pipeline/11_paml_nuclear_final/ctl/PRKAA1/site_models/PRKAA1.M8a.ctl
SDHA1	site	M0	/scratch/project_2004342/everything/paml_clean/FINAL_refseq_ftp_pipeline/11_paml_nuclear_final/results/SDHA1/site_models/M0	/scratch/project_2004342/everything/paml_clean/FINAL_refseq_ftp_pipeline/11_paml_nuclear_final/ctl/SDHA1/site_models/SDHA1.M0.ctl
SDHA1	site	M1a	/scratch/project_2004342/everything/paml_clean/FINAL_refseq_ftp_pipeline/11_paml_nuclear_final/results/SDHA1/site_models/M1a	/scratch/project_2004342/everything/paml_clean/FINAL_refseq_ftp_pipeline/11_paml_nuclear_final/ctl/SDHA1/site_models/SDHA1.M1a.ctl
SDHA1	site	M2a	/scratch/project_2004342/everything/paml_clean/FINAL_refseq_ftp_pipeline/11_paml_nuclear_final/results/SDHA1/site_models/M2a	/scratch/project_2004342/everything/paml_clean/FINAL_refseq_ftp_pipeline/11_paml_nuclear_final/ctl/SDHA1/site_models/SDHA1.M2a.ctl
SDHA1	site	M7	/scratch/project_2004342/everything/paml_clean/FINAL_refseq_ftp_pipeline/11_paml_nuclear_final/results/SDHA1/site_models/M7	/scratch/project_2004342/everything/paml_clean/FINAL_refseq_ftp_pipeline/11_paml_nuclear_final/ctl/SDHA1/site_models/SDHA1.M7.ctl
SDHA1	site	M8	/scratch/project_2004342/everything/paml_clean/FINAL_refseq_ftp_pipeline/11_paml_nuclear_final/results/SDHA1/site_models/M8	/scratch/project_2004342/everything/paml_clean/FINAL_refseq_ftp_pipeline/11_paml_nuclear_final/ctl/SDHA1/site_models/SDHA1.M8.ctl
SDHA1	site	M8a	/scratch/project_2004342/everything/paml_clean/FINAL_refseq_ftp_pipeline/11_paml_nuclear_final/results/SDHA1/site_models/M8a	/scratch/project_2004342/everything/paml_clean/FINAL_refseq_ftp_pipeline/11_paml_nuclear_final/ctl/SDHA1/site_models/SDHA1.M8a.ctl
SDHB	site	M0	/scratch/project_2004342/everything/paml_clean/FINAL_refseq_ftp_pipeline/11_paml_nuclear_final/results/SDHB/site_models/M0	/scratch/project_2004342/everything/paml_clean/FINAL_refseq_ftp_pipeline/11_paml_nuclear_final/ctl/SDHB/site_models/SDHB.M0.ctl
SDHB	site	M1a	/scratch/project_2004342/everything/paml_clean/FINAL_refseq_ftp_pipeline/11_paml_nuclear_final/results/SDHB/site_models/M1a	/scratch/project_2004342/everything/paml_clean/FINAL_refseq_ftp_pipeline/11_paml_nuclear_final/ctl/SDHB/site_models/SDHB.M1a.ctl
SDHB	site	M2a	/scratch/project_2004342/everything/paml_clean/FINAL_refseq_ftp_pipeline/11_paml_nuclear_final/results/SDHB/site_models/M2a	/scratch/project_2004342/everything/paml_clean/FINAL_refseq_ftp_pipeline/11_paml_nuclear_final/ctl/SDHB/site_models/SDHB.M2a.ctl
SDHB	site	M7	/scratch/project_2004342/everything/paml_clean/FINAL_refseq_ftp_pipeline/11_paml_nuclear_final/results/SDHB/site_models/M7	/scratch/project_2004342/everything/paml_clean/FINAL_refseq_ftp_pipeline/11_paml_nuclear_final/ctl/SDHB/site_models/SDHB.M7.ctl
SDHB	site	M8	/scratch/project_2004342/everything/paml_clean/FINAL_refseq_ftp_pipeline/11_paml_nuclear_final/results/SDHB/site_models/M8	/scratch/project_2004342/everything/paml_clean/FINAL_refseq_ftp_pipeline/11_paml_nuclear_final/ctl/SDHB/site_models/SDHB.M8.ctl
SDHB	site	M8a	/scratch/project_2004342/everything/paml_clean/FINAL_refseq_ftp_pipeline/11_paml_nuclear_final/results/SDHB/site_models/M8a	/scratch/project_2004342/everything/paml_clean/FINAL_refseq_ftp_pipeline/11_paml_nuclear_final/ctl/SDHB/site_models/SDHB.M8a.ctl
SIRT6	site	M0	/scratch/project_2004342/everything/paml_clean/FINAL_refseq_ftp_pipeline/11_paml_nuclear_final/results/SIRT6/site_models/M0	/scratch/project_2004342/everything/paml_clean/FINAL_refseq_ftp_pipeline/11_paml_nuclear_final/ctl/SIRT6/site_models/SIRT6.M0.ctl
SIRT6	site	M1a	/scratch/project_2004342/everything/paml_clean/FINAL_refseq_ftp_pipeline/11_paml_nuclear_final/results/SIRT6/site_models/M1a	/scratch/project_2004342/everything/paml_clean/FINAL_refseq_ftp_pipeline/11_paml_nuclear_final/ctl/SIRT6/site_models/SIRT6.M1a.ctl
SIRT6	site	M2a	/scratch/project_2004342/everything/paml_clean/FINAL_refseq_ftp_pipeline/11_paml_nuclear_final/results/SIRT6/site_models/M2a	/scratch/project_2004342/everything/paml_clean/FINAL_refseq_ftp_pipeline/11_paml_nuclear_final/ctl/SIRT6/site_models/SIRT6.M2a.ctl
SIRT6	site	M7	/scratch/project_2004342/everything/paml_clean/FINAL_refseq_ftp_pipeline/11_paml_nuclear_final/results/SIRT6/site_models/M7	/scratch/project_2004342/everything/paml_clean/FINAL_refseq_ftp_pipeline/11_paml_nuclear_final/ctl/SIRT6/site_models/SIRT6.M7.ctl
SIRT6	site	M8	/scratch/project_2004342/everything/paml_clean/FINAL_refseq_ftp_pipeline/11_paml_nuclear_final/results/SIRT6/site_models/M8	/scratch/project_2004342/everything/paml_clean/FINAL_refseq_ftp_pipeline/11_paml_nuclear_final/ctl/SIRT6/site_models/SIRT6.M8.ctl
SIRT6	site	M8a	/scratch/project_2004342/everything/paml_clean/FINAL_refseq_ftp_pipeline/11_paml_nuclear_final/results/SIRT6/site_models/M8a	/scratch/project_2004342/everything/paml_clean/FINAL_refseq_ftp_pipeline/11_paml_nuclear_final/ctl/SIRT6/site_models/SIRT6.M8a.ctl
SLC25A20	site	M0	/scratch/project_2004342/everything/paml_clean/FINAL_refseq_ftp_pipeline/11_paml_nuclear_final/results/SLC25A20/site_models/M0	/scratch/project_2004342/everything/paml_clean/FINAL_refseq_ftp_pipeline/11_paml_nuclear_final/ctl/SLC25A20/site_models/SLC25A20.M0.ctl
SLC25A20	site	M1a	/scratch/project_2004342/everything/paml_clean/FINAL_refseq_ftp_pipeline/11_paml_nuclear_final/results/SLC25A20/site_models/M1a	/scratch/project_2004342/everything/paml_clean/FINAL_refseq_ftp_pipeline/11_paml_nuclear_final/ctl/SLC25A20/site_models/SLC25A20.M1a.ctl
SLC25A20	site	M2a	/scratch/project_2004342/everything/paml_clean/FINAL_refseq_ftp_pipeline/11_paml_nuclear_final/results/SLC25A20/site_models/M2a	/scratch/project_2004342/everything/paml_clean/FINAL_refseq_ftp_pipeline/11_paml_nuclear_final/ctl/SLC25A20/site_models/SLC25A20.M2a.ctl
SLC25A20	site	M7	/scratch/project_2004342/everything/paml_clean/FINAL_refseq_ftp_pipeline/11_paml_nuclear_final/results/SLC25A20/site_models/M7	/scratch/project_2004342/everything/paml_clean/FINAL_refseq_ftp_pipeline/11_paml_nuclear_final/ctl/SLC25A20/site_models/SLC25A20.M7.ctl
SLC25A20	site	M8	/scratch/project_2004342/everything/paml_clean/FINAL_refseq_ftp_pipeline/11_paml_nuclear_final/results/SLC25A20/site_models/M8	/scratch/project_2004342/everything/paml_clean/FINAL_refseq_ftp_pipeline/11_paml_nuclear_final/ctl/SLC25A20/site_models/SLC25A20.M8.ctl
SLC25A20	site	M8a	/scratch/project_2004342/everything/paml_clean/FINAL_refseq_ftp_pipeline/11_paml_nuclear_final/results/SLC25A20/site_models/M8a	/scratch/project_2004342/everything/paml_clean/FINAL_refseq_ftp_pipeline/11_paml_nuclear_final/ctl/SLC25A20/site_models/SLC25A20.M8a.ctl
SOS1	site	M0	/scratch/project_2004342/everything/paml_clean/FINAL_refseq_ftp_pipeline/11_paml_nuclear_final/results/SOS1/site_models/M0	/scratch/project_2004342/everything/paml_clean/FINAL_refseq_ftp_pipeline/11_paml_nuclear_final/ctl/SOS1/site_models/SOS1.M0.ctl
SOS1	site	M1a	/scratch/project_2004342/everything/paml_clean/FINAL_refseq_ftp_pipeline/11_paml_nuclear_final/results/SOS1/site_models/M1a	/scratch/project_2004342/everything/paml_clean/FINAL_refseq_ftp_pipeline/11_paml_nuclear_final/ctl/SOS1/site_models/SOS1.M1a.ctl
SOS1	site	M2a	/scratch/project_2004342/everything/paml_clean/FINAL_refseq_ftp_pipeline/11_paml_nuclear_final/results/SOS1/site_models/M2a	/scratch/project_2004342/everything/paml_clean/FINAL_refseq_ftp_pipeline/11_paml_nuclear_final/ctl/SOS1/site_models/SOS1.M2a.ctl
SOS1	site	M7	/scratch/project_2004342/everything/paml_clean/FINAL_refseq_ftp_pipeline/11_paml_nuclear_final/results/SOS1/site_models/M7	/scratch/project_2004342/everything/paml_clean/FINAL_refseq_ftp_pipeline/11_paml_nuclear_final/ctl/SOS1/site_models/SOS1.M7.ctl
SOS1	site	M8	/scratch/project_2004342/everything/paml_clean/FINAL_refseq_ftp_pipeline/11_paml_nuclear_final/results/SOS1/site_models/M8	/scratch/project_2004342/everything/paml_clean/FINAL_refseq_ftp_pipeline/11_paml_nuclear_final/ctl/SOS1/site_models/SOS1.M8.ctl
SOS1	site	M8a	/scratch/project_2004342/everything/paml_clean/FINAL_refseq_ftp_pipeline/11_paml_nuclear_final/results/SOS1/site_models/M8a	/scratch/project_2004342/everything/paml_clean/FINAL_refseq_ftp_pipeline/11_paml_nuclear_final/ctl/SOS1/site_models/SOS1.M8a.ctl
SOS2	site	M0	/scratch/project_2004342/everything/paml_clean/FINAL_refseq_ftp_pipeline/11_paml_nuclear_final/results/SOS2/site_models/M0	/scratch/project_2004342/everything/paml_clean/FINAL_refseq_ftp_pipeline/11_paml_nuclear_final/ctl/SOS2/site_models/SOS2.M0.ctl
SOS2	site	M1a	/scratch/project_2004342/everything/paml_clean/FINAL_refseq_ftp_pipeline/11_paml_nuclear_final/results/SOS2/site_models/M1a	/scratch/project_2004342/everything/paml_clean/FINAL_refseq_ftp_pipeline/11_paml_nuclear_final/ctl/SOS2/site_models/SOS2.M1a.ctl
SOS2	site	M2a	/scratch/project_2004342/everything/paml_clean/FINAL_refseq_ftp_pipeline/11_paml_nuclear_final/results/SOS2/site_models/M2a	/scratch/project_2004342/everything/paml_clean/FINAL_refseq_ftp_pipeline/11_paml_nuclear_final/ctl/SOS2/site_models/SOS2.M2a.ctl
SOS2	site	M7	/scratch/project_2004342/everything/paml_clean/FINAL_refseq_ftp_pipeline/11_paml_nuclear_final/results/SOS2/site_models/M7	/scratch/project_2004342/everything/paml_clean/FINAL_refseq_ftp_pipeline/11_paml_nuclear_final/ctl/SOS2/site_models/SOS2.M7.ctl
SOS2	site	M8	/scratch/project_2004342/everything/paml_clean/FINAL_refseq_ftp_pipeline/11_paml_nuclear_final/results/SOS2/site_models/M8	/scratch/project_2004342/everything/paml_clean/FINAL_refseq_ftp_pipeline/11_paml_nuclear_final/ctl/SOS2/site_models/SOS2.M8.ctl
SOS2	site	M8a	/scratch/project_2004342/everything/paml_clean/FINAL_refseq_ftp_pipeline/11_paml_nuclear_final/results/SOS2/site_models/M8a	/scratch/project_2004342/everything/paml_clean/FINAL_refseq_ftp_pipeline/11_paml_nuclear_final/ctl/SOS2/site_models/SOS2.M8a.ctl
UCP1	site	M0	/scratch/project_2004342/everything/paml_clean/FINAL_refseq_ftp_pipeline/11_paml_nuclear_final/results/UCP1/site_models/M0	/scratch/project_2004342/everything/paml_clean/FINAL_refseq_ftp_pipeline/11_paml_nuclear_final/ctl/UCP1/site_models/UCP1.M0.ctl
UCP1	site	M1a	/scratch/project_2004342/everything/paml_clean/FINAL_refseq_ftp_pipeline/11_paml_nuclear_final/results/UCP1/site_models/M1a	/scratch/project_2004342/everything/paml_clean/FINAL_refseq_ftp_pipeline/11_paml_nuclear_final/ctl/UCP1/site_models/UCP1.M1a.ctl
UCP1	site	M2a	/scratch/project_2004342/everything/paml_clean/FINAL_refseq_ftp_pipeline/11_paml_nuclear_final/results/UCP1/site_models/M2a	/scratch/project_2004342/everything/paml_clean/FINAL_refseq_ftp_pipeline/11_paml_nuclear_final/ctl/UCP1/site_models/UCP1.M2a.ctl
UCP1	site	M7	/scratch/project_2004342/everything/paml_clean/FINAL_refseq_ftp_pipeline/11_paml_nuclear_final/results/UCP1/site_models/M7	/scratch/project_2004342/everything/paml_clean/FINAL_refseq_ftp_pipeline/11_paml_nuclear_final/ctl/UCP1/site_models/UCP1.M7.ctl
UCP1	site	M8	/scratch/project_2004342/everything/paml_clean/FINAL_refseq_ftp_pipeline/11_paml_nuclear_final/results/UCP1/site_models/M8	/scratch/project_2004342/everything/paml_clean/FINAL_refseq_ftp_pipeline/11_paml_nuclear_final/ctl/UCP1/site_models/UCP1.M8.ctl
UCP1	site	M8a	/scratch/project_2004342/everything/paml_clean/FINAL_refseq_ftp_pipeline/11_paml_nuclear_final/results/UCP1/site_models/M8a	/scratch/project_2004342/everything/paml_clean/FINAL_refseq_ftp_pipeline/11_paml_nuclear_final/ctl/UCP1/site_models/UCP1.M8a.ctl
UQCRB	site	M0	/scratch/project_2004342/everything/paml_clean/FINAL_refseq_ftp_pipeline/11_paml_nuclear_final/results/UQCRB/site_models/M0	/scratch/project_2004342/everything/paml_clean/FINAL_refseq_ftp_pipeline/11_paml_nuclear_final/ctl/UQCRB/site_models/UQCRB.M0.ctl
UQCRB	site	M1a	/scratch/project_2004342/everything/paml_clean/FINAL_refseq_ftp_pipeline/11_paml_nuclear_final/results/UQCRB/site_models/M1a	/scratch/project_2004342/everything/paml_clean/FINAL_refseq_ftp_pipeline/11_paml_nuclear_final/ctl/UQCRB/site_models/UQCRB.M1a.ctl
UQCRB	site	M2a	/scratch/project_2004342/everything/paml_clean/FINAL_refseq_ftp_pipeline/11_paml_nuclear_final/results/UQCRB/site_models/M2a	/scratch/project_2004342/everything/paml_clean/FINAL_refseq_ftp_pipeline/11_paml_nuclear_final/ctl/UQCRB/site_models/UQCRB.M2a.ctl
UQCRB	site	M7	/scratch/project_2004342/everything/paml_clean/FINAL_refseq_ftp_pipeline/11_paml_nuclear_final/results/UQCRB/site_models/M7	/scratch/project_2004342/everything/paml_clean/FINAL_refseq_ftp_pipeline/11_paml_nuclear_final/ctl/UQCRB/site_models/UQCRB.M7.ctl
UQCRB	site	M8	/scratch/project_2004342/everything/paml_clean/FINAL_refseq_ftp_pipeline/11_paml_nuclear_final/results/UQCRB/site_models/M8	/scratch/project_2004342/everything/paml_clean/FINAL_refseq_ftp_pipeline/11_paml_nuclear_final/ctl/UQCRB/site_models/UQCRB.M8.ctl
UQCRB	site	M8a	/scratch/project_2004342/everything/paml_clean/FINAL_refseq_ftp_pipeline/11_paml_nuclear_final/results/UQCRB/site_models/M8a	/scratch/project_2004342/everything/paml_clean/FINAL_refseq_ftp_pipeline/11_paml_nuclear_final/ctl/UQCRB/site_models/UQCRB.M8a.ctl
ACSL1	branchsite	nilssonii_terminal_BS_null	/scratch/project_2004342/everything/paml_clean/FINAL_refseq_ftp_pipeline/11_paml_nuclear_final/results/ACSL1/branchsite/nilssonii_terminal/BS_null	/scratch/project_2004342/everything/paml_clean/FINAL_refseq_ftp_pipeline/11_paml_nuclear_final/ctl/ACSL1/branchsite/nilssonii_terminal/ACSL1.nilssonii_terminal.BS_null.ctl
ACSL1	branchsite	nilssonii_terminal_BS_alt	/scratch/project_2004342/everything/paml_clean/FINAL_refseq_ftp_pipeline/11_paml_nuclear_final/results/ACSL1/branchsite/nilssonii_terminal/BS_alt	/scratch/project_2004342/everything/paml_clean/FINAL_refseq_ftp_pipeline/11_paml_nuclear_final/ctl/ACSL1/branchsite/nilssonii_terminal/ACSL1.nilssonii_terminal.BS_alt.ctl
ACSL1	branchsite	ept_stem_BS_null	/scratch/project_2004342/everything/paml_clean/FINAL_refseq_ftp_pipeline/11_paml_nuclear_final/results/ACSL1/branchsite/ept_stem/BS_null	/scratch/project_2004342/everything/paml_clean/FINAL_refseq_ftp_pipeline/11_paml_nuclear_final/ctl/ACSL1/branchsite/ept_stem/ACSL1.ept_stem.BS_null.ctl
ACSL1	branchsite	ept_stem_BS_alt	/scratch/project_2004342/everything/paml_clean/FINAL_refseq_ftp_pipeline/11_paml_nuclear_final/results/ACSL1/branchsite/ept_stem/BS_alt	/scratch/project_2004342/everything/paml_clean/FINAL_refseq_ftp_pipeline/11_paml_nuclear_final/ctl/ACSL1/branchsite/ept_stem/ACSL1.ept_stem.BS_alt.ctl
ACSL1	branchsite	ept_terminals_BS_null	/scratch/project_2004342/everything/paml_clean/FINAL_refseq_ftp_pipeline/11_paml_nuclear_final/results/ACSL1/branchsite/ept_terminals/BS_null	/scratch/project_2004342/everything/paml_clean/FINAL_refseq_ftp_pipeline/11_paml_nuclear_final/ctl/ACSL1/branchsite/ept_terminals/ACSL1.ept_terminals.BS_null.ctl
ACSL1	branchsite	ept_terminals_BS_alt	/scratch/project_2004342/everything/paml_clean/FINAL_refseq_ftp_pipeline/11_paml_nuclear_final/results/ACSL1/branchsite/ept_terminals/BS_alt	/scratch/project_2004342/everything/paml_clean/FINAL_refseq_ftp_pipeline/11_paml_nuclear_final/ctl/ACSL1/branchsite/ept_terminals/ACSL1.ept_terminals.BS_alt.ctl
ACSL1	branchsite	myotis_cold_taxa_BS_null	/scratch/project_2004342/everything/paml_clean/FINAL_refseq_ftp_pipeline/11_paml_nuclear_final/results/ACSL1/branchsite/myotis_cold_taxa/BS_null	/scratch/project_2004342/everything/paml_clean/FINAL_refseq_ftp_pipeline/11_paml_nuclear_final/ctl/ACSL1/branchsite/myotis_cold_taxa/ACSL1.myotis_cold_taxa.BS_null.ctl
ACSL1	branchsite	myotis_cold_taxa_BS_alt	/scratch/project_2004342/everything/paml_clean/FINAL_refseq_ftp_pipeline/11_paml_nuclear_final/results/ACSL1/branchsite/myotis_cold_taxa/BS_alt	/scratch/project_2004342/everything/paml_clean/FINAL_refseq_ftp_pipeline/11_paml_nuclear_final/ctl/ACSL1/branchsite/myotis_cold_taxa/ACSL1.myotis_cold_taxa.BS_alt.ctl
ACSL1	branchsite	myotis_cold_wholeclade_BS_null	/scratch/project_2004342/everything/paml_clean/FINAL_refseq_ftp_pipeline/11_paml_nuclear_final/results/ACSL1/branchsite/myotis_cold_wholeclade/BS_null	/scratch/project_2004342/everything/paml_clean/FINAL_refseq_ftp_pipeline/11_paml_nuclear_final/ctl/ACSL1/branchsite/myotis_cold_wholeclade/ACSL1.myotis_cold_wholeclade.BS_null.ctl
ACSL1	branchsite	myotis_cold_wholeclade_BS_alt	/scratch/project_2004342/everything/paml_clean/FINAL_refseq_ftp_pipeline/11_paml_nuclear_final/results/ACSL1/branchsite/myotis_cold_wholeclade/BS_alt	/scratch/project_2004342/everything/paml_clean/FINAL_refseq_ftp_pipeline/11_paml_nuclear_final/ctl/ACSL1/branchsite/myotis_cold_wholeclade/ACSL1.myotis_cold_wholeclade.BS_alt.ctl
ACSL1	branchsite	coldbats_taxa_BS_null	/scratch/project_2004342/everything/paml_clean/FINAL_refseq_ftp_pipeline/11_paml_nuclear_final/results/ACSL1/branchsite/coldbats_taxa/BS_null	/scratch/project_2004342/everything/paml_clean/FINAL_refseq_ftp_pipeline/11_paml_nuclear_final/ctl/ACSL1/branchsite/coldbats_taxa/ACSL1.coldbats_taxa.BS_null.ctl
ACSL1	branchsite	coldbats_taxa_BS_alt	/scratch/project_2004342/everything/paml_clean/FINAL_refseq_ftp_pipeline/11_paml_nuclear_final/results/ACSL1/branchsite/coldbats_taxa/BS_alt	/scratch/project_2004342/everything/paml_clean/FINAL_refseq_ftp_pipeline/11_paml_nuclear_final/ctl/ACSL1/branchsite/coldbats_taxa/ACSL1.coldbats_taxa.BS_alt.ctl
ACSL1	branchsite	vesper_wholeclade_BS_null	/scratch/project_2004342/everything/paml_clean/FINAL_refseq_ftp_pipeline/11_paml_nuclear_final/results/ACSL1/branchsite/vesper_wholeclade/BS_null	/scratch/project_2004342/everything/paml_clean/FINAL_refseq_ftp_pipeline/11_paml_nuclear_final/ctl/ACSL1/branchsite/vesper_wholeclade/ACSL1.vesper_wholeclade.BS_null.ctl
ACSL1	branchsite	vesper_wholeclade_BS_alt	/scratch/project_2004342/everything/paml_clean/FINAL_refseq_ftp_pipeline/11_paml_nuclear_final/results/ACSL1/branchsite/vesper_wholeclade/BS_alt	/scratch/project_2004342/everything/paml_clean/FINAL_refseq_ftp_pipeline/11_paml_nuclear_final/ctl/ACSL1/branchsite/vesper_wholeclade/ACSL1.vesper_wholeclade.BS_alt.ctl
ADCY3	branchsite	nilssonii_terminal_BS_null	/scratch/project_2004342/everything/paml_clean/FINAL_refseq_ftp_pipeline/11_paml_nuclear_final/results/ADCY3/branchsite/nilssonii_terminal/BS_null	/scratch/project_2004342/everything/paml_clean/FINAL_refseq_ftp_pipeline/11_paml_nuclear_final/ctl/ADCY3/branchsite/nilssonii_terminal/ADCY3.nilssonii_terminal.BS_null.ctl
ADCY3	branchsite	nilssonii_terminal_BS_alt	/scratch/project_2004342/everything/paml_clean/FINAL_refseq_ftp_pipeline/11_paml_nuclear_final/results/ADCY3/branchsite/nilssonii_terminal/BS_alt	/scratch/project_2004342/everything/paml_clean/FINAL_refseq_ftp_pipeline/11_paml_nuclear_final/ctl/ADCY3/branchsite/nilssonii_terminal/ADCY3.nilssonii_terminal.BS_alt.ctl
ADCY3	branchsite	ept_stem_BS_null	/scratch/project_2004342/everything/paml_clean/FINAL_refseq_ftp_pipeline/11_paml_nuclear_final/results/ADCY3/branchsite/ept_stem/BS_null	/scratch/project_2004342/everything/paml_clean/FINAL_refseq_ftp_pipeline/11_paml_nuclear_final/ctl/ADCY3/branchsite/ept_stem/ADCY3.ept_stem.BS_null.ctl
ADCY3	branchsite	ept_stem_BS_alt	/scratch/project_2004342/everything/paml_clean/FINAL_refseq_ftp_pipeline/11_paml_nuclear_final/results/ADCY3/branchsite/ept_stem/BS_alt	/scratch/project_2004342/everything/paml_clean/FINAL_refseq_ftp_pipeline/11_paml_nuclear_final/ctl/ADCY3/branchsite/ept_stem/ADCY3.ept_stem.BS_alt.ctl
ADCY3	branchsite	ept_terminals_BS_null	/scratch/project_2004342/everything/paml_clean/FINAL_refseq_ftp_pipeline/11_paml_nuclear_final/results/ADCY3/branchsite/ept_terminals/BS_null	/scratch/project_2004342/everything/paml_clean/FINAL_refseq_ftp_pipeline/11_paml_nuclear_final/ctl/ADCY3/branchsite/ept_terminals/ADCY3.ept_terminals.BS_null.ctl
ADCY3	branchsite	ept_terminals_BS_alt	/scratch/project_2004342/everything/paml_clean/FINAL_refseq_ftp_pipeline/11_paml_nuclear_final/results/ADCY3/branchsite/ept_terminals/BS_alt	/scratch/project_2004342/everything/paml_clean/FINAL_refseq_ftp_pipeline/11_paml_nuclear_final/ctl/ADCY3/branchsite/ept_terminals/ADCY3.ept_terminals.BS_alt.ctl
ADCY3	branchsite	myotis_cold_taxa_BS_null	/scratch/project_2004342/everything/paml_clean/FINAL_refseq_ftp_pipeline/11_paml_nuclear_final/results/ADCY3/branchsite/myotis_cold_taxa/BS_null	/scratch/project_2004342/everything/paml_clean/FINAL_refseq_ftp_pipeline/11_paml_nuclear_final/ctl/ADCY3/branchsite/myotis_cold_taxa/ADCY3.myotis_cold_taxa.BS_null.ctl
ADCY3	branchsite	myotis_cold_taxa_BS_alt	/scratch/project_2004342/everything/paml_clean/FINAL_refseq_ftp_pipeline/11_paml_nuclear_final/results/ADCY3/branchsite/myotis_cold_taxa/BS_alt	/scratch/project_2004342/everything/paml_clean/FINAL_refseq_ftp_pipeline/11_paml_nuclear_final/ctl/ADCY3/branchsite/myotis_cold_taxa/ADCY3.myotis_cold_taxa.BS_alt.ctl
ADCY3	branchsite	coldbats_taxa_BS_null	/scratch/project_2004342/everything/paml_clean/FINAL_refseq_ftp_pipeline/11_paml_nuclear_final/results/ADCY3/branchsite/coldbats_taxa/BS_null	/scratch/project_2004342/everything/paml_clean/FINAL_refseq_ftp_pipeline/11_paml_nuclear_final/ctl/ADCY3/branchsite/coldbats_taxa/ADCY3.coldbats_taxa.BS_null.ctl
ADCY3	branchsite	coldbats_taxa_BS_alt	/scratch/project_2004342/everything/paml_clean/FINAL_refseq_ftp_pipeline/11_paml_nuclear_final/results/ADCY3/branchsite/coldbats_taxa/BS_alt	/scratch/project_2004342/everything/paml_clean/FINAL_refseq_ftp_pipeline/11_paml_nuclear_final/ctl/ADCY3/branchsite/coldbats_taxa/ADCY3.coldbats_taxa.BS_alt.ctl
ADCY7	branchsite	nilssonii_terminal_BS_null	/scratch/project_2004342/everything/paml_clean/FINAL_refseq_ftp_pipeline/11_paml_nuclear_final/results/ADCY7/branchsite/nilssonii_terminal/BS_null	/scratch/project_2004342/everything/paml_clean/FINAL_refseq_ftp_pipeline/11_paml_nuclear_final/ctl/ADCY7/branchsite/nilssonii_terminal/ADCY7.nilssonii_terminal.BS_null.ctl
ADCY7	branchsite	nilssonii_terminal_BS_alt	/scratch/project_2004342/everything/paml_clean/FINAL_refseq_ftp_pipeline/11_paml_nuclear_final/results/ADCY7/branchsite/nilssonii_terminal/BS_alt	/scratch/project_2004342/everything/paml_clean/FINAL_refseq_ftp_pipeline/11_paml_nuclear_final/ctl/ADCY7/branchsite/nilssonii_terminal/ADCY7.nilssonii_terminal.BS_alt.ctl
ADCY7	branchsite	ept_stem_BS_null	/scratch/project_2004342/everything/paml_clean/FINAL_refseq_ftp_pipeline/11_paml_nuclear_final/results/ADCY7/branchsite/ept_stem/BS_null	/scratch/project_2004342/everything/paml_clean/FINAL_refseq_ftp_pipeline/11_paml_nuclear_final/ctl/ADCY7/branchsite/ept_stem/ADCY7.ept_stem.BS_null.ctl
ADCY7	branchsite	ept_stem_BS_alt	/scratch/project_2004342/everything/paml_clean/FINAL_refseq_ftp_pipeline/11_paml_nuclear_final/results/ADCY7/branchsite/ept_stem/BS_alt	/scratch/project_2004342/everything/paml_clean/FINAL_refseq_ftp_pipeline/11_paml_nuclear_final/ctl/ADCY7/branchsite/ept_stem/ADCY7.ept_stem.BS_alt.ctl
ADCY7	branchsite	ept_terminals_BS_null	/scratch/project_2004342/everything/paml_clean/FINAL_refseq_ftp_pipeline/11_paml_nuclear_final/results/ADCY7/branchsite/ept_terminals/BS_null	/scratch/project_2004342/everything/paml_clean/FINAL_refseq_ftp_pipeline/11_paml_nuclear_final/ctl/ADCY7/branchsite/ept_terminals/ADCY7.ept_terminals.BS_null.ctl
ADCY7	branchsite	ept_terminals_BS_alt	/scratch/project_2004342/everything/paml_clean/FINAL_refseq_ftp_pipeline/11_paml_nuclear_final/results/ADCY7/branchsite/ept_terminals/BS_alt	/scratch/project_2004342/everything/paml_clean/FINAL_refseq_ftp_pipeline/11_paml_nuclear_final/ctl/ADCY7/branchsite/ept_terminals/ADCY7.ept_terminals.BS_alt.ctl
ADCY7	branchsite	myotis_cold_taxa_BS_null	/scratch/project_2004342/everything/paml_clean/FINAL_refseq_ftp_pipeline/11_paml_nuclear_final/results/ADCY7/branchsite/myotis_cold_taxa/BS_null	/scratch/project_2004342/everything/paml_clean/FINAL_refseq_ftp_pipeline/11_paml_nuclear_final/ctl/ADCY7/branchsite/myotis_cold_taxa/ADCY7.myotis_cold_taxa.BS_null.ctl
ADCY7	branchsite	myotis_cold_taxa_BS_alt	/scratch/project_2004342/everything/paml_clean/FINAL_refseq_ftp_pipeline/11_paml_nuclear_final/results/ADCY7/branchsite/myotis_cold_taxa/BS_alt	/scratch/project_2004342/everything/paml_clean/FINAL_refseq_ftp_pipeline/11_paml_nuclear_final/ctl/ADCY7/branchsite/myotis_cold_taxa/ADCY7.myotis_cold_taxa.BS_alt.ctl
ADCY7	branchsite	coldbats_taxa_BS_null	/scratch/project_2004342/everything/paml_clean/FINAL_refseq_ftp_pipeline/11_paml_nuclear_final/results/ADCY7/branchsite/coldbats_taxa/BS_null	/scratch/project_2004342/everything/paml_clean/FINAL_refseq_ftp_pipeline/11_paml_nuclear_final/ctl/ADCY7/branchsite/coldbats_taxa/ADCY7.coldbats_taxa.BS_null.ctl
ADCY7	branchsite	coldbats_taxa_BS_alt	/scratch/project_2004342/everything/paml_clean/FINAL_refseq_ftp_pipeline/11_paml_nuclear_final/results/ADCY7/branchsite/coldbats_taxa/BS_alt	/scratch/project_2004342/everything/paml_clean/FINAL_refseq_ftp_pipeline/11_paml_nuclear_final/ctl/ADCY7/branchsite/coldbats_taxa/ADCY7.coldbats_taxa.BS_alt.ctl
ADCY8	branchsite	nilssonii_terminal_BS_null	/scratch/project_2004342/everything/paml_clean/FINAL_refseq_ftp_pipeline/11_paml_nuclear_final/results/ADCY8/branchsite/nilssonii_terminal/BS_null	/scratch/project_2004342/everything/paml_clean/FINAL_refseq_ftp_pipeline/11_paml_nuclear_final/ctl/ADCY8/branchsite/nilssonii_terminal/ADCY8.nilssonii_terminal.BS_null.ctl
ADCY8	branchsite	nilssonii_terminal_BS_alt	/scratch/project_2004342/everything/paml_clean/FINAL_refseq_ftp_pipeline/11_paml_nuclear_final/results/ADCY8/branchsite/nilssonii_terminal/BS_alt	/scratch/project_2004342/everything/paml_clean/FINAL_refseq_ftp_pipeline/11_paml_nuclear_final/ctl/ADCY8/branchsite/nilssonii_terminal/ADCY8.nilssonii_terminal.BS_alt.ctl
ADCY8	branchsite	ept_stem_BS_null	/scratch/project_2004342/everything/paml_clean/FINAL_refseq_ftp_pipeline/11_paml_nuclear_final/results/ADCY8/branchsite/ept_stem/BS_null	/scratch/project_2004342/everything/paml_clean/FINAL_refseq_ftp_pipeline/11_paml_nuclear_final/ctl/ADCY8/branchsite/ept_stem/ADCY8.ept_stem.BS_null.ctl
ADCY8	branchsite	ept_stem_BS_alt	/scratch/project_2004342/everything/paml_clean/FINAL_refseq_ftp_pipeline/11_paml_nuclear_final/results/ADCY8/branchsite/ept_stem/BS_alt	/scratch/project_2004342/everything/paml_clean/FINAL_refseq_ftp_pipeline/11_paml_nuclear_final/ctl/ADCY8/branchsite/ept_stem/ADCY8.ept_stem.BS_alt.ctl
ADCY8	branchsite	ept_terminals_BS_null	/scratch/project_2004342/everything/paml_clean/FINAL_refseq_ftp_pipeline/11_paml_nuclear_final/results/ADCY8/branchsite/ept_terminals/BS_null	/scratch/project_2004342/everything/paml_clean/FINAL_refseq_ftp_pipeline/11_paml_nuclear_final/ctl/ADCY8/branchsite/ept_terminals/ADCY8.ept_terminals.BS_null.ctl
ADCY8	branchsite	ept_terminals_BS_alt	/scratch/project_2004342/everything/paml_clean/FINAL_refseq_ftp_pipeline/11_paml_nuclear_final/results/ADCY8/branchsite/ept_terminals/BS_alt	/scratch/project_2004342/everything/paml_clean/FINAL_refseq_ftp_pipeline/11_paml_nuclear_final/ctl/ADCY8/branchsite/ept_terminals/ADCY8.ept_terminals.BS_alt.ctl
ADCY8	branchsite	myotis_cold_taxa_BS_null	/scratch/project_2004342/everything/paml_clean/FINAL_refseq_ftp_pipeline/11_paml_nuclear_final/results/ADCY8/branchsite/myotis_cold_taxa/BS_null	/scratch/project_2004342/everything/paml_clean/FINAL_refseq_ftp_pipeline/11_paml_nuclear_final/ctl/ADCY8/branchsite/myotis_cold_taxa/ADCY8.myotis_cold_taxa.BS_null.ctl
ADCY8	branchsite	myotis_cold_taxa_BS_alt	/scratch/project_2004342/everything/paml_clean/FINAL_refseq_ftp_pipeline/11_paml_nuclear_final/results/ADCY8/branchsite/myotis_cold_taxa/BS_alt	/scratch/project_2004342/everything/paml_clean/FINAL_refseq_ftp_pipeline/11_paml_nuclear_final/ctl/ADCY8/branchsite/myotis_cold_taxa/ADCY8.myotis_cold_taxa.BS_alt.ctl
ADCY8	branchsite	myotis_cold_wholeclade_BS_null	/scratch/project_2004342/everything/paml_clean/FINAL_refseq_ftp_pipeline/11_paml_nuclear_final/results/ADCY8/branchsite/myotis_cold_wholeclade/BS_null	/scratch/project_2004342/everything/paml_clean/FINAL_refseq_ftp_pipeline/11_paml_nuclear_final/ctl/ADCY8/branchsite/myotis_cold_wholeclade/ADCY8.myotis_cold_wholeclade.BS_null.ctl
ADCY8	branchsite	myotis_cold_wholeclade_BS_alt	/scratch/project_2004342/everything/paml_clean/FINAL_refseq_ftp_pipeline/11_paml_nuclear_final/results/ADCY8/branchsite/myotis_cold_wholeclade/BS_alt	/scratch/project_2004342/everything/paml_clean/FINAL_refseq_ftp_pipeline/11_paml_nuclear_final/ctl/ADCY8/branchsite/myotis_cold_wholeclade/ADCY8.myotis_cold_wholeclade.BS_alt.ctl
ADCY8	branchsite	coldbats_taxa_BS_null	/scratch/project_2004342/everything/paml_clean/FINAL_refseq_ftp_pipeline/11_paml_nuclear_final/results/ADCY8/branchsite/coldbats_taxa/BS_null	/scratch/project_2004342/everything/paml_clean/FINAL_refseq_ftp_pipeline/11_paml_nuclear_final/ctl/ADCY8/branchsite/coldbats_taxa/ADCY8.coldbats_taxa.BS_null.ctl
ADCY8	branchsite	coldbats_taxa_BS_alt	/scratch/project_2004342/everything/paml_clean/FINAL_refseq_ftp_pipeline/11_paml_nuclear_final/results/ADCY8/branchsite/coldbats_taxa/BS_alt	/scratch/project_2004342/everything/paml_clean/FINAL_refseq_ftp_pipeline/11_paml_nuclear_final/ctl/ADCY8/branchsite/coldbats_taxa/ADCY8.coldbats_taxa.BS_alt.ctl
ADCY8	branchsite	vesper_wholeclade_BS_null	/scratch/project_2004342/everything/paml_clean/FINAL_refseq_ftp_pipeline/11_paml_nuclear_final/results/ADCY8/branchsite/vesper_wholeclade/BS_null	/scratch/project_2004342/everything/paml_clean/FINAL_refseq_ftp_pipeline/11_paml_nuclear_final/ctl/ADCY8/branchsite/vesper_wholeclade/ADCY8.vesper_wholeclade.BS_null.ctl
ADCY8	branchsite	vesper_wholeclade_BS_alt	/scratch/project_2004342/everything/paml_clean/FINAL_refseq_ftp_pipeline/11_paml_nuclear_final/results/ADCY8/branchsite/vesper_wholeclade/BS_alt	/scratch/project_2004342/everything/paml_clean/FINAL_refseq_ftp_pipeline/11_paml_nuclear_final/ctl/ADCY8/branchsite/vesper_wholeclade/ADCY8.vesper_wholeclade.BS_alt.ctl
ATP5F1A	branchsite	nilssonii_terminal_BS_null	/scratch/project_2004342/everything/paml_clean/FINAL_refseq_ftp_pipeline/11_paml_nuclear_final/results/ATP5F1A/branchsite/nilssonii_terminal/BS_null	/scratch/project_2004342/everything/paml_clean/FINAL_refseq_ftp_pipeline/11_paml_nuclear_final/ctl/ATP5F1A/branchsite/nilssonii_terminal/ATP5F1A.nilssonii_terminal.BS_null.ctl
ATP5F1A	branchsite	nilssonii_terminal_BS_alt	/scratch/project_2004342/everything/paml_clean/FINAL_refseq_ftp_pipeline/11_paml_nuclear_final/results/ATP5F1A/branchsite/nilssonii_terminal/BS_alt	/scratch/project_2004342/everything/paml_clean/FINAL_refseq_ftp_pipeline/11_paml_nuclear_final/ctl/ATP5F1A/branchsite/nilssonii_terminal/ATP5F1A.nilssonii_terminal.BS_alt.ctl
ATP5F1A	branchsite	ept_stem_BS_null	/scratch/project_2004342/everything/paml_clean/FINAL_refseq_ftp_pipeline/11_paml_nuclear_final/results/ATP5F1A/branchsite/ept_stem/BS_null	/scratch/project_2004342/everything/paml_clean/FINAL_refseq_ftp_pipeline/11_paml_nuclear_final/ctl/ATP5F1A/branchsite/ept_stem/ATP5F1A.ept_stem.BS_null.ctl
ATP5F1A	branchsite	ept_stem_BS_alt	/scratch/project_2004342/everything/paml_clean/FINAL_refseq_ftp_pipeline/11_paml_nuclear_final/results/ATP5F1A/branchsite/ept_stem/BS_alt	/scratch/project_2004342/everything/paml_clean/FINAL_refseq_ftp_pipeline/11_paml_nuclear_final/ctl/ATP5F1A/branchsite/ept_stem/ATP5F1A.ept_stem.BS_alt.ctl
ATP5F1A	branchsite	ept_terminals_BS_null	/scratch/project_2004342/everything/paml_clean/FINAL_refseq_ftp_pipeline/11_paml_nuclear_final/results/ATP5F1A/branchsite/ept_terminals/BS_null	/scratch/project_2004342/everything/paml_clean/FINAL_refseq_ftp_pipeline/11_paml_nuclear_final/ctl/ATP5F1A/branchsite/ept_terminals/ATP5F1A.ept_terminals.BS_null.ctl
ATP5F1A	branchsite	ept_terminals_BS_alt	/scratch/project_2004342/everything/paml_clean/FINAL_refseq_ftp_pipeline/11_paml_nuclear_final/results/ATP5F1A/branchsite/ept_terminals/BS_alt	/scratch/project_2004342/everything/paml_clean/FINAL_refseq_ftp_pipeline/11_paml_nuclear_final/ctl/ATP5F1A/branchsite/ept_terminals/ATP5F1A.ept_terminals.BS_alt.ctl
ATP5F1A	branchsite	myotis_cold_taxa_BS_null	/scratch/project_2004342/everything/paml_clean/FINAL_refseq_ftp_pipeline/11_paml_nuclear_final/results/ATP5F1A/branchsite/myotis_cold_taxa/BS_null	/scratch/project_2004342/everything/paml_clean/FINAL_refseq_ftp_pipeline/11_paml_nuclear_final/ctl/ATP5F1A/branchsite/myotis_cold_taxa/ATP5F1A.myotis_cold_taxa.BS_null.ctl
ATP5F1A	branchsite	myotis_cold_taxa_BS_alt	/scratch/project_2004342/everything/paml_clean/FINAL_refseq_ftp_pipeline/11_paml_nuclear_final/results/ATP5F1A/branchsite/myotis_cold_taxa/BS_alt	/scratch/project_2004342/everything/paml_clean/FINAL_refseq_ftp_pipeline/11_paml_nuclear_final/ctl/ATP5F1A/branchsite/myotis_cold_taxa/ATP5F1A.myotis_cold_taxa.BS_alt.ctl
ATP5F1A	branchsite	coldbats_taxa_BS_null	/scratch/project_2004342/everything/paml_clean/FINAL_refseq_ftp_pipeline/11_paml_nuclear_final/results/ATP5F1A/branchsite/coldbats_taxa/BS_null	/scratch/project_2004342/everything/paml_clean/FINAL_refseq_ftp_pipeline/11_paml_nuclear_final/ctl/ATP5F1A/branchsite/coldbats_taxa/ATP5F1A.coldbats_taxa.BS_null.ctl
ATP5F1A	branchsite	coldbats_taxa_BS_alt	/scratch/project_2004342/everything/paml_clean/FINAL_refseq_ftp_pipeline/11_paml_nuclear_final/results/ATP5F1A/branchsite/coldbats_taxa/BS_alt	/scratch/project_2004342/everything/paml_clean/FINAL_refseq_ftp_pipeline/11_paml_nuclear_final/ctl/ATP5F1A/branchsite/coldbats_taxa/ATP5F1A.coldbats_taxa.BS_alt.ctl
ATP5F1B	branchsite	nilssonii_terminal_BS_null	/scratch/project_2004342/everything/paml_clean/FINAL_refseq_ftp_pipeline/11_paml_nuclear_final/results/ATP5F1B/branchsite/nilssonii_terminal/BS_null	/scratch/project_2004342/everything/paml_clean/FINAL_refseq_ftp_pipeline/11_paml_nuclear_final/ctl/ATP5F1B/branchsite/nilssonii_terminal/ATP5F1B.nilssonii_terminal.BS_null.ctl
ATP5F1B	branchsite	nilssonii_terminal_BS_alt	/scratch/project_2004342/everything/paml_clean/FINAL_refseq_ftp_pipeline/11_paml_nuclear_final/results/ATP5F1B/branchsite/nilssonii_terminal/BS_alt	/scratch/project_2004342/everything/paml_clean/FINAL_refseq_ftp_pipeline/11_paml_nuclear_final/ctl/ATP5F1B/branchsite/nilssonii_terminal/ATP5F1B.nilssonii_terminal.BS_alt.ctl
ATP5F1B	branchsite	ept_stem_BS_null	/scratch/project_2004342/everything/paml_clean/FINAL_refseq_ftp_pipeline/11_paml_nuclear_final/results/ATP5F1B/branchsite/ept_stem/BS_null	/scratch/project_2004342/everything/paml_clean/FINAL_refseq_ftp_pipeline/11_paml_nuclear_final/ctl/ATP5F1B/branchsite/ept_stem/ATP5F1B.ept_stem.BS_null.ctl
ATP5F1B	branchsite	ept_stem_BS_alt	/scratch/project_2004342/everything/paml_clean/FINAL_refseq_ftp_pipeline/11_paml_nuclear_final/results/ATP5F1B/branchsite/ept_stem/BS_alt	/scratch/project_2004342/everything/paml_clean/FINAL_refseq_ftp_pipeline/11_paml_nuclear_final/ctl/ATP5F1B/branchsite/ept_stem/ATP5F1B.ept_stem.BS_alt.ctl
ATP5F1B	branchsite	ept_terminals_BS_null	/scratch/project_2004342/everything/paml_clean/FINAL_refseq_ftp_pipeline/11_paml_nuclear_final/results/ATP5F1B/branchsite/ept_terminals/BS_null	/scratch/project_2004342/everything/paml_clean/FINAL_refseq_ftp_pipeline/11_paml_nuclear_final/ctl/ATP5F1B/branchsite/ept_terminals/ATP5F1B.ept_terminals.BS_null.ctl
ATP5F1B	branchsite	ept_terminals_BS_alt	/scratch/project_2004342/everything/paml_clean/FINAL_refseq_ftp_pipeline/11_paml_nuclear_final/results/ATP5F1B/branchsite/ept_terminals/BS_alt	/scratch/project_2004342/everything/paml_clean/FINAL_refseq_ftp_pipeline/11_paml_nuclear_final/ctl/ATP5F1B/branchsite/ept_terminals/ATP5F1B.ept_terminals.BS_alt.ctl
ATP5F1B	branchsite	myotis_cold_taxa_BS_null	/scratch/project_2004342/everything/paml_clean/FINAL_refseq_ftp_pipeline/11_paml_nuclear_final/results/ATP5F1B/branchsite/myotis_cold_taxa/BS_null	/scratch/project_2004342/everything/paml_clean/FINAL_refseq_ftp_pipeline/11_paml_nuclear_final/ctl/ATP5F1B/branchsite/myotis_cold_taxa/ATP5F1B.myotis_cold_taxa.BS_null.ctl
ATP5F1B	branchsite	myotis_cold_taxa_BS_alt	/scratch/project_2004342/everything/paml_clean/FINAL_refseq_ftp_pipeline/11_paml_nuclear_final/results/ATP5F1B/branchsite/myotis_cold_taxa/BS_alt	/scratch/project_2004342/everything/paml_clean/FINAL_refseq_ftp_pipeline/11_paml_nuclear_final/ctl/ATP5F1B/branchsite/myotis_cold_taxa/ATP5F1B.myotis_cold_taxa.BS_alt.ctl
ATP5F1B	branchsite	myotis_cold_wholeclade_BS_null	/scratch/project_2004342/everything/paml_clean/FINAL_refseq_ftp_pipeline/11_paml_nuclear_final/results/ATP5F1B/branchsite/myotis_cold_wholeclade/BS_null	/scratch/project_2004342/everything/paml_clean/FINAL_refseq_ftp_pipeline/11_paml_nuclear_final/ctl/ATP5F1B/branchsite/myotis_cold_wholeclade/ATP5F1B.myotis_cold_wholeclade.BS_null.ctl
ATP5F1B	branchsite	myotis_cold_wholeclade_BS_alt	/scratch/project_2004342/everything/paml_clean/FINAL_refseq_ftp_pipeline/11_paml_nuclear_final/results/ATP5F1B/branchsite/myotis_cold_wholeclade/BS_alt	/scratch/project_2004342/everything/paml_clean/FINAL_refseq_ftp_pipeline/11_paml_nuclear_final/ctl/ATP5F1B/branchsite/myotis_cold_wholeclade/ATP5F1B.myotis_cold_wholeclade.BS_alt.ctl
ATP5F1B	branchsite	coldbats_taxa_BS_null	/scratch/project_2004342/everything/paml_clean/FINAL_refseq_ftp_pipeline/11_paml_nuclear_final/results/ATP5F1B/branchsite/coldbats_taxa/BS_null	/scratch/project_2004342/everything/paml_clean/FINAL_refseq_ftp_pipeline/11_paml_nuclear_final/ctl/ATP5F1B/branchsite/coldbats_taxa/ATP5F1B.coldbats_taxa.BS_null.ctl
ATP5F1B	branchsite	coldbats_taxa_BS_alt	/scratch/project_2004342/everything/paml_clean/FINAL_refseq_ftp_pipeline/11_paml_nuclear_final/results/ATP5F1B/branchsite/coldbats_taxa/BS_alt	/scratch/project_2004342/everything/paml_clean/FINAL_refseq_ftp_pipeline/11_paml_nuclear_final/ctl/ATP5F1B/branchsite/coldbats_taxa/ATP5F1B.coldbats_taxa.BS_alt.ctl
ATP5F1B	branchsite	vesper_wholeclade_BS_null	/scratch/project_2004342/everything/paml_clean/FINAL_refseq_ftp_pipeline/11_paml_nuclear_final/results/ATP5F1B/branchsite/vesper_wholeclade/BS_null	/scratch/project_2004342/everything/paml_clean/FINAL_refseq_ftp_pipeline/11_paml_nuclear_final/ctl/ATP5F1B/branchsite/vesper_wholeclade/ATP5F1B.vesper_wholeclade.BS_null.ctl
ATP5F1B	branchsite	vesper_wholeclade_BS_alt	/scratch/project_2004342/everything/paml_clean/FINAL_refseq_ftp_pipeline/11_paml_nuclear_final/results/ATP5F1B/branchsite/vesper_wholeclade/BS_alt	/scratch/project_2004342/everything/paml_clean/FINAL_refseq_ftp_pipeline/11_paml_nuclear_final/ctl/ATP5F1B/branchsite/vesper_wholeclade/ATP5F1B.vesper_wholeclade.BS_alt.ctl
ATP5MC1	branchsite	nilssonii_terminal_BS_null	/scratch/project_2004342/everything/paml_clean/FINAL_refseq_ftp_pipeline/11_paml_nuclear_final/results/ATP5MC1/branchsite/nilssonii_terminal/BS_null	/scratch/project_2004342/everything/paml_clean/FINAL_refseq_ftp_pipeline/11_paml_nuclear_final/ctl/ATP5MC1/branchsite/nilssonii_terminal/ATP5MC1.nilssonii_terminal.BS_null.ctl
ATP5MC1	branchsite	nilssonii_terminal_BS_alt	/scratch/project_2004342/everything/paml_clean/FINAL_refseq_ftp_pipeline/11_paml_nuclear_final/results/ATP5MC1/branchsite/nilssonii_terminal/BS_alt	/scratch/project_2004342/everything/paml_clean/FINAL_refseq_ftp_pipeline/11_paml_nuclear_final/ctl/ATP5MC1/branchsite/nilssonii_terminal/ATP5MC1.nilssonii_terminal.BS_alt.ctl
ATP5MC1	branchsite	ept_stem_BS_null	/scratch/project_2004342/everything/paml_clean/FINAL_refseq_ftp_pipeline/11_paml_nuclear_final/results/ATP5MC1/branchsite/ept_stem/BS_null	/scratch/project_2004342/everything/paml_clean/FINAL_refseq_ftp_pipeline/11_paml_nuclear_final/ctl/ATP5MC1/branchsite/ept_stem/ATP5MC1.ept_stem.BS_null.ctl
ATP5MC1	branchsite	ept_stem_BS_alt	/scratch/project_2004342/everything/paml_clean/FINAL_refseq_ftp_pipeline/11_paml_nuclear_final/results/ATP5MC1/branchsite/ept_stem/BS_alt	/scratch/project_2004342/everything/paml_clean/FINAL_refseq_ftp_pipeline/11_paml_nuclear_final/ctl/ATP5MC1/branchsite/ept_stem/ATP5MC1.ept_stem.BS_alt.ctl
ATP5MC1	branchsite	ept_terminals_BS_null	/scratch/project_2004342/everything/paml_clean/FINAL_refseq_ftp_pipeline/11_paml_nuclear_final/results/ATP5MC1/branchsite/ept_terminals/BS_null	/scratch/project_2004342/everything/paml_clean/FINAL_refseq_ftp_pipeline/11_paml_nuclear_final/ctl/ATP5MC1/branchsite/ept_terminals/ATP5MC1.ept_terminals.BS_null.ctl
ATP5MC1	branchsite	ept_terminals_BS_alt	/scratch/project_2004342/everything/paml_clean/FINAL_refseq_ftp_pipeline/11_paml_nuclear_final/results/ATP5MC1/branchsite/ept_terminals/BS_alt	/scratch/project_2004342/everything/paml_clean/FINAL_refseq_ftp_pipeline/11_paml_nuclear_final/ctl/ATP5MC1/branchsite/ept_terminals/ATP5MC1.ept_terminals.BS_alt.ctl
ATP5MC1	branchsite	myotis_cold_taxa_BS_null	/scratch/project_2004342/everything/paml_clean/FINAL_refseq_ftp_pipeline/11_paml_nuclear_final/results/ATP5MC1/branchsite/myotis_cold_taxa/BS_null	/scratch/project_2004342/everything/paml_clean/FINAL_refseq_ftp_pipeline/11_paml_nuclear_final/ctl/ATP5MC1/branchsite/myotis_cold_taxa/ATP5MC1.myotis_cold_taxa.BS_null.ctl
ATP5MC1	branchsite	myotis_cold_taxa_BS_alt	/scratch/project_2004342/everything/paml_clean/FINAL_refseq_ftp_pipeline/11_paml_nuclear_final/results/ATP5MC1/branchsite/myotis_cold_taxa/BS_alt	/scratch/project_2004342/everything/paml_clean/FINAL_refseq_ftp_pipeline/11_paml_nuclear_final/ctl/ATP5MC1/branchsite/myotis_cold_taxa/ATP5MC1.myotis_cold_taxa.BS_alt.ctl
ATP5MC1	branchsite	myotis_cold_wholeclade_BS_null	/scratch/project_2004342/everything/paml_clean/FINAL_refseq_ftp_pipeline/11_paml_nuclear_final/results/ATP5MC1/branchsite/myotis_cold_wholeclade/BS_null	/scratch/project_2004342/everything/paml_clean/FINAL_refseq_ftp_pipeline/11_paml_nuclear_final/ctl/ATP5MC1/branchsite/myotis_cold_wholeclade/ATP5MC1.myotis_cold_wholeclade.BS_null.ctl
ATP5MC1	branchsite	myotis_cold_wholeclade_BS_alt	/scratch/project_2004342/everything/paml_clean/FINAL_refseq_ftp_pipeline/11_paml_nuclear_final/results/ATP5MC1/branchsite/myotis_cold_wholeclade/BS_alt	/scratch/project_2004342/everything/paml_clean/FINAL_refseq_ftp_pipeline/11_paml_nuclear_final/ctl/ATP5MC1/branchsite/myotis_cold_wholeclade/ATP5MC1.myotis_cold_wholeclade.BS_alt.ctl
ATP5MC1	branchsite	coldbats_taxa_BS_null	/scratch/project_2004342/everything/paml_clean/FINAL_refseq_ftp_pipeline/11_paml_nuclear_final/results/ATP5MC1/branchsite/coldbats_taxa/BS_null	/scratch/project_2004342/everything/paml_clean/FINAL_refseq_ftp_pipeline/11_paml_nuclear_final/ctl/ATP5MC1/branchsite/coldbats_taxa/ATP5MC1.coldbats_taxa.BS_null.ctl
ATP5MC1	branchsite	coldbats_taxa_BS_alt	/scratch/project_2004342/everything/paml_clean/FINAL_refseq_ftp_pipeline/11_paml_nuclear_final/results/ATP5MC1/branchsite/coldbats_taxa/BS_alt	/scratch/project_2004342/everything/paml_clean/FINAL_refseq_ftp_pipeline/11_paml_nuclear_final/ctl/ATP5MC1/branchsite/coldbats_taxa/ATP5MC1.coldbats_taxa.BS_alt.ctl
ATP5MC1	branchsite	vesper_wholeclade_BS_null	/scratch/project_2004342/everything/paml_clean/FINAL_refseq_ftp_pipeline/11_paml_nuclear_final/results/ATP5MC1/branchsite/vesper_wholeclade/BS_null	/scratch/project_2004342/everything/paml_clean/FINAL_refseq_ftp_pipeline/11_paml_nuclear_final/ctl/ATP5MC1/branchsite/vesper_wholeclade/ATP5MC1.vesper_wholeclade.BS_null.ctl
ATP5MC1	branchsite	vesper_wholeclade_BS_alt	/scratch/project_2004342/everything/paml_clean/FINAL_refseq_ftp_pipeline/11_paml_nuclear_final/results/ATP5MC1/branchsite/vesper_wholeclade/BS_alt	/scratch/project_2004342/everything/paml_clean/FINAL_refseq_ftp_pipeline/11_paml_nuclear_final/ctl/ATP5MC1/branchsite/vesper_wholeclade/ATP5MC1.vesper_wholeclade.BS_alt.ctl
COX4I1	branchsite	nilssonii_terminal_BS_null	/scratch/project_2004342/everything/paml_clean/FINAL_refseq_ftp_pipeline/11_paml_nuclear_final/results/COX4I1/branchsite/nilssonii_terminal/BS_null	/scratch/project_2004342/everything/paml_clean/FINAL_refseq_ftp_pipeline/11_paml_nuclear_final/ctl/COX4I1/branchsite/nilssonii_terminal/COX4I1.nilssonii_terminal.BS_null.ctl
COX4I1	branchsite	nilssonii_terminal_BS_alt	/scratch/project_2004342/everything/paml_clean/FINAL_refseq_ftp_pipeline/11_paml_nuclear_final/results/COX4I1/branchsite/nilssonii_terminal/BS_alt	/scratch/project_2004342/everything/paml_clean/FINAL_refseq_ftp_pipeline/11_paml_nuclear_final/ctl/COX4I1/branchsite/nilssonii_terminal/COX4I1.nilssonii_terminal.BS_alt.ctl
COX4I1	branchsite	ept_stem_BS_null	/scratch/project_2004342/everything/paml_clean/FINAL_refseq_ftp_pipeline/11_paml_nuclear_final/results/COX4I1/branchsite/ept_stem/BS_null	/scratch/project_2004342/everything/paml_clean/FINAL_refseq_ftp_pipeline/11_paml_nuclear_final/ctl/COX4I1/branchsite/ept_stem/COX4I1.ept_stem.BS_null.ctl
COX4I1	branchsite	ept_stem_BS_alt	/scratch/project_2004342/everything/paml_clean/FINAL_refseq_ftp_pipeline/11_paml_nuclear_final/results/COX4I1/branchsite/ept_stem/BS_alt	/scratch/project_2004342/everything/paml_clean/FINAL_refseq_ftp_pipeline/11_paml_nuclear_final/ctl/COX4I1/branchsite/ept_stem/COX4I1.ept_stem.BS_alt.ctl
COX4I1	branchsite	ept_terminals_BS_null	/scratch/project_2004342/everything/paml_clean/FINAL_refseq_ftp_pipeline/11_paml_nuclear_final/results/COX4I1/branchsite/ept_terminals/BS_null	/scratch/project_2004342/everything/paml_clean/FINAL_refseq_ftp_pipeline/11_paml_nuclear_final/ctl/COX4I1/branchsite/ept_terminals/COX4I1.ept_terminals.BS_null.ctl
COX4I1	branchsite	ept_terminals_BS_alt	/scratch/project_2004342/everything/paml_clean/FINAL_refseq_ftp_pipeline/11_paml_nuclear_final/results/COX4I1/branchsite/ept_terminals/BS_alt	/scratch/project_2004342/everything/paml_clean/FINAL_refseq_ftp_pipeline/11_paml_nuclear_final/ctl/COX4I1/branchsite/ept_terminals/COX4I1.ept_terminals.BS_alt.ctl
COX4I1	branchsite	myotis_cold_taxa_BS_null	/scratch/project_2004342/everything/paml_clean/FINAL_refseq_ftp_pipeline/11_paml_nuclear_final/results/COX4I1/branchsite/myotis_cold_taxa/BS_null	/scratch/project_2004342/everything/paml_clean/FINAL_refseq_ftp_pipeline/11_paml_nuclear_final/ctl/COX4I1/branchsite/myotis_cold_taxa/COX4I1.myotis_cold_taxa.BS_null.ctl
COX4I1	branchsite	myotis_cold_taxa_BS_alt	/scratch/project_2004342/everything/paml_clean/FINAL_refseq_ftp_pipeline/11_paml_nuclear_final/results/COX4I1/branchsite/myotis_cold_taxa/BS_alt	/scratch/project_2004342/everything/paml_clean/FINAL_refseq_ftp_pipeline/11_paml_nuclear_final/ctl/COX4I1/branchsite/myotis_cold_taxa/COX4I1.myotis_cold_taxa.BS_alt.ctl
COX4I1	branchsite	myotis_cold_wholeclade_BS_null	/scratch/project_2004342/everything/paml_clean/FINAL_refseq_ftp_pipeline/11_paml_nuclear_final/results/COX4I1/branchsite/myotis_cold_wholeclade/BS_null	/scratch/project_2004342/everything/paml_clean/FINAL_refseq_ftp_pipeline/11_paml_nuclear_final/ctl/COX4I1/branchsite/myotis_cold_wholeclade/COX4I1.myotis_cold_wholeclade.BS_null.ctl
COX4I1	branchsite	myotis_cold_wholeclade_BS_alt	/scratch/project_2004342/everything/paml_clean/FINAL_refseq_ftp_pipeline/11_paml_nuclear_final/results/COX4I1/branchsite/myotis_cold_wholeclade/BS_alt	/scratch/project_2004342/everything/paml_clean/FINAL_refseq_ftp_pipeline/11_paml_nuclear_final/ctl/COX4I1/branchsite/myotis_cold_wholeclade/COX4I1.myotis_cold_wholeclade.BS_alt.ctl
COX4I1	branchsite	coldbats_taxa_BS_null	/scratch/project_2004342/everything/paml_clean/FINAL_refseq_ftp_pipeline/11_paml_nuclear_final/results/COX4I1/branchsite/coldbats_taxa/BS_null	/scratch/project_2004342/everything/paml_clean/FINAL_refseq_ftp_pipeline/11_paml_nuclear_final/ctl/COX4I1/branchsite/coldbats_taxa/COX4I1.coldbats_taxa.BS_null.ctl
COX4I1	branchsite	coldbats_taxa_BS_alt	/scratch/project_2004342/everything/paml_clean/FINAL_refseq_ftp_pipeline/11_paml_nuclear_final/results/COX4I1/branchsite/coldbats_taxa/BS_alt	/scratch/project_2004342/everything/paml_clean/FINAL_refseq_ftp_pipeline/11_paml_nuclear_final/ctl/COX4I1/branchsite/coldbats_taxa/COX4I1.coldbats_taxa.BS_alt.ctl
COX4I1	branchsite	vesper_wholeclade_BS_null	/scratch/project_2004342/everything/paml_clean/FINAL_refseq_ftp_pipeline/11_paml_nuclear_final/results/COX4I1/branchsite/vesper_wholeclade/BS_null	/scratch/project_2004342/everything/paml_clean/FINAL_refseq_ftp_pipeline/11_paml_nuclear_final/ctl/COX4I1/branchsite/vesper_wholeclade/COX4I1.vesper_wholeclade.BS_null.ctl
COX4I1	branchsite	vesper_wholeclade_BS_alt	/scratch/project_2004342/everything/paml_clean/FINAL_refseq_ftp_pipeline/11_paml_nuclear_final/results/COX4I1/branchsite/vesper_wholeclade/BS_alt	/scratch/project_2004342/everything/paml_clean/FINAL_refseq_ftp_pipeline/11_paml_nuclear_final/ctl/COX4I1/branchsite/vesper_wholeclade/COX4I1.vesper_wholeclade.BS_alt.ctl
COX7A1	branchsite	myotis_cold_taxa_BS_null	/scratch/project_2004342/everything/paml_clean/FINAL_refseq_ftp_pipeline/11_paml_nuclear_final/results/COX7A1/branchsite/myotis_cold_taxa/BS_null	/scratch/project_2004342/everything/paml_clean/FINAL_refseq_ftp_pipeline/11_paml_nuclear_final/ctl/COX7A1/branchsite/myotis_cold_taxa/COX7A1.myotis_cold_taxa.BS_null.ctl
COX7A1	branchsite	myotis_cold_taxa_BS_alt	/scratch/project_2004342/everything/paml_clean/FINAL_refseq_ftp_pipeline/11_paml_nuclear_final/results/COX7A1/branchsite/myotis_cold_taxa/BS_alt	/scratch/project_2004342/everything/paml_clean/FINAL_refseq_ftp_pipeline/11_paml_nuclear_final/ctl/COX7A1/branchsite/myotis_cold_taxa/COX7A1.myotis_cold_taxa.BS_alt.ctl
COX7A1	branchsite	coldbats_taxa_BS_null	/scratch/project_2004342/everything/paml_clean/FINAL_refseq_ftp_pipeline/11_paml_nuclear_final/results/COX7A1/branchsite/coldbats_taxa/BS_null	/scratch/project_2004342/everything/paml_clean/FINAL_refseq_ftp_pipeline/11_paml_nuclear_final/ctl/COX7A1/branchsite/coldbats_taxa/COX7A1.coldbats_taxa.BS_null.ctl
COX7A1	branchsite	coldbats_taxa_BS_alt	/scratch/project_2004342/everything/paml_clean/FINAL_refseq_ftp_pipeline/11_paml_nuclear_final/results/COX7A1/branchsite/coldbats_taxa/BS_alt	/scratch/project_2004342/everything/paml_clean/FINAL_refseq_ftp_pipeline/11_paml_nuclear_final/ctl/COX7A1/branchsite/coldbats_taxa/COX7A1.coldbats_taxa.BS_alt.ctl
CPT1A	branchsite	nilssonii_terminal_BS_null	/scratch/project_2004342/everything/paml_clean/FINAL_refseq_ftp_pipeline/11_paml_nuclear_final/results/CPT1A/branchsite/nilssonii_terminal/BS_null	/scratch/project_2004342/everything/paml_clean/FINAL_refseq_ftp_pipeline/11_paml_nuclear_final/ctl/CPT1A/branchsite/nilssonii_terminal/CPT1A.nilssonii_terminal.BS_null.ctl
CPT1A	branchsite	nilssonii_terminal_BS_alt	/scratch/project_2004342/everything/paml_clean/FINAL_refseq_ftp_pipeline/11_paml_nuclear_final/results/CPT1A/branchsite/nilssonii_terminal/BS_alt	/scratch/project_2004342/everything/paml_clean/FINAL_refseq_ftp_pipeline/11_paml_nuclear_final/ctl/CPT1A/branchsite/nilssonii_terminal/CPT1A.nilssonii_terminal.BS_alt.ctl
CPT1A	branchsite	ept_stem_BS_null	/scratch/project_2004342/everything/paml_clean/FINAL_refseq_ftp_pipeline/11_paml_nuclear_final/results/CPT1A/branchsite/ept_stem/BS_null	/scratch/project_2004342/everything/paml_clean/FINAL_refseq_ftp_pipeline/11_paml_nuclear_final/ctl/CPT1A/branchsite/ept_stem/CPT1A.ept_stem.BS_null.ctl
CPT1A	branchsite	ept_stem_BS_alt	/scratch/project_2004342/everything/paml_clean/FINAL_refseq_ftp_pipeline/11_paml_nuclear_final/results/CPT1A/branchsite/ept_stem/BS_alt	/scratch/project_2004342/everything/paml_clean/FINAL_refseq_ftp_pipeline/11_paml_nuclear_final/ctl/CPT1A/branchsite/ept_stem/CPT1A.ept_stem.BS_alt.ctl
CPT1A	branchsite	ept_terminals_BS_null	/scratch/project_2004342/everything/paml_clean/FINAL_refseq_ftp_pipeline/11_paml_nuclear_final/results/CPT1A/branchsite/ept_terminals/BS_null	/scratch/project_2004342/everything/paml_clean/FINAL_refseq_ftp_pipeline/11_paml_nuclear_final/ctl/CPT1A/branchsite/ept_terminals/CPT1A.ept_terminals.BS_null.ctl
CPT1A	branchsite	ept_terminals_BS_alt	/scratch/project_2004342/everything/paml_clean/FINAL_refseq_ftp_pipeline/11_paml_nuclear_final/results/CPT1A/branchsite/ept_terminals/BS_alt	/scratch/project_2004342/everything/paml_clean/FINAL_refseq_ftp_pipeline/11_paml_nuclear_final/ctl/CPT1A/branchsite/ept_terminals/CPT1A.ept_terminals.BS_alt.ctl
CPT1A	branchsite	myotis_cold_taxa_BS_null	/scratch/project_2004342/everything/paml_clean/FINAL_refseq_ftp_pipeline/11_paml_nuclear_final/results/CPT1A/branchsite/myotis_cold_taxa/BS_null	/scratch/project_2004342/everything/paml_clean/FINAL_refseq_ftp_pipeline/11_paml_nuclear_final/ctl/CPT1A/branchsite/myotis_cold_taxa/CPT1A.myotis_cold_taxa.BS_null.ctl
CPT1A	branchsite	myotis_cold_taxa_BS_alt	/scratch/project_2004342/everything/paml_clean/FINAL_refseq_ftp_pipeline/11_paml_nuclear_final/results/CPT1A/branchsite/myotis_cold_taxa/BS_alt	/scratch/project_2004342/everything/paml_clean/FINAL_refseq_ftp_pipeline/11_paml_nuclear_final/ctl/CPT1A/branchsite/myotis_cold_taxa/CPT1A.myotis_cold_taxa.BS_alt.ctl
CPT1A	branchsite	coldbats_taxa_BS_null	/scratch/project_2004342/everything/paml_clean/FINAL_refseq_ftp_pipeline/11_paml_nuclear_final/results/CPT1A/branchsite/coldbats_taxa/BS_null	/scratch/project_2004342/everything/paml_clean/FINAL_refseq_ftp_pipeline/11_paml_nuclear_final/ctl/CPT1A/branchsite/coldbats_taxa/CPT1A.coldbats_taxa.BS_null.ctl
CPT1A	branchsite	coldbats_taxa_BS_alt	/scratch/project_2004342/everything/paml_clean/FINAL_refseq_ftp_pipeline/11_paml_nuclear_final/results/CPT1A/branchsite/coldbats_taxa/BS_alt	/scratch/project_2004342/everything/paml_clean/FINAL_refseq_ftp_pipeline/11_paml_nuclear_final/ctl/CPT1A/branchsite/coldbats_taxa/CPT1A.coldbats_taxa.BS_alt.ctl
CPT1B	branchsite	nilssonii_terminal_BS_null	/scratch/project_2004342/everything/paml_clean/FINAL_refseq_ftp_pipeline/11_paml_nuclear_final/results/CPT1B/branchsite/nilssonii_terminal/BS_null	/scratch/project_2004342/everything/paml_clean/FINAL_refseq_ftp_pipeline/11_paml_nuclear_final/ctl/CPT1B/branchsite/nilssonii_terminal/CPT1B.nilssonii_terminal.BS_null.ctl
CPT1B	branchsite	nilssonii_terminal_BS_alt	/scratch/project_2004342/everything/paml_clean/FINAL_refseq_ftp_pipeline/11_paml_nuclear_final/results/CPT1B/branchsite/nilssonii_terminal/BS_alt	/scratch/project_2004342/everything/paml_clean/FINAL_refseq_ftp_pipeline/11_paml_nuclear_final/ctl/CPT1B/branchsite/nilssonii_terminal/CPT1B.nilssonii_terminal.BS_alt.ctl
CPT1B	branchsite	ept_stem_BS_null	/scratch/project_2004342/everything/paml_clean/FINAL_refseq_ftp_pipeline/11_paml_nuclear_final/results/CPT1B/branchsite/ept_stem/BS_null	/scratch/project_2004342/everything/paml_clean/FINAL_refseq_ftp_pipeline/11_paml_nuclear_final/ctl/CPT1B/branchsite/ept_stem/CPT1B.ept_stem.BS_null.ctl
CPT1B	branchsite	ept_stem_BS_alt	/scratch/project_2004342/everything/paml_clean/FINAL_refseq_ftp_pipeline/11_paml_nuclear_final/results/CPT1B/branchsite/ept_stem/BS_alt	/scratch/project_2004342/everything/paml_clean/FINAL_refseq_ftp_pipeline/11_paml_nuclear_final/ctl/CPT1B/branchsite/ept_stem/CPT1B.ept_stem.BS_alt.ctl
CPT1B	branchsite	ept_terminals_BS_null	/scratch/project_2004342/everything/paml_clean/FINAL_refseq_ftp_pipeline/11_paml_nuclear_final/results/CPT1B/branchsite/ept_terminals/BS_null	/scratch/project_2004342/everything/paml_clean/FINAL_refseq_ftp_pipeline/11_paml_nuclear_final/ctl/CPT1B/branchsite/ept_terminals/CPT1B.ept_terminals.BS_null.ctl
CPT1B	branchsite	ept_terminals_BS_alt	/scratch/project_2004342/everything/paml_clean/FINAL_refseq_ftp_pipeline/11_paml_nuclear_final/results/CPT1B/branchsite/ept_terminals/BS_alt	/scratch/project_2004342/everything/paml_clean/FINAL_refseq_ftp_pipeline/11_paml_nuclear_final/ctl/CPT1B/branchsite/ept_terminals/CPT1B.ept_terminals.BS_alt.ctl
CPT1B	branchsite	myotis_cold_taxa_BS_null	/scratch/project_2004342/everything/paml_clean/FINAL_refseq_ftp_pipeline/11_paml_nuclear_final/results/CPT1B/branchsite/myotis_cold_taxa/BS_null	/scratch/project_2004342/everything/paml_clean/FINAL_refseq_ftp_pipeline/11_paml_nuclear_final/ctl/CPT1B/branchsite/myotis_cold_taxa/CPT1B.myotis_cold_taxa.BS_null.ctl
CPT1B	branchsite	myotis_cold_taxa_BS_alt	/scratch/project_2004342/everything/paml_clean/FINAL_refseq_ftp_pipeline/11_paml_nuclear_final/results/CPT1B/branchsite/myotis_cold_taxa/BS_alt	/scratch/project_2004342/everything/paml_clean/FINAL_refseq_ftp_pipeline/11_paml_nuclear_final/ctl/CPT1B/branchsite/myotis_cold_taxa/CPT1B.myotis_cold_taxa.BS_alt.ctl
CPT1B	branchsite	myotis_cold_wholeclade_BS_null	/scratch/project_2004342/everything/paml_clean/FINAL_refseq_ftp_pipeline/11_paml_nuclear_final/results/CPT1B/branchsite/myotis_cold_wholeclade/BS_null	/scratch/project_2004342/everything/paml_clean/FINAL_refseq_ftp_pipeline/11_paml_nuclear_final/ctl/CPT1B/branchsite/myotis_cold_wholeclade/CPT1B.myotis_cold_wholeclade.BS_null.ctl
CPT1B	branchsite	myotis_cold_wholeclade_BS_alt	/scratch/project_2004342/everything/paml_clean/FINAL_refseq_ftp_pipeline/11_paml_nuclear_final/results/CPT1B/branchsite/myotis_cold_wholeclade/BS_alt	/scratch/project_2004342/everything/paml_clean/FINAL_refseq_ftp_pipeline/11_paml_nuclear_final/ctl/CPT1B/branchsite/myotis_cold_wholeclade/CPT1B.myotis_cold_wholeclade.BS_alt.ctl
CPT1B	branchsite	coldbats_taxa_BS_null	/scratch/project_2004342/everything/paml_clean/FINAL_refseq_ftp_pipeline/11_paml_nuclear_final/results/CPT1B/branchsite/coldbats_taxa/BS_null	/scratch/project_2004342/everything/paml_clean/FINAL_refseq_ftp_pipeline/11_paml_nuclear_final/ctl/CPT1B/branchsite/coldbats_taxa/CPT1B.coldbats_taxa.BS_null.ctl
CPT1B	branchsite	coldbats_taxa_BS_alt	/scratch/project_2004342/everything/paml_clean/FINAL_refseq_ftp_pipeline/11_paml_nuclear_final/results/CPT1B/branchsite/coldbats_taxa/BS_alt	/scratch/project_2004342/everything/paml_clean/FINAL_refseq_ftp_pipeline/11_paml_nuclear_final/ctl/CPT1B/branchsite/coldbats_taxa/CPT1B.coldbats_taxa.BS_alt.ctl
CPT1B	branchsite	vesper_wholeclade_BS_null	/scratch/project_2004342/everything/paml_clean/FINAL_refseq_ftp_pipeline/11_paml_nuclear_final/results/CPT1B/branchsite/vesper_wholeclade/BS_null	/scratch/project_2004342/everything/paml_clean/FINAL_refseq_ftp_pipeline/11_paml_nuclear_final/ctl/CPT1B/branchsite/vesper_wholeclade/CPT1B.vesper_wholeclade.BS_null.ctl
CPT1B	branchsite	vesper_wholeclade_BS_alt	/scratch/project_2004342/everything/paml_clean/FINAL_refseq_ftp_pipeline/11_paml_nuclear_final/results/CPT1B/branchsite/vesper_wholeclade/BS_alt	/scratch/project_2004342/everything/paml_clean/FINAL_refseq_ftp_pipeline/11_paml_nuclear_final/ctl/CPT1B/branchsite/vesper_wholeclade/CPT1B.vesper_wholeclade.BS_alt.ctl
CPT2	branchsite	nilssonii_terminal_BS_null	/scratch/project_2004342/everything/paml_clean/FINAL_refseq_ftp_pipeline/11_paml_nuclear_final/results/CPT2/branchsite/nilssonii_terminal/BS_null	/scratch/project_2004342/everything/paml_clean/FINAL_refseq_ftp_pipeline/11_paml_nuclear_final/ctl/CPT2/branchsite/nilssonii_terminal/CPT2.nilssonii_terminal.BS_null.ctl
CPT2	branchsite	nilssonii_terminal_BS_alt	/scratch/project_2004342/everything/paml_clean/FINAL_refseq_ftp_pipeline/11_paml_nuclear_final/results/CPT2/branchsite/nilssonii_terminal/BS_alt	/scratch/project_2004342/everything/paml_clean/FINAL_refseq_ftp_pipeline/11_paml_nuclear_final/ctl/CPT2/branchsite/nilssonii_terminal/CPT2.nilssonii_terminal.BS_alt.ctl
CPT2	branchsite	ept_stem_BS_null	/scratch/project_2004342/everything/paml_clean/FINAL_refseq_ftp_pipeline/11_paml_nuclear_final/results/CPT2/branchsite/ept_stem/BS_null	/scratch/project_2004342/everything/paml_clean/FINAL_refseq_ftp_pipeline/11_paml_nuclear_final/ctl/CPT2/branchsite/ept_stem/CPT2.ept_stem.BS_null.ctl
CPT2	branchsite	ept_stem_BS_alt	/scratch/project_2004342/everything/paml_clean/FINAL_refseq_ftp_pipeline/11_paml_nuclear_final/results/CPT2/branchsite/ept_stem/BS_alt	/scratch/project_2004342/everything/paml_clean/FINAL_refseq_ftp_pipeline/11_paml_nuclear_final/ctl/CPT2/branchsite/ept_stem/CPT2.ept_stem.BS_alt.ctl
CPT2	branchsite	ept_terminals_BS_null	/scratch/project_2004342/everything/paml_clean/FINAL_refseq_ftp_pipeline/11_paml_nuclear_final/results/CPT2/branchsite/ept_terminals/BS_null	/scratch/project_2004342/everything/paml_clean/FINAL_refseq_ftp_pipeline/11_paml_nuclear_final/ctl/CPT2/branchsite/ept_terminals/CPT2.ept_terminals.BS_null.ctl
CPT2	branchsite	ept_terminals_BS_alt	/scratch/project_2004342/everything/paml_clean/FINAL_refseq_ftp_pipeline/11_paml_nuclear_final/results/CPT2/branchsite/ept_terminals/BS_alt	/scratch/project_2004342/everything/paml_clean/FINAL_refseq_ftp_pipeline/11_paml_nuclear_final/ctl/CPT2/branchsite/ept_terminals/CPT2.ept_terminals.BS_alt.ctl
CPT2	branchsite	myotis_cold_taxa_BS_null	/scratch/project_2004342/everything/paml_clean/FINAL_refseq_ftp_pipeline/11_paml_nuclear_final/results/CPT2/branchsite/myotis_cold_taxa/BS_null	/scratch/project_2004342/everything/paml_clean/FINAL_refseq_ftp_pipeline/11_paml_nuclear_final/ctl/CPT2/branchsite/myotis_cold_taxa/CPT2.myotis_cold_taxa.BS_null.ctl
CPT2	branchsite	myotis_cold_taxa_BS_alt	/scratch/project_2004342/everything/paml_clean/FINAL_refseq_ftp_pipeline/11_paml_nuclear_final/results/CPT2/branchsite/myotis_cold_taxa/BS_alt	/scratch/project_2004342/everything/paml_clean/FINAL_refseq_ftp_pipeline/11_paml_nuclear_final/ctl/CPT2/branchsite/myotis_cold_taxa/CPT2.myotis_cold_taxa.BS_alt.ctl
CPT2	branchsite	myotis_cold_wholeclade_BS_null	/scratch/project_2004342/everything/paml_clean/FINAL_refseq_ftp_pipeline/11_paml_nuclear_final/results/CPT2/branchsite/myotis_cold_wholeclade/BS_null	/scratch/project_2004342/everything/paml_clean/FINAL_refseq_ftp_pipeline/11_paml_nuclear_final/ctl/CPT2/branchsite/myotis_cold_wholeclade/CPT2.myotis_cold_wholeclade.BS_null.ctl
CPT2	branchsite	myotis_cold_wholeclade_BS_alt	/scratch/project_2004342/everything/paml_clean/FINAL_refseq_ftp_pipeline/11_paml_nuclear_final/results/CPT2/branchsite/myotis_cold_wholeclade/BS_alt	/scratch/project_2004342/everything/paml_clean/FINAL_refseq_ftp_pipeline/11_paml_nuclear_final/ctl/CPT2/branchsite/myotis_cold_wholeclade/CPT2.myotis_cold_wholeclade.BS_alt.ctl
CPT2	branchsite	coldbats_taxa_BS_null	/scratch/project_2004342/everything/paml_clean/FINAL_refseq_ftp_pipeline/11_paml_nuclear_final/results/CPT2/branchsite/coldbats_taxa/BS_null	/scratch/project_2004342/everything/paml_clean/FINAL_refseq_ftp_pipeline/11_paml_nuclear_final/ctl/CPT2/branchsite/coldbats_taxa/CPT2.coldbats_taxa.BS_null.ctl
CPT2	branchsite	coldbats_taxa_BS_alt	/scratch/project_2004342/everything/paml_clean/FINAL_refseq_ftp_pipeline/11_paml_nuclear_final/results/CPT2/branchsite/coldbats_taxa/BS_alt	/scratch/project_2004342/everything/paml_clean/FINAL_refseq_ftp_pipeline/11_paml_nuclear_final/ctl/CPT2/branchsite/coldbats_taxa/CPT2.coldbats_taxa.BS_alt.ctl
CPT2	branchsite	vesper_wholeclade_BS_null	/scratch/project_2004342/everything/paml_clean/FINAL_refseq_ftp_pipeline/11_paml_nuclear_final/results/CPT2/branchsite/vesper_wholeclade/BS_null	/scratch/project_2004342/everything/paml_clean/FINAL_refseq_ftp_pipeline/11_paml_nuclear_final/ctl/CPT2/branchsite/vesper_wholeclade/CPT2.vesper_wholeclade.BS_null.ctl
CPT2	branchsite	vesper_wholeclade_BS_alt	/scratch/project_2004342/everything/paml_clean/FINAL_refseq_ftp_pipeline/11_paml_nuclear_final/results/CPT2/branchsite/vesper_wholeclade/BS_alt	/scratch/project_2004342/everything/paml_clean/FINAL_refseq_ftp_pipeline/11_paml_nuclear_final/ctl/CPT2/branchsite/vesper_wholeclade/CPT2.vesper_wholeclade.BS_alt.ctl
CREB3L1	branchsite	nilssonii_terminal_BS_null	/scratch/project_2004342/everything/paml_clean/FINAL_refseq_ftp_pipeline/11_paml_nuclear_final/results/CREB3L1/branchsite/nilssonii_terminal/BS_null	/scratch/project_2004342/everything/paml_clean/FINAL_refseq_ftp_pipeline/11_paml_nuclear_final/ctl/CREB3L1/branchsite/nilssonii_terminal/CREB3L1.nilssonii_terminal.BS_null.ctl
CREB3L1	branchsite	nilssonii_terminal_BS_alt	/scratch/project_2004342/everything/paml_clean/FINAL_refseq_ftp_pipeline/11_paml_nuclear_final/results/CREB3L1/branchsite/nilssonii_terminal/BS_alt	/scratch/project_2004342/everything/paml_clean/FINAL_refseq_ftp_pipeline/11_paml_nuclear_final/ctl/CREB3L1/branchsite/nilssonii_terminal/CREB3L1.nilssonii_terminal.BS_alt.ctl
CREB3L1	branchsite	ept_stem_BS_null	/scratch/project_2004342/everything/paml_clean/FINAL_refseq_ftp_pipeline/11_paml_nuclear_final/results/CREB3L1/branchsite/ept_stem/BS_null	/scratch/project_2004342/everything/paml_clean/FINAL_refseq_ftp_pipeline/11_paml_nuclear_final/ctl/CREB3L1/branchsite/ept_stem/CREB3L1.ept_stem.BS_null.ctl
CREB3L1	branchsite	ept_stem_BS_alt	/scratch/project_2004342/everything/paml_clean/FINAL_refseq_ftp_pipeline/11_paml_nuclear_final/results/CREB3L1/branchsite/ept_stem/BS_alt	/scratch/project_2004342/everything/paml_clean/FINAL_refseq_ftp_pipeline/11_paml_nuclear_final/ctl/CREB3L1/branchsite/ept_stem/CREB3L1.ept_stem.BS_alt.ctl
CREB3L1	branchsite	ept_terminals_BS_null	/scratch/project_2004342/everything/paml_clean/FINAL_refseq_ftp_pipeline/11_paml_nuclear_final/results/CREB3L1/branchsite/ept_terminals/BS_null	/scratch/project_2004342/everything/paml_clean/FINAL_refseq_ftp_pipeline/11_paml_nuclear_final/ctl/CREB3L1/branchsite/ept_terminals/CREB3L1.ept_terminals.BS_null.ctl
CREB3L1	branchsite	ept_terminals_BS_alt	/scratch/project_2004342/everything/paml_clean/FINAL_refseq_ftp_pipeline/11_paml_nuclear_final/results/CREB3L1/branchsite/ept_terminals/BS_alt	/scratch/project_2004342/everything/paml_clean/FINAL_refseq_ftp_pipeline/11_paml_nuclear_final/ctl/CREB3L1/branchsite/ept_terminals/CREB3L1.ept_terminals.BS_alt.ctl
CREB3L1	branchsite	myotis_cold_taxa_BS_null	/scratch/project_2004342/everything/paml_clean/FINAL_refseq_ftp_pipeline/11_paml_nuclear_final/results/CREB3L1/branchsite/myotis_cold_taxa/BS_null	/scratch/project_2004342/everything/paml_clean/FINAL_refseq_ftp_pipeline/11_paml_nuclear_final/ctl/CREB3L1/branchsite/myotis_cold_taxa/CREB3L1.myotis_cold_taxa.BS_null.ctl
CREB3L1	branchsite	myotis_cold_taxa_BS_alt	/scratch/project_2004342/everything/paml_clean/FINAL_refseq_ftp_pipeline/11_paml_nuclear_final/results/CREB3L1/branchsite/myotis_cold_taxa/BS_alt	/scratch/project_2004342/everything/paml_clean/FINAL_refseq_ftp_pipeline/11_paml_nuclear_final/ctl/CREB3L1/branchsite/myotis_cold_taxa/CREB3L1.myotis_cold_taxa.BS_alt.ctl
CREB3L1	branchsite	myotis_cold_wholeclade_BS_null	/scratch/project_2004342/everything/paml_clean/FINAL_refseq_ftp_pipeline/11_paml_nuclear_final/results/CREB3L1/branchsite/myotis_cold_wholeclade/BS_null	/scratch/project_2004342/everything/paml_clean/FINAL_refseq_ftp_pipeline/11_paml_nuclear_final/ctl/CREB3L1/branchsite/myotis_cold_wholeclade/CREB3L1.myotis_cold_wholeclade.BS_null.ctl
CREB3L1	branchsite	myotis_cold_wholeclade_BS_alt	/scratch/project_2004342/everything/paml_clean/FINAL_refseq_ftp_pipeline/11_paml_nuclear_final/results/CREB3L1/branchsite/myotis_cold_wholeclade/BS_alt	/scratch/project_2004342/everything/paml_clean/FINAL_refseq_ftp_pipeline/11_paml_nuclear_final/ctl/CREB3L1/branchsite/myotis_cold_wholeclade/CREB3L1.myotis_cold_wholeclade.BS_alt.ctl
CREB3L1	branchsite	coldbats_taxa_BS_null	/scratch/project_2004342/everything/paml_clean/FINAL_refseq_ftp_pipeline/11_paml_nuclear_final/results/CREB3L1/branchsite/coldbats_taxa/BS_null	/scratch/project_2004342/everything/paml_clean/FINAL_refseq_ftp_pipeline/11_paml_nuclear_final/ctl/CREB3L1/branchsite/coldbats_taxa/CREB3L1.coldbats_taxa.BS_null.ctl
CREB3L1	branchsite	coldbats_taxa_BS_alt	/scratch/project_2004342/everything/paml_clean/FINAL_refseq_ftp_pipeline/11_paml_nuclear_final/results/CREB3L1/branchsite/coldbats_taxa/BS_alt	/scratch/project_2004342/everything/paml_clean/FINAL_refseq_ftp_pipeline/11_paml_nuclear_final/ctl/CREB3L1/branchsite/coldbats_taxa/CREB3L1.coldbats_taxa.BS_alt.ctl
CREB3L1	branchsite	vesper_wholeclade_BS_null	/scratch/project_2004342/everything/paml_clean/FINAL_refseq_ftp_pipeline/11_paml_nuclear_final/results/CREB3L1/branchsite/vesper_wholeclade/BS_null	/scratch/project_2004342/everything/paml_clean/FINAL_refseq_ftp_pipeline/11_paml_nuclear_final/ctl/CREB3L1/branchsite/vesper_wholeclade/CREB3L1.vesper_wholeclade.BS_null.ctl
CREB3L1	branchsite	vesper_wholeclade_BS_alt	/scratch/project_2004342/everything/paml_clean/FINAL_refseq_ftp_pipeline/11_paml_nuclear_final/results/CREB3L1/branchsite/vesper_wholeclade/BS_alt	/scratch/project_2004342/everything/paml_clean/FINAL_refseq_ftp_pipeline/11_paml_nuclear_final/ctl/CREB3L1/branchsite/vesper_wholeclade/CREB3L1.vesper_wholeclade.BS_alt.ctl
CREB3L4	branchsite	nilssonii_terminal_BS_null	/scratch/project_2004342/everything/paml_clean/FINAL_refseq_ftp_pipeline/11_paml_nuclear_final/results/CREB3L4/branchsite/nilssonii_terminal/BS_null	/scratch/project_2004342/everything/paml_clean/FINAL_refseq_ftp_pipeline/11_paml_nuclear_final/ctl/CREB3L4/branchsite/nilssonii_terminal/CREB3L4.nilssonii_terminal.BS_null.ctl
CREB3L4	branchsite	nilssonii_terminal_BS_alt	/scratch/project_2004342/everything/paml_clean/FINAL_refseq_ftp_pipeline/11_paml_nuclear_final/results/CREB3L4/branchsite/nilssonii_terminal/BS_alt	/scratch/project_2004342/everything/paml_clean/FINAL_refseq_ftp_pipeline/11_paml_nuclear_final/ctl/CREB3L4/branchsite/nilssonii_terminal/CREB3L4.nilssonii_terminal.BS_alt.ctl
CREB3L4	branchsite	ept_stem_BS_null	/scratch/project_2004342/everything/paml_clean/FINAL_refseq_ftp_pipeline/11_paml_nuclear_final/results/CREB3L4/branchsite/ept_stem/BS_null	/scratch/project_2004342/everything/paml_clean/FINAL_refseq_ftp_pipeline/11_paml_nuclear_final/ctl/CREB3L4/branchsite/ept_stem/CREB3L4.ept_stem.BS_null.ctl
CREB3L4	branchsite	ept_stem_BS_alt	/scratch/project_2004342/everything/paml_clean/FINAL_refseq_ftp_pipeline/11_paml_nuclear_final/results/CREB3L4/branchsite/ept_stem/BS_alt	/scratch/project_2004342/everything/paml_clean/FINAL_refseq_ftp_pipeline/11_paml_nuclear_final/ctl/CREB3L4/branchsite/ept_stem/CREB3L4.ept_stem.BS_alt.ctl
CREB3L4	branchsite	ept_terminals_BS_null	/scratch/project_2004342/everything/paml_clean/FINAL_refseq_ftp_pipeline/11_paml_nuclear_final/results/CREB3L4/branchsite/ept_terminals/BS_null	/scratch/project_2004342/everything/paml_clean/FINAL_refseq_ftp_pipeline/11_paml_nuclear_final/ctl/CREB3L4/branchsite/ept_terminals/CREB3L4.ept_terminals.BS_null.ctl
CREB3L4	branchsite	ept_terminals_BS_alt	/scratch/project_2004342/everything/paml_clean/FINAL_refseq_ftp_pipeline/11_paml_nuclear_final/results/CREB3L4/branchsite/ept_terminals/BS_alt	/scratch/project_2004342/everything/paml_clean/FINAL_refseq_ftp_pipeline/11_paml_nuclear_final/ctl/CREB3L4/branchsite/ept_terminals/CREB3L4.ept_terminals.BS_alt.ctl
CREB3L4	branchsite	myotis_cold_taxa_BS_null	/scratch/project_2004342/everything/paml_clean/FINAL_refseq_ftp_pipeline/11_paml_nuclear_final/results/CREB3L4/branchsite/myotis_cold_taxa/BS_null	/scratch/project_2004342/everything/paml_clean/FINAL_refseq_ftp_pipeline/11_paml_nuclear_final/ctl/CREB3L4/branchsite/myotis_cold_taxa/CREB3L4.myotis_cold_taxa.BS_null.ctl
CREB3L4	branchsite	myotis_cold_taxa_BS_alt	/scratch/project_2004342/everything/paml_clean/FINAL_refseq_ftp_pipeline/11_paml_nuclear_final/results/CREB3L4/branchsite/myotis_cold_taxa/BS_alt	/scratch/project_2004342/everything/paml_clean/FINAL_refseq_ftp_pipeline/11_paml_nuclear_final/ctl/CREB3L4/branchsite/myotis_cold_taxa/CREB3L4.myotis_cold_taxa.BS_alt.ctl
CREB3L4	branchsite	myotis_cold_wholeclade_BS_null	/scratch/project_2004342/everything/paml_clean/FINAL_refseq_ftp_pipeline/11_paml_nuclear_final/results/CREB3L4/branchsite/myotis_cold_wholeclade/BS_null	/scratch/project_2004342/everything/paml_clean/FINAL_refseq_ftp_pipeline/11_paml_nuclear_final/ctl/CREB3L4/branchsite/myotis_cold_wholeclade/CREB3L4.myotis_cold_wholeclade.BS_null.ctl
CREB3L4	branchsite	myotis_cold_wholeclade_BS_alt	/scratch/project_2004342/everything/paml_clean/FINAL_refseq_ftp_pipeline/11_paml_nuclear_final/results/CREB3L4/branchsite/myotis_cold_wholeclade/BS_alt	/scratch/project_2004342/everything/paml_clean/FINAL_refseq_ftp_pipeline/11_paml_nuclear_final/ctl/CREB3L4/branchsite/myotis_cold_wholeclade/CREB3L4.myotis_cold_wholeclade.BS_alt.ctl
CREB3L4	branchsite	coldbats_taxa_BS_null	/scratch/project_2004342/everything/paml_clean/FINAL_refseq_ftp_pipeline/11_paml_nuclear_final/results/CREB3L4/branchsite/coldbats_taxa/BS_null	/scratch/project_2004342/everything/paml_clean/FINAL_refseq_ftp_pipeline/11_paml_nuclear_final/ctl/CREB3L4/branchsite/coldbats_taxa/CREB3L4.coldbats_taxa.BS_null.ctl
CREB3L4	branchsite	coldbats_taxa_BS_alt	/scratch/project_2004342/everything/paml_clean/FINAL_refseq_ftp_pipeline/11_paml_nuclear_final/results/CREB3L4/branchsite/coldbats_taxa/BS_alt	/scratch/project_2004342/everything/paml_clean/FINAL_refseq_ftp_pipeline/11_paml_nuclear_final/ctl/CREB3L4/branchsite/coldbats_taxa/CREB3L4.coldbats_taxa.BS_alt.ctl
CREB3L4	branchsite	vesper_wholeclade_BS_null	/scratch/project_2004342/everything/paml_clean/FINAL_refseq_ftp_pipeline/11_paml_nuclear_final/results/CREB3L4/branchsite/vesper_wholeclade/BS_null	/scratch/project_2004342/everything/paml_clean/FINAL_refseq_ftp_pipeline/11_paml_nuclear_final/ctl/CREB3L4/branchsite/vesper_wholeclade/CREB3L4.vesper_wholeclade.BS_null.ctl
CREB3L4	branchsite	vesper_wholeclade_BS_alt	/scratch/project_2004342/everything/paml_clean/FINAL_refseq_ftp_pipeline/11_paml_nuclear_final/results/CREB3L4/branchsite/vesper_wholeclade/BS_alt	/scratch/project_2004342/everything/paml_clean/FINAL_refseq_ftp_pipeline/11_paml_nuclear_final/ctl/CREB3L4/branchsite/vesper_wholeclade/CREB3L4.vesper_wholeclade.BS_alt.ctl
CREB5	branchsite	nilssonii_terminal_BS_null	/scratch/project_2004342/everything/paml_clean/FINAL_refseq_ftp_pipeline/11_paml_nuclear_final/results/CREB5/branchsite/nilssonii_terminal/BS_null	/scratch/project_2004342/everything/paml_clean/FINAL_refseq_ftp_pipeline/11_paml_nuclear_final/ctl/CREB5/branchsite/nilssonii_terminal/CREB5.nilssonii_terminal.BS_null.ctl
CREB5	branchsite	nilssonii_terminal_BS_alt	/scratch/project_2004342/everything/paml_clean/FINAL_refseq_ftp_pipeline/11_paml_nuclear_final/results/CREB5/branchsite/nilssonii_terminal/BS_alt	/scratch/project_2004342/everything/paml_clean/FINAL_refseq_ftp_pipeline/11_paml_nuclear_final/ctl/CREB5/branchsite/nilssonii_terminal/CREB5.nilssonii_terminal.BS_alt.ctl
CREB5	branchsite	ept_stem_BS_null	/scratch/project_2004342/everything/paml_clean/FINAL_refseq_ftp_pipeline/11_paml_nuclear_final/results/CREB5/branchsite/ept_stem/BS_null	/scratch/project_2004342/everything/paml_clean/FINAL_refseq_ftp_pipeline/11_paml_nuclear_final/ctl/CREB5/branchsite/ept_stem/CREB5.ept_stem.BS_null.ctl
CREB5	branchsite	ept_stem_BS_alt	/scratch/project_2004342/everything/paml_clean/FINAL_refseq_ftp_pipeline/11_paml_nuclear_final/results/CREB5/branchsite/ept_stem/BS_alt	/scratch/project_2004342/everything/paml_clean/FINAL_refseq_ftp_pipeline/11_paml_nuclear_final/ctl/CREB5/branchsite/ept_stem/CREB5.ept_stem.BS_alt.ctl
CREB5	branchsite	ept_terminals_BS_null	/scratch/project_2004342/everything/paml_clean/FINAL_refseq_ftp_pipeline/11_paml_nuclear_final/results/CREB5/branchsite/ept_terminals/BS_null	/scratch/project_2004342/everything/paml_clean/FINAL_refseq_ftp_pipeline/11_paml_nuclear_final/ctl/CREB5/branchsite/ept_terminals/CREB5.ept_terminals.BS_null.ctl
CREB5	branchsite	ept_terminals_BS_alt	/scratch/project_2004342/everything/paml_clean/FINAL_refseq_ftp_pipeline/11_paml_nuclear_final/results/CREB5/branchsite/ept_terminals/BS_alt	/scratch/project_2004342/everything/paml_clean/FINAL_refseq_ftp_pipeline/11_paml_nuclear_final/ctl/CREB5/branchsite/ept_terminals/CREB5.ept_terminals.BS_alt.ctl
CREB5	branchsite	myotis_cold_taxa_BS_null	/scratch/project_2004342/everything/paml_clean/FINAL_refseq_ftp_pipeline/11_paml_nuclear_final/results/CREB5/branchsite/myotis_cold_taxa/BS_null	/scratch/project_2004342/everything/paml_clean/FINAL_refseq_ftp_pipeline/11_paml_nuclear_final/ctl/CREB5/branchsite/myotis_cold_taxa/CREB5.myotis_cold_taxa.BS_null.ctl
CREB5	branchsite	myotis_cold_taxa_BS_alt	/scratch/project_2004342/everything/paml_clean/FINAL_refseq_ftp_pipeline/11_paml_nuclear_final/results/CREB5/branchsite/myotis_cold_taxa/BS_alt	/scratch/project_2004342/everything/paml_clean/FINAL_refseq_ftp_pipeline/11_paml_nuclear_final/ctl/CREB5/branchsite/myotis_cold_taxa/CREB5.myotis_cold_taxa.BS_alt.ctl
CREB5	branchsite	myotis_cold_wholeclade_BS_null	/scratch/project_2004342/everything/paml_clean/FINAL_refseq_ftp_pipeline/11_paml_nuclear_final/results/CREB5/branchsite/myotis_cold_wholeclade/BS_null	/scratch/project_2004342/everything/paml_clean/FINAL_refseq_ftp_pipeline/11_paml_nuclear_final/ctl/CREB5/branchsite/myotis_cold_wholeclade/CREB5.myotis_cold_wholeclade.BS_null.ctl
CREB5	branchsite	myotis_cold_wholeclade_BS_alt	/scratch/project_2004342/everything/paml_clean/FINAL_refseq_ftp_pipeline/11_paml_nuclear_final/results/CREB5/branchsite/myotis_cold_wholeclade/BS_alt	/scratch/project_2004342/everything/paml_clean/FINAL_refseq_ftp_pipeline/11_paml_nuclear_final/ctl/CREB5/branchsite/myotis_cold_wholeclade/CREB5.myotis_cold_wholeclade.BS_alt.ctl
CREB5	branchsite	coldbats_taxa_BS_null	/scratch/project_2004342/everything/paml_clean/FINAL_refseq_ftp_pipeline/11_paml_nuclear_final/results/CREB5/branchsite/coldbats_taxa/BS_null	/scratch/project_2004342/everything/paml_clean/FINAL_refseq_ftp_pipeline/11_paml_nuclear_final/ctl/CREB5/branchsite/coldbats_taxa/CREB5.coldbats_taxa.BS_null.ctl
CREB5	branchsite	coldbats_taxa_BS_alt	/scratch/project_2004342/everything/paml_clean/FINAL_refseq_ftp_pipeline/11_paml_nuclear_final/results/CREB5/branchsite/coldbats_taxa/BS_alt	/scratch/project_2004342/everything/paml_clean/FINAL_refseq_ftp_pipeline/11_paml_nuclear_final/ctl/CREB5/branchsite/coldbats_taxa/CREB5.coldbats_taxa.BS_alt.ctl
CREB5	branchsite	vesper_wholeclade_BS_null	/scratch/project_2004342/everything/paml_clean/FINAL_refseq_ftp_pipeline/11_paml_nuclear_final/results/CREB5/branchsite/vesper_wholeclade/BS_null	/scratch/project_2004342/everything/paml_clean/FINAL_refseq_ftp_pipeline/11_paml_nuclear_final/ctl/CREB5/branchsite/vesper_wholeclade/CREB5.vesper_wholeclade.BS_null.ctl
CREB5	branchsite	vesper_wholeclade_BS_alt	/scratch/project_2004342/everything/paml_clean/FINAL_refseq_ftp_pipeline/11_paml_nuclear_final/results/CREB5/branchsite/vesper_wholeclade/BS_alt	/scratch/project_2004342/everything/paml_clean/FINAL_refseq_ftp_pipeline/11_paml_nuclear_final/ctl/CREB5/branchsite/vesper_wholeclade/CREB5.vesper_wholeclade.BS_alt.ctl
FGFR1	branchsite	nilssonii_terminal_BS_null	/scratch/project_2004342/everything/paml_clean/FINAL_refseq_ftp_pipeline/11_paml_nuclear_final/results/FGFR1/branchsite/nilssonii_terminal/BS_null	/scratch/project_2004342/everything/paml_clean/FINAL_refseq_ftp_pipeline/11_paml_nuclear_final/ctl/FGFR1/branchsite/nilssonii_terminal/FGFR1.nilssonii_terminal.BS_null.ctl
FGFR1	branchsite	nilssonii_terminal_BS_alt	/scratch/project_2004342/everything/paml_clean/FINAL_refseq_ftp_pipeline/11_paml_nuclear_final/results/FGFR1/branchsite/nilssonii_terminal/BS_alt	/scratch/project_2004342/everything/paml_clean/FINAL_refseq_ftp_pipeline/11_paml_nuclear_final/ctl/FGFR1/branchsite/nilssonii_terminal/FGFR1.nilssonii_terminal.BS_alt.ctl
FGFR1	branchsite	ept_stem_BS_null	/scratch/project_2004342/everything/paml_clean/FINAL_refseq_ftp_pipeline/11_paml_nuclear_final/results/FGFR1/branchsite/ept_stem/BS_null	/scratch/project_2004342/everything/paml_clean/FINAL_refseq_ftp_pipeline/11_paml_nuclear_final/ctl/FGFR1/branchsite/ept_stem/FGFR1.ept_stem.BS_null.ctl
FGFR1	branchsite	ept_stem_BS_alt	/scratch/project_2004342/everything/paml_clean/FINAL_refseq_ftp_pipeline/11_paml_nuclear_final/results/FGFR1/branchsite/ept_stem/BS_alt	/scratch/project_2004342/everything/paml_clean/FINAL_refseq_ftp_pipeline/11_paml_nuclear_final/ctl/FGFR1/branchsite/ept_stem/FGFR1.ept_stem.BS_alt.ctl
FGFR1	branchsite	ept_terminals_BS_null	/scratch/project_2004342/everything/paml_clean/FINAL_refseq_ftp_pipeline/11_paml_nuclear_final/results/FGFR1/branchsite/ept_terminals/BS_null	/scratch/project_2004342/everything/paml_clean/FINAL_refseq_ftp_pipeline/11_paml_nuclear_final/ctl/FGFR1/branchsite/ept_terminals/FGFR1.ept_terminals.BS_null.ctl
FGFR1	branchsite	ept_terminals_BS_alt	/scratch/project_2004342/everything/paml_clean/FINAL_refseq_ftp_pipeline/11_paml_nuclear_final/results/FGFR1/branchsite/ept_terminals/BS_alt	/scratch/project_2004342/everything/paml_clean/FINAL_refseq_ftp_pipeline/11_paml_nuclear_final/ctl/FGFR1/branchsite/ept_terminals/FGFR1.ept_terminals.BS_alt.ctl
FGFR1	branchsite	myotis_cold_taxa_BS_null	/scratch/project_2004342/everything/paml_clean/FINAL_refseq_ftp_pipeline/11_paml_nuclear_final/results/FGFR1/branchsite/myotis_cold_taxa/BS_null	/scratch/project_2004342/everything/paml_clean/FINAL_refseq_ftp_pipeline/11_paml_nuclear_final/ctl/FGFR1/branchsite/myotis_cold_taxa/FGFR1.myotis_cold_taxa.BS_null.ctl
FGFR1	branchsite	myotis_cold_taxa_BS_alt	/scratch/project_2004342/everything/paml_clean/FINAL_refseq_ftp_pipeline/11_paml_nuclear_final/results/FGFR1/branchsite/myotis_cold_taxa/BS_alt	/scratch/project_2004342/everything/paml_clean/FINAL_refseq_ftp_pipeline/11_paml_nuclear_final/ctl/FGFR1/branchsite/myotis_cold_taxa/FGFR1.myotis_cold_taxa.BS_alt.ctl
FGFR1	branchsite	myotis_cold_wholeclade_BS_null	/scratch/project_2004342/everything/paml_clean/FINAL_refseq_ftp_pipeline/11_paml_nuclear_final/results/FGFR1/branchsite/myotis_cold_wholeclade/BS_null	/scratch/project_2004342/everything/paml_clean/FINAL_refseq_ftp_pipeline/11_paml_nuclear_final/ctl/FGFR1/branchsite/myotis_cold_wholeclade/FGFR1.myotis_cold_wholeclade.BS_null.ctl
FGFR1	branchsite	myotis_cold_wholeclade_BS_alt	/scratch/project_2004342/everything/paml_clean/FINAL_refseq_ftp_pipeline/11_paml_nuclear_final/results/FGFR1/branchsite/myotis_cold_wholeclade/BS_alt	/scratch/project_2004342/everything/paml_clean/FINAL_refseq_ftp_pipeline/11_paml_nuclear_final/ctl/FGFR1/branchsite/myotis_cold_wholeclade/FGFR1.myotis_cold_wholeclade.BS_alt.ctl
FGFR1	branchsite	coldbats_taxa_BS_null	/scratch/project_2004342/everything/paml_clean/FINAL_refseq_ftp_pipeline/11_paml_nuclear_final/results/FGFR1/branchsite/coldbats_taxa/BS_null	/scratch/project_2004342/everything/paml_clean/FINAL_refseq_ftp_pipeline/11_paml_nuclear_final/ctl/FGFR1/branchsite/coldbats_taxa/FGFR1.coldbats_taxa.BS_null.ctl
FGFR1	branchsite	coldbats_taxa_BS_alt	/scratch/project_2004342/everything/paml_clean/FINAL_refseq_ftp_pipeline/11_paml_nuclear_final/results/FGFR1/branchsite/coldbats_taxa/BS_alt	/scratch/project_2004342/everything/paml_clean/FINAL_refseq_ftp_pipeline/11_paml_nuclear_final/ctl/FGFR1/branchsite/coldbats_taxa/FGFR1.coldbats_taxa.BS_alt.ctl
FGFR1	branchsite	vesper_wholeclade_BS_null	/scratch/project_2004342/everything/paml_clean/FINAL_refseq_ftp_pipeline/11_paml_nuclear_final/results/FGFR1/branchsite/vesper_wholeclade/BS_null	/scratch/project_2004342/everything/paml_clean/FINAL_refseq_ftp_pipeline/11_paml_nuclear_final/ctl/FGFR1/branchsite/vesper_wholeclade/FGFR1.vesper_wholeclade.BS_null.ctl
FGFR1	branchsite	vesper_wholeclade_BS_alt	/scratch/project_2004342/everything/paml_clean/FINAL_refseq_ftp_pipeline/11_paml_nuclear_final/results/FGFR1/branchsite/vesper_wholeclade/BS_alt	/scratch/project_2004342/everything/paml_clean/FINAL_refseq_ftp_pipeline/11_paml_nuclear_final/ctl/FGFR1/branchsite/vesper_wholeclade/FGFR1.vesper_wholeclade.BS_alt.ctl
NDUFA1	branchsite	nilssonii_terminal_BS_null	/scratch/project_2004342/everything/paml_clean/FINAL_refseq_ftp_pipeline/11_paml_nuclear_final/results/NDUFA1/branchsite/nilssonii_terminal/BS_null	/scratch/project_2004342/everything/paml_clean/FINAL_refseq_ftp_pipeline/11_paml_nuclear_final/ctl/NDUFA1/branchsite/nilssonii_terminal/NDUFA1.nilssonii_terminal.BS_null.ctl
NDUFA1	branchsite	nilssonii_terminal_BS_alt	/scratch/project_2004342/everything/paml_clean/FINAL_refseq_ftp_pipeline/11_paml_nuclear_final/results/NDUFA1/branchsite/nilssonii_terminal/BS_alt	/scratch/project_2004342/everything/paml_clean/FINAL_refseq_ftp_pipeline/11_paml_nuclear_final/ctl/NDUFA1/branchsite/nilssonii_terminal/NDUFA1.nilssonii_terminal.BS_alt.ctl
NDUFA1	branchsite	ept_stem_BS_null	/scratch/project_2004342/everything/paml_clean/FINAL_refseq_ftp_pipeline/11_paml_nuclear_final/results/NDUFA1/branchsite/ept_stem/BS_null	/scratch/project_2004342/everything/paml_clean/FINAL_refseq_ftp_pipeline/11_paml_nuclear_final/ctl/NDUFA1/branchsite/ept_stem/NDUFA1.ept_stem.BS_null.ctl
NDUFA1	branchsite	ept_stem_BS_alt	/scratch/project_2004342/everything/paml_clean/FINAL_refseq_ftp_pipeline/11_paml_nuclear_final/results/NDUFA1/branchsite/ept_stem/BS_alt	/scratch/project_2004342/everything/paml_clean/FINAL_refseq_ftp_pipeline/11_paml_nuclear_final/ctl/NDUFA1/branchsite/ept_stem/NDUFA1.ept_stem.BS_alt.ctl
NDUFA1	branchsite	ept_terminals_BS_null	/scratch/project_2004342/everything/paml_clean/FINAL_refseq_ftp_pipeline/11_paml_nuclear_final/results/NDUFA1/branchsite/ept_terminals/BS_null	/scratch/project_2004342/everything/paml_clean/FINAL_refseq_ftp_pipeline/11_paml_nuclear_final/ctl/NDUFA1/branchsite/ept_terminals/NDUFA1.ept_terminals.BS_null.ctl
NDUFA1	branchsite	ept_terminals_BS_alt	/scratch/project_2004342/everything/paml_clean/FINAL_refseq_ftp_pipeline/11_paml_nuclear_final/results/NDUFA1/branchsite/ept_terminals/BS_alt	/scratch/project_2004342/everything/paml_clean/FINAL_refseq_ftp_pipeline/11_paml_nuclear_final/ctl/NDUFA1/branchsite/ept_terminals/NDUFA1.ept_terminals.BS_alt.ctl
NDUFA1	branchsite	myotis_cold_taxa_BS_null	/scratch/project_2004342/everything/paml_clean/FINAL_refseq_ftp_pipeline/11_paml_nuclear_final/results/NDUFA1/branchsite/myotis_cold_taxa/BS_null	/scratch/project_2004342/everything/paml_clean/FINAL_refseq_ftp_pipeline/11_paml_nuclear_final/ctl/NDUFA1/branchsite/myotis_cold_taxa/NDUFA1.myotis_cold_taxa.BS_null.ctl
NDUFA1	branchsite	myotis_cold_taxa_BS_alt	/scratch/project_2004342/everything/paml_clean/FINAL_refseq_ftp_pipeline/11_paml_nuclear_final/results/NDUFA1/branchsite/myotis_cold_taxa/BS_alt	/scratch/project_2004342/everything/paml_clean/FINAL_refseq_ftp_pipeline/11_paml_nuclear_final/ctl/NDUFA1/branchsite/myotis_cold_taxa/NDUFA1.myotis_cold_taxa.BS_alt.ctl
NDUFA1	branchsite	myotis_cold_wholeclade_BS_null	/scratch/project_2004342/everything/paml_clean/FINAL_refseq_ftp_pipeline/11_paml_nuclear_final/results/NDUFA1/branchsite/myotis_cold_wholeclade/BS_null	/scratch/project_2004342/everything/paml_clean/FINAL_refseq_ftp_pipeline/11_paml_nuclear_final/ctl/NDUFA1/branchsite/myotis_cold_wholeclade/NDUFA1.myotis_cold_wholeclade.BS_null.ctl
NDUFA1	branchsite	myotis_cold_wholeclade_BS_alt	/scratch/project_2004342/everything/paml_clean/FINAL_refseq_ftp_pipeline/11_paml_nuclear_final/results/NDUFA1/branchsite/myotis_cold_wholeclade/BS_alt	/scratch/project_2004342/everything/paml_clean/FINAL_refseq_ftp_pipeline/11_paml_nuclear_final/ctl/NDUFA1/branchsite/myotis_cold_wholeclade/NDUFA1.myotis_cold_wholeclade.BS_alt.ctl
NDUFA1	branchsite	coldbats_taxa_BS_null	/scratch/project_2004342/everything/paml_clean/FINAL_refseq_ftp_pipeline/11_paml_nuclear_final/results/NDUFA1/branchsite/coldbats_taxa/BS_null	/scratch/project_2004342/everything/paml_clean/FINAL_refseq_ftp_pipeline/11_paml_nuclear_final/ctl/NDUFA1/branchsite/coldbats_taxa/NDUFA1.coldbats_taxa.BS_null.ctl
NDUFA1	branchsite	coldbats_taxa_BS_alt	/scratch/project_2004342/everything/paml_clean/FINAL_refseq_ftp_pipeline/11_paml_nuclear_final/results/NDUFA1/branchsite/coldbats_taxa/BS_alt	/scratch/project_2004342/everything/paml_clean/FINAL_refseq_ftp_pipeline/11_paml_nuclear_final/ctl/NDUFA1/branchsite/coldbats_taxa/NDUFA1.coldbats_taxa.BS_alt.ctl
NDUFA1	branchsite	vesper_wholeclade_BS_null	/scratch/project_2004342/everything/paml_clean/FINAL_refseq_ftp_pipeline/11_paml_nuclear_final/results/NDUFA1/branchsite/vesper_wholeclade/BS_null	/scratch/project_2004342/everything/paml_clean/FINAL_refseq_ftp_pipeline/11_paml_nuclear_final/ctl/NDUFA1/branchsite/vesper_wholeclade/NDUFA1.vesper_wholeclade.BS_null.ctl
NDUFA1	branchsite	vesper_wholeclade_BS_alt	/scratch/project_2004342/everything/paml_clean/FINAL_refseq_ftp_pipeline/11_paml_nuclear_final/results/NDUFA1/branchsite/vesper_wholeclade/BS_alt	/scratch/project_2004342/everything/paml_clean/FINAL_refseq_ftp_pipeline/11_paml_nuclear_final/ctl/NDUFA1/branchsite/vesper_wholeclade/NDUFA1.vesper_wholeclade.BS_alt.ctl
NDUFB8	branchsite	nilssonii_terminal_BS_null	/scratch/project_2004342/everything/paml_clean/FINAL_refseq_ftp_pipeline/11_paml_nuclear_final/results/NDUFB8/branchsite/nilssonii_terminal/BS_null	/scratch/project_2004342/everything/paml_clean/FINAL_refseq_ftp_pipeline/11_paml_nuclear_final/ctl/NDUFB8/branchsite/nilssonii_terminal/NDUFB8.nilssonii_terminal.BS_null.ctl
NDUFB8	branchsite	nilssonii_terminal_BS_alt	/scratch/project_2004342/everything/paml_clean/FINAL_refseq_ftp_pipeline/11_paml_nuclear_final/results/NDUFB8/branchsite/nilssonii_terminal/BS_alt	/scratch/project_2004342/everything/paml_clean/FINAL_refseq_ftp_pipeline/11_paml_nuclear_final/ctl/NDUFB8/branchsite/nilssonii_terminal/NDUFB8.nilssonii_terminal.BS_alt.ctl
NDUFB8	branchsite	ept_stem_BS_null	/scratch/project_2004342/everything/paml_clean/FINAL_refseq_ftp_pipeline/11_paml_nuclear_final/results/NDUFB8/branchsite/ept_stem/BS_null	/scratch/project_2004342/everything/paml_clean/FINAL_refseq_ftp_pipeline/11_paml_nuclear_final/ctl/NDUFB8/branchsite/ept_stem/NDUFB8.ept_stem.BS_null.ctl
NDUFB8	branchsite	ept_stem_BS_alt	/scratch/project_2004342/everything/paml_clean/FINAL_refseq_ftp_pipeline/11_paml_nuclear_final/results/NDUFB8/branchsite/ept_stem/BS_alt	/scratch/project_2004342/everything/paml_clean/FINAL_refseq_ftp_pipeline/11_paml_nuclear_final/ctl/NDUFB8/branchsite/ept_stem/NDUFB8.ept_stem.BS_alt.ctl
NDUFB8	branchsite	ept_terminals_BS_null	/scratch/project_2004342/everything/paml_clean/FINAL_refseq_ftp_pipeline/11_paml_nuclear_final/results/NDUFB8/branchsite/ept_terminals/BS_null	/scratch/project_2004342/everything/paml_clean/FINAL_refseq_ftp_pipeline/11_paml_nuclear_final/ctl/NDUFB8/branchsite/ept_terminals/NDUFB8.ept_terminals.BS_null.ctl
NDUFB8	branchsite	ept_terminals_BS_alt	/scratch/project_2004342/everything/paml_clean/FINAL_refseq_ftp_pipeline/11_paml_nuclear_final/results/NDUFB8/branchsite/ept_terminals/BS_alt	/scratch/project_2004342/everything/paml_clean/FINAL_refseq_ftp_pipeline/11_paml_nuclear_final/ctl/NDUFB8/branchsite/ept_terminals/NDUFB8.ept_terminals.BS_alt.ctl
NDUFB8	branchsite	myotis_cold_taxa_BS_null	/scratch/project_2004342/everything/paml_clean/FINAL_refseq_ftp_pipeline/11_paml_nuclear_final/results/NDUFB8/branchsite/myotis_cold_taxa/BS_null	/scratch/project_2004342/everything/paml_clean/FINAL_refseq_ftp_pipeline/11_paml_nuclear_final/ctl/NDUFB8/branchsite/myotis_cold_taxa/NDUFB8.myotis_cold_taxa.BS_null.ctl
NDUFB8	branchsite	myotis_cold_taxa_BS_alt	/scratch/project_2004342/everything/paml_clean/FINAL_refseq_ftp_pipeline/11_paml_nuclear_final/results/NDUFB8/branchsite/myotis_cold_taxa/BS_alt	/scratch/project_2004342/everything/paml_clean/FINAL_refseq_ftp_pipeline/11_paml_nuclear_final/ctl/NDUFB8/branchsite/myotis_cold_taxa/NDUFB8.myotis_cold_taxa.BS_alt.ctl
NDUFB8	branchsite	myotis_cold_wholeclade_BS_null	/scratch/project_2004342/everything/paml_clean/FINAL_refseq_ftp_pipeline/11_paml_nuclear_final/results/NDUFB8/branchsite/myotis_cold_wholeclade/BS_null	/scratch/project_2004342/everything/paml_clean/FINAL_refseq_ftp_pipeline/11_paml_nuclear_final/ctl/NDUFB8/branchsite/myotis_cold_wholeclade/NDUFB8.myotis_cold_wholeclade.BS_null.ctl
NDUFB8	branchsite	myotis_cold_wholeclade_BS_alt	/scratch/project_2004342/everything/paml_clean/FINAL_refseq_ftp_pipeline/11_paml_nuclear_final/results/NDUFB8/branchsite/myotis_cold_wholeclade/BS_alt	/scratch/project_2004342/everything/paml_clean/FINAL_refseq_ftp_pipeline/11_paml_nuclear_final/ctl/NDUFB8/branchsite/myotis_cold_wholeclade/NDUFB8.myotis_cold_wholeclade.BS_alt.ctl
NDUFB8	branchsite	coldbats_taxa_BS_null	/scratch/project_2004342/everything/paml_clean/FINAL_refseq_ftp_pipeline/11_paml_nuclear_final/results/NDUFB8/branchsite/coldbats_taxa/BS_null	/scratch/project_2004342/everything/paml_clean/FINAL_refseq_ftp_pipeline/11_paml_nuclear_final/ctl/NDUFB8/branchsite/coldbats_taxa/NDUFB8.coldbats_taxa.BS_null.ctl
NDUFB8	branchsite	coldbats_taxa_BS_alt	/scratch/project_2004342/everything/paml_clean/FINAL_refseq_ftp_pipeline/11_paml_nuclear_final/results/NDUFB8/branchsite/coldbats_taxa/BS_alt	/scratch/project_2004342/everything/paml_clean/FINAL_refseq_ftp_pipeline/11_paml_nuclear_final/ctl/NDUFB8/branchsite/coldbats_taxa/NDUFB8.coldbats_taxa.BS_alt.ctl
NDUFB8	branchsite	vesper_wholeclade_BS_null	/scratch/project_2004342/everything/paml_clean/FINAL_refseq_ftp_pipeline/11_paml_nuclear_final/results/NDUFB8/branchsite/vesper_wholeclade/BS_null	/scratch/project_2004342/everything/paml_clean/FINAL_refseq_ftp_pipeline/11_paml_nuclear_final/ctl/NDUFB8/branchsite/vesper_wholeclade/NDUFB8.vesper_wholeclade.BS_null.ctl
NDUFB8	branchsite	vesper_wholeclade_BS_alt	/scratch/project_2004342/everything/paml_clean/FINAL_refseq_ftp_pipeline/11_paml_nuclear_final/results/NDUFB8/branchsite/vesper_wholeclade/BS_alt	/scratch/project_2004342/everything/paml_clean/FINAL_refseq_ftp_pipeline/11_paml_nuclear_final/ctl/NDUFB8/branchsite/vesper_wholeclade/NDUFB8.vesper_wholeclade.BS_alt.ctl
NDUFS2	branchsite	nilssonii_terminal_BS_null	/scratch/project_2004342/everything/paml_clean/FINAL_refseq_ftp_pipeline/11_paml_nuclear_final/results/NDUFS2/branchsite/nilssonii_terminal/BS_null	/scratch/project_2004342/everything/paml_clean/FINAL_refseq_ftp_pipeline/11_paml_nuclear_final/ctl/NDUFS2/branchsite/nilssonii_terminal/NDUFS2.nilssonii_terminal.BS_null.ctl
NDUFS2	branchsite	nilssonii_terminal_BS_alt	/scratch/project_2004342/everything/paml_clean/FINAL_refseq_ftp_pipeline/11_paml_nuclear_final/results/NDUFS2/branchsite/nilssonii_terminal/BS_alt	/scratch/project_2004342/everything/paml_clean/FINAL_refseq_ftp_pipeline/11_paml_nuclear_final/ctl/NDUFS2/branchsite/nilssonii_terminal/NDUFS2.nilssonii_terminal.BS_alt.ctl
NDUFS2	branchsite	ept_stem_BS_null	/scratch/project_2004342/everything/paml_clean/FINAL_refseq_ftp_pipeline/11_paml_nuclear_final/results/NDUFS2/branchsite/ept_stem/BS_null	/scratch/project_2004342/everything/paml_clean/FINAL_refseq_ftp_pipeline/11_paml_nuclear_final/ctl/NDUFS2/branchsite/ept_stem/NDUFS2.ept_stem.BS_null.ctl
NDUFS2	branchsite	ept_stem_BS_alt	/scratch/project_2004342/everything/paml_clean/FINAL_refseq_ftp_pipeline/11_paml_nuclear_final/results/NDUFS2/branchsite/ept_stem/BS_alt	/scratch/project_2004342/everything/paml_clean/FINAL_refseq_ftp_pipeline/11_paml_nuclear_final/ctl/NDUFS2/branchsite/ept_stem/NDUFS2.ept_stem.BS_alt.ctl
NDUFS2	branchsite	ept_terminals_BS_null	/scratch/project_2004342/everything/paml_clean/FINAL_refseq_ftp_pipeline/11_paml_nuclear_final/results/NDUFS2/branchsite/ept_terminals/BS_null	/scratch/project_2004342/everything/paml_clean/FINAL_refseq_ftp_pipeline/11_paml_nuclear_final/ctl/NDUFS2/branchsite/ept_terminals/NDUFS2.ept_terminals.BS_null.ctl
NDUFS2	branchsite	ept_terminals_BS_alt	/scratch/project_2004342/everything/paml_clean/FINAL_refseq_ftp_pipeline/11_paml_nuclear_final/results/NDUFS2/branchsite/ept_terminals/BS_alt	/scratch/project_2004342/everything/paml_clean/FINAL_refseq_ftp_pipeline/11_paml_nuclear_final/ctl/NDUFS2/branchsite/ept_terminals/NDUFS2.ept_terminals.BS_alt.ctl
NDUFS2	branchsite	myotis_cold_taxa_BS_null	/scratch/project_2004342/everything/paml_clean/FINAL_refseq_ftp_pipeline/11_paml_nuclear_final/results/NDUFS2/branchsite/myotis_cold_taxa/BS_null	/scratch/project_2004342/everything/paml_clean/FINAL_refseq_ftp_pipeline/11_paml_nuclear_final/ctl/NDUFS2/branchsite/myotis_cold_taxa/NDUFS2.myotis_cold_taxa.BS_null.ctl
NDUFS2	branchsite	myotis_cold_taxa_BS_alt	/scratch/project_2004342/everything/paml_clean/FINAL_refseq_ftp_pipeline/11_paml_nuclear_final/results/NDUFS2/branchsite/myotis_cold_taxa/BS_alt	/scratch/project_2004342/everything/paml_clean/FINAL_refseq_ftp_pipeline/11_paml_nuclear_final/ctl/NDUFS2/branchsite/myotis_cold_taxa/NDUFS2.myotis_cold_taxa.BS_alt.ctl
NDUFS2	branchsite	myotis_cold_wholeclade_BS_null	/scratch/project_2004342/everything/paml_clean/FINAL_refseq_ftp_pipeline/11_paml_nuclear_final/results/NDUFS2/branchsite/myotis_cold_wholeclade/BS_null	/scratch/project_2004342/everything/paml_clean/FINAL_refseq_ftp_pipeline/11_paml_nuclear_final/ctl/NDUFS2/branchsite/myotis_cold_wholeclade/NDUFS2.myotis_cold_wholeclade.BS_null.ctl
NDUFS2	branchsite	myotis_cold_wholeclade_BS_alt	/scratch/project_2004342/everything/paml_clean/FINAL_refseq_ftp_pipeline/11_paml_nuclear_final/results/NDUFS2/branchsite/myotis_cold_wholeclade/BS_alt	/scratch/project_2004342/everything/paml_clean/FINAL_refseq_ftp_pipeline/11_paml_nuclear_final/ctl/NDUFS2/branchsite/myotis_cold_wholeclade/NDUFS2.myotis_cold_wholeclade.BS_alt.ctl
NDUFS2	branchsite	coldbats_taxa_BS_null	/scratch/project_2004342/everything/paml_clean/FINAL_refseq_ftp_pipeline/11_paml_nuclear_final/results/NDUFS2/branchsite/coldbats_taxa/BS_null	/scratch/project_2004342/everything/paml_clean/FINAL_refseq_ftp_pipeline/11_paml_nuclear_final/ctl/NDUFS2/branchsite/coldbats_taxa/NDUFS2.coldbats_taxa.BS_null.ctl
NDUFS2	branchsite	coldbats_taxa_BS_alt	/scratch/project_2004342/everything/paml_clean/FINAL_refseq_ftp_pipeline/11_paml_nuclear_final/results/NDUFS2/branchsite/coldbats_taxa/BS_alt	/scratch/project_2004342/everything/paml_clean/FINAL_refseq_ftp_pipeline/11_paml_nuclear_final/ctl/NDUFS2/branchsite/coldbats_taxa/NDUFS2.coldbats_taxa.BS_alt.ctl
NDUFS2	branchsite	vesper_wholeclade_BS_null	/scratch/project_2004342/everything/paml_clean/FINAL_refseq_ftp_pipeline/11_paml_nuclear_final/results/NDUFS2/branchsite/vesper_wholeclade/BS_null	/scratch/project_2004342/everything/paml_clean/FINAL_refseq_ftp_pipeline/11_paml_nuclear_final/ctl/NDUFS2/branchsite/vesper_wholeclade/NDUFS2.vesper_wholeclade.BS_null.ctl
NDUFS2	branchsite	vesper_wholeclade_BS_alt	/scratch/project_2004342/everything/paml_clean/FINAL_refseq_ftp_pipeline/11_paml_nuclear_final/results/NDUFS2/branchsite/vesper_wholeclade/BS_alt	/scratch/project_2004342/everything/paml_clean/FINAL_refseq_ftp_pipeline/11_paml_nuclear_final/ctl/NDUFS2/branchsite/vesper_wholeclade/NDUFS2.vesper_wholeclade.BS_alt.ctl
NDUFV2	branchsite	nilssonii_terminal_BS_null	/scratch/project_2004342/everything/paml_clean/FINAL_refseq_ftp_pipeline/11_paml_nuclear_final/results/NDUFV2/branchsite/nilssonii_terminal/BS_null	/scratch/project_2004342/everything/paml_clean/FINAL_refseq_ftp_pipeline/11_paml_nuclear_final/ctl/NDUFV2/branchsite/nilssonii_terminal/NDUFV2.nilssonii_terminal.BS_null.ctl
NDUFV2	branchsite	nilssonii_terminal_BS_alt	/scratch/project_2004342/everything/paml_clean/FINAL_refseq_ftp_pipeline/11_paml_nuclear_final/results/NDUFV2/branchsite/nilssonii_terminal/BS_alt	/scratch/project_2004342/everything/paml_clean/FINAL_refseq_ftp_pipeline/11_paml_nuclear_final/ctl/NDUFV2/branchsite/nilssonii_terminal/NDUFV2.nilssonii_terminal.BS_alt.ctl
NDUFV2	branchsite	ept_stem_BS_null	/scratch/project_2004342/everything/paml_clean/FINAL_refseq_ftp_pipeline/11_paml_nuclear_final/results/NDUFV2/branchsite/ept_stem/BS_null	/scratch/project_2004342/everything/paml_clean/FINAL_refseq_ftp_pipeline/11_paml_nuclear_final/ctl/NDUFV2/branchsite/ept_stem/NDUFV2.ept_stem.BS_null.ctl
NDUFV2	branchsite	ept_stem_BS_alt	/scratch/project_2004342/everything/paml_clean/FINAL_refseq_ftp_pipeline/11_paml_nuclear_final/results/NDUFV2/branchsite/ept_stem/BS_alt	/scratch/project_2004342/everything/paml_clean/FINAL_refseq_ftp_pipeline/11_paml_nuclear_final/ctl/NDUFV2/branchsite/ept_stem/NDUFV2.ept_stem.BS_alt.ctl
NDUFV2	branchsite	ept_terminals_BS_null	/scratch/project_2004342/everything/paml_clean/FINAL_refseq_ftp_pipeline/11_paml_nuclear_final/results/NDUFV2/branchsite/ept_terminals/BS_null	/scratch/project_2004342/everything/paml_clean/FINAL_refseq_ftp_pipeline/11_paml_nuclear_final/ctl/NDUFV2/branchsite/ept_terminals/NDUFV2.ept_terminals.BS_null.ctl
NDUFV2	branchsite	ept_terminals_BS_alt	/scratch/project_2004342/everything/paml_clean/FINAL_refseq_ftp_pipeline/11_paml_nuclear_final/results/NDUFV2/branchsite/ept_terminals/BS_alt	/scratch/project_2004342/everything/paml_clean/FINAL_refseq_ftp_pipeline/11_paml_nuclear_final/ctl/NDUFV2/branchsite/ept_terminals/NDUFV2.ept_terminals.BS_alt.ctl
NDUFV2	branchsite	myotis_cold_taxa_BS_null	/scratch/project_2004342/everything/paml_clean/FINAL_refseq_ftp_pipeline/11_paml_nuclear_final/results/NDUFV2/branchsite/myotis_cold_taxa/BS_null	/scratch/project_2004342/everything/paml_clean/FINAL_refseq_ftp_pipeline/11_paml_nuclear_final/ctl/NDUFV2/branchsite/myotis_cold_taxa/NDUFV2.myotis_cold_taxa.BS_null.ctl
NDUFV2	branchsite	myotis_cold_taxa_BS_alt	/scratch/project_2004342/everything/paml_clean/FINAL_refseq_ftp_pipeline/11_paml_nuclear_final/results/NDUFV2/branchsite/myotis_cold_taxa/BS_alt	/scratch/project_2004342/everything/paml_clean/FINAL_refseq_ftp_pipeline/11_paml_nuclear_final/ctl/NDUFV2/branchsite/myotis_cold_taxa/NDUFV2.myotis_cold_taxa.BS_alt.ctl
NDUFV2	branchsite	myotis_cold_wholeclade_BS_null	/scratch/project_2004342/everything/paml_clean/FINAL_refseq_ftp_pipeline/11_paml_nuclear_final/results/NDUFV2/branchsite/myotis_cold_wholeclade/BS_null	/scratch/project_2004342/everything/paml_clean/FINAL_refseq_ftp_pipeline/11_paml_nuclear_final/ctl/NDUFV2/branchsite/myotis_cold_wholeclade/NDUFV2.myotis_cold_wholeclade.BS_null.ctl
NDUFV2	branchsite	myotis_cold_wholeclade_BS_alt	/scratch/project_2004342/everything/paml_clean/FINAL_refseq_ftp_pipeline/11_paml_nuclear_final/results/NDUFV2/branchsite/myotis_cold_wholeclade/BS_alt	/scratch/project_2004342/everything/paml_clean/FINAL_refseq_ftp_pipeline/11_paml_nuclear_final/ctl/NDUFV2/branchsite/myotis_cold_wholeclade/NDUFV2.myotis_cold_wholeclade.BS_alt.ctl
NDUFV2	branchsite	coldbats_taxa_BS_null	/scratch/project_2004342/everything/paml_clean/FINAL_refseq_ftp_pipeline/11_paml_nuclear_final/results/NDUFV2/branchsite/coldbats_taxa/BS_null	/scratch/project_2004342/everything/paml_clean/FINAL_refseq_ftp_pipeline/11_paml_nuclear_final/ctl/NDUFV2/branchsite/coldbats_taxa/NDUFV2.coldbats_taxa.BS_null.ctl
NDUFV2	branchsite	coldbats_taxa_BS_alt	/scratch/project_2004342/everything/paml_clean/FINAL_refseq_ftp_pipeline/11_paml_nuclear_final/results/NDUFV2/branchsite/coldbats_taxa/BS_alt	/scratch/project_2004342/everything/paml_clean/FINAL_refseq_ftp_pipeline/11_paml_nuclear_final/ctl/NDUFV2/branchsite/coldbats_taxa/NDUFV2.coldbats_taxa.BS_alt.ctl
NDUFV2	branchsite	vesper_wholeclade_BS_null	/scratch/project_2004342/everything/paml_clean/FINAL_refseq_ftp_pipeline/11_paml_nuclear_final/results/NDUFV2/branchsite/vesper_wholeclade/BS_null	/scratch/project_2004342/everything/paml_clean/FINAL_refseq_ftp_pipeline/11_paml_nuclear_final/ctl/NDUFV2/branchsite/vesper_wholeclade/NDUFV2.vesper_wholeclade.BS_null.ctl
NDUFV2	branchsite	vesper_wholeclade_BS_alt	/scratch/project_2004342/everything/paml_clean/FINAL_refseq_ftp_pipeline/11_paml_nuclear_final/results/NDUFV2/branchsite/vesper_wholeclade/BS_alt	/scratch/project_2004342/everything/paml_clean/FINAL_refseq_ftp_pipeline/11_paml_nuclear_final/ctl/NDUFV2/branchsite/vesper_wholeclade/NDUFV2.vesper_wholeclade.BS_alt.ctl
PLIN1	branchsite	nilssonii_terminal_BS_null	/scratch/project_2004342/everything/paml_clean/FINAL_refseq_ftp_pipeline/11_paml_nuclear_final/results/PLIN1/branchsite/nilssonii_terminal/BS_null	/scratch/project_2004342/everything/paml_clean/FINAL_refseq_ftp_pipeline/11_paml_nuclear_final/ctl/PLIN1/branchsite/nilssonii_terminal/PLIN1.nilssonii_terminal.BS_null.ctl
PLIN1	branchsite	nilssonii_terminal_BS_alt	/scratch/project_2004342/everything/paml_clean/FINAL_refseq_ftp_pipeline/11_paml_nuclear_final/results/PLIN1/branchsite/nilssonii_terminal/BS_alt	/scratch/project_2004342/everything/paml_clean/FINAL_refseq_ftp_pipeline/11_paml_nuclear_final/ctl/PLIN1/branchsite/nilssonii_terminal/PLIN1.nilssonii_terminal.BS_alt.ctl
PLIN1	branchsite	ept_stem_BS_null	/scratch/project_2004342/everything/paml_clean/FINAL_refseq_ftp_pipeline/11_paml_nuclear_final/results/PLIN1/branchsite/ept_stem/BS_null	/scratch/project_2004342/everything/paml_clean/FINAL_refseq_ftp_pipeline/11_paml_nuclear_final/ctl/PLIN1/branchsite/ept_stem/PLIN1.ept_stem.BS_null.ctl
PLIN1	branchsite	ept_stem_BS_alt	/scratch/project_2004342/everything/paml_clean/FINAL_refseq_ftp_pipeline/11_paml_nuclear_final/results/PLIN1/branchsite/ept_stem/BS_alt	/scratch/project_2004342/everything/paml_clean/FINAL_refseq_ftp_pipeline/11_paml_nuclear_final/ctl/PLIN1/branchsite/ept_stem/PLIN1.ept_stem.BS_alt.ctl
PLIN1	branchsite	ept_terminals_BS_null	/scratch/project_2004342/everything/paml_clean/FINAL_refseq_ftp_pipeline/11_paml_nuclear_final/results/PLIN1/branchsite/ept_terminals/BS_null	/scratch/project_2004342/everything/paml_clean/FINAL_refseq_ftp_pipeline/11_paml_nuclear_final/ctl/PLIN1/branchsite/ept_terminals/PLIN1.ept_terminals.BS_null.ctl
PLIN1	branchsite	ept_terminals_BS_alt	/scratch/project_2004342/everything/paml_clean/FINAL_refseq_ftp_pipeline/11_paml_nuclear_final/results/PLIN1/branchsite/ept_terminals/BS_alt	/scratch/project_2004342/everything/paml_clean/FINAL_refseq_ftp_pipeline/11_paml_nuclear_final/ctl/PLIN1/branchsite/ept_terminals/PLIN1.ept_terminals.BS_alt.ctl
PLIN1	branchsite	myotis_cold_taxa_BS_null	/scratch/project_2004342/everything/paml_clean/FINAL_refseq_ftp_pipeline/11_paml_nuclear_final/results/PLIN1/branchsite/myotis_cold_taxa/BS_null	/scratch/project_2004342/everything/paml_clean/FINAL_refseq_ftp_pipeline/11_paml_nuclear_final/ctl/PLIN1/branchsite/myotis_cold_taxa/PLIN1.myotis_cold_taxa.BS_null.ctl
PLIN1	branchsite	myotis_cold_taxa_BS_alt	/scratch/project_2004342/everything/paml_clean/FINAL_refseq_ftp_pipeline/11_paml_nuclear_final/results/PLIN1/branchsite/myotis_cold_taxa/BS_alt	/scratch/project_2004342/everything/paml_clean/FINAL_refseq_ftp_pipeline/11_paml_nuclear_final/ctl/PLIN1/branchsite/myotis_cold_taxa/PLIN1.myotis_cold_taxa.BS_alt.ctl
PLIN1	branchsite	coldbats_taxa_BS_null	/scratch/project_2004342/everything/paml_clean/FINAL_refseq_ftp_pipeline/11_paml_nuclear_final/results/PLIN1/branchsite/coldbats_taxa/BS_null	/scratch/project_2004342/everything/paml_clean/FINAL_refseq_ftp_pipeline/11_paml_nuclear_final/ctl/PLIN1/branchsite/coldbats_taxa/PLIN1.coldbats_taxa.BS_null.ctl
PLIN1	branchsite	coldbats_taxa_BS_alt	/scratch/project_2004342/everything/paml_clean/FINAL_refseq_ftp_pipeline/11_paml_nuclear_final/results/PLIN1/branchsite/coldbats_taxa/BS_alt	/scratch/project_2004342/everything/paml_clean/FINAL_refseq_ftp_pipeline/11_paml_nuclear_final/ctl/PLIN1/branchsite/coldbats_taxa/PLIN1.coldbats_taxa.BS_alt.ctl
PPARG	branchsite	nilssonii_terminal_BS_null	/scratch/project_2004342/everything/paml_clean/FINAL_refseq_ftp_pipeline/11_paml_nuclear_final/results/PPARG/branchsite/nilssonii_terminal/BS_null	/scratch/project_2004342/everything/paml_clean/FINAL_refseq_ftp_pipeline/11_paml_nuclear_final/ctl/PPARG/branchsite/nilssonii_terminal/PPARG.nilssonii_terminal.BS_null.ctl
PPARG	branchsite	nilssonii_terminal_BS_alt	/scratch/project_2004342/everything/paml_clean/FINAL_refseq_ftp_pipeline/11_paml_nuclear_final/results/PPARG/branchsite/nilssonii_terminal/BS_alt	/scratch/project_2004342/everything/paml_clean/FINAL_refseq_ftp_pipeline/11_paml_nuclear_final/ctl/PPARG/branchsite/nilssonii_terminal/PPARG.nilssonii_terminal.BS_alt.ctl
PPARG	branchsite	ept_stem_BS_null	/scratch/project_2004342/everything/paml_clean/FINAL_refseq_ftp_pipeline/11_paml_nuclear_final/results/PPARG/branchsite/ept_stem/BS_null	/scratch/project_2004342/everything/paml_clean/FINAL_refseq_ftp_pipeline/11_paml_nuclear_final/ctl/PPARG/branchsite/ept_stem/PPARG.ept_stem.BS_null.ctl
PPARG	branchsite	ept_stem_BS_alt	/scratch/project_2004342/everything/paml_clean/FINAL_refseq_ftp_pipeline/11_paml_nuclear_final/results/PPARG/branchsite/ept_stem/BS_alt	/scratch/project_2004342/everything/paml_clean/FINAL_refseq_ftp_pipeline/11_paml_nuclear_final/ctl/PPARG/branchsite/ept_stem/PPARG.ept_stem.BS_alt.ctl
PPARG	branchsite	ept_terminals_BS_null	/scratch/project_2004342/everything/paml_clean/FINAL_refseq_ftp_pipeline/11_paml_nuclear_final/results/PPARG/branchsite/ept_terminals/BS_null	/scratch/project_2004342/everything/paml_clean/FINAL_refseq_ftp_pipeline/11_paml_nuclear_final/ctl/PPARG/branchsite/ept_terminals/PPARG.ept_terminals.BS_null.ctl
PPARG	branchsite	ept_terminals_BS_alt	/scratch/project_2004342/everything/paml_clean/FINAL_refseq_ftp_pipeline/11_paml_nuclear_final/results/PPARG/branchsite/ept_terminals/BS_alt	/scratch/project_2004342/everything/paml_clean/FINAL_refseq_ftp_pipeline/11_paml_nuclear_final/ctl/PPARG/branchsite/ept_terminals/PPARG.ept_terminals.BS_alt.ctl
PPARG	branchsite	myotis_cold_taxa_BS_null	/scratch/project_2004342/everything/paml_clean/FINAL_refseq_ftp_pipeline/11_paml_nuclear_final/results/PPARG/branchsite/myotis_cold_taxa/BS_null	/scratch/project_2004342/everything/paml_clean/FINAL_refseq_ftp_pipeline/11_paml_nuclear_final/ctl/PPARG/branchsite/myotis_cold_taxa/PPARG.myotis_cold_taxa.BS_null.ctl
PPARG	branchsite	myotis_cold_taxa_BS_alt	/scratch/project_2004342/everything/paml_clean/FINAL_refseq_ftp_pipeline/11_paml_nuclear_final/results/PPARG/branchsite/myotis_cold_taxa/BS_alt	/scratch/project_2004342/everything/paml_clean/FINAL_refseq_ftp_pipeline/11_paml_nuclear_final/ctl/PPARG/branchsite/myotis_cold_taxa/PPARG.myotis_cold_taxa.BS_alt.ctl
PPARG	branchsite	myotis_cold_wholeclade_BS_null	/scratch/project_2004342/everything/paml_clean/FINAL_refseq_ftp_pipeline/11_paml_nuclear_final/results/PPARG/branchsite/myotis_cold_wholeclade/BS_null	/scratch/project_2004342/everything/paml_clean/FINAL_refseq_ftp_pipeline/11_paml_nuclear_final/ctl/PPARG/branchsite/myotis_cold_wholeclade/PPARG.myotis_cold_wholeclade.BS_null.ctl
PPARG	branchsite	myotis_cold_wholeclade_BS_alt	/scratch/project_2004342/everything/paml_clean/FINAL_refseq_ftp_pipeline/11_paml_nuclear_final/results/PPARG/branchsite/myotis_cold_wholeclade/BS_alt	/scratch/project_2004342/everything/paml_clean/FINAL_refseq_ftp_pipeline/11_paml_nuclear_final/ctl/PPARG/branchsite/myotis_cold_wholeclade/PPARG.myotis_cold_wholeclade.BS_alt.ctl
PPARG	branchsite	coldbats_taxa_BS_null	/scratch/project_2004342/everything/paml_clean/FINAL_refseq_ftp_pipeline/11_paml_nuclear_final/results/PPARG/branchsite/coldbats_taxa/BS_null	/scratch/project_2004342/everything/paml_clean/FINAL_refseq_ftp_pipeline/11_paml_nuclear_final/ctl/PPARG/branchsite/coldbats_taxa/PPARG.coldbats_taxa.BS_null.ctl
PPARG	branchsite	coldbats_taxa_BS_alt	/scratch/project_2004342/everything/paml_clean/FINAL_refseq_ftp_pipeline/11_paml_nuclear_final/results/PPARG/branchsite/coldbats_taxa/BS_alt	/scratch/project_2004342/everything/paml_clean/FINAL_refseq_ftp_pipeline/11_paml_nuclear_final/ctl/PPARG/branchsite/coldbats_taxa/PPARG.coldbats_taxa.BS_alt.ctl
PPARG	branchsite	vesper_wholeclade_BS_null	/scratch/project_2004342/everything/paml_clean/FINAL_refseq_ftp_pipeline/11_paml_nuclear_final/results/PPARG/branchsite/vesper_wholeclade/BS_null	/scratch/project_2004342/everything/paml_clean/FINAL_refseq_ftp_pipeline/11_paml_nuclear_final/ctl/PPARG/branchsite/vesper_wholeclade/PPARG.vesper_wholeclade.BS_null.ctl
PPARG	branchsite	vesper_wholeclade_BS_alt	/scratch/project_2004342/everything/paml_clean/FINAL_refseq_ftp_pipeline/11_paml_nuclear_final/results/PPARG/branchsite/vesper_wholeclade/BS_alt	/scratch/project_2004342/everything/paml_clean/FINAL_refseq_ftp_pipeline/11_paml_nuclear_final/ctl/PPARG/branchsite/vesper_wholeclade/PPARG.vesper_wholeclade.BS_alt.ctl
PPARGC1A	branchsite	nilssonii_terminal_BS_null	/scratch/project_2004342/everything/paml_clean/FINAL_refseq_ftp_pipeline/11_paml_nuclear_final/results/PPARGC1A/branchsite/nilssonii_terminal/BS_null	/scratch/project_2004342/everything/paml_clean/FINAL_refseq_ftp_pipeline/11_paml_nuclear_final/ctl/PPARGC1A/branchsite/nilssonii_terminal/PPARGC1A.nilssonii_terminal.BS_null.ctl
PPARGC1A	branchsite	nilssonii_terminal_BS_alt	/scratch/project_2004342/everything/paml_clean/FINAL_refseq_ftp_pipeline/11_paml_nuclear_final/results/PPARGC1A/branchsite/nilssonii_terminal/BS_alt	/scratch/project_2004342/everything/paml_clean/FINAL_refseq_ftp_pipeline/11_paml_nuclear_final/ctl/PPARGC1A/branchsite/nilssonii_terminal/PPARGC1A.nilssonii_terminal.BS_alt.ctl
PPARGC1A	branchsite	ept_stem_BS_null	/scratch/project_2004342/everything/paml_clean/FINAL_refseq_ftp_pipeline/11_paml_nuclear_final/results/PPARGC1A/branchsite/ept_stem/BS_null	/scratch/project_2004342/everything/paml_clean/FINAL_refseq_ftp_pipeline/11_paml_nuclear_final/ctl/PPARGC1A/branchsite/ept_stem/PPARGC1A.ept_stem.BS_null.ctl
PPARGC1A	branchsite	ept_stem_BS_alt	/scratch/project_2004342/everything/paml_clean/FINAL_refseq_ftp_pipeline/11_paml_nuclear_final/results/PPARGC1A/branchsite/ept_stem/BS_alt	/scratch/project_2004342/everything/paml_clean/FINAL_refseq_ftp_pipeline/11_paml_nuclear_final/ctl/PPARGC1A/branchsite/ept_stem/PPARGC1A.ept_stem.BS_alt.ctl
PPARGC1A	branchsite	ept_terminals_BS_null	/scratch/project_2004342/everything/paml_clean/FINAL_refseq_ftp_pipeline/11_paml_nuclear_final/results/PPARGC1A/branchsite/ept_terminals/BS_null	/scratch/project_2004342/everything/paml_clean/FINAL_refseq_ftp_pipeline/11_paml_nuclear_final/ctl/PPARGC1A/branchsite/ept_terminals/PPARGC1A.ept_terminals.BS_null.ctl
PPARGC1A	branchsite	ept_terminals_BS_alt	/scratch/project_2004342/everything/paml_clean/FINAL_refseq_ftp_pipeline/11_paml_nuclear_final/results/PPARGC1A/branchsite/ept_terminals/BS_alt	/scratch/project_2004342/everything/paml_clean/FINAL_refseq_ftp_pipeline/11_paml_nuclear_final/ctl/PPARGC1A/branchsite/ept_terminals/PPARGC1A.ept_terminals.BS_alt.ctl
PPARGC1A	branchsite	myotis_cold_taxa_BS_null	/scratch/project_2004342/everything/paml_clean/FINAL_refseq_ftp_pipeline/11_paml_nuclear_final/results/PPARGC1A/branchsite/myotis_cold_taxa/BS_null	/scratch/project_2004342/everything/paml_clean/FINAL_refseq_ftp_pipeline/11_paml_nuclear_final/ctl/PPARGC1A/branchsite/myotis_cold_taxa/PPARGC1A.myotis_cold_taxa.BS_null.ctl
PPARGC1A	branchsite	myotis_cold_taxa_BS_alt	/scratch/project_2004342/everything/paml_clean/FINAL_refseq_ftp_pipeline/11_paml_nuclear_final/results/PPARGC1A/branchsite/myotis_cold_taxa/BS_alt	/scratch/project_2004342/everything/paml_clean/FINAL_refseq_ftp_pipeline/11_paml_nuclear_final/ctl/PPARGC1A/branchsite/myotis_cold_taxa/PPARGC1A.myotis_cold_taxa.BS_alt.ctl
PPARGC1A	branchsite	myotis_cold_wholeclade_BS_null	/scratch/project_2004342/everything/paml_clean/FINAL_refseq_ftp_pipeline/11_paml_nuclear_final/results/PPARGC1A/branchsite/myotis_cold_wholeclade/BS_null	/scratch/project_2004342/everything/paml_clean/FINAL_refseq_ftp_pipeline/11_paml_nuclear_final/ctl/PPARGC1A/branchsite/myotis_cold_wholeclade/PPARGC1A.myotis_cold_wholeclade.BS_null.ctl
PPARGC1A	branchsite	myotis_cold_wholeclade_BS_alt	/scratch/project_2004342/everything/paml_clean/FINAL_refseq_ftp_pipeline/11_paml_nuclear_final/results/PPARGC1A/branchsite/myotis_cold_wholeclade/BS_alt	/scratch/project_2004342/everything/paml_clean/FINAL_refseq_ftp_pipeline/11_paml_nuclear_final/ctl/PPARGC1A/branchsite/myotis_cold_wholeclade/PPARGC1A.myotis_cold_wholeclade.BS_alt.ctl
PPARGC1A	branchsite	coldbats_taxa_BS_null	/scratch/project_2004342/everything/paml_clean/FINAL_refseq_ftp_pipeline/11_paml_nuclear_final/results/PPARGC1A/branchsite/coldbats_taxa/BS_null	/scratch/project_2004342/everything/paml_clean/FINAL_refseq_ftp_pipeline/11_paml_nuclear_final/ctl/PPARGC1A/branchsite/coldbats_taxa/PPARGC1A.coldbats_taxa.BS_null.ctl
PPARGC1A	branchsite	coldbats_taxa_BS_alt	/scratch/project_2004342/everything/paml_clean/FINAL_refseq_ftp_pipeline/11_paml_nuclear_final/results/PPARGC1A/branchsite/coldbats_taxa/BS_alt	/scratch/project_2004342/everything/paml_clean/FINAL_refseq_ftp_pipeline/11_paml_nuclear_final/ctl/PPARGC1A/branchsite/coldbats_taxa/PPARGC1A.coldbats_taxa.BS_alt.ctl
PPARGC1A	branchsite	vesper_wholeclade_BS_null	/scratch/project_2004342/everything/paml_clean/FINAL_refseq_ftp_pipeline/11_paml_nuclear_final/results/PPARGC1A/branchsite/vesper_wholeclade/BS_null	/scratch/project_2004342/everything/paml_clean/FINAL_refseq_ftp_pipeline/11_paml_nuclear_final/ctl/PPARGC1A/branchsite/vesper_wholeclade/PPARGC1A.vesper_wholeclade.BS_null.ctl
PPARGC1A	branchsite	vesper_wholeclade_BS_alt	/scratch/project_2004342/everything/paml_clean/FINAL_refseq_ftp_pipeline/11_paml_nuclear_final/results/PPARGC1A/branchsite/vesper_wholeclade/BS_alt	/scratch/project_2004342/everything/paml_clean/FINAL_refseq_ftp_pipeline/11_paml_nuclear_final/ctl/PPARGC1A/branchsite/vesper_wholeclade/PPARGC1A.vesper_wholeclade.BS_alt.ctl
PRDM16	branchsite	nilssonii_terminal_BS_null	/scratch/project_2004342/everything/paml_clean/FINAL_refseq_ftp_pipeline/11_paml_nuclear_final/results/PRDM16/branchsite/nilssonii_terminal/BS_null	/scratch/project_2004342/everything/paml_clean/FINAL_refseq_ftp_pipeline/11_paml_nuclear_final/ctl/PRDM16/branchsite/nilssonii_terminal/PRDM16.nilssonii_terminal.BS_null.ctl
PRDM16	branchsite	nilssonii_terminal_BS_alt	/scratch/project_2004342/everything/paml_clean/FINAL_refseq_ftp_pipeline/11_paml_nuclear_final/results/PRDM16/branchsite/nilssonii_terminal/BS_alt	/scratch/project_2004342/everything/paml_clean/FINAL_refseq_ftp_pipeline/11_paml_nuclear_final/ctl/PRDM16/branchsite/nilssonii_terminal/PRDM16.nilssonii_terminal.BS_alt.ctl
PRDM16	branchsite	ept_stem_BS_null	/scratch/project_2004342/everything/paml_clean/FINAL_refseq_ftp_pipeline/11_paml_nuclear_final/results/PRDM16/branchsite/ept_stem/BS_null	/scratch/project_2004342/everything/paml_clean/FINAL_refseq_ftp_pipeline/11_paml_nuclear_final/ctl/PRDM16/branchsite/ept_stem/PRDM16.ept_stem.BS_null.ctl
PRDM16	branchsite	ept_stem_BS_alt	/scratch/project_2004342/everything/paml_clean/FINAL_refseq_ftp_pipeline/11_paml_nuclear_final/results/PRDM16/branchsite/ept_stem/BS_alt	/scratch/project_2004342/everything/paml_clean/FINAL_refseq_ftp_pipeline/11_paml_nuclear_final/ctl/PRDM16/branchsite/ept_stem/PRDM16.ept_stem.BS_alt.ctl
PRDM16	branchsite	ept_terminals_BS_null	/scratch/project_2004342/everything/paml_clean/FINAL_refseq_ftp_pipeline/11_paml_nuclear_final/results/PRDM16/branchsite/ept_terminals/BS_null	/scratch/project_2004342/everything/paml_clean/FINAL_refseq_ftp_pipeline/11_paml_nuclear_final/ctl/PRDM16/branchsite/ept_terminals/PRDM16.ept_terminals.BS_null.ctl
PRDM16	branchsite	ept_terminals_BS_alt	/scratch/project_2004342/everything/paml_clean/FINAL_refseq_ftp_pipeline/11_paml_nuclear_final/results/PRDM16/branchsite/ept_terminals/BS_alt	/scratch/project_2004342/everything/paml_clean/FINAL_refseq_ftp_pipeline/11_paml_nuclear_final/ctl/PRDM16/branchsite/ept_terminals/PRDM16.ept_terminals.BS_alt.ctl
PRDM16	branchsite	myotis_cold_taxa_BS_null	/scratch/project_2004342/everything/paml_clean/FINAL_refseq_ftp_pipeline/11_paml_nuclear_final/results/PRDM16/branchsite/myotis_cold_taxa/BS_null	/scratch/project_2004342/everything/paml_clean/FINAL_refseq_ftp_pipeline/11_paml_nuclear_final/ctl/PRDM16/branchsite/myotis_cold_taxa/PRDM16.myotis_cold_taxa.BS_null.ctl
PRDM16	branchsite	myotis_cold_taxa_BS_alt	/scratch/project_2004342/everything/paml_clean/FINAL_refseq_ftp_pipeline/11_paml_nuclear_final/results/PRDM16/branchsite/myotis_cold_taxa/BS_alt	/scratch/project_2004342/everything/paml_clean/FINAL_refseq_ftp_pipeline/11_paml_nuclear_final/ctl/PRDM16/branchsite/myotis_cold_taxa/PRDM16.myotis_cold_taxa.BS_alt.ctl
PRDM16	branchsite	coldbats_taxa_BS_null	/scratch/project_2004342/everything/paml_clean/FINAL_refseq_ftp_pipeline/11_paml_nuclear_final/results/PRDM16/branchsite/coldbats_taxa/BS_null	/scratch/project_2004342/everything/paml_clean/FINAL_refseq_ftp_pipeline/11_paml_nuclear_final/ctl/PRDM16/branchsite/coldbats_taxa/PRDM16.coldbats_taxa.BS_null.ctl
PRDM16	branchsite	coldbats_taxa_BS_alt	/scratch/project_2004342/everything/paml_clean/FINAL_refseq_ftp_pipeline/11_paml_nuclear_final/results/PRDM16/branchsite/coldbats_taxa/BS_alt	/scratch/project_2004342/everything/paml_clean/FINAL_refseq_ftp_pipeline/11_paml_nuclear_final/ctl/PRDM16/branchsite/coldbats_taxa/PRDM16.coldbats_taxa.BS_alt.ctl
PRKAA1	branchsite	nilssonii_terminal_BS_null	/scratch/project_2004342/everything/paml_clean/FINAL_refseq_ftp_pipeline/11_paml_nuclear_final/results/PRKAA1/branchsite/nilssonii_terminal/BS_null	/scratch/project_2004342/everything/paml_clean/FINAL_refseq_ftp_pipeline/11_paml_nuclear_final/ctl/PRKAA1/branchsite/nilssonii_terminal/PRKAA1.nilssonii_terminal.BS_null.ctl
PRKAA1	branchsite	nilssonii_terminal_BS_alt	/scratch/project_2004342/everything/paml_clean/FINAL_refseq_ftp_pipeline/11_paml_nuclear_final/results/PRKAA1/branchsite/nilssonii_terminal/BS_alt	/scratch/project_2004342/everything/paml_clean/FINAL_refseq_ftp_pipeline/11_paml_nuclear_final/ctl/PRKAA1/branchsite/nilssonii_terminal/PRKAA1.nilssonii_terminal.BS_alt.ctl
PRKAA1	branchsite	ept_stem_BS_null	/scratch/project_2004342/everything/paml_clean/FINAL_refseq_ftp_pipeline/11_paml_nuclear_final/results/PRKAA1/branchsite/ept_stem/BS_null	/scratch/project_2004342/everything/paml_clean/FINAL_refseq_ftp_pipeline/11_paml_nuclear_final/ctl/PRKAA1/branchsite/ept_stem/PRKAA1.ept_stem.BS_null.ctl
PRKAA1	branchsite	ept_stem_BS_alt	/scratch/project_2004342/everything/paml_clean/FINAL_refseq_ftp_pipeline/11_paml_nuclear_final/results/PRKAA1/branchsite/ept_stem/BS_alt	/scratch/project_2004342/everything/paml_clean/FINAL_refseq_ftp_pipeline/11_paml_nuclear_final/ctl/PRKAA1/branchsite/ept_stem/PRKAA1.ept_stem.BS_alt.ctl
PRKAA1	branchsite	ept_terminals_BS_null	/scratch/project_2004342/everything/paml_clean/FINAL_refseq_ftp_pipeline/11_paml_nuclear_final/results/PRKAA1/branchsite/ept_terminals/BS_null	/scratch/project_2004342/everything/paml_clean/FINAL_refseq_ftp_pipeline/11_paml_nuclear_final/ctl/PRKAA1/branchsite/ept_terminals/PRKAA1.ept_terminals.BS_null.ctl
PRKAA1	branchsite	ept_terminals_BS_alt	/scratch/project_2004342/everything/paml_clean/FINAL_refseq_ftp_pipeline/11_paml_nuclear_final/results/PRKAA1/branchsite/ept_terminals/BS_alt	/scratch/project_2004342/everything/paml_clean/FINAL_refseq_ftp_pipeline/11_paml_nuclear_final/ctl/PRKAA1/branchsite/ept_terminals/PRKAA1.ept_terminals.BS_alt.ctl
PRKAA1	branchsite	myotis_cold_taxa_BS_null	/scratch/project_2004342/everything/paml_clean/FINAL_refseq_ftp_pipeline/11_paml_nuclear_final/results/PRKAA1/branchsite/myotis_cold_taxa/BS_null	/scratch/project_2004342/everything/paml_clean/FINAL_refseq_ftp_pipeline/11_paml_nuclear_final/ctl/PRKAA1/branchsite/myotis_cold_taxa/PRKAA1.myotis_cold_taxa.BS_null.ctl
PRKAA1	branchsite	myotis_cold_taxa_BS_alt	/scratch/project_2004342/everything/paml_clean/FINAL_refseq_ftp_pipeline/11_paml_nuclear_final/results/PRKAA1/branchsite/myotis_cold_taxa/BS_alt	/scratch/project_2004342/everything/paml_clean/FINAL_refseq_ftp_pipeline/11_paml_nuclear_final/ctl/PRKAA1/branchsite/myotis_cold_taxa/PRKAA1.myotis_cold_taxa.BS_alt.ctl
PRKAA1	branchsite	myotis_cold_wholeclade_BS_null	/scratch/project_2004342/everything/paml_clean/FINAL_refseq_ftp_pipeline/11_paml_nuclear_final/results/PRKAA1/branchsite/myotis_cold_wholeclade/BS_null	/scratch/project_2004342/everything/paml_clean/FINAL_refseq_ftp_pipeline/11_paml_nuclear_final/ctl/PRKAA1/branchsite/myotis_cold_wholeclade/PRKAA1.myotis_cold_wholeclade.BS_null.ctl
PRKAA1	branchsite	myotis_cold_wholeclade_BS_alt	/scratch/project_2004342/everything/paml_clean/FINAL_refseq_ftp_pipeline/11_paml_nuclear_final/results/PRKAA1/branchsite/myotis_cold_wholeclade/BS_alt	/scratch/project_2004342/everything/paml_clean/FINAL_refseq_ftp_pipeline/11_paml_nuclear_final/ctl/PRKAA1/branchsite/myotis_cold_wholeclade/PRKAA1.myotis_cold_wholeclade.BS_alt.ctl
PRKAA1	branchsite	coldbats_taxa_BS_null	/scratch/project_2004342/everything/paml_clean/FINAL_refseq_ftp_pipeline/11_paml_nuclear_final/results/PRKAA1/branchsite/coldbats_taxa/BS_null	/scratch/project_2004342/everything/paml_clean/FINAL_refseq_ftp_pipeline/11_paml_nuclear_final/ctl/PRKAA1/branchsite/coldbats_taxa/PRKAA1.coldbats_taxa.BS_null.ctl
PRKAA1	branchsite	coldbats_taxa_BS_alt	/scratch/project_2004342/everything/paml_clean/FINAL_refseq_ftp_pipeline/11_paml_nuclear_final/results/PRKAA1/branchsite/coldbats_taxa/BS_alt	/scratch/project_2004342/everything/paml_clean/FINAL_refseq_ftp_pipeline/11_paml_nuclear_final/ctl/PRKAA1/branchsite/coldbats_taxa/PRKAA1.coldbats_taxa.BS_alt.ctl
PRKAA1	branchsite	vesper_wholeclade_BS_null	/scratch/project_2004342/everything/paml_clean/FINAL_refseq_ftp_pipeline/11_paml_nuclear_final/results/PRKAA1/branchsite/vesper_wholeclade/BS_null	/scratch/project_2004342/everything/paml_clean/FINAL_refseq_ftp_pipeline/11_paml_nuclear_final/ctl/PRKAA1/branchsite/vesper_wholeclade/PRKAA1.vesper_wholeclade.BS_null.ctl
PRKAA1	branchsite	vesper_wholeclade_BS_alt	/scratch/project_2004342/everything/paml_clean/FINAL_refseq_ftp_pipeline/11_paml_nuclear_final/results/PRKAA1/branchsite/vesper_wholeclade/BS_alt	/scratch/project_2004342/everything/paml_clean/FINAL_refseq_ftp_pipeline/11_paml_nuclear_final/ctl/PRKAA1/branchsite/vesper_wholeclade/PRKAA1.vesper_wholeclade.BS_alt.ctl
SDHA1	branchsite	nilssonii_terminal_BS_null	/scratch/project_2004342/everything/paml_clean/FINAL_refseq_ftp_pipeline/11_paml_nuclear_final/results/SDHA1/branchsite/nilssonii_terminal/BS_null	/scratch/project_2004342/everything/paml_clean/FINAL_refseq_ftp_pipeline/11_paml_nuclear_final/ctl/SDHA1/branchsite/nilssonii_terminal/SDHA1.nilssonii_terminal.BS_null.ctl
SDHA1	branchsite	nilssonii_terminal_BS_alt	/scratch/project_2004342/everything/paml_clean/FINAL_refseq_ftp_pipeline/11_paml_nuclear_final/results/SDHA1/branchsite/nilssonii_terminal/BS_alt	/scratch/project_2004342/everything/paml_clean/FINAL_refseq_ftp_pipeline/11_paml_nuclear_final/ctl/SDHA1/branchsite/nilssonii_terminal/SDHA1.nilssonii_terminal.BS_alt.ctl
SDHA1	branchsite	ept_stem_BS_null	/scratch/project_2004342/everything/paml_clean/FINAL_refseq_ftp_pipeline/11_paml_nuclear_final/results/SDHA1/branchsite/ept_stem/BS_null	/scratch/project_2004342/everything/paml_clean/FINAL_refseq_ftp_pipeline/11_paml_nuclear_final/ctl/SDHA1/branchsite/ept_stem/SDHA1.ept_stem.BS_null.ctl
SDHA1	branchsite	ept_stem_BS_alt	/scratch/project_2004342/everything/paml_clean/FINAL_refseq_ftp_pipeline/11_paml_nuclear_final/results/SDHA1/branchsite/ept_stem/BS_alt	/scratch/project_2004342/everything/paml_clean/FINAL_refseq_ftp_pipeline/11_paml_nuclear_final/ctl/SDHA1/branchsite/ept_stem/SDHA1.ept_stem.BS_alt.ctl
SDHA1	branchsite	ept_terminals_BS_null	/scratch/project_2004342/everything/paml_clean/FINAL_refseq_ftp_pipeline/11_paml_nuclear_final/results/SDHA1/branchsite/ept_terminals/BS_null	/scratch/project_2004342/everything/paml_clean/FINAL_refseq_ftp_pipeline/11_paml_nuclear_final/ctl/SDHA1/branchsite/ept_terminals/SDHA1.ept_terminals.BS_null.ctl
SDHA1	branchsite	ept_terminals_BS_alt	/scratch/project_2004342/everything/paml_clean/FINAL_refseq_ftp_pipeline/11_paml_nuclear_final/results/SDHA1/branchsite/ept_terminals/BS_alt	/scratch/project_2004342/everything/paml_clean/FINAL_refseq_ftp_pipeline/11_paml_nuclear_final/ctl/SDHA1/branchsite/ept_terminals/SDHA1.ept_terminals.BS_alt.ctl
SDHA1	branchsite	myotis_cold_taxa_BS_null	/scratch/project_2004342/everything/paml_clean/FINAL_refseq_ftp_pipeline/11_paml_nuclear_final/results/SDHA1/branchsite/myotis_cold_taxa/BS_null	/scratch/project_2004342/everything/paml_clean/FINAL_refseq_ftp_pipeline/11_paml_nuclear_final/ctl/SDHA1/branchsite/myotis_cold_taxa/SDHA1.myotis_cold_taxa.BS_null.ctl
SDHA1	branchsite	myotis_cold_taxa_BS_alt	/scratch/project_2004342/everything/paml_clean/FINAL_refseq_ftp_pipeline/11_paml_nuclear_final/results/SDHA1/branchsite/myotis_cold_taxa/BS_alt	/scratch/project_2004342/everything/paml_clean/FINAL_refseq_ftp_pipeline/11_paml_nuclear_final/ctl/SDHA1/branchsite/myotis_cold_taxa/SDHA1.myotis_cold_taxa.BS_alt.ctl
SDHA1	branchsite	myotis_cold_wholeclade_BS_null	/scratch/project_2004342/everything/paml_clean/FINAL_refseq_ftp_pipeline/11_paml_nuclear_final/results/SDHA1/branchsite/myotis_cold_wholeclade/BS_null	/scratch/project_2004342/everything/paml_clean/FINAL_refseq_ftp_pipeline/11_paml_nuclear_final/ctl/SDHA1/branchsite/myotis_cold_wholeclade/SDHA1.myotis_cold_wholeclade.BS_null.ctl
SDHA1	branchsite	myotis_cold_wholeclade_BS_alt	/scratch/project_2004342/everything/paml_clean/FINAL_refseq_ftp_pipeline/11_paml_nuclear_final/results/SDHA1/branchsite/myotis_cold_wholeclade/BS_alt	/scratch/project_2004342/everything/paml_clean/FINAL_refseq_ftp_pipeline/11_paml_nuclear_final/ctl/SDHA1/branchsite/myotis_cold_wholeclade/SDHA1.myotis_cold_wholeclade.BS_alt.ctl
SDHA1	branchsite	coldbats_taxa_BS_null	/scratch/project_2004342/everything/paml_clean/FINAL_refseq_ftp_pipeline/11_paml_nuclear_final/results/SDHA1/branchsite/coldbats_taxa/BS_null	/scratch/project_2004342/everything/paml_clean/FINAL_refseq_ftp_pipeline/11_paml_nuclear_final/ctl/SDHA1/branchsite/coldbats_taxa/SDHA1.coldbats_taxa.BS_null.ctl
SDHA1	branchsite	coldbats_taxa_BS_alt	/scratch/project_2004342/everything/paml_clean/FINAL_refseq_ftp_pipeline/11_paml_nuclear_final/results/SDHA1/branchsite/coldbats_taxa/BS_alt	/scratch/project_2004342/everything/paml_clean/FINAL_refseq_ftp_pipeline/11_paml_nuclear_final/ctl/SDHA1/branchsite/coldbats_taxa/SDHA1.coldbats_taxa.BS_alt.ctl
SDHA1	branchsite	vesper_wholeclade_BS_null	/scratch/project_2004342/everything/paml_clean/FINAL_refseq_ftp_pipeline/11_paml_nuclear_final/results/SDHA1/branchsite/vesper_wholeclade/BS_null	/scratch/project_2004342/everything/paml_clean/FINAL_refseq_ftp_pipeline/11_paml_nuclear_final/ctl/SDHA1/branchsite/vesper_wholeclade/SDHA1.vesper_wholeclade.BS_null.ctl
SDHA1	branchsite	vesper_wholeclade_BS_alt	/scratch/project_2004342/everything/paml_clean/FINAL_refseq_ftp_pipeline/11_paml_nuclear_final/results/SDHA1/branchsite/vesper_wholeclade/BS_alt	/scratch/project_2004342/everything/paml_clean/FINAL_refseq_ftp_pipeline/11_paml_nuclear_final/ctl/SDHA1/branchsite/vesper_wholeclade/SDHA1.vesper_wholeclade.BS_alt.ctl
SDHB	branchsite	nilssonii_terminal_BS_null	/scratch/project_2004342/everything/paml_clean/FINAL_refseq_ftp_pipeline/11_paml_nuclear_final/results/SDHB/branchsite/nilssonii_terminal/BS_null	/scratch/project_2004342/everything/paml_clean/FINAL_refseq_ftp_pipeline/11_paml_nuclear_final/ctl/SDHB/branchsite/nilssonii_terminal/SDHB.nilssonii_terminal.BS_null.ctl
SDHB	branchsite	nilssonii_terminal_BS_alt	/scratch/project_2004342/everything/paml_clean/FINAL_refseq_ftp_pipeline/11_paml_nuclear_final/results/SDHB/branchsite/nilssonii_terminal/BS_alt	/scratch/project_2004342/everything/paml_clean/FINAL_refseq_ftp_pipeline/11_paml_nuclear_final/ctl/SDHB/branchsite/nilssonii_terminal/SDHB.nilssonii_terminal.BS_alt.ctl
SDHB	branchsite	ept_stem_BS_null	/scratch/project_2004342/everything/paml_clean/FINAL_refseq_ftp_pipeline/11_paml_nuclear_final/results/SDHB/branchsite/ept_stem/BS_null	/scratch/project_2004342/everything/paml_clean/FINAL_refseq_ftp_pipeline/11_paml_nuclear_final/ctl/SDHB/branchsite/ept_stem/SDHB.ept_stem.BS_null.ctl
SDHB	branchsite	ept_stem_BS_alt	/scratch/project_2004342/everything/paml_clean/FINAL_refseq_ftp_pipeline/11_paml_nuclear_final/results/SDHB/branchsite/ept_stem/BS_alt	/scratch/project_2004342/everything/paml_clean/FINAL_refseq_ftp_pipeline/11_paml_nuclear_final/ctl/SDHB/branchsite/ept_stem/SDHB.ept_stem.BS_alt.ctl
SDHB	branchsite	ept_terminals_BS_null	/scratch/project_2004342/everything/paml_clean/FINAL_refseq_ftp_pipeline/11_paml_nuclear_final/results/SDHB/branchsite/ept_terminals/BS_null	/scratch/project_2004342/everything/paml_clean/FINAL_refseq_ftp_pipeline/11_paml_nuclear_final/ctl/SDHB/branchsite/ept_terminals/SDHB.ept_terminals.BS_null.ctl
SDHB	branchsite	ept_terminals_BS_alt	/scratch/project_2004342/everything/paml_clean/FINAL_refseq_ftp_pipeline/11_paml_nuclear_final/results/SDHB/branchsite/ept_terminals/BS_alt	/scratch/project_2004342/everything/paml_clean/FINAL_refseq_ftp_pipeline/11_paml_nuclear_final/ctl/SDHB/branchsite/ept_terminals/SDHB.ept_terminals.BS_alt.ctl
SDHB	branchsite	myotis_cold_taxa_BS_null	/scratch/project_2004342/everything/paml_clean/FINAL_refseq_ftp_pipeline/11_paml_nuclear_final/results/SDHB/branchsite/myotis_cold_taxa/BS_null	/scratch/project_2004342/everything/paml_clean/FINAL_refseq_ftp_pipeline/11_paml_nuclear_final/ctl/SDHB/branchsite/myotis_cold_taxa/SDHB.myotis_cold_taxa.BS_null.ctl
SDHB	branchsite	myotis_cold_taxa_BS_alt	/scratch/project_2004342/everything/paml_clean/FINAL_refseq_ftp_pipeline/11_paml_nuclear_final/results/SDHB/branchsite/myotis_cold_taxa/BS_alt	/scratch/project_2004342/everything/paml_clean/FINAL_refseq_ftp_pipeline/11_paml_nuclear_final/ctl/SDHB/branchsite/myotis_cold_taxa/SDHB.myotis_cold_taxa.BS_alt.ctl
SDHB	branchsite	coldbats_taxa_BS_null	/scratch/project_2004342/everything/paml_clean/FINAL_refseq_ftp_pipeline/11_paml_nuclear_final/results/SDHB/branchsite/coldbats_taxa/BS_null	/scratch/project_2004342/everything/paml_clean/FINAL_refseq_ftp_pipeline/11_paml_nuclear_final/ctl/SDHB/branchsite/coldbats_taxa/SDHB.coldbats_taxa.BS_null.ctl
SDHB	branchsite	coldbats_taxa_BS_alt	/scratch/project_2004342/everything/paml_clean/FINAL_refseq_ftp_pipeline/11_paml_nuclear_final/results/SDHB/branchsite/coldbats_taxa/BS_alt	/scratch/project_2004342/everything/paml_clean/FINAL_refseq_ftp_pipeline/11_paml_nuclear_final/ctl/SDHB/branchsite/coldbats_taxa/SDHB.coldbats_taxa.BS_alt.ctl
SIRT6	branchsite	nilssonii_terminal_BS_null	/scratch/project_2004342/everything/paml_clean/FINAL_refseq_ftp_pipeline/11_paml_nuclear_final/results/SIRT6/branchsite/nilssonii_terminal/BS_null	/scratch/project_2004342/everything/paml_clean/FINAL_refseq_ftp_pipeline/11_paml_nuclear_final/ctl/SIRT6/branchsite/nilssonii_terminal/SIRT6.nilssonii_terminal.BS_null.ctl
SIRT6	branchsite	nilssonii_terminal_BS_alt	/scratch/project_2004342/everything/paml_clean/FINAL_refseq_ftp_pipeline/11_paml_nuclear_final/results/SIRT6/branchsite/nilssonii_terminal/BS_alt	/scratch/project_2004342/everything/paml_clean/FINAL_refseq_ftp_pipeline/11_paml_nuclear_final/ctl/SIRT6/branchsite/nilssonii_terminal/SIRT6.nilssonii_terminal.BS_alt.ctl
SIRT6	branchsite	ept_stem_BS_null	/scratch/project_2004342/everything/paml_clean/FINAL_refseq_ftp_pipeline/11_paml_nuclear_final/results/SIRT6/branchsite/ept_stem/BS_null	/scratch/project_2004342/everything/paml_clean/FINAL_refseq_ftp_pipeline/11_paml_nuclear_final/ctl/SIRT6/branchsite/ept_stem/SIRT6.ept_stem.BS_null.ctl
SIRT6	branchsite	ept_stem_BS_alt	/scratch/project_2004342/everything/paml_clean/FINAL_refseq_ftp_pipeline/11_paml_nuclear_final/results/SIRT6/branchsite/ept_stem/BS_alt	/scratch/project_2004342/everything/paml_clean/FINAL_refseq_ftp_pipeline/11_paml_nuclear_final/ctl/SIRT6/branchsite/ept_stem/SIRT6.ept_stem.BS_alt.ctl
SIRT6	branchsite	ept_terminals_BS_null	/scratch/project_2004342/everything/paml_clean/FINAL_refseq_ftp_pipeline/11_paml_nuclear_final/results/SIRT6/branchsite/ept_terminals/BS_null	/scratch/project_2004342/everything/paml_clean/FINAL_refseq_ftp_pipeline/11_paml_nuclear_final/ctl/SIRT6/branchsite/ept_terminals/SIRT6.ept_terminals.BS_null.ctl
SIRT6	branchsite	ept_terminals_BS_alt	/scratch/project_2004342/everything/paml_clean/FINAL_refseq_ftp_pipeline/11_paml_nuclear_final/results/SIRT6/branchsite/ept_terminals/BS_alt	/scratch/project_2004342/everything/paml_clean/FINAL_refseq_ftp_pipeline/11_paml_nuclear_final/ctl/SIRT6/branchsite/ept_terminals/SIRT6.ept_terminals.BS_alt.ctl
SIRT6	branchsite	myotis_cold_taxa_BS_null	/scratch/project_2004342/everything/paml_clean/FINAL_refseq_ftp_pipeline/11_paml_nuclear_final/results/SIRT6/branchsite/myotis_cold_taxa/BS_null	/scratch/project_2004342/everything/paml_clean/FINAL_refseq_ftp_pipeline/11_paml_nuclear_final/ctl/SIRT6/branchsite/myotis_cold_taxa/SIRT6.myotis_cold_taxa.BS_null.ctl
SIRT6	branchsite	myotis_cold_taxa_BS_alt	/scratch/project_2004342/everything/paml_clean/FINAL_refseq_ftp_pipeline/11_paml_nuclear_final/results/SIRT6/branchsite/myotis_cold_taxa/BS_alt	/scratch/project_2004342/everything/paml_clean/FINAL_refseq_ftp_pipeline/11_paml_nuclear_final/ctl/SIRT6/branchsite/myotis_cold_taxa/SIRT6.myotis_cold_taxa.BS_alt.ctl
SIRT6	branchsite	coldbats_taxa_BS_null	/scratch/project_2004342/everything/paml_clean/FINAL_refseq_ftp_pipeline/11_paml_nuclear_final/results/SIRT6/branchsite/coldbats_taxa/BS_null	/scratch/project_2004342/everything/paml_clean/FINAL_refseq_ftp_pipeline/11_paml_nuclear_final/ctl/SIRT6/branchsite/coldbats_taxa/SIRT6.coldbats_taxa.BS_null.ctl
SIRT6	branchsite	coldbats_taxa_BS_alt	/scratch/project_2004342/everything/paml_clean/FINAL_refseq_ftp_pipeline/11_paml_nuclear_final/results/SIRT6/branchsite/coldbats_taxa/BS_alt	/scratch/project_2004342/everything/paml_clean/FINAL_refseq_ftp_pipeline/11_paml_nuclear_final/ctl/SIRT6/branchsite/coldbats_taxa/SIRT6.coldbats_taxa.BS_alt.ctl
SLC25A20	branchsite	nilssonii_terminal_BS_null	/scratch/project_2004342/everything/paml_clean/FINAL_refseq_ftp_pipeline/11_paml_nuclear_final/results/SLC25A20/branchsite/nilssonii_terminal/BS_null	/scratch/project_2004342/everything/paml_clean/FINAL_refseq_ftp_pipeline/11_paml_nuclear_final/ctl/SLC25A20/branchsite/nilssonii_terminal/SLC25A20.nilssonii_terminal.BS_null.ctl
SLC25A20	branchsite	nilssonii_terminal_BS_alt	/scratch/project_2004342/everything/paml_clean/FINAL_refseq_ftp_pipeline/11_paml_nuclear_final/results/SLC25A20/branchsite/nilssonii_terminal/BS_alt	/scratch/project_2004342/everything/paml_clean/FINAL_refseq_ftp_pipeline/11_paml_nuclear_final/ctl/SLC25A20/branchsite/nilssonii_terminal/SLC25A20.nilssonii_terminal.BS_alt.ctl
SLC25A20	branchsite	ept_stem_BS_null	/scratch/project_2004342/everything/paml_clean/FINAL_refseq_ftp_pipeline/11_paml_nuclear_final/results/SLC25A20/branchsite/ept_stem/BS_null	/scratch/project_2004342/everything/paml_clean/FINAL_refseq_ftp_pipeline/11_paml_nuclear_final/ctl/SLC25A20/branchsite/ept_stem/SLC25A20.ept_stem.BS_null.ctl
SLC25A20	branchsite	ept_stem_BS_alt	/scratch/project_2004342/everything/paml_clean/FINAL_refseq_ftp_pipeline/11_paml_nuclear_final/results/SLC25A20/branchsite/ept_stem/BS_alt	/scratch/project_2004342/everything/paml_clean/FINAL_refseq_ftp_pipeline/11_paml_nuclear_final/ctl/SLC25A20/branchsite/ept_stem/SLC25A20.ept_stem.BS_alt.ctl
SLC25A20	branchsite	ept_terminals_BS_null	/scratch/project_2004342/everything/paml_clean/FINAL_refseq_ftp_pipeline/11_paml_nuclear_final/results/SLC25A20/branchsite/ept_terminals/BS_null	/scratch/project_2004342/everything/paml_clean/FINAL_refseq_ftp_pipeline/11_paml_nuclear_final/ctl/SLC25A20/branchsite/ept_terminals/SLC25A20.ept_terminals.BS_null.ctl
SLC25A20	branchsite	ept_terminals_BS_alt	/scratch/project_2004342/everything/paml_clean/FINAL_refseq_ftp_pipeline/11_paml_nuclear_final/results/SLC25A20/branchsite/ept_terminals/BS_alt	/scratch/project_2004342/everything/paml_clean/FINAL_refseq_ftp_pipeline/11_paml_nuclear_final/ctl/SLC25A20/branchsite/ept_terminals/SLC25A20.ept_terminals.BS_alt.ctl
SLC25A20	branchsite	myotis_cold_taxa_BS_null	/scratch/project_2004342/everything/paml_clean/FINAL_refseq_ftp_pipeline/11_paml_nuclear_final/results/SLC25A20/branchsite/myotis_cold_taxa/BS_null	/scratch/project_2004342/everything/paml_clean/FINAL_refseq_ftp_pipeline/11_paml_nuclear_final/ctl/SLC25A20/branchsite/myotis_cold_taxa/SLC25A20.myotis_cold_taxa.BS_null.ctl
SLC25A20	branchsite	myotis_cold_taxa_BS_alt	/scratch/project_2004342/everything/paml_clean/FINAL_refseq_ftp_pipeline/11_paml_nuclear_final/results/SLC25A20/branchsite/myotis_cold_taxa/BS_alt	/scratch/project_2004342/everything/paml_clean/FINAL_refseq_ftp_pipeline/11_paml_nuclear_final/ctl/SLC25A20/branchsite/myotis_cold_taxa/SLC25A20.myotis_cold_taxa.BS_alt.ctl
SLC25A20	branchsite	myotis_cold_wholeclade_BS_null	/scratch/project_2004342/everything/paml_clean/FINAL_refseq_ftp_pipeline/11_paml_nuclear_final/results/SLC25A20/branchsite/myotis_cold_wholeclade/BS_null	/scratch/project_2004342/everything/paml_clean/FINAL_refseq_ftp_pipeline/11_paml_nuclear_final/ctl/SLC25A20/branchsite/myotis_cold_wholeclade/SLC25A20.myotis_cold_wholeclade.BS_null.ctl
SLC25A20	branchsite	myotis_cold_wholeclade_BS_alt	/scratch/project_2004342/everything/paml_clean/FINAL_refseq_ftp_pipeline/11_paml_nuclear_final/results/SLC25A20/branchsite/myotis_cold_wholeclade/BS_alt	/scratch/project_2004342/everything/paml_clean/FINAL_refseq_ftp_pipeline/11_paml_nuclear_final/ctl/SLC25A20/branchsite/myotis_cold_wholeclade/SLC25A20.myotis_cold_wholeclade.BS_alt.ctl
SLC25A20	branchsite	coldbats_taxa_BS_null	/scratch/project_2004342/everything/paml_clean/FINAL_refseq_ftp_pipeline/11_paml_nuclear_final/results/SLC25A20/branchsite/coldbats_taxa/BS_null	/scratch/project_2004342/everything/paml_clean/FINAL_refseq_ftp_pipeline/11_paml_nuclear_final/ctl/SLC25A20/branchsite/coldbats_taxa/SLC25A20.coldbats_taxa.BS_null.ctl
SLC25A20	branchsite	coldbats_taxa_BS_alt	/scratch/project_2004342/everything/paml_clean/FINAL_refseq_ftp_pipeline/11_paml_nuclear_final/results/SLC25A20/branchsite/coldbats_taxa/BS_alt	/scratch/project_2004342/everything/paml_clean/FINAL_refseq_ftp_pipeline/11_paml_nuclear_final/ctl/SLC25A20/branchsite/coldbats_taxa/SLC25A20.coldbats_taxa.BS_alt.ctl
SLC25A20	branchsite	vesper_wholeclade_BS_null	/scratch/project_2004342/everything/paml_clean/FINAL_refseq_ftp_pipeline/11_paml_nuclear_final/results/SLC25A20/branchsite/vesper_wholeclade/BS_null	/scratch/project_2004342/everything/paml_clean/FINAL_refseq_ftp_pipeline/11_paml_nuclear_final/ctl/SLC25A20/branchsite/vesper_wholeclade/SLC25A20.vesper_wholeclade.BS_null.ctl
SLC25A20	branchsite	vesper_wholeclade_BS_alt	/scratch/project_2004342/everything/paml_clean/FINAL_refseq_ftp_pipeline/11_paml_nuclear_final/results/SLC25A20/branchsite/vesper_wholeclade/BS_alt	/scratch/project_2004342/everything/paml_clean/FINAL_refseq_ftp_pipeline/11_paml_nuclear_final/ctl/SLC25A20/branchsite/vesper_wholeclade/SLC25A20.vesper_wholeclade.BS_alt.ctl
SOS1	branchsite	nilssonii_terminal_BS_null	/scratch/project_2004342/everything/paml_clean/FINAL_refseq_ftp_pipeline/11_paml_nuclear_final/results/SOS1/branchsite/nilssonii_terminal/BS_null	/scratch/project_2004342/everything/paml_clean/FINAL_refseq_ftp_pipeline/11_paml_nuclear_final/ctl/SOS1/branchsite/nilssonii_terminal/SOS1.nilssonii_terminal.BS_null.ctl
SOS1	branchsite	nilssonii_terminal_BS_alt	/scratch/project_2004342/everything/paml_clean/FINAL_refseq_ftp_pipeline/11_paml_nuclear_final/results/SOS1/branchsite/nilssonii_terminal/BS_alt	/scratch/project_2004342/everything/paml_clean/FINAL_refseq_ftp_pipeline/11_paml_nuclear_final/ctl/SOS1/branchsite/nilssonii_terminal/SOS1.nilssonii_terminal.BS_alt.ctl
SOS1	branchsite	ept_stem_BS_null	/scratch/project_2004342/everything/paml_clean/FINAL_refseq_ftp_pipeline/11_paml_nuclear_final/results/SOS1/branchsite/ept_stem/BS_null	/scratch/project_2004342/everything/paml_clean/FINAL_refseq_ftp_pipeline/11_paml_nuclear_final/ctl/SOS1/branchsite/ept_stem/SOS1.ept_stem.BS_null.ctl
SOS1	branchsite	ept_stem_BS_alt	/scratch/project_2004342/everything/paml_clean/FINAL_refseq_ftp_pipeline/11_paml_nuclear_final/results/SOS1/branchsite/ept_stem/BS_alt	/scratch/project_2004342/everything/paml_clean/FINAL_refseq_ftp_pipeline/11_paml_nuclear_final/ctl/SOS1/branchsite/ept_stem/SOS1.ept_stem.BS_alt.ctl
SOS1	branchsite	ept_terminals_BS_null	/scratch/project_2004342/everything/paml_clean/FINAL_refseq_ftp_pipeline/11_paml_nuclear_final/results/SOS1/branchsite/ept_terminals/BS_null	/scratch/project_2004342/everything/paml_clean/FINAL_refseq_ftp_pipeline/11_paml_nuclear_final/ctl/SOS1/branchsite/ept_terminals/SOS1.ept_terminals.BS_null.ctl
SOS1	branchsite	ept_terminals_BS_alt	/scratch/project_2004342/everything/paml_clean/FINAL_refseq_ftp_pipeline/11_paml_nuclear_final/results/SOS1/branchsite/ept_terminals/BS_alt	/scratch/project_2004342/everything/paml_clean/FINAL_refseq_ftp_pipeline/11_paml_nuclear_final/ctl/SOS1/branchsite/ept_terminals/SOS1.ept_terminals.BS_alt.ctl
SOS1	branchsite	myotis_cold_taxa_BS_null	/scratch/project_2004342/everything/paml_clean/FINAL_refseq_ftp_pipeline/11_paml_nuclear_final/results/SOS1/branchsite/myotis_cold_taxa/BS_null	/scratch/project_2004342/everything/paml_clean/FINAL_refseq_ftp_pipeline/11_paml_nuclear_final/ctl/SOS1/branchsite/myotis_cold_taxa/SOS1.myotis_cold_taxa.BS_null.ctl
SOS1	branchsite	myotis_cold_taxa_BS_alt	/scratch/project_2004342/everything/paml_clean/FINAL_refseq_ftp_pipeline/11_paml_nuclear_final/results/SOS1/branchsite/myotis_cold_taxa/BS_alt	/scratch/project_2004342/everything/paml_clean/FINAL_refseq_ftp_pipeline/11_paml_nuclear_final/ctl/SOS1/branchsite/myotis_cold_taxa/SOS1.myotis_cold_taxa.BS_alt.ctl
SOS1	branchsite	myotis_cold_wholeclade_BS_null	/scratch/project_2004342/everything/paml_clean/FINAL_refseq_ftp_pipeline/11_paml_nuclear_final/results/SOS1/branchsite/myotis_cold_wholeclade/BS_null	/scratch/project_2004342/everything/paml_clean/FINAL_refseq_ftp_pipeline/11_paml_nuclear_final/ctl/SOS1/branchsite/myotis_cold_wholeclade/SOS1.myotis_cold_wholeclade.BS_null.ctl
SOS1	branchsite	myotis_cold_wholeclade_BS_alt	/scratch/project_2004342/everything/paml_clean/FINAL_refseq_ftp_pipeline/11_paml_nuclear_final/results/SOS1/branchsite/myotis_cold_wholeclade/BS_alt	/scratch/project_2004342/everything/paml_clean/FINAL_refseq_ftp_pipeline/11_paml_nuclear_final/ctl/SOS1/branchsite/myotis_cold_wholeclade/SOS1.myotis_cold_wholeclade.BS_alt.ctl
SOS1	branchsite	coldbats_taxa_BS_null	/scratch/project_2004342/everything/paml_clean/FINAL_refseq_ftp_pipeline/11_paml_nuclear_final/results/SOS1/branchsite/coldbats_taxa/BS_null	/scratch/project_2004342/everything/paml_clean/FINAL_refseq_ftp_pipeline/11_paml_nuclear_final/ctl/SOS1/branchsite/coldbats_taxa/SOS1.coldbats_taxa.BS_null.ctl
SOS1	branchsite	coldbats_taxa_BS_alt	/scratch/project_2004342/everything/paml_clean/FINAL_refseq_ftp_pipeline/11_paml_nuclear_final/results/SOS1/branchsite/coldbats_taxa/BS_alt	/scratch/project_2004342/everything/paml_clean/FINAL_refseq_ftp_pipeline/11_paml_nuclear_final/ctl/SOS1/branchsite/coldbats_taxa/SOS1.coldbats_taxa.BS_alt.ctl
SOS1	branchsite	vesper_wholeclade_BS_null	/scratch/project_2004342/everything/paml_clean/FINAL_refseq_ftp_pipeline/11_paml_nuclear_final/results/SOS1/branchsite/vesper_wholeclade/BS_null	/scratch/project_2004342/everything/paml_clean/FINAL_refseq_ftp_pipeline/11_paml_nuclear_final/ctl/SOS1/branchsite/vesper_wholeclade/SOS1.vesper_wholeclade.BS_null.ctl
SOS1	branchsite	vesper_wholeclade_BS_alt	/scratch/project_2004342/everything/paml_clean/FINAL_refseq_ftp_pipeline/11_paml_nuclear_final/results/SOS1/branchsite/vesper_wholeclade/BS_alt	/scratch/project_2004342/everything/paml_clean/FINAL_refseq_ftp_pipeline/11_paml_nuclear_final/ctl/SOS1/branchsite/vesper_wholeclade/SOS1.vesper_wholeclade.BS_alt.ctl
SOS2	branchsite	nilssonii_terminal_BS_null	/scratch/project_2004342/everything/paml_clean/FINAL_refseq_ftp_pipeline/11_paml_nuclear_final/results/SOS2/branchsite/nilssonii_terminal/BS_null	/scratch/project_2004342/everything/paml_clean/FINAL_refseq_ftp_pipeline/11_paml_nuclear_final/ctl/SOS2/branchsite/nilssonii_terminal/SOS2.nilssonii_terminal.BS_null.ctl
SOS2	branchsite	nilssonii_terminal_BS_alt	/scratch/project_2004342/everything/paml_clean/FINAL_refseq_ftp_pipeline/11_paml_nuclear_final/results/SOS2/branchsite/nilssonii_terminal/BS_alt	/scratch/project_2004342/everything/paml_clean/FINAL_refseq_ftp_pipeline/11_paml_nuclear_final/ctl/SOS2/branchsite/nilssonii_terminal/SOS2.nilssonii_terminal.BS_alt.ctl
SOS2	branchsite	ept_stem_BS_null	/scratch/project_2004342/everything/paml_clean/FINAL_refseq_ftp_pipeline/11_paml_nuclear_final/results/SOS2/branchsite/ept_stem/BS_null	/scratch/project_2004342/everything/paml_clean/FINAL_refseq_ftp_pipeline/11_paml_nuclear_final/ctl/SOS2/branchsite/ept_stem/SOS2.ept_stem.BS_null.ctl
SOS2	branchsite	ept_stem_BS_alt	/scratch/project_2004342/everything/paml_clean/FINAL_refseq_ftp_pipeline/11_paml_nuclear_final/results/SOS2/branchsite/ept_stem/BS_alt	/scratch/project_2004342/everything/paml_clean/FINAL_refseq_ftp_pipeline/11_paml_nuclear_final/ctl/SOS2/branchsite/ept_stem/SOS2.ept_stem.BS_alt.ctl
SOS2	branchsite	ept_terminals_BS_null	/scratch/project_2004342/everything/paml_clean/FINAL_refseq_ftp_pipeline/11_paml_nuclear_final/results/SOS2/branchsite/ept_terminals/BS_null	/scratch/project_2004342/everything/paml_clean/FINAL_refseq_ftp_pipeline/11_paml_nuclear_final/ctl/SOS2/branchsite/ept_terminals/SOS2.ept_terminals.BS_null.ctl
SOS2	branchsite	ept_terminals_BS_alt	/scratch/project_2004342/everything/paml_clean/FINAL_refseq_ftp_pipeline/11_paml_nuclear_final/results/SOS2/branchsite/ept_terminals/BS_alt	/scratch/project_2004342/everything/paml_clean/FINAL_refseq_ftp_pipeline/11_paml_nuclear_final/ctl/SOS2/branchsite/ept_terminals/SOS2.ept_terminals.BS_alt.ctl
SOS2	branchsite	myotis_cold_taxa_BS_null	/scratch/project_2004342/everything/paml_clean/FINAL_refseq_ftp_pipeline/11_paml_nuclear_final/results/SOS2/branchsite/myotis_cold_taxa/BS_null	/scratch/project_2004342/everything/paml_clean/FINAL_refseq_ftp_pipeline/11_paml_nuclear_final/ctl/SOS2/branchsite/myotis_cold_taxa/SOS2.myotis_cold_taxa.BS_null.ctl
SOS2	branchsite	myotis_cold_taxa_BS_alt	/scratch/project_2004342/everything/paml_clean/FINAL_refseq_ftp_pipeline/11_paml_nuclear_final/results/SOS2/branchsite/myotis_cold_taxa/BS_alt	/scratch/project_2004342/everything/paml_clean/FINAL_refseq_ftp_pipeline/11_paml_nuclear_final/ctl/SOS2/branchsite/myotis_cold_taxa/SOS2.myotis_cold_taxa.BS_alt.ctl
SOS2	branchsite	coldbats_taxa_BS_null	/scratch/project_2004342/everything/paml_clean/FINAL_refseq_ftp_pipeline/11_paml_nuclear_final/results/SOS2/branchsite/coldbats_taxa/BS_null	/scratch/project_2004342/everything/paml_clean/FINAL_refseq_ftp_pipeline/11_paml_nuclear_final/ctl/SOS2/branchsite/coldbats_taxa/SOS2.coldbats_taxa.BS_null.ctl
SOS2	branchsite	coldbats_taxa_BS_alt	/scratch/project_2004342/everything/paml_clean/FINAL_refseq_ftp_pipeline/11_paml_nuclear_final/results/SOS2/branchsite/coldbats_taxa/BS_alt	/scratch/project_2004342/everything/paml_clean/FINAL_refseq_ftp_pipeline/11_paml_nuclear_final/ctl/SOS2/branchsite/coldbats_taxa/SOS2.coldbats_taxa.BS_alt.ctl
UCP1	branchsite	nilssonii_terminal_BS_null	/scratch/project_2004342/everything/paml_clean/FINAL_refseq_ftp_pipeline/11_paml_nuclear_final/results/UCP1/branchsite/nilssonii_terminal/BS_null	/scratch/project_2004342/everything/paml_clean/FINAL_refseq_ftp_pipeline/11_paml_nuclear_final/ctl/UCP1/branchsite/nilssonii_terminal/UCP1.nilssonii_terminal.BS_null.ctl
UCP1	branchsite	nilssonii_terminal_BS_alt	/scratch/project_2004342/everything/paml_clean/FINAL_refseq_ftp_pipeline/11_paml_nuclear_final/results/UCP1/branchsite/nilssonii_terminal/BS_alt	/scratch/project_2004342/everything/paml_clean/FINAL_refseq_ftp_pipeline/11_paml_nuclear_final/ctl/UCP1/branchsite/nilssonii_terminal/UCP1.nilssonii_terminal.BS_alt.ctl
UCP1	branchsite	ept_stem_BS_null	/scratch/project_2004342/everything/paml_clean/FINAL_refseq_ftp_pipeline/11_paml_nuclear_final/results/UCP1/branchsite/ept_stem/BS_null	/scratch/project_2004342/everything/paml_clean/FINAL_refseq_ftp_pipeline/11_paml_nuclear_final/ctl/UCP1/branchsite/ept_stem/UCP1.ept_stem.BS_null.ctl
UCP1	branchsite	ept_stem_BS_alt	/scratch/project_2004342/everything/paml_clean/FINAL_refseq_ftp_pipeline/11_paml_nuclear_final/results/UCP1/branchsite/ept_stem/BS_alt	/scratch/project_2004342/everything/paml_clean/FINAL_refseq_ftp_pipeline/11_paml_nuclear_final/ctl/UCP1/branchsite/ept_stem/UCP1.ept_stem.BS_alt.ctl
UCP1	branchsite	ept_terminals_BS_null	/scratch/project_2004342/everything/paml_clean/FINAL_refseq_ftp_pipeline/11_paml_nuclear_final/results/UCP1/branchsite/ept_terminals/BS_null	/scratch/project_2004342/everything/paml_clean/FINAL_refseq_ftp_pipeline/11_paml_nuclear_final/ctl/UCP1/branchsite/ept_terminals/UCP1.ept_terminals.BS_null.ctl
UCP1	branchsite	ept_terminals_BS_alt	/scratch/project_2004342/everything/paml_clean/FINAL_refseq_ftp_pipeline/11_paml_nuclear_final/results/UCP1/branchsite/ept_terminals/BS_alt	/scratch/project_2004342/everything/paml_clean/FINAL_refseq_ftp_pipeline/11_paml_nuclear_final/ctl/UCP1/branchsite/ept_terminals/UCP1.ept_terminals.BS_alt.ctl
UCP1	branchsite	myotis_cold_taxa_BS_null	/scratch/project_2004342/everything/paml_clean/FINAL_refseq_ftp_pipeline/11_paml_nuclear_final/results/UCP1/branchsite/myotis_cold_taxa/BS_null	/scratch/project_2004342/everything/paml_clean/FINAL_refseq_ftp_pipeline/11_paml_nuclear_final/ctl/UCP1/branchsite/myotis_cold_taxa/UCP1.myotis_cold_taxa.BS_null.ctl
UCP1	branchsite	myotis_cold_taxa_BS_alt	/scratch/project_2004342/everything/paml_clean/FINAL_refseq_ftp_pipeline/11_paml_nuclear_final/results/UCP1/branchsite/myotis_cold_taxa/BS_alt	/scratch/project_2004342/everything/paml_clean/FINAL_refseq_ftp_pipeline/11_paml_nuclear_final/ctl/UCP1/branchsite/myotis_cold_taxa/UCP1.myotis_cold_taxa.BS_alt.ctl
UCP1	branchsite	myotis_cold_wholeclade_BS_null	/scratch/project_2004342/everything/paml_clean/FINAL_refseq_ftp_pipeline/11_paml_nuclear_final/results/UCP1/branchsite/myotis_cold_wholeclade/BS_null	/scratch/project_2004342/everything/paml_clean/FINAL_refseq_ftp_pipeline/11_paml_nuclear_final/ctl/UCP1/branchsite/myotis_cold_wholeclade/UCP1.myotis_cold_wholeclade.BS_null.ctl
UCP1	branchsite	myotis_cold_wholeclade_BS_alt	/scratch/project_2004342/everything/paml_clean/FINAL_refseq_ftp_pipeline/11_paml_nuclear_final/results/UCP1/branchsite/myotis_cold_wholeclade/BS_alt	/scratch/project_2004342/everything/paml_clean/FINAL_refseq_ftp_pipeline/11_paml_nuclear_final/ctl/UCP1/branchsite/myotis_cold_wholeclade/UCP1.myotis_cold_wholeclade.BS_alt.ctl
UCP1	branchsite	coldbats_taxa_BS_null	/scratch/project_2004342/everything/paml_clean/FINAL_refseq_ftp_pipeline/11_paml_nuclear_final/results/UCP1/branchsite/coldbats_taxa/BS_null	/scratch/project_2004342/everything/paml_clean/FINAL_refseq_ftp_pipeline/11_paml_nuclear_final/ctl/UCP1/branchsite/coldbats_taxa/UCP1.coldbats_taxa.BS_null.ctl
UCP1	branchsite	coldbats_taxa_BS_alt	/scratch/project_2004342/everything/paml_clean/FINAL_refseq_ftp_pipeline/11_paml_nuclear_final/results/UCP1/branchsite/coldbats_taxa/BS_alt	/scratch/project_2004342/everything/paml_clean/FINAL_refseq_ftp_pipeline/11_paml_nuclear_final/ctl/UCP1/branchsite/coldbats_taxa/UCP1.coldbats_taxa.BS_alt.ctl
UCP1	branchsite	vesper_wholeclade_BS_null	/scratch/project_2004342/everything/paml_clean/FINAL_refseq_ftp_pipeline/11_paml_nuclear_final/results/UCP1/branchsite/vesper_wholeclade/BS_null	/scratch/project_2004342/everything/paml_clean/FINAL_refseq_ftp_pipeline/11_paml_nuclear_final/ctl/UCP1/branchsite/vesper_wholeclade/UCP1.vesper_wholeclade.BS_null.ctl
UCP1	branchsite	vesper_wholeclade_BS_alt	/scratch/project_2004342/everything/paml_clean/FINAL_refseq_ftp_pipeline/11_paml_nuclear_final/results/UCP1/branchsite/vesper_wholeclade/BS_alt	/scratch/project_2004342/everything/paml_clean/FINAL_refseq_ftp_pipeline/11_paml_nuclear_final/ctl/UCP1/branchsite/vesper_wholeclade/UCP1.vesper_wholeclade.BS_alt.ctl
UQCRB	branchsite	nilssonii_terminal_BS_null	/scratch/project_2004342/everything/paml_clean/FINAL_refseq_ftp_pipeline/11_paml_nuclear_final/results/UQCRB/branchsite/nilssonii_terminal/BS_null	/scratch/project_2004342/everything/paml_clean/FINAL_refseq_ftp_pipeline/11_paml_nuclear_final/ctl/UQCRB/branchsite/nilssonii_terminal/UQCRB.nilssonii_terminal.BS_null.ctl
UQCRB	branchsite	nilssonii_terminal_BS_alt	/scratch/project_2004342/everything/paml_clean/FINAL_refseq_ftp_pipeline/11_paml_nuclear_final/results/UQCRB/branchsite/nilssonii_terminal/BS_alt	/scratch/project_2004342/everything/paml_clean/FINAL_refseq_ftp_pipeline/11_paml_nuclear_final/ctl/UQCRB/branchsite/nilssonii_terminal/UQCRB.nilssonii_terminal.BS_alt.ctl
UQCRB	branchsite	ept_stem_BS_null	/scratch/project_2004342/everything/paml_clean/FINAL_refseq_ftp_pipeline/11_paml_nuclear_final/results/UQCRB/branchsite/ept_stem/BS_null	/scratch/project_2004342/everything/paml_clean/FINAL_refseq_ftp_pipeline/11_paml_nuclear_final/ctl/UQCRB/branchsite/ept_stem/UQCRB.ept_stem.BS_null.ctl
UQCRB	branchsite	ept_stem_BS_alt	/scratch/project_2004342/everything/paml_clean/FINAL_refseq_ftp_pipeline/11_paml_nuclear_final/results/UQCRB/branchsite/ept_stem/BS_alt	/scratch/project_2004342/everything/paml_clean/FINAL_refseq_ftp_pipeline/11_paml_nuclear_final/ctl/UQCRB/branchsite/ept_stem/UQCRB.ept_stem.BS_alt.ctl
UQCRB	branchsite	ept_terminals_BS_null	/scratch/project_2004342/everything/paml_clean/FINAL_refseq_ftp_pipeline/11_paml_nuclear_final/results/UQCRB/branchsite/ept_terminals/BS_null	/scratch/project_2004342/everything/paml_clean/FINAL_refseq_ftp_pipeline/11_paml_nuclear_final/ctl/UQCRB/branchsite/ept_terminals/UQCRB.ept_terminals.BS_null.ctl
UQCRB	branchsite	ept_terminals_BS_alt	/scratch/project_2004342/everything/paml_clean/FINAL_refseq_ftp_pipeline/11_paml_nuclear_final/results/UQCRB/branchsite/ept_terminals/BS_alt	/scratch/project_2004342/everything/paml_clean/FINAL_refseq_ftp_pipeline/11_paml_nuclear_final/ctl/UQCRB/branchsite/ept_terminals/UQCRB.ept_terminals.BS_alt.ctl
UQCRB	branchsite	myotis_cold_taxa_BS_null	/scratch/project_2004342/everything/paml_clean/FINAL_refseq_ftp_pipeline/11_paml_nuclear_final/results/UQCRB/branchsite/myotis_cold_taxa/BS_null	/scratch/project_2004342/everything/paml_clean/FINAL_refseq_ftp_pipeline/11_paml_nuclear_final/ctl/UQCRB/branchsite/myotis_cold_taxa/UQCRB.myotis_cold_taxa.BS_null.ctl
UQCRB	branchsite	myotis_cold_taxa_BS_alt	/scratch/project_2004342/everything/paml_clean/FINAL_refseq_ftp_pipeline/11_paml_nuclear_final/results/UQCRB/branchsite/myotis_cold_taxa/BS_alt	/scratch/project_2004342/everything/paml_clean/FINAL_refseq_ftp_pipeline/11_paml_nuclear_final/ctl/UQCRB/branchsite/myotis_cold_taxa/UQCRB.myotis_cold_taxa.BS_alt.ctl
UQCRB	branchsite	myotis_cold_wholeclade_BS_null	/scratch/project_2004342/everything/paml_clean/FINAL_refseq_ftp_pipeline/11_paml_nuclear_final/results/UQCRB/branchsite/myotis_cold_wholeclade/BS_null	/scratch/project_2004342/everything/paml_clean/FINAL_refseq_ftp_pipeline/11_paml_nuclear_final/ctl/UQCRB/branchsite/myotis_cold_wholeclade/UQCRB.myotis_cold_wholeclade.BS_null.ctl
UQCRB	branchsite	myotis_cold_wholeclade_BS_alt	/scratch/project_2004342/everything/paml_clean/FINAL_refseq_ftp_pipeline/11_paml_nuclear_final/results/UQCRB/branchsite/myotis_cold_wholeclade/BS_alt	/scratch/project_2004342/everything/paml_clean/FINAL_refseq_ftp_pipeline/11_paml_nuclear_final/ctl/UQCRB/branchsite/myotis_cold_wholeclade/UQCRB.myotis_cold_wholeclade.BS_alt.ctl
UQCRB	branchsite	coldbats_taxa_BS_null	/scratch/project_2004342/everything/paml_clean/FINAL_refseq_ftp_pipeline/11_paml_nuclear_final/results/UQCRB/branchsite/coldbats_taxa/BS_null	/scratch/project_2004342/everything/paml_clean/FINAL_refseq_ftp_pipeline/11_paml_nuclear_final/ctl/UQCRB/branchsite/coldbats_taxa/UQCRB.coldbats_taxa.BS_null.ctl
UQCRB	branchsite	coldbats_taxa_BS_alt	/scratch/project_2004342/everything/paml_clean/FINAL_refseq_ftp_pipeline/11_paml_nuclear_final/results/UQCRB/branchsite/coldbats_taxa/BS_alt	/scratch/project_2004342/everything/paml_clean/FINAL_refseq_ftp_pipeline/11_paml_nuclear_final/ctl/UQCRB/branchsite/coldbats_taxa/UQCRB.coldbats_taxa.BS_alt.ctl
UQCRB	branchsite	vesper_wholeclade_BS_null	/scratch/project_2004342/everything/paml_clean/FINAL_refseq_ftp_pipeline/11_paml_nuclear_final/results/UQCRB/branchsite/vesper_wholeclade/BS_null	/scratch/project_2004342/everything/paml_clean/FINAL_refseq_ftp_pipeline/11_paml_nuclear_final/ctl/UQCRB/branchsite/vesper_wholeclade/UQCRB.vesper_wholeclade.BS_null.ctl
UQCRB	branchsite	vesper_wholeclade_BS_alt	/scratch/project_2004342/everything/paml_clean/FINAL_refseq_ftp_pipeline/11_paml_nuclear_final/results/UQCRB/branchsite/vesper_wholeclade/BS_alt	/scratch/project_2004342/everything/paml_clean/FINAL_refseq_ftp_pipeline/11_paml_nuclear_final/ctl/UQCRB/branchsite/vesper_wholeclade/UQCRB.vesper_wholeclade.BS_alt.ctl
ACSL1	branch_model	nilssonii_terminal_two_ratio	/scratch/project_2004342/everything/paml_clean/FINAL_refseq_ftp_pipeline/11_paml_nuclear_final/results/ACSL1/branch_model/nilssonii_terminal/two_ratio	/scratch/project_2004342/everything/paml_clean/FINAL_refseq_ftp_pipeline/11_paml_nuclear_final/ctl/ACSL1/branch_model/nilssonii_terminal/ACSL1.nilssonii_terminal.two_ratio.ctl
ACSL1	branch_model	ept_stem_two_ratio	/scratch/project_2004342/everything/paml_clean/FINAL_refseq_ftp_pipeline/11_paml_nuclear_final/results/ACSL1/branch_model/ept_stem/two_ratio	/scratch/project_2004342/everything/paml_clean/FINAL_refseq_ftp_pipeline/11_paml_nuclear_final/ctl/ACSL1/branch_model/ept_stem/ACSL1.ept_stem.two_ratio.ctl
ACSL1	branch_model	ept_terminals_two_ratio	/scratch/project_2004342/everything/paml_clean/FINAL_refseq_ftp_pipeline/11_paml_nuclear_final/results/ACSL1/branch_model/ept_terminals/two_ratio	/scratch/project_2004342/everything/paml_clean/FINAL_refseq_ftp_pipeline/11_paml_nuclear_final/ctl/ACSL1/branch_model/ept_terminals/ACSL1.ept_terminals.two_ratio.ctl
ACSL1	branch_model	myotis_cold_taxa_two_ratio	/scratch/project_2004342/everything/paml_clean/FINAL_refseq_ftp_pipeline/11_paml_nuclear_final/results/ACSL1/branch_model/myotis_cold_taxa/two_ratio	/scratch/project_2004342/everything/paml_clean/FINAL_refseq_ftp_pipeline/11_paml_nuclear_final/ctl/ACSL1/branch_model/myotis_cold_taxa/ACSL1.myotis_cold_taxa.two_ratio.ctl
ACSL1	branch_model	myotis_cold_wholeclade_two_ratio	/scratch/project_2004342/everything/paml_clean/FINAL_refseq_ftp_pipeline/11_paml_nuclear_final/results/ACSL1/branch_model/myotis_cold_wholeclade/two_ratio	/scratch/project_2004342/everything/paml_clean/FINAL_refseq_ftp_pipeline/11_paml_nuclear_final/ctl/ACSL1/branch_model/myotis_cold_wholeclade/ACSL1.myotis_cold_wholeclade.two_ratio.ctl
ACSL1	branch_model	coldbats_taxa_two_ratio	/scratch/project_2004342/everything/paml_clean/FINAL_refseq_ftp_pipeline/11_paml_nuclear_final/results/ACSL1/branch_model/coldbats_taxa/two_ratio	/scratch/project_2004342/everything/paml_clean/FINAL_refseq_ftp_pipeline/11_paml_nuclear_final/ctl/ACSL1/branch_model/coldbats_taxa/ACSL1.coldbats_taxa.two_ratio.ctl
ACSL1	branch_model	vesper_wholeclade_two_ratio	/scratch/project_2004342/everything/paml_clean/FINAL_refseq_ftp_pipeline/11_paml_nuclear_final/results/ACSL1/branch_model/vesper_wholeclade/two_ratio	/scratch/project_2004342/everything/paml_clean/FINAL_refseq_ftp_pipeline/11_paml_nuclear_final/ctl/ACSL1/branch_model/vesper_wholeclade/ACSL1.vesper_wholeclade.two_ratio.ctl
ADCY3	branch_model	nilssonii_terminal_two_ratio	/scratch/project_2004342/everything/paml_clean/FINAL_refseq_ftp_pipeline/11_paml_nuclear_final/results/ADCY3/branch_model/nilssonii_terminal/two_ratio	/scratch/project_2004342/everything/paml_clean/FINAL_refseq_ftp_pipeline/11_paml_nuclear_final/ctl/ADCY3/branch_model/nilssonii_terminal/ADCY3.nilssonii_terminal.two_ratio.ctl
ADCY3	branch_model	ept_stem_two_ratio	/scratch/project_2004342/everything/paml_clean/FINAL_refseq_ftp_pipeline/11_paml_nuclear_final/results/ADCY3/branch_model/ept_stem/two_ratio	/scratch/project_2004342/everything/paml_clean/FINAL_refseq_ftp_pipeline/11_paml_nuclear_final/ctl/ADCY3/branch_model/ept_stem/ADCY3.ept_stem.two_ratio.ctl
ADCY3	branch_model	ept_terminals_two_ratio	/scratch/project_2004342/everything/paml_clean/FINAL_refseq_ftp_pipeline/11_paml_nuclear_final/results/ADCY3/branch_model/ept_terminals/two_ratio	/scratch/project_2004342/everything/paml_clean/FINAL_refseq_ftp_pipeline/11_paml_nuclear_final/ctl/ADCY3/branch_model/ept_terminals/ADCY3.ept_terminals.two_ratio.ctl
ADCY3	branch_model	myotis_cold_taxa_two_ratio	/scratch/project_2004342/everything/paml_clean/FINAL_refseq_ftp_pipeline/11_paml_nuclear_final/results/ADCY3/branch_model/myotis_cold_taxa/two_ratio	/scratch/project_2004342/everything/paml_clean/FINAL_refseq_ftp_pipeline/11_paml_nuclear_final/ctl/ADCY3/branch_model/myotis_cold_taxa/ADCY3.myotis_cold_taxa.two_ratio.ctl
ADCY3	branch_model	coldbats_taxa_two_ratio	/scratch/project_2004342/everything/paml_clean/FINAL_refseq_ftp_pipeline/11_paml_nuclear_final/results/ADCY3/branch_model/coldbats_taxa/two_ratio	/scratch/project_2004342/everything/paml_clean/FINAL_refseq_ftp_pipeline/11_paml_nuclear_final/ctl/ADCY3/branch_model/coldbats_taxa/ADCY3.coldbats_taxa.two_ratio.ctl
ADCY7	branch_model	nilssonii_terminal_two_ratio	/scratch/project_2004342/everything/paml_clean/FINAL_refseq_ftp_pipeline/11_paml_nuclear_final/results/ADCY7/branch_model/nilssonii_terminal/two_ratio	/scratch/project_2004342/everything/paml_clean/FINAL_refseq_ftp_pipeline/11_paml_nuclear_final/ctl/ADCY7/branch_model/nilssonii_terminal/ADCY7.nilssonii_terminal.two_ratio.ctl
ADCY7	branch_model	ept_stem_two_ratio	/scratch/project_2004342/everything/paml_clean/FINAL_refseq_ftp_pipeline/11_paml_nuclear_final/results/ADCY7/branch_model/ept_stem/two_ratio	/scratch/project_2004342/everything/paml_clean/FINAL_refseq_ftp_pipeline/11_paml_nuclear_final/ctl/ADCY7/branch_model/ept_stem/ADCY7.ept_stem.two_ratio.ctl
ADCY7	branch_model	ept_terminals_two_ratio	/scratch/project_2004342/everything/paml_clean/FINAL_refseq_ftp_pipeline/11_paml_nuclear_final/results/ADCY7/branch_model/ept_terminals/two_ratio	/scratch/project_2004342/everything/paml_clean/FINAL_refseq_ftp_pipeline/11_paml_nuclear_final/ctl/ADCY7/branch_model/ept_terminals/ADCY7.ept_terminals.two_ratio.ctl
ADCY7	branch_model	myotis_cold_taxa_two_ratio	/scratch/project_2004342/everything/paml_clean/FINAL_refseq_ftp_pipeline/11_paml_nuclear_final/results/ADCY7/branch_model/myotis_cold_taxa/two_ratio	/scratch/project_2004342/everything/paml_clean/FINAL_refseq_ftp_pipeline/11_paml_nuclear_final/ctl/ADCY7/branch_model/myotis_cold_taxa/ADCY7.myotis_cold_taxa.two_ratio.ctl
ADCY7	branch_model	coldbats_taxa_two_ratio	/scratch/project_2004342/everything/paml_clean/FINAL_refseq_ftp_pipeline/11_paml_nuclear_final/results/ADCY7/branch_model/coldbats_taxa/two_ratio	/scratch/project_2004342/everything/paml_clean/FINAL_refseq_ftp_pipeline/11_paml_nuclear_final/ctl/ADCY7/branch_model/coldbats_taxa/ADCY7.coldbats_taxa.two_ratio.ctl
ADCY8	branch_model	nilssonii_terminal_two_ratio	/scratch/project_2004342/everything/paml_clean/FINAL_refseq_ftp_pipeline/11_paml_nuclear_final/results/ADCY8/branch_model/nilssonii_terminal/two_ratio	/scratch/project_2004342/everything/paml_clean/FINAL_refseq_ftp_pipeline/11_paml_nuclear_final/ctl/ADCY8/branch_model/nilssonii_terminal/ADCY8.nilssonii_terminal.two_ratio.ctl
ADCY8	branch_model	ept_stem_two_ratio	/scratch/project_2004342/everything/paml_clean/FINAL_refseq_ftp_pipeline/11_paml_nuclear_final/results/ADCY8/branch_model/ept_stem/two_ratio	/scratch/project_2004342/everything/paml_clean/FINAL_refseq_ftp_pipeline/11_paml_nuclear_final/ctl/ADCY8/branch_model/ept_stem/ADCY8.ept_stem.two_ratio.ctl
ADCY8	branch_model	ept_terminals_two_ratio	/scratch/project_2004342/everything/paml_clean/FINAL_refseq_ftp_pipeline/11_paml_nuclear_final/results/ADCY8/branch_model/ept_terminals/two_ratio	/scratch/project_2004342/everything/paml_clean/FINAL_refseq_ftp_pipeline/11_paml_nuclear_final/ctl/ADCY8/branch_model/ept_terminals/ADCY8.ept_terminals.two_ratio.ctl
ADCY8	branch_model	myotis_cold_taxa_two_ratio	/scratch/project_2004342/everything/paml_clean/FINAL_refseq_ftp_pipeline/11_paml_nuclear_final/results/ADCY8/branch_model/myotis_cold_taxa/two_ratio	/scratch/project_2004342/everything/paml_clean/FINAL_refseq_ftp_pipeline/11_paml_nuclear_final/ctl/ADCY8/branch_model/myotis_cold_taxa/ADCY8.myotis_cold_taxa.two_ratio.ctl
ADCY8	branch_model	myotis_cold_wholeclade_two_ratio	/scratch/project_2004342/everything/paml_clean/FINAL_refseq_ftp_pipeline/11_paml_nuclear_final/results/ADCY8/branch_model/myotis_cold_wholeclade/two_ratio	/scratch/project_2004342/everything/paml_clean/FINAL_refseq_ftp_pipeline/11_paml_nuclear_final/ctl/ADCY8/branch_model/myotis_cold_wholeclade/ADCY8.myotis_cold_wholeclade.two_ratio.ctl
ADCY8	branch_model	coldbats_taxa_two_ratio	/scratch/project_2004342/everything/paml_clean/FINAL_refseq_ftp_pipeline/11_paml_nuclear_final/results/ADCY8/branch_model/coldbats_taxa/two_ratio	/scratch/project_2004342/everything/paml_clean/FINAL_refseq_ftp_pipeline/11_paml_nuclear_final/ctl/ADCY8/branch_model/coldbats_taxa/ADCY8.coldbats_taxa.two_ratio.ctl
ADCY8	branch_model	vesper_wholeclade_two_ratio	/scratch/project_2004342/everything/paml_clean/FINAL_refseq_ftp_pipeline/11_paml_nuclear_final/results/ADCY8/branch_model/vesper_wholeclade/two_ratio	/scratch/project_2004342/everything/paml_clean/FINAL_refseq_ftp_pipeline/11_paml_nuclear_final/ctl/ADCY8/branch_model/vesper_wholeclade/ADCY8.vesper_wholeclade.two_ratio.ctl
ATP5F1A	branch_model	nilssonii_terminal_two_ratio	/scratch/project_2004342/everything/paml_clean/FINAL_refseq_ftp_pipeline/11_paml_nuclear_final/results/ATP5F1A/branch_model/nilssonii_terminal/two_ratio	/scratch/project_2004342/everything/paml_clean/FINAL_refseq_ftp_pipeline/11_paml_nuclear_final/ctl/ATP5F1A/branch_model/nilssonii_terminal/ATP5F1A.nilssonii_terminal.two_ratio.ctl
ATP5F1A	branch_model	ept_stem_two_ratio	/scratch/project_2004342/everything/paml_clean/FINAL_refseq_ftp_pipeline/11_paml_nuclear_final/results/ATP5F1A/branch_model/ept_stem/two_ratio	/scratch/project_2004342/everything/paml_clean/FINAL_refseq_ftp_pipeline/11_paml_nuclear_final/ctl/ATP5F1A/branch_model/ept_stem/ATP5F1A.ept_stem.two_ratio.ctl
ATP5F1A	branch_model	ept_terminals_two_ratio	/scratch/project_2004342/everything/paml_clean/FINAL_refseq_ftp_pipeline/11_paml_nuclear_final/results/ATP5F1A/branch_model/ept_terminals/two_ratio	/scratch/project_2004342/everything/paml_clean/FINAL_refseq_ftp_pipeline/11_paml_nuclear_final/ctl/ATP5F1A/branch_model/ept_terminals/ATP5F1A.ept_terminals.two_ratio.ctl
ATP5F1A	branch_model	myotis_cold_taxa_two_ratio	/scratch/project_2004342/everything/paml_clean/FINAL_refseq_ftp_pipeline/11_paml_nuclear_final/results/ATP5F1A/branch_model/myotis_cold_taxa/two_ratio	/scratch/project_2004342/everything/paml_clean/FINAL_refseq_ftp_pipeline/11_paml_nuclear_final/ctl/ATP5F1A/branch_model/myotis_cold_taxa/ATP5F1A.myotis_cold_taxa.two_ratio.ctl
ATP5F1A	branch_model	coldbats_taxa_two_ratio	/scratch/project_2004342/everything/paml_clean/FINAL_refseq_ftp_pipeline/11_paml_nuclear_final/results/ATP5F1A/branch_model/coldbats_taxa/two_ratio	/scratch/project_2004342/everything/paml_clean/FINAL_refseq_ftp_pipeline/11_paml_nuclear_final/ctl/ATP5F1A/branch_model/coldbats_taxa/ATP5F1A.coldbats_taxa.two_ratio.ctl
ATP5F1B	branch_model	nilssonii_terminal_two_ratio	/scratch/project_2004342/everything/paml_clean/FINAL_refseq_ftp_pipeline/11_paml_nuclear_final/results/ATP5F1B/branch_model/nilssonii_terminal/two_ratio	/scratch/project_2004342/everything/paml_clean/FINAL_refseq_ftp_pipeline/11_paml_nuclear_final/ctl/ATP5F1B/branch_model/nilssonii_terminal/ATP5F1B.nilssonii_terminal.two_ratio.ctl
ATP5F1B	branch_model	ept_stem_two_ratio	/scratch/project_2004342/everything/paml_clean/FINAL_refseq_ftp_pipeline/11_paml_nuclear_final/results/ATP5F1B/branch_model/ept_stem/two_ratio	/scratch/project_2004342/everything/paml_clean/FINAL_refseq_ftp_pipeline/11_paml_nuclear_final/ctl/ATP5F1B/branch_model/ept_stem/ATP5F1B.ept_stem.two_ratio.ctl
ATP5F1B	branch_model	ept_terminals_two_ratio	/scratch/project_2004342/everything/paml_clean/FINAL_refseq_ftp_pipeline/11_paml_nuclear_final/results/ATP5F1B/branch_model/ept_terminals/two_ratio	/scratch/project_2004342/everything/paml_clean/FINAL_refseq_ftp_pipeline/11_paml_nuclear_final/ctl/ATP5F1B/branch_model/ept_terminals/ATP5F1B.ept_terminals.two_ratio.ctl
ATP5F1B	branch_model	myotis_cold_taxa_two_ratio	/scratch/project_2004342/everything/paml_clean/FINAL_refseq_ftp_pipeline/11_paml_nuclear_final/results/ATP5F1B/branch_model/myotis_cold_taxa/two_ratio	/scratch/project_2004342/everything/paml_clean/FINAL_refseq_ftp_pipeline/11_paml_nuclear_final/ctl/ATP5F1B/branch_model/myotis_cold_taxa/ATP5F1B.myotis_cold_taxa.two_ratio.ctl
ATP5F1B	branch_model	myotis_cold_wholeclade_two_ratio	/scratch/project_2004342/everything/paml_clean/FINAL_refseq_ftp_pipeline/11_paml_nuclear_final/results/ATP5F1B/branch_model/myotis_cold_wholeclade/two_ratio	/scratch/project_2004342/everything/paml_clean/FINAL_refseq_ftp_pipeline/11_paml_nuclear_final/ctl/ATP5F1B/branch_model/myotis_cold_wholeclade/ATP5F1B.myotis_cold_wholeclade.two_ratio.ctl
ATP5F1B	branch_model	coldbats_taxa_two_ratio	/scratch/project_2004342/everything/paml_clean/FINAL_refseq_ftp_pipeline/11_paml_nuclear_final/results/ATP5F1B/branch_model/coldbats_taxa/two_ratio	/scratch/project_2004342/everything/paml_clean/FINAL_refseq_ftp_pipeline/11_paml_nuclear_final/ctl/ATP5F1B/branch_model/coldbats_taxa/ATP5F1B.coldbats_taxa.two_ratio.ctl
ATP5F1B	branch_model	vesper_wholeclade_two_ratio	/scratch/project_2004342/everything/paml_clean/FINAL_refseq_ftp_pipeline/11_paml_nuclear_final/results/ATP5F1B/branch_model/vesper_wholeclade/two_ratio	/scratch/project_2004342/everything/paml_clean/FINAL_refseq_ftp_pipeline/11_paml_nuclear_final/ctl/ATP5F1B/branch_model/vesper_wholeclade/ATP5F1B.vesper_wholeclade.two_ratio.ctl
ATP5MC1	branch_model	nilssonii_terminal_two_ratio	/scratch/project_2004342/everything/paml_clean/FINAL_refseq_ftp_pipeline/11_paml_nuclear_final/results/ATP5MC1/branch_model/nilssonii_terminal/two_ratio	/scratch/project_2004342/everything/paml_clean/FINAL_refseq_ftp_pipeline/11_paml_nuclear_final/ctl/ATP5MC1/branch_model/nilssonii_terminal/ATP5MC1.nilssonii_terminal.two_ratio.ctl
ATP5MC1	branch_model	ept_stem_two_ratio	/scratch/project_2004342/everything/paml_clean/FINAL_refseq_ftp_pipeline/11_paml_nuclear_final/results/ATP5MC1/branch_model/ept_stem/two_ratio	/scratch/project_2004342/everything/paml_clean/FINAL_refseq_ftp_pipeline/11_paml_nuclear_final/ctl/ATP5MC1/branch_model/ept_stem/ATP5MC1.ept_stem.two_ratio.ctl
ATP5MC1	branch_model	ept_terminals_two_ratio	/scratch/project_2004342/everything/paml_clean/FINAL_refseq_ftp_pipeline/11_paml_nuclear_final/results/ATP5MC1/branch_model/ept_terminals/two_ratio	/scratch/project_2004342/everything/paml_clean/FINAL_refseq_ftp_pipeline/11_paml_nuclear_final/ctl/ATP5MC1/branch_model/ept_terminals/ATP5MC1.ept_terminals.two_ratio.ctl
ATP5MC1	branch_model	myotis_cold_taxa_two_ratio	/scratch/project_2004342/everything/paml_clean/FINAL_refseq_ftp_pipeline/11_paml_nuclear_final/results/ATP5MC1/branch_model/myotis_cold_taxa/two_ratio	/scratch/project_2004342/everything/paml_clean/FINAL_refseq_ftp_pipeline/11_paml_nuclear_final/ctl/ATP5MC1/branch_model/myotis_cold_taxa/ATP5MC1.myotis_cold_taxa.two_ratio.ctl
ATP5MC1	branch_model	myotis_cold_wholeclade_two_ratio	/scratch/project_2004342/everything/paml_clean/FINAL_refseq_ftp_pipeline/11_paml_nuclear_final/results/ATP5MC1/branch_model/myotis_cold_wholeclade/two_ratio	/scratch/project_2004342/everything/paml_clean/FINAL_refseq_ftp_pipeline/11_paml_nuclear_final/ctl/ATP5MC1/branch_model/myotis_cold_wholeclade/ATP5MC1.myotis_cold_wholeclade.two_ratio.ctl
ATP5MC1	branch_model	coldbats_taxa_two_ratio	/scratch/project_2004342/everything/paml_clean/FINAL_refseq_ftp_pipeline/11_paml_nuclear_final/results/ATP5MC1/branch_model/coldbats_taxa/two_ratio	/scratch/project_2004342/everything/paml_clean/FINAL_refseq_ftp_pipeline/11_paml_nuclear_final/ctl/ATP5MC1/branch_model/coldbats_taxa/ATP5MC1.coldbats_taxa.two_ratio.ctl
ATP5MC1	branch_model	vesper_wholeclade_two_ratio	/scratch/project_2004342/everything/paml_clean/FINAL_refseq_ftp_pipeline/11_paml_nuclear_final/results/ATP5MC1/branch_model/vesper_wholeclade/two_ratio	/scratch/project_2004342/everything/paml_clean/FINAL_refseq_ftp_pipeline/11_paml_nuclear_final/ctl/ATP5MC1/branch_model/vesper_wholeclade/ATP5MC1.vesper_wholeclade.two_ratio.ctl
COX4I1	branch_model	nilssonii_terminal_two_ratio	/scratch/project_2004342/everything/paml_clean/FINAL_refseq_ftp_pipeline/11_paml_nuclear_final/results/COX4I1/branch_model/nilssonii_terminal/two_ratio	/scratch/project_2004342/everything/paml_clean/FINAL_refseq_ftp_pipeline/11_paml_nuclear_final/ctl/COX4I1/branch_model/nilssonii_terminal/COX4I1.nilssonii_terminal.two_ratio.ctl
COX4I1	branch_model	ept_stem_two_ratio	/scratch/project_2004342/everything/paml_clean/FINAL_refseq_ftp_pipeline/11_paml_nuclear_final/results/COX4I1/branch_model/ept_stem/two_ratio	/scratch/project_2004342/everything/paml_clean/FINAL_refseq_ftp_pipeline/11_paml_nuclear_final/ctl/COX4I1/branch_model/ept_stem/COX4I1.ept_stem.two_ratio.ctl
COX4I1	branch_model	ept_terminals_two_ratio	/scratch/project_2004342/everything/paml_clean/FINAL_refseq_ftp_pipeline/11_paml_nuclear_final/results/COX4I1/branch_model/ept_terminals/two_ratio	/scratch/project_2004342/everything/paml_clean/FINAL_refseq_ftp_pipeline/11_paml_nuclear_final/ctl/COX4I1/branch_model/ept_terminals/COX4I1.ept_terminals.two_ratio.ctl
COX4I1	branch_model	myotis_cold_taxa_two_ratio	/scratch/project_2004342/everything/paml_clean/FINAL_refseq_ftp_pipeline/11_paml_nuclear_final/results/COX4I1/branch_model/myotis_cold_taxa/two_ratio	/scratch/project_2004342/everything/paml_clean/FINAL_refseq_ftp_pipeline/11_paml_nuclear_final/ctl/COX4I1/branch_model/myotis_cold_taxa/COX4I1.myotis_cold_taxa.two_ratio.ctl
COX4I1	branch_model	myotis_cold_wholeclade_two_ratio	/scratch/project_2004342/everything/paml_clean/FINAL_refseq_ftp_pipeline/11_paml_nuclear_final/results/COX4I1/branch_model/myotis_cold_wholeclade/two_ratio	/scratch/project_2004342/everything/paml_clean/FINAL_refseq_ftp_pipeline/11_paml_nuclear_final/ctl/COX4I1/branch_model/myotis_cold_wholeclade/COX4I1.myotis_cold_wholeclade.two_ratio.ctl
COX4I1	branch_model	coldbats_taxa_two_ratio	/scratch/project_2004342/everything/paml_clean/FINAL_refseq_ftp_pipeline/11_paml_nuclear_final/results/COX4I1/branch_model/coldbats_taxa/two_ratio	/scratch/project_2004342/everything/paml_clean/FINAL_refseq_ftp_pipeline/11_paml_nuclear_final/ctl/COX4I1/branch_model/coldbats_taxa/COX4I1.coldbats_taxa.two_ratio.ctl
COX4I1	branch_model	vesper_wholeclade_two_ratio	/scratch/project_2004342/everything/paml_clean/FINAL_refseq_ftp_pipeline/11_paml_nuclear_final/results/COX4I1/branch_model/vesper_wholeclade/two_ratio	/scratch/project_2004342/everything/paml_clean/FINAL_refseq_ftp_pipeline/11_paml_nuclear_final/ctl/COX4I1/branch_model/vesper_wholeclade/COX4I1.vesper_wholeclade.two_ratio.ctl
COX7A1	branch_model	myotis_cold_taxa_two_ratio	/scratch/project_2004342/everything/paml_clean/FINAL_refseq_ftp_pipeline/11_paml_nuclear_final/results/COX7A1/branch_model/myotis_cold_taxa/two_ratio	/scratch/project_2004342/everything/paml_clean/FINAL_refseq_ftp_pipeline/11_paml_nuclear_final/ctl/COX7A1/branch_model/myotis_cold_taxa/COX7A1.myotis_cold_taxa.two_ratio.ctl
COX7A1	branch_model	coldbats_taxa_two_ratio	/scratch/project_2004342/everything/paml_clean/FINAL_refseq_ftp_pipeline/11_paml_nuclear_final/results/COX7A1/branch_model/coldbats_taxa/two_ratio	/scratch/project_2004342/everything/paml_clean/FINAL_refseq_ftp_pipeline/11_paml_nuclear_final/ctl/COX7A1/branch_model/coldbats_taxa/COX7A1.coldbats_taxa.two_ratio.ctl
CPT1A	branch_model	nilssonii_terminal_two_ratio	/scratch/project_2004342/everything/paml_clean/FINAL_refseq_ftp_pipeline/11_paml_nuclear_final/results/CPT1A/branch_model/nilssonii_terminal/two_ratio	/scratch/project_2004342/everything/paml_clean/FINAL_refseq_ftp_pipeline/11_paml_nuclear_final/ctl/CPT1A/branch_model/nilssonii_terminal/CPT1A.nilssonii_terminal.two_ratio.ctl
CPT1A	branch_model	ept_stem_two_ratio	/scratch/project_2004342/everything/paml_clean/FINAL_refseq_ftp_pipeline/11_paml_nuclear_final/results/CPT1A/branch_model/ept_stem/two_ratio	/scratch/project_2004342/everything/paml_clean/FINAL_refseq_ftp_pipeline/11_paml_nuclear_final/ctl/CPT1A/branch_model/ept_stem/CPT1A.ept_stem.two_ratio.ctl
CPT1A	branch_model	ept_terminals_two_ratio	/scratch/project_2004342/everything/paml_clean/FINAL_refseq_ftp_pipeline/11_paml_nuclear_final/results/CPT1A/branch_model/ept_terminals/two_ratio	/scratch/project_2004342/everything/paml_clean/FINAL_refseq_ftp_pipeline/11_paml_nuclear_final/ctl/CPT1A/branch_model/ept_terminals/CPT1A.ept_terminals.two_ratio.ctl
CPT1A	branch_model	myotis_cold_taxa_two_ratio	/scratch/project_2004342/everything/paml_clean/FINAL_refseq_ftp_pipeline/11_paml_nuclear_final/results/CPT1A/branch_model/myotis_cold_taxa/two_ratio	/scratch/project_2004342/everything/paml_clean/FINAL_refseq_ftp_pipeline/11_paml_nuclear_final/ctl/CPT1A/branch_model/myotis_cold_taxa/CPT1A.myotis_cold_taxa.two_ratio.ctl
CPT1A	branch_model	coldbats_taxa_two_ratio	/scratch/project_2004342/everything/paml_clean/FINAL_refseq_ftp_pipeline/11_paml_nuclear_final/results/CPT1A/branch_model/coldbats_taxa/two_ratio	/scratch/project_2004342/everything/paml_clean/FINAL_refseq_ftp_pipeline/11_paml_nuclear_final/ctl/CPT1A/branch_model/coldbats_taxa/CPT1A.coldbats_taxa.two_ratio.ctl
CPT1B	branch_model	nilssonii_terminal_two_ratio	/scratch/project_2004342/everything/paml_clean/FINAL_refseq_ftp_pipeline/11_paml_nuclear_final/results/CPT1B/branch_model/nilssonii_terminal/two_ratio	/scratch/project_2004342/everything/paml_clean/FINAL_refseq_ftp_pipeline/11_paml_nuclear_final/ctl/CPT1B/branch_model/nilssonii_terminal/CPT1B.nilssonii_terminal.two_ratio.ctl
CPT1B	branch_model	ept_stem_two_ratio	/scratch/project_2004342/everything/paml_clean/FINAL_refseq_ftp_pipeline/11_paml_nuclear_final/results/CPT1B/branch_model/ept_stem/two_ratio	/scratch/project_2004342/everything/paml_clean/FINAL_refseq_ftp_pipeline/11_paml_nuclear_final/ctl/CPT1B/branch_model/ept_stem/CPT1B.ept_stem.two_ratio.ctl
CPT1B	branch_model	ept_terminals_two_ratio	/scratch/project_2004342/everything/paml_clean/FINAL_refseq_ftp_pipeline/11_paml_nuclear_final/results/CPT1B/branch_model/ept_terminals/two_ratio	/scratch/project_2004342/everything/paml_clean/FINAL_refseq_ftp_pipeline/11_paml_nuclear_final/ctl/CPT1B/branch_model/ept_terminals/CPT1B.ept_terminals.two_ratio.ctl
CPT1B	branch_model	myotis_cold_taxa_two_ratio	/scratch/project_2004342/everything/paml_clean/FINAL_refseq_ftp_pipeline/11_paml_nuclear_final/results/CPT1B/branch_model/myotis_cold_taxa/two_ratio	/scratch/project_2004342/everything/paml_clean/FINAL_refseq_ftp_pipeline/11_paml_nuclear_final/ctl/CPT1B/branch_model/myotis_cold_taxa/CPT1B.myotis_cold_taxa.two_ratio.ctl
CPT1B	branch_model	myotis_cold_wholeclade_two_ratio	/scratch/project_2004342/everything/paml_clean/FINAL_refseq_ftp_pipeline/11_paml_nuclear_final/results/CPT1B/branch_model/myotis_cold_wholeclade/two_ratio	/scratch/project_2004342/everything/paml_clean/FINAL_refseq_ftp_pipeline/11_paml_nuclear_final/ctl/CPT1B/branch_model/myotis_cold_wholeclade/CPT1B.myotis_cold_wholeclade.two_ratio.ctl
CPT1B	branch_model	coldbats_taxa_two_ratio	/scratch/project_2004342/everything/paml_clean/FINAL_refseq_ftp_pipeline/11_paml_nuclear_final/results/CPT1B/branch_model/coldbats_taxa/two_ratio	/scratch/project_2004342/everything/paml_clean/FINAL_refseq_ftp_pipeline/11_paml_nuclear_final/ctl/CPT1B/branch_model/coldbats_taxa/CPT1B.coldbats_taxa.two_ratio.ctl
CPT1B	branch_model	vesper_wholeclade_two_ratio	/scratch/project_2004342/everything/paml_clean/FINAL_refseq_ftp_pipeline/11_paml_nuclear_final/results/CPT1B/branch_model/vesper_wholeclade/two_ratio	/scratch/project_2004342/everything/paml_clean/FINAL_refseq_ftp_pipeline/11_paml_nuclear_final/ctl/CPT1B/branch_model/vesper_wholeclade/CPT1B.vesper_wholeclade.two_ratio.ctl
CPT2	branch_model	nilssonii_terminal_two_ratio	/scratch/project_2004342/everything/paml_clean/FINAL_refseq_ftp_pipeline/11_paml_nuclear_final/results/CPT2/branch_model/nilssonii_terminal/two_ratio	/scratch/project_2004342/everything/paml_clean/FINAL_refseq_ftp_pipeline/11_paml_nuclear_final/ctl/CPT2/branch_model/nilssonii_terminal/CPT2.nilssonii_terminal.two_ratio.ctl
CPT2	branch_model	ept_stem_two_ratio	/scratch/project_2004342/everything/paml_clean/FINAL_refseq_ftp_pipeline/11_paml_nuclear_final/results/CPT2/branch_model/ept_stem/two_ratio	/scratch/project_2004342/everything/paml_clean/FINAL_refseq_ftp_pipeline/11_paml_nuclear_final/ctl/CPT2/branch_model/ept_stem/CPT2.ept_stem.two_ratio.ctl
CPT2	branch_model	ept_terminals_two_ratio	/scratch/project_2004342/everything/paml_clean/FINAL_refseq_ftp_pipeline/11_paml_nuclear_final/results/CPT2/branch_model/ept_terminals/two_ratio	/scratch/project_2004342/everything/paml_clean/FINAL_refseq_ftp_pipeline/11_paml_nuclear_final/ctl/CPT2/branch_model/ept_terminals/CPT2.ept_terminals.two_ratio.ctl
CPT2	branch_model	myotis_cold_taxa_two_ratio	/scratch/project_2004342/everything/paml_clean/FINAL_refseq_ftp_pipeline/11_paml_nuclear_final/results/CPT2/branch_model/myotis_cold_taxa/two_ratio	/scratch/project_2004342/everything/paml_clean/FINAL_refseq_ftp_pipeline/11_paml_nuclear_final/ctl/CPT2/branch_model/myotis_cold_taxa/CPT2.myotis_cold_taxa.two_ratio.ctl
CPT2	branch_model	myotis_cold_wholeclade_two_ratio	/scratch/project_2004342/everything/paml_clean/FINAL_refseq_ftp_pipeline/11_paml_nuclear_final/results/CPT2/branch_model/myotis_cold_wholeclade/two_ratio	/scratch/project_2004342/everything/paml_clean/FINAL_refseq_ftp_pipeline/11_paml_nuclear_final/ctl/CPT2/branch_model/myotis_cold_wholeclade/CPT2.myotis_cold_wholeclade.two_ratio.ctl
CPT2	branch_model	coldbats_taxa_two_ratio	/scratch/project_2004342/everything/paml_clean/FINAL_refseq_ftp_pipeline/11_paml_nuclear_final/results/CPT2/branch_model/coldbats_taxa/two_ratio	/scratch/project_2004342/everything/paml_clean/FINAL_refseq_ftp_pipeline/11_paml_nuclear_final/ctl/CPT2/branch_model/coldbats_taxa/CPT2.coldbats_taxa.two_ratio.ctl
CPT2	branch_model	vesper_wholeclade_two_ratio	/scratch/project_2004342/everything/paml_clean/FINAL_refseq_ftp_pipeline/11_paml_nuclear_final/results/CPT2/branch_model/vesper_wholeclade/two_ratio	/scratch/project_2004342/everything/paml_clean/FINAL_refseq_ftp_pipeline/11_paml_nuclear_final/ctl/CPT2/branch_model/vesper_wholeclade/CPT2.vesper_wholeclade.two_ratio.ctl
CREB3L1	branch_model	nilssonii_terminal_two_ratio	/scratch/project_2004342/everything/paml_clean/FINAL_refseq_ftp_pipeline/11_paml_nuclear_final/results/CREB3L1/branch_model/nilssonii_terminal/two_ratio	/scratch/project_2004342/everything/paml_clean/FINAL_refseq_ftp_pipeline/11_paml_nuclear_final/ctl/CREB3L1/branch_model/nilssonii_terminal/CREB3L1.nilssonii_terminal.two_ratio.ctl
CREB3L1	branch_model	ept_stem_two_ratio	/scratch/project_2004342/everything/paml_clean/FINAL_refseq_ftp_pipeline/11_paml_nuclear_final/results/CREB3L1/branch_model/ept_stem/two_ratio	/scratch/project_2004342/everything/paml_clean/FINAL_refseq_ftp_pipeline/11_paml_nuclear_final/ctl/CREB3L1/branch_model/ept_stem/CREB3L1.ept_stem.two_ratio.ctl
CREB3L1	branch_model	ept_terminals_two_ratio	/scratch/project_2004342/everything/paml_clean/FINAL_refseq_ftp_pipeline/11_paml_nuclear_final/results/CREB3L1/branch_model/ept_terminals/two_ratio	/scratch/project_2004342/everything/paml_clean/FINAL_refseq_ftp_pipeline/11_paml_nuclear_final/ctl/CREB3L1/branch_model/ept_terminals/CREB3L1.ept_terminals.two_ratio.ctl
CREB3L1	branch_model	myotis_cold_taxa_two_ratio	/scratch/project_2004342/everything/paml_clean/FINAL_refseq_ftp_pipeline/11_paml_nuclear_final/results/CREB3L1/branch_model/myotis_cold_taxa/two_ratio	/scratch/project_2004342/everything/paml_clean/FINAL_refseq_ftp_pipeline/11_paml_nuclear_final/ctl/CREB3L1/branch_model/myotis_cold_taxa/CREB3L1.myotis_cold_taxa.two_ratio.ctl
CREB3L1	branch_model	myotis_cold_wholeclade_two_ratio	/scratch/project_2004342/everything/paml_clean/FINAL_refseq_ftp_pipeline/11_paml_nuclear_final/results/CREB3L1/branch_model/myotis_cold_wholeclade/two_ratio	/scratch/project_2004342/everything/paml_clean/FINAL_refseq_ftp_pipeline/11_paml_nuclear_final/ctl/CREB3L1/branch_model/myotis_cold_wholeclade/CREB3L1.myotis_cold_wholeclade.two_ratio.ctl
CREB3L1	branch_model	coldbats_taxa_two_ratio	/scratch/project_2004342/everything/paml_clean/FINAL_refseq_ftp_pipeline/11_paml_nuclear_final/results/CREB3L1/branch_model/coldbats_taxa/two_ratio	/scratch/project_2004342/everything/paml_clean/FINAL_refseq_ftp_pipeline/11_paml_nuclear_final/ctl/CREB3L1/branch_model/coldbats_taxa/CREB3L1.coldbats_taxa.two_ratio.ctl
CREB3L1	branch_model	vesper_wholeclade_two_ratio	/scratch/project_2004342/everything/paml_clean/FINAL_refseq_ftp_pipeline/11_paml_nuclear_final/results/CREB3L1/branch_model/vesper_wholeclade/two_ratio	/scratch/project_2004342/everything/paml_clean/FINAL_refseq_ftp_pipeline/11_paml_nuclear_final/ctl/CREB3L1/branch_model/vesper_wholeclade/CREB3L1.vesper_wholeclade.two_ratio.ctl
CREB3L4	branch_model	nilssonii_terminal_two_ratio	/scratch/project_2004342/everything/paml_clean/FINAL_refseq_ftp_pipeline/11_paml_nuclear_final/results/CREB3L4/branch_model/nilssonii_terminal/two_ratio	/scratch/project_2004342/everything/paml_clean/FINAL_refseq_ftp_pipeline/11_paml_nuclear_final/ctl/CREB3L4/branch_model/nilssonii_terminal/CREB3L4.nilssonii_terminal.two_ratio.ctl
CREB3L4	branch_model	ept_stem_two_ratio	/scratch/project_2004342/everything/paml_clean/FINAL_refseq_ftp_pipeline/11_paml_nuclear_final/results/CREB3L4/branch_model/ept_stem/two_ratio	/scratch/project_2004342/everything/paml_clean/FINAL_refseq_ftp_pipeline/11_paml_nuclear_final/ctl/CREB3L4/branch_model/ept_stem/CREB3L4.ept_stem.two_ratio.ctl
CREB3L4	branch_model	ept_terminals_two_ratio	/scratch/project_2004342/everything/paml_clean/FINAL_refseq_ftp_pipeline/11_paml_nuclear_final/results/CREB3L4/branch_model/ept_terminals/two_ratio	/scratch/project_2004342/everything/paml_clean/FINAL_refseq_ftp_pipeline/11_paml_nuclear_final/ctl/CREB3L4/branch_model/ept_terminals/CREB3L4.ept_terminals.two_ratio.ctl
CREB3L4	branch_model	myotis_cold_taxa_two_ratio	/scratch/project_2004342/everything/paml_clean/FINAL_refseq_ftp_pipeline/11_paml_nuclear_final/results/CREB3L4/branch_model/myotis_cold_taxa/two_ratio	/scratch/project_2004342/everything/paml_clean/FINAL_refseq_ftp_pipeline/11_paml_nuclear_final/ctl/CREB3L4/branch_model/myotis_cold_taxa/CREB3L4.myotis_cold_taxa.two_ratio.ctl
CREB3L4	branch_model	myotis_cold_wholeclade_two_ratio	/scratch/project_2004342/everything/paml_clean/FINAL_refseq_ftp_pipeline/11_paml_nuclear_final/results/CREB3L4/branch_model/myotis_cold_wholeclade/two_ratio	/scratch/project_2004342/everything/paml_clean/FINAL_refseq_ftp_pipeline/11_paml_nuclear_final/ctl/CREB3L4/branch_model/myotis_cold_wholeclade/CREB3L4.myotis_cold_wholeclade.two_ratio.ctl
CREB3L4	branch_model	coldbats_taxa_two_ratio	/scratch/project_2004342/everything/paml_clean/FINAL_refseq_ftp_pipeline/11_paml_nuclear_final/results/CREB3L4/branch_model/coldbats_taxa/two_ratio	/scratch/project_2004342/everything/paml_clean/FINAL_refseq_ftp_pipeline/11_paml_nuclear_final/ctl/CREB3L4/branch_model/coldbats_taxa/CREB3L4.coldbats_taxa.two_ratio.ctl
CREB3L4	branch_model	vesper_wholeclade_two_ratio	/scratch/project_2004342/everything/paml_clean/FINAL_refseq_ftp_pipeline/11_paml_nuclear_final/results/CREB3L4/branch_model/vesper_wholeclade/two_ratio	/scratch/project_2004342/everything/paml_clean/FINAL_refseq_ftp_pipeline/11_paml_nuclear_final/ctl/CREB3L4/branch_model/vesper_wholeclade/CREB3L4.vesper_wholeclade.two_ratio.ctl
CREB5	branch_model	nilssonii_terminal_two_ratio	/scratch/project_2004342/everything/paml_clean/FINAL_refseq_ftp_pipeline/11_paml_nuclear_final/results/CREB5/branch_model/nilssonii_terminal/two_ratio	/scratch/project_2004342/everything/paml_clean/FINAL_refseq_ftp_pipeline/11_paml_nuclear_final/ctl/CREB5/branch_model/nilssonii_terminal/CREB5.nilssonii_terminal.two_ratio.ctl
CREB5	branch_model	ept_stem_two_ratio	/scratch/project_2004342/everything/paml_clean/FINAL_refseq_ftp_pipeline/11_paml_nuclear_final/results/CREB5/branch_model/ept_stem/two_ratio	/scratch/project_2004342/everything/paml_clean/FINAL_refseq_ftp_pipeline/11_paml_nuclear_final/ctl/CREB5/branch_model/ept_stem/CREB5.ept_stem.two_ratio.ctl
CREB5	branch_model	ept_terminals_two_ratio	/scratch/project_2004342/everything/paml_clean/FINAL_refseq_ftp_pipeline/11_paml_nuclear_final/results/CREB5/branch_model/ept_terminals/two_ratio	/scratch/project_2004342/everything/paml_clean/FINAL_refseq_ftp_pipeline/11_paml_nuclear_final/ctl/CREB5/branch_model/ept_terminals/CREB5.ept_terminals.two_ratio.ctl
CREB5	branch_model	myotis_cold_taxa_two_ratio	/scratch/project_2004342/everything/paml_clean/FINAL_refseq_ftp_pipeline/11_paml_nuclear_final/results/CREB5/branch_model/myotis_cold_taxa/two_ratio	/scratch/project_2004342/everything/paml_clean/FINAL_refseq_ftp_pipeline/11_paml_nuclear_final/ctl/CREB5/branch_model/myotis_cold_taxa/CREB5.myotis_cold_taxa.two_ratio.ctl
CREB5	branch_model	myotis_cold_wholeclade_two_ratio	/scratch/project_2004342/everything/paml_clean/FINAL_refseq_ftp_pipeline/11_paml_nuclear_final/results/CREB5/branch_model/myotis_cold_wholeclade/two_ratio	/scratch/project_2004342/everything/paml_clean/FINAL_refseq_ftp_pipeline/11_paml_nuclear_final/ctl/CREB5/branch_model/myotis_cold_wholeclade/CREB5.myotis_cold_wholeclade.two_ratio.ctl
CREB5	branch_model	coldbats_taxa_two_ratio	/scratch/project_2004342/everything/paml_clean/FINAL_refseq_ftp_pipeline/11_paml_nuclear_final/results/CREB5/branch_model/coldbats_taxa/two_ratio	/scratch/project_2004342/everything/paml_clean/FINAL_refseq_ftp_pipeline/11_paml_nuclear_final/ctl/CREB5/branch_model/coldbats_taxa/CREB5.coldbats_taxa.two_ratio.ctl
CREB5	branch_model	vesper_wholeclade_two_ratio	/scratch/project_2004342/everything/paml_clean/FINAL_refseq_ftp_pipeline/11_paml_nuclear_final/results/CREB5/branch_model/vesper_wholeclade/two_ratio	/scratch/project_2004342/everything/paml_clean/FINAL_refseq_ftp_pipeline/11_paml_nuclear_final/ctl/CREB5/branch_model/vesper_wholeclade/CREB5.vesper_wholeclade.two_ratio.ctl
FGFR1	branch_model	nilssonii_terminal_two_ratio	/scratch/project_2004342/everything/paml_clean/FINAL_refseq_ftp_pipeline/11_paml_nuclear_final/results/FGFR1/branch_model/nilssonii_terminal/two_ratio	/scratch/project_2004342/everything/paml_clean/FINAL_refseq_ftp_pipeline/11_paml_nuclear_final/ctl/FGFR1/branch_model/nilssonii_terminal/FGFR1.nilssonii_terminal.two_ratio.ctl
FGFR1	branch_model	ept_stem_two_ratio	/scratch/project_2004342/everything/paml_clean/FINAL_refseq_ftp_pipeline/11_paml_nuclear_final/results/FGFR1/branch_model/ept_stem/two_ratio	/scratch/project_2004342/everything/paml_clean/FINAL_refseq_ftp_pipeline/11_paml_nuclear_final/ctl/FGFR1/branch_model/ept_stem/FGFR1.ept_stem.two_ratio.ctl
FGFR1	branch_model	ept_terminals_two_ratio	/scratch/project_2004342/everything/paml_clean/FINAL_refseq_ftp_pipeline/11_paml_nuclear_final/results/FGFR1/branch_model/ept_terminals/two_ratio	/scratch/project_2004342/everything/paml_clean/FINAL_refseq_ftp_pipeline/11_paml_nuclear_final/ctl/FGFR1/branch_model/ept_terminals/FGFR1.ept_terminals.two_ratio.ctl
FGFR1	branch_model	myotis_cold_taxa_two_ratio	/scratch/project_2004342/everything/paml_clean/FINAL_refseq_ftp_pipeline/11_paml_nuclear_final/results/FGFR1/branch_model/myotis_cold_taxa/two_ratio	/scratch/project_2004342/everything/paml_clean/FINAL_refseq_ftp_pipeline/11_paml_nuclear_final/ctl/FGFR1/branch_model/myotis_cold_taxa/FGFR1.myotis_cold_taxa.two_ratio.ctl
FGFR1	branch_model	myotis_cold_wholeclade_two_ratio	/scratch/project_2004342/everything/paml_clean/FINAL_refseq_ftp_pipeline/11_paml_nuclear_final/results/FGFR1/branch_model/myotis_cold_wholeclade/two_ratio	/scratch/project_2004342/everything/paml_clean/FINAL_refseq_ftp_pipeline/11_paml_nuclear_final/ctl/FGFR1/branch_model/myotis_cold_wholeclade/FGFR1.myotis_cold_wholeclade.two_ratio.ctl
FGFR1	branch_model	coldbats_taxa_two_ratio	/scratch/project_2004342/everything/paml_clean/FINAL_refseq_ftp_pipeline/11_paml_nuclear_final/results/FGFR1/branch_model/coldbats_taxa/two_ratio	/scratch/project_2004342/everything/paml_clean/FINAL_refseq_ftp_pipeline/11_paml_nuclear_final/ctl/FGFR1/branch_model/coldbats_taxa/FGFR1.coldbats_taxa.two_ratio.ctl
FGFR1	branch_model	vesper_wholeclade_two_ratio	/scratch/project_2004342/everything/paml_clean/FINAL_refseq_ftp_pipeline/11_paml_nuclear_final/results/FGFR1/branch_model/vesper_wholeclade/two_ratio	/scratch/project_2004342/everything/paml_clean/FINAL_refseq_ftp_pipeline/11_paml_nuclear_final/ctl/FGFR1/branch_model/vesper_wholeclade/FGFR1.vesper_wholeclade.two_ratio.ctl
NDUFA1	branch_model	nilssonii_terminal_two_ratio	/scratch/project_2004342/everything/paml_clean/FINAL_refseq_ftp_pipeline/11_paml_nuclear_final/results/NDUFA1/branch_model/nilssonii_terminal/two_ratio	/scratch/project_2004342/everything/paml_clean/FINAL_refseq_ftp_pipeline/11_paml_nuclear_final/ctl/NDUFA1/branch_model/nilssonii_terminal/NDUFA1.nilssonii_terminal.two_ratio.ctl
NDUFA1	branch_model	ept_stem_two_ratio	/scratch/project_2004342/everything/paml_clean/FINAL_refseq_ftp_pipeline/11_paml_nuclear_final/results/NDUFA1/branch_model/ept_stem/two_ratio	/scratch/project_2004342/everything/paml_clean/FINAL_refseq_ftp_pipeline/11_paml_nuclear_final/ctl/NDUFA1/branch_model/ept_stem/NDUFA1.ept_stem.two_ratio.ctl
NDUFA1	branch_model	ept_terminals_two_ratio	/scratch/project_2004342/everything/paml_clean/FINAL_refseq_ftp_pipeline/11_paml_nuclear_final/results/NDUFA1/branch_model/ept_terminals/two_ratio	/scratch/project_2004342/everything/paml_clean/FINAL_refseq_ftp_pipeline/11_paml_nuclear_final/ctl/NDUFA1/branch_model/ept_terminals/NDUFA1.ept_terminals.two_ratio.ctl
NDUFA1	branch_model	myotis_cold_taxa_two_ratio	/scratch/project_2004342/everything/paml_clean/FINAL_refseq_ftp_pipeline/11_paml_nuclear_final/results/NDUFA1/branch_model/myotis_cold_taxa/two_ratio	/scratch/project_2004342/everything/paml_clean/FINAL_refseq_ftp_pipeline/11_paml_nuclear_final/ctl/NDUFA1/branch_model/myotis_cold_taxa/NDUFA1.myotis_cold_taxa.two_ratio.ctl
NDUFA1	branch_model	myotis_cold_wholeclade_two_ratio	/scratch/project_2004342/everything/paml_clean/FINAL_refseq_ftp_pipeline/11_paml_nuclear_final/results/NDUFA1/branch_model/myotis_cold_wholeclade/two_ratio	/scratch/project_2004342/everything/paml_clean/FINAL_refseq_ftp_pipeline/11_paml_nuclear_final/ctl/NDUFA1/branch_model/myotis_cold_wholeclade/NDUFA1.myotis_cold_wholeclade.two_ratio.ctl
NDUFA1	branch_model	coldbats_taxa_two_ratio	/scratch/project_2004342/everything/paml_clean/FINAL_refseq_ftp_pipeline/11_paml_nuclear_final/results/NDUFA1/branch_model/coldbats_taxa/two_ratio	/scratch/project_2004342/everything/paml_clean/FINAL_refseq_ftp_pipeline/11_paml_nuclear_final/ctl/NDUFA1/branch_model/coldbats_taxa/NDUFA1.coldbats_taxa.two_ratio.ctl
NDUFA1	branch_model	vesper_wholeclade_two_ratio	/scratch/project_2004342/everything/paml_clean/FINAL_refseq_ftp_pipeline/11_paml_nuclear_final/results/NDUFA1/branch_model/vesper_wholeclade/two_ratio	/scratch/project_2004342/everything/paml_clean/FINAL_refseq_ftp_pipeline/11_paml_nuclear_final/ctl/NDUFA1/branch_model/vesper_wholeclade/NDUFA1.vesper_wholeclade.two_ratio.ctl
NDUFB8	branch_model	nilssonii_terminal_two_ratio	/scratch/project_2004342/everything/paml_clean/FINAL_refseq_ftp_pipeline/11_paml_nuclear_final/results/NDUFB8/branch_model/nilssonii_terminal/two_ratio	/scratch/project_2004342/everything/paml_clean/FINAL_refseq_ftp_pipeline/11_paml_nuclear_final/ctl/NDUFB8/branch_model/nilssonii_terminal/NDUFB8.nilssonii_terminal.two_ratio.ctl
NDUFB8	branch_model	ept_stem_two_ratio	/scratch/project_2004342/everything/paml_clean/FINAL_refseq_ftp_pipeline/11_paml_nuclear_final/results/NDUFB8/branch_model/ept_stem/two_ratio	/scratch/project_2004342/everything/paml_clean/FINAL_refseq_ftp_pipeline/11_paml_nuclear_final/ctl/NDUFB8/branch_model/ept_stem/NDUFB8.ept_stem.two_ratio.ctl
NDUFB8	branch_model	ept_terminals_two_ratio	/scratch/project_2004342/everything/paml_clean/FINAL_refseq_ftp_pipeline/11_paml_nuclear_final/results/NDUFB8/branch_model/ept_terminals/two_ratio	/scratch/project_2004342/everything/paml_clean/FINAL_refseq_ftp_pipeline/11_paml_nuclear_final/ctl/NDUFB8/branch_model/ept_terminals/NDUFB8.ept_terminals.two_ratio.ctl
NDUFB8	branch_model	myotis_cold_taxa_two_ratio	/scratch/project_2004342/everything/paml_clean/FINAL_refseq_ftp_pipeline/11_paml_nuclear_final/results/NDUFB8/branch_model/myotis_cold_taxa/two_ratio	/scratch/project_2004342/everything/paml_clean/FINAL_refseq_ftp_pipeline/11_paml_nuclear_final/ctl/NDUFB8/branch_model/myotis_cold_taxa/NDUFB8.myotis_cold_taxa.two_ratio.ctl
NDUFB8	branch_model	myotis_cold_wholeclade_two_ratio	/scratch/project_2004342/everything/paml_clean/FINAL_refseq_ftp_pipeline/11_paml_nuclear_final/results/NDUFB8/branch_model/myotis_cold_wholeclade/two_ratio	/scratch/project_2004342/everything/paml_clean/FINAL_refseq_ftp_pipeline/11_paml_nuclear_final/ctl/NDUFB8/branch_model/myotis_cold_wholeclade/NDUFB8.myotis_cold_wholeclade.two_ratio.ctl
NDUFB8	branch_model	coldbats_taxa_two_ratio	/scratch/project_2004342/everything/paml_clean/FINAL_refseq_ftp_pipeline/11_paml_nuclear_final/results/NDUFB8/branch_model/coldbats_taxa/two_ratio	/scratch/project_2004342/everything/paml_clean/FINAL_refseq_ftp_pipeline/11_paml_nuclear_final/ctl/NDUFB8/branch_model/coldbats_taxa/NDUFB8.coldbats_taxa.two_ratio.ctl
NDUFB8	branch_model	vesper_wholeclade_two_ratio	/scratch/project_2004342/everything/paml_clean/FINAL_refseq_ftp_pipeline/11_paml_nuclear_final/results/NDUFB8/branch_model/vesper_wholeclade/two_ratio	/scratch/project_2004342/everything/paml_clean/FINAL_refseq_ftp_pipeline/11_paml_nuclear_final/ctl/NDUFB8/branch_model/vesper_wholeclade/NDUFB8.vesper_wholeclade.two_ratio.ctl
NDUFS2	branch_model	nilssonii_terminal_two_ratio	/scratch/project_2004342/everything/paml_clean/FINAL_refseq_ftp_pipeline/11_paml_nuclear_final/results/NDUFS2/branch_model/nilssonii_terminal/two_ratio	/scratch/project_2004342/everything/paml_clean/FINAL_refseq_ftp_pipeline/11_paml_nuclear_final/ctl/NDUFS2/branch_model/nilssonii_terminal/NDUFS2.nilssonii_terminal.two_ratio.ctl
NDUFS2	branch_model	ept_stem_two_ratio	/scratch/project_2004342/everything/paml_clean/FINAL_refseq_ftp_pipeline/11_paml_nuclear_final/results/NDUFS2/branch_model/ept_stem/two_ratio	/scratch/project_2004342/everything/paml_clean/FINAL_refseq_ftp_pipeline/11_paml_nuclear_final/ctl/NDUFS2/branch_model/ept_stem/NDUFS2.ept_stem.two_ratio.ctl
NDUFS2	branch_model	ept_terminals_two_ratio	/scratch/project_2004342/everything/paml_clean/FINAL_refseq_ftp_pipeline/11_paml_nuclear_final/results/NDUFS2/branch_model/ept_terminals/two_ratio	/scratch/project_2004342/everything/paml_clean/FINAL_refseq_ftp_pipeline/11_paml_nuclear_final/ctl/NDUFS2/branch_model/ept_terminals/NDUFS2.ept_terminals.two_ratio.ctl
NDUFS2	branch_model	myotis_cold_taxa_two_ratio	/scratch/project_2004342/everything/paml_clean/FINAL_refseq_ftp_pipeline/11_paml_nuclear_final/results/NDUFS2/branch_model/myotis_cold_taxa/two_ratio	/scratch/project_2004342/everything/paml_clean/FINAL_refseq_ftp_pipeline/11_paml_nuclear_final/ctl/NDUFS2/branch_model/myotis_cold_taxa/NDUFS2.myotis_cold_taxa.two_ratio.ctl
NDUFS2	branch_model	myotis_cold_wholeclade_two_ratio	/scratch/project_2004342/everything/paml_clean/FINAL_refseq_ftp_pipeline/11_paml_nuclear_final/results/NDUFS2/branch_model/myotis_cold_wholeclade/two_ratio	/scratch/project_2004342/everything/paml_clean/FINAL_refseq_ftp_pipeline/11_paml_nuclear_final/ctl/NDUFS2/branch_model/myotis_cold_wholeclade/NDUFS2.myotis_cold_wholeclade.two_ratio.ctl
NDUFS2	branch_model	coldbats_taxa_two_ratio	/scratch/project_2004342/everything/paml_clean/FINAL_refseq_ftp_pipeline/11_paml_nuclear_final/results/NDUFS2/branch_model/coldbats_taxa/two_ratio	/scratch/project_2004342/everything/paml_clean/FINAL_refseq_ftp_pipeline/11_paml_nuclear_final/ctl/NDUFS2/branch_model/coldbats_taxa/NDUFS2.coldbats_taxa.two_ratio.ctl
NDUFS2	branch_model	vesper_wholeclade_two_ratio	/scratch/project_2004342/everything/paml_clean/FINAL_refseq_ftp_pipeline/11_paml_nuclear_final/results/NDUFS2/branch_model/vesper_wholeclade/two_ratio	/scratch/project_2004342/everything/paml_clean/FINAL_refseq_ftp_pipeline/11_paml_nuclear_final/ctl/NDUFS2/branch_model/vesper_wholeclade/NDUFS2.vesper_wholeclade.two_ratio.ctl
NDUFV2	branch_model	nilssonii_terminal_two_ratio	/scratch/project_2004342/everything/paml_clean/FINAL_refseq_ftp_pipeline/11_paml_nuclear_final/results/NDUFV2/branch_model/nilssonii_terminal/two_ratio	/scratch/project_2004342/everything/paml_clean/FINAL_refseq_ftp_pipeline/11_paml_nuclear_final/ctl/NDUFV2/branch_model/nilssonii_terminal/NDUFV2.nilssonii_terminal.two_ratio.ctl
NDUFV2	branch_model	ept_stem_two_ratio	/scratch/project_2004342/everything/paml_clean/FINAL_refseq_ftp_pipeline/11_paml_nuclear_final/results/NDUFV2/branch_model/ept_stem/two_ratio	/scratch/project_2004342/everything/paml_clean/FINAL_refseq_ftp_pipeline/11_paml_nuclear_final/ctl/NDUFV2/branch_model/ept_stem/NDUFV2.ept_stem.two_ratio.ctl
NDUFV2	branch_model	ept_terminals_two_ratio	/scratch/project_2004342/everything/paml_clean/FINAL_refseq_ftp_pipeline/11_paml_nuclear_final/results/NDUFV2/branch_model/ept_terminals/two_ratio	/scratch/project_2004342/everything/paml_clean/FINAL_refseq_ftp_pipeline/11_paml_nuclear_final/ctl/NDUFV2/branch_model/ept_terminals/NDUFV2.ept_terminals.two_ratio.ctl
NDUFV2	branch_model	myotis_cold_taxa_two_ratio	/scratch/project_2004342/everything/paml_clean/FINAL_refseq_ftp_pipeline/11_paml_nuclear_final/results/NDUFV2/branch_model/myotis_cold_taxa/two_ratio	/scratch/project_2004342/everything/paml_clean/FINAL_refseq_ftp_pipeline/11_paml_nuclear_final/ctl/NDUFV2/branch_model/myotis_cold_taxa/NDUFV2.myotis_cold_taxa.two_ratio.ctl
NDUFV2	branch_model	myotis_cold_wholeclade_two_ratio	/scratch/project_2004342/everything/paml_clean/FINAL_refseq_ftp_pipeline/11_paml_nuclear_final/results/NDUFV2/branch_model/myotis_cold_wholeclade/two_ratio	/scratch/project_2004342/everything/paml_clean/FINAL_refseq_ftp_pipeline/11_paml_nuclear_final/ctl/NDUFV2/branch_model/myotis_cold_wholeclade/NDUFV2.myotis_cold_wholeclade.two_ratio.ctl
NDUFV2	branch_model	coldbats_taxa_two_ratio	/scratch/project_2004342/everything/paml_clean/FINAL_refseq_ftp_pipeline/11_paml_nuclear_final/results/NDUFV2/branch_model/coldbats_taxa/two_ratio	/scratch/project_2004342/everything/paml_clean/FINAL_refseq_ftp_pipeline/11_paml_nuclear_final/ctl/NDUFV2/branch_model/coldbats_taxa/NDUFV2.coldbats_taxa.two_ratio.ctl
NDUFV2	branch_model	vesper_wholeclade_two_ratio	/scratch/project_2004342/everything/paml_clean/FINAL_refseq_ftp_pipeline/11_paml_nuclear_final/results/NDUFV2/branch_model/vesper_wholeclade/two_ratio	/scratch/project_2004342/everything/paml_clean/FINAL_refseq_ftp_pipeline/11_paml_nuclear_final/ctl/NDUFV2/branch_model/vesper_wholeclade/NDUFV2.vesper_wholeclade.two_ratio.ctl
PLIN1	branch_model	nilssonii_terminal_two_ratio	/scratch/project_2004342/everything/paml_clean/FINAL_refseq_ftp_pipeline/11_paml_nuclear_final/results/PLIN1/branch_model/nilssonii_terminal/two_ratio	/scratch/project_2004342/everything/paml_clean/FINAL_refseq_ftp_pipeline/11_paml_nuclear_final/ctl/PLIN1/branch_model/nilssonii_terminal/PLIN1.nilssonii_terminal.two_ratio.ctl
PLIN1	branch_model	ept_stem_two_ratio	/scratch/project_2004342/everything/paml_clean/FINAL_refseq_ftp_pipeline/11_paml_nuclear_final/results/PLIN1/branch_model/ept_stem/two_ratio	/scratch/project_2004342/everything/paml_clean/FINAL_refseq_ftp_pipeline/11_paml_nuclear_final/ctl/PLIN1/branch_model/ept_stem/PLIN1.ept_stem.two_ratio.ctl
PLIN1	branch_model	ept_terminals_two_ratio	/scratch/project_2004342/everything/paml_clean/FINAL_refseq_ftp_pipeline/11_paml_nuclear_final/results/PLIN1/branch_model/ept_terminals/two_ratio	/scratch/project_2004342/everything/paml_clean/FINAL_refseq_ftp_pipeline/11_paml_nuclear_final/ctl/PLIN1/branch_model/ept_terminals/PLIN1.ept_terminals.two_ratio.ctl
PLIN1	branch_model	myotis_cold_taxa_two_ratio	/scratch/project_2004342/everything/paml_clean/FINAL_refseq_ftp_pipeline/11_paml_nuclear_final/results/PLIN1/branch_model/myotis_cold_taxa/two_ratio	/scratch/project_2004342/everything/paml_clean/FINAL_refseq_ftp_pipeline/11_paml_nuclear_final/ctl/PLIN1/branch_model/myotis_cold_taxa/PLIN1.myotis_cold_taxa.two_ratio.ctl
PLIN1	branch_model	coldbats_taxa_two_ratio	/scratch/project_2004342/everything/paml_clean/FINAL_refseq_ftp_pipeline/11_paml_nuclear_final/results/PLIN1/branch_model/coldbats_taxa/two_ratio	/scratch/project_2004342/everything/paml_clean/FINAL_refseq_ftp_pipeline/11_paml_nuclear_final/ctl/PLIN1/branch_model/coldbats_taxa/PLIN1.coldbats_taxa.two_ratio.ctl
PPARG	branch_model	nilssonii_terminal_two_ratio	/scratch/project_2004342/everything/paml_clean/FINAL_refseq_ftp_pipeline/11_paml_nuclear_final/results/PPARG/branch_model/nilssonii_terminal/two_ratio	/scratch/project_2004342/everything/paml_clean/FINAL_refseq_ftp_pipeline/11_paml_nuclear_final/ctl/PPARG/branch_model/nilssonii_terminal/PPARG.nilssonii_terminal.two_ratio.ctl
PPARG	branch_model	ept_stem_two_ratio	/scratch/project_2004342/everything/paml_clean/FINAL_refseq_ftp_pipeline/11_paml_nuclear_final/results/PPARG/branch_model/ept_stem/two_ratio	/scratch/project_2004342/everything/paml_clean/FINAL_refseq_ftp_pipeline/11_paml_nuclear_final/ctl/PPARG/branch_model/ept_stem/PPARG.ept_stem.two_ratio.ctl
PPARG	branch_model	ept_terminals_two_ratio	/scratch/project_2004342/everything/paml_clean/FINAL_refseq_ftp_pipeline/11_paml_nuclear_final/results/PPARG/branch_model/ept_terminals/two_ratio	/scratch/project_2004342/everything/paml_clean/FINAL_refseq_ftp_pipeline/11_paml_nuclear_final/ctl/PPARG/branch_model/ept_terminals/PPARG.ept_terminals.two_ratio.ctl
PPARG	branch_model	myotis_cold_taxa_two_ratio	/scratch/project_2004342/everything/paml_clean/FINAL_refseq_ftp_pipeline/11_paml_nuclear_final/results/PPARG/branch_model/myotis_cold_taxa/two_ratio	/scratch/project_2004342/everything/paml_clean/FINAL_refseq_ftp_pipeline/11_paml_nuclear_final/ctl/PPARG/branch_model/myotis_cold_taxa/PPARG.myotis_cold_taxa.two_ratio.ctl
PPARG	branch_model	myotis_cold_wholeclade_two_ratio	/scratch/project_2004342/everything/paml_clean/FINAL_refseq_ftp_pipeline/11_paml_nuclear_final/results/PPARG/branch_model/myotis_cold_wholeclade/two_ratio	/scratch/project_2004342/everything/paml_clean/FINAL_refseq_ftp_pipeline/11_paml_nuclear_final/ctl/PPARG/branch_model/myotis_cold_wholeclade/PPARG.myotis_cold_wholeclade.two_ratio.ctl
PPARG	branch_model	coldbats_taxa_two_ratio	/scratch/project_2004342/everything/paml_clean/FINAL_refseq_ftp_pipeline/11_paml_nuclear_final/results/PPARG/branch_model/coldbats_taxa/two_ratio	/scratch/project_2004342/everything/paml_clean/FINAL_refseq_ftp_pipeline/11_paml_nuclear_final/ctl/PPARG/branch_model/coldbats_taxa/PPARG.coldbats_taxa.two_ratio.ctl
PPARG	branch_model	vesper_wholeclade_two_ratio	/scratch/project_2004342/everything/paml_clean/FINAL_refseq_ftp_pipeline/11_paml_nuclear_final/results/PPARG/branch_model/vesper_wholeclade/two_ratio	/scratch/project_2004342/everything/paml_clean/FINAL_refseq_ftp_pipeline/11_paml_nuclear_final/ctl/PPARG/branch_model/vesper_wholeclade/PPARG.vesper_wholeclade.two_ratio.ctl
PPARGC1A	branch_model	nilssonii_terminal_two_ratio	/scratch/project_2004342/everything/paml_clean/FINAL_refseq_ftp_pipeline/11_paml_nuclear_final/results/PPARGC1A/branch_model/nilssonii_terminal/two_ratio	/scratch/project_2004342/everything/paml_clean/FINAL_refseq_ftp_pipeline/11_paml_nuclear_final/ctl/PPARGC1A/branch_model/nilssonii_terminal/PPARGC1A.nilssonii_terminal.two_ratio.ctl
PPARGC1A	branch_model	ept_stem_two_ratio	/scratch/project_2004342/everything/paml_clean/FINAL_refseq_ftp_pipeline/11_paml_nuclear_final/results/PPARGC1A/branch_model/ept_stem/two_ratio	/scratch/project_2004342/everything/paml_clean/FINAL_refseq_ftp_pipeline/11_paml_nuclear_final/ctl/PPARGC1A/branch_model/ept_stem/PPARGC1A.ept_stem.two_ratio.ctl
PPARGC1A	branch_model	ept_terminals_two_ratio	/scratch/project_2004342/everything/paml_clean/FINAL_refseq_ftp_pipeline/11_paml_nuclear_final/results/PPARGC1A/branch_model/ept_terminals/two_ratio	/scratch/project_2004342/everything/paml_clean/FINAL_refseq_ftp_pipeline/11_paml_nuclear_final/ctl/PPARGC1A/branch_model/ept_terminals/PPARGC1A.ept_terminals.two_ratio.ctl
PPARGC1A	branch_model	myotis_cold_taxa_two_ratio	/scratch/project_2004342/everything/paml_clean/FINAL_refseq_ftp_pipeline/11_paml_nuclear_final/results/PPARGC1A/branch_model/myotis_cold_taxa/two_ratio	/scratch/project_2004342/everything/paml_clean/FINAL_refseq_ftp_pipeline/11_paml_nuclear_final/ctl/PPARGC1A/branch_model/myotis_cold_taxa/PPARGC1A.myotis_cold_taxa.two_ratio.ctl
PPARGC1A	branch_model	myotis_cold_wholeclade_two_ratio	/scratch/project_2004342/everything/paml_clean/FINAL_refseq_ftp_pipeline/11_paml_nuclear_final/results/PPARGC1A/branch_model/myotis_cold_wholeclade/two_ratio	/scratch/project_2004342/everything/paml_clean/FINAL_refseq_ftp_pipeline/11_paml_nuclear_final/ctl/PPARGC1A/branch_model/myotis_cold_wholeclade/PPARGC1A.myotis_cold_wholeclade.two_ratio.ctl
PPARGC1A	branch_model	coldbats_taxa_two_ratio	/scratch/project_2004342/everything/paml_clean/FINAL_refseq_ftp_pipeline/11_paml_nuclear_final/results/PPARGC1A/branch_model/coldbats_taxa/two_ratio	/scratch/project_2004342/everything/paml_clean/FINAL_refseq_ftp_pipeline/11_paml_nuclear_final/ctl/PPARGC1A/branch_model/coldbats_taxa/PPARGC1A.coldbats_taxa.two_ratio.ctl
PPARGC1A	branch_model	vesper_wholeclade_two_ratio	/scratch/project_2004342/everything/paml_clean/FINAL_refseq_ftp_pipeline/11_paml_nuclear_final/results/PPARGC1A/branch_model/vesper_wholeclade/two_ratio	/scratch/project_2004342/everything/paml_clean/FINAL_refseq_ftp_pipeline/11_paml_nuclear_final/ctl/PPARGC1A/branch_model/vesper_wholeclade/PPARGC1A.vesper_wholeclade.two_ratio.ctl
PRDM16	branch_model	nilssonii_terminal_two_ratio	/scratch/project_2004342/everything/paml_clean/FINAL_refseq_ftp_pipeline/11_paml_nuclear_final/results/PRDM16/branch_model/nilssonii_terminal/two_ratio	/scratch/project_2004342/everything/paml_clean/FINAL_refseq_ftp_pipeline/11_paml_nuclear_final/ctl/PRDM16/branch_model/nilssonii_terminal/PRDM16.nilssonii_terminal.two_ratio.ctl
PRDM16	branch_model	ept_stem_two_ratio	/scratch/project_2004342/everything/paml_clean/FINAL_refseq_ftp_pipeline/11_paml_nuclear_final/results/PRDM16/branch_model/ept_stem/two_ratio	/scratch/project_2004342/everything/paml_clean/FINAL_refseq_ftp_pipeline/11_paml_nuclear_final/ctl/PRDM16/branch_model/ept_stem/PRDM16.ept_stem.two_ratio.ctl
PRDM16	branch_model	ept_terminals_two_ratio	/scratch/project_2004342/everything/paml_clean/FINAL_refseq_ftp_pipeline/11_paml_nuclear_final/results/PRDM16/branch_model/ept_terminals/two_ratio	/scratch/project_2004342/everything/paml_clean/FINAL_refseq_ftp_pipeline/11_paml_nuclear_final/ctl/PRDM16/branch_model/ept_terminals/PRDM16.ept_terminals.two_ratio.ctl
PRDM16	branch_model	myotis_cold_taxa_two_ratio	/scratch/project_2004342/everything/paml_clean/FINAL_refseq_ftp_pipeline/11_paml_nuclear_final/results/PRDM16/branch_model/myotis_cold_taxa/two_ratio	/scratch/project_2004342/everything/paml_clean/FINAL_refseq_ftp_pipeline/11_paml_nuclear_final/ctl/PRDM16/branch_model/myotis_cold_taxa/PRDM16.myotis_cold_taxa.two_ratio.ctl
PRDM16	branch_model	coldbats_taxa_two_ratio	/scratch/project_2004342/everything/paml_clean/FINAL_refseq_ftp_pipeline/11_paml_nuclear_final/results/PRDM16/branch_model/coldbats_taxa/two_ratio	/scratch/project_2004342/everything/paml_clean/FINAL_refseq_ftp_pipeline/11_paml_nuclear_final/ctl/PRDM16/branch_model/coldbats_taxa/PRDM16.coldbats_taxa.two_ratio.ctl
PRKAA1	branch_model	nilssonii_terminal_two_ratio	/scratch/project_2004342/everything/paml_clean/FINAL_refseq_ftp_pipeline/11_paml_nuclear_final/results/PRKAA1/branch_model/nilssonii_terminal/two_ratio	/scratch/project_2004342/everything/paml_clean/FINAL_refseq_ftp_pipeline/11_paml_nuclear_final/ctl/PRKAA1/branch_model/nilssonii_terminal/PRKAA1.nilssonii_terminal.two_ratio.ctl
PRKAA1	branch_model	ept_stem_two_ratio	/scratch/project_2004342/everything/paml_clean/FINAL_refseq_ftp_pipeline/11_paml_nuclear_final/results/PRKAA1/branch_model/ept_stem/two_ratio	/scratch/project_2004342/everything/paml_clean/FINAL_refseq_ftp_pipeline/11_paml_nuclear_final/ctl/PRKAA1/branch_model/ept_stem/PRKAA1.ept_stem.two_ratio.ctl
PRKAA1	branch_model	ept_terminals_two_ratio	/scratch/project_2004342/everything/paml_clean/FINAL_refseq_ftp_pipeline/11_paml_nuclear_final/results/PRKAA1/branch_model/ept_terminals/two_ratio	/scratch/project_2004342/everything/paml_clean/FINAL_refseq_ftp_pipeline/11_paml_nuclear_final/ctl/PRKAA1/branch_model/ept_terminals/PRKAA1.ept_terminals.two_ratio.ctl
PRKAA1	branch_model	myotis_cold_taxa_two_ratio	/scratch/project_2004342/everything/paml_clean/FINAL_refseq_ftp_pipeline/11_paml_nuclear_final/results/PRKAA1/branch_model/myotis_cold_taxa/two_ratio	/scratch/project_2004342/everything/paml_clean/FINAL_refseq_ftp_pipeline/11_paml_nuclear_final/ctl/PRKAA1/branch_model/myotis_cold_taxa/PRKAA1.myotis_cold_taxa.two_ratio.ctl
PRKAA1	branch_model	myotis_cold_wholeclade_two_ratio	/scratch/project_2004342/everything/paml_clean/FINAL_refseq_ftp_pipeline/11_paml_nuclear_final/results/PRKAA1/branch_model/myotis_cold_wholeclade/two_ratio	/scratch/project_2004342/everything/paml_clean/FINAL_refseq_ftp_pipeline/11_paml_nuclear_final/ctl/PRKAA1/branch_model/myotis_cold_wholeclade/PRKAA1.myotis_cold_wholeclade.two_ratio.ctl
PRKAA1	branch_model	coldbats_taxa_two_ratio	/scratch/project_2004342/everything/paml_clean/FINAL_refseq_ftp_pipeline/11_paml_nuclear_final/results/PRKAA1/branch_model/coldbats_taxa/two_ratio	/scratch/project_2004342/everything/paml_clean/FINAL_refseq_ftp_pipeline/11_paml_nuclear_final/ctl/PRKAA1/branch_model/coldbats_taxa/PRKAA1.coldbats_taxa.two_ratio.ctl
PRKAA1	branch_model	vesper_wholeclade_two_ratio	/scratch/project_2004342/everything/paml_clean/FINAL_refseq_ftp_pipeline/11_paml_nuclear_final/results/PRKAA1/branch_model/vesper_wholeclade/two_ratio	/scratch/project_2004342/everything/paml_clean/FINAL_refseq_ftp_pipeline/11_paml_nuclear_final/ctl/PRKAA1/branch_model/vesper_wholeclade/PRKAA1.vesper_wholeclade.two_ratio.ctl
SDHA1	branch_model	nilssonii_terminal_two_ratio	/scratch/project_2004342/everything/paml_clean/FINAL_refseq_ftp_pipeline/11_paml_nuclear_final/results/SDHA1/branch_model/nilssonii_terminal/two_ratio	/scratch/project_2004342/everything/paml_clean/FINAL_refseq_ftp_pipeline/11_paml_nuclear_final/ctl/SDHA1/branch_model/nilssonii_terminal/SDHA1.nilssonii_terminal.two_ratio.ctl
SDHA1	branch_model	ept_stem_two_ratio	/scratch/project_2004342/everything/paml_clean/FINAL_refseq_ftp_pipeline/11_paml_nuclear_final/results/SDHA1/branch_model/ept_stem/two_ratio	/scratch/project_2004342/everything/paml_clean/FINAL_refseq_ftp_pipeline/11_paml_nuclear_final/ctl/SDHA1/branch_model/ept_stem/SDHA1.ept_stem.two_ratio.ctl
SDHA1	branch_model	ept_terminals_two_ratio	/scratch/project_2004342/everything/paml_clean/FINAL_refseq_ftp_pipeline/11_paml_nuclear_final/results/SDHA1/branch_model/ept_terminals/two_ratio	/scratch/project_2004342/everything/paml_clean/FINAL_refseq_ftp_pipeline/11_paml_nuclear_final/ctl/SDHA1/branch_model/ept_terminals/SDHA1.ept_terminals.two_ratio.ctl
SDHA1	branch_model	myotis_cold_taxa_two_ratio	/scratch/project_2004342/everything/paml_clean/FINAL_refseq_ftp_pipeline/11_paml_nuclear_final/results/SDHA1/branch_model/myotis_cold_taxa/two_ratio	/scratch/project_2004342/everything/paml_clean/FINAL_refseq_ftp_pipeline/11_paml_nuclear_final/ctl/SDHA1/branch_model/myotis_cold_taxa/SDHA1.myotis_cold_taxa.two_ratio.ctl
SDHA1	branch_model	myotis_cold_wholeclade_two_ratio	/scratch/project_2004342/everything/paml_clean/FINAL_refseq_ftp_pipeline/11_paml_nuclear_final/results/SDHA1/branch_model/myotis_cold_wholeclade/two_ratio	/scratch/project_2004342/everything/paml_clean/FINAL_refseq_ftp_pipeline/11_paml_nuclear_final/ctl/SDHA1/branch_model/myotis_cold_wholeclade/SDHA1.myotis_cold_wholeclade.two_ratio.ctl
SDHA1	branch_model	coldbats_taxa_two_ratio	/scratch/project_2004342/everything/paml_clean/FINAL_refseq_ftp_pipeline/11_paml_nuclear_final/results/SDHA1/branch_model/coldbats_taxa/two_ratio	/scratch/project_2004342/everything/paml_clean/FINAL_refseq_ftp_pipeline/11_paml_nuclear_final/ctl/SDHA1/branch_model/coldbats_taxa/SDHA1.coldbats_taxa.two_ratio.ctl
SDHA1	branch_model	vesper_wholeclade_two_ratio	/scratch/project_2004342/everything/paml_clean/FINAL_refseq_ftp_pipeline/11_paml_nuclear_final/results/SDHA1/branch_model/vesper_wholeclade/two_ratio	/scratch/project_2004342/everything/paml_clean/FINAL_refseq_ftp_pipeline/11_paml_nuclear_final/ctl/SDHA1/branch_model/vesper_wholeclade/SDHA1.vesper_wholeclade.two_ratio.ctl
SDHB	branch_model	nilssonii_terminal_two_ratio	/scratch/project_2004342/everything/paml_clean/FINAL_refseq_ftp_pipeline/11_paml_nuclear_final/results/SDHB/branch_model/nilssonii_terminal/two_ratio	/scratch/project_2004342/everything/paml_clean/FINAL_refseq_ftp_pipeline/11_paml_nuclear_final/ctl/SDHB/branch_model/nilssonii_terminal/SDHB.nilssonii_terminal.two_ratio.ctl
SDHB	branch_model	ept_stem_two_ratio	/scratch/project_2004342/everything/paml_clean/FINAL_refseq_ftp_pipeline/11_paml_nuclear_final/results/SDHB/branch_model/ept_stem/two_ratio	/scratch/project_2004342/everything/paml_clean/FINAL_refseq_ftp_pipeline/11_paml_nuclear_final/ctl/SDHB/branch_model/ept_stem/SDHB.ept_stem.two_ratio.ctl
SDHB	branch_model	ept_terminals_two_ratio	/scratch/project_2004342/everything/paml_clean/FINAL_refseq_ftp_pipeline/11_paml_nuclear_final/results/SDHB/branch_model/ept_terminals/two_ratio	/scratch/project_2004342/everything/paml_clean/FINAL_refseq_ftp_pipeline/11_paml_nuclear_final/ctl/SDHB/branch_model/ept_terminals/SDHB.ept_terminals.two_ratio.ctl
SDHB	branch_model	myotis_cold_taxa_two_ratio	/scratch/project_2004342/everything/paml_clean/FINAL_refseq_ftp_pipeline/11_paml_nuclear_final/results/SDHB/branch_model/myotis_cold_taxa/two_ratio	/scratch/project_2004342/everything/paml_clean/FINAL_refseq_ftp_pipeline/11_paml_nuclear_final/ctl/SDHB/branch_model/myotis_cold_taxa/SDHB.myotis_cold_taxa.two_ratio.ctl
SDHB	branch_model	coldbats_taxa_two_ratio	/scratch/project_2004342/everything/paml_clean/FINAL_refseq_ftp_pipeline/11_paml_nuclear_final/results/SDHB/branch_model/coldbats_taxa/two_ratio	/scratch/project_2004342/everything/paml_clean/FINAL_refseq_ftp_pipeline/11_paml_nuclear_final/ctl/SDHB/branch_model/coldbats_taxa/SDHB.coldbats_taxa.two_ratio.ctl
SIRT6	branch_model	nilssonii_terminal_two_ratio	/scratch/project_2004342/everything/paml_clean/FINAL_refseq_ftp_pipeline/11_paml_nuclear_final/results/SIRT6/branch_model/nilssonii_terminal/two_ratio	/scratch/project_2004342/everything/paml_clean/FINAL_refseq_ftp_pipeline/11_paml_nuclear_final/ctl/SIRT6/branch_model/nilssonii_terminal/SIRT6.nilssonii_terminal.two_ratio.ctl
SIRT6	branch_model	ept_stem_two_ratio	/scratch/project_2004342/everything/paml_clean/FINAL_refseq_ftp_pipeline/11_paml_nuclear_final/results/SIRT6/branch_model/ept_stem/two_ratio	/scratch/project_2004342/everything/paml_clean/FINAL_refseq_ftp_pipeline/11_paml_nuclear_final/ctl/SIRT6/branch_model/ept_stem/SIRT6.ept_stem.two_ratio.ctl
SIRT6	branch_model	ept_terminals_two_ratio	/scratch/project_2004342/everything/paml_clean/FINAL_refseq_ftp_pipeline/11_paml_nuclear_final/results/SIRT6/branch_model/ept_terminals/two_ratio	/scratch/project_2004342/everything/paml_clean/FINAL_refseq_ftp_pipeline/11_paml_nuclear_final/ctl/SIRT6/branch_model/ept_terminals/SIRT6.ept_terminals.two_ratio.ctl
SIRT6	branch_model	myotis_cold_taxa_two_ratio	/scratch/project_2004342/everything/paml_clean/FINAL_refseq_ftp_pipeline/11_paml_nuclear_final/results/SIRT6/branch_model/myotis_cold_taxa/two_ratio	/scratch/project_2004342/everything/paml_clean/FINAL_refseq_ftp_pipeline/11_paml_nuclear_final/ctl/SIRT6/branch_model/myotis_cold_taxa/SIRT6.myotis_cold_taxa.two_ratio.ctl
SIRT6	branch_model	coldbats_taxa_two_ratio	/scratch/project_2004342/everything/paml_clean/FINAL_refseq_ftp_pipeline/11_paml_nuclear_final/results/SIRT6/branch_model/coldbats_taxa/two_ratio	/scratch/project_2004342/everything/paml_clean/FINAL_refseq_ftp_pipeline/11_paml_nuclear_final/ctl/SIRT6/branch_model/coldbats_taxa/SIRT6.coldbats_taxa.two_ratio.ctl
SLC25A20	branch_model	nilssonii_terminal_two_ratio	/scratch/project_2004342/everything/paml_clean/FINAL_refseq_ftp_pipeline/11_paml_nuclear_final/results/SLC25A20/branch_model/nilssonii_terminal/two_ratio	/scratch/project_2004342/everything/paml_clean/FINAL_refseq_ftp_pipeline/11_paml_nuclear_final/ctl/SLC25A20/branch_model/nilssonii_terminal/SLC25A20.nilssonii_terminal.two_ratio.ctl
SLC25A20	branch_model	ept_stem_two_ratio	/scratch/project_2004342/everything/paml_clean/FINAL_refseq_ftp_pipeline/11_paml_nuclear_final/results/SLC25A20/branch_model/ept_stem/two_ratio	/scratch/project_2004342/everything/paml_clean/FINAL_refseq_ftp_pipeline/11_paml_nuclear_final/ctl/SLC25A20/branch_model/ept_stem/SLC25A20.ept_stem.two_ratio.ctl
SLC25A20	branch_model	ept_terminals_two_ratio	/scratch/project_2004342/everything/paml_clean/FINAL_refseq_ftp_pipeline/11_paml_nuclear_final/results/SLC25A20/branch_model/ept_terminals/two_ratio	/scratch/project_2004342/everything/paml_clean/FINAL_refseq_ftp_pipeline/11_paml_nuclear_final/ctl/SLC25A20/branch_model/ept_terminals/SLC25A20.ept_terminals.two_ratio.ctl
SLC25A20	branch_model	myotis_cold_taxa_two_ratio	/scratch/project_2004342/everything/paml_clean/FINAL_refseq_ftp_pipeline/11_paml_nuclear_final/results/SLC25A20/branch_model/myotis_cold_taxa/two_ratio	/scratch/project_2004342/everything/paml_clean/FINAL_refseq_ftp_pipeline/11_paml_nuclear_final/ctl/SLC25A20/branch_model/myotis_cold_taxa/SLC25A20.myotis_cold_taxa.two_ratio.ctl
SLC25A20	branch_model	myotis_cold_wholeclade_two_ratio	/scratch/project_2004342/everything/paml_clean/FINAL_refseq_ftp_pipeline/11_paml_nuclear_final/results/SLC25A20/branch_model/myotis_cold_wholeclade/two_ratio	/scratch/project_2004342/everything/paml_clean/FINAL_refseq_ftp_pipeline/11_paml_nuclear_final/ctl/SLC25A20/branch_model/myotis_cold_wholeclade/SLC25A20.myotis_cold_wholeclade.two_ratio.ctl
SLC25A20	branch_model	coldbats_taxa_two_ratio	/scratch/project_2004342/everything/paml_clean/FINAL_refseq_ftp_pipeline/11_paml_nuclear_final/results/SLC25A20/branch_model/coldbats_taxa/two_ratio	/scratch/project_2004342/everything/paml_clean/FINAL_refseq_ftp_pipeline/11_paml_nuclear_final/ctl/SLC25A20/branch_model/coldbats_taxa/SLC25A20.coldbats_taxa.two_ratio.ctl
SLC25A20	branch_model	vesper_wholeclade_two_ratio	/scratch/project_2004342/everything/paml_clean/FINAL_refseq_ftp_pipeline/11_paml_nuclear_final/results/SLC25A20/branch_model/vesper_wholeclade/two_ratio	/scratch/project_2004342/everything/paml_clean/FINAL_refseq_ftp_pipeline/11_paml_nuclear_final/ctl/SLC25A20/branch_model/vesper_wholeclade/SLC25A20.vesper_wholeclade.two_ratio.ctl
SOS1	branch_model	nilssonii_terminal_two_ratio	/scratch/project_2004342/everything/paml_clean/FINAL_refseq_ftp_pipeline/11_paml_nuclear_final/results/SOS1/branch_model/nilssonii_terminal/two_ratio	/scratch/project_2004342/everything/paml_clean/FINAL_refseq_ftp_pipeline/11_paml_nuclear_final/ctl/SOS1/branch_model/nilssonii_terminal/SOS1.nilssonii_terminal.two_ratio.ctl
SOS1	branch_model	ept_stem_two_ratio	/scratch/project_2004342/everything/paml_clean/FINAL_refseq_ftp_pipeline/11_paml_nuclear_final/results/SOS1/branch_model/ept_stem/two_ratio	/scratch/project_2004342/everything/paml_clean/FINAL_refseq_ftp_pipeline/11_paml_nuclear_final/ctl/SOS1/branch_model/ept_stem/SOS1.ept_stem.two_ratio.ctl
SOS1	branch_model	ept_terminals_two_ratio	/scratch/project_2004342/everything/paml_clean/FINAL_refseq_ftp_pipeline/11_paml_nuclear_final/results/SOS1/branch_model/ept_terminals/two_ratio	/scratch/project_2004342/everything/paml_clean/FINAL_refseq_ftp_pipeline/11_paml_nuclear_final/ctl/SOS1/branch_model/ept_terminals/SOS1.ept_terminals.two_ratio.ctl
SOS1	branch_model	myotis_cold_taxa_two_ratio	/scratch/project_2004342/everything/paml_clean/FINAL_refseq_ftp_pipeline/11_paml_nuclear_final/results/SOS1/branch_model/myotis_cold_taxa/two_ratio	/scratch/project_2004342/everything/paml_clean/FINAL_refseq_ftp_pipeline/11_paml_nuclear_final/ctl/SOS1/branch_model/myotis_cold_taxa/SOS1.myotis_cold_taxa.two_ratio.ctl
SOS1	branch_model	myotis_cold_wholeclade_two_ratio	/scratch/project_2004342/everything/paml_clean/FINAL_refseq_ftp_pipeline/11_paml_nuclear_final/results/SOS1/branch_model/myotis_cold_wholeclade/two_ratio	/scratch/project_2004342/everything/paml_clean/FINAL_refseq_ftp_pipeline/11_paml_nuclear_final/ctl/SOS1/branch_model/myotis_cold_wholeclade/SOS1.myotis_cold_wholeclade.two_ratio.ctl
SOS1	branch_model	coldbats_taxa_two_ratio	/scratch/project_2004342/everything/paml_clean/FINAL_refseq_ftp_pipeline/11_paml_nuclear_final/results/SOS1/branch_model/coldbats_taxa/two_ratio	/scratch/project_2004342/everything/paml_clean/FINAL_refseq_ftp_pipeline/11_paml_nuclear_final/ctl/SOS1/branch_model/coldbats_taxa/SOS1.coldbats_taxa.two_ratio.ctl
SOS1	branch_model	vesper_wholeclade_two_ratio	/scratch/project_2004342/everything/paml_clean/FINAL_refseq_ftp_pipeline/11_paml_nuclear_final/results/SOS1/branch_model/vesper_wholeclade/two_ratio	/scratch/project_2004342/everything/paml_clean/FINAL_refseq_ftp_pipeline/11_paml_nuclear_final/ctl/SOS1/branch_model/vesper_wholeclade/SOS1.vesper_wholeclade.two_ratio.ctl
SOS2	branch_model	nilssonii_terminal_two_ratio	/scratch/project_2004342/everything/paml_clean/FINAL_refseq_ftp_pipeline/11_paml_nuclear_final/results/SOS2/branch_model/nilssonii_terminal/two_ratio	/scratch/project_2004342/everything/paml_clean/FINAL_refseq_ftp_pipeline/11_paml_nuclear_final/ctl/SOS2/branch_model/nilssonii_terminal/SOS2.nilssonii_terminal.two_ratio.ctl
SOS2	branch_model	ept_stem_two_ratio	/scratch/project_2004342/everything/paml_clean/FINAL_refseq_ftp_pipeline/11_paml_nuclear_final/results/SOS2/branch_model/ept_stem/two_ratio	/scratch/project_2004342/everything/paml_clean/FINAL_refseq_ftp_pipeline/11_paml_nuclear_final/ctl/SOS2/branch_model/ept_stem/SOS2.ept_stem.two_ratio.ctl
SOS2	branch_model	ept_terminals_two_ratio	/scratch/project_2004342/everything/paml_clean/FINAL_refseq_ftp_pipeline/11_paml_nuclear_final/results/SOS2/branch_model/ept_terminals/two_ratio	/scratch/project_2004342/everything/paml_clean/FINAL_refseq_ftp_pipeline/11_paml_nuclear_final/ctl/SOS2/branch_model/ept_terminals/SOS2.ept_terminals.two_ratio.ctl
SOS2	branch_model	myotis_cold_taxa_two_ratio	/scratch/project_2004342/everything/paml_clean/FINAL_refseq_ftp_pipeline/11_paml_nuclear_final/results/SOS2/branch_model/myotis_cold_taxa/two_ratio	/scratch/project_2004342/everything/paml_clean/FINAL_refseq_ftp_pipeline/11_paml_nuclear_final/ctl/SOS2/branch_model/myotis_cold_taxa/SOS2.myotis_cold_taxa.two_ratio.ctl
SOS2	branch_model	coldbats_taxa_two_ratio	/scratch/project_2004342/everything/paml_clean/FINAL_refseq_ftp_pipeline/11_paml_nuclear_final/results/SOS2/branch_model/coldbats_taxa/two_ratio	/scratch/project_2004342/everything/paml_clean/FINAL_refseq_ftp_pipeline/11_paml_nuclear_final/ctl/SOS2/branch_model/coldbats_taxa/SOS2.coldbats_taxa.two_ratio.ctl
UCP1	branch_model	nilssonii_terminal_two_ratio	/scratch/project_2004342/everything/paml_clean/FINAL_refseq_ftp_pipeline/11_paml_nuclear_final/results/UCP1/branch_model/nilssonii_terminal/two_ratio	/scratch/project_2004342/everything/paml_clean/FINAL_refseq_ftp_pipeline/11_paml_nuclear_final/ctl/UCP1/branch_model/nilssonii_terminal/UCP1.nilssonii_terminal.two_ratio.ctl
UCP1	branch_model	ept_stem_two_ratio	/scratch/project_2004342/everything/paml_clean/FINAL_refseq_ftp_pipeline/11_paml_nuclear_final/results/UCP1/branch_model/ept_stem/two_ratio	/scratch/project_2004342/everything/paml_clean/FINAL_refseq_ftp_pipeline/11_paml_nuclear_final/ctl/UCP1/branch_model/ept_stem/UCP1.ept_stem.two_ratio.ctl
UCP1	branch_model	ept_terminals_two_ratio	/scratch/project_2004342/everything/paml_clean/FINAL_refseq_ftp_pipeline/11_paml_nuclear_final/results/UCP1/branch_model/ept_terminals/two_ratio	/scratch/project_2004342/everything/paml_clean/FINAL_refseq_ftp_pipeline/11_paml_nuclear_final/ctl/UCP1/branch_model/ept_terminals/UCP1.ept_terminals.two_ratio.ctl
UCP1	branch_model	myotis_cold_taxa_two_ratio	/scratch/project_2004342/everything/paml_clean/FINAL_refseq_ftp_pipeline/11_paml_nuclear_final/results/UCP1/branch_model/myotis_cold_taxa/two_ratio	/scratch/project_2004342/everything/paml_clean/FINAL_refseq_ftp_pipeline/11_paml_nuclear_final/ctl/UCP1/branch_model/myotis_cold_taxa/UCP1.myotis_cold_taxa.two_ratio.ctl
UCP1	branch_model	myotis_cold_wholeclade_two_ratio	/scratch/project_2004342/everything/paml_clean/FINAL_refseq_ftp_pipeline/11_paml_nuclear_final/results/UCP1/branch_model/myotis_cold_wholeclade/two_ratio	/scratch/project_2004342/everything/paml_clean/FINAL_refseq_ftp_pipeline/11_paml_nuclear_final/ctl/UCP1/branch_model/myotis_cold_wholeclade/UCP1.myotis_cold_wholeclade.two_ratio.ctl
UCP1	branch_model	coldbats_taxa_two_ratio	/scratch/project_2004342/everything/paml_clean/FINAL_refseq_ftp_pipeline/11_paml_nuclear_final/results/UCP1/branch_model/coldbats_taxa/two_ratio	/scratch/project_2004342/everything/paml_clean/FINAL_refseq_ftp_pipeline/11_paml_nuclear_final/ctl/UCP1/branch_model/coldbats_taxa/UCP1.coldbats_taxa.two_ratio.ctl
UCP1	branch_model	vesper_wholeclade_two_ratio	/scratch/project_2004342/everything/paml_clean/FINAL_refseq_ftp_pipeline/11_paml_nuclear_final/results/UCP1/branch_model/vesper_wholeclade/two_ratio	/scratch/project_2004342/everything/paml_clean/FINAL_refseq_ftp_pipeline/11_paml_nuclear_final/ctl/UCP1/branch_model/vesper_wholeclade/UCP1.vesper_wholeclade.two_ratio.ctl
UQCRB	branch_model	nilssonii_terminal_two_ratio	/scratch/project_2004342/everything/paml_clean/FINAL_refseq_ftp_pipeline/11_paml_nuclear_final/results/UQCRB/branch_model/nilssonii_terminal/two_ratio	/scratch/project_2004342/everything/paml_clean/FINAL_refseq_ftp_pipeline/11_paml_nuclear_final/ctl/UQCRB/branch_model/nilssonii_terminal/UQCRB.nilssonii_terminal.two_ratio.ctl
UQCRB	branch_model	ept_stem_two_ratio	/scratch/project_2004342/everything/paml_clean/FINAL_refseq_ftp_pipeline/11_paml_nuclear_final/results/UQCRB/branch_model/ept_stem/two_ratio	/scratch/project_2004342/everything/paml_clean/FINAL_refseq_ftp_pipeline/11_paml_nuclear_final/ctl/UQCRB/branch_model/ept_stem/UQCRB.ept_stem.two_ratio.ctl
UQCRB	branch_model	ept_terminals_two_ratio	/scratch/project_2004342/everything/paml_clean/FINAL_refseq_ftp_pipeline/11_paml_nuclear_final/results/UQCRB/branch_model/ept_terminals/two_ratio	/scratch/project_2004342/everything/paml_clean/FINAL_refseq_ftp_pipeline/11_paml_nuclear_final/ctl/UQCRB/branch_model/ept_terminals/UQCRB.ept_terminals.two_ratio.ctl
UQCRB	branch_model	myotis_cold_taxa_two_ratio	/scratch/project_2004342/everything/paml_clean/FINAL_refseq_ftp_pipeline/11_paml_nuclear_final/results/UQCRB/branch_model/myotis_cold_taxa/two_ratio	/scratch/project_2004342/everything/paml_clean/FINAL_refseq_ftp_pipeline/11_paml_nuclear_final/ctl/UQCRB/branch_model/myotis_cold_taxa/UQCRB.myotis_cold_taxa.two_ratio.ctl
UQCRB	branch_model	myotis_cold_wholeclade_two_ratio	/scratch/project_2004342/everything/paml_clean/FINAL_refseq_ftp_pipeline/11_paml_nuclear_final/results/UQCRB/branch_model/myotis_cold_wholeclade/two_ratio	/scratch/project_2004342/everything/paml_clean/FINAL_refseq_ftp_pipeline/11_paml_nuclear_final/ctl/UQCRB/branch_model/myotis_cold_wholeclade/UQCRB.myotis_cold_wholeclade.two_ratio.ctl
UQCRB	branch_model	coldbats_taxa_two_ratio	/scratch/project_2004342/everything/paml_clean/FINAL_refseq_ftp_pipeline/11_paml_nuclear_final/results/UQCRB/branch_model/coldbats_taxa/two_ratio	/scratch/project_2004342/everything/paml_clean/FINAL_refseq_ftp_pipeline/11_paml_nuclear_final/ctl/UQCRB/branch_model/coldbats_taxa/UQCRB.coldbats_taxa.two_ratio.ctl
UQCRB	branch_model	vesper_wholeclade_two_ratio	/scratch/project_2004342/everything/paml_clean/FINAL_refseq_ftp_pipeline/11_paml_nuclear_final/results/UQCRB/branch_model/vesper_wholeclade/two_ratio	/scratch/project_2004342/everything/paml_clean/FINAL_refseq_ftp_pipeline/11_paml_nuclear_final/ctl/UQCRB/branch_model/vesper_wholeclade/UQCRB.vesper_wholeclade.two_ratio.ctl
