ACSL1	branchsite	nilssonii_terminal_BS_null	/scratch/project_2004342/everything/paml_clean/FINAL_refseq_ftp_pipeline/11_paml_nuclear_final/results/ACSL1/branchsite/nilssonii_terminal/BS_null	/scratch/project_2004342/everything/paml_clean/FINAL_refseq_ftp_pipeline/11_paml_nuclear_final/ctl/ACSL1/branchsite/nilssonii_terminal/ACSL1.nilssonii_terminal.BS_null.ctl
ACSL1	branchsite	nilssonii_terminal_BS_alt	/scratch/project_2004342/everything/paml_clean/FINAL_refseq_ftp_pipeline/11_paml_nuclear_final/results/ACSL1/branchsite/nilssonii_terminal/BS_alt	/scratch/project_2004342/everything/paml_clean/FINAL_refseq_ftp_pipeline/11_paml_nuclear_final/ctl/ACSL1/branchsite/nilssonii_terminal/ACSL1.nilssonii_terminal.BS_alt.ctl
ACSL1	branchsite	ept_stem_BS_null	/scratch/project_2004342/everything/paml_clean/FINAL_refseq_ftp_pipeline/11_paml_nuclear_final/results/ACSL1/branchsite/ept_stem/BS_null	/scratch/project_2004342/everything/paml_clean/FINAL_refseq_ftp_pipeline/11_paml_nuclear_final/ctl/ACSL1/branchsite/ept_stem/ACSL1.ept_stem.BS_null.ctl
ACSL1	branchsite	ept_stem_BS_alt	/scratch/project_2004342/everything/paml_clean/FINAL_refseq_ftp_pipeline/11_paml_nuclear_final/results/ACSL1/branchsite/ept_stem/BS_alt	/scratch/project_2004342/everything/paml_clean/FINAL_refseq_ftp_pipeline/11_paml_nuclear_final/ctl/ACSL1/branchsite/ept_stem/ACSL1.ept_stem.BS_alt.ctl
ACSL1	branchsite	ept_terminals_BS_null	/scratch/project_2004342/everything/paml_clean/FINAL_refseq_ftp_pipeline/11_paml_nuclear_final/results/ACSL1/branchsite/ept_terminals/BS_null	/scratch/project_2004342/everything/paml_clean/FINAL_refseq_ftp_pipeline/11_paml_nuclear_final/ctl/ACSL1/branchsite/ept_terminals/ACSL1.ept_terminals.BS_null.ctl
ACSL1	branchsite	ept_terminals_BS_alt	/scratch/project_2004342/everything/paml_clean/FINAL_refseq_ftp_pipeline/11_paml_nuclear_final/results/ACSL1/branchsite/ept_terminals/BS_alt	/scratch/project_2004342/everything/paml_clean/FINAL_refseq_ftp_pipeline/11_paml_nuclear_final/ctl/ACSL1/branchsite/ept_terminals/ACSL1.ept_terminals.BS_alt.ctl
ACSL1	branchsite	myotis_cold_taxa_BS_null	/scratch/project_2004342/everything/paml_clean/FINAL_refseq_ftp_pipeline/11_paml_nuclear_final/results/ACSL1/branchsite/myotis_cold_taxa/BS_null	/scratch/project_2004342/everything/paml_clean/FINAL_refseq_ftp_pipeline/11_paml_nuclear_final/ctl/ACSL1/branchsite/myotis_cold_taxa/ACSL1.myotis_cold_taxa.BS_null.ctl
ACSL1	branchsite	myotis_cold_taxa_BS_alt	/scratch/project_2004342/everything/paml_clean/FINAL_refseq_ftp_pipeline/11_paml_nuclear_final/results/ACSL1/branchsite/myotis_cold_taxa/BS_alt	/scratch/project_2004342/everything/paml_clean/FINAL_refseq_ftp_pipeline/11_paml_nuclear_final/ctl/ACSL1/branchsite/myotis_cold_taxa/ACSL1.myotis_cold_taxa.BS_alt.ctl
ACSL1	branchsite	myotis_cold_wholeclade_BS_null	/scratch/project_2004342/everything/paml_clean/FINAL_refseq_ftp_pipeline/11_paml_nuclear_final/results/ACSL1/branchsite/myotis_cold_wholeclade/BS_null	/scratch/project_2004342/everything/paml_clean/FINAL_refseq_ftp_pipeline/11_paml_nuclear_final/ctl/ACSL1/branchsite/myotis_cold_wholeclade/ACSL1.myotis_cold_wholeclade.BS_null.ctl
ACSL1	branchsite	myotis_cold_wholeclade_BS_alt	/scratch/project_2004342/everything/paml_clean/FINAL_refseq_ftp_pipeline/11_paml_nuclear_final/results/ACSL1/branchsite/myotis_cold_wholeclade/BS_alt	/scratch/project_2004342/everything/paml_clean/FINAL_refseq_ftp_pipeline/11_paml_nuclear_final/ctl/ACSL1/branchsite/myotis_cold_wholeclade/ACSL1.myotis_cold_wholeclade.BS_alt.ctl
ACSL1	branchsite	coldbats_taxa_BS_null	/scratch/project_2004342/everything/paml_clean/FINAL_refseq_ftp_pipeline/11_paml_nuclear_final/results/ACSL1/branchsite/coldbats_taxa/BS_null	/scratch/project_2004342/everything/paml_clean/FINAL_refseq_ftp_pipeline/11_paml_nuclear_final/ctl/ACSL1/branchsite/coldbats_taxa/ACSL1.coldbats_taxa.BS_null.ctl
ACSL1	branchsite	coldbats_taxa_BS_alt	/scratch/project_2004342/everything/paml_clean/FINAL_refseq_ftp_pipeline/11_paml_nuclear_final/results/ACSL1/branchsite/coldbats_taxa/BS_alt	/scratch/project_2004342/everything/paml_clean/FINAL_refseq_ftp_pipeline/11_paml_nuclear_final/ctl/ACSL1/branchsite/coldbats_taxa/ACSL1.coldbats_taxa.BS_alt.ctl
ACSL1	branchsite	vesper_wholeclade_BS_null	/scratch/project_2004342/everything/paml_clean/FINAL_refseq_ftp_pipeline/11_paml_nuclear_final/results/ACSL1/branchsite/vesper_wholeclade/BS_null	/scratch/project_2004342/everything/paml_clean/FINAL_refseq_ftp_pipeline/11_paml_nuclear_final/ctl/ACSL1/branchsite/vesper_wholeclade/ACSL1.vesper_wholeclade.BS_null.ctl
ACSL1	branchsite	vesper_wholeclade_BS_alt	/scratch/project_2004342/everything/paml_clean/FINAL_refseq_ftp_pipeline/11_paml_nuclear_final/results/ACSL1/branchsite/vesper_wholeclade/BS_alt	/scratch/project_2004342/everything/paml_clean/FINAL_refseq_ftp_pipeline/11_paml_nuclear_final/ctl/ACSL1/branchsite/vesper_wholeclade/ACSL1.vesper_wholeclade.BS_alt.ctl
ADCY3	branchsite	nilssonii_terminal_BS_null	/scratch/project_2004342/everything/paml_clean/FINAL_refseq_ftp_pipeline/11_paml_nuclear_final/results/ADCY3/branchsite/nilssonii_terminal/BS_null	/scratch/project_2004342/everything/paml_clean/FINAL_refseq_ftp_pipeline/11_paml_nuclear_final/ctl/ADCY3/branchsite/nilssonii_terminal/ADCY3.nilssonii_terminal.BS_null.ctl
ADCY3	branchsite	nilssonii_terminal_BS_alt	/scratch/project_2004342/everything/paml_clean/FINAL_refseq_ftp_pipeline/11_paml_nuclear_final/results/ADCY3/branchsite/nilssonii_terminal/BS_alt	/scratch/project_2004342/everything/paml_clean/FINAL_refseq_ftp_pipeline/11_paml_nuclear_final/ctl/ADCY3/branchsite/nilssonii_terminal/ADCY3.nilssonii_terminal.BS_alt.ctl
ADCY3	branchsite	ept_stem_BS_null	/scratch/project_2004342/everything/paml_clean/FINAL_refseq_ftp_pipeline/11_paml_nuclear_final/results/ADCY3/branchsite/ept_stem/BS_null	/scratch/project_2004342/everything/paml_clean/FINAL_refseq_ftp_pipeline/11_paml_nuclear_final/ctl/ADCY3/branchsite/ept_stem/ADCY3.ept_stem.BS_null.ctl
ADCY3	branchsite	ept_stem_BS_alt	/scratch/project_2004342/everything/paml_clean/FINAL_refseq_ftp_pipeline/11_paml_nuclear_final/results/ADCY3/branchsite/ept_stem/BS_alt	/scratch/project_2004342/everything/paml_clean/FINAL_refseq_ftp_pipeline/11_paml_nuclear_final/ctl/ADCY3/branchsite/ept_stem/ADCY3.ept_stem.BS_alt.ctl
ADCY3	branchsite	ept_terminals_BS_null	/scratch/project_2004342/everything/paml_clean/FINAL_refseq_ftp_pipeline/11_paml_nuclear_final/results/ADCY3/branchsite/ept_terminals/BS_null	/scratch/project_2004342/everything/paml_clean/FINAL_refseq_ftp_pipeline/11_paml_nuclear_final/ctl/ADCY3/branchsite/ept_terminals/ADCY3.ept_terminals.BS_null.ctl
ADCY3	branchsite	ept_terminals_BS_alt	/scratch/project_2004342/everything/paml_clean/FINAL_refseq_ftp_pipeline/11_paml_nuclear_final/results/ADCY3/branchsite/ept_terminals/BS_alt	/scratch/project_2004342/everything/paml_clean/FINAL_refseq_ftp_pipeline/11_paml_nuclear_final/ctl/ADCY3/branchsite/ept_terminals/ADCY3.ept_terminals.BS_alt.ctl
ADCY3	branchsite	myotis_cold_taxa_BS_null	/scratch/project_2004342/everything/paml_clean/FINAL_refseq_ftp_pipeline/11_paml_nuclear_final/results/ADCY3/branchsite/myotis_cold_taxa/BS_null	/scratch/project_2004342/everything/paml_clean/FINAL_refseq_ftp_pipeline/11_paml_nuclear_final/ctl/ADCY3/branchsite/myotis_cold_taxa/ADCY3.myotis_cold_taxa.BS_null.ctl
ADCY3	branchsite	myotis_cold_taxa_BS_alt	/scratch/project_2004342/everything/paml_clean/FINAL_refseq_ftp_pipeline/11_paml_nuclear_final/results/ADCY3/branchsite/myotis_cold_taxa/BS_alt	/scratch/project_2004342/everything/paml_clean/FINAL_refseq_ftp_pipeline/11_paml_nuclear_final/ctl/ADCY3/branchsite/myotis_cold_taxa/ADCY3.myotis_cold_taxa.BS_alt.ctl
ADCY3	branchsite	coldbats_taxa_BS_null	/scratch/project_2004342/everything/paml_clean/FINAL_refseq_ftp_pipeline/11_paml_nuclear_final/results/ADCY3/branchsite/coldbats_taxa/BS_null	/scratch/project_2004342/everything/paml_clean/FINAL_refseq_ftp_pipeline/11_paml_nuclear_final/ctl/ADCY3/branchsite/coldbats_taxa/ADCY3.coldbats_taxa.BS_null.ctl
ADCY3	branchsite	coldbats_taxa_BS_alt	/scratch/project_2004342/everything/paml_clean/FINAL_refseq_ftp_pipeline/11_paml_nuclear_final/results/ADCY3/branchsite/coldbats_taxa/BS_alt	/scratch/project_2004342/everything/paml_clean/FINAL_refseq_ftp_pipeline/11_paml_nuclear_final/ctl/ADCY3/branchsite/coldbats_taxa/ADCY3.coldbats_taxa.BS_alt.ctl
ADCY7	branchsite	nilssonii_terminal_BS_null	/scratch/project_2004342/everything/paml_clean/FINAL_refseq_ftp_pipeline/11_paml_nuclear_final/results/ADCY7/branchsite/nilssonii_terminal/BS_null	/scratch/project_2004342/everything/paml_clean/FINAL_refseq_ftp_pipeline/11_paml_nuclear_final/ctl/ADCY7/branchsite/nilssonii_terminal/ADCY7.nilssonii_terminal.BS_null.ctl
ADCY7	branchsite	nilssonii_terminal_BS_alt	/scratch/project_2004342/everything/paml_clean/FINAL_refseq_ftp_pipeline/11_paml_nuclear_final/results/ADCY7/branchsite/nilssonii_terminal/BS_alt	/scratch/project_2004342/everything/paml_clean/FINAL_refseq_ftp_pipeline/11_paml_nuclear_final/ctl/ADCY7/branchsite/nilssonii_terminal/ADCY7.nilssonii_terminal.BS_alt.ctl
ADCY7	branchsite	ept_stem_BS_null	/scratch/project_2004342/everything/paml_clean/FINAL_refseq_ftp_pipeline/11_paml_nuclear_final/results/ADCY7/branchsite/ept_stem/BS_null	/scratch/project_2004342/everything/paml_clean/FINAL_refseq_ftp_pipeline/11_paml_nuclear_final/ctl/ADCY7/branchsite/ept_stem/ADCY7.ept_stem.BS_null.ctl
ADCY7	branchsite	ept_stem_BS_alt	/scratch/project_2004342/everything/paml_clean/FINAL_refseq_ftp_pipeline/11_paml_nuclear_final/results/ADCY7/branchsite/ept_stem/BS_alt	/scratch/project_2004342/everything/paml_clean/FINAL_refseq_ftp_pipeline/11_paml_nuclear_final/ctl/ADCY7/branchsite/ept_stem/ADCY7.ept_stem.BS_alt.ctl
ADCY7	branchsite	ept_terminals_BS_null	/scratch/project_2004342/everything/paml_clean/FINAL_refseq_ftp_pipeline/11_paml_nuclear_final/results/ADCY7/branchsite/ept_terminals/BS_null	/scratch/project_2004342/everything/paml_clean/FINAL_refseq_ftp_pipeline/11_paml_nuclear_final/ctl/ADCY7/branchsite/ept_terminals/ADCY7.ept_terminals.BS_null.ctl
ADCY7	branchsite	ept_terminals_BS_alt	/scratch/project_2004342/everything/paml_clean/FINAL_refseq_ftp_pipeline/11_paml_nuclear_final/results/ADCY7/branchsite/ept_terminals/BS_alt	/scratch/project_2004342/everything/paml_clean/FINAL_refseq_ftp_pipeline/11_paml_nuclear_final/ctl/ADCY7/branchsite/ept_terminals/ADCY7.ept_terminals.BS_alt.ctl
ADCY7	branchsite	myotis_cold_taxa_BS_null	/scratch/project_2004342/everything/paml_clean/FINAL_refseq_ftp_pipeline/11_paml_nuclear_final/results/ADCY7/branchsite/myotis_cold_taxa/BS_null	/scratch/project_2004342/everything/paml_clean/FINAL_refseq_ftp_pipeline/11_paml_nuclear_final/ctl/ADCY7/branchsite/myotis_cold_taxa/ADCY7.myotis_cold_taxa.BS_null.ctl
ADCY7	branchsite	myotis_cold_taxa_BS_alt	/scratch/project_2004342/everything/paml_clean/FINAL_refseq_ftp_pipeline/11_paml_nuclear_final/results/ADCY7/branchsite/myotis_cold_taxa/BS_alt	/scratch/project_2004342/everything/paml_clean/FINAL_refseq_ftp_pipeline/11_paml_nuclear_final/ctl/ADCY7/branchsite/myotis_cold_taxa/ADCY7.myotis_cold_taxa.BS_alt.ctl
ADCY7	branchsite	coldbats_taxa_BS_null	/scratch/project_2004342/everything/paml_clean/FINAL_refseq_ftp_pipeline/11_paml_nuclear_final/results/ADCY7/branchsite/coldbats_taxa/BS_null	/scratch/project_2004342/everything/paml_clean/FINAL_refseq_ftp_pipeline/11_paml_nuclear_final/ctl/ADCY7/branchsite/coldbats_taxa/ADCY7.coldbats_taxa.BS_null.ctl
ADCY7	branchsite	coldbats_taxa_BS_alt	/scratch/project_2004342/everything/paml_clean/FINAL_refseq_ftp_pipeline/11_paml_nuclear_final/results/ADCY7/branchsite/coldbats_taxa/BS_alt	/scratch/project_2004342/everything/paml_clean/FINAL_refseq_ftp_pipeline/11_paml_nuclear_final/ctl/ADCY7/branchsite/coldbats_taxa/ADCY7.coldbats_taxa.BS_alt.ctl
ADCY8	branchsite	nilssonii_terminal_BS_null	/scratch/project_2004342/everything/paml_clean/FINAL_refseq_ftp_pipeline/11_paml_nuclear_final/results/ADCY8/branchsite/nilssonii_terminal/BS_null	/scratch/project_2004342/everything/paml_clean/FINAL_refseq_ftp_pipeline/11_paml_nuclear_final/ctl/ADCY8/branchsite/nilssonii_terminal/ADCY8.nilssonii_terminal.BS_null.ctl
ADCY8	branchsite	nilssonii_terminal_BS_alt	/scratch/project_2004342/everything/paml_clean/FINAL_refseq_ftp_pipeline/11_paml_nuclear_final/results/ADCY8/branchsite/nilssonii_terminal/BS_alt	/scratch/project_2004342/everything/paml_clean/FINAL_refseq_ftp_pipeline/11_paml_nuclear_final/ctl/ADCY8/branchsite/nilssonii_terminal/ADCY8.nilssonii_terminal.BS_alt.ctl
ADCY8	branchsite	ept_stem_BS_null	/scratch/project_2004342/everything/paml_clean/FINAL_refseq_ftp_pipeline/11_paml_nuclear_final/results/ADCY8/branchsite/ept_stem/BS_null	/scratch/project_2004342/everything/paml_clean/FINAL_refseq_ftp_pipeline/11_paml_nuclear_final/ctl/ADCY8/branchsite/ept_stem/ADCY8.ept_stem.BS_null.ctl
ADCY8	branchsite	ept_stem_BS_alt	/scratch/project_2004342/everything/paml_clean/FINAL_refseq_ftp_pipeline/11_paml_nuclear_final/results/ADCY8/branchsite/ept_stem/BS_alt	/scratch/project_2004342/everything/paml_clean/FINAL_refseq_ftp_pipeline/11_paml_nuclear_final/ctl/ADCY8/branchsite/ept_stem/ADCY8.ept_stem.BS_alt.ctl
ADCY8	branchsite	ept_terminals_BS_null	/scratch/project_2004342/everything/paml_clean/FINAL_refseq_ftp_pipeline/11_paml_nuclear_final/results/ADCY8/branchsite/ept_terminals/BS_null	/scratch/project_2004342/everything/paml_clean/FINAL_refseq_ftp_pipeline/11_paml_nuclear_final/ctl/ADCY8/branchsite/ept_terminals/ADCY8.ept_terminals.BS_null.ctl
ADCY8	branchsite	ept_terminals_BS_alt	/scratch/project_2004342/everything/paml_clean/FINAL_refseq_ftp_pipeline/11_paml_nuclear_final/results/ADCY8/branchsite/ept_terminals/BS_alt	/scratch/project_2004342/everything/paml_clean/FINAL_refseq_ftp_pipeline/11_paml_nuclear_final/ctl/ADCY8/branchsite/ept_terminals/ADCY8.ept_terminals.BS_alt.ctl
ADCY8	branchsite	myotis_cold_taxa_BS_null	/scratch/project_2004342/everything/paml_clean/FINAL_refseq_ftp_pipeline/11_paml_nuclear_final/results/ADCY8/branchsite/myotis_cold_taxa/BS_null	/scratch/project_2004342/everything/paml_clean/FINAL_refseq_ftp_pipeline/11_paml_nuclear_final/ctl/ADCY8/branchsite/myotis_cold_taxa/ADCY8.myotis_cold_taxa.BS_null.ctl
ADCY8	branchsite	myotis_cold_taxa_BS_alt	/scratch/project_2004342/everything/paml_clean/FINAL_refseq_ftp_pipeline/11_paml_nuclear_final/results/ADCY8/branchsite/myotis_cold_taxa/BS_alt	/scratch/project_2004342/everything/paml_clean/FINAL_refseq_ftp_pipeline/11_paml_nuclear_final/ctl/ADCY8/branchsite/myotis_cold_taxa/ADCY8.myotis_cold_taxa.BS_alt.ctl
ADCY8	branchsite	myotis_cold_wholeclade_BS_null	/scratch/project_2004342/everything/paml_clean/FINAL_refseq_ftp_pipeline/11_paml_nuclear_final/results/ADCY8/branchsite/myotis_cold_wholeclade/BS_null	/scratch/project_2004342/everything/paml_clean/FINAL_refseq_ftp_pipeline/11_paml_nuclear_final/ctl/ADCY8/branchsite/myotis_cold_wholeclade/ADCY8.myotis_cold_wholeclade.BS_null.ctl
ADCY8	branchsite	myotis_cold_wholeclade_BS_alt	/scratch/project_2004342/everything/paml_clean/FINAL_refseq_ftp_pipeline/11_paml_nuclear_final/results/ADCY8/branchsite/myotis_cold_wholeclade/BS_alt	/scratch/project_2004342/everything/paml_clean/FINAL_refseq_ftp_pipeline/11_paml_nuclear_final/ctl/ADCY8/branchsite/myotis_cold_wholeclade/ADCY8.myotis_cold_wholeclade.BS_alt.ctl
ADCY8	branchsite	coldbats_taxa_BS_null	/scratch/project_2004342/everything/paml_clean/FINAL_refseq_ftp_pipeline/11_paml_nuclear_final/results/ADCY8/branchsite/coldbats_taxa/BS_null	/scratch/project_2004342/everything/paml_clean/FINAL_refseq_ftp_pipeline/11_paml_nuclear_final/ctl/ADCY8/branchsite/coldbats_taxa/ADCY8.coldbats_taxa.BS_null.ctl
ADCY8	branchsite	coldbats_taxa_BS_alt	/scratch/project_2004342/everything/paml_clean/FINAL_refseq_ftp_pipeline/11_paml_nuclear_final/results/ADCY8/branchsite/coldbats_taxa/BS_alt	/scratch/project_2004342/everything/paml_clean/FINAL_refseq_ftp_pipeline/11_paml_nuclear_final/ctl/ADCY8/branchsite/coldbats_taxa/ADCY8.coldbats_taxa.BS_alt.ctl
ADCY8	branchsite	vesper_wholeclade_BS_null	/scratch/project_2004342/everything/paml_clean/FINAL_refseq_ftp_pipeline/11_paml_nuclear_final/results/ADCY8/branchsite/vesper_wholeclade/BS_null	/scratch/project_2004342/everything/paml_clean/FINAL_refseq_ftp_pipeline/11_paml_nuclear_final/ctl/ADCY8/branchsite/vesper_wholeclade/ADCY8.vesper_wholeclade.BS_null.ctl
ADCY8	branchsite	vesper_wholeclade_BS_alt	/scratch/project_2004342/everything/paml_clean/FINAL_refseq_ftp_pipeline/11_paml_nuclear_final/results/ADCY8/branchsite/vesper_wholeclade/BS_alt	/scratch/project_2004342/everything/paml_clean/FINAL_refseq_ftp_pipeline/11_paml_nuclear_final/ctl/ADCY8/branchsite/vesper_wholeclade/ADCY8.vesper_wholeclade.BS_alt.ctl
ATP5F1A	branchsite	nilssonii_terminal_BS_null	/scratch/project_2004342/everything/paml_clean/FINAL_refseq_ftp_pipeline/11_paml_nuclear_final/results/ATP5F1A/branchsite/nilssonii_terminal/BS_null	/scratch/project_2004342/everything/paml_clean/FINAL_refseq_ftp_pipeline/11_paml_nuclear_final/ctl/ATP5F1A/branchsite/nilssonii_terminal/ATP5F1A.nilssonii_terminal.BS_null.ctl
ATP5F1A	branchsite	nilssonii_terminal_BS_alt	/scratch/project_2004342/everything/paml_clean/FINAL_refseq_ftp_pipeline/11_paml_nuclear_final/results/ATP5F1A/branchsite/nilssonii_terminal/BS_alt	/scratch/project_2004342/everything/paml_clean/FINAL_refseq_ftp_pipeline/11_paml_nuclear_final/ctl/ATP5F1A/branchsite/nilssonii_terminal/ATP5F1A.nilssonii_terminal.BS_alt.ctl
ATP5F1A	branchsite	ept_stem_BS_null	/scratch/project_2004342/everything/paml_clean/FINAL_refseq_ftp_pipeline/11_paml_nuclear_final/results/ATP5F1A/branchsite/ept_stem/BS_null	/scratch/project_2004342/everything/paml_clean/FINAL_refseq_ftp_pipeline/11_paml_nuclear_final/ctl/ATP5F1A/branchsite/ept_stem/ATP5F1A.ept_stem.BS_null.ctl
ATP5F1A	branchsite	ept_stem_BS_alt	/scratch/project_2004342/everything/paml_clean/FINAL_refseq_ftp_pipeline/11_paml_nuclear_final/results/ATP5F1A/branchsite/ept_stem/BS_alt	/scratch/project_2004342/everything/paml_clean/FINAL_refseq_ftp_pipeline/11_paml_nuclear_final/ctl/ATP5F1A/branchsite/ept_stem/ATP5F1A.ept_stem.BS_alt.ctl
ATP5F1A	branchsite	ept_terminals_BS_null	/scratch/project_2004342/everything/paml_clean/FINAL_refseq_ftp_pipeline/11_paml_nuclear_final/results/ATP5F1A/branchsite/ept_terminals/BS_null	/scratch/project_2004342/everything/paml_clean/FINAL_refseq_ftp_pipeline/11_paml_nuclear_final/ctl/ATP5F1A/branchsite/ept_terminals/ATP5F1A.ept_terminals.BS_null.ctl
ATP5F1A	branchsite	ept_terminals_BS_alt	/scratch/project_2004342/everything/paml_clean/FINAL_refseq_ftp_pipeline/11_paml_nuclear_final/results/ATP5F1A/branchsite/ept_terminals/BS_alt	/scratch/project_2004342/everything/paml_clean/FINAL_refseq_ftp_pipeline/11_paml_nuclear_final/ctl/ATP5F1A/branchsite/ept_terminals/ATP5F1A.ept_terminals.BS_alt.ctl
ATP5F1A	branchsite	myotis_cold_taxa_BS_null	/scratch/project_2004342/everything/paml_clean/FINAL_refseq_ftp_pipeline/11_paml_nuclear_final/results/ATP5F1A/branchsite/myotis_cold_taxa/BS_null	/scratch/project_2004342/everything/paml_clean/FINAL_refseq_ftp_pipeline/11_paml_nuclear_final/ctl/ATP5F1A/branchsite/myotis_cold_taxa/ATP5F1A.myotis_cold_taxa.BS_null.ctl
ATP5F1A	branchsite	myotis_cold_taxa_BS_alt	/scratch/project_2004342/everything/paml_clean/FINAL_refseq_ftp_pipeline/11_paml_nuclear_final/results/ATP5F1A/branchsite/myotis_cold_taxa/BS_alt	/scratch/project_2004342/everything/paml_clean/FINAL_refseq_ftp_pipeline/11_paml_nuclear_final/ctl/ATP5F1A/branchsite/myotis_cold_taxa/ATP5F1A.myotis_cold_taxa.BS_alt.ctl
ATP5F1A	branchsite	coldbats_taxa_BS_null	/scratch/project_2004342/everything/paml_clean/FINAL_refseq_ftp_pipeline/11_paml_nuclear_final/results/ATP5F1A/branchsite/coldbats_taxa/BS_null	/scratch/project_2004342/everything/paml_clean/FINAL_refseq_ftp_pipeline/11_paml_nuclear_final/ctl/ATP5F1A/branchsite/coldbats_taxa/ATP5F1A.coldbats_taxa.BS_null.ctl
ATP5F1A	branchsite	coldbats_taxa_BS_alt	/scratch/project_2004342/everything/paml_clean/FINAL_refseq_ftp_pipeline/11_paml_nuclear_final/results/ATP5F1A/branchsite/coldbats_taxa/BS_alt	/scratch/project_2004342/everything/paml_clean/FINAL_refseq_ftp_pipeline/11_paml_nuclear_final/ctl/ATP5F1A/branchsite/coldbats_taxa/ATP5F1A.coldbats_taxa.BS_alt.ctl
ATP5F1B	branchsite	nilssonii_terminal_BS_null	/scratch/project_2004342/everything/paml_clean/FINAL_refseq_ftp_pipeline/11_paml_nuclear_final/results/ATP5F1B/branchsite/nilssonii_terminal/BS_null	/scratch/project_2004342/everything/paml_clean/FINAL_refseq_ftp_pipeline/11_paml_nuclear_final/ctl/ATP5F1B/branchsite/nilssonii_terminal/ATP5F1B.nilssonii_terminal.BS_null.ctl
ATP5F1B	branchsite	nilssonii_terminal_BS_alt	/scratch/project_2004342/everything/paml_clean/FINAL_refseq_ftp_pipeline/11_paml_nuclear_final/results/ATP5F1B/branchsite/nilssonii_terminal/BS_alt	/scratch/project_2004342/everything/paml_clean/FINAL_refseq_ftp_pipeline/11_paml_nuclear_final/ctl/ATP5F1B/branchsite/nilssonii_terminal/ATP5F1B.nilssonii_terminal.BS_alt.ctl
ATP5F1B	branchsite	ept_stem_BS_null	/scratch/project_2004342/everything/paml_clean/FINAL_refseq_ftp_pipeline/11_paml_nuclear_final/results/ATP5F1B/branchsite/ept_stem/BS_null	/scratch/project_2004342/everything/paml_clean/FINAL_refseq_ftp_pipeline/11_paml_nuclear_final/ctl/ATP5F1B/branchsite/ept_stem/ATP5F1B.ept_stem.BS_null.ctl
ATP5F1B	branchsite	ept_stem_BS_alt	/scratch/project_2004342/everything/paml_clean/FINAL_refseq_ftp_pipeline/11_paml_nuclear_final/results/ATP5F1B/branchsite/ept_stem/BS_alt	/scratch/project_2004342/everything/paml_clean/FINAL_refseq_ftp_pipeline/11_paml_nuclear_final/ctl/ATP5F1B/branchsite/ept_stem/ATP5F1B.ept_stem.BS_alt.ctl
ATP5F1B	branchsite	ept_terminals_BS_null	/scratch/project_2004342/everything/paml_clean/FINAL_refseq_ftp_pipeline/11_paml_nuclear_final/results/ATP5F1B/branchsite/ept_terminals/BS_null	/scratch/project_2004342/everything/paml_clean/FINAL_refseq_ftp_pipeline/11_paml_nuclear_final/ctl/ATP5F1B/branchsite/ept_terminals/ATP5F1B.ept_terminals.BS_null.ctl
ATP5F1B	branchsite	ept_terminals_BS_alt	/scratch/project_2004342/everything/paml_clean/FINAL_refseq_ftp_pipeline/11_paml_nuclear_final/results/ATP5F1B/branchsite/ept_terminals/BS_alt	/scratch/project_2004342/everything/paml_clean/FINAL_refseq_ftp_pipeline/11_paml_nuclear_final/ctl/ATP5F1B/branchsite/ept_terminals/ATP5F1B.ept_terminals.BS_alt.ctl
ATP5F1B	branchsite	myotis_cold_taxa_BS_null	/scratch/project_2004342/everything/paml_clean/FINAL_refseq_ftp_pipeline/11_paml_nuclear_final/results/ATP5F1B/branchsite/myotis_cold_taxa/BS_null	/scratch/project_2004342/everything/paml_clean/FINAL_refseq_ftp_pipeline/11_paml_nuclear_final/ctl/ATP5F1B/branchsite/myotis_cold_taxa/ATP5F1B.myotis_cold_taxa.BS_null.ctl
ATP5F1B	branchsite	myotis_cold_taxa_BS_alt	/scratch/project_2004342/everything/paml_clean/FINAL_refseq_ftp_pipeline/11_paml_nuclear_final/results/ATP5F1B/branchsite/myotis_cold_taxa/BS_alt	/scratch/project_2004342/everything/paml_clean/FINAL_refseq_ftp_pipeline/11_paml_nuclear_final/ctl/ATP5F1B/branchsite/myotis_cold_taxa/ATP5F1B.myotis_cold_taxa.BS_alt.ctl
ATP5F1B	branchsite	myotis_cold_wholeclade_BS_null	/scratch/project_2004342/everything/paml_clean/FINAL_refseq_ftp_pipeline/11_paml_nuclear_final/results/ATP5F1B/branchsite/myotis_cold_wholeclade/BS_null	/scratch/project_2004342/everything/paml_clean/FINAL_refseq_ftp_pipeline/11_paml_nuclear_final/ctl/ATP5F1B/branchsite/myotis_cold_wholeclade/ATP5F1B.myotis_cold_wholeclade.BS_null.ctl
ATP5F1B	branchsite	myotis_cold_wholeclade_BS_alt	/scratch/project_2004342/everything/paml_clean/FINAL_refseq_ftp_pipeline/11_paml_nuclear_final/results/ATP5F1B/branchsite/myotis_cold_wholeclade/BS_alt	/scratch/project_2004342/everything/paml_clean/FINAL_refseq_ftp_pipeline/11_paml_nuclear_final/ctl/ATP5F1B/branchsite/myotis_cold_wholeclade/ATP5F1B.myotis_cold_wholeclade.BS_alt.ctl
ATP5F1B	branchsite	coldbats_taxa_BS_null	/scratch/project_2004342/everything/paml_clean/FINAL_refseq_ftp_pipeline/11_paml_nuclear_final/results/ATP5F1B/branchsite/coldbats_taxa/BS_null	/scratch/project_2004342/everything/paml_clean/FINAL_refseq_ftp_pipeline/11_paml_nuclear_final/ctl/ATP5F1B/branchsite/coldbats_taxa/ATP5F1B.coldbats_taxa.BS_null.ctl
ATP5F1B	branchsite	coldbats_taxa_BS_alt	/scratch/project_2004342/everything/paml_clean/FINAL_refseq_ftp_pipeline/11_paml_nuclear_final/results/ATP5F1B/branchsite/coldbats_taxa/BS_alt	/scratch/project_2004342/everything/paml_clean/FINAL_refseq_ftp_pipeline/11_paml_nuclear_final/ctl/ATP5F1B/branchsite/coldbats_taxa/ATP5F1B.coldbats_taxa.BS_alt.ctl
ATP5F1B	branchsite	vesper_wholeclade_BS_null	/scratch/project_2004342/everything/paml_clean/FINAL_refseq_ftp_pipeline/11_paml_nuclear_final/results/ATP5F1B/branchsite/vesper_wholeclade/BS_null	/scratch/project_2004342/everything/paml_clean/FINAL_refseq_ftp_pipeline/11_paml_nuclear_final/ctl/ATP5F1B/branchsite/vesper_wholeclade/ATP5F1B.vesper_wholeclade.BS_null.ctl
ATP5F1B	branchsite	vesper_wholeclade_BS_alt	/scratch/project_2004342/everything/paml_clean/FINAL_refseq_ftp_pipeline/11_paml_nuclear_final/results/ATP5F1B/branchsite/vesper_wholeclade/BS_alt	/scratch/project_2004342/everything/paml_clean/FINAL_refseq_ftp_pipeline/11_paml_nuclear_final/ctl/ATP5F1B/branchsite/vesper_wholeclade/ATP5F1B.vesper_wholeclade.BS_alt.ctl
ATP5MC1	branchsite	nilssonii_terminal_BS_null	/scratch/project_2004342/everything/paml_clean/FINAL_refseq_ftp_pipeline/11_paml_nuclear_final/results/ATP5MC1/branchsite/nilssonii_terminal/BS_null	/scratch/project_2004342/everything/paml_clean/FINAL_refseq_ftp_pipeline/11_paml_nuclear_final/ctl/ATP5MC1/branchsite/nilssonii_terminal/ATP5MC1.nilssonii_terminal.BS_null.ctl
ATP5MC1	branchsite	nilssonii_terminal_BS_alt	/scratch/project_2004342/everything/paml_clean/FINAL_refseq_ftp_pipeline/11_paml_nuclear_final/results/ATP5MC1/branchsite/nilssonii_terminal/BS_alt	/scratch/project_2004342/everything/paml_clean/FINAL_refseq_ftp_pipeline/11_paml_nuclear_final/ctl/ATP5MC1/branchsite/nilssonii_terminal/ATP5MC1.nilssonii_terminal.BS_alt.ctl
ATP5MC1	branchsite	ept_stem_BS_null	/scratch/project_2004342/everything/paml_clean/FINAL_refseq_ftp_pipeline/11_paml_nuclear_final/results/ATP5MC1/branchsite/ept_stem/BS_null	/scratch/project_2004342/everything/paml_clean/FINAL_refseq_ftp_pipeline/11_paml_nuclear_final/ctl/ATP5MC1/branchsite/ept_stem/ATP5MC1.ept_stem.BS_null.ctl
ATP5MC1	branchsite	ept_stem_BS_alt	/scratch/project_2004342/everything/paml_clean/FINAL_refseq_ftp_pipeline/11_paml_nuclear_final/results/ATP5MC1/branchsite/ept_stem/BS_alt	/scratch/project_2004342/everything/paml_clean/FINAL_refseq_ftp_pipeline/11_paml_nuclear_final/ctl/ATP5MC1/branchsite/ept_stem/ATP5MC1.ept_stem.BS_alt.ctl
ATP5MC1	branchsite	ept_terminals_BS_null	/scratch/project_2004342/everything/paml_clean/FINAL_refseq_ftp_pipeline/11_paml_nuclear_final/results/ATP5MC1/branchsite/ept_terminals/BS_null	/scratch/project_2004342/everything/paml_clean/FINAL_refseq_ftp_pipeline/11_paml_nuclear_final/ctl/ATP5MC1/branchsite/ept_terminals/ATP5MC1.ept_terminals.BS_null.ctl
ATP5MC1	branchsite	ept_terminals_BS_alt	/scratch/project_2004342/everything/paml_clean/FINAL_refseq_ftp_pipeline/11_paml_nuclear_final/results/ATP5MC1/branchsite/ept_terminals/BS_alt	/scratch/project_2004342/everything/paml_clean/FINAL_refseq_ftp_pipeline/11_paml_nuclear_final/ctl/ATP5MC1/branchsite/ept_terminals/ATP5MC1.ept_terminals.BS_alt.ctl
ATP5MC1	branchsite	myotis_cold_taxa_BS_null	/scratch/project_2004342/everything/paml_clean/FINAL_refseq_ftp_pipeline/11_paml_nuclear_final/results/ATP5MC1/branchsite/myotis_cold_taxa/BS_null	/scratch/project_2004342/everything/paml_clean/FINAL_refseq_ftp_pipeline/11_paml_nuclear_final/ctl/ATP5MC1/branchsite/myotis_cold_taxa/ATP5MC1.myotis_cold_taxa.BS_null.ctl
ATP5MC1	branchsite	myotis_cold_taxa_BS_alt	/scratch/project_2004342/everything/paml_clean/FINAL_refseq_ftp_pipeline/11_paml_nuclear_final/results/ATP5MC1/branchsite/myotis_cold_taxa/BS_alt	/scratch/project_2004342/everything/paml_clean/FINAL_refseq_ftp_pipeline/11_paml_nuclear_final/ctl/ATP5MC1/branchsite/myotis_cold_taxa/ATP5MC1.myotis_cold_taxa.BS_alt.ctl
ATP5MC1	branchsite	myotis_cold_wholeclade_BS_null	/scratch/project_2004342/everything/paml_clean/FINAL_refseq_ftp_pipeline/11_paml_nuclear_final/results/ATP5MC1/branchsite/myotis_cold_wholeclade/BS_null	/scratch/project_2004342/everything/paml_clean/FINAL_refseq_ftp_pipeline/11_paml_nuclear_final/ctl/ATP5MC1/branchsite/myotis_cold_wholeclade/ATP5MC1.myotis_cold_wholeclade.BS_null.ctl
ATP5MC1	branchsite	myotis_cold_wholeclade_BS_alt	/scratch/project_2004342/everything/paml_clean/FINAL_refseq_ftp_pipeline/11_paml_nuclear_final/results/ATP5MC1/branchsite/myotis_cold_wholeclade/BS_alt	/scratch/project_2004342/everything/paml_clean/FINAL_refseq_ftp_pipeline/11_paml_nuclear_final/ctl/ATP5MC1/branchsite/myotis_cold_wholeclade/ATP5MC1.myotis_cold_wholeclade.BS_alt.ctl
ATP5MC1	branchsite	coldbats_taxa_BS_null	/scratch/project_2004342/everything/paml_clean/FINAL_refseq_ftp_pipeline/11_paml_nuclear_final/results/ATP5MC1/branchsite/coldbats_taxa/BS_null	/scratch/project_2004342/everything/paml_clean/FINAL_refseq_ftp_pipeline/11_paml_nuclear_final/ctl/ATP5MC1/branchsite/coldbats_taxa/ATP5MC1.coldbats_taxa.BS_null.ctl
ATP5MC1	branchsite	coldbats_taxa_BS_alt	/scratch/project_2004342/everything/paml_clean/FINAL_refseq_ftp_pipeline/11_paml_nuclear_final/results/ATP5MC1/branchsite/coldbats_taxa/BS_alt	/scratch/project_2004342/everything/paml_clean/FINAL_refseq_ftp_pipeline/11_paml_nuclear_final/ctl/ATP5MC1/branchsite/coldbats_taxa/ATP5MC1.coldbats_taxa.BS_alt.ctl
ATP5MC1	branchsite	vesper_wholeclade_BS_null	/scratch/project_2004342/everything/paml_clean/FINAL_refseq_ftp_pipeline/11_paml_nuclear_final/results/ATP5MC1/branchsite/vesper_wholeclade/BS_null	/scratch/project_2004342/everything/paml_clean/FINAL_refseq_ftp_pipeline/11_paml_nuclear_final/ctl/ATP5MC1/branchsite/vesper_wholeclade/ATP5MC1.vesper_wholeclade.BS_null.ctl
ATP5MC1	branchsite	vesper_wholeclade_BS_alt	/scratch/project_2004342/everything/paml_clean/FINAL_refseq_ftp_pipeline/11_paml_nuclear_final/results/ATP5MC1/branchsite/vesper_wholeclade/BS_alt	/scratch/project_2004342/everything/paml_clean/FINAL_refseq_ftp_pipeline/11_paml_nuclear_final/ctl/ATP5MC1/branchsite/vesper_wholeclade/ATP5MC1.vesper_wholeclade.BS_alt.ctl
COX4I1	branchsite	nilssonii_terminal_BS_null	/scratch/project_2004342/everything/paml_clean/FINAL_refseq_ftp_pipeline/11_paml_nuclear_final/results/COX4I1/branchsite/nilssonii_terminal/BS_null	/scratch/project_2004342/everything/paml_clean/FINAL_refseq_ftp_pipeline/11_paml_nuclear_final/ctl/COX4I1/branchsite/nilssonii_terminal/COX4I1.nilssonii_terminal.BS_null.ctl
COX4I1	branchsite	nilssonii_terminal_BS_alt	/scratch/project_2004342/everything/paml_clean/FINAL_refseq_ftp_pipeline/11_paml_nuclear_final/results/COX4I1/branchsite/nilssonii_terminal/BS_alt	/scratch/project_2004342/everything/paml_clean/FINAL_refseq_ftp_pipeline/11_paml_nuclear_final/ctl/COX4I1/branchsite/nilssonii_terminal/COX4I1.nilssonii_terminal.BS_alt.ctl
COX4I1	branchsite	ept_stem_BS_null	/scratch/project_2004342/everything/paml_clean/FINAL_refseq_ftp_pipeline/11_paml_nuclear_final/results/COX4I1/branchsite/ept_stem/BS_null	/scratch/project_2004342/everything/paml_clean/FINAL_refseq_ftp_pipeline/11_paml_nuclear_final/ctl/COX4I1/branchsite/ept_stem/COX4I1.ept_stem.BS_null.ctl
COX4I1	branchsite	ept_stem_BS_alt	/scratch/project_2004342/everything/paml_clean/FINAL_refseq_ftp_pipeline/11_paml_nuclear_final/results/COX4I1/branchsite/ept_stem/BS_alt	/scratch/project_2004342/everything/paml_clean/FINAL_refseq_ftp_pipeline/11_paml_nuclear_final/ctl/COX4I1/branchsite/ept_stem/COX4I1.ept_stem.BS_alt.ctl
COX4I1	branchsite	ept_terminals_BS_null	/scratch/project_2004342/everything/paml_clean/FINAL_refseq_ftp_pipeline/11_paml_nuclear_final/results/COX4I1/branchsite/ept_terminals/BS_null	/scratch/project_2004342/everything/paml_clean/FINAL_refseq_ftp_pipeline/11_paml_nuclear_final/ctl/COX4I1/branchsite/ept_terminals/COX4I1.ept_terminals.BS_null.ctl
COX4I1	branchsite	ept_terminals_BS_alt	/scratch/project_2004342/everything/paml_clean/FINAL_refseq_ftp_pipeline/11_paml_nuclear_final/results/COX4I1/branchsite/ept_terminals/BS_alt	/scratch/project_2004342/everything/paml_clean/FINAL_refseq_ftp_pipeline/11_paml_nuclear_final/ctl/COX4I1/branchsite/ept_terminals/COX4I1.ept_terminals.BS_alt.ctl
COX4I1	branchsite	myotis_cold_taxa_BS_null	/scratch/project_2004342/everything/paml_clean/FINAL_refseq_ftp_pipeline/11_paml_nuclear_final/results/COX4I1/branchsite/myotis_cold_taxa/BS_null	/scratch/project_2004342/everything/paml_clean/FINAL_refseq_ftp_pipeline/11_paml_nuclear_final/ctl/COX4I1/branchsite/myotis_cold_taxa/COX4I1.myotis_cold_taxa.BS_null.ctl
COX4I1	branchsite	myotis_cold_taxa_BS_alt	/scratch/project_2004342/everything/paml_clean/FINAL_refseq_ftp_pipeline/11_paml_nuclear_final/results/COX4I1/branchsite/myotis_cold_taxa/BS_alt	/scratch/project_2004342/everything/paml_clean/FINAL_refseq_ftp_pipeline/11_paml_nuclear_final/ctl/COX4I1/branchsite/myotis_cold_taxa/COX4I1.myotis_cold_taxa.BS_alt.ctl
COX4I1	branchsite	myotis_cold_wholeclade_BS_null	/scratch/project_2004342/everything/paml_clean/FINAL_refseq_ftp_pipeline/11_paml_nuclear_final/results/COX4I1/branchsite/myotis_cold_wholeclade/BS_null	/scratch/project_2004342/everything/paml_clean/FINAL_refseq_ftp_pipeline/11_paml_nuclear_final/ctl/COX4I1/branchsite/myotis_cold_wholeclade/COX4I1.myotis_cold_wholeclade.BS_null.ctl
COX4I1	branchsite	myotis_cold_wholeclade_BS_alt	/scratch/project_2004342/everything/paml_clean/FINAL_refseq_ftp_pipeline/11_paml_nuclear_final/results/COX4I1/branchsite/myotis_cold_wholeclade/BS_alt	/scratch/project_2004342/everything/paml_clean/FINAL_refseq_ftp_pipeline/11_paml_nuclear_final/ctl/COX4I1/branchsite/myotis_cold_wholeclade/COX4I1.myotis_cold_wholeclade.BS_alt.ctl
COX4I1	branchsite	coldbats_taxa_BS_null	/scratch/project_2004342/everything/paml_clean/FINAL_refseq_ftp_pipeline/11_paml_nuclear_final/results/COX4I1/branchsite/coldbats_taxa/BS_null	/scratch/project_2004342/everything/paml_clean/FINAL_refseq_ftp_pipeline/11_paml_nuclear_final/ctl/COX4I1/branchsite/coldbats_taxa/COX4I1.coldbats_taxa.BS_null.ctl
COX4I1	branchsite	coldbats_taxa_BS_alt	/scratch/project_2004342/everything/paml_clean/FINAL_refseq_ftp_pipeline/11_paml_nuclear_final/results/COX4I1/branchsite/coldbats_taxa/BS_alt	/scratch/project_2004342/everything/paml_clean/FINAL_refseq_ftp_pipeline/11_paml_nuclear_final/ctl/COX4I1/branchsite/coldbats_taxa/COX4I1.coldbats_taxa.BS_alt.ctl
COX4I1	branchsite	vesper_wholeclade_BS_null	/scratch/project_2004342/everything/paml_clean/FINAL_refseq_ftp_pipeline/11_paml_nuclear_final/results/COX4I1/branchsite/vesper_wholeclade/BS_null	/scratch/project_2004342/everything/paml_clean/FINAL_refseq_ftp_pipeline/11_paml_nuclear_final/ctl/COX4I1/branchsite/vesper_wholeclade/COX4I1.vesper_wholeclade.BS_null.ctl
COX4I1	branchsite	vesper_wholeclade_BS_alt	/scratch/project_2004342/everything/paml_clean/FINAL_refseq_ftp_pipeline/11_paml_nuclear_final/results/COX4I1/branchsite/vesper_wholeclade/BS_alt	/scratch/project_2004342/everything/paml_clean/FINAL_refseq_ftp_pipeline/11_paml_nuclear_final/ctl/COX4I1/branchsite/vesper_wholeclade/COX4I1.vesper_wholeclade.BS_alt.ctl
COX7A1	branchsite	myotis_cold_taxa_BS_null	/scratch/project_2004342/everything/paml_clean/FINAL_refseq_ftp_pipeline/11_paml_nuclear_final/results/COX7A1/branchsite/myotis_cold_taxa/BS_null	/scratch/project_2004342/everything/paml_clean/FINAL_refseq_ftp_pipeline/11_paml_nuclear_final/ctl/COX7A1/branchsite/myotis_cold_taxa/COX7A1.myotis_cold_taxa.BS_null.ctl
COX7A1	branchsite	myotis_cold_taxa_BS_alt	/scratch/project_2004342/everything/paml_clean/FINAL_refseq_ftp_pipeline/11_paml_nuclear_final/results/COX7A1/branchsite/myotis_cold_taxa/BS_alt	/scratch/project_2004342/everything/paml_clean/FINAL_refseq_ftp_pipeline/11_paml_nuclear_final/ctl/COX7A1/branchsite/myotis_cold_taxa/COX7A1.myotis_cold_taxa.BS_alt.ctl
COX7A1	branchsite	coldbats_taxa_BS_null	/scratch/project_2004342/everything/paml_clean/FINAL_refseq_ftp_pipeline/11_paml_nuclear_final/results/COX7A1/branchsite/coldbats_taxa/BS_null	/scratch/project_2004342/everything/paml_clean/FINAL_refseq_ftp_pipeline/11_paml_nuclear_final/ctl/COX7A1/branchsite/coldbats_taxa/COX7A1.coldbats_taxa.BS_null.ctl
COX7A1	branchsite	coldbats_taxa_BS_alt	/scratch/project_2004342/everything/paml_clean/FINAL_refseq_ftp_pipeline/11_paml_nuclear_final/results/COX7A1/branchsite/coldbats_taxa/BS_alt	/scratch/project_2004342/everything/paml_clean/FINAL_refseq_ftp_pipeline/11_paml_nuclear_final/ctl/COX7A1/branchsite/coldbats_taxa/COX7A1.coldbats_taxa.BS_alt.ctl
CPT1A	branchsite	nilssonii_terminal_BS_null	/scratch/project_2004342/everything/paml_clean/FINAL_refseq_ftp_pipeline/11_paml_nuclear_final/results/CPT1A/branchsite/nilssonii_terminal/BS_null	/scratch/project_2004342/everything/paml_clean/FINAL_refseq_ftp_pipeline/11_paml_nuclear_final/ctl/CPT1A/branchsite/nilssonii_terminal/CPT1A.nilssonii_terminal.BS_null.ctl
CPT1A	branchsite	nilssonii_terminal_BS_alt	/scratch/project_2004342/everything/paml_clean/FINAL_refseq_ftp_pipeline/11_paml_nuclear_final/results/CPT1A/branchsite/nilssonii_terminal/BS_alt	/scratch/project_2004342/everything/paml_clean/FINAL_refseq_ftp_pipeline/11_paml_nuclear_final/ctl/CPT1A/branchsite/nilssonii_terminal/CPT1A.nilssonii_terminal.BS_alt.ctl
CPT1A	branchsite	ept_stem_BS_null	/scratch/project_2004342/everything/paml_clean/FINAL_refseq_ftp_pipeline/11_paml_nuclear_final/results/CPT1A/branchsite/ept_stem/BS_null	/scratch/project_2004342/everything/paml_clean/FINAL_refseq_ftp_pipeline/11_paml_nuclear_final/ctl/CPT1A/branchsite/ept_stem/CPT1A.ept_stem.BS_null.ctl
CPT1A	branchsite	ept_stem_BS_alt	/scratch/project_2004342/everything/paml_clean/FINAL_refseq_ftp_pipeline/11_paml_nuclear_final/results/CPT1A/branchsite/ept_stem/BS_alt	/scratch/project_2004342/everything/paml_clean/FINAL_refseq_ftp_pipeline/11_paml_nuclear_final/ctl/CPT1A/branchsite/ept_stem/CPT1A.ept_stem.BS_alt.ctl
CPT1A	branchsite	ept_terminals_BS_null	/scratch/project_2004342/everything/paml_clean/FINAL_refseq_ftp_pipeline/11_paml_nuclear_final/results/CPT1A/branchsite/ept_terminals/BS_null	/scratch/project_2004342/everything/paml_clean/FINAL_refseq_ftp_pipeline/11_paml_nuclear_final/ctl/CPT1A/branchsite/ept_terminals/CPT1A.ept_terminals.BS_null.ctl
CPT1A	branchsite	ept_terminals_BS_alt	/scratch/project_2004342/everything/paml_clean/FINAL_refseq_ftp_pipeline/11_paml_nuclear_final/results/CPT1A/branchsite/ept_terminals/BS_alt	/scratch/project_2004342/everything/paml_clean/FINAL_refseq_ftp_pipeline/11_paml_nuclear_final/ctl/CPT1A/branchsite/ept_terminals/CPT1A.ept_terminals.BS_alt.ctl
CPT1A	branchsite	myotis_cold_taxa_BS_null	/scratch/project_2004342/everything/paml_clean/FINAL_refseq_ftp_pipeline/11_paml_nuclear_final/results/CPT1A/branchsite/myotis_cold_taxa/BS_null	/scratch/project_2004342/everything/paml_clean/FINAL_refseq_ftp_pipeline/11_paml_nuclear_final/ctl/CPT1A/branchsite/myotis_cold_taxa/CPT1A.myotis_cold_taxa.BS_null.ctl
CPT1A	branchsite	myotis_cold_taxa_BS_alt	/scratch/project_2004342/everything/paml_clean/FINAL_refseq_ftp_pipeline/11_paml_nuclear_final/results/CPT1A/branchsite/myotis_cold_taxa/BS_alt	/scratch/project_2004342/everything/paml_clean/FINAL_refseq_ftp_pipeline/11_paml_nuclear_final/ctl/CPT1A/branchsite/myotis_cold_taxa/CPT1A.myotis_cold_taxa.BS_alt.ctl
CPT1A	branchsite	coldbats_taxa_BS_null	/scratch/project_2004342/everything/paml_clean/FINAL_refseq_ftp_pipeline/11_paml_nuclear_final/results/CPT1A/branchsite/coldbats_taxa/BS_null	/scratch/project_2004342/everything/paml_clean/FINAL_refseq_ftp_pipeline/11_paml_nuclear_final/ctl/CPT1A/branchsite/coldbats_taxa/CPT1A.coldbats_taxa.BS_null.ctl
CPT1A	branchsite	coldbats_taxa_BS_alt	/scratch/project_2004342/everything/paml_clean/FINAL_refseq_ftp_pipeline/11_paml_nuclear_final/results/CPT1A/branchsite/coldbats_taxa/BS_alt	/scratch/project_2004342/everything/paml_clean/FINAL_refseq_ftp_pipeline/11_paml_nuclear_final/ctl/CPT1A/branchsite/coldbats_taxa/CPT1A.coldbats_taxa.BS_alt.ctl
CPT1B	branchsite	nilssonii_terminal_BS_null	/scratch/project_2004342/everything/paml_clean/FINAL_refseq_ftp_pipeline/11_paml_nuclear_final/results/CPT1B/branchsite/nilssonii_terminal/BS_null	/scratch/project_2004342/everything/paml_clean/FINAL_refseq_ftp_pipeline/11_paml_nuclear_final/ctl/CPT1B/branchsite/nilssonii_terminal/CPT1B.nilssonii_terminal.BS_null.ctl
CPT1B	branchsite	nilssonii_terminal_BS_alt	/scratch/project_2004342/everything/paml_clean/FINAL_refseq_ftp_pipeline/11_paml_nuclear_final/results/CPT1B/branchsite/nilssonii_terminal/BS_alt	/scratch/project_2004342/everything/paml_clean/FINAL_refseq_ftp_pipeline/11_paml_nuclear_final/ctl/CPT1B/branchsite/nilssonii_terminal/CPT1B.nilssonii_terminal.BS_alt.ctl
CPT1B	branchsite	ept_stem_BS_null	/scratch/project_2004342/everything/paml_clean/FINAL_refseq_ftp_pipeline/11_paml_nuclear_final/results/CPT1B/branchsite/ept_stem/BS_null	/scratch/project_2004342/everything/paml_clean/FINAL_refseq_ftp_pipeline/11_paml_nuclear_final/ctl/CPT1B/branchsite/ept_stem/CPT1B.ept_stem.BS_null.ctl
CPT1B	branchsite	ept_stem_BS_alt	/scratch/project_2004342/everything/paml_clean/FINAL_refseq_ftp_pipeline/11_paml_nuclear_final/results/CPT1B/branchsite/ept_stem/BS_alt	/scratch/project_2004342/everything/paml_clean/FINAL_refseq_ftp_pipeline/11_paml_nuclear_final/ctl/CPT1B/branchsite/ept_stem/CPT1B.ept_stem.BS_alt.ctl
CPT1B	branchsite	ept_terminals_BS_null	/scratch/project_2004342/everything/paml_clean/FINAL_refseq_ftp_pipeline/11_paml_nuclear_final/results/CPT1B/branchsite/ept_terminals/BS_null	/scratch/project_2004342/everything/paml_clean/FINAL_refseq_ftp_pipeline/11_paml_nuclear_final/ctl/CPT1B/branchsite/ept_terminals/CPT1B.ept_terminals.BS_null.ctl
CPT1B	branchsite	ept_terminals_BS_alt	/scratch/project_2004342/everything/paml_clean/FINAL_refseq_ftp_pipeline/11_paml_nuclear_final/results/CPT1B/branchsite/ept_terminals/BS_alt	/scratch/project_2004342/everything/paml_clean/FINAL_refseq_ftp_pipeline/11_paml_nuclear_final/ctl/CPT1B/branchsite/ept_terminals/CPT1B.ept_terminals.BS_alt.ctl
CPT1B	branchsite	myotis_cold_taxa_BS_null	/scratch/project_2004342/everything/paml_clean/FINAL_refseq_ftp_pipeline/11_paml_nuclear_final/results/CPT1B/branchsite/myotis_cold_taxa/BS_null	/scratch/project_2004342/everything/paml_clean/FINAL_refseq_ftp_pipeline/11_paml_nuclear_final/ctl/CPT1B/branchsite/myotis_cold_taxa/CPT1B.myotis_cold_taxa.BS_null.ctl
CPT1B	branchsite	myotis_cold_taxa_BS_alt	/scratch/project_2004342/everything/paml_clean/FINAL_refseq_ftp_pipeline/11_paml_nuclear_final/results/CPT1B/branchsite/myotis_cold_taxa/BS_alt	/scratch/project_2004342/everything/paml_clean/FINAL_refseq_ftp_pipeline/11_paml_nuclear_final/ctl/CPT1B/branchsite/myotis_cold_taxa/CPT1B.myotis_cold_taxa.BS_alt.ctl
CPT1B	branchsite	myotis_cold_wholeclade_BS_null	/scratch/project_2004342/everything/paml_clean/FINAL_refseq_ftp_pipeline/11_paml_nuclear_final/results/CPT1B/branchsite/myotis_cold_wholeclade/BS_null	/scratch/project_2004342/everything/paml_clean/FINAL_refseq_ftp_pipeline/11_paml_nuclear_final/ctl/CPT1B/branchsite/myotis_cold_wholeclade/CPT1B.myotis_cold_wholeclade.BS_null.ctl
CPT1B	branchsite	myotis_cold_wholeclade_BS_alt	/scratch/project_2004342/everything/paml_clean/FINAL_refseq_ftp_pipeline/11_paml_nuclear_final/results/CPT1B/branchsite/myotis_cold_wholeclade/BS_alt	/scratch/project_2004342/everything/paml_clean/FINAL_refseq_ftp_pipeline/11_paml_nuclear_final/ctl/CPT1B/branchsite/myotis_cold_wholeclade/CPT1B.myotis_cold_wholeclade.BS_alt.ctl
CPT1B	branchsite	coldbats_taxa_BS_null	/scratch/project_2004342/everything/paml_clean/FINAL_refseq_ftp_pipeline/11_paml_nuclear_final/results/CPT1B/branchsite/coldbats_taxa/BS_null	/scratch/project_2004342/everything/paml_clean/FINAL_refseq_ftp_pipeline/11_paml_nuclear_final/ctl/CPT1B/branchsite/coldbats_taxa/CPT1B.coldbats_taxa.BS_null.ctl
CPT1B	branchsite	coldbats_taxa_BS_alt	/scratch/project_2004342/everything/paml_clean/FINAL_refseq_ftp_pipeline/11_paml_nuclear_final/results/CPT1B/branchsite/coldbats_taxa/BS_alt	/scratch/project_2004342/everything/paml_clean/FINAL_refseq_ftp_pipeline/11_paml_nuclear_final/ctl/CPT1B/branchsite/coldbats_taxa/CPT1B.coldbats_taxa.BS_alt.ctl
CPT1B	branchsite	vesper_wholeclade_BS_null	/scratch/project_2004342/everything/paml_clean/FINAL_refseq_ftp_pipeline/11_paml_nuclear_final/results/CPT1B/branchsite/vesper_wholeclade/BS_null	/scratch/project_2004342/everything/paml_clean/FINAL_refseq_ftp_pipeline/11_paml_nuclear_final/ctl/CPT1B/branchsite/vesper_wholeclade/CPT1B.vesper_wholeclade.BS_null.ctl
CPT1B	branchsite	vesper_wholeclade_BS_alt	/scratch/project_2004342/everything/paml_clean/FINAL_refseq_ftp_pipeline/11_paml_nuclear_final/results/CPT1B/branchsite/vesper_wholeclade/BS_alt	/scratch/project_2004342/everything/paml_clean/FINAL_refseq_ftp_pipeline/11_paml_nuclear_final/ctl/CPT1B/branchsite/vesper_wholeclade/CPT1B.vesper_wholeclade.BS_alt.ctl
CPT2	branchsite	nilssonii_terminal_BS_null	/scratch/project_2004342/everything/paml_clean/FINAL_refseq_ftp_pipeline/11_paml_nuclear_final/results/CPT2/branchsite/nilssonii_terminal/BS_null	/scratch/project_2004342/everything/paml_clean/FINAL_refseq_ftp_pipeline/11_paml_nuclear_final/ctl/CPT2/branchsite/nilssonii_terminal/CPT2.nilssonii_terminal.BS_null.ctl
CPT2	branchsite	nilssonii_terminal_BS_alt	/scratch/project_2004342/everything/paml_clean/FINAL_refseq_ftp_pipeline/11_paml_nuclear_final/results/CPT2/branchsite/nilssonii_terminal/BS_alt	/scratch/project_2004342/everything/paml_clean/FINAL_refseq_ftp_pipeline/11_paml_nuclear_final/ctl/CPT2/branchsite/nilssonii_terminal/CPT2.nilssonii_terminal.BS_alt.ctl
CPT2	branchsite	ept_stem_BS_null	/scratch/project_2004342/everything/paml_clean/FINAL_refseq_ftp_pipeline/11_paml_nuclear_final/results/CPT2/branchsite/ept_stem/BS_null	/scratch/project_2004342/everything/paml_clean/FINAL_refseq_ftp_pipeline/11_paml_nuclear_final/ctl/CPT2/branchsite/ept_stem/CPT2.ept_stem.BS_null.ctl
CPT2	branchsite	ept_stem_BS_alt	/scratch/project_2004342/everything/paml_clean/FINAL_refseq_ftp_pipeline/11_paml_nuclear_final/results/CPT2/branchsite/ept_stem/BS_alt	/scratch/project_2004342/everything/paml_clean/FINAL_refseq_ftp_pipeline/11_paml_nuclear_final/ctl/CPT2/branchsite/ept_stem/CPT2.ept_stem.BS_alt.ctl
CPT2	branchsite	ept_terminals_BS_null	/scratch/project_2004342/everything/paml_clean/FINAL_refseq_ftp_pipeline/11_paml_nuclear_final/results/CPT2/branchsite/ept_terminals/BS_null	/scratch/project_2004342/everything/paml_clean/FINAL_refseq_ftp_pipeline/11_paml_nuclear_final/ctl/CPT2/branchsite/ept_terminals/CPT2.ept_terminals.BS_null.ctl
CPT2	branchsite	ept_terminals_BS_alt	/scratch/project_2004342/everything/paml_clean/FINAL_refseq_ftp_pipeline/11_paml_nuclear_final/results/CPT2/branchsite/ept_terminals/BS_alt	/scratch/project_2004342/everything/paml_clean/FINAL_refseq_ftp_pipeline/11_paml_nuclear_final/ctl/CPT2/branchsite/ept_terminals/CPT2.ept_terminals.BS_alt.ctl
CPT2	branchsite	myotis_cold_taxa_BS_null	/scratch/project_2004342/everything/paml_clean/FINAL_refseq_ftp_pipeline/11_paml_nuclear_final/results/CPT2/branchsite/myotis_cold_taxa/BS_null	/scratch/project_2004342/everything/paml_clean/FINAL_refseq_ftp_pipeline/11_paml_nuclear_final/ctl/CPT2/branchsite/myotis_cold_taxa/CPT2.myotis_cold_taxa.BS_null.ctl
CPT2	branchsite	myotis_cold_taxa_BS_alt	/scratch/project_2004342/everything/paml_clean/FINAL_refseq_ftp_pipeline/11_paml_nuclear_final/results/CPT2/branchsite/myotis_cold_taxa/BS_alt	/scratch/project_2004342/everything/paml_clean/FINAL_refseq_ftp_pipeline/11_paml_nuclear_final/ctl/CPT2/branchsite/myotis_cold_taxa/CPT2.myotis_cold_taxa.BS_alt.ctl
CPT2	branchsite	myotis_cold_wholeclade_BS_null	/scratch/project_2004342/everything/paml_clean/FINAL_refseq_ftp_pipeline/11_paml_nuclear_final/results/CPT2/branchsite/myotis_cold_wholeclade/BS_null	/scratch/project_2004342/everything/paml_clean/FINAL_refseq_ftp_pipeline/11_paml_nuclear_final/ctl/CPT2/branchsite/myotis_cold_wholeclade/CPT2.myotis_cold_wholeclade.BS_null.ctl
CPT2	branchsite	myotis_cold_wholeclade_BS_alt	/scratch/project_2004342/everything/paml_clean/FINAL_refseq_ftp_pipeline/11_paml_nuclear_final/results/CPT2/branchsite/myotis_cold_wholeclade/BS_alt	/scratch/project_2004342/everything/paml_clean/FINAL_refseq_ftp_pipeline/11_paml_nuclear_final/ctl/CPT2/branchsite/myotis_cold_wholeclade/CPT2.myotis_cold_wholeclade.BS_alt.ctl
CPT2	branchsite	coldbats_taxa_BS_null	/scratch/project_2004342/everything/paml_clean/FINAL_refseq_ftp_pipeline/11_paml_nuclear_final/results/CPT2/branchsite/coldbats_taxa/BS_null	/scratch/project_2004342/everything/paml_clean/FINAL_refseq_ftp_pipeline/11_paml_nuclear_final/ctl/CPT2/branchsite/coldbats_taxa/CPT2.coldbats_taxa.BS_null.ctl
CPT2	branchsite	coldbats_taxa_BS_alt	/scratch/project_2004342/everything/paml_clean/FINAL_refseq_ftp_pipeline/11_paml_nuclear_final/results/CPT2/branchsite/coldbats_taxa/BS_alt	/scratch/project_2004342/everything/paml_clean/FINAL_refseq_ftp_pipeline/11_paml_nuclear_final/ctl/CPT2/branchsite/coldbats_taxa/CPT2.coldbats_taxa.BS_alt.ctl
CPT2	branchsite	vesper_wholeclade_BS_null	/scratch/project_2004342/everything/paml_clean/FINAL_refseq_ftp_pipeline/11_paml_nuclear_final/results/CPT2/branchsite/vesper_wholeclade/BS_null	/scratch/project_2004342/everything/paml_clean/FINAL_refseq_ftp_pipeline/11_paml_nuclear_final/ctl/CPT2/branchsite/vesper_wholeclade/CPT2.vesper_wholeclade.BS_null.ctl
CPT2	branchsite	vesper_wholeclade_BS_alt	/scratch/project_2004342/everything/paml_clean/FINAL_refseq_ftp_pipeline/11_paml_nuclear_final/results/CPT2/branchsite/vesper_wholeclade/BS_alt	/scratch/project_2004342/everything/paml_clean/FINAL_refseq_ftp_pipeline/11_paml_nuclear_final/ctl/CPT2/branchsite/vesper_wholeclade/CPT2.vesper_wholeclade.BS_alt.ctl
CREB3L1	branchsite	nilssonii_terminal_BS_null	/scratch/project_2004342/everything/paml_clean/FINAL_refseq_ftp_pipeline/11_paml_nuclear_final/results/CREB3L1/branchsite/nilssonii_terminal/BS_null	/scratch/project_2004342/everything/paml_clean/FINAL_refseq_ftp_pipeline/11_paml_nuclear_final/ctl/CREB3L1/branchsite/nilssonii_terminal/CREB3L1.nilssonii_terminal.BS_null.ctl
CREB3L1	branchsite	nilssonii_terminal_BS_alt	/scratch/project_2004342/everything/paml_clean/FINAL_refseq_ftp_pipeline/11_paml_nuclear_final/results/CREB3L1/branchsite/nilssonii_terminal/BS_alt	/scratch/project_2004342/everything/paml_clean/FINAL_refseq_ftp_pipeline/11_paml_nuclear_final/ctl/CREB3L1/branchsite/nilssonii_terminal/CREB3L1.nilssonii_terminal.BS_alt.ctl
CREB3L1	branchsite	ept_stem_BS_null	/scratch/project_2004342/everything/paml_clean/FINAL_refseq_ftp_pipeline/11_paml_nuclear_final/results/CREB3L1/branchsite/ept_stem/BS_null	/scratch/project_2004342/everything/paml_clean/FINAL_refseq_ftp_pipeline/11_paml_nuclear_final/ctl/CREB3L1/branchsite/ept_stem/CREB3L1.ept_stem.BS_null.ctl
CREB3L1	branchsite	ept_stem_BS_alt	/scratch/project_2004342/everything/paml_clean/FINAL_refseq_ftp_pipeline/11_paml_nuclear_final/results/CREB3L1/branchsite/ept_stem/BS_alt	/scratch/project_2004342/everything/paml_clean/FINAL_refseq_ftp_pipeline/11_paml_nuclear_final/ctl/CREB3L1/branchsite/ept_stem/CREB3L1.ept_stem.BS_alt.ctl
CREB3L1	branchsite	ept_terminals_BS_null	/scratch/project_2004342/everything/paml_clean/FINAL_refseq_ftp_pipeline/11_paml_nuclear_final/results/CREB3L1/branchsite/ept_terminals/BS_null	/scratch/project_2004342/everything/paml_clean/FINAL_refseq_ftp_pipeline/11_paml_nuclear_final/ctl/CREB3L1/branchsite/ept_terminals/CREB3L1.ept_terminals.BS_null.ctl
CREB3L1	branchsite	ept_terminals_BS_alt	/scratch/project_2004342/everything/paml_clean/FINAL_refseq_ftp_pipeline/11_paml_nuclear_final/results/CREB3L1/branchsite/ept_terminals/BS_alt	/scratch/project_2004342/everything/paml_clean/FINAL_refseq_ftp_pipeline/11_paml_nuclear_final/ctl/CREB3L1/branchsite/ept_terminals/CREB3L1.ept_terminals.BS_alt.ctl
CREB3L1	branchsite	myotis_cold_taxa_BS_null	/scratch/project_2004342/everything/paml_clean/FINAL_refseq_ftp_pipeline/11_paml_nuclear_final/results/CREB3L1/branchsite/myotis_cold_taxa/BS_null	/scratch/project_2004342/everything/paml_clean/FINAL_refseq_ftp_pipeline/11_paml_nuclear_final/ctl/CREB3L1/branchsite/myotis_cold_taxa/CREB3L1.myotis_cold_taxa.BS_null.ctl
CREB3L1	branchsite	myotis_cold_taxa_BS_alt	/scratch/project_2004342/everything/paml_clean/FINAL_refseq_ftp_pipeline/11_paml_nuclear_final/results/CREB3L1/branchsite/myotis_cold_taxa/BS_alt	/scratch/project_2004342/everything/paml_clean/FINAL_refseq_ftp_pipeline/11_paml_nuclear_final/ctl/CREB3L1/branchsite/myotis_cold_taxa/CREB3L1.myotis_cold_taxa.BS_alt.ctl
CREB3L1	branchsite	myotis_cold_wholeclade_BS_null	/scratch/project_2004342/everything/paml_clean/FINAL_refseq_ftp_pipeline/11_paml_nuclear_final/results/CREB3L1/branchsite/myotis_cold_wholeclade/BS_null	/scratch/project_2004342/everything/paml_clean/FINAL_refseq_ftp_pipeline/11_paml_nuclear_final/ctl/CREB3L1/branchsite/myotis_cold_wholeclade/CREB3L1.myotis_cold_wholeclade.BS_null.ctl
CREB3L1	branchsite	myotis_cold_wholeclade_BS_alt	/scratch/project_2004342/everything/paml_clean/FINAL_refseq_ftp_pipeline/11_paml_nuclear_final/results/CREB3L1/branchsite/myotis_cold_wholeclade/BS_alt	/scratch/project_2004342/everything/paml_clean/FINAL_refseq_ftp_pipeline/11_paml_nuclear_final/ctl/CREB3L1/branchsite/myotis_cold_wholeclade/CREB3L1.myotis_cold_wholeclade.BS_alt.ctl
CREB3L1	branchsite	coldbats_taxa_BS_null	/scratch/project_2004342/everything/paml_clean/FINAL_refseq_ftp_pipeline/11_paml_nuclear_final/results/CREB3L1/branchsite/coldbats_taxa/BS_null	/scratch/project_2004342/everything/paml_clean/FINAL_refseq_ftp_pipeline/11_paml_nuclear_final/ctl/CREB3L1/branchsite/coldbats_taxa/CREB3L1.coldbats_taxa.BS_null.ctl
CREB3L1	branchsite	coldbats_taxa_BS_alt	/scratch/project_2004342/everything/paml_clean/FINAL_refseq_ftp_pipeline/11_paml_nuclear_final/results/CREB3L1/branchsite/coldbats_taxa/BS_alt	/scratch/project_2004342/everything/paml_clean/FINAL_refseq_ftp_pipeline/11_paml_nuclear_final/ctl/CREB3L1/branchsite/coldbats_taxa/CREB3L1.coldbats_taxa.BS_alt.ctl
CREB3L1	branchsite	vesper_wholeclade_BS_null	/scratch/project_2004342/everything/paml_clean/FINAL_refseq_ftp_pipeline/11_paml_nuclear_final/results/CREB3L1/branchsite/vesper_wholeclade/BS_null	/scratch/project_2004342/everything/paml_clean/FINAL_refseq_ftp_pipeline/11_paml_nuclear_final/ctl/CREB3L1/branchsite/vesper_wholeclade/CREB3L1.vesper_wholeclade.BS_null.ctl
CREB3L1	branchsite	vesper_wholeclade_BS_alt	/scratch/project_2004342/everything/paml_clean/FINAL_refseq_ftp_pipeline/11_paml_nuclear_final/results/CREB3L1/branchsite/vesper_wholeclade/BS_alt	/scratch/project_2004342/everything/paml_clean/FINAL_refseq_ftp_pipeline/11_paml_nuclear_final/ctl/CREB3L1/branchsite/vesper_wholeclade/CREB3L1.vesper_wholeclade.BS_alt.ctl
CREB3L4	branchsite	nilssonii_terminal_BS_null	/scratch/project_2004342/everything/paml_clean/FINAL_refseq_ftp_pipeline/11_paml_nuclear_final/results/CREB3L4/branchsite/nilssonii_terminal/BS_null	/scratch/project_2004342/everything/paml_clean/FINAL_refseq_ftp_pipeline/11_paml_nuclear_final/ctl/CREB3L4/branchsite/nilssonii_terminal/CREB3L4.nilssonii_terminal.BS_null.ctl
CREB3L4	branchsite	nilssonii_terminal_BS_alt	/scratch/project_2004342/everything/paml_clean/FINAL_refseq_ftp_pipeline/11_paml_nuclear_final/results/CREB3L4/branchsite/nilssonii_terminal/BS_alt	/scratch/project_2004342/everything/paml_clean/FINAL_refseq_ftp_pipeline/11_paml_nuclear_final/ctl/CREB3L4/branchsite/nilssonii_terminal/CREB3L4.nilssonii_terminal.BS_alt.ctl
CREB3L4	branchsite	ept_stem_BS_null	/scratch/project_2004342/everything/paml_clean/FINAL_refseq_ftp_pipeline/11_paml_nuclear_final/results/CREB3L4/branchsite/ept_stem/BS_null	/scratch/project_2004342/everything/paml_clean/FINAL_refseq_ftp_pipeline/11_paml_nuclear_final/ctl/CREB3L4/branchsite/ept_stem/CREB3L4.ept_stem.BS_null.ctl
CREB3L4	branchsite	ept_stem_BS_alt	/scratch/project_2004342/everything/paml_clean/FINAL_refseq_ftp_pipeline/11_paml_nuclear_final/results/CREB3L4/branchsite/ept_stem/BS_alt	/scratch/project_2004342/everything/paml_clean/FINAL_refseq_ftp_pipeline/11_paml_nuclear_final/ctl/CREB3L4/branchsite/ept_stem/CREB3L4.ept_stem.BS_alt.ctl
CREB3L4	branchsite	ept_terminals_BS_null	/scratch/project_2004342/everything/paml_clean/FINAL_refseq_ftp_pipeline/11_paml_nuclear_final/results/CREB3L4/branchsite/ept_terminals/BS_null	/scratch/project_2004342/everything/paml_clean/FINAL_refseq_ftp_pipeline/11_paml_nuclear_final/ctl/CREB3L4/branchsite/ept_terminals/CREB3L4.ept_terminals.BS_null.ctl
CREB3L4	branchsite	ept_terminals_BS_alt	/scratch/project_2004342/everything/paml_clean/FINAL_refseq_ftp_pipeline/11_paml_nuclear_final/results/CREB3L4/branchsite/ept_terminals/BS_alt	/scratch/project_2004342/everything/paml_clean/FINAL_refseq_ftp_pipeline/11_paml_nuclear_final/ctl/CREB3L4/branchsite/ept_terminals/CREB3L4.ept_terminals.BS_alt.ctl
CREB3L4	branchsite	myotis_cold_taxa_BS_null	/scratch/project_2004342/everything/paml_clean/FINAL_refseq_ftp_pipeline/11_paml_nuclear_final/results/CREB3L4/branchsite/myotis_cold_taxa/BS_null	/scratch/project_2004342/everything/paml_clean/FINAL_refseq_ftp_pipeline/11_paml_nuclear_final/ctl/CREB3L4/branchsite/myotis_cold_taxa/CREB3L4.myotis_cold_taxa.BS_null.ctl
CREB3L4	branchsite	myotis_cold_taxa_BS_alt	/scratch/project_2004342/everything/paml_clean/FINAL_refseq_ftp_pipeline/11_paml_nuclear_final/results/CREB3L4/branchsite/myotis_cold_taxa/BS_alt	/scratch/project_2004342/everything/paml_clean/FINAL_refseq_ftp_pipeline/11_paml_nuclear_final/ctl/CREB3L4/branchsite/myotis_cold_taxa/CREB3L4.myotis_cold_taxa.BS_alt.ctl
CREB3L4	branchsite	myotis_cold_wholeclade_BS_null	/scratch/project_2004342/everything/paml_clean/FINAL_refseq_ftp_pipeline/11_paml_nuclear_final/results/CREB3L4/branchsite/myotis_cold_wholeclade/BS_null	/scratch/project_2004342/everything/paml_clean/FINAL_refseq_ftp_pipeline/11_paml_nuclear_final/ctl/CREB3L4/branchsite/myotis_cold_wholeclade/CREB3L4.myotis_cold_wholeclade.BS_null.ctl
CREB3L4	branchsite	myotis_cold_wholeclade_BS_alt	/scratch/project_2004342/everything/paml_clean/FINAL_refseq_ftp_pipeline/11_paml_nuclear_final/results/CREB3L4/branchsite/myotis_cold_wholeclade/BS_alt	/scratch/project_2004342/everything/paml_clean/FINAL_refseq_ftp_pipeline/11_paml_nuclear_final/ctl/CREB3L4/branchsite/myotis_cold_wholeclade/CREB3L4.myotis_cold_wholeclade.BS_alt.ctl
CREB3L4	branchsite	coldbats_taxa_BS_null	/scratch/project_2004342/everything/paml_clean/FINAL_refseq_ftp_pipeline/11_paml_nuclear_final/results/CREB3L4/branchsite/coldbats_taxa/BS_null	/scratch/project_2004342/everything/paml_clean/FINAL_refseq_ftp_pipeline/11_paml_nuclear_final/ctl/CREB3L4/branchsite/coldbats_taxa/CREB3L4.coldbats_taxa.BS_null.ctl
CREB3L4	branchsite	coldbats_taxa_BS_alt	/scratch/project_2004342/everything/paml_clean/FINAL_refseq_ftp_pipeline/11_paml_nuclear_final/results/CREB3L4/branchsite/coldbats_taxa/BS_alt	/scratch/project_2004342/everything/paml_clean/FINAL_refseq_ftp_pipeline/11_paml_nuclear_final/ctl/CREB3L4/branchsite/coldbats_taxa/CREB3L4.coldbats_taxa.BS_alt.ctl
CREB3L4	branchsite	vesper_wholeclade_BS_null	/scratch/project_2004342/everything/paml_clean/FINAL_refseq_ftp_pipeline/11_paml_nuclear_final/results/CREB3L4/branchsite/vesper_wholeclade/BS_null	/scratch/project_2004342/everything/paml_clean/FINAL_refseq_ftp_pipeline/11_paml_nuclear_final/ctl/CREB3L4/branchsite/vesper_wholeclade/CREB3L4.vesper_wholeclade.BS_null.ctl
CREB3L4	branchsite	vesper_wholeclade_BS_alt	/scratch/project_2004342/everything/paml_clean/FINAL_refseq_ftp_pipeline/11_paml_nuclear_final/results/CREB3L4/branchsite/vesper_wholeclade/BS_alt	/scratch/project_2004342/everything/paml_clean/FINAL_refseq_ftp_pipeline/11_paml_nuclear_final/ctl/CREB3L4/branchsite/vesper_wholeclade/CREB3L4.vesper_wholeclade.BS_alt.ctl
CREB5	branchsite	nilssonii_terminal_BS_null	/scratch/project_2004342/everything/paml_clean/FINAL_refseq_ftp_pipeline/11_paml_nuclear_final/results/CREB5/branchsite/nilssonii_terminal/BS_null	/scratch/project_2004342/everything/paml_clean/FINAL_refseq_ftp_pipeline/11_paml_nuclear_final/ctl/CREB5/branchsite/nilssonii_terminal/CREB5.nilssonii_terminal.BS_null.ctl
CREB5	branchsite	nilssonii_terminal_BS_alt	/scratch/project_2004342/everything/paml_clean/FINAL_refseq_ftp_pipeline/11_paml_nuclear_final/results/CREB5/branchsite/nilssonii_terminal/BS_alt	/scratch/project_2004342/everything/paml_clean/FINAL_refseq_ftp_pipeline/11_paml_nuclear_final/ctl/CREB5/branchsite/nilssonii_terminal/CREB5.nilssonii_terminal.BS_alt.ctl
CREB5	branchsite	ept_stem_BS_null	/scratch/project_2004342/everything/paml_clean/FINAL_refseq_ftp_pipeline/11_paml_nuclear_final/results/CREB5/branchsite/ept_stem/BS_null	/scratch/project_2004342/everything/paml_clean/FINAL_refseq_ftp_pipeline/11_paml_nuclear_final/ctl/CREB5/branchsite/ept_stem/CREB5.ept_stem.BS_null.ctl
CREB5	branchsite	ept_stem_BS_alt	/scratch/project_2004342/everything/paml_clean/FINAL_refseq_ftp_pipeline/11_paml_nuclear_final/results/CREB5/branchsite/ept_stem/BS_alt	/scratch/project_2004342/everything/paml_clean/FINAL_refseq_ftp_pipeline/11_paml_nuclear_final/ctl/CREB5/branchsite/ept_stem/CREB5.ept_stem.BS_alt.ctl
CREB5	branchsite	ept_terminals_BS_null	/scratch/project_2004342/everything/paml_clean/FINAL_refseq_ftp_pipeline/11_paml_nuclear_final/results/CREB5/branchsite/ept_terminals/BS_null	/scratch/project_2004342/everything/paml_clean/FINAL_refseq_ftp_pipeline/11_paml_nuclear_final/ctl/CREB5/branchsite/ept_terminals/CREB5.ept_terminals.BS_null.ctl
CREB5	branchsite	ept_terminals_BS_alt	/scratch/project_2004342/everything/paml_clean/FINAL_refseq_ftp_pipeline/11_paml_nuclear_final/results/CREB5/branchsite/ept_terminals/BS_alt	/scratch/project_2004342/everything/paml_clean/FINAL_refseq_ftp_pipeline/11_paml_nuclear_final/ctl/CREB5/branchsite/ept_terminals/CREB5.ept_terminals.BS_alt.ctl
CREB5	branchsite	myotis_cold_taxa_BS_null	/scratch/project_2004342/everything/paml_clean/FINAL_refseq_ftp_pipeline/11_paml_nuclear_final/results/CREB5/branchsite/myotis_cold_taxa/BS_null	/scratch/project_2004342/everything/paml_clean/FINAL_refseq_ftp_pipeline/11_paml_nuclear_final/ctl/CREB5/branchsite/myotis_cold_taxa/CREB5.myotis_cold_taxa.BS_null.ctl
CREB5	branchsite	myotis_cold_taxa_BS_alt	/scratch/project_2004342/everything/paml_clean/FINAL_refseq_ftp_pipeline/11_paml_nuclear_final/results/CREB5/branchsite/myotis_cold_taxa/BS_alt	/scratch/project_2004342/everything/paml_clean/FINAL_refseq_ftp_pipeline/11_paml_nuclear_final/ctl/CREB5/branchsite/myotis_cold_taxa/CREB5.myotis_cold_taxa.BS_alt.ctl
CREB5	branchsite	myotis_cold_wholeclade_BS_null	/scratch/project_2004342/everything/paml_clean/FINAL_refseq_ftp_pipeline/11_paml_nuclear_final/results/CREB5/branchsite/myotis_cold_wholeclade/BS_null	/scratch/project_2004342/everything/paml_clean/FINAL_refseq_ftp_pipeline/11_paml_nuclear_final/ctl/CREB5/branchsite/myotis_cold_wholeclade/CREB5.myotis_cold_wholeclade.BS_null.ctl
CREB5	branchsite	myotis_cold_wholeclade_BS_alt	/scratch/project_2004342/everything/paml_clean/FINAL_refseq_ftp_pipeline/11_paml_nuclear_final/results/CREB5/branchsite/myotis_cold_wholeclade/BS_alt	/scratch/project_2004342/everything/paml_clean/FINAL_refseq_ftp_pipeline/11_paml_nuclear_final/ctl/CREB5/branchsite/myotis_cold_wholeclade/CREB5.myotis_cold_wholeclade.BS_alt.ctl
CREB5	branchsite	coldbats_taxa_BS_null	/scratch/project_2004342/everything/paml_clean/FINAL_refseq_ftp_pipeline/11_paml_nuclear_final/results/CREB5/branchsite/coldbats_taxa/BS_null	/scratch/project_2004342/everything/paml_clean/FINAL_refseq_ftp_pipeline/11_paml_nuclear_final/ctl/CREB5/branchsite/coldbats_taxa/CREB5.coldbats_taxa.BS_null.ctl
CREB5	branchsite	coldbats_taxa_BS_alt	/scratch/project_2004342/everything/paml_clean/FINAL_refseq_ftp_pipeline/11_paml_nuclear_final/results/CREB5/branchsite/coldbats_taxa/BS_alt	/scratch/project_2004342/everything/paml_clean/FINAL_refseq_ftp_pipeline/11_paml_nuclear_final/ctl/CREB5/branchsite/coldbats_taxa/CREB5.coldbats_taxa.BS_alt.ctl
CREB5	branchsite	vesper_wholeclade_BS_null	/scratch/project_2004342/everything/paml_clean/FINAL_refseq_ftp_pipeline/11_paml_nuclear_final/results/CREB5/branchsite/vesper_wholeclade/BS_null	/scratch/project_2004342/everything/paml_clean/FINAL_refseq_ftp_pipeline/11_paml_nuclear_final/ctl/CREB5/branchsite/vesper_wholeclade/CREB5.vesper_wholeclade.BS_null.ctl
CREB5	branchsite	vesper_wholeclade_BS_alt	/scratch/project_2004342/everything/paml_clean/FINAL_refseq_ftp_pipeline/11_paml_nuclear_final/results/CREB5/branchsite/vesper_wholeclade/BS_alt	/scratch/project_2004342/everything/paml_clean/FINAL_refseq_ftp_pipeline/11_paml_nuclear_final/ctl/CREB5/branchsite/vesper_wholeclade/CREB5.vesper_wholeclade.BS_alt.ctl
FGFR1	branchsite	nilssonii_terminal_BS_null	/scratch/project_2004342/everything/paml_clean/FINAL_refseq_ftp_pipeline/11_paml_nuclear_final/results/FGFR1/branchsite/nilssonii_terminal/BS_null	/scratch/project_2004342/everything/paml_clean/FINAL_refseq_ftp_pipeline/11_paml_nuclear_final/ctl/FGFR1/branchsite/nilssonii_terminal/FGFR1.nilssonii_terminal.BS_null.ctl
FGFR1	branchsite	nilssonii_terminal_BS_alt	/scratch/project_2004342/everything/paml_clean/FINAL_refseq_ftp_pipeline/11_paml_nuclear_final/results/FGFR1/branchsite/nilssonii_terminal/BS_alt	/scratch/project_2004342/everything/paml_clean/FINAL_refseq_ftp_pipeline/11_paml_nuclear_final/ctl/FGFR1/branchsite/nilssonii_terminal/FGFR1.nilssonii_terminal.BS_alt.ctl
FGFR1	branchsite	ept_stem_BS_null	/scratch/project_2004342/everything/paml_clean/FINAL_refseq_ftp_pipeline/11_paml_nuclear_final/results/FGFR1/branchsite/ept_stem/BS_null	/scratch/project_2004342/everything/paml_clean/FINAL_refseq_ftp_pipeline/11_paml_nuclear_final/ctl/FGFR1/branchsite/ept_stem/FGFR1.ept_stem.BS_null.ctl
FGFR1	branchsite	ept_stem_BS_alt	/scratch/project_2004342/everything/paml_clean/FINAL_refseq_ftp_pipeline/11_paml_nuclear_final/results/FGFR1/branchsite/ept_stem/BS_alt	/scratch/project_2004342/everything/paml_clean/FINAL_refseq_ftp_pipeline/11_paml_nuclear_final/ctl/FGFR1/branchsite/ept_stem/FGFR1.ept_stem.BS_alt.ctl
FGFR1	branchsite	ept_terminals_BS_null	/scratch/project_2004342/everything/paml_clean/FINAL_refseq_ftp_pipeline/11_paml_nuclear_final/results/FGFR1/branchsite/ept_terminals/BS_null	/scratch/project_2004342/everything/paml_clean/FINAL_refseq_ftp_pipeline/11_paml_nuclear_final/ctl/FGFR1/branchsite/ept_terminals/FGFR1.ept_terminals.BS_null.ctl
FGFR1	branchsite	ept_terminals_BS_alt	/scratch/project_2004342/everything/paml_clean/FINAL_refseq_ftp_pipeline/11_paml_nuclear_final/results/FGFR1/branchsite/ept_terminals/BS_alt	/scratch/project_2004342/everything/paml_clean/FINAL_refseq_ftp_pipeline/11_paml_nuclear_final/ctl/FGFR1/branchsite/ept_terminals/FGFR1.ept_terminals.BS_alt.ctl
FGFR1	branchsite	myotis_cold_taxa_BS_null	/scratch/project_2004342/everything/paml_clean/FINAL_refseq_ftp_pipeline/11_paml_nuclear_final/results/FGFR1/branchsite/myotis_cold_taxa/BS_null	/scratch/project_2004342/everything/paml_clean/FINAL_refseq_ftp_pipeline/11_paml_nuclear_final/ctl/FGFR1/branchsite/myotis_cold_taxa/FGFR1.myotis_cold_taxa.BS_null.ctl
FGFR1	branchsite	myotis_cold_taxa_BS_alt	/scratch/project_2004342/everything/paml_clean/FINAL_refseq_ftp_pipeline/11_paml_nuclear_final/results/FGFR1/branchsite/myotis_cold_taxa/BS_alt	/scratch/project_2004342/everything/paml_clean/FINAL_refseq_ftp_pipeline/11_paml_nuclear_final/ctl/FGFR1/branchsite/myotis_cold_taxa/FGFR1.myotis_cold_taxa.BS_alt.ctl
FGFR1	branchsite	myotis_cold_wholeclade_BS_null	/scratch/project_2004342/everything/paml_clean/FINAL_refseq_ftp_pipeline/11_paml_nuclear_final/results/FGFR1/branchsite/myotis_cold_wholeclade/BS_null	/scratch/project_2004342/everything/paml_clean/FINAL_refseq_ftp_pipeline/11_paml_nuclear_final/ctl/FGFR1/branchsite/myotis_cold_wholeclade/FGFR1.myotis_cold_wholeclade.BS_null.ctl
FGFR1	branchsite	myotis_cold_wholeclade_BS_alt	/scratch/project_2004342/everything/paml_clean/FINAL_refseq_ftp_pipeline/11_paml_nuclear_final/results/FGFR1/branchsite/myotis_cold_wholeclade/BS_alt	/scratch/project_2004342/everything/paml_clean/FINAL_refseq_ftp_pipeline/11_paml_nuclear_final/ctl/FGFR1/branchsite/myotis_cold_wholeclade/FGFR1.myotis_cold_wholeclade.BS_alt.ctl
FGFR1	branchsite	coldbats_taxa_BS_null	/scratch/project_2004342/everything/paml_clean/FINAL_refseq_ftp_pipeline/11_paml_nuclear_final/results/FGFR1/branchsite/coldbats_taxa/BS_null	/scratch/project_2004342/everything/paml_clean/FINAL_refseq_ftp_pipeline/11_paml_nuclear_final/ctl/FGFR1/branchsite/coldbats_taxa/FGFR1.coldbats_taxa.BS_null.ctl
FGFR1	branchsite	coldbats_taxa_BS_alt	/scratch/project_2004342/everything/paml_clean/FINAL_refseq_ftp_pipeline/11_paml_nuclear_final/results/FGFR1/branchsite/coldbats_taxa/BS_alt	/scratch/project_2004342/everything/paml_clean/FINAL_refseq_ftp_pipeline/11_paml_nuclear_final/ctl/FGFR1/branchsite/coldbats_taxa/FGFR1.coldbats_taxa.BS_alt.ctl
FGFR1	branchsite	vesper_wholeclade_BS_null	/scratch/project_2004342/everything/paml_clean/FINAL_refseq_ftp_pipeline/11_paml_nuclear_final/results/FGFR1/branchsite/vesper_wholeclade/BS_null	/scratch/project_2004342/everything/paml_clean/FINAL_refseq_ftp_pipeline/11_paml_nuclear_final/ctl/FGFR1/branchsite/vesper_wholeclade/FGFR1.vesper_wholeclade.BS_null.ctl
FGFR1	branchsite	vesper_wholeclade_BS_alt	/scratch/project_2004342/everything/paml_clean/FINAL_refseq_ftp_pipeline/11_paml_nuclear_final/results/FGFR1/branchsite/vesper_wholeclade/BS_alt	/scratch/project_2004342/everything/paml_clean/FINAL_refseq_ftp_pipeline/11_paml_nuclear_final/ctl/FGFR1/branchsite/vesper_wholeclade/FGFR1.vesper_wholeclade.BS_alt.ctl
NDUFA1	branchsite	nilssonii_terminal_BS_null	/scratch/project_2004342/everything/paml_clean/FINAL_refseq_ftp_pipeline/11_paml_nuclear_final/results/NDUFA1/branchsite/nilssonii_terminal/BS_null	/scratch/project_2004342/everything/paml_clean/FINAL_refseq_ftp_pipeline/11_paml_nuclear_final/ctl/NDUFA1/branchsite/nilssonii_terminal/NDUFA1.nilssonii_terminal.BS_null.ctl
NDUFA1	branchsite	nilssonii_terminal_BS_alt	/scratch/project_2004342/everything/paml_clean/FINAL_refseq_ftp_pipeline/11_paml_nuclear_final/results/NDUFA1/branchsite/nilssonii_terminal/BS_alt	/scratch/project_2004342/everything/paml_clean/FINAL_refseq_ftp_pipeline/11_paml_nuclear_final/ctl/NDUFA1/branchsite/nilssonii_terminal/NDUFA1.nilssonii_terminal.BS_alt.ctl
NDUFA1	branchsite	ept_stem_BS_null	/scratch/project_2004342/everything/paml_clean/FINAL_refseq_ftp_pipeline/11_paml_nuclear_final/results/NDUFA1/branchsite/ept_stem/BS_null	/scratch/project_2004342/everything/paml_clean/FINAL_refseq_ftp_pipeline/11_paml_nuclear_final/ctl/NDUFA1/branchsite/ept_stem/NDUFA1.ept_stem.BS_null.ctl
NDUFA1	branchsite	ept_stem_BS_alt	/scratch/project_2004342/everything/paml_clean/FINAL_refseq_ftp_pipeline/11_paml_nuclear_final/results/NDUFA1/branchsite/ept_stem/BS_alt	/scratch/project_2004342/everything/paml_clean/FINAL_refseq_ftp_pipeline/11_paml_nuclear_final/ctl/NDUFA1/branchsite/ept_stem/NDUFA1.ept_stem.BS_alt.ctl
NDUFA1	branchsite	ept_terminals_BS_null	/scratch/project_2004342/everything/paml_clean/FINAL_refseq_ftp_pipeline/11_paml_nuclear_final/results/NDUFA1/branchsite/ept_terminals/BS_null	/scratch/project_2004342/everything/paml_clean/FINAL_refseq_ftp_pipeline/11_paml_nuclear_final/ctl/NDUFA1/branchsite/ept_terminals/NDUFA1.ept_terminals.BS_null.ctl
NDUFA1	branchsite	ept_terminals_BS_alt	/scratch/project_2004342/everything/paml_clean/FINAL_refseq_ftp_pipeline/11_paml_nuclear_final/results/NDUFA1/branchsite/ept_terminals/BS_alt	/scratch/project_2004342/everything/paml_clean/FINAL_refseq_ftp_pipeline/11_paml_nuclear_final/ctl/NDUFA1/branchsite/ept_terminals/NDUFA1.ept_terminals.BS_alt.ctl
NDUFA1	branchsite	myotis_cold_taxa_BS_null	/scratch/project_2004342/everything/paml_clean/FINAL_refseq_ftp_pipeline/11_paml_nuclear_final/results/NDUFA1/branchsite/myotis_cold_taxa/BS_null	/scratch/project_2004342/everything/paml_clean/FINAL_refseq_ftp_pipeline/11_paml_nuclear_final/ctl/NDUFA1/branchsite/myotis_cold_taxa/NDUFA1.myotis_cold_taxa.BS_null.ctl
NDUFA1	branchsite	myotis_cold_taxa_BS_alt	/scratch/project_2004342/everything/paml_clean/FINAL_refseq_ftp_pipeline/11_paml_nuclear_final/results/NDUFA1/branchsite/myotis_cold_taxa/BS_alt	/scratch/project_2004342/everything/paml_clean/FINAL_refseq_ftp_pipeline/11_paml_nuclear_final/ctl/NDUFA1/branchsite/myotis_cold_taxa/NDUFA1.myotis_cold_taxa.BS_alt.ctl
NDUFA1	branchsite	myotis_cold_wholeclade_BS_null	/scratch/project_2004342/everything/paml_clean/FINAL_refseq_ftp_pipeline/11_paml_nuclear_final/results/NDUFA1/branchsite/myotis_cold_wholeclade/BS_null	/scratch/project_2004342/everything/paml_clean/FINAL_refseq_ftp_pipeline/11_paml_nuclear_final/ctl/NDUFA1/branchsite/myotis_cold_wholeclade/NDUFA1.myotis_cold_wholeclade.BS_null.ctl
NDUFA1	branchsite	myotis_cold_wholeclade_BS_alt	/scratch/project_2004342/everything/paml_clean/FINAL_refseq_ftp_pipeline/11_paml_nuclear_final/results/NDUFA1/branchsite/myotis_cold_wholeclade/BS_alt	/scratch/project_2004342/everything/paml_clean/FINAL_refseq_ftp_pipeline/11_paml_nuclear_final/ctl/NDUFA1/branchsite/myotis_cold_wholeclade/NDUFA1.myotis_cold_wholeclade.BS_alt.ctl
NDUFA1	branchsite	coldbats_taxa_BS_null	/scratch/project_2004342/everything/paml_clean/FINAL_refseq_ftp_pipeline/11_paml_nuclear_final/results/NDUFA1/branchsite/coldbats_taxa/BS_null	/scratch/project_2004342/everything/paml_clean/FINAL_refseq_ftp_pipeline/11_paml_nuclear_final/ctl/NDUFA1/branchsite/coldbats_taxa/NDUFA1.coldbats_taxa.BS_null.ctl
NDUFA1	branchsite	coldbats_taxa_BS_alt	/scratch/project_2004342/everything/paml_clean/FINAL_refseq_ftp_pipeline/11_paml_nuclear_final/results/NDUFA1/branchsite/coldbats_taxa/BS_alt	/scratch/project_2004342/everything/paml_clean/FINAL_refseq_ftp_pipeline/11_paml_nuclear_final/ctl/NDUFA1/branchsite/coldbats_taxa/NDUFA1.coldbats_taxa.BS_alt.ctl
NDUFA1	branchsite	vesper_wholeclade_BS_null	/scratch/project_2004342/everything/paml_clean/FINAL_refseq_ftp_pipeline/11_paml_nuclear_final/results/NDUFA1/branchsite/vesper_wholeclade/BS_null	/scratch/project_2004342/everything/paml_clean/FINAL_refseq_ftp_pipeline/11_paml_nuclear_final/ctl/NDUFA1/branchsite/vesper_wholeclade/NDUFA1.vesper_wholeclade.BS_null.ctl
NDUFA1	branchsite	vesper_wholeclade_BS_alt	/scratch/project_2004342/everything/paml_clean/FINAL_refseq_ftp_pipeline/11_paml_nuclear_final/results/NDUFA1/branchsite/vesper_wholeclade/BS_alt	/scratch/project_2004342/everything/paml_clean/FINAL_refseq_ftp_pipeline/11_paml_nuclear_final/ctl/NDUFA1/branchsite/vesper_wholeclade/NDUFA1.vesper_wholeclade.BS_alt.ctl
NDUFB8	branchsite	nilssonii_terminal_BS_null	/scratch/project_2004342/everything/paml_clean/FINAL_refseq_ftp_pipeline/11_paml_nuclear_final/results/NDUFB8/branchsite/nilssonii_terminal/BS_null	/scratch/project_2004342/everything/paml_clean/FINAL_refseq_ftp_pipeline/11_paml_nuclear_final/ctl/NDUFB8/branchsite/nilssonii_terminal/NDUFB8.nilssonii_terminal.BS_null.ctl
NDUFB8	branchsite	nilssonii_terminal_BS_alt	/scratch/project_2004342/everything/paml_clean/FINAL_refseq_ftp_pipeline/11_paml_nuclear_final/results/NDUFB8/branchsite/nilssonii_terminal/BS_alt	/scratch/project_2004342/everything/paml_clean/FINAL_refseq_ftp_pipeline/11_paml_nuclear_final/ctl/NDUFB8/branchsite/nilssonii_terminal/NDUFB8.nilssonii_terminal.BS_alt.ctl
NDUFB8	branchsite	ept_stem_BS_null	/scratch/project_2004342/everything/paml_clean/FINAL_refseq_ftp_pipeline/11_paml_nuclear_final/results/NDUFB8/branchsite/ept_stem/BS_null	/scratch/project_2004342/everything/paml_clean/FINAL_refseq_ftp_pipeline/11_paml_nuclear_final/ctl/NDUFB8/branchsite/ept_stem/NDUFB8.ept_stem.BS_null.ctl
NDUFB8	branchsite	ept_stem_BS_alt	/scratch/project_2004342/everything/paml_clean/FINAL_refseq_ftp_pipeline/11_paml_nuclear_final/results/NDUFB8/branchsite/ept_stem/BS_alt	/scratch/project_2004342/everything/paml_clean/FINAL_refseq_ftp_pipeline/11_paml_nuclear_final/ctl/NDUFB8/branchsite/ept_stem/NDUFB8.ept_stem.BS_alt.ctl
NDUFB8	branchsite	ept_terminals_BS_null	/scratch/project_2004342/everything/paml_clean/FINAL_refseq_ftp_pipeline/11_paml_nuclear_final/results/NDUFB8/branchsite/ept_terminals/BS_null	/scratch/project_2004342/everything/paml_clean/FINAL_refseq_ftp_pipeline/11_paml_nuclear_final/ctl/NDUFB8/branchsite/ept_terminals/NDUFB8.ept_terminals.BS_null.ctl
NDUFB8	branchsite	ept_terminals_BS_alt	/scratch/project_2004342/everything/paml_clean/FINAL_refseq_ftp_pipeline/11_paml_nuclear_final/results/NDUFB8/branchsite/ept_terminals/BS_alt	/scratch/project_2004342/everything/paml_clean/FINAL_refseq_ftp_pipeline/11_paml_nuclear_final/ctl/NDUFB8/branchsite/ept_terminals/NDUFB8.ept_terminals.BS_alt.ctl
NDUFB8	branchsite	myotis_cold_taxa_BS_null	/scratch/project_2004342/everything/paml_clean/FINAL_refseq_ftp_pipeline/11_paml_nuclear_final/results/NDUFB8/branchsite/myotis_cold_taxa/BS_null	/scratch/project_2004342/everything/paml_clean/FINAL_refseq_ftp_pipeline/11_paml_nuclear_final/ctl/NDUFB8/branchsite/myotis_cold_taxa/NDUFB8.myotis_cold_taxa.BS_null.ctl
NDUFB8	branchsite	myotis_cold_taxa_BS_alt	/scratch/project_2004342/everything/paml_clean/FINAL_refseq_ftp_pipeline/11_paml_nuclear_final/results/NDUFB8/branchsite/myotis_cold_taxa/BS_alt	/scratch/project_2004342/everything/paml_clean/FINAL_refseq_ftp_pipeline/11_paml_nuclear_final/ctl/NDUFB8/branchsite/myotis_cold_taxa/NDUFB8.myotis_cold_taxa.BS_alt.ctl
NDUFB8	branchsite	myotis_cold_wholeclade_BS_null	/scratch/project_2004342/everything/paml_clean/FINAL_refseq_ftp_pipeline/11_paml_nuclear_final/results/NDUFB8/branchsite/myotis_cold_wholeclade/BS_null	/scratch/project_2004342/everything/paml_clean/FINAL_refseq_ftp_pipeline/11_paml_nuclear_final/ctl/NDUFB8/branchsite/myotis_cold_wholeclade/NDUFB8.myotis_cold_wholeclade.BS_null.ctl
NDUFB8	branchsite	myotis_cold_wholeclade_BS_alt	/scratch/project_2004342/everything/paml_clean/FINAL_refseq_ftp_pipeline/11_paml_nuclear_final/results/NDUFB8/branchsite/myotis_cold_wholeclade/BS_alt	/scratch/project_2004342/everything/paml_clean/FINAL_refseq_ftp_pipeline/11_paml_nuclear_final/ctl/NDUFB8/branchsite/myotis_cold_wholeclade/NDUFB8.myotis_cold_wholeclade.BS_alt.ctl
NDUFB8	branchsite	coldbats_taxa_BS_null	/scratch/project_2004342/everything/paml_clean/FINAL_refseq_ftp_pipeline/11_paml_nuclear_final/results/NDUFB8/branchsite/coldbats_taxa/BS_null	/scratch/project_2004342/everything/paml_clean/FINAL_refseq_ftp_pipeline/11_paml_nuclear_final/ctl/NDUFB8/branchsite/coldbats_taxa/NDUFB8.coldbats_taxa.BS_null.ctl
NDUFB8	branchsite	coldbats_taxa_BS_alt	/scratch/project_2004342/everything/paml_clean/FINAL_refseq_ftp_pipeline/11_paml_nuclear_final/results/NDUFB8/branchsite/coldbats_taxa/BS_alt	/scratch/project_2004342/everything/paml_clean/FINAL_refseq_ftp_pipeline/11_paml_nuclear_final/ctl/NDUFB8/branchsite/coldbats_taxa/NDUFB8.coldbats_taxa.BS_alt.ctl
NDUFB8	branchsite	vesper_wholeclade_BS_null	/scratch/project_2004342/everything/paml_clean/FINAL_refseq_ftp_pipeline/11_paml_nuclear_final/results/NDUFB8/branchsite/vesper_wholeclade/BS_null	/scratch/project_2004342/everything/paml_clean/FINAL_refseq_ftp_pipeline/11_paml_nuclear_final/ctl/NDUFB8/branchsite/vesper_wholeclade/NDUFB8.vesper_wholeclade.BS_null.ctl
NDUFB8	branchsite	vesper_wholeclade_BS_alt	/scratch/project_2004342/everything/paml_clean/FINAL_refseq_ftp_pipeline/11_paml_nuclear_final/results/NDUFB8/branchsite/vesper_wholeclade/BS_alt	/scratch/project_2004342/everything/paml_clean/FINAL_refseq_ftp_pipeline/11_paml_nuclear_final/ctl/NDUFB8/branchsite/vesper_wholeclade/NDUFB8.vesper_wholeclade.BS_alt.ctl
NDUFS2	branchsite	nilssonii_terminal_BS_null	/scratch/project_2004342/everything/paml_clean/FINAL_refseq_ftp_pipeline/11_paml_nuclear_final/results/NDUFS2/branchsite/nilssonii_terminal/BS_null	/scratch/project_2004342/everything/paml_clean/FINAL_refseq_ftp_pipeline/11_paml_nuclear_final/ctl/NDUFS2/branchsite/nilssonii_terminal/NDUFS2.nilssonii_terminal.BS_null.ctl
NDUFS2	branchsite	nilssonii_terminal_BS_alt	/scratch/project_2004342/everything/paml_clean/FINAL_refseq_ftp_pipeline/11_paml_nuclear_final/results/NDUFS2/branchsite/nilssonii_terminal/BS_alt	/scratch/project_2004342/everything/paml_clean/FINAL_refseq_ftp_pipeline/11_paml_nuclear_final/ctl/NDUFS2/branchsite/nilssonii_terminal/NDUFS2.nilssonii_terminal.BS_alt.ctl
NDUFS2	branchsite	ept_stem_BS_null	/scratch/project_2004342/everything/paml_clean/FINAL_refseq_ftp_pipeline/11_paml_nuclear_final/results/NDUFS2/branchsite/ept_stem/BS_null	/scratch/project_2004342/everything/paml_clean/FINAL_refseq_ftp_pipeline/11_paml_nuclear_final/ctl/NDUFS2/branchsite/ept_stem/NDUFS2.ept_stem.BS_null.ctl
NDUFS2	branchsite	ept_stem_BS_alt	/scratch/project_2004342/everything/paml_clean/FINAL_refseq_ftp_pipeline/11_paml_nuclear_final/results/NDUFS2/branchsite/ept_stem/BS_alt	/scratch/project_2004342/everything/paml_clean/FINAL_refseq_ftp_pipeline/11_paml_nuclear_final/ctl/NDUFS2/branchsite/ept_stem/NDUFS2.ept_stem.BS_alt.ctl
NDUFS2	branchsite	ept_terminals_BS_null	/scratch/project_2004342/everything/paml_clean/FINAL_refseq_ftp_pipeline/11_paml_nuclear_final/results/NDUFS2/branchsite/ept_terminals/BS_null	/scratch/project_2004342/everything/paml_clean/FINAL_refseq_ftp_pipeline/11_paml_nuclear_final/ctl/NDUFS2/branchsite/ept_terminals/NDUFS2.ept_terminals.BS_null.ctl
NDUFS2	branchsite	ept_terminals_BS_alt	/scratch/project_2004342/everything/paml_clean/FINAL_refseq_ftp_pipeline/11_paml_nuclear_final/results/NDUFS2/branchsite/ept_terminals/BS_alt	/scratch/project_2004342/everything/paml_clean/FINAL_refseq_ftp_pipeline/11_paml_nuclear_final/ctl/NDUFS2/branchsite/ept_terminals/NDUFS2.ept_terminals.BS_alt.ctl
NDUFS2	branchsite	myotis_cold_taxa_BS_null	/scratch/project_2004342/everything/paml_clean/FINAL_refseq_ftp_pipeline/11_paml_nuclear_final/results/NDUFS2/branchsite/myotis_cold_taxa/BS_null	/scratch/project_2004342/everything/paml_clean/FINAL_refseq_ftp_pipeline/11_paml_nuclear_final/ctl/NDUFS2/branchsite/myotis_cold_taxa/NDUFS2.myotis_cold_taxa.BS_null.ctl
NDUFS2	branchsite	myotis_cold_taxa_BS_alt	/scratch/project_2004342/everything/paml_clean/FINAL_refseq_ftp_pipeline/11_paml_nuclear_final/results/NDUFS2/branchsite/myotis_cold_taxa/BS_alt	/scratch/project_2004342/everything/paml_clean/FINAL_refseq_ftp_pipeline/11_paml_nuclear_final/ctl/NDUFS2/branchsite/myotis_cold_taxa/NDUFS2.myotis_cold_taxa.BS_alt.ctl
NDUFS2	branchsite	myotis_cold_wholeclade_BS_null	/scratch/project_2004342/everything/paml_clean/FINAL_refseq_ftp_pipeline/11_paml_nuclear_final/results/NDUFS2/branchsite/myotis_cold_wholeclade/BS_null	/scratch/project_2004342/everything/paml_clean/FINAL_refseq_ftp_pipeline/11_paml_nuclear_final/ctl/NDUFS2/branchsite/myotis_cold_wholeclade/NDUFS2.myotis_cold_wholeclade.BS_null.ctl
NDUFS2	branchsite	myotis_cold_wholeclade_BS_alt	/scratch/project_2004342/everything/paml_clean/FINAL_refseq_ftp_pipeline/11_paml_nuclear_final/results/NDUFS2/branchsite/myotis_cold_wholeclade/BS_alt	/scratch/project_2004342/everything/paml_clean/FINAL_refseq_ftp_pipeline/11_paml_nuclear_final/ctl/NDUFS2/branchsite/myotis_cold_wholeclade/NDUFS2.myotis_cold_wholeclade.BS_alt.ctl
NDUFS2	branchsite	coldbats_taxa_BS_null	/scratch/project_2004342/everything/paml_clean/FINAL_refseq_ftp_pipeline/11_paml_nuclear_final/results/NDUFS2/branchsite/coldbats_taxa/BS_null	/scratch/project_2004342/everything/paml_clean/FINAL_refseq_ftp_pipeline/11_paml_nuclear_final/ctl/NDUFS2/branchsite/coldbats_taxa/NDUFS2.coldbats_taxa.BS_null.ctl
NDUFS2	branchsite	coldbats_taxa_BS_alt	/scratch/project_2004342/everything/paml_clean/FINAL_refseq_ftp_pipeline/11_paml_nuclear_final/results/NDUFS2/branchsite/coldbats_taxa/BS_alt	/scratch/project_2004342/everything/paml_clean/FINAL_refseq_ftp_pipeline/11_paml_nuclear_final/ctl/NDUFS2/branchsite/coldbats_taxa/NDUFS2.coldbats_taxa.BS_alt.ctl
NDUFS2	branchsite	vesper_wholeclade_BS_null	/scratch/project_2004342/everything/paml_clean/FINAL_refseq_ftp_pipeline/11_paml_nuclear_final/results/NDUFS2/branchsite/vesper_wholeclade/BS_null	/scratch/project_2004342/everything/paml_clean/FINAL_refseq_ftp_pipeline/11_paml_nuclear_final/ctl/NDUFS2/branchsite/vesper_wholeclade/NDUFS2.vesper_wholeclade.BS_null.ctl
NDUFS2	branchsite	vesper_wholeclade_BS_alt	/scratch/project_2004342/everything/paml_clean/FINAL_refseq_ftp_pipeline/11_paml_nuclear_final/results/NDUFS2/branchsite/vesper_wholeclade/BS_alt	/scratch/project_2004342/everything/paml_clean/FINAL_refseq_ftp_pipeline/11_paml_nuclear_final/ctl/NDUFS2/branchsite/vesper_wholeclade/NDUFS2.vesper_wholeclade.BS_alt.ctl
NDUFV2	branchsite	nilssonii_terminal_BS_null	/scratch/project_2004342/everything/paml_clean/FINAL_refseq_ftp_pipeline/11_paml_nuclear_final/results/NDUFV2/branchsite/nilssonii_terminal/BS_null	/scratch/project_2004342/everything/paml_clean/FINAL_refseq_ftp_pipeline/11_paml_nuclear_final/ctl/NDUFV2/branchsite/nilssonii_terminal/NDUFV2.nilssonii_terminal.BS_null.ctl
NDUFV2	branchsite	nilssonii_terminal_BS_alt	/scratch/project_2004342/everything/paml_clean/FINAL_refseq_ftp_pipeline/11_paml_nuclear_final/results/NDUFV2/branchsite/nilssonii_terminal/BS_alt	/scratch/project_2004342/everything/paml_clean/FINAL_refseq_ftp_pipeline/11_paml_nuclear_final/ctl/NDUFV2/branchsite/nilssonii_terminal/NDUFV2.nilssonii_terminal.BS_alt.ctl
NDUFV2	branchsite	ept_stem_BS_null	/scratch/project_2004342/everything/paml_clean/FINAL_refseq_ftp_pipeline/11_paml_nuclear_final/results/NDUFV2/branchsite/ept_stem/BS_null	/scratch/project_2004342/everything/paml_clean/FINAL_refseq_ftp_pipeline/11_paml_nuclear_final/ctl/NDUFV2/branchsite/ept_stem/NDUFV2.ept_stem.BS_null.ctl
NDUFV2	branchsite	ept_stem_BS_alt	/scratch/project_2004342/everything/paml_clean/FINAL_refseq_ftp_pipeline/11_paml_nuclear_final/results/NDUFV2/branchsite/ept_stem/BS_alt	/scratch/project_2004342/everything/paml_clean/FINAL_refseq_ftp_pipeline/11_paml_nuclear_final/ctl/NDUFV2/branchsite/ept_stem/NDUFV2.ept_stem.BS_alt.ctl
NDUFV2	branchsite	ept_terminals_BS_null	/scratch/project_2004342/everything/paml_clean/FINAL_refseq_ftp_pipeline/11_paml_nuclear_final/results/NDUFV2/branchsite/ept_terminals/BS_null	/scratch/project_2004342/everything/paml_clean/FINAL_refseq_ftp_pipeline/11_paml_nuclear_final/ctl/NDUFV2/branchsite/ept_terminals/NDUFV2.ept_terminals.BS_null.ctl
NDUFV2	branchsite	ept_terminals_BS_alt	/scratch/project_2004342/everything/paml_clean/FINAL_refseq_ftp_pipeline/11_paml_nuclear_final/results/NDUFV2/branchsite/ept_terminals/BS_alt	/scratch/project_2004342/everything/paml_clean/FINAL_refseq_ftp_pipeline/11_paml_nuclear_final/ctl/NDUFV2/branchsite/ept_terminals/NDUFV2.ept_terminals.BS_alt.ctl
NDUFV2	branchsite	myotis_cold_taxa_BS_null	/scratch/project_2004342/everything/paml_clean/FINAL_refseq_ftp_pipeline/11_paml_nuclear_final/results/NDUFV2/branchsite/myotis_cold_taxa/BS_null	/scratch/project_2004342/everything/paml_clean/FINAL_refseq_ftp_pipeline/11_paml_nuclear_final/ctl/NDUFV2/branchsite/myotis_cold_taxa/NDUFV2.myotis_cold_taxa.BS_null.ctl
NDUFV2	branchsite	myotis_cold_taxa_BS_alt	/scratch/project_2004342/everything/paml_clean/FINAL_refseq_ftp_pipeline/11_paml_nuclear_final/results/NDUFV2/branchsite/myotis_cold_taxa/BS_alt	/scratch/project_2004342/everything/paml_clean/FINAL_refseq_ftp_pipeline/11_paml_nuclear_final/ctl/NDUFV2/branchsite/myotis_cold_taxa/NDUFV2.myotis_cold_taxa.BS_alt.ctl
NDUFV2	branchsite	myotis_cold_wholeclade_BS_null	/scratch/project_2004342/everything/paml_clean/FINAL_refseq_ftp_pipeline/11_paml_nuclear_final/results/NDUFV2/branchsite/myotis_cold_wholeclade/BS_null	/scratch/project_2004342/everything/paml_clean/FINAL_refseq_ftp_pipeline/11_paml_nuclear_final/ctl/NDUFV2/branchsite/myotis_cold_wholeclade/NDUFV2.myotis_cold_wholeclade.BS_null.ctl
NDUFV2	branchsite	myotis_cold_wholeclade_BS_alt	/scratch/project_2004342/everything/paml_clean/FINAL_refseq_ftp_pipeline/11_paml_nuclear_final/results/NDUFV2/branchsite/myotis_cold_wholeclade/BS_alt	/scratch/project_2004342/everything/paml_clean/FINAL_refseq_ftp_pipeline/11_paml_nuclear_final/ctl/NDUFV2/branchsite/myotis_cold_wholeclade/NDUFV2.myotis_cold_wholeclade.BS_alt.ctl
NDUFV2	branchsite	coldbats_taxa_BS_null	/scratch/project_2004342/everything/paml_clean/FINAL_refseq_ftp_pipeline/11_paml_nuclear_final/results/NDUFV2/branchsite/coldbats_taxa/BS_null	/scratch/project_2004342/everything/paml_clean/FINAL_refseq_ftp_pipeline/11_paml_nuclear_final/ctl/NDUFV2/branchsite/coldbats_taxa/NDUFV2.coldbats_taxa.BS_null.ctl
NDUFV2	branchsite	coldbats_taxa_BS_alt	/scratch/project_2004342/everything/paml_clean/FINAL_refseq_ftp_pipeline/11_paml_nuclear_final/results/NDUFV2/branchsite/coldbats_taxa/BS_alt	/scratch/project_2004342/everything/paml_clean/FINAL_refseq_ftp_pipeline/11_paml_nuclear_final/ctl/NDUFV2/branchsite/coldbats_taxa/NDUFV2.coldbats_taxa.BS_alt.ctl
NDUFV2	branchsite	vesper_wholeclade_BS_null	/scratch/project_2004342/everything/paml_clean/FINAL_refseq_ftp_pipeline/11_paml_nuclear_final/results/NDUFV2/branchsite/vesper_wholeclade/BS_null	/scratch/project_2004342/everything/paml_clean/FINAL_refseq_ftp_pipeline/11_paml_nuclear_final/ctl/NDUFV2/branchsite/vesper_wholeclade/NDUFV2.vesper_wholeclade.BS_null.ctl
NDUFV2	branchsite	vesper_wholeclade_BS_alt	/scratch/project_2004342/everything/paml_clean/FINAL_refseq_ftp_pipeline/11_paml_nuclear_final/results/NDUFV2/branchsite/vesper_wholeclade/BS_alt	/scratch/project_2004342/everything/paml_clean/FINAL_refseq_ftp_pipeline/11_paml_nuclear_final/ctl/NDUFV2/branchsite/vesper_wholeclade/NDUFV2.vesper_wholeclade.BS_alt.ctl
PLIN1	branchsite	nilssonii_terminal_BS_null	/scratch/project_2004342/everything/paml_clean/FINAL_refseq_ftp_pipeline/11_paml_nuclear_final/results/PLIN1/branchsite/nilssonii_terminal/BS_null	/scratch/project_2004342/everything/paml_clean/FINAL_refseq_ftp_pipeline/11_paml_nuclear_final/ctl/PLIN1/branchsite/nilssonii_terminal/PLIN1.nilssonii_terminal.BS_null.ctl
PLIN1	branchsite	nilssonii_terminal_BS_alt	/scratch/project_2004342/everything/paml_clean/FINAL_refseq_ftp_pipeline/11_paml_nuclear_final/results/PLIN1/branchsite/nilssonii_terminal/BS_alt	/scratch/project_2004342/everything/paml_clean/FINAL_refseq_ftp_pipeline/11_paml_nuclear_final/ctl/PLIN1/branchsite/nilssonii_terminal/PLIN1.nilssonii_terminal.BS_alt.ctl
PLIN1	branchsite	ept_stem_BS_null	/scratch/project_2004342/everything/paml_clean/FINAL_refseq_ftp_pipeline/11_paml_nuclear_final/results/PLIN1/branchsite/ept_stem/BS_null	/scratch/project_2004342/everything/paml_clean/FINAL_refseq_ftp_pipeline/11_paml_nuclear_final/ctl/PLIN1/branchsite/ept_stem/PLIN1.ept_stem.BS_null.ctl
PLIN1	branchsite	ept_stem_BS_alt	/scratch/project_2004342/everything/paml_clean/FINAL_refseq_ftp_pipeline/11_paml_nuclear_final/results/PLIN1/branchsite/ept_stem/BS_alt	/scratch/project_2004342/everything/paml_clean/FINAL_refseq_ftp_pipeline/11_paml_nuclear_final/ctl/PLIN1/branchsite/ept_stem/PLIN1.ept_stem.BS_alt.ctl
PLIN1	branchsite	ept_terminals_BS_null	/scratch/project_2004342/everything/paml_clean/FINAL_refseq_ftp_pipeline/11_paml_nuclear_final/results/PLIN1/branchsite/ept_terminals/BS_null	/scratch/project_2004342/everything/paml_clean/FINAL_refseq_ftp_pipeline/11_paml_nuclear_final/ctl/PLIN1/branchsite/ept_terminals/PLIN1.ept_terminals.BS_null.ctl
PLIN1	branchsite	ept_terminals_BS_alt	/scratch/project_2004342/everything/paml_clean/FINAL_refseq_ftp_pipeline/11_paml_nuclear_final/results/PLIN1/branchsite/ept_terminals/BS_alt	/scratch/project_2004342/everything/paml_clean/FINAL_refseq_ftp_pipeline/11_paml_nuclear_final/ctl/PLIN1/branchsite/ept_terminals/PLIN1.ept_terminals.BS_alt.ctl
PLIN1	branchsite	myotis_cold_taxa_BS_null	/scratch/project_2004342/everything/paml_clean/FINAL_refseq_ftp_pipeline/11_paml_nuclear_final/results/PLIN1/branchsite/myotis_cold_taxa/BS_null	/scratch/project_2004342/everything/paml_clean/FINAL_refseq_ftp_pipeline/11_paml_nuclear_final/ctl/PLIN1/branchsite/myotis_cold_taxa/PLIN1.myotis_cold_taxa.BS_null.ctl
PLIN1	branchsite	myotis_cold_taxa_BS_alt	/scratch/project_2004342/everything/paml_clean/FINAL_refseq_ftp_pipeline/11_paml_nuclear_final/results/PLIN1/branchsite/myotis_cold_taxa/BS_alt	/scratch/project_2004342/everything/paml_clean/FINAL_refseq_ftp_pipeline/11_paml_nuclear_final/ctl/PLIN1/branchsite/myotis_cold_taxa/PLIN1.myotis_cold_taxa.BS_alt.ctl
PLIN1	branchsite	coldbats_taxa_BS_null	/scratch/project_2004342/everything/paml_clean/FINAL_refseq_ftp_pipeline/11_paml_nuclear_final/results/PLIN1/branchsite/coldbats_taxa/BS_null	/scratch/project_2004342/everything/paml_clean/FINAL_refseq_ftp_pipeline/11_paml_nuclear_final/ctl/PLIN1/branchsite/coldbats_taxa/PLIN1.coldbats_taxa.BS_null.ctl
PLIN1	branchsite	coldbats_taxa_BS_alt	/scratch/project_2004342/everything/paml_clean/FINAL_refseq_ftp_pipeline/11_paml_nuclear_final/results/PLIN1/branchsite/coldbats_taxa/BS_alt	/scratch/project_2004342/everything/paml_clean/FINAL_refseq_ftp_pipeline/11_paml_nuclear_final/ctl/PLIN1/branchsite/coldbats_taxa/PLIN1.coldbats_taxa.BS_alt.ctl
PPARG	branchsite	nilssonii_terminal_BS_null	/scratch/project_2004342/everything/paml_clean/FINAL_refseq_ftp_pipeline/11_paml_nuclear_final/results/PPARG/branchsite/nilssonii_terminal/BS_null	/scratch/project_2004342/everything/paml_clean/FINAL_refseq_ftp_pipeline/11_paml_nuclear_final/ctl/PPARG/branchsite/nilssonii_terminal/PPARG.nilssonii_terminal.BS_null.ctl
PPARG	branchsite	nilssonii_terminal_BS_alt	/scratch/project_2004342/everything/paml_clean/FINAL_refseq_ftp_pipeline/11_paml_nuclear_final/results/PPARG/branchsite/nilssonii_terminal/BS_alt	/scratch/project_2004342/everything/paml_clean/FINAL_refseq_ftp_pipeline/11_paml_nuclear_final/ctl/PPARG/branchsite/nilssonii_terminal/PPARG.nilssonii_terminal.BS_alt.ctl
PPARG	branchsite	ept_stem_BS_null	/scratch/project_2004342/everything/paml_clean/FINAL_refseq_ftp_pipeline/11_paml_nuclear_final/results/PPARG/branchsite/ept_stem/BS_null	/scratch/project_2004342/everything/paml_clean/FINAL_refseq_ftp_pipeline/11_paml_nuclear_final/ctl/PPARG/branchsite/ept_stem/PPARG.ept_stem.BS_null.ctl
PPARG	branchsite	ept_stem_BS_alt	/scratch/project_2004342/everything/paml_clean/FINAL_refseq_ftp_pipeline/11_paml_nuclear_final/results/PPARG/branchsite/ept_stem/BS_alt	/scratch/project_2004342/everything/paml_clean/FINAL_refseq_ftp_pipeline/11_paml_nuclear_final/ctl/PPARG/branchsite/ept_stem/PPARG.ept_stem.BS_alt.ctl
PPARG	branchsite	ept_terminals_BS_null	/scratch/project_2004342/everything/paml_clean/FINAL_refseq_ftp_pipeline/11_paml_nuclear_final/results/PPARG/branchsite/ept_terminals/BS_null	/scratch/project_2004342/everything/paml_clean/FINAL_refseq_ftp_pipeline/11_paml_nuclear_final/ctl/PPARG/branchsite/ept_terminals/PPARG.ept_terminals.BS_null.ctl
PPARG	branchsite	ept_terminals_BS_alt	/scratch/project_2004342/everything/paml_clean/FINAL_refseq_ftp_pipeline/11_paml_nuclear_final/results/PPARG/branchsite/ept_terminals/BS_alt	/scratch/project_2004342/everything/paml_clean/FINAL_refseq_ftp_pipeline/11_paml_nuclear_final/ctl/PPARG/branchsite/ept_terminals/PPARG.ept_terminals.BS_alt.ctl
PPARG	branchsite	myotis_cold_taxa_BS_null	/scratch/project_2004342/everything/paml_clean/FINAL_refseq_ftp_pipeline/11_paml_nuclear_final/results/PPARG/branchsite/myotis_cold_taxa/BS_null	/scratch/project_2004342/everything/paml_clean/FINAL_refseq_ftp_pipeline/11_paml_nuclear_final/ctl/PPARG/branchsite/myotis_cold_taxa/PPARG.myotis_cold_taxa.BS_null.ctl
PPARG	branchsite	myotis_cold_taxa_BS_alt	/scratch/project_2004342/everything/paml_clean/FINAL_refseq_ftp_pipeline/11_paml_nuclear_final/results/PPARG/branchsite/myotis_cold_taxa/BS_alt	/scratch/project_2004342/everything/paml_clean/FINAL_refseq_ftp_pipeline/11_paml_nuclear_final/ctl/PPARG/branchsite/myotis_cold_taxa/PPARG.myotis_cold_taxa.BS_alt.ctl
PPARG	branchsite	myotis_cold_wholeclade_BS_null	/scratch/project_2004342/everything/paml_clean/FINAL_refseq_ftp_pipeline/11_paml_nuclear_final/results/PPARG/branchsite/myotis_cold_wholeclade/BS_null	/scratch/project_2004342/everything/paml_clean/FINAL_refseq_ftp_pipeline/11_paml_nuclear_final/ctl/PPARG/branchsite/myotis_cold_wholeclade/PPARG.myotis_cold_wholeclade.BS_null.ctl
PPARG	branchsite	myotis_cold_wholeclade_BS_alt	/scratch/project_2004342/everything/paml_clean/FINAL_refseq_ftp_pipeline/11_paml_nuclear_final/results/PPARG/branchsite/myotis_cold_wholeclade/BS_alt	/scratch/project_2004342/everything/paml_clean/FINAL_refseq_ftp_pipeline/11_paml_nuclear_final/ctl/PPARG/branchsite/myotis_cold_wholeclade/PPARG.myotis_cold_wholeclade.BS_alt.ctl
PPARG	branchsite	coldbats_taxa_BS_null	/scratch/project_2004342/everything/paml_clean/FINAL_refseq_ftp_pipeline/11_paml_nuclear_final/results/PPARG/branchsite/coldbats_taxa/BS_null	/scratch/project_2004342/everything/paml_clean/FINAL_refseq_ftp_pipeline/11_paml_nuclear_final/ctl/PPARG/branchsite/coldbats_taxa/PPARG.coldbats_taxa.BS_null.ctl
PPARG	branchsite	coldbats_taxa_BS_alt	/scratch/project_2004342/everything/paml_clean/FINAL_refseq_ftp_pipeline/11_paml_nuclear_final/results/PPARG/branchsite/coldbats_taxa/BS_alt	/scratch/project_2004342/everything/paml_clean/FINAL_refseq_ftp_pipeline/11_paml_nuclear_final/ctl/PPARG/branchsite/coldbats_taxa/PPARG.coldbats_taxa.BS_alt.ctl
PPARG	branchsite	vesper_wholeclade_BS_null	/scratch/project_2004342/everything/paml_clean/FINAL_refseq_ftp_pipeline/11_paml_nuclear_final/results/PPARG/branchsite/vesper_wholeclade/BS_null	/scratch/project_2004342/everything/paml_clean/FINAL_refseq_ftp_pipeline/11_paml_nuclear_final/ctl/PPARG/branchsite/vesper_wholeclade/PPARG.vesper_wholeclade.BS_null.ctl
PPARG	branchsite	vesper_wholeclade_BS_alt	/scratch/project_2004342/everything/paml_clean/FINAL_refseq_ftp_pipeline/11_paml_nuclear_final/results/PPARG/branchsite/vesper_wholeclade/BS_alt	/scratch/project_2004342/everything/paml_clean/FINAL_refseq_ftp_pipeline/11_paml_nuclear_final/ctl/PPARG/branchsite/vesper_wholeclade/PPARG.vesper_wholeclade.BS_alt.ctl
PPARGC1A	branchsite	nilssonii_terminal_BS_null	/scratch/project_2004342/everything/paml_clean/FINAL_refseq_ftp_pipeline/11_paml_nuclear_final/results/PPARGC1A/branchsite/nilssonii_terminal/BS_null	/scratch/project_2004342/everything/paml_clean/FINAL_refseq_ftp_pipeline/11_paml_nuclear_final/ctl/PPARGC1A/branchsite/nilssonii_terminal/PPARGC1A.nilssonii_terminal.BS_null.ctl
PPARGC1A	branchsite	nilssonii_terminal_BS_alt	/scratch/project_2004342/everything/paml_clean/FINAL_refseq_ftp_pipeline/11_paml_nuclear_final/results/PPARGC1A/branchsite/nilssonii_terminal/BS_alt	/scratch/project_2004342/everything/paml_clean/FINAL_refseq_ftp_pipeline/11_paml_nuclear_final/ctl/PPARGC1A/branchsite/nilssonii_terminal/PPARGC1A.nilssonii_terminal.BS_alt.ctl
PPARGC1A	branchsite	ept_stem_BS_null	/scratch/project_2004342/everything/paml_clean/FINAL_refseq_ftp_pipeline/11_paml_nuclear_final/results/PPARGC1A/branchsite/ept_stem/BS_null	/scratch/project_2004342/everything/paml_clean/FINAL_refseq_ftp_pipeline/11_paml_nuclear_final/ctl/PPARGC1A/branchsite/ept_stem/PPARGC1A.ept_stem.BS_null.ctl
PPARGC1A	branchsite	ept_stem_BS_alt	/scratch/project_2004342/everything/paml_clean/FINAL_refseq_ftp_pipeline/11_paml_nuclear_final/results/PPARGC1A/branchsite/ept_stem/BS_alt	/scratch/project_2004342/everything/paml_clean/FINAL_refseq_ftp_pipeline/11_paml_nuclear_final/ctl/PPARGC1A/branchsite/ept_stem/PPARGC1A.ept_stem.BS_alt.ctl
PPARGC1A	branchsite	ept_terminals_BS_null	/scratch/project_2004342/everything/paml_clean/FINAL_refseq_ftp_pipeline/11_paml_nuclear_final/results/PPARGC1A/branchsite/ept_terminals/BS_null	/scratch/project_2004342/everything/paml_clean/FINAL_refseq_ftp_pipeline/11_paml_nuclear_final/ctl/PPARGC1A/branchsite/ept_terminals/PPARGC1A.ept_terminals.BS_null.ctl
PPARGC1A	branchsite	ept_terminals_BS_alt	/scratch/project_2004342/everything/paml_clean/FINAL_refseq_ftp_pipeline/11_paml_nuclear_final/results/PPARGC1A/branchsite/ept_terminals/BS_alt	/scratch/project_2004342/everything/paml_clean/FINAL_refseq_ftp_pipeline/11_paml_nuclear_final/ctl/PPARGC1A/branchsite/ept_terminals/PPARGC1A.ept_terminals.BS_alt.ctl
PPARGC1A	branchsite	myotis_cold_taxa_BS_null	/scratch/project_2004342/everything/paml_clean/FINAL_refseq_ftp_pipeline/11_paml_nuclear_final/results/PPARGC1A/branchsite/myotis_cold_taxa/BS_null	/scratch/project_2004342/everything/paml_clean/FINAL_refseq_ftp_pipeline/11_paml_nuclear_final/ctl/PPARGC1A/branchsite/myotis_cold_taxa/PPARGC1A.myotis_cold_taxa.BS_null.ctl
PPARGC1A	branchsite	myotis_cold_taxa_BS_alt	/scratch/project_2004342/everything/paml_clean/FINAL_refseq_ftp_pipeline/11_paml_nuclear_final/results/PPARGC1A/branchsite/myotis_cold_taxa/BS_alt	/scratch/project_2004342/everything/paml_clean/FINAL_refseq_ftp_pipeline/11_paml_nuclear_final/ctl/PPARGC1A/branchsite/myotis_cold_taxa/PPARGC1A.myotis_cold_taxa.BS_alt.ctl
PPARGC1A	branchsite	myotis_cold_wholeclade_BS_null	/scratch/project_2004342/everything/paml_clean/FINAL_refseq_ftp_pipeline/11_paml_nuclear_final/results/PPARGC1A/branchsite/myotis_cold_wholeclade/BS_null	/scratch/project_2004342/everything/paml_clean/FINAL_refseq_ftp_pipeline/11_paml_nuclear_final/ctl/PPARGC1A/branchsite/myotis_cold_wholeclade/PPARGC1A.myotis_cold_wholeclade.BS_null.ctl
PPARGC1A	branchsite	myotis_cold_wholeclade_BS_alt	/scratch/project_2004342/everything/paml_clean/FINAL_refseq_ftp_pipeline/11_paml_nuclear_final/results/PPARGC1A/branchsite/myotis_cold_wholeclade/BS_alt	/scratch/project_2004342/everything/paml_clean/FINAL_refseq_ftp_pipeline/11_paml_nuclear_final/ctl/PPARGC1A/branchsite/myotis_cold_wholeclade/PPARGC1A.myotis_cold_wholeclade.BS_alt.ctl
PPARGC1A	branchsite	coldbats_taxa_BS_null	/scratch/project_2004342/everything/paml_clean/FINAL_refseq_ftp_pipeline/11_paml_nuclear_final/results/PPARGC1A/branchsite/coldbats_taxa/BS_null	/scratch/project_2004342/everything/paml_clean/FINAL_refseq_ftp_pipeline/11_paml_nuclear_final/ctl/PPARGC1A/branchsite/coldbats_taxa/PPARGC1A.coldbats_taxa.BS_null.ctl
PPARGC1A	branchsite	coldbats_taxa_BS_alt	/scratch/project_2004342/everything/paml_clean/FINAL_refseq_ftp_pipeline/11_paml_nuclear_final/results/PPARGC1A/branchsite/coldbats_taxa/BS_alt	/scratch/project_2004342/everything/paml_clean/FINAL_refseq_ftp_pipeline/11_paml_nuclear_final/ctl/PPARGC1A/branchsite/coldbats_taxa/PPARGC1A.coldbats_taxa.BS_alt.ctl
PPARGC1A	branchsite	vesper_wholeclade_BS_null	/scratch/project_2004342/everything/paml_clean/FINAL_refseq_ftp_pipeline/11_paml_nuclear_final/results/PPARGC1A/branchsite/vesper_wholeclade/BS_null	/scratch/project_2004342/everything/paml_clean/FINAL_refseq_ftp_pipeline/11_paml_nuclear_final/ctl/PPARGC1A/branchsite/vesper_wholeclade/PPARGC1A.vesper_wholeclade.BS_null.ctl
PPARGC1A	branchsite	vesper_wholeclade_BS_alt	/scratch/project_2004342/everything/paml_clean/FINAL_refseq_ftp_pipeline/11_paml_nuclear_final/results/PPARGC1A/branchsite/vesper_wholeclade/BS_alt	/scratch/project_2004342/everything/paml_clean/FINAL_refseq_ftp_pipeline/11_paml_nuclear_final/ctl/PPARGC1A/branchsite/vesper_wholeclade/PPARGC1A.vesper_wholeclade.BS_alt.ctl
PRDM16	branchsite	nilssonii_terminal_BS_null	/scratch/project_2004342/everything/paml_clean/FINAL_refseq_ftp_pipeline/11_paml_nuclear_final/results/PRDM16/branchsite/nilssonii_terminal/BS_null	/scratch/project_2004342/everything/paml_clean/FINAL_refseq_ftp_pipeline/11_paml_nuclear_final/ctl/PRDM16/branchsite/nilssonii_terminal/PRDM16.nilssonii_terminal.BS_null.ctl
PRDM16	branchsite	nilssonii_terminal_BS_alt	/scratch/project_2004342/everything/paml_clean/FINAL_refseq_ftp_pipeline/11_paml_nuclear_final/results/PRDM16/branchsite/nilssonii_terminal/BS_alt	/scratch/project_2004342/everything/paml_clean/FINAL_refseq_ftp_pipeline/11_paml_nuclear_final/ctl/PRDM16/branchsite/nilssonii_terminal/PRDM16.nilssonii_terminal.BS_alt.ctl
PRDM16	branchsite	ept_stem_BS_null	/scratch/project_2004342/everything/paml_clean/FINAL_refseq_ftp_pipeline/11_paml_nuclear_final/results/PRDM16/branchsite/ept_stem/BS_null	/scratch/project_2004342/everything/paml_clean/FINAL_refseq_ftp_pipeline/11_paml_nuclear_final/ctl/PRDM16/branchsite/ept_stem/PRDM16.ept_stem.BS_null.ctl
PRDM16	branchsite	ept_stem_BS_alt	/scratch/project_2004342/everything/paml_clean/FINAL_refseq_ftp_pipeline/11_paml_nuclear_final/results/PRDM16/branchsite/ept_stem/BS_alt	/scratch/project_2004342/everything/paml_clean/FINAL_refseq_ftp_pipeline/11_paml_nuclear_final/ctl/PRDM16/branchsite/ept_stem/PRDM16.ept_stem.BS_alt.ctl
PRDM16	branchsite	ept_terminals_BS_null	/scratch/project_2004342/everything/paml_clean/FINAL_refseq_ftp_pipeline/11_paml_nuclear_final/results/PRDM16/branchsite/ept_terminals/BS_null	/scratch/project_2004342/everything/paml_clean/FINAL_refseq_ftp_pipeline/11_paml_nuclear_final/ctl/PRDM16/branchsite/ept_terminals/PRDM16.ept_terminals.BS_null.ctl
PRDM16	branchsite	ept_terminals_BS_alt	/scratch/project_2004342/everything/paml_clean/FINAL_refseq_ftp_pipeline/11_paml_nuclear_final/results/PRDM16/branchsite/ept_terminals/BS_alt	/scratch/project_2004342/everything/paml_clean/FINAL_refseq_ftp_pipeline/11_paml_nuclear_final/ctl/PRDM16/branchsite/ept_terminals/PRDM16.ept_terminals.BS_alt.ctl
PRDM16	branchsite	myotis_cold_taxa_BS_null	/scratch/project_2004342/everything/paml_clean/FINAL_refseq_ftp_pipeline/11_paml_nuclear_final/results/PRDM16/branchsite/myotis_cold_taxa/BS_null	/scratch/project_2004342/everything/paml_clean/FINAL_refseq_ftp_pipeline/11_paml_nuclear_final/ctl/PRDM16/branchsite/myotis_cold_taxa/PRDM16.myotis_cold_taxa.BS_null.ctl
PRDM16	branchsite	myotis_cold_taxa_BS_alt	/scratch/project_2004342/everything/paml_clean/FINAL_refseq_ftp_pipeline/11_paml_nuclear_final/results/PRDM16/branchsite/myotis_cold_taxa/BS_alt	/scratch/project_2004342/everything/paml_clean/FINAL_refseq_ftp_pipeline/11_paml_nuclear_final/ctl/PRDM16/branchsite/myotis_cold_taxa/PRDM16.myotis_cold_taxa.BS_alt.ctl
PRDM16	branchsite	coldbats_taxa_BS_null	/scratch/project_2004342/everything/paml_clean/FINAL_refseq_ftp_pipeline/11_paml_nuclear_final/results/PRDM16/branchsite/coldbats_taxa/BS_null	/scratch/project_2004342/everything/paml_clean/FINAL_refseq_ftp_pipeline/11_paml_nuclear_final/ctl/PRDM16/branchsite/coldbats_taxa/PRDM16.coldbats_taxa.BS_null.ctl
PRDM16	branchsite	coldbats_taxa_BS_alt	/scratch/project_2004342/everything/paml_clean/FINAL_refseq_ftp_pipeline/11_paml_nuclear_final/results/PRDM16/branchsite/coldbats_taxa/BS_alt	/scratch/project_2004342/everything/paml_clean/FINAL_refseq_ftp_pipeline/11_paml_nuclear_final/ctl/PRDM16/branchsite/coldbats_taxa/PRDM16.coldbats_taxa.BS_alt.ctl
PRKAA1	branchsite	nilssonii_terminal_BS_null	/scratch/project_2004342/everything/paml_clean/FINAL_refseq_ftp_pipeline/11_paml_nuclear_final/results/PRKAA1/branchsite/nilssonii_terminal/BS_null	/scratch/project_2004342/everything/paml_clean/FINAL_refseq_ftp_pipeline/11_paml_nuclear_final/ctl/PRKAA1/branchsite/nilssonii_terminal/PRKAA1.nilssonii_terminal.BS_null.ctl
PRKAA1	branchsite	nilssonii_terminal_BS_alt	/scratch/project_2004342/everything/paml_clean/FINAL_refseq_ftp_pipeline/11_paml_nuclear_final/results/PRKAA1/branchsite/nilssonii_terminal/BS_alt	/scratch/project_2004342/everything/paml_clean/FINAL_refseq_ftp_pipeline/11_paml_nuclear_final/ctl/PRKAA1/branchsite/nilssonii_terminal/PRKAA1.nilssonii_terminal.BS_alt.ctl
PRKAA1	branchsite	ept_stem_BS_null	/scratch/project_2004342/everything/paml_clean/FINAL_refseq_ftp_pipeline/11_paml_nuclear_final/results/PRKAA1/branchsite/ept_stem/BS_null	/scratch/project_2004342/everything/paml_clean/FINAL_refseq_ftp_pipeline/11_paml_nuclear_final/ctl/PRKAA1/branchsite/ept_stem/PRKAA1.ept_stem.BS_null.ctl
PRKAA1	branchsite	ept_stem_BS_alt	/scratch/project_2004342/everything/paml_clean/FINAL_refseq_ftp_pipeline/11_paml_nuclear_final/results/PRKAA1/branchsite/ept_stem/BS_alt	/scratch/project_2004342/everything/paml_clean/FINAL_refseq_ftp_pipeline/11_paml_nuclear_final/ctl/PRKAA1/branchsite/ept_stem/PRKAA1.ept_stem.BS_alt.ctl
PRKAA1	branchsite	ept_terminals_BS_null	/scratch/project_2004342/everything/paml_clean/FINAL_refseq_ftp_pipeline/11_paml_nuclear_final/results/PRKAA1/branchsite/ept_terminals/BS_null	/scratch/project_2004342/everything/paml_clean/FINAL_refseq_ftp_pipeline/11_paml_nuclear_final/ctl/PRKAA1/branchsite/ept_terminals/PRKAA1.ept_terminals.BS_null.ctl
PRKAA1	branchsite	ept_terminals_BS_alt	/scratch/project_2004342/everything/paml_clean/FINAL_refseq_ftp_pipeline/11_paml_nuclear_final/results/PRKAA1/branchsite/ept_terminals/BS_alt	/scratch/project_2004342/everything/paml_clean/FINAL_refseq_ftp_pipeline/11_paml_nuclear_final/ctl/PRKAA1/branchsite/ept_terminals/PRKAA1.ept_terminals.BS_alt.ctl
PRKAA1	branchsite	myotis_cold_taxa_BS_null	/scratch/project_2004342/everything/paml_clean/FINAL_refseq_ftp_pipeline/11_paml_nuclear_final/results/PRKAA1/branchsite/myotis_cold_taxa/BS_null	/scratch/project_2004342/everything/paml_clean/FINAL_refseq_ftp_pipeline/11_paml_nuclear_final/ctl/PRKAA1/branchsite/myotis_cold_taxa/PRKAA1.myotis_cold_taxa.BS_null.ctl
PRKAA1	branchsite	myotis_cold_taxa_BS_alt	/scratch/project_2004342/everything/paml_clean/FINAL_refseq_ftp_pipeline/11_paml_nuclear_final/results/PRKAA1/branchsite/myotis_cold_taxa/BS_alt	/scratch/project_2004342/everything/paml_clean/FINAL_refseq_ftp_pipeline/11_paml_nuclear_final/ctl/PRKAA1/branchsite/myotis_cold_taxa/PRKAA1.myotis_cold_taxa.BS_alt.ctl
PRKAA1	branchsite	myotis_cold_wholeclade_BS_null	/scratch/project_2004342/everything/paml_clean/FINAL_refseq_ftp_pipeline/11_paml_nuclear_final/results/PRKAA1/branchsite/myotis_cold_wholeclade/BS_null	/scratch/project_2004342/everything/paml_clean/FINAL_refseq_ftp_pipeline/11_paml_nuclear_final/ctl/PRKAA1/branchsite/myotis_cold_wholeclade/PRKAA1.myotis_cold_wholeclade.BS_null.ctl
PRKAA1	branchsite	myotis_cold_wholeclade_BS_alt	/scratch/project_2004342/everything/paml_clean/FINAL_refseq_ftp_pipeline/11_paml_nuclear_final/results/PRKAA1/branchsite/myotis_cold_wholeclade/BS_alt	/scratch/project_2004342/everything/paml_clean/FINAL_refseq_ftp_pipeline/11_paml_nuclear_final/ctl/PRKAA1/branchsite/myotis_cold_wholeclade/PRKAA1.myotis_cold_wholeclade.BS_alt.ctl
PRKAA1	branchsite	coldbats_taxa_BS_null	/scratch/project_2004342/everything/paml_clean/FINAL_refseq_ftp_pipeline/11_paml_nuclear_final/results/PRKAA1/branchsite/coldbats_taxa/BS_null	/scratch/project_2004342/everything/paml_clean/FINAL_refseq_ftp_pipeline/11_paml_nuclear_final/ctl/PRKAA1/branchsite/coldbats_taxa/PRKAA1.coldbats_taxa.BS_null.ctl
PRKAA1	branchsite	coldbats_taxa_BS_alt	/scratch/project_2004342/everything/paml_clean/FINAL_refseq_ftp_pipeline/11_paml_nuclear_final/results/PRKAA1/branchsite/coldbats_taxa/BS_alt	/scratch/project_2004342/everything/paml_clean/FINAL_refseq_ftp_pipeline/11_paml_nuclear_final/ctl/PRKAA1/branchsite/coldbats_taxa/PRKAA1.coldbats_taxa.BS_alt.ctl
PRKAA1	branchsite	vesper_wholeclade_BS_null	/scratch/project_2004342/everything/paml_clean/FINAL_refseq_ftp_pipeline/11_paml_nuclear_final/results/PRKAA1/branchsite/vesper_wholeclade/BS_null	/scratch/project_2004342/everything/paml_clean/FINAL_refseq_ftp_pipeline/11_paml_nuclear_final/ctl/PRKAA1/branchsite/vesper_wholeclade/PRKAA1.vesper_wholeclade.BS_null.ctl
PRKAA1	branchsite	vesper_wholeclade_BS_alt	/scratch/project_2004342/everything/paml_clean/FINAL_refseq_ftp_pipeline/11_paml_nuclear_final/results/PRKAA1/branchsite/vesper_wholeclade/BS_alt	/scratch/project_2004342/everything/paml_clean/FINAL_refseq_ftp_pipeline/11_paml_nuclear_final/ctl/PRKAA1/branchsite/vesper_wholeclade/PRKAA1.vesper_wholeclade.BS_alt.ctl
SDHA1	branchsite	nilssonii_terminal_BS_null	/scratch/project_2004342/everything/paml_clean/FINAL_refseq_ftp_pipeline/11_paml_nuclear_final/results/SDHA1/branchsite/nilssonii_terminal/BS_null	/scratch/project_2004342/everything/paml_clean/FINAL_refseq_ftp_pipeline/11_paml_nuclear_final/ctl/SDHA1/branchsite/nilssonii_terminal/SDHA1.nilssonii_terminal.BS_null.ctl
SDHA1	branchsite	nilssonii_terminal_BS_alt	/scratch/project_2004342/everything/paml_clean/FINAL_refseq_ftp_pipeline/11_paml_nuclear_final/results/SDHA1/branchsite/nilssonii_terminal/BS_alt	/scratch/project_2004342/everything/paml_clean/FINAL_refseq_ftp_pipeline/11_paml_nuclear_final/ctl/SDHA1/branchsite/nilssonii_terminal/SDHA1.nilssonii_terminal.BS_alt.ctl
SDHA1	branchsite	ept_stem_BS_null	/scratch/project_2004342/everything/paml_clean/FINAL_refseq_ftp_pipeline/11_paml_nuclear_final/results/SDHA1/branchsite/ept_stem/BS_null	/scratch/project_2004342/everything/paml_clean/FINAL_refseq_ftp_pipeline/11_paml_nuclear_final/ctl/SDHA1/branchsite/ept_stem/SDHA1.ept_stem.BS_null.ctl
SDHA1	branchsite	ept_stem_BS_alt	/scratch/project_2004342/everything/paml_clean/FINAL_refseq_ftp_pipeline/11_paml_nuclear_final/results/SDHA1/branchsite/ept_stem/BS_alt	/scratch/project_2004342/everything/paml_clean/FINAL_refseq_ftp_pipeline/11_paml_nuclear_final/ctl/SDHA1/branchsite/ept_stem/SDHA1.ept_stem.BS_alt.ctl
SDHA1	branchsite	ept_terminals_BS_null	/scratch/project_2004342/everything/paml_clean/FINAL_refseq_ftp_pipeline/11_paml_nuclear_final/results/SDHA1/branchsite/ept_terminals/BS_null	/scratch/project_2004342/everything/paml_clean/FINAL_refseq_ftp_pipeline/11_paml_nuclear_final/ctl/SDHA1/branchsite/ept_terminals/SDHA1.ept_terminals.BS_null.ctl
SDHA1	branchsite	ept_terminals_BS_alt	/scratch/project_2004342/everything/paml_clean/FINAL_refseq_ftp_pipeline/11_paml_nuclear_final/results/SDHA1/branchsite/ept_terminals/BS_alt	/scratch/project_2004342/everything/paml_clean/FINAL_refseq_ftp_pipeline/11_paml_nuclear_final/ctl/SDHA1/branchsite/ept_terminals/SDHA1.ept_terminals.BS_alt.ctl
SDHA1	branchsite	myotis_cold_taxa_BS_null	/scratch/project_2004342/everything/paml_clean/FINAL_refseq_ftp_pipeline/11_paml_nuclear_final/results/SDHA1/branchsite/myotis_cold_taxa/BS_null	/scratch/project_2004342/everything/paml_clean/FINAL_refseq_ftp_pipeline/11_paml_nuclear_final/ctl/SDHA1/branchsite/myotis_cold_taxa/SDHA1.myotis_cold_taxa.BS_null.ctl
SDHA1	branchsite	myotis_cold_taxa_BS_alt	/scratch/project_2004342/everything/paml_clean/FINAL_refseq_ftp_pipeline/11_paml_nuclear_final/results/SDHA1/branchsite/myotis_cold_taxa/BS_alt	/scratch/project_2004342/everything/paml_clean/FINAL_refseq_ftp_pipeline/11_paml_nuclear_final/ctl/SDHA1/branchsite/myotis_cold_taxa/SDHA1.myotis_cold_taxa.BS_alt.ctl
SDHA1	branchsite	myotis_cold_wholeclade_BS_null	/scratch/project_2004342/everything/paml_clean/FINAL_refseq_ftp_pipeline/11_paml_nuclear_final/results/SDHA1/branchsite/myotis_cold_wholeclade/BS_null	/scratch/project_2004342/everything/paml_clean/FINAL_refseq_ftp_pipeline/11_paml_nuclear_final/ctl/SDHA1/branchsite/myotis_cold_wholeclade/SDHA1.myotis_cold_wholeclade.BS_null.ctl
SDHA1	branchsite	myotis_cold_wholeclade_BS_alt	/scratch/project_2004342/everything/paml_clean/FINAL_refseq_ftp_pipeline/11_paml_nuclear_final/results/SDHA1/branchsite/myotis_cold_wholeclade/BS_alt	/scratch/project_2004342/everything/paml_clean/FINAL_refseq_ftp_pipeline/11_paml_nuclear_final/ctl/SDHA1/branchsite/myotis_cold_wholeclade/SDHA1.myotis_cold_wholeclade.BS_alt.ctl
SDHA1	branchsite	coldbats_taxa_BS_null	/scratch/project_2004342/everything/paml_clean/FINAL_refseq_ftp_pipeline/11_paml_nuclear_final/results/SDHA1/branchsite/coldbats_taxa/BS_null	/scratch/project_2004342/everything/paml_clean/FINAL_refseq_ftp_pipeline/11_paml_nuclear_final/ctl/SDHA1/branchsite/coldbats_taxa/SDHA1.coldbats_taxa.BS_null.ctl
SDHA1	branchsite	coldbats_taxa_BS_alt	/scratch/project_2004342/everything/paml_clean/FINAL_refseq_ftp_pipeline/11_paml_nuclear_final/results/SDHA1/branchsite/coldbats_taxa/BS_alt	/scratch/project_2004342/everything/paml_clean/FINAL_refseq_ftp_pipeline/11_paml_nuclear_final/ctl/SDHA1/branchsite/coldbats_taxa/SDHA1.coldbats_taxa.BS_alt.ctl
SDHA1	branchsite	vesper_wholeclade_BS_null	/scratch/project_2004342/everything/paml_clean/FINAL_refseq_ftp_pipeline/11_paml_nuclear_final/results/SDHA1/branchsite/vesper_wholeclade/BS_null	/scratch/project_2004342/everything/paml_clean/FINAL_refseq_ftp_pipeline/11_paml_nuclear_final/ctl/SDHA1/branchsite/vesper_wholeclade/SDHA1.vesper_wholeclade.BS_null.ctl
SDHA1	branchsite	vesper_wholeclade_BS_alt	/scratch/project_2004342/everything/paml_clean/FINAL_refseq_ftp_pipeline/11_paml_nuclear_final/results/SDHA1/branchsite/vesper_wholeclade/BS_alt	/scratch/project_2004342/everything/paml_clean/FINAL_refseq_ftp_pipeline/11_paml_nuclear_final/ctl/SDHA1/branchsite/vesper_wholeclade/SDHA1.vesper_wholeclade.BS_alt.ctl
SDHB	branchsite	nilssonii_terminal_BS_null	/scratch/project_2004342/everything/paml_clean/FINAL_refseq_ftp_pipeline/11_paml_nuclear_final/results/SDHB/branchsite/nilssonii_terminal/BS_null	/scratch/project_2004342/everything/paml_clean/FINAL_refseq_ftp_pipeline/11_paml_nuclear_final/ctl/SDHB/branchsite/nilssonii_terminal/SDHB.nilssonii_terminal.BS_null.ctl
SDHB	branchsite	nilssonii_terminal_BS_alt	/scratch/project_2004342/everything/paml_clean/FINAL_refseq_ftp_pipeline/11_paml_nuclear_final/results/SDHB/branchsite/nilssonii_terminal/BS_alt	/scratch/project_2004342/everything/paml_clean/FINAL_refseq_ftp_pipeline/11_paml_nuclear_final/ctl/SDHB/branchsite/nilssonii_terminal/SDHB.nilssonii_terminal.BS_alt.ctl
SDHB	branchsite	ept_stem_BS_null	/scratch/project_2004342/everything/paml_clean/FINAL_refseq_ftp_pipeline/11_paml_nuclear_final/results/SDHB/branchsite/ept_stem/BS_null	/scratch/project_2004342/everything/paml_clean/FINAL_refseq_ftp_pipeline/11_paml_nuclear_final/ctl/SDHB/branchsite/ept_stem/SDHB.ept_stem.BS_null.ctl
SDHB	branchsite	ept_stem_BS_alt	/scratch/project_2004342/everything/paml_clean/FINAL_refseq_ftp_pipeline/11_paml_nuclear_final/results/SDHB/branchsite/ept_stem/BS_alt	/scratch/project_2004342/everything/paml_clean/FINAL_refseq_ftp_pipeline/11_paml_nuclear_final/ctl/SDHB/branchsite/ept_stem/SDHB.ept_stem.BS_alt.ctl
SDHB	branchsite	ept_terminals_BS_null	/scratch/project_2004342/everything/paml_clean/FINAL_refseq_ftp_pipeline/11_paml_nuclear_final/results/SDHB/branchsite/ept_terminals/BS_null	/scratch/project_2004342/everything/paml_clean/FINAL_refseq_ftp_pipeline/11_paml_nuclear_final/ctl/SDHB/branchsite/ept_terminals/SDHB.ept_terminals.BS_null.ctl
SDHB	branchsite	ept_terminals_BS_alt	/scratch/project_2004342/everything/paml_clean/FINAL_refseq_ftp_pipeline/11_paml_nuclear_final/results/SDHB/branchsite/ept_terminals/BS_alt	/scratch/project_2004342/everything/paml_clean/FINAL_refseq_ftp_pipeline/11_paml_nuclear_final/ctl/SDHB/branchsite/ept_terminals/SDHB.ept_terminals.BS_alt.ctl
SDHB	branchsite	myotis_cold_taxa_BS_null	/scratch/project_2004342/everything/paml_clean/FINAL_refseq_ftp_pipeline/11_paml_nuclear_final/results/SDHB/branchsite/myotis_cold_taxa/BS_null	/scratch/project_2004342/everything/paml_clean/FINAL_refseq_ftp_pipeline/11_paml_nuclear_final/ctl/SDHB/branchsite/myotis_cold_taxa/SDHB.myotis_cold_taxa.BS_null.ctl
SDHB	branchsite	myotis_cold_taxa_BS_alt	/scratch/project_2004342/everything/paml_clean/FINAL_refseq_ftp_pipeline/11_paml_nuclear_final/results/SDHB/branchsite/myotis_cold_taxa/BS_alt	/scratch/project_2004342/everything/paml_clean/FINAL_refseq_ftp_pipeline/11_paml_nuclear_final/ctl/SDHB/branchsite/myotis_cold_taxa/SDHB.myotis_cold_taxa.BS_alt.ctl
SDHB	branchsite	coldbats_taxa_BS_null	/scratch/project_2004342/everything/paml_clean/FINAL_refseq_ftp_pipeline/11_paml_nuclear_final/results/SDHB/branchsite/coldbats_taxa/BS_null	/scratch/project_2004342/everything/paml_clean/FINAL_refseq_ftp_pipeline/11_paml_nuclear_final/ctl/SDHB/branchsite/coldbats_taxa/SDHB.coldbats_taxa.BS_null.ctl
SDHB	branchsite	coldbats_taxa_BS_alt	/scratch/project_2004342/everything/paml_clean/FINAL_refseq_ftp_pipeline/11_paml_nuclear_final/results/SDHB/branchsite/coldbats_taxa/BS_alt	/scratch/project_2004342/everything/paml_clean/FINAL_refseq_ftp_pipeline/11_paml_nuclear_final/ctl/SDHB/branchsite/coldbats_taxa/SDHB.coldbats_taxa.BS_alt.ctl
SIRT6	branchsite	nilssonii_terminal_BS_null	/scratch/project_2004342/everything/paml_clean/FINAL_refseq_ftp_pipeline/11_paml_nuclear_final/results/SIRT6/branchsite/nilssonii_terminal/BS_null	/scratch/project_2004342/everything/paml_clean/FINAL_refseq_ftp_pipeline/11_paml_nuclear_final/ctl/SIRT6/branchsite/nilssonii_terminal/SIRT6.nilssonii_terminal.BS_null.ctl
SIRT6	branchsite	nilssonii_terminal_BS_alt	/scratch/project_2004342/everything/paml_clean/FINAL_refseq_ftp_pipeline/11_paml_nuclear_final/results/SIRT6/branchsite/nilssonii_terminal/BS_alt	/scratch/project_2004342/everything/paml_clean/FINAL_refseq_ftp_pipeline/11_paml_nuclear_final/ctl/SIRT6/branchsite/nilssonii_terminal/SIRT6.nilssonii_terminal.BS_alt.ctl
SIRT6	branchsite	ept_stem_BS_null	/scratch/project_2004342/everything/paml_clean/FINAL_refseq_ftp_pipeline/11_paml_nuclear_final/results/SIRT6/branchsite/ept_stem/BS_null	/scratch/project_2004342/everything/paml_clean/FINAL_refseq_ftp_pipeline/11_paml_nuclear_final/ctl/SIRT6/branchsite/ept_stem/SIRT6.ept_stem.BS_null.ctl
SIRT6	branchsite	ept_stem_BS_alt	/scratch/project_2004342/everything/paml_clean/FINAL_refseq_ftp_pipeline/11_paml_nuclear_final/results/SIRT6/branchsite/ept_stem/BS_alt	/scratch/project_2004342/everything/paml_clean/FINAL_refseq_ftp_pipeline/11_paml_nuclear_final/ctl/SIRT6/branchsite/ept_stem/SIRT6.ept_stem.BS_alt.ctl
SIRT6	branchsite	ept_terminals_BS_null	/scratch/project_2004342/everything/paml_clean/FINAL_refseq_ftp_pipeline/11_paml_nuclear_final/results/SIRT6/branchsite/ept_terminals/BS_null	/scratch/project_2004342/everything/paml_clean/FINAL_refseq_ftp_pipeline/11_paml_nuclear_final/ctl/SIRT6/branchsite/ept_terminals/SIRT6.ept_terminals.BS_null.ctl
SIRT6	branchsite	ept_terminals_BS_alt	/scratch/project_2004342/everything/paml_clean/FINAL_refseq_ftp_pipeline/11_paml_nuclear_final/results/SIRT6/branchsite/ept_terminals/BS_alt	/scratch/project_2004342/everything/paml_clean/FINAL_refseq_ftp_pipeline/11_paml_nuclear_final/ctl/SIRT6/branchsite/ept_terminals/SIRT6.ept_terminals.BS_alt.ctl
SIRT6	branchsite	myotis_cold_taxa_BS_null	/scratch/project_2004342/everything/paml_clean/FINAL_refseq_ftp_pipeline/11_paml_nuclear_final/results/SIRT6/branchsite/myotis_cold_taxa/BS_null	/scratch/project_2004342/everything/paml_clean/FINAL_refseq_ftp_pipeline/11_paml_nuclear_final/ctl/SIRT6/branchsite/myotis_cold_taxa/SIRT6.myotis_cold_taxa.BS_null.ctl
SIRT6	branchsite	myotis_cold_taxa_BS_alt	/scratch/project_2004342/everything/paml_clean/FINAL_refseq_ftp_pipeline/11_paml_nuclear_final/results/SIRT6/branchsite/myotis_cold_taxa/BS_alt	/scratch/project_2004342/everything/paml_clean/FINAL_refseq_ftp_pipeline/11_paml_nuclear_final/ctl/SIRT6/branchsite/myotis_cold_taxa/SIRT6.myotis_cold_taxa.BS_alt.ctl
SIRT6	branchsite	coldbats_taxa_BS_null	/scratch/project_2004342/everything/paml_clean/FINAL_refseq_ftp_pipeline/11_paml_nuclear_final/results/SIRT6/branchsite/coldbats_taxa/BS_null	/scratch/project_2004342/everything/paml_clean/FINAL_refseq_ftp_pipeline/11_paml_nuclear_final/ctl/SIRT6/branchsite/coldbats_taxa/SIRT6.coldbats_taxa.BS_null.ctl
SIRT6	branchsite	coldbats_taxa_BS_alt	/scratch/project_2004342/everything/paml_clean/FINAL_refseq_ftp_pipeline/11_paml_nuclear_final/results/SIRT6/branchsite/coldbats_taxa/BS_alt	/scratch/project_2004342/everything/paml_clean/FINAL_refseq_ftp_pipeline/11_paml_nuclear_final/ctl/SIRT6/branchsite/coldbats_taxa/SIRT6.coldbats_taxa.BS_alt.ctl
SLC25A20	branchsite	nilssonii_terminal_BS_null	/scratch/project_2004342/everything/paml_clean/FINAL_refseq_ftp_pipeline/11_paml_nuclear_final/results/SLC25A20/branchsite/nilssonii_terminal/BS_null	/scratch/project_2004342/everything/paml_clean/FINAL_refseq_ftp_pipeline/11_paml_nuclear_final/ctl/SLC25A20/branchsite/nilssonii_terminal/SLC25A20.nilssonii_terminal.BS_null.ctl
SLC25A20	branchsite	nilssonii_terminal_BS_alt	/scratch/project_2004342/everything/paml_clean/FINAL_refseq_ftp_pipeline/11_paml_nuclear_final/results/SLC25A20/branchsite/nilssonii_terminal/BS_alt	/scratch/project_2004342/everything/paml_clean/FINAL_refseq_ftp_pipeline/11_paml_nuclear_final/ctl/SLC25A20/branchsite/nilssonii_terminal/SLC25A20.nilssonii_terminal.BS_alt.ctl
SLC25A20	branchsite	ept_stem_BS_null	/scratch/project_2004342/everything/paml_clean/FINAL_refseq_ftp_pipeline/11_paml_nuclear_final/results/SLC25A20/branchsite/ept_stem/BS_null	/scratch/project_2004342/everything/paml_clean/FINAL_refseq_ftp_pipeline/11_paml_nuclear_final/ctl/SLC25A20/branchsite/ept_stem/SLC25A20.ept_stem.BS_null.ctl
SLC25A20	branchsite	ept_stem_BS_alt	/scratch/project_2004342/everything/paml_clean/FINAL_refseq_ftp_pipeline/11_paml_nuclear_final/results/SLC25A20/branchsite/ept_stem/BS_alt	/scratch/project_2004342/everything/paml_clean/FINAL_refseq_ftp_pipeline/11_paml_nuclear_final/ctl/SLC25A20/branchsite/ept_stem/SLC25A20.ept_stem.BS_alt.ctl
SLC25A20	branchsite	ept_terminals_BS_null	/scratch/project_2004342/everything/paml_clean/FINAL_refseq_ftp_pipeline/11_paml_nuclear_final/results/SLC25A20/branchsite/ept_terminals/BS_null	/scratch/project_2004342/everything/paml_clean/FINAL_refseq_ftp_pipeline/11_paml_nuclear_final/ctl/SLC25A20/branchsite/ept_terminals/SLC25A20.ept_terminals.BS_null.ctl
SLC25A20	branchsite	ept_terminals_BS_alt	/scratch/project_2004342/everything/paml_clean/FINAL_refseq_ftp_pipeline/11_paml_nuclear_final/results/SLC25A20/branchsite/ept_terminals/BS_alt	/scratch/project_2004342/everything/paml_clean/FINAL_refseq_ftp_pipeline/11_paml_nuclear_final/ctl/SLC25A20/branchsite/ept_terminals/SLC25A20.ept_terminals.BS_alt.ctl
SLC25A20	branchsite	myotis_cold_taxa_BS_null	/scratch/project_2004342/everything/paml_clean/FINAL_refseq_ftp_pipeline/11_paml_nuclear_final/results/SLC25A20/branchsite/myotis_cold_taxa/BS_null	/scratch/project_2004342/everything/paml_clean/FINAL_refseq_ftp_pipeline/11_paml_nuclear_final/ctl/SLC25A20/branchsite/myotis_cold_taxa/SLC25A20.myotis_cold_taxa.BS_null.ctl
SLC25A20	branchsite	myotis_cold_taxa_BS_alt	/scratch/project_2004342/everything/paml_clean/FINAL_refseq_ftp_pipeline/11_paml_nuclear_final/results/SLC25A20/branchsite/myotis_cold_taxa/BS_alt	/scratch/project_2004342/everything/paml_clean/FINAL_refseq_ftp_pipeline/11_paml_nuclear_final/ctl/SLC25A20/branchsite/myotis_cold_taxa/SLC25A20.myotis_cold_taxa.BS_alt.ctl
SLC25A20	branchsite	myotis_cold_wholeclade_BS_null	/scratch/project_2004342/everything/paml_clean/FINAL_refseq_ftp_pipeline/11_paml_nuclear_final/results/SLC25A20/branchsite/myotis_cold_wholeclade/BS_null	/scratch/project_2004342/everything/paml_clean/FINAL_refseq_ftp_pipeline/11_paml_nuclear_final/ctl/SLC25A20/branchsite/myotis_cold_wholeclade/SLC25A20.myotis_cold_wholeclade.BS_null.ctl
SLC25A20	branchsite	myotis_cold_wholeclade_BS_alt	/scratch/project_2004342/everything/paml_clean/FINAL_refseq_ftp_pipeline/11_paml_nuclear_final/results/SLC25A20/branchsite/myotis_cold_wholeclade/BS_alt	/scratch/project_2004342/everything/paml_clean/FINAL_refseq_ftp_pipeline/11_paml_nuclear_final/ctl/SLC25A20/branchsite/myotis_cold_wholeclade/SLC25A20.myotis_cold_wholeclade.BS_alt.ctl
SLC25A20	branchsite	coldbats_taxa_BS_null	/scratch/project_2004342/everything/paml_clean/FINAL_refseq_ftp_pipeline/11_paml_nuclear_final/results/SLC25A20/branchsite/coldbats_taxa/BS_null	/scratch/project_2004342/everything/paml_clean/FINAL_refseq_ftp_pipeline/11_paml_nuclear_final/ctl/SLC25A20/branchsite/coldbats_taxa/SLC25A20.coldbats_taxa.BS_null.ctl
SLC25A20	branchsite	coldbats_taxa_BS_alt	/scratch/project_2004342/everything/paml_clean/FINAL_refseq_ftp_pipeline/11_paml_nuclear_final/results/SLC25A20/branchsite/coldbats_taxa/BS_alt	/scratch/project_2004342/everything/paml_clean/FINAL_refseq_ftp_pipeline/11_paml_nuclear_final/ctl/SLC25A20/branchsite/coldbats_taxa/SLC25A20.coldbats_taxa.BS_alt.ctl
SLC25A20	branchsite	vesper_wholeclade_BS_null	/scratch/project_2004342/everything/paml_clean/FINAL_refseq_ftp_pipeline/11_paml_nuclear_final/results/SLC25A20/branchsite/vesper_wholeclade/BS_null	/scratch/project_2004342/everything/paml_clean/FINAL_refseq_ftp_pipeline/11_paml_nuclear_final/ctl/SLC25A20/branchsite/vesper_wholeclade/SLC25A20.vesper_wholeclade.BS_null.ctl
SLC25A20	branchsite	vesper_wholeclade_BS_alt	/scratch/project_2004342/everything/paml_clean/FINAL_refseq_ftp_pipeline/11_paml_nuclear_final/results/SLC25A20/branchsite/vesper_wholeclade/BS_alt	/scratch/project_2004342/everything/paml_clean/FINAL_refseq_ftp_pipeline/11_paml_nuclear_final/ctl/SLC25A20/branchsite/vesper_wholeclade/SLC25A20.vesper_wholeclade.BS_alt.ctl
SOS1	branchsite	nilssonii_terminal_BS_null	/scratch/project_2004342/everything/paml_clean/FINAL_refseq_ftp_pipeline/11_paml_nuclear_final/results/SOS1/branchsite/nilssonii_terminal/BS_null	/scratch/project_2004342/everything/paml_clean/FINAL_refseq_ftp_pipeline/11_paml_nuclear_final/ctl/SOS1/branchsite/nilssonii_terminal/SOS1.nilssonii_terminal.BS_null.ctl
SOS1	branchsite	nilssonii_terminal_BS_alt	/scratch/project_2004342/everything/paml_clean/FINAL_refseq_ftp_pipeline/11_paml_nuclear_final/results/SOS1/branchsite/nilssonii_terminal/BS_alt	/scratch/project_2004342/everything/paml_clean/FINAL_refseq_ftp_pipeline/11_paml_nuclear_final/ctl/SOS1/branchsite/nilssonii_terminal/SOS1.nilssonii_terminal.BS_alt.ctl
SOS1	branchsite	ept_stem_BS_null	/scratch/project_2004342/everything/paml_clean/FINAL_refseq_ftp_pipeline/11_paml_nuclear_final/results/SOS1/branchsite/ept_stem/BS_null	/scratch/project_2004342/everything/paml_clean/FINAL_refseq_ftp_pipeline/11_paml_nuclear_final/ctl/SOS1/branchsite/ept_stem/SOS1.ept_stem.BS_null.ctl
SOS1	branchsite	ept_stem_BS_alt	/scratch/project_2004342/everything/paml_clean/FINAL_refseq_ftp_pipeline/11_paml_nuclear_final/results/SOS1/branchsite/ept_stem/BS_alt	/scratch/project_2004342/everything/paml_clean/FINAL_refseq_ftp_pipeline/11_paml_nuclear_final/ctl/SOS1/branchsite/ept_stem/SOS1.ept_stem.BS_alt.ctl
SOS1	branchsite	ept_terminals_BS_null	/scratch/project_2004342/everything/paml_clean/FINAL_refseq_ftp_pipeline/11_paml_nuclear_final/results/SOS1/branchsite/ept_terminals/BS_null	/scratch/project_2004342/everything/paml_clean/FINAL_refseq_ftp_pipeline/11_paml_nuclear_final/ctl/SOS1/branchsite/ept_terminals/SOS1.ept_terminals.BS_null.ctl
SOS1	branchsite	ept_terminals_BS_alt	/scratch/project_2004342/everything/paml_clean/FINAL_refseq_ftp_pipeline/11_paml_nuclear_final/results/SOS1/branchsite/ept_terminals/BS_alt	/scratch/project_2004342/everything/paml_clean/FINAL_refseq_ftp_pipeline/11_paml_nuclear_final/ctl/SOS1/branchsite/ept_terminals/SOS1.ept_terminals.BS_alt.ctl
SOS1	branchsite	myotis_cold_taxa_BS_null	/scratch/project_2004342/everything/paml_clean/FINAL_refseq_ftp_pipeline/11_paml_nuclear_final/results/SOS1/branchsite/myotis_cold_taxa/BS_null	/scratch/project_2004342/everything/paml_clean/FINAL_refseq_ftp_pipeline/11_paml_nuclear_final/ctl/SOS1/branchsite/myotis_cold_taxa/SOS1.myotis_cold_taxa.BS_null.ctl
SOS1	branchsite	myotis_cold_taxa_BS_alt	/scratch/project_2004342/everything/paml_clean/FINAL_refseq_ftp_pipeline/11_paml_nuclear_final/results/SOS1/branchsite/myotis_cold_taxa/BS_alt	/scratch/project_2004342/everything/paml_clean/FINAL_refseq_ftp_pipeline/11_paml_nuclear_final/ctl/SOS1/branchsite/myotis_cold_taxa/SOS1.myotis_cold_taxa.BS_alt.ctl
SOS1	branchsite	myotis_cold_wholeclade_BS_null	/scratch/project_2004342/everything/paml_clean/FINAL_refseq_ftp_pipeline/11_paml_nuclear_final/results/SOS1/branchsite/myotis_cold_wholeclade/BS_null	/scratch/project_2004342/everything/paml_clean/FINAL_refseq_ftp_pipeline/11_paml_nuclear_final/ctl/SOS1/branchsite/myotis_cold_wholeclade/SOS1.myotis_cold_wholeclade.BS_null.ctl
SOS1	branchsite	myotis_cold_wholeclade_BS_alt	/scratch/project_2004342/everything/paml_clean/FINAL_refseq_ftp_pipeline/11_paml_nuclear_final/results/SOS1/branchsite/myotis_cold_wholeclade/BS_alt	/scratch/project_2004342/everything/paml_clean/FINAL_refseq_ftp_pipeline/11_paml_nuclear_final/ctl/SOS1/branchsite/myotis_cold_wholeclade/SOS1.myotis_cold_wholeclade.BS_alt.ctl
SOS1	branchsite	coldbats_taxa_BS_null	/scratch/project_2004342/everything/paml_clean/FINAL_refseq_ftp_pipeline/11_paml_nuclear_final/results/SOS1/branchsite/coldbats_taxa/BS_null	/scratch/project_2004342/everything/paml_clean/FINAL_refseq_ftp_pipeline/11_paml_nuclear_final/ctl/SOS1/branchsite/coldbats_taxa/SOS1.coldbats_taxa.BS_null.ctl
SOS1	branchsite	coldbats_taxa_BS_alt	/scratch/project_2004342/everything/paml_clean/FINAL_refseq_ftp_pipeline/11_paml_nuclear_final/results/SOS1/branchsite/coldbats_taxa/BS_alt	/scratch/project_2004342/everything/paml_clean/FINAL_refseq_ftp_pipeline/11_paml_nuclear_final/ctl/SOS1/branchsite/coldbats_taxa/SOS1.coldbats_taxa.BS_alt.ctl
SOS1	branchsite	vesper_wholeclade_BS_null	/scratch/project_2004342/everything/paml_clean/FINAL_refseq_ftp_pipeline/11_paml_nuclear_final/results/SOS1/branchsite/vesper_wholeclade/BS_null	/scratch/project_2004342/everything/paml_clean/FINAL_refseq_ftp_pipeline/11_paml_nuclear_final/ctl/SOS1/branchsite/vesper_wholeclade/SOS1.vesper_wholeclade.BS_null.ctl
SOS1	branchsite	vesper_wholeclade_BS_alt	/scratch/project_2004342/everything/paml_clean/FINAL_refseq_ftp_pipeline/11_paml_nuclear_final/results/SOS1/branchsite/vesper_wholeclade/BS_alt	/scratch/project_2004342/everything/paml_clean/FINAL_refseq_ftp_pipeline/11_paml_nuclear_final/ctl/SOS1/branchsite/vesper_wholeclade/SOS1.vesper_wholeclade.BS_alt.ctl
SOS2	branchsite	nilssonii_terminal_BS_null	/scratch/project_2004342/everything/paml_clean/FINAL_refseq_ftp_pipeline/11_paml_nuclear_final/results/SOS2/branchsite/nilssonii_terminal/BS_null	/scratch/project_2004342/everything/paml_clean/FINAL_refseq_ftp_pipeline/11_paml_nuclear_final/ctl/SOS2/branchsite/nilssonii_terminal/SOS2.nilssonii_terminal.BS_null.ctl
SOS2	branchsite	nilssonii_terminal_BS_alt	/scratch/project_2004342/everything/paml_clean/FINAL_refseq_ftp_pipeline/11_paml_nuclear_final/results/SOS2/branchsite/nilssonii_terminal/BS_alt	/scratch/project_2004342/everything/paml_clean/FINAL_refseq_ftp_pipeline/11_paml_nuclear_final/ctl/SOS2/branchsite/nilssonii_terminal/SOS2.nilssonii_terminal.BS_alt.ctl
SOS2	branchsite	ept_stem_BS_null	/scratch/project_2004342/everything/paml_clean/FINAL_refseq_ftp_pipeline/11_paml_nuclear_final/results/SOS2/branchsite/ept_stem/BS_null	/scratch/project_2004342/everything/paml_clean/FINAL_refseq_ftp_pipeline/11_paml_nuclear_final/ctl/SOS2/branchsite/ept_stem/SOS2.ept_stem.BS_null.ctl
SOS2	branchsite	ept_stem_BS_alt	/scratch/project_2004342/everything/paml_clean/FINAL_refseq_ftp_pipeline/11_paml_nuclear_final/results/SOS2/branchsite/ept_stem/BS_alt	/scratch/project_2004342/everything/paml_clean/FINAL_refseq_ftp_pipeline/11_paml_nuclear_final/ctl/SOS2/branchsite/ept_stem/SOS2.ept_stem.BS_alt.ctl
SOS2	branchsite	ept_terminals_BS_null	/scratch/project_2004342/everything/paml_clean/FINAL_refseq_ftp_pipeline/11_paml_nuclear_final/results/SOS2/branchsite/ept_terminals/BS_null	/scratch/project_2004342/everything/paml_clean/FINAL_refseq_ftp_pipeline/11_paml_nuclear_final/ctl/SOS2/branchsite/ept_terminals/SOS2.ept_terminals.BS_null.ctl
SOS2	branchsite	ept_terminals_BS_alt	/scratch/project_2004342/everything/paml_clean/FINAL_refseq_ftp_pipeline/11_paml_nuclear_final/results/SOS2/branchsite/ept_terminals/BS_alt	/scratch/project_2004342/everything/paml_clean/FINAL_refseq_ftp_pipeline/11_paml_nuclear_final/ctl/SOS2/branchsite/ept_terminals/SOS2.ept_terminals.BS_alt.ctl
SOS2	branchsite	myotis_cold_taxa_BS_null	/scratch/project_2004342/everything/paml_clean/FINAL_refseq_ftp_pipeline/11_paml_nuclear_final/results/SOS2/branchsite/myotis_cold_taxa/BS_null	/scratch/project_2004342/everything/paml_clean/FINAL_refseq_ftp_pipeline/11_paml_nuclear_final/ctl/SOS2/branchsite/myotis_cold_taxa/SOS2.myotis_cold_taxa.BS_null.ctl
SOS2	branchsite	myotis_cold_taxa_BS_alt	/scratch/project_2004342/everything/paml_clean/FINAL_refseq_ftp_pipeline/11_paml_nuclear_final/results/SOS2/branchsite/myotis_cold_taxa/BS_alt	/scratch/project_2004342/everything/paml_clean/FINAL_refseq_ftp_pipeline/11_paml_nuclear_final/ctl/SOS2/branchsite/myotis_cold_taxa/SOS2.myotis_cold_taxa.BS_alt.ctl
SOS2	branchsite	coldbats_taxa_BS_null	/scratch/project_2004342/everything/paml_clean/FINAL_refseq_ftp_pipeline/11_paml_nuclear_final/results/SOS2/branchsite/coldbats_taxa/BS_null	/scratch/project_2004342/everything/paml_clean/FINAL_refseq_ftp_pipeline/11_paml_nuclear_final/ctl/SOS2/branchsite/coldbats_taxa/SOS2.coldbats_taxa.BS_null.ctl
SOS2	branchsite	coldbats_taxa_BS_alt	/scratch/project_2004342/everything/paml_clean/FINAL_refseq_ftp_pipeline/11_paml_nuclear_final/results/SOS2/branchsite/coldbats_taxa/BS_alt	/scratch/project_2004342/everything/paml_clean/FINAL_refseq_ftp_pipeline/11_paml_nuclear_final/ctl/SOS2/branchsite/coldbats_taxa/SOS2.coldbats_taxa.BS_alt.ctl
UCP1	branchsite	nilssonii_terminal_BS_null	/scratch/project_2004342/everything/paml_clean/FINAL_refseq_ftp_pipeline/11_paml_nuclear_final/results/UCP1/branchsite/nilssonii_terminal/BS_null	/scratch/project_2004342/everything/paml_clean/FINAL_refseq_ftp_pipeline/11_paml_nuclear_final/ctl/UCP1/branchsite/nilssonii_terminal/UCP1.nilssonii_terminal.BS_null.ctl
UCP1	branchsite	nilssonii_terminal_BS_alt	/scratch/project_2004342/everything/paml_clean/FINAL_refseq_ftp_pipeline/11_paml_nuclear_final/results/UCP1/branchsite/nilssonii_terminal/BS_alt	/scratch/project_2004342/everything/paml_clean/FINAL_refseq_ftp_pipeline/11_paml_nuclear_final/ctl/UCP1/branchsite/nilssonii_terminal/UCP1.nilssonii_terminal.BS_alt.ctl
UCP1	branchsite	ept_stem_BS_null	/scratch/project_2004342/everything/paml_clean/FINAL_refseq_ftp_pipeline/11_paml_nuclear_final/results/UCP1/branchsite/ept_stem/BS_null	/scratch/project_2004342/everything/paml_clean/FINAL_refseq_ftp_pipeline/11_paml_nuclear_final/ctl/UCP1/branchsite/ept_stem/UCP1.ept_stem.BS_null.ctl
UCP1	branchsite	ept_stem_BS_alt	/scratch/project_2004342/everything/paml_clean/FINAL_refseq_ftp_pipeline/11_paml_nuclear_final/results/UCP1/branchsite/ept_stem/BS_alt	/scratch/project_2004342/everything/paml_clean/FINAL_refseq_ftp_pipeline/11_paml_nuclear_final/ctl/UCP1/branchsite/ept_stem/UCP1.ept_stem.BS_alt.ctl
UCP1	branchsite	ept_terminals_BS_null	/scratch/project_2004342/everything/paml_clean/FINAL_refseq_ftp_pipeline/11_paml_nuclear_final/results/UCP1/branchsite/ept_terminals/BS_null	/scratch/project_2004342/everything/paml_clean/FINAL_refseq_ftp_pipeline/11_paml_nuclear_final/ctl/UCP1/branchsite/ept_terminals/UCP1.ept_terminals.BS_null.ctl
UCP1	branchsite	ept_terminals_BS_alt	/scratch/project_2004342/everything/paml_clean/FINAL_refseq_ftp_pipeline/11_paml_nuclear_final/results/UCP1/branchsite/ept_terminals/BS_alt	/scratch/project_2004342/everything/paml_clean/FINAL_refseq_ftp_pipeline/11_paml_nuclear_final/ctl/UCP1/branchsite/ept_terminals/UCP1.ept_terminals.BS_alt.ctl
UCP1	branchsite	myotis_cold_taxa_BS_null	/scratch/project_2004342/everything/paml_clean/FINAL_refseq_ftp_pipeline/11_paml_nuclear_final/results/UCP1/branchsite/myotis_cold_taxa/BS_null	/scratch/project_2004342/everything/paml_clean/FINAL_refseq_ftp_pipeline/11_paml_nuclear_final/ctl/UCP1/branchsite/myotis_cold_taxa/UCP1.myotis_cold_taxa.BS_null.ctl
UCP1	branchsite	myotis_cold_taxa_BS_alt	/scratch/project_2004342/everything/paml_clean/FINAL_refseq_ftp_pipeline/11_paml_nuclear_final/results/UCP1/branchsite/myotis_cold_taxa/BS_alt	/scratch/project_2004342/everything/paml_clean/FINAL_refseq_ftp_pipeline/11_paml_nuclear_final/ctl/UCP1/branchsite/myotis_cold_taxa/UCP1.myotis_cold_taxa.BS_alt.ctl
UCP1	branchsite	myotis_cold_wholeclade_BS_null	/scratch/project_2004342/everything/paml_clean/FINAL_refseq_ftp_pipeline/11_paml_nuclear_final/results/UCP1/branchsite/myotis_cold_wholeclade/BS_null	/scratch/project_2004342/everything/paml_clean/FINAL_refseq_ftp_pipeline/11_paml_nuclear_final/ctl/UCP1/branchsite/myotis_cold_wholeclade/UCP1.myotis_cold_wholeclade.BS_null.ctl
UCP1	branchsite	myotis_cold_wholeclade_BS_alt	/scratch/project_2004342/everything/paml_clean/FINAL_refseq_ftp_pipeline/11_paml_nuclear_final/results/UCP1/branchsite/myotis_cold_wholeclade/BS_alt	/scratch/project_2004342/everything/paml_clean/FINAL_refseq_ftp_pipeline/11_paml_nuclear_final/ctl/UCP1/branchsite/myotis_cold_wholeclade/UCP1.myotis_cold_wholeclade.BS_alt.ctl
UCP1	branchsite	coldbats_taxa_BS_null	/scratch/project_2004342/everything/paml_clean/FINAL_refseq_ftp_pipeline/11_paml_nuclear_final/results/UCP1/branchsite/coldbats_taxa/BS_null	/scratch/project_2004342/everything/paml_clean/FINAL_refseq_ftp_pipeline/11_paml_nuclear_final/ctl/UCP1/branchsite/coldbats_taxa/UCP1.coldbats_taxa.BS_null.ctl
UCP1	branchsite	coldbats_taxa_BS_alt	/scratch/project_2004342/everything/paml_clean/FINAL_refseq_ftp_pipeline/11_paml_nuclear_final/results/UCP1/branchsite/coldbats_taxa/BS_alt	/scratch/project_2004342/everything/paml_clean/FINAL_refseq_ftp_pipeline/11_paml_nuclear_final/ctl/UCP1/branchsite/coldbats_taxa/UCP1.coldbats_taxa.BS_alt.ctl
UCP1	branchsite	vesper_wholeclade_BS_null	/scratch/project_2004342/everything/paml_clean/FINAL_refseq_ftp_pipeline/11_paml_nuclear_final/results/UCP1/branchsite/vesper_wholeclade/BS_null	/scratch/project_2004342/everything/paml_clean/FINAL_refseq_ftp_pipeline/11_paml_nuclear_final/ctl/UCP1/branchsite/vesper_wholeclade/UCP1.vesper_wholeclade.BS_null.ctl
UCP1	branchsite	vesper_wholeclade_BS_alt	/scratch/project_2004342/everything/paml_clean/FINAL_refseq_ftp_pipeline/11_paml_nuclear_final/results/UCP1/branchsite/vesper_wholeclade/BS_alt	/scratch/project_2004342/everything/paml_clean/FINAL_refseq_ftp_pipeline/11_paml_nuclear_final/ctl/UCP1/branchsite/vesper_wholeclade/UCP1.vesper_wholeclade.BS_alt.ctl
UQCRB	branchsite	nilssonii_terminal_BS_null	/scratch/project_2004342/everything/paml_clean/FINAL_refseq_ftp_pipeline/11_paml_nuclear_final/results/UQCRB/branchsite/nilssonii_terminal/BS_null	/scratch/project_2004342/everything/paml_clean/FINAL_refseq_ftp_pipeline/11_paml_nuclear_final/ctl/UQCRB/branchsite/nilssonii_terminal/UQCRB.nilssonii_terminal.BS_null.ctl
UQCRB	branchsite	nilssonii_terminal_BS_alt	/scratch/project_2004342/everything/paml_clean/FINAL_refseq_ftp_pipeline/11_paml_nuclear_final/results/UQCRB/branchsite/nilssonii_terminal/BS_alt	/scratch/project_2004342/everything/paml_clean/FINAL_refseq_ftp_pipeline/11_paml_nuclear_final/ctl/UQCRB/branchsite/nilssonii_terminal/UQCRB.nilssonii_terminal.BS_alt.ctl
UQCRB	branchsite	ept_stem_BS_null	/scratch/project_2004342/everything/paml_clean/FINAL_refseq_ftp_pipeline/11_paml_nuclear_final/results/UQCRB/branchsite/ept_stem/BS_null	/scratch/project_2004342/everything/paml_clean/FINAL_refseq_ftp_pipeline/11_paml_nuclear_final/ctl/UQCRB/branchsite/ept_stem/UQCRB.ept_stem.BS_null.ctl
UQCRB	branchsite	ept_stem_BS_alt	/scratch/project_2004342/everything/paml_clean/FINAL_refseq_ftp_pipeline/11_paml_nuclear_final/results/UQCRB/branchsite/ept_stem/BS_alt	/scratch/project_2004342/everything/paml_clean/FINAL_refseq_ftp_pipeline/11_paml_nuclear_final/ctl/UQCRB/branchsite/ept_stem/UQCRB.ept_stem.BS_alt.ctl
UQCRB	branchsite	ept_terminals_BS_null	/scratch/project_2004342/everything/paml_clean/FINAL_refseq_ftp_pipeline/11_paml_nuclear_final/results/UQCRB/branchsite/ept_terminals/BS_null	/scratch/project_2004342/everything/paml_clean/FINAL_refseq_ftp_pipeline/11_paml_nuclear_final/ctl/UQCRB/branchsite/ept_terminals/UQCRB.ept_terminals.BS_null.ctl
UQCRB	branchsite	ept_terminals_BS_alt	/scratch/project_2004342/everything/paml_clean/FINAL_refseq_ftp_pipeline/11_paml_nuclear_final/results/UQCRB/branchsite/ept_terminals/BS_alt	/scratch/project_2004342/everything/paml_clean/FINAL_refseq_ftp_pipeline/11_paml_nuclear_final/ctl/UQCRB/branchsite/ept_terminals/UQCRB.ept_terminals.BS_alt.ctl
UQCRB	branchsite	myotis_cold_taxa_BS_null	/scratch/project_2004342/everything/paml_clean/FINAL_refseq_ftp_pipeline/11_paml_nuclear_final/results/UQCRB/branchsite/myotis_cold_taxa/BS_null	/scratch/project_2004342/everything/paml_clean/FINAL_refseq_ftp_pipeline/11_paml_nuclear_final/ctl/UQCRB/branchsite/myotis_cold_taxa/UQCRB.myotis_cold_taxa.BS_null.ctl
UQCRB	branchsite	myotis_cold_taxa_BS_alt	/scratch/project_2004342/everything/paml_clean/FINAL_refseq_ftp_pipeline/11_paml_nuclear_final/results/UQCRB/branchsite/myotis_cold_taxa/BS_alt	/scratch/project_2004342/everything/paml_clean/FINAL_refseq_ftp_pipeline/11_paml_nuclear_final/ctl/UQCRB/branchsite/myotis_cold_taxa/UQCRB.myotis_cold_taxa.BS_alt.ctl
UQCRB	branchsite	myotis_cold_wholeclade_BS_null	/scratch/project_2004342/everything/paml_clean/FINAL_refseq_ftp_pipeline/11_paml_nuclear_final/results/UQCRB/branchsite/myotis_cold_wholeclade/BS_null	/scratch/project_2004342/everything/paml_clean/FINAL_refseq_ftp_pipeline/11_paml_nuclear_final/ctl/UQCRB/branchsite/myotis_cold_wholeclade/UQCRB.myotis_cold_wholeclade.BS_null.ctl
UQCRB	branchsite	myotis_cold_wholeclade_BS_alt	/scratch/project_2004342/everything/paml_clean/FINAL_refseq_ftp_pipeline/11_paml_nuclear_final/results/UQCRB/branchsite/myotis_cold_wholeclade/BS_alt	/scratch/project_2004342/everything/paml_clean/FINAL_refseq_ftp_pipeline/11_paml_nuclear_final/ctl/UQCRB/branchsite/myotis_cold_wholeclade/UQCRB.myotis_cold_wholeclade.BS_alt.ctl
UQCRB	branchsite	coldbats_taxa_BS_null	/scratch/project_2004342/everything/paml_clean/FINAL_refseq_ftp_pipeline/11_paml_nuclear_final/results/UQCRB/branchsite/coldbats_taxa/BS_null	/scratch/project_2004342/everything/paml_clean/FINAL_refseq_ftp_pipeline/11_paml_nuclear_final/ctl/UQCRB/branchsite/coldbats_taxa/UQCRB.coldbats_taxa.BS_null.ctl
UQCRB	branchsite	coldbats_taxa_BS_alt	/scratch/project_2004342/everything/paml_clean/FINAL_refseq_ftp_pipeline/11_paml_nuclear_final/results/UQCRB/branchsite/coldbats_taxa/BS_alt	/scratch/project_2004342/everything/paml_clean/FINAL_refseq_ftp_pipeline/11_paml_nuclear_final/ctl/UQCRB/branchsite/coldbats_taxa/UQCRB.coldbats_taxa.BS_alt.ctl
UQCRB	branchsite	vesper_wholeclade_BS_null	/scratch/project_2004342/everything/paml_clean/FINAL_refseq_ftp_pipeline/11_paml_nuclear_final/results/UQCRB/branchsite/vesper_wholeclade/BS_null	/scratch/project_2004342/everything/paml_clean/FINAL_refseq_ftp_pipeline/11_paml_nuclear_final/ctl/UQCRB/branchsite/vesper_wholeclade/UQCRB.vesper_wholeclade.BS_null.ctl
UQCRB	branchsite	vesper_wholeclade_BS_alt	/scratch/project_2004342/everything/paml_clean/FINAL_refseq_ftp_pipeline/11_paml_nuclear_final/results/UQCRB/branchsite/vesper_wholeclade/BS_alt	/scratch/project_2004342/everything/paml_clean/FINAL_refseq_ftp_pipeline/11_paml_nuclear_final/ctl/UQCRB/branchsite/vesper_wholeclade/UQCRB.vesper_wholeclade.BS_alt.ctl
