IQ-TREE multicore version 2.3.6 for Linux x86 64-bit built Aug  1 2024
Developed by Bui Quang Minh, Nguyen Lam Tung, Olga Chernomor, Heiko Schmidt,
Dominik Schrempf, Michael Woodhams, Ly Trong Nhan, Thomas Wong

Host:    r02c10.bullx (AVX512, FMA3, 187 GB RAM)
Command: iqtree2 -s /scratch/project_2004342/everything/paml_clean/FINAL_refseq_ftp_pipeline/11_codon_alignments_gblocks_final/species_fasta_by_gene/FGFR1/FGFR1.codon.gblocks.species.fasta -pre /scratch/project_2004342/everything/paml_clean/FINAL_refseq_ftp_pipeline/12_species_tree_final/iqtree/FGFR1 -m MFP -B 1000 -alrt 1000 -nt 4 --redo
Seed:    830999 (Using SPRNG - Scalable Parallel Random Number Generator)
Time:    Fri Jul 24 01:37:14 2026
Kernel:  AVX+FMA - 4 threads (4 CPU cores detected)

Reading alignment file /scratch/project_2004342/everything/paml_clean/FINAL_refseq_ftp_pipeline/11_codon_alignments_gblocks_final/species_fasta_by_gene/FGFR1/FGFR1.codon.gblocks.species.fasta ... Fasta format detected
Reading fasta file: done in 0.00115272 secs using 42.25% CPU
Alignment most likely contains DNA/RNA sequences
Alignment has 30 sequences with 2466 columns, 329 distinct patterns
285 parsimony-informative, 123 singleton sites, 2058 constant sites
                           Gap/Ambiguity  Composition  p-value
Analyzing sequences: done in 1.4584e-05 secs using 89.14% CPU
   1  Artibeus_jamaicensis         0.00%    passed     70.31%
   2  Cnephaeus_nilssonii          0.24%    passed     98.50%
   3  Desmodus_rotundus            0.00%    passed     91.16%
   4  Eptesicus_fuscus             0.00%    passed     99.63%
   5  Hipposideros_armiger         0.00%    passed     74.27%
   6  Miniopterus_natalensis       0.00%    passed     97.63%
   7  Miniopterus_schreibersii     0.00%    passed     98.14%
   8  Molossus_molossus            0.00%    passed     95.34%
   9  Myotis_brandtii              0.00%    passed     99.79%
  10  Myotis_daubentonii           0.00%    passed     98.39%
  11  Myotis_davidii               0.00%    passed     99.77%
  12  Myotis_lucifugus             0.00%    passed     99.15%
  13  Myotis_myotis                0.00%    passed     99.46%
  14  Myotis_nattereri             0.24%    passed     98.46%
  15  Myotis_yumanensis            0.00%    passed     99.72%
  16  Phyllostomus_discolor        0.00%    passed     10.22%
  17  Phyllostomus_hastatus        0.49%    passed     12.24%
  18  Pipistrellus_kuhlii          0.00%    passed     97.32%
  19  Plecotus_auritus             0.00%    passed     99.24%
  20  Pteronotus_mesoamericanus    0.00%    passed     99.81%
  21  Pteropus_alecto              0.00%    passed     45.20%
  22  Pteropus_medius              0.00%    passed     37.46%
  23  Pteropus_vampyrus            0.00%    passed     41.39%
  24  Rhinolophus_ferrumequinum    0.00%    passed     80.66%
  25  Rhinolophus_hipposideros     0.24%    passed     74.76%
  26  Rhinolophus_sinicus          0.00%    passed     76.65%
  27  Rousettus_aegyptiacus        0.00%    passed     57.53%
  28  Saccopteryx_bilineata        0.00%    passed     85.54%
  29  Saccopteryx_leptura          0.00%    passed     77.24%
  30  Sturnira_hondurensis         0.00%    passed     80.50%
****  TOTAL                        0.04%  0 sequences failed composition chi2 test (p-value<5%; df=3)


Create initial parsimony tree by phylogenetic likelihood library (PLL)... 0.002 seconds
WARNING: Number of threads seems too high for short alignments. Use -T AUTO to determine best number of threads.
Perform fast likelihood tree search using GTR+I+G model...
Estimate model parameters (epsilon = 5.000)
Perform nearest neighbor interchange...
Estimate model parameters (epsilon = 1.000)
1. Initial log-likelihood: -7874.012
Optimal log-likelihood: -7873.842
Rate parameters:  A-C: 0.99414  A-G: 5.95707  A-T: 0.40408  C-G: 0.65451  C-T: 10.18256  G-T: 1.00000
Base frequencies:  A: 0.230  C: 0.288  G: 0.280  T: 0.202
Proportion of invariable sites: 0.430
Gamma shape alpha: 0.277
Parameters optimization took 1 rounds (0.009 sec)
Time for fast ML tree search: 0.109 seconds

NOTE: ModelFinder requires 4 MB RAM!
ModelFinder will test up to 484 DNA models (sample size: 2466 epsilon: 0.100) ...
 No. Model         -LnL         df  AIC          AICc         BIC
WARNING: Number of threads seems too high for short alignments. Use -T AUTO to determine best number of threads.
  1  GTR+F         8296.417     65  16722.834    16726.409    17100.507
WARNING: Number of threads seems too high for short alignments. Use -T AUTO to determine best number of threads.
  2  GTR+F+I       7891.274     66  15914.549    15918.236    16298.032
WARNING: Number of threads seems too high for short alignments. Use -T AUTO to determine best number of threads.
  3  GTR+F+G4      7897.186     66  15926.372    15930.058    16309.855
WARNING: Number of threads seems too high for short alignments. Use -T AUTO to determine best number of threads.
  4  GTR+F+I+G4    7869.226     67  15872.452    15876.252    16261.746
WARNING: Number of threads seems too high for short alignments. Use -T AUTO to determine best number of threads.
WARNING: Numerical underflow for lh-branch, use `-safe` option to avoid this warning
Pattern 287 likelihood is underflown
WARNING: Numerical underflow for lh-branch, use `-safe` option to avoid this warning
Pattern 287 likelihood is underflown
WARNING: Numerical underflow for lh-branch, use `-safe` option to avoid this warning
Pattern 287 likelihood is underflown
WARNING: Numerical underflow for lh-branch, use `-safe` option to avoid this warning
Pattern 287 likelihood is underflown
WARNING: Numerical underflow for lh-branch, use `-safe` option to avoid this warning
Pattern 287 likelihood is underflown
WARNING: Numerical underflow for lh-branch, use `-safe` option to avoid this warning
Pattern 287 likelihood is underflown
WARNING: Numerical underflow for lh-branch, use `-safe` option to avoid this warning
Pattern 150 likelihood is underflown
WARNING: Numerical underflow for lh-branch, use `-safe` option to avoid this warning
Pattern 150 likelihood is underflown
WARNING: Numerical underflow for lh-branch, use `-safe` option to avoid this warning
Pattern 150 likelihood is underflown
WARNING: Numerical underflow for lh-branch, use `-safe` option to avoid this warning
Pattern 150 likelihood is underflown
WARNING: Numerical underflow for lh-branch, use `-safe` option to avoid this warning
Pattern 150 likelihood is underflown
WARNING: Numerical underflow for lh-branch, use `-safe` option to avoid this warning
Pattern 150 likelihood is underflown
  5  GTR+F+R2      7891.275     67  15916.549    15920.349    16305.843
WARNING: Number of threads seems too high for short alignments. Use -T AUTO to determine best number of threads.
WARNING: Numerical underflow for lh-branch, use `-safe` option to avoid this warning
Pattern 287 likelihood is underflown
WARNING: Numerical underflow for lh-branch, use `-safe` option to avoid this warning
Pattern 287 likelihood is underflown
WARNING: Numerical underflow for lh-branch, use `-safe` option to avoid this warning
Pattern 287 likelihood is underflown
WARNING: Numerical underflow for lh-branch, use `-safe` option to avoid this warning
Pattern 287 likelihood is underflown
WARNING: Numerical underflow for lh-branch, use `-safe` option to avoid this warning
Pattern 287 likelihood is underflown
WARNING: Numerical underflow for lh-branch, use `-safe` option to avoid this warning
Pattern 287 likelihood is underflown
WARNING: Numerical underflow for lh-branch, use `-safe` option to avoid this warning
Pattern 287 likelihood is underflown
WARNING: Numerical underflow for lh-branch, use `-safe` option to avoid this warning
Pattern 287 likelihood is underflown
WARNING: Numerical underflow for lh-branch, use `-safe` option to avoid this warning
Pattern 287 likelihood is underflown
WARNING: Numerical underflow for lh-branch, use `-safe` option to avoid this warning
Pattern 262 likelihood is underflown
Pattern 265 likelihood is underflown
WARNING: Numerical underflow for lh-branch, use `-safe` option to avoid this warning
Pattern 262 likelihood is underflown
Pattern 265 likelihood is underflown
WARNING: Numerical underflow for lh-branch, use `-safe` option to avoid this warning
Pattern 262 likelihood is underflown
Pattern 265 likelihood is underflown
WARNING: Numerical underflow for lh-branch, use `-safe` option to avoid this warning
Pattern 262 likelihood is underflown
Pattern 265 likelihood is underflown
WARNING: Numerical underflow for lh-branch, use `-safe` option to avoid this warning
Pattern 262 likelihood is underflown
Pattern 265 likelihood is underflown
WARNING: Numerical underflow for lh-branch, use `-safe` option to avoid this warning
Pattern 262 likelihood is underflown
Pattern 265 likelihood is underflown
WARNING: Numerical underflow for lh-branch, use `-safe` option to avoid this warning
Pattern 262 likelihood is underflown
Pattern 265 likelihood is underflown
WARNING: Numerical underflow for lh-branch, use `-safe` option to avoid this warning
Pattern 262 likelihood is underflown
Pattern 265 likelihood is underflown
WARNING: Numerical underflow for lh-branch, use `-safe` option to avoid this warning
Pattern 262 likelihood is underflown
Pattern 265 likelihood is underflown
WARNING: Numerical underflow for lh-branch, use `-safe` option to avoid this warning
Pattern 150 likelihood is underflown
WARNING: Numerical underflow for lh-branch, use `-safe` option to avoid this warning
Pattern 150 likelihood is underflown
WARNING: Numerical underflow for lh-branch, use `-safe` option to avoid this warning
Pattern 150 likelihood is underflown
WARNING: Numerical underflow for lh-branch, use `-safe` option to avoid this warning
Pattern 150 likelihood is underflown
WARNING: Numerical underflow for lh-branch, use `-safe` option to avoid this warning
Pattern 150 likelihood is underflown
WARNING: Numerical underflow for lh-branch, use `-safe` option to avoid this warning
Pattern 150 likelihood is underflown
WARNING: Numerical underflow for lh-branch, use `-safe` option to avoid this warning
Pattern 150 likelihood is underflown
WARNING: Numerical underflow for lh-branch, use `-safe` option to avoid this warning
Pattern 150 likelihood is underflown
WARNING: Numerical underflow for lh-branch, use `-safe` option to avoid this warning
Pattern 150 likelihood is underflown
WARNING: Numerical underflow for lh-branch, use `-safe` option to avoid this warning
Pattern 146 likelihood is underflown
Pattern 283 likelihood is underflown
WARNING: Numerical underflow for lh-branch, use `-safe` option to avoid this warning
Pattern 146 likelihood is underflown
Pattern 283 likelihood is underflown
WARNING: Numerical underflow for lh-branch, use `-safe` option to avoid this warning
Pattern 146 likelihood is underflown
Pattern 283 likelihood is underflown
WARNING: Numerical underflow for lh-branch, use `-safe` option to avoid this warning
Pattern 146 likelihood is underflown
Pattern 283 likelihood is underflown
WARNING: Numerical underflow for lh-branch, use `-safe` option to avoid this warning
Pattern 146 likelihood is underflown
Pattern 283 likelihood is underflown
WARNING: Numerical underflow for lh-branch, use `-safe` option to avoid this warning
Pattern 146 likelihood is underflown
Pattern 283 likelihood is underflown
WARNING: Numerical underflow for lh-branch, use `-safe` option to avoid this warning
Pattern 146 likelihood is underflown
Pattern 283 likelihood is underflown
WARNING: Numerical underflow for lh-branch, use `-safe` option to avoid this warning
Pattern 146 likelihood is underflown
Pattern 283 likelihood is underflown
WARNING: Numerical underflow for lh-branch, use `-safe` option to avoid this warning
Pattern 146 likelihood is underflown
Pattern 283 likelihood is underflown
WARNING: Numerical underflow for lh-branch, use `-safe` option to avoid this warning
Pattern 213 likelihood is underflown
Pattern 287 likelihood is underflown
WARNING: Numerical underflow for lh-branch, use `-safe` option to avoid this warning
Pattern 213 likelihood is underflown
Pattern 287 likelihood is underflown
WARNING: Numerical underflow for lh-branch, use `-safe` option to avoid this warning
Pattern 213 likelihood is underflown
Pattern 287 likelihood is underflown
WARNING: Numerical underflow for lh-branch, use `-safe` option to avoid this warning
Pattern 213 likelihood is underflown
Pattern 287 likelihood is underflown
WARNING: Numerical underflow for lh-branch, use `-safe` option to avoid this warning
Pattern 213 likelihood is underflown
Pattern 287 likelihood is underflown
WARNING: Numerical underflow for lh-branch, use `-safe` option to avoid this warning
Pattern 213 likelihood is underflown
Pattern 287 likelihood is underflown
WARNING: Numerical underflow for lh-branch, use `-safe` option to avoid this warning
Pattern 213 likelihood is underflown
Pattern 287 likelihood is underflown
WARNING: Numerical underflow for lh-branch, use `-safe` option to avoid this warning
Pattern 213 likelihood is underflown
Pattern 287 likelihood is underflown
WARNING: Numerical underflow for lh-branch, use `-safe` option to avoid this warning
Pattern 213 likelihood is underflown
Pattern 287 likelihood is underflown
WARNING: Numerical underflow for lh-branch, use `-safe` option to avoid this warning
Pattern 180 likelihood is underflown
WARNING: Numerical underflow for lh-branch, use `-safe` option to avoid this warning
Pattern 180 likelihood is underflown
WARNING: Numerical underflow for lh-branch, use `-safe` option to avoid this warning
Pattern 180 likelihood is underflown
WARNING: Numerical underflow for lh-branch, use `-safe` option to avoid this warning
Pattern 180 likelihood is underflown
WARNING: Numerical underflow for lh-branch, use `-safe` option to avoid this warning
Pattern 180 likelihood is underflown
WARNING: Numerical underflow for lh-branch, use `-safe` option to avoid this warning
Pattern 180 likelihood is underflown
WARNING: Numerical underflow for lh-branch, use `-safe` option to avoid this warning
Pattern 180 likelihood is underflown
WARNING: Numerical underflow for lh-branch, use `-safe` option to avoid this warning
Pattern 180 likelihood is underflown
WARNING: Numerical underflow for lh-branch, use `-safe` option to avoid this warning
Pattern 180 likelihood is underflown
WARNING: Numerical underflow for lh-branch, use `-safe` option to avoid this warning
Pattern 99 likelihood is underflown
WARNING: Numerical underflow for lh-branch, use `-safe` option to avoid this warning
Pattern 99 likelihood is underflown
WARNING: Numerical underflow for lh-branch, use `-safe` option to avoid this warning
Pattern 99 likelihood is underflown
WARNING: Numerical underflow for lh-branch, use `-safe` option to avoid this warning
Pattern 99 likelihood is underflown
WARNING: Numerical underflow for lh-branch, use `-safe` option to avoid this warning
Pattern 99 likelihood is underflown
WARNING: Numerical underflow for lh-branch, use `-safe` option to avoid this warning
Pattern 99 likelihood is underflown
WARNING: Numerical underflow for lh-branch, use `-safe` option to avoid this warning
Pattern 99 likelihood is underflown
WARNING: Numerical underflow for lh-branch, use `-safe` option to avoid this warning
Pattern 99 likelihood is underflown
WARNING: Numerical underflow for lh-branch, use `-safe` option to avoid this warning
Pattern 99 likelihood is underflown
WARNING: Numerical underflow for lh-branch, use `-safe` option to avoid this warning
Pattern 283 likelihood is underflown
WARNING: Numerical underflow for lh-branch, use `-safe` option to avoid this warning
Pattern 283 likelihood is underflown
WARNING: Numerical underflow for lh-branch, use `-safe` option to avoid this warning
Pattern 283 likelihood is underflown
WARNING: Numerical underflow for lh-branch, use `-safe` option to avoid this warning
Pattern 283 likelihood is underflown
WARNING: Numerical underflow for lh-branch, use `-safe` option to avoid this warning
Pattern 283 likelihood is underflown
WARNING: Numerical underflow for lh-branch, use `-safe` option to avoid this warning
Pattern 283 likelihood is underflown
WARNING: Numerical underflow for lh-branch, use `-safe` option to avoid this warning
Pattern 283 likelihood is underflown
WARNING: Numerical underflow for lh-branch, use `-safe` option to avoid this warning
Pattern 283 likelihood is underflown
WARNING: Numerical underflow for lh-branch, use `-safe` option to avoid this warning
Pattern 283 likelihood is underflown
  6  GTR+F+R3      7848.877     69  15835.753    15839.785    16236.667
WARNING: Number of threads seems too high for short alignments. Use -T AUTO to determine best number of threads.
WARNING: Numerical underflow for lh-branch, use `-safe` option to avoid this warning
Pattern 211 likelihood is underflown
WARNING: Numerical underflow for lh-branch, use `-safe` option to avoid this warning
Pattern 211 likelihood is underflown
WARNING: Numerical underflow for lh-branch, use `-safe` option to avoid this warning
Pattern 211 likelihood is underflown
WARNING: Numerical underflow for lh-branch, use `-safe` option to avoid this warning
Pattern 211 likelihood is underflown
WARNING: Numerical underflow for lh-branch, use `-safe` option to avoid this warning
Pattern 211 likelihood is underflown
WARNING: Numerical underflow for lh-branch, use `-safe` option to avoid this warning
Pattern 211 likelihood is underflown
WARNING: Numerical underflow for lh-branch, use `-safe` option to avoid this warning
Pattern 211 likelihood is underflown
WARNING: Numerical underflow for lh-branch, use `-safe` option to avoid this warning
Pattern 211 likelihood is underflown
WARNING: Numerical underflow for lh-branch, use `-safe` option to avoid this warning
Pattern 211 likelihood is underflown
WARNING: Numerical underflow for lh-branch, use `-safe` option to avoid this warning
Pattern 211 likelihood is underflown
WARNING: Numerical underflow for lh-branch, use `-safe` option to avoid this warning
Pattern 211 likelihood is underflown
WARNING: Numerical underflow for lh-branch, use `-safe` option to avoid this warning
Pattern 211 likelihood is underflown
WARNING: Numerical underflow for lh-branch, use `-safe` option to avoid this warning
Pattern 211 likelihood is underflown
Pattern 287 likelihood is underflown
WARNING: Numerical underflow for lh-branch, use `-safe` option to avoid this warning
Pattern 211 likelihood is underflown
Pattern 287 likelihood is underflown
WARNING: Numerical underflow for lh-branch, use `-safe` option to avoid this warning
Pattern 211 likelihood is underflown
Pattern 287 likelihood is underflown
WARNING: Numerical underflow for lh-branch, use `-safe` option to avoid this warning
Pattern 211 likelihood is underflown
Pattern 287 likelihood is underflown
WARNING: Numerical underflow for lh-branch, use `-safe` option to avoid this warning
Pattern 211 likelihood is underflown
Pattern 287 likelihood is underflown
WARNING: Numerical underflow for lh-branch, use `-safe` option to avoid this warning
Pattern 211 likelihood is underflown
Pattern 287 likelihood is underflown
WARNING: Numerical underflow for lh-branch, use `-safe` option to avoid this warning
Pattern 211 likelihood is underflown
Pattern 287 likelihood is underflown
WARNING: Numerical underflow for lh-branch, use `-safe` option to avoid this warning
Pattern 211 likelihood is underflown
Pattern 287 likelihood is underflown
WARNING: Numerical underflow for lh-branch, use `-safe` option to avoid this warning
Pattern 211 likelihood is underflown
Pattern 287 likelihood is underflown
WARNING: Numerical underflow for lh-branch, use `-safe` option to avoid this warning
Pattern 211 likelihood is underflown
Pattern 287 likelihood is underflown
WARNING: Numerical underflow for lh-branch, use `-safe` option to avoid this warning
Pattern 211 likelihood is underflown
Pattern 287 likelihood is underflown
WARNING: Numerical underflow for lh-branch, use `-safe` option to avoid this warning
Pattern 211 likelihood is underflown
Pattern 287 likelihood is underflown
  7  GTR+F+R4      7848.941     71  15839.883    15844.154    16252.418
WARNING: Number of threads seems too high for short alignments. Use -T AUTO to determine best number of threads.
WARNING: Numerical underflow for lh-branch, use `-safe` option to avoid this warning
Pattern 150 likelihood is underflown
Pattern 308 likelihood is underflown
WARNING: Numerical underflow for lh-branch, use `-safe` option to avoid this warning
Pattern 150 likelihood is underflown
Pattern 308 likelihood is underflown
WARNING: Numerical underflow for lh-branch, use `-safe` option to avoid this warning
Pattern 150 likelihood is underflown
Pattern 308 likelihood is underflown
WARNING: Numerical underflow for lh-branch, use `-safe` option to avoid this warning
Pattern 150 likelihood is underflown
Pattern 308 likelihood is underflown
WARNING: Numerical underflow for lh-branch, use `-safe` option to avoid this warning
Pattern 150 likelihood is underflown
Pattern 308 likelihood is underflown
WARNING: Numerical underflow for lh-branch, use `-safe` option to avoid this warning
Pattern 150 likelihood is underflown
Pattern 308 likelihood is underflown
 14  GTR+F+I+R2    7891.275     68  15918.551    15922.465    16313.654
WARNING: Number of threads seems too high for short alignments. Use -T AUTO to determine best number of threads.
WARNING: Numerical underflow for lh-branch, use `-safe` option to avoid this warning
Pattern 265 likelihood is underflown
WARNING: Numerical underflow for lh-branch, use `-safe` option to avoid this warning
Pattern 265 likelihood is underflown
WARNING: Numerical underflow for lh-branch, use `-safe` option to avoid this warning
Pattern 265 likelihood is underflown
WARNING: Numerical underflow for lh-branch, use `-safe` option to avoid this warning
Pattern 265 likelihood is underflown
WARNING: Numerical underflow for lh-branch, use `-safe` option to avoid this warning
Pattern 265 likelihood is underflown
WARNING: Numerical underflow for lh-branch, use `-safe` option to avoid this warning
Pattern 265 likelihood is underflown
WARNING: Numerical underflow for lh-branch, use `-safe` option to avoid this warning
Pattern 265 likelihood is underflown
WARNING: Numerical underflow for lh-branch, use `-safe` option to avoid this warning
Pattern 265 likelihood is underflown
WARNING: Numerical underflow for lh-branch, use `-safe` option to avoid this warning
Pattern 265 likelihood is underflown
WARNING: Numerical underflow for lh-branch, use `-safe` option to avoid this warning
Pattern 101 likelihood is underflown
Pattern 180 likelihood is underflown
Pattern 283 likelihood is underflown
WARNING: Numerical underflow for lh-branch, use `-safe` option to avoid this warning
Pattern 101 likelihood is underflown
Pattern 180 likelihood is underflown
Pattern 283 likelihood is underflown
WARNING: Numerical underflow for lh-branch, use `-safe` option to avoid this warning
Pattern 101 likelihood is underflown
Pattern 180 likelihood is underflown
Pattern 283 likelihood is underflown
WARNING: Numerical underflow for lh-branch, use `-safe` option to avoid this warning
Pattern 101 likelihood is underflown
Pattern 180 likelihood is underflown
Pattern 283 likelihood is underflown
WARNING: Numerical underflow for lh-branch, use `-safe` option to avoid this warning
Pattern 101 likelihood is underflown
Pattern 180 likelihood is underflown
Pattern 283 likelihood is underflown
WARNING: Numerical underflow for lh-branch, use `-safe` option to avoid this warning
Pattern 101 likelihood is underflown
Pattern 180 likelihood is underflown
Pattern 283 likelihood is underflown
WARNING: Numerical underflow for lh-branch, use `-safe` option to avoid this warning
Pattern 101 likelihood is underflown
Pattern 180 likelihood is underflown
Pattern 283 likelihood is underflown
WARNING: Numerical underflow for lh-branch, use `-safe` option to avoid this warning
Pattern 101 likelihood is underflown
Pattern 180 likelihood is underflown
Pattern 283 likelihood is underflown
WARNING: Numerical underflow for lh-branch, use `-safe` option to avoid this warning
Pattern 101 likelihood is underflown
Pattern 180 likelihood is underflown
Pattern 283 likelihood is underflown
WARNING: Numerical underflow for lh-branch, use `-safe` option to avoid this warning
Pattern 287 likelihood is underflown
WARNING: Numerical underflow for lh-branch, use `-safe` option to avoid this warning
Pattern 287 likelihood is underflown
WARNING: Numerical underflow for lh-branch, use `-safe` option to avoid this warning
Pattern 287 likelihood is underflown
WARNING: Numerical underflow for lh-branch, use `-safe` option to avoid this warning
Pattern 287 likelihood is underflown
WARNING: Numerical underflow for lh-branch, use `-safe` option to avoid this warning
Pattern 287 likelihood is underflown
WARNING: Numerical underflow for lh-branch, use `-safe` option to avoid this warning
Pattern 287 likelihood is underflown
WARNING: Numerical underflow for lh-branch, use `-safe` option to avoid this warning
Pattern 287 likelihood is underflown
WARNING: Numerical underflow for lh-branch, use `-safe` option to avoid this warning
Pattern 287 likelihood is underflown
WARNING: Numerical underflow for lh-branch, use `-safe` option to avoid this warning
Pattern 287 likelihood is underflown
WARNING: Numerical underflow for lh-branch, use `-safe` option to avoid this warning
Pattern 287 likelihood is underflown
WARNING: Numerical underflow for lh-branch, use `-safe` option to avoid this warning
Pattern 287 likelihood is underflown
WARNING: Numerical underflow for lh-branch, use `-safe` option to avoid this warning
Pattern 287 likelihood is underflown
WARNING: Numerical underflow for lh-branch, use `-safe` option to avoid this warning
Pattern 287 likelihood is underflown
WARNING: Numerical underflow for lh-branch, use `-safe` option to avoid this warning
Pattern 287 likelihood is underflown
WARNING: Numerical underflow for lh-branch, use `-safe` option to avoid this warning
Pattern 287 likelihood is underflown
WARNING: Numerical underflow for lh-branch, use `-safe` option to avoid this warning
Pattern 287 likelihood is underflown
WARNING: Numerical underflow for lh-branch, use `-safe` option to avoid this warning
Pattern 287 likelihood is underflown
WARNING: Numerical underflow for lh-branch, use `-safe` option to avoid this warning
Pattern 287 likelihood is underflown
WARNING: Numerical underflow for lh-branch, use `-safe` option to avoid this warning
Pattern 287 likelihood is underflown
WARNING: Numerical underflow for lh-branch, use `-safe` option to avoid this warning
Pattern 287 likelihood is underflown
WARNING: Numerical underflow for lh-branch, use `-safe` option to avoid this warning
Pattern 287 likelihood is underflown
WARNING: Numerical underflow for lh-branch, use `-safe` option to avoid this warning
Pattern 287 likelihood is underflown
WARNING: Numerical underflow for lh-branch, use `-safe` option to avoid this warning
Pattern 287 likelihood is underflown
WARNING: Numerical underflow for lh-branch, use `-safe` option to avoid this warning
Pattern 287 likelihood is underflown
WARNING: Numerical underflow for lh-branch, use `-safe` option to avoid this warning
Pattern 287 likelihood is underflown
WARNING: Numerical underflow for lh-branch, use `-safe` option to avoid this warning
Pattern 287 likelihood is underflown
WARNING: Numerical underflow for lh-branch, use `-safe` option to avoid this warning
Pattern 287 likelihood is underflown
 15  GTR+F+I+R3    7848.867     70  15837.734    15841.885    16244.459
WARNING: Number of threads seems too high for short alignments. Use -T AUTO to determine best number of threads.
 16  GTR+F+I+R4    7848.729     72  15841.458    15845.851    16259.803
WARNING: Number of threads seems too high for short alignments. Use -T AUTO to determine best number of threads.
WARNING: Numerical underflow for lh-branch, use `-safe` option to avoid this warning
Pattern 59 likelihood is underflown
Pattern 287 likelihood is underflown
WARNING: Numerical underflow for lh-branch, use `-safe` option to avoid this warning
Pattern 59 likelihood is underflown
Pattern 287 likelihood is underflown
WARNING: Numerical underflow for lh-branch, use `-safe` option to avoid this warning
Pattern 59 likelihood is underflown
Pattern 287 likelihood is underflown
WARNING: Numerical underflow for lh-branch, use `-safe` option to avoid this warning
Pattern 59 likelihood is underflown
Pattern 287 likelihood is underflown
WARNING: Numerical underflow for lh-branch, use `-safe` option to avoid this warning
Pattern 59 likelihood is underflown
Pattern 287 likelihood is underflown
WARNING: Numerical underflow for lh-branch, use `-safe` option to avoid this warning
Pattern 59 likelihood is underflown
Pattern 287 likelihood is underflown
WARNING: Numerical underflow for lh-branch, use `-safe` option to avoid this warning
Pattern 59 likelihood is underflown
Pattern 287 likelihood is underflown
WARNING: Numerical underflow for lh-branch, use `-safe` option to avoid this warning
Pattern 59 likelihood is underflown
Pattern 287 likelihood is underflown
WARNING: Numerical underflow for lh-branch, use `-safe` option to avoid this warning
Pattern 59 likelihood is underflown
Pattern 287 likelihood is underflown
WARNING: Numerical underflow for lh-branch, use `-safe` option to avoid this warning
Pattern 101 likelihood is underflown
WARNING: Numerical underflow for lh-branch, use `-safe` option to avoid this warning
Pattern 265 likelihood is underflown
WARNING: Numerical underflow for lh-branch, use `-safe` option to avoid this warning
Pattern 101 likelihood is underflown
WARNING: Numerical underflow for lh-branch, use `-safe` option to avoid this warning
Pattern 101 likelihood is underflown
WARNING: Numerical underflow for lh-branch, use `-safe` option to avoid this warning
Pattern 265 likelihood is underflown
WARNING: Numerical underflow for lh-branch, use `-safe` option to avoid this warning
Pattern 101 likelihood is underflown
WARNING: Numerical underflow for lh-branch, use `-safe` option to avoid this warning
Pattern 101 likelihood is underflown
WARNING: Numerical underflow for lh-branch, use `-safe` option to avoid this warning
Pattern 265 likelihood is underflown
WARNING: Numerical underflow for lh-branch, use `-safe` option to avoid this warning
Pattern 101 likelihood is underflown
 28  SYM+R3        7886.392     66  15904.784    15908.471    16288.268
WARNING: Number of threads seems too high for short alignments. Use -T AUTO to determine best number of threads.
 37  SYM+I+R3      7886.402     67  15906.803    15910.603    16296.097
WARNING: Number of threads seems too high for short alignments. Use -T AUTO to determine best number of threads.
WARNING: Numerical underflow for lh-branch, use `-safe` option to avoid this warning
Pattern 59 likelihood is underflown
Pattern 150 likelihood is underflown
WARNING: Numerical underflow for lh-branch, use `-safe` option to avoid this warning
Pattern 59 likelihood is underflown
Pattern 150 likelihood is underflown
Pattern 287 likelihood is underflown
WARNING: Numerical underflow for lh-branch, use `-safe` option to avoid this warning
Pattern 59 likelihood is underflown
Pattern 150 likelihood is underflown
WARNING: Numerical underflow for lh-branch, use `-safe` option to avoid this warning
Pattern 59 likelihood is underflown
Pattern 150 likelihood is underflown
WARNING: Numerical underflow for lh-branch, use `-safe` option to avoid this warning
Pattern 59 likelihood is underflown
Pattern 150 likelihood is underflown
Pattern 287 likelihood is underflown
WARNING: Numerical underflow for lh-branch, use `-safe` option to avoid this warning
Pattern 59 likelihood is underflown
Pattern 150 likelihood is underflown
WARNING: Numerical underflow for lh-branch, use `-safe` option to avoid this warning
Pattern 59 likelihood is underflown
Pattern 150 likelihood is underflown
WARNING: Numerical underflow for lh-branch, use `-safe` option to avoid this warning
Pattern 59 likelihood is underflown
Pattern 150 likelihood is underflown
Pattern 287 likelihood is underflown
WARNING: Numerical underflow for lh-branch, use `-safe` option to avoid this warning
Pattern 59 likelihood is underflown
Pattern 150 likelihood is underflown
 50  TVM+F+R3      7868.826     68  15873.652    15877.567    16268.756
WARNING: Number of threads seems too high for short alignments. Use -T AUTO to determine best number of threads.
 59  TVM+F+I+R3    7868.826     69  15875.651    15879.683    16276.566
WARNING: Number of threads seems too high for short alignments. Use -T AUTO to determine best number of threads.
 72  TVMe+R3       7901.242     65  15932.484    15936.059    16310.157
WARNING: Number of threads seems too high for short alignments. Use -T AUTO to determine best number of threads.
WARNING: Numerical underflow for lh-branch, use `-safe` option to avoid this warning
Pattern 8 likelihood is underflown
Pattern 38 likelihood is underflown
Pattern 84 likelihood is underflown
Pattern 144 likelihood is underflown
Pattern 178 likelihood is underflown
WARNING: Numerical underflow for lh-branch, use `-safe` option to avoid this warning
Pattern 8 likelihood is underflown
Pattern 38 likelihood is underflown
Pattern 84 likelihood is underflown
Pattern 144 likelihood is underflown
Pattern 178 likelihood is underflown
WARNING: Numerical underflow for lh-branch, use `-safe` option to avoid this warning
Pattern 8 likelihood is underflown
Pattern 38 likelihood is underflown
Pattern 84 likelihood is underflown
Pattern 144 likelihood is underflown
Pattern 178 likelihood is underflown
WARNING: Numerical underflow for lh-branch, use `-safe` option to avoid this warning
Pattern 8 likelihood is underflown
Pattern 38 likelihood is underflown
Pattern 84 likelihood is underflown
Pattern 144 likelihood is underflown
Pattern 178 likelihood is underflown
WARNING: Numerical underflow for lh-branch, use `-safe` option to avoid this warning
Pattern 8 likelihood is underflown
Pattern 38 likelihood is underflown
Pattern 84 likelihood is underflown
Pattern 144 likelihood is underflown
Pattern 178 likelihood is underflown
WARNING: Numerical underflow for lh-branch, use `-safe` option to avoid this warning
Pattern 8 likelihood is underflown
Pattern 38 likelihood is underflown
Pattern 84 likelihood is underflown
Pattern 144 likelihood is underflown
Pattern 178 likelihood is underflown
WARNING: Numerical underflow for lh-branch, use `-safe` option to avoid this warning
Pattern 8 likelihood is underflown
Pattern 38 likelihood is underflown
Pattern 84 likelihood is underflown
Pattern 144 likelihood is underflown
Pattern 178 likelihood is underflown
WARNING: Numerical underflow for lh-branch, use `-safe` option to avoid this warning
Pattern 8 likelihood is underflown
Pattern 38 likelihood is underflown
Pattern 84 likelihood is underflown
Pattern 144 likelihood is underflown
Pattern 178 likelihood is underflown
WARNING: Numerical underflow for lh-branch, use `-safe` option to avoid this warning
Pattern 8 likelihood is underflown
Pattern 38 likelihood is underflown
Pattern 84 likelihood is underflown
Pattern 144 likelihood is underflown
Pattern 178 likelihood is underflown
 81  TVMe+I+R3     7901.240     66  15934.479    15938.166    16317.963
WARNING: Number of threads seems too high for short alignments. Use -T AUTO to determine best number of threads.
 94  TIM3+F+R3     7853.394     67  15840.787    15844.587    16230.081
WARNING: Number of threads seems too high for short alignments. Use -T AUTO to determine best number of threads.
WARNING: Numerical underflow for lh-branch, use `-safe` option to avoid this warning
Pattern 99 likelihood is underflown
Pattern 146 likelihood is underflown
Pattern 211 likelihood is underflown
Pattern 265 likelihood is underflown
Pattern 283 likelihood is underflown
Pattern 287 likelihood is underflown
WARNING: Numerical underflow for lh-branch, use `-safe` option to avoid this warning
Pattern 99 likelihood is underflown
Pattern 146 likelihood is underflown
Pattern 211 likelihood is underflown
Pattern 265 likelihood is underflown
Pattern 283 likelihood is underflown
Pattern 287 likelihood is underflown
WARNING: Numerical underflow for lh-branch, use `-safe` option to avoid this warning
Pattern 99 likelihood is underflown
Pattern 146 likelihood is underflown
Pattern 211 likelihood is underflown
Pattern 265 likelihood is underflown
Pattern 283 likelihood is underflown
Pattern 287 likelihood is underflown
WARNING: Numerical underflow for lh-branch, use `-safe` option to avoid this warning
Pattern 99 likelihood is underflown
Pattern 146 likelihood is underflown
Pattern 211 likelihood is underflown
Pattern 265 likelihood is underflown
Pattern 283 likelihood is underflown
Pattern 287 likelihood is underflown
WARNING: Numerical underflow for lh-branch, use `-safe` option to avoid this warning
Pattern 99 likelihood is underflown
Pattern 146 likelihood is underflown
Pattern 211 likelihood is underflown
Pattern 265 likelihood is underflown
Pattern 283 likelihood is underflown
Pattern 287 likelihood is underflown
WARNING: Numerical underflow for lh-branch, use `-safe` option to avoid this warning
Pattern 99 likelihood is underflown
Pattern 146 likelihood is underflown
Pattern 211 likelihood is underflown
Pattern 265 likelihood is underflown
Pattern 283 likelihood is underflown
Pattern 287 likelihood is underflown
WARNING: Numerical underflow for lh-branch, use `-safe` option to avoid this warning
Pattern 99 likelihood is underflown
Pattern 146 likelihood is underflown
Pattern 211 likelihood is underflown
Pattern 265 likelihood is underflown
Pattern 283 likelihood is underflown
Pattern 287 likelihood is underflown
WARNING: Numerical underflow for lh-branch, use `-safe` option to avoid this warning
Pattern 99 likelihood is underflown
Pattern 146 likelihood is underflown
Pattern 211 likelihood is underflown
Pattern 265 likelihood is underflown
Pattern 283 likelihood is underflown
Pattern 287 likelihood is underflown
WARNING: Numerical underflow for lh-branch, use `-safe` option to avoid this warning
Pattern 99 likelihood is underflown
Pattern 146 likelihood is underflown
Pattern 211 likelihood is underflown
Pattern 265 likelihood is underflown
Pattern 283 likelihood is underflown
Pattern 287 likelihood is underflown
WARNING: Numerical underflow for lh-branch, use `-safe` option to avoid this warning
Pattern 287 likelihood is underflown
WARNING: Numerical underflow for lh-branch, use `-safe` option to avoid this warning
Pattern 287 likelihood is underflown
WARNING: Numerical underflow for lh-branch, use `-safe` option to avoid this warning
Pattern 287 likelihood is underflown
WARNING: Numerical underflow for lh-branch, use `-safe` option to avoid this warning
Pattern 287 likelihood is underflown
WARNING: Numerical underflow for lh-branch, use `-safe` option to avoid this warning
Pattern 287 likelihood is underflown
WARNING: Numerical underflow for lh-branch, use `-safe` option to avoid this warning
Pattern 287 likelihood is underflown
WARNING: Numerical underflow for lh-branch, use `-safe` option to avoid this warning
Pattern 287 likelihood is underflown
WARNING: Numerical underflow for lh-branch, use `-safe` option to avoid this warning
Pattern 287 likelihood is underflown
WARNING: Numerical underflow for lh-branch, use `-safe` option to avoid this warning
Pattern 287 likelihood is underflown
103  TIM3+F+I+R3   7853.392     68  15842.785    15846.699    16237.889
WARNING: Number of threads seems too high for short alignments. Use -T AUTO to determine best number of threads.
116  TIM3e+R3      7891.653     64  15911.305    15914.771    16283.168
WARNING: Number of threads seems too high for short alignments. Use -T AUTO to determine best number of threads.
125  TIM3e+I+R3    7891.665     65  15913.330    15916.905    16291.003
WARNING: Number of threads seems too high for short alignments. Use -T AUTO to determine best number of threads.
138  TIM2+F+R3     7853.244     67  15840.487    15844.287    16229.781
WARNING: Number of threads seems too high for short alignments. Use -T AUTO to determine best number of threads.
WARNING: Numerical underflow for lh-branch, use `-safe` option to avoid this warning
Pattern 283 likelihood is underflown
WARNING: Numerical underflow for lh-branch, use `-safe` option to avoid this warning
Pattern 283 likelihood is underflown
WARNING: Numerical underflow for lh-branch, use `-safe` option to avoid this warning
Pattern 283 likelihood is underflown
WARNING: Numerical underflow for lh-branch, use `-safe` option to avoid this warning
Pattern 283 likelihood is underflown
WARNING: Numerical underflow for lh-branch, use `-safe` option to avoid this warning
Pattern 283 likelihood is underflown
WARNING: Numerical underflow for lh-branch, use `-safe` option to avoid this warning
Pattern 283 likelihood is underflown
WARNING: Numerical underflow for lh-branch, use `-safe` option to avoid this warning
Pattern 283 likelihood is underflown
WARNING: Numerical underflow for lh-branch, use `-safe` option to avoid this warning
Pattern 283 likelihood is underflown
WARNING: Numerical underflow for lh-branch, use `-safe` option to avoid this warning
Pattern 283 likelihood is underflown
147  TIM2+F+I+R3   7853.252     68  15842.505    15846.420    16237.609
WARNING: Number of threads seems too high for short alignments. Use -T AUTO to determine best number of threads.
WARNING: Numerical underflow for lh-branch, use `-safe` option to avoid this warning
Pattern 56 likelihood is underflown
Pattern 193 likelihood is underflown
Pattern 210 likelihood is underflown
Pattern 287 likelihood is underflown
WARNING: Numerical underflow for lh-branch, use `-safe` option to avoid this warning
Pattern 56 likelihood is underflown
Pattern 193 likelihood is underflown
Pattern 210 likelihood is underflown
Pattern 287 likelihood is underflown
WARNING: Numerical underflow for lh-branch, use `-safe` option to avoid this warning
Pattern 56 likelihood is underflown
Pattern 193 likelihood is underflown
Pattern 210 likelihood is underflown
Pattern 287 likelihood is underflown
WARNING: Numerical underflow for lh-branch, use `-safe` option to avoid this warning
Pattern 56 likelihood is underflown
Pattern 193 likelihood is underflown
Pattern 210 likelihood is underflown
Pattern 287 likelihood is underflown
WARNING: Numerical underflow for lh-branch, use `-safe` option to avoid this warning
Pattern 56 likelihood is underflown
Pattern 193 likelihood is underflown
Pattern 210 likelihood is underflown
Pattern 287 likelihood is underflown
WARNING: Numerical underflow for lh-branch, use `-safe` option to avoid this warning
Pattern 56 likelihood is underflown
Pattern 193 likelihood is underflown
Pattern 210 likelihood is underflown
Pattern 287 likelihood is underflown
WARNING: Numerical underflow for lh-branch, use `-safe` option to avoid this warning
Pattern 56 likelihood is underflown
Pattern 193 likelihood is underflown
Pattern 210 likelihood is underflown
Pattern 287 likelihood is underflown
WARNING: Numerical underflow for lh-branch, use `-safe` option to avoid this warning
Pattern 56 likelihood is underflown
Pattern 193 likelihood is underflown
Pattern 210 likelihood is underflown
Pattern 287 likelihood is underflown
WARNING: Numerical underflow for lh-branch, use `-safe` option to avoid this warning
Pattern 56 likelihood is underflown
Pattern 193 likelihood is underflown
Pattern 210 likelihood is underflown
Pattern 287 likelihood is underflown
160  TIM2e+R3      7891.965     64  15911.929    15915.395    16283.792
WARNING: Number of threads seems too high for short alignments. Use -T AUTO to determine best number of threads.
169  TIM2e+I+R3    7891.968     65  15913.937    15917.512    16291.610
WARNING: Number of threads seems too high for short alignments. Use -T AUTO to determine best number of threads.
182  TIM+F+R3      7849.738     67  15833.475    15837.275    16222.769
WARNING: Number of threads seems too high for short alignments. Use -T AUTO to determine best number of threads.
191  TIM+F+I+R3    7849.742     68  15835.484    15839.399    16230.588
WARNING: Number of threads seems too high for short alignments. Use -T AUTO to determine best number of threads.
WARNING: Numerical underflow for lh-branch, use `-safe` option to avoid this warning
Pattern 99 likelihood is underflown
Pattern 150 likelihood is underflown
WARNING: Numerical underflow for lh-branch, use `-safe` option to avoid this warning
Pattern 99 likelihood is underflown
Pattern 150 likelihood is underflown
WARNING: Numerical underflow for lh-branch, use `-safe` option to avoid this warning
Pattern 99 likelihood is underflown
Pattern 150 likelihood is underflown
WARNING: Numerical underflow for lh-branch, use `-safe` option to avoid this warning
Pattern 99 likelihood is underflown
Pattern 150 likelihood is underflown
WARNING: Numerical underflow for lh-branch, use `-safe` option to avoid this warning
Pattern 99 likelihood is underflown
Pattern 150 likelihood is underflown
WARNING: Numerical underflow for lh-branch, use `-safe` option to avoid this warning
Pattern 99 likelihood is underflown
Pattern 150 likelihood is underflown
WARNING: Numerical underflow for lh-branch, use `-safe` option to avoid this warning
Pattern 99 likelihood is underflown
Pattern 150 likelihood is underflown
WARNING: Numerical underflow for lh-branch, use `-safe` option to avoid this warning
Pattern 99 likelihood is underflown
Pattern 150 likelihood is underflown
WARNING: Numerical underflow for lh-branch, use `-safe` option to avoid this warning
Pattern 99 likelihood is underflown
Pattern 150 likelihood is underflown
204  TIMe+R3       7890.009     64  15908.018    15911.483    16279.880
WARNING: Number of threads seems too high for short alignments. Use -T AUTO to determine best number of threads.
213  TIMe+I+R3     7890.018     65  15910.036    15913.611    16287.709
WARNING: Number of threads seems too high for short alignments. Use -T AUTO to determine best number of threads.
WARNING: Numerical underflow for lh-branch, use `-safe` option to avoid this warning
Pattern 283 likelihood is underflown
WARNING: Numerical underflow for lh-branch, use `-safe` option to avoid this warning
Pattern 283 likelihood is underflown
WARNING: Numerical underflow for lh-branch, use `-safe` option to avoid this warning
Pattern 283 likelihood is underflown
WARNING: Numerical underflow for lh-branch, use `-safe` option to avoid this warning
Pattern 283 likelihood is underflown
WARNING: Numerical underflow for lh-branch, use `-safe` option to avoid this warning
Pattern 283 likelihood is underflown
WARNING: Numerical underflow for lh-branch, use `-safe` option to avoid this warning
Pattern 283 likelihood is underflown
WARNING: Numerical underflow for lh-branch, use `-safe` option to avoid this warning
Pattern 283 likelihood is underflown
WARNING: Numerical underflow for lh-branch, use `-safe` option to avoid this warning
Pattern 283 likelihood is underflown
WARNING: Numerical underflow for lh-branch, use `-safe` option to avoid this warning
Pattern 283 likelihood is underflown
WARNING: Numerical underflow for lh-branch, use `-safe` option to avoid this warning
Pattern 146 likelihood is underflown
Pattern 265 likelihood is underflown
Pattern 283 likelihood is underflown
WARNING: Numerical underflow for lh-branch, use `-safe` option to avoid this warning
Pattern 146 likelihood is underflown
Pattern 265 likelihood is underflown
Pattern 283 likelihood is underflown
WARNING: Numerical underflow for lh-branch, use `-safe` option to avoid this warning
Pattern 146 likelihood is underflown
Pattern 265 likelihood is underflown
Pattern 283 likelihood is underflown
WARNING: Numerical underflow for lh-branch, use `-safe` option to avoid this warning
Pattern 146 likelihood is underflown
Pattern 265 likelihood is underflown
Pattern 283 likelihood is underflown
WARNING: Numerical underflow for lh-branch, use `-safe` option to avoid this warning
Pattern 146 likelihood is underflown
Pattern 265 likelihood is underflown
Pattern 283 likelihood is underflown
WARNING: Numerical underflow for lh-branch, use `-safe` option to avoid this warning
Pattern 146 likelihood is underflown
Pattern 265 likelihood is underflown
Pattern 283 likelihood is underflown
WARNING: Numerical underflow for lh-branch, use `-safe` option to avoid this warning
Pattern 146 likelihood is underflown
Pattern 265 likelihood is underflown
Pattern 283 likelihood is underflown
WARNING: Numerical underflow for lh-branch, use `-safe` option to avoid this warning
Pattern 146 likelihood is underflown
Pattern 265 likelihood is underflown
Pattern 283 likelihood is underflown
WARNING: Numerical underflow for lh-branch, use `-safe` option to avoid this warning
Pattern 146 likelihood is underflown
Pattern 265 likelihood is underflown
Pattern 283 likelihood is underflown
226  TPM3u+F+R3    7873.332     66  15878.664    15882.351    16262.148
WARNING: Number of threads seems too high for short alignments. Use -T AUTO to determine best number of threads.
WARNING: Numerical underflow for lh-branch, use `-safe` option to avoid this warning
Pattern 22 likelihood is underflown
Pattern 283 likelihood is underflown
WARNING: Numerical underflow for lh-branch, use `-safe` option to avoid this warning
Pattern 22 likelihood is underflown
Pattern 283 likelihood is underflown
WARNING: Numerical underflow for lh-branch, use `-safe` option to avoid this warning
Pattern 22 likelihood is underflown
Pattern 283 likelihood is underflown
WARNING: Numerical underflow for lh-branch, use `-safe` option to avoid this warning
Pattern 22 likelihood is underflown
Pattern 283 likelihood is underflown
WARNING: Numerical underflow for lh-branch, use `-safe` option to avoid this warning
Pattern 22 likelihood is underflown
Pattern 283 likelihood is underflown
WARNING: Numerical underflow for lh-branch, use `-safe` option to avoid this warning
Pattern 22 likelihood is underflown
Pattern 283 likelihood is underflown
WARNING: Numerical underflow for lh-branch, use `-safe` option to avoid this warning
Pattern 22 likelihood is underflown
Pattern 283 likelihood is underflown
WARNING: Numerical underflow for lh-branch, use `-safe` option to avoid this warning
Pattern 22 likelihood is underflown
Pattern 283 likelihood is underflown
WARNING: Numerical underflow for lh-branch, use `-safe` option to avoid this warning
Pattern 22 likelihood is underflown
Pattern 283 likelihood is underflown
235  TPM3u+F+I+R3  7873.332     67  15880.664    15884.464    16269.958
WARNING: Number of threads seems too high for short alignments. Use -T AUTO to determine best number of threads.
WARNING: Numerical underflow for lh-branch, use `-safe` option to avoid this warning
Pattern 265 likelihood is underflown
WARNING: Numerical underflow for lh-branch, use `-safe` option to avoid this warning
Pattern 265 likelihood is underflown
WARNING: Numerical underflow for lh-branch, use `-safe` option to avoid this warning
Pattern 265 likelihood is underflown
WARNING: Numerical underflow for lh-branch, use `-safe` option to avoid this warning
Pattern 265 likelihood is underflown
WARNING: Numerical underflow for lh-branch, use `-safe` option to avoid this warning
Pattern 265 likelihood is underflown
WARNING: Numerical underflow for lh-branch, use `-safe` option to avoid this warning
Pattern 265 likelihood is underflown
WARNING: Numerical underflow for lh-branch, use `-safe` option to avoid this warning
Pattern 265 likelihood is underflown
WARNING: Numerical underflow for lh-branch, use `-safe` option to avoid this warning
Pattern 265 likelihood is underflown
WARNING: Numerical underflow for lh-branch, use `-safe` option to avoid this warning
Pattern 265 likelihood is underflown
248  TPM3+R3       7906.565     63  15939.130    15942.488    16305.183
WARNING: Number of threads seems too high for short alignments. Use -T AUTO to determine best number of threads.
257  TPM3+I+R3     7906.613     64  15941.226    15944.691    16313.089
WARNING: Number of threads seems too high for short alignments. Use -T AUTO to determine best number of threads.
270  TPM2u+F+R3    7873.285     66  15878.570    15882.257    16262.053
WARNING: Number of threads seems too high for short alignments. Use -T AUTO to determine best number of threads.
WARNING: Numerical underflow for lh-branch, use `-safe` option to avoid this warning
Pattern 146 likelihood is underflown
Pattern 211 likelihood is underflown
Pattern 283 likelihood is underflown
WARNING: Numerical underflow for lh-branch, use `-safe` option to avoid this warning
Pattern 146 likelihood is underflown
Pattern 211 likelihood is underflown
Pattern 283 likelihood is underflown
WARNING: Numerical underflow for lh-branch, use `-safe` option to avoid this warning
Pattern 146 likelihood is underflown
Pattern 211 likelihood is underflown
Pattern 283 likelihood is underflown
WARNING: Numerical underflow for lh-branch, use `-safe` option to avoid this warning
Pattern 146 likelihood is underflown
Pattern 211 likelihood is underflown
Pattern 283 likelihood is underflown
WARNING: Numerical underflow for lh-branch, use `-safe` option to avoid this warning
Pattern 146 likelihood is underflown
Pattern 211 likelihood is underflown
Pattern 283 likelihood is underflown
WARNING: Numerical underflow for lh-branch, use `-safe` option to avoid this warning
Pattern 146 likelihood is underflown
Pattern 211 likelihood is underflown
Pattern 283 likelihood is underflown
WARNING: Numerical underflow for lh-branch, use `-safe` option to avoid this warning
Pattern 146 likelihood is underflown
Pattern 211 likelihood is underflown
Pattern 283 likelihood is underflown
WARNING: Numerical underflow for lh-branch, use `-safe` option to avoid this warning
Pattern 146 likelihood is underflown
Pattern 211 likelihood is underflown
Pattern 283 likelihood is underflown
WARNING: Numerical underflow for lh-branch, use `-safe` option to avoid this warning
Pattern 146 likelihood is underflown
Pattern 211 likelihood is underflown
Pattern 283 likelihood is underflown
279  TPM2u+F+I+R3  7873.282     67  15880.565    15884.365    16269.858
WARNING: Number of threads seems too high for short alignments. Use -T AUTO to determine best number of threads.
292  TPM2+R3       7906.923     63  15939.846    15943.203    16305.898
WARNING: Number of threads seems too high for short alignments. Use -T AUTO to determine best number of threads.
301  TPM2+I+R3     7906.946     64  15941.892    15945.357    16313.754
WARNING: Number of threads seems too high for short alignments. Use -T AUTO to determine best number of threads.
WARNING: Numerical underflow for lh-branch, use `-safe` option to avoid this warning
Pattern 265 likelihood is underflown
Pattern 283 likelihood is underflown
WARNING: Numerical underflow for lh-branch, use `-safe` option to avoid this warning
Pattern 265 likelihood is underflown
Pattern 283 likelihood is underflown
WARNING: Numerical underflow for lh-branch, use `-safe` option to avoid this warning
Pattern 265 likelihood is underflown
Pattern 283 likelihood is underflown
WARNING: Numerical underflow for lh-branch, use `-safe` option to avoid this warning
Pattern 265 likelihood is underflown
Pattern 283 likelihood is underflown
WARNING: Numerical underflow for lh-branch, use `-safe` option to avoid this warning
Pattern 265 likelihood is underflown
Pattern 283 likelihood is underflown
WARNING: Numerical underflow for lh-branch, use `-safe` option to avoid this warning
Pattern 265 likelihood is underflown
Pattern 283 likelihood is underflown
WARNING: Numerical underflow for lh-branch, use `-safe` option to avoid this warning
Pattern 265 likelihood is underflown
Pattern 283 likelihood is underflown
WARNING: Numerical underflow for lh-branch, use `-safe` option to avoid this warning
Pattern 265 likelihood is underflown
Pattern 283 likelihood is underflown
WARNING: Numerical underflow for lh-branch, use `-safe` option to avoid this warning
Pattern 265 likelihood is underflown
Pattern 283 likelihood is underflown
314  K3Pu+F+R3     7869.765     66  15871.530    15875.216    16255.013
WARNING: Number of threads seems too high for short alignments. Use -T AUTO to determine best number of threads.
323  K3Pu+F+I+R3   7869.767     67  15873.534    15877.333    16262.827
WARNING: Number of threads seems too high for short alignments. Use -T AUTO to determine best number of threads.
WARNING: Numerical underflow for lh-branch, use `-safe` option to avoid this warning
Pattern 8 likelihood is underflown
Pattern 10 likelihood is underflown
Pattern 12 likelihood is underflown
Pattern 22 likelihood is underflown
Pattern 50 likelihood is underflown
Pattern 57 likelihood is underflown
Pattern 74 likelihood is underflown
Pattern 83 likelihood is underflown
Pattern 110 likelihood is underflown
Pattern 111 likelihood is underflown
Pattern 150 likelihood is underflown
Pattern 153 likelihood is underflown
Pattern 155 likelihood is underflown
Pattern 188 likelihood is underflown
Pattern 210 likelihood is underflown
Pattern 228 likelihood is underflown
Pattern 230 likelihood is underflown
Pattern 239 likelihood is underflown
Pattern 242 likelihood is underflown
Pattern 256 likelihood is underflown
Pattern 299 likelihood is underflown
Pattern 308 likelihood is underflown
Pattern 314 likelihood is underflown
Pattern 328 likelihood is underflown
WARNING: Numerical underflow for lh-branch, use `-safe` option to avoid this warning
Pattern 8 likelihood is underflown
Pattern 10 likelihood is underflown
Pattern 12 likelihood is underflown
Pattern 22 likelihood is underflown
Pattern 50 likelihood is underflown
Pattern 57 likelihood is underflown
Pattern 74 likelihood is underflown
Pattern 83 likelihood is underflown
Pattern 110 likelihood is underflown
Pattern 111 likelihood is underflown
Pattern 150 likelihood is underflown
Pattern 153 likelihood is underflown
Pattern 155 likelihood is underflown
Pattern 188 likelihood is underflown
Pattern 210 likelihood is underflown
Pattern 228 likelihood is underflown
Pattern 230 likelihood is underflown
Pattern 239 likelihood is underflown
Pattern 242 likelihood is underflown
Pattern 256 likelihood is underflown
Pattern 299 likelihood is underflown
Pattern 308 likelihood is underflown
Pattern 314 likelihood is underflown
Pattern 328 likelihood is underflown
WARNING: Numerical underflow for lh-branch, use `-safe` option to avoid this warning
Pattern 8 likelihood is underflown
Pattern 10 likelihood is underflown
Pattern 12 likelihood is underflown
Pattern 22 likelihood is underflown
Pattern 50 likelihood is underflown
Pattern 57 likelihood is underflown
Pattern 74 likelihood is underflown
Pattern 83 likelihood is underflown
Pattern 110 likelihood is underflown
Pattern 111 likelihood is underflown
Pattern 150 likelihood is underflown
Pattern 153 likelihood is underflown
Pattern 155 likelihood is underflown
Pattern 188 likelihood is underflown
Pattern 210 likelihood is underflown
Pattern 228 likelihood is underflown
Pattern 230 likelihood is underflown
Pattern 239 likelihood is underflown
Pattern 242 likelihood is underflown
Pattern 256 likelihood is underflown
Pattern 299 likelihood is underflown
Pattern 308 likelihood is underflown
Pattern 314 likelihood is underflown
Pattern 328 likelihood is underflown
WARNING: Numerical underflow for lh-branch, use `-safe` option to avoid this warning
Pattern 8 likelihood is underflown
Pattern 10 likelihood is underflown
Pattern 12 likelihood is underflown
Pattern 22 likelihood is underflown
Pattern 50 likelihood is underflown
Pattern 57 likelihood is underflown
Pattern 74 likelihood is underflown
Pattern 83 likelihood is underflown
Pattern 110 likelihood is underflown
Pattern 111 likelihood is underflown
Pattern 150 likelihood is underflown
Pattern 153 likelihood is underflown
Pattern 155 likelihood is underflown
Pattern 188 likelihood is underflown
Pattern 210 likelihood is underflown
Pattern 228 likelihood is underflown
Pattern 230 likelihood is underflown
Pattern 239 likelihood is underflown
Pattern 242 likelihood is underflown
Pattern 256 likelihood is underflown
Pattern 299 likelihood is underflown
Pattern 308 likelihood is underflown
Pattern 314 likelihood is underflown
Pattern 328 likelihood is underflown
WARNING: Numerical underflow for lh-branch, use `-safe` option to avoid this warning
Pattern 8 likelihood is underflown
Pattern 10 likelihood is underflown
Pattern 12 likelihood is underflown
Pattern 22 likelihood is underflown
Pattern 50 likelihood is underflown
Pattern 57 likelihood is underflown
Pattern 74 likelihood is underflown
Pattern 83 likelihood is underflown
Pattern 110 likelihood is underflown
Pattern 111 likelihood is underflown
Pattern 150 likelihood is underflown
Pattern 153 likelihood is underflown
Pattern 155 likelihood is underflown
Pattern 188 likelihood is underflown
Pattern 210 likelihood is underflown
Pattern 228 likelihood is underflown
Pattern 230 likelihood is underflown
Pattern 239 likelihood is underflown
Pattern 242 likelihood is underflown
Pattern 256 likelihood is underflown
Pattern 299 likelihood is underflown
Pattern 308 likelihood is underflown
Pattern 314 likelihood is underflown
Pattern 328 likelihood is underflown
WARNING: Numerical underflow for lh-branch, use `-safe` option to avoid this warning
Pattern 8 likelihood is underflown
Pattern 10 likelihood is underflown
Pattern 12 likelihood is underflown
Pattern 22 likelihood is underflown
Pattern 50 likelihood is underflown
Pattern 57 likelihood is underflown
Pattern 74 likelihood is underflown
Pattern 83 likelihood is underflown
Pattern 110 likelihood is underflown
Pattern 111 likelihood is underflown
Pattern 150 likelihood is underflown
Pattern 153 likelihood is underflown
Pattern 155 likelihood is underflown
Pattern 188 likelihood is underflown
Pattern 210 likelihood is underflown
Pattern 228 likelihood is underflown
Pattern 230 likelihood is underflown
Pattern 239 likelihood is underflown
Pattern 242 likelihood is underflown
Pattern 256 likelihood is underflown
Pattern 299 likelihood is underflown
Pattern 308 likelihood is underflown
Pattern 314 likelihood is underflown
Pattern 328 likelihood is underflown
WARNING: Numerical underflow for lh-branch, use `-safe` option to avoid this warning
Pattern 8 likelihood is underflown
Pattern 10 likelihood is underflown
Pattern 12 likelihood is underflown
Pattern 22 likelihood is underflown
Pattern 50 likelihood is underflown
Pattern 57 likelihood is underflown
Pattern 74 likelihood is underflown
Pattern 83 likelihood is underflown
Pattern 110 likelihood is underflown
Pattern 111 likelihood is underflown
Pattern 150 likelihood is underflown
Pattern 153 likelihood is underflown
Pattern 155 likelihood is underflown
Pattern 188 likelihood is underflown
Pattern 210 likelihood is underflown
Pattern 228 likelihood is underflown
Pattern 230 likelihood is underflown
Pattern 239 likelihood is underflown
Pattern 242 likelihood is underflown
Pattern 256 likelihood is underflown
Pattern 299 likelihood is underflown
Pattern 308 likelihood is underflown
Pattern 314 likelihood is underflown
Pattern 328 likelihood is underflown
WARNING: Numerical underflow for lh-branch, use `-safe` option to avoid this warning
Pattern 8 likelihood is underflown
Pattern 10 likelihood is underflown
Pattern 12 likelihood is underflown
Pattern 22 likelihood is underflown
Pattern 50 likelihood is underflown
Pattern 57 likelihood is underflown
Pattern 74 likelihood is underflown
Pattern 83 likelihood is underflown
Pattern 110 likelihood is underflown
Pattern 111 likelihood is underflown
Pattern 150 likelihood is underflown
Pattern 153 likelihood is underflown
Pattern 155 likelihood is underflown
Pattern 188 likelihood is underflown
Pattern 210 likelihood is underflown
Pattern 228 likelihood is underflown
Pattern 230 likelihood is underflown
Pattern 239 likelihood is underflown
Pattern 242 likelihood is underflown
Pattern 256 likelihood is underflown
Pattern 299 likelihood is underflown
Pattern 308 likelihood is underflown
Pattern 314 likelihood is underflown
Pattern 328 likelihood is underflown
WARNING: Numerical underflow for lh-branch, use `-safe` option to avoid this warning
Pattern 8 likelihood is underflown
Pattern 10 likelihood is underflown
Pattern 12 likelihood is underflown
Pattern 22 likelihood is underflown
Pattern 50 likelihood is underflown
Pattern 57 likelihood is underflown
Pattern 74 likelihood is underflown
Pattern 83 likelihood is underflown
Pattern 110 likelihood is underflown
Pattern 111 likelihood is underflown
Pattern 150 likelihood is underflown
Pattern 153 likelihood is underflown
Pattern 155 likelihood is underflown
Pattern 188 likelihood is underflown
Pattern 210 likelihood is underflown
Pattern 228 likelihood is underflown
Pattern 230 likelihood is underflown
Pattern 239 likelihood is underflown
Pattern 242 likelihood is underflown
Pattern 256 likelihood is underflown
Pattern 299 likelihood is underflown
Pattern 308 likelihood is underflown
Pattern 314 likelihood is underflown
Pattern 328 likelihood is underflown
WARNING: Numerical underflow for lh-branch, use `-safe` option to avoid this warning
Pattern 283 likelihood is underflown
WARNING: Numerical underflow for lh-branch, use `-safe` option to avoid this warning
Pattern 283 likelihood is underflown
WARNING: Numerical underflow for lh-branch, use `-safe` option to avoid this warning
Pattern 283 likelihood is underflown
336  K3P+R3        7905.018     63  15936.036    15939.393    16302.088
WARNING: Number of threads seems too high for short alignments. Use -T AUTO to determine best number of threads.
345  K3P+I+R3      7905.039     64  15938.077    15941.542    16309.940
WARNING: Number of threads seems too high for short alignments. Use -T AUTO to determine best number of threads.
358  TN+F+R3       7853.381     66  15838.761    15842.448    16222.244
WARNING: Number of threads seems too high for short alignments. Use -T AUTO to determine best number of threads.
WARNING: Numerical underflow for lh-branch, use `-safe` option to avoid this warning
Pattern 143 likelihood is underflown
Pattern 211 likelihood is underflown
Pattern 287 likelihood is underflown
WARNING: Numerical underflow for lh-branch, use `-safe` option to avoid this warning
Pattern 143 likelihood is underflown
Pattern 211 likelihood is underflown
Pattern 287 likelihood is underflown
WARNING: Numerical underflow for lh-branch, use `-safe` option to avoid this warning
Pattern 143 likelihood is underflown
Pattern 211 likelihood is underflown
Pattern 287 likelihood is underflown
WARNING: Numerical underflow for lh-branch, use `-safe` option to avoid this warning
Pattern 143 likelihood is underflown
Pattern 211 likelihood is underflown
Pattern 287 likelihood is underflown
WARNING: Numerical underflow for lh-branch, use `-safe` option to avoid this warning
Pattern 143 likelihood is underflown
Pattern 211 likelihood is underflown
Pattern 287 likelihood is underflown
WARNING: Numerical underflow for lh-branch, use `-safe` option to avoid this warning
Pattern 143 likelihood is underflown
Pattern 211 likelihood is underflown
Pattern 287 likelihood is underflown
WARNING: Numerical underflow for lh-branch, use `-safe` option to avoid this warning
Pattern 143 likelihood is underflown
Pattern 211 likelihood is underflown
Pattern 287 likelihood is underflown
WARNING: Numerical underflow for lh-branch, use `-safe` option to avoid this warning
Pattern 143 likelihood is underflown
Pattern 211 likelihood is underflown
Pattern 287 likelihood is underflown
WARNING: Numerical underflow for lh-branch, use `-safe` option to avoid this warning
Pattern 143 likelihood is underflown
Pattern 211 likelihood is underflown
Pattern 287 likelihood is underflown
WARNING: Numerical underflow for lh-branch, use `-safe` option to avoid this warning
Pattern 287 likelihood is underflown
WARNING: Numerical underflow for lh-branch, use `-safe` option to avoid this warning
Pattern 287 likelihood is underflown
WARNING: Numerical underflow for lh-branch, use `-safe` option to avoid this warning
Pattern 287 likelihood is underflown
WARNING: Numerical underflow for lh-branch, use `-safe` option to avoid this warning
Pattern 287 likelihood is underflown
WARNING: Numerical underflow for lh-branch, use `-safe` option to avoid this warning
Pattern 287 likelihood is underflown
WARNING: Numerical underflow for lh-branch, use `-safe` option to avoid this warning
Pattern 287 likelihood is underflown
WARNING: Numerical underflow for lh-branch, use `-safe` option to avoid this warning
Pattern 287 likelihood is underflown
WARNING: Numerical underflow for lh-branch, use `-safe` option to avoid this warning
Pattern 287 likelihood is underflown
WARNING: Numerical underflow for lh-branch, use `-safe` option to avoid this warning
Pattern 287 likelihood is underflown
367  TN+F+I+R3     7853.397     67  15840.795    15844.595    16230.089
WARNING: Number of threads seems too high for short alignments. Use -T AUTO to determine best number of threads.
380  TNe+R3        7892.843     63  15911.687    15915.044    16277.739
WARNING: Number of threads seems too high for short alignments. Use -T AUTO to determine best number of threads.
389  TNe+I+R3      7892.848     64  15913.696    15917.162    16285.559
WARNING: Number of threads seems too high for short alignments. Use -T AUTO to determine best number of threads.
WARNING: Numerical underflow for lh-branch, use `-safe` option to avoid this warning
Pattern 101 likelihood is underflown
Pattern 119 likelihood is underflown
Pattern 140 likelihood is underflown
Pattern 265 likelihood is underflown
Pattern 283 likelihood is underflown
Pattern 286 likelihood is underflown
WARNING: Numerical underflow for lh-branch, use `-safe` option to avoid this warning
Pattern 101 likelihood is underflown
Pattern 119 likelihood is underflown
Pattern 140 likelihood is underflown
Pattern 265 likelihood is underflown
Pattern 283 likelihood is underflown
Pattern 286 likelihood is underflown
WARNING: Numerical underflow for lh-branch, use `-safe` option to avoid this warning
Pattern 101 likelihood is underflown
Pattern 119 likelihood is underflown
Pattern 140 likelihood is underflown
Pattern 265 likelihood is underflown
Pattern 283 likelihood is underflown
Pattern 286 likelihood is underflown
WARNING: Numerical underflow for lh-branch, use `-safe` option to avoid this warning
Pattern 101 likelihood is underflown
Pattern 119 likelihood is underflown
Pattern 140 likelihood is underflown
Pattern 265 likelihood is underflown
Pattern 283 likelihood is underflown
Pattern 286 likelihood is underflown
WARNING: Numerical underflow for lh-branch, use `-safe` option to avoid this warning
Pattern 101 likelihood is underflown
Pattern 119 likelihood is underflown
Pattern 140 likelihood is underflown
Pattern 265 likelihood is underflown
Pattern 283 likelihood is underflown
Pattern 286 likelihood is underflown
WARNING: Numerical underflow for lh-branch, use `-safe` option to avoid this warning
Pattern 101 likelihood is underflown
Pattern 119 likelihood is underflown
Pattern 140 likelihood is underflown
Pattern 265 likelihood is underflown
Pattern 283 likelihood is underflown
Pattern 286 likelihood is underflown
WARNING: Numerical underflow for lh-branch, use `-safe` option to avoid this warning
Pattern 101 likelihood is underflown
Pattern 119 likelihood is underflown
Pattern 140 likelihood is underflown
Pattern 265 likelihood is underflown
Pattern 283 likelihood is underflown
Pattern 286 likelihood is underflown
WARNING: Numerical underflow for lh-branch, use `-safe` option to avoid this warning
Pattern 101 likelihood is underflown
Pattern 119 likelihood is underflown
Pattern 140 likelihood is underflown
Pattern 265 likelihood is underflown
Pattern 283 likelihood is underflown
Pattern 286 likelihood is underflown
WARNING: Numerical underflow for lh-branch, use `-safe` option to avoid this warning
Pattern 101 likelihood is underflown
Pattern 119 likelihood is underflown
Pattern 140 likelihood is underflown
Pattern 265 likelihood is underflown
Pattern 283 likelihood is underflown
Pattern 286 likelihood is underflown
402  HKY+F+R3      7873.349     65  15876.699    15880.274    16254.372
WARNING: Number of threads seems too high for short alignments. Use -T AUTO to determine best number of threads.
WARNING: Numerical underflow for lh-branch, use `-safe` option to avoid this warning
Pattern 287 likelihood is underflown
Pattern 321 likelihood is underflown
WARNING: Numerical underflow for lh-branch, use `-safe` option to avoid this warning
Pattern 287 likelihood is underflown
Pattern 321 likelihood is underflown
WARNING: Numerical underflow for lh-branch, use `-safe` option to avoid this warning
Pattern 287 likelihood is underflown
Pattern 321 likelihood is underflown
WARNING: Numerical underflow for lh-branch, use `-safe` option to avoid this warning
Pattern 287 likelihood is underflown
Pattern 321 likelihood is underflown
WARNING: Numerical underflow for lh-branch, use `-safe` option to avoid this warning
Pattern 287 likelihood is underflown
Pattern 321 likelihood is underflown
WARNING: Numerical underflow for lh-branch, use `-safe` option to avoid this warning
Pattern 287 likelihood is underflown
Pattern 321 likelihood is underflown
WARNING: Numerical underflow for lh-branch, use `-safe` option to avoid this warning
Pattern 287 likelihood is underflown
Pattern 321 likelihood is underflown
WARNING: Numerical underflow for lh-branch, use `-safe` option to avoid this warning
Pattern 287 likelihood is underflown
Pattern 321 likelihood is underflown
WARNING: Numerical underflow for lh-branch, use `-safe` option to avoid this warning
Pattern 287 likelihood is underflown
Pattern 321 likelihood is underflown
WARNING: Numerical underflow for lh-branch, use `-safe` option to avoid this warning
Pattern 211 likelihood is underflown
Pattern 265 likelihood is underflown
Pattern 287 likelihood is underflown
WARNING: Numerical underflow for lh-branch, use `-safe` option to avoid this warning
Pattern 211 likelihood is underflown
Pattern 265 likelihood is underflown
Pattern 287 likelihood is underflown
WARNING: Numerical underflow for lh-branch, use `-safe` option to avoid this warning
Pattern 211 likelihood is underflown
Pattern 265 likelihood is underflown
Pattern 287 likelihood is underflown
WARNING: Numerical underflow for lh-branch, use `-safe` option to avoid this warning
Pattern 211 likelihood is underflown
Pattern 265 likelihood is underflown
Pattern 287 likelihood is underflown
WARNING: Numerical underflow for lh-branch, use `-safe` option to avoid this warning
Pattern 211 likelihood is underflown
Pattern 265 likelihood is underflown
Pattern 287 likelihood is underflown
WARNING: Numerical underflow for lh-branch, use `-safe` option to avoid this warning
Pattern 211 likelihood is underflown
Pattern 265 likelihood is underflown
Pattern 287 likelihood is underflown
WARNING: Numerical underflow for lh-branch, use `-safe` option to avoid this warning
Pattern 211 likelihood is underflown
Pattern 265 likelihood is underflown
Pattern 287 likelihood is underflown
WARNING: Numerical underflow for lh-branch, use `-safe` option to avoid this warning
Pattern 211 likelihood is underflown
Pattern 265 likelihood is underflown
Pattern 287 likelihood is underflown
WARNING: Numerical underflow for lh-branch, use `-safe` option to avoid this warning
Pattern 211 likelihood is underflown
Pattern 265 likelihood is underflown
Pattern 287 likelihood is underflown
411  HKY+F+I+R3    7873.349     66  15878.699    15882.385    16262.182
WARNING: Number of threads seems too high for short alignments. Use -T AUTO to determine best number of threads.
424  K2P+R3        7907.930     62  15939.860    15943.111    16300.102
WARNING: Number of threads seems too high for short alignments. Use -T AUTO to determine best number of threads.
WARNING: Numerical underflow for lh-branch, use `-safe` option to avoid this warning
Pattern 211 likelihood is underflown
Pattern 287 likelihood is underflown
WARNING: Numerical underflow for lh-branch, use `-safe` option to avoid this warning
Pattern 211 likelihood is underflown
Pattern 287 likelihood is underflown
WARNING: Numerical underflow for lh-branch, use `-safe` option to avoid this warning
Pattern 211 likelihood is underflown
Pattern 287 likelihood is underflown
WARNING: Numerical underflow for lh-branch, use `-safe` option to avoid this warning
Pattern 211 likelihood is underflown
Pattern 287 likelihood is underflown
WARNING: Numerical underflow for lh-branch, use `-safe` option to avoid this warning
Pattern 211 likelihood is underflown
Pattern 287 likelihood is underflown
WARNING: Numerical underflow for lh-branch, use `-safe` option to avoid this warning
Pattern 211 likelihood is underflown
Pattern 287 likelihood is underflown
WARNING: Numerical underflow for lh-branch, use `-safe` option to avoid this warning
Pattern 211 likelihood is underflown
Pattern 287 likelihood is underflown
WARNING: Numerical underflow for lh-branch, use `-safe` option to avoid this warning
Pattern 211 likelihood is underflown
Pattern 287 likelihood is underflown
WARNING: Numerical underflow for lh-branch, use `-safe` option to avoid this warning
Pattern 211 likelihood is underflown
Pattern 287 likelihood is underflown
433  K2P+I+R3      7907.927     63  15941.854    15945.212    16307.907
WARNING: Number of threads seems too high for short alignments. Use -T AUTO to determine best number of threads.
WARNING: Numerical underflow for lh-branch, use `-safe` option to avoid this warning
Pattern 68 likelihood is underflown
Pattern 76 likelihood is underflown
Pattern 87 likelihood is underflown
Pattern 116 likelihood is underflown
Pattern 124 likelihood is underflown
Pattern 134 likelihood is underflown
Pattern 141 likelihood is underflown
Pattern 150 likelihood is underflown
Pattern 184 likelihood is underflown
Pattern 189 likelihood is underflown
Pattern 210 likelihood is underflown
Pattern 248 likelihood is underflown
Pattern 252 likelihood is underflown
Pattern 287 likelihood is underflown
Pattern 318 likelihood is underflown
Pattern 321 likelihood is underflown
WARNING: Numerical underflow for lh-branch, use `-safe` option to avoid this warning
Pattern 68 likelihood is underflown
Pattern 76 likelihood is underflown
Pattern 87 likelihood is underflown
Pattern 116 likelihood is underflown
Pattern 124 likelihood is underflown
Pattern 134 likelihood is underflown
Pattern 141 likelihood is underflown
Pattern 150 likelihood is underflown
Pattern 184 likelihood is underflown
Pattern 189 likelihood is underflown
Pattern 210 likelihood is underflown
Pattern 248 likelihood is underflown
Pattern 252 likelihood is underflown
Pattern 287 likelihood is underflown
Pattern 318 likelihood is underflown
Pattern 321 likelihood is underflown
WARNING: Numerical underflow for lh-branch, use `-safe` option to avoid this warning
Pattern 68 likelihood is underflown
Pattern 76 likelihood is underflown
Pattern 87 likelihood is underflown
Pattern 116 likelihood is underflown
Pattern 124 likelihood is underflown
Pattern 134 likelihood is underflown
Pattern 141 likelihood is underflown
Pattern 150 likelihood is underflown
Pattern 184 likelihood is underflown
Pattern 189 likelihood is underflown
Pattern 210 likelihood is underflown
Pattern 248 likelihood is underflown
Pattern 252 likelihood is underflown
Pattern 287 likelihood is underflown
Pattern 318 likelihood is underflown
Pattern 321 likelihood is underflown
WARNING: Numerical underflow for lh-branch, use `-safe` option to avoid this warning
Pattern 68 likelihood is underflown
Pattern 76 likelihood is underflown
Pattern 87 likelihood is underflown
Pattern 116 likelihood is underflown
Pattern 124 likelihood is underflown
Pattern 134 likelihood is underflown
Pattern 141 likelihood is underflown
Pattern 150 likelihood is underflown
Pattern 184 likelihood is underflown
Pattern 189 likelihood is underflown
Pattern 210 likelihood is underflown
Pattern 248 likelihood is underflown
Pattern 252 likelihood is underflown
Pattern 287 likelihood is underflown
Pattern 318 likelihood is underflown
Pattern 321 likelihood is underflown
WARNING: Numerical underflow for lh-branch, use `-safe` option to avoid this warning
Pattern 68 likelihood is underflown
Pattern 76 likelihood is underflown
Pattern 87 likelihood is underflown
Pattern 116 likelihood is underflown
Pattern 124 likelihood is underflown
Pattern 134 likelihood is underflown
Pattern 141 likelihood is underflown
Pattern 150 likelihood is underflown
Pattern 184 likelihood is underflown
Pattern 189 likelihood is underflown
Pattern 210 likelihood is underflown
Pattern 248 likelihood is underflown
Pattern 252 likelihood is underflown
Pattern 287 likelihood is underflown
Pattern 318 likelihood is underflown
Pattern 321 likelihood is underflown
WARNING: Numerical underflow for lh-branch, use `-safe` option to avoid this warning
Pattern 68 likelihood is underflown
Pattern 76 likelihood is underflown
Pattern 87 likelihood is underflown
Pattern 116 likelihood is underflown
Pattern 124 likelihood is underflown
Pattern 134 likelihood is underflown
Pattern 141 likelihood is underflown
Pattern 150 likelihood is underflown
Pattern 184 likelihood is underflown
Pattern 189 likelihood is underflown
Pattern 210 likelihood is underflown
Pattern 248 likelihood is underflown
Pattern 252 likelihood is underflown
Pattern 287 likelihood is underflown
Pattern 318 likelihood is underflown
Pattern 321 likelihood is underflown
WARNING: Numerical underflow for lh-branch, use `-safe` option to avoid this warning
Pattern 68 likelihood is underflown
Pattern 76 likelihood is underflown
Pattern 87 likelihood is underflown
Pattern 116 likelihood is underflown
Pattern 124 likelihood is underflown
Pattern 134 likelihood is underflown
Pattern 141 likelihood is underflown
Pattern 150 likelihood is underflown
Pattern 184 likelihood is underflown
Pattern 189 likelihood is underflown
Pattern 210 likelihood is underflown
Pattern 248 likelihood is underflown
Pattern 252 likelihood is underflown
Pattern 287 likelihood is underflown
Pattern 318 likelihood is underflown
Pattern 321 likelihood is underflown
WARNING: Numerical underflow for lh-branch, use `-safe` option to avoid this warning
Pattern 68 likelihood is underflown
Pattern 76 likelihood is underflown
Pattern 87 likelihood is underflown
Pattern 116 likelihood is underflown
Pattern 124 likelihood is underflown
Pattern 134 likelihood is underflown
Pattern 141 likelihood is underflown
Pattern 150 likelihood is underflown
Pattern 184 likelihood is underflown
Pattern 189 likelihood is underflown
Pattern 210 likelihood is underflown
Pattern 248 likelihood is underflown
Pattern 252 likelihood is underflown
Pattern 287 likelihood is underflown
Pattern 318 likelihood is underflown
Pattern 321 likelihood is underflown
WARNING: Numerical underflow for lh-branch, use `-safe` option to avoid this warning
Pattern 68 likelihood is underflown
Pattern 76 likelihood is underflown
Pattern 87 likelihood is underflown
Pattern 116 likelihood is underflown
Pattern 124 likelihood is underflown
Pattern 134 likelihood is underflown
Pattern 141 likelihood is underflown
Pattern 150 likelihood is underflown
Pattern 184 likelihood is underflown
Pattern 189 likelihood is underflown
Pattern 210 likelihood is underflown
Pattern 248 likelihood is underflown
Pattern 252 likelihood is underflown
Pattern 287 likelihood is underflown
Pattern 318 likelihood is underflown
Pattern 321 likelihood is underflown
WARNING: Numerical underflow for lh-branch, use `-safe` option to avoid this warning
Pattern 68 likelihood is underflown
Pattern 76 likelihood is underflown
Pattern 87 likelihood is underflown
Pattern 116 likelihood is underflown
Pattern 124 likelihood is underflown
Pattern 134 likelihood is underflown
Pattern 141 likelihood is underflown
Pattern 150 likelihood is underflown
Pattern 184 likelihood is underflown
Pattern 189 likelihood is underflown
Pattern 210 likelihood is underflown
Pattern 248 likelihood is underflown
Pattern 252 likelihood is underflown
Pattern 287 likelihood is underflown
Pattern 318 likelihood is underflown
Pattern 321 likelihood is underflown
WARNING: Numerical underflow for lh-branch, use `-safe` option to avoid this warning
Pattern 68 likelihood is underflown
Pattern 76 likelihood is underflown
Pattern 87 likelihood is underflown
Pattern 116 likelihood is underflown
Pattern 124 likelihood is underflown
Pattern 134 likelihood is underflown
Pattern 141 likelihood is underflown
Pattern 150 likelihood is underflown
Pattern 184 likelihood is underflown
Pattern 189 likelihood is underflown
Pattern 210 likelihood is underflown
Pattern 248 likelihood is underflown
Pattern 252 likelihood is underflown
Pattern 287 likelihood is underflown
Pattern 318 likelihood is underflown
Pattern 321 likelihood is underflown
WARNING: Numerical underflow for lh-branch, use `-safe` option to avoid this warning
Pattern 68 likelihood is underflown
Pattern 76 likelihood is underflown
Pattern 87 likelihood is underflown
Pattern 116 likelihood is underflown
Pattern 124 likelihood is underflown
Pattern 134 likelihood is underflown
Pattern 141 likelihood is underflown
Pattern 150 likelihood is underflown
Pattern 184 likelihood is underflown
Pattern 189 likelihood is underflown
Pattern 210 likelihood is underflown
Pattern 248 likelihood is underflown
Pattern 252 likelihood is underflown
Pattern 287 likelihood is underflown
Pattern 318 likelihood is underflown
Pattern 321 likelihood is underflown
WARNING: Numerical underflow for lh-branch, use `-safe` option to avoid this warning
Pattern 68 likelihood is underflown
Pattern 76 likelihood is underflown
Pattern 87 likelihood is underflown
Pattern 116 likelihood is underflown
Pattern 124 likelihood is underflown
Pattern 134 likelihood is underflown
Pattern 141 likelihood is underflown
Pattern 150 likelihood is underflown
Pattern 184 likelihood is underflown
Pattern 189 likelihood is underflown
Pattern 210 likelihood is underflown
Pattern 248 likelihood is underflown
Pattern 252 likelihood is underflown
Pattern 287 likelihood is underflown
Pattern 318 likelihood is underflown
Pattern 321 likelihood is underflown
WARNING: Numerical underflow for lh-branch, use `-safe` option to avoid this warning
Pattern 68 likelihood is underflown
Pattern 76 likelihood is underflown
Pattern 87 likelihood is underflown
Pattern 116 likelihood is underflown
Pattern 124 likelihood is underflown
Pattern 134 likelihood is underflown
Pattern 141 likelihood is underflown
Pattern 150 likelihood is underflown
Pattern 184 likelihood is underflown
Pattern 189 likelihood is underflown
Pattern 210 likelihood is underflown
Pattern 248 likelihood is underflown
Pattern 252 likelihood is underflown
Pattern 287 likelihood is underflown
Pattern 318 likelihood is underflown
Pattern 321 likelihood is underflown
WARNING: Numerical underflow for lh-branch, use `-safe` option to avoid this warning
Pattern 68 likelihood is underflown
Pattern 76 likelihood is underflown
Pattern 87 likelihood is underflown
Pattern 116 likelihood is underflown
Pattern 124 likelihood is underflown
Pattern 134 likelihood is underflown
Pattern 141 likelihood is underflown
Pattern 150 likelihood is underflown
Pattern 184 likelihood is underflown
Pattern 189 likelihood is underflown
Pattern 210 likelihood is underflown
Pattern 248 likelihood is underflown
Pattern 252 likelihood is underflown
Pattern 287 likelihood is underflown
Pattern 318 likelihood is underflown
Pattern 321 likelihood is underflown
WARNING: Numerical underflow for lh-branch, use `-safe` option to avoid this warning
Pattern 68 likelihood is underflown
Pattern 76 likelihood is underflown
Pattern 87 likelihood is underflown
Pattern 116 likelihood is underflown
Pattern 124 likelihood is underflown
Pattern 134 likelihood is underflown
Pattern 141 likelihood is underflown
Pattern 150 likelihood is underflown
Pattern 184 likelihood is underflown
Pattern 189 likelihood is underflown
Pattern 210 likelihood is underflown
Pattern 248 likelihood is underflown
Pattern 252 likelihood is underflown
Pattern 287 likelihood is underflown
Pattern 318 likelihood is underflown
Pattern 321 likelihood is underflown
WARNING: Numerical underflow for lh-branch, use `-safe` option to avoid this warning
Pattern 68 likelihood is underflown
Pattern 76 likelihood is underflown
Pattern 87 likelihood is underflown
Pattern 116 likelihood is underflown
Pattern 124 likelihood is underflown
Pattern 134 likelihood is underflown
Pattern 141 likelihood is underflown
Pattern 150 likelihood is underflown
Pattern 184 likelihood is underflown
Pattern 189 likelihood is underflown
Pattern 210 likelihood is underflown
Pattern 248 likelihood is underflown
Pattern 252 likelihood is underflown
Pattern 287 likelihood is underflown
Pattern 318 likelihood is underflown
Pattern 321 likelihood is underflown
WARNING: Numerical underflow for lh-branch, use `-safe` option to avoid this warning
Pattern 68 likelihood is underflown
Pattern 76 likelihood is underflown
Pattern 87 likelihood is underflown
Pattern 116 likelihood is underflown
Pattern 124 likelihood is underflown
Pattern 134 likelihood is underflown
Pattern 141 likelihood is underflown
Pattern 150 likelihood is underflown
Pattern 184 likelihood is underflown
Pattern 189 likelihood is underflown
Pattern 210 likelihood is underflown
Pattern 248 likelihood is underflown
Pattern 252 likelihood is underflown
Pattern 287 likelihood is underflown
Pattern 318 likelihood is underflown
Pattern 321 likelihood is underflown
446  F81+F+R3      8301.272     64  16730.544    16734.009    17102.406
WARNING: Number of threads seems too high for short alignments. Use -T AUTO to determine best number of threads.
WARNING: Numerical underflow for lh-branch, use `-safe` option to avoid this warning
Pattern 68 likelihood is underflown
Pattern 76 likelihood is underflown
Pattern 87 likelihood is underflown
Pattern 116 likelihood is underflown
Pattern 124 likelihood is underflown
Pattern 134 likelihood is underflown
Pattern 141 likelihood is underflown
Pattern 150 likelihood is underflown
Pattern 184 likelihood is underflown
Pattern 189 likelihood is underflown
Pattern 210 likelihood is underflown
Pattern 248 likelihood is underflown
Pattern 252 likelihood is underflown
Pattern 287 likelihood is underflown
Pattern 318 likelihood is underflown
Pattern 321 likelihood is underflown
WARNING: Numerical underflow for lh-branch, use `-safe` option to avoid this warning
Pattern 68 likelihood is underflown
Pattern 76 likelihood is underflown
Pattern 87 likelihood is underflown
Pattern 116 likelihood is underflown
Pattern 124 likelihood is underflown
Pattern 134 likelihood is underflown
Pattern 141 likelihood is underflown
Pattern 150 likelihood is underflown
Pattern 184 likelihood is underflown
Pattern 189 likelihood is underflown
Pattern 210 likelihood is underflown
Pattern 248 likelihood is underflown
Pattern 252 likelihood is underflown
Pattern 287 likelihood is underflown
Pattern 318 likelihood is underflown
Pattern 321 likelihood is underflown
WARNING: Numerical underflow for lh-branch, use `-safe` option to avoid this warning
Pattern 68 likelihood is underflown
Pattern 76 likelihood is underflown
Pattern 87 likelihood is underflown
Pattern 116 likelihood is underflown
Pattern 124 likelihood is underflown
Pattern 134 likelihood is underflown
Pattern 141 likelihood is underflown
Pattern 150 likelihood is underflown
Pattern 184 likelihood is underflown
Pattern 189 likelihood is underflown
Pattern 210 likelihood is underflown
Pattern 248 likelihood is underflown
Pattern 252 likelihood is underflown
Pattern 287 likelihood is underflown
Pattern 318 likelihood is underflown
Pattern 321 likelihood is underflown
WARNING: Numerical underflow for lh-branch, use `-safe` option to avoid this warning
Pattern 68 likelihood is underflown
Pattern 76 likelihood is underflown
Pattern 87 likelihood is underflown
Pattern 116 likelihood is underflown
Pattern 124 likelihood is underflown
Pattern 134 likelihood is underflown
Pattern 141 likelihood is underflown
Pattern 150 likelihood is underflown
Pattern 184 likelihood is underflown
Pattern 189 likelihood is underflown
Pattern 210 likelihood is underflown
Pattern 248 likelihood is underflown
Pattern 252 likelihood is underflown
Pattern 287 likelihood is underflown
Pattern 318 likelihood is underflown
Pattern 321 likelihood is underflown
WARNING: Numerical underflow for lh-branch, use `-safe` option to avoid this warning
Pattern 68 likelihood is underflown
Pattern 76 likelihood is underflown
Pattern 87 likelihood is underflown
Pattern 116 likelihood is underflown
Pattern 124 likelihood is underflown
Pattern 134 likelihood is underflown
Pattern 141 likelihood is underflown
Pattern 150 likelihood is underflown
Pattern 184 likelihood is underflown
Pattern 189 likelihood is underflown
Pattern 210 likelihood is underflown
Pattern 248 likelihood is underflown
Pattern 252 likelihood is underflown
Pattern 287 likelihood is underflown
Pattern 318 likelihood is underflown
Pattern 321 likelihood is underflown
WARNING: Numerical underflow for lh-branch, use `-safe` option to avoid this warning
Pattern 68 likelihood is underflown
Pattern 76 likelihood is underflown
Pattern 87 likelihood is underflown
Pattern 116 likelihood is underflown
Pattern 124 likelihood is underflown
Pattern 134 likelihood is underflown
Pattern 141 likelihood is underflown
Pattern 150 likelihood is underflown
Pattern 184 likelihood is underflown
Pattern 189 likelihood is underflown
Pattern 210 likelihood is underflown
Pattern 248 likelihood is underflown
Pattern 252 likelihood is underflown
Pattern 287 likelihood is underflown
Pattern 318 likelihood is underflown
Pattern 321 likelihood is underflown
WARNING: Numerical underflow for lh-branch, use `-safe` option to avoid this warning
Pattern 68 likelihood is underflown
Pattern 76 likelihood is underflown
Pattern 87 likelihood is underflown
Pattern 116 likelihood is underflown
Pattern 124 likelihood is underflown
Pattern 134 likelihood is underflown
Pattern 141 likelihood is underflown
Pattern 150 likelihood is underflown
Pattern 184 likelihood is underflown
Pattern 189 likelihood is underflown
Pattern 210 likelihood is underflown
Pattern 248 likelihood is underflown
Pattern 252 likelihood is underflown
Pattern 287 likelihood is underflown
Pattern 318 likelihood is underflown
Pattern 321 likelihood is underflown
WARNING: Numerical underflow for lh-branch, use `-safe` option to avoid this warning
Pattern 68 likelihood is underflown
Pattern 76 likelihood is underflown
Pattern 87 likelihood is underflown
Pattern 116 likelihood is underflown
Pattern 124 likelihood is underflown
Pattern 134 likelihood is underflown
Pattern 141 likelihood is underflown
Pattern 150 likelihood is underflown
Pattern 184 likelihood is underflown
Pattern 189 likelihood is underflown
Pattern 210 likelihood is underflown
Pattern 248 likelihood is underflown
Pattern 252 likelihood is underflown
Pattern 287 likelihood is underflown
Pattern 318 likelihood is underflown
Pattern 321 likelihood is underflown
WARNING: Numerical underflow for lh-branch, use `-safe` option to avoid this warning
Pattern 68 likelihood is underflown
Pattern 76 likelihood is underflown
Pattern 87 likelihood is underflown
Pattern 116 likelihood is underflown
Pattern 124 likelihood is underflown
Pattern 134 likelihood is underflown
Pattern 141 likelihood is underflown
Pattern 150 likelihood is underflown
Pattern 184 likelihood is underflown
Pattern 189 likelihood is underflown
Pattern 210 likelihood is underflown
Pattern 248 likelihood is underflown
Pattern 252 likelihood is underflown
Pattern 287 likelihood is underflown
Pattern 318 likelihood is underflown
Pattern 321 likelihood is underflown
WARNING: Numerical underflow for lh-branch, use `-safe` option to avoid this warning
Pattern 68 likelihood is underflown
Pattern 76 likelihood is underflown
Pattern 87 likelihood is underflown
Pattern 116 likelihood is underflown
Pattern 124 likelihood is underflown
Pattern 134 likelihood is underflown
Pattern 141 likelihood is underflown
Pattern 150 likelihood is underflown
Pattern 184 likelihood is underflown
Pattern 189 likelihood is underflown
Pattern 210 likelihood is underflown
Pattern 248 likelihood is underflown
Pattern 252 likelihood is underflown
Pattern 287 likelihood is underflown
Pattern 318 likelihood is underflown
Pattern 321 likelihood is underflown
WARNING: Numerical underflow for lh-branch, use `-safe` option to avoid this warning
Pattern 68 likelihood is underflown
Pattern 76 likelihood is underflown
Pattern 87 likelihood is underflown
Pattern 116 likelihood is underflown
Pattern 124 likelihood is underflown
Pattern 134 likelihood is underflown
Pattern 141 likelihood is underflown
Pattern 150 likelihood is underflown
Pattern 184 likelihood is underflown
Pattern 189 likelihood is underflown
Pattern 210 likelihood is underflown
Pattern 248 likelihood is underflown
Pattern 252 likelihood is underflown
Pattern 287 likelihood is underflown
Pattern 318 likelihood is underflown
Pattern 321 likelihood is underflown
WARNING: Numerical underflow for lh-branch, use `-safe` option to avoid this warning
Pattern 68 likelihood is underflown
Pattern 76 likelihood is underflown
Pattern 87 likelihood is underflown
Pattern 116 likelihood is underflown
Pattern 124 likelihood is underflown
Pattern 134 likelihood is underflown
Pattern 141 likelihood is underflown
Pattern 150 likelihood is underflown
Pattern 184 likelihood is underflown
Pattern 189 likelihood is underflown
Pattern 210 likelihood is underflown
Pattern 248 likelihood is underflown
Pattern 252 likelihood is underflown
Pattern 287 likelihood is underflown
Pattern 318 likelihood is underflown
Pattern 321 likelihood is underflown
WARNING: Numerical underflow for lh-branch, use `-safe` option to avoid this warning
Pattern 68 likelihood is underflown
Pattern 76 likelihood is underflown
Pattern 87 likelihood is underflown
Pattern 116 likelihood is underflown
Pattern 124 likelihood is underflown
Pattern 134 likelihood is underflown
Pattern 141 likelihood is underflown
Pattern 150 likelihood is underflown
Pattern 184 likelihood is underflown
Pattern 189 likelihood is underflown
Pattern 210 likelihood is underflown
Pattern 248 likelihood is underflown
Pattern 252 likelihood is underflown
Pattern 287 likelihood is underflown
Pattern 318 likelihood is underflown
Pattern 321 likelihood is underflown
WARNING: Numerical underflow for lh-branch, use `-safe` option to avoid this warning
Pattern 68 likelihood is underflown
Pattern 76 likelihood is underflown
Pattern 87 likelihood is underflown
Pattern 116 likelihood is underflown
Pattern 124 likelihood is underflown
Pattern 134 likelihood is underflown
Pattern 141 likelihood is underflown
Pattern 150 likelihood is underflown
Pattern 184 likelihood is underflown
Pattern 189 likelihood is underflown
Pattern 210 likelihood is underflown
Pattern 248 likelihood is underflown
Pattern 252 likelihood is underflown
Pattern 287 likelihood is underflown
Pattern 318 likelihood is underflown
Pattern 321 likelihood is underflown
WARNING: Numerical underflow for lh-branch, use `-safe` option to avoid this warning
Pattern 68 likelihood is underflown
Pattern 76 likelihood is underflown
Pattern 87 likelihood is underflown
Pattern 116 likelihood is underflown
Pattern 124 likelihood is underflown
Pattern 134 likelihood is underflown
Pattern 141 likelihood is underflown
Pattern 150 likelihood is underflown
Pattern 184 likelihood is underflown
Pattern 189 likelihood is underflown
Pattern 210 likelihood is underflown
Pattern 248 likelihood is underflown
Pattern 252 likelihood is underflown
Pattern 287 likelihood is underflown
Pattern 318 likelihood is underflown
Pattern 321 likelihood is underflown
WARNING: Numerical underflow for lh-branch, use `-safe` option to avoid this warning
Pattern 68 likelihood is underflown
Pattern 76 likelihood is underflown
Pattern 87 likelihood is underflown
Pattern 116 likelihood is underflown
Pattern 124 likelihood is underflown
Pattern 134 likelihood is underflown
Pattern 141 likelihood is underflown
Pattern 150 likelihood is underflown
Pattern 184 likelihood is underflown
Pattern 189 likelihood is underflown
Pattern 210 likelihood is underflown
Pattern 248 likelihood is underflown
Pattern 252 likelihood is underflown
Pattern 287 likelihood is underflown
Pattern 318 likelihood is underflown
Pattern 321 likelihood is underflown
WARNING: Numerical underflow for lh-branch, use `-safe` option to avoid this warning
Pattern 68 likelihood is underflown
Pattern 76 likelihood is underflown
Pattern 87 likelihood is underflown
Pattern 116 likelihood is underflown
Pattern 124 likelihood is underflown
Pattern 134 likelihood is underflown
Pattern 141 likelihood is underflown
Pattern 150 likelihood is underflown
Pattern 184 likelihood is underflown
Pattern 189 likelihood is underflown
Pattern 210 likelihood is underflown
Pattern 248 likelihood is underflown
Pattern 252 likelihood is underflown
Pattern 287 likelihood is underflown
Pattern 318 likelihood is underflown
Pattern 321 likelihood is underflown
WARNING: Numerical underflow for lh-branch, use `-safe` option to avoid this warning
Pattern 68 likelihood is underflown
Pattern 76 likelihood is underflown
Pattern 87 likelihood is underflown
Pattern 116 likelihood is underflown
Pattern 124 likelihood is underflown
Pattern 134 likelihood is underflown
Pattern 141 likelihood is underflown
Pattern 150 likelihood is underflown
Pattern 184 likelihood is underflown
Pattern 189 likelihood is underflown
Pattern 210 likelihood is underflown
Pattern 248 likelihood is underflown
Pattern 252 likelihood is underflown
Pattern 287 likelihood is underflown
Pattern 318 likelihood is underflown
Pattern 321 likelihood is underflown
455  F81+F+I+R3    8301.264     65  16732.528    16736.103    17110.201
WARNING: Number of threads seems too high for short alignments. Use -T AUTO to determine best number of threads.
WARNING: Numerical underflow for lh-branch, use `-safe` option to avoid this warning
Pattern 4 likelihood is underflown
Pattern 6 likelihood is underflown
Pattern 8 likelihood is underflown
Pattern 10 likelihood is underflown
Pattern 12 likelihood is underflown
Pattern 13 likelihood is underflown
Pattern 15 likelihood is underflown
Pattern 22 likelihood is underflown
Pattern 25 likelihood is underflown
Pattern 29 likelihood is underflown
Pattern 30 likelihood is underflown
Pattern 34 likelihood is underflown
Pattern 36 likelihood is underflown
Pattern 42 likelihood is underflown
Pattern 46 likelihood is underflown
Pattern 47 likelihood is underflown
Pattern 48 likelihood is underflown
Pattern 49 likelihood is underflown
Pattern 50 likelihood is underflown
Pattern 56 likelihood is underflown
Pattern 57 likelihood is underflown
Pattern 59 likelihood is underflown
Pattern 60 likelihood is underflown
Pattern 61 likelihood is underflown
Pattern 63 likelihood is underflown
Pattern 66 likelihood is underflown
Pattern 68 likelihood is underflown
Pattern 69 likelihood is underflown
Pattern 71 likelihood is underflown
Pattern 74 likelihood is underflown
Pattern 76 likelihood is underflown
Pattern 77 likelihood is underflown
Pattern 81 likelihood is underflown
Pattern 82 likelihood is underflown
Pattern 83 likelihood is underflown
Pattern 85 likelihood is underflown
Pattern 86 likelihood is underflown
Pattern 87 likelihood is underflown
Pattern 92 likelihood is underflown
Pattern 95 likelihood is underflown
Pattern 97 likelihood is underflown
Pattern 99 likelihood is underflown
Pattern 107 likelihood is underflown
Pattern 110 likelihood is underflown
Pattern 111 likelihood is underflown
Pattern 113 likelihood is underflown
Pattern 115 likelihood is underflown
Pattern 116 likelihood is underflown
Pattern 121 likelihood is underflown
Pattern 122 likelihood is underflown
Pattern 123 likelihood is underflown
Pattern 124 likelihood is underflown
Pattern 129 likelihood is underflown
Pattern 134 likelihood is underflown
Pattern 137 likelihood is underflown
Pattern 138 likelihood is underflown
Pattern 139 likelihood is underflown
Pattern 140 likelihood is underflown
Pattern 141 likelihood is underflown
Pattern 143 likelihood is underflown
Pattern 145 likelihood is underflown
Pattern 148 likelihood is underflown
Pattern 150 likelihood is underflown
Pattern 151 likelihood is underflown
Pattern 153 likelihood is underflown
Pattern 155 likelihood is underflown
Pattern 158 likelihood is underflown
Pattern 172 likelihood is underflown
Pattern 173 likelihood is underflown
Pattern 177 likelihood is underflown
Pattern 178 likelihood is underflown
Pattern 179 likelihood is underflown
Pattern 182 likelihood is underflown
Pattern 183 likelihood is underflown
Pattern 184 likelihood is underflown
Pattern 188 likelihood is underflown
Pattern 189 likelihood is underflown
Pattern 193 likelihood is underflown
Pattern 199 likelihood is underflown
Pattern 201 likelihood is underflown
Pattern 204 likelihood is underflown
Pattern 206 likelihood is underflown
Pattern 210 likelihood is underflown
Pattern 211 likelihood is underflown
Pattern 213 likelihood is underflown
Pattern 215 likelihood is underflown
Pattern 219 likelihood is underflown
Pattern 220 likelihood is underflown
Pattern 221 likelihood is underflown
Pattern 222 likelihood is underflown
Pattern 225 likelihood is underflown
Pattern 226 likelihood is underflown
Pattern 227 likelihood is underflown
Pattern 228 likelihood is underflown
Pattern 230 likelihood is underflown
Pattern 237 likelihood is underflown
Pattern 238 likelihood is underflown
Pattern 239 likelihood is underflown
Pattern 242 likelihood is underflown
Pattern 246 likelihood is underflown
Pattern 248 likelihood is underflown
Pattern 249 likelihood is underflown
Pattern 252 likelihood is underflown
Pattern 255 likelihood is underflown
Pattern 256 likelihood is underflown
Pattern 260 likelihood is underflown
Pattern 261 likelihood is underflown
Pattern 263 likelihood is underflown
Pattern 264 likelihood is underflown
Pattern 267 likelihood is underflown
Pattern 269 likelihood is underflown
Pattern 274 likelihood is underflown
Pattern 275 likelihood is underflown
Pattern 278 likelihood is underflown
Pattern 281 likelihood is underflown
Pattern 283 likelihood is underflown
Pattern 286 likelihood is underflown
Pattern 287 likelihood is underflown
Pattern 288 likelihood is underflown
Pattern 293 likelihood is underflown
Pattern 299 likelihood is underflown
Pattern 300 likelihood is underflown
Pattern 302 likelihood is underflown
Pattern 303 likelihood is underflown
Pattern 307 likelihood is underflown
Pattern 308 likelihood is underflown
Pattern 312 likelihood is underflown
Pattern 313 likelihood is underflown
Pattern 314 likelihood is underflown
Pattern 318 likelihood is underflown
Pattern 320 likelihood is underflown
Pattern 322 likelihood is underflown
Pattern 323 likelihood is underflown
Pattern 326 likelihood is underflown
Pattern 328 likelihood is underflown
WARNING: Numerical underflow for lh-branch, use `-safe` option to avoid this warning
Pattern 4 likelihood is underflown
Pattern 6 likelihood is underflown
Pattern 8 likelihood is underflown
Pattern 10 likelihood is underflown
Pattern 12 likelihood is underflown
Pattern 13 likelihood is underflown
Pattern 15 likelihood is underflown
Pattern 22 likelihood is underflown
Pattern 25 likelihood is underflown
Pattern 29 likelihood is underflown
Pattern 30 likelihood is underflown
Pattern 34 likelihood is underflown
Pattern 36 likelihood is underflown
Pattern 42 likelihood is underflown
Pattern 46 likelihood is underflown
Pattern 47 likelihood is underflown
Pattern 48 likelihood is underflown
Pattern 49 likelihood is underflown
Pattern 50 likelihood is underflown
Pattern 56 likelihood is underflown
Pattern 57 likelihood is underflown
Pattern 59 likelihood is underflown
Pattern 60 likelihood is underflown
Pattern 61 likelihood is underflown
Pattern 63 likelihood is underflown
Pattern 66 likelihood is underflown
Pattern 68 likelihood is underflown
Pattern 69 likelihood is underflown
Pattern 71 likelihood is underflown
Pattern 74 likelihood is underflown
Pattern 76 likelihood is underflown
Pattern 77 likelihood is underflown
Pattern 81 likelihood is underflown
Pattern 82 likelihood is underflown
Pattern 83 likelihood is underflown
Pattern 85 likelihood is underflown
Pattern 86 likelihood is underflown
Pattern 87 likelihood is underflown
Pattern 92 likelihood is underflown
Pattern 95 likelihood is underflown
Pattern 97 likelihood is underflown
Pattern 99 likelihood is underflown
Pattern 107 likelihood is underflown
Pattern 110 likelihood is underflown
Pattern 111 likelihood is underflown
Pattern 113 likelihood is underflown
Pattern 115 likelihood is underflown
Pattern 116 likelihood is underflown
Pattern 121 likelihood is underflown
Pattern 122 likelihood is underflown
Pattern 123 likelihood is underflown
Pattern 124 likelihood is underflown
Pattern 129 likelihood is underflown
Pattern 134 likelihood is underflown
Pattern 137 likelihood is underflown
Pattern 138 likelihood is underflown
Pattern 139 likelihood is underflown
Pattern 140 likelihood is underflown
Pattern 141 likelihood is underflown
Pattern 143 likelihood is underflown
Pattern 145 likelihood is underflown
Pattern 148 likelihood is underflown
Pattern 150 likelihood is underflown
Pattern 151 likelihood is underflown
Pattern 153 likelihood is underflown
Pattern 155 likelihood is underflown
Pattern 158 likelihood is underflown
Pattern 172 likelihood is underflown
Pattern 173 likelihood is underflown
Pattern 177 likelihood is underflown
Pattern 178 likelihood is underflown
Pattern 179 likelihood is underflown
Pattern 182 likelihood is underflown
Pattern 183 likelihood is underflown
Pattern 184 likelihood is underflown
Pattern 188 likelihood is underflown
Pattern 189 likelihood is underflown
Pattern 193 likelihood is underflown
Pattern 199 likelihood is underflown
Pattern 201 likelihood is underflown
Pattern 204 likelihood is underflown
Pattern 206 likelihood is underflown
Pattern 210 likelihood is underflown
Pattern 211 likelihood is underflown
Pattern 213 likelihood is underflown
Pattern 215 likelihood is underflown
Pattern 219 likelihood is underflown
Pattern 220 likelihood is underflown
Pattern 221 likelihood is underflown
Pattern 222 likelihood is underflown
Pattern 225 likelihood is underflown
Pattern 226 likelihood is underflown
Pattern 227 likelihood is underflown
Pattern 228 likelihood is underflown
Pattern 230 likelihood is underflown
Pattern 237 likelihood is underflown
Pattern 238 likelihood is underflown
Pattern 239 likelihood is underflown
Pattern 242 likelihood is underflown
Pattern 246 likelihood is underflown
Pattern 248 likelihood is underflown
Pattern 249 likelihood is underflown
Pattern 252 likelihood is underflown
Pattern 255 likelihood is underflown
Pattern 256 likelihood is underflown
Pattern 260 likelihood is underflown
Pattern 261 likelihood is underflown
Pattern 263 likelihood is underflown
Pattern 264 likelihood is underflown
Pattern 267 likelihood is underflown
Pattern 269 likelihood is underflown
Pattern 274 likelihood is underflown
Pattern 275 likelihood is underflown
Pattern 278 likelihood is underflown
Pattern 281 likelihood is underflown
Pattern 283 likelihood is underflown
Pattern 286 likelihood is underflown
Pattern 287 likelihood is underflown
Pattern 288 likelihood is underflown
Pattern 293 likelihood is underflown
Pattern 299 likelihood is underflown
Pattern 300 likelihood is underflown
Pattern 302 likelihood is underflown
Pattern 303 likelihood is underflown
Pattern 307 likelihood is underflown
Pattern 308 likelihood is underflown
Pattern 312 likelihood is underflown
Pattern 313 likelihood is underflown
Pattern 314 likelihood is underflown
Pattern 318 likelihood is underflown
Pattern 320 likelihood is underflown
Pattern 322 likelihood is underflown
Pattern 323 likelihood is underflown
Pattern 326 likelihood is underflown
Pattern 328 likelihood is underflown
WARNING: Numerical underflow for lh-branch, use `-safe` option to avoid this warning
Pattern 4 likelihood is underflown
Pattern 6 likelihood is underflown
Pattern 8 likelihood is underflown
Pattern 10 likelihood is underflown
Pattern 12 likelihood is underflown
Pattern 13 likelihood is underflown
Pattern 15 likelihood is underflown
Pattern 22 likelihood is underflown
Pattern 25 likelihood is underflown
Pattern 29 likelihood is underflown
Pattern 30 likelihood is underflown
Pattern 34 likelihood is underflown
Pattern 36 likelihood is underflown
Pattern 42 likelihood is underflown
Pattern 46 likelihood is underflown
Pattern 47 likelihood is underflown
Pattern 48 likelihood is underflown
Pattern 49 likelihood is underflown
Pattern 50 likelihood is underflown
Pattern 56 likelihood is underflown
Pattern 57 likelihood is underflown
Pattern 59 likelihood is underflown
Pattern 60 likelihood is underflown
Pattern 61 likelihood is underflown
Pattern 63 likelihood is underflown
Pattern 66 likelihood is underflown
Pattern 68 likelihood is underflown
Pattern 69 likelihood is underflown
Pattern 71 likelihood is underflown
Pattern 74 likelihood is underflown
Pattern 76 likelihood is underflown
Pattern 77 likelihood is underflown
Pattern 81 likelihood is underflown
Pattern 82 likelihood is underflown
Pattern 83 likelihood is underflown
Pattern 85 likelihood is underflown
Pattern 86 likelihood is underflown
Pattern 87 likelihood is underflown
Pattern 92 likelihood is underflown
Pattern 95 likelihood is underflown
Pattern 97 likelihood is underflown
Pattern 99 likelihood is underflown
Pattern 107 likelihood is underflown
Pattern 110 likelihood is underflown
Pattern 111 likelihood is underflown
Pattern 113 likelihood is underflown
Pattern 115 likelihood is underflown
Pattern 116 likelihood is underflown
Pattern 121 likelihood is underflown
Pattern 122 likelihood is underflown
Pattern 123 likelihood is underflown
Pattern 124 likelihood is underflown
Pattern 129 likelihood is underflown
Pattern 134 likelihood is underflown
Pattern 137 likelihood is underflown
Pattern 138 likelihood is underflown
Pattern 139 likelihood is underflown
Pattern 140 likelihood is underflown
Pattern 141 likelihood is underflown
Pattern 143 likelihood is underflown
Pattern 145 likelihood is underflown
Pattern 148 likelihood is underflown
Pattern 150 likelihood is underflown
Pattern 151 likelihood is underflown
Pattern 153 likelihood is underflown
Pattern 155 likelihood is underflown
Pattern 158 likelihood is underflown
Pattern 172 likelihood is underflown
Pattern 173 likelihood is underflown
Pattern 177 likelihood is underflown
Pattern 178 likelihood is underflown
Pattern 179 likelihood is underflown
Pattern 182 likelihood is underflown
Pattern 183 likelihood is underflown
Pattern 184 likelihood is underflown
Pattern 188 likelihood is underflown
Pattern 189 likelihood is underflown
Pattern 193 likelihood is underflown
Pattern 199 likelihood is underflown
Pattern 201 likelihood is underflown
Pattern 204 likelihood is underflown
Pattern 206 likelihood is underflown
Pattern 210 likelihood is underflown
Pattern 211 likelihood is underflown
Pattern 213 likelihood is underflown
Pattern 215 likelihood is underflown
Pattern 219 likelihood is underflown
Pattern 220 likelihood is underflown
Pattern 221 likelihood is underflown
Pattern 222 likelihood is underflown
Pattern 225 likelihood is underflown
Pattern 226 likelihood is underflown
Pattern 227 likelihood is underflown
Pattern 228 likelihood is underflown
Pattern 230 likelihood is underflown
Pattern 237 likelihood is underflown
Pattern 238 likelihood is underflown
Pattern 239 likelihood is underflown
Pattern 242 likelihood is underflown
Pattern 246 likelihood is underflown
Pattern 248 likelihood is underflown
Pattern 249 likelihood is underflown
Pattern 252 likelihood is underflown
Pattern 255 likelihood is underflown
Pattern 256 likelihood is underflown
Pattern 260 likelihood is underflown
Pattern 261 likelihood is underflown
Pattern 263 likelihood is underflown
Pattern 264 likelihood is underflown
Pattern 267 likelihood is underflown
Pattern 269 likelihood is underflown
Pattern 274 likelihood is underflown
Pattern 275 likelihood is underflown
Pattern 278 likelihood is underflown
Pattern 281 likelihood is underflown
Pattern 283 likelihood is underflown
Pattern 286 likelihood is underflown
Pattern 287 likelihood is underflown
Pattern 288 likelihood is underflown
Pattern 293 likelihood is underflown
Pattern 299 likelihood is underflown
Pattern 300 likelihood is underflown
Pattern 302 likelihood is underflown
Pattern 303 likelihood is underflown
Pattern 307 likelihood is underflown
Pattern 308 likelihood is underflown
Pattern 312 likelihood is underflown
Pattern 313 likelihood is underflown
Pattern 314 likelihood is underflown
Pattern 318 likelihood is underflown
Pattern 320 likelihood is underflown
Pattern 322 likelihood is underflown
Pattern 323 likelihood is underflown
Pattern 326 likelihood is underflown
Pattern 328 likelihood is underflown
WARNING: Numerical underflow for lh-branch, use `-safe` option to avoid this warning
Pattern 4 likelihood is underflown
Pattern 6 likelihood is underflown
Pattern 8 likelihood is underflown
Pattern 10 likelihood is underflown
Pattern 12 likelihood is underflown
Pattern 13 likelihood is underflown
Pattern 15 likelihood is underflown
Pattern 22 likelihood is underflown
Pattern 25 likelihood is underflown
Pattern 29 likelihood is underflown
Pattern 30 likelihood is underflown
Pattern 34 likelihood is underflown
Pattern 36 likelihood is underflown
Pattern 42 likelihood is underflown
Pattern 46 likelihood is underflown
Pattern 47 likelihood is underflown
Pattern 48 likelihood is underflown
Pattern 49 likelihood is underflown
Pattern 50 likelihood is underflown
Pattern 56 likelihood is underflown
Pattern 57 likelihood is underflown
Pattern 59 likelihood is underflown
Pattern 60 likelihood is underflown
Pattern 61 likelihood is underflown
Pattern 63 likelihood is underflown
Pattern 66 likelihood is underflown
Pattern 68 likelihood is underflown
Pattern 69 likelihood is underflown
Pattern 71 likelihood is underflown
Pattern 74 likelihood is underflown
Pattern 76 likelihood is underflown
Pattern 77 likelihood is underflown
Pattern 81 likelihood is underflown
Pattern 82 likelihood is underflown
Pattern 83 likelihood is underflown
Pattern 85 likelihood is underflown
Pattern 86 likelihood is underflown
Pattern 87 likelihood is underflown
Pattern 92 likelihood is underflown
Pattern 95 likelihood is underflown
Pattern 97 likelihood is underflown
Pattern 99 likelihood is underflown
Pattern 107 likelihood is underflown
Pattern 110 likelihood is underflown
Pattern 111 likelihood is underflown
Pattern 113 likelihood is underflown
Pattern 115 likelihood is underflown
Pattern 116 likelihood is underflown
Pattern 121 likelihood is underflown
Pattern 122 likelihood is underflown
Pattern 123 likelihood is underflown
Pattern 124 likelihood is underflown
Pattern 129 likelihood is underflown
Pattern 134 likelihood is underflown
Pattern 137 likelihood is underflown
Pattern 138 likelihood is underflown
Pattern 139 likelihood is underflown
Pattern 140 likelihood is underflown
Pattern 141 likelihood is underflown
Pattern 143 likelihood is underflown
Pattern 145 likelihood is underflown
Pattern 148 likelihood is underflown
Pattern 150 likelihood is underflown
Pattern 151 likelihood is underflown
Pattern 153 likelihood is underflown
Pattern 155 likelihood is underflown
Pattern 158 likelihood is underflown
Pattern 172 likelihood is underflown
Pattern 173 likelihood is underflown
Pattern 177 likelihood is underflown
Pattern 178 likelihood is underflown
Pattern 179 likelihood is underflown
Pattern 182 likelihood is underflown
Pattern 183 likelihood is underflown
Pattern 184 likelihood is underflown
Pattern 188 likelihood is underflown
Pattern 189 likelihood is underflown
Pattern 193 likelihood is underflown
Pattern 199 likelihood is underflown
Pattern 201 likelihood is underflown
Pattern 204 likelihood is underflown
Pattern 206 likelihood is underflown
Pattern 210 likelihood is underflown
Pattern 211 likelihood is underflown
Pattern 213 likelihood is underflown
Pattern 215 likelihood is underflown
Pattern 219 likelihood is underflown
Pattern 220 likelihood is underflown
Pattern 221 likelihood is underflown
Pattern 222 likelihood is underflown
Pattern 225 likelihood is underflown
Pattern 226 likelihood is underflown
Pattern 227 likelihood is underflown
Pattern 228 likelihood is underflown
Pattern 230 likelihood is underflown
Pattern 237 likelihood is underflown
Pattern 238 likelihood is underflown
Pattern 239 likelihood is underflown
Pattern 242 likelihood is underflown
Pattern 246 likelihood is underflown
Pattern 248 likelihood is underflown
Pattern 249 likelihood is underflown
Pattern 252 likelihood is underflown
Pattern 255 likelihood is underflown
Pattern 256 likelihood is underflown
Pattern 260 likelihood is underflown
Pattern 261 likelihood is underflown
Pattern 263 likelihood is underflown
Pattern 264 likelihood is underflown
Pattern 267 likelihood is underflown
Pattern 269 likelihood is underflown
Pattern 274 likelihood is underflown
Pattern 275 likelihood is underflown
Pattern 278 likelihood is underflown
Pattern 281 likelihood is underflown
Pattern 283 likelihood is underflown
Pattern 286 likelihood is underflown
Pattern 287 likelihood is underflown
Pattern 288 likelihood is underflown
Pattern 293 likelihood is underflown
Pattern 299 likelihood is underflown
Pattern 300 likelihood is underflown
Pattern 302 likelihood is underflown
Pattern 303 likelihood is underflown
Pattern 307 likelihood is underflown
Pattern 308 likelihood is underflown
Pattern 312 likelihood is underflown
Pattern 313 likelihood is underflown
Pattern 314 likelihood is underflown
Pattern 318 likelihood is underflown
Pattern 320 likelihood is underflown
Pattern 322 likelihood is underflown
Pattern 323 likelihood is underflown
Pattern 326 likelihood is underflown
Pattern 328 likelihood is underflown
WARNING: Numerical underflow for lh-branch, use `-safe` option to avoid this warning
Pattern 4 likelihood is underflown
Pattern 6 likelihood is underflown
Pattern 8 likelihood is underflown
Pattern 10 likelihood is underflown
Pattern 12 likelihood is underflown
Pattern 13 likelihood is underflown
Pattern 15 likelihood is underflown
Pattern 22 likelihood is underflown
Pattern 25 likelihood is underflown
Pattern 29 likelihood is underflown
Pattern 30 likelihood is underflown
Pattern 34 likelihood is underflown
Pattern 36 likelihood is underflown
Pattern 42 likelihood is underflown
Pattern 46 likelihood is underflown
Pattern 47 likelihood is underflown
Pattern 48 likelihood is underflown
Pattern 49 likelihood is underflown
Pattern 50 likelihood is underflown
Pattern 56 likelihood is underflown
Pattern 57 likelihood is underflown
Pattern 59 likelihood is underflown
Pattern 60 likelihood is underflown
Pattern 61 likelihood is underflown
Pattern 63 likelihood is underflown
Pattern 66 likelihood is underflown
Pattern 68 likelihood is underflown
Pattern 69 likelihood is underflown
Pattern 71 likelihood is underflown
Pattern 74 likelihood is underflown
Pattern 76 likelihood is underflown
Pattern 77 likelihood is underflown
Pattern 81 likelihood is underflown
Pattern 82 likelihood is underflown
Pattern 83 likelihood is underflown
Pattern 85 likelihood is underflown
Pattern 86 likelihood is underflown
Pattern 87 likelihood is underflown
Pattern 92 likelihood is underflown
Pattern 95 likelihood is underflown
Pattern 97 likelihood is underflown
Pattern 99 likelihood is underflown
Pattern 107 likelihood is underflown
Pattern 110 likelihood is underflown
Pattern 111 likelihood is underflown
Pattern 113 likelihood is underflown
Pattern 115 likelihood is underflown
Pattern 116 likelihood is underflown
Pattern 121 likelihood is underflown
Pattern 122 likelihood is underflown
Pattern 123 likelihood is underflown
Pattern 124 likelihood is underflown
Pattern 129 likelihood is underflown
Pattern 134 likelihood is underflown
Pattern 137 likelihood is underflown
Pattern 138 likelihood is underflown
Pattern 139 likelihood is underflown
Pattern 140 likelihood is underflown
Pattern 141 likelihood is underflown
Pattern 143 likelihood is underflown
Pattern 145 likelihood is underflown
Pattern 148 likelihood is underflown
Pattern 150 likelihood is underflown
Pattern 151 likelihood is underflown
Pattern 153 likelihood is underflown
Pattern 155 likelihood is underflown
Pattern 158 likelihood is underflown
Pattern 172 likelihood is underflown
Pattern 173 likelihood is underflown
Pattern 177 likelihood is underflown
Pattern 178 likelihood is underflown
Pattern 179 likelihood is underflown
Pattern 182 likelihood is underflown
Pattern 183 likelihood is underflown
Pattern 184 likelihood is underflown
Pattern 188 likelihood is underflown
Pattern 189 likelihood is underflown
Pattern 193 likelihood is underflown
Pattern 199 likelihood is underflown
Pattern 201 likelihood is underflown
Pattern 204 likelihood is underflown
Pattern 206 likelihood is underflown
Pattern 210 likelihood is underflown
Pattern 211 likelihood is underflown
Pattern 213 likelihood is underflown
Pattern 215 likelihood is underflown
Pattern 219 likelihood is underflown
Pattern 220 likelihood is underflown
Pattern 221 likelihood is underflown
Pattern 222 likelihood is underflown
Pattern 225 likelihood is underflown
Pattern 226 likelihood is underflown
Pattern 227 likelihood is underflown
Pattern 228 likelihood is underflown
Pattern 230 likelihood is underflown
Pattern 237 likelihood is underflown
Pattern 238 likelihood is underflown
Pattern 239 likelihood is underflown
Pattern 242 likelihood is underflown
Pattern 246 likelihood is underflown
Pattern 248 likelihood is underflown
Pattern 249 likelihood is underflown
Pattern 252 likelihood is underflown
Pattern 255 likelihood is underflown
Pattern 256 likelihood is underflown
Pattern 260 likelihood is underflown
Pattern 261 likelihood is underflown
Pattern 263 likelihood is underflown
Pattern 264 likelihood is underflown
Pattern 267 likelihood is underflown
Pattern 269 likelihood is underflown
Pattern 274 likelihood is underflown
Pattern 275 likelihood is underflown
Pattern 278 likelihood is underflown
Pattern 281 likelihood is underflown
Pattern 283 likelihood is underflown
Pattern 286 likelihood is underflown
Pattern 287 likelihood is underflown
Pattern 288 likelihood is underflown
Pattern 293 likelihood is underflown
Pattern 299 likelihood is underflown
Pattern 300 likelihood is underflown
Pattern 302 likelihood is underflown
Pattern 303 likelihood is underflown
Pattern 307 likelihood is underflown
Pattern 308 likelihood is underflown
Pattern 312 likelihood is underflown
Pattern 313 likelihood is underflown
Pattern 314 likelihood is underflown
Pattern 318 likelihood is underflown
Pattern 320 likelihood is underflown
Pattern 322 likelihood is underflown
Pattern 323 likelihood is underflown
Pattern 326 likelihood is underflown
Pattern 328 likelihood is underflown
WARNING: Numerical underflow for lh-branch, use `-safe` option to avoid this warning
Pattern 4 likelihood is underflown
Pattern 6 likelihood is underflown
Pattern 8 likelihood is underflown
Pattern 10 likelihood is underflown
Pattern 12 likelihood is underflown
Pattern 13 likelihood is underflown
Pattern 15 likelihood is underflown
Pattern 22 likelihood is underflown
Pattern 25 likelihood is underflown
Pattern 29 likelihood is underflown
Pattern 30 likelihood is underflown
Pattern 34 likelihood is underflown
Pattern 36 likelihood is underflown
Pattern 42 likelihood is underflown
Pattern 46 likelihood is underflown
Pattern 47 likelihood is underflown
Pattern 48 likelihood is underflown
Pattern 49 likelihood is underflown
Pattern 50 likelihood is underflown
Pattern 56 likelihood is underflown
Pattern 57 likelihood is underflown
Pattern 59 likelihood is underflown
Pattern 60 likelihood is underflown
Pattern 61 likelihood is underflown
Pattern 63 likelihood is underflown
Pattern 66 likelihood is underflown
Pattern 68 likelihood is underflown
Pattern 69 likelihood is underflown
Pattern 71 likelihood is underflown
Pattern 74 likelihood is underflown
Pattern 76 likelihood is underflown
Pattern 77 likelihood is underflown
Pattern 81 likelihood is underflown
Pattern 82 likelihood is underflown
Pattern 83 likelihood is underflown
Pattern 85 likelihood is underflown
Pattern 86 likelihood is underflown
Pattern 87 likelihood is underflown
Pattern 92 likelihood is underflown
Pattern 95 likelihood is underflown
Pattern 97 likelihood is underflown
Pattern 99 likelihood is underflown
Pattern 107 likelihood is underflown
Pattern 110 likelihood is underflown
Pattern 111 likelihood is underflown
Pattern 113 likelihood is underflown
Pattern 115 likelihood is underflown
Pattern 116 likelihood is underflown
Pattern 121 likelihood is underflown
Pattern 122 likelihood is underflown
Pattern 123 likelihood is underflown
Pattern 124 likelihood is underflown
Pattern 129 likelihood is underflown
Pattern 134 likelihood is underflown
Pattern 137 likelihood is underflown
Pattern 138 likelihood is underflown
Pattern 139 likelihood is underflown
Pattern 140 likelihood is underflown
Pattern 141 likelihood is underflown
Pattern 143 likelihood is underflown
Pattern 145 likelihood is underflown
Pattern 148 likelihood is underflown
Pattern 150 likelihood is underflown
Pattern 151 likelihood is underflown
Pattern 153 likelihood is underflown
Pattern 155 likelihood is underflown
Pattern 158 likelihood is underflown
Pattern 172 likelihood is underflown
Pattern 173 likelihood is underflown
Pattern 177 likelihood is underflown
Pattern 178 likelihood is underflown
Pattern 179 likelihood is underflown
Pattern 182 likelihood is underflown
Pattern 183 likelihood is underflown
Pattern 184 likelihood is underflown
Pattern 188 likelihood is underflown
Pattern 189 likelihood is underflown
Pattern 193 likelihood is underflown
Pattern 199 likelihood is underflown
Pattern 201 likelihood is underflown
Pattern 204 likelihood is underflown
Pattern 206 likelihood is underflown
Pattern 210 likelihood is underflown
Pattern 211 likelihood is underflown
Pattern 213 likelihood is underflown
Pattern 215 likelihood is underflown
Pattern 219 likelihood is underflown
Pattern 220 likelihood is underflown
Pattern 221 likelihood is underflown
Pattern 222 likelihood is underflown
Pattern 225 likelihood is underflown
Pattern 226 likelihood is underflown
Pattern 227 likelihood is underflown
Pattern 228 likelihood is underflown
Pattern 230 likelihood is underflown
Pattern 237 likelihood is underflown
Pattern 238 likelihood is underflown
Pattern 239 likelihood is underflown
Pattern 242 likelihood is underflown
Pattern 246 likelihood is underflown
Pattern 248 likelihood is underflown
Pattern 249 likelihood is underflown
Pattern 252 likelihood is underflown
Pattern 255 likelihood is underflown
Pattern 256 likelihood is underflown
Pattern 260 likelihood is underflown
Pattern 261 likelihood is underflown
Pattern 263 likelihood is underflown
Pattern 264 likelihood is underflown
Pattern 267 likelihood is underflown
Pattern 269 likelihood is underflown
Pattern 274 likelihood is underflown
Pattern 275 likelihood is underflown
Pattern 278 likelihood is underflown
Pattern 281 likelihood is underflown
Pattern 283 likelihood is underflown
Pattern 286 likelihood is underflown
Pattern 287 likelihood is underflown
Pattern 288 likelihood is underflown
Pattern 293 likelihood is underflown
Pattern 299 likelihood is underflown
Pattern 300 likelihood is underflown
Pattern 302 likelihood is underflown
Pattern 303 likelihood is underflown
Pattern 307 likelihood is underflown
Pattern 308 likelihood is underflown
Pattern 312 likelihood is underflown
Pattern 313 likelihood is underflown
Pattern 314 likelihood is underflown
Pattern 318 likelihood is underflown
Pattern 320 likelihood is underflown
Pattern 322 likelihood is underflown
Pattern 323 likelihood is underflown
Pattern 326 likelihood is underflown
Pattern 328 likelihood is underflown
WARNING: Numerical underflow for lh-branch, use `-safe` option to avoid this warning
Pattern 4 likelihood is underflown
Pattern 6 likelihood is underflown
Pattern 8 likelihood is underflown
Pattern 10 likelihood is underflown
Pattern 12 likelihood is underflown
Pattern 13 likelihood is underflown
Pattern 15 likelihood is underflown
Pattern 22 likelihood is underflown
Pattern 25 likelihood is underflown
Pattern 29 likelihood is underflown
Pattern 30 likelihood is underflown
Pattern 34 likelihood is underflown
Pattern 36 likelihood is underflown
Pattern 42 likelihood is underflown
Pattern 46 likelihood is underflown
Pattern 47 likelihood is underflown
Pattern 48 likelihood is underflown
Pattern 49 likelihood is underflown
Pattern 50 likelihood is underflown
Pattern 56 likelihood is underflown
Pattern 57 likelihood is underflown
Pattern 59 likelihood is underflown
Pattern 60 likelihood is underflown
Pattern 61 likelihood is underflown
Pattern 63 likelihood is underflown
Pattern 66 likelihood is underflown
Pattern 68 likelihood is underflown
Pattern 69 likelihood is underflown
Pattern 71 likelihood is underflown
Pattern 74 likelihood is underflown
Pattern 76 likelihood is underflown
Pattern 77 likelihood is underflown
Pattern 81 likelihood is underflown
Pattern 82 likelihood is underflown
Pattern 83 likelihood is underflown
Pattern 85 likelihood is underflown
Pattern 86 likelihood is underflown
Pattern 87 likelihood is underflown
Pattern 92 likelihood is underflown
Pattern 95 likelihood is underflown
Pattern 97 likelihood is underflown
Pattern 99 likelihood is underflown
Pattern 107 likelihood is underflown
Pattern 110 likelihood is underflown
Pattern 111 likelihood is underflown
Pattern 113 likelihood is underflown
Pattern 115 likelihood is underflown
Pattern 116 likelihood is underflown
Pattern 121 likelihood is underflown
Pattern 122 likelihood is underflown
Pattern 123 likelihood is underflown
Pattern 124 likelihood is underflown
Pattern 129 likelihood is underflown
Pattern 134 likelihood is underflown
Pattern 137 likelihood is underflown
Pattern 138 likelihood is underflown
Pattern 139 likelihood is underflown
Pattern 140 likelihood is underflown
Pattern 141 likelihood is underflown
Pattern 143 likelihood is underflown
Pattern 145 likelihood is underflown
Pattern 148 likelihood is underflown
Pattern 150 likelihood is underflown
Pattern 151 likelihood is underflown
Pattern 153 likelihood is underflown
Pattern 155 likelihood is underflown
Pattern 158 likelihood is underflown
Pattern 172 likelihood is underflown
Pattern 173 likelihood is underflown
Pattern 177 likelihood is underflown
Pattern 178 likelihood is underflown
Pattern 179 likelihood is underflown
Pattern 182 likelihood is underflown
Pattern 183 likelihood is underflown
Pattern 184 likelihood is underflown
Pattern 188 likelihood is underflown
Pattern 189 likelihood is underflown
Pattern 193 likelihood is underflown
Pattern 199 likelihood is underflown
Pattern 201 likelihood is underflown
Pattern 204 likelihood is underflown
Pattern 206 likelihood is underflown
Pattern 210 likelihood is underflown
Pattern 211 likelihood is underflown
Pattern 213 likelihood is underflown
Pattern 215 likelihood is underflown
Pattern 219 likelihood is underflown
Pattern 220 likelihood is underflown
Pattern 221 likelihood is underflown
Pattern 222 likelihood is underflown
Pattern 225 likelihood is underflown
Pattern 226 likelihood is underflown
Pattern 227 likelihood is underflown
Pattern 228 likelihood is underflown
Pattern 230 likelihood is underflown
Pattern 237 likelihood is underflown
Pattern 238 likelihood is underflown
Pattern 239 likelihood is underflown
Pattern 242 likelihood is underflown
Pattern 246 likelihood is underflown
Pattern 248 likelihood is underflown
Pattern 249 likelihood is underflown
Pattern 252 likelihood is underflown
Pattern 255 likelihood is underflown
Pattern 256 likelihood is underflown
Pattern 260 likelihood is underflown
Pattern 261 likelihood is underflown
Pattern 263 likelihood is underflown
Pattern 264 likelihood is underflown
Pattern 267 likelihood is underflown
Pattern 269 likelihood is underflown
Pattern 274 likelihood is underflown
Pattern 275 likelihood is underflown
Pattern 278 likelihood is underflown
Pattern 281 likelihood is underflown
Pattern 283 likelihood is underflown
Pattern 286 likelihood is underflown
Pattern 287 likelihood is underflown
Pattern 288 likelihood is underflown
Pattern 293 likelihood is underflown
Pattern 299 likelihood is underflown
Pattern 300 likelihood is underflown
Pattern 302 likelihood is underflown
Pattern 303 likelihood is underflown
Pattern 307 likelihood is underflown
Pattern 308 likelihood is underflown
Pattern 312 likelihood is underflown
Pattern 313 likelihood is underflown
Pattern 314 likelihood is underflown
Pattern 318 likelihood is underflown
Pattern 320 likelihood is underflown
Pattern 322 likelihood is underflown
Pattern 323 likelihood is underflown
Pattern 326 likelihood is underflown
Pattern 328 likelihood is underflown
WARNING: Numerical underflow for lh-branch, use `-safe` option to avoid this warning
Pattern 4 likelihood is underflown
Pattern 6 likelihood is underflown
Pattern 8 likelihood is underflown
Pattern 10 likelihood is underflown
Pattern 12 likelihood is underflown
Pattern 13 likelihood is underflown
Pattern 15 likelihood is underflown
Pattern 22 likelihood is underflown
Pattern 25 likelihood is underflown
Pattern 29 likelihood is underflown
Pattern 30 likelihood is underflown
Pattern 34 likelihood is underflown
Pattern 36 likelihood is underflown
Pattern 42 likelihood is underflown
Pattern 46 likelihood is underflown
Pattern 47 likelihood is underflown
Pattern 48 likelihood is underflown
Pattern 49 likelihood is underflown
Pattern 50 likelihood is underflown
Pattern 56 likelihood is underflown
Pattern 57 likelihood is underflown
Pattern 59 likelihood is underflown
Pattern 60 likelihood is underflown
Pattern 61 likelihood is underflown
Pattern 63 likelihood is underflown
Pattern 66 likelihood is underflown
Pattern 68 likelihood is underflown
Pattern 69 likelihood is underflown
Pattern 71 likelihood is underflown
Pattern 74 likelihood is underflown
Pattern 76 likelihood is underflown
Pattern 77 likelihood is underflown
Pattern 81 likelihood is underflown
Pattern 82 likelihood is underflown
Pattern 83 likelihood is underflown
Pattern 85 likelihood is underflown
Pattern 86 likelihood is underflown
Pattern 87 likelihood is underflown
Pattern 92 likelihood is underflown
Pattern 95 likelihood is underflown
Pattern 97 likelihood is underflown
Pattern 99 likelihood is underflown
Pattern 107 likelihood is underflown
Pattern 110 likelihood is underflown
Pattern 111 likelihood is underflown
Pattern 113 likelihood is underflown
Pattern 115 likelihood is underflown
Pattern 116 likelihood is underflown
Pattern 121 likelihood is underflown
Pattern 122 likelihood is underflown
Pattern 123 likelihood is underflown
Pattern 124 likelihood is underflown
Pattern 129 likelihood is underflown
Pattern 134 likelihood is underflown
Pattern 137 likelihood is underflown
Pattern 138 likelihood is underflown
Pattern 139 likelihood is underflown
Pattern 140 likelihood is underflown
Pattern 141 likelihood is underflown
Pattern 143 likelihood is underflown
Pattern 145 likelihood is underflown
Pattern 148 likelihood is underflown
Pattern 150 likelihood is underflown
Pattern 151 likelihood is underflown
Pattern 153 likelihood is underflown
Pattern 155 likelihood is underflown
Pattern 158 likelihood is underflown
Pattern 172 likelihood is underflown
Pattern 173 likelihood is underflown
Pattern 177 likelihood is underflown
Pattern 178 likelihood is underflown
Pattern 179 likelihood is underflown
Pattern 182 likelihood is underflown
Pattern 183 likelihood is underflown
Pattern 184 likelihood is underflown
Pattern 188 likelihood is underflown
Pattern 189 likelihood is underflown
Pattern 193 likelihood is underflown
Pattern 199 likelihood is underflown
Pattern 201 likelihood is underflown
Pattern 204 likelihood is underflown
Pattern 206 likelihood is underflown
Pattern 210 likelihood is underflown
Pattern 211 likelihood is underflown
Pattern 213 likelihood is underflown
Pattern 215 likelihood is underflown
Pattern 219 likelihood is underflown
Pattern 220 likelihood is underflown
Pattern 221 likelihood is underflown
Pattern 222 likelihood is underflown
Pattern 225 likelihood is underflown
Pattern 226 likelihood is underflown
Pattern 227 likelihood is underflown
Pattern 228 likelihood is underflown
Pattern 230 likelihood is underflown
Pattern 237 likelihood is underflown
Pattern 238 likelihood is underflown
Pattern 239 likelihood is underflown
Pattern 242 likelihood is underflown
Pattern 246 likelihood is underflown
Pattern 248 likelihood is underflown
Pattern 249 likelihood is underflown
Pattern 252 likelihood is underflown
Pattern 255 likelihood is underflown
Pattern 256 likelihood is underflown
Pattern 260 likelihood is underflown
Pattern 261 likelihood is underflown
Pattern 263 likelihood is underflown
Pattern 264 likelihood is underflown
Pattern 267 likelihood is underflown
Pattern 269 likelihood is underflown
Pattern 274 likelihood is underflown
Pattern 275 likelihood is underflown
Pattern 278 likelihood is underflown
Pattern 281 likelihood is underflown
Pattern 283 likelihood is underflown
Pattern 286 likelihood is underflown
Pattern 287 likelihood is underflown
Pattern 288 likelihood is underflown
Pattern 293 likelihood is underflown
Pattern 299 likelihood is underflown
Pattern 300 likelihood is underflown
Pattern 302 likelihood is underflown
Pattern 303 likelihood is underflown
Pattern 307 likelihood is underflown
Pattern 308 likelihood is underflown
Pattern 312 likelihood is underflown
Pattern 313 likelihood is underflown
Pattern 314 likelihood is underflown
Pattern 318 likelihood is underflown
Pattern 320 likelihood is underflown
Pattern 322 likelihood is underflown
Pattern 323 likelihood is underflown
Pattern 326 likelihood is underflown
Pattern 328 likelihood is underflown
WARNING: Numerical underflow for lh-branch, use `-safe` option to avoid this warning
Pattern 4 likelihood is underflown
Pattern 6 likelihood is underflown
Pattern 8 likelihood is underflown
Pattern 10 likelihood is underflown
Pattern 12 likelihood is underflown
Pattern 13 likelihood is underflown
Pattern 15 likelihood is underflown
Pattern 22 likelihood is underflown
Pattern 25 likelihood is underflown
Pattern 29 likelihood is underflown
Pattern 30 likelihood is underflown
Pattern 34 likelihood is underflown
Pattern 36 likelihood is underflown
Pattern 42 likelihood is underflown
Pattern 46 likelihood is underflown
Pattern 47 likelihood is underflown
Pattern 48 likelihood is underflown
Pattern 49 likelihood is underflown
Pattern 50 likelihood is underflown
Pattern 56 likelihood is underflown
Pattern 57 likelihood is underflown
Pattern 59 likelihood is underflown
Pattern 60 likelihood is underflown
Pattern 61 likelihood is underflown
Pattern 63 likelihood is underflown
Pattern 66 likelihood is underflown
Pattern 68 likelihood is underflown
Pattern 69 likelihood is underflown
Pattern 71 likelihood is underflown
Pattern 74 likelihood is underflown
Pattern 76 likelihood is underflown
Pattern 77 likelihood is underflown
Pattern 81 likelihood is underflown
Pattern 82 likelihood is underflown
Pattern 83 likelihood is underflown
Pattern 85 likelihood is underflown
Pattern 86 likelihood is underflown
Pattern 87 likelihood is underflown
Pattern 92 likelihood is underflown
Pattern 95 likelihood is underflown
Pattern 97 likelihood is underflown
Pattern 99 likelihood is underflown
Pattern 107 likelihood is underflown
Pattern 110 likelihood is underflown
Pattern 111 likelihood is underflown
Pattern 113 likelihood is underflown
Pattern 115 likelihood is underflown
Pattern 116 likelihood is underflown
Pattern 121 likelihood is underflown
Pattern 122 likelihood is underflown
Pattern 123 likelihood is underflown
Pattern 124 likelihood is underflown
Pattern 129 likelihood is underflown
Pattern 134 likelihood is underflown
Pattern 137 likelihood is underflown
Pattern 138 likelihood is underflown
Pattern 139 likelihood is underflown
Pattern 140 likelihood is underflown
Pattern 141 likelihood is underflown
Pattern 143 likelihood is underflown
Pattern 145 likelihood is underflown
Pattern 148 likelihood is underflown
Pattern 150 likelihood is underflown
Pattern 151 likelihood is underflown
Pattern 153 likelihood is underflown
Pattern 155 likelihood is underflown
Pattern 158 likelihood is underflown
Pattern 172 likelihood is underflown
Pattern 173 likelihood is underflown
Pattern 177 likelihood is underflown
Pattern 178 likelihood is underflown
Pattern 179 likelihood is underflown
Pattern 182 likelihood is underflown
Pattern 183 likelihood is underflown
Pattern 184 likelihood is underflown
Pattern 188 likelihood is underflown
Pattern 189 likelihood is underflown
Pattern 193 likelihood is underflown
Pattern 199 likelihood is underflown
Pattern 201 likelihood is underflown
Pattern 204 likelihood is underflown
Pattern 206 likelihood is underflown
Pattern 210 likelihood is underflown
Pattern 211 likelihood is underflown
Pattern 213 likelihood is underflown
Pattern 215 likelihood is underflown
Pattern 219 likelihood is underflown
Pattern 220 likelihood is underflown
Pattern 221 likelihood is underflown
Pattern 222 likelihood is underflown
Pattern 225 likelihood is underflown
Pattern 226 likelihood is underflown
Pattern 227 likelihood is underflown
Pattern 228 likelihood is underflown
Pattern 230 likelihood is underflown
Pattern 237 likelihood is underflown
Pattern 238 likelihood is underflown
Pattern 239 likelihood is underflown
Pattern 242 likelihood is underflown
Pattern 246 likelihood is underflown
Pattern 248 likelihood is underflown
Pattern 249 likelihood is underflown
Pattern 252 likelihood is underflown
Pattern 255 likelihood is underflown
Pattern 256 likelihood is underflown
Pattern 260 likelihood is underflown
Pattern 261 likelihood is underflown
Pattern 263 likelihood is underflown
Pattern 264 likelihood is underflown
Pattern 267 likelihood is underflown
Pattern 269 likelihood is underflown
Pattern 274 likelihood is underflown
Pattern 275 likelihood is underflown
Pattern 278 likelihood is underflown
Pattern 281 likelihood is underflown
Pattern 283 likelihood is underflown
Pattern 286 likelihood is underflown
Pattern 287 likelihood is underflown
Pattern 288 likelihood is underflown
Pattern 293 likelihood is underflown
Pattern 299 likelihood is underflown
Pattern 300 likelihood is underflown
Pattern 302 likelihood is underflown
Pattern 303 likelihood is underflown
Pattern 307 likelihood is underflown
Pattern 308 likelihood is underflown
Pattern 312 likelihood is underflown
Pattern 313 likelihood is underflown
Pattern 314 likelihood is underflown
Pattern 318 likelihood is underflown
Pattern 320 likelihood is underflown
Pattern 322 likelihood is underflown
Pattern 323 likelihood is underflown
Pattern 326 likelihood is underflown
Pattern 328 likelihood is underflown
WARNING: Numerical underflow for lh-branch, use `-safe` option to avoid this warning
Pattern 4 likelihood is underflown
Pattern 6 likelihood is underflown
Pattern 8 likelihood is underflown
Pattern 10 likelihood is underflown
Pattern 12 likelihood is underflown
Pattern 13 likelihood is underflown
Pattern 15 likelihood is underflown
Pattern 22 likelihood is underflown
Pattern 25 likelihood is underflown
Pattern 29 likelihood is underflown
Pattern 30 likelihood is underflown
Pattern 34 likelihood is underflown
Pattern 36 likelihood is underflown
Pattern 42 likelihood is underflown
Pattern 46 likelihood is underflown
Pattern 47 likelihood is underflown
Pattern 48 likelihood is underflown
Pattern 49 likelihood is underflown
Pattern 50 likelihood is underflown
Pattern 56 likelihood is underflown
Pattern 57 likelihood is underflown
Pattern 59 likelihood is underflown
Pattern 60 likelihood is underflown
Pattern 61 likelihood is underflown
Pattern 63 likelihood is underflown
Pattern 66 likelihood is underflown
Pattern 68 likelihood is underflown
Pattern 69 likelihood is underflown
Pattern 71 likelihood is underflown
Pattern 74 likelihood is underflown
Pattern 76 likelihood is underflown
Pattern 77 likelihood is underflown
Pattern 81 likelihood is underflown
Pattern 82 likelihood is underflown
Pattern 83 likelihood is underflown
Pattern 85 likelihood is underflown
Pattern 86 likelihood is underflown
Pattern 87 likelihood is underflown
Pattern 92 likelihood is underflown
Pattern 95 likelihood is underflown
Pattern 97 likelihood is underflown
Pattern 99 likelihood is underflown
Pattern 107 likelihood is underflown
Pattern 110 likelihood is underflown
Pattern 111 likelihood is underflown
Pattern 113 likelihood is underflown
Pattern 115 likelihood is underflown
Pattern 116 likelihood is underflown
Pattern 121 likelihood is underflown
Pattern 122 likelihood is underflown
Pattern 123 likelihood is underflown
Pattern 124 likelihood is underflown
Pattern 129 likelihood is underflown
Pattern 134 likelihood is underflown
Pattern 137 likelihood is underflown
Pattern 138 likelihood is underflown
Pattern 139 likelihood is underflown
Pattern 140 likelihood is underflown
Pattern 141 likelihood is underflown
Pattern 143 likelihood is underflown
Pattern 145 likelihood is underflown
Pattern 148 likelihood is underflown
Pattern 150 likelihood is underflown
Pattern 151 likelihood is underflown
Pattern 153 likelihood is underflown
Pattern 155 likelihood is underflown
Pattern 158 likelihood is underflown
Pattern 172 likelihood is underflown
Pattern 173 likelihood is underflown
Pattern 177 likelihood is underflown
Pattern 178 likelihood is underflown
Pattern 179 likelihood is underflown
Pattern 182 likelihood is underflown
Pattern 183 likelihood is underflown
Pattern 184 likelihood is underflown
Pattern 188 likelihood is underflown
Pattern 189 likelihood is underflown
Pattern 193 likelihood is underflown
Pattern 199 likelihood is underflown
Pattern 201 likelihood is underflown
Pattern 204 likelihood is underflown
Pattern 206 likelihood is underflown
Pattern 210 likelihood is underflown
Pattern 211 likelihood is underflown
Pattern 213 likelihood is underflown
Pattern 215 likelihood is underflown
Pattern 219 likelihood is underflown
Pattern 220 likelihood is underflown
Pattern 221 likelihood is underflown
Pattern 222 likelihood is underflown
Pattern 225 likelihood is underflown
Pattern 226 likelihood is underflown
Pattern 227 likelihood is underflown
Pattern 228 likelihood is underflown
Pattern 230 likelihood is underflown
Pattern 237 likelihood is underflown
Pattern 238 likelihood is underflown
Pattern 239 likelihood is underflown
Pattern 242 likelihood is underflown
Pattern 246 likelihood is underflown
Pattern 248 likelihood is underflown
Pattern 249 likelihood is underflown
Pattern 252 likelihood is underflown
Pattern 255 likelihood is underflown
Pattern 256 likelihood is underflown
Pattern 260 likelihood is underflown
Pattern 261 likelihood is underflown
Pattern 263 likelihood is underflown
Pattern 264 likelihood is underflown
Pattern 267 likelihood is underflown
Pattern 269 likelihood is underflown
Pattern 274 likelihood is underflown
Pattern 275 likelihood is underflown
Pattern 278 likelihood is underflown
Pattern 281 likelihood is underflown
Pattern 283 likelihood is underflown
Pattern 286 likelihood is underflown
Pattern 287 likelihood is underflown
Pattern 288 likelihood is underflown
Pattern 293 likelihood is underflown
Pattern 299 likelihood is underflown
Pattern 300 likelihood is underflown
Pattern 302 likelihood is underflown
Pattern 303 likelihood is underflown
Pattern 307 likelihood is underflown
Pattern 308 likelihood is underflown
Pattern 312 likelihood is underflown
Pattern 313 likelihood is underflown
Pattern 314 likelihood is underflown
Pattern 318 likelihood is underflown
Pattern 320 likelihood is underflown
Pattern 322 likelihood is underflown
Pattern 323 likelihood is underflown
Pattern 326 likelihood is underflown
Pattern 328 likelihood is underflown
WARNING: Numerical underflow for lh-branch, use `-safe` option to avoid this warning
Pattern 4 likelihood is underflown
Pattern 6 likelihood is underflown
Pattern 8 likelihood is underflown
Pattern 10 likelihood is underflown
Pattern 12 likelihood is underflown
Pattern 13 likelihood is underflown
Pattern 15 likelihood is underflown
Pattern 22 likelihood is underflown
Pattern 25 likelihood is underflown
Pattern 29 likelihood is underflown
Pattern 30 likelihood is underflown
Pattern 34 likelihood is underflown
Pattern 36 likelihood is underflown
Pattern 42 likelihood is underflown
Pattern 46 likelihood is underflown
Pattern 47 likelihood is underflown
Pattern 48 likelihood is underflown
Pattern 49 likelihood is underflown
Pattern 50 likelihood is underflown
Pattern 56 likelihood is underflown
Pattern 57 likelihood is underflown
Pattern 59 likelihood is underflown
Pattern 60 likelihood is underflown
Pattern 61 likelihood is underflown
Pattern 63 likelihood is underflown
Pattern 66 likelihood is underflown
Pattern 68 likelihood is underflown
Pattern 69 likelihood is underflown
Pattern 71 likelihood is underflown
Pattern 74 likelihood is underflown
Pattern 76 likelihood is underflown
Pattern 77 likelihood is underflown
Pattern 81 likelihood is underflown
Pattern 82 likelihood is underflown
Pattern 83 likelihood is underflown
Pattern 85 likelihood is underflown
Pattern 86 likelihood is underflown
Pattern 87 likelihood is underflown
Pattern 92 likelihood is underflown
Pattern 95 likelihood is underflown
Pattern 97 likelihood is underflown
Pattern 99 likelihood is underflown
Pattern 107 likelihood is underflown
Pattern 110 likelihood is underflown
Pattern 111 likelihood is underflown
Pattern 113 likelihood is underflown
Pattern 115 likelihood is underflown
Pattern 116 likelihood is underflown
Pattern 121 likelihood is underflown
Pattern 122 likelihood is underflown
Pattern 123 likelihood is underflown
Pattern 124 likelihood is underflown
Pattern 129 likelihood is underflown
Pattern 134 likelihood is underflown
Pattern 137 likelihood is underflown
Pattern 138 likelihood is underflown
Pattern 139 likelihood is underflown
Pattern 140 likelihood is underflown
Pattern 141 likelihood is underflown
Pattern 143 likelihood is underflown
Pattern 145 likelihood is underflown
Pattern 148 likelihood is underflown
Pattern 150 likelihood is underflown
Pattern 151 likelihood is underflown
Pattern 153 likelihood is underflown
Pattern 155 likelihood is underflown
Pattern 158 likelihood is underflown
Pattern 172 likelihood is underflown
Pattern 173 likelihood is underflown
Pattern 177 likelihood is underflown
Pattern 178 likelihood is underflown
Pattern 179 likelihood is underflown
Pattern 182 likelihood is underflown
Pattern 183 likelihood is underflown
Pattern 184 likelihood is underflown
Pattern 188 likelihood is underflown
Pattern 189 likelihood is underflown
Pattern 193 likelihood is underflown
Pattern 199 likelihood is underflown
Pattern 201 likelihood is underflown
Pattern 204 likelihood is underflown
Pattern 206 likelihood is underflown
Pattern 210 likelihood is underflown
Pattern 211 likelihood is underflown
Pattern 213 likelihood is underflown
Pattern 215 likelihood is underflown
Pattern 219 likelihood is underflown
Pattern 220 likelihood is underflown
Pattern 221 likelihood is underflown
Pattern 222 likelihood is underflown
Pattern 225 likelihood is underflown
Pattern 226 likelihood is underflown
Pattern 227 likelihood is underflown
Pattern 228 likelihood is underflown
Pattern 230 likelihood is underflown
Pattern 237 likelihood is underflown
Pattern 238 likelihood is underflown
Pattern 239 likelihood is underflown
Pattern 242 likelihood is underflown
Pattern 246 likelihood is underflown
Pattern 248 likelihood is underflown
Pattern 249 likelihood is underflown
Pattern 252 likelihood is underflown
Pattern 255 likelihood is underflown
Pattern 256 likelihood is underflown
Pattern 260 likelihood is underflown
Pattern 261 likelihood is underflown
Pattern 263 likelihood is underflown
Pattern 264 likelihood is underflown
Pattern 267 likelihood is underflown
Pattern 269 likelihood is underflown
Pattern 274 likelihood is underflown
Pattern 275 likelihood is underflown
Pattern 278 likelihood is underflown
Pattern 281 likelihood is underflown
Pattern 283 likelihood is underflown
Pattern 286 likelihood is underflown
Pattern 287 likelihood is underflown
Pattern 288 likelihood is underflown
Pattern 293 likelihood is underflown
Pattern 299 likelihood is underflown
Pattern 300 likelihood is underflown
Pattern 302 likelihood is underflown
Pattern 303 likelihood is underflown
Pattern 307 likelihood is underflown
Pattern 308 likelihood is underflown
Pattern 312 likelihood is underflown
Pattern 313 likelihood is underflown
Pattern 314 likelihood is underflown
Pattern 318 likelihood is underflown
Pattern 320 likelihood is underflown
Pattern 322 likelihood is underflown
Pattern 323 likelihood is underflown
Pattern 326 likelihood is underflown
Pattern 328 likelihood is underflown
WARNING: Numerical underflow for lh-branch, use `-safe` option to avoid this warning
Pattern 4 likelihood is underflown
Pattern 6 likelihood is underflown
Pattern 8 likelihood is underflown
Pattern 10 likelihood is underflown
Pattern 12 likelihood is underflown
Pattern 13 likelihood is underflown
Pattern 15 likelihood is underflown
Pattern 22 likelihood is underflown
Pattern 25 likelihood is underflown
Pattern 29 likelihood is underflown
Pattern 30 likelihood is underflown
Pattern 34 likelihood is underflown
Pattern 36 likelihood is underflown
Pattern 42 likelihood is underflown
Pattern 46 likelihood is underflown
Pattern 47 likelihood is underflown
Pattern 48 likelihood is underflown
Pattern 49 likelihood is underflown
Pattern 50 likelihood is underflown
Pattern 56 likelihood is underflown
Pattern 57 likelihood is underflown
Pattern 59 likelihood is underflown
Pattern 60 likelihood is underflown
Pattern 61 likelihood is underflown
Pattern 63 likelihood is underflown
Pattern 66 likelihood is underflown
Pattern 68 likelihood is underflown
Pattern 69 likelihood is underflown
Pattern 71 likelihood is underflown
Pattern 74 likelihood is underflown
Pattern 76 likelihood is underflown
Pattern 77 likelihood is underflown
Pattern 81 likelihood is underflown
Pattern 82 likelihood is underflown
Pattern 83 likelihood is underflown
Pattern 85 likelihood is underflown
Pattern 86 likelihood is underflown
Pattern 87 likelihood is underflown
Pattern 92 likelihood is underflown
Pattern 95 likelihood is underflown
Pattern 97 likelihood is underflown
Pattern 99 likelihood is underflown
Pattern 107 likelihood is underflown
Pattern 110 likelihood is underflown
Pattern 111 likelihood is underflown
Pattern 113 likelihood is underflown
Pattern 115 likelihood is underflown
Pattern 116 likelihood is underflown
Pattern 121 likelihood is underflown
Pattern 122 likelihood is underflown
Pattern 123 likelihood is underflown
Pattern 124 likelihood is underflown
Pattern 129 likelihood is underflown
Pattern 134 likelihood is underflown
Pattern 137 likelihood is underflown
Pattern 138 likelihood is underflown
Pattern 139 likelihood is underflown
Pattern 140 likelihood is underflown
Pattern 141 likelihood is underflown
Pattern 143 likelihood is underflown
Pattern 145 likelihood is underflown
Pattern 148 likelihood is underflown
Pattern 150 likelihood is underflown
Pattern 151 likelihood is underflown
Pattern 153 likelihood is underflown
Pattern 155 likelihood is underflown
Pattern 158 likelihood is underflown
Pattern 172 likelihood is underflown
Pattern 173 likelihood is underflown
Pattern 177 likelihood is underflown
Pattern 178 likelihood is underflown
Pattern 179 likelihood is underflown
Pattern 182 likelihood is underflown
Pattern 183 likelihood is underflown
Pattern 184 likelihood is underflown
Pattern 188 likelihood is underflown
Pattern 189 likelihood is underflown
Pattern 193 likelihood is underflown
Pattern 199 likelihood is underflown
Pattern 201 likelihood is underflown
Pattern 204 likelihood is underflown
Pattern 206 likelihood is underflown
Pattern 210 likelihood is underflown
Pattern 211 likelihood is underflown
Pattern 213 likelihood is underflown
Pattern 215 likelihood is underflown
Pattern 219 likelihood is underflown
Pattern 220 likelihood is underflown
Pattern 221 likelihood is underflown
Pattern 222 likelihood is underflown
Pattern 225 likelihood is underflown
Pattern 226 likelihood is underflown
Pattern 227 likelihood is underflown
Pattern 228 likelihood is underflown
Pattern 230 likelihood is underflown
Pattern 237 likelihood is underflown
Pattern 238 likelihood is underflown
Pattern 239 likelihood is underflown
Pattern 242 likelihood is underflown
Pattern 246 likelihood is underflown
Pattern 248 likelihood is underflown
Pattern 249 likelihood is underflown
Pattern 252 likelihood is underflown
Pattern 255 likelihood is underflown
Pattern 256 likelihood is underflown
Pattern 260 likelihood is underflown
Pattern 261 likelihood is underflown
Pattern 263 likelihood is underflown
Pattern 264 likelihood is underflown
Pattern 267 likelihood is underflown
Pattern 269 likelihood is underflown
Pattern 274 likelihood is underflown
Pattern 275 likelihood is underflown
Pattern 278 likelihood is underflown
Pattern 281 likelihood is underflown
Pattern 283 likelihood is underflown
Pattern 286 likelihood is underflown
Pattern 287 likelihood is underflown
Pattern 288 likelihood is underflown
Pattern 293 likelihood is underflown
Pattern 299 likelihood is underflown
Pattern 300 likelihood is underflown
Pattern 302 likelihood is underflown
Pattern 303 likelihood is underflown
Pattern 307 likelihood is underflown
Pattern 308 likelihood is underflown
Pattern 312 likelihood is underflown
Pattern 313 likelihood is underflown
Pattern 314 likelihood is underflown
Pattern 318 likelihood is underflown
Pattern 320 likelihood is underflown
Pattern 322 likelihood is underflown
Pattern 323 likelihood is underflown
Pattern 326 likelihood is underflown
Pattern 328 likelihood is underflown
WARNING: Numerical underflow for lh-branch, use `-safe` option to avoid this warning
Pattern 4 likelihood is underflown
Pattern 6 likelihood is underflown
Pattern 8 likelihood is underflown
Pattern 10 likelihood is underflown
Pattern 12 likelihood is underflown
Pattern 13 likelihood is underflown
Pattern 15 likelihood is underflown
Pattern 22 likelihood is underflown
Pattern 25 likelihood is underflown
Pattern 29 likelihood is underflown
Pattern 30 likelihood is underflown
Pattern 34 likelihood is underflown
Pattern 36 likelihood is underflown
Pattern 42 likelihood is underflown
Pattern 46 likelihood is underflown
Pattern 47 likelihood is underflown
Pattern 48 likelihood is underflown
Pattern 49 likelihood is underflown
Pattern 50 likelihood is underflown
Pattern 56 likelihood is underflown
Pattern 57 likelihood is underflown
Pattern 59 likelihood is underflown
Pattern 60 likelihood is underflown
Pattern 61 likelihood is underflown
Pattern 63 likelihood is underflown
Pattern 66 likelihood is underflown
Pattern 68 likelihood is underflown
Pattern 69 likelihood is underflown
Pattern 71 likelihood is underflown
Pattern 74 likelihood is underflown
Pattern 76 likelihood is underflown
Pattern 77 likelihood is underflown
Pattern 81 likelihood is underflown
Pattern 82 likelihood is underflown
Pattern 83 likelihood is underflown
Pattern 85 likelihood is underflown
Pattern 86 likelihood is underflown
Pattern 87 likelihood is underflown
Pattern 92 likelihood is underflown
Pattern 95 likelihood is underflown
Pattern 97 likelihood is underflown
Pattern 99 likelihood is underflown
Pattern 107 likelihood is underflown
Pattern 110 likelihood is underflown
Pattern 111 likelihood is underflown
Pattern 113 likelihood is underflown
Pattern 115 likelihood is underflown
Pattern 116 likelihood is underflown
Pattern 121 likelihood is underflown
Pattern 122 likelihood is underflown
Pattern 123 likelihood is underflown
Pattern 124 likelihood is underflown
Pattern 129 likelihood is underflown
Pattern 134 likelihood is underflown
Pattern 137 likelihood is underflown
Pattern 138 likelihood is underflown
Pattern 139 likelihood is underflown
Pattern 140 likelihood is underflown
Pattern 141 likelihood is underflown
Pattern 143 likelihood is underflown
Pattern 145 likelihood is underflown
Pattern 148 likelihood is underflown
Pattern 150 likelihood is underflown
Pattern 151 likelihood is underflown
Pattern 153 likelihood is underflown
Pattern 155 likelihood is underflown
Pattern 158 likelihood is underflown
Pattern 172 likelihood is underflown
Pattern 173 likelihood is underflown
Pattern 177 likelihood is underflown
Pattern 178 likelihood is underflown
Pattern 179 likelihood is underflown
Pattern 182 likelihood is underflown
Pattern 183 likelihood is underflown
Pattern 184 likelihood is underflown
Pattern 188 likelihood is underflown
Pattern 189 likelihood is underflown
Pattern 193 likelihood is underflown
Pattern 199 likelihood is underflown
Pattern 201 likelihood is underflown
Pattern 204 likelihood is underflown
Pattern 206 likelihood is underflown
Pattern 210 likelihood is underflown
Pattern 211 likelihood is underflown
Pattern 213 likelihood is underflown
Pattern 215 likelihood is underflown
Pattern 219 likelihood is underflown
Pattern 220 likelihood is underflown
Pattern 221 likelihood is underflown
Pattern 222 likelihood is underflown
Pattern 225 likelihood is underflown
Pattern 226 likelihood is underflown
Pattern 227 likelihood is underflown
Pattern 228 likelihood is underflown
Pattern 230 likelihood is underflown
Pattern 237 likelihood is underflown
Pattern 238 likelihood is underflown
Pattern 239 likelihood is underflown
Pattern 242 likelihood is underflown
Pattern 246 likelihood is underflown
Pattern 248 likelihood is underflown
Pattern 249 likelihood is underflown
Pattern 252 likelihood is underflown
Pattern 255 likelihood is underflown
Pattern 256 likelihood is underflown
Pattern 260 likelihood is underflown
Pattern 261 likelihood is underflown
Pattern 263 likelihood is underflown
Pattern 264 likelihood is underflown
Pattern 267 likelihood is underflown
Pattern 269 likelihood is underflown
Pattern 274 likelihood is underflown
Pattern 275 likelihood is underflown
Pattern 278 likelihood is underflown
Pattern 281 likelihood is underflown
Pattern 283 likelihood is underflown
Pattern 286 likelihood is underflown
Pattern 287 likelihood is underflown
Pattern 288 likelihood is underflown
Pattern 293 likelihood is underflown
Pattern 299 likelihood is underflown
Pattern 300 likelihood is underflown
Pattern 302 likelihood is underflown
Pattern 303 likelihood is underflown
Pattern 307 likelihood is underflown
Pattern 308 likelihood is underflown
Pattern 312 likelihood is underflown
Pattern 313 likelihood is underflown
Pattern 314 likelihood is underflown
Pattern 318 likelihood is underflown
Pattern 320 likelihood is underflown
Pattern 322 likelihood is underflown
Pattern 323 likelihood is underflown
Pattern 326 likelihood is underflown
Pattern 328 likelihood is underflown
WARNING: Numerical underflow for lh-branch, use `-safe` option to avoid this warning
Pattern 4 likelihood is underflown
Pattern 6 likelihood is underflown
Pattern 8 likelihood is underflown
Pattern 10 likelihood is underflown
Pattern 12 likelihood is underflown
Pattern 13 likelihood is underflown
Pattern 15 likelihood is underflown
Pattern 22 likelihood is underflown
Pattern 25 likelihood is underflown
Pattern 29 likelihood is underflown
Pattern 30 likelihood is underflown
Pattern 34 likelihood is underflown
Pattern 36 likelihood is underflown
Pattern 42 likelihood is underflown
Pattern 46 likelihood is underflown
Pattern 47 likelihood is underflown
Pattern 48 likelihood is underflown
Pattern 49 likelihood is underflown
Pattern 50 likelihood is underflown
Pattern 56 likelihood is underflown
Pattern 57 likelihood is underflown
Pattern 59 likelihood is underflown
Pattern 60 likelihood is underflown
Pattern 61 likelihood is underflown
Pattern 63 likelihood is underflown
Pattern 66 likelihood is underflown
Pattern 68 likelihood is underflown
Pattern 69 likelihood is underflown
Pattern 71 likelihood is underflown
Pattern 74 likelihood is underflown
Pattern 76 likelihood is underflown
Pattern 77 likelihood is underflown
Pattern 81 likelihood is underflown
Pattern 82 likelihood is underflown
Pattern 83 likelihood is underflown
Pattern 85 likelihood is underflown
Pattern 86 likelihood is underflown
Pattern 87 likelihood is underflown
Pattern 92 likelihood is underflown
Pattern 95 likelihood is underflown
Pattern 97 likelihood is underflown
Pattern 99 likelihood is underflown
Pattern 107 likelihood is underflown
Pattern 110 likelihood is underflown
Pattern 111 likelihood is underflown
Pattern 113 likelihood is underflown
Pattern 115 likelihood is underflown
Pattern 116 likelihood is underflown
Pattern 121 likelihood is underflown
Pattern 122 likelihood is underflown
Pattern 123 likelihood is underflown
Pattern 124 likelihood is underflown
Pattern 129 likelihood is underflown
Pattern 134 likelihood is underflown
Pattern 137 likelihood is underflown
Pattern 138 likelihood is underflown
Pattern 139 likelihood is underflown
Pattern 140 likelihood is underflown
Pattern 141 likelihood is underflown
Pattern 143 likelihood is underflown
Pattern 145 likelihood is underflown
Pattern 148 likelihood is underflown
Pattern 150 likelihood is underflown
Pattern 151 likelihood is underflown
Pattern 153 likelihood is underflown
Pattern 155 likelihood is underflown
Pattern 158 likelihood is underflown
Pattern 172 likelihood is underflown
Pattern 173 likelihood is underflown
Pattern 177 likelihood is underflown
Pattern 178 likelihood is underflown
Pattern 179 likelihood is underflown
Pattern 182 likelihood is underflown
Pattern 183 likelihood is underflown
Pattern 184 likelihood is underflown
Pattern 188 likelihood is underflown
Pattern 189 likelihood is underflown
Pattern 193 likelihood is underflown
Pattern 199 likelihood is underflown
Pattern 201 likelihood is underflown
Pattern 204 likelihood is underflown
Pattern 206 likelihood is underflown
Pattern 210 likelihood is underflown
Pattern 211 likelihood is underflown
Pattern 213 likelihood is underflown
Pattern 215 likelihood is underflown
Pattern 219 likelihood is underflown
Pattern 220 likelihood is underflown
Pattern 221 likelihood is underflown
Pattern 222 likelihood is underflown
Pattern 225 likelihood is underflown
Pattern 226 likelihood is underflown
Pattern 227 likelihood is underflown
Pattern 228 likelihood is underflown
Pattern 230 likelihood is underflown
Pattern 237 likelihood is underflown
Pattern 238 likelihood is underflown
Pattern 239 likelihood is underflown
Pattern 242 likelihood is underflown
Pattern 246 likelihood is underflown
Pattern 248 likelihood is underflown
Pattern 249 likelihood is underflown
Pattern 252 likelihood is underflown
Pattern 255 likelihood is underflown
Pattern 256 likelihood is underflown
Pattern 260 likelihood is underflown
Pattern 261 likelihood is underflown
Pattern 263 likelihood is underflown
Pattern 264 likelihood is underflown
Pattern 267 likelihood is underflown
Pattern 269 likelihood is underflown
Pattern 274 likelihood is underflown
Pattern 275 likelihood is underflown
Pattern 278 likelihood is underflown
Pattern 281 likelihood is underflown
Pattern 283 likelihood is underflown
Pattern 286 likelihood is underflown
Pattern 287 likelihood is underflown
Pattern 288 likelihood is underflown
Pattern 293 likelihood is underflown
Pattern 299 likelihood is underflown
Pattern 300 likelihood is underflown
Pattern 302 likelihood is underflown
Pattern 303 likelihood is underflown
Pattern 307 likelihood is underflown
Pattern 308 likelihood is underflown
Pattern 312 likelihood is underflown
Pattern 313 likelihood is underflown
Pattern 314 likelihood is underflown
Pattern 318 likelihood is underflown
Pattern 320 likelihood is underflown
Pattern 322 likelihood is underflown
Pattern 323 likelihood is underflown
Pattern 326 likelihood is underflown
Pattern 328 likelihood is underflown
WARNING: Numerical underflow for lh-branch, use `-safe` option to avoid this warning
Pattern 4 likelihood is underflown
Pattern 6 likelihood is underflown
Pattern 8 likelihood is underflown
Pattern 10 likelihood is underflown
Pattern 12 likelihood is underflown
Pattern 13 likelihood is underflown
Pattern 15 likelihood is underflown
Pattern 22 likelihood is underflown
Pattern 25 likelihood is underflown
Pattern 29 likelihood is underflown
Pattern 30 likelihood is underflown
Pattern 34 likelihood is underflown
Pattern 36 likelihood is underflown
Pattern 42 likelihood is underflown
Pattern 46 likelihood is underflown
Pattern 47 likelihood is underflown
Pattern 48 likelihood is underflown
Pattern 49 likelihood is underflown
Pattern 50 likelihood is underflown
Pattern 56 likelihood is underflown
Pattern 57 likelihood is underflown
Pattern 59 likelihood is underflown
Pattern 60 likelihood is underflown
Pattern 61 likelihood is underflown
Pattern 63 likelihood is underflown
Pattern 66 likelihood is underflown
Pattern 68 likelihood is underflown
Pattern 69 likelihood is underflown
Pattern 71 likelihood is underflown
Pattern 74 likelihood is underflown
Pattern 76 likelihood is underflown
Pattern 77 likelihood is underflown
Pattern 81 likelihood is underflown
Pattern 82 likelihood is underflown
Pattern 83 likelihood is underflown
Pattern 85 likelihood is underflown
Pattern 86 likelihood is underflown
Pattern 87 likelihood is underflown
Pattern 92 likelihood is underflown
Pattern 95 likelihood is underflown
Pattern 97 likelihood is underflown
Pattern 99 likelihood is underflown
Pattern 107 likelihood is underflown
Pattern 110 likelihood is underflown
Pattern 111 likelihood is underflown
Pattern 113 likelihood is underflown
Pattern 115 likelihood is underflown
Pattern 116 likelihood is underflown
Pattern 121 likelihood is underflown
Pattern 122 likelihood is underflown
Pattern 123 likelihood is underflown
Pattern 124 likelihood is underflown
Pattern 129 likelihood is underflown
Pattern 134 likelihood is underflown
Pattern 137 likelihood is underflown
Pattern 138 likelihood is underflown
Pattern 139 likelihood is underflown
Pattern 140 likelihood is underflown
Pattern 141 likelihood is underflown
Pattern 143 likelihood is underflown
Pattern 145 likelihood is underflown
Pattern 148 likelihood is underflown
Pattern 150 likelihood is underflown
Pattern 151 likelihood is underflown
Pattern 153 likelihood is underflown
Pattern 155 likelihood is underflown
Pattern 158 likelihood is underflown
Pattern 172 likelihood is underflown
Pattern 173 likelihood is underflown
Pattern 177 likelihood is underflown
Pattern 178 likelihood is underflown
Pattern 179 likelihood is underflown
Pattern 182 likelihood is underflown
Pattern 183 likelihood is underflown
Pattern 184 likelihood is underflown
Pattern 188 likelihood is underflown
Pattern 189 likelihood is underflown
Pattern 193 likelihood is underflown
Pattern 199 likelihood is underflown
Pattern 201 likelihood is underflown
Pattern 204 likelihood is underflown
Pattern 206 likelihood is underflown
Pattern 210 likelihood is underflown
Pattern 211 likelihood is underflown
Pattern 213 likelihood is underflown
Pattern 215 likelihood is underflown
Pattern 219 likelihood is underflown
Pattern 220 likelihood is underflown
Pattern 221 likelihood is underflown
Pattern 222 likelihood is underflown
Pattern 225 likelihood is underflown
Pattern 226 likelihood is underflown
Pattern 227 likelihood is underflown
Pattern 228 likelihood is underflown
Pattern 230 likelihood is underflown
Pattern 237 likelihood is underflown
Pattern 238 likelihood is underflown
Pattern 239 likelihood is underflown
Pattern 242 likelihood is underflown
Pattern 246 likelihood is underflown
Pattern 248 likelihood is underflown
Pattern 249 likelihood is underflown
Pattern 252 likelihood is underflown
Pattern 255 likelihood is underflown
Pattern 256 likelihood is underflown
Pattern 260 likelihood is underflown
Pattern 261 likelihood is underflown
Pattern 263 likelihood is underflown
Pattern 264 likelihood is underflown
Pattern 267 likelihood is underflown
Pattern 269 likelihood is underflown
Pattern 274 likelihood is underflown
Pattern 275 likelihood is underflown
Pattern 278 likelihood is underflown
Pattern 281 likelihood is underflown
Pattern 283 likelihood is underflown
Pattern 286 likelihood is underflown
Pattern 287 likelihood is underflown
Pattern 288 likelihood is underflown
Pattern 293 likelihood is underflown
Pattern 299 likelihood is underflown
Pattern 300 likelihood is underflown
Pattern 302 likelihood is underflown
Pattern 303 likelihood is underflown
Pattern 307 likelihood is underflown
Pattern 308 likelihood is underflown
Pattern 312 likelihood is underflown
Pattern 313 likelihood is underflown
Pattern 314 likelihood is underflown
Pattern 318 likelihood is underflown
Pattern 320 likelihood is underflown
Pattern 322 likelihood is underflown
Pattern 323 likelihood is underflown
Pattern 326 likelihood is underflown
Pattern 328 likelihood is underflown
WARNING: Numerical underflow for lh-branch, use `-safe` option to avoid this warning
Pattern 4 likelihood is underflown
Pattern 6 likelihood is underflown
Pattern 8 likelihood is underflown
Pattern 10 likelihood is underflown
Pattern 12 likelihood is underflown
Pattern 13 likelihood is underflown
Pattern 15 likelihood is underflown
Pattern 22 likelihood is underflown
Pattern 25 likelihood is underflown
Pattern 29 likelihood is underflown
Pattern 30 likelihood is underflown
Pattern 34 likelihood is underflown
Pattern 36 likelihood is underflown
Pattern 42 likelihood is underflown
Pattern 46 likelihood is underflown
Pattern 47 likelihood is underflown
Pattern 48 likelihood is underflown
Pattern 49 likelihood is underflown
Pattern 50 likelihood is underflown
Pattern 56 likelihood is underflown
Pattern 57 likelihood is underflown
Pattern 59 likelihood is underflown
Pattern 60 likelihood is underflown
Pattern 61 likelihood is underflown
Pattern 63 likelihood is underflown
Pattern 66 likelihood is underflown
Pattern 68 likelihood is underflown
Pattern 69 likelihood is underflown
Pattern 71 likelihood is underflown
Pattern 74 likelihood is underflown
Pattern 76 likelihood is underflown
Pattern 77 likelihood is underflown
Pattern 81 likelihood is underflown
Pattern 82 likelihood is underflown
Pattern 83 likelihood is underflown
Pattern 85 likelihood is underflown
Pattern 86 likelihood is underflown
Pattern 87 likelihood is underflown
Pattern 92 likelihood is underflown
Pattern 95 likelihood is underflown
Pattern 97 likelihood is underflown
Pattern 99 likelihood is underflown
Pattern 107 likelihood is underflown
Pattern 110 likelihood is underflown
Pattern 111 likelihood is underflown
Pattern 113 likelihood is underflown
Pattern 115 likelihood is underflown
Pattern 116 likelihood is underflown
Pattern 121 likelihood is underflown
Pattern 122 likelihood is underflown
Pattern 123 likelihood is underflown
Pattern 124 likelihood is underflown
Pattern 129 likelihood is underflown
Pattern 134 likelihood is underflown
Pattern 137 likelihood is underflown
Pattern 138 likelihood is underflown
Pattern 139 likelihood is underflown
Pattern 140 likelihood is underflown
Pattern 141 likelihood is underflown
Pattern 143 likelihood is underflown
Pattern 145 likelihood is underflown
Pattern 148 likelihood is underflown
Pattern 150 likelihood is underflown
Pattern 151 likelihood is underflown
Pattern 153 likelihood is underflown
Pattern 155 likelihood is underflown
Pattern 158 likelihood is underflown
Pattern 172 likelihood is underflown
Pattern 173 likelihood is underflown
Pattern 177 likelihood is underflown
Pattern 178 likelihood is underflown
Pattern 179 likelihood is underflown
Pattern 182 likelihood is underflown
Pattern 183 likelihood is underflown
Pattern 184 likelihood is underflown
Pattern 188 likelihood is underflown
Pattern 189 likelihood is underflown
Pattern 193 likelihood is underflown
Pattern 199 likelihood is underflown
Pattern 201 likelihood is underflown
Pattern 204 likelihood is underflown
Pattern 206 likelihood is underflown
Pattern 210 likelihood is underflown
Pattern 211 likelihood is underflown
Pattern 213 likelihood is underflown
Pattern 215 likelihood is underflown
Pattern 219 likelihood is underflown
Pattern 220 likelihood is underflown
Pattern 221 likelihood is underflown
Pattern 222 likelihood is underflown
Pattern 225 likelihood is underflown
Pattern 226 likelihood is underflown
Pattern 227 likelihood is underflown
Pattern 228 likelihood is underflown
Pattern 230 likelihood is underflown
Pattern 237 likelihood is underflown
Pattern 238 likelihood is underflown
Pattern 239 likelihood is underflown
Pattern 242 likelihood is underflown
Pattern 246 likelihood is underflown
Pattern 248 likelihood is underflown
Pattern 249 likelihood is underflown
Pattern 252 likelihood is underflown
Pattern 255 likelihood is underflown
Pattern 256 likelihood is underflown
Pattern 260 likelihood is underflown
Pattern 261 likelihood is underflown
Pattern 263 likelihood is underflown
Pattern 264 likelihood is underflown
Pattern 267 likelihood is underflown
Pattern 269 likelihood is underflown
Pattern 274 likelihood is underflown
Pattern 275 likelihood is underflown
Pattern 278 likelihood is underflown
Pattern 281 likelihood is underflown
Pattern 283 likelihood is underflown
Pattern 286 likelihood is underflown
Pattern 287 likelihood is underflown
Pattern 288 likelihood is underflown
Pattern 293 likelihood is underflown
Pattern 299 likelihood is underflown
Pattern 300 likelihood is underflown
Pattern 302 likelihood is underflown
Pattern 303 likelihood is underflown
Pattern 307 likelihood is underflown
Pattern 308 likelihood is underflown
Pattern 312 likelihood is underflown
Pattern 313 likelihood is underflown
Pattern 314 likelihood is underflown
Pattern 318 likelihood is underflown
Pattern 320 likelihood is underflown
Pattern 322 likelihood is underflown
Pattern 323 likelihood is underflown
Pattern 326 likelihood is underflown
Pattern 328 likelihood is underflown
WARNING: Numerical underflow for lh-branch, use `-safe` option to avoid this warning
Pattern 4 likelihood is underflown
Pattern 6 likelihood is underflown
Pattern 8 likelihood is underflown
Pattern 10 likelihood is underflown
Pattern 12 likelihood is underflown
Pattern 13 likelihood is underflown
Pattern 15 likelihood is underflown
Pattern 22 likelihood is underflown
Pattern 25 likelihood is underflown
Pattern 29 likelihood is underflown
Pattern 30 likelihood is underflown
Pattern 34 likelihood is underflown
Pattern 36 likelihood is underflown
Pattern 42 likelihood is underflown
Pattern 46 likelihood is underflown
Pattern 47 likelihood is underflown
Pattern 48 likelihood is underflown
Pattern 49 likelihood is underflown
Pattern 50 likelihood is underflown
Pattern 56 likelihood is underflown
Pattern 57 likelihood is underflown
Pattern 59 likelihood is underflown
Pattern 60 likelihood is underflown
Pattern 61 likelihood is underflown
Pattern 63 likelihood is underflown
Pattern 66 likelihood is underflown
Pattern 68 likelihood is underflown
Pattern 69 likelihood is underflown
Pattern 71 likelihood is underflown
Pattern 74 likelihood is underflown
Pattern 76 likelihood is underflown
Pattern 77 likelihood is underflown
Pattern 81 likelihood is underflown
Pattern 82 likelihood is underflown
Pattern 83 likelihood is underflown
Pattern 85 likelihood is underflown
Pattern 86 likelihood is underflown
Pattern 87 likelihood is underflown
Pattern 92 likelihood is underflown
Pattern 95 likelihood is underflown
Pattern 97 likelihood is underflown
Pattern 99 likelihood is underflown
Pattern 107 likelihood is underflown
Pattern 110 likelihood is underflown
Pattern 111 likelihood is underflown
Pattern 113 likelihood is underflown
Pattern 115 likelihood is underflown
Pattern 116 likelihood is underflown
Pattern 121 likelihood is underflown
Pattern 122 likelihood is underflown
Pattern 123 likelihood is underflown
Pattern 124 likelihood is underflown
Pattern 129 likelihood is underflown
Pattern 134 likelihood is underflown
Pattern 137 likelihood is underflown
Pattern 138 likelihood is underflown
Pattern 139 likelihood is underflown
Pattern 140 likelihood is underflown
Pattern 141 likelihood is underflown
Pattern 143 likelihood is underflown
Pattern 145 likelihood is underflown
Pattern 148 likelihood is underflown
Pattern 150 likelihood is underflown
Pattern 151 likelihood is underflown
Pattern 153 likelihood is underflown
Pattern 155 likelihood is underflown
Pattern 158 likelihood is underflown
Pattern 172 likelihood is underflown
Pattern 173 likelihood is underflown
Pattern 177 likelihood is underflown
Pattern 178 likelihood is underflown
Pattern 179 likelihood is underflown
Pattern 182 likelihood is underflown
Pattern 183 likelihood is underflown
Pattern 184 likelihood is underflown
Pattern 188 likelihood is underflown
Pattern 189 likelihood is underflown
Pattern 193 likelihood is underflown
Pattern 199 likelihood is underflown
Pattern 201 likelihood is underflown
Pattern 204 likelihood is underflown
Pattern 206 likelihood is underflown
Pattern 210 likelihood is underflown
Pattern 211 likelihood is underflown
Pattern 213 likelihood is underflown
Pattern 215 likelihood is underflown
Pattern 219 likelihood is underflown
Pattern 220 likelihood is underflown
Pattern 221 likelihood is underflown
Pattern 222 likelihood is underflown
Pattern 225 likelihood is underflown
Pattern 226 likelihood is underflown
Pattern 227 likelihood is underflown
Pattern 228 likelihood is underflown
Pattern 230 likelihood is underflown
Pattern 237 likelihood is underflown
Pattern 238 likelihood is underflown
Pattern 239 likelihood is underflown
Pattern 242 likelihood is underflown
Pattern 246 likelihood is underflown
Pattern 248 likelihood is underflown
Pattern 249 likelihood is underflown
Pattern 252 likelihood is underflown
Pattern 255 likelihood is underflown
Pattern 256 likelihood is underflown
Pattern 260 likelihood is underflown
Pattern 261 likelihood is underflown
Pattern 263 likelihood is underflown
Pattern 264 likelihood is underflown
Pattern 267 likelihood is underflown
Pattern 269 likelihood is underflown
Pattern 274 likelihood is underflown
Pattern 275 likelihood is underflown
Pattern 278 likelihood is underflown
Pattern 281 likelihood is underflown
Pattern 283 likelihood is underflown
Pattern 286 likelihood is underflown
Pattern 287 likelihood is underflown
Pattern 288 likelihood is underflown
Pattern 293 likelihood is underflown
Pattern 299 likelihood is underflown
Pattern 300 likelihood is underflown
Pattern 302 likelihood is underflown
Pattern 303 likelihood is underflown
Pattern 307 likelihood is underflown
Pattern 308 likelihood is underflown
Pattern 312 likelihood is underflown
Pattern 313 likelihood is underflown
Pattern 314 likelihood is underflown
Pattern 318 likelihood is underflown
Pattern 320 likelihood is underflown
Pattern 322 likelihood is underflown
Pattern 323 likelihood is underflown
Pattern 326 likelihood is underflown
Pattern 328 likelihood is underflown
WARNING: Numerical underflow for lh-branch, use `-safe` option to avoid this warning
Pattern 4 likelihood is underflown
Pattern 6 likelihood is underflown
Pattern 8 likelihood is underflown
Pattern 10 likelihood is underflown
Pattern 12 likelihood is underflown
Pattern 13 likelihood is underflown
Pattern 15 likelihood is underflown
Pattern 22 likelihood is underflown
Pattern 25 likelihood is underflown
Pattern 29 likelihood is underflown
Pattern 30 likelihood is underflown
Pattern 34 likelihood is underflown
Pattern 36 likelihood is underflown
Pattern 42 likelihood is underflown
Pattern 46 likelihood is underflown
Pattern 47 likelihood is underflown
Pattern 48 likelihood is underflown
Pattern 49 likelihood is underflown
Pattern 50 likelihood is underflown
Pattern 56 likelihood is underflown
Pattern 57 likelihood is underflown
Pattern 59 likelihood is underflown
Pattern 60 likelihood is underflown
Pattern 61 likelihood is underflown
Pattern 63 likelihood is underflown
Pattern 66 likelihood is underflown
Pattern 68 likelihood is underflown
Pattern 69 likelihood is underflown
Pattern 71 likelihood is underflown
Pattern 74 likelihood is underflown
Pattern 76 likelihood is underflown
Pattern 77 likelihood is underflown
Pattern 81 likelihood is underflown
Pattern 82 likelihood is underflown
Pattern 83 likelihood is underflown
Pattern 85 likelihood is underflown
Pattern 86 likelihood is underflown
Pattern 87 likelihood is underflown
Pattern 92 likelihood is underflown
Pattern 95 likelihood is underflown
Pattern 97 likelihood is underflown
Pattern 99 likelihood is underflown
Pattern 107 likelihood is underflown
Pattern 110 likelihood is underflown
Pattern 111 likelihood is underflown
Pattern 113 likelihood is underflown
Pattern 115 likelihood is underflown
Pattern 116 likelihood is underflown
Pattern 121 likelihood is underflown
Pattern 122 likelihood is underflown
Pattern 123 likelihood is underflown
Pattern 124 likelihood is underflown
Pattern 129 likelihood is underflown
Pattern 134 likelihood is underflown
Pattern 137 likelihood is underflown
Pattern 138 likelihood is underflown
Pattern 139 likelihood is underflown
Pattern 140 likelihood is underflown
Pattern 141 likelihood is underflown
Pattern 143 likelihood is underflown
Pattern 145 likelihood is underflown
Pattern 148 likelihood is underflown
Pattern 150 likelihood is underflown
Pattern 151 likelihood is underflown
Pattern 153 likelihood is underflown
Pattern 155 likelihood is underflown
Pattern 158 likelihood is underflown
Pattern 172 likelihood is underflown
Pattern 173 likelihood is underflown
Pattern 177 likelihood is underflown
Pattern 178 likelihood is underflown
Pattern 179 likelihood is underflown
Pattern 182 likelihood is underflown
Pattern 183 likelihood is underflown
Pattern 184 likelihood is underflown
Pattern 188 likelihood is underflown
Pattern 189 likelihood is underflown
Pattern 193 likelihood is underflown
Pattern 199 likelihood is underflown
Pattern 201 likelihood is underflown
Pattern 204 likelihood is underflown
Pattern 206 likelihood is underflown
Pattern 210 likelihood is underflown
Pattern 211 likelihood is underflown
Pattern 213 likelihood is underflown
Pattern 215 likelihood is underflown
Pattern 219 likelihood is underflown
Pattern 220 likelihood is underflown
Pattern 221 likelihood is underflown
Pattern 222 likelihood is underflown
Pattern 225 likelihood is underflown
Pattern 226 likelihood is underflown
Pattern 227 likelihood is underflown
Pattern 228 likelihood is underflown
Pattern 230 likelihood is underflown
Pattern 237 likelihood is underflown
Pattern 238 likelihood is underflown
Pattern 239 likelihood is underflown
Pattern 242 likelihood is underflown
Pattern 246 likelihood is underflown
Pattern 248 likelihood is underflown
Pattern 249 likelihood is underflown
Pattern 252 likelihood is underflown
Pattern 255 likelihood is underflown
Pattern 256 likelihood is underflown
Pattern 260 likelihood is underflown
Pattern 261 likelihood is underflown
Pattern 263 likelihood is underflown
Pattern 264 likelihood is underflown
Pattern 267 likelihood is underflown
Pattern 269 likelihood is underflown
Pattern 274 likelihood is underflown
Pattern 275 likelihood is underflown
Pattern 278 likelihood is underflown
Pattern 281 likelihood is underflown
Pattern 283 likelihood is underflown
Pattern 286 likelihood is underflown
Pattern 287 likelihood is underflown
Pattern 288 likelihood is underflown
Pattern 293 likelihood is underflown
Pattern 299 likelihood is underflown
Pattern 300 likelihood is underflown
Pattern 302 likelihood is underflown
Pattern 303 likelihood is underflown
Pattern 307 likelihood is underflown
Pattern 308 likelihood is underflown
Pattern 312 likelihood is underflown
Pattern 313 likelihood is underflown
Pattern 314 likelihood is underflown
Pattern 318 likelihood is underflown
Pattern 320 likelihood is underflown
Pattern 322 likelihood is underflown
Pattern 323 likelihood is underflown
Pattern 326 likelihood is underflown
Pattern 328 likelihood is underflown
468  JC+R3         8324.204     61  16770.407    16773.554    17124.839
WARNING: Number of threads seems too high for short alignments. Use -T AUTO to determine best number of threads.
WARNING: Numerical underflow for lh-branch, use `-safe` option to avoid this warning
Pattern 4 likelihood is underflown
Pattern 6 likelihood is underflown
Pattern 8 likelihood is underflown
Pattern 10 likelihood is underflown
Pattern 12 likelihood is underflown
Pattern 13 likelihood is underflown
Pattern 15 likelihood is underflown
Pattern 22 likelihood is underflown
Pattern 25 likelihood is underflown
Pattern 29 likelihood is underflown
Pattern 30 likelihood is underflown
Pattern 34 likelihood is underflown
Pattern 36 likelihood is underflown
Pattern 42 likelihood is underflown
Pattern 46 likelihood is underflown
Pattern 47 likelihood is underflown
Pattern 48 likelihood is underflown
Pattern 49 likelihood is underflown
Pattern 50 likelihood is underflown
Pattern 56 likelihood is underflown
Pattern 57 likelihood is underflown
Pattern 59 likelihood is underflown
Pattern 60 likelihood is underflown
Pattern 61 likelihood is underflown
Pattern 63 likelihood is underflown
Pattern 66 likelihood is underflown
Pattern 68 likelihood is underflown
Pattern 69 likelihood is underflown
Pattern 71 likelihood is underflown
Pattern 74 likelihood is underflown
Pattern 76 likelihood is underflown
Pattern 77 likelihood is underflown
Pattern 81 likelihood is underflown
Pattern 82 likelihood is underflown
Pattern 83 likelihood is underflown
Pattern 85 likelihood is underflown
Pattern 86 likelihood is underflown
Pattern 87 likelihood is underflown
Pattern 92 likelihood is underflown
Pattern 95 likelihood is underflown
Pattern 97 likelihood is underflown
Pattern 99 likelihood is underflown
Pattern 107 likelihood is underflown
Pattern 110 likelihood is underflown
Pattern 111 likelihood is underflown
Pattern 113 likelihood is underflown
Pattern 115 likelihood is underflown
Pattern 116 likelihood is underflown
Pattern 121 likelihood is underflown
Pattern 122 likelihood is underflown
Pattern 123 likelihood is underflown
Pattern 124 likelihood is underflown
Pattern 129 likelihood is underflown
Pattern 134 likelihood is underflown
Pattern 137 likelihood is underflown
Pattern 138 likelihood is underflown
Pattern 139 likelihood is underflown
Pattern 140 likelihood is underflown
Pattern 141 likelihood is underflown
Pattern 143 likelihood is underflown
Pattern 145 likelihood is underflown
Pattern 148 likelihood is underflown
Pattern 150 likelihood is underflown
Pattern 151 likelihood is underflown
Pattern 153 likelihood is underflown
Pattern 155 likelihood is underflown
Pattern 158 likelihood is underflown
Pattern 172 likelihood is underflown
Pattern 173 likelihood is underflown
Pattern 177 likelihood is underflown
Pattern 178 likelihood is underflown
Pattern 179 likelihood is underflown
Pattern 182 likelihood is underflown
Pattern 183 likelihood is underflown
Pattern 184 likelihood is underflown
Pattern 188 likelihood is underflown
Pattern 189 likelihood is underflown
Pattern 193 likelihood is underflown
Pattern 199 likelihood is underflown
Pattern 201 likelihood is underflown
Pattern 204 likelihood is underflown
Pattern 206 likelihood is underflown
Pattern 210 likelihood is underflown
Pattern 211 likelihood is underflown
Pattern 213 likelihood is underflown
Pattern 215 likelihood is underflown
Pattern 219 likelihood is underflown
Pattern 220 likelihood is underflown
Pattern 221 likelihood is underflown
Pattern 222 likelihood is underflown
Pattern 225 likelihood is underflown
Pattern 226 likelihood is underflown
Pattern 227 likelihood is underflown
Pattern 228 likelihood is underflown
Pattern 230 likelihood is underflown
Pattern 237 likelihood is underflown
Pattern 238 likelihood is underflown
Pattern 239 likelihood is underflown
Pattern 242 likelihood is underflown
Pattern 246 likelihood is underflown
Pattern 248 likelihood is underflown
Pattern 249 likelihood is underflown
Pattern 252 likelihood is underflown
Pattern 255 likelihood is underflown
Pattern 256 likelihood is underflown
Pattern 260 likelihood is underflown
Pattern 261 likelihood is underflown
Pattern 263 likelihood is underflown
Pattern 264 likelihood is underflown
Pattern 267 likelihood is underflown
Pattern 269 likelihood is underflown
Pattern 274 likelihood is underflown
Pattern 275 likelihood is underflown
Pattern 278 likelihood is underflown
Pattern 281 likelihood is underflown
Pattern 283 likelihood is underflown
Pattern 286 likelihood is underflown
Pattern 287 likelihood is underflown
Pattern 288 likelihood is underflown
Pattern 293 likelihood is underflown
Pattern 299 likelihood is underflown
Pattern 300 likelihood is underflown
Pattern 302 likelihood is underflown
Pattern 303 likelihood is underflown
Pattern 307 likelihood is underflown
Pattern 308 likelihood is underflown
Pattern 312 likelihood is underflown
Pattern 313 likelihood is underflown
Pattern 314 likelihood is underflown
Pattern 318 likelihood is underflown
Pattern 320 likelihood is underflown
Pattern 322 likelihood is underflown
Pattern 323 likelihood is underflown
Pattern 326 likelihood is underflown
Pattern 328 likelihood is underflown
WARNING: Numerical underflow for lh-branch, use `-safe` option to avoid this warning
Pattern 4 likelihood is underflown
Pattern 6 likelihood is underflown
Pattern 8 likelihood is underflown
Pattern 10 likelihood is underflown
Pattern 12 likelihood is underflown
Pattern 13 likelihood is underflown
Pattern 15 likelihood is underflown
Pattern 22 likelihood is underflown
Pattern 25 likelihood is underflown
Pattern 29 likelihood is underflown
Pattern 30 likelihood is underflown
Pattern 34 likelihood is underflown
Pattern 36 likelihood is underflown
Pattern 42 likelihood is underflown
Pattern 46 likelihood is underflown
Pattern 47 likelihood is underflown
Pattern 48 likelihood is underflown
Pattern 49 likelihood is underflown
Pattern 50 likelihood is underflown
Pattern 56 likelihood is underflown
Pattern 57 likelihood is underflown
Pattern 59 likelihood is underflown
Pattern 60 likelihood is underflown
Pattern 61 likelihood is underflown
Pattern 63 likelihood is underflown
Pattern 66 likelihood is underflown
Pattern 68 likelihood is underflown
Pattern 69 likelihood is underflown
Pattern 71 likelihood is underflown
Pattern 74 likelihood is underflown
Pattern 76 likelihood is underflown
Pattern 77 likelihood is underflown
Pattern 81 likelihood is underflown
Pattern 82 likelihood is underflown
Pattern 83 likelihood is underflown
Pattern 85 likelihood is underflown
Pattern 86 likelihood is underflown
Pattern 87 likelihood is underflown
Pattern 92 likelihood is underflown
Pattern 95 likelihood is underflown
Pattern 97 likelihood is underflown
Pattern 99 likelihood is underflown
Pattern 107 likelihood is underflown
Pattern 110 likelihood is underflown
Pattern 111 likelihood is underflown
Pattern 113 likelihood is underflown
Pattern 115 likelihood is underflown
Pattern 116 likelihood is underflown
Pattern 121 likelihood is underflown
Pattern 122 likelihood is underflown
Pattern 123 likelihood is underflown
Pattern 124 likelihood is underflown
Pattern 129 likelihood is underflown
Pattern 134 likelihood is underflown
Pattern 137 likelihood is underflown
Pattern 138 likelihood is underflown
Pattern 139 likelihood is underflown
Pattern 140 likelihood is underflown
Pattern 141 likelihood is underflown
Pattern 143 likelihood is underflown
Pattern 145 likelihood is underflown
Pattern 148 likelihood is underflown
Pattern 150 likelihood is underflown
Pattern 151 likelihood is underflown
Pattern 153 likelihood is underflown
Pattern 155 likelihood is underflown
Pattern 158 likelihood is underflown
Pattern 172 likelihood is underflown
Pattern 173 likelihood is underflown
Pattern 177 likelihood is underflown
Pattern 178 likelihood is underflown
Pattern 179 likelihood is underflown
Pattern 182 likelihood is underflown
Pattern 183 likelihood is underflown
Pattern 184 likelihood is underflown
Pattern 188 likelihood is underflown
Pattern 189 likelihood is underflown
Pattern 193 likelihood is underflown
Pattern 199 likelihood is underflown
Pattern 201 likelihood is underflown
Pattern 204 likelihood is underflown
Pattern 206 likelihood is underflown
Pattern 210 likelihood is underflown
Pattern 211 likelihood is underflown
Pattern 213 likelihood is underflown
Pattern 215 likelihood is underflown
Pattern 219 likelihood is underflown
Pattern 220 likelihood is underflown
Pattern 221 likelihood is underflown
Pattern 222 likelihood is underflown
Pattern 225 likelihood is underflown
Pattern 226 likelihood is underflown
Pattern 227 likelihood is underflown
Pattern 228 likelihood is underflown
Pattern 230 likelihood is underflown
Pattern 237 likelihood is underflown
Pattern 238 likelihood is underflown
Pattern 239 likelihood is underflown
Pattern 242 likelihood is underflown
Pattern 246 likelihood is underflown
Pattern 248 likelihood is underflown
Pattern 249 likelihood is underflown
Pattern 252 likelihood is underflown
Pattern 255 likelihood is underflown
Pattern 256 likelihood is underflown
Pattern 260 likelihood is underflown
Pattern 261 likelihood is underflown
Pattern 263 likelihood is underflown
Pattern 264 likelihood is underflown
Pattern 267 likelihood is underflown
Pattern 269 likelihood is underflown
Pattern 274 likelihood is underflown
Pattern 275 likelihood is underflown
Pattern 278 likelihood is underflown
Pattern 281 likelihood is underflown
Pattern 283 likelihood is underflown
Pattern 286 likelihood is underflown
Pattern 287 likelihood is underflown
Pattern 288 likelihood is underflown
Pattern 293 likelihood is underflown
Pattern 299 likelihood is underflown
Pattern 300 likelihood is underflown
Pattern 302 likelihood is underflown
Pattern 303 likelihood is underflown
Pattern 307 likelihood is underflown
Pattern 308 likelihood is underflown
Pattern 312 likelihood is underflown
Pattern 313 likelihood is underflown
Pattern 314 likelihood is underflown
Pattern 318 likelihood is underflown
Pattern 320 likelihood is underflown
Pattern 322 likelihood is underflown
Pattern 323 likelihood is underflown
Pattern 326 likelihood is underflown
Pattern 328 likelihood is underflown
WARNING: Numerical underflow for lh-branch, use `-safe` option to avoid this warning
Pattern 4 likelihood is underflown
Pattern 6 likelihood is underflown
Pattern 8 likelihood is underflown
Pattern 10 likelihood is underflown
Pattern 12 likelihood is underflown
Pattern 13 likelihood is underflown
Pattern 15 likelihood is underflown
Pattern 22 likelihood is underflown
Pattern 25 likelihood is underflown
Pattern 29 likelihood is underflown
Pattern 30 likelihood is underflown
Pattern 34 likelihood is underflown
Pattern 36 likelihood is underflown
Pattern 42 likelihood is underflown
Pattern 46 likelihood is underflown
Pattern 47 likelihood is underflown
Pattern 48 likelihood is underflown
Pattern 49 likelihood is underflown
Pattern 50 likelihood is underflown
Pattern 56 likelihood is underflown
Pattern 57 likelihood is underflown
Pattern 59 likelihood is underflown
Pattern 60 likelihood is underflown
Pattern 61 likelihood is underflown
Pattern 63 likelihood is underflown
Pattern 66 likelihood is underflown
Pattern 68 likelihood is underflown
Pattern 69 likelihood is underflown
Pattern 71 likelihood is underflown
Pattern 74 likelihood is underflown
Pattern 76 likelihood is underflown
Pattern 77 likelihood is underflown
Pattern 81 likelihood is underflown
Pattern 82 likelihood is underflown
Pattern 83 likelihood is underflown
Pattern 85 likelihood is underflown
Pattern 86 likelihood is underflown
Pattern 87 likelihood is underflown
Pattern 92 likelihood is underflown
Pattern 95 likelihood is underflown
Pattern 97 likelihood is underflown
Pattern 99 likelihood is underflown
Pattern 107 likelihood is underflown
Pattern 110 likelihood is underflown
Pattern 111 likelihood is underflown
Pattern 113 likelihood is underflown
Pattern 115 likelihood is underflown
Pattern 116 likelihood is underflown
Pattern 121 likelihood is underflown
Pattern 122 likelihood is underflown
Pattern 123 likelihood is underflown
Pattern 124 likelihood is underflown
Pattern 129 likelihood is underflown
Pattern 134 likelihood is underflown
Pattern 137 likelihood is underflown
Pattern 138 likelihood is underflown
Pattern 139 likelihood is underflown
Pattern 140 likelihood is underflown
Pattern 141 likelihood is underflown
Pattern 143 likelihood is underflown
Pattern 145 likelihood is underflown
Pattern 148 likelihood is underflown
Pattern 150 likelihood is underflown
Pattern 151 likelihood is underflown
Pattern 153 likelihood is underflown
Pattern 155 likelihood is underflown
Pattern 158 likelihood is underflown
Pattern 172 likelihood is underflown
Pattern 173 likelihood is underflown
Pattern 177 likelihood is underflown
Pattern 178 likelihood is underflown
Pattern 179 likelihood is underflown
Pattern 182 likelihood is underflown
Pattern 183 likelihood is underflown
Pattern 184 likelihood is underflown
Pattern 188 likelihood is underflown
Pattern 189 likelihood is underflown
Pattern 193 likelihood is underflown
Pattern 199 likelihood is underflown
Pattern 201 likelihood is underflown
Pattern 204 likelihood is underflown
Pattern 206 likelihood is underflown
Pattern 210 likelihood is underflown
Pattern 211 likelihood is underflown
Pattern 213 likelihood is underflown
Pattern 215 likelihood is underflown
Pattern 219 likelihood is underflown
Pattern 220 likelihood is underflown
Pattern 221 likelihood is underflown
Pattern 222 likelihood is underflown
Pattern 225 likelihood is underflown
Pattern 226 likelihood is underflown
Pattern 227 likelihood is underflown
Pattern 228 likelihood is underflown
Pattern 230 likelihood is underflown
Pattern 237 likelihood is underflown
Pattern 238 likelihood is underflown
Pattern 239 likelihood is underflown
Pattern 242 likelihood is underflown
Pattern 246 likelihood is underflown
Pattern 248 likelihood is underflown
Pattern 249 likelihood is underflown
Pattern 252 likelihood is underflown
Pattern 255 likelihood is underflown
Pattern 256 likelihood is underflown
Pattern 260 likelihood is underflown
Pattern 261 likelihood is underflown
Pattern 263 likelihood is underflown
Pattern 264 likelihood is underflown
Pattern 267 likelihood is underflown
Pattern 269 likelihood is underflown
Pattern 274 likelihood is underflown
Pattern 275 likelihood is underflown
Pattern 278 likelihood is underflown
Pattern 281 likelihood is underflown
Pattern 283 likelihood is underflown
Pattern 286 likelihood is underflown
Pattern 287 likelihood is underflown
Pattern 288 likelihood is underflown
Pattern 293 likelihood is underflown
Pattern 299 likelihood is underflown
Pattern 300 likelihood is underflown
Pattern 302 likelihood is underflown
Pattern 303 likelihood is underflown
Pattern 307 likelihood is underflown
Pattern 308 likelihood is underflown
Pattern 312 likelihood is underflown
Pattern 313 likelihood is underflown
Pattern 314 likelihood is underflown
Pattern 318 likelihood is underflown
Pattern 320 likelihood is underflown
Pattern 322 likelihood is underflown
Pattern 323 likelihood is underflown
Pattern 326 likelihood is underflown
Pattern 328 likelihood is underflown
WARNING: Numerical underflow for lh-branch, use `-safe` option to avoid this warning
Pattern 4 likelihood is underflown
Pattern 6 likelihood is underflown
Pattern 8 likelihood is underflown
Pattern 10 likelihood is underflown
Pattern 12 likelihood is underflown
Pattern 13 likelihood is underflown
Pattern 15 likelihood is underflown
Pattern 22 likelihood is underflown
Pattern 25 likelihood is underflown
Pattern 29 likelihood is underflown
Pattern 30 likelihood is underflown
Pattern 34 likelihood is underflown
Pattern 36 likelihood is underflown
Pattern 42 likelihood is underflown
Pattern 46 likelihood is underflown
Pattern 47 likelihood is underflown
Pattern 48 likelihood is underflown
Pattern 49 likelihood is underflown
Pattern 50 likelihood is underflown
Pattern 56 likelihood is underflown
Pattern 57 likelihood is underflown
Pattern 59 likelihood is underflown
Pattern 60 likelihood is underflown
Pattern 61 likelihood is underflown
Pattern 63 likelihood is underflown
Pattern 66 likelihood is underflown
Pattern 68 likelihood is underflown
Pattern 69 likelihood is underflown
Pattern 71 likelihood is underflown
Pattern 74 likelihood is underflown
Pattern 76 likelihood is underflown
Pattern 77 likelihood is underflown
Pattern 81 likelihood is underflown
Pattern 82 likelihood is underflown
Pattern 83 likelihood is underflown
Pattern 85 likelihood is underflown
Pattern 86 likelihood is underflown
Pattern 87 likelihood is underflown
Pattern 92 likelihood is underflown
Pattern 95 likelihood is underflown
Pattern 97 likelihood is underflown
Pattern 99 likelihood is underflown
Pattern 107 likelihood is underflown
Pattern 110 likelihood is underflown
Pattern 111 likelihood is underflown
Pattern 113 likelihood is underflown
Pattern 115 likelihood is underflown
Pattern 116 likelihood is underflown
Pattern 121 likelihood is underflown
Pattern 122 likelihood is underflown
Pattern 123 likelihood is underflown
Pattern 124 likelihood is underflown
Pattern 129 likelihood is underflown
Pattern 134 likelihood is underflown
Pattern 137 likelihood is underflown
Pattern 138 likelihood is underflown
Pattern 139 likelihood is underflown
Pattern 140 likelihood is underflown
Pattern 141 likelihood is underflown
Pattern 143 likelihood is underflown
Pattern 145 likelihood is underflown
Pattern 148 likelihood is underflown
Pattern 150 likelihood is underflown
Pattern 151 likelihood is underflown
Pattern 153 likelihood is underflown
Pattern 155 likelihood is underflown
Pattern 158 likelihood is underflown
Pattern 172 likelihood is underflown
Pattern 173 likelihood is underflown
Pattern 177 likelihood is underflown
Pattern 178 likelihood is underflown
Pattern 179 likelihood is underflown
Pattern 182 likelihood is underflown
Pattern 183 likelihood is underflown
Pattern 184 likelihood is underflown
Pattern 188 likelihood is underflown
Pattern 189 likelihood is underflown
Pattern 193 likelihood is underflown
Pattern 199 likelihood is underflown
Pattern 201 likelihood is underflown
Pattern 204 likelihood is underflown
Pattern 206 likelihood is underflown
Pattern 210 likelihood is underflown
Pattern 211 likelihood is underflown
Pattern 213 likelihood is underflown
Pattern 215 likelihood is underflown
Pattern 219 likelihood is underflown
Pattern 220 likelihood is underflown
Pattern 221 likelihood is underflown
Pattern 222 likelihood is underflown
Pattern 225 likelihood is underflown
Pattern 226 likelihood is underflown
Pattern 227 likelihood is underflown
Pattern 228 likelihood is underflown
Pattern 230 likelihood is underflown
Pattern 237 likelihood is underflown
Pattern 238 likelihood is underflown
Pattern 239 likelihood is underflown
Pattern 242 likelihood is underflown
Pattern 246 likelihood is underflown
Pattern 248 likelihood is underflown
Pattern 249 likelihood is underflown
Pattern 252 likelihood is underflown
Pattern 255 likelihood is underflown
Pattern 256 likelihood is underflown
Pattern 260 likelihood is underflown
Pattern 261 likelihood is underflown
Pattern 263 likelihood is underflown
Pattern 264 likelihood is underflown
Pattern 267 likelihood is underflown
Pattern 269 likelihood is underflown
Pattern 274 likelihood is underflown
Pattern 275 likelihood is underflown
Pattern 278 likelihood is underflown
Pattern 281 likelihood is underflown
Pattern 283 likelihood is underflown
Pattern 286 likelihood is underflown
Pattern 287 likelihood is underflown
Pattern 288 likelihood is underflown
Pattern 293 likelihood is underflown
Pattern 299 likelihood is underflown
Pattern 300 likelihood is underflown
Pattern 302 likelihood is underflown
Pattern 303 likelihood is underflown
Pattern 307 likelihood is underflown
Pattern 308 likelihood is underflown
Pattern 312 likelihood is underflown
Pattern 313 likelihood is underflown
Pattern 314 likelihood is underflown
Pattern 318 likelihood is underflown
Pattern 320 likelihood is underflown
Pattern 322 likelihood is underflown
Pattern 323 likelihood is underflown
Pattern 326 likelihood is underflown
Pattern 328 likelihood is underflown
WARNING: Numerical underflow for lh-branch, use `-safe` option to avoid this warning
Pattern 4 likelihood is underflown
Pattern 6 likelihood is underflown
Pattern 8 likelihood is underflown
Pattern 10 likelihood is underflown
Pattern 12 likelihood is underflown
Pattern 13 likelihood is underflown
Pattern 15 likelihood is underflown
Pattern 22 likelihood is underflown
Pattern 25 likelihood is underflown
Pattern 29 likelihood is underflown
Pattern 30 likelihood is underflown
Pattern 34 likelihood is underflown
Pattern 36 likelihood is underflown
Pattern 42 likelihood is underflown
Pattern 46 likelihood is underflown
Pattern 47 likelihood is underflown
Pattern 48 likelihood is underflown
Pattern 49 likelihood is underflown
Pattern 50 likelihood is underflown
Pattern 56 likelihood is underflown
Pattern 57 likelihood is underflown
Pattern 59 likelihood is underflown
Pattern 60 likelihood is underflown
Pattern 61 likelihood is underflown
Pattern 63 likelihood is underflown
Pattern 66 likelihood is underflown
Pattern 68 likelihood is underflown
Pattern 69 likelihood is underflown
Pattern 71 likelihood is underflown
Pattern 74 likelihood is underflown
Pattern 76 likelihood is underflown
Pattern 77 likelihood is underflown
Pattern 81 likelihood is underflown
Pattern 82 likelihood is underflown
Pattern 83 likelihood is underflown
Pattern 85 likelihood is underflown
Pattern 86 likelihood is underflown
Pattern 87 likelihood is underflown
Pattern 92 likelihood is underflown
Pattern 95 likelihood is underflown
Pattern 97 likelihood is underflown
Pattern 99 likelihood is underflown
Pattern 107 likelihood is underflown
Pattern 110 likelihood is underflown
Pattern 111 likelihood is underflown
Pattern 113 likelihood is underflown
Pattern 115 likelihood is underflown
Pattern 116 likelihood is underflown
Pattern 121 likelihood is underflown
Pattern 122 likelihood is underflown
Pattern 123 likelihood is underflown
Pattern 124 likelihood is underflown
Pattern 129 likelihood is underflown
Pattern 134 likelihood is underflown
Pattern 137 likelihood is underflown
Pattern 138 likelihood is underflown
Pattern 139 likelihood is underflown
Pattern 140 likelihood is underflown
Pattern 141 likelihood is underflown
Pattern 143 likelihood is underflown
Pattern 145 likelihood is underflown
Pattern 148 likelihood is underflown
Pattern 150 likelihood is underflown
Pattern 151 likelihood is underflown
Pattern 153 likelihood is underflown
Pattern 155 likelihood is underflown
Pattern 158 likelihood is underflown
Pattern 172 likelihood is underflown
Pattern 173 likelihood is underflown
Pattern 177 likelihood is underflown
Pattern 178 likelihood is underflown
Pattern 179 likelihood is underflown
Pattern 182 likelihood is underflown
Pattern 183 likelihood is underflown
Pattern 184 likelihood is underflown
Pattern 188 likelihood is underflown
Pattern 189 likelihood is underflown
Pattern 193 likelihood is underflown
Pattern 199 likelihood is underflown
Pattern 201 likelihood is underflown
Pattern 204 likelihood is underflown
Pattern 206 likelihood is underflown
Pattern 210 likelihood is underflown
Pattern 211 likelihood is underflown
Pattern 213 likelihood is underflown
Pattern 215 likelihood is underflown
Pattern 219 likelihood is underflown
Pattern 220 likelihood is underflown
Pattern 221 likelihood is underflown
Pattern 222 likelihood is underflown
Pattern 225 likelihood is underflown
Pattern 226 likelihood is underflown
Pattern 227 likelihood is underflown
Pattern 228 likelihood is underflown
Pattern 230 likelihood is underflown
Pattern 237 likelihood is underflown
Pattern 238 likelihood is underflown
Pattern 239 likelihood is underflown
Pattern 242 likelihood is underflown
Pattern 246 likelihood is underflown
Pattern 248 likelihood is underflown
Pattern 249 likelihood is underflown
Pattern 252 likelihood is underflown
Pattern 255 likelihood is underflown
Pattern 256 likelihood is underflown
Pattern 260 likelihood is underflown
Pattern 261 likelihood is underflown
Pattern 263 likelihood is underflown
Pattern 264 likelihood is underflown
Pattern 267 likelihood is underflown
Pattern 269 likelihood is underflown
Pattern 274 likelihood is underflown
Pattern 275 likelihood is underflown
Pattern 278 likelihood is underflown
Pattern 281 likelihood is underflown
Pattern 283 likelihood is underflown
Pattern 286 likelihood is underflown
Pattern 287 likelihood is underflown
Pattern 288 likelihood is underflown
Pattern 293 likelihood is underflown
Pattern 299 likelihood is underflown
Pattern 300 likelihood is underflown
Pattern 302 likelihood is underflown
Pattern 303 likelihood is underflown
Pattern 307 likelihood is underflown
Pattern 308 likelihood is underflown
Pattern 312 likelihood is underflown
Pattern 313 likelihood is underflown
Pattern 314 likelihood is underflown
Pattern 318 likelihood is underflown
Pattern 320 likelihood is underflown
Pattern 322 likelihood is underflown
Pattern 323 likelihood is underflown
Pattern 326 likelihood is underflown
Pattern 328 likelihood is underflown
WARNING: Numerical underflow for lh-branch, use `-safe` option to avoid this warning
Pattern 4 likelihood is underflown
Pattern 6 likelihood is underflown
Pattern 8 likelihood is underflown
Pattern 10 likelihood is underflown
Pattern 12 likelihood is underflown
Pattern 13 likelihood is underflown
Pattern 15 likelihood is underflown
Pattern 22 likelihood is underflown
Pattern 25 likelihood is underflown
Pattern 29 likelihood is underflown
Pattern 30 likelihood is underflown
Pattern 34 likelihood is underflown
Pattern 36 likelihood is underflown
Pattern 42 likelihood is underflown
Pattern 46 likelihood is underflown
Pattern 47 likelihood is underflown
Pattern 48 likelihood is underflown
Pattern 49 likelihood is underflown
Pattern 50 likelihood is underflown
Pattern 56 likelihood is underflown
Pattern 57 likelihood is underflown
Pattern 59 likelihood is underflown
Pattern 60 likelihood is underflown
Pattern 61 likelihood is underflown
Pattern 63 likelihood is underflown
Pattern 66 likelihood is underflown
Pattern 68 likelihood is underflown
Pattern 69 likelihood is underflown
Pattern 71 likelihood is underflown
Pattern 74 likelihood is underflown
Pattern 76 likelihood is underflown
Pattern 77 likelihood is underflown
Pattern 81 likelihood is underflown
Pattern 82 likelihood is underflown
Pattern 83 likelihood is underflown
Pattern 85 likelihood is underflown
Pattern 86 likelihood is underflown
Pattern 87 likelihood is underflown
Pattern 92 likelihood is underflown
Pattern 95 likelihood is underflown
Pattern 97 likelihood is underflown
Pattern 99 likelihood is underflown
Pattern 107 likelihood is underflown
Pattern 110 likelihood is underflown
Pattern 111 likelihood is underflown
Pattern 113 likelihood is underflown
Pattern 115 likelihood is underflown
Pattern 116 likelihood is underflown
Pattern 121 likelihood is underflown
Pattern 122 likelihood is underflown
Pattern 123 likelihood is underflown
Pattern 124 likelihood is underflown
Pattern 129 likelihood is underflown
Pattern 134 likelihood is underflown
Pattern 137 likelihood is underflown
Pattern 138 likelihood is underflown
Pattern 139 likelihood is underflown
Pattern 140 likelihood is underflown
Pattern 141 likelihood is underflown
Pattern 143 likelihood is underflown
Pattern 145 likelihood is underflown
Pattern 148 likelihood is underflown
Pattern 150 likelihood is underflown
Pattern 151 likelihood is underflown
Pattern 153 likelihood is underflown
Pattern 155 likelihood is underflown
Pattern 158 likelihood is underflown
Pattern 172 likelihood is underflown
Pattern 173 likelihood is underflown
Pattern 177 likelihood is underflown
Pattern 178 likelihood is underflown
Pattern 179 likelihood is underflown
Pattern 182 likelihood is underflown
Pattern 183 likelihood is underflown
Pattern 184 likelihood is underflown
Pattern 188 likelihood is underflown
Pattern 189 likelihood is underflown
Pattern 193 likelihood is underflown
Pattern 199 likelihood is underflown
Pattern 201 likelihood is underflown
Pattern 204 likelihood is underflown
Pattern 206 likelihood is underflown
Pattern 210 likelihood is underflown
Pattern 211 likelihood is underflown
Pattern 213 likelihood is underflown
Pattern 215 likelihood is underflown
Pattern 219 likelihood is underflown
Pattern 220 likelihood is underflown
Pattern 221 likelihood is underflown
Pattern 222 likelihood is underflown
Pattern 225 likelihood is underflown
Pattern 226 likelihood is underflown
Pattern 227 likelihood is underflown
Pattern 228 likelihood is underflown
Pattern 230 likelihood is underflown
Pattern 237 likelihood is underflown
Pattern 238 likelihood is underflown
Pattern 239 likelihood is underflown
Pattern 242 likelihood is underflown
Pattern 246 likelihood is underflown
Pattern 248 likelihood is underflown
Pattern 249 likelihood is underflown
Pattern 252 likelihood is underflown
Pattern 255 likelihood is underflown
Pattern 256 likelihood is underflown
Pattern 260 likelihood is underflown
Pattern 261 likelihood is underflown
Pattern 263 likelihood is underflown
Pattern 264 likelihood is underflown
Pattern 267 likelihood is underflown
Pattern 269 likelihood is underflown
Pattern 274 likelihood is underflown
Pattern 275 likelihood is underflown
Pattern 278 likelihood is underflown
Pattern 281 likelihood is underflown
Pattern 283 likelihood is underflown
Pattern 286 likelihood is underflown
Pattern 287 likelihood is underflown
Pattern 288 likelihood is underflown
Pattern 293 likelihood is underflown
Pattern 299 likelihood is underflown
Pattern 300 likelihood is underflown
Pattern 302 likelihood is underflown
Pattern 303 likelihood is underflown
Pattern 307 likelihood is underflown
Pattern 308 likelihood is underflown
Pattern 312 likelihood is underflown
Pattern 313 likelihood is underflown
Pattern 314 likelihood is underflown
Pattern 318 likelihood is underflown
Pattern 320 likelihood is underflown
Pattern 322 likelihood is underflown
Pattern 323 likelihood is underflown
Pattern 326 likelihood is underflown
Pattern 328 likelihood is underflown
WARNING: Numerical underflow for lh-branch, use `-safe` option to avoid this warning
Pattern 4 likelihood is underflown
Pattern 6 likelihood is underflown
Pattern 8 likelihood is underflown
Pattern 10 likelihood is underflown
Pattern 12 likelihood is underflown
Pattern 13 likelihood is underflown
Pattern 15 likelihood is underflown
Pattern 22 likelihood is underflown
Pattern 25 likelihood is underflown
Pattern 29 likelihood is underflown
Pattern 30 likelihood is underflown
Pattern 34 likelihood is underflown
Pattern 36 likelihood is underflown
Pattern 42 likelihood is underflown
Pattern 46 likelihood is underflown
Pattern 47 likelihood is underflown
Pattern 48 likelihood is underflown
Pattern 49 likelihood is underflown
Pattern 50 likelihood is underflown
Pattern 56 likelihood is underflown
Pattern 57 likelihood is underflown
Pattern 59 likelihood is underflown
Pattern 60 likelihood is underflown
Pattern 61 likelihood is underflown
Pattern 63 likelihood is underflown
Pattern 66 likelihood is underflown
Pattern 68 likelihood is underflown
Pattern 69 likelihood is underflown
Pattern 71 likelihood is underflown
Pattern 74 likelihood is underflown
Pattern 76 likelihood is underflown
Pattern 77 likelihood is underflown
Pattern 81 likelihood is underflown
Pattern 82 likelihood is underflown
Pattern 83 likelihood is underflown
Pattern 85 likelihood is underflown
Pattern 86 likelihood is underflown
Pattern 87 likelihood is underflown
Pattern 92 likelihood is underflown
Pattern 95 likelihood is underflown
Pattern 97 likelihood is underflown
Pattern 99 likelihood is underflown
Pattern 107 likelihood is underflown
Pattern 110 likelihood is underflown
Pattern 111 likelihood is underflown
Pattern 113 likelihood is underflown
Pattern 115 likelihood is underflown
Pattern 116 likelihood is underflown
Pattern 121 likelihood is underflown
Pattern 122 likelihood is underflown
Pattern 123 likelihood is underflown
Pattern 124 likelihood is underflown
Pattern 129 likelihood is underflown
Pattern 134 likelihood is underflown
Pattern 137 likelihood is underflown
Pattern 138 likelihood is underflown
Pattern 139 likelihood is underflown
Pattern 140 likelihood is underflown
Pattern 141 likelihood is underflown
Pattern 143 likelihood is underflown
Pattern 145 likelihood is underflown
Pattern 148 likelihood is underflown
Pattern 150 likelihood is underflown
Pattern 151 likelihood is underflown
Pattern 153 likelihood is underflown
Pattern 155 likelihood is underflown
Pattern 158 likelihood is underflown
Pattern 172 likelihood is underflown
Pattern 173 likelihood is underflown
Pattern 177 likelihood is underflown
Pattern 178 likelihood is underflown
Pattern 179 likelihood is underflown
Pattern 182 likelihood is underflown
Pattern 183 likelihood is underflown
Pattern 184 likelihood is underflown
Pattern 188 likelihood is underflown
Pattern 189 likelihood is underflown
Pattern 193 likelihood is underflown
Pattern 199 likelihood is underflown
Pattern 201 likelihood is underflown
Pattern 204 likelihood is underflown
Pattern 206 likelihood is underflown
Pattern 210 likelihood is underflown
Pattern 211 likelihood is underflown
Pattern 213 likelihood is underflown
Pattern 215 likelihood is underflown
Pattern 219 likelihood is underflown
Pattern 220 likelihood is underflown
Pattern 221 likelihood is underflown
Pattern 222 likelihood is underflown
Pattern 225 likelihood is underflown
Pattern 226 likelihood is underflown
Pattern 227 likelihood is underflown
Pattern 228 likelihood is underflown
Pattern 230 likelihood is underflown
Pattern 237 likelihood is underflown
Pattern 238 likelihood is underflown
Pattern 239 likelihood is underflown
Pattern 242 likelihood is underflown
Pattern 246 likelihood is underflown
Pattern 248 likelihood is underflown
Pattern 249 likelihood is underflown
Pattern 252 likelihood is underflown
Pattern 255 likelihood is underflown
Pattern 256 likelihood is underflown
Pattern 260 likelihood is underflown
Pattern 261 likelihood is underflown
Pattern 263 likelihood is underflown
Pattern 264 likelihood is underflown
Pattern 267 likelihood is underflown
Pattern 269 likelihood is underflown
Pattern 274 likelihood is underflown
Pattern 275 likelihood is underflown
Pattern 278 likelihood is underflown
Pattern 281 likelihood is underflown
Pattern 283 likelihood is underflown
Pattern 286 likelihood is underflown
Pattern 287 likelihood is underflown
Pattern 288 likelihood is underflown
Pattern 293 likelihood is underflown
Pattern 299 likelihood is underflown
Pattern 300 likelihood is underflown
Pattern 302 likelihood is underflown
Pattern 303 likelihood is underflown
Pattern 307 likelihood is underflown
Pattern 308 likelihood is underflown
Pattern 312 likelihood is underflown
Pattern 313 likelihood is underflown
Pattern 314 likelihood is underflown
Pattern 318 likelihood is underflown
Pattern 320 likelihood is underflown
Pattern 322 likelihood is underflown
Pattern 323 likelihood is underflown
Pattern 326 likelihood is underflown
Pattern 328 likelihood is underflown
WARNING: Numerical underflow for lh-branch, use `-safe` option to avoid this warning
Pattern 4 likelihood is underflown
Pattern 6 likelihood is underflown
Pattern 8 likelihood is underflown
Pattern 10 likelihood is underflown
Pattern 12 likelihood is underflown
Pattern 13 likelihood is underflown
Pattern 15 likelihood is underflown
Pattern 22 likelihood is underflown
Pattern 25 likelihood is underflown
Pattern 29 likelihood is underflown
Pattern 30 likelihood is underflown
Pattern 34 likelihood is underflown
Pattern 36 likelihood is underflown
Pattern 42 likelihood is underflown
Pattern 46 likelihood is underflown
Pattern 47 likelihood is underflown
Pattern 48 likelihood is underflown
Pattern 49 likelihood is underflown
Pattern 50 likelihood is underflown
Pattern 56 likelihood is underflown
Pattern 57 likelihood is underflown
Pattern 59 likelihood is underflown
Pattern 60 likelihood is underflown
Pattern 61 likelihood is underflown
Pattern 63 likelihood is underflown
Pattern 66 likelihood is underflown
Pattern 68 likelihood is underflown
Pattern 69 likelihood is underflown
Pattern 71 likelihood is underflown
Pattern 74 likelihood is underflown
Pattern 76 likelihood is underflown
Pattern 77 likelihood is underflown
Pattern 81 likelihood is underflown
Pattern 82 likelihood is underflown
Pattern 83 likelihood is underflown
Pattern 85 likelihood is underflown
Pattern 86 likelihood is underflown
Pattern 87 likelihood is underflown
Pattern 92 likelihood is underflown
Pattern 95 likelihood is underflown
Pattern 97 likelihood is underflown
Pattern 99 likelihood is underflown
Pattern 107 likelihood is underflown
Pattern 110 likelihood is underflown
Pattern 111 likelihood is underflown
Pattern 113 likelihood is underflown
Pattern 115 likelihood is underflown
Pattern 116 likelihood is underflown
Pattern 121 likelihood is underflown
Pattern 122 likelihood is underflown
Pattern 123 likelihood is underflown
Pattern 124 likelihood is underflown
Pattern 129 likelihood is underflown
Pattern 134 likelihood is underflown
Pattern 137 likelihood is underflown
Pattern 138 likelihood is underflown
Pattern 139 likelihood is underflown
Pattern 140 likelihood is underflown
Pattern 141 likelihood is underflown
Pattern 143 likelihood is underflown
Pattern 145 likelihood is underflown
Pattern 148 likelihood is underflown
Pattern 150 likelihood is underflown
Pattern 151 likelihood is underflown
Pattern 153 likelihood is underflown
Pattern 155 likelihood is underflown
Pattern 158 likelihood is underflown
Pattern 172 likelihood is underflown
Pattern 173 likelihood is underflown
Pattern 177 likelihood is underflown
Pattern 178 likelihood is underflown
Pattern 179 likelihood is underflown
Pattern 182 likelihood is underflown
Pattern 183 likelihood is underflown
Pattern 184 likelihood is underflown
Pattern 188 likelihood is underflown
Pattern 189 likelihood is underflown
Pattern 193 likelihood is underflown
Pattern 199 likelihood is underflown
Pattern 201 likelihood is underflown
Pattern 204 likelihood is underflown
Pattern 206 likelihood is underflown
Pattern 210 likelihood is underflown
Pattern 211 likelihood is underflown
Pattern 213 likelihood is underflown
Pattern 215 likelihood is underflown
Pattern 219 likelihood is underflown
Pattern 220 likelihood is underflown
Pattern 221 likelihood is underflown
Pattern 222 likelihood is underflown
Pattern 225 likelihood is underflown
Pattern 226 likelihood is underflown
Pattern 227 likelihood is underflown
Pattern 228 likelihood is underflown
Pattern 230 likelihood is underflown
Pattern 237 likelihood is underflown
Pattern 238 likelihood is underflown
Pattern 239 likelihood is underflown
Pattern 242 likelihood is underflown
Pattern 246 likelihood is underflown
Pattern 248 likelihood is underflown
Pattern 249 likelihood is underflown
Pattern 252 likelihood is underflown
Pattern 255 likelihood is underflown
Pattern 256 likelihood is underflown
Pattern 260 likelihood is underflown
Pattern 261 likelihood is underflown
Pattern 263 likelihood is underflown
Pattern 264 likelihood is underflown
Pattern 267 likelihood is underflown
Pattern 269 likelihood is underflown
Pattern 274 likelihood is underflown
Pattern 275 likelihood is underflown
Pattern 278 likelihood is underflown
Pattern 281 likelihood is underflown
Pattern 283 likelihood is underflown
Pattern 286 likelihood is underflown
Pattern 287 likelihood is underflown
Pattern 288 likelihood is underflown
Pattern 293 likelihood is underflown
Pattern 299 likelihood is underflown
Pattern 300 likelihood is underflown
Pattern 302 likelihood is underflown
Pattern 303 likelihood is underflown
Pattern 307 likelihood is underflown
Pattern 308 likelihood is underflown
Pattern 312 likelihood is underflown
Pattern 313 likelihood is underflown
Pattern 314 likelihood is underflown
Pattern 318 likelihood is underflown
Pattern 320 likelihood is underflown
Pattern 322 likelihood is underflown
Pattern 323 likelihood is underflown
Pattern 326 likelihood is underflown
Pattern 328 likelihood is underflown
WARNING: Numerical underflow for lh-branch, use `-safe` option to avoid this warning
Pattern 4 likelihood is underflown
Pattern 6 likelihood is underflown
Pattern 8 likelihood is underflown
Pattern 10 likelihood is underflown
Pattern 12 likelihood is underflown
Pattern 13 likelihood is underflown
Pattern 15 likelihood is underflown
Pattern 22 likelihood is underflown
Pattern 25 likelihood is underflown
Pattern 29 likelihood is underflown
Pattern 30 likelihood is underflown
Pattern 34 likelihood is underflown
Pattern 36 likelihood is underflown
Pattern 42 likelihood is underflown
Pattern 46 likelihood is underflown
Pattern 47 likelihood is underflown
Pattern 48 likelihood is underflown
Pattern 49 likelihood is underflown
Pattern 50 likelihood is underflown
Pattern 56 likelihood is underflown
Pattern 57 likelihood is underflown
Pattern 59 likelihood is underflown
Pattern 60 likelihood is underflown
Pattern 61 likelihood is underflown
Pattern 63 likelihood is underflown
Pattern 66 likelihood is underflown
Pattern 68 likelihood is underflown
Pattern 69 likelihood is underflown
Pattern 71 likelihood is underflown
Pattern 74 likelihood is underflown
Pattern 76 likelihood is underflown
Pattern 77 likelihood is underflown
Pattern 81 likelihood is underflown
Pattern 82 likelihood is underflown
Pattern 83 likelihood is underflown
Pattern 85 likelihood is underflown
Pattern 86 likelihood is underflown
Pattern 87 likelihood is underflown
Pattern 92 likelihood is underflown
Pattern 95 likelihood is underflown
Pattern 97 likelihood is underflown
Pattern 99 likelihood is underflown
Pattern 107 likelihood is underflown
Pattern 110 likelihood is underflown
Pattern 111 likelihood is underflown
Pattern 113 likelihood is underflown
Pattern 115 likelihood is underflown
Pattern 116 likelihood is underflown
Pattern 121 likelihood is underflown
Pattern 122 likelihood is underflown
Pattern 123 likelihood is underflown
Pattern 124 likelihood is underflown
Pattern 129 likelihood is underflown
Pattern 134 likelihood is underflown
Pattern 137 likelihood is underflown
Pattern 138 likelihood is underflown
Pattern 139 likelihood is underflown
Pattern 140 likelihood is underflown
Pattern 141 likelihood is underflown
Pattern 143 likelihood is underflown
Pattern 145 likelihood is underflown
Pattern 148 likelihood is underflown
Pattern 150 likelihood is underflown
Pattern 151 likelihood is underflown
Pattern 153 likelihood is underflown
Pattern 155 likelihood is underflown
Pattern 158 likelihood is underflown
Pattern 172 likelihood is underflown
Pattern 173 likelihood is underflown
Pattern 177 likelihood is underflown
Pattern 178 likelihood is underflown
Pattern 179 likelihood is underflown
Pattern 182 likelihood is underflown
Pattern 183 likelihood is underflown
Pattern 184 likelihood is underflown
Pattern 188 likelihood is underflown
Pattern 189 likelihood is underflown
Pattern 193 likelihood is underflown
Pattern 199 likelihood is underflown
Pattern 201 likelihood is underflown
Pattern 204 likelihood is underflown
Pattern 206 likelihood is underflown
Pattern 210 likelihood is underflown
Pattern 211 likelihood is underflown
Pattern 213 likelihood is underflown
Pattern 215 likelihood is underflown
Pattern 219 likelihood is underflown
Pattern 220 likelihood is underflown
Pattern 221 likelihood is underflown
Pattern 222 likelihood is underflown
Pattern 225 likelihood is underflown
Pattern 226 likelihood is underflown
Pattern 227 likelihood is underflown
Pattern 228 likelihood is underflown
Pattern 230 likelihood is underflown
Pattern 237 likelihood is underflown
Pattern 238 likelihood is underflown
Pattern 239 likelihood is underflown
Pattern 242 likelihood is underflown
Pattern 246 likelihood is underflown
Pattern 248 likelihood is underflown
Pattern 249 likelihood is underflown
Pattern 252 likelihood is underflown
Pattern 255 likelihood is underflown
Pattern 256 likelihood is underflown
Pattern 260 likelihood is underflown
Pattern 261 likelihood is underflown
Pattern 263 likelihood is underflown
Pattern 264 likelihood is underflown
Pattern 267 likelihood is underflown
Pattern 269 likelihood is underflown
Pattern 274 likelihood is underflown
Pattern 275 likelihood is underflown
Pattern 278 likelihood is underflown
Pattern 281 likelihood is underflown
Pattern 283 likelihood is underflown
Pattern 286 likelihood is underflown
Pattern 287 likelihood is underflown
Pattern 288 likelihood is underflown
Pattern 293 likelihood is underflown
Pattern 299 likelihood is underflown
Pattern 300 likelihood is underflown
Pattern 302 likelihood is underflown
Pattern 303 likelihood is underflown
Pattern 307 likelihood is underflown
Pattern 308 likelihood is underflown
Pattern 312 likelihood is underflown
Pattern 313 likelihood is underflown
Pattern 314 likelihood is underflown
Pattern 318 likelihood is underflown
Pattern 320 likelihood is underflown
Pattern 322 likelihood is underflown
Pattern 323 likelihood is underflown
Pattern 326 likelihood is underflown
Pattern 328 likelihood is underflown
477  JC+I+R3       8324.236     62  16772.473    16775.724    17132.714
Akaike Information Criterion:           TIM+F+R3
Corrected Akaike Information Criterion: TIM+F+R3
Bayesian Information Criterion:         TN+F+R3
Best-fit model: TN+F+R3 chosen according to BIC

All model information printed to /scratch/project_2004342/everything/paml_clean/FINAL_refseq_ftp_pipeline/12_species_tree_final/iqtree/FGFR1.model.gz
CPU time for ModelFinder: 9.180 seconds (0h:0m:9s)
Wall-clock time for ModelFinder: 2.331 seconds (0h:0m:2s)
Generating 1000 samples for ultrafast bootstrap (seed: 830999)...

NOTE: 2 MB RAM (0 GB) is required!
WARNING: Number of threads seems too high for short alignments. Use -T AUTO to determine best number of threads.
Estimate model parameters (epsilon = 0.100)
1. Initial log-likelihood: -8301.374
2. Current log-likelihood: -8025.749
WARNING: Numerical underflow for lh-branch, use `-safe` option to avoid this warning
Pattern 22 likelihood is underflown
Pattern 65 likelihood is underflown
Pattern 146 likelihood is underflown
Pattern 299 likelihood is underflown
Pattern 308 likelihood is underflown
WARNING: Numerical underflow for lh-branch, use `-safe` option to avoid this warning
Pattern 22 likelihood is underflown
Pattern 65 likelihood is underflown
Pattern 146 likelihood is underflown
Pattern 299 likelihood is underflown
Pattern 308 likelihood is underflown
WARNING: Numerical underflow for lh-branch, use `-safe` option to avoid this warning
Pattern 22 likelihood is underflown
Pattern 65 likelihood is underflown
Pattern 146 likelihood is underflown
Pattern 299 likelihood is underflown
Pattern 308 likelihood is underflown
WARNING: Numerical underflow for lh-branch, use `-safe` option to avoid this warning
Pattern 22 likelihood is underflown
Pattern 65 likelihood is underflown
Pattern 146 likelihood is underflown
Pattern 299 likelihood is underflown
Pattern 308 likelihood is underflown
WARNING: Numerical underflow for lh-branch, use `-safe` option to avoid this warning
Pattern 22 likelihood is underflown
Pattern 65 likelihood is underflown
Pattern 146 likelihood is underflown
Pattern 299 likelihood is underflown
Pattern 308 likelihood is underflown
WARNING: Numerical underflow for lh-branch, use `-safe` option to avoid this warning
Pattern 22 likelihood is underflown
Pattern 65 likelihood is underflown
Pattern 146 likelihood is underflown
Pattern 299 likelihood is underflown
Pattern 308 likelihood is underflown
WARNING: Numerical underflow for lh-branch, use `-safe` option to avoid this warning
Pattern 22 likelihood is underflown
Pattern 65 likelihood is underflown
Pattern 146 likelihood is underflown
Pattern 299 likelihood is underflown
Pattern 308 likelihood is underflown
WARNING: Numerical underflow for lh-branch, use `-safe` option to avoid this warning
Pattern 22 likelihood is underflown
Pattern 65 likelihood is underflown
Pattern 146 likelihood is underflown
Pattern 299 likelihood is underflown
Pattern 308 likelihood is underflown
WARNING: Numerical underflow for lh-branch, use `-safe` option to avoid this warning
Pattern 22 likelihood is underflown
Pattern 65 likelihood is underflown
Pattern 146 likelihood is underflown
Pattern 299 likelihood is underflown
Pattern 308 likelihood is underflown
3. Current log-likelihood: -8022.088
4. Current log-likelihood: -8020.298
5. Current log-likelihood: -8018.687
6. Current log-likelihood: -8017.178
7. Current log-likelihood: -8015.712
WARNING: Numerical underflow for lh-branch, use `-safe` option to avoid this warning
Pattern 101 likelihood is underflown
Pattern 146 likelihood is underflown
Pattern 283 likelihood is underflown
WARNING: Numerical underflow for lh-branch, use `-safe` option to avoid this warning
Pattern 146 likelihood is underflown
Pattern 283 likelihood is underflown
WARNING: Numerical underflow for lh-branch, use `-safe` option to avoid this warning
Pattern 101 likelihood is underflown
Pattern 146 likelihood is underflown
Pattern 283 likelihood is underflown
WARNING: Numerical underflow for lh-branch, use `-safe` option to avoid this warning
Pattern 101 likelihood is underflown
Pattern 146 likelihood is underflown
Pattern 283 likelihood is underflown
WARNING: Numerical underflow for lh-branch, use `-safe` option to avoid this warning
Pattern 146 likelihood is underflown
Pattern 283 likelihood is underflown
WARNING: Numerical underflow for lh-branch, use `-safe` option to avoid this warning
Pattern 101 likelihood is underflown
Pattern 146 likelihood is underflown
Pattern 283 likelihood is underflown
WARNING: Numerical underflow for lh-branch, use `-safe` option to avoid this warning
Pattern 101 likelihood is underflown
Pattern 146 likelihood is underflown
Pattern 283 likelihood is underflown
WARNING: Numerical underflow for lh-branch, use `-safe` option to avoid this warning
Pattern 146 likelihood is underflown
Pattern 283 likelihood is underflown
WARNING: Numerical underflow for lh-branch, use `-safe` option to avoid this warning
Pattern 101 likelihood is underflown
Pattern 146 likelihood is underflown
Pattern 283 likelihood is underflown
8. Current log-likelihood: -8014.254
9. Current log-likelihood: -8012.789
WARNING: Numerical underflow for lh-branch, use `-safe` option to avoid this warning
Pattern 287 likelihood is underflown
WARNING: Numerical underflow for lh-branch, use `-safe` option to avoid this warning
Pattern 287 likelihood is underflown
WARNING: Numerical underflow for lh-branch, use `-safe` option to avoid this warning
Pattern 287 likelihood is underflown
WARNING: Numerical underflow for lh-branch, use `-safe` option to avoid this warning
Pattern 287 likelihood is underflown
WARNING: Numerical underflow for lh-branch, use `-safe` option to avoid this warning
Pattern 287 likelihood is underflown
WARNING: Numerical underflow for lh-branch, use `-safe` option to avoid this warning
Pattern 287 likelihood is underflown
WARNING: Numerical underflow for lh-branch, use `-safe` option to avoid this warning
Pattern 287 likelihood is underflown
WARNING: Numerical underflow for lh-branch, use `-safe` option to avoid this warning
Pattern 287 likelihood is underflown
WARNING: Numerical underflow for lh-branch, use `-safe` option to avoid this warning
Pattern 287 likelihood is underflown
10. Current log-likelihood: -8011.308
WARNING: Numerical underflow for lh-branch, use `-safe` option to avoid this warning
Pattern 101 likelihood is underflown
Pattern 146 likelihood is underflown
Pattern 180 likelihood is underflown
Pattern 191 likelihood is underflown
Pattern 286 likelihood is underflown
WARNING: Numerical underflow for lh-branch, use `-safe` option to avoid this warning
Pattern 101 likelihood is underflown
Pattern 191 likelihood is underflown
Pattern 286 likelihood is underflown
Pattern 288 likelihood is underflown
WARNING: Numerical underflow for lh-branch, use `-safe` option to avoid this warning
Pattern 101 likelihood is underflown
Pattern 146 likelihood is underflown
Pattern 180 likelihood is underflown
Pattern 191 likelihood is underflown
Pattern 286 likelihood is underflown
WARNING: Numerical underflow for lh-branch, use `-safe` option to avoid this warning
Pattern 101 likelihood is underflown
Pattern 146 likelihood is underflown
Pattern 180 likelihood is underflown
Pattern 191 likelihood is underflown
Pattern 286 likelihood is underflown
WARNING: Numerical underflow for lh-branch, use `-safe` option to avoid this warning
Pattern 101 likelihood is underflown
Pattern 191 likelihood is underflown
Pattern 286 likelihood is underflown
Pattern 288 likelihood is underflown
WARNING: Numerical underflow for lh-branch, use `-safe` option to avoid this warning
Pattern 101 likelihood is underflown
Pattern 146 likelihood is underflown
Pattern 180 likelihood is underflown
Pattern 191 likelihood is underflown
Pattern 286 likelihood is underflown
WARNING: Numerical underflow for lh-branch, use `-safe` option to avoid this warning
Pattern 101 likelihood is underflown
Pattern 146 likelihood is underflown
Pattern 180 likelihood is underflown
Pattern 191 likelihood is underflown
Pattern 286 likelihood is underflown
WARNING: Numerical underflow for lh-branch, use `-safe` option to avoid this warning
Pattern 101 likelihood is underflown
Pattern 191 likelihood is underflown
Pattern 286 likelihood is underflown
Pattern 288 likelihood is underflown
WARNING: Numerical underflow for lh-branch, use `-safe` option to avoid this warning
Pattern 101 likelihood is underflown
Pattern 146 likelihood is underflown
Pattern 180 likelihood is underflown
Pattern 191 likelihood is underflown
Pattern 286 likelihood is underflown
11. Current log-likelihood: -8009.808
WARNING: Numerical underflow for lh-branch, use `-safe` option to avoid this warning
Pattern 146 likelihood is underflown
Pattern 265 likelihood is underflown
WARNING: Numerical underflow for lh-branch, use `-safe` option to avoid this warning
Pattern 146 likelihood is underflown
Pattern 265 likelihood is underflown
WARNING: Numerical underflow for lh-branch, use `-safe` option to avoid this warning
Pattern 146 likelihood is underflown
Pattern 265 likelihood is underflown
WARNING: Numerical underflow for lh-branch, use `-safe` option to avoid this warning
Pattern 146 likelihood is underflown
Pattern 265 likelihood is underflown
WARNING: Numerical underflow for lh-branch, use `-safe` option to avoid this warning
Pattern 146 likelihood is underflown
Pattern 265 likelihood is underflown
WARNING: Numerical underflow for lh-branch, use `-safe` option to avoid this warning
Pattern 146 likelihood is underflown
Pattern 265 likelihood is underflown
WARNING: Numerical underflow for lh-branch, use `-safe` option to avoid this warning
Pattern 146 likelihood is underflown
Pattern 265 likelihood is underflown
WARNING: Numerical underflow for lh-branch, use `-safe` option to avoid this warning
Pattern 146 likelihood is underflown
Pattern 265 likelihood is underflown
WARNING: Numerical underflow for lh-branch, use `-safe` option to avoid this warning
Pattern 146 likelihood is underflown
Pattern 265 likelihood is underflown
12. Current log-likelihood: -8008.288
13. Current log-likelihood: -8006.747
WARNING: Numerical underflow for lh-branch, use `-safe` option to avoid this warning
Pattern 265 likelihood is underflown
Pattern 283 likelihood is underflown
WARNING: Numerical underflow for lh-branch, use `-safe` option to avoid this warning
Pattern 265 likelihood is underflown
Pattern 283 likelihood is underflown
WARNING: Numerical underflow for lh-branch, use `-safe` option to avoid this warning
Pattern 265 likelihood is underflown
Pattern 283 likelihood is underflown
WARNING: Numerical underflow for lh-branch, use `-safe` option to avoid this warning
Pattern 265 likelihood is underflown
Pattern 283 likelihood is underflown
WARNING: Numerical underflow for lh-branch, use `-safe` option to avoid this warning
Pattern 265 likelihood is underflown
Pattern 283 likelihood is underflown
WARNING: Numerical underflow for lh-branch, use `-safe` option to avoid this warning
Pattern 265 likelihood is underflown
Pattern 283 likelihood is underflown
WARNING: Numerical underflow for lh-branch, use `-safe` option to avoid this warning
Pattern 265 likelihood is underflown
Pattern 283 likelihood is underflown
WARNING: Numerical underflow for lh-branch, use `-safe` option to avoid this warning
Pattern 265 likelihood is underflown
Pattern 283 likelihood is underflown
WARNING: Numerical underflow for lh-branch, use `-safe` option to avoid this warning
Pattern 265 likelihood is underflown
Pattern 283 likelihood is underflown
14. Current log-likelihood: -8005.184
15. Current log-likelihood: -8003.600
16. Current log-likelihood: -8001.993
WARNING: Numerical underflow for lh-branch, use `-safe` option to avoid this warning
Pattern 211 likelihood is underflown
WARNING: Numerical underflow for lh-branch, use `-safe` option to avoid this warning
Pattern 211 likelihood is underflown
Pattern 287 likelihood is underflown
WARNING: Numerical underflow for lh-branch, use `-safe` option to avoid this warning
Pattern 211 likelihood is underflown
WARNING: Numerical underflow for lh-branch, use `-safe` option to avoid this warning
Pattern 211 likelihood is underflown
WARNING: Numerical underflow for lh-branch, use `-safe` option to avoid this warning
Pattern 211 likelihood is underflown
Pattern 287 likelihood is underflown
WARNING: Numerical underflow for lh-branch, use `-safe` option to avoid this warning
Pattern 211 likelihood is underflown
WARNING: Numerical underflow for lh-branch, use `-safe` option to avoid this warning
Pattern 211 likelihood is underflown
WARNING: Numerical underflow for lh-branch, use `-safe` option to avoid this warning
Pattern 211 likelihood is underflown
Pattern 287 likelihood is underflown
WARNING: Numerical underflow for lh-branch, use `-safe` option to avoid this warning
Pattern 211 likelihood is underflown
17. Current log-likelihood: -8000.362
18. Current log-likelihood: -7998.709
19. Current log-likelihood: -7997.031
20. Current log-likelihood: -7995.329
21. Current log-likelihood: -7993.603
WARNING: Numerical underflow for lh-branch, use `-safe` option to avoid this warning
Pattern 36 likelihood is underflown
WARNING: Numerical underflow for lh-branch, use `-safe` option to avoid this warning
Pattern 36 likelihood is underflown
WARNING: Numerical underflow for lh-branch, use `-safe` option to avoid this warning
Pattern 36 likelihood is underflown
WARNING: Numerical underflow for lh-branch, use `-safe` option to avoid this warning
Pattern 36 likelihood is underflown
WARNING: Numerical underflow for lh-branch, use `-safe` option to avoid this warning
Pattern 36 likelihood is underflown
WARNING: Numerical underflow for lh-branch, use `-safe` option to avoid this warning
Pattern 36 likelihood is underflown
22. Current log-likelihood: -7991.851
WARNING: Numerical underflow for lh-branch, use `-safe` option to avoid this warning
Pattern 150 likelihood is underflown
Pattern 177 likelihood is underflown
Pattern 321 likelihood is underflown
WARNING: Numerical underflow for lh-branch, use `-safe` option to avoid this warning
Pattern 59 likelihood is underflown
Pattern 150 likelihood is underflown
Pattern 211 likelihood is underflown
WARNING: Numerical underflow for lh-branch, use `-safe` option to avoid this warning
Pattern 150 likelihood is underflown
Pattern 177 likelihood is underflown
Pattern 321 likelihood is underflown
WARNING: Numerical underflow for lh-branch, use `-safe` option to avoid this warning
Pattern 150 likelihood is underflown
Pattern 177 likelihood is underflown
Pattern 321 likelihood is underflown
WARNING: Numerical underflow for lh-branch, use `-safe` option to avoid this warning
Pattern 59 likelihood is underflown
Pattern 150 likelihood is underflown
Pattern 211 likelihood is underflown
WARNING: Numerical underflow for lh-branch, use `-safe` option to avoid this warning
Pattern 150 likelihood is underflown
Pattern 177 likelihood is underflown
Pattern 321 likelihood is underflown
WARNING: Numerical underflow for lh-branch, use `-safe` option to avoid this warning
Pattern 150 likelihood is underflown
Pattern 177 likelihood is underflown
Pattern 321 likelihood is underflown
WARNING: Numerical underflow for lh-branch, use `-safe` option to avoid this warning
Pattern 59 likelihood is underflown
Pattern 150 likelihood is underflown
Pattern 211 likelihood is underflown
WARNING: Numerical underflow for lh-branch, use `-safe` option to avoid this warning
Pattern 150 likelihood is underflown
Pattern 177 likelihood is underflown
Pattern 321 likelihood is underflown
23. Current log-likelihood: -7990.073
24. Current log-likelihood: -7988.270
25. Current log-likelihood: -7986.441
WARNING: Numerical underflow for lh-branch, use `-safe` option to avoid this warning
Pattern 245 likelihood is underflown
WARNING: Numerical underflow for lh-branch, use `-safe` option to avoid this warning
Pattern 245 likelihood is underflown
WARNING: Numerical underflow for lh-branch, use `-safe` option to avoid this warning
Pattern 245 likelihood is underflown
WARNING: Numerical underflow for lh-branch, use `-safe` option to avoid this warning
Pattern 245 likelihood is underflown
WARNING: Numerical underflow for lh-branch, use `-safe` option to avoid this warning
Pattern 245 likelihood is underflown
WARNING: Numerical underflow for lh-branch, use `-safe` option to avoid this warning
Pattern 245 likelihood is underflown
WARNING: Numerical underflow for lh-branch, use `-safe` option to avoid this warning
Pattern 245 likelihood is underflown
WARNING: Numerical underflow for lh-branch, use `-safe` option to avoid this warning
Pattern 245 likelihood is underflown
WARNING: Numerical underflow for lh-branch, use `-safe` option to avoid this warning
Pattern 245 likelihood is underflown
26. Current log-likelihood: -7984.586
WARNING: Numerical underflow for lh-branch, use `-safe` option to avoid this warning
Pattern 287 likelihood is underflown
WARNING: Numerical underflow for lh-branch, use `-safe` option to avoid this warning
Pattern 287 likelihood is underflown
WARNING: Numerical underflow for lh-branch, use `-safe` option to avoid this warning
Pattern 287 likelihood is underflown
WARNING: Numerical underflow for lh-branch, use `-safe` option to avoid this warning
Pattern 287 likelihood is underflown
WARNING: Numerical underflow for lh-branch, use `-safe` option to avoid this warning
Pattern 287 likelihood is underflown
WARNING: Numerical underflow for lh-branch, use `-safe` option to avoid this warning
Pattern 287 likelihood is underflown
WARNING: Numerical underflow for lh-branch, use `-safe` option to avoid this warning
Pattern 287 likelihood is underflown
WARNING: Numerical underflow for lh-branch, use `-safe` option to avoid this warning
Pattern 287 likelihood is underflown
WARNING: Numerical underflow for lh-branch, use `-safe` option to avoid this warning
Pattern 287 likelihood is underflown
27. Current log-likelihood: -7982.705
WARNING: Numerical underflow for lh-branch, use `-safe` option to avoid this warning
Pattern 287 likelihood is underflown
WARNING: Numerical underflow for lh-branch, use `-safe` option to avoid this warning
Pattern 287 likelihood is underflown
WARNING: Numerical underflow for lh-branch, use `-safe` option to avoid this warning
Pattern 287 likelihood is underflown
WARNING: Numerical underflow for lh-branch, use `-safe` option to avoid this warning
Pattern 287 likelihood is underflown
WARNING: Numerical underflow for lh-branch, use `-safe` option to avoid this warning
Pattern 287 likelihood is underflown
WARNING: Numerical underflow for lh-branch, use `-safe` option to avoid this warning
Pattern 287 likelihood is underflown
WARNING: Numerical underflow for lh-branch, use `-safe` option to avoid this warning
Pattern 287 likelihood is underflown
WARNING: Numerical underflow for lh-branch, use `-safe` option to avoid this warning
Pattern 287 likelihood is underflown
WARNING: Numerical underflow for lh-branch, use `-safe` option to avoid this warning
Pattern 287 likelihood is underflown
28. Current log-likelihood: -7980.797
29. Current log-likelihood: -7978.864
30. Current log-likelihood: -7976.905
31. Current log-likelihood: -7974.921
32. Current log-likelihood: -7972.913
33. Current log-likelihood: -7970.883
34. Current log-likelihood: -7968.830
WARNING: Numerical underflow for lh-branch, use `-safe` option to avoid this warning
Pattern 16 likelihood is underflown
Pattern 45 likelihood is underflown
Pattern 75 likelihood is underflown
Pattern 96 likelihood is underflown
Pattern 146 likelihood is underflown
Pattern 163 likelihood is underflown
Pattern 166 likelihood is underflown
Pattern 262 likelihood is underflown
Pattern 265 likelihood is underflown
Pattern 291 likelihood is underflown
Pattern 324 likelihood is underflown
WARNING: Numerical underflow for lh-branch, use `-safe` option to avoid this warning
Pattern 16 likelihood is underflown
Pattern 45 likelihood is underflown
Pattern 75 likelihood is underflown
Pattern 96 likelihood is underflown
Pattern 146 likelihood is underflown
Pattern 163 likelihood is underflown
Pattern 166 likelihood is underflown
Pattern 262 likelihood is underflown
Pattern 265 likelihood is underflown
Pattern 291 likelihood is underflown
Pattern 324 likelihood is underflown
WARNING: Numerical underflow for lh-branch, use `-safe` option to avoid this warning
Pattern 16 likelihood is underflown
Pattern 45 likelihood is underflown
Pattern 75 likelihood is underflown
Pattern 96 likelihood is underflown
Pattern 146 likelihood is underflown
Pattern 163 likelihood is underflown
Pattern 166 likelihood is underflown
Pattern 262 likelihood is underflown
Pattern 265 likelihood is underflown
Pattern 291 likelihood is underflown
Pattern 324 likelihood is underflown
WARNING: Numerical underflow for lh-branch, use `-safe` option to avoid this warning
Pattern 16 likelihood is underflown
Pattern 45 likelihood is underflown
Pattern 75 likelihood is underflown
Pattern 96 likelihood is underflown
Pattern 146 likelihood is underflown
Pattern 163 likelihood is underflown
Pattern 166 likelihood is underflown
Pattern 262 likelihood is underflown
Pattern 265 likelihood is underflown
Pattern 291 likelihood is underflown
Pattern 324 likelihood is underflown
WARNING: Numerical underflow for lh-branch, use `-safe` option to avoid this warning
Pattern 16 likelihood is underflown
Pattern 45 likelihood is underflown
Pattern 75 likelihood is underflown
Pattern 96 likelihood is underflown
Pattern 146 likelihood is underflown
Pattern 163 likelihood is underflown
Pattern 166 likelihood is underflown
Pattern 262 likelihood is underflown
Pattern 265 likelihood is underflown
Pattern 291 likelihood is underflown
Pattern 324 likelihood is underflown
WARNING: Numerical underflow for lh-branch, use `-safe` option to avoid this warning
Pattern 16 likelihood is underflown
Pattern 45 likelihood is underflown
Pattern 75 likelihood is underflown
Pattern 96 likelihood is underflown
Pattern 146 likelihood is underflown
Pattern 163 likelihood is underflown
Pattern 166 likelihood is underflown
Pattern 262 likelihood is underflown
Pattern 265 likelihood is underflown
Pattern 291 likelihood is underflown
Pattern 324 likelihood is underflown
WARNING: Numerical underflow for lh-branch, use `-safe` option to avoid this warning
Pattern 16 likelihood is underflown
Pattern 45 likelihood is underflown
Pattern 75 likelihood is underflown
Pattern 96 likelihood is underflown
Pattern 146 likelihood is underflown
Pattern 163 likelihood is underflown
Pattern 166 likelihood is underflown
Pattern 262 likelihood is underflown
Pattern 265 likelihood is underflown
Pattern 291 likelihood is underflown
Pattern 324 likelihood is underflown
WARNING: Numerical underflow for lh-branch, use `-safe` option to avoid this warning
Pattern 16 likelihood is underflown
Pattern 45 likelihood is underflown
Pattern 75 likelihood is underflown
Pattern 96 likelihood is underflown
Pattern 146 likelihood is underflown
Pattern 163 likelihood is underflown
Pattern 166 likelihood is underflown
Pattern 262 likelihood is underflown
Pattern 265 likelihood is underflown
Pattern 291 likelihood is underflown
Pattern 324 likelihood is underflown
WARNING: Numerical underflow for lh-branch, use `-safe` option to avoid this warning
Pattern 16 likelihood is underflown
Pattern 45 likelihood is underflown
Pattern 75 likelihood is underflown
Pattern 96 likelihood is underflown
Pattern 146 likelihood is underflown
Pattern 163 likelihood is underflown
Pattern 166 likelihood is underflown
Pattern 262 likelihood is underflown
Pattern 265 likelihood is underflown
Pattern 291 likelihood is underflown
Pattern 324 likelihood is underflown
35. Current log-likelihood: -7937.519
36. Current log-likelihood: -7855.208
37. Current log-likelihood: -7853.481
Optimal log-likelihood: -7853.392
Rate parameters:  A-C: 1.00000  A-G: 7.21316  A-T: 1.00000  C-G: 1.00000  C-T: 15.67123  G-T: 1.00000
Base frequencies:  A: 0.230  C: 0.288  G: 0.280  T: 0.202
Site proportion and rates:  (0.749,0.000) (0.234,2.929) (0.017,18.970)
Parameters optimization took 37 rounds (0.430 sec)
Wrote distance file to... 
Computing ML distances based on estimated model parameters...
Calculating distance matrix: done in 0.00126874 secs using 604.3% CPU
Computing ML distances took 0.001345 sec (of wall-clock time) 0.007747 sec (of CPU time)
Setting up auxiliary I and S matrices: done in 6.19759e-05 secs using 125.9% CPU
Computing RapidNJ tree took 0.000295 sec (of wall-clock time) 0.001139 sec (of CPU time)
Log-likelihood of RapidNJ tree: -7865.194
--------------------------------------------------------------------
|             INITIALIZING CANDIDATE TREE SET                      |
--------------------------------------------------------------------
Generating 98 parsimony trees... 0.200 second
Computing log-likelihood of 98 initial trees ... 0.188 seconds
Current best score: -7853.392

Do NNI search on 20 best initial trees
Estimate model parameters (epsilon = 0.100)
BETTER TREE FOUND at iteration 1: -7853.098
Iteration 10 / LogL: -7853.101 / Time: 0h:0m:3s
Iteration 20 / LogL: -7853.104 / Time: 0h:0m:3s
Finish initializing candidate tree set (2)
Current best tree score: -7853.098 / CPU time: 0.822
Number of iterations: 20
--------------------------------------------------------------------
|               OPTIMIZING CANDIDATE TREE SET                      |
--------------------------------------------------------------------
Iteration 30 / LogL: -7853.113 / Time: 0h:0m:3s (0h:0m:4s left)
Iteration 40 / LogL: -7853.172 / Time: 0h:0m:4s (0h:0m:3s left)
Iteration 50 / LogL: -7855.073 / Time: 0h:0m:4s (0h:0m:2s left)
Log-likelihood cutoff on original alignment: -7881.577
Iteration 60 / LogL: -7853.366 / Time: 0h:0m:5s (0h:0m:2s left)
Iteration 70 / LogL: -7853.102 / Time: 0h:0m:5s (0h:0m:1s left)
Iteration 80 / LogL: -7853.099 / Time: 0h:0m:6s (0h:0m:1s left)
Iteration 90 / LogL: -7853.099 / Time: 0h:0m:6s (0h:0m:0s left)
Iteration 100 / LogL: -7853.187 / Time: 0h:0m:6s (0h:0m:0s left)
Log-likelihood cutoff on original alignment: -7881.577
NOTE: Bootstrap correlation coefficient of split occurrence frequencies: 1.000
TREE SEARCH COMPLETED AFTER 102 ITERATIONS / Time: 0h:0m:7s

--------------------------------------------------------------------
|                    FINALIZING TREE SEARCH                        |
--------------------------------------------------------------------
Performs final model parameters optimization
Estimate model parameters (epsilon = 0.010)
1. Initial log-likelihood: -7853.098
WARNING: Numerical underflow for lh-branch, use `-safe` option to avoid this warning
Pattern 324 likelihood is underflown
WARNING: Numerical underflow for lh-branch, use `-safe` option to avoid this warning
Pattern 283 likelihood is underflown
WARNING: Numerical underflow for lh-branch, use `-safe` option to avoid this warning
Pattern 324 likelihood is underflown
WARNING: Numerical underflow for lh-branch, use `-safe` option to avoid this warning
Pattern 324 likelihood is underflown
WARNING: Numerical underflow for lh-branch, use `-safe` option to avoid this warning
Pattern 283 likelihood is underflown
WARNING: Numerical underflow for lh-branch, use `-safe` option to avoid this warning
Pattern 324 likelihood is underflown
WARNING: Numerical underflow for lh-branch, use `-safe` option to avoid this warning
Pattern 324 likelihood is underflown
WARNING: Numerical underflow for lh-branch, use `-safe` option to avoid this warning
Pattern 283 likelihood is underflown
WARNING: Numerical underflow for lh-branch, use `-safe` option to avoid this warning
Pattern 324 likelihood is underflown
Optimal log-likelihood: -7853.096
Rate parameters:  A-C: 1.00000  A-G: 7.20927  A-T: 1.00000  C-G: 1.00000  C-T: 15.43123  G-T: 1.00000
Base frequencies:  A: 0.230  C: 0.288  G: 0.280  T: 0.202
Site proportion and rates:  (0.750,0.000) (0.233,2.935) (0.017,18.793)
Parameters optimization took 1 rounds (0.018 sec)
BEST SCORE FOUND : -7853.096

Testing tree branches by SH-like aLRT with 1000 replicates...
0.347 sec.
Creating bootstrap support values...
Split supports printed to NEXUS file /scratch/project_2004342/everything/paml_clean/FINAL_refseq_ftp_pipeline/12_species_tree_final/iqtree/FGFR1.splits.nex
Total tree length: 0.372

Total number of iterations: 102
CPU time used for tree search: 15.516 sec (0h:0m:15s)
Wall-clock time used for tree search: 4.224 sec (0h:0m:4s)
Total CPU time used: 28.069 sec (0h:0m:28s)
Total wall-clock time used: 7.496 sec (0h:0m:7s)

Computing bootstrap consensus tree...
Reading input file /scratch/project_2004342/everything/paml_clean/FINAL_refseq_ftp_pipeline/12_species_tree_final/iqtree/FGFR1.splits.nex...
30 taxa and 119 splits.
Consensus tree written to /scratch/project_2004342/everything/paml_clean/FINAL_refseq_ftp_pipeline/12_species_tree_final/iqtree/FGFR1.contree
Reading input trees file /scratch/project_2004342/everything/paml_clean/FINAL_refseq_ftp_pipeline/12_species_tree_final/iqtree/FGFR1.contree
Log-likelihood of consensus tree: -7853.096

Analysis results written to: 
  IQ-TREE report:                /scratch/project_2004342/everything/paml_clean/FINAL_refseq_ftp_pipeline/12_species_tree_final/iqtree/FGFR1.iqtree
  Maximum-likelihood tree:       /scratch/project_2004342/everything/paml_clean/FINAL_refseq_ftp_pipeline/12_species_tree_final/iqtree/FGFR1.treefile
  Likelihood distances:          /scratch/project_2004342/everything/paml_clean/FINAL_refseq_ftp_pipeline/12_species_tree_final/iqtree/FGFR1.mldist

Ultrafast bootstrap approximation results written to:
  Split support values:          /scratch/project_2004342/everything/paml_clean/FINAL_refseq_ftp_pipeline/12_species_tree_final/iqtree/FGFR1.splits.nex
  Consensus tree:                /scratch/project_2004342/everything/paml_clean/FINAL_refseq_ftp_pipeline/12_species_tree_final/iqtree/FGFR1.contree
  Screen log file:               /scratch/project_2004342/everything/paml_clean/FINAL_refseq_ftp_pipeline/12_species_tree_final/iqtree/FGFR1.log

Date and Time: Fri Jul 24 01:37:22 2026
